worker_id,loss,skipped
0,2.4920663833618164,
0,2.4920663833618164,
0,2.4920663833618164,
0,2.4920663833618164,
0,2.4920666217803955,
0,2.4920666217803955,
0,2.4920666217803955,
0,2.4920663833618164,
0,2.4918179512023926,
0,2.4918055534362793,
0,2.491805076599121,
0,2.491805076599121,
0,2.491805076599121,
0,2.491805076599121,
0,2.4918053150177,
0,2.4918055534362793,
0,2.4918055534362793,
0,2.491513729095459,
0,2.491513729095459,
0,2.491513729095459,
0,2.491513729095459,
0,2.491513729095459,
0,2.491513729095459,
0,2.491513729095459,
0,2.491513729095459,
0,2.4909286499023438,
0,2.4909286499023438,
0,2.4909286499023438,
0,2.4909286499023438,
0,2.4909286499023438,
0,2.4909286499023438,
0,2.4909286499023438,
0,2.4909286499023438,
0,2.4899590015411377,
0,2.4899590015411377,
0,2.4899590015411377,
0,2.4899590015411377,
0,2.4899587631225586,
0,2.4899587631225586,
0,2.4899590015411377,
0,2.4899590015411377,
0,2.4886937141418457,
0,2.4886937141418457,
0,2.4886934757232666,
0,2.4886937141418457,
0,2.4886934757232666,
0,2.4886937141418457,
0,2.4886937141418457,
0,2.4886937141418457,
0,2.4872279167175293,
0,2.4872279167175293,
0,2.4872279167175293,
0,2.4872279167175293,
0,2.4872279167175293,
0,2.4872279167175293,
0,2.4872279167175293,
0,2.4872279167175293,
0,2.485788345336914,
0,2.485788345336914,
0,2.485788583755493,
0,2.485788345336914,
0,2.485788345336914,
0,2.485788345336914,
0,2.485788345336914,
0,2.485788345336914,
0,2.484102249145508,
0,2.484102249145508,
0,2.484102249145508,
0,2.484102249145508,
0,2.484102249145508,
0,2.484102249145508,
0,2.484102249145508,
0,2.4827818870544434,
0,2.4812755584716797,
0,2.4812755584716797,
0,2.4812755584716797,
0,2.481276035308838,
0,2.481276035308838,
0,2.4812755584716797,
0,2.481276035308838,
0,2.481276035308838,
0,2.478128433227539,
0,2.478128433227539,
0,2.478128433227539,
0,2.478128433227539,
0,2.478128433227539,
0,2.478128433227539,
0,2.478128433227539,
0,2.478128433227539,
0,2.474792957305908,
0,2.474792957305908,
0,2.474792957305908,
0,2.474792957305908,
0,2.474792957305908,
0,2.474792957305908,
0,2.474792957305908,
0,2.4728362560272217,
0,2.4712462425231934,
0,2.4712462425231934,
0,2.4712462425231934,
0,2.4712462425231934,
0,2.4712462425231934,
0,2.4712462425231934,
0,2.4712462425231934,
0,2.4712462425231934,
0,2.4679946899414062,
0,2.4679946899414062,
0,2.4679946899414062,
0,2.4679946899414062,
0,2.4679946899414062,
0,2.4679946899414062,
0,2.4679946899414062,
0,2.4662930965423584,
0,2.464536666870117,
0,2.464536666870117,
0,2.464536666870117,
0,2.464536666870117,
0,2.464536666870117,
0,2.464536666870117,
0,2.464536666870117,
0,2.4623067378997803,
0,2.4606895446777344,
0,2.4606895446777344,
0,2.4606895446777344,
0,2.4606895446777344,
0,2.4606895446777344,
0,2.4606895446777344,
0,2.4606895446777344,
0,2.4606895446777344,
0,2.4566280841827393,
0,2.45662784576416,
0,2.45662784576416,
0,2.4566280841827393,
0,2.45662784576416,
0,2.45662784576416,
0,2.45662784576416,
0,2.45662784576416,
0,2.453054666519165,
0,2.453054666519165,
0,2.453054666519165,
0,2.453054666519165,
0,2.453054666519165,
0,2.453054666519165,
0,2.453054666519165,
0,2.453054666519165,
0,2.4494776725769043,
0,2.4494779109954834,
0,2.4494779109954834,
0,2.4494779109954834,
0,2.4494779109954834,
0,2.4494779109954834,
0,2.4494776725769043,
0,2.4494779109954834,
0,2.4448366165161133,
0,2.4448366165161133,
0,2.4448370933532715,
0,2.4448366165161133,
0,2.4448370933532715,
0,2.4448370933532715,
0,2.4448370933532715,
0,2.4448370933532715,
0,2.4401445388793945,
0,2.4401445388793945,
0,2.4401445388793945,
0,2.4401445388793945,
0,2.4401445388793945,
0,2.4401445388793945,
0,2.4401447772979736,
0,2.4401450157165527,
0,2.435824155807495,
0,2.435824155807495,
0,2.435824155807495,
0,2.435824394226074,
0,2.435824394226074,
0,2.435824155807495,
0,2.435824155807495,
0,2.435824394226074,
0,2.431457996368408,
0,2.431457996368408,
0,2.431457996368408,
0,2.431457996368408,
0,2.431457996368408,
0,2.431457996368408,
0,2.431457996368408,
0,2.429818868637085,
0,2.3656094074249268,
0,2.365609645843506,
0,2.365609645843506,
0,2.3656094074249268,
0,2.365609645843506,
0,2.365609645843506,
0,2.365609645843506,
0,2.365609645843506,
0,2.3619484901428223,
0,2.3619484901428223,
0,2.3619484901428223,
0,2.3619484901428223,
0,2.3619484901428223,
0,2.3619484901428223,
0,2.3619484901428223,
0,2.3619484901428223,
0,2.3580617904663086,
0,2.3580617904663086,
0,2.3580617904663086,
0,2.3580617904663086,
0,2.3580620288848877,
0,2.3580617904663086,
0,2.3580617904663086,
0,2.3580617904663086,
0,2.3540844917297363,
0,2.3540844917297363,
0,2.3540844917297363,
0,2.3540844917297363,
0,2.3540844917297363,
0,2.3540844917297363,
0,2.3540844917297363,
0,2.3540844917297363,
0,2.3500351905822754,
0,2.3500351905822754,
0,2.3500351905822754,
0,2.3500351905822754,
0,2.3500351905822754,
0,2.3500351905822754,
0,2.3500351905822754,
0,2.3500351905822754,
0,2.3459951877593994,
0,2.3459951877593994,
0,2.3459949493408203,
0,2.3459951877593994,
0,2.3459951877593994,
0,2.3459951877593994,
0,2.3459951877593994,
0,2.3459949493408203,
0,2.3423025608062744,
0,2.3423027992248535,
0,2.3423025608062744,
0,2.3423027992248535,
0,2.3423025608062744,
0,2.3423025608062744,
0,2.3423025608062744,
0,2.339834451675415,
0,2.3381505012512207,
0,2.3381505012512207,
0,2.3381505012512207,
0,2.3381505012512207,
0,2.3381507396698,
0,2.3381505012512207,
0,2.3381505012512207,
0,2.3381505012512207,
0,2.3339362144470215,
0,2.3339362144470215,
0,2.3339362144470215,
0,2.3339362144470215,
0,2.3339362144470215,
0,2.3339362144470215,
0,2.3339362144470215,
0,2.3339362144470215,
0,2.436117172241211,
0,2.436117172241211,
0,2.436117172241211,
0,2.436117172241211,
0,2.436117172241211,
0,2.436117172241211,
0,2.436117172241211,
0,2.436117172241211,
0,2.432343006134033,
0,2.432343006134033,
0,2.432343006134033,
0,2.432343006134033,
0,2.432343006134033,
0,2.432343006134033,
0,2.432343006134033,
0,2.432343006134033,
0,2.42836856842041,
0,2.42836856842041,
0,2.42836856842041,
0,2.42836856842041,
0,2.42836856842041,
0,2.42836856842041,
0,2.42836856842041,
0,2.42836856842041,
0,2.424457311630249,
0,2.424457311630249,
0,2.424457311630249,
0,2.424457550048828,
0,2.424457550048828,
0,2.424457550048828,
0,2.424457550048828,
0,2.424457550048828,
0,2.420377731323242,
0,2.420377731323242,
0,2.420377731323242,
0,2.420377731323242,
0,2.420377731323242,
0,2.420377731323242,
0,2.420377731323242,
0,2.420377731323242,
0,2.41652250289917,
0,2.41652250289917,
0,2.41652250289917,
0,2.41652250289917,
0,2.41652250289917,
0,2.41652250289917,
0,2.41652250289917,
0,2.41652250289917,
0,2.412616014480591,
0,2.412616014480591,
0,2.4126157760620117,
0,2.41261625289917,
0,2.41261625289917,
0,2.41261625289917,
0,2.41261625289917,
0,2.41261625289917,
0,2.4080631732940674,
0,2.4080634117126465,
0,2.4080631732940674,
0,2.4080631732940674,
0,2.4080631732940674,
0,2.4080634117126465,
0,2.4080631732940674,
0,2.4080634117126465,
0,2.4040188789367676,
0,2.4040188789367676,
0,2.4040188789367676,
0,2.4040188789367676,
0,2.4040188789367676,
0,2.4040188789367676,
0,2.4040188789367676,
0,2.4040188789367676,
0,2.3996944427490234,
0,2.3996944427490234,
0,2.3996944427490234,
0,2.3996944427490234,
0,2.3996944427490234,
0,2.3996944427490234,
0,2.3996944427490234,
0,2.3996944427490234,
0,2.3954553604125977,
0,2.3954553604125977,
0,2.3954553604125977,
0,2.3954551219940186,
0,2.3954553604125977,
0,2.3954551219940186,
0,2.3954551219940186,
0,2.3954553604125977,
0,2.391228437423706,
0,2.391228437423706,
0,2.391228437423706,
0,2.391228437423706,
0,2.391228437423706,
0,2.391228437423706,
0,2.391228437423706,
0,2.391228437423706,
0,2.38676381111145,
0,2.38676381111145,
0,2.38676381111145,
0,2.38676381111145,
0,2.38676381111145,
0,2.38676381111145,
0,2.38676381111145,
0,2.38676381111145,
0,2.382230758666992,
0,2.382230758666992,
0,2.382230758666992,
0,2.382230758666992,
0,2.382230758666992,
0,2.382230758666992,
0,2.382230758666992,
0,2.382230758666992,
0,2.3783693313598633,
0,2.3783693313598633,
0,2.3783693313598633,
0,2.3783693313598633,
0,2.3783693313598633,
0,2.3783693313598633,
0,2.3783693313598633,
0,2.3783693313598633,
0,2.373744010925293,
0,2.373744010925293,
0,2.373744010925293,
0,2.373744010925293,
0,2.373744010925293,
0,2.373744010925293,
0,2.373744010925293,
0,2.373743772506714,
0,2.369536876678467,
0,2.369536876678467,
0,2.369536876678467,
0,2.369536876678467,
0,2.369536876678467,
0,2.369536876678467,
0,2.369536876678467,
0,2.369536876678467,
0,2.365532398223877,
0,2.365532398223877,
0,2.365532159805298,
0,2.365532398223877,
0,2.365532398223877,
0,2.365532398223877,
0,2.365532398223877,
0,2.365532398223877,
0,2.3610546588897705,
0,2.3610546588897705,
0,2.3610548973083496,
0,2.3610546588897705,
0,2.3610546588897705,
0,2.3610546588897705,
0,2.3610546588897705,
0,2.358901023864746,
0,2.3566651344299316,
0,2.3566648960113525,
0,2.3566648960113525,
0,2.3566648960113525,
0,2.3566648960113525,
0,2.3566653728485107,
0,2.3566651344299316,
0,2.3543567657470703,
0,2.3523337841033936,
0,2.3523337841033936,
0,2.3523337841033936,
0,2.3523335456848145,
0,2.3523335456848145,
0,2.3523335456848145,
0,2.3523337841033936,
0,2.35048770904541,
0,2.34846830368042,
0,2.34846830368042,
0,2.34846830368042,
0,2.34846830368042,
0,2.34846830368042,
0,2.34846830368042,
0,2.34846830368042,
0,2.34846830368042,
0,2.344076156616211,
0,2.344076156616211,
0,2.344076156616211,
0,2.344076156616211,
0,2.344076156616211,
0,2.344076156616211,
0,2.344076156616211,
0,2.34131121635437,
0,2.3393702507019043,
0,2.3393702507019043,
0,2.3393702507019043,
0,2.3393702507019043,
0,2.3393702507019043,
0,2.3393702507019043,
0,2.3393702507019043,
0,2.3372182846069336,
0,2.3350467681884766,
0,2.3350467681884766,
0,2.3350467681884766,
0,2.3350467681884766,
0,2.3350467681884766,
0,2.3350467681884766,
0,2.3350467681884766,
0,2.3328964710235596,
0,2.3307297229766846,
0,2.3307294845581055,
0,2.3307294845581055,
0,2.3307294845581055,
0,2.3307294845581055,
0,2.3307294845581055,
0,2.3307294845581055,
0,2.3307297229766846,
0,2.326744318008423,
0,2.326744318008423,
0,2.326744318008423,
0,2.326744318008423,
0,2.326744318008423,
0,2.326744318008423,
0,2.326744318008423,
0,2.3244457244873047,
0,2.3222508430480957,
0,2.3222508430480957,
0,2.3222508430480957,
0,2.3222506046295166,
0,2.3222506046295166,
0,2.3222506046295166,
0,2.3222508430480957,
0,2.320101022720337,
0,2.31796932220459,
0,2.31796932220459,
0,2.31796932220459,
0,2.31796932220459,
0,2.31796932220459,
0,2.31796932220459,
0,2.31796932220459,
0,2.315516948699951,
0,2.3134684562683105,
0,2.3134684562683105,
0,2.3134684562683105,
0,2.3134684562683105,
0,2.3134684562683105,
0,2.3134684562683105,
0,2.3134684562683105,
0,2.3134686946868896,
0,2.3092873096466064,
0,2.3092870712280273,
0,2.3092870712280273,
0,2.3092870712280273,
0,2.3092870712280273,
0,2.3092873096466064,
0,2.3092870712280273,
0,2.3092870712280273,
0,2.3051724433898926,
0,2.3051724433898926,
0,2.3051724433898926,
0,2.3051724433898926,
0,2.3051724433898926,
0,2.3051724433898926,
0,2.3051724433898926,
0,2.3051724433898926,
0,2.3005175590515137,
0,2.3005175590515137,
0,2.3005173206329346,
0,2.3005173206329346,
0,2.3005173206329346,
0,2.3005173206329346,
0,2.3005175590515137,
0,2.297179698944092,
0,2.2951467037200928,
0,2.2951467037200928,
0,2.2951467037200928,
0,2.2951467037200928,
0,2.2951467037200928,
0,2.2951467037200928,
0,2.2951467037200928,
0,2.2912092208862305,
0,2.288936138153076,
0,2.288936138153076,
0,2.288936138153076,
0,2.288935899734497,
0,2.288935899734497,
0,2.288935899734497,
0,2.288935899734497,
0,2.285154342651367,
0,2.2830305099487305,
0,2.2830305099487305,
0,2.2830305099487305,
0,2.2830305099487305,
0,2.2830305099487305,
0,2.2830305099487305,
0,2.2830305099487305,
0,2.2830305099487305,
0,2.2774064540863037,
0,2.2774064540863037,
0,2.2774064540863037,
0,2.2774064540863037,
0,2.2774064540863037,
0,2.2774064540863037,
0,2.2774064540863037,
0,2.2737843990325928,
0,2.2716622352600098,
0,2.2716622352600098,
0,2.2716622352600098,
0,2.2716622352600098,
0,2.2716622352600098,
0,2.2716622352600098,
0,2.2716622352600098,
0,2.267892837524414,
0,2.265902042388916,
0,2.265902042388916,
0,2.265902042388916,
0,2.265902042388916,
0,2.265902280807495,
0,2.265902280807495,
0,2.265902280807495,
0,2.265902042388916,
0,2.2598304748535156,
0,2.2598304748535156,
0,2.2598307132720947,
0,2.2598304748535156,
0,2.259830951690674,
0,2.2598307132720947,
0,2.259830951690674,
0,2.2598307132720947,
0,2.254316568374634,
0,2.254316806793213,
0,2.254316806793213,
0,2.254316568374634,
0,2.2543163299560547,
0,2.254316568374634,
0,2.254316806793213,
0,2.2505617141723633,
0,2.2483465671539307,
0,2.2483468055725098,
0,2.2483465671539307,
0,2.2483465671539307,
0,2.2483463287353516,
0,2.2483468055725098,
0,2.2483468055725098,
0,2.2442941665649414,
0,2.242144823074341,
0,2.2421445846557617,
0,2.2421445846557617,
0,2.2421445846557617,
0,2.2421445846557617,
0,2.2421445846557617,
0,2.2421445846557617,
0,2.2387001514434814,
0,2.2364888191223145,
0,2.2364888191223145,
0,2.2364888191223145,
0,2.2364888191223145,
0,2.2364888191223145,
0,2.2364888191223145,
0,2.2364888191223145,
0,2.2325992584228516,
0,2.230384349822998,
0,2.230384349822998,
0,2.230384349822998,
0,2.230384349822998,
0,2.230384349822998,
0,2.230384349822998,
0,2.230384349822998,
0,2.230384349822998,
0,2.2248263359069824,
0,2.2248263359069824,
0,2.2248260974884033,
0,2.2248260974884033,
0,2.2248263359069824,
0,2.2248263359069824,
0,2.2248260974884033,
0,2.2248263359069824,
0,2.2188761234283447,
0,2.218876361846924,
0,2.2188761234283447,
0,2.218876361846924,
0,2.218876361846924,
0,2.218876361846924,
0,2.2188761234283447,
0,2.218876361846924,
0,2.2144126892089844,
0,2.2144126892089844,
0,2.2144126892089844,
0,2.2144126892089844,
0,2.2144126892089844,
0,2.2144126892089844,
0,2.2144129276275635,
0,2.2144126892089844,
0,2.2100207805633545,
0,2.2100207805633545,
0,2.2100207805633545,
0,2.2100207805633545,
0,2.2100207805633545,
0,2.2100207805633545,
0,2.2100207805633545,
0,2.2100207805633545,
0,2.2053780555725098,
0,2.2053780555725098,
0,2.2053780555725098,
0,2.2053780555725098,
0,2.2053780555725098,
0,2.2053780555725098,
0,2.2053780555725098,
0,2.2053778171539307,
0,2.2015700340270996,
0,2.2015700340270996,
0,2.2015700340270996,
0,2.2015700340270996,
0,2.2015700340270996,
0,2.2015700340270996,
0,2.2015700340270996,
0,2.2015700340270996,
0,2.2116940021514893,
0,2.2116940021514893,
0,2.2116942405700684,
0,2.2116942405700684,
0,2.2116940021514893,
0,2.2116940021514893,
0,2.2116942405700684,
0,2.209280014038086,
0,2.2073006629943848,
0,2.207300901412964,
0,2.2073006629943848,
0,2.207300901412964,
0,2.207300901412964,
0,2.2073006629943848,
0,2.207300901412964,
0,2.2073006629943848,
0,2.2033183574676514,
0,2.2033183574676514,
0,2.2033181190490723,
0,2.2033183574676514,
0,2.2033183574676514,
0,2.2033183574676514,
0,2.2033181190490723,
0,2.2033183574676514,
0,2.199249029159546,
0,2.199248790740967,
0,2.199248790740967,
0,2.199249029159546,
0,2.199249029159546,
0,2.199249029159546,
0,2.199249029159546,
0,2.197286605834961,
0,2.1953296661376953,
0,2.1953296661376953,
0,2.1953296661376953,
0,2.1953296661376953,
0,2.1953296661376953,
0,2.195329427719116,
0,2.1953296661376953,
0,2.195329427719116,
0,2.191467046737671,
0,2.191467046737671,
0,2.19146728515625,
0,2.19146728515625,
0,2.191467046737671,
0,2.19146728515625,
0,2.19146728515625,
0,2.18947696685791,
0,2.187512159347534,
0,2.187512159347534,
0,2.187512159347534,
0,2.187512159347534,
0,2.187512159347534,
0,2.187512159347534,
0,2.187512159347534,
0,2.187512159347534,
0,2.1834168434143066,
0,2.1834168434143066,
0,2.1834168434143066,
0,2.1834168434143066,
0,2.1834168434143066,
0,2.1834168434143066,
0,2.1834168434143066,
0,2.1814370155334473,
0,2.1795616149902344,
0,2.1795616149902344,
0,2.1795616149902344,
0,2.1795616149902344,
0,2.1795616149902344,
0,2.1795616149902344,
0,2.1795616149902344,
0,2.177877426147461,
0,2.175922393798828,
0,2.175922393798828,
0,2.175922393798828,
0,2.175922393798828,
0,2.175922393798828,
0,2.175922393798828,
0,2.175922393798828,
0,2.175922393798828,
0,2.171684741973877,
0,2.171684741973877,
0,2.171684741973877,
0,2.171684741973877,
0,2.171684741973877,
0,2.171684741973877,
0,2.171684741973877,
0,2.169715404510498,
0,2.1679229736328125,
0,2.1679229736328125,
0,2.1679229736328125,
0,2.1679229736328125,
0,2.1679229736328125,
0,2.1679229736328125,
0,2.1679229736328125,
0,2.1679229736328125,
0,2.163919687271118,
0,2.163919687271118,
0,2.163919687271118,
0,2.163919687271118,
0,2.163919687271118,
0,2.163919687271118,
0,2.163919448852539,
0,2.1618075370788574,
0,2.159855842590332,
0,2.159855842590332,
0,2.159855842590332,
0,2.159855842590332,
0,2.159855842590332,
0,2.159855842590332,
0,2.159855842590332,
0,2.1579010486602783,
0,2.1559505462646484,
0,2.1559505462646484,
0,2.1559505462646484,
0,2.1559505462646484,
0,2.1559505462646484,
0,2.1559505462646484,
0,2.1559505462646484,
0,2.154280662536621,
0,2.1524055004119873,
0,2.1524055004119873,
0,2.1524055004119873,
0,2.1524055004119873,
0,2.1524055004119873,
0,2.1524055004119873,
0,2.1524055004119873,
0,2.1524055004119873,
0,2.1483664512634277,
0,2.1483664512634277,
0,2.1483664512634277,
0,2.1483664512634277,
0,2.1483664512634277,
0,2.1483664512634277,
0,2.1483664512634277,
0,2.1483664512634277,
0,2.1441802978515625,
0,2.1441805362701416,
0,2.1441802978515625,
0,2.1441802978515625,
0,2.1441802978515625,
0,2.1441802978515625,
0,2.1441802978515625,
0,2.1441802978515625,
0,2.140491485595703,
0,2.140491485595703,
0,2.140491485595703,
0,2.140491485595703,
0,2.140491247177124,
0,2.140491485595703,
0,2.140491485595703,
0,2.140491485595703,
0,2.1367502212524414,
0,2.1367504596710205,
0,2.1367504596710205,
0,2.1367502212524414,
0,2.1367502212524414,
0,2.1367502212524414,
0,2.1367502212524414,
0,2.1367502212524414,
0,2.1329634189605713,
0,2.1329634189605713,
0,2.132963180541992,
0,2.132963180541992,
0,2.132963180541992,
0,2.132963180541992,
0,2.132963180541992,
0,2.1295418739318848,
0,2.1275267601013184,
0,2.1275267601013184,
0,2.1275269985198975,
0,2.1275269985198975,
0,2.1275267601013184,
0,2.1275269985198975,
0,2.1275269985198975,
0,2.12382173538208,
0,2.1218948364257812,
0,2.1218950748443604,
0,2.1218948364257812,
0,2.1218950748443604,
0,2.1218950748443604,
0,2.1218950748443604,
0,2.1218950748443604,
0,2.1218950748443604,
0,2.1168508529663086,
0,2.116851329803467,
0,2.1168508529663086,
0,2.1168510913848877,
0,2.116851329803467,
0,2.1168508529663086,
0,2.116851329803467,
0,2.116851329803467,
0,2.1115171909332275,
0,2.1115171909332275,
0,2.1115171909332275,
0,2.1115171909332275,
0,2.1115171909332275,
0,2.1115169525146484,
0,2.1115171909332275,
0,2.1115171909332275,
0,2.1058127880096436,
0,2.1058127880096436,
0,2.1058127880096436,
0,2.1058127880096436,
0,2.1058127880096436,
0,2.1058127880096436,
0,2.1058130264282227,
0,2.1058127880096436,
0,2.100794553756714,
0,2.1007943153381348,
0,2.1007943153381348,
0,2.1007943153381348,
0,2.1007943153381348,
0,2.100794553756714,
0,2.1007943153381348,
0,2.1007943153381348,
0,2.09663987159729,
0,2.09663987159729,
0,2.09663987159729,
0,2.09663987159729,
0,2.09663987159729,
0,2.09663987159729,
0,2.09663987159729,
0,2.09663987159729,
0,2.0929970741271973,
0,2.092996835708618,
0,2.092996835708618,
0,2.092996835708618,
0,2.092996835708618,
0,2.092996835708618,
0,2.092996835708618,
0,2.092996835708618,
0,2.0891528129577637,
0,2.0891530513763428,
0,2.0891530513763428,
0,2.0891528129577637,
0,2.0891530513763428,
0,2.0891528129577637,
0,2.0891530513763428,
0,2.0891530513763428,
0,2.085327625274658,
0,2.085327625274658,
0,2.085327625274658,
0,2.085327625274658,
0,2.085327625274658,
0,2.085327625274658,
0,2.085327625274658,
0,2.085327625274658,
0,2.0817019939422607,
0,2.0817019939422607,
0,2.0817019939422607,
0,2.0817019939422607,
0,2.0817019939422607,
0,2.0817019939422607,
0,2.0817017555236816,
0,2.079468250274658,
0,2.0775763988494873,
0,2.0775763988494873,
0,2.0775763988494873,
0,2.077576160430908,
0,2.0775763988494873,
0,2.0775763988494873,
0,2.0775763988494873,
0,2.076050043106079,
0,2.074313163757324,
0,2.074313163757324,
0,2.074313163757324,
0,2.074313163757324,
0,2.074313163757324,
0,2.074313163757324,
0,2.074313163757324,
0,2.072502374649048,
0,2.070584297180176,
0,2.070584297180176,
0,2.070584297180176,
0,2.070584297180176,
0,2.070584297180176,
0,2.070584297180176,
0,2.070584297180176,
0,2.070584297180176,
0,2.066952705383301,
0,2.06695294380188,
0,2.06695294380188,
0,2.066952705383301,
0,2.066952705383301,
0,2.06695294380188,
0,2.06695294380188,
0,2.066952705383301,
0,2.0634210109710693,
0,2.0634210109710693,
0,2.0634210109710693,
0,2.0634210109710693,
0,2.0634210109710693,
0,2.0634210109710693,
0,2.0634210109710693,
0,2.061617612838745,
0,2.059744119644165,
0,2.059744119644165,
0,2.059744119644165,
0,2.059744119644165,
0,2.059744119644165,
0,2.059744119644165,
0,2.059744119644165,
0,2.059744119644165,
0,2.0559916496276855,
0,2.0559916496276855,
0,2.0559916496276855,
0,2.0559916496276855,
0,2.0559916496276855,
0,2.0559916496276855,
0,2.0559916496276855,
0,2.0540504455566406,
0,2.05218768119812,
0,2.052187919616699,
0,2.052187919616699,
0,2.052187919616699,
0,2.052187919616699,
0,2.052187919616699,
0,2.05218768119812,
0,2.050671339035034,
0,2.0489845275878906,
0,2.0489845275878906,
0,2.0489845275878906,
0,2.0489842891693115,
0,2.0489842891693115,
0,2.0489845275878906,
0,2.0489840507507324,
0,2.0489845275878906,
0,2.045532703399658,
0,2.045532703399658,
0,2.045532703399658,
0,2.045532703399658,
0,2.045532464981079,
0,2.045532703399658,
0,2.045532703399658,
0,2.0433201789855957,
0,2.0414745807647705,
0,2.0414745807647705,
0,2.0414745807647705,
0,2.0414743423461914,
0,2.0414745807647705,
0,2.0414745807647705,
0,2.0414745807647705,
0,2.0414745807647705,
0,2.038282632827759,
0,2.038282632827759,
0,2.0382823944091797,
0,2.038282632827759,
0,2.038282632827759,
0,2.0382823944091797,
0,2.0382823944091797,
0,2.0382823944091797,
0,2.0345797538757324,
0,2.0345797538757324,
0,2.0345797538757324,
0,2.0345797538757324,
0,2.0345797538757324,
0,2.0345797538757324,
0,2.0345797538757324,
0,2.0329315662384033,
0,2.0310826301574707,
0,2.0310826301574707,
0,2.0310826301574707,
0,2.0310823917388916,
0,2.0310826301574707,
0,2.0310823917388916,
0,2.0310823917388916,
0,2.029297113418579,
0,2.0274808406829834,
0,2.0274806022644043,
0,2.0274806022644043,
0,2.0274810791015625,
0,2.0274806022644043,
0,2.0274810791015625,
0,2.0274808406829834,
0,2.0255608558654785,
0,2.023869276046753,
0,2.023869276046753,
0,2.023869276046753,
0,2.023869276046753,
0,2.023869276046753,
0,2.023869276046753,
0,2.023869276046753,
0,2.023869276046753,
0,1.998042345046997,
0,1.998042345046997,
0,1.998042106628418,
0,1.998042106628418,
0,1.9980422258377075,
0,1.9980422258377075,
0,1.998042345046997,
0,1.998042345046997,
0,1.9944281578063965,
0,1.9944281578063965,
0,1.9944281578063965,
0,1.9944281578063965,
0,1.9944281578063965,
0,1.9944281578063965,
0,1.9944281578063965,
0,1.9929405450820923,
0,1.9911198616027832,
0,1.9911198616027832,
0,1.9911198616027832,
0,1.9911198616027832,
0,1.9911198616027832,
0,1.9911198616027832,
0,1.9911198616027832,
0,1.991119623184204,
0,1.9877643585205078,
0,1.9877642393112183,
0,1.9877643585205078,
0,1.9877643585205078,
0,1.9877641201019287,
0,1.9877642393112183,
0,1.9877643585205078,
0,1.985588550567627,
0,1.9837828874588013,
0,1.9837828874588013,
0,1.9837828874588013,
0,1.9837828874588013,
0,1.9837828874588013,
0,1.9837828874588013,
0,1.9837828874588013,
0,1.9837828874588013,
0,1.9805078506469727,
0,1.980507731437683,
0,1.980507731437683,
0,1.9805078506469727,
0,1.980507731437683,
0,1.980507731437683,
0,1.9805078506469727,
0,1.9805079698562622,
0,1.9767729043960571,
0,1.9767729043960571,
0,1.9767730236053467,
0,1.9767729043960571,
0,1.9767729043960571,
0,1.9767729043960571,
0,1.9767729043960571,
0,1.9751486778259277,
0,1.9733858108520508,
0,1.9733858108520508,
0,1.9733858108520508,
0,1.9733858108520508,
0,1.9733858108520508,
0,1.9733855724334717,
0,1.9733856916427612,
0,1.9718996286392212,
0,1.9701299667358398,
0,1.9701299667358398,
0,1.9701299667358398,
0,1.9701299667358398,
0,1.9701299667358398,
0,1.9701299667358398,
0,1.9701300859451294,
0,1.968374252319336,
0,1.966544270515442,
0,1.966544270515442,
0,1.966544270515442,
0,1.966544270515442,
0,1.966544270515442,
0,1.966544270515442,
0,1.966544270515442,
0,1.966544270515442,
0,1.96345853805542,
0,1.96345853805542,
0,1.96345853805542,
0,1.96345853805542,
0,1.96345853805542,
0,1.96345853805542,
0,1.96345853805542,
0,1.96345853805542,
0,1.9595611095428467,
0,1.9595611095428467,
0,1.9595611095428467,
0,1.9595611095428467,
0,1.9595611095428467,
0,1.9595611095428467,
0,1.9595613479614258,
0,1.9595613479614258,
0,1.9562551975250244,
0,1.9562551975250244,
0,1.9562551975250244,
0,1.9562551975250244,
0,1.9562551975250244,
0,1.9562551975250244,
0,1.9562551975250244,
0,1.9545111656188965,
0,1.9528591632843018,
0,1.9528594017028809,
0,1.9528594017028809,
0,1.9528594017028809,
0,1.9528594017028809,
0,1.9528594017028809,
0,1.9528591632843018,
0,1.9509828090667725,
0,1.9492579698562622,
0,1.9492579698562622,
0,1.9492578506469727,
0,1.949257731437683,
0,1.9492578506469727,
0,1.949257731437683,
0,1.9492576122283936,
0,1.947784423828125,
0,1.946084976196289,
0,1.9460852146148682,
0,1.946084976196289,
0,1.946084976196289,
0,1.946084976196289,
0,1.946084976196289,
0,1.946084976196289,
0,1.944215178489685,
0,1.9423906803131104,
0,1.9423906803131104,
0,1.9423904418945312,
0,1.9423904418945312,
0,1.9423904418945312,
0,1.9423904418945312,
0,1.9423906803131104,
0,1.9406554698944092,
0,1.939100742340088,
0,1.939100742340088,
0,1.9391006231307983,
0,1.9391006231307983,
0,1.939100742340088,
0,1.939100742340088,
0,1.939100742340088,
0,1.9376330375671387,
0,1.935964584350586,
0,1.9359644651412964,
0,1.935964584350586,
0,1.9359647035598755,
0,1.9359647035598755,
0,1.935964584350586,
0,1.935964584350586,
0,1.9359647035598755,
0,1.9323580265045166,
0,1.932357907295227,
0,1.9323580265045166,
0,1.9323580265045166,
0,1.9323580265045166,
0,1.932357907295227,
0,1.932357907295227,
0,1.9323580265045166,
0,1.9293770790100098,
0,1.9293770790100098,
0,1.9293770790100098,
0,1.9293770790100098,
0,1.9293770790100098,
0,1.9293770790100098,
0,1.9293770790100098,
0,1.9293770790100098,
0,1.9259779453277588,
0,1.9259779453277588,
0,1.9259779453277588,
0,1.9259779453277588,
0,1.9259779453277588,
0,1.925978183746338,
0,1.925978183746338,
0,1.9241259098052979,
0,1.922489881515503,
0,1.922489881515503,
0,1.922489881515503,
0,1.922489881515503,
0,1.922489881515503,
0,1.922489881515503,
0,1.922489881515503,
0,1.922489881515503,
0,1.9192872047424316,
0,1.919287085533142,
0,1.9192872047424316,
0,1.919287085533142,
0,1.9192872047424316,
0,1.9192872047424316,
0,1.9192872047424316,
0,1.919287085533142,
0,1.9161763191223145,
0,1.9161763191223145,
0,1.9161763191223145,
0,1.9161763191223145,
0,1.9161763191223145,
0,1.9161763191223145,
0,1.9161763191223145,
0,1.9161763191223145,
0,1.9128228425979614,
0,1.9128227233886719,
0,1.9128228425979614,
0,1.9128228425979614,
0,1.9128228425979614,
0,1.9128228425979614,
0,1.9128228425979614,
0,1.9128228425979614,
0,1.909547209739685,
0,1.909547209739685,
0,1.909547209739685,
0,1.909547209739685,
0,1.909547209739685,
0,1.909547209739685,
0,1.9095470905303955,
0,1.9082084894180298,
0,1.9067416191101074,
0,1.9067413806915283,
0,1.9067413806915283,
0,1.9067413806915283,
0,1.9067416191101074,
0,1.9067413806915283,
0,1.9067413806915283,
0,1.9067413806915283,
0,1.9036846160888672,
0,1.9036846160888672,
0,1.9036846160888672,
0,1.903684377670288,
0,1.9036846160888672,
0,1.9036846160888672,
0,1.9036846160888672,
0,1.9023401737213135,
0,1.9007142782211304,
0,1.9007142782211304,
0,1.9007141590118408,
0,1.9007142782211304,
0,1.9007141590118408,
0,1.9007142782211304,
0,1.9007142782211304,
0,1.9007142782211304,
0,1.89730703830719,
0,1.89730703830719,
0,1.89730703830719,
0,1.89730703830719,
0,1.89730703830719,
0,1.89730703830719,
0,1.89730703830719,
0,1.89730703830719,
0,1.894310712814331,
0,1.894310712814331,
0,1.894310712814331,
0,1.894310712814331,
0,1.894310712814331,
0,1.894310712814331,
0,1.894310712814331,
0,1.8928425312042236,
0,1.8913177251815796,
0,1.89131760597229,
0,1.89131760597229,
0,1.89131760597229,
0,1.8913177251815796,
0,1.89131760597229,
0,1.8913177251815796,
0,1.89131760597229,
0,1.8882173299789429,
0,1.8882173299789429,
0,1.8882173299789429,
0,1.8882173299789429,
0,1.8882173299789429,
0,1.8882173299789429,
0,1.8882173299789429,
0,1.8868811130523682,
0,1.885711669921875,
0,1.885711669921875,
0,1.885711669921875,
0,1.885711669921875,
0,1.885711669921875,
0,1.885711669921875,
0,1.885711669921875,
0,1.884122371673584,
0,1.882847785949707,
0,1.882847785949707,
0,1.882847547531128,
0,1.882847547531128,
0,1.882847785949707,
0,1.882847547531128,
0,1.882847547531128,
0,1.882847547531128,
0,1.879857063293457,
0,1.879857063293457,
0,1.879857063293457,
0,1.879857063293457,
0,1.879857063293457,
0,1.879857063293457,
0,1.879857063293457,
0,1.8785254955291748,
0,1.8772615194320679,
0,1.8772615194320679,
0,1.8772615194320679,
0,1.8772615194320679,
0,1.8772615194320679,
0,1.8772615194320679,
0,1.8772615194320679,
0,1.8756788969039917,
0,1.8745406866073608,
0,1.8745405673980713,
0,1.8745405673980713,
0,1.8745406866073608,
0,1.8745405673980713,
0,1.8745405673980713,
0,1.8745405673980713,
0,1.8745406866073608,
0,1.8715879917144775,
0,1.871588110923767,
0,1.871588110923767,
0,1.8715879917144775,
0,1.8715879917144775,
0,1.8715879917144775,
0,1.871588110923767,
0,1.8702621459960938,
0,1.8690128326416016,
0,1.8690128326416016,
0,1.8690130710601807,
0,1.8690130710601807,
0,1.8690130710601807,
0,1.8690128326416016,
0,1.8690130710601807,
0,1.8690130710601807,
0,1.8666112422943115,
0,1.8666112422943115,
0,1.8666112422943115,
0,1.8666112422943115,
0,1.8666112422943115,
0,1.8666112422943115,
0,1.8666112422943115,
0,1.8666112422943115,
0,1.8634021282196045,
0,1.8634021282196045,
0,1.8634021282196045,
0,1.8634021282196045,
0,1.8634021282196045,
0,1.8634018898010254,
0,1.8634021282196045,
0,1.8618322610855103,
0,1.860610008239746,
0,1.860610008239746,
0,1.860610008239746,
0,1.860609769821167,
0,1.860610008239746,
0,1.860610008239746,
0,1.860610008239746,
0,1.860610008239746,
0,1.858069658279419,
0,1.858069658279419,
0,1.858069658279419,
0,1.858069658279419,
0,1.858069658279419,
0,1.858069658279419,
0,1.858069658279419,
0,1.856637716293335,
0,1.855539083480835,
0,1.855539083480835,
0,1.855539083480835,
0,1.855539083480835,
0,1.855539083480835,
0,1.855539083480835,
0,1.855539083480835,
0,1.855539083480835,
0,1.8530082702636719,
0,1.8530082702636719,
0,1.8530082702636719,
0,1.8530082702636719,
0,1.8530082702636719,
0,1.8530082702636719,
0,1.8530082702636719,
0,1.8514481782913208,
0,1.850196123123169,
0,1.850196361541748,
0,1.850196361541748,
0,1.850196361541748,
0,1.850196123123169,
0,1.850196361541748,
0,1.850196123123169,
0,1.850196361541748,
0,1.8474462032318115,
0,1.8474462032318115,
0,1.8474462032318115,
0,1.8474462032318115,
0,1.8474462032318115,
0,1.8474462032318115,
0,1.8474462032318115,
0,1.8457657098770142,
0,1.8446325063705444,
0,1.8446325063705444,
0,1.8446325063705444,
0,1.8446325063705444,
0,1.8446325063705444,
0,1.8446325063705444,
0,1.8446325063705444,
0,1.8446325063705444,
0,1.8419783115386963,
0,1.8419783115386963,
0,1.8419783115386963,
0,1.8419781923294067,
0,1.8419783115386963,
0,1.8419783115386963,
0,1.8419784307479858,
0,1.8419784307479858,
0,1.8396127223968506,
0,1.8396129608154297,
0,1.8396129608154297,
0,1.8396129608154297,
0,1.8396129608154297,
0,1.8396127223968506,
0,1.8396127223968506,
0,1.8396129608154297,
0,1.8363943099975586,
0,1.836394190788269,
0,1.836394190788269,
0,1.836394190788269,
0,1.836394190788269,
0,1.8363943099975586,
0,1.8363944292068481,
0,1.836394190788269,
0,1.8342974185943604,
0,1.8342972993850708,
0,1.8342974185943604,
0,1.8342971801757812,
0,1.8342974185943604,
0,1.8342974185943604,
0,1.8342974185943604,
0,1.8342974185943604,
0,1.8319618701934814,
0,1.8319621086120605,
0,1.8319621086120605,
0,1.8319618701934814,
0,1.8319618701934814,
0,1.8319618701934814,
0,1.8319618701934814,
0,1.8306634426116943,
0,1.8298701047897339,
0,1.829870343208313,
0,1.829870343208313,
0,1.8298701047897339,
0,1.8298701047897339,
0,1.8298701047897339,
0,1.8298701047897339,
0,1.8285737037658691,
0,1.8278965950012207,
0,1.8278964757919312,
0,1.8278964757919312,
0,1.8278965950012207,
0,1.8278964757919312,
0,1.8278965950012207,
0,1.8278964757919312,
0,1.8278964757919312,
0,1.8254623413085938,
0,1.8254624605178833,
0,1.8254624605178833,
0,1.8254624605178833,
0,1.8254624605178833,
0,1.8254624605178833,
0,1.8254623413085938,
0,1.8239271640777588,
0,1.8232505321502686,
0,1.8232505321502686,
0,1.8232505321502686,
0,1.8232505321502686,
0,1.8232505321502686,
0,1.8232505321502686,
0,1.8232505321502686,
0,1.8232505321502686,
0,1.8209452629089355,
0,1.8209452629089355,
0,1.8209452629089355,
0,1.8209452629089355,
0,1.8209452629089355,
0,1.820945382118225,
0,1.8209452629089355,
0,1.820945382118225,
0,1.8189300298690796,
0,1.81892991065979,
0,1.8189297914505005,
0,1.8189300298690796,
0,1.8189300298690796,
0,1.8189300298690796,
0,1.8189300298690796,
0,1.8175692558288574,
0,1.8168092966079712,
0,1.8168095350265503,
0,1.8168095350265503,
0,1.8168095350265503,
0,1.8168095350265503,
0,1.8168095350265503,
0,1.8168095350265503,
0,1.8168095350265503,
0,1.8145447969436646,
0,1.8145447969436646,
0,1.814544677734375,
0,1.814544677734375,
0,1.8145447969436646,
0,1.8145447969436646,
0,1.8145447969436646,
0,1.814544916152954,
0,1.8125449419021606,
0,1.8125451803207397,
0,1.8125449419021606,
0,1.8125449419021606,
0,1.8125451803207397,
0,1.8125449419021606,
0,1.8125449419021606,
0,1.8125450611114502,
0,1.8103017807006836,
0,1.8103017807006836,
0,1.8103017807006836,
0,1.8103017807006836,
0,1.8103017807006836,
0,1.8103017807006836,
0,1.8103017807006836,
0,1.8103017807006836,
0,1.8084325790405273,
0,1.8084325790405273,
0,1.8084325790405273,
0,1.8084325790405273,
0,1.8084325790405273,
0,1.8084325790405273,
0,1.8084325790405273,
0,1.8084325790405273,
0,1.8062114715576172,
0,1.8062113523483276,
0,1.8062114715576172,
0,1.8062113523483276,
0,1.8062114715576172,
0,1.8062113523483276,
0,1.8062114715576172,
0,1.8062114715576172,
0,1.80423903465271,
0,1.8042391538619995,
0,1.8042391538619995,
0,1.8042391538619995,
0,1.80423903465271,
0,1.80423903465271,
0,1.804239273071289,
0,1.8027725219726562,
0,1.8023948669433594,
0,1.802394986152649,
0,1.8023948669433594,
0,1.802394986152649,
0,1.802394986152649,
0,1.8023951053619385,
0,1.802394986152649,
0,1.802394986152649,
0,1.8004311323165894,
0,1.8004311323165894,
0,1.800431251525879,
0,1.8004311323165894,
0,1.8004311323165894,
0,1.8004311323165894,
0,1.800431251525879,
0,1.800431251525879,
0,1.7985846996307373,
0,1.7985845804214478,
0,1.7985845804214478,
0,1.7985846996307373,
0,1.7985846996307373,
0,1.7985845804214478,
0,1.7985846996307373,
0,1.7973618507385254,
0,1.7970936298370361,
0,1.797093391418457,
0,1.7970936298370361,
0,1.7970936298370361,
0,1.7970936298370361,
0,1.7970936298370361,
0,1.7970936298370361,
0,1.7970936298370361,
0,1.7953746318817139,
0,1.7953746318817139,
0,1.795374870300293,
0,1.7953746318817139,
0,1.7953746318817139,
0,1.7953746318817139,
0,1.7953746318817139,
0,1.7953746318817139,
0,1.7936450242996216,
0,1.7936450242996216,
0,1.7936450242996216,
0,1.7936450242996216,
0,1.793644905090332,
0,1.7936450242996216,
0,1.7936450242996216,
0,1.7924273014068604,
0,1.7920551300048828,
0,1.7920551300048828,
0,1.7920551300048828,
0,1.7920551300048828,
0,1.7920551300048828,
0,1.7920551300048828,
0,1.7920551300048828,
0,1.7920551300048828,
0,1.790156602859497,
0,1.790156602859497,
0,1.790156602859497,
0,1.790156602859497,
0,1.790156602859497,
0,1.790156602859497,
0,1.790156602859497,
0,1.7889878749847412,
0,1.7886102199554443,
0,1.7886102199554443,
0,1.7886102199554443,
0,1.7886102199554443,
0,1.7886102199554443,
0,1.7886102199554443,
0,1.7886102199554443,
0,1.7886099815368652,
0,1.7870633602142334,
0,1.7870633602142334,
0,1.7870633602142334,
0,1.7870633602142334,
0,1.7870633602142334,
0,1.7870633602142334,
0,1.7870633602142334,
0,1.7870633602142334,
0,1.7853028774261475,
0,1.7853028774261475,
0,1.7853028774261475,
0,1.7853028774261475,
0,1.7853028774261475,
0,1.7853028774261475,
0,1.7853028774261475,
0,1.7839045524597168,
0,1.7835414409637451,
0,1.783541202545166,
0,1.7835414409637451,
0,1.783541202545166,
0,1.7835414409637451,
0,1.783541202545166,
0,1.783541202545166,
0,1.783541202545166,
0,1.7817819118499756,
0,1.7817819118499756,
0,1.7817821502685547,
0,1.7817819118499756,
0,1.7817821502685547,
0,1.7817821502685547,
0,1.7817821502685547,
0,1.7817823886871338,
0,1.780368447303772,
0,1.7803683280944824,
0,1.780368447303772,
0,1.780368447303772,
0,1.780368447303772,
0,1.780368447303772,
0,1.780368447303772,
0,1.7803683280944824,
0,1.7787156105041504,
0,1.7787158489227295,
0,1.77871572971344,
0,1.7787156105041504,
0,1.77871572971344,
0,1.7787156105041504,
0,1.77871572971344,
0,1.77871572971344,
0,1.7771987915039062,
0,1.7771987915039062,
0,1.7771990299224854,
0,1.7771990299224854,
0,1.7771987915039062,
0,1.7771990299224854,
0,1.7771990299224854,
0,1.7755846977233887,
0,1.7753275632858276,
0,1.7753275632858276,
0,1.7753275632858276,
0,1.7753275632858276,
0,1.7753275632858276,
0,1.7753275632858276,
0,1.7753275632858276,
0,1.7739315032958984,
0,1.7735795974731445,
0,1.7735795974731445,
0,1.7735795974731445,
0,1.773579716682434,
0,1.773579716682434,
0,1.773579716682434,
0,1.773579716682434,
0,1.7735795974731445,
0,1.771955966949463,
0,1.771955966949463,
0,1.771955966949463,
0,1.771955966949463,
0,1.771955966949463,
0,1.771955966949463,
0,1.771955966949463,
0,1.771955966949463,
0,1.770449161529541,
0,1.7704493999481201,
0,1.770449161529541,
0,1.7704493999481201,
0,1.770449161529541,
0,1.770449161529541,
0,1.770449161529541,
0,1.770449161529541,
0,1.768939733505249,
0,1.76893949508667,
0,1.76893949508667,
0,1.76893949508667,
0,1.76893949508667,
0,1.76893949508667,
0,1.76893949508667,
0,1.767442226409912,
0,1.7671928405761719,
0,1.7671928405761719,
0,1.7671928405761719,
0,1.7671928405761719,
0,1.7671928405761719,
0,1.7671928405761719,
0,1.7671928405761719,
0,1.7660458087921143,
0,1.765792727470398,
0,1.7657926082611084,
0,1.7657924890518188,
0,1.7657926082611084,
0,1.7657924890518188,
0,1.7657924890518188,
0,1.7657924890518188,
0,1.7657924890518188,
0,1.764014720916748,
0,1.764014720916748,
0,1.764014720916748,
0,1.764014720916748,
0,1.764014720916748,
0,1.764014720916748,
0,1.764014720916748,
0,1.764014720916748,
0,1.762410044670105,
0,1.7624099254608154,
0,1.7624099254608154,
0,1.762410044670105,
0,1.7624099254608154,
0,1.7624099254608154,
0,1.7624098062515259,
0,1.7612674236297607,
0,1.7608668804168701,
0,1.7608671188354492,
0,1.7608671188354492,
0,1.7608673572540283,
0,1.7608671188354492,
0,1.7608671188354492,
0,1.7608668804168701,
0,1.7608673572540283,
0,1.758796215057373,
0,1.758796215057373,
0,1.758795976638794,
0,1.758795976638794,
0,1.758796215057373,
0,1.758796215057373,
0,1.758795976638794,
0,1.758765697479248,
0,1.7573096752166748,
0,1.7573094367980957,
0,1.7573094367980957,
0,1.7573096752166748,
0,1.7573094367980957,
0,1.7573096752166748,
0,1.7573096752166748,
0,1.7573094367980957,
0,1.7556967735290527,
0,1.7556967735290527,
0,1.7556967735290527,
0,1.7556967735290527,
0,1.7556967735290527,
0,1.7556967735290527,
0,1.7556967735290527,
0,1.7556967735290527,
0,1.7541009187698364,
0,1.7541009187698364,
0,1.7541007995605469,
0,1.7541007995605469,
0,1.7541009187698364,
0,1.7541011571884155,
0,1.7541009187698364,
0,1.754101037979126,
0,1.752533197402954,
0,1.752532958984375,
0,1.752532958984375,
0,1.752533197402954,
0,1.752533197402954,
0,1.752532958984375,
0,1.752532958984375,
0,1.7514433860778809,
0,1.751094102859497,
0,1.751094102859497,
0,1.751094102859497,
0,1.751094102859497,
0,1.751094102859497,
0,1.751094102859497,
0,1.751093864440918,
0,1.749662160873413,
0,1.7493250370025635,
0,1.7493250370025635,
0,1.7493250370025635,
0,1.7493250370025635,
0,1.7493250370025635,
0,1.7493250370025635,
0,1.7493250370025635,
0,1.7493250370025635,
0,1.7476680278778076,
0,1.7476680278778076,
0,1.7476680278778076,
0,1.7476677894592285,
0,1.7476677894592285,
0,1.7476680278778076,
0,1.7476677894592285,
0,1.7465826272964478,
0,1.746323585510254,
0,1.746323585510254,
0,1.746323585510254,
0,1.746323585510254,
0,1.7463234663009644,
0,1.746323585510254,
0,1.7463234663009644,
0,1.746323585510254,
0,1.7446801662445068,
0,1.7446801662445068,
0,1.7446801662445068,
0,1.7446801662445068,
0,1.7446801662445068,
0,1.7446801662445068,
0,1.7446801662445068,
0,1.7434837818145752,
0,1.7431455850601196,
0,1.7431455850601196,
0,1.7431455850601196,
0,1.7431455850601196,
0,1.7431457042694092,
0,1.7431457042694092,
0,1.7431455850601196,
0,1.7431457042694092,
0,1.7416093349456787,
0,1.7416093349456787,
0,1.7416093349456787,
0,1.7416093349456787,
0,1.7416093349456787,
0,1.7416093349456787,
0,1.7416093349456787,
0,1.7416093349456787,
0,1.7401983737945557,
0,1.7401983737945557,
0,1.7401983737945557,
0,1.7401983737945557,
0,1.7401983737945557,
0,1.7401983737945557,
0,1.7401983737945557,
0,1.738779067993164,
0,1.738537311553955,
0,1.738537073135376,
0,1.738537311553955,
0,1.738537073135376,
0,1.738537073135376,
0,1.738537311553955,
0,1.738537073135376,
0,1.7374603748321533,
0,1.7371273040771484,
0,1.7371275424957275,
0,1.7371273040771484,
0,1.7371275424957275,
0,1.7371273040771484,
0,1.7371275424957275,
0,1.7371275424957275,
0,1.7371273040771484,
0,1.7355912923812866,
0,1.7355914115905762,
0,1.7355912923812866,
0,1.7355914115905762,
0,1.7355915307998657,
0,1.7355915307998657,
0,1.7355914115905762,
0,1.7355912923812866,
0,1.7341837882995605,
0,1.7341837882995605,
0,1.7341837882995605,
0,1.7341837882995605,
0,1.7341837882995605,
0,1.7341837882995605,
0,1.7341837882995605,
0,1.7329981327056885,
0,1.7326107025146484,
0,1.7326105833053589,
0,1.7326105833053589,
0,1.7326105833053589,
0,1.7326105833053589,
0,1.7326104640960693,
0,1.7326107025146484,
0,1.7326107025146484,
0,1.7309823036193848,
0,1.7309823036193848,
0,1.7309823036193848,
0,1.7309823036193848,
0,1.7309823036193848,
0,1.7309821844100952,
0,1.7309821844100952,
0,1.7309823036193848,
0,1.7293624877929688,
0,1.7293624877929688,
0,1.7293627262115479,
0,1.7293624877929688,
0,1.7293624877929688,
0,1.7293627262115479,
0,1.7293627262115479,
0,1.7293627262115479,
0,1.7276263236999512,
0,1.7276263236999512,
0,1.7276263236999512,
0,1.7276263236999512,
0,1.7276263236999512,
0,1.7276263236999512,
0,1.7276263236999512,
0,1.7265594005584717,
0,1.7263238430023193,
0,1.7263238430023193,
0,1.7263238430023193,
0,1.7263238430023193,
0,1.7263238430023193,
0,1.7263238430023193,
0,1.7263238430023193,
0,1.7263238430023193,
0,1.7250187397003174,
0,1.7250187397003174,
0,1.7250185012817383,
0,1.7250187397003174,
0,1.7250186204910278,
0,1.7250185012817383,
0,1.7250185012817383,
0,1.7250187397003174,
0,1.723521113395691,
0,1.723521113395691,
0,1.723521113395691,
0,1.723521113395691,
0,1.723521113395691,
0,1.723521113395691,
0,1.723521113395691,
0,1.723521113395691,
0,1.7219092845916748,
0,1.7219092845916748,
0,1.7219092845916748,
0,1.7219092845916748,
0,1.7219092845916748,
0,1.7219092845916748,
0,1.7219092845916748,
0,1.7219092845916748,
0,1.7205253839492798,
0,1.7205253839492798,
0,1.7205255031585693,
0,1.7205255031585693,
0,1.7205255031585693,
0,1.7205253839492798,
0,1.7205253839492798,
0,1.7205253839492798,
0,1.7189016342163086,
0,1.7189016342163086,
0,1.7189016342163086,
0,1.7189013957977295,
0,1.7189013957977295,
0,1.7189013957977295,
0,1.7189013957977295,
0,1.717848777770996,
0,1.7175266742706299,
0,1.7175264358520508,
0,1.7175266742706299,
0,1.7175264358520508,
0,1.7175264358520508,
0,1.7175264358520508,
0,1.7175266742706299,
0,1.7165157794952393,
0,1.716188907623291,
0,1.716188907623291,
0,1.716188669204712,
0,1.716188907623291,
0,1.716188907623291,
0,1.716188907623291,
0,1.716188907623291,
0,1.7149642705917358,
0,1.7146246433258057,
0,1.7146246433258057,
0,1.7146246433258057,
0,1.7146246433258057,
0,1.7146246433258057,
0,1.7146246433258057,
0,1.7146246433258057,
0,1.7146246433258057,
0,1.7131915092468262,
0,1.7131916284561157,
0,1.7131916284561157,
0,1.7131916284561157,
0,1.7131916284561157,
0,1.7131915092468262,
0,1.7131916284561157,
0,1.7131913900375366,
0,1.7117124795913696,
0,1.7117124795913696,
0,1.7117124795913696,
0,1.71171236038208,
0,1.7117124795913696,
0,1.7117124795913696,
0,1.7117124795913696,
0,1.7117124795913696,
0,1.7104582786560059,
0,1.7104582786560059,
0,1.7104582786560059,
0,1.7104582786560059,
0,1.7104582786560059,
0,1.7104582786560059,
0,1.7104582786560059,
0,1.7104582786560059,
0,1.7089979648590088,
0,1.7089979648590088,
0,1.7089979648590088,
0,1.7089979648590088,
0,1.7089979648590088,
0,1.7089979648590088,
0,1.7089979648590088,
0,1.7079920768737793,
0,1.7076811790466309,
0,1.7076811790466309,
0,1.7076811790466309,
0,1.7076811790466309,
0,1.7076811790466309,
0,1.7076811790466309,
0,1.7076811790466309,
0,1.7064558267593384,
0,1.7061412334442139,
0,1.7061412334442139,
0,1.7061413526535034,
0,1.7061413526535034,
0,1.7061413526535034,
0,1.7061412334442139,
0,1.7061413526535034,
0,1.7061411142349243,
0,1.7046082019805908,
0,1.7046079635620117,
0,1.7046082019805908,
0,1.7046079635620117,
0,1.7046082019805908,
0,1.7046079635620117,
0,1.7046079635620117,
0,1.7046082019805908,
0,1.7029645442962646,
0,1.7029645442962646,
0,1.7029645442962646,
0,1.7029645442962646,
0,1.7029645442962646,
0,1.7029645442962646,
0,1.7029645442962646,
0,1.701964020729065,
0,1.70173978805542,
0,1.70173978805542,
0,1.70173978805542,
0,1.70173978805542,
0,1.70173978805542,
0,1.70173978805542,
0,1.70173978805542,
0,1.70173978805542,
0,1.7003145217895508,
0,1.7003144025802612,
0,1.7003144025802612,
0,1.7003144025802612,
0,1.7003144025802612,
0,1.7003144025802612,
0,1.7003145217895508,
0,1.7003145217895508,
0,1.6987903118133545,
0,1.698790431022644,
0,1.6987903118133545,
0,1.6987903118133545,
0,1.698790431022644,
0,1.6987903118133545,
0,1.698790431022644,
0,1.6987903118133545,
0,1.6975711584091187,
0,1.6975712776184082,
0,1.6975709199905396,
0,1.697571039199829,
0,1.697571039199829,
0,1.6975712776184082,
0,1.697571039199829,
0,1.697571039199829,
0,1.6960062980651855,
0,1.6960060596466064,
0,1.6960060596466064,
0,1.6960060596466064,
0,1.6960060596466064,
0,1.6960062980651855,
0,1.6960060596466064,
0,1.695012092590332,
0,1.6947088241577148,
0,1.6947089433670044,
0,1.6947089433670044,
0,1.6947089433670044,
0,1.6947088241577148,
0,1.6947089433670044,
0,1.6947088241577148,
0,1.6947088241577148,
0,1.6933784484863281,
0,1.6933784484863281,
0,1.6933784484863281,
0,1.6933784484863281,
0,1.6933784484863281,
0,1.6933784484863281,
0,1.6933784484863281,
0,1.6933784484863281,
0,1.6920809745788574,
0,1.6920808553695679,
0,1.6920808553695679,
0,1.6920808553695679,
0,1.6920809745788574,
0,1.6920808553695679,
0,1.6920808553695679,
0,1.6908719539642334,
0,1.6905667781829834,
0,1.6905667781829834,
0,1.6905667781829834,
0,1.6905667781829834,
0,1.6905667781829834,
0,1.6905667781829834,
0,1.6905667781829834,
0,1.6892707347869873,
0,1.6889715194702148,
0,1.688971757888794,
0,1.688971757888794,
0,1.6889715194702148,
0,1.688971757888794,
0,1.688971757888794,
0,1.6889715194702148,
0,1.688971757888794,
0,1.6874830722808838,
0,1.6874830722808838,
0,1.6874830722808838,
0,1.6874831914901733,
0,1.6874830722808838,
0,1.6874830722808838,
0,1.6874830722808838,
0,1.6874830722808838,
0,1.6862175464630127,
0,1.6862175464630127,
0,1.6862176656723022,
0,1.6862176656723022,
0,1.6862175464630127,
0,1.6862175464630127,
0,1.6862175464630127,
0,1.6851435899734497,
0,1.6849076747894287,
0,1.6849076747894287,
0,1.6849076747894287,
0,1.6849076747894287,
0,1.6849076747894287,
0,1.6849076747894287,
0,1.6849076747894287,
0,1.6849076747894287,
0,1.683513879776001,
0,1.683513879776001,
0,1.683513879776001,
0,1.683513879776001,
0,1.683513879776001,
0,1.683513879776001,
0,1.683513879776001,
0,1.683513879776001,
0,1.6820909976959229,
0,1.6820907592773438,
0,1.6820909976959229,
0,1.6820909976959229,
0,1.6820909976959229,
0,1.6820907592773438,
0,1.6820909976959229,
0,1.6809117794036865,
0,1.6806135177612305,
0,1.6806135177612305,
0,1.6806135177612305,
0,1.6806135177612305,
0,1.6806135177612305,
0,1.6806135177612305,
0,1.6806135177612305,
0,1.679652214050293,
0,1.679358720779419,
0,1.679358720779419,
0,1.679358720779419,
0,1.679358720779419,
0,1.679358720779419,
0,1.679358720779419,
0,1.679358720779419,
0,1.6793584823608398,
0,1.6781810522079468,
0,1.6781811714172363,
0,1.6781810522079468,
0,1.6781811714172363,
0,1.6781811714172363,
0,1.6781811714172363,
0,1.6781811714172363,
0,1.6781810522079468,
0,1.6769256591796875,
0,1.6769256591796875,
0,1.6769256591796875,
0,1.6769256591796875,
0,1.6769256591796875,
0,1.6769256591796875,
0,1.6769256591796875,
0,1.6769256591796875,
0,1.675348162651062,
0,1.675348162651062,
0,1.675348162651062,
0,1.675348162651062,
0,1.675348162651062,
0,1.6753480434417725,
0,1.675348162651062,
0,1.6743929386138916,
0,1.6741032600402832,
0,1.6741032600402832,
0,1.6741032600402832,
0,1.6741032600402832,
0,1.6741032600402832,
0,1.6741032600402832,
0,1.6741032600402832,
0,1.6741032600402832,
0,1.6726408004760742,
0,1.6726408004760742,
0,1.6726408004760742,
0,1.6726408004760742,
0,1.6726408004760742,
0,1.6726408004760742,
0,1.6726408004760742,
0,1.6726408004760742,
0,2.435046672821045,
0,2.435046434402466,
0,2.435046672821045,
0,2.435046672821045,
0,2.435046672821045,
0,2.435046672821045,
0,2.435046672821045,
0,2.435046672821045,
0,2.435046672821045,
0,2.435046672821045,
0,2.435046672821045,
0,2.435046672821045,
0,2.435046672821045,
0,2.435046672821045,
0,2.435046672821045,
0,2.435046672821045,
0,2.435046672821045,
0,2.435046672821045,
0,2.435046434402466,
0,2.435046672821045,
0,2.435046672821045,
0,2.435046672821045,
0,2.435046672821045,
0,2.435046672821045,
0,2.435046672821045,
0,2.435046672821045,
0,2.435046672821045,
0,2.435046672821045,
0,2.435046672821045,
0,2.435046672821045,
0,2.435046672821045,
0,2.435046672821045,
0,2.435046672821045,
0,2.435046672821045,
0,2.435046672821045,
0,2.435046672821045,
0,2.435046672821045,
0,2.435046672821045,
0,2.435046672821045,
0,2.435046672821045,
0,2.435046672821045,
0,2.435046672821045,
0,2.435046672821045,
0,2.435046672821045,
0,2.435046672821045,
0,2.435046672821045,
0,2.435046672821045,
0,2.435046672821045,
0,2.435046672821045,
0,2.435046672821045,
0,2.435046672821045,
0,2.435046672821045,
0,2.435046672821045,
0,2.435046672821045,
0,2.435046672821045,
0,2.435046672821045,
0,2.435046672821045,
0,2.435046672821045,
0,2.435046672821045,
0,2.435046672821045,
0,2.435046672821045,
0,2.435046672821045,
0,2.435046672821045,
0,2.435046672821045,
0,2.435046672821045,
0,2.435046672821045,
0,2.435046672821045,
0,2.435046672821045,
0,2.435046434402466,
0,2.435046672821045,
0,2.435046672821045,
0,2.435046672821045,
0,2.435046672821045,
0,2.435046672821045,
0,2.435046672821045,
0,2.435046672821045,
0,2.435046434402466,
0,2.435046672821045,
0,2.435046672821045,
0,2.435046672821045,
0,2.435046434402466,
0,2.435046672821045,
0,2.435046672821045,
0,2.435046672821045,
0,2.435046672821045,
0,2.435046672821045,
0,2.435046672821045,
0,2.435046434402466,
0,2.435046672821045,
0,2.435046672821045,
0,2.435046434402466,
0,2.435046672821045,
0,2.435046672821045,
0,2.435046672821045,
0,2.435046672821045,
0,2.435046672821045,
0,2.435046672821045,
0,2.435046672821045,
0,2.435046672821045,
0,2.435046672821045,
0,2.435046434402466,
0,2.435046672821045,
0,2.435046672821045,
0,2.435046672821045,
0,2.435046672821045,
0,2.435046672821045,
0,2.435046434402466,
0,2.435046672821045,
0,2.435046672821045,
0,2.435046672821045,
0,2.435046672821045,
0,2.435046672821045,
0,2.435046672821045,
0,2.435046672821045,
0,2.435046672821045,
0,2.435046672821045,
0,2.435046672821045,
0,2.435046672821045,
0,2.435046672821045,
0,2.435046672821045,
0,2.435046672821045,
0,2.435046672821045,
0,2.435046672821045,
0,2.435046672821045,
0,2.435046672821045,
0,2.435046672821045,
0,2.435046434402466,
0,2.435046672821045,
0,2.435046672821045,
0,2.435046672821045,
0,2.435046672821045,
0,2.435046672821045,
0,2.435046672821045,
0,2.435046672821045,
0,2.435046672821045,
0,2.435044050216675,
0,2.435044288635254,
0,2.435044050216675,
0,2.435044050216675,
0,2.435044050216675,
0,2.435044050216675,
0,2.435044050216675,
0,2.4350433349609375,
0,2.435021162033081,
0,2.435021162033081,
0,2.435020923614502,
0,2.435021162033081,
0,2.435021162033081,
0,2.435020923614502,
0,2.435021162033081,
0,2.4350199699401855,
0,2.435011386871338,
0,2.435011386871338,
0,2.435011386871338,
0,2.435011386871338,
0,2.435011148452759,
0,2.435011148452759,
0,2.435011386871338,
0,2.4350099563598633,
0,2.435000419616699,
0,2.435000419616699,
0,2.435000419616699,
0,2.435000419616699,
0,2.435000419616699,
0,2.435000419616699,
0,2.435000419616699,
0,2.4349992275238037,
0,2.4349870681762695,
0,2.4349870681762695,
0,2.4349870681762695,
0,2.4349870681762695,
0,2.4349870681762695,
0,2.4349870681762695,
0,2.4349870681762695,
0,2.4349851608276367,
0,2.4349727630615234,
0,2.4349727630615234,
0,2.4349727630615234,
0,2.4349727630615234,
0,2.4349727630615234,
0,2.4349727630615234,
0,2.4349727630615234,
0,2.4349701404571533,
0,2.4349570274353027,
0,2.4349570274353027,
0,2.4349570274353027,
0,2.4349570274353027,
0,2.4349570274353027,
0,2.4349570274353027,
0,2.4349570274353027,
0,2.4349546432495117,
0,2.4349417686462402,
0,2.4349417686462402,
0,2.4349417686462402,
0,2.4349417686462402,
0,2.4349417686462402,
0,2.4349417686462402,
0,2.4349417686462402,
0,2.434939384460449,
0,2.434927225112915,
0,2.434927225112915,
0,2.434926986694336,
0,2.434926986694336,
0,2.434927225112915,
0,2.434926986694336,
0,2.434927225112915,
0,2.434924602508545,
0,2.434910297393799,
0,2.434910535812378,
0,2.434910297393799,
0,2.434910297393799,
0,2.434910535812378,
0,2.434910297393799,
0,2.434910297393799,
0,2.434907913208008,
0,2.434894561767578,
0,2.434894561767578,
0,2.434894561767578,
0,2.434894561767578,
0,2.434894561767578,
0,2.434894561767578,
0,2.434894561767578,
0,2.4348573684692383,
0,2.4348435401916504,
0,2.4348435401916504,
0,2.4348435401916504,
0,2.4348435401916504,
0,2.4348435401916504,
0,2.4348435401916504,
0,2.4348435401916504,
0,2.4347915649414062,
0,2.434786319732666,
0,2.434786081314087,
0,2.434786319732666,
0,2.434786319732666,
0,2.434786319732666,
0,2.434786319732666,
0,2.434786319732666,
0,2.434748649597168,
0,2.4347290992736816,
0,2.4347288608551025,
0,2.4347290992736816,
0,2.4347288608551025,
0,2.4347290992736816,
0,2.4347290992736816,
0,2.4347288608551025,
0,2.4346911907196045,
0,2.434666156768799,
0,2.434666395187378,
0,2.434666156768799,
0,2.434666156768799,
0,2.434666156768799,
0,2.434666156768799,
0,2.434666633605957,
0,2.434628963470459,
0,2.434607744216919,
0,2.43460750579834,
0,2.434607744216919,
0,2.43460750579834,
0,2.43460750579834,
0,2.434607744216919,
0,2.43460750579834,
0,2.434569835662842,
0,2.434548854827881,
0,2.434548854827881,
0,2.434548854827881,
0,2.434548854827881,
0,2.434548854827881,
0,2.434548854827881,
0,2.434548854827881,
0,2.4345204830169678,
0,2.4344987869262695,
0,2.4344990253448486,
0,2.4344987869262695,
0,2.4344987869262695,
0,2.4344987869262695,
0,2.4344990253448486,
0,2.4344987869262695,
0,2.4344987869262695,
0,2.4344987869262695,
0,2.4344987869262695,
0,2.4344987869262695,
0,2.4344987869262695,
0,2.4344990253448486,
0,2.4344961643218994,
0,2.4344840049743652,
0,2.4344840049743652,
0,2.4344844818115234,
0,2.4344842433929443,
0,2.4344844818115234,
0,2.4344842433929443,
0,2.4344844818115234,
0,2.4344449043273926,
0,2.434286594390869,
0,2.434286594390869,
0,2.434286594390869,
0,2.434286594390869,
0,2.434286594390869,
0,2.434286594390869,
0,2.434286594390869,
0,2.4341888427734375,
0,2.4340052604675293,
0,2.4340052604675293,
0,2.4340052604675293,
0,2.4340052604675293,
0,2.4340052604675293,
0,2.4340052604675293,
0,2.4340052604675293,
0,2.4338858127593994,
0,2.43369197845459,
0,2.433692216873169,
0,2.433692455291748,
0,2.433692455291748,
0,2.433692455291748,
0,2.433692216873169,
0,2.433692455291748,
0,2.4334864616394043,
0,2.4330646991729736,
0,2.4330646991729736,
0,2.4330646991729736,
0,2.4330646991729736,
0,2.4330649375915527,
0,2.4330649375915527,
0,2.4330649375915527,
0,2.4328455924987793,
0,2.431713104248047,
0,2.431713104248047,
0,2.431713104248047,
0,2.431713104248047,
0,2.431713104248047,
0,2.431713104248047,
0,2.431713104248047,
0,2.431431293487549,
0,2.430075168609619,
0,2.430075168609619,
0,2.430075168609619,
0,2.430075168609619,
0,2.430075168609619,
0,2.430075168609619,
0,2.430075168609619,
0,2.4298014640808105,
0,2.428257703781128,
0,2.428257942199707,
0,2.428257942199707,
0,2.428257703781128,
0,2.428257703781128,
0,2.428257703781128,
0,2.428257703781128,
0,2.4279379844665527,
0,2.426321506500244,
0,2.4263217449188232,
0,2.426321506500244,
0,2.4263217449188232,
0,2.426321506500244,
0,2.4263217449188232,
0,2.4263217449188232,
0,2.4258975982666016,
0,2.424426794052124,
0,2.424426794052124,
0,2.424426794052124,
0,2.424426794052124,
0,2.424426794052124,
0,2.424426794052124,
0,2.424426794052124,
0,2.4240047931671143,
0,2.4224061965942383,
0,2.4224061965942383,
0,2.4224064350128174,
0,2.4224061965942383,
0,2.4224061965942383,
0,2.4224061965942383,
0,2.4224061965942383,
0,2.4219532012939453,
0,2.4201912879943848,
0,2.4201912879943848,
0,2.4201912879943848,
0,2.4201912879943848,
0,2.420191526412964,
0,2.420191526412964,
0,2.4201912879943848,
0,2.4196882247924805,
0,2.4178030490875244,
0,2.4178028106689453,
0,2.4178028106689453,
0,2.4178030490875244,
0,2.4178028106689453,
0,2.4178028106689453,
0,2.4178030490875244,
0,2.417285919189453,
0,2.4155375957489014,
0,2.4155375957489014,
0,2.4155378341674805,
0,2.4155378341674805,
0,2.4155378341674805,
0,2.4155375957489014,
0,2.4155378341674805,
0,2.4150469303131104,
0,2.4131875038146973,
0,2.4131875038146973,
0,2.4131875038146973,
0,2.4131875038146973,
0,2.4131875038146973,
0,2.4131875038146973,
0,2.4131875038146973,
0,2.4125943183898926,
0,2.4107325077056885,
0,2.4107325077056885,
0,2.4107327461242676,
0,2.4107325077056885,
0,2.4107325077056885,
0,2.4107325077056885,
0,2.4107325077056885,
0,2.410181999206543,
0,2.4926857948303223,
0,2.4926860332489014,
0,2.4926857948303223,
0,2.4926860332489014,
0,2.4926860332489014,
0,2.4926860332489014,
0,2.4926857948303223,
0,2.4918689727783203,
0,2.489248514175415,
0,2.489248752593994,
0,2.489248514175415,
0,2.489248514175415,
0,2.489248752593994,
0,2.489248514175415,
0,2.489248752593994,
0,2.487835645675659,
0,2.4845504760742188,
0,2.4845504760742188,
0,2.4845504760742188,
0,2.4845504760742188,
0,2.4845504760742188,
0,2.4845504760742188,
0,2.4845504760742188,
0,2.483203887939453,
0,2.4817585945129395,
0,2.4817585945129395,
0,2.4817588329315186,
0,2.4817585945129395,
0,2.4817585945129395,
0,2.4817585945129395,
0,2.4817585945129395,
0,2.4802212715148926,
0,2.476109027862549,
0,2.476109027862549,
0,2.476109027862549,
0,2.476109266281128,
0,2.476109027862549,
0,2.476109027862549,
0,2.476109266281128,
0,2.474602699279785,
0,2.470417022705078,
0,2.470417022705078,
0,2.470417022705078,
0,2.470417022705078,
0,2.470417022705078,
0,2.470417022705078,
0,2.470417022705078,
0,2.468468427658081,
0,2.420563220977783,
0,2.420563220977783,
0,2.420563220977783,
0,2.420563220977783,
0,2.420563220977783,
0,2.420563220977783,
0,2.420563220977783,
0,2.4188811779022217,
0,2.4144468307495117,
0,2.4144468307495117,
0,2.4144465923309326,
0,2.4144468307495117,
0,2.4144465923309326,
0,2.4144468307495117,
0,2.4144468307495117,
0,2.4136269092559814,
0,2.4081363677978516,
0,2.4081363677978516,
0,2.4081363677978516,
0,2.4081363677978516,
0,2.4081363677978516,
0,2.4081363677978516,
0,2.4081363677978516,
0,2.4081361293792725,
0,2.4081363677978516,
0,2.408071517944336,
0,2.408057689666748,
0,2.408057689666748,
0,2.408057689666748,
0,2.408057689666748,
0,2.408057689666748,
0,2.408057689666748,
0,2.408057689666748,
0,2.407809257507324,
0,2.4074153900146484,
0,2.4074153900146484,
0,2.4074153900146484,
0,2.4074156284332275,
0,2.4074153900146484,
0,2.4074153900146484,
0,2.4074153900146484,
0,2.4066991806030273,
0,2.4062371253967285,
0,2.4062371253967285,
0,2.4062371253967285,
0,2.4062371253967285,
0,2.4062371253967285,
0,2.4062368869781494,
0,2.4062371253967285,
0,2.4053821563720703,
0,2.40425443649292,
0,2.40425443649292,
0,2.40425443649292,
0,2.40425443649292,
0,2.40425443649292,
0,2.40425443649292,
0,2.40425443649292,
0,2.4032998085021973,
0,2.402031421661377,
0,2.402031421661377,
0,2.402031421661377,
0,2.402031421661377,
0,2.402031421661377,
0,2.402031421661377,
0,2.402031421661377,
0,2.401003360748291,
0,2.3988542556762695,
0,2.3988542556762695,
0,2.3988544940948486,
0,2.3988542556762695,
0,2.3988542556762695,
0,2.3988544940948486,
0,2.3988542556762695,
0,2.397380828857422,
0,2.394602060317993,
0,2.394602060317993,
0,2.394601821899414,
0,2.394601821899414,
0,2.394601821899414,
0,2.394602060317993,
0,2.394601821899414,
0,2.3938755989074707,
0,2.3906776905059814,
0,2.3906776905059814,
0,2.3906776905059814,
0,2.3906774520874023,
0,2.3906774520874023,
0,2.3906776905059814,
0,2.3906774520874023,
0,2.3891115188598633,
0,2.385782241821289,
0,2.385782241821289,
0,2.385782241821289,
0,2.385782241821289,
0,2.385782241821289,
0,2.385782241821289,
0,2.385782241821289,
0,2.3841335773468018,
0,2.3809571266174316,
0,2.3809571266174316,
0,2.3809571266174316,
0,2.3809571266174316,
0,2.3809571266174316,
0,2.3809571266174316,
0,2.3809571266174316,
0,2.379457712173462,
0,2.3775153160095215,
0,2.3775153160095215,
0,2.3775153160095215,
0,2.3775153160095215,
0,2.3775153160095215,
0,2.3775153160095215,
0,2.3775153160095215,
0,2.3751494884490967,
0,2.371711254119873,
0,2.371711254119873,
0,2.371711254119873,
0,2.371711254119873,
0,2.371711254119873,
0,2.371711254119873,
0,2.371711254119873,
0,2.370206832885742,
0,2.3710126876831055,
0,2.3710126876831055,
0,2.3710126876831055,
0,2.3710124492645264,
0,2.3710126876831055,
0,2.3710124492645264,
0,2.3710124492645264,
0,2.369180202484131,
0,2.3659396171569824,
0,2.3659396171569824,
0,2.3659396171569824,
0,2.3659396171569824,
0,2.3659396171569824,
0,2.3659398555755615,
0,2.3659396171569824,
0,2.3639116287231445,
0,2.3606739044189453,
0,2.3606739044189453,
0,2.3606739044189453,
0,2.3606739044189453,
0,2.3606739044189453,
0,2.3606739044189453,
0,2.3606739044189453,
0,2.3589468002319336,
0,2.3558032512664795,
0,2.3558032512664795,
0,2.3558032512664795,
0,2.3558034896850586,
0,2.3558032512664795,
0,2.3558032512664795,
0,2.3558032512664795,
0,2.354031562805176,
0,2.350829839706421,
0,2.350830078125,
0,2.350830078125,
0,2.350830078125,
0,2.350830078125,
0,2.350830078125,
0,2.350830078125,
0,2.3488097190856934,
0,2.345738649368286,
0,2.345738410949707,
0,2.345738649368286,
0,2.345738649368286,
0,2.345738649368286,
0,2.345738410949707,
0,2.345738649368286,
0,2.3441193103790283,
0,2.3411881923675537,
0,2.3411881923675537,
0,2.3411879539489746,
0,2.3411879539489746,
0,2.3411881923675537,
0,2.3411879539489746,
0,2.3411881923675537,
0,2.3395168781280518,
0,2.3365325927734375,
0,2.3365325927734375,
0,2.3365325927734375,
0,2.3365325927734375,
0,2.3365325927734375,
0,2.3365325927734375,
0,2.3365325927734375,
0,2.3349273204803467,
0,2.3319590091705322,
0,2.3319592475891113,
0,2.3319592475891113,
0,2.3319592475891113,
0,2.3319592475891113,
0,2.3319592475891113,
0,2.3319592475891113,
0,2.3301310539245605,
0,2.310631275177002,
0,2.310631275177002,
0,2.310631275177002,
0,2.310631275177002,
0,2.310631513595581,
0,2.310631275177002,
0,2.310631513595581,
0,2.309114456176758,
0,2.653782844543457,
0,2.653782844543457,
0,2.653782844543457,
0,2.653782844543457,
0,2.653782844543457,
0,2.653782844543457,
0,2.653782844543457,
0,2.6523799896240234,
0,2.6520042419433594,
0,2.6520042419433594,
0,2.6520042419433594,
0,2.6520042419433594,
0,2.6520042419433594,
0,2.6520042419433594,
0,2.6520042419433594,
0,2.65146541595459,
0,2.6501476764678955,
0,2.6501476764678955,
0,2.6501476764678955,
0,2.6501476764678955,
0,2.6501476764678955,
0,2.6501476764678955,
0,2.6501476764678955,
0,2.6491103172302246,
0,2.648202896118164,
0,2.648202896118164,
0,2.648202896118164,
0,2.648202896118164,
0,2.648202896118164,
0,2.648202896118164,
0,2.648202896118164,
0,2.6470770835876465,
0,2.6461963653564453,
0,2.6461963653564453,
0,2.6461963653564453,
0,2.6461966037750244,
0,2.6461963653564453,
0,2.6461966037750244,
0,2.6461963653564453,
0,2.644679307937622,
0,2.6439223289489746,
0,2.6439223289489746,
0,2.6439223289489746,
0,2.6439223289489746,
0,2.6439223289489746,
0,2.6439223289489746,
0,2.6439223289489746,
0,2.6423559188842773,
0,2.6416125297546387,
0,2.6416125297546387,
0,2.6416125297546387,
0,2.6416125297546387,
0,2.6416125297546387,
0,2.6416125297546387,
0,2.6416125297546387,
0,2.639434814453125,
0,2.638702392578125,
0,2.638702630996704,
0,2.638702392578125,
0,2.638702630996704,
0,2.638702630996704,
0,2.638702630996704,
0,2.638702630996704,
0,2.6363883018493652,
0,2.6355931758880615,
0,2.6355931758880615,
0,2.6355931758880615,
0,2.6355931758880615,
0,2.6355931758880615,
0,2.6355931758880615,
0,2.6355931758880615,
0,2.6332645416259766,
0,2.6326375007629395,
0,2.6326375007629395,
0,2.6326375007629395,
0,2.6326375007629395,
0,2.6326375007629395,
0,2.6326375007629395,
0,2.6326375007629395,
0,2.6303701400756836,
0,2.6296546459198,
0,2.629654884338379,
0,2.6296546459198,
0,2.6296546459198,
0,2.629654884338379,
0,2.629654884338379,
0,2.629654884338379,
0,2.627027988433838,
0,2.6263508796691895,
0,2.6263508796691895,
0,2.6263508796691895,
0,2.6263508796691895,
0,2.6263508796691895,
0,2.6263508796691895,
0,2.6263508796691895,
0,2.303957939147949,
0,2.623190402984619,
0,2.623190402984619,
0,2.623190402984619,
0,2.623190402984619,
0,2.623190402984619,
0,2.623190402984619,
0,2.623190402984619,
0,2.3027234077453613,
0,2.3019258975982666,
0,2.3019258975982666,
0,2.3019258975982666,
0,2.3019258975982666,
0,2.3019258975982666,
0,2.3019258975982666,
0,2.3019258975982666,
0,2.301379680633545,
0,2.300306797027588,
0,2.300306797027588,
0,2.300306797027588,
0,2.300306797027588,
0,2.300306797027588,
0,2.300306797027588,
0,2.300304651260376,
0,2.299898862838745,
0,2.2981128692626953,
0,2.2981128692626953,
0,2.2981128692626953,
0,2.2981128692626953,
0,2.2981128692626953,
0,2.2981128692626953,
0,2.2976737022399902,
0,2.2968578338623047,
0,2.294879198074341,
0,2.294879198074341,
0,2.294879198074341,
0,2.294879198074341,
0,2.294879198074341,
0,2.294879198074341,
0,2.2945408821105957,
0,2.293919563293457,
0,2.291832447052002,
0,2.291832447052002,
0,2.291832447052002,
0,2.291832447052002,
0,2.291832447052002,
0,2.291832447052002,
0,2.2913272380828857,
0,2.290668249130249,
0,2.287553310394287,
0,2.287553310394287,
0,2.287553310394287,
0,2.287553310394287,
0,2.287553310394287,
0,2.287553310394287,
0,2.2869627475738525,
0,2.286038875579834,
0,2.281838893890381,
0,2.281838893890381,
0,2.281838893890381,
0,2.281838893890381,
0,2.281838893890381,
0,2.281838893890381,
0,2.281151533126831,
0,2.280639410018921,
0,2.275899887084961,
0,2.275899887084961,
0,2.275899887084961,
0,2.275899887084961,
0,2.275899887084961,
0,2.275899887084961,
0,2.275144577026367,
0,2.2741613388061523,
0,2.2694404125213623,
0,2.2694404125213623,
0,2.2694404125213623,
0,2.2694404125213623,
0,2.2694404125213623,
0,2.2694404125213623,
0,2.268799066543579,
0,2.268186092376709,
0,2.232154369354248,
0,2.232154369354248,
0,2.232154369354248,
0,2.232154369354248,
0,2.232154369354248,
0,2.232154369354248,
0,2.2312283515930176,
0,2.230705738067627,
0,2.2258617877960205,
0,2.2258617877960205,
0,2.2258617877960205,
0,2.2258617877960205,
0,2.2258617877960205,
0,2.2258617877960205,
0,2.2248826026916504,
0,2.2241084575653076,
0,2.219545841217041,
0,2.219545841217041,
0,2.219545841217041,
0,2.219545841217041,
0,2.219545841217041,
0,2.219545602798462,
0,2.218613386154175,
0,2.2179806232452393,
0,2.213469982147217,
0,2.213469982147217,
0,2.213469982147217,
0,2.213469982147217,
0,2.213469982147217,
0,2.213469982147217,
0,2.212658166885376,
0,2.2118780612945557,
0,2.207394599914551,
0,2.207394599914551,
0,2.20739483833313,
0,2.207394599914551,
0,2.207394599914551,
0,2.207394599914551,
0,2.2066285610198975,
0,2.2059764862060547,
0,2.201606512069702,
0,2.2016067504882812,
0,2.2016067504882812,
0,2.2016067504882812,
0,2.201606512069702,
0,2.2016067504882812,
0,2.2007527351379395,
0,2.199954032897949,
0,2.1958682537078857,
0,2.1958682537078857,
0,2.1958682537078857,
0,2.1958682537078857,
0,2.1958680152893066,
0,2.1958682537078857,
0,2.195192813873291,
0,2.1944212913513184,
0,2.1906936168670654,
0,2.1906936168670654,
0,2.1906936168670654,
0,2.1906936168670654,
0,2.1906936168670654,
0,2.1906936168670654,
0,2.1900601387023926,
0,2.189332962036133,
0,2.185659408569336,
0,2.185659408569336,
0,2.185659408569336,
0,2.185659408569336,
0,2.185659408569336,
0,2.185659408569336,
0,2.185014247894287,
0,2.1842808723449707,
0,2.1811130046844482,
0,2.1811130046844482,
0,2.1811130046844482,
0,2.1811130046844482,
0,2.1811130046844482,
0,2.1811130046844482,
0,2.1805665493011475,
0,2.179842472076416,
0,2.1770288944244385,
0,2.1770288944244385,
0,2.1770286560058594,
0,2.1770288944244385,
0,2.1770288944244385,
0,2.1770286560058594,
0,2.17646861076355,
0,2.1757354736328125,
0,2.17303729057312,
0,2.17303729057312,
0,2.17303729057312,
0,2.17303729057312,
0,2.17303729057312,
0,2.17303729057312,
0,2.1727476119995117,
0,2.1719350814819336,
0,2.169309616088867,
0,2.169309616088867,
0,2.169309616088867,
0,2.169309616088867,
0,2.169309377670288,
0,2.169309377670288,
0,2.168996572494507,
0,2.1682636737823486,
0,2.165792465209961,
0,2.165792465209961,
0,2.165792465209961,
0,2.165792465209961,
0,2.165792465209961,
0,2.165792465209961,
0,2.165499687194824,
0,2.1654837131500244,
0,2.1625382900238037,
0,2.1625382900238037,
0,2.1625382900238037,
0,2.1625380516052246,
0,2.1625382900238037,
0,2.1625382900238037,
0,2.1622650623321533,
0,2.161546468734741,
0,2.1594595909118652,
0,2.159459352493286,
0,2.159459352493286,
0,2.159459352493286,
0,2.159459352493286,
0,2.159459352493286,
0,2.159205436706543,
0,2.158327102661133,
0,2.1562507152557373,
0,2.1562507152557373,
0,2.1562507152557373,
0,2.1562507152557373,
0,2.1562507152557373,
0,2.1562507152557373,
0,2.156015634536743,
0,2.155209541320801,
0,2.1534886360168457,
0,2.153488874435425,
0,2.1534886360168457,
0,2.153488874435425,
0,2.153488874435425,
0,2.1534886360168457,
0,2.153303861618042,
0,2.152498245239258,
0,2.1507601737976074,
0,2.1507601737976074,
0,2.1507601737976074,
0,2.1507601737976074,
0,2.1507601737976074,
0,2.1507601737976074,
0,2.150587320327759,
0,2.149791955947876,
0,2.148414373397827,
0,2.148414134979248,
0,2.148414373397827,
0,2.148414373397827,
0,2.148414134979248,
0,2.148414373397827,
0,2.148277759552002,
0,2.1474626064300537,
0,2.146104335784912,
0,2.146103858947754,
0,2.146104335784912,
0,2.146104335784912,
0,2.146103858947754,
0,2.146103858947754,
0,2.1459498405456543,
0,2.1451025009155273,
0,2.1439266204833984,
0,2.1439266204833984,
0,2.1439266204833984,
0,2.1439266204833984,
0,2.1439266204833984,
0,2.1439266204833984,
0,2.1438040733337402,
0,2.1429901123046875,
0,2.1420340538024902,
0,2.1420342922210693,
0,2.1420342922210693,
0,2.1420342922210693,
0,2.1420342922210693,
0,2.1420340538024902,
0,2.141892671585083,
0,2.1410977840423584,
0,2.1401939392089844,
0,2.1401939392089844,
0,2.1401939392089844,
0,2.1401939392089844,
0,2.1401939392089844,
0,2.1401939392089844,
0,2.140056848526001,
0,2.139249563217163,
0,2.1383988857269287,
0,2.1383988857269287,
0,2.138399124145508,
0,2.138399124145508,
0,2.138399124145508,
0,2.138399124145508,
0,2.1383321285247803,
0,2.1375160217285156,
0,2.1366171836853027,
0,2.1366171836853027,
0,2.1366171836853027,
0,2.1366171836853027,
0,2.1366171836853027,
0,2.1366171836853027,
0,2.136552095413208,
0,2.1357131004333496,
0,2.1299259662628174,
0,2.1299259662628174,
0,2.1299259662628174,
0,2.1299259662628174,
0,2.1299259662628174,
0,2.1299257278442383,
0,2.1298415660858154,
0,2.1289968490600586,
0,2.12821102142334,
0,2.12821102142334,
0,2.12821102142334,
0,2.12821102142334,
0,2.12821102142334,
0,2.12821102142334,
0,2.1281497478485107,
0,2.127333402633667,
0,2.1266028881073,
0,2.1266028881073,
0,2.1266026496887207,
0,2.1266026496887207,
0,2.1266026496887207,
0,2.1266026496887207,
0,2.12652325630188,
0,2.1257269382476807,
0,2.1249146461486816,
0,2.1249146461486816,
0,2.1249146461486816,
0,2.1249146461486816,
0,2.1249146461486816,
0,2.1249146461486816,
0,2.124856472015381,
0,2.1240193843841553,
0,2.1233034133911133,
0,2.1233034133911133,
0,2.1233034133911133,
0,2.1233034133911133,
0,2.1233034133911133,
0,2.1233034133911133,
0,2.123228073120117,
0,2.1224231719970703,
0,2.1217222213745117,
0,2.1217222213745117,
0,2.1217222213745117,
0,2.1217222213745117,
0,2.1217222213745117,
0,2.1217222213745117,
0,2.1216487884521484,
0,2.120832920074463,
0,2.1201510429382324,
0,2.1201510429382324,
0,2.1201510429382324,
0,2.1201510429382324,
0,2.1201510429382324,
0,2.1201510429382324,
0,2.1200971603393555,
0,2.1192831993103027,
0,2.1185381412506104,
0,2.1185381412506104,
0,2.1185381412506104,
0,2.1185381412506104,
0,2.1185381412506104,
0,2.1185381412506104,
0,2.1184685230255127,
0,2.117673397064209,
0,2.116990089416504,
0,2.116990089416504,
0,2.116990089416504,
0,2.116990089416504,
0,2.116990089416504,
0,2.116990089416504,
0,2.116939067840576,
0,2.11614727973938,
0,2.1154885292053223,
0,2.1154885292053223,
0,2.1154885292053223,
0,2.1154885292053223,
0,2.1154885292053223,
0,2.1154885292053223,
0,2.115422248840332,
0,2.114630699157715,
0,2.1139280796051025,
0,2.1139280796051025,
0,2.1139280796051025,
0,2.1139280796051025,
0,2.1139280796051025,
0,2.1139280796051025,
0,2.113879919052124,
0,2.1130788326263428,
0,2.1124677658081055,
0,2.1124680042266846,
0,2.1124677658081055,
0,2.1124677658081055,
0,2.1124677658081055,
0,2.1124677658081055,
0,2.112405300140381,
0,2.112403631210327,
0,2.1110100746154785,
0,2.1110103130340576,
0,2.1110103130340576,
0,2.1110103130340576,
0,2.1110103130340576,
0,2.1110103130340576,
0,2.1110079288482666,
0,2.110217809677124,
0,2.109635591506958,
0,2.109635353088379,
0,2.109635353088379,
0,2.109635353088379,
0,2.109635591506958,
0,2.109635591506958,
0,2.109633207321167,
0,2.1088435649871826,
0,2.1082258224487305,
0,2.1082260608673096,
0,2.1082260608673096,
0,2.1082258224487305,
0,2.1082258224487305,
0,2.1082258224487305,
0,2.1082234382629395,
0,2.107424020767212,
0,2.106785535812378,
0,2.106785297393799,
0,2.106785535812378,
0,2.106785297393799,
0,2.106785535812378,
0,2.106785297393799,
0,2.106783151626587,
0,2.1059539318084717,
0,2.1053647994995117,
0,2.1053647994995117,
0,2.1053647994995117,
0,2.1053645610809326,
0,2.1053647994995117,
0,2.1053647994995117,
0,2.1053624153137207,
0,2.1045994758605957,
0,2.103991985321045,
0,2.103992223739624,
0,2.103991985321045,
0,2.103992223739624,
0,2.103991985321045,
0,2.103992223739624,
0,2.103990077972412,
0,2.103200674057007,
0,2.1026082038879395,
0,2.1026082038879395,
0,2.1026082038879395,
0,2.1026079654693604,
0,2.1026082038879395,
0,2.1026082038879395,
0,2.1026058197021484,
0,2.102604627609253,
0,2.101199150085449,
0,2.101199150085449,
0,2.101199150085449,
0,2.101199150085449,
0,2.101199150085449,
0,2.101199150085449,
0,2.101196765899658,
0,2.100407123565674,
0,2.0998549461364746,
0,2.0998549461364746,
0,2.0998549461364746,
0,2.0998549461364746,
0,2.0998549461364746,
0,2.0998544692993164,
0,2.0998523235321045,
0,2.0990452766418457,
0,2.098464012145996,
0,2.098464012145996,
0,2.098464012145996,
0,2.098464012145996,
0,2.098464012145996,
0,2.098464012145996,
0,2.098464012145996,
0,2.0976903438568115,
0,2.0971150398254395,
0,2.0971150398254395,
0,2.0971150398254395,
0,2.0971150398254395,
0,2.0971150398254395,
0,2.0971150398254395,
0,2.0971126556396484,
0,2.096309185028076,
0,2.0956966876983643,
0,2.0956966876983643,
0,2.0956966876983643,
0,2.0956966876983643,
0,2.0956966876983643,
0,2.0956966876983643,
0,2.0956945419311523,
0,2.094907760620117,
0,2.0943756103515625,
0,2.0943756103515625,
0,2.0943756103515625,
0,2.0943756103515625,
0,2.0943756103515625,
0,2.0943756103515625,
0,2.0943734645843506,
0,2.093606948852539,
0,2.0930075645446777,
0,2.0930075645446777,
0,2.0930075645446777,
0,2.0930075645446777,
0,2.0930075645446777,
0,2.0930075645446777,
0,2.093005418777466,
0,2.0922017097473145,
0,2.0916411876678467,
0,2.0916411876678467,
0,2.0916411876678467,
0,2.091641426086426,
0,2.0916411876678467,
0,2.091641426086426,
0,2.0916390419006348,
0,2.0908632278442383,
0,2.0903868675231934,
0,2.0903868675231934,
0,2.0903871059417725,
0,2.0903868675231934,
0,2.0903871059417725,
0,2.0903868675231934,
0,2.0903847217559814,
0,2.0895862579345703,
0,2.089097499847412,
0,2.089097499847412,
0,2.089097499847412,
0,2.089097499847412,
0,2.089097499847412,
0,2.089097499847412,
0,2.089095115661621,
0,2.088310718536377,
0,2.0878169536590576,
0,2.0878169536590576,
0,2.0878167152404785,
0,2.0878169536590576,
0,2.0878167152404785,
0,2.0878169536590576,
0,2.0878148078918457,
0,2.08711576461792,
0,2.086639881134033,
0,2.086639881134033,
0,2.086639881134033,
0,2.086639881134033,
0,2.086639881134033,
0,2.086639881134033,
0,2.086637496948242,
0,2.085930109024048,
0,2.085447311401367,
0,2.085447311401367,
0,2.085447311401367,
0,2.085447311401367,
0,2.085447311401367,
0,2.085447311401367,
0,2.0854451656341553,
0,2.0847644805908203,
0,2.084266185760498,
0,2.084266424179077,
0,2.084266424179077,
0,2.084266424179077,
0,2.084266424179077,
0,2.084266185760498,
0,2.084263801574707,
0,2.0842626094818115,
0,2.0830326080322266,
0,2.0830326080322266,
0,2.0830326080322266,
0,2.0830326080322266,
0,2.0830326080322266,
0,2.0830326080322266,
0,2.0830302238464355,
0,2.082324743270874,
0,2.0818395614624023,
0,2.0818395614624023,
0,2.0818395614624023,
0,2.0818395614624023,
0,2.0818395614624023,
0,2.0818395614624023,
0,2.0818371772766113,
0,2.081148624420166,
0,2.0806660652160645,
0,2.0806660652160645,
0,2.0806660652160645,
0,2.0806660652160645,
0,2.0806660652160645,
0,2.0806660652160645,
0,2.0806636810302734,
0,2.079984188079834,
0,2.079505681991577,
0,2.079505681991577,
0,2.079505681991577,
0,2.079505681991577,
0,2.079505681991577,
0,2.0795059204101562,
0,2.0795035362243652,
0,2.078800678253174,
0,2.162402868270874,
0,2.162402868270874,
0,2.162402868270874,
0,2.162402868270874,
0,2.162402868270874,
0,2.162402868270874,
0,2.162400722503662,
0,2.16176700592041,
0,2.1612930297851562,
0,2.1612930297851562,
0,2.1612930297851562,
0,2.1612930297851562,
0,2.1612930297851562,
0,2.1612930297851562,
0,2.1612908840179443,
0,2.160644769668579,
0,2.160191059112549,
0,2.160191059112549,
0,2.160191059112549,
0,2.160191059112549,
0,2.160191059112549,
0,2.160191297531128,
0,2.160189151763916,
0,2.1595726013183594,
0,2.1591343879699707,
0,2.1591343879699707,
0,2.1591343879699707,
0,2.1591343879699707,
0,2.1591343879699707,
0,2.1591343879699707,
0,2.159132242202759,
0,2.1585164070129395,
0,2.1580591201782227,
0,2.1580591201782227,
0,2.1580591201782227,
0,2.1580588817596436,
0,2.1580591201782227,
0,2.1580591201782227,
0,2.1580569744110107,
0,2.1573314666748047,
0,2.156834602355957,
0,2.156834602355957,
0,2.156834602355957,
0,2.156834602355957,
0,2.156834602355957,
0,2.156834602355957,
0,2.156832456588745,
0,2.156010627746582,
0,2.1555380821228027,
0,2.1555378437042236,
0,2.155538320541382,
0,2.1555380821228027,
0,2.1555378437042236,
0,2.155538320541382,
0,2.155535936355591,
0,2.1547298431396484,
0,2.1542530059814453,
0,2.1542530059814453,
0,2.1542530059814453,
0,2.1542530059814453,
0,2.1542530059814453,
0,2.1542530059814453,
0,2.1542510986328125,
0,2.153434991836548,
0,2.152863025665283,
0,2.152862787246704,
0,2.152862787246704,
0,2.152862787246704,
0,2.152862787246704,
0,2.152862787246704,
0,2.1528611183166504,
0,2.1520426273345947,
0,2.15146803855896,
0,2.15146803855896,
0,2.15146803855896,
0,2.15146803855896,
0,2.15146803855896,
0,2.15146803855896,
0,2.1514663696289062,
0,2.1506614685058594,
0,2.1500837802886963,
0,2.1500837802886963,
0,2.1500837802886963,
0,2.1500837802886963,
0,2.1500837802886963,
0,2.1500837802886963,
0,2.1500821113586426,
0,2.1492786407470703,
0,2.148714780807495,
0,2.148715019226074,
0,2.148715019226074,
0,2.148714780807495,
0,2.148714780807495,
0,2.148714780807495,
0,2.1487131118774414,
0,2.1479108333587646,
0,2.1472926139831543,
0,2.1472926139831543,
0,2.147292375564575,
0,2.147292375564575,
0,2.147292375564575,
0,2.1472926139831543,
0,2.1472907066345215,
0,2.146515130996704,
0,2.145939826965332,
0,2.145939826965332,
0,2.145939826965332,
0,2.145939826965332,
0,2.145939826965332,
0,2.145939826965332,
0,2.145937919616699,
0,2.145150899887085,
0,2.1445980072021484,
0,2.1445980072021484,
0,2.1445980072021484,
0,2.1445980072021484,
0,2.1445980072021484,
0,2.1445980072021484,
0,2.144596576690674,
0,2.1438844203948975,
0,2.1433091163635254,
0,2.1433091163635254,
0,2.1433091163635254,
0,2.1433091163635254,
0,2.1433088779449463,
0,2.1433091163635254,
0,2.1433072090148926,
0,2.1425821781158447,
0,2.14201283454895,
0,2.14201283454895,
0,2.14201283454895,
0,2.14201283454895,
0,2.14201283454895,
0,2.14201283454895,
0,2.1420111656188965,
0,2.1412997245788574,
0,2.140768527984619,
0,2.140768527984619,
0,2.140768527984619,
0,2.140768527984619,
0,2.140768527984619,
0,2.140768527984619,
0,2.1407666206359863,
0,2.1400883197784424,
0,2.1395602226257324,
0,2.1395602226257324,
0,2.1395599842071533,
0,2.1395602226257324,
0,2.1395602226257324,
0,2.1395599842071533,
0,2.1395583152770996,
0,2.138904094696045,
0,2.1383705139160156,
0,2.1383705139160156,
0,2.1383705139160156,
0,2.1383705139160156,
0,2.1383705139160156,
0,2.1383705139160156,
0,2.138368606567383,
0,2.1383674144744873,
0,2.137255907058716,
0,2.137255907058716,
0,2.137255907058716,
0,2.1372556686401367,
0,2.1372556686401367,
0,2.1372556686401367,
0,2.137253999710083,
0,2.136655330657959,
0,2.136150360107422,
0,2.136150360107422,
0,2.1361501216888428,
0,2.1361501216888428,
0,2.1361498832702637,
0,2.1361498832702637,
0,2.136148452758789,
0,2.135540008544922,
0,2.1350319385528564,
0,2.1350317001342773,
0,2.1350319385528564,
0,2.1350319385528564,
0,2.1350319385528564,
0,2.1350317001342773,
0,2.1350302696228027,
0,2.1344335079193115,
0,2.1339218616485596,
0,2.1339218616485596,
0,2.1339218616485596,
0,2.1339218616485596,
0,2.1339218616485596,
0,2.1339218616485596,
0,2.133920192718506,
0,2.1333119869232178,
0,2.1328399181365967,
0,2.1328399181365967,
0,2.1328396797180176,
0,2.1328399181365967,
0,2.1328396797180176,
0,2.1328399181365967,
0,2.132838010787964,
0,2.132230043411255,
0,2.1316885948181152,
0,2.1316885948181152,
0,2.1316885948181152,
0,2.1316885948181152,
0,2.1316885948181152,
0,2.1316885948181152,
0,2.1316869258880615,
0,2.1311044692993164,
0,2.1306262016296387,
0,2.1306262016296387,
0,2.1306262016296387,
0,2.1306262016296387,
0,2.1306262016296387,
0,2.1306262016296387,
0,2.130624294281006,
0,2.1300301551818848,
0,2.1295244693756104,
0,2.1295244693756104,
0,2.1295244693756104,
0,2.1295244693756104,
0,2.1295247077941895,
0,2.1295244693756104,
0,2.1295228004455566,
0,2.129521369934082,
0,2.1284360885620117,
0,2.1284360885620117,
0,2.1284360885620117,
0,2.1284360885620117,
0,2.1284360885620117,
0,2.1284360885620117,
0,2.128434181213379,
0,2.12783145904541,
0,2.1272900104522705,
0,2.1272900104522705,
0,2.1272900104522705,
0,2.1272900104522705,
0,2.1272900104522705,
0,2.1272900104522705,
0,2.127288341522217,
0,2.126709222793579,
0,2.126215934753418,
0,2.126215934753418,
0,2.126215934753418,
0,2.126215934753418,
0,2.126215934753418,
0,2.126215934753418,
0,2.1262142658233643,
0,2.1256120204925537,
0,2.125091791152954,
0,2.125092029571533,
0,2.125092029571533,
0,2.125092029571533,
0,2.125091791152954,
0,2.125092029571533,
0,2.1250901222229004,
0,2.1245036125183105,
0,2.123979330062866,
0,2.123979091644287,
0,2.123979091644287,
0,2.123979091644287,
0,2.123979091644287,
0,2.123979330062866,
0,2.1239771842956543,
0,2.12337589263916,
0,2.1229286193847656,
0,2.1229286193847656,
0,2.1229286193847656,
0,2.1229286193847656,
0,2.1229286193847656,
0,2.1229286193847656,
0,2.122926712036133,
0,2.122314214706421,
0,2.1218366622924805,
0,2.1218366622924805,
0,2.1218366622924805,
0,2.1218366622924805,
0,2.1218369007110596,
0,2.1218366622924805,
0,2.1218349933624268,
0,2.121258497238159,
0,2.1207995414733887,
0,2.1207997798919678,
0,2.1207995414733887,
0,2.1207997798919678,
0,2.1207997798919678,
0,2.1207995414733887,
0,2.120797872543335,
0,2.1202125549316406,
0,2.119746446609497,
0,2.119746446609497,
0,2.119746446609497,
0,2.119746446609497,
0,2.119746685028076,
0,2.119746446609497,
0,2.1197447776794434,
0,2.1191654205322266,
0,2.1194000244140625,
0,2.1194000244140625,
0,2.1194000244140625,
0,2.1194000244140625,
0,2.1194000244140625,
0,2.1194000244140625,
0,2.119398355484009,
0,2.118820905685425,
0,2.118364095687866,
0,2.1183643341064453,
0,2.1183643341064453,
0,2.118364095687866,
0,2.1183643341064453,
0,2.118364095687866,
0,2.1183624267578125,
0,2.117797374725342,
0,2.1173253059387207,
0,2.1173253059387207,
0,2.1173253059387207,
0,2.1173253059387207,
0,2.1173253059387207,
0,2.1173253059387207,
0,2.117323637008667,
0,2.1167235374450684,
0,2.11624813079834,
0,2.11624813079834,
0,2.11624813079834,
0,2.11624813079834,
0,2.11624813079834,
0,2.11624813079834,
0,2.116246223449707,
0,2.115673303604126,
0,2.1152279376983643,
0,2.1152279376983643,
0,2.1152279376983643,
0,2.1152279376983643,
0,2.1152279376983643,
0,2.1152279376983643,
0,2.1152260303497314,
0,2.1146514415740967,
0,2.1141843795776367,
0,2.1141843795776367,
0,2.1141843795776367,
0,2.114184617996216,
0,2.1141843795776367,
0,2.1141843795776367,
0,2.114182710647583,
0,2.1136083602905273,
0,2.1131367683410645,
0,2.1131370067596436,
0,2.1131372451782227,
0,2.1131370067596436,
0,2.1131370067596436,
0,2.1131367683410645,
0,2.1131350994110107,
0,2.1125848293304443,
0,2.1121256351470947,
0,2.112125873565674,
0,2.112125873565674,
0,2.1121256351470947,
0,2.112125873565674,
0,2.112125873565674,
0,2.112123966217041,
0,2.1115639209747314,
0,2.1110951900482178,
0,2.111095428466797,
0,2.111095428466797,
0,2.111095428466797,
0,2.111095428466797,
0,2.1110951900482178,
0,2.111093521118164,
0,2.110520362854004,
0,2.1100480556488037,
0,2.1100478172302246,
0,2.1100478172302246,
0,2.1100478172302246,
0,2.1100480556488037,
0,2.1100480556488037,
0,2.110046148300171,
0,2.10947322845459,
0,2.10896372795105,
0,2.10896372795105,
0,2.1089634895324707,
0,2.1089634895324707,
0,2.10896372795105,
0,2.1089634895324707,
0,2.108961820602417,
0,2.108402967453003,
0,2.1079602241516113,
0,2.1079599857330322,
0,2.1079599857330322,
0,2.1079602241516113,
0,2.1079602241516113,
0,2.1079599857330322,
0,2.1079580783843994,
0,2.1073970794677734,
0,2.1069459915161133,
0,2.1069459915161133,
0,2.1069459915161133,
0,2.1069459915161133,
0,2.1069459915161133,
0,2.1069459915161133,
0,2.1069440841674805,
0,2.1063859462738037,
0,2.105923891067505,
0,2.105923891067505,
0,2.105923891067505,
0,2.105923891067505,
0,2.105923891067505,
0,2.105924129486084,
0,2.105922222137451,
0,2.1059207916259766,
0,2.1049304008483887,
0,2.1049304008483887,
0,2.1049304008483887,
0,2.1049306392669678,
0,2.1049304008483887,
0,2.1049304008483887,
0,2.104928493499756,
0,2.104360342025757,
0,2.10394549369812,
0,2.10394549369812,
0,2.10394549369812,
0,2.10394549369812,
0,2.10394549369812,
0,2.10394549369812,
0,2.1039435863494873,
0,2.103398323059082,
0,2.102971076965332,
0,2.102971315383911,
0,2.102971315383911,
0,2.102971076965332,
0,2.102971315383911,
0,2.102971315383911,
0,2.1029694080352783,
0,2.1024153232574463,
0,2.1019692420959473,
0,2.1019692420959473,
0,2.1019692420959473,
0,2.1019692420959473,
0,2.1019692420959473,
0,2.1019692420959473,
0,2.1019692420959473,
0,2.1014013290405273,
0,2.1009888648986816,
0,2.1009888648986816,
0,2.1009886264801025,
0,2.1009886264801025,
0,2.1009886264801025,
0,2.1009888648986816,
0,2.100986957550049,
0,2.100421905517578,
0,2.100008726119995,
0,2.100008487701416,
0,2.100008487701416,
0,2.100008487701416,
0,2.100008487701416,
0,2.100008487701416,
0,2.100006580352783,
0,2.0994441509246826,
0,2.0990374088287354,
0,2.0990374088287354,
0,2.0990374088287354,
0,2.0990371704101562,
0,2.0990371704101562,
0,2.0990374088287354,
0,2.0990355014801025,
0,2.098452568054199,
0,2.0980303287506104,
0,2.0980303287506104,
0,2.0980303287506104,
0,2.0980303287506104,
0,2.0980303287506104,
0,2.0980303287506104,
0,2.0980284214019775,
0,2.0974583625793457,
0,2.0970370769500732,
0,2.0970370769500732,
0,2.0970373153686523,
0,2.0970370769500732,
0,2.0970370769500732,
0,2.0970370769500732,
0,2.0970354080200195,
0,2.096418857574463,
0,2.096015691757202,
0,2.096015691757202,
0,2.096015453338623,
0,2.096015453338623,
0,2.096015453338623,
0,2.096015453338623,
0,2.0960137844085693,
0,2.095432996749878,
0,2.0950238704681396,
0,2.0950238704681396,
0,2.0950238704681396,
0,2.0950236320495605,
0,2.0950238704681396,
0,2.0950238704681396,
0,2.095022201538086,
0,2.0944433212280273,
0,2.094024658203125,
0,2.094024181365967,
0,2.094024181365967,
0,2.094024181365967,
0,2.094024419784546,
0,2.094024419784546,
0,2.094022512435913,
0,2.0934641361236572,
0,2.093048095703125,
0,2.093048095703125,
0,2.093048095703125,
0,2.093048095703125,
0,2.093048095703125,
0,2.093048095703125,
0,2.093046188354492,
0,2.0924580097198486,
0,2.0920629501342773,
0,2.0920629501342773,
0,2.0920629501342773,
0,2.0920629501342773,
0,2.0920629501342773,
0,2.0920629501342773,
0,2.0920610427856445,
0,2.0914924144744873,
0,2.0910353660583496,
0,2.0910353660583496,
0,2.0910353660583496,
0,2.0910353660583496,
0,2.0910353660583496,
0,2.0910353660583496,
0,2.091033458709717,
0,2.090468406677246,
0,2.090064287185669,
0,2.090064287185669,
0,2.090064525604248,
0,2.090064287185669,
0,2.09006404876709,
0,2.09006404876709,
0,2.090062379837036,
0,2.0894856452941895,
0,2.0890862941741943,
0,2.0890862941741943,
0,2.0890862941741943,
0,2.0890862941741943,
0,2.0890862941741943,
0,2.0890862941741943,
0,2.0890846252441406,
0,2.0885226726531982,
0,2.0881142616271973,
0,2.0881142616271973,
0,2.0881142616271973,
0,2.0881142616271973,
0,2.0881142616271973,
0,2.0881142616271973,
0,2.0881123542785645,
0,2.0875465869903564,
0,2.0871551036834717,
0,2.0871548652648926,
0,2.0871551036834717,
0,2.0871551036834717,
0,2.0871551036834717,
0,2.0871548652648926,
0,2.087153196334839,
0,2.0865790843963623,
0,2.086193323135376,
0,2.086193323135376,
0,2.086193323135376,
0,2.086193323135376,
0,2.086193323135376,
0,2.086193323135376,
0,2.086191415786743,
0,2.0856285095214844,
0,2.0852386951446533,
0,2.0852386951446533,
0,2.085238456726074,
0,2.0852386951446533,
0,2.085238456726074,
0,2.0852386951446533,
0,2.0852367877960205,
0,2.084674596786499,
0,2.0842857360839844,
0,2.0842857360839844,
0,2.0842854976654053,
0,2.0842857360839844,
0,2.0842854976654053,
0,2.0842854976654053,
0,2.0842838287353516,
0,2.083709239959717,
0,2.0833301544189453,
0,2.0833301544189453,
0,2.0833301544189453,
0,2.0833301544189453,
0,2.0833301544189453,
0,2.0833301544189453,
0,2.0833282470703125,
0,2.0827653408050537,
0,2.082392930984497,
0,2.082392930984497,
0,2.082392930984497,
0,2.082392930984497,
0,2.082392930984497,
0,2.082392930984497,
0,2.0823910236358643,
0,2.0818305015563965,
0,2.0814332962036133,
0,2.0814332962036133,
0,2.0814332962036133,
0,2.0814332962036133,
0,2.0814332962036133,
0,2.0814332962036133,
0,2.0814313888549805,
0,2.080861806869507,
0,2.080486297607422,
0,2.080486297607422,
0,2.080486297607422,
0,2.080486536026001,
0,2.080486297607422,
0,2.080486536026001,
0,2.080484628677368,
0,2.079926013946533,
0,2.0795533657073975,
0,2.0795533657073975,
0,2.0795533657073975,
0,2.0795533657073975,
0,2.0795533657073975,
0,2.0795536041259766,
0,2.0795516967773438,
0,2.078944206237793,
0,2.078559398651123,
0,2.078559160232544,
0,2.078559160232544,
0,2.078559398651123,
0,2.078559398651123,
0,2.078559160232544,
0,2.0785574913024902,
0,2.0779876708984375,
0,2.0776307582855225,
0,2.0776307582855225,
0,2.0776309967041016,
0,2.0776309967041016,
0,2.0776309967041016,
0,2.0776309967041016,
0,2.0776288509368896,
0,2.077070713043213,
0,2.076688528060913,
0,2.076688528060913,
0,2.076688528060913,
0,2.076688528060913,
0,2.076688766479492,
0,2.076688528060913,
0,2.0766868591308594,
0,2.076129913330078,
0,2.0757381916046143,
0,2.0757384300231934,
0,2.0757384300231934,
0,2.0757384300231934,
0,2.0757384300231934,
0,2.0757384300231934,
0,2.0757365226745605,
0,2.0751779079437256,
0,2.0747973918914795,
0,2.0747971534729004,
0,2.0747971534729004,
0,2.0747971534729004,
0,2.0747971534729004,
0,2.0747971534729004,
0,2.0747954845428467,
0,2.0742411613464355,
0,2.073826313018799,
0,2.073826789855957,
0,2.073826789855957,
0,2.073826789855957,
0,2.073826551437378,
0,2.073826789855957,
0,2.073824882507324,
0,2.073256492614746,
0,2.0728769302368164,
0,2.0728769302368164,
0,2.0728769302368164,
0,2.0728769302368164,
0,2.0728769302368164,
0,2.0728769302368164,
0,2.0728750228881836,
0,2.0723190307617188,
0,2.071939468383789,
0,2.071939468383789,
0,2.071939468383789,
0,2.071939468383789,
0,2.071939468383789,
0,2.071939468383789,
0,2.0719377994537354,
0,2.071385383605957,
0,2.071023464202881,
0,2.071023464202881,
0,2.0710232257843018,
0,2.071023464202881,
0,2.071023464202881,
0,2.0710232257843018,
0,2.071023464202881,
0,2.0704691410064697,
0,2.070063591003418,
0,2.070063591003418,
0,2.070063591003418,
0,2.070063591003418,
0,2.070063591003418,
0,2.070063591003418,
0,2.070061683654785,
0,2.0694971084594727,
0,2.06912899017334,
0,2.06912899017334,
0,2.06912899017334,
0,2.06912899017334,
0,2.06912899017334,
0,2.06912899017334,
0,2.069127321243286,
0,2.0685558319091797,
0,2.068178653717041,
0,2.068178653717041,
0,2.06817889213562,
0,2.06817889213562,
0,2.06817889213562,
0,2.068178653717041,
0,2.0681769847869873,
0,2.0676355361938477,
0,2.0672755241394043,
0,2.0672755241394043,
0,2.067275285720825,
0,2.067275285720825,
0,2.0672755241394043,
0,2.0672755241394043,
0,2.0672733783721924,
0,2.066710948944092,
0,2.0663352012634277,
0,2.0663352012634277,
0,2.0663352012634277,
0,2.0663352012634277,
0,2.0663352012634277,
0,2.0663352012634277,
0,2.066333293914795,
0,2.065786838531494,
0,2.0654139518737793,
0,2.0654139518737793,
0,2.0654139518737793,
0,2.0654139518737793,
0,2.0654139518737793,
0,2.0654139518737793,
0,2.0654120445251465,
0,2.064852714538574,
0,2.0644941329956055,
0,2.0644941329956055,
0,2.0644941329956055,
0,2.0644941329956055,
0,2.0644941329956055,
0,2.0644941329956055,
0,2.0644922256469727,
0,2.0639407634735107,
0,2.0635697841644287,
0,2.0635697841644287,
0,2.0635695457458496,
0,2.0635697841644287,
0,2.0635695457458496,
0,2.0635695457458496,
0,2.063567638397217,
0,2.063021183013916,
0,2.0626485347747803,
0,2.0626485347747803,
0,2.0626485347747803,
0,2.0626485347747803,
0,2.0626485347747803,
0,2.0626485347747803,
0,2.0626466274261475,
0,2.062089204788208,
0,2.061732292175293,
0,2.061732053756714,
0,2.061732053756714,
0,2.061732053756714,
0,2.061732053756714,
0,2.061732053756714,
0,2.061730146408081,
0,2.0611863136291504,
0,2.0608105659484863,
0,2.0608108043670654,
0,2.0608105659484863,
0,2.0608105659484863,
0,2.0608108043670654,
0,2.0608108043670654,
0,2.0608088970184326,
0,2.060251235961914,
0,2.059861421585083,
0,2.059861421585083,
0,2.059861421585083,
0,2.059861421585083,
0,2.059861421585083,
0,2.059861421585083,
0,2.0598597526550293,
0,2.0593042373657227,
0,2.058933973312378,
0,2.058933973312378,
0,2.058933973312378,
0,2.058933973312378,
0,2.058933734893799,
0,2.058933973312378,
0,2.058932065963745,
0,2.0583534240722656,
0,2.058000326156616,
0,2.058000087738037,
0,2.058000326156616,
0,2.058000326156616,
0,2.058000326156616,
0,2.058000326156616,
0,2.0579984188079834,
0,2.0574426651000977,
0,2.0570435523986816,
0,2.0570435523986816,
0,2.0570435523986816,
0,2.0570435523986816,
0,2.0570435523986816,
0,2.0570435523986816,
0,2.057041645050049,
0,2.0564732551574707,
0,2.0869553089141846,
0,2.0869553089141846,
0,2.0869553089141846,
0,2.0869553089141846,
0,2.0869553089141846,
0,2.0869553089141846,
0,2.086945056915283,
0,2.086366653442383,
0,2.086024045944214,
0,2.086024284362793,
0,2.086024045944214,
0,2.086024045944214,
0,2.086024045944214,
0,2.086024045944214,
0,2.086022138595581,
0,2.085447072982788,
0,2.0850727558135986,
0,2.0850725173950195,
0,2.0850725173950195,
0,2.0850727558135986,
0,2.0850725173950195,
0,2.0850727558135986,
0,2.0850706100463867,
0,2.0844695568084717,
0,2.0840938091278076,
0,2.0840938091278076,
0,2.0840938091278076,
0,2.0840938091278076,
0,2.0840938091278076,
0,2.0840938091278076,
0,2.084091901779175,
0,2.0835142135620117,
0,2.0831570625305176,
0,2.0831570625305176,
0,2.0831570625305176,
0,2.0831570625305176,
0,2.0831570625305176,
0,2.0831570625305176,
0,2.0831551551818848,
0,2.0825634002685547,
0,2.082205295562744,
0,2.0822055339813232,
0,2.082205295562744,
0,2.0822055339813232,
0,2.082205295562744,
0,2.0822055339813232,
0,2.0822038650512695,
0,2.0816078186035156,
0,2.0812435150146484,
0,2.0812435150146484,
0,2.0812435150146484,
0,2.0812435150146484,
0,2.0812437534332275,
0,2.0812435150146484,
0,2.0812416076660156,
0,2.080636501312256,
0,2.080272674560547,
0,2.080272674560547,
0,2.080272674560547,
0,2.080272674560547,
0,2.080272674560547,
0,2.080272674560547,
0,2.080270767211914,
0,2.0796756744384766,
0,2.0793137550354004,
0,2.0793137550354004,
0,2.0793135166168213,
0,2.0793135166168213,
0,2.0793137550354004,
0,2.0793137550354004,
0,2.0793118476867676,
0,2.0787105560302734,
0,2.078320026397705,
0,2.078320026397705,
0,2.078320026397705,
0,2.078320026397705,
0,2.078320026397705,
0,2.078320026397705,
0,2.0783181190490723,
0,2.0777251720428467,
0,2.0773696899414062,
0,2.0773699283599854,
0,2.0773696899414062,
0,2.0773696899414062,
0,2.0773696899414062,
0,2.0773696899414062,
0,2.0773677825927734,
0,2.076740264892578,
0,2.0763728618621826,
0,2.0763728618621826,
0,2.0763728618621826,
0,2.0763728618621826,
0,2.0763726234436035,
0,2.0763726234436035,
0,2.0763707160949707,
0,2.075829029083252,
0,2.0754823684692383,
0,2.0754826068878174,
0,2.0754826068878174,
0,2.0754823684692383,
0,2.0754823684692383,
0,2.0754823684692383,
0,2.0754806995391846,
0,2.0748813152313232,
0,2.074505567550659,
0,2.074505567550659,
0,2.0745058059692383,
0,2.074505567550659,
0,2.074505567550659,
0,2.0745058059692383,
0,2.0745038986206055,
0,2.0738749504089355,
0,2.074256181716919,
0,2.074256181716919,
0,2.074256181716919,
0,2.074256181716919,
0,2.074256181716919,
0,2.074256181716919,
0,2.074254274368286,
0,2.0736348628997803,
0,2.0733325481414795,
0,2.0733325481414795,
0,2.0733325481414795,
0,2.0733325481414795,
0,2.0733327865600586,
0,2.0733325481414795,
0,2.073330879211426,
0,2.0726211071014404,
0,2.0723519325256348,
0,2.0723516941070557,
0,2.0723516941070557,
0,2.0723519325256348,
0,2.0723516941070557,
0,2.0723519325256348,
0,2.072349786758423,
0,2.0716373920440674,
0,2.071402072906494,
0,2.071402072906494,
0,2.071402072906494,
0,2.071402072906494,
0,2.071402072906494,
0,2.071402072906494,
0,2.0713999271392822,
0,2.070685863494873,
0,2.070427894592285,
0,2.070427894592285,
0,2.070427894592285,
0,2.070427894592285,
0,2.070427894592285,
0,2.070427894592285,
0,2.070427894592285,
0,2.0697250366210938,
0,2.0694704055786133,
0,2.0694704055786133,
0,2.0694704055786133,
0,2.0694704055786133,
0,2.0694704055786133,
0,2.0694704055786133,
0,2.0694684982299805,
0,2.0687460899353027,
0,2.0685510635375977,
0,2.0685510635375977,
0,2.0685510635375977,
0,2.0685510635375977,
0,2.0685508251190186,
0,2.0685510635375977,
0,2.068549156188965,
0,2.0678467750549316,
0,2.067573308944702,
0,2.067573308944702,
0,2.067573308944702,
0,2.067573308944702,
0,2.067573308944702,
0,2.067573308944702,
0,2.0675714015960693,
0,2.0668845176696777,
0,2.066620349884033,
0,2.066620349884033,
0,2.066620349884033,
0,2.066620349884033,
0,2.066620349884033,
0,2.066620349884033,
0,2.0666186809539795,
0,2.0659236907958984,
0,2.0656566619873047,
0,2.0656566619873047,
0,2.0656566619873047,
0,2.0656566619873047,
0,2.0656566619873047,
0,2.0656566619873047,
0,2.065654754638672,
0,2.064957618713379,
0,2.064744710922241,
0,2.064744710922241,
0,2.0647449493408203,
0,2.0647449493408203,
0,2.0647449493408203,
0,2.0647449493408203,
0,2.0647430419921875,
0,2.0545735359191895,
0,2.0543227195739746,
0,2.0543227195739746,
0,2.0543227195739746,
0,2.0543227195739746,
0,2.0543227195739746,
0,2.0543227195739746,
0,2.054320812225342,
0,2.0536117553710938,
0,2.0533854961395264,
0,2.0533857345581055,
0,2.0533854961395264,
0,2.0533854961395264,
0,2.0533854961395264,
0,2.0533852577209473,
0,2.0533838272094727,
0,2.052680492401123,
0,2.052335262298584,
0,2.052335500717163,
0,2.052335262298584,
0,2.052335262298584,
0,2.052335262298584,
0,2.052335262298584,
0,2.0523335933685303,
0,2.0516176223754883,
0,2.051295518875122,
0,2.051295518875122,
0,2.051295518875122,
0,2.051295518875122,
0,2.051295518875122,
0,2.051295518875122,
0,2.0512936115264893,
0,2.050567150115967,
0,2.1142711639404297,
0,2.1142711639404297,
0,2.1142711639404297,
0,2.1142711639404297,
0,2.1142711639404297,
0,2.1142711639404297,
0,2.114269256591797,
0,2.1137149333953857,
0,2.1135220527648926,
0,2.1135220527648926,
0,2.1135220527648926,
0,2.1135220527648926,
0,2.1135220527648926,
0,2.1135220527648926,
0,2.113520383834839,
0,2.11303973197937,
0,2.112912178039551,
0,2.11291241645813,
0,2.112912178039551,
0,2.112912178039551,
0,2.112912178039551,
0,2.112912178039551,
0,2.112910747528076,
0,2.1124050617218018,
0,2.112283706665039,
0,2.112283706665039,
0,2.112283706665039,
0,2.112283706665039,
0,2.112283706665039,
0,2.112283706665039,
0,2.1122817993164062,
0,2.1118102073669434,
0,2.11167311668396,
0,2.11167311668396,
0,2.11167311668396,
0,2.11167311668396,
0,2.11167311668396,
0,2.11167311668396,
0,2.111671209335327,
0,2.1111996173858643,
0,2.1110634803771973,
0,2.1110634803771973,
0,2.1110634803771973,
0,2.111063241958618,
0,2.1110634803771973,
0,2.1110634803771973,
0,2.1110615730285645,
0,2.1105546951293945,
0,2.1104259490966797,
0,2.1104259490966797,
0,2.1104259490966797,
0,2.1104259490966797,
0,2.1104259490966797,
0,2.1104259490966797,
0,2.110424280166626,
0,2.109957695007324,
0,2.1098265647888184,
0,2.1098265647888184,
0,2.1098265647888184,
0,2.1098265647888184,
0,2.1098265647888184,
0,2.1098265647888184,
0,2.1098246574401855,
0,2.1093549728393555,
0,2.109229564666748,
0,2.109229803085327,
0,2.109229803085327,
0,2.109229564666748,
0,2.109229803085327,
0,2.109229803085327,
0,2.1092281341552734,
0,2.108750343322754,
0,2.1086313724517822,
0,2.1086313724517822,
0,2.1086313724517822,
0,2.1086313724517822,
0,2.1086313724517822,
0,2.1086313724517822,
0,2.1086297035217285,
0,2.1080551147460938,
0,2.1080148220062256,
0,2.1080148220062256,
0,2.1080148220062256,
0,2.1080148220062256,
0,2.1080148220062256,
0,2.1080148220062256,
0,2.1080129146575928,
0,2.1075382232666016,
0,2.1074109077453613,
0,2.1074109077453613,
0,2.1074109077453613,
0,2.1074109077453613,
0,2.1074109077453613,
0,2.1074109077453613,
0,2.1074092388153076,
0,2.1069228649139404,
0,2.1067862510681152,
0,2.1067862510681152,
0,2.1067862510681152,
0,2.1067862510681152,
0,2.1067862510681152,
0,2.1067862510681152,
0,2.1067843437194824,
0,2.1063039302825928,
0,2.106163501739502,
0,2.106163501739502,
0,2.106163263320923,
0,2.106163501739502,
0,2.106163263320923,
0,2.106163263320923,
0,2.106161594390869,
0,2.105686902999878,
0,2.105551242828369,
0,2.105551242828369,
0,2.105551242828369,
0,2.105551242828369,
0,2.105551242828369,
0,2.105551242828369,
0,2.1055493354797363,
0,2.1050591468811035,
0,2.104922294616699,
0,2.104922294616699,
0,2.104922294616699,
0,2.104922294616699,
0,2.104922294616699,
0,2.104922294616699,
0,2.1049203872680664,
0,2.104442834854126,
0,2.104306936264038,
0,2.104306936264038,
0,2.104306697845459,
0,2.104306936264038,
0,2.104306936264038,
0,2.104306936264038,
0,2.1043050289154053,
0,2.103839159011841,
0,2.103710174560547,
0,2.103710174560547,
0,2.103710174560547,
0,2.103710412979126,
0,2.103710174560547,
0,2.103710174560547,
0,2.1037087440490723,
0,2.1036880016326904,
0,2.1030807495117188,
0,2.1030807495117188,
0,2.1030807495117188,
0,2.1030807495117188,
0,2.1030807495117188,
0,2.1030807495117188,
0,2.1030807495117188,
0,2.10259747505188,
0,2.1024625301361084,
0,2.1024625301361084,
0,2.1024625301361084,
0,2.1024625301361084,
0,2.1024625301361084,
0,2.1024625301361084,
0,2.1024606227874756,
0,2.101893424987793,
0,2.101850986480713,
0,2.101850986480713,
0,2.101850986480713,
0,2.101850986480713,
0,2.101850986480713,
0,2.101850986480713,
0,2.10184907913208,
0,2.1014041900634766,
0,2.101292133331299,
0,2.101292133331299,
0,2.101292133331299,
0,2.101292133331299,
0,2.101292133331299,
0,2.101292133331299,
0,2.101290225982666,
0,2.100813388824463,
0,2.100701332092285,
0,2.100701332092285,
0,2.1007015705108643,
0,2.1007015705108643,
0,2.100701332092285,
0,2.1007015705108643,
0,2.1006996631622314,
0,2.1002233028411865,
0,2.1001088619232178,
0,2.1001088619232178,
0,2.100109100341797,
0,2.1001088619232178,
0,2.1001088619232178,
0,2.100109100341797,
0,2.100107192993164,
0,2.0996270179748535,
0,2.099501371383667,
0,2.099501371383667,
0,2.099501371383667,
0,2.099501371383667,
0,2.099501371383667,
0,2.099501371383667,
0,2.099499464035034,
0,2.099015474319458,
0,2.09891414642334,
0,2.09891414642334,
0,2.0989139080047607,
0,2.0989139080047607,
0,2.0989139080047607,
0,2.0989139080047607,
0,2.098912239074707,
0,2.0984067916870117,
0,2.098292589187622,
0,2.098292827606201,
0,2.098292589187622,
0,2.098292827606201,
0,2.098292589187622,
0,2.098292589187622,
0,2.0982906818389893,
0,2.0977933406829834,
0,2.0976686477661133,
0,2.0976688861846924,
0,2.0976688861846924,
0,2.0976686477661133,
0,2.0976686477661133,
0,2.0976688861846924,
0,2.0976669788360596,
0,2.0976240634918213,
0,2.097055196762085,
0,2.097055435180664,
0,2.097055435180664,
0,2.097055435180664,
0,2.097055196762085,
0,2.097055196762085,
0,2.0970535278320312,
0,2.096529006958008,
0,2.096403121948242,
0,2.096403121948242,
0,2.096403121948242,
0,2.096403121948242,
0,2.096403121948242,
0,2.096403121948242,
0,2.096403121948242,
0,2.0958962440490723,
0,2.0957698822021484,
0,2.0957698822021484,
0,2.0957698822021484,
0,2.0957698822021484,
0,2.0957698822021484,
0,2.0957698822021484,
0,2.0957682132720947,
0,2.0952751636505127,
0,2.0951621532440186,
0,2.0951621532440186,
0,2.0951621532440186,
0,2.0951621532440186,
0,2.0951621532440186,
0,2.0951621532440186,
0,2.0951602458953857,
0,2.0946340560913086,
0,2.0945234298706055,
0,2.0945234298706055,
0,2.0945234298706055,
0,2.0945234298706055,
0,2.0945234298706055,
0,2.0945234298706055,
0,2.0945215225219727,
0,2.094024658203125,
0,2.0939111709594727,
0,2.0939111709594727,
0,2.0939111709594727,
0,2.0939111709594727,
0,2.0939111709594727,
0,2.0939111709594727,
0,2.09390926361084,
0,2.0938665866851807,
0,2.0932884216308594,
0,2.0932884216308594,
0,2.0932884216308594,
0,2.0932884216308594,
0,2.0932884216308594,
0,2.0932884216308594,
0,2.0932865142822266,
0,2.092782974243164,
0,2.0926690101623535,
0,2.0926690101623535,
0,2.0926690101623535,
0,2.0926690101623535,
0,2.0926690101623535,
0,2.0926690101623535,
0,2.0926673412323,
0,2.0921695232391357,
0,2.0920557975769043,
0,2.0920557975769043,
0,2.0920557975769043,
0,2.0920557975769043,
0,2.0920557975769043,
0,2.0920557975769043,
0,2.0920538902282715,
0,2.0915794372558594,
0,2.091468334197998,
0,2.091468334197998,
0,2.091468334197998,
0,2.091468334197998,
0,2.091468334197998,
0,2.091468334197998,
0,2.0914664268493652,
0,2.0909671783447266,
0,2.0908560752868652,
0,2.0908560752868652,
0,2.0908560752868652,
0,2.0908560752868652,
0,2.0908560752868652,
0,2.0908560752868652,
0,2.0908541679382324,
0,2.0903306007385254,
0,2.0902199745178223,
0,2.090219736099243,
0,2.0902199745178223,
0,2.090219736099243,
0,2.090219736099243,
0,2.0902199745178223,
0,2.0902180671691895,
0,2.089707374572754,
0,2.089599370956421,
0,2.089599370956421,
0,2.089599370956421,
0,2.089599370956421,
0,2.089599370956421,
0,2.089599370956421,
0,2.089597463607788,
0,2.0890989303588867,
0,2.0890002250671387,
0,2.0890002250671387,
0,2.0890002250671387,
0,2.0890002250671387,
0,2.0890002250671387,
0,2.0890002250671387,
0,2.088998556137085,
0,2.088500738143921,
0,2.0883665084838867,
0,2.0883665084838867,
0,2.0883662700653076,
0,2.0883662700653076,
0,2.0883665084838867,
0,2.0883662700653076,
0,2.088364601135254,
0,2.087859869003296,
0,2.0877485275268555,
0,2.0877485275268555,
0,2.0877485275268555,
0,2.0877485275268555,
0,2.0877485275268555,
0,2.0877485275268555,
0,2.0877466201782227,
0,2.0872230529785156,
0,2.0871121883392334,
0,2.0871121883392334,
0,2.0871121883392334,
0,2.0871121883392334,
0,2.0871121883392334,
0,2.0871121883392334,
0,2.0871102809906006,
0,2.086613655090332,
0,2.0865025520324707,
0,2.0865025520324707,
0,2.0865025520324707,
0,2.0865025520324707,
0,2.0865025520324707,
0,2.0865025520324707,
0,2.086500644683838,
0,2.0860064029693604,
0,2.085895299911499,
0,2.085895299911499,
0,2.08589506149292,
0,2.08589506149292,
0,2.08589506149292,
0,2.08589506149292,
0,2.0858936309814453,
0,2.0853772163391113,
0,2.085254669189453,
0,2.085254430770874,
0,2.085254430770874,
0,2.085254430770874,
0,2.085254430770874,
0,2.085254430770874,
0,2.0852527618408203,
0,2.0847537517547607,
0,2.0846424102783203,
0,2.0846424102783203,
0,2.0846424102783203,
0,2.0846424102783203,
0,2.0846424102783203,
0,2.0846424102783203,
0,2.0846405029296875,
0,2.0841431617736816,
0,2.084031105041504,
0,2.084031105041504,
0,2.084031105041504,
0,2.084031105041504,
0,2.084031105041504,
0,2.084031105041504,
0,2.084029197692871,
0,2.083531379699707,
0,2.0834195613861084,
0,2.0834195613861084,
0,2.0834195613861084,
0,2.0834195613861084,
0,2.0834195613861084,
0,2.0834195613861084,
0,2.0834178924560547,
0,2.0829579830169678,
0,2.0828466415405273,
0,2.0828466415405273,
0,2.0828466415405273,
0,2.0828466415405273,
0,2.0828466415405273,
0,2.0828466415405273,
0,2.0828447341918945,
0,2.0823543071746826,
0,2.0822315216064453,
0,2.0822315216064453,
0,2.0822315216064453,
0,2.0822315216064453,
0,2.0822315216064453,
0,2.0822315216064453,
0,2.0822296142578125,
0,2.0817301273345947,
0,2.0816187858581543,
0,2.0816187858581543,
0,2.0816187858581543,
0,2.0816187858581543,
0,2.0816187858581543,
0,2.0816187858581543,
0,2.0816171169281006,
0,2.0810980796813965,
0,2.080986738204956,
0,2.080986738204956,
0,2.080986738204956,
0,2.080986738204956,
0,2.080986738204956,
0,2.080986738204956,
0,2.0809848308563232,
0,2.0804953575134277,
0,2.0803842544555664,
0,2.0803842544555664,
0,2.0803842544555664,
0,2.0803840160369873,
0,2.0803842544555664,
0,2.0803842544555664,
0,2.0803823471069336,
0,2.079883575439453,
0,2.079772710800171,
0,2.079772710800171,
0,2.079772710800171,
0,2.079772710800171,
0,2.079772710800171,
0,2.079772710800171,
0,2.079771041870117,
0,2.0792813301086426,
0,2.079183578491211,
0,2.079183578491211,
0,2.079183578491211,
0,2.079183578491211,
0,2.079183578491211,
0,2.079183578491211,
0,2.079181671142578,
0,2.0786848068237305,
0,2.0785751342773438,
0,2.0785748958587646,
0,2.0785751342773438,
0,2.0785748958587646,
0,2.0785751342773438,
0,2.0785748958587646,
0,2.078573226928711,
0,2.078073501586914,
0,2.0779640674591064,
0,2.0779640674591064,
0,2.0779640674591064,
0,2.0779640674591064,
0,2.0779640674591064,
0,2.0779640674591064,
0,2.0779640674591064,
0,2.0774736404418945,
0,2.077364444732666,
0,2.077364444732666,
0,2.077364444732666,
0,2.077364444732666,
0,2.077364444732666,
0,2.077364444732666,
0,2.077362537384033,
0,2.076850175857544,
0,2.076739549636841,
0,2.076739549636841,
0,2.076739549636841,
0,2.07673978805542,
0,2.076739549636841,
0,2.076739549636841,
0,2.076739549636841,
0,2.0762548446655273,
0,2.0761451721191406,
0,2.0761451721191406,
0,2.0761451721191406,
0,2.0761451721191406,
0,2.0761451721191406,
0,2.0761451721191406,
0,2.076143503189087,
0,2.0756611824035645,
0,2.0755510330200195,
0,2.0755512714385986,
0,2.0755510330200195,
0,2.0755512714385986,
0,2.0755512714385986,
0,2.0755512714385986,
0,2.075549364089966,
0,2.0750632286071777,
0,2.0749402046203613,
0,2.0749399662017822,
0,2.0749399662017822,
0,2.0749402046203613,
0,2.0749402046203613,
0,2.0749402046203613,
0,2.0749382972717285,
0,2.0744471549987793,
0,2.0743253231048584,
0,2.0743255615234375,
0,2.0743255615234375,
0,2.0743255615234375,
0,2.0743255615234375,
0,2.0743255615234375,
0,2.0743236541748047,
0,2.07427978515625,
0,2.073714256286621,
0,2.073714256286621,
0,2.073714256286621,
0,2.073714256286621,
0,2.073714256286621,
0,2.073714256286621,
0,2.0737125873565674,
0,2.0732271671295166,
0,2.073117256164551,
0,2.073117256164551,
0,2.073117256164551,
0,2.073117256164551,
0,2.073117256164551,
0,2.073117256164551,
0,2.073115587234497,
0,2.0726263523101807,
0,2.072516441345215,
0,2.072516441345215,
0,2.072516441345215,
0,2.072516441345215,
0,2.072516441345215,
0,2.072516441345215,
0,2.072514533996582,
0,2.0720043182373047,
0,2.071894884109497,
0,2.071894884109497,
0,2.071895122528076,
0,2.071895122528076,
0,2.071894884109497,
0,2.071895122528076,
0,2.0718932151794434,
0,2.0714032649993896,
0,2.071293354034424,
0,2.071293354034424,
0,2.071293354034424,
0,2.071293354034424,
0,2.071293354034424,
0,2.071293354034424,
0,2.071291446685791,
0,2.070798873901367,
0,2.0706892013549805,
0,2.0706892013549805,
0,2.0706892013549805,
0,2.0706892013549805,
0,2.0706892013549805,
0,2.0706892013549805,
0,2.0706875324249268,
0,2.0701866149902344,
0,2.0700769424438477,
0,2.0700769424438477,
0,2.0700769424438477,
0,2.0700769424438477,
0,2.0700769424438477,
0,2.0700769424438477,
0,2.070075035095215,
0,2.0695908069610596,
0,2.0694806575775146,
0,2.0694808959960938,
0,2.0694808959960938,
0,2.0694806575775146,
0,2.0694808959960938,
0,2.0694808959960938,
0,2.069478988647461,
0,2.0690195560455322,
0,2.0689096450805664,
0,2.0689101219177246,
0,2.0689098834991455,
0,2.0689101219177246,
0,2.0689101219177246,
0,2.0689101219177246,
0,2.068908214569092,
0,2.068420171737671,
0,2.068310260772705,
0,2.068310260772705,
0,2.068310260772705,
0,2.068310260772705,
0,2.068310260772705,
0,2.068310260772705,
0,2.0683083534240723,
0,2.0678529739379883,
0,2.067744016647339,
0,2.067744016647339,
0,2.067744016647339,
0,2.067744016647339,
0,2.067744016647339,
0,2.067744016647339,
0,2.067742347717285,
0,2.0672614574432373,
0,2.067141532897949,
0,2.067141532897949,
0,2.067141532897949,
0,2.067141532897949,
0,2.067141532897949,
0,2.067141532897949,
0,2.0671396255493164,
0,2.066650390625,
0,2.0665409564971924,
0,2.0665409564971924,
0,2.0665409564971924,
0,2.0665409564971924,
0,2.0665409564971924,
0,2.0665409564971924,
0,2.0665392875671387,
0,2.0660622119903564,
0,2.065952777862549,
0,2.065952777862549,
0,2.0659525394439697,
0,2.065952777862549,
0,2.0659525394439697,
0,2.065952777862549,
0,2.065950870513916,
0,2.065476417541504,
0,2.0653672218322754,
0,2.0653672218322754,
0,2.0653672218322754,
0,2.0653672218322754,
0,2.0653672218322754,
0,2.0653672218322754,
0,2.0653653144836426,
0,2.0648913383483887,
0,2.064775228500366,
0,2.064774990081787,
0,2.064774990081787,
0,2.064774990081787,
0,2.064775228500366,
0,2.064774990081787,
0,2.0647733211517334,
0,2.06430721282959,
0,2.064209222793579,
0,2.064209222793579,
0,2.064209222793579,
0,2.064208984375,
0,2.064209222793579,
0,2.064209222793579,
0,2.0642073154449463,
0,2.0637412071228027,
0,2.0636208057403564,
0,2.0636208057403564,
0,2.0636208057403564,
0,2.0636208057403564,
0,2.0636208057403564,
0,2.0636208057403564,
0,2.0636191368103027,
0,2.0631229877471924,
0,2.063014507293701,
0,2.063014507293701,
0,2.063014507293701,
0,2.063014507293701,
0,2.063014507293701,
0,2.063014507293701,
0,2.0630125999450684,
0,2.062542200088501,
0,2.0624337196350098,
0,2.0624334812164307,
0,2.0624334812164307,
0,2.0624337196350098,
0,2.0624334812164307,
0,2.0624334812164307,
0,2.062431573867798,
0,2.0623884201049805,
0,2.061854839324951,
0,2.061854839324951,
0,2.061854839324951,
0,2.061854839324951,
0,2.061854839324951,
0,2.061854839324951,
0,2.0618529319763184,
0,2.061809778213501,
0,2.0612709522247314,
0,2.0612707138061523,
0,2.0612707138061523,
0,2.0612709522247314,
0,2.0612709522247314,
0,2.0612709522247314,
0,2.0612690448760986,
0,2.0607376098632812,
0,2.060696840286255,
0,2.060696840286255,
0,2.060696840286255,
0,2.060696840286255,
0,2.060697078704834,
0,2.060696840286255,
0,2.060694932937622,
0,2.0601518154144287,
0,2.022261619567871,
0,2.022261619567871,
0,2.022261619567871,
0,2.022261619567871,
0,2.022261619567871,
0,2.022261619567871,
0,2.022261619567871,
0,2.0217576026916504,
0,2.0216429233551025,
0,2.0216429233551025,
0,2.0216429233551025,
0,2.0216429233551025,
0,2.0216429233551025,
0,2.0216429233551025,
0,2.0216410160064697,
0,2.021205425262451,
0,2.0210866928100586,
0,2.0210866928100586,
0,2.0210866928100586,
0,2.0210866928100586,
0,2.0210866928100586,
0,2.0210866928100586,
0,2.0210866928100586,
0,2.020602226257324,
0,2.0204830169677734,
0,2.0204830169677734,
0,2.0204830169677734,
0,2.0204830169677734,
0,2.0204830169677734,
0,2.0204830169677734,
0,2.0204811096191406,
0,2.020005226135254,
0,2.0198824405670166,
0,2.0198824405670166,
0,2.0198824405670166,
0,2.0198824405670166,
0,2.0198824405670166,
0,2.0198824405670166,
0,2.019880533218384,
0,2.019397020339966,
0,2.019289016723633,
0,2.019289016723633,
0,2.019289016723633,
0,2.019289016723633,
0,2.019289016723633,
0,2.019289016723633,
0,2.019287109375,
0,2.018796920776367,
0,2.0186526775360107,
0,2.0186526775360107,
0,2.0186526775360107,
0,2.0186526775360107,
0,2.0186526775360107,
0,2.0186526775360107,
0,2.018650531768799,
0,2.0181734561920166,
0,2.0180435180664062,
0,2.0180435180664062,
0,2.0180435180664062,
0,2.0180435180664062,
0,2.0180435180664062,
0,2.0180435180664062,
0,2.0180416107177734,
0,2.017561435699463,
0,2.0174388885498047,
0,2.0174388885498047,
0,2.0174388885498047,
0,2.0174388885498047,
0,2.0174388885498047,
0,2.0174388885498047,
0,2.017436981201172,
0,2.01739239692688,
0,2.016818046569824,
0,2.016818046569824,
0,2.016818046569824,
0,2.016818046569824,
0,2.016818046569824,
0,2.016818046569824,
0,2.0168161392211914,
0,2.0163321495056152,
0,2.0162136554718018,
0,2.0162136554718018,
0,2.0162136554718018,
0,2.0162136554718018,
0,2.0162136554718018,
0,2.0162136554718018,
0,2.016211986541748,
0,2.015727996826172,
0,2.0156095027923584,
0,2.0156095027923584,
0,2.0156095027923584,
0,2.0156095027923584,
0,2.0156095027923584,
0,2.0156095027923584,
0,2.0156073570251465,
0,2.0151309967041016,
0,2.015012741088867,
0,2.015012741088867,
0,2.015012741088867,
0,2.0150129795074463,
0,2.015012741088867,
0,2.0150129795074463,
0,2.0150108337402344,
0,2.014498233795166,
0,2.0143651962280273,
0,2.0143649578094482,
0,2.0143651962280273,
0,2.0143651962280273,
0,2.0143651962280273,
0,2.0143649578094482,
0,2.0143632888793945,
0,2.013892650604248,
0,2.013774871826172,
0,2.013775110244751,
0,2.013775110244751,
0,2.013775110244751,
0,2.013775110244751,
0,2.013775110244751,
0,2.013772964477539,
0,2.0133230686187744,
0,2.013200521469116,
0,2.013200521469116,
0,2.013200283050537,
0,2.013200283050537,
0,2.013200521469116,
0,2.013200521469116,
0,2.0131983757019043,
0,2.0126588344573975,
0,2.01253604888916,
0,2.01253604888916,
0,2.01253604888916,
0,2.01253604888916,
0,2.01253604888916,
0,2.01253604888916,
0,2.0125339031219482,
0,2.012113332748413,
0,2.01198673248291,
0,2.01198673248291,
0,2.01198673248291,
0,2.011986494064331,
0,2.01198673248291,
0,2.01198673248291,
0,2.0119845867156982,
0,2.0115222930908203,
0,2.011399984359741,
0,2.011399984359741,
0,2.011399984359741,
0,2.0114002227783203,
0,2.0114002227783203,
0,2.0114002227783203,
0,2.0113983154296875,
0,2.010946273803711,
0,2.0108232498168945,
0,2.0108232498168945,
0,2.0108232498168945,
0,2.0108232498168945,
0,2.0108232498168945,
0,2.0108232498168945,
0,2.0108211040496826,
0,2.010776996612549,
0,2.0102314949035645,
0,2.0102317333221436,
0,2.0102317333221436,
0,2.0102314949035645,
0,2.0102314949035645,
0,2.0102314949035645,
0,2.0102298259735107,
0,2.010185718536377,
0,2.0096616744995117,
0,2.0096616744995117,
0,2.0096616744995117,
0,2.0096616744995117,
0,2.0096616744995117,
0,2.0096616744995117,
0,2.009659767150879,
0,2.009181022644043,
0,2.0090701580047607,
0,2.00907039642334,
0,2.00907039642334,
0,2.0090701580047607,
0,2.00907039642334,
0,2.0090701580047607,
0,2.009068250656128,
0,2.0086071491241455,
0,2.0084753036499023,
0,2.0084753036499023,
0,2.0084753036499023,
0,2.0084753036499023,
0,2.0084753036499023,
0,2.0084753036499023,
0,2.0084733963012695,
0,2.0080206394195557,
0,2.0078983306884766,
0,2.0078983306884766,
0,2.0078983306884766,
0,2.0078983306884766,
0,2.0078983306884766,
0,2.0078983306884766,
0,2.0078961849212646,
0,2.0074360370635986,
0,2.007303237915039,
0,2.007303237915039,
0,2.007303237915039,
0,2.007303237915039,
0,2.007303237915039,
0,2.007303237915039,
0,2.0073013305664062,
0,2.0068435668945312,
0,2.0067214965820312,
0,2.0067214965820312,
0,2.0067217350006104,
0,2.0067214965820312,
0,2.0067214965820312,
0,2.0067214965820312,
0,2.0067195892333984,
0,2.006258964538574,
0,2.0061330795288086,
0,2.0061330795288086,
0,2.0061330795288086,
0,2.0061330795288086,
0,2.0061330795288086,
0,2.0061330795288086,
0,2.006131172180176,
0,2.005678176879883,
0,2.023245096206665,
0,2.023244857788086,
0,2.023245096206665,
0,2.023244857788086,
0,2.023245096206665,
0,2.023245096206665,
0,2.0232431888580322,
0,2.005105972290039,
0,2.0226504802703857,
0,2.0226502418518066,
0,2.0226504802703857,
0,2.0226504802703857,
0,2.0226502418518066,
0,2.0226504802703857,
0,2.022648572921753,
0,2.0044925212860107,
0,2.021982192993164,
0,2.021982192993164,
0,2.021982192993164,
0,2.021982431411743,
0,2.021982192993164,
0,2.021982192993164,
0,2.0219802856445312,
0,2.0215072631835938,
0,2.021364688873291,
0,2.021364688873291,
0,2.021364688873291,
0,2.021364688873291,
0,2.021364688873291,
0,2.021364688873291,
0,2.021364688873291,
0,2.021319627761841,
0,2.0206918716430664,
0,1.9628592729568481,
0,1.9628592729568481,
0,1.9628592729568481,
0,1.9628593921661377,
0,1.9628593921661377,
0,1.9628592729568481,
0,1.962389349937439,
0,1.9621778726577759,
0,1.9621778726577759,
0,1.9621778726577759,
0,1.9621778726577759,
0,1.9621778726577759,
0,1.9621778726577759,
0,1.9621758460998535,
0,1.9617912769317627,
0,1.9615452289581299,
0,1.9615452289581299,
0,1.9615452289581299,
0,1.9615452289581299,
0,1.9615453481674194,
0,1.9615452289581299,
0,1.9615432024002075,
0,1.961541771888733,
0,1.960848331451416,
0,1.9608482122421265,
0,1.960848331451416,
0,1.960848093032837,
0,1.9608482122421265,
0,1.960848331451416,
0,1.960846185684204,
0,2.018286943435669,
0,1.960099697113037,
0,1.960099697113037,
0,1.960099697113037,
0,1.960099697113037,
0,1.9600998163223267,
0,1.9600998163223267,
0,1.9600976705551147,
0,1.9600961208343506,
0,1.9593801498413086,
0,1.9593799114227295,
0,1.9593799114227295,
0,1.9593801498413086,
0,1.9593801498413086,
0,1.9593801498413086,
0,1.9593781232833862,
0,2.016955852508545,
0,1.9586384296417236,
0,1.9586386680603027,
0,1.9586386680603027,
0,1.9586386680603027,
0,1.9586385488510132,
0,1.9586385488510132,
0,1.9586364030838013,
0,2.0162060260772705,
0,2.015983819961548,
0,2.015983819961548,
0,2.015983819961548,
0,2.015983819961548,
0,2.015983819961548,
0,2.015983819961548,
0,2.015981912612915,
0,2.0155134201049805,
0,2.015277862548828,
0,2.015277624130249,
0,2.015277862548828,
0,2.015277624130249,
0,2.015277862548828,
0,2.015277624130249,
0,2.015275716781616,
0,2.014813184738159,
0,2.014604091644287,
0,2.014604091644287,
0,2.014604091644287,
0,2.014604091644287,
0,2.014604091644287,
0,2.014604091644287,
0,2.0145955085754395,
0,2.0140554904937744,
0,2.013805627822876,
0,2.013805389404297,
0,2.013805627822876,
0,2.013805627822876,
0,2.013805627822876,
0,2.013805627822876,
0,2.013803482055664,
0,2.013150453567505,
0,2.013078212738037,
0,2.013078212738037,
0,2.013078212738037,
0,2.013078212738037,
0,2.013078451156616,
0,2.013078451156616,
0,2.0130765438079834,
0,2.012617588043213,
0,2.0123603343963623,
0,2.0123603343963623,
0,2.012360095977783,
0,2.012360095977783,
0,2.012360095977783,
0,2.012360095977783,
0,2.0123603343963623,
0,2.011833906173706,
0,2.0115954875946045,
0,2.0115957260131836,
0,2.0115957260131836,
0,2.0115954875946045,
0,2.0115954875946045,
0,2.0115954875946045,
0,2.0115935802459717,
0,2.011139154434204,
0,2.0108866691589355,
0,2.0108866691589355,
0,2.0108866691589355,
0,2.0108866691589355,
0,2.0108866691589355,
0,2.0108866691589355,
0,2.0108847618103027,
0,2.010862350463867,
0,2.010165214538574,
0,2.010165214538574,
0,2.010165214538574,
0,2.010165214538574,
0,2.010164976119995,
0,2.010164976119995,
0,2.0101633071899414,
0,2.009638547897339,
0,2.009401321411133,
0,2.009401321411133,
0,2.009401321411133,
0,2.009401321411133,
0,2.009401321411133,
0,2.009401559829712,
0,2.0093994140625,
0,2.0093774795532227,
0,2.0086922645568848,
0,1.9500517845153809,
0,1.9500517845153809,
0,1.9500517845153809,
0,1.9500517845153809,
0,1.9500517845153809,
0,1.950049877166748,
0,2.00823712348938,
0,2.0079846382141113,
0,1.949336051940918,
0,1.949336290359497,
0,1.949336051940918,
0,1.949336290359497,
0,1.949336290359497,
0,1.9493341445922852,
0,1.94887375831604,
0,1.9486422538757324,
0,1.9486422538757324,
0,1.9486422538757324,
0,1.9486422538757324,
0,1.9486422538757324,
0,1.9486422538757324,
0,1.9486401081085205,
0,1.9479949474334717,
0,1.9476876258850098,
0,1.9476876258850098,
0,1.9476876258850098,
0,1.9476876258850098,
0,1.9476876258850098,
0,1.9476876258850098,
0,1.947685718536377,
0,1.9471842050552368,
0,1.9468843936920166,
0,1.9468843936920166,
0,1.946884274482727,
0,1.946884274482727,
0,1.9468843936920166,
0,1.9468843936920166,
0,1.9468822479248047,
0,1.9468806982040405,
0,1.9460854530334473,
0,1.9460854530334473,
0,1.9460852146148682,
0,1.9460854530334473,
0,1.9460854530334473,
0,1.9460854530334473,
0,1.9460833072662354,
0,1.945583462715149,
0,2.0043392181396484,
0,2.0043392181396484,
0,2.0043392181396484,
0,2.0043392181396484,
0,2.0043392181396484,
0,2.0043392181396484,
0,2.0043373107910156,
0,2.0038788318634033,
0,2.0036463737487793,
0,2.0036463737487793,
0,2.0036463737487793,
0,2.0036463737487793,
0,2.0036463737487793,
0,2.0036463737487793,
0,2.0036444664001465,
0,2.003167152404785,
0,2.002915859222412,
0,2.002915859222412,
0,2.002915859222412,
0,2.002915859222412,
0,2.002915859222412,
0,2.002915859222412,
0,2.0029139518737793,
0,2.0023112297058105,
0,2.002094268798828,
0,2.002094268798828,
0,2.0020945072174072,
0,2.002094268798828,
0,2.0020945072174072,
0,2.002094268798828,
0,2.0020923614501953,
0,2.0016303062438965,
0,1.9420509338378906,
0,1.9420509338378906,
0,1.9420509338378906,
0,1.9420509338378906,
0,1.9420509338378906,
0,1.9420509338378906,
0,1.9420487880706787,
0,2.0009140968322754,
0,1.9412896633148193,
0,1.9412896633148193,
0,1.9412896633148193,
0,1.9412896633148193,
0,1.9412896633148193,
0,1.9412896633148193,
0,1.941287636756897,
0,1.9407880306243896,
0,1.9404425621032715,
0,1.9404425621032715,
0,1.9404425621032715,
0,1.9404425621032715,
0,1.9404425621032715,
0,1.9404425621032715,
0,1.9404404163360596,
0,1.9995245933532715,
0,1.939699649810791,
0,1.939699649810791,
0,1.939699649810791,
0,1.939699649810791,
0,1.939699649810791,
0,1.939699649810791,
0,1.939697265625,
0,1.9391964673995972,
0,1.9388912916183472,
0,1.9388914108276367,
0,1.9388911724090576,
0,1.9388912916183472,
0,1.9388912916183472,
0,1.9388911724090576,
0,1.9388889074325562,
0,1.938393473625183,
0,1.9381014108657837,
0,1.9381014108657837,
0,1.9381012916564941,
0,1.9381012916564941,
0,1.9381014108657837,
0,1.9381014108657837,
0,1.9380989074707031,
0,1.9374498128890991,
0,1.9372169971466064,
0,1.9372169971466064,
0,1.9372169971466064,
0,1.9372169971466064,
0,1.9372169971466064,
0,1.9372169971466064,
0,1.9372144937515259,
0,1.9364960193634033,
0,1.936431646347046,
0,1.936431646347046,
0,1.936431646347046,
0,1.936431646347046,
0,1.936431646347046,
0,1.936431646347046,
0,1.9364291429519653,
0,1.935837745666504,
0,1.9956281185150146,
0,1.9956281185150146,
0,1.9956281185150146,
0,1.9956281185150146,
0,1.9956281185150146,
0,1.9956281185150146,
0,1.9956259727478027,
0,1.9951591491699219,
0,1.9949101209640503,
0,1.9949100017547607,
0,1.9949101209640503,
0,1.9949100017547607,
0,1.9949100017547607,
0,1.9949101209640503,
0,1.9949078559875488,
0,1.9944499731063843,
0,1.994218111038208,
0,1.994218111038208,
0,1.994218111038208,
0,1.9942179918289185,
0,1.9942179918289185,
0,1.994218111038208,
0,1.994215726852417,
0,1.9937618970870972,
0,1.9935362339019775,
0,1.9935362339019775,
0,1.9935362339019775,
0,1.9935362339019775,
0,1.9935362339019775,
0,1.9935362339019775,
0,1.9935343265533447,
0,1.9929461479187012,
0,1.992716908454895,
0,1.992716908454895,
0,1.992716908454895,
0,1.992716908454895,
0,1.992716908454895,
0,1.992716908454895,
0,1.9927150011062622,
0,1.9922596216201782,
0,1.9920393228530884,
0,1.9920393228530884,
0,1.9920393228530884,
0,1.9920395612716675,
0,1.9920393228530884,
0,1.992039442062378,
0,1.9920375347137451,
0,1.9915741682052612,
0,1.991355061531067,
0,1.9913551807403564,
0,1.9913551807403564,
0,1.9913551807403564,
0,1.9913551807403564,
0,1.9913551807403564,
0,1.991353154182434,
0,1.990891456604004,
0,1.9906425476074219,
0,1.9906425476074219,
0,1.9906425476074219,
0,1.9906425476074219,
0,1.9906425476074219,
0,1.9906425476074219,
0,1.990640640258789,
0,1.9901955127716064,
0,1.9290661811828613,
0,1.92906653881073,
0,1.9290664196014404,
0,1.9290664196014404,
0,1.9290664196014404,
0,1.9290664196014404,
0,1.929064393043518,
0,1.989492654800415,
0,1.9283466339111328,
0,1.9283466339111328,
0,1.9283466339111328,
0,1.9283466339111328,
0,1.9283466339111328,
0,1.9283466339111328,
0,1.9283442497253418,
0,1.9276987314224243,
0,1.9273887872695923,
0,1.9273887872695923,
0,1.9273884296417236,
0,1.9273884296417236,
0,1.9273885488510132,
0,1.9273884296417236,
0,1.927385926246643,
0,1.9268888235092163,
0,1.9266711473464966,
0,1.9266709089279175,
0,1.9266711473464966,
0,1.9266711473464966,
0,1.9266709089279175,
0,1.9266711473464966,
0,1.9266685247421265,
0,1.926168441772461,
0,1.9259612560272217,
0,1.9259612560272217,
0,1.9259612560272217,
0,1.9259612560272217,
0,1.9259612560272217,
0,1.9259612560272217,
0,1.9259588718414307,
0,1.9254612922668457,
0,1.9252065420150757,
0,1.9252065420150757,
0,1.9252065420150757,
0,1.9252066612243652,
0,1.9252065420150757,
0,1.9252066612243652,
0,1.9252040386199951,
0,1.9247143268585205,
0,1.9243805408477783,
0,1.9243806600570679,
0,1.9243805408477783,
0,1.9243805408477783,
0,1.9243805408477783,
0,1.9243805408477783,
0,1.9243806600570679,
0,1.9851880073547363,
0,1.923447847366333,
0,1.923447847366333,
0,1.923448085784912,
0,1.923447847366333,
0,1.9234479665756226,
0,1.9234479665756226,
0,1.9234455823898315,
0,1.9229469299316406,
0,1.9227248430252075,
0,1.9227248430252075,
0,1.922724723815918,
0,1.922724723815918,
0,1.9227248430252075,
0,1.9227248430252075,
0,1.9227222204208374,
0,1.9221320152282715,
0,1.983582615852356,
0,1.983582615852356,
0,1.9835824966430664,
0,1.983582615852356,
0,1.983582615852356,
0,1.983582615852356,
0,1.983580231666565,
0,1.9831289052963257,
0,1.9829297065734863,
0,1.9829295873641968,
0,1.9829294681549072,
0,1.9829295873641968,
0,1.9829294681549072,
0,1.9829294681549072,
0,1.9829272031784058,
0,1.9824720621109009,
0,1.9822688102722168,
0,1.9822688102722168,
0,1.9822688102722168,
0,1.9822686910629272,
0,1.9822686910629272,
0,1.9822686910629272,
0,1.9822665452957153,
0,1.981806993484497,
0,1.9816036224365234,
0,1.9816035032272339,
0,1.9816036224365234,
0,1.9816035032272339,
0,1.9816036224365234,
0,1.9816036224365234,
0,1.9816009998321533,
0,1.9811336994171143,
0,1.9809222221374512,
0,1.9809222221374512,
0,1.980921983718872,
0,1.980921983718872,
0,1.980921983718872,
0,1.9809222221374512,
0,1.980919599533081,
0,1.9803225994110107,
0,1.9801379442214966,
0,1.9801381826400757,
0,1.9801379442214966,
0,1.9801379442214966,
0,1.9801381826400757,
0,1.9801380634307861,
0,1.9801357984542847,
0,1.9796786308288574,
0,1.9794799089431763,
0,1.9794799089431763,
0,1.9794799089431763,
0,1.9794799089431763,
0,1.9794799089431763,
0,1.9794799089431763,
0,1.9794777631759644,
0,1.9790230989456177,
0,1.9788035154342651,
0,1.9788036346435547,
0,1.9788035154342651,
0,1.9788036346435547,
0,1.9788035154342651,
0,1.9788037538528442,
0,1.9788012504577637,
0,1.9783546924591064,
0,1.978149175643921,
0,1.9781492948532104,
0,1.978149175643921,
0,1.9781494140625,
0,1.978149175643921,
0,1.9781494140625,
0,1.9781469106674194,
0,1.9777042865753174,
0,1.9150621891021729,
0,1.9150620698928833,
0,1.9150620698928833,
0,1.9150620698928833,
0,1.9150621891021729,
0,1.9150621891021729,
0,1.9150598049163818,
0,1.9150580167770386,
0,1.9143283367156982,
0,1.9143283367156982,
0,1.9143283367156982,
0,1.9143283367156982,
0,1.9143283367156982,
0,1.9143283367156982,
0,1.9143283367156982,
0,1.9763460159301758,
0,1.9135560989379883,
0,1.9135560989379883,
0,1.9135560989379883,
0,1.9135560989379883,
0,1.9135560989379883,
0,1.9135560989379883,
0,1.9135537147521973,
0,1.9755100011825562,
0,1.9126975536346436,
0,1.912697672843933,
0,1.9126975536346436,
0,1.9126975536346436,
0,1.912697672843933,
0,1.912697672843933,
0,1.9126951694488525,
0,1.9748477935791016,
0,1.9119664430618286,
0,1.9119664430618286,
0,1.9119664430618286,
0,1.9119665622711182,
0,1.9119664430618286,
0,1.9119664430618286,
0,1.9119640588760376,
0,1.9114760160446167,
0,1.9112260341644287,
0,1.9112260341644287,
0,1.9112260341644287,
0,1.9112260341644287,
0,1.9112260341644287,
0,1.9112260341644287,
0,1.9112236499786377,
0,1.97356379032135,
0,1.973371148109436,
0,1.973370909690857,
0,1.973371148109436,
0,1.973370909690857,
0,1.9733710289001465,
0,1.973370909690857,
0,1.9733688831329346,
0,1.973342776298523,
0,1.9471759796142578,
0,1.9471759796142578,
0,1.9471759796142578,
0,1.9471759796142578,
0,1.9471759796142578,
0,1.9471759796142578,
0,1.9471735954284668,
0,1.9466954469680786,
0,1.9464677572250366,
0,1.9464677572250366,
0,1.9464677572250366,
0,1.9464677572250366,
0,1.9464677572250366,
0,1.9464677572250366,
0,1.9464653730392456,
0,1.9460080862045288,
0,1.9457316398620605,
0,1.94573175907135,
0,1.9457318782806396,
0,1.9457316398620605,
0,1.9457316398620605,
0,1.94573175907135,
0,1.945729374885559,
0,1.9451096057891846,
0,1.9448832273483276,
0,1.944883108139038,
0,1.944883108139038,
0,1.944883108139038,
0,1.944883108139038,
0,1.9448832273483276,
0,1.9448877573013306,
0,1.7617731094360352,
0,1.7615758180618286,
0,1.7615759372711182,
0,1.7615758180618286,
0,1.7615758180618286,
0,1.7615758180618286,
0,1.7615758180618286,
0,1.7615728378295898,
0,1.761389970779419,
0,1.761133074760437,
0,1.7611329555511475,
0,1.761133074760437,
0,1.7611329555511475,
0,1.7611329555511475,
0,1.7611329555511475,
0,1.7611298561096191,
0,1.761167287826538,
0,1.7607451677322388,
0,1.7607450485229492,
0,1.7607449293136597,
0,1.7607450485229492,
0,1.7607451677322388,
0,1.7607451677322388,
0,1.7607420682907104,
0,1.7605230808258057,
0,1.7601162195205688,
0,1.7601161003112793,
0,1.7601162195205688,
0,1.7601161003112793,
0,1.7601161003112793,
0,1.7601161003112793,
0,1.76011323928833,
0,1.7598298788070679,
0,1.75934898853302,
0,1.7593491077423096,
0,1.7593491077423096,
0,1.7593491077423096,
0,1.7593491077423096,
0,1.7593491077423096,
0,1.7593460083007812,
0,1.758929967880249,
0,1.7584928274154663,
0,1.7584929466247559,
0,1.7584928274154663,
0,1.7584906816482544,
0,1.7584906816482544,
0,1.7584905624389648,
0,1.7584879398345947,
0,1.758050560951233,
0,1.7576254606246948,
0,1.7576255798339844,
0,1.7576255798339844,
0,1.757623553276062,
0,1.7576234340667725,
0,1.757623553276062,
0,1.7576208114624023,
0,1.7570806741714478,
0,1.6777870655059814,
0,1.677787184715271,
0,1.677787184715271,
0,1.67777681350708,
0,1.6777770519256592,
0,1.67777681350708,
0,1.6777737140655518,
0,1.6771607398986816,
0,1.7555540800094604,
0,1.755553960800171,
0,1.755544662475586,
0,1.7555445432662964,
0,1.755544662475586,
0,1.7555445432662964,
0,1.7555416822433472,
0,1.754960536956787,
0,1.7545356750488281,
0,1.7545357942581177,
0,1.7545356750488281,
0,1.7545266151428223,
0,1.7545266151428223,
0,1.7545264959335327,
0,1.7545238733291626,
0,1.7539080381393433,
0,1.7534550428390503,
0,1.753455400466919,
0,1.7534552812576294,
0,1.7534459829330444,
0,1.7534457445144653,
0,1.753446102142334,
0,1.7534431219100952,
0,1.752838134765625,
0,1.6730395555496216,
0,1.6730397939682007,
0,1.6730396747589111,
0,1.673029899597168,
0,1.6730297803878784,
0,1.6730297803878784,
0,1.67302668094635,
0,1.7515852451324463,
0,1.7509933710098267,
0,1.7509933710098267,
0,1.7509936094284058,
0,1.7509840726852417,
0,1.7509840726852417,
0,1.7509840726852417,
0,1.7509812116622925,
0,1.7503445148468018,
0,1.7497433423995972,
0,1.7497433423995972,
0,1.7497435808181763,
0,1.7496819496154785,
0,1.749682068824768,
0,1.749682068824768,
0,1.7496790885925293,
0,1.7490342855453491,
0,1.7731229066848755,
0,1.773122787475586,
0,1.773122787475586,
0,1.773097276687622,
0,1.773097038269043,
0,1.773097038269043,
0,1.773097038269043,
0,1.7724730968475342,
0,1.7720036506652832,
0,1.7720036506652832,
0,1.7720036506652832,
0,1.7719780206680298,
0,1.7719780206680298,
0,1.7719779014587402,
0,1.7719749212265015,
0,1.771130084991455,
0,1.7706599235534668,
0,1.7706599235534668,
0,1.7706596851348877,
0,1.7706005573272705,
0,1.7706003189086914,
0,1.7706005573272705,
0,1.7705976963043213,
0,1.7699795961380005,
0,1.7695163488388062,
0,1.7695163488388062,
0,1.7695162296295166,
0,1.7694909572601318,
0,1.7694909572601318,
0,1.7694909572601318,
0,1.7694882154464722,
0,1.7688264846801758,
0,1.7434190511703491,
0,1.7434190511703491,
0,1.7433925867080688,
0,1.7433925867080688,
0,1.7433927059173584,
0,1.7433927059173584,
0,1.7433898448944092,
0,1.743299961090088,
0,1.7422091960906982,
0,1.7422091960906982,
0,1.7422090768814087,
0,1.742182731628418,
0,1.742182731628418,
0,1.742182731628418,
0,1.7421798706054688,
0,1.741513967514038,
0,1.741024374961853,
0,1.7410244941711426,
0,1.741024374961853,
0,1.7409985065460205,
0,1.7409987449645996,
0,1.7409985065460205,
0,1.7409955263137817,
0,1.7654005289077759,
0,1.7649377584457397,
0,1.7649376392364502,
0,1.7649377584457397,
0,1.7648788690567017,
0,1.7648788690567017,
0,1.7648791074752808,
0,1.764876127243042,
0,1.7641137838363647,
0,1.7634973526000977,
0,1.7634974718093872,
0,1.7634973526000977,
0,1.7634721994400024,
0,1.763472318649292,
0,1.763472318649292,
0,1.7634695768356323,
0,1.7627090215682983,
0,1.7368676662445068,
0,1.7368677854537964,
0,1.7368677854537964,
0,1.7368420362472534,
0,1.7368422746658325,
0,1.736842155456543,
0,1.7368390560150146,
0,1.736046552658081,
0,1.7353544235229492,
0,1.7353544235229492,
0,1.7353544235229492,
0,1.735295057296753,
0,1.7352949380874634,
0,1.7352949380874634,
0,1.7352919578552246,
0,1.7342932224273682,
0,1.7336608171463013,
0,1.7336609363555908,
0,1.7336608171463013,
0,1.7336349487304688,
0,1.7336349487304688,
0,1.7336350679397583,
0,1.7336320877075195,
0,1.732836127281189,
0,1.732071876525879,
0,1.732071876525879,
0,1.7320717573165894,
0,1.7320458889007568,
0,1.7320458889007568,
0,1.7320458889007568,
0,1.7320430278778076,
0,1.731268286705017,
0,1.7305383682250977,
0,1.7305383682250977,
0,1.7305384874343872,
0,1.7305132150650024,
0,1.7305132150650024,
0,1.7305132150650024,
0,1.7305103540420532,
0,1.7297307252883911,
0,1.7290067672729492,
0,1.7290067672729492,
0,1.7290067672729492,
0,1.7289817333221436,
0,1.7289817333221436,
0,1.7289817333221436,
0,1.7289787530899048,
0,1.9291306734085083,
0,1.9288767576217651,
0,1.9288767576217651,
0,1.9288767576217651,
0,1.9288763999938965,
0,1.9288763999938965,
0,1.928876280784607,
0,1.9288740158081055,
0,1.9285916090011597,
0,1.9284160137176514,
0,1.9284160137176514,
0,1.9284160137176514,
0,1.9284158945083618,
0,1.9284158945083618,
0,1.9284158945083618,
0,1.9284133911132812,
0,1.92828369140625,
0,1.9280993938446045,
0,1.9280996322631836,
0,1.9280993938446045,
0,1.9280989170074463,
0,1.9280989170074463,
0,1.9280990362167358,
0,1.9280905723571777,
0,1.9277992248535156,
0,1.9276081323623657,
0,1.9276080131530762,
0,1.9276080131530762,
0,1.9276081323623657,
0,1.9276081323623657,
0,1.9276081323623657,
0,1.9276057481765747,
0,1.927560567855835,
0,1.9271076917648315,
0,1.9271076917648315,
0,1.9271076917648315,
0,1.9271072149276733,
0,1.9271072149276733,
0,1.9271072149276733,
0,1.9271049499511719,
0,1.9270596504211426,
0,1.8614742755889893,
0,1.8614743947982788,
0,1.8614742755889893,
0,1.8614740371704102,
0,1.8614740371704102,
0,1.8614739179611206,
0,1.8614715337753296,
0,1.9263358116149902,
0,1.8610162734985352,
0,1.8610161542892456,
0,1.8610162734985352,
0,1.861016035079956,
0,1.861016035079956,
0,1.8610159158706665,
0,1.861013412475586,
0,1.8607194423675537,
0,1.860541582107544,
0,1.8605417013168335,
0,1.8605414628982544,
0,1.860541582107544,
0,1.860541582107544,
0,1.8605414628982544,
0,1.8605390787124634,
0,1.8605362176895142,
0,1.6404213905334473,
0,1.8599672317504883,
0,1.8599672317504883,
0,1.8599674701690674,
0,1.8599674701690674,
0,1.8599674701690674,
0,1.8599646091461182,
0,1.720739483833313,
0,1.639925241470337,
0,1.6399253606796265,
0,1.639925241470337,
0,1.6399253606796265,
0,1.6399253606796265,
0,1.6399253606796265,
0,1.639922022819519,
0,1.7201383113861084,
0,1.7199292182922363,
0,1.7199290990829468,
0,1.7199290990829468,
0,1.719927430152893,
0,1.7199273109436035,
0,1.7199273109436035,
0,1.7199244499206543,
0,1.7201151847839355,
0,1.719470500946045,
0,1.7194703817367554,
0,1.719470500946045,
0,1.7194361686706543,
0,1.7194361686706543,
0,1.7194361686706543,
0,1.719433307647705,
0,1.7189397811889648,
0,1.718727707862854,
0,1.7187275886535645,
0,1.718727707862854,
0,1.7187191247940063,
0,1.718719244003296,
0,1.718719244003296,
0,1.718716025352478,
0,1.7179503440856934,
0,1.7177486419677734,
0,1.717748761177063,
0,1.717748761177063,
0,1.7177397012710571,
0,1.7177395820617676,
0,1.7177397012710571,
0,1.717736840248108,
0,1.7171971797943115,
0,1.7169899940490723,
0,1.7169899940490723,
0,1.7169899940490723,
0,1.7169816493988037,
0,1.7169816493988037,
0,1.7169816493988037,
0,1.7169785499572754,
0,1.7164101600646973,
0,1.7161924839019775,
0,1.716192603111267,
0,1.7161924839019775,
0,1.7161846160888672,
0,1.7161846160888672,
0,1.7161846160888672,
0,1.7161816358566284,
0,1.7154541015625,
0,1.7154146432876587,
0,1.7154146432876587,
0,1.7154146432876587,
0,1.7154059410095215,
0,1.7154059410095215,
0,1.7154061794281006,
0,1.7154031991958618,
0,1.714806079864502,
0,1.7144814729690552,
0,1.7144814729690552,
0,1.7144813537597656,
0,1.714472770690918,
0,1.7144726514816284,
0,1.714472770690918,
0,1.7144696712493896,
0,1.7138640880584717,
0,1.7135480642318726,
0,1.7135480642318726,
0,1.7135480642318726,
0,1.7135400772094727,
0,1.713539958000183,
0,1.713539958000183,
0,1.7135368585586548,
0,1.7134699821472168,
0,1.7126489877700806,
0,1.7126489877700806,
0,1.712648868560791,
0,1.712640404701233,
0,1.712640404701233,
0,1.712640404701233,
0,1.7126375436782837,
0,1.7120192050933838,
0,1.711690902709961,
0,1.711690902709961,
0,1.7116910219192505,
0,1.7116827964782715,
0,1.7116827964782715,
0,1.7116827964782715,
0,1.7116798162460327,
0,1.7116007804870605,
0,1.710770845413208,
0,1.710770845413208,
0,1.710770845413208,
0,1.7107142210006714,
0,1.7107142210006714,
0,1.7107142210006714,
0,1.7107112407684326,
0,1.7100454568862915,
0,1.7097442150115967,
0,1.7097442150115967,
0,1.7097442150115967,
0,1.7097198963165283,
0,1.7097198963165283,
0,1.7097200155258179,
0,1.7097169160842896,
0,1.918354868888855,
0,1.9181969165802002,
0,1.918196678161621,
0,1.918196678161621,
0,1.918196439743042,
0,1.918196439743042,
0,1.918196439743042,
0,1.918194055557251,
0,1.9179121255874634,
0,1.9177579879760742,
0,1.9177579879760742,
0,1.9177579879760742,
0,1.9177582263946533,
0,1.9177582263946533,
0,1.9177582263946533,
0,1.9177556037902832,
0,1.9176445007324219,
0,1.9174891710281372,
0,1.9174891710281372,
0,1.9174891710281372,
0,1.9174894094467163,
0,1.9174894094467163,
0,1.9174894094467163,
0,1.9174869060516357,
0,1.91746187210083,
0,1.917079210281372,
0,1.917079210281372,
0,1.917079210281372,
0,1.9170786142349243,
0,1.9170788526535034,
0,1.9170787334442139,
0,1.9170786142349243,
0,1.9170312881469727,
0,1.9166934490203857,
0,1.9166934490203857,
0,1.9166934490203857,
0,1.9166932106018066,
0,1.9166932106018066,
0,1.9166932106018066,
0,1.916690707206726,
0,1.7051496505737305,
0,1.91629958152771,
0,1.91629958152771,
0,1.91629958152771,
0,1.91629958152771,
0,1.9162994623184204,
0,1.91629958152771,
0,1.91629958152771,
0,1.704663872718811,
0,1.7045122385025024,
0,1.704512119293213,
0,1.7045122385025024,
0,1.704509973526001,
0,1.704509973526001,
0,1.70451021194458,
0,1.704509973526001,
0,1.7041409015655518,
0,1.703965187072754,
0,1.7039650678634644,
0,1.7039649486541748,
0,1.703963279724121,
0,1.703963279724121,
0,1.703963279724121,
0,1.7039601802825928,
0,1.7035115957260132,
0,1.7033352851867676,
0,1.7033352851867676,
0,1.7033354043960571,
0,1.7033329010009766,
0,1.703332781791687,
0,1.7033329010009766,
0,1.7033298015594482,
0,1.7029030323028564,
0,1.7027539014816284,
0,1.7027539014816284,
0,1.7027539014816284,
0,1.7027455568313599,
0,1.7027453184127808,
0,1.7027453184127808,
0,1.7027422189712524,
0,1.702661395072937,
0,1.7020039558410645,
0,1.7020039558410645,
0,1.702003836631775,
0,1.7019954919815063,
0,1.7019954919815063,
0,1.701995611190796,
0,1.7019925117492676,
0,1.701389193534851,
0,1.7012144327163696,
0,1.7012144327163696,
0,1.7012064456939697,
0,1.7012062072753906,
0,1.7012064456939697,
0,1.7012064456939697,
0,1.7012033462524414,
0,1.7006337642669678,
0,1.700460433959961,
0,1.700460433959961,
0,1.700460433959961,
0,1.7004523277282715,
0,1.7004523277282715,
0,1.7004523277282715,
0,1.7004494667053223,
0,1.6998239755630493,
0,1.6996166706085205,
0,1.699616551399231,
0,1.699616551399231,
0,1.6996080875396729,
0,1.6996082067489624,
0,1.6996080875396729,
0,1.6996082067489624,
0,1.6989812850952148,
0,1.7258665561676025,
0,1.725866675376892,
0,1.7258665561676025,
0,1.7258589267730713,
0,1.7258589267730713,
0,1.7258590459823608,
0,1.725856065750122,
0,1.7252265214920044,
0,1.724976897239685,
0,1.724976897239685,
0,1.724976897239685,
0,1.7249685525894165,
0,1.7249685525894165,
0,1.7249685525894165,
0,1.7249656915664673,
0,1.7243467569351196,
0,1.9336786270141602,
0,1.933678388595581,
0,1.933678388595581,
0,1.9336788654327393,
0,1.9336787462234497,
0,1.9336787462234497,
0,1.9336764812469482,
0,1.9335355758666992,
0,1.9334290027618408,
0,1.9334290027618408,
0,1.9334290027618408,
0,1.9334288835525513,
0,1.9334288835525513,
0,1.9334288835525513,
0,1.9334264993667603,
0,1.933209776878357,
0,1.933107852935791,
0,1.933107852935791,
0,1.933107852935791,
0,1.9331073760986328,
0,1.9331073760986328,
0,1.9331073760986328,
0,1.9331049919128418,
0,1.9328891038894653,
0,1.9327857494354248,
0,1.9327857494354248,
0,1.9327857494354248,
0,1.9327856302261353,
0,1.9327856302261353,
0,1.9327856302261353,
0,1.9327833652496338,
0,1.9327372312545776,
0,1.8455302715301514,
0,1.8455300331115723,
0,1.8455302715301514,
0,1.8455296754837036,
0,1.8455299139022827,
0,1.8455297946929932,
0,1.8455299139022827,
0,1.8455243110656738,
0,1.6126848459243774,
0,1.6126848459243774,
0,1.612684965133667,
0,1.6126824617385864,
0,1.6126822233200073,
0,1.6126823425292969,
0,1.612679123878479,
0,1.6122334003448486,
0,1.8328593969345093,
0,1.8328593969345093,
0,1.832859754562378,
0,1.8328579664230347,
0,1.8328579664230347,
0,1.8328579664230347,
0,1.8328553438186646,
0,1.898049235343933,
0,1.897897481918335,
0,1.897897481918335,
0,1.897897481918335,
0,1.8978958129882812,
0,1.8978958129882812,
0,1.8978958129882812,
0,1.8978934288024902,
0,1.8975045680999756,
0,1.897367000579834,
0,1.8973667621612549,
0,1.8973666429519653,
0,1.897340178489685,
0,1.8973400592803955,
0,1.897340178489685,
0,1.8973400592803955,
0,1.8969190120697021,
0,1.8965644836425781,
0,1.8965644836425781,
0,1.8965644836425781,
0,1.8965579271316528,
0,1.8965580463409424,
0,1.8965580463409424,
0,1.8965556621551514,
0,1.8961365222930908,
0,1.895753026008606,
0,1.8957529067993164,
0,1.895753026008606,
0,1.8957463502883911,
0,1.8957463502883911,
0,1.895746111869812,
0,1.895743727684021,
0,1.8952641487121582,
0,1.8947091102600098,
0,1.8947088718414307,
0,1.8947089910507202,
0,1.8947020769119263,
0,1.8947020769119263,
0,1.8947021961212158,
0,1.8946996927261353,
0,1.8942207098007202,
0,1.8936481475830078,
0,1.8936481475830078,
0,1.8936481475830078,
0,1.8936412334442139,
0,1.8936412334442139,
0,1.8936412334442139,
0,1.893641471862793,
0,1.8931376934051514,
0,1.8925033807754517,
0,1.8925033807754517,
0,1.8925036191940308,
0,1.8924967050552368,
0,1.8924967050552368,
0,1.8924967050552368,
0,1.8924943208694458,
0,1.8924425840377808,
0,1.891268253326416,
0,1.891268253326416,
0,1.891268253326416,
0,1.8912620544433594,
0,1.8912620544433594,
0,1.8912620544433594,
0,1.8912596702575684,
0,1.8907356262207031,
0,2.0728871822357178,
0,2.072887420654297,
0,2.072887420654297,
0,2.0728871822357178,
0,2.0728871822357178,
0,2.0728871822357178,
0,2.072885036468506,
0,2.072864532470703,
0,2.0721559524536133,
0,2.0721559524536133,
0,2.0721559524536133,
0,2.072155714035034,
0,2.0721559524536133,
0,2.0721559524536133,
0,2.0721538066864014,
0,2.071868419647217,
0,2.071309804916382,
0,2.071309804916382,
0,2.071309804916382,
0,2.071310043334961,
0,2.071310043334961,
0,2.071310043334961,
0,2.071307897567749,
0,2.071024179458618,
0,1.8866430521011353,
0,1.8866428136825562,
0,1.8866429328918457,
0,1.8866413831710815,
0,1.8866413831710815,
0,1.8866413831710815,
0,1.8866444826126099,
0,1.8860076665878296,
0,1.8853495121002197,
0,1.8853495121002197,
0,1.8853495121002197,
0,1.8853483200073242,
0,1.8853483200073242,
0,1.8853483200073242,
0,1.885345697402954,
0,1.8848488330841064,
0,1.8840131759643555,
0,1.884013056755066,
0,1.884013056755066,
0,1.8840113878250122,
0,1.8840113878250122,
0,1.8840113878250122,
0,1.884008765220642,
0,1.8835020065307617,
0,1.882599115371704,
0,1.8825992345809937,
0,1.8825992345809937,
0,1.8825974464416504,
0,1.8825974464416504,
0,1.8825974464416504,
0,1.882595181465149,
0,1.8820960521697998,
0,1.8812580108642578,
0,1.8812578916549683,
0,1.8812578916549683,
0,1.8812512159347534,
0,1.8812512159347534,
0,1.8812512159347534,
0,1.8812487125396729,
0,1.8807270526885986,
0,1.879868507385254,
0,1.879868507385254,
0,1.879868507385254,
0,1.8798623085021973,
0,1.8798623085021973,
0,1.8798623085021973,
0,1.8798596858978271,
0,1.8791639804840088,
0,1.878252625465393,
0,1.8782527446746826,
0,1.8782525062561035,
0,1.8782458305358887,
0,1.8782458305358887,
0,1.8782458305358887,
0,1.878243327140808,
0,1.877715826034546,
0,2.0642998218536377,
0,2.0642998218536377,
0,2.0642998218536377,
0,2.0642995834350586,
0,2.0642995834350586,
0,2.0642993450164795,
0,2.0642971992492676,
0,2.064016580581665,
0,2.063279867172241,
0,2.0632801055908203,
0,2.0632801055908203,
0,2.063279867172241,
0,2.063279867172241,
0,2.063279867172241,
0,2.0632779598236084,
0,1.8749897480010986,
0,2.062314748764038,
0,2.062314748764038,
0,2.062314748764038,
0,2.062314748764038,
0,2.062314748764038,
0,2.062314748764038,
0,2.062312602996826,
0,2.062305450439453,
0,1.8728141784667969,
0,1.8728141784667969,
0,1.8728141784667969,
0,1.8728125095367432,
0,1.8728125095367432,
0,1.8728125095367432,
0,1.8728101253509521,
0,1.872786045074463,
0,1.8715027570724487,
0,1.8715026378631592,
0,1.8715027570724487,
0,1.871500849723816,
0,1.871500849723816,
0,1.871500849723816,
0,1.871498465538025,
0,1.870858073234558,
0,1.8699662685394287,
0,1.8699662685394287,
0,1.8699662685394287,
0,1.869964361190796,
0,1.869964599609375,
0,1.869964599609375,
0,1.8699617385864258,
0,1.8694614171981812,
0,1.8685890436172485,
0,1.8685890436172485,
0,1.8685890436172485,
0,1.8685877323150635,
0,1.8685877323150635,
0,1.8685874938964844,
0,1.868585228919983,
0,1.8680756092071533,
0,1.8531192541122437,
0,1.8531192541122437,
0,1.8531192541122437,
0,1.8531177043914795,
0,1.8531177043914795,
0,1.8531177043914795,
0,1.8531149625778198,
0,1.8524917364120483,
0,1.851590871810913,
0,1.851590871810913,
0,1.851590871810913,
0,1.851589322090149,
0,1.8515892028808594,
0,1.851589322090149,
0,1.8515865802764893,
0,1.8510998487472534,
0,1.8502415418624878,
0,1.8502416610717773,
0,1.8502416610717773,
0,1.8502354621887207,
0,1.8502354621887207,
0,1.8502353429794312,
0,1.8502328395843506,
0,1.849582552909851,
0,1.8486725091934204,
0,1.8486725091934204,
0,1.8486723899841309,
0,1.8486664295196533,
0,1.8486665487289429,
0,1.8486664295196533,
0,1.8486639261245728,
0,2.042452812194824,
0,2.041882276535034,
0,2.041882276535034,
0,2.041882276535034,
0,2.041882276535034,
0,2.041882276535034,
0,2.041882276535034,
0,2.0418801307678223,
0,2.041503667831421,
0,2.0407419204711914,
0,2.0407419204711914,
0,2.0407419204711914,
0,2.0407419204711914,
0,2.0407419204711914,
0,2.0407419204711914,
0,2.0407397747039795,
0,2.0404515266418457,
0,2.0398077964782715,
0,2.0398077964782715,
0,2.0398077964782715,
0,2.0398077964782715,
0,2.0398077964782715,
0,2.0398077964782715,
0,2.0398056507110596,
0,2.039489269256592,
0,1.982206106185913,
0,1.9822062253952026,
0,1.982206106185913,
0,1.9822062253952026,
0,1.9822062253952026,
0,1.9822062253952026,
0,1.9822062253952026,
0,1.982202410697937,
0,1.772352695465088,
0,1.772352695465088,
0,1.772352695465088,
0,1.772352695465088,
0,1.772352695465088,
0,1.772352695465088,
0,1.7723500728607178,
0,1.7723512649536133,
0,1.7709051370620728,
0,1.7709051370620728,
0,1.7709051370620728,
0,1.7709039449691772,
0,1.7709039449691772,
0,1.7709039449691772,
0,1.770901083946228,
0,1.770233392715454,
0,1.7693365812301636,
0,1.7693365812301636,
0,1.7693365812301636,
0,1.7693347930908203,
0,1.7693347930908203,
0,1.7693347930908203,
0,1.7693320512771606,
0,1.838265299797058,
0,1.8374521732330322,
0,1.8374521732330322,
0,1.8374521732330322,
0,1.8374505043029785,
0,1.837450623512268,
0,1.8374505043029785,
0,1.837448000907898,
0,1.836804747581482,
0,1.835906744003296,
0,1.8359068632125854,
0,1.8359068632125854,
0,1.8359053134918213,
0,1.8359053134918213,
0,1.8359054327011108,
0,1.8359028100967407,
0,1.8352420330047607,
0,1.834298849105835,
0,1.834298849105835,
0,1.834298849105835,
0,1.8342971801757812,
0,1.8342971801757812,
0,1.8342974185943604,
0,1.8342946767807007,
0,1.8336673974990845,
0,1.832614779472351,
0,1.832614779472351,
0,1.832614779472351,
0,1.832613468170166,
0,1.8326133489608765,
0,1.8326133489608765,
0,1.8326106071472168,
0,1.8319580554962158,
0,2.0251386165618896,
0,2.0251386165618896,
0,2.0251386165618896,
0,2.0251383781433105,
0,2.0251383781433105,
0,2.0251386165618896,
0,2.0251364707946777,
0,2.024768829345703,
0,2.0241751670837402,
0,2.024174690246582,
0,2.024174690246582,
0,2.024174928665161,
0,2.0241751670837402,
0,2.024174690246582,
0,2.024172782897949,
0,2.023618698120117,
0,2.022754669189453,
0,2.022754669189453,
0,2.022754669189453,
0,2.022754669189453,
0,2.022754669189453,
0,2.022754669189453,
0,2.022752523422241,
0,2.022434711456299,
0,2.021789073944092,
0,2.0217888355255127,
0,2.0217888355255127,
0,2.021789073944092,
0,2.021789073944092,
0,2.021789073944092,
0,2.02178692817688,
0,2.021770477294922,
0,2.020653247833252,
0,2.020653486251831,
0,2.020653247833252,
0,2.020653247833252,
0,2.020653486251831,
0,2.020653486251831,
0,2.020651340484619,
0,2.020324468612671,
0,2.0194711685180664,
0,2.0194711685180664,
0,2.0194711685180664,
0,2.0194709300994873,
0,2.0194711685180664,
0,2.0194711685180664,
0,2.0194692611694336,
0,2.019143581390381,
0,2.0183510780334473,
0,2.018350839614868,
0,2.0183510780334473,
0,2.0183510780334473,
0,2.0183510780334473,
0,2.0183510780334473,
0,2.0183489322662354,
0,2.0179691314697266,
0,2.0170464515686035,
0,2.0170464515686035,
0,2.0170464515686035,
0,2.0170466899871826,
0,2.0170464515686035,
0,2.0170464515686035,
0,2.0170445442199707,
0,2.0166590213775635,
0,2.0157079696655273,
0,2.0157082080841064,
0,2.0157077312469482,
0,2.0157077312469482,
0,2.0157079696655273,
0,2.0157077312469482,
0,2.0157060623168945,
0,2.015137195587158,
0,2.0141918659210205,
0,2.0141918659210205,
0,2.0141918659210205,
0,2.0141918659210205,
0,2.0141923427581787,
0,2.0141923427581787,
0,2.0141899585723877,
0,2.0136165618896484,
0,2.012627363204956,
0,2.012627601623535,
0,2.012627601623535,
0,2.012627363204956,
0,2.012627363204956,
0,2.012627601623535,
0,2.0126256942749023,
0,2.01204514503479,
0,2.010934829711914,
0,2.010934829711914,
0,2.010934829711914,
0,2.010934829711914,
0,2.010934829711914,
0,2.010934829711914,
0,2.0109329223632812,
0,2.0103743076324463,
0,2.009397268295288,
0,2.009397506713867,
0,2.009397268295288,
0,2.009397506713867,
0,2.009397506713867,
0,2.009397268295288,
0,2.0093953609466553,
0,2.0093679428100586,
0,2.0077340602874756,
0,2.0077340602874756,
0,2.0077340602874756,
0,2.0077340602874756,
0,2.0077340602874756,
0,2.0077340602874756,
0,2.0077321529388428,
0,2.007033348083496,
0,2.0059828758239746,
0,2.0059828758239746,
0,2.0059828758239746,
0,2.0059828758239746,
0,2.0059828758239746,
0,2.0059828758239746,
0,2.005980968475342,
0,2.0053906440734863,
0,2.0043835639953613,
0,2.0043840408325195,
0,2.0043840408325195,
0,2.0043840408325195,
0,2.0043840408325195,
0,2.0043835639953613,
0,2.0043816566467285,
0,2.003434658050537,
0,2.0025134086608887,
0,2.0025134086608887,
0,2.0025134086608887,
0,2.0025134086608887,
0,2.0025134086608887,
0,2.0025134086608887,
0,2.002511501312256,
0,2.001551866531372,
0,2.0004897117614746,
0,2.0004899501800537,
0,2.0004899501800537,
0,2.0004899501800537,
0,2.0004897117614746,
0,2.0004897117614746,
0,2.000488042831421,
0,1.9995418787002563,
0,1.9986215829849243,
0,1.9986212253570557,
0,1.9986209869384766,
0,1.9986215829849243,
0,1.9986217021942139,
0,1.9986215829849243,
0,1.9986193180084229,
0,1.9976630210876465,
0,1.9966650009155273,
0,1.9966647624969482,
0,1.9966647624969482,
0,1.9966647624969482,
0,1.9966647624969482,
0,1.9966647624969482,
0,1.9966628551483154,
0,1.9957184791564941,
0,1.9946844577789307,
0,1.9946844577789307,
0,1.9946844577789307,
0,1.9946844577789307,
0,1.9946844577789307,
0,1.9946844577789307,
0,1.9946825504302979,
0,1.9937362670898438,
0,1.992751121520996,
0,1.992751121520996,
0,1.992750644683838,
0,1.992750883102417,
0,1.992750644683838,
0,1.992750644683838,
0,1.992748737335205,
0,1.9927194118499756,
0,2.168391466140747,
0,1.9907820224761963,
0,1.9907820224761963,
0,1.9907817840576172,
0,1.9907817840576172,
0,1.9907820224761963,
0,1.9907801151275635,
0,2.167725086212158,
0,1.9888402223587036,
0,1.988840103149414,
0,1.988840103149414,
0,1.9888402223587036,
0,1.9888402223587036,
0,1.988840103149414,
0,1.9888384342193604,
0,2.166325092315674,
0,2.1655733585357666,
0,2.1655731201171875,
0,2.1655733585357666,
0,2.1655731201171875,
0,2.1655733585357666,
0,2.1655733585357666,
0,2.165571689605713,
0,2.164893865585327,
0,2.164175510406494,
0,2.1641757488250732,
0,2.164175510406494,
0,2.164175510406494,
0,2.1641759872436523,
0,2.1641757488250732,
0,2.164172649383545,
0,2.1633992195129395,
0,2.1627297401428223,
0,2.162729501724243,
0,2.1627297401428223,
0,2.1627297401428223,
0,2.162729501724243,
0,2.162729501724243,
0,2.1627280712127686,
0,2.1627097129821777,
0,2.1349329948425293,
0,2.1349329948425293,
0,2.1349329948425293,
0,2.1349329948425293,
0,2.1349329948425293,
0,2.1349329948425293,
0,2.1349315643310547,
0,1.9487323760986328,
0,2.133540391921997,
0,2.133540391921997,
0,2.133540391921997,
0,2.133538246154785,
0,2.133538246154785,
0,2.133538246154785,
0,2.133537530899048,
0,1.9469754695892334,
0,2.13222336769104,
0,2.132223606109619,
0,2.13222336769104,
0,2.132215738296509,
0,2.132215738296509,
0,2.132215738296509,
0,2.1322150230407715,
0,1.945415735244751,
0,1.9446096420288086,
0,1.9446096420288086,
0,1.9446102380752563,
0,1.9446063041687012,
0,1.9446063041687012,
0,1.9446063041687012,
0,1.9446043968200684,
0,1.9436910152435303,
0,1.9428679943084717,
0,1.9428679943084717,
0,1.9428679943084717,
0,1.942867398262024,
0,1.942867398262024,
0,1.9428672790527344,
0,1.9428653717041016,
0,1.9419527053833008,
0,1.9411876201629639,
0,1.9411876201629639,
0,1.9411876201629639,
0,1.9411864280700684,
0,1.9411864280700684,
0,1.941186547279358,
0,1.9411847591400146,
0,1.9402704238891602,
0,1.9394757747650146,
0,1.9394757747650146,
0,1.9394757747650146,
0,1.9394748210906982,
0,1.93947434425354,
0,1.9394748210906982,
0,1.9394729137420654,
0,1.9385673999786377,
0,1.9378042221069336,
0,1.9378039836883545,
0,1.9378042221069336,
0,1.9378042221069336,
0,1.9378042221069336,
0,1.9378042221069336,
0,1.9378023147583008,
0,1.9368860721588135,
0,1.9361214637756348,
0,1.9361214637756348,
0,1.9361214637756348,
0,1.9361214637756348,
0,1.9361214637756348,
0,1.9361214637756348,
0,1.936119556427002,
0,1.9352177381515503,
0,1.9183447360992432,
0,1.9183447360992432,
0,1.9183447360992432,
0,1.9183447360992432,
0,1.9183448553085327,
0,1.9183447360992432,
0,1.9183428287506104,
0,1.9183157682418823,
0,1.916598916053772,
0,1.916598916053772,
0,1.9165995121002197,
0,1.9165995121002197,
0,1.916598916053772,
0,1.916598916053772,
0,1.9165970087051392,
0,1.9157277345657349,
0,1.9149086475372314,
0,1.914908528327942,
0,1.9149086475372314,
0,1.9149084091186523,
0,1.9149086475372314,
0,1.9149086475372314,
0,1.914906620979309,
0,1.9137881994247437,
0,1.9128892421722412,
0,1.9128892421722412,
0,1.9128892421722412,
0,1.9128892421722412,
0,1.9128892421722412,
0,1.9128892421722412,
0,1.9128872156143188,
0,1.9120272397994995,
0,1.911204218864441,
0,1.911204218864441,
0,1.911204218864441,
0,1.911204218864441,
0,1.911204218864441,
0,1.911204218864441,
0,1.911204218864441,
0,1.9103362560272217,
0,1.9093680381774902,
0,1.9093680381774902,
0,1.9093680381774902,
0,1.9093680381774902,
0,1.9093680381774902,
0,1.9093680381774902,
0,1.9093661308288574,
0,1.9085099697113037,
0,1.907577633857727,
0,1.907577633857727,
0,1.907577633857727,
0,1.9075779914855957,
0,1.907577633857727,
0,1.9075779914855957,
0,1.9075779914855957,
0,1.9067113399505615,
0,1.9057700634002686,
0,1.9057700634002686,
0,1.9057700634002686,
0,1.9057700634002686,
0,1.9057700634002686,
0,1.9057700634002686,
0,1.9057680368423462,
0,1.9049067497253418,
0,1.903923749923706,
0,1.903923749923706,
0,1.903923749923706,
0,1.9039238691329956,
0,1.9039238691329956,
0,1.903923749923706,
0,1.9039218425750732,
0,1.903064489364624,
0,1.902148723602295,
0,1.902148723602295,
0,1.902148723602295,
0,1.902148723602295,
0,1.902148723602295,
0,1.902148723602295,
0,1.902146816253662,
0,1.9012950658798218,
0,1.9003217220306396,
0,1.9003217220306396,
0,1.9003217220306396,
0,1.9003217220306396,
0,1.9003217220306396,
0,1.9003217220306396,
0,1.9003196954727173,
0,2.0962483882904053,
0,1.8984707593917847,
0,1.8984707593917847,
0,1.8984707593917847,
0,1.8984707593917847,
0,1.8984707593917847,
0,1.8984707593917847,
0,1.8984688520431519,
0,2.0949573516845703,
0,2.0942304134368896,
0,2.0942304134368896,
0,2.0942304134368896,
0,2.0942304134368896,
0,2.0942306518554688,
0,2.0942304134368896,
0,2.094228744506836,
0,2.093611001968384,
0,2.0929388999938965,
0,2.0929388999938965,
0,2.0929388999938965,
0,2.092937707901001,
0,2.0929372310638428,
0,2.092937707901001,
0,2.092935562133789,
0,2.0929267406463623,
0,2.091959238052368,
0,2.091959238052368,
0,2.091959238052368,
0,2.0919575691223145,
0,2.0919575691223145,
0,2.0919575691223145,
0,2.09195613861084,
0,1.8928083181381226,
0,2.0909762382507324,
0,2.0909764766693115,
0,2.0909762382507324,
0,2.090968132019043,
0,2.090968132019043,
0,2.090968132019043,
0,2.0909667015075684,
0,1.8917839527130127,
0,1.8910831212997437,
0,1.891083002090454,
0,1.891082763671875,
0,1.8910822868347168,
0,1.8910822868347168,
0,1.8910822868347168,
0,1.8910801410675049,
0,1.890460729598999,
0,1.8897438049316406,
0,1.8897438049316406,
0,1.8897438049316406,
0,1.8897428512573242,
0,1.8897428512573242,
0,1.8897428512573242,
0,1.8897409439086914,
0,1.8892247676849365,
0,1.888516902923584,
0,1.888516902923584,
0,1.888516902923584,
0,1.8885164260864258,
0,1.8885164260864258,
0,1.8885164260864258,
0,1.888514518737793,
0,1.8879926204681396,
0,1.8872441053390503,
0,1.8872441053390503,
0,1.8872441053390503,
0,1.8872429132461548,
0,1.8872429132461548,
0,1.8872429132461548,
0,1.8872408866882324,
0,1.8866938352584839,
0,1.8858929872512817,
0,1.8858929872512817,
0,1.8858929872512817,
0,1.8858929872512817,
0,1.8858929872512817,
0,1.8858929872512817,
0,1.885891079902649,
0,1.8853557109832764,
0,1.8845146894454956,
0,1.884514570236206,
0,1.8845148086547852,
0,1.8845146894454956,
0,1.8845146894454956,
0,1.8845146894454956,
0,1.8845127820968628,
0,1.8839749097824097,
0,1.882974624633789,
0,1.882974624633789,
0,1.882974624633789,
0,1.882974624633789,
0,1.882974624633789,
0,1.882974624633789,
0,1.8829731941223145,
0,1.8824365139007568,
0,1.8815523386001587,
0,1.8815523386001587,
0,1.8815523386001587,
0,1.8815523386001587,
0,1.8815523386001587,
0,1.8815523386001587,
0,1.881550908088684,
0,1.8810123205184937,
0,1.8801813125610352,
0,1.8801814317703247,
0,1.8801813125610352,
0,1.8801814317703247,
0,1.8801813125610352,
0,1.8801814317703247,
0,1.8801813125610352,
0,1.8796477317810059,
0,1.878740906715393,
0,1.878740906715393,
0,1.8787405490875244,
0,1.878740906715393,
0,1.878740668296814,
0,1.878740668296814,
0,1.878739356994629,
0,1.8782037496566772,
0,1.8773224353790283,
0,1.877322793006897,
0,1.8773224353790283,
0,1.877322793006897,
0,1.8773224353790283,
0,1.877322793006897,
0,1.8773213624954224,
0,1.8767850399017334,
0,1.8759046792984009,
0,1.8759046792984009,
0,1.8759046792984009,
0,1.8759046792984009,
0,1.8759046792984009,
0,1.8759045600891113,
0,1.8759031295776367,
0,1.8752611875534058,
0,1.8743345737457275,
0,1.8743345737457275,
0,1.8743345737457275,
0,1.874334692955017,
0,1.8743345737457275,
0,1.8743345737457275,
0,1.8743332624435425,
0,2.0782313346862793,
0,2.0776212215423584,
0,2.0776212215423584,
0,2.0776214599609375,
0,2.0776212215423584,
0,2.0776212215423584,
0,2.0776214599609375,
0,2.077620029449463,
0,2.077281951904297,
0,2.076686382293701,
0,2.076686382293701,
0,2.076686382293701,
0,2.0766849517822266,
0,2.0766849517822266,
0,2.0766849517822266,
0,2.076683759689331,
0,1.8709917068481445,
0,2.07586669921875,
0,2.07586669921875,
0,2.075867176055908,
0,2.0758655071258545,
0,2.0758655071258545,
0,2.0758655071258545,
0,2.075864315032959,
0,1.869924545288086,
0,1.8692200183868408,
0,1.8692200183868408,
0,1.8692200183868408,
0,1.8692187070846558,
0,1.8692190647125244,
0,1.8692187070846558,
0,1.8692176342010498,
0,1.8687763214111328,
0,1.8681153059005737,
0,1.8681154251098633,
0,1.8681156635284424,
0,1.8681143522262573,
0,1.8681143522262573,
0,1.8681144714355469,
0,1.8681129217147827,
0,1.867604374885559,
0,1.866902232170105,
0,1.8669018745422363,
0,1.8669018745422363,
0,1.8669021129608154,
0,1.866902232170105,
0,1.8669019937515259,
0,1.8669004440307617,
0,1.8662528991699219,
0,1.8655790090560913,
0,1.8655790090560913,
0,1.8655790090560913,
0,1.8655788898468018,
0,1.8655790090560913,
0,1.8655790090560913,
0,1.8655775785446167,
0,1.865059494972229,
0,1.864251971244812,
0,1.864251971244812,
0,1.864251971244812,
0,1.864251971244812,
0,1.8642518520355225,
0,1.864251971244812,
0,1.8642504215240479,
0,1.863640308380127,
0,1.8627632856369019,
0,1.8627634048461914,
0,1.8627632856369019,
0,1.8627632856369019,
0,1.8627634048461914,
0,1.8627632856369019,
0,1.8627617359161377,
0,1.8623539209365845,
0,1.8615474700927734,
0,1.861547589302063,
0,1.8615477085113525,
0,1.861547589302063,
0,1.8615473508834839,
0,1.8615473508834839,
0,1.8615460395812988,
0,1.8610345125198364,
0,1.86018967628479,
0,1.8601895570755005,
0,1.8601895570755005,
0,1.86018967628479,
0,1.860189437866211,
0,1.860189437866211,
0,1.8601880073547363,
0,1.8601597547531128,
0,1.8587274551391602,
0,1.8587273359298706,
0,1.8587274551391602,
0,1.8587274551391602,
0,1.8587274551391602,
0,1.8587274551391602,
0,1.8587257862091064,
0,1.8582134246826172,
0,1.8573546409606934,
0,1.8573546409606934,
0,1.8573546409606934,
0,1.8573548793792725,
0,1.8573548793792725,
0,1.8573545217514038,
0,1.8573530912399292,
0,2.0670106410980225,
0,2.066441774368286,
0,2.066441774368286,
0,2.066441774368286,
0,2.066441774368286,
0,2.066441774368286,
0,2.066441774368286,
0,2.0664405822753906,
0,1.8554940223693848,
0,1.8547308444976807,
0,2.0656323432922363,
0,2.0656321048736572,
0,2.065631866455078,
0,2.0656323432922363,
0,2.0656321048736572,
0,2.0656306743621826,
0,1.8542982339859009,
0,1.8537086248397827,
0,1.8537086248397827,
0,1.8537086248397827,
0,1.8537088632583618,
0,1.8537086248397827,
0,1.8537086248397827,
0,1.8537070751190186,
0,1.8532001972198486,
0,1.8525059223175049,
0,1.8525058031082153,
0,1.8525059223175049,
0,1.8525059223175049,
0,1.8525059223175049,
0,1.8525056838989258,
0,1.8525044918060303,
0,1.8520026206970215,
0,1.8513014316558838,
0,1.8513014316558838,
0,1.8513014316558838,
0,1.8513014316558838,
0,1.8513014316558838,
0,1.8513014316558838,
0,1.8513000011444092,
0,1.8507918119430542,
0,1.8500075340270996,
0,1.8500075340270996,
0,1.8500075340270996,
0,1.8500072956085205,
0,1.8500075340270996,
0,1.8500075340270996,
0,1.850006103515625,
0,1.8494997024536133,
0,1.8487259149551392,
0,1.8487257957458496,
0,1.8487260341644287,
0,1.8487257957458496,
0,1.8487260341644287,
0,1.8487257957458496,
0,1.848724365234375,
0,1.8482146263122559,
0,1.84751296043396,
0,1.8475126028060913,
0,1.8475126028060913,
0,1.8475126028060913,
0,1.8475126028060913,
0,1.8475126028060913,
0,1.8475112915039062,
0,1.8470144271850586,
0,1.779062032699585,
0,1.779062271118164,
0,1.779062032699585,
0,1.779062032699585,
0,1.779062032699585,
0,1.779062032699585,
0,1.779062032699585,
0,1.8457248210906982,
0,1.7777628898620605,
0,1.7777628898620605,
0,1.7777628898620605,
0,1.7777628898620605,
0,1.7777628898620605,
0,1.7777628898620605,
0,1.7777613401412964,
0,1.8444695472717285,
0,1.7989072799682617,
0,1.7989071607589722,
0,1.7989071607589722,
0,1.7989071607589722,
0,1.7989071607589722,
0,1.7989071607589722,
0,1.798905611038208,
0,1.8642538785934448,
0,1.7975811958312988,
0,1.7975808382034302,
0,1.7975811958312988,
0,1.7975808382034302,
0,1.7975808382034302,
0,1.7975811958312988,
0,1.797579288482666,
0,1.7969341278076172,
0,1.7961971759796143,
0,1.7961971759796143,
0,1.7961971759796143,
0,1.7961971759796143,
0,1.7961971759796143,
0,1.7961971759796143,
0,1.79619562625885,
0,1.861664891242981,
0,1.860926866531372,
0,1.860926866531372,
0,1.8609267473220825,
0,1.860926866531372,
0,1.860926866531372,
0,1.860926866531372,
0,1.8609251976013184,
0,1.8598707914352417,
0,1.859555959701538,
0,1.859555959701538,
0,1.859555959701538,
0,1.859555959701538,
0,1.859555959701538,
0,1.859555959701538,
0,1.8595545291900635,
0,1.8590354919433594,
0,1.8583213090896606,
0,1.858320951461792,
0,1.8583213090896606,
0,1.8583213090896606,
0,1.858320951461792,
0,1.8583213090896606,
0,1.8583213090896606,
0,1.857796311378479,
0,1.857065200805664,
0,1.857065200805664,
0,1.857065200805664,
0,1.857065200805664,
0,1.857065200805664,
0,1.857065200805664,
0,1.8570637702941895,
0,1.8565411567687988,
0,1.8557926416397095,
0,1.8557926416397095,
0,1.8557926416397095,
0,1.855792760848999,
0,1.855792760848999,
0,1.8557926416397095,
0,1.8557912111282349,
0,2.069897174835205,
0,2.0694499015808105,
0,2.0694499015808105,
0,2.0694494247436523,
0,2.0694499015808105,
0,2.0694499015808105,
0,2.0694499015808105,
0,2.069448471069336,
0,2.069145441055298,
0,2.0687692165374756,
0,2.0687692165374756,
0,2.0687692165374756,
0,2.0687692165374756,
0,2.0687692165374756,
0,2.0687692165374756,
0,2.06876802444458,
0,2.068478584289551,
0,2.068068027496338,
0,2.068068027496338,
0,2.068068027496338,
0,2.068068027496338,
0,2.068068027496338,
0,2.068068027496338,
0,2.0680668354034424,
0,2.0677435398101807,
0,2.0673460960388184,
0,2.0673460960388184,
0,2.0673460960388184,
0,2.0673444271087646,
0,2.0673444271087646,
0,2.0673444271087646,
0,2.067343235015869,
0,1.8509349822998047,
0,1.8503541946411133,
0,1.8503541946411133,
0,1.8503543138504028,
0,1.8503543138504028,
0,1.8503541946411133,
0,1.8503543138504028,
0,1.8503528833389282,
0,1.84983491897583,
0,1.8492554426193237,
0,1.849254846572876,
0,1.849255084991455,
0,1.849254846572876,
0,1.8492547273635864,
0,1.849254846572876,
0,1.8492532968521118,
0,1.8488242626190186,
0,2.0650906562805176,
0,2.0650906562805176,
0,2.0650908946990967,
0,2.065089225769043,
0,2.065089225769043,
0,2.065089225769043,
0,2.0650880336761475,
0,1.8477939367294312,
0,1.7804228067398071,
0,1.7804228067398071,
0,1.7804228067398071,
0,1.7804228067398071,
0,1.7804228067398071,
0,1.7804228067398071,
0,1.7804228067398071,
0,1.8468352556228638,
0,2.353290319442749,
0,2.353290319442749,
0,2.353290319442749,
0,2.353290319442749,
0,2.353290319442749,
0,2.353290319442749,
0,2.353290319442749,
0,1.8458209037780762,
0,2.3525562286376953,
0,2.3525562286376953,
0,2.3525564670562744,
0,2.3525564670562744,
0,2.3525564670562744,
0,2.3525564670562744,
0,2.3525562286376953,
0,2.3903560638427734,
0,2.3517239093780518,
0,2.3517239093780518,
0,2.3517239093780518,
0,2.3517239093780518,
0,2.3517239093780518,
0,2.3517239093780518,
0,2.3517239093780518,
0,2.388881206512451,
0,2.3501803874969482,
0,2.3501803874969482,
0,2.3501803874969482,
0,2.3501803874969482,
0,2.3501803874969482,
0,2.3501803874969482,
0,2.3501803874969482,
0,2.348252296447754,
0,2.3477094173431396,
0,2.3477094173431396,
0,2.3477096557617188,
0,2.3477096557617188,
0,2.3477094173431396,
0,2.3477094173431396,
0,2.3477094173431396,
0,2.38409423828125,
0,2.3837389945983887,
0,2.3837389945983887,
0,2.3837389945983887,
0,2.3837389945983887,
0,2.3837389945983887,
0,2.3837389945983887,
0,2.3837389945983887,
0,2.380767345428467,
0,2.3417601585388184,
0,2.3417601585388184,
0,2.3417601585388184,
0,2.3417601585388184,
0,2.3417601585388184,
0,2.3417601585388184,
0,2.3417601585388184,
0,2.338707447052002,
0,2.477407932281494,
0,2.477407932281494,
0,2.4774081707000732,
0,2.477407932281494,
0,2.477407932281494,
0,2.4774081707000732,
0,2.477407932281494,
0,2.3743486404418945,
0,2.3740949630737305,
0,2.474687337875366,
0,2.474687337875366,
0,2.474687337875366,
0,2.4746875762939453,
0,2.474687337875366,
0,2.474687337875366,
0,2.370943069458008,
0,2.505707263946533,
