worker_id,loss,skipped
0,7.600155353546143,
0,7.600154876708984,
0,7.600155353546143,
0,7.600155353546143,
0,7.600155830383301,
0,7.600155830383301,
0,7.600154876708984,
0,7.600155353546143,
0,7.600032806396484,
0,7.592228412628174,
0,7.592227458953857,
0,7.592227935791016,
0,7.592227935791016,
0,7.592227935791016,
0,7.592227935791016,
0,7.592228412628174,
0,7.59197998046875,
0,7.564986705780029,
0,7.564986705780029,
0,7.5649871826171875,
0,7.564986228942871,
0,7.564986705780029,
0,7.564986705780029,
0,7.564986705780029,
0,7.549078464508057,
0,7.51102352142334,
0,7.51102352142334,
0,7.51102352142334,
0,7.51102352142334,
0,7.51102352142334,
0,7.51102352142334,
0,7.51102352142334,
0,7.510290145874023,
0,7.419116020202637,
0,7.419116020202637,
0,7.419116020202637,
0,7.419116020202637,
0,7.419116020202637,
0,7.419116020202637,
0,7.419116020202637,
0,7.418501853942871,
0,7.327180862426758,
0,7.327181339263916,
0,7.327180862426758,
0,7.327180862426758,
0,7.327180862426758,
0,7.327180862426758,
0,7.327180862426758,
0,7.3257036209106445,
0,7.578700542449951,
0,7.578700542449951,
0,7.578700065612793,
0,7.578700542449951,
0,7.578700542449951,
0,7.578700542449951,
0,7.578700542449951,
0,7.541609764099121,
0,7.849541187286377,
0,7.849540710449219,
0,7.849541187286377,
0,7.849541187286377,
0,7.849540710449219,
0,7.849541664123535,
0,7.849541187286377,
0,7.807208061218262,
0,7.681895732879639,
0,7.681895732879639,
0,7.681895732879639,
0,7.681895732879639,
0,7.681896209716797,
0,7.681895732879639,
0,7.681895732879639,
0,7.671311855316162,
0,6.052979946136475,
0,6.052981376647949,
0,6.052980899810791,
0,6.052980422973633,
0,6.052980422973633,
0,6.052981376647949,
0,6.052980899810791,
0,6.001771450042725,
0,5.856983184814453,
0,5.856983661651611,
0,5.856983184814453,
0,5.856983184814453,
0,5.856983184814453,
0,5.856983661651611,
0,5.856983661651611,
0,5.8086161613464355,
0,5.655574321746826,
0,5.655574798583984,
0,5.655574798583984,
0,5.655574798583984,
0,5.655574798583984,
0,5.655574321746826,
0,5.655574798583984,
0,5.601675033569336,
0,5.387146472930908,
0,5.387146472930908,
0,5.38714599609375,
0,5.38714599609375,
0,5.38714599609375,
0,5.387146472930908,
0,5.38714599609375,
0,5.33808708190918,
0,6.371342658996582,
0,6.371342658996582,
0,6.371342658996582,
0,6.371342658996582,
0,6.371342658996582,
0,6.371342658996582,
0,6.371342182159424,
0,6.346022605895996,
0,6.274876117706299,
0,6.274876117706299,
0,6.274875640869141,
0,6.274876117706299,
0,6.274875640869141,
0,6.274876117706299,
0,6.274875640869141,
0,6.25021505355835,
0,6.194746017456055,
0,6.194746017456055,
0,6.194746017456055,
0,6.194746971130371,
0,6.194746017456055,
0,6.194746017456055,
0,6.194746017456055,
0,6.171437740325928,
0,6.229674816131592,
0,6.229674816131592,
0,6.229674339294434,
0,6.229674339294434,
0,6.229674339294434,
0,6.229674816131592,
0,6.229674816131592,
0,6.223409652709961,
0,6.167160987854004,
0,6.167160987854004,
0,6.167160987854004,
0,6.167161464691162,
0,6.167160987854004,
0,6.167160987854004,
0,6.167160987854004,
0,6.160313606262207,
0,6.23422908782959,
0,6.23422908782959,
0,6.2342305183410645,
0,6.234230041503906,
0,6.234230041503906,
0,6.2342305183410645,
0,6.23422908782959,
0,6.224334716796875,
0,6.178004264831543,
0,6.178003787994385,
0,6.178003787994385,
0,6.178003787994385,
0,6.178003787994385,
0,6.178004264831543,
0,6.178003787994385,
0,6.150047779083252,
0,6.003300666809082,
0,6.003300666809082,
0,6.003300666809082,
0,6.003300666809082,
0,6.003300189971924,
0,6.00330114364624,
0,6.00330114364624,
0,5.993050575256348,
0,5.9520649909973145,
0,5.952065467834473,
0,5.952065467834473,
0,5.952065467834473,
0,5.952065467834473,
0,5.952065467834473,
0,5.952065467834473,
0,5.922125816345215,
0,5.900618076324463,
0,5.900618076324463,
0,5.900618553161621,
0,5.900618076324463,
0,5.900618076324463,
0,5.900618076324463,
0,5.900618076324463,
0,5.889272689819336,
0,5.85081148147583,
0,5.85081148147583,
0,5.850811958312988,
0,5.850811958312988,
0,5.850811958312988,
0,5.85081148147583,
0,5.850811958312988,
0,5.8181471824646,
0,5.801074981689453,
0,5.801074981689453,
0,5.801075458526611,
0,5.801075458526611,
0,5.8010759353637695,
0,5.801075458526611,
0,5.801074981689453,
0,5.78685188293457,
0,5.751909255981445,
0,5.751909255981445,
0,5.7519097328186035,
0,5.751909255981445,
0,5.751909255981445,
0,5.751909255981445,
0,5.7519097328186035,
0,5.721453666687012,
0,5.702787399291992,
0,5.702786922454834,
0,5.702786445617676,
0,5.702786922454834,
0,5.702786445617676,
0,5.702786922454834,
0,5.702786922454834,
0,5.667387008666992,
0,5.953285217285156,
0,5.953285217285156,
0,5.953285217285156,
0,5.953285217285156,
0,5.953285217285156,
0,5.953285217285156,
0,5.953285217285156,
0,5.938477039337158,
0,5.904907703399658,
0,5.904908180236816,
0,5.9049072265625,
0,5.904907703399658,
0,5.904907703399658,
0,5.904908180236816,
0,5.904908180236816,
0,5.867997169494629,
0,5.856590270996094,
0,5.856590270996094,
0,5.856590270996094,
0,5.856590747833252,
0,5.856590747833252,
0,5.856590747833252,
0,5.856590747833252,
0,5.84140682220459,
0,5.8095383644104,
0,5.8095383644104,
0,5.8095383644104,
0,5.8095383644104,
0,5.8095383644104,
0,5.809537887573242,
0,5.8095383644104,
0,5.772835731506348,
0,5.7617597579956055,
0,5.7617597579956055,
0,5.7617597579956055,
0,5.7617597579956055,
0,5.7617597579956055,
0,5.7617597579956055,
0,5.7617597579956055,
0,5.746359348297119,
0,5.71433687210083,
0,5.714336395263672,
0,5.714336395263672,
0,5.714336395263672,
0,5.714336395263672,
0,5.71433687210083,
0,5.714336395263672,
0,5.673981666564941,
0,5.764368057250977,
0,5.764368057250977,
0,5.764368057250977,
0,5.764368057250977,
0,5.764368057250977,
0,5.764368057250977,
0,5.764368057250977,
0,5.727664947509766,
0,5.717354774475098,
0,5.717354774475098,
0,5.717354774475098,
0,5.717354774475098,
0,5.717354774475098,
0,5.717355251312256,
0,5.717355251312256,
0,5.680027008056641,
0,5.669336318969727,
0,5.669336318969727,
0,5.669336318969727,
0,5.669336318969727,
0,5.669336318969727,
0,5.669336318969727,
0,5.669336318969727,
0,5.652963638305664,
0,5.621607303619385,
0,5.621607303619385,
0,5.621607303619385,
0,5.621607303619385,
0,5.621607303619385,
0,5.621607303619385,
0,5.621607303619385,
0,5.583240509033203,
0,5.572534561157227,
0,5.572535037994385,
0,5.572534561157227,
0,5.572535037994385,
0,5.572535514831543,
0,5.572535037994385,
0,5.572535037994385,
0,5.532512187957764,
0,5.425115585327148,
0,5.425115585327148,
0,5.425115585327148,
0,5.425115585327148,
0,5.42511510848999,
0,5.42511510848999,
0,5.42511510848999,
0,5.408284664154053,
0,5.376142978668213,
0,5.376142978668213,
0,5.376143455505371,
0,5.376142978668213,
0,5.376142978668213,
0,5.376142978668213,
0,5.376142978668213,
0,4.492156028747559,
0,4.489615440368652,
0,4.489615440368652,
0,4.489615440368652,
0,4.4896159172058105,
0,4.489615440368652,
0,4.489615440368652,
0,4.489582061767578,
0,4.4687676429748535,
0,4.44842529296875,
0,4.44842529296875,
0,4.448426246643066,
0,4.448425769805908,
0,4.448425769805908,
0,4.448426246643066,
0,4.445150852203369,
0,4.421449661254883,
0,4.366922378540039,
0,4.366922378540039,
0,4.366922378540039,
0,4.366922378540039,
0,4.366922378540039,
0,4.366922378540039,
0,4.366922378540039,
0,4.33879280090332,
0,4.290635108947754,
0,4.290635108947754,
0,4.290634632110596,
0,4.290634632110596,
0,4.290635108947754,
0,4.290635108947754,
0,4.282280445098877,
0,4.278868675231934,
0,4.199480056762695,
0,4.199480056762695,
0,4.199480056762695,
0,4.199480056762695,
0,4.1994805335998535,
0,4.199480056762695,
0,4.185002326965332,
0,4.161759376525879,
0,4.102677822113037,
0,4.102677822113037,
0,4.102677345275879,
0,4.102677345275879,
0,4.102677822113037,
0,4.102677345275879,
0,4.088804721832275,
0,4.065361022949219,
0,4.106034278869629,
0,4.106034278869629,
0,4.106034278869629,
0,4.106034278869629,
0,4.106034278869629,
0,4.106034278869629,
0,4.093072891235352,
0,4.070414066314697,
0,4.028511047363281,
0,4.028511047363281,
0,4.028510570526123,
0,4.028510570526123,
0,4.028511047363281,
0,4.028511047363281,
0,4.019073009490967,
0,3.996288537979126,
0,3.964121103286743,
0,3.964120864868164,
0,3.9641213417053223,
0,3.9641213417053223,
0,3.964120864868164,
0,3.964120864868164,
0,3.9574203491210938,
0,3.935469388961792,
0,3.9122772216796875,
0,3.9122774600982666,
0,3.9122776985168457,
0,3.9122769832611084,
0,3.9122769832611084,
0,3.9122774600982666,
0,3.9080722332000732,
0,3.8875322341918945,
0,3.87060284614563,
0,3.87060284614563,
0,3.87060284614563,
0,3.87060284614563,
0,3.870602607727051,
0,3.87060284614563,
0,3.868542432785034,
0,3.8484842777252197,
0,3.8370590209960938,
0,3.8370590209960938,
0,3.8370585441589355,
0,3.8370585441589355,
0,3.8370585441589355,
0,3.8370585441589355,
0,3.8367271423339844,
0,3.8171894550323486,
0,3.726851463317871,
0,3.7268519401550293,
0,3.726851463317871,
0,3.7268519401550293,
0,3.726851463317871,
0,3.72685170173645,
0,3.727264404296875,
0,3.709045171737671,
0,3.70465087890625,
0,3.70465087890625,
0,3.70465087890625,
0,3.704650402069092,
0,3.704650640487671,
0,3.704650640487671,
0,3.7052135467529297,
0,3.7043797969818115,
0,3.6842055320739746,
0,3.6842055320739746,
0,3.6842055320739746,
0,3.6842057704925537,
0,3.6842055320739746,
0,3.6842055320739746,
0,3.684994697570801,
0,3.6673734188079834,
0,4.220709800720215,
0,4.220709800720215,
0,4.220709800720215,
0,4.220709800720215,
0,4.220709800720215,
0,4.220709323883057,
0,4.2216362953186035,
0,4.20403528213501,
0,4.199953079223633,
0,4.199952602386475,
0,4.199952602386475,
0,4.199952602386475,
0,4.199952602386475,
0,4.199953079223633,
0,4.200753688812256,
0,4.183915138244629,
0,4.1793951988220215,
0,4.1793951988220215,
0,4.179394721984863,
0,4.179394721984863,
0,4.179394721984863,
0,4.1793951988220215,
0,4.179903030395508,
0,4.179177761077881,
0,4.155940055847168,
0,4.15593957901001,
0,4.15593957901001,
0,4.155940055847168,
0,4.155939102172852,
0,4.155939102172852,
0,4.155856609344482,
0,4.139837265014648,
0,4.131343841552734,
0,4.131343841552734,
0,4.131344318389893,
0,4.131344318389893,
0,4.131344318389893,
0,4.131344318389893,
0,4.1312713623046875,
0,4.107782363891602,
0,4.105158805847168,
0,4.105158805847168,
0,4.105158805847168,
0,4.105158805847168,
0,4.105158805847168,
0,4.105158805847168,
0,4.105088710784912,
0,4.104379177093506,
0,4.078647613525391,
0,4.078647136688232,
0,4.078647136688232,
0,4.078647613525391,
0,4.078647136688232,
0,4.078647136688232,
0,4.077751159667969,
0,4.060417175292969,
0,4.049700736999512,
0,4.04970121383667,
0,4.049701690673828,
0,4.049701690673828,
0,4.049700736999512,
0,4.04970121383667,
0,4.049072265625,
0,4.048376083374023,
0,4.021090507507324,
0,4.021090984344482,
0,4.021090984344482,
0,4.021091461181641,
0,4.021090984344482,
0,4.021091461181641,
0,4.0202460289001465,
0,4.003053665161133,
0,3.9911417961120605,
0,3.9911417961120605,
0,3.9911417961120605,
0,3.9911413192749023,
0,3.9911410808563232,
0,3.9911417961120605,
0,3.990333080291748,
0,3.989776372909546,
0,3.9599761962890625,
0,3.9599759578704834,
0,3.9599759578704834,
0,3.9599761962890625,
0,3.9599757194519043,
0,3.9599757194519043,
0,3.9599759578704834,
0,3.9586846828460693,
0,4.260200023651123,
0,4.260200023651123,
0,4.260200023651123,
0,4.260199069976807,
0,4.260199546813965,
0,4.260200500488281,
0,4.2597126960754395,
0,3.9186160564422607,
0,4.226237773895264,
0,4.2262372970581055,
0,4.2262372970581055,
0,4.2262372970581055,
0,4.2262372970581055,
0,4.2262372970581055,
0,4.226237773895264,
0,4.208854675292969,
0,4.193208694458008,
0,4.193208694458008,
0,4.193208694458008,
0,4.193208694458008,
0,4.193208694458008,
0,4.193208694458008,
0,4.192630290985107,
0,4.175556182861328,
0,4.158968448638916,
0,4.1589674949646,
0,4.158967971801758,
0,4.158967971801758,
0,4.158967971801758,
0,4.158967971801758,
0,4.158478736877441,
0,4.141119003295898,
0,4.1253252029418945,
0,4.125325679779053,
0,4.125325679779053,
0,4.125325679779053,
0,4.1253252029418945,
0,4.1253252029418945,
0,4.125008583068848,
0,4.107799530029297,
0,4.091762542724609,
0,4.091760635375977,
0,4.091760635375977,
0,4.091760635375977,
0,4.091760635375977,
0,4.091760635375977,
0,4.091470718383789,
0,4.091107368469238,
0,4.057888031005859,
0,4.057888984680176,
0,4.057888031005859,
0,4.057888031005859,
0,4.057887554168701,
0,4.057888031005859,
0,4.057682037353516,
0,4.040309906005859,
0,4.022212028503418,
0,4.022212028503418,
0,4.022212028503418,
0,4.022212028503418,
0,4.022212028503418,
0,4.022212028503418,
0,4.022045135498047,
0,4.021628379821777,
0,3.985424041748047,
0,3.985424280166626,
0,3.985424280166626,
0,3.985424280166626,
0,3.985424280166626,
0,3.985424041748047,
0,3.9853012561798096,
0,3.967345952987671,
0,4.132802486419678,
0,4.1328020095825195,
0,4.1328020095825195,
0,4.1328020095825195,
0,4.1328020095825195,
0,4.1328020095825195,
0,4.13271427154541,
0,4.1205244064331055,
0,4.111233711242676,
0,4.111233711242676,
0,4.111233711242676,
0,4.111233711242676,
0,4.111233711242676,
0,4.111233711242676,
0,4.111162185668945,
0,4.099040985107422,
0,4.089326858520508,
0,4.089326858520508,
0,4.089326858520508,
0,4.089326858520508,
0,4.08932638168335,
0,4.089326858520508,
0,4.089326858520508,
0,4.076901435852051,
0,4.066384315490723,
0,4.066384315490723,
0,4.066384315490723,
0,4.066384315490723,
0,4.066384315490723,
0,4.066384315490723,
0,4.0663533210754395,
0,4.0538649559021,
0,4.328812122344971,
0,4.328812122344971,
0,4.328812122344971,
0,4.328810691833496,
0,4.328810691833496,
0,4.328810691833496,
0,4.328812122344971,
0,4.328812122344971,
0,4.328547477722168,
0,4.328277111053467,
0,4.328277111053467,
0,4.328277111053467,
0,4.328274726867676,
0,4.328277111053467,
0,4.328276634216309,
0,4.328274726867676,
0,4.327376842498779,
0,4.326985836029053,
0,4.326986312866211,
0,4.326986312866211,
0,4.326986312866211,
0,4.326986312866211,
0,4.326986312866211,
0,4.326986312866211,
0,4.325653076171875,
0,4.323366165161133,
0,4.323366165161133,
0,4.323366165161133,
0,4.323366165161133,
0,4.323366165161133,
0,4.323366165161133,
0,4.323366165161133,
0,4.322539329528809,
0,4.31626558303833,
0,4.316265106201172,
0,4.316266059875488,
0,4.316265106201172,
0,4.316265106201172,
0,4.316265106201172,
0,4.316265106201172,
0,4.310009956359863,
0,4.308581352233887,
0,4.308581352233887,
0,4.308581829071045,
0,4.308581352233887,
0,4.308581352233887,
0,4.30858039855957,
0,4.30858039855957,
0,3.995070457458496,
0,4.29840087890625,
0,4.29840087890625,
0,4.29840087890625,
0,4.29840087890625,
0,4.298401355743408,
0,4.29840087890625,
0,4.298401355743408,
0,3.984194755554199,
0,4.285114288330078,
0,4.285114288330078,
0,4.285114765167236,
0,4.285114288330078,
0,4.285114288330078,
0,4.285114765167236,
0,4.285114288330078,
0,4.278233051300049,
0,3.8947887420654297,
0,3.8947882652282715,
0,3.8947885036468506,
0,3.8947887420654297,
0,3.8947882652282715,
0,3.8947887420654297,
0,3.8947885036468506,
0,3.8877646923065186,
0,4.255175590515137,
0,4.255175590515137,
0,4.255174160003662,
0,4.25517463684082,
0,4.25517463684082,
0,4.2551751136779785,
0,4.25517463684082,
0,3.873379707336426,
0,3.866468667984009,
0,3.8664681911468506,
0,3.8664679527282715,
0,3.8664684295654297,
0,3.8664681911468506,
0,3.8664681911468506,
0,3.8664681911468506,
0,3.857093095779419,
0,3.838243007659912,
0,3.838243007659912,
0,3.838243246078491,
0,3.838243246078491,
0,3.838243246078491,
0,3.838243007659912,
0,3.838243246078491,
0,3.8290321826934814,
0,3.7996790409088135,
0,3.7996792793273926,
0,3.7996790409088135,
0,3.7996790409088135,
0,3.7996790409088135,
0,3.7996792793273926,
0,3.7996792793273926,
0,3.789858818054199,
0,3.7796790599823,
0,3.7796778678894043,
0,3.779677629470825,
0,3.7796788215637207,
0,3.7796785831451416,
0,3.779677629470825,
0,3.7796790599823,
0,3.769582748413086,
0,3.7581584453582764,
0,3.7581582069396973,
0,3.7581582069396973,
0,3.7581582069396973,
0,3.7581584453582764,
0,3.7581584453582764,
0,3.758157968521118,
0,3.747965097427368,
0,3.7347261905670166,
0,3.7347259521484375,
0,3.734727382659912,
0,3.734727382659912,
0,3.7347264289855957,
0,3.734726667404175,
0,3.734726905822754,
0,3.7242074012756348,
0,3.7087583541870117,
0,3.7087583541870117,
0,3.7087583541870117,
0,3.7087583541870117,
0,3.7087583541870117,
0,3.7087583541870117,
0,3.7087583541870117,
0,3.698263645172119,
0,3.67988657951355,
0,3.67988657951355,
0,3.67988657951355,
0,3.6798863410949707,
0,3.67988657951355,
0,3.67988657951355,
0,3.67988657951355,
0,3.6668431758880615,
0,3.6469788551330566,
0,3.6469788551330566,
0,3.6469788551330566,
0,3.6469788551330566,
0,3.6469788551330566,
0,3.6469788551330566,
0,3.6469788551330566,
0,3.6331610679626465,
0,3.6125733852386475,
0,3.6125741004943848,
0,3.6125741004943848,
0,3.6125738620758057,
0,3.612574338912964,
0,3.6125741004943848,
0,3.6125733852386475,
0,3.5985727310180664,
0,3.5775306224823,
0,3.5775306224823,
0,3.5775301456451416,
0,3.5775301456451416,
0,3.5775303840637207,
0,3.5775303840637207,
0,3.5775301456451416,
0,3.5751278400421143,
0,3.5428287982940674,
0,3.542827844619751,
0,3.5428287982940674,
0,3.5428287982940674,
0,3.5428287982940674,
0,3.5428273677825928,
0,3.5428273677825928,
0,3.528932809829712,
0,3.5080385208129883,
0,3.5080392360687256,
0,3.5080387592315674,
0,3.5080387592315674,
0,3.5080385208129883,
0,3.50803804397583,
0,3.5080392360687256,
0,3.494307041168213,
0,3.4731669425964355,
0,3.4731669425964355,
0,3.4731669425964355,
0,3.4731669425964355,
0,3.4731669425964355,
0,3.4731674194335938,
0,3.4731669425964355,
0,3.4596621990203857,
0,3.4390809535980225,
0,3.4390809535980225,
0,3.4390807151794434,
0,3.439079761505127,
0,3.439079761505127,
0,3.439079761505127,
0,3.4390809535980225,
0,3.4256014823913574,
0,3.4053122997283936,
0,3.4053122997283936,
0,3.4053120613098145,
0,3.4053122997283936,
0,3.4053122997283936,
0,3.4053122997283936,
0,3.4053122997283936,
0,3.3922948837280273,
0,3.3724429607391357,
0,3.3724429607391357,
0,3.3724429607391357,
0,3.3724429607391357,
0,3.3724429607391357,
0,3.372443199157715,
0,3.3724429607391357,
0,3.3592653274536133,
0,3.339451313018799,
0,3.339451313018799,
0,3.3394510746002197,
0,3.3394510746002197,
0,3.3394510746002197,
0,3.3394510746002197,
0,3.339451313018799,
0,3.3255467414855957,
0,3.276672840118408,
0,3.276672840118408,
0,3.276672840118408,
0,3.276672840118408,
0,3.2766735553741455,
0,3.276672840118408,
0,3.2766735553741455,
0,3.2556209564208984,
0,3.2477917671203613,
0,3.2477917671203613,
0,3.2477917671203613,
0,3.2477917671203613,
0,3.2477917671203613,
0,3.2477917671203613,
0,3.2477917671203613,
0,3.23592472076416,
0,3.2195816040039062,
0,3.2195818424224854,
0,3.2195816040039062,
0,3.2195820808410645,
0,3.2195816040039062,
0,3.2195818424224854,
0,3.2195818424224854,
0,3.2079458236694336,
0,3.191317319869995,
0,3.1913180351257324,
0,3.191317319869995,
0,3.1913180351257324,
0,3.1913182735443115,
0,3.1913180351257324,
0,3.191317558288574,
0,3.1787467002868652,
0,3.162341833114624,
0,3.162341594696045,
0,3.162341356277466,
0,3.1623411178588867,
0,3.162341594696045,
0,3.162341594696045,
0,3.162341594696045,
0,3.1512718200683594,
0,3.135122776031494,
0,3.135122537612915,
0,3.135122537612915,
0,3.135122537612915,
0,3.1351230144500732,
0,3.1351230144500732,
0,3.135122537612915,
0,3.1329798698425293,
0,3.0231950283050537,
0,3.0231943130493164,
0,3.0231943130493164,
0,3.023195266723633,
0,3.0231950283050537,
0,3.0231943130493164,
0,3.0231950283050537,
0,3.021026611328125,
0,2.999164581298828,
0,2.9991655349731445,
0,2.999164581298828,
0,2.9991648197174072,
0,2.9991648197174072,
0,2.9991655349731445,
0,2.9991655349731445,
0,2.988983154296875,
0,2.9755868911743164,
0,2.9755868911743164,
0,2.9755868911743164,
0,2.975586414337158,
0,2.975586414337158,
0,2.9755868911743164,
0,2.9755868911743164,
0,2.965762138366699,
0,2.953016757965088,
0,2.953016996383667,
0,2.953016996383667,
0,2.9530162811279297,
0,2.953016996383667,
0,2.953016757965088,
0,2.953017234802246,
0,2.950752019882202,
0,3.3913378715515137,
0,3.3913373947143555,
0,3.3913376331329346,
0,3.3913373947143555,
0,3.3913373947143555,
0,3.3913378715515137,
0,3.3913373947143555,
0,3.3815293312072754,
0,3.754105567932129,
0,3.7540643215179443,
0,3.7540643215179443,
0,3.7540640830993652,
0,3.7540643215179443,
0,3.7540645599365234,
0,3.7540643215179443,
0,3.744001865386963,
0,3.228952407836914,
0,3.22894024848938,
0,3.228940486907959,
0,3.228940963745117,
0,3.228940725326538,
0,3.228940963745117,
0,3.228940963745117,
0,3.2199997901916504,
0,3.196282386779785,
0,3.1962809562683105,
0,3.1962809562683105,
0,3.1962804794311523,
0,3.1962804794311523,
0,3.1962804794311523,
0,3.1962809562683105,
0,3.188565731048584,
0,3.1761116981506348,
0,3.17611026763916,
0,3.176110029220581,
0,3.176109790802002,
0,3.176109552383423,
0,3.176109790802002,
0,3.176109552383423,
0,3.1683382987976074,
0,3.1557698249816895,
0,3.1557698249816895,
0,3.1557695865631104,
0,3.1557703018188477,
0,3.1557703018188477,
0,3.1557703018188477,
0,3.1557700634002686,
0,3.1470961570739746,
0,3.134647846221924,
0,3.134648561477661,
0,3.134648323059082,
0,3.134648323059082,
0,3.134648561477661,
0,3.134648561477661,
0,3.1346487998962402,
0,2.748661756515503,
0,2.7383029460906982,
0,2.738302707672119,
0,2.73830246925354,
0,2.738302230834961,
0,2.73830246925354,
0,2.73830246925354,
0,2.738302707672119,
0,2.735572338104248,
0,2.721677780151367,
0,2.721677541732788,
0,2.721677780151367,
0,2.721677541732788,
0,2.721677541732788,
0,2.721677541732788,
0,2.721677780151367,
0,2.7141520977020264,
0,2.7052969932556152,
0,2.705296516418457,
0,2.7052969932556152,
0,2.705296277999878,
0,2.7052972316741943,
0,2.705296754837036,
0,2.7052969932556152,
0,2.6986217498779297,
0,2.6904244422912598,
0,2.6904244422912598,
0,2.6904242038726807,
0,2.6904244422912598,
0,2.690424680709839,
0,2.690424680709839,
0,2.690424680709839,
0,2.6830575466156006,
0,2.6749091148376465,
0,2.6749091148376465,
0,2.6749091148376465,
0,2.6749091148376465,
0,2.6749093532562256,
0,2.6749095916748047,
0,2.6749091148376465,
0,2.668062925338745,
0,2.6599977016448975,
0,2.6599977016448975,
0,2.6599974632263184,
0,2.6599974632263184,
0,2.6599977016448975,
0,2.65999698638916,
0,2.6599972248077393,
0,2.6580536365509033,
0,2.6460556983947754,
0,2.6460556983947754,
0,2.6460556983947754,
0,2.6460556983947754,
0,2.646055221557617,
0,2.6460556983947754,
0,2.646055221557617,
0,2.6396067142486572,
0,2.9033355712890625,
0,2.9033350944519043,
0,2.9033362865448,
0,2.9033355712890625,
0,2.9033350944519043,
0,2.9033360481262207,
0,2.9033350944519043,
0,2.5373470783233643,
0,2.889228343963623,
0,2.889228343963623,
0,2.889228343963623,
0,2.8892288208007812,
0,2.889228105545044,
0,2.889228343963623,
0,2.889228343963623,
0,2.520472526550293,
0,2.8744418621063232,
0,2.874441623687744,
0,2.874441623687744,
0,2.874441623687744,
0,2.874441623687744,
0,2.874441623687744,
0,2.874441623687744,
0,2.507754325866699,
0,2.5019702911376953,
0,2.5019702911376953,
0,2.501970052719116,
0,2.501969814300537,
0,2.5019259452819824,
0,2.5019261837005615,
0,2.5019259452819824,
0,2.4956533908843994,
0,2.4899728298187256,
0,2.4899723529815674,
0,2.4899723529815674,
0,2.4899723529815674,
0,2.4899327754974365,
0,2.4899327754974365,
0,2.4899332523345947,
0,2.4834938049316406,
0,2.477719306945801,
0,2.477719306945801,
0,2.477719306945801,
0,2.477719783782959,
0,2.477663993835449,
0,2.4776644706726074,
0,2.4776644706726074,
0,2.4714577198028564,
0,2.816971778869629,
0,2.816972017288208,
0,2.816971778869629,
0,2.8169713020324707,
0,2.81697154045105,
0,2.816971778869629,
0,2.816971778869629,
0,2.4603147506713867,
0,2.4550557136535645,
0,2.4550557136535645,
0,2.4550557136535645,
0,2.455026865005493,
0,2.4550271034240723,
0,2.4550275802612305,
0,2.4550278186798096,
0,2.4491655826568604,
0,2.791022300720215,
0,2.7910218238830566,
0,2.7910218238830566,
0,2.7910220623016357,
0,2.7910218238830566,
0,2.7910218238830566,
0,2.7910218238830566,
0,2.438056468963623,
0,2.4329233169555664,
0,2.4329233169555664,
0,2.4328956604003906,
0,2.4328956604003906,
0,2.4328956604003906,
0,2.4328956604003906,
0,2.4328956604003906,
0,2.4272048473358154,
0,2.422407865524292,
0,2.422408103942871,
0,2.4223804473876953,
0,2.4223804473876953,
0,2.4223809242248535,
0,2.4223804473876953,
0,2.4223809242248535,
0,2.416626453399658,
0,2.4117648601531982,
0,2.4117648601531982,
0,2.411738157272339,
0,2.4117379188537598,
0,2.411738157272339,
0,2.4117376804351807,
0,2.411738157272339,
0,2.409543991088867,
0,2.401458978652954,
0,2.401458978652954,
0,2.7401537895202637,
0,2.740154504776001,
0,2.7401537895202637,
0,2.740154266357422,
0,2.740154266357422,
0,2.3959712982177734,
0,2.7282586097717285,
0,2.7282581329345703,
0,2.7282590866088867,
0,2.7282590866088867,
0,2.7282588481903076,
0,2.7282581329345703,
0,2.7282586097717285,
0,2.385582208633423,
0,2.38106369972229,
0,2.381063938140869,
0,2.38106369972229,
0,2.38106369972229,
0,2.38106369972229,
0,2.38106369972229,
0,2.381038188934326,
0,2.3789174556732178,
0,2.3709557056427,
0,2.3709557056427,
0,2.3709557056427,
0,2.3709559440612793,
0,2.3709559440612793,
0,2.3709557056427,
0,2.3709304332733154,
0,2.365703821182251,
0,2.243075132369995,
0,2.243075132369995,
0,2.243075370788574,
0,2.243075132369995,
0,2.243075132369995,
0,2.243075370788574,
0,2.2430508136749268,
0,2.2407853603363037,
0,2.234355926513672,
0,2.2343552112579346,
0,2.2343552112579346,
0,2.234355926513672,
0,2.2343554496765137,
0,2.234355926513672,
0,2.2343170642852783,
0,2.22988224029541,
0,2.2263543605804443,
0,2.2263541221618652,
0,2.2263541221618652,
0,2.2263543605804443,
0,2.2263543605804443,
0,2.2263543605804443,
0,2.5533769130706787,
0,2.2214229106903076,
0,2.543032169342041,
0,2.543032169342041,
0,2.543032169342041,
0,2.543031930923462,
0,2.543031692504883,
0,2.543031930923462,
0,2.543031692504883,
0,2.212996244430542,
0,2.2090678215026855,
0,2.20906138420105,
0,2.20906138420105,
0,2.2090609073638916,
0,2.20906138420105,
0,2.2090611457824707,
0,2.531564235687256,
0,2.2042324542999268,
0,2.20056414604187,
0,2.200556516647339,
0,2.200556516647339,
0,2.200556755065918,
0,2.200556755065918,
0,2.200556755065918,
0,2.200556755065918,
0,2.1959645748138428,
0,2.1922478675842285,
0,2.1922404766082764,
0,2.1922409534454346,
0,2.1922402381896973,
0,2.1922407150268555,
0,2.1922402381896973,
0,2.1922411918640137,
0,2.1872212886810303,
0,2.183772087097168,
0,2.183765172958374,
0,2.183765411376953,
0,2.183765411376953,
0,2.183765172958374,
0,2.183765172958374,
0,2.183765172958374,
0,2.1795008182525635,
0,2.1758227348327637,
0,2.175814628601074,
0,2.175814628601074,
0,2.175814628601074,
0,2.175814628601074,
0,2.175814628601074,
0,2.175814390182495,
0,2.1710424423217773,
0,2.1675827503204346,
0,2.167574882507324,
0,2.167574882507324,
0,2.167574882507324,
0,2.167574882507324,
0,2.167574882507324,
0,2.167574882507324,
0,2.163318157196045,
0,2.159963607788086,
0,2.1599555015563965,
0,2.1599555015563965,
0,2.1599555015563965,
0,2.1599555015563965,
0,2.1599555015563965,
0,2.1599550247192383,
0,2.155687093734741,
0,2.152360439300537,
0,2.1523518562316895,
0,2.1523520946502686,
0,2.1523520946502686,
0,2.1523523330688477,
0,2.1523520946502686,
0,2.1523520946502686,
0,2.147855043411255,
0,2.1444497108459473,
0,2.144418239593506,
0,2.144418716430664,
0,2.144418478012085,
0,2.144418716430664,
0,2.144418716430664,
0,2.144418239593506,
0,2.1400647163391113,
0,2.136697292327881,
0,2.1366894245147705,
0,2.136688470840454,
0,2.1366891860961914,
0,2.1366891860961914,
0,2.136688470840454,
0,2.1366894245147705,
0,2.132091522216797,
0,2.128908395767212,
0,2.1289007663726807,
0,2.1289002895355225,
0,2.1289007663726807,
0,2.1289010047912598,
0,2.1289010047912598,
0,2.1289010047912598,
0,2.124769926071167,
0,2.1218457221984863,
0,2.121838331222534,
0,2.121838331222534,
0,2.121838331222534,
0,2.121838331222534,
0,2.121838331222534,
0,2.121838331222534,
0,2.1174821853637695,
0,3.247903823852539,
0,3.247896194458008,
0,3.247896671295166,
0,3.247896671295166,
0,3.2478957176208496,
0,3.247896671295166,
0,3.247896194458008,
0,2.1104185581207275,
0,3.239004611968994,
0,3.2389962673187256,
0,3.238996744155884,
0,3.238996744155884,
0,3.2389962673187256,
0,3.238997220993042,
0,3.238997220993042,
0,2.103931427001953,
0,3.2297251224517822,
0,3.2297170162200928,
0,3.2297170162200928,
0,3.229717493057251,
0,3.2297170162200928,
0,3.229717493057251,
0,3.229717493057251,
0,2.097336530685425,
0,3.544114589691162,
0,3.54410719871521,
0,3.54410719871521,
0,3.5441067218780518,
0,3.54410719871521,
0,3.5441064834594727,
0,3.5441064834594727,
0,3.2349138259887695,
0,3.5333352088928223,
0,3.533334970474243,
0,3.5333352088928223,
0,3.533334970474243,
0,3.5333352088928223,
0,3.533334970474243,
0,3.5333352088928223,
0,3.222318172454834,
0,3.5191452503204346,
0,3.5191380977630615,
0,3.5191378593444824,
0,3.5191378593444824,
0,3.5191378593444824,
0,3.5191380977630615,
0,3.5191378593444824,
0,3.2090840339660645,
0,3.503523588180542,
0,3.503516435623169,
0,3.503516674041748,
0,3.503516435623169,
0,3.503516674041748,
0,3.503516674041748,
0,3.503516674041748,
0,3.1921494007110596,
0,3.623150110244751,
0,3.623157501220703,
0,3.623157501220703,
0,3.623157501220703,
0,3.623157501220703,
0,3.623157501220703,
0,3.6231577396392822,
0,3.3125736713409424,
0,3.308633327484131,
0,3.308638572692871,
0,3.3086166381835938,
0,3.3086163997650146,
0,3.3086166381835938,
0,3.3086166381835938,
0,3.3086166381835938,
0,3.2913811206817627,
0,3.2885942459106445,
0,3.2885730266571045,
0,3.2885730266571045,
0,3.2885730266571045,
0,3.2885727882385254,
0,3.2885730266571045,
0,3.2885725498199463,
0,3.9840621948242188,
0,3.9808130264282227,
0,3.9808127880096436,
0,3.9807918071746826,
0,3.9807920455932617,
0,3.9807915687561035,
0,3.9807915687561035,
0,3.9807915687561035,
0,3.9638805389404297,
0,3.8470873832702637,
0,3.847088098526001,
0,3.847066640853882,
0,3.847066640853882,
0,3.8470659255981445,
0,3.8470661640167236,
0,3.847066879272461,
0,3.8292486667633057,
0,3.8262667655944824,
0,3.8262667655944824,
0,3.826245069503784,
0,3.826245069503784,
0,3.826245069503784,
0,3.826245069503784,
0,3.826245069503784,
0,3.8089070320129395,
0,3.8058478832244873,
0,3.8058478832244873,
0,3.805826425552368,
0,3.805826425552368,
0,3.805826425552368,
0,3.805826425552368,
0,3.805826425552368,
0,3.7883710861206055,
0,3.7853245735168457,
0,3.7853245735168457,
0,3.7853031158447266,
0,3.7853031158447266,
0,3.7853028774261475,
0,3.7853031158447266,
0,3.7853031158447266,
0,3.6575214862823486,
0,3.6542441844940186,
0,3.6542441844940186,
0,3.6542229652404785,
0,3.6542227268218994,
0,3.6542229652404785,
0,3.6542229652404785,
0,3.6542224884033203,
0,3.6368675231933594,
0,3.63352632522583,
0,3.633526563644409,
0,3.63350510597229,
0,3.633505344390869,
0,3.633504867553711,
0,3.63350510597229,
0,3.633505344390869,
0,3.6156694889068604,
0,3.7242276668548584,
0,3.7242276668548584,
0,3.724205732345581,
0,3.724205493927002,
0,3.7242062091827393,
0,3.724205732345581,
0,3.724205493927002,
0,3.7057461738586426,
0,3.701570510864258,
0,3.7015695571899414,
0,3.7015485763549805,
0,3.7015485763549805,
0,3.7015485763549805,
0,3.7015480995178223,
0,3.7015485763549805,
0,3.682558536529541,
0,3.567765474319458,
0,3.567765235900879,
0,3.567744493484497,
0,3.567744493484497,
0,3.567744493484497,
0,3.567744255065918,
0,3.567744255065918,
0,3.5496602058410645,
0,3.653181552886963,
0,3.653181552886963,
0,3.9214417934417725,
0,3.9214415550231934,
0,3.9214415550231934,
0,3.9214415550231934,
0,3.9214417934417725,
0,3.527472734451294,
0,3.8973264694213867,
0,3.8973259925842285,
0,3.8973264694213867,
0,3.8973259925842285,
0,3.8973264694213867,
0,3.8973264694213867,
0,3.8973259925842285,
0,3.612710475921631,
0,3.8715884685516357,
0,3.871588945388794,
0,3.8715884685516357,
0,3.8715879917144775,
0,3.8715877532958984,
0,3.8715884685516357,
0,3.8715884685516357,
0,3.588634729385376,
0,3.8437013626098633,
0,3.8437013626098633,
0,3.8437013626098633,
0,3.8437013626098633,
0,3.8437013626098633,
0,3.8437013626098633,
0,3.8437013626098633,
0,3.5643978118896484,
0,3.8123793601989746,
0,3.812380075454712,
0,3.812379837036133,
0,3.8123793601989746,
0,3.8123791217803955,
0,3.8123791217803955,
0,3.812380313873291,
0,3.5388309955596924,
0,3.5323193073272705,
0,3.5323197841644287,
0,3.5323193073272705,
0,3.7787320613861084,
0,3.7787320613861084,
0,3.7787320613861084,
0,3.7787320613861084,
0,3.5116491317749023,
0,3.5052528381347656,
0,3.5052528381347656,
0,3.5052528381347656,
0,3.5052528381347656,
0,3.5052528381347656,
0,3.5052528381347656,
0,3.5052528381347656,
0,3.4842159748077393,
0,3.477785110473633,
0,3.4777863025665283,
0,3.477785110473633,
0,3.47778582572937,
0,3.477785110473633,
0,3.4777863025665283,
0,3.4777863025665283,
0,3.457533597946167,
0,3.45156192779541,
0,3.451561689376831,
0,3.45156192779541,
0,3.451561689376831,
0,3.45156192779541,
0,3.4515621662139893,
0,3.451542854309082,
0,3.4309780597686768,
0,3.4258291721343994,
0,3.4258291721343994,
0,3.425828695297241,
0,3.4258291721343994,
0,3.4258291721343994,
0,3.4258291721343994,
0,3.4258291721343994,
0,3.4056589603424072,
0,3.4017062187194824,
0,3.4017062187194824,
0,3.4017066955566406,
0,3.4017066955566406,
0,3.4017066955566406,
0,3.4017066955566406,
0,3.4017062187194824,
0,3.381131172180176,
0,3.3772947788238525,
0,3.3772945404052734,
0,3.3772947788238525,
0,3.3772947788238525,
0,3.3772945404052734,
0,3.3772945404052734,
0,3.3772947788238525,
0,3.3571362495422363,
0,3.3534436225891113,
0,3.3534436225891113,
0,3.3534436225891113,
0,3.3534436225891113,
0,3.353443145751953,
0,3.3534436225891113,
0,3.353443145751953,
0,3.333308458328247,
0,3.4387049674987793,
0,3.4387054443359375,
0,3.4387049674987793,
0,3.4387049674987793,
0,3.4387054443359375,
0,3.4387054443359375,
0,3.4387059211730957,
0,3.418008327484131,
0,3.4144182205200195,
0,3.4144179821014404,
0,3.4144179821014404,
0,3.4144182205200195,
0,3.4144179821014404,
0,3.4144179821014404,
0,3.4144179821014404,
0,3.394454002380371,
0,3.391066551208496,
0,3.391066551208496,
0,3.391066789627075,
0,3.3910670280456543,
0,3.391066789627075,
0,3.391066789627075,
0,3.391066551208496,
0,3.370846748352051,
0,3.3671064376831055,
0,3.3671059608459473,
0,3.3671059608459473,
0,3.3671064376831055,
0,3.3671064376831055,
0,3.3671061992645264,
0,3.3671059608459473,
0,3.346804141998291,
0,3.2432057857513428,
0,3.2432057857513428,
0,3.2432057857513428,
0,3.2432055473327637,
0,3.2432055473327637,
0,3.2432055473327637,
0,3.2432055473327637,
0,3.125793695449829,
0,2.477924346923828,
0,2.4779248237609863,
0,2.477924346923828,
0,2.4779248237609863,
0,2.4779245853424072,
0,2.4779245853424072,
0,2.477924346923828,
0,2.464059829711914,
0,2.4599578380584717,
0,2.4599575996398926,
0,2.4599575996398926,
0,2.4599575996398926,
0,2.4599575996398926,
0,2.4599575996398926,
0,2.4599575996398926,
0,2.4437811374664307,
0,2.441742181777954,
0,2.441742181777954,
0,2.441742181777954,
0,2.441742181777954,
0,2.441742181777954,
0,2.441742181777954,
0,2.441742181777954,
0,2.4251842498779297,
0,2.424251079559326,
0,2.424251079559326,
0,2.424251079559326,
0,2.424251079559326,
0,2.424251079559326,
0,2.424251079559326,
0,2.4242513179779053,
0,2.408496856689453,
0,2.406625747680664,
0,2.406625747680664,
0,2.406625747680664,
0,2.406625747680664,
0,2.406625747680664,
0,2.406625747680664,
0,2.406625747680664,
0,2.3946142196655273,
0,3.0260419845581055,
0,3.0260415077209473,
0,3.0260417461395264,
0,3.0260419845581055,
0,3.0260419845581055,
0,3.0260419845581055,
0,3.0260417461395264,
0,3.0115535259246826,
0,3.0098252296447754,
0,3.0098252296447754,
0,3.0098252296447754,
0,3.0098252296447754,
0,3.0098252296447754,
0,3.0098252296447754,
0,3.0098252296447754,
0,2.9954795837402344,
0,2.993290424346924,
0,2.993290901184082,
0,2.993290424346924,
0,2.993290424346924,
0,2.993290901184082,
0,2.993290424346924,
0,2.993290424346924,
0,2.9791016578674316,
0,2.976944923400879,
0,2.976944923400879,
0,2.976944923400879,
0,2.976944923400879,
0,2.976944923400879,
0,2.9769446849823,
0,2.9769442081451416,
0,2.96278715133667,
0,2.9606757164001465,
0,2.9606761932373047,
0,2.9606761932373047,
0,2.9606761932373047,
0,2.9606761932373047,
0,2.9606761932373047,
0,2.9606761932373047,
0,2.946775436401367,
0,3.0408875942230225,
0,3.0408875942230225,
0,3.0408875942230225,
0,3.0408875942230225,
0,3.0408871173858643,
0,3.0408871173858643,
0,3.0408875942230225,
0,3.0269103050231934,
0,3.0244765281677246,
0,3.0244760513305664,
0,3.0244765281677246,
0,3.024475574493408,
0,3.024475574493408,
0,3.0244760513305664,
0,3.024475574493408,
0,3.0100321769714355,
0,3.0074517726898193,
0,3.007451295852661,
0,3.007451057434082,
0,3.007451057434082,
0,3.007451295852661,
0,3.007451057434082,
0,3.0074517726898193,
0,2.9914841651916504,
0,2.8938333988189697,
0,2.8938333988189697,
0,2.8938333988189697,
0,2.893833637237549,
0,2.893833875656128,
0,2.893833637237549,
0,2.893833637237549,
0,2.8782854080200195,
0,2.8760428428649902,
0,2.876042127609253,
0,2.8760428428649902,
0,2.8760428428649902,
0,2.876042604446411,
0,2.876042127609253,
0,2.876042366027832,
0,2.8604235649108887,
0,2.8583507537841797,
0,2.8583502769470215,
0,2.8583502769470215,
0,2.8583502769470215,
0,2.8583502769470215,
0,2.8583507537841797,
0,2.8583507537841797,
0,2.842693328857422,
0,2.944830894470215,
0,2.944830894470215,
0,2.944830894470215,
0,2.944830894470215,
0,2.944830894470215,
0,2.944830894470215,
0,2.944831132888794,
0,2.930695056915283,
0,2.9286513328552246,
0,2.9286508560180664,
0,2.9286508560180664,
0,2.9286513328552246,
0,2.9286513328552246,
0,2.9286508560180664,
0,2.9286513328552246,
0,2.9143710136413574,
0,2.308584213256836,
0,2.308584213256836,
0,2.308584213256836,
0,2.308584213256836,
0,2.308584213256836,
0,2.308584213256836,
0,2.308584213256836,
0,2.298316717147827,
0,2.295959949493408,
0,2.295959949493408,
0,2.295959949493408,
0,2.295959949493408,
0,2.295959949493408,
0,2.295959949493408,
0,2.295959949493408,
0,2.284660816192627,
0,2.8840479850769043,
0,2.8840479850769043,
0,2.8840482234954834,
0,2.8840479850769043,
0,2.8840484619140625,
0,2.8840484619140625,
0,2.8840482234954834,
0,2.871596336364746,
0,2.7646100521087646,
0,2.7646100521087646,
0,2.7646098136901855,
0,2.7646100521087646,
0,2.7646100521087646,
0,2.7646098136901855,
0,2.7646100521087646,
0,2.7523818016052246,
0,2.7507224082946777,
0,2.750722646713257,
0,2.7507224082946777,
0,2.7507224082946777,
0,2.7507224082946777,
0,2.7507224082946777,
0,2.7507224082946777,
0,2.7408370971679688,
0,2.736849784851074,
0,2.736849784851074,
0,2.736849784851074,
0,2.736849784851074,
0,2.736849784851074,
0,2.736849784851074,
0,2.736849784851074,
0,2.723337173461914,
0,2.7216897010803223,
0,2.7216897010803223,
0,2.721689462661743,
0,2.721689462661743,
0,2.721689462661743,
0,2.721689462661743,
0,2.7216897010803223,
0,2.7084481716156006,
0,2.706812858581543,
0,2.706812858581543,
0,2.706812858581543,
0,2.706812858581543,
0,2.706812858581543,
0,2.706812858581543,
0,2.706812858581543,
0,2.693915367126465,
0,2.1062846183776855,
0,2.1062841415405273,
0,2.1062841415405273,
0,2.1062848567962646,
0,2.1062846183776855,
0,2.1062846183776855,
0,2.1062846183776855,
0,2.6808385848999023,
0,2.8775696754455566,
0,2.8775696754455566,
0,2.8775696754455566,
0,2.8775696754455566,
0,2.8775696754455566,
0,2.8775696754455566,
0,2.8775694370269775,
0,2.8666679859161377,
0,2.758444309234619,
0,2.758444309234619,
0,2.758444309234619,
0,2.758444309234619,
0,2.758444309234619,
0,2.7584445476531982,
0,2.758444309234619,
0,2.853168249130249,
0,2.8515186309814453,
0,2.8515191078186035,
0,2.8515188694000244,
0,2.8515188694000244,
0,2.8515188694000244,
0,2.8515191078186035,
0,2.8515188694000244,
0,2.8378500938415527,
0,2.837360382080078,
0,2.837360382080078,
0,2.837360382080078,
0,2.837360382080078,
0,2.83735990524292,
0,2.837360143661499,
0,2.837360382080078,
0,2.825223445892334,
0,2.732311725616455,
0,2.7323122024536133,
0,2.732311725616455,
0,2.732311964035034,
0,2.732311725616455,
0,2.7323122024536133,
0,2.732311725616455,
0,2.613776683807373,
0,2.0563583374023438,
0,2.0563583374023438,
0,2.0563583374023438,
0,2.0563583374023438,
0,2.0563583374023438,
0,2.0563583374023438,
0,2.0563583374023438,
0,2.0469932556152344,
0,2.706878662109375,
0,2.706878185272217,
0,2.706878185272217,
0,2.706878185272217,
0,2.706878662109375,
0,2.706878185272217,
0,2.706878185272217,
0,2.6965980529785156,
0,2.6949610710144043,
0,2.6949610710144043,
0,2.6949610710144043,
0,2.6949610710144043,
0,2.6949610710144043,
0,2.6949610710144043,
0,2.6949610710144043,
0,3.23177433013916,
0,3.1401288509368896,
0,3.1401288509368896,
0,3.1401286125183105,
0,3.140129327774048,
0,3.1401288509368896,
0,3.1401290893554688,
0,3.1401286125183105,
0,3.130401372909546,
0,3.125001907348633,
0,3.124971866607666,
0,3.124972343444824,
0,3.124971866607666,
0,3.124972343444824,
0,3.124971866607666,
0,3.124971866607666,
0,2.569133996963501,
0,2.5672097206115723,
0,2.5672125816345215,
0,2.5672125816345215,
0,2.5672125816345215,
0,2.5672125816345215,
0,2.5672125816345215,
0,2.5672125816345215,
0,2.6643147468566895,
0,2.1054298877716064,
0,2.1054306030273438,
0,2.1054306030273438,
0,2.1054306030273438,
0,2.1054306030273438,
0,2.1054306030273438,
0,2.1054306030273438,
0,2.098186731338501,
0,2.6526999473571777,
0,2.6526999473571777,
0,2.6526999473571777,
0,2.6526999473571777,
0,2.6526994705200195,
0,2.6526999473571777,
0,2.6526994705200195,
0,2.536301612854004,
0,2.5345377922058105,
0,2.5345382690429688,
0,2.5345380306243896,
0,2.5345377922058105,
0,2.5345375537872314,
0,2.5345380306243896,
0,2.5345377922058105,
0,2.5263280868530273,
0,2.524662494659424,
0,2.524662494659424,
0,2.524662971496582,
0,2.524662971496582,
0,2.524662971496582,
0,2.524662971496582,
0,2.524662971496582,
0,2.515056610107422,
0,2.5135796070098877,
0,2.5135796070098877,
0,2.5135796070098877,
0,2.5135796070098877,
0,2.5135796070098877,
0,2.5135796070098877,
0,2.5135796070098877,
0,2.504115581512451,
0,2.6106255054473877,
0,2.6106250286102295,
0,2.6106247901916504,
0,2.610625743865967,
0,2.6106255054473877,
0,2.6106255054473877,
0,2.610625743865967,
0,2.601179599761963,
0,1.9483375549316406,
0,1.9483375549316406,
0,1.9483375549316406,
0,1.9483376741409302,
0,1.9483376741409302,
0,1.9483376741409302,
0,1.948337197303772,
0,1.9413659572601318,
0,2.482522487640381,
0,2.482522487640381,
0,2.482522487640381,
0,2.482522487640381,
0,2.482522487640381,
0,2.482522487640381,
0,2.482522487640381,
0,2.4749112129211426,
0,2.581730842590332,
0,2.581730842590332,
0,2.581730842590332,
0,2.581730842590332,
0,2.581730842590332,
0,2.581730842590332,
0,2.581730842590332,
0,2.5742197036743164,
0,2.572890281677246,
0,2.572890281677246,
0,2.572890281677246,
0,2.572890281677246,
0,2.572890043258667,
0,2.572889804840088,
0,2.572889804840088,
0,2.564002275466919,
0,2.454484701156616,
0,2.4544854164123535,
0,2.4544854164123535,
0,2.4544849395751953,
0,2.4544849395751953,
0,2.4544849395751953,
0,2.4544854164123535,
0,2.444765567779541,
0,2.4443016052246094,
0,2.4443020820617676,
0,2.4443016052246094,
0,2.4443020820617676,
0,2.4443020820617676,
0,2.4443020820617676,
0,2.4443020820617676,
0,2.4372172355651855,
0,1.903676986694336,
0,1.903676986694336,
0,1.9036771059036255,
0,1.903676986694336,
0,1.903676986694336,
0,1.903677225112915,
0,1.903676986694336,
0,1.8973546028137207,
0,2.533957004547119,
0,2.53395676612854,
0,2.53395676612854,
0,2.533957004547119,
0,2.533957004547119,
0,2.53395676612854,
0,2.53395676612854,
0,2.525705575942993,
0,2.417123317718506,
0,2.417123317718506,
0,2.417123556137085,
0,2.417123317718506,
0,2.417123556137085,
0,2.417123556137085,
0,2.417123317718506,
0,2.518289089202881,
0,2.40883731842041,
0,2.40883731842041,
0,2.40883731842041,
0,2.40883731842041,
0,2.40883731842041,
0,2.40883731842041,
0,2.40883731842041,
0,2.400280237197876,
0,2.5929813385009766,
0,2.5929813385009766,
0,2.5929813385009766,
0,2.5929813385009766,
0,2.5929811000823975,
0,2.5929818153381348,
0,2.5929813385009766,
0,2.5842275619506836,
0,2.5830183029174805,
0,2.5830183029174805,
0,2.5830183029174805,
0,2.5830183029174805,
0,2.5830183029174805,
0,2.5830178260803223,
0,2.5830180644989014,
0,2.574657440185547,
0,1.9471875429153442,
0,1.9471874237060547,
0,1.9471875429153442,
0,1.9471875429153442,
0,1.9471874237060547,
0,1.9471873044967651,
0,1.9471871852874756,
0,1.9410446882247925,
0,1.9403403997421265,
0,1.940340518951416,
0,1.9403406381607056,
0,1.9403408765792847,
0,1.9403406381607056,
0,1.9403407573699951,
0,1.9403403997421265,
0,1.9342875480651855,
0,2.4488182067871094,
0,1.933557152748108,
0,1.933557152748108,
0,1.933557152748108,
0,1.9335570335388184,
0,1.933557152748108,
0,1.933557152748108,
0,1.9275727272033691,
0,2.5495800971984863,
0,2.5495803356170654,
0,2.5495800971984863,
0,2.5495800971984863,
0,2.5495800971984863,
0,2.5495798587799072,
0,2.5495800971984863,
0,2.542513608932495,
0,2.433403253555298,
0,2.433403491973877,
0,2.433403253555298,
0,2.433403253555298,
0,2.433403253555298,
0,2.433403253555298,
0,2.433403253555298,
0,2.5349273681640625,
0,2.341184377670288,
0,2.341184377670288,
0,2.341184377670288,
0,2.341184377670288,
0,2.341184377670288,
0,2.341184377670288,
0,2.341184377670288,
0,2.334578037261963,
0,2.3334946632385254,
0,2.44195556640625,
0,2.44195556640625,
0,2.44195556640625,
0,2.44195556640625,
0,2.44195556640625,
0,2.44195556640625,
0,2.435434341430664,
0,2.4342551231384277,
0,2.434255361557007,
0,2.434255361557007,
0,2.434255361557007,
0,2.434255361557007,
0,2.434255361557007,
0,2.434255361557007,
0,2.4277749061584473,
0,2.426685333251953,
0,2.3183140754699707,
0,2.3183140754699707,
0,2.3183140754699707,
0,2.31831431388855,
0,2.31831431388855,
0,2.3183140754699707,
0,2.3138251304626465,
0,2.3111376762390137,
0,2.3111376762390137,
0,2.3111376762390137,
0,2.3111376762390137,
0,2.3111376762390137,
0,2.3111376762390137,
0,2.3111376762390137,
0,2.304957866668701,
0,2.303891658782959,
0,2.30389142036438,
0,2.303891658782959,
0,2.303891658782959,
0,2.30389142036438,
0,2.303891658782959,
0,2.303891658782959,
0,2.2977170944213867,
0,2.4050469398498535,
0,2.4050469398498535,
0,2.4050469398498535,
0,2.4050469398498535,
0,2.4050469398498535,
0,2.4050469398498535,
0,2.4050469398498535,
0,2.397714138031006,
0,2.28812837600708,
0,2.28812837600708,
0,2.28812837600708,
0,2.28812837600708,
0,2.28812837600708,
0,2.28812837600708,
0,2.288128614425659,
0,2.2807493209838867,
0,2.2796425819396973,
0,2.2796425819396973,
0,2.2796425819396973,
0,2.2796425819396973,
0,2.2796425819396973,
0,2.2796425819396973,
0,2.2796425819396973,
0,2.2722911834716797,
0,2.3797807693481445,
0,2.3797807693481445,
0,2.3797807693481445,
0,2.3797810077667236,
0,2.3797807693481445,
0,2.3797807693481445,
0,2.3797810077667236,
0,2.373866081237793,
0,1.87824547290802,
0,1.87824547290802,
0,1.87824547290802,
0,1.87824547290802,
0,1.8782455921173096,
0,1.8782455921173096,
0,1.87824547290802,
0,1.8731715679168701,
0,1.7640708684921265,
0,1.7640708684921265,
0,1.7640708684921265,
0,1.7640708684921265,
0,1.7640708684921265,
0,1.7640708684921265,
0,1.7640708684921265,
0,1.7592276334762573,
0,2.2492990493774414,
0,2.2492990493774414,
0,2.2492990493774414,
0,2.2492990493774414,
0,2.2492990493774414,
0,2.2492990493774414,
0,2.2492990493774414,
0,2.2436437606811523,
0,2.2425525188446045,
0,2.2425525188446045,
0,2.2425522804260254,
0,2.2425525188446045,
0,2.2425522804260254,
0,2.2425522804260254,
0,2.2425522804260254,
0,2.237014055252075,
0,2.3446340560913086,
0,2.344634532928467,
0,2.3446342945098877,
0,2.3446340560913086,
0,2.3446342945098877,
0,2.344634532928467,
0,2.3446340560913086,
0,2.3389039039611816,
0,2.229423999786377,
0,2.229423999786377,
0,2.229423999786377,
0,2.229423999786377,
0,2.229423999786377,
0,2.229423999786377,
0,2.229423999786377,
0,2.2238709926605225,
0,2.305159568786621,
0,2.305159568786621,
0,2.305159568786621,
0,2.305159568786621,
0,2.305159568786621,
0,2.3051598072052,
0,2.3051598072052,
0,2.2996175289154053,
0,2.407078742980957,
0,2.407078742980957,
0,2.407078504562378,
0,2.407078742980957,
0,2.407078742980957,
0,2.407078742980957,
0,2.407078742980957,
0,2.4015822410583496,
0,2.4005379676818848,
0,2.400538444519043,
0,2.400538444519043,
0,2.4005379676818848,
0,2.400538206100464,
0,2.400538444519043,
0,2.4005379676818848,
0,2.3949105739593506,
0,2.2852516174316406,
0,2.2852516174316406,
0,2.2852516174316406,
0,2.2852516174316406,
0,2.2852516174316406,
0,2.2852516174316406,
0,2.2852516174316406,
0,2.2784032821655273,
0,2.262042999267578,
0,2.262042760848999,
0,2.262042999267578,
0,2.262042999267578,
0,2.262042999267578,
0,2.262042999267578,
0,2.262042999267578,
0,2.255192279815674,
0,2.2541232109069824,
0,2.2541232109069824,
0,2.2541232109069824,
0,2.2541232109069824,
0,2.2541229724884033,
0,2.2541232109069824,
0,2.2541232109069824,
0,2.248915672302246,
0,2.3546650409698486,
0,2.3546652793884277,
0,2.3546652793884277,
0,2.3546652793884277,
0,2.3546648025512695,
0,2.3546652793884277,
0,2.3546650409698486,
0,2.347900390625,
0,2.2382912635803223,
0,2.2382912635803223,
0,2.2382915019989014,
0,2.2382917404174805,
0,2.2382917404174805,
0,2.2382919788360596,
0,2.2382912635803223,
0,2.231586217880249,
0,2.2304201126098633,
0,1.7622151374816895,
0,1.7622157335281372,
0,1.7622151374816895,
0,1.7622153759002686,
0,1.7622151374816895,
0,1.7622153759002686,
0,1.7588613033294678,
0,1.8657182455062866,
0,1.8657182455062866,
0,1.8657184839248657,
0,1.8657187223434448,
0,1.8657184839248657,
0,1.8657184839248657,
0,1.8657184839248657,
0,1.8613123893737793,
0,1.8605597019195557,
0,1.8605598211288452,
0,1.8605597019195557,
0,1.8605597019195557,
0,1.8605595827102661,
0,1.8605594635009766,
0,1.8605598211288452,
0,2.3212268352508545,
0,1.674111247062683,
0,1.674111247062683,
0,1.674111247062683,
0,1.674111247062683,
0,1.674111247062683,
0,1.674111247062683,
0,1.674111247062683,
0,2.1342010498046875,
0,1.66942298412323,
0,1.6694231033325195,
0,1.669423222541809,
0,1.66942298412323,
0,1.66942298412323,
0,1.669423222541809,
0,1.669423222541809,
0,2.12874174118042,
0,2.1281087398529053,
0,2.1281087398529053,
0,2.1281092166900635,
0,2.1281094551086426,
0,2.1281094551086426,
0,2.1281092166900635,
0,2.1281092166900635,
0,2.1243743896484375,
0,2.232318162918091,
0,2.23231840133667,
0,2.232318639755249,
0,2.2323179244995117,
0,2.232318639755249,
0,2.232318162918091,
0,2.232318162918091,
0,2.22849702835083,
0,2.1194136142730713,
0,2.1194138526916504,
0,2.1194136142730713,
0,2.1194136142730713,
0,2.1194136142730713,
0,2.1194136142730713,
0,2.1194138526916504,
0,2.1157569885253906,
0,2.1151633262634277,
0,2.115163564682007,
0,2.1151630878448486,
0,2.1151633262634277,
0,2.1151628494262695,
0,2.1151633262634277,
0,2.1151633262634277,
0,2.1114718914031982,
0,2.219564914703369,
0,2.219564914703369,
0,2.219564914703369,
0,2.219564914703369,
0,2.219564914703369,
0,2.219564914703369,
0,2.219564914703369,
0,2.2159347534179688,
0,2.286935567855835,
0,2.286935329437256,
0,2.286935329437256,
0,2.286935806274414,
0,2.286935806274414,
0,2.286935806274414,
0,2.286935806274414,
0,2.174777030944824,
0,2.1737122535705566,
0,2.1737122535705566,
0,2.1737122535705566,
0,2.1737122535705566,
0,2.1737122535705566,
0,2.1737122535705566,
0,2.1737122535705566,
0,2.1700947284698486,
0,2.1690611839294434,
0,2.1690611839294434,
0,2.1690611839294434,
0,2.1690611839294434,
0,2.1690611839294434,
0,2.1690611839294434,
0,2.1690611839294434,
0,2.1648049354553223,
0,2.1644692420959473,
0,2.164468765258789,
0,2.164468765258789,
0,2.164469003677368,
0,2.1644692420959473,
0,2.1644692420959473,
0,2.164469003677368,
0,2.1609363555908203,
0,2.268541097640991,
0,2.2685415744781494,
0,2.2685413360595703,
0,2.268540859222412,
0,2.2685413360595703,
0,2.2685413360595703,
0,2.2685413360595703,
0,2.26621150970459,
0,2.155231475830078,
0,2.155231475830078,
0,2.155231475830078,
0,2.1552319526672363,
0,2.155231475830078,
0,2.15523099899292,
0,2.1552319526672363,
0,2.151660919189453,
0,2.150693893432617,
0,2.150693893432617,
0,2.150693893432617,
0,2.150693893432617,
0,2.150693655014038,
0,2.150693893432617,
0,2.150693655014038,
0,2.1486411094665527,
0,2.2546887397766113,
0,2.2546885013580322,
0,2.2546887397766113,
0,2.2546885013580322,
0,2.2546887397766113,
0,2.2546892166137695,
0,2.2546885013580322,
0,2.2510199546813965,
0,2.2499537467956543,
0,2.2499537467956543,
0,2.2499537467956543,
0,2.2499537467956543,
0,2.2499537467956543,
0,2.2499537467956543,
0,2.2499537467956543,
0,2.2477169036865234,
0,2.1368439197540283,
0,2.136843681335449,
0,2.1368439197540283,
0,2.136843681335449,
0,2.136843681335449,
0,2.1368439197540283,
0,2.1368441581726074,
0,2.133392572402954,
0,2.1323494911193848,
0,2.1323494911193848,
0,2.132349729537964,
0,2.1323494911193848,
0,2.1323492527008057,
0,2.132349729537964,
0,2.132349967956543,
0,2.128909111022949,
0,2.127838134765625,
0,2.127838134765625,
0,2.127838134765625,
0,2.127838134765625,
0,2.127838134765625,
0,2.127837896347046,
0,2.127838134765625,
0,2.1241812705993652,
0,2.0534839630126953,
0,2.0534839630126953,
0,2.0534839630126953,
0,2.053483724594116,
0,2.0534839630126953,
0,2.0534839630126953,
0,2.0534839630126953,
0,2.158555507659912,
0,2.157688856124878,
0,2.157688856124878,
0,2.157688856124878,
0,2.157688856124878,
0,2.157688856124878,
0,2.157688856124878,
0,2.157688617706299,
0,2.1541168689727783,
0,2.153242588043213,
0,2.153242588043213,
0,2.153242826461792,
0,2.153242588043213,
0,2.153242588043213,
0,2.153242588043213,
0,2.153242588043213,
0,2.1496896743774414,
0,2.148744821548462,
0,2.148744821548462,
0,2.148744583129883,
0,2.148744583129883,
0,2.148744583129883,
0,2.148744821548462,
0,2.148744583129883,
0,2.0367839336395264,
0,2.0358738899230957,
0,2.0358736515045166,
0,2.0358736515045166,
0,2.035874128341675,
0,2.0358738899230957,
0,2.035874128341675,
0,2.0358738899230957,
0,2.032459020614624,
0,2.0315818786621094,
0,2.0315816402435303,
0,2.031581401824951,
0,2.031581401824951,
0,2.031581401824951,
0,2.0315818786621094,
0,2.0315816402435303,
0,2.028191566467285,
0,2.0273053646087646,
0,2.0273051261901855,
0,2.0273051261901855,
0,2.0273053646087646,
0,2.0273051261901855,
0,2.0273051261901855,
0,2.0273053646087646,
0,2.023942470550537,
0,1.6665774583816528,
0,1.666577696800232,
0,1.6665773391723633,
0,1.6665775775909424,
0,1.6665774583816528,
0,1.6665775775909424,
0,1.6665773391723633,
0,1.6652926206588745,
0,1.664726972579956,
0,1.664726972579956,
0,1.6647268533706665,
0,1.6647270917892456,
0,1.6647270917892456,
0,1.664726972579956,
0,1.664726972579956,
0,1.7718632221221924,
0,1.823203444480896,
0,1.8232033252716064,
0,1.8232030868530273,
0,1.823203682899475,
0,1.823203444480896,
0,1.8232030868530273,
0,1.8232033252716064,
0,1.821722388267517,
0,1.8211625814437866,
0,1.8211625814437866,
0,1.8211625814437866,
0,1.821162223815918,
0,1.8211623430252075,
0,1.8211623430252075,
0,1.821162462234497,
0,1.8200236558914185,
0,1.818831443786621,
0,1.8188315629959106,
0,1.8188313245773315,
0,1.8188313245773315,
0,1.8188315629959106,
0,1.8188313245773315,
0,1.8188315629959106,
0,2.090226650238037,
0,2.089629888534546,
0,2.089630126953125,
0,2.089629888534546,
0,2.089629888534546,
0,2.089630126953125,
0,2.089629888534546,
0,2.089439630508423,
0,2.087752103805542,
0,2.0871500968933105,
0,2.0871503353118896,
0,2.0871500968933105,
0,2.0871503353118896,
0,2.0871503353118896,
0,2.0871505737304688,
0,2.0869202613830566,
0,2.0846972465515137,
0,2.083834171295166,
0,2.083834171295166,
0,2.083834409713745,
0,2.083834171295166,
0,2.083834171295166,
0,2.083834409713745,
0,2.0836071968078613,
0,2.0813236236572266,
0,2.0804314613342285,
0,2.0804314613342285,
0,2.0804314613342285,
0,2.0804314613342285,
0,2.0804314613342285,
0,2.0804314613342285,
0,2.080198049545288,
0,2.0779709815979004,
0,2.0766472816467285,
0,2.0766472816467285,
0,2.0766472816467285,
0,2.0766472816467285,
0,2.0766472816467285,
0,2.0766472816467285,
0,2.0764052867889404,
0,2.073655128479004,
0,2.180694103240967,
0,2.1806929111480713,
0,2.1806936264038086,
0,2.1806933879852295,
0,2.1806931495666504,
0,2.1806936264038086,
0,2.180467367172241,
0,2.671699047088623,
0,2.670501232147217,
0,2.670501232147217,
0,2.670501708984375,
0,2.670501470565796,
0,2.670501232147217,
0,2.670501232147217,
0,2.6702802181243896,
0,2.6661853790283203,
0,2.5983147621154785,
0,2.5983142852783203,
0,2.5983142852783203,
0,2.5983147621154785,
0,2.5983142852783203,
0,2.5983147621154785,
0,2.1045103073120117,
0,1.9947084188461304,
0,2.0004868507385254,
0,2.0004868507385254,
0,2.0004868507385254,
0,2.0004868507385254,
0,2.0004868507385254,
0,2.0004868507385254,
0,2.0001795291900635,
0,1.997428059577942,
0,1.996289849281311,
0,1.996289849281311,
0,1.996289849281311,
0,1.996289849281311,
0,1.996289849281311,
0,1.996289849281311,
0,1.995989441871643,
0,1.9932576417922974,
0,2.0644731521606445,
0,2.0644729137420654,
0,2.0644726753234863,
0,2.0644729137420654,
0,2.0644731521606445,
0,2.0644729137420654,
0,2.064169406890869,
0,2.061213970184326,
0,2.059890031814575,
0,2.059890031814575,
0,2.059889793395996,
0,2.0598902702331543,
0,2.0598902702331543,
0,2.059889793395996,
0,2.0596039295196533,
0,2.0559349060058594,
0,2.055483341217041,
0,2.055483102798462,
0,2.055483341217041,
0,2.055483102798462,
0,2.055483341217041,
0,2.055482864379883,
0,2.055203437805176,
0,2.05255389213562,
0,2.1593289375305176,
0,2.1593289375305176,
0,2.1593289375305176,
0,2.1593286991119385,
0,2.1593289375305176,
0,2.1593286991119385,
0,2.159045696258545,
0,2.1564042568206787,
0,2.1550986766815186,
0,2.1550984382629395,
0,2.1550986766815186,
0,2.1550984382629395,
0,2.1550984382629395,
0,2.1550984382629395,
0,2.154831886291504,
0,2.1520931720733643,
0,2.150712013244629,
0,2.150712490081787,
0,2.150712013244629,
0,2.150712013244629,
0,2.150712490081787,
0,2.150712490081787,
0,2.150452136993408,
0,2.0398130416870117,
0,2.0384645462036133,
0,2.0384645462036133,
0,2.0384645462036133,
0,2.0384645462036133,
0,2.0384645462036133,
0,2.0384645462036133,
0,2.038201332092285,
0,2.5554933547973633,
0,1.9637815952301025,
0,1.9637829065322876,
0,1.9637829065322876,
0,1.9637830257415771,
0,1.9637829065322876,
0,1.963782787322998,
0,1.9635353088378906,
0,1.9620718955993652,
0,1.959951400756836,
0,1.959951400756836,
0,1.959951400756836,
0,1.959951400756836,
0,1.959951400756836,
0,1.959951400756836,
0,1.959951400756836,
0,1.9573215246200562,
0,1.956154227256775,
0,1.956154465675354,
0,1.9561541080474854,
0,1.956154465675354,
0,1.9561545848846436,
0,1.9561541080474854,
0,1.9559099674224854,
0,2.4731435775756836,
0,2.471916437149048,
0,2.4718880653381348,
0,2.4718875885009766,
0,2.4718880653381348,
0,2.4718880653381348,
0,2.471888303756714,
0,2.471658229827881,
0,2.470489025115967,
0,2.5748519897460938,
0,2.57466983795166,
0,2.57466983795166,
0,2.5746705532073975,
0,2.5746705532073975,
0,2.57466983795166,
0,2.574446201324463,
0,2.0550827980041504,
0,2.0530881881713867,
0,2.0530922412872314,
0,2.0530922412872314,
0,2.0530922412872314,
0,2.0530922412872314,
0,2.0530922412872314,
0,2.0528714656829834,
0,2.0509610176086426,
0,1.941826581954956,
0,1.9418309926986694,
0,1.941831111907959,
0,1.941831111907959,
0,1.9418309926986694,
0,1.9418307542800903,
0,1.9416718482971191,
0,1.9397372007369995,
0,1.9385759830474854,
0,1.9385762214660645,
0,1.9385762214660645,
0,1.9385762214660645,
0,1.9385762214660645,
0,1.9385764598846436,
0,1.9384278059005737,
0,1.9364969730377197,
0,2.0431017875671387,
0,2.0431017875671387,
0,2.0431017875671387,
0,2.0431017875671387,
0,2.0431017875671387,
0,2.0431020259857178,
0,2.0429553985595703,
0,2.0408596992492676,
0,2.039877414703369,
0,2.039877414703369,
0,2.039877414703369,
0,2.039877414703369,
0,2.039877414703369,
0,2.039877414703369,
0,2.0397329330444336,
0,2.037900447845459,
0,1.9292705059051514,
0,1.929270625114441,
0,1.9292703866958618,
0,1.929270625114441,
0,1.9292707443237305,
0,1.9292705059051514,
0,1.9291212558746338,
0,1.9272611141204834,
0,1.9265919923782349,
0,1.9265919923782349,
0,1.9265919923782349,
0,1.9265917539596558,
0,1.926592230796814,
0,1.926592230796814,
0,1.9264509677886963,
0,1.9245362281799316,
0,1.9237754344940186,
0,1.9237747192382812,
0,1.9237749576568604,
0,1.923775315284729,
0,1.9237754344940186,
0,1.9237748384475708,
0,1.9236356019973755,
0,1.9218003749847412,
0,2.029069423675537,
0,2.0290703773498535,
0,2.029069662094116,
0,2.0290701389312744,
0,2.029069423675537,
0,2.0290699005126953,
0,2.0289251804351807,
0,2.0268006324768066,
0,1.9183640480041504,
0,1.91836416721344,
0,1.9183640480041504,
0,1.9183640480041504,
0,1.9183642864227295,
0,1.9183642864227295,
0,1.9182279109954834,
0,1.9164371490478516,
0,1.9157668352127075,
0,1.9157668352127075,
0,1.9157665967941284,
0,1.9157671928405762,
0,1.9157668352127075,
0,1.915766954421997,
0,1.9156321287155151,
0,1.9139158725738525,
0,2.020946502685547,
0,2.0209462642669678,
0,2.0209462642669678,
0,2.020946502685547,
0,2.0209462642669678,
0,2.020946502685547,
0,2.020806312561035,
0,2.018923044204712,
0,2.018213987350464,
0,2.0182137489318848,
0,2.0182137489318848,
0,2.018213987350464,
0,2.018214225769043,
0,2.0182137489318848,
0,2.0180864334106445,
0,2.0163187980651855,
0,1.9752063751220703,
0,1.9752063751220703,
0,1.9752066135406494,
0,1.9752066135406494,
0,1.9752066135406494,
0,1.9752063751220703,
0,1.9750800132751465,
0,1.9733927249908447,
0,1.9726345539093018,
0,1.9726344347000122,
0,1.9726346731185913,
0,1.9726340770721436,
0,1.9726340770721436,
0,1.9726340770721436,
0,1.972502589225769,
0,1.9707111120224,
0,1.9698312282562256,
0,1.9698313474655151,
0,1.9698312282562256,
0,1.9698312282562256,
0,1.9698312282562256,
0,1.9698313474655151,
0,1.9697070121765137,
0,1.9689085483551025,
0,2.0747387409210205,
0,2.0747389793395996,
0,2.0747385025024414,
0,2.0747385025024414,
0,2.0747389793395996,
0,2.0747385025024414,
0,2.074615478515625,
0,2.073042869567871,
0,1.964523434638977,
0,1.9645237922668457,
0,1.9645240306854248,
0,1.964524269104004,
0,1.9645235538482666,
0,1.9645237922668457,
0,1.9643959999084473,
0,1.9627691507339478,
0,1.9619543552398682,
0,1.9619542360305786,
0,1.9619543552398682,
0,1.9619543552398682,
0,1.9619543552398682,
0,1.9619543552398682,
0,1.9618332386016846,
0,1.960194706916809,
0,2.0667476654052734,
0,2.0667476654052734,
0,2.0667476654052734,
0,2.0667476654052734,
0,2.0667476654052734,
0,2.0667476654052734,
0,2.0666279792785645,
0,2.065056324005127,
0,2.064256191253662,
0,2.064256191253662,
0,2.064256191253662,
0,2.064256191253662,
0,2.064256191253662,
0,2.064256191253662,
0,2.0638389587402344,
0,1.9549967050552368,
0,1.954102635383606,
0,1.954102635383606,
0,1.9541027545928955,
0,1.954102635383606,
0,1.954102635383606,
0,1.9541027545928955,
0,1.9539844989776611,
0,1.9523776769638062,
0,1.885768175125122,
0,1.885768175125122,
0,1.885768175125122,
0,1.885768175125122,
0,1.885768175125122,
0,1.8857682943344116,
0,1.8856511116027832,
0,1.8841090202331543,
0,1.883400321006775,
0,1.883400321006775,
0,1.8834000825881958,
0,1.883400321006775,
0,1.8833999633789062,
0,1.883400321006775,
0,1.8832788467407227,
0,1.8817864656448364,
0,1.8810144662857056,
0,1.8810144662857056,
0,1.8810145854949951,
0,1.8810144662857056,
0,1.8810145854949951,
0,1.8810144662857056,
0,1.8808993101119995,
0,1.8794660568237305,
0,1.9861624240875244,
0,1.9861624240875244,
0,1.9861626625061035,
0,1.986162781715393,
0,1.9861626625061035,
0,1.986162781715393,
0,1.9860479831695557,
0,1.984462022781372,
0,2.085923194885254,
0,2.085923433303833,
0,2.085923433303833,
0,2.085923194885254,
0,2.085923433303833,
0,2.085923194885254,
0,2.0858097076416016,
0,2.084399700164795,
0,2.0836880207061768,
0,2.083688259124756,
0,2.083688259124756,
0,2.083688497543335,
0,2.0836880207061768,
0,2.083688259124756,
0,2.083570718765259,
0,1.9748191833496094,
0,1.9740345478057861,
0,1.9740345478057861,
0,1.9740346670150757,
0,1.9740345478057861,
0,1.9740345478057861,
0,1.9740345478057861,
0,1.9739227294921875,
0,1.9723849296569824,
0,1.9716347455978394,
0,1.9716347455978394,
0,1.9716347455978394,
0,1.9716347455978394,
0,1.9716347455978394,
0,1.9716347455978394,
0,1.971523404121399,
0,1.9698669910430908,
0,1.9689970016479492,
0,1.9689881801605225,
0,1.9689881801605225,
0,1.9689884185791016,
0,1.9689884185791016,
0,1.9689881801605225,
0,1.9688727855682373,
0,1.968266487121582,
0,1.966355562210083,
0,1.9663474559783936,
0,1.9663474559783936,
0,1.9663474559783936,
0,1.9663474559783936,
0,1.9663472175598145,
0,1.9662375450134277,
0,1.9645849466323853,
0,1.9636896848678589,
0,1.9636818170547485,
0,1.9636818170547485,
0,1.9636818170547485,
0,1.963681697845459,
0,1.963681697845459,
0,1.963572382926941,
0,1.9617767333984375,
0,1.9608738422393799,
0,2.068127155303955,
0,2.068127155303955,
0,2.068127155303955,
0,2.068127155303955,
0,2.068127155303955,
0,2.06801438331604,
0,2.066040515899658,
0,1.9580022096633911,
0,1.9579920768737793,
0,1.957991600036621,
0,1.957991600036621,
0,1.9579919576644897,
0,1.957991361618042,
0,1.957883596420288,
0,1.9560341835021973,
0,2.1274142265319824,
0,2.1274077892303467,
0,2.1274077892303467,
0,2.1274077892303467,
0,2.1274075508117676,
0,2.1274077892303467,
0,2.127300500869751,
0,2.1253561973571777,
0,2.1243739128112793,
0,2.12436842918396,
0,2.12436842918396,
0,2.12436842918396,
0,2.124368190765381,
0,2.124368190765381,
0,2.1242570877075195,
0,2.0152268409729004,
0,2.014291286468506,
0,2.014286518096924,
0,2.0142862796783447,
0,2.0142855644226074,
0,2.0142860412597656,
0,2.014286518096924,
0,2.0141799449920654,
0,2.012420415878296,
0,2.01132869720459,
0,2.011322498321533,
0,2.011322498321533,
0,2.011322498321533,
0,2.011322498321533,
0,2.011322498321533,
0,2.011216878890991,
0,2.0093958377838135,
0,2.0082967281341553,
0,2.008291006088257,
0,2.008291006088257,
0,2.0082907676696777,
0,2.0082907676696777,
0,2.0082907676696777,
0,2.0081818103790283,
0,2.006425619125366,
0,1.940585732460022,
0,1.940575361251831,
0,1.9405755996704102,
0,1.940575361251831,
0,1.940575122833252,
0,1.9405755996704102,
0,1.9404709339141846,
0,1.93867027759552,
0,1.9375884532928467,
0,2.0446319580078125,
0,2.0446319580078125,
0,2.0446319580078125,
0,2.0446319580078125,
0,2.0446319580078125,
0,2.044528007507324,
0,2.042750835418701,
0,1.9346369504928589,
0,1.9346270561218262,
0,1.9346272945404053,
0,1.9346270561218262,
0,1.9346272945404053,
0,1.9346270561218262,
0,1.9345200061798096,
0,1.9326837062835693,
0,2.0388894081115723,
0,2.0388803482055664,
0,2.0388808250427246,
0,2.0388803482055664,
0,2.0388803482055664,
0,2.0388808250427246,
0,2.0387778282165527,
0,2.036759376525879,
0,2.0357089042663574,
0,2.0356993675231934,
0,2.0356993675231934,
0,2.0356993675231934,
0,2.0356993675231934,
0,2.0356993675231934,
0,2.0355968475341797,
0,1.9266129732131958,
0,1.9256340265274048,
0,1.9256246089935303,
0,1.925624132156372,
0,1.9256243705749512,
0,1.9256243705749512,
0,1.9256243705749512,
0,1.9255225658416748,
0,1.9236564636230469,
0,1.922593593597412,
0,1.922593593597412,
0,1.922593593597412,
0,1.922593355178833,
0,1.922593355178833,
0,1.9225938320159912,
0,1.9224882125854492,
0,1.9206335544586182,
0,1.984451413154602,
0,1.9844235181808472,
0,1.984423279762268,
0,1.9844233989715576,
0,1.984423279762268,
0,1.9844236373901367,
0,1.9843223094940186,
0,1.9825228452682495,
0,1.981471061706543,
0,1.9814660549163818,
0,1.9814660549163818,
0,1.981466293334961,
0,1.981466293334961,
0,1.981466293334961,
0,1.9813659191131592,
0,1.9795644283294678,
0,1.9784530401229858,
0,2.0853638648986816,
0,2.0853641033172607,
0,2.0853638648986816,
0,2.0853638648986816,
0,2.0853638648986816,
0,2.0852606296539307,
0,2.0834922790527344,
0,1.9754558801651,
0,1.9754507541656494,
0,1.975451111793518,
0,1.975451111793518,
0,1.975450873374939,
0,1.9754507541656494,
0,1.9753515720367432,
0,1.97357976436615,
0,1.97246515750885,
0,2.079568862915039,
0,2.079568862915039,
0,2.079568862915039,
0,2.079568862915039,
0,2.079568862915039,
0,2.079469919204712,
0,2.0775201320648193,
0,1.9694229364395142,
0,1.9694180488586426,
0,1.9694178104400635,
0,1.969417691230774,
0,1.9694180488586426,
0,1.969417691230774,
0,1.9693162441253662,
0,1.967529058456421,
0,1.9664524793624878,
0,1.9664480686187744,
0,1.9664477109909058,
0,1.9664483070373535,
0,1.9664478302001953,
0,1.9664478302001953,
0,1.9663503170013428,
0,1.9645864963531494,
0,2.0703907012939453,
0,2.0703861713409424,
0,2.0703864097595215,
0,2.0703859329223633,
0,2.0703864097595215,
0,2.0703861713409424,
0,2.07028865814209,
0,2.0684475898742676,
0,1.9605354070663452,
0,1.9605306386947632,
0,1.9605308771133423,
0,1.9605308771133423,
0,1.9605306386947632,
0,1.9605311155319214,
0,1.9604310989379883,
0,1.9598994255065918,
0,1.957448124885559,
0,1.9574439525604248,
0,1.9574440717697144,
0,1.9574440717697144,
0,1.9574440717697144,
0,1.957444190979004,
0,1.9573476314544678,
0,1.9568183422088623,
0,1.9969574213027954,
0,1.996950626373291,
0,1.996950387954712,
0,1.996950387954712,
0,1.996950626373291,
0,1.996950626373291,
0,1.9968541860580444,
0,1.9949662685394287,
0,1.8873872756958008,
0,1.8873800039291382,
0,1.8873798847198486,
0,1.8873800039291382,
0,1.8873798847198486,
0,1.8873798847198486,
0,1.8872816562652588,
0,1.8856135606765747,
0,1.9913828372955322,
0,1.991376280784607,
0,1.991376519203186,
0,1.991376280784607,
0,1.991376519203186,
0,1.991376519203186,
0,1.991281509399414,
0,1.989637851715088,
0,2.0527219772338867,
0,1.9459025859832764,
0,1.9459025859832764,
0,1.9459025859832764,
0,1.9459025859832764,
0,1.9459025859832764,
0,1.9458078145980835,
0,1.9441370964050293,
0,1.9431432485580444,
0,1.943129301071167,
0,1.9431291818618774,
0,1.943129539489746,
0,1.943129301071167,
0,1.943129301071167,
0,1.943032145500183,
0,1.9413793087005615,
0,2.0470340251922607,
0,2.047030448913574,
0,2.047030448913574,
0,2.047030448913574,
0,2.047030448913574,
0,2.047030448913574,
0,2.046936511993408,
0,2.0452849864959717,
0,1.937489628791809,
0,1.9374860525131226,
0,1.937486171722412,
0,1.9374860525131226,
0,1.9374860525131226,
0,1.9374860525131226,
0,1.9373921155929565,
0,1.935738205909729,
0,1.8708828687667847,
0,1.8708758354187012,
0,1.8708761930465698,
0,1.8708763122558594,
0,1.870876669883728,
0,1.8708761930465698,
0,1.8706411123275757,
0,1.8691176176071167,
0,1.8681694269180298,
0,1.868162989616394,
0,1.868162989616394,
0,1.8681633472442627,
0,1.868162989616394,
0,1.868162989616394,
0,1.8680698871612549,
0,1.8664745092391968,
0,1.9723540544509888,
0,1.9723472595214844,
0,1.9723472595214844,
0,1.9723472595214844,
0,1.9723471403121948,
0,1.9723471403121948,
0,1.9722545146942139,
0,1.9704244136810303,
0,1.9695450067520142,
0,1.9695383310317993,
0,1.9695384502410889,
0,1.9695378541946411,
0,1.9695380926132202,
0,1.9695380926132202,
0,1.969443440437317,
0,1.9678211212158203,
0,1.966896653175354,
0,1.8602477312088013,
0,1.8602477312088013,
0,1.8602474927902222,
0,1.8602477312088013,
0,1.8602474927902222,
0,1.8601555824279785,
0,1.8585107326507568,
0,1.857689619064331,
0,1.8576815128326416,
0,1.8576812744140625,
0,1.8576815128326416,
0,1.8576812744140625,
0,1.8576815128326416,
0,1.857589840888977,
0,1.85592520236969,
0,1.855104923248291,
0,1.8550965785980225,
0,1.8550962209701538,
0,1.8550961017608643,
0,1.8550963401794434,
0,1.855096459388733,
0,1.855002522468567,
0,1.96007239818573,
0,1.9592119455337524,
0,1.959204912185669,
0,1.959204912185669,
0,1.959204912185669,
0,1.959204912185669,
0,1.959204912185669,
0,1.9591138362884521,
0,1.957535982131958,
0,1.956687331199646,
0,1.9566798210144043,
0,1.9566794633865356,
0,1.9566794633865356,
0,1.9566794633865356,
0,1.9566798210144043,
0,1.9566794633865356,
0,1.9547456502914429,
0,1.9539252519607544,
0,1.8475122451782227,
0,1.8475120067596436,
0,1.8475123643875122,
0,1.8475123643875122,
0,1.8475123643875122,
0,1.847512125968933,
0,1.8459194898605347,
0,1.8451019525527954,
0,1.8450934886932373,
0,1.8450934886932373,
0,1.8450934886932373,
0,1.8450936079025269,
0,1.8450934886932373,
0,1.8450936079025269,
0,1.8434768915176392,
0,1.842649221420288,
0,1.8426415920257568,
0,1.8426415920257568,
0,1.8426415920257568,
0,1.8426415920257568,
0,1.8426415920257568,
0,1.8426415920257568,
0,1.8410385847091675,
0,1.84022057056427,
0,1.840212345123291,
0,1.840212345123291,
0,1.840212345123291,
0,1.840212345123291,
0,1.840212345123291,
0,1.840212345123291,
0,1.8385536670684814,
0,1.9442576169967651,
0,1.9442498683929443,
0,1.9442498683929443,
0,1.9442498683929443,
0,1.9442498683929443,
0,1.9442498683929443,
0,1.9441289901733398,
0,1.9434435367584229,
0,1.8352603912353516,
0,1.8352298736572266,
0,1.835229516029358,
0,1.8352296352386475,
0,1.8352298736572266,
0,1.8352298736572266,
0,1.8352298736572266,
0,1.8336559534072876,
0,1.9393287897109985,
0,1.9393216371536255,
0,1.9393213987350464,
0,1.939321517944336,
0,1.939321517944336,
0,1.9393216371536255,
0,1.9393213987350464,
0,1.937709093093872,
0,1.9368802309036255,
0,1.936872959136963,
0,1.936872959136963,
0,1.9368733167648315,
0,1.9368733167648315,
0,1.936873197555542,
0,1.9368733167648315,
0,1.8282935619354248,
0,1.8917953968048096,
0,1.8917924165725708,
0,1.8917924165725708,
0,1.8917925357818604,
0,1.8917924165725708,
0,1.8917925357818604,
0,1.8917925357818604,
0,1.8902053833007812,
0,1.8893275260925293,
0,1.889324426651001,
0,1.8893243074417114,
0,1.8893243074417114,
0,1.8893243074417114,
0,1.88932466506958,
0,1.8893243074417114,
0,1.8877569437026978,
0,1.886904239654541,
0,1.8869013786315918,
0,1.8869013786315918,
0,1.8869011402130127,
0,1.8869012594223022,
0,1.8869010210037231,
0,1.8869012594223022,
0,1.884120225906372,
0,1.883286714553833,
0,1.8832842111587524,
0,1.883284330368042,
0,1.883284330368042,
0,1.883284330368042,
0,1.8832842111587524,
0,1.883284330368042,
0,1.5792429447174072,
0,1.685117483139038,
0,1.6851143836975098,
0,1.6851142644882202,
0,1.6851143836975098,
0,1.6851143836975098,
0,1.6851143836975098,
0,1.6851143836975098,
0,1.6840218305587769,
0,1.5771000385284424,
0,1.577096939086914,
0,1.577096939086914,
0,1.577096700668335,
0,1.577096939086914,
0,1.577096700668335,
0,1.577096939086914,
0,1.5766336917877197,
0,1.6819673776626587,
0,1.681964635848999,
0,1.6819647550582886,
0,1.681964635848999,
0,1.6819647550582886,
0,1.6819648742675781,
0,1.6819647550582886,
0,1.680567979812622,
0,1.6799254417419434,
0,1.6799226999282837,
0,1.6799226999282837,
0,1.679922342300415,
0,1.6799225807189941,
0,1.6799225807189941,
0,1.6799229383468628,
0,1.5725380182266235,
0,1.571961522102356,
0,1.5719588994979858,
0,1.5719588994979858,
0,1.5719590187072754,
0,1.5719587802886963,
0,1.5719586610794067,
0,1.5719590187072754,
0,1.570813775062561,
0,1.5701851844787598,
0,1.5701851844787598,
0,1.5701851844787598,
0,1.5701851844787598,
0,1.5701851844787598,
0,1.5701851844787598,
0,1.5701851844787598,
0,1.5690417289733887,
0,1.5683642625808716,
0,1.5683642625808716,
0,1.5683642625808716,
0,1.5683642625808716,
0,1.5683642625808716,
0,1.5683642625808716,
0,1.5683642625808716,
0,1.5672492980957031,
0,1.5666214227676392,
0,1.5666214227676392,
0,1.5666210651397705,
0,1.5666210651397705,
0,1.5666210651397705,
0,1.5666210651397705,
0,1.5666214227676392,
0,1.5655227899551392,
0,1.800988793373108,
0,1.907160758972168,
0,1.9071605205535889,
0,1.9071605205535889,
0,1.9071606397628784,
0,1.9071606397628784,
0,1.9071606397628784,
0,1.6068023443222046,
0,1.7991708517074585,
0,1.7991708517074585,
0,1.7991710901260376,
0,1.7991708517074585,
0,1.7991710901260376,
0,1.7991708517074585,
0,1.7991710901260376,
0,1.4990209341049194,
0,1.9037631750106812,
0,1.9037631750106812,
0,1.9037634134292603,
0,1.9037632942199707,
0,1.9037632942199707,
0,1.9037634134292603,
0,1.9037632942199707,
0,1.603576898574829,
0,1.7956432104110718,
0,1.7956379652023315,
0,1.795637845993042,
0,1.7956379652023315,
0,1.795637845993042,
0,1.795637845993042,
0,1.795637845993042,
0,1.495798945426941,
0,1.7939677238464355,
0,1.7939622402191162,
0,1.7939624786376953,
0,1.793962836265564,
0,1.793962836265564,
0,1.7939624786376953,
0,1.7939627170562744,
0,1.4943623542785645,
0,1.8985462188720703,
0,1.8985403776168823,
0,1.8985401391983032,
0,1.8985404968261719,
0,1.898540735244751,
0,1.8985401391983032,
0,1.8985404968261719,
0,1.5990524291992188,
0,1.790777564048767,
0,1.7907720804214478,
0,1.790772557258606,
0,1.7907721996307373,
0,1.7907724380493164,
0,1.7907721996307373,
0,1.790772795677185,
0,1.4915862083435059,
0,1.8952306509017944,
0,1.8952250480651855,
0,1.895225167274475,
0,1.895225167274475,
0,1.895225167274475,
0,1.8952250480651855,
0,1.895225167274475,
0,1.596164584159851,
0,1.7874020338058472,
0,1.787375569343567,
0,1.787375569343567,
0,1.787375569343567,
0,1.787375569343567,
0,1.787375569343567,
0,1.787375569343567,
0,1.4888149499893188,
0,1.7855781316757202,
0,1.7855727672576904,
0,1.7855725288391113,
0,1.7855727672576904,
0,1.7855727672576904,
0,1.7855727672576904,
0,1.7855725288391113,
0,1.487485408782959,
0,1.8898783922195435,
0,1.889872431755066,
0,1.889872670173645,
0,1.8898730278015137,
0,1.8898727893829346,
0,1.889872670173645,
0,1.8898731470108032,
0,1.5921906232833862,
0,1.7819229364395142,
0,1.7819172143936157,
0,1.7819172143936157,
0,1.7819172143936157,
0,1.7819172143936157,
0,1.7819172143936157,
0,1.7819172143936157,
0,1.4846277236938477,
0,1.7800427675247192,
0,1.7800374031066895,
0,1.7800372838974,
0,1.7800372838974,
0,1.7800372838974,
0,1.7800371646881104,
0,1.7800372838974,
0,1.4832487106323242,
0,1.8841524124145508,
0,1.8841472864151,
0,1.8841472864151,
0,1.8841471672058105,
0,1.8841471672058105,
0,1.884147047996521,
0,1.8841472864151,
0,1.481859803199768,
0,1.776322364807129,
0,1.7763168811798096,
0,1.7763166427612305,
0,1.7763166427612305,
0,1.776316523551941,
0,1.7763170003890991,
0,1.77631676197052,
0,1.4804661273956299,
0,1.8804197311401367,
0,1.880414366722107,
0,1.8804142475128174,
0,1.8804142475128174,
0,1.880414366722107,
0,1.880414366722107,
0,1.8804142475128174,
0,1.5848956108093262,
0,1.772524118423462,
0,1.772517442703247,
0,1.7725178003311157,
0,1.772517442703247,
0,1.7725176811218262,
0,1.772517204284668,
0,1.772517442703247,
0,1.4776160717010498,
0,1.7706729173660278,
0,1.770666241645813,
0,1.770666241645813,
0,1.770666241645813,
0,1.770666241645813,
0,1.770666241645813,
0,1.770666241645813,
0,1.7695618867874146,
0,1.8747425079345703,
0,1.874735713005066,
0,1.8747355937957764,
0,1.874735951423645,
0,1.8747361898422241,
0,1.8747360706329346,
0,1.874735951423645,
0,1.767695426940918,
0,1.7670625448226929,
0,1.767055869102478,
0,1.767055630683899,
0,1.767055869102478,
0,1.767055869102478,
0,1.767055630683899,
0,1.767055869102478,
0,1.7659109830856323,
0,1.827837586402893,
0,1.8278355598449707,
0,1.8278354406356812,
0,1.8278354406356812,
0,1.8278355598449707,
0,1.8278355598449707,
0,1.8278356790542603,
0,1.8266867399215698,
0,1.8259379863739014,
0,1.8259356021881104,
0,1.8259354829788208,
0,1.8259356021881104,
0,1.8259357213974,
0,1.8259356021881104,
0,1.8259357213974,
0,1.8247805833816528,
0,1.9299763441085815,
0,1.9299739599227905,
0,1.9299739599227905,
0,1.92997407913208,
0,1.929973840713501,
0,1.9299739599227905,
0,1.929973840713501,
0,1.9288398027420044,
0,1.928133487701416,
0,1.928131103515625,
0,1.9281314611434937,
0,1.9281312227249146,
0,1.9281314611434937,
0,1.9281314611434937,
0,1.9281314611434937,
0,1.5309398174285889,
0,1.8204325437545776,
0,1.8204299211502075,
0,1.820429801940918,
0,1.8204299211502075,
0,1.8204299211502075,
0,1.8204299211502075,
0,1.820429801940918,
0,1.8192753791809082,
0,1.8185880184173584,
0,1.8185882568359375,
0,1.8185880184173584,
0,1.8185880184173584,
0,1.8185880184173584,
0,1.8185882568359375,
0,1.818588137626648,
0,1.8174666166305542,
0,1.8168686628341675,
0,1.8168689012527466,
0,1.8168689012527466,
0,1.8168691396713257,
0,1.8168691396713257,
0,1.8168691396713257,
0,1.8168686628341675,
0,1.921478033065796,
0,1.920873761177063,
0,1.9208741188049316,
0,1.9208738803863525,
0,1.920873999595642,
0,1.9208736419677734,
0,1.920873999595642,
0,1.9207735061645508,
0,1.9193615913391113,
0,1.919119954109192,
0,1.9191200733184814,
0,1.919119954109192,
0,1.9191197156906128,
0,1.9191197156906128,
0,1.919119954109192,
0,1.9191198348999023,
0,1.9175279140472412,
0,1.8117047548294067,
0,1.8117047548294067,
0,1.8117047548294067,
0,1.8117047548294067,
0,1.8117047548294067,
0,1.8117047548294067,
0,1.8117047548294067,
0,1.810520052909851,
0,1.809814453125,
0,1.809814453125,
0,1.809814453125,
0,1.8098143339157104,
0,1.8098139762878418,
0,1.809814453125,
0,1.8098143339157104,
0,1.8074421882629395,
0,1.5221307277679443,
0,1.5221306085586548,
0,1.5221306085586548,
0,1.5221307277679443,
0,1.5221307277679443,
0,1.5221307277679443,
0,1.5221307277679443,
0,1.5211570262908936,
0,1.743389368057251,
0,1.743389368057251,
0,1.743389368057251,
0,1.743389368057251,
0,1.743389368057251,
0,1.743389368057251,
0,1.743389368057251,
0,1.4583760499954224,
0,1.8472872972488403,
0,1.8472872972488403,
0,1.8472874164581299,
0,1.8472872972488403,
0,1.8472874164581299,
0,1.8472872972488403,
0,1.8472872972488403,
0,1.5628786087036133,
0,1.740047574043274,
0,1.740047574043274,
0,1.740047574043274,
0,1.7400469779968262,
0,1.7400469779968262,
0,1.740047574043274,
0,1.7400469779968262,
0,1.45615553855896,
0,1.8439717292785645,
0,1.8439717292785645,
0,1.8439717292785645,
0,1.843971848487854,
0,1.843972086906433,
0,1.8439717292785645,
0,1.843971848487854,
0,1.5604835748672485,
0,1.8423351049423218,
0,1.8423351049423218,
0,1.8423349857330322,
0,1.8423351049423218,
0,1.8423351049423218,
0,1.8423349857330322,
0,1.8423349857330322,
0,1.4538512229919434,
0,1.7352173328399658,
0,1.735217571258545,
0,1.7352173328399658,
0,1.7352173328399658,
0,1.735217571258545,
0,1.735217571258545,
0,1.735217571258545,
0,1.4527454376220703,
0,1.7335684299468994,
0,1.7335691452026367,
0,1.7335691452026367,
0,1.733568549156189,
0,1.7335684299468994,
0,1.733568787574768,
0,1.7335691452026367,
0,1.4515609741210938,
0,1.731913685798645,
0,1.7319086790084839,
0,1.7319087982177734,
0,1.7319087982177734,
0,1.7319090366363525,
0,1.7319087982177734,
0,1.731908917427063,
0,1.4504306316375732,
0,1.7302768230438232,
0,1.7302711009979248,
0,1.730271339416504,
0,1.7302711009979248,
0,1.730271339416504,
0,1.730271339416504,
0,1.730271339416504,
0,1.4492847919464111,
0,1.8340473175048828,
0,1.8340429067611694,
0,1.834043025970459,
0,1.8340425491333008,
0,1.8340424299240112,
0,1.8340429067611694,
0,1.8340425491333008,
0,1.5534230470657349,
0,1.7269997596740723,
0,1.7269761562347412,
0,1.7269761562347412,
0,1.7269762754440308,
0,1.7269762754440308,
0,1.7269761562347412,
0,1.7269760370254517,
0,1.4470183849334717,
0,1.8307948112487793,
0,1.83078932762146,
0,1.8307896852493286,
0,1.83078932762146,
0,1.8307896852493286,
0,1.83078932762146,
0,1.8307896852493286,
0,1.551152229309082,
0,1.8289531469345093,
0,1.8289474248886108,
0,1.8289474248886108,
0,1.82894766330719,
0,1.8289480209350586,
0,1.82894766330719,
0,1.8289473056793213,
0,1.444772720336914,
0,1.722059965133667,
0,1.7220544815063477,
0,1.7220544815063477,
0,1.7220550775527954,
0,1.7220546007156372,
0,1.7220544815063477,
0,1.7220550775527954,
0,1.4436229467391968,
0,1.7205177545547485,
0,1.7205129861831665,
0,1.720513105392456,
0,1.7205129861831665,
0,1.7205129861831665,
0,1.7205132246017456,
0,1.7205132246017456,
0,1.4424875974655151,
0,1.718820333480835,
0,1.7188152074813843,
0,1.7188152074813843,
0,1.7188153266906738,
0,1.7188148498535156,
0,1.7188149690628052,
0,1.7188148498535156,
0,1.4414042234420776,
0,1.7172095775604248,
0,1.7172046899795532,
0,1.7172046899795532,
0,1.7172046899795532,
0,1.7172044515609741,
0,1.7172045707702637,
0,1.7172046899795532,
0,1.440277099609375,
0,1.8209152221679688,
0,1.8209105730056763,
0,1.8209108114242554,
0,1.8209108114242554,
0,1.8209108114242554,
0,1.8209108114242554,
0,1.8209105730056763,
0,1.5447114706039429,
0,1.4393529891967773,
0,1.4393483400344849,
0,1.4393482208251953,
0,1.4393482208251953,
0,1.4393484592437744,
0,1.439348578453064,
0,1.4393482208251953,
0,1.4384443759918213,
0,1.5434380769729614,
0,1.543432593345642,
0,1.5434330701828003,
0,1.543432593345642,
0,1.5434328317642212,
0,1.543432354927063,
0,1.5434328317642212,
0,1.5425506830215454,
0,1.4978384971618652,
0,1.4978358745574951,
0,1.4978361129760742,
0,1.4978361129760742,
0,1.4978358745574951,
0,1.4978358745574951,
0,1.4978361129760742,
0,1.4969122409820557,
0,1.4966535568237305,
0,1.4966514110565186,
0,1.4966511726379395,
0,1.4966511726379395,
0,1.4966511726379395,
0,1.4966514110565186,
0,1.4966514110565186,
0,1.4957242012023926,
0,1.6004595756530762,
0,1.6004574298858643,
0,1.6004579067230225,
0,1.6004579067230225,
0,1.6004579067230225,
0,1.6004579067230225,
0,1.6004579067230225,
0,1.5993460416793823,
0,1.4940853118896484,
0,1.4940850734710693,
0,1.4940850734710693,
0,1.4940850734710693,
0,1.4940853118896484,
0,1.4940853118896484,
0,1.4940853118896484,
0,1.4931572675704956,
0,1.5373092889785767,
0,1.5373092889785767,
0,1.537309169769287,
0,1.5373092889785767,
0,1.537309169769287,
0,1.537309169769287,
0,1.5373092889785767,
0,1.5362225770950317,
0,1.5963780879974365,
0,1.5963780879974365,
0,1.5963780879974365,
0,1.5963780879974365,
0,1.5963780879974365,
0,1.5963780879974365,
0,1.5963780879974365,
0,1.4904959201812744,
0,1.4296865463256836,
0,1.4296867847442627,
0,1.4296865463256836,
0,1.4296867847442627,
0,1.4296867847442627,
0,1.4296865463256836,
0,1.4296865463256836,
0,1.4287455081939697,
0,1.428438425064087,
0,1.4284383058547974,
0,1.428438425064087,
0,1.4284383058547974,
0,1.428438425064087,
0,1.428438425064087,
0,1.428438425064087,
0,1.699178695678711,
0,1.6988725662231445,
0,1.6988728046417236,
0,1.6988725662231445,
0,1.6988728046417236,
0,1.6988728046417236,
0,1.6988728046417236,
0,1.6988728046417236,
0,1.6979705095291138,
0,1.7580158710479736,
0,1.758015751838684,
0,1.7580158710479736,
0,1.7580158710479736,
0,1.7580156326293945,
0,1.758015751838684,
0,1.7580158710479736,
0,1.7570948600769043,
0,1.8617005348205566,
0,1.8617008924484253,
0,1.8617011308670044,
0,1.8617010116577148,
0,1.8617007732391357,
0,1.8617010116577148,
0,1.8617010116577148,
0,1.8606411218643188,
0,1.755255937576294,
0,1.755256175994873,
0,1.755255937576294,
0,1.755255937576294,
0,1.755256175994873,
0,1.755255937576294,
0,1.755256175994873,
0,1.7543429136276245,
0,1.858703374862671,
0,1.8587032556533813,
0,1.8587032556533813,
0,1.8587032556533813,
0,1.8587032556533813,
0,1.858703374862671,
0,1.8587032556533813,
0,1.8576374053955078,
0,1.752413034439087,
0,1.7524129152297974,
0,1.752413034439087,
0,1.7524131536483765,
0,1.7524131536483765,
0,1.752413034439087,
0,1.752413034439087,
0,1.751511812210083,
0,1.751030445098877,
0,1.751030445098877,
0,1.751030445098877,
0,1.7510303258895874,
0,1.751030445098877,
0,1.7510303258895874,
0,1.751030445098877,
0,1.7500896453857422,
0,1.854318380355835,
0,1.8543181419372559,
0,1.8543179035186768,
0,1.8543184995651245,
0,1.8543181419372559,
0,1.8543184995651245,
0,1.8543179035186768,
0,1.8531217575073242,
0,1.6882867813110352,
0,1.6882867813110352,
0,1.6882866621017456,
0,1.6882866621017456,
0,1.6882867813110352,
0,1.6882867813110352,
0,1.6882866621017456,
0,1.6873160600662231,
0,1.7915862798690796,
0,1.7915862798690796,
0,1.7915862798690796,
0,1.7915862798690796,
0,1.7915862798690796,
0,1.7915862798690796,
0,1.7915862798690796,
0,1.7906217575073242,
0,1.7901242971420288,
0,1.7901244163513184,
0,1.7901242971420288,
0,1.7901244163513184,
0,1.7901244163513184,
0,1.7901242971420288,
0,1.7901244163513184,
0,1.6844184398651123,
0,1.6839240789413452,
0,1.6839240789413452,
0,1.6839239597320557,
0,1.6839239597320557,
0,1.6839241981506348,
0,1.6839241981506348,
0,1.6839241981506348,
0,1.6829161643981934,
0,1.682425856590271,
0,1.6824264526367188,
0,1.682425856590271,
0,1.6824263334274292,
0,1.6824263334274292,
0,1.682425856590271,
0,1.6824264526367188,
0,1.6814037561416626,
0,1.6808764934539795,
0,1.680876612663269,
0,1.6808764934539795,
0,1.6808764934539795,
0,1.68087637424469,
0,1.680876612663269,
0,1.6808764934539795,
0,1.6798843145370483,
0,1.679464340209961,
0,1.679464340209961,
0,1.6794638633728027,
0,1.679464340209961,
0,1.6794638633728027,
0,1.6794638633728027,
0,1.6794638633728027,
0,1.6784578561782837,
0,1.7825576066970825,
0,1.7825576066970825,
0,1.782557487487793,
0,1.7825576066970825,
0,1.7825576066970825,
0,1.7825576066970825,
0,1.7825576066970825,
0,1.781561255455017,
0,1.6764709949493408,
0,1.6764706373214722,
0,1.676470398902893,
0,1.676470398902893,
0,1.6764708757400513,
0,1.6764702796936035,
0,1.6764707565307617,
0,1.6754761934280396,
0,1.7795909643173218,
0,1.7795910835266113,
0,1.7795910835266113,
0,1.7795910835266113,
0,1.7795909643173218,
0,1.7795910835266113,
0,1.7795910835266113,
0,1.7784010171890259,
0,1.777917742729187,
0,1.7779173851013184,
0,1.7779176235198975,
0,1.7779176235198975,
0,1.777917504310608,
0,1.777917504310608,
0,1.7779173851013184,
0,1.6724720001220703,
0,1.671967625617981,
0,1.6719633340835571,
0,1.6719636917114258,
0,1.6719632148742676,
0,1.6719634532928467,
0,1.6719635725021362,
0,1.6719633340835571,
0,1.6709704399108887,
0,1.6704552173614502,
0,1.6704506874084473,
0,1.6704506874084473,
0,1.6704505681991577,
0,1.6704506874084473,
0,1.6704505681991577,
0,1.6704508066177368,
0,1.6694514751434326,
0,1.728140950202942,
0,1.7281395196914673,
0,1.7281392812728882,
0,1.7281394004821777,
0,1.7281391620635986,
0,1.7281391620635986,
0,1.7281392812728882,
0,1.7271394729614258,
0,1.7266172170639038,
0,1.7266172170639038,
0,1.7266175746917725,
0,1.7266172170639038,
0,1.7266172170639038,
0,1.7266173362731934,
0,1.7266172170639038,
0,1.725614309310913,
0,1.829567790031433,
0,1.829567790031433,
0,1.829567790031433,
0,1.8295679092407227,
0,1.829567790031433,
0,1.8295681476593018,
0,1.829567790031433,
0,1.8284281492233276,
0,1.7235718965530396,
0,1.7235718965530396,
0,1.7235718965530396,
0,1.723572015762329,
0,1.723572015762329,
0,1.7235718965530396,
0,1.7235718965530396,
0,1.7225900888442993,
0,1.8262875080108643,
0,1.8262872695922852,
0,1.8262872695922852,
0,1.8262872695922852,
0,1.826287031173706,
0,1.8262872695922852,
0,1.8262872695922852,
0,1.8252274990081787,
0,1.7204294204711914,
0,1.7204289436340332,
0,1.7204290628433228,
0,1.7204289436340332,
0,1.7204289436340332,
0,1.7204293012619019,
0,1.7204294204711914,
0,1.7194353342056274,
0,1.6601835489273071,
0,1.6601835489273071,
0,1.6601835489273071,
0,1.6601834297180176,
0,1.6601835489273071,
0,1.6601835489273071,
0,1.6601835489273071,
0,1.659211277961731,
0,1.7629276514053345,
0,1.762927532196045,
0,1.762927532196045,
0,1.762927532196045,
0,1.7629276514053345,
0,1.7629272937774658,
0,1.7629272937774658,
0,1.761963129043579,
0,1.6572262048721313,
0,1.6572262048721313,
0,1.6572259664535522,
0,1.6572257280349731,
0,1.6572257280349731,
0,1.6572259664535522,
0,1.6572257280349731,
0,1.6562774181365967,
0,1.7602260112762451,
0,1.7602261304855347,
0,1.7602261304855347,
0,1.7602261304855347,
0,1.7602258920669556,
0,1.7602263689041138,
0,1.7602258920669556,
0,1.7591127157211304,
0,1.7585835456848145,
0,1.7585835456848145,
0,1.7585835456848145,
0,1.7585830688476562,
0,1.7585829496383667,
0,1.7585835456848145,
0,1.7585830688476562,
0,1.6534466743469238,
0,1.7123699188232422,
0,1.71237051486969,
0,1.71237051486969,
0,1.7123699188232422,
0,1.7123697996139526,
0,1.7123703956604004,
0,1.7123699188232422,
0,1.7113224267959595,
0,1.710833191871643,
0,1.710833191871643,
0,1.7108334302902222,
0,1.7108334302902222,
0,1.710833191871643,
0,1.7108334302902222,
0,1.7108334302902222,
0,1.7097357511520386,
0,1.7092758417129517,
0,1.7092758417129517,
0,1.7092758417129517,
0,1.7092758417129517,
0,1.7092758417129517,
0,1.7092758417129517,
0,1.7092758417129517,
0,1.7082017660140991,
0,1.7076431512832642,
0,1.7076433897018433,
0,1.7076433897018433,
0,1.7076433897018433,
0,1.7076431512832642,
0,1.7076431512832642,
0,1.7076431512832642,
0,1.7065682411193848,
0,1.8100552558898926,
0,1.8100550174713135,
0,1.8100554943084717,
0,1.8100554943084717,
0,1.8100554943084717,
0,1.8100553750991821,
0,1.8100552558898926,
0,1.8088195323944092,
0,1.70435631275177,
0,1.7043566703796387,
0,1.7043565511703491,
0,1.7043570280075073,
0,1.7043566703796387,
0,1.7043566703796387,
0,1.7043567895889282,
0,1.703289270401001,
0,1.806779384613037,
0,1.806779384613037,
0,1.806779384613037,
0,1.8067797422409058,
0,1.806779384613037,
0,1.8067797422409058,
0,1.8067797422409058,
0,1.805559754371643,
0,1.804986834526062,
0,1.8049869537353516,
0,1.8049869537353516,
0,1.804986834526062,
0,1.804986834526062,
0,1.804986834526062,
0,1.8049870729446411,
0,1.803901195526123,
0,1.699357509613037,
0,1.699352502822876,
0,1.699352502822876,
0,1.699352502822876,
0,1.699352502822876,
0,1.699352502822876,
0,1.699352502822876,
0,1.6982768774032593,
0,1.6976323127746582,
0,1.6976274251937866,
0,1.6976275444030762,
0,1.6976275444030762,
0,1.6976274251937866,
0,1.6976275444030762,
0,1.6976275444030762,
0,1.6965397596359253,
0,1.6958949565887451,
0,1.6958909034729004,
0,1.6958909034729004,
0,1.6958909034729004,
0,1.6958907842636108,
0,1.6958909034729004,
0,1.6958906650543213,
0,1.6947929859161377,
0,1.6941536664962769,
0,1.6941488981246948,
0,1.6941492557525635,
0,1.6941488981246948,
0,1.694149136543274,
0,1.694149136543274,
0,1.6941492557525635,
0,1.6930696964263916,
0,1.796155571937561,
0,1.796135425567627,
0,1.796135425567627,
0,1.7961353063583374,
0,1.7961353063583374,
0,1.796135425567627,
0,1.796135425567627,
0,1.7950395345687866,
0,1.6906349658966064,
0,1.6906304359436035,
0,1.690630316734314,
0,1.6906306743621826,
0,1.6906306743621826,
0,1.690630316734314,
0,1.6906304359436035,
0,1.6895333528518677,
0,1.7927645444869995,
0,1.7927608489990234,
0,1.7927606105804443,
0,1.7927603721618652,
0,1.7927604913711548,
0,1.7927607297897339,
0,1.7927604913711548,
0,1.7914888858795166,
0,1.7908612489700317,
0,1.790856957435608,
0,1.790856957435608,
0,1.790856957435608,
0,1.790856957435608,
0,1.790856957435608,
0,1.790856957435608,
0,1.6860325336456299,
0,1.6853331327438354,
0,1.6853286027908325,
0,1.6853286027908325,
0,1.6853286027908325,
0,1.6853283643722534,
0,1.6853283643722534,
0,1.6853286027908325,
0,1.6842361688613892,
0,1.6836732625961304,
0,1.683668851852417,
0,1.6836689710617065,
0,1.683668851852417,
0,1.6836689710617065,
0,1.683668851852417,
0,1.683668851852417,
0,1.682615041732788,
0,1.7393732070922852,
0,1.7393718957901,
0,1.7393715381622314,
0,1.739371418952942,
0,1.739371657371521,
0,1.7393712997436523,
0,1.7393718957901,
0,1.7382431030273438,
0,1.7374740839004517,
0,1.737473726272583,
0,1.7374738454818726,
0,1.7374738454818726,
0,1.7374740839004517,
0,1.737473964691162,
0,1.737473964691162,
0,1.7363967895507812,
0,1.8395167589187622,
0,1.839516520500183,
0,1.8395167589187622,
0,1.8395168781280518,
0,1.8395164012908936,
0,1.8395164012908936,
0,1.8395167589187622,
0,1.8382900953292847,
0,1.734036922454834,
0,1.7340368032455444,
0,1.7340368032455444,
0,1.7340368032455444,
0,1.7340368032455444,
0,1.7340368032455444,
0,1.734036922454834,
0,1.7329421043395996,
0,1.7321546077728271,
0,1.8358694314956665,
0,1.8358690738677979,
0,1.8358688354492188,
0,1.8358690738677979,
0,1.8358694314956665,
0,1.8358694314956665,
0,1.8344764709472656,
0,1.8337608575820923,
0,1.8337608575820923,
0,1.8337608575820923,
0,1.8337608575820923,
0,1.8337608575820923,
0,1.8337608575820923,
0,1.8337608575820923,
0,1.7292150259017944,
0,1.7285709381103516,
0,1.7285709381103516,
0,1.728570818901062,
0,1.7285712957382202,
0,1.7285709381103516,
0,1.7285710573196411,
0,1.728570818901062,
0,1.727461338043213,
0,1.7266842126846313,
0,1.7266842126846313,
0,1.7266842126846313,
0,1.7266842126846313,
0,1.7266842126846313,
0,1.7266842126846313,
0,1.7266842126846313,
0,1.7263725996017456,
0,1.7248139381408691,
0,1.7248140573501587,
0,1.724814534187317,
0,1.7248140573501587,
0,1.724814534187317,
0,1.7248139381408691,
0,1.7248139381408691,
0,1.7237210273742676,
0,1.7230112552642822,
0,1.7230110168457031,
0,1.7230112552642822,
0,1.7230110168457031,
0,1.7230111360549927,
0,1.7230111360549927,
0,1.7230111360549927,
0,1.72190523147583,
0,1.768251895904541,
0,1.7682521343231201,
0,1.7682520151138306,
0,1.768251895904541,
0,1.768251895904541,
0,1.7682520151138306,
0,1.7682520151138306,
0,1.767055630683899,
0,1.6631094217300415,
0,1.663109540939331,
0,1.6631091833114624,
0,1.663109302520752,
0,1.663109540939331,
0,1.663109540939331,
0,1.6630058288574219,
0,1.6620466709136963,
0,1.7647472620010376,
0,1.7647470235824585,
0,1.7647470235824585,
0,1.7647470235824585,
0,1.7647470235824585,
0,1.7647470235824585,
0,1.7647470235824585,
0,1.7636433839797974,
0,1.7629364728927612,
0,1.7629364728927612,
0,1.7629365921020508,
0,1.7629363536834717,
0,1.7629364728927612,
0,1.7629364728927612,
0,1.7629364728927612,
0,1.6585384607315063,
0,1.6578786373138428,
0,1.6578786373138428,
0,1.6578786373138428,
0,1.6578786373138428,
0,1.6578787565231323,
0,1.6578786373138428,
0,1.6578785181045532,
0,1.6568384170532227,
0,1.656187891960144,
0,1.6561881303787231,
0,1.6561881303787231,
0,1.6561880111694336,
0,1.6561877727508545,
0,1.656187891960144,
0,1.656187891960144,
0,1.6551425457000732,
0,1.6544839143753052,
0,1.6544839143753052,
0,1.6544837951660156,
0,1.6544839143753052,
0,1.6544839143753052,
0,1.6544839143753052,
0,1.6544840335845947,
0,1.653452754020691,
0,1.652798056602478,
0,1.652797818183899,
0,1.652798056602478,
0,1.652798056602478,
0,1.652798056602478,
0,1.652798056602478,
0,1.652798056602478,
0,1.6525243520736694,
0,1.754331111907959,
0,1.754331350326538,
0,1.7543315887451172,
0,1.754331111907959,
0,1.754331111907959,
0,1.754331111907959,
0,1.754331111907959,
0,1.7530150413513184,
0,1.7524254322052002,
0,1.7524254322052002,
0,1.7524255514144897,
0,1.7524254322052002,
0,1.7524255514144897,
0,1.7524254322052002,
0,1.7524254322052002,
0,1.6484687328338623,
0,1.647882103919983,
0,1.647882103919983,
0,1.647882103919983,
0,1.647882103919983,
0,1.647882103919983,
0,1.647882103919983,
0,1.647882103919983,
0,1.6468758583068848,
0,1.6462894678115845,
0,1.6462897062301636,
0,1.646289587020874,
0,1.646289348602295,
0,1.646289348602295,
0,1.6462897062301636,
0,1.6462897062301636,
0,1.6452984809875488,
0,1.6446890830993652,
0,1.6446889638900757,
0,1.6446890830993652,
0,1.6446890830993652,
0,1.6446890830993652,
0,1.6446889638900757,
0,1.6446890830993652,
0,1.64371657371521,
0,1.7462012767791748,
0,1.7462012767791748,
0,1.7462012767791748,
0,1.7462012767791748,
0,1.7462010383605957,
0,1.7462012767791748,
0,1.7462012767791748,
0,1.7450981140136719,
0,1.7445182800292969,
0,1.7445182800292969,
0,1.7445182800292969,
0,1.7445182800292969,
0,1.7445182800292969,
0,1.7445182800292969,
0,1.7445182800292969,
0,1.7435609102249146,
0,1.6400681734085083,
0,1.6400681734085083,
0,1.6400684118270874,
0,1.6400681734085083,
0,1.6400681734085083,
0,1.6400681734085083,
0,1.6400681734085083,
0,1.6390957832336426,
0,1.6385211944580078,
0,1.638521432876587,
0,1.638521432876587,
0,1.638521432876587,
0,1.638521432876587,
0,1.638521432876587,
0,1.6385211944580078,
0,1.637607216835022,
0,1.7397643327713013,
0,1.7397643327713013,
0,1.7397643327713013,
0,1.7397642135620117,
0,1.7397642135620117,
0,1.7397643327713013,
0,1.7397642135620117,
0,1.7387808561325073,
0,1.6354398727416992,
0,1.6354397535324097,
0,1.6354398727416992,
0,1.6354397535324097,
0,1.6354398727416992,
0,1.6354397535324097,
0,1.6354397535324097,
0,1.6344678401947021,
0,1.633967399597168,
0,1.6339677572250366,
0,1.6339672803878784,
0,1.6339675188064575,
0,1.6339677572250366,
0,1.633967638015747,
0,1.6339672803878784,
0,1.6330227851867676,
0,1.6325175762176514,
0,1.632513403892517,
0,1.632513403892517,
0,1.6325135231018066,
0,1.6325135231018066,
0,1.6325135231018066,
0,1.632513403892517,
0,1.6315743923187256,
0,1.7338563203811646,
0,1.7338520288467407,
0,1.7338519096374512,
0,1.7338519096374512,
0,1.7338519096374512,
0,1.7338519096374512,
0,1.7338519096374512,
0,1.732743263244629,
0,1.7321730852127075,
0,1.7321683168411255,
0,1.7321683168411255,
0,1.7321685552597046,
0,1.732168436050415,
0,1.7321683168411255,
0,1.7321683168411255,
0,1.7312294244766235,
0,1.6281245946884155,
0,1.6281200647354126,
0,1.6281198263168335,
0,1.6281200647354126,
0,1.6281200647354126,
0,1.6281200647354126,
0,1.6281200647354126,
0,1.6271836757659912,
0,1.6267589330673218,
0,1.6267542839050293,
0,1.6267539262771606,
0,1.6267541646957397,
0,1.6267541646957397,
0,1.6267542839050293,
0,1.6267542839050293,
0,1.6258305311203003,
0,1.7279657125473022,
0,1.7279614210128784,
0,1.7279614210128784,
0,1.7279614210128784,
0,1.7279614210128784,
0,1.7279613018035889,
0,1.7279613018035889,
0,1.6243160963058472,
0,1.6238163709640503,
0,1.6238124370574951,
0,1.623812198638916,
0,1.623812198638916,
0,1.623812198638916,
0,1.623812198638916,
0,1.623811960220337,
0,1.622896432876587,
0,1.6224669218063354,
0,1.6224626302719116,
0,1.6224621534347534,
0,1.622462272644043,
0,1.622462272644043,
0,1.622462511062622,
0,1.622462272644043,
0,1.6222425699234009,
0,1.7234489917755127,
0,1.7234445810317993,
0,1.7234444618225098,
0,1.7234444618225098,
0,1.7234445810317993,
0,1.7234444618225098,
0,1.7234444618225098,
0,1.6201025247573853,
0,1.6196067333221436,
0,1.6196022033691406,
0,1.6196026802062988,
0,1.6196025609970093,
0,1.6196024417877197,
0,1.6196024417877197,
0,1.6196024417877197,
0,1.6187171936035156,
0,1.7207564115524292,
0,1.7207523584365845,
0,1.7207520008087158,
0,1.7207518815994263,
0,1.7207521200180054,
0,1.7207520008087158,
0,1.7207523584365845,
0,1.7200684547424316,
0,1.6710985898971558,
0,1.6710975170135498,
0,1.6710972785949707,
0,1.6710972785949707,
0,1.6710975170135498,
0,1.6710973978042603,
0,1.6710973978042603,
0,1.670145034790039,
0,1.6696984767913818,
0,1.6696982383728027,
0,1.6696983575820923,
0,1.6696982383728027,
0,1.6696983575820923,
0,1.6696983575820923,
0,1.6696983575820923,
0,1.668867588043213,
0,1.770900011062622,
0,1.770900011062622,
0,1.770900011062622,
0,1.770900011062622,
0,1.770900011062622,
0,1.770900011062622,
0,1.770900011062622,
0,1.7698873281478882,
0,1.667096495628357,
0,1.667096495628357,
0,1.6670961380004883,
0,1.6670961380004883,
0,1.667096495628357,
0,1.6670961380004883,
0,1.667096495628357,
0,1.6661828756332397,
0,1.665733814239502,
0,1.6657336950302124,
0,1.665733814239502,
0,1.665733814239502,
0,1.665733814239502,
0,1.6657336950302124,
0,1.665733814239502,
0,1.6649037599563599,
0,1.7129164934158325,
0,1.7129164934158325,
0,1.7129167318344116,
0,1.7129164934158325,
0,1.7129162549972534,
0,1.7129162549972534,
0,1.7129164934158325,
0,1.7119535207748413,
0,1.6093060970306396,
0,1.6093060970306396,
0,1.6093060970306396,
0,1.6093060970306396,
0,1.6093060970306396,
0,1.6093060970306396,
0,1.6093063354492188,
0,1.6082087755203247,
0,1.7104742527008057,
0,1.7104740142822266,
0,1.7104740142822266,
0,1.7104742527008057,
0,1.7104740142822266,
0,1.7104742527008057,
0,1.7104742527008057,
0,1.7095212936401367,
0,1.7091249227523804,
0,1.7091253995895386,
0,1.7091246843338013,
0,1.7091246843338013,
0,1.7091246843338013,
0,1.7091256380081177,
0,1.7091251611709595,
0,1.6060861349105835,
0,1.6056849956512451,
0,1.6056849956512451,
0,1.6056849956512451,
0,1.6056849956512451,
0,1.6056849956512451,
0,1.6056849956512451,
0,1.6056849956512451,
0,1.6048874855041504,
0,1.6044937372207642,
0,1.6044933795928955,
0,1.6044937372207642,
0,1.6044940948486328,
0,1.6044942140579224,
0,1.6044936180114746,
0,1.6044937372207642,
0,1.6036713123321533,
0,1.6032921075820923,
0,1.6032922267913818,
0,1.6032922267913818,
0,1.6032922267913818,
0,1.6032922267913818,
0,1.6032922267913818,
0,1.6032921075820923,
0,1.602508306503296,
0,1.602118968963623,
0,1.6021190881729126,
0,1.6021184921264648,
0,1.602118968963623,
0,1.6021184921264648,
0,1.602118968963623,
0,1.6021184921264648,
0,1.6013436317443848,
0,1.7565276622772217,
0,1.7565276622772217,
0,1.7565276622772217,
0,1.7565276622772217,
0,1.7565276622772217,
0,1.7565276622772217,
0,1.7565276622772217,
0,1.7556068897247314,
0,1.6532710790634155,
0,1.6532708406448364,
0,1.6532708406448364,
0,1.6532708406448364,
0,1.6532708406448364,
0,1.6532708406448364,
0,1.6532710790634155,
0,1.6525204181671143,
0,1.7541210651397705,
0,1.7541208267211914,
0,1.7541205883026123,
0,1.7541205883026123,
0,1.7541208267211914,
0,1.7541208267211914,
0,1.7541205883026123,
0,1.753382682800293,
0,1.7529462575912476,
0,1.7529462575912476,
0,1.752946138381958,
0,1.752946138381958,
0,1.752946376800537,
0,1.7529466152191162,
0,1.752946138381958,
0,1.650141716003418,
0,1.6496868133544922,
0,1.649686574935913,
0,1.6496868133544922,
0,1.6496868133544922,
0,1.6496868133544922,
0,1.6496868133544922,
0,1.649686574935913,
0,1.64890456199646,
0,1.6484506130218506,
0,1.648450493812561,
0,1.6484503746032715,
0,1.6484503746032715,
0,1.6484501361846924,
0,1.648450255393982,
0,1.6484503746032715,
0,1.6476736068725586,
0,1.6472339630126953,
0,1.6472339630126953,
0,1.6472339630126953,
0,1.6472339630126953,
0,1.6472339630126953,
0,1.6472339630126953,
0,1.6472339630126953,
0,1.64644455909729,
0,1.6459887027740479,
0,1.6459885835647583,
0,1.6459885835647583,
0,1.6459887027740479,
0,1.6459887027740479,
0,1.6459887027740479,
0,1.6459885835647583,
0,1.6452181339263916,
0,1.7466355562210083,
0,1.7466357946395874,
0,1.7466357946395874,
0,1.7466357946395874,
0,1.7466355562210083,
0,1.7466357946395874,
0,1.7466357946395874,
0,1.7458544969558716,
0,1.6434437036514282,
0,1.6434439420700073,
0,1.6434439420700073,
0,1.6434439420700073,
0,1.6434437036514282,
0,1.6434437036514282,
0,1.6434439420700073,
0,1.6426538228988647,
0,1.6913691759109497,
0,1.6913689374923706,
0,1.6913686990737915,
0,1.6913689374923706,
0,1.691368579864502,
0,1.691368818283081,
0,1.6913690567016602,
0,1.6904906034469604,
0,1.690031886100769,
0,1.6900317668914795,
0,1.690031886100769,
0,1.6900317668914795,
0,1.690031886100769,
0,1.690031886100769,
0,1.6900320053100586,
0,1.6891798973083496,
0,1.587141990661621,
0,1.587141990661621,
0,1.5871421098709106,
0,1.587141990661621,
0,1.587141990661621,
0,1.587141990661621,
0,1.587141990661621,
0,1.586441159248352,
0,1.585992455482483,
0,1.585992455482483,
0,1.5859925746917725,
0,1.5859925746917725,
0,1.585992455482483,
0,1.585992455482483,
0,1.5859925746917725,
0,1.5852751731872559,
0,1.5848251581192017,
0,1.5848249197006226,
0,1.5848251581192017,
0,1.5848249197006226,
0,1.5848251581192017,
0,1.5848251581192017,
0,1.5848251581192017,
0,1.5842031240463257,
0,1.5837315320968628,
0,1.5837315320968628,
0,1.5837322473526,
0,1.5837323665618896,
0,1.5837321281433105,
0,1.583732008934021,
0,1.583732008934021,
0,1.5830907821655273,
0,1.6843440532684326,
0,1.6843441724777222,
0,1.6843440532684326,
0,1.6843444108963013,
0,1.6843438148498535,
0,1.6843444108963013,
0,1.6843440532684326,
0,1.6835633516311646,
0,1.683190941810608,
0,1.683190941810608,
0,1.683190941810608,
0,1.6831907033920288,
0,1.683190941810608,
0,1.683190941810608,
0,1.683190941810608,
0,1.5810117721557617,
0,1.5806443691253662,
0,1.5806443691253662,
0,1.580644130706787,
0,1.580644130706787,
0,1.5806443691253662,
0,1.5806443691253662,
0,1.5806443691253662,
0,1.5799908638000488,
0,1.5796211957931519,
0,1.5796211957931519,
0,1.5796213150024414,
0,1.5796215534210205,
0,1.5796213150024414,
0,1.5796211957931519,
0,1.5796211957931519,
0,1.5790050029754639,
0,1.6800354719161987,
0,1.6800353527069092,
0,1.6800353527069092,
0,1.6800353527069092,
0,1.6800354719161987,
0,1.6800353527069092,
0,1.6800353527069092,
0,1.578019142150879,
0,1.5776563882827759,
0,1.5776560306549072,
0,1.5776563882827759,
0,1.5776561498641968,
0,1.5776562690734863,
0,1.5776562690734863,
0,1.5776562690734863,
0,1.5770127773284912,
0,1.5766308307647705,
0,1.5766310691833496,
0,1.5766310691833496,
0,1.5766308307647705,
0,1.5766308307647705,
0,1.5766308307647705,
0,1.5766310691833496,
0,1.5760270357131958,
0,1.5757158994674683,
0,1.5757158994674683,
0,1.575716495513916,
0,1.575716257095337,
0,1.575716495513916,
0,1.5757161378860474,
0,1.575716257095337,
0,1.5751160383224487,
0,1.67617666721344,
0,1.6761767864227295,
0,1.6761764287948608,
0,1.6761767864227295,
0,1.6761767864227295,
0,1.6761770248413086,
0,1.6761765480041504,
0,1.6754122972488403,
0,1.5739227533340454,
0,1.5739227533340454,
0,1.5739226341247559,
0,1.5739227533340454,
0,1.5739227533340454,
0,1.5739226341247559,
0,1.5739227533340454,
0,1.5733020305633545,
0,1.7259958982467651,
0,1.7259958982467651,
0,1.7259958982467651,
0,1.7259958982467651,
0,1.7259960174560547,
0,1.7259958982467651,
0,1.7259958982467651,
0,1.7253562211990356,
0,1.7250291109085083,
0,1.7250291109085083,
0,1.7250291109085083,
0,1.7250291109085083,
0,1.7250291109085083,
0,1.7250291109085083,
0,1.7250291109085083,
0,1.6230714321136475,
0,1.6226943731307983,
0,1.6226946115493774,
0,1.6226943731307983,
0,1.622694492340088,
0,1.6226946115493774,
0,1.6226946115493774,
0,1.6226946115493774,
0,1.6220401525497437,
0,1.6215933561325073,
0,1.6215933561325073,
0,1.621593713760376,
0,1.621593713760376,
0,1.6215933561325073,
0,1.6215933561325073,
0,1.6215934753417969,
0,1.620951771736145,
0,1.6205241680145264,
0,1.6205241680145264,
0,1.620524287223816,
0,1.620524287223816,
0,1.6205241680145264,
0,1.620524287223816,
0,1.6205241680145264,
0,1.6199078559875488,
0,1.6194278001785278,
0,1.6194278001785278,
0,1.6194278001785278,
0,1.6194276809692383,
0,1.6194278001785278,
0,1.6194278001785278,
0,1.6194278001785278,
0,1.6187995672225952,
0,1.5671895742416382,
0,1.5671895742416382,
0,1.5671895742416382,
0,1.5671895742416382,
0,1.5671895742416382,
0,1.5671895742416382,
0,1.5671895742416382,
0,1.56659734249115,
0,1.6676448583602905,
0,1.6676448583602905,
0,1.667644739151001,
0,1.667644739151001,
0,1.667644739151001,
0,1.6676448583602905,
0,1.6676448583602905,
0,1.6670295000076294,
0,1.6666033267974854,
0,1.6666030883789062,
0,1.6666033267974854,
0,1.6666029691696167,
0,1.6666033267974854,
0,1.6666035652160645,
0,1.6666033267974854,
0,1.665976643562317,
0,1.6656664609909058,
0,1.6656664609909058,
0,1.6656665802001953,
0,1.6656664609909058,
0,1.6656664609909058,
0,1.6656664609909058,
0,1.6656664609909058,
0,1.664913296699524,
0,1.563420295715332,
0,1.563420295715332,
0,1.563420295715332,
0,1.563420295715332,
0,1.563420295715332,
0,1.563420295715332,
0,1.563420295715332,
0,1.5628142356872559,
0,1.562433123588562,
0,1.562433123588562,
0,1.562433123588562,
0,1.5624330043792725,
0,1.5624330043792725,
0,1.562432885169983,
0,1.5624330043792725,
0,1.5617954730987549,
0,1.561577558517456,
0,1.5615777969360352,
0,1.5615777969360352,
0,1.5615776777267456,
0,1.5615776777267456,
0,1.5615776777267456,
0,1.5615777969360352,
0,1.5609850883483887,
0,1.5607019662857056,
0,1.5607019662857056,
0,1.5607019662857056,
0,1.5607019662857056,
0,1.5607019662857056,
0,1.5607019662857056,
0,1.5607019662857056,
0,1.560113787651062,
0,1.6609171628952026,
0,1.6609171628952026,
0,1.6609172821044922,
0,1.6609171628952026,
0,1.6609172821044922,
0,1.6609171628952026,
0,1.6609171628952026,
0,1.6601637601852417,
0,1.5589569807052612,
0,1.5589569807052612,
0,1.5589569807052612,
0,1.5589569807052612,
0,1.5589569807052612,
0,1.5589569807052612,
0,1.5589569807052612,
0,1.5583691596984863,
0,1.6591925621032715,
0,1.6591925621032715,
0,1.659192442893982,
0,1.6591925621032715,
0,1.659192442893982,
0,1.6591923236846924,
0,1.659192442893982,
0,1.658585548400879,
0,1.557181715965271,
0,1.5571815967559814,
0,1.5571818351745605,
0,1.557181715965271,
0,1.557181715965271,
0,1.557181715965271,
0,1.557181715965271,
0,1.556573510169983,
0,1.6573305130004883,
0,1.6573305130004883,
0,1.6573302745819092,
0,1.6573302745819092,
0,1.6573302745819092,
0,1.6573305130004883,
0,1.6573305130004883,
0,1.6570525169372559,
0,1.5554084777832031,
0,1.5554084777832031,
0,1.5554084777832031,
0,1.5554084777832031,
0,1.5554084777832031,
0,1.5554084777832031,
0,1.5554084777832031,
0,1.5548033714294434,
0,1.5544486045837402,
0,1.5544488430023193,
0,1.5544488430023193,
0,1.5544486045837402,
0,1.5544488430023193,
0,1.5544488430023193,
0,1.5544487237930298,
0,1.5538618564605713,
0,1.6547234058380127,
0,1.6547235250473022,
0,1.6547232866287231,
0,1.6547236442565918,
0,1.6547236442565918,
0,1.6547235250473022,
0,1.6547237634658813,
0,1.5530301332473755,
0,1.5527219772338867,
0,1.5527219772338867,
0,1.5527220964431763,
0,1.5527219772338867,
0,1.5527219772338867,
0,1.5527220964431763,
0,1.5527219772338867,
0,1.552141547203064,
0,1.6529810428619385,
0,1.6529810428619385,
0,1.6529810428619385,
0,1.6529808044433594,
0,1.652981162071228,
0,1.6529808044433594,
0,1.6529808044433594,
0,1.5511915683746338,
0,1.5509816408157349,
0,1.5509817600250244,
0,1.5509817600250244,
0,1.5509816408157349,
0,1.5509816408157349,
0,1.5509816408157349,
0,1.5509816408157349,
0,1.5503796339035034,
0,1.550020456314087,
0,1.550020694732666,
0,1.5500205755233765,
0,1.550020456314087,
0,1.550020456314087,
0,1.550020694732666,
0,1.550020694732666,
0,1.549424409866333,
0,1.5996404886245728,
0,1.5996406078338623,
0,1.5996404886245728,
0,1.5996404886245728,
0,1.5996406078338623,
0,1.5996404886245728,
0,1.5996407270431519,
0,1.5995078086853027,
0,1.6997817754745483,
0,1.6997815370559692,
0,1.6997815370559692,
0,1.699781894683838,
0,1.699781894683838,
0,1.6997815370559692,
0,1.6997815370559692,
0,1.699021339416504,
0,1.5978281497955322,
0,1.5978277921676636,
0,1.5978277921676636,
0,1.5978279113769531,
0,1.5978277921676636,
0,1.5978280305862427,
0,1.5978279113769531,
0,1.5972042083740234,
0,1.6979140043258667,
0,1.6979140043258667,
0,1.6979143619537354,
0,1.6979143619537354,
0,1.6979140043258667,
0,1.6979140043258667,
0,1.6979143619537354,
0,1.6971499919891357,
0,1.6465264558792114,
0,1.6465264558792114,
0,1.646526575088501,
0,1.646526575088501,
0,1.6465264558792114,
0,1.6465264558792114,
0,1.6465264558792114,
0,1.5451161861419678,
0,1.5447720289230347,
0,1.5447720289230347,
0,1.5447720289230347,
0,1.5447720289230347,
0,1.5447720289230347,
0,1.5447720289230347,
0,1.5447720289230347,
0,1.5441579818725586,
0,1.5438873767852783,
0,1.5438873767852783,
0,1.5438873767852783,
0,1.543887734413147,
0,1.5438873767852783,
0,1.5438873767852783,
0,1.543887734413147,
0,1.54329514503479,
0,1.5430878400802612,
0,1.5430878400802612,
0,1.5430879592895508,
0,1.5430879592895508,
0,1.5430878400802612,
0,1.5430878400802612,
0,1.5430879592895508,
0,1.5425118207931519,
0,1.5421688556671143,
0,1.5421686172485352,
0,1.5421684980392456,
0,1.542168378829956,
0,1.5421684980392456,
0,1.5421687364578247,
0,1.5421688556671143,
0,1.541588544845581,
0,1.5412877798080444,
0,1.5412877798080444,
0,1.5412877798080444,
0,1.5412877798080444,
0,1.5412877798080444,
0,1.5412877798080444,
0,1.5412877798080444,
0,1.540715217590332,
0,1.691498041152954,
0,1.6914983987808228,
0,1.6914982795715332,
0,1.6914981603622437,
0,1.6914981603622437,
0,1.6914981603622437,
0,1.6914982795715332,
0,1.691023588180542,
0,1.690665364265442,
0,1.690665364265442,
0,1.690665602684021,
0,1.690665602684021,
0,1.690665364265442,
0,1.690665602684021,
0,1.690665364265442,
0,1.6898857355117798,
0,1.639572262763977,
0,1.639572262763977,
0,1.639572262763977,
0,1.639572262763977,
0,1.639572262763977,
0,1.639572262763977,
0,1.639572262763977,
0,1.6389766931533813,
0,1.5378562211990356,
0,1.5378562211990356,
0,1.5378562211990356,
0,1.5378565788269043,
0,1.5378562211990356,
0,1.5378562211990356,
0,1.5378565788269043,
0,1.5372681617736816,
0,1.5869392156600952,
0,1.5869389772415161,
0,1.5869389772415161,
0,1.5869392156600952,
0,1.5869393348693848,
0,1.5869392156600952,
0,1.5869395732879639,
0,1.586331844329834,
0,1.5361179113388062,
0,1.5361180305480957,
0,1.5361177921295166,
0,1.5361180305480957,
0,1.536118507385254,
0,1.5361177921295166,
0,1.5361180305480957,
0,1.5355359315872192,
0,1.5352630615234375,
0,1.5352628231048584,
0,1.5352637767791748,
0,1.5352632999420166,
0,1.5352635383605957,
0,1.5352630615234375,
0,1.5352632999420166,
0,1.5346345901489258,
0,1.6351478099822998,
0,1.6351481676101685,
0,1.6351478099822998,
0,1.635148048400879,
0,1.6351478099822998,
0,1.6351478099822998,
0,1.635148048400879,
0,1.634713053703308,
0,1.5833436250686646,
0,1.5833441019058228,
0,1.5833442211151123,
0,1.5833442211151123,
0,1.5833442211151123,
0,1.5833438634872437,
0,1.5833438634872437,
0,1.5827583074569702,
0,1.683171033859253,
0,1.6831705570220947,
0,1.6831705570220947,
0,1.683171033859253,
0,1.6831711530685425,
0,1.6831711530685425,
0,1.6831711530685425,
0,1.682415246963501,
0,1.5814865827560425,
0,1.5814865827560425,
0,1.581486463546753,
0,1.581486463546753,
0,1.581486463546753,
0,1.581486463546753,
0,1.581486463546753,
0,1.5808964967727661,
0,1.6811802387237549,
0,1.6811801195144653,
0,1.6811800003051758,
0,1.6811802387237549,
0,1.6811800003051758,
0,1.6811798810958862,
0,1.6811801195144653,
0,1.680548071861267,
0,1.5796291828155518,
0,1.5796289443969727,
0,1.579628825187683,
0,1.579628825187683,
0,1.5796289443969727,
0,1.579628825187683,
0,1.579628825187683,
0,1.578989863395691,
0,1.5786620378494263,
0,1.5786619186401367,
0,1.5786619186401367,
0,1.5786619186401367,
0,1.5786620378494263,
0,1.5786619186401367,
0,1.5786619186401367,
0,1.5780609846115112,
0,1.6782957315444946,
0,1.678295612335205,
0,1.6782957315444946,
0,1.6782960891723633,
0,1.6782960891723633,
0,1.678295612335205,
0,1.6782957315444946,
0,1.6778806447982788,
0,1.5769000053405762,
0,1.5769002437591553,
0,1.5769001245498657,
0,1.5769001245498657,
0,1.5769000053405762,
0,1.5769001245498657,
0,1.5768998861312866,
0,1.5763002634048462,
0,1.6273751258850098,
0,1.6273747682571411,
0,1.627374529838562,
0,1.6273747682571411,
0,1.627374529838562,
0,1.6273751258850098,
0,1.6273751258850098,
0,1.5262584686279297,
0,1.526010274887085,
0,1.526010513305664,
0,1.526010274887085,
0,1.526010274887085,
0,1.526010274887085,
0,1.526010274887085,
0,1.526010513305664,
0,1.5254343748092651,
0,1.5252511501312256,
0,1.5252509117126465,
0,1.5252509117126465,
0,1.5252509117126465,
0,1.5252506732940674,
0,1.5252509117126465,
0,1.5252511501312256,
0,1.5246925354003906,
0,1.524469256401062,
0,1.5244691371917725,
0,1.524469256401062,
0,1.524469256401062,
0,1.5244691371917725,
0,1.524469256401062,
0,1.524469256401062,
0,1.52388596534729,
0,1.6243072748184204,
0,1.62430739402771,
0,1.6243071556091309,
0,1.6243071556091309,
0,1.6243070363998413,
0,1.6243071556091309,
0,1.6243072748184204,
0,1.6235785484313965,
0,1.5229579210281372,
0,1.5229582786560059,
0,1.5229581594467163,
0,1.5229581594467163,
0,1.5229580402374268,
0,1.5229582786560059,
0,1.5229581594467163,
0,1.5223994255065918,
0,1.6227960586547852,
0,1.6227960586547852,
0,1.6227959394454956,
0,1.6227960586547852,
0,1.6227960586547852,
0,1.6227960586547852,
0,1.6227960586547852,
0,1.6223746538162231,
0,1.6218219995498657,
0,1.6218219995498657,
0,1.6218219995498657,
0,1.6218218803405762,
0,1.6218219995498657,
0,1.6218219995498657,
0,1.6218219995498657,
0,1.5208585262298584,
0,1.520682454109192,
0,1.520682692527771,
0,1.520682692527771,
0,1.520682692527771,
0,1.520682692527771,
0,1.520682692527771,
0,1.520682692527771,
0,1.5201114416122437,
0,1.5199334621429443,
0,1.5199335813522339,
0,1.5199334621429443,
0,1.5199333429336548,
0,1.5199332237243652,
0,1.5199335813522339,
0,1.5199332237243652,
0,1.5193521976470947,
0,1.5191516876220703,
0,1.5191516876220703,
0,1.5191516876220703,
0,1.5191516876220703,
0,1.5191516876220703,
0,1.5191516876220703,
0,1.5191516876220703,
0,1.5186035633087158,
0,1.6187158823013306,
0,1.6187158823013306,
0,1.6187158823013306,
0,1.6187156438827515,
0,1.618715763092041,
0,1.6187158823013306,
0,1.6187156438827515,
0,1.6181437969207764,
0,1.5176208019256592,
0,1.5176208019256592,
0,1.5176208019256592,
0,1.5176208019256592,
0,1.5176208019256592,
0,1.5176208019256592,
0,1.5176208019256592,
0,1.5170550346374512,
0,1.516879916191101,
0,1.6172038316726685,
0,1.617204189300537,
0,1.6172038316726685,
0,1.6172038316726685,
0,1.6172038316726685,
0,1.6172040700912476,
0,1.6166346073150635,
0,1.5161430835723877,
0,1.5161432027816772,
0,1.516143560409546,
0,1.5161430835723877,
0,1.5161430835723877,
0,1.5161430835723877,
0,1.516143560409546,
0,1.5155742168426514,
0,1.5152900218963623,
0,1.5152900218963623,
0,1.5152904987335205,
0,1.5152900218963623,
0,1.5152902603149414,
0,1.5152904987335205,
0,1.5152900218963623,
0,1.5147429704666138,
0,1.5145677328109741,
0,1.5145677328109741,
0,1.5145678520202637,
0,1.5145678520202637,
0,1.5145676136016846,
0,1.5145678520202637,
0,1.5145678520202637,
0,1.5144507884979248,
0,1.6142582893371582,
0,1.6142579317092896,
0,1.6142578125,
0,1.6142579317092896,
0,1.6142578125,
0,1.6142579317092896,
0,1.6142576932907104,
0,1.6136789321899414,
0,1.613492488861084,
0,1.613492488861084,
0,1.613492727279663,
0,1.613492727279663,
0,1.613492727279663,
0,1.6134926080703735,
0,1.613492488861084,
0,1.512561559677124,
0,1.5123181343078613,
0,1.5123183727264404,
0,1.5123181343078613,
0,1.5123183727264404,
0,1.5123181343078613,
0,1.5123183727264404,
0,1.5123181343078613,
0,1.5117554664611816,
0,1.5115811824798584,
0,1.5115811824798584,
0,1.5115811824798584,
0,1.5115811824798584,
0,1.5115811824798584,
0,1.5115811824798584,
0,1.5115811824798584,
0,1.5110304355621338,
0,1.510851263999939,
0,1.510851263999939,
0,1.5108507871627808,
0,1.510851263999939,
0,1.510851263999939,
0,1.5108510255813599,
0,1.5108510255813599,
0,1.5103117227554321,
0,1.5101406574249268,
0,1.6104629039764404,
0,1.6104627847671509,
0,1.6104629039764404,
0,1.6104629039764404,
0,1.6104631423950195,
0,1.6104629039764404,
0,1.6099046468734741,
0,1.5577638149261475,
0,1.5577638149261475,
0,1.5577645301818848,
0,1.557763695716858,
0,1.5577645301818848,
0,1.5577638149261475,
0,1.5577638149261475,
0,1.5572690963745117,
0,1.6574326753616333,
0,1.6574325561523438,
0,1.6574327945709229,
0,1.6574326753616333,
0,1.6574326753616333,
0,1.6574326753616333,
0,1.6574326753616333,
0,1.6566375494003296,
0,1.5563172101974487,
0,1.5563172101974487,
0,1.5563173294067383,
0,1.5563173294067383,
0,1.5563175678253174,
0,1.5563173294067383,
0,1.5563172101974487,
0,1.555843710899353,
0,1.6558977365493774,
0,1.6558973789215088,
0,1.6558973789215088,
0,1.6558977365493774,
0,1.655897617340088,
0,1.6558973789215088,
0,1.6558972597122192,
0,1.6552400588989258,
0,1.5549534559249878,
0,1.5549534559249878,
0,1.554953694343567,
0,1.5549534559249878,
0,1.5549534559249878,
0,1.5549538135528564,
0,1.5549538135528564,
0,1.554455280303955,
0,1.5060994625091553,
0,1.5060994625091553,
0,1.5060992240905762,
0,1.5060994625091553,
0,1.5060994625091553,
0,1.5060994625091553,
0,1.5060991048812866,
0,1.5056431293487549,
0,1.6055665016174316,
0,1.605566143989563,
0,1.605566382408142,
0,1.605566382408142,
0,1.605566143989563,
0,1.605566143989563,
0,1.605566143989563,
0,1.504907250404358,
0,1.504736065864563,
0,1.5047361850738525,
0,1.504736065864563,
0,1.5047361850738525,
0,1.504736065864563,
0,1.5047361850738525,
0,1.5047361850738525,
0,1.5046212673187256,
0,1.604108214378357,
0,1.604108214378357,
0,1.604108214378357,
0,1.6041080951690674,
0,1.6041080951690674,
0,1.6041080951690674,
0,1.6041080951690674,
0,1.503638744354248,
0,1.5034728050231934,
0,1.5034728050231934,
0,1.5034728050231934,
0,1.5034728050231934,
0,1.5034728050231934,
0,1.5034728050231934,
0,1.5034728050231934,
0,1.5033583641052246,
0,1.5028399229049683,
0,1.502840280532837,
0,1.502840280532837,
0,1.502840280532837,
0,1.5028399229049683,
0,1.5028399229049683,
0,1.5028399229049683,
0,1.502389907836914,
0,1.5021915435791016,
0,1.5021916627883911,
0,1.5021913051605225,
0,1.5021916627883911,
0,1.5021913051605225,
0,1.5021915435791016,
0,1.5021913051605225,
0,1.5017421245574951,
0,1.6016112565994263,
0,1.6016112565994263,
0,1.6016112565994263,
0,1.6016112565994263,
0,1.6016112565994263,
0,1.6016112565994263,
0,1.6016112565994263,
0,1.6009958982467651,
0,1.500830888748169,
0,1.5008313655853271,
0,1.5008310079574585,
0,1.5008313655853271,
0,1.5008306503295898,
0,1.5008306503295898,
0,1.5008306503295898,
0,1.5003831386566162,
0,1.6002475023269653,
0,1.6002475023269653,
0,1.6002476215362549,
0,1.6002475023269653,
0,1.6002475023269653,
0,1.6002476215362549,
0,1.6002476215362549,
0,1.599622130393982,
0,1.4995731115341187,
0,1.4995731115341187,
0,1.4995731115341187,
0,1.4995731115341187,
0,1.4995731115341187,
0,1.4995731115341187,
0,1.4995731115341187,
0,1.4991319179534912,
0,1.5989142656326294,
0,1.5989137887954712,
0,1.5989142656326294,
0,1.5989137887954712,
0,1.5989142656326294,
0,1.5989137887954712,
0,1.5989137887954712,
0,1.5984408855438232,
0,1.4982601404190063,
0,1.4982596635818481,
0,1.4982597827911377,
0,1.4982601404190063,
0,1.4982597827911377,
0,1.4982599020004272,
0,1.4982601404190063,
0,1.497818946838379,
0,1.4976221323013306,
0,1.4976218938827515,
0,1.4976221323013306,
0,1.4976221323013306,
0,1.4976221323013306,
0,1.4976221323013306,
0,1.4976218938827515,
0,1.497161626815796,
0,1.4969875812530518,
0,1.4969875812530518,
0,1.4969875812530518,
0,1.4969877004623413,
0,1.4969877004623413,
0,1.4969875812530518,
0,1.4969875812530518,
0,1.49654221534729,
0,1.6440516710281372,
0,1.6440519094467163,
0,1.6440519094467163,
0,1.6440519094467163,
0,1.6440516710281372,
0,1.6440519094467163,
0,1.6440516710281372,
0,1.6434197425842285,
0,1.6431723833084106,
0,1.6431723833084106,
0,1.6431723833084106,
0,1.6431725025177002,
0,1.6431723833084106,
0,1.6431723833084106,
0,1.6431723833084106,
0,1.5428396463394165,
0,1.5426510572433472,
0,1.542650818824768,
0,1.5426511764526367,
0,1.5426511764526367,
0,1.542650818824768,
0,1.5426509380340576,
0,1.542650818824768,
0,1.5421698093414307,
0,1.5419812202453613,
0,1.5419808626174927,
0,1.5419808626174927,
0,1.5419809818267822,
0,1.5419808626174927,
0,1.5419809818267822,
0,1.5419808626174927,
0,1.5415042638778687,
0,1.5413002967834473,
0,1.5413001775741577,
0,1.5413001775741577,
0,1.5413001775741577,
0,1.5413002967834473,
0,1.5413005352020264,
0,1.5413004159927368,
0,1.541188359260559,
0,1.6404000520706177,
0,1.6404005289077759,
0,1.6404005289077759,
0,1.6404000520706177,
0,1.6404005289077759,
0,1.6404006481170654,
0,1.6403998136520386,
0,1.5401548147201538,
0,1.5399260520935059,
0,1.5399259328842163,
0,1.5399260520935059,
0,1.5399259328842163,
0,1.5399259328842163,
0,1.5399260520935059,
0,1.5399259328842163,
0,1.5394301414489746,
0,1.6387183666229248,
0,1.6387183666229248,
0,1.6387182474136353,
0,1.6387182474136353,
0,1.6387181282043457,
0,1.6387182474136353,
0,1.6387180089950562,
0,1.6382157802581787,
0,1.5384368896484375,
0,1.538437008857727,
0,1.5384368896484375,
0,1.5384371280670166,
0,1.5384371280670166,
0,1.5384368896484375,
0,1.538437008857727,
0,1.5378237962722778,
0,1.4906151294708252,
0,1.5902845859527588,
0,1.5902844667434692,
0,1.5902845859527588,
0,1.5902845859527588,
0,1.5902844667434692,
0,1.5902844667434692,
0,1.5896655321121216,
0,1.4899818897247314,
0,1.4899821281433105,
0,1.4899821281433105,
0,1.4899821281433105,
0,1.4899823665618896,
0,1.4899818897247314,
0,1.4899821281433105,
0,1.4895453453063965,
0,1.489285945892334,
0,1.489285945892334,
0,1.4892857074737549,
0,1.4892857074737549,
0,1.4892857074737549,
0,1.489285945892334,
0,1.489285945892334,
0,1.4888614416122437,
0,1.4886776208877563,
0,1.4886773824691772,
0,1.4886776208877563,
0,1.4886773824691772,
0,1.4886776208877563,
0,1.4886776208877563,
0,1.4886776208877563,
0,1.4881017208099365,
0,1.5875978469848633,
0,1.5875974893569946,
0,1.5875974893569946,
0,1.5875974893569946,
0,1.5875978469848633,
0,1.5875977277755737,
0,1.5875978469848633,
0,1.5872735977172852,
0,1.587101936340332,
0,1.587101936340332,
0,1.5871020555496216,
0,1.5871021747589111,
0,1.587101697921753,
0,1.5871020555496216,
0,1.5871018171310425,
0,1.5866376161575317,
0,1.5864880084991455,
0,1.5864880084991455,
0,1.5864880084991455,
0,1.5864880084991455,
0,1.5864877700805664,
0,1.5864880084991455,
0,1.5864877700805664,
0,1.5860109329223633,
0,1.4861421585083008,
0,1.4861421585083008,
0,1.4861419200897217,
0,1.4861421585083008,
0,1.4861419200897217,
0,1.4861421585083008,
0,1.4861421585083008,
0,1.4856382608413696,
0,1.4854663610458374,
0,1.485466480255127,
0,1.4854663610458374,
0,1.4854665994644165,
0,1.485466480255127,
0,1.485466718673706,
0,1.485466480255127,
0,1.4850280284881592,
0,1.4848334789276123,
0,1.4848334789276123,
0,1.4848334789276123,
0,1.4848332405090332,
0,1.4848334789276123,
0,1.4848332405090332,
0,1.4848334789276123,
0,1.4843947887420654,
0,1.4842121601104736,
0,1.4842126369476318,
0,1.4842121601104736,
0,1.4842121601104736,
0,1.4842121601104736,
0,1.4842121601104736,
0,1.4842126369476318,
0,1.4837521314620972,
0,1.4835870265960693,
0,1.4835870265960693,
0,1.4835870265960693,
0,1.4835872650146484,
0,1.4835871458053589,
0,1.4835875034332275,
0,1.4835869073867798,
0,1.4831418991088867,
0,1.5823900699615479,
0,1.5823904275894165,
0,1.5823900699615479,
0,1.5823904275894165,
0,1.5823901891708374,
0,1.5823904275894165,
0,1.5823904275894165,
0,1.5819354057312012,
0,1.5817629098892212,
0,1.5817629098892212,
0,1.5817630290985107,
0,1.5817627906799316,
0,1.5817629098892212,
0,1.581762671470642,
0,1.581762671470642,
0,1.5813006162643433,
0,1.5811188220977783,
0,1.5811190605163574,
0,1.5811184644699097,
0,1.5811190605163574,
0,1.5811190605163574,
0,1.5811187028884888,
0,1.581119179725647,
0,1.5805259943008423,
0,1.580346703529358,
0,1.5803474187850952,
0,1.5803468227386475,
0,1.5803470611572266,
0,1.580346941947937,
0,1.5803465843200684,
0,1.5803470611572266,
0,1.4806463718414307,
0,1.4804675579071045,
0,1.4804675579071045,
0,1.4804675579071045,
0,1.4804673194885254,
0,1.4804673194885254,
0,1.4804675579071045,
0,1.4804673194885254,
0,1.4800419807434082,
0,1.4797639846801758,
0,1.4797642230987549,
0,1.4797642230987549,
0,1.4797642230987549,
0,1.4797642230987549,
0,1.4797642230987549,
0,1.4797642230987549,
0,1.4793246984481812,
0,1.4791409969329834,
0,1.479141116142273,
0,1.4791412353515625,
0,1.4791412353515625,
0,1.4791409969329834,
0,1.4791414737701416,
0,1.4791412353515625,
0,1.478697657585144,
0,1.4785196781158447,
0,1.4785197973251343,
0,1.478519320487976,
0,1.4785195589065552,
0,1.4785195589065552,
0,1.478519082069397,
0,1.478519082069397,
0,1.4780950546264648,
0,1.4779174327850342,
0,1.4779174327850342,
0,1.4779174327850342,
0,1.4779174327850342,
0,1.4779174327850342,
0,1.4779174327850342,
0,1.4779176712036133,
0,1.4774904251098633,
0,1.4772448539733887,
0,1.4772448539733887,
0,1.4772448539733887,
0,1.4772448539733887,
0,1.4772448539733887,
0,1.4772448539733887,
0,1.4772448539733887,
0,1.476820468902588,
0,1.4766435623168945,
0,1.476643443107605,
0,1.4766435623168945,
0,1.4766435623168945,
0,1.4766433238983154,
0,1.4766433238983154,
0,1.476643443107605,
0,1.4762182235717773,
0,1.5752288103103638,
0,1.5752288103103638,
0,1.5752288103103638,
0,1.5752288103103638,
0,1.5752285718917847,
0,1.5752285718917847,
0,1.5752283334732056,
0,1.5747743844985962,
0,1.5746017694473267,
0,1.5746017694473267,
0,1.5746017694473267,
0,1.5746017694473267,
0,1.5746018886566162,
0,1.5746018886566162,
0,1.5746017694473267,
0,1.5741407871246338,
0,1.5738732814788818,
0,1.5738732814788818,
0,1.5738732814788818,
0,1.5738731622695923,
0,1.5738732814788818,
0,1.5738732814788818,
0,1.5738731622695923,
0,1.5732845067977905,
0,1.573112964630127,
0,1.573112964630127,
0,1.573112964630127,
0,1.573112964630127,
0,1.573112964630127,
0,1.573112964630127,
0,1.573112964630127,
0,1.4736878871917725,
0,1.4735107421875,
0,1.4735107421875,
0,1.4735107421875,
0,1.4735107421875,
0,1.4735107421875,
0,1.4735107421875,
0,1.4735107421875,
0,1.4730950593948364,
0,1.4729182720184326,
0,1.4729182720184326,
0,1.4729182720184326,
0,1.4729182720184326,
0,1.4729182720184326,
0,1.4729180335998535,
0,1.4729180335998535,
0,1.4724806547164917,
0,1.4722979068756104,
0,1.4722975492477417,
0,1.4722976684570312,
0,1.4722975492477417,
0,1.4722975492477417,
0,1.4722976684570312,
0,1.4722976684570312,
0,1.4718953371047974,
0,1.4716277122497559,
0,1.4716277122497559,
0,1.4716277122497559,
0,1.4716277122497559,
0,1.4716277122497559,
0,1.4716277122497559,
0,1.4716277122497559,
0,1.4711987972259521,
0,1.4710217714309692,
0,1.4710217714309692,
0,1.4710217714309692,
0,1.4710217714309692,
0,1.4710217714309692,
0,1.4710217714309692,
0,1.4710217714309692,
0,1.4706014394760132,
0,1.5693988800048828,
0,1.5693987607955933,
0,1.569399118423462,
0,1.5693986415863037,
0,1.5693986415863037,
0,1.5693989992141724,
0,1.5693989992141724,
0,1.5689531564712524,
0,1.5687758922576904,
0,1.5687757730484009,
0,1.5687757730484009,
0,1.5687758922576904,
0,1.5687757730484009,
0,1.5687757730484009,
0,1.5687757730484009,
0,1.568311095237732,
0,1.5680683851242065,
0,1.5680683851242065,
0,1.5680683851242065,
0,1.5680683851242065,
0,1.5680683851242065,
0,1.5680683851242065,
0,1.5680683851242065,
0,1.4687373638153076,
0,1.4685614109039307,
0,1.4685614109039307,
0,1.4685611724853516,
0,1.4685611724853516,
0,1.4685612916946411,
0,1.4685612916946411,
0,1.4685614109039307,
0,1.4681456089019775,
0,1.5139617919921875,
0,1.5139617919921875,
0,1.5139617919921875,
0,1.5139617919921875,
0,1.5139617919921875,
0,1.5139614343643188,
0,1.5139615535736084,
0,1.5135092735290527,
0,1.5133076906204224,
0,1.5133079290390015,
0,1.5133074522018433,
0,1.5133074522018433,
0,1.5133074522018433,
0,1.5133076906204224,
0,1.5133076906204224,
0,1.5128629207611084,
0,1.5126683712005615,
0,1.5126683712005615,
0,1.5126683712005615,
0,1.5126683712005615,
0,1.5126681327819824,
0,1.5126683712005615,
0,1.5126683712005615,
0,1.5122241973876953,
0,1.5119520425796509,
0,1.5119516849517822,
0,1.5119516849517822,
0,1.5119516849517822,
0,1.5119519233703613,
0,1.5119519233703613,
0,1.5119519233703613,
0,1.5115108489990234,
0,1.5113028287887573,
0,1.6100744009017944,
0,1.610074520111084,
0,1.610074520111084,
0,1.6100746393203735,
0,1.6100742816925049,
0,1.6100742816925049,
0,1.6097462177276611,
0,1.6095588207244873,
0,1.6095589399337769,
0,1.6095587015151978,
0,1.6095588207244873,
0,1.6095589399337769,
0,1.6095589399337769,
0,1.6095589399337769,
0,1.6089353561401367,
0,1.6087239980697632,
0,1.6087242364883423,
0,1.6087242364883423,
0,1.6087242364883423,
0,1.6087242364883423,
0,1.6087242364883423,
0,1.6087241172790527,
0,1.6082569360733032,
0,1.509347677230835,
0,1.5093475580215454,
0,1.509347677230835,
0,1.5093473196029663,
0,1.509347677230835,
0,1.509347677230835,
0,1.5093473196029663,
0,1.5089025497436523,
0,1.4629724025726318,
0,1.4629724025726318,
0,1.4629724025726318,
0,1.4629724025726318,
0,1.4629721641540527,
0,1.4629721641540527,
0,1.4629724025726318,
0,1.4625749588012695,
0,1.4624049663543701,
0,1.4624049663543701,
0,1.462404727935791,
0,1.4624048471450806,
0,1.4624049663543701,
0,1.462404727935791,
0,1.4624048471450806,
0,1.4619873762130737,
0,1.5605361461639404,
0,1.56053626537323,
0,1.5605360269546509,
0,1.5605360269546509,
0,1.5605360269546509,
0,1.56053626537323,
0,1.56053626537323,
0,1.5600934028625488,
0,1.5599205493927002,
0,1.5599205493927002,
0,1.5599205493927002,
0,1.5599205493927002,
0,1.5599205493927002,
0,1.5599205493927002,
0,1.5599205493927002,
0,1.5593260526657104,
0,1.460614562034607,
0,1.460614562034607,
0,1.460614562034607,
0,1.4606142044067383,
0,1.460614562034607,
0,1.4606142044067383,
0,1.4606142044067383,
0,1.4601961374282837,
0,1.4600193500518799,
0,1.4600193500518799,
0,1.4600193500518799,
0,1.4600193500518799,
0,1.4600193500518799,
0,1.4600193500518799,
0,1.4600193500518799,
0,1.4596161842346191,
0,1.459344506263733,
0,1.459344506263733,
0,1.4593446254730225,
0,1.4593441486358643,
0,1.4593446254730225,
0,1.4593443870544434,
0,1.4593446254730225,
0,1.4589288234710693,
0,1.5572137832641602,
0,1.557213544845581,
0,1.557213544845581,
0,1.557213544845581,
0,1.557213544845581,
0,1.5572137832641602,
0,1.557213544845581,
0,1.5569628477096558,
0,1.458158254623413,
0,1.458158254623413,
0,1.4581578969955444,
0,1.4581578969955444,
0,1.4581578969955444,
0,1.4581578969955444,
0,1.4581578969955444,
0,1.4577674865722656,
0,1.50297212600708,
0,1.6013562679290771,
0,1.6013559103012085,
0,1.601356029510498,
0,1.6013562679290771,
0,1.6013562679290771,
0,1.6013561487197876,
0,1.5025320053100586,
0,1.5022743940353394,
0,1.5022742748260498,
0,1.502274751663208,
0,1.502274513244629,
0,1.5022742748260498,
0,1.5022748708724976,
0,1.502274751663208,
0,1.5018495321273804,
0,1.4563536643981934,
0,1.5548036098480225,
0,1.554803490638733,
0,1.554803729057312,
0,1.5548036098480225,
0,1.554803490638733,
0,1.5548036098480225,
0,1.5542300939559937,
0,1.4557621479034424,
0,1.4557620286941528,
0,1.4557621479034424,
0,1.4557621479034424,
0,1.4557621479034424,
0,1.455762267112732,
0,1.4557621479034424,
0,1.4553440809249878,
0,1.455147385597229,
0,1.4551472663879395,
0,1.4551472663879395,
0,1.455147385597229,
0,1.4551470279693604,
0,1.4551472663879395,
0,1.4551470279693604,
0,1.454773187637329,
0,1.4545074701309204,
0,1.45450758934021,
0,1.4545077085494995,
0,1.45450758934021,
0,1.4545077085494995,
0,1.4545077085494995,
0,1.45450758934021,
0,1.4540207386016846,
0,1.5520517826080322,
0,1.5520516633987427,
0,1.5520517826080322,
0,1.5520516633987427,
0,1.5520521402359009,
0,1.5520520210266113,
0,1.5520517826080322,
0,1.5517445802688599,
0,1.5515707731246948,
0,1.5515707731246948,
0,1.5515707731246948,
0,1.5515707731246948,
0,1.5515707731246948,
0,1.5515707731246948,
0,1.5515707731246948,
0,1.5511339902877808,
0,1.5509603023529053,
0,1.5509603023529053,
0,1.5509603023529053,
0,1.5509603023529053,
0,1.5509604215621948,
0,1.5509604215621948,
0,1.5509603023529053,
0,1.5503945350646973,
0,1.5502197742462158,
0,1.4521150588989258,
0,1.4521150588989258,
0,1.4521150588989258,
0,1.4521145820617676,
0,1.4521152973175049,
0,1.4521148204803467,
0,1.4516950845718384,
0,1.4514434337615967,
0,1.4514436721801758,
0,1.4514436721801758,
0,1.4514434337615967,
0,1.4514436721801758,
0,1.4514439105987549,
0,1.4514436721801758,
0,1.4510325193405151,
0,1.4508527517318726,
0,1.4508527517318726,
0,1.4508527517318726,
0,1.4508527517318726,
0,1.450852870941162,
0,1.450852870941162,
0,1.4508527517318726,
0,1.4504711627960205,
0,1.4502801895141602,
0,1.450280785560608,
0,1.4502804279327393,
0,1.4502805471420288,
0,1.4502804279327393,
0,1.4502803087234497,
0,1.4502804279327393,
0,1.4498012065887451,
0,1.4496163129806519,
0,1.4496160745620728,
0,1.4496160745620728,
0,1.4496160745620728,
0,1.4496161937713623,
0,1.4496160745620728,
0,1.4496160745620728,
0,1.4491298198699951,
0,1.547196388244629,
0,1.5471965074539185,
0,1.547196388244629,
0,1.547196388244629,
0,1.547196388244629,
0,1.5471965074539185,
0,1.5471965074539185,
0,1.546891689300537,
0,1.546714186668396,
0,1.546714186668396,
0,1.546714186668396,
0,1.546714186668396,
0,1.5467140674591064,
0,1.546713948249817,
0,1.546714186668396,
0,1.5461522340774536,
0,1.5459129810333252,
0,1.5459128618240356,
0,1.5459129810333252,
0,1.5459123849868774,
0,1.545912504196167,
0,1.5459128618240356,
0,1.545912742614746,
0,1.5454962253570557,
0,1.4920510053634644,
0,1.4920506477355957,
0,1.492051124572754,
0,1.4920507669448853,
0,1.4920508861541748,
0,1.4920507669448853,
0,1.4920507669448853,
0,1.4919545650482178,
0,1.4914207458496094,
0,1.4914207458496094,
0,1.4914207458496094,
0,1.4914207458496094,
0,1.4914207458496094,
0,1.4914207458496094,
0,1.4914207458496094,
0,1.4910088777542114,
0,1.490830421447754,
0,1.490830659866333,
0,1.490830659866333,
0,1.4908305406570435,
0,1.4908305406570435,
0,1.4908305406570435,
0,1.4908305406570435,
0,1.4904201030731201,
0,1.4901551008224487,
0,1.5883214473724365,
0,1.5883216857910156,
0,1.588321566581726,
0,1.5883214473724365,
0,1.588321566581726,
0,1.588321566581726,
0,1.5875989198684692,
0,1.5873926877975464,
0,1.4895153045654297,
0,1.4895151853561401,
0,1.4895151853561401,
0,1.4895151853561401,
0,1.4895153045654297,
0,1.4895153045654297,
0,1.4890973567962646,
0,1.5421792268753052,
0,1.5421794652938843,
0,1.5421792268753052,
0,1.5421793460845947,
0,1.5421793460845947,
0,1.5421792268753052,
0,1.5421794652938843,
0,1.5417490005493164,
0,1.5415852069854736,
0,1.5415853261947632,
0,1.5415853261947632,
0,1.5415853261947632,
0,1.5415853261947632,
0,1.5415852069854736,
0,1.5415853261947632,
0,1.4432330131530762,
0,1.4429972171783447,
0,1.4429969787597656,
0,1.4429972171783447,
0,1.4429969787597656,
0,1.4429969787597656,
0,1.4429972171783447,
0,1.4429969787597656,
0,1.4425981044769287,
0,1.4424026012420654,
0,1.4424021244049072,
0,1.4424026012420654,
0,1.4424026012420654,
0,1.4424023628234863,
0,1.4424021244049072,
0,1.4424023628234863,
0,1.441999077796936,
0,1.4418206214904785,
0,1.441820502281189,
0,1.4418203830718994,
0,1.4418203830718994,
0,1.441820502281189,
0,1.4418206214904785,
0,1.4418206214904785,
0,1.4414376020431519,
0,1.4858217239379883,
0,1.4858216047286987,
0,1.4858216047286987,
0,1.4858217239379883,
0,1.4858219623565674,
0,1.4858219623565674,
0,1.4858217239379883,
0,1.4853971004486084,
0,1.4852240085601807,
0,1.4852241277694702,
0,1.4852243661880493,
0,1.4852244853973389,
0,1.4852242469787598,
0,1.485224723815918,
0,1.4852238893508911,
0,1.4847283363342285,
0,1.4844062328338623,
0,1.5821870565414429,
0,1.5821870565414429,
0,1.5821869373321533,
0,1.5821870565414429,
0,1.5821868181228638,
0,1.5821869373321533,
0,1.4840033054351807,
0,1.5815167427062988,
0,1.5815168619155884,
0,1.5815168619155884,
0,1.5815167427062988,
0,1.5815168619155884,
0,1.5815167427062988,
0,1.5815167427062988,
0,1.5810682773590088,
0,1.5808465480804443,
0,1.5808464288711548,
0,1.5808464288711548,
0,1.5808465480804443,
0,1.5808464288711548,
0,1.5808464288711548,
0,1.5808464288711548,
0,1.580603003501892,
0,1.4825143814086914,
0,1.4825141429901123,
0,1.4825143814086914,
0,1.4825143814086914,
0,1.4825143814086914,
0,1.4825141429901123,
0,1.4825143814086914,
0,1.4820120334625244,
0,1.4375755786895752,
0,1.4375755786895752,
0,1.4375754594802856,
0,1.4375754594802856,
0,1.4375754594802856,
0,1.4375754594802856,
0,1.4375754594802856,
0,1.437481164932251,
0,1.4368863105773926,
0,1.436885952949524,
0,1.436886191368103,
0,1.4368863105773926,
0,1.4368863105773926,
0,1.4368863105773926,
0,1.436886191368103,
0,1.436506748199463,
0,1.4363397359848022,
0,1.4363397359848022,
0,1.4363397359848022,
0,1.4363397359848022,
0,1.4363397359848022,
0,1.4363397359848022,
0,1.4363398551940918,
0,1.4359350204467773,
0,1.4357659816741943,
0,1.5334441661834717,
0,1.5334439277648926,
0,1.533443808555603,
0,1.5334436893463135,
0,1.5334441661834717,
0,1.5334436893463135,
0,1.5331578254699707,
0,1.532981514930725,
0,1.5329813957214355,
0,1.532981276512146,
0,1.532981514930725,
0,1.532981038093567,
0,1.532981276512146,
0,1.532981276512146,
0,1.532545566558838,
0,1.532287836074829,
0,1.532287836074829,
0,1.532287836074829,
0,1.532287836074829,
0,1.532287836074829,
0,1.532287836074829,
0,1.532287836074829,
0,1.5317286252975464,
0,1.4339796304702759,
0,1.4339796304702759,
0,1.4339795112609863,
0,1.4339796304702759,
0,1.4339796304702759,
0,1.4339796304702759,
0,1.4339299201965332,
0,1.4335917234420776,
0,1.4334194660186768,
0,1.4334189891815186,
0,1.4334192276000977,
0,1.4334194660186768,
0,1.4334194660186768,
0,1.4334194660186768,
0,1.4334192276000977,
0,1.4330177307128906,
0,1.432835340499878,
0,1.432835340499878,
0,1.432835340499878,
0,1.432835340499878,
0,1.432835340499878,
0,1.4328351020812988,
0,1.432835340499878,
0,1.4324603080749512,
0,1.4322896003723145,
0,1.4322896003723145,
0,1.4322896003723145,
0,1.4322898387908936,
0,1.4322896003723145,
0,1.4322898387908936,
0,1.4322896003723145,
0,1.4318909645080566,
0,1.4316469430923462,
0,1.4316469430923462,
0,1.431646704673767,
0,1.4316468238830566,
0,1.431646704673767,
0,1.431646704673767,
0,1.431646704673767,
0,1.4312515258789062,
0,1.4310808181762695,
0,1.5287848711013794,
0,1.5287845134735107,
0,1.5287845134735107,
0,1.5287848711013794,
0,1.5287845134735107,
0,1.5287845134735107,
0,1.528369665145874,
0,1.528197169303894,
0,1.5281970500946045,
0,1.5281970500946045,
0,1.5281974077224731,
0,1.5281972885131836,
0,1.5281970500946045,
0,1.5281370878219604,
0,1.5276325941085815,
0,1.5274406671524048,
0,1.5274406671524048,
0,1.5274401903152466,
0,1.5274401903152466,
0,1.5274406671524048,
0,1.5274401903152466,
0,1.5274404287338257,
0,1.4295507669448853,
0,1.4293620586395264,
0,1.4293625354766846,
0,1.429362416267395,
0,1.429362416267395,
0,1.4293622970581055,
0,1.4293622970581055,
0,1.4293625354766846,
0,1.4289782047271729,
0,1.4288067817687988,
0,1.4288067817687988,
0,1.4288067817687988,
0,1.428807258605957,
0,1.428807020187378,
0,1.4288067817687988,
0,1.428807020187378,
0,1.4284465312957764,
0,1.428212285041809,
0,1.42821204662323,
0,1.4282121658325195,
0,1.4282124042510986,
0,1.42821204662323,
0,1.42821204662323,
0,1.4282124042510986,
0,1.4278435707092285,
0,1.5251610279083252,
0,1.5251610279083252,
0,1.5251610279083252,
0,1.5251610279083252,
0,1.5251610279083252,
0,1.5251610279083252,
0,1.5251609086990356,
0,1.5248003005981445,
0,1.4271124601364136,
0,1.4271122217178345,
0,1.4271124601364136,
0,1.4271124601364136,
0,1.4271124601364136,
0,1.4271124601364136,
0,1.4271122217178345,
0,1.4267528057098389,
0,1.4265168905258179,
0,1.4265170097351074,
0,1.4265170097351074,
0,1.4265170097351074,
0,1.4265168905258179,
0,1.4265170097351074,
0,1.4265170097351074,
0,1.4261302947998047,
0,1.5671144723892212,
0,1.5671147108078003,
0,1.5671149492263794,
0,1.567115068435669,
0,1.5671143531799316,
0,1.5671143531799316,
0,1.5671148300170898,
0,1.5665531158447266,
0,1.4690049886703491,
0,1.4690049886703491,
0,1.4690049886703491,
0,1.4690049886703491,
0,1.4690048694610596,
0,1.4690048694610596,
0,1.4690049886703491,
0,1.4686291217803955,
0,1.5658748149871826,
0,1.5658748149871826,
0,1.5658748149871826,
0,1.565874695777893,
0,1.5658749341964722,
0,1.565874695777893,
0,1.565874695777893,
0,1.5654419660568237,
0,1.4678573608398438,
0,1.4678572416305542,
0,1.4678573608398438,
0,1.4678572416305542,
0,1.4678573608398438,
0,1.4678572416305542,
0,1.4678573608398438,
0,1.4677542448043823,
0,1.4672621488571167,
0,1.56448233127594,
0,1.56448233127594,
0,1.56448233127594,
0,1.56448233127594,
0,1.56448233127594,
0,1.56448233127594,
0,1.5639768838882446,
0,1.4665188789367676,
0,1.4665188789367676,
0,1.4665188789367676,
0,1.4665188789367676,
0,1.4665188789367676,
0,1.4665188789367676,
0,1.4665188789367676,
0,1.4660636186599731,
0,1.4658650159835815,
0,1.4658650159835815,
0,1.465864896774292,
0,1.4658650159835815,
0,1.465865135192871,
0,1.465865135192871,
0,1.4658652544021606,
0,1.4654755592346191,
0,1.465277910232544,
0,1.5625059604644775,
0,1.562506079673767,
0,1.562506079673767,
0,1.562506079673767,
0,1.5625059604644775,
0,1.5625059604644775,
0,1.561922550201416,
0,1.4213001728057861,
0,1.4213004112243652,
0,1.421299934387207,
0,1.421299695968628,
0,1.421299695968628,
0,1.421299934387207,
0,1.4213004112243652,
0,1.420934796333313,
0,1.5179026126861572,
0,1.5179027318954468,
0,1.5179027318954468,
0,1.5179026126861572,
0,1.5179027318954468,
0,1.5179026126861572,
0,1.5179027318954468,
0,1.4203659296035767,
0,1.4201284646987915,
0,1.420128345489502,
0,1.4201284646987915,
0,1.4201284646987915,
0,1.4201284646987915,
0,1.4201284646987915,
0,1.420128345489502,
0,1.419766902923584,
0,1.4195955991744995,
0,1.4195955991744995,
0,1.4195955991744995,
0,1.419595718383789,
0,1.4195955991744995,
0,1.419595718383789,
0,1.4195955991744995,
0,1.4191267490386963,
0,1.516211748123169,
0,1.516211748123169,
0,1.5162118673324585,
0,1.516211986541748,
0,1.516211748123169,
0,1.5162122249603271,
0,1.516211986541748,
0,1.51580810546875,
0,1.418412685394287,
0,1.418412685394287,
0,1.418412446975708,
0,1.4184129238128662,
0,1.418412446975708,
0,1.4184129238128662,
0,1.4184129238128662,
0,1.4180594682693481,
0,1.4178681373596191,
0,1.5150882005691528,
0,1.5150879621505737,
0,1.5150882005691528,
0,1.5150882005691528,
0,1.515088438987732,
0,1.515088438987732,
0,1.4174858331680298,
0,1.4172428846359253,
0,1.4172430038452148,
0,1.4172430038452148,
0,1.4172428846359253,
0,1.4172431230545044,
0,1.4172428846359253,
0,1.417243242263794,
0,1.4168777465820312,
0,1.416700839996338,
0,1.416700839996338,
0,1.416701078414917,
0,1.416701078414917,
0,1.416700839996338,
0,1.4167006015777588,
0,1.416700839996338,
0,1.4163508415222168,
0,1.5131511688232422,
0,1.5131512880325317,
0,1.5131512880325317,
0,1.5131512880325317,
0,1.5131512880325317,
0,1.5131512880325317,
0,1.5131053924560547,
0,1.5127376317977905,
0,1.4156521558761597,
0,1.4156522750854492,
0,1.4156521558761597,
0,1.4156520366668701,
0,1.4156520366668701,
0,1.4156521558761597,
0,1.4156521558761597,
0,1.415299654006958,
0,1.512157917022705,
0,1.5121582746505737,
0,1.5121581554412842,
0,1.512157917022705,
0,1.5121582746505737,
0,1.5121581554412842,
0,1.512157917022705,
0,1.4147677421569824,
0,1.4145441055297852,
0,1.4145445823669434,
0,1.4145445823669434,
0,1.4145443439483643,
0,1.4145441055297852,
0,1.4145443439483643,
0,1.4145445823669434,
0,1.4141945838928223,
0,1.414025902748108,
0,1.414025902748108,
0,1.4140257835388184,
0,1.4140257835388184,
0,1.414025902748108,
0,1.414025902748108,
0,1.414025902748108,
0,1.4136450290679932,
0,1.510492205619812,
0,1.510492205619812,
0,1.510492205619812,
0,1.510492205619812,
0,1.510492205619812,
0,1.510492205619812,
0,1.510492205619812,
0,1.5101045370101929,
0,1.412924885749817,
0,1.4129247665405273,
0,1.4129247665405273,
0,1.4129246473312378,
0,1.412924885749817,
0,1.4129246473312378,
0,1.412924885749817,
0,1.412838339805603,
0,1.5092960596084595,
0,1.5092960596084595,
0,1.5092960596084595,
0,1.5092960596084595,
0,1.5092960596084595,
0,1.5092960596084595,
0,1.5092960596084595,
0,1.4119443893432617,
0,1.4117770195007324,
0,1.4117770195007324,
0,1.4117770195007324,
0,1.4117770195007324,
0,1.4117770195007324,
0,1.4117767810821533,
0,1.4117770195007324,
0,1.4114251136779785,
0,1.5509628057479858,
0,1.5509628057479858,
0,1.5509628057479858,
0,1.5509625673294067,
0,1.5509626865386963,
0,1.5509628057479858,
0,1.5509628057479858,
0,1.4536062479019165,
0,1.4534167051315308,
0,1.4534167051315308,
0,1.4534167051315308,
0,1.4534168243408203,
0,1.4534167051315308,
0,1.4534167051315308,
0,1.4534168243408203,
0,1.4529507160186768,
0,1.4527710676193237,
0,1.4527703523635864,
0,1.4527709484100342,
0,1.452770709991455,
0,1.4527709484100342,
0,1.4527708292007446,
0,1.4527708292007446,
0,1.452684760093689,
0,1.4521899223327637,
0,1.4521899223327637,
0,1.4521898031234741,
0,1.4521899223327637,
0,1.4521899223327637,
0,1.4521898031234741,
0,1.4521899223327637,
0,1.4518239498138428,
0,1.408876657485962,
0,1.408876657485962,
0,1.4088771343231201,
0,1.408876657485962,
0,1.4088764190673828,
0,1.408876657485962,
0,1.408876657485962,
0,1.4087908267974854,
0,1.5053212642669678,
0,1.5053213834762573,
0,1.5053212642669678,
0,1.5053212642669678,
0,1.5053212642669678,
0,1.5053212642669678,
0,1.5053212642669678,
0,1.5051205158233643,
0,1.5049446821212769,
0,1.5049446821212769,
0,1.5049444437026978,
0,1.5049444437026978,
0,1.5049446821212769,
0,1.5049444437026978,
0,1.5049444437026978,
0,1.504478096961975,
0,1.4073951244354248,
0,1.4073951244354248,
0,1.4073946475982666,
0,1.4073951244354248,
0,1.4073951244354248,
0,1.4073948860168457,
0,1.4073951244354248,
0,1.4071232080459595,
0,1.5038902759552002,
0,1.503890037536621,
0,1.5038901567459106,
0,1.5038902759552002,
0,1.503890037536621,
0,1.5038901567459106,
0,1.5038902759552002,
0,1.5034302473068237,
0,1.4063973426818848,
0,1.4063975811004639,
0,1.4063975811004639,
0,1.4063975811004639,
0,1.4063975811004639,
0,1.4063973426818848,
0,1.4063973426818848,
0,1.4061272144317627,
0,1.5454235076904297,
0,1.5454236268997192,
0,1.5454236268997192,
0,1.5454233884811401,
0,1.5454237461090088,
0,1.5454236268997192,
0,1.5454236268997192,
0,1.5453393459320068,
0,1.448011040687561,
0,1.448011040687561,
0,1.448011040687561,
0,1.448011040687561,
0,1.4480106830596924,
0,1.4480105638504028,
0,1.4480106830596924,
0,1.4476957321166992,
0,2.685943603515625,
0,2.685943365097046,
0,2.685943603515625,
0,2.685943841934204,
0,2.685943841934204,
0,2.685943365097046,
0,2.685943603515625,
0,2.685384750366211,
0,2.6853220462799072,
0,2.6853220462799072,
0,2.685321807861328,
0,2.6853220462799072,
0,2.6853220462799072,
0,2.6853220462799072,
0,2.6853220462799072,
0,2.6852264404296875,
0,2.6845500469207764,
0,2.684549331665039,
0,2.684549331665039,
0,2.684549570083618,
0,2.684549331665039,
0,2.684549331665039,
0,2.6845498085021973,
0,2.683734178543091,
0,2.8226265907287598,
0,2.8226261138916016,
0,2.8226263523101807,
0,2.8226265907287598,
0,2.8226265907287598,
0,2.8226261138916016,
0,2.8226263523101807,
0,2.8218512535095215,
0,2.8213768005371094,
0,2.8213768005371094,
0,2.8213770389556885,
0,2.8213772773742676,
0,2.8213772773742676,
0,2.8213768005371094,
0,2.8213768005371094,
0,2.8200464248657227,
0,2.777106761932373,
0,2.777106761932373,
0,2.777106761932373,
0,2.777107000350952,
0,2.777106761932373,
0,2.777106761932373,
0,2.777106761932373,
0,2.7759740352630615,
0,2.6784284114837646,
0,2.678422212600708,
0,2.678422212600708,
0,2.678422451019287,
0,2.678422451019287,
0,2.678422212600708,
0,2.678422212600708,
0,2.6770195960998535,
0,2.6757097244262695,
0,2.6756768226623535,
0,2.6756765842437744,
0,2.6756768226623535,
0,2.6756768226623535,
0,2.6756768226623535,
0,2.6756768226623535,
0,2.6741180419921875,
0,2.769486904144287,
0,2.7694811820983887,
0,2.7694802284240723,
0,2.7694807052612305,
0,2.7694802284240723,
0,2.7694807052612305,
0,2.7694802284240723,
0,2.766601085662842,
0,2.765136241912842,
0,2.7651302814483643,
0,2.765130043029785,
0,2.7651302814483643,
0,2.765130043029785,
0,2.765130043029785,
0,2.7651302814483643,
0,2.7621102333068848,
0,2.7607152462005615,
0,2.7607083320617676,
0,2.7607083320617676,
0,2.760708808898926,
0,2.7607085704803467,
0,2.7607083320617676,
0,2.7607083320617676,
0,2.757904291152954,
0,2.7565016746520996,
0,2.7564947605133057,
0,2.7564947605133057,
0,2.7564947605133057,
0,2.7564947605133057,
0,2.7564947605133057,
0,2.7564947605133057,
0,2.7528629302978516,
0,2.794194221496582,
0,3.368079423904419,
0,3.368079423904419,
0,3.368079423904419,
0,3.368079423904419,
0,3.368079423904419,
0,3.368079662322998,
0,3.3643529415130615,
0,3.3607592582702637,
0,3.36075496673584,
0,3.36075496673584,
0,3.36075496673584,
0,3.36075496673584,
0,3.36075496673584,
0,3.36075496673584,
0,3.3563132286071777,
0,3.3497474193573,
0,3.349743366241455,
0,3.349743127822876,
0,3.349743366241455,
0,3.349743604660034,
0,3.349743604660034,
0,3.349743127822876,
0,3.344883918762207,
0,3.3372998237609863,
0,3.3372960090637207,
0,3.3372962474823,
0,3.3372962474823,
0,3.3372960090637207,
0,3.3372960090637207,
0,3.3372962474823,
0,3.3318746089935303,
0,3.3240129947662354,
0,3.324009418487549,
0,3.3240089416503906,
0,3.3240089416503906,
0,3.324009418487549,
0,3.324009418487549,
0,3.324009418487549,
0,3.323678493499756,
0,3.3080861568450928,
0,3.308082103729248,
0,3.30808162689209,
0,3.308081865310669,
0,3.308081865310669,
0,3.308082103729248,
0,3.308082103729248,
0,3.3008804321289062,
0,3.2922286987304688,
0,3.2922255992889404,
0,3.2922258377075195,
0,3.2922255992889404,
0,3.2922255992889404,
0,3.2922255992889404,
0,3.2922255992889404,
0,3.2850146293640137,
0,3.277700662612915,
0,3.2776973247528076,
0,3.2776970863342285,
0,3.2776970863342285,
0,3.2776970863342285,
0,3.2776973247528076,
0,3.2776970863342285,
0,3.2707786560058594,
0,3.2211570739746094,
0,3.2211503982543945,
0,3.2211508750915527,
0,3.2211508750915527,
0,3.2211508750915527,
0,3.2211508750915527,
0,3.2211503982543945,
0,3.214012622833252,
0,3.208909034729004,
0,3.2089028358459473,
0,3.2089028358459473,
0,3.2089028358459473,
0,3.2089028358459473,
0,3.208902597427368,
0,3.2089028358459473,
0,3.201782703399658,
0,3.1976237297058105,
0,3.197617769241333,
0,3.197617769241333,
0,3.197617769241333,
0,3.197617769241333,
0,3.197617769241333,
0,3.197617769241333,
0,3.1885406970977783,
0,3.1835553646087646,
0,3.183525800704956,
0,3.183525562286377,
0,3.183526039123535,
0,3.183526039123535,
0,3.183525800704956,
0,3.183525562286377,
0,3.174757719039917,
0,3.1704583168029785,
0,3.1704530715942383,
0,3.1704530715942383,
0,3.1704530715942383,
0,3.1704530715942383,
0,3.1704530715942383,
0,3.1704530715942383,
0,3.170130729675293,
0,3.1576669216156006,
0,3.1576619148254395,
0,3.1576616764068604,
0,3.1576619148254395,
0,3.1576619148254395,
0,3.1576619148254395,
0,3.1576616764068604,
0,3.1485936641693115,
0,3.145293712615967,
0,3.1452882289886475,
0,3.1452882289886475,
0,3.1452879905700684,
0,3.1452882289886475,
0,3.1452879905700684,
0,3.1452879905700684,
0,3.1363697052001953,
0,3.282698631286621,
0,3.2826945781707764,
0,3.2826945781707764,
0,3.282693862915039,
0,3.282693862915039,
0,3.2826945781707764,
0,3.282693862915039,
0,3.282383918762207,
0,3.2669756412506104,
0,3.26697039604187,
0,3.26697039604187,
0,3.26697039604187,
0,3.26697039604187,
0,3.26697039604187,
0,3.26697039604187,
0,3.258089780807495,
0,3.2513513565063477,
0,3.2513465881347656,
0,3.2513465881347656,
0,3.2513465881347656,
0,3.2513465881347656,
0,3.2513465881347656,
0,3.2513465881347656,
0,3.2422335147857666,
0,3.2352170944213867,
0,3.2351675033569336,
0,3.2351675033569336,
0,3.2351675033569336,
0,3.2351675033569336,
0,3.2351675033569336,
0,3.2351675033569336,
0,3.225867509841919,
0,3.21846866607666,
0,3.218463897705078,
0,3.218463897705078,
0,3.218463897705078,
0,3.218463897705078,
0,3.218463897705078,
0,3.2184643745422363,
0,3.2093706130981445,
0,3.2007884979248047,
0,3.200784206390381,
0,3.200784206390381,
0,3.200784206390381,
0,3.200784206390381,
0,3.200784206390381,
0,3.200784206390381,
0,3.1916863918304443,
0,3.1832375526428223,
0,3.183232545852661,
0,3.183232545852661,
0,3.183232545852661,
0,3.183232545852661,
0,3.183232545852661,
0,3.183232545852661,
0,3.1741771697998047,
0,3.16536545753479,
0,3.1653599739074707,
0,3.165360450744629,
0,3.165360450744629,
0,3.165360450744629,
0,3.165360450744629,
0,3.165360450744629,
0,3.1563611030578613,
0,3.147404432296753,
0,3.147400379180908,
0,3.147400379180908,
0,3.147400379180908,
0,3.147400379180908,
0,3.147400379180908,
0,3.147400379180908,
0,3.137899160385132,
0,3.1286611557006836,
0,3.1286563873291016,
0,3.1286563873291016,
0,3.1286563873291016,
0,3.1286563873291016,
0,3.1286563873291016,
0,3.1286563873291016,
0,3.119258403778076,
0,3.109997272491455,
0,3.109992027282715,
0,3.109992027282715,
0,3.109992027282715,
0,3.109992027282715,
0,3.109992027282715,
0,3.109992027282715,
0,3.1003403663635254,
0,3.230973720550537,
0,3.2309694290161133,
0,3.2309694290161133,
0,3.2309694290161133,
0,3.2309694290161133,
0,3.2309694290161133,
0,3.2309694290161133,
0,3.2199394702911377,
0,3.2109904289245605,
0,3.210986852645874,
0,3.210986852645874,
0,3.210986852645874,
0,3.210987091064453,
0,3.210987091064453,
0,3.210987091064453,
0,3.200122833251953,
0,3.1917922496795654,
0,3.191446304321289,
0,3.191446304321289,
0,3.19144606590271,
0,3.191446304321289,
0,3.191446304321289,
0,3.19144606590271,
0,3.18056583404541,
0,3.1723711490631104,
0,3.1723670959472656,
0,3.1723670959472656,
0,3.1723670959472656,
0,3.1723670959472656,
0,3.1723670959472656,
0,3.1723670959472656,
0,3.1616263389587402,
0,3.2003414630889893,
0,3.200340986251831,
0,3.200340986251831,
0,3.200340986251831,
0,3.200340986251831,
0,3.200340986251831,
0,3.200340986251831,
0,3.189732074737549,
0,3.182379722595215,
0,3.1823720932006836,
0,3.182372570037842,
0,3.1823720932006836,
0,3.182372570037842,
0,3.182372570037842,
0,3.182372570037842,
0,3.1718339920043945,
0,3.1648054122924805,
0,3.1648054122924805,
0,3.1648054122924805,
0,3.1648054122924805,
0,3.1648054122924805,
0,3.1648054122924805,
0,3.1648054122924805,
0,3.1628165245056152,
0,3.1474485397338867,
0,3.1474485397338867,
0,3.1474480628967285,
0,3.1474483013153076,
0,3.1474483013153076,
0,3.1474483013153076,
0,3.1474485397338867,
0,3.137078285217285,
0,3.13089656829834,
0,3.13089656829834,
0,3.13089656829834,
0,3.13089656829834,
0,3.13089656829834,
0,3.13089656829834,
0,3.13089656829834,
0,3.120715379714966,
0,3.1144979000091553,
0,3.114497661590576,
0,3.114497661590576,
0,3.114497661590576,
0,3.1144979000091553,
0,3.1144979000091553,
0,3.1143810749053955,
0,3.1041879653930664,
0,3.0986878871917725,
0,3.0986878871917725,
0,3.0986878871917725,
0,3.0986878871917725,
0,3.0986878871917725,
0,3.0986878871917725,
0,3.098442316055298,
0,3.0882391929626465,
0,3.034182548522949,
0,3.0341827869415283,
0,3.0341827869415283,
0,3.034182548522949,
0,3.034182548522949,
0,3.0341827869415283,
0,3.034060001373291,
0,3.0246238708496094,
0,3.0176825523376465,
0,3.0176825523376465,
0,3.0176820755004883,
0,3.0176823139190674,
0,3.0176823139190674,
0,3.0176825523376465,
0,3.0176825523376465,
0,2.917248249053955,
0,2.8636372089385986,
0,2.8636372089385986,
0,2.8636372089385986,
0,2.8636372089385986,
0,2.8636369705200195,
0,2.8636369705200195,
0,2.8636369705200195,
0,2.861917018890381,
0,2.847972869873047,
0,2.847973346710205,
0,2.847972869873047,
0,2.847973108291626,
0,2.847972869873047,
0,2.847972869873047,
0,2.847853660583496,
0,2.838496685028076,
0,2.832171678543091,
0,2.83217191696167,
0,2.83217191696167,
0,2.832171678543091,
0,2.832171678543091,
0,2.832171678543091,
0,2.8320531845092773,
0,2.822808265686035,
0,2.816767454147339,
0,2.8167672157287598,
0,2.816767454147339,
0,2.8167672157287598,
0,2.816767454147339,
0,2.8167672157287598,
0,2.8166565895080566,
0,2.522022247314453,
0,2.5184590816497803,
0,2.5184590816497803,
0,2.5184590816497803,
0,2.518458843231201,
0,2.5184590816497803,
0,2.5184590816497803,
0,2.5183424949645996,
0,2.5108835697174072,
0,2.5075833797454834,
0,2.5075833797454834,
0,2.5075833797454834,
0,2.5075833797454834,
0,2.5075836181640625,
0,2.5075836181640625,
0,2.5074679851531982,
0,2.500054359436035,
0,2.496973991394043,
0,2.496973991394043,
0,2.496974468231201,
0,2.496973991394043,
0,2.496973991394043,
0,2.496973991394043,
0,2.4968667030334473,
0,2.489452838897705,
0,2.3407881259918213,
0,2.3407881259918213,
0,2.3407881259918213,
0,2.3407881259918213,
0,2.3407881259918213,
0,2.340787887573242,
0,2.34067440032959,
0,2.3345601558685303,
0,2.3313136100769043,
0,2.3313136100769043,
0,2.3313136100769043,
0,2.3313136100769043,
0,2.3313136100769043,
0,2.3313136100769043,
0,2.3312082290649414,
0,2.326603412628174,
0,2.325324773788452,
0,2.3253238201141357,
0,2.325324773788452,
0,2.325324296951294,
0,2.325324296951294,
0,2.325324296951294,
0,2.3252129554748535,
0,2.3205080032348633,
0,2.3194661140441895,
0,2.3194661140441895,
0,2.3194658756256104,
0,2.3194658756256104,
0,2.3194661140441895,
0,2.3194661140441895,
0,2.3193554878234863,
0,2.314650058746338,
0,2.3112692832946777,
0,2.311269998550415,
0,2.311269998550415,
0,2.3112692832946777,
0,2.311269998550415,
0,2.3112692832946777,
0,2.31115984916687,
0,2.3064944744110107,
0,2.303065776824951,
0,2.303065299987793,
0,2.303065776824951,
0,2.3030662536621094,
0,2.303065776824951,
0,2.303065776824951,
0,2.302963972091675,
0,2.298279285430908,
0,2.294783592224121,
0,2.294783592224121,
0,2.294783592224121,
0,2.294783115386963,
0,2.294783592224121,
0,2.294783115386963,
0,2.294675827026367,
0,2.2900350093841553,
0,2.2865145206451416,
0,2.2865145206451416,
0,2.2865145206451416,
0,2.2865145206451416,
0,2.2865145206451416,
0,2.2865145206451416,
0,2.2864081859588623,
0,2.2817234992980957,
0,2.278292655944824,
0,2.278292655944824,
0,2.278292655944824,
0,2.278292655944824,
0,2.278292655944824,
0,2.278292655944824,
0,2.278193950653076,
0,2.273298501968384,
0,2.2699363231658936,
0,2.2699363231658936,
0,2.2699363231658936,
0,2.2699363231658936,
0,2.2699363231658936,
0,2.2699363231658936,
0,2.269831895828247,
0,2.265089988708496,
0,2.261711597442627,
0,2.261711597442627,
0,2.261711597442627,
0,2.261711597442627,
0,2.261711597442627,
0,2.261711597442627,
0,2.2616147994995117,
0,2.2568130493164062,
0,2.253453254699707,
0,2.253453254699707,
0,2.253453254699707,
0,2.253453254699707,
0,2.253452777862549,
0,2.253452777862549,
0,2.2533507347106934,
0,2.497159719467163,
0,2.493981122970581,
0,2.493981122970581,
0,2.4939815998077393,
0,2.493981122970581,
0,2.4939815998077393,
0,2.493981122970581,
0,2.493880271911621,
0,2.4892215728759766,
0,2.5776500701904297,
0,2.5776500701904297,
0,2.5776500701904297,
0,2.5776500701904297,
0,2.5776500701904297,
0,2.5776500701904297,
0,2.577549695968628,
0,2.5732059478759766,
0,2.5700316429138184,
0,2.5700316429138184,
0,2.5700316429138184,
0,2.5700316429138184,
0,2.5700316429138184,
0,2.5700316429138184,
0,2.5699386596679688,
0,2.565600872039795,
0,2.562408924102783,
0,2.562408924102783,
0,2.562408924102783,
0,2.562408924102783,
0,2.562408924102783,
0,2.562408924102783,
0,2.5623106956481934,
0,2.5579657554626465,
0,2.554779291152954,
0,2.554779291152954,
0,2.554779291152954,
0,2.554779291152954,
0,2.554779291152954,
0,2.554779291152954,
0,2.5546817779541016,
0,2.5506834983825684,
0,2.592531442642212,
0,2.592531681060791,
0,2.592531204223633,
0,2.592531681060791,
0,2.592531204223633,
0,2.592531681060791,
0,2.5924410820007324,
0,2.58813214302063,
0,2.58638072013855,
0,2.58638072013855,
0,2.58638072013855,
0,2.58638072013855,
0,2.586380958557129,
0,2.58638072013855,
0,2.586284637451172,
0,2.5819740295410156,
0,2.5802841186523438,
0,2.580284595489502,
0,2.5802841186523438,
0,2.580284357070923,
0,2.580284595489502,
0,2.580284595489502,
0,2.5801889896392822,
0,2.5761117935180664,
0,2.574392080307007,
0,2.5743918418884277,
0,2.5743916034698486,
0,2.574392318725586,
0,2.5743918418884277,
0,2.5743918418884277,
0,2.574303150177002,
0,2.4783995151519775,
0,2.4766671657562256,
0,2.4766674041748047,
0,2.4766669273376465,
0,2.4766669273376465,
0,2.4766669273376465,
0,2.4766669273376465,
0,2.4765725135803223,
0,2.4723966121673584,
0,2.470820188522339,
0,2.4708199501037598,
0,2.470820188522339,
0,2.4708197116851807,
0,2.4708197116851807,
0,2.4708197116851807,
0,2.4707257747650146,
0,2.4666426181793213,
0,2.465021848678589,
0,2.4650216102600098,
0,2.465021848678589,
0,2.465022087097168,
0,2.465021848678589,
0,2.465021848678589,
0,2.4649345874786377,
0,2.4608073234558105,
0,2.4592559337615967,
0,2.459256649017334,
0,2.459256649017334,
0,2.459256649017334,
0,2.4592559337615967,
0,2.459256410598755,
0,2.459163188934326,
0,2.4550952911376953,
0,2.453181743621826,
0,2.453181505203247,
0,2.453181743621826,
0,2.453181743621826,
0,2.453181743621826,
0,2.453181743621826,
0,2.4530889987945557,
0,2.4490060806274414,
0,2.447111129760742,
0,2.447111129760742,
0,2.447111129760742,
0,2.447111129760742,
0,2.447111129760742,
0,2.447110652923584,
0,2.447110891342163,
0,2.4429543018341064,
0,2.589045524597168,
0,2.589045524597168,
0,2.589045524597168,
0,2.589045524597168,
0,2.589045524597168,
0,2.589045524597168,
0,2.589045524597168,
0,2.584808588027954,
0,2.582796335220337,
0,2.582796335220337,
0,2.582796335220337,
0,2.582796335220337,
0,2.582796335220337,
0,2.582796335220337,
0,2.582796335220337,
0,2.5785913467407227,
0,2.627394676208496,
0,2.627394676208496,
0,2.627394676208496,
0,2.627394914627075,
0,2.627394914627075,
0,2.6273951530456543,
0,2.627394676208496,
0,2.6227569580078125,
0,2.6214282512664795,
0,2.6214282512664795,
0,2.6214282512664795,
0,2.6214282512664795,
0,2.6214282512664795,
0,2.6214282512664795,
0,2.6214282512664795,
0,2.6170599460601807,
0,2.615617513656616,
0,2.6156177520751953,
0,2.6156177520751953,
0,2.615617513656616,
0,2.615617513656616,
0,2.6156177520751953,
0,2.6156177520751953,
0,2.6115713119506836,
0,2.610212564468384,
0,2.610212564468384,
0,2.610212564468384,
0,2.610212802886963,
0,2.6102123260498047,
0,2.6102123260498047,
0,2.610212802886963,
0,2.6059372425079346,
0,2.5129241943359375,
0,2.5129241943359375,
0,2.5129241943359375,
0,2.5129241943359375,
0,2.5129241943359375,
0,2.5129241943359375,
0,2.5129241943359375,
0,2.509028673171997,
0,2.507857322692871,
0,2.507857322692871,
0,2.507857322692871,
0,2.507857322692871,
0,2.507857322692871,
0,2.507857322692871,
0,2.507857322692871,
0,2.5040717124938965,
0,2.502920627593994,
0,2.502920389175415,
0,2.502919912338257,
0,2.502920627593994,
0,2.502920389175415,
0,2.5029196739196777,
0,2.502920389175415,
0,2.4991629123687744,
0,2.589606761932373,
0,2.589606761932373,
0,2.589606761932373,
0,2.589606761932373,
0,2.589606761932373,
0,2.589606761932373,
0,2.589606761932373,
0,2.4941906929016113,
0,2.4930436611175537,
0,2.4930436611175537,
0,2.4930436611175537,
0,2.4930436611175537,
0,2.493043899536133,
0,2.493043899536133,
0,2.4930434226989746,
0,2.4892756938934326,
0,2.579685926437378,
0,2.579685688018799,
0,2.579685926437378,
0,2.579685926437378,
0,2.579685926437378,
0,2.579685688018799,
0,2.579685688018799,
0,2.4843482971191406,
0,2.4833192825317383,
0,2.4833192825317383,
0,2.4833192825317383,
0,2.4833192825317383,
0,2.4833192825317383,
0,2.4833192825317383,
0,2.4833192825317383,
0,2.479639768600464,
0,2.478494644165039,
0,2.478494644165039,
0,2.478494644165039,
0,2.478494644165039,
0,2.478494644165039,
0,2.478494644165039,
0,2.478494882583618,
0,2.4748239517211914,
0,2.5653257369995117,
0,2.5653254985809326,
0,2.5653257369995117,
0,2.5653257369995117,
0,2.5653257369995117,
0,2.5653254985809326,
0,2.5653257369995117,
0,2.5615053176879883,
0,2.46903133392334,
0,2.46903133392334,
0,2.46903133392334,
0,2.46903133392334,
0,2.46903133392334,
0,2.46903133392334,
0,2.46903133392334,
0,2.4653942584991455,
0,2.464301586151123,
0,2.464301586151123,
0,2.464301347732544,
0,2.464301347732544,
0,2.464301586151123,
0,2.464301347732544,
0,2.464301586151123,
0,2.4606571197509766,
0,2.4596433639526367,
0,2.4596433639526367,
0,2.4596433639526367,
0,2.4596433639526367,
0,2.4596433639526367,
0,2.4596433639526367,
0,2.4596433639526367,
0,2.456028461456299,
0,2.45501708984375,
0,2.45501708984375,
0,2.455017328262329,
0,2.455017566680908,
0,2.455017566680908,
0,2.455017328262329,
0,2.45501708984375,
0,2.451406717300415,
0,2.4503917694091797,
0,2.4503917694091797,
0,2.4503917694091797,
0,2.4503917694091797,
0,2.4503917694091797,
0,2.4503917694091797,
0,2.4503917694091797,
0,2.4467720985412598,
0,2.4458518028259277,
0,2.445852041244507,
0,2.445852041244507,
0,2.4458513259887695,
0,2.4458518028259277,
0,2.4458518028259277,
0,2.445852041244507,
0,2.4422478675842285,
0,2.441373825073242,
0,2.441373825073242,
0,2.441373586654663,
0,2.441373825073242,
0,2.441373586654663,
0,2.441373825073242,
0,2.441373586654663,
0,2.437774419784546,
0,2.4367799758911133,
0,2.4367799758911133,
0,2.4367799758911133,
0,2.4367799758911133,
0,2.4367799758911133,
0,2.4367799758911133,
0,2.4367799758911133,
0,2.433095693588257,
0,2.4705042839050293,
0,2.4705042839050293,
0,2.4705042839050293,
0,2.4705042839050293,
0,2.47050404548645,
0,2.4705045223236084,
0,2.4705042839050293,
0,2.470430374145508,
0,2.4658150672912598,
0,2.4658150672912598,
0,2.4658150672912598,
0,2.4658145904541016,
0,2.4658150672912598,
0,2.4658150672912598,
0,2.4658150672912598,
0,2.4620842933654785,
0,2.461057662963867,
0,2.461057662963867,
0,2.4610581398010254,
0,2.4610581398010254,
0,2.461057662963867,
0,2.461057662963867,
0,2.4610579013824463,
0,2.4573535919189453,
0,2.456252098083496,
0,2.456252098083496,
0,2.456252098083496,
0,2.456252098083496,
0,2.456252098083496,
0,2.456252098083496,
0,2.456252098083496,
0,2.452514171600342,
0,2.4514923095703125,
0,2.4514923095703125,
0,2.4514923095703125,
0,2.4514923095703125,
0,2.4514923095703125,
0,2.4514923095703125,
0,2.4514923095703125,
0,2.4477734565734863,
0,2.4466795921325684,
0,2.4466795921325684,
0,2.4466800689697266,
0,2.4466795921325684,
0,2.4466795921325684,
0,2.4466800689697266,
0,2.4466800689697266,
0,2.446608066558838,
0,2.4420218467712402,
0,2.4420218467712402,
0,2.4420218467712402,
0,2.4420218467712402,
0,2.4420218467712402,
0,2.4420218467712402,
0,2.4420218467712402,
0,2.530947685241699,
0,2.437211513519287,
0,2.437211513519287,
0,2.437211513519287,
0,2.437211513519287,
0,2.437211513519287,
0,2.437211513519287,
0,2.437211513519287,
0,2.526627540588379,
0,2.395141124725342,
0,2.395141363143921,
0,2.395141124725342,
0,2.395141124725342,
0,2.395141363143921,
0,2.395141363143921,
0,2.395141363143921,
0,2.4846091270446777,
0,2.4835288524627686,
0,2.4835288524627686,
0,2.483529567718506,
0,2.4835293292999268,
0,2.4835288524627686,
0,2.4835290908813477,
0,2.4835288524627686,
0,2.4802515506744385,
0,2.479116916656494,
0,2.479116916656494,
0,2.479116916656494,
0,2.479116916656494,
0,2.479116916656494,
0,2.479116916656494,
0,2.479116916656494,
0,2.4758658409118652,
0,2.474881172180176,
0,2.474881172180176,
0,2.474881172180176,
0,2.474881172180176,
0,2.474881172180176,
0,2.474881172180176,
0,2.474881649017334,
0,2.378206968307495,
0,2.3772146701812744,
0,2.3772146701812744,
0,2.3772146701812744,
0,2.3772149085998535,
0,2.3772149085998535,
0,2.3772149085998535,
0,2.3772149085998535,
0,2.3738596439361572,
0,2.3729500770568848,
0,2.3729500770568848,
0,2.3729500770568848,
0,2.3729500770568848,
0,2.3729498386383057,
0,2.3729498386383057,
0,2.3729498386383057,
0,2.372880458831787,
0,2.3687169551849365,
0,2.3687169551849365,
0,2.3687169551849365,
0,2.3687169551849365,
0,2.3687169551849365,
0,2.3687169551849365,
0,2.3687169551849365,
0,2.365511894226074,
0,2.3645992279052734,
0,2.3645992279052734,
0,2.3645992279052734,
0,2.3645992279052734,
0,2.3645992279052734,
0,2.3645992279052734,
0,2.3645992279052734,
0,2.361377000808716,
0,2.360478639602661,
0,2.360478639602661,
0,2.360478639602661,
0,2.3604788780212402,
0,2.3604788780212402,
0,2.3604788780212402,
0,2.3604788780212402,
0,2.450563430786133,
0,2.3563785552978516,
0,2.3563787937164307,
0,2.3563785552978516,
0,2.3563785552978516,
0,2.3563787937164307,
0,2.3563787937164307,
0,2.3563790321350098,
0,2.446605682373047,
0,2.4457359313964844,
0,2.352243185043335,
0,2.3522427082061768,
0,2.352242946624756,
0,2.352242946624756,
0,2.3522427082061768,
0,2.352243185043335,
0,2.4428162574768066,
0,2.441904067993164,
0,2.4418997764587402,
0,2.4418997764587402,
0,2.4418997764587402,
0,2.4418997764587402,
0,2.4418997764587402,
0,2.4418997764587402,
0,2.345695972442627,
0,2.3448827266693115,
0,2.3448781967163086,
0,2.3448781967163086,
0,2.3448781967163086,
0,2.3448781967163086,
0,2.3448781967163086,
0,2.3448781967163086,
0,2.435572624206543,
0,2.4347245693206787,
0,2.4347195625305176,
0,2.4347195625305176,
0,2.4347195625305176,
0,2.4347195625305176,
0,2.4347195625305176,
0,2.4347195625305176,
0,2.4320974349975586,
0,2.3377490043640137,
0,2.33774471282959,
0,2.33774471282959,
0,2.33774471282959,
0,2.3377444744110107,
0,2.33774471282959,
0,2.33774471282959,
0,2.335005283355713,
0,2.334205150604248,
0,2.334200382232666,
0,2.334200382232666,
0,2.334200382232666,
0,2.334200382232666,
0,2.334200382232666,
0,2.334200382232666,
0,2.331496238708496,
0,2.330643653869629,
0,2.3306379318237305,
0,2.3306376934051514,
0,2.3306376934051514,
0,2.3306376934051514,
0,2.3306379318237305,
0,2.3306379318237305,
0,2.327932834625244,
0,2.327165126800537,
0,2.327159881591797,
0,2.327160358428955,
0,2.327160358428955,
0,2.327159881591797,
0,2.327160358428955,
0,2.327159881591797,
0,2.4179179668426514,
0,2.4171268939971924,
0,2.4171221256256104,
0,2.4171221256256104,
0,2.4171221256256104,
0,2.4171221256256104,
0,2.4171221256256104,
0,2.4171221256256104,
0,2.3209753036499023,
0,2.3199076652526855,
0,2.3199028968811035,
0,2.3199028968811035,
0,2.3199028968811035,
0,2.3199031352996826,
0,2.3199028968811035,
0,2.3199031352996826,
0,2.3172435760498047,
0,2.316176414489746,
0,2.316171169281006,
0,2.316171169281006,
0,2.316171169281006,
0,2.316171169281006,
0,2.316171169281006,
0,2.3161709308624268,
0,2.3134822845458984,
0,2.40576171875,
0,2.405757427215576,
0,2.405757427215576,
0,2.405757427215576,
0,2.405757427215576,
0,2.405757427215576,
0,2.405757427215576,
0,2.3098039627075195,
0,2.3444390296936035,
0,2.344435691833496,
0,2.344435453414917,
0,2.344435691833496,
0,2.344435453414917,
0,2.344435691833496,
0,2.344435691833496,
0,2.3417835235595703,
0,2.341057777404785,
0,2.341055393218994,
0,2.341055393218994,
0,2.341055393218994,
0,2.341055393218994,
0,2.341055393218994,
0,2.341055393218994,
0,2.338299036026001,
0,2.3374991416931152,
0,2.337496280670166,
0,2.337496280670166,
0,2.337496280670166,
0,2.337496280670166,
0,2.337496042251587,
0,2.337496280670166,
0,2.3348257541656494,
0,2.334049701690674,
0,2.334045886993408,
0,2.334045886993408,
0,2.334045886993408,
0,2.334045886993408,
0,2.334045886993408,
0,2.334045886993408,
0,2.3314027786254883,
0,2.330651044845581,
0,2.330651044845581,
0,2.330651044845581,
0,2.330651044845581,
0,2.330651044845581,
0,2.330651044845581,
0,2.330651044845581,
0,2.4215049743652344,
0,2.3272509574890137,
0,2.3272509574890137,
0,2.3272509574890137,
0,2.3272509574890137,
0,2.3272509574890137,
0,2.3272509574890137,
0,2.3272509574890137,
0,2.4182240962982178,
0,2.2885451316833496,
0,2.2885453701019287,
0,2.2885451316833496,
0,2.2885451316833496,
0,2.2885453701019287,
0,2.2885451316833496,
0,2.2885451316833496,
0,2.3795602321624756,
0,2.285122871398926,
0,2.285122871398926,
0,2.2851226329803467,
0,2.2851226329803467,
0,2.2851226329803467,
0,2.285122871398926,
0,2.285122871398926,
0,2.3763418197631836,
0,2.375636577606201,
0,2.3756370544433594,
0,2.3756370544433594,
0,2.3756370544433594,
0,2.3756370544433594,
0,2.375636577606201,
0,2.375636577606201,
0,2.3729536533355713,
0,2.3722727298736572,
0,2.372267007827759,
0,2.3722667694091797,
0,2.372267007827759,
0,2.372267007827759,
0,2.372267007827759,
0,2.372267007827759,
0,2.275916814804077,
0,2.2751996517181396,
0,2.2751951217651367,
0,2.2751951217651367,
0,2.2751951217651367,
0,2.2751948833465576,
0,2.2751948833465576,
0,2.2751951217651367,
0,2.2729601860046387,
0,2.2723045349121094,
0,2.272298812866211,
0,2.272298812866211,
0,2.272298812866211,
0,2.272298812866211,
0,2.272298812866211,
0,2.272298812866211,
0,2.270066976547241,
0,2.26939058303833,
0,2.26938533782959,
0,2.269385576248169,
0,2.2693850994110107,
0,2.2693850994110107,
0,2.2693850994110107,
0,2.269385576248169,
0,2.2671608924865723,
0,2.2663989067077637,
0,2.2663989067077637,
0,2.2663989067077637,
0,2.2663989067077637,
0,2.2663989067077637,
0,2.2663989067077637,
0,2.2663989067077637,
0,2.2641403675079346,
0,2.263486862182617,
0,2.263481616973877,
0,2.2634811401367188,
0,2.263481616973877,
0,2.263481616973877,
0,2.263481616973877,
0,2.263481616973877,
0,2.3552000522613525,
0,2.260556221008301,
0,2.2605504989624023,
0,2.2605504989624023,
0,2.2605504989624023,
0,2.2605504989624023,
0,2.2605504989624023,
0,2.2605504989624023,
0,2.352147340774536,
0,2.257554769515991,
0,2.257549524307251,
0,2.257549524307251,
0,2.257549285888672,
0,2.257549524307251,
0,2.257549524307251,
0,2.257549524307251,
0,2.3493752479553223,
0,2.348681926727295,
0,2.3486762046813965,
0,2.3486766815185547,
0,2.3486762046813965,
0,2.3486766815185547,
0,2.3486759662628174,
0,2.3486766815185547,
0,2.252319812774658,
0,2.345942974090576,
0,2.345937967300415,
0,2.345937967300415,
0,2.345938205718994,
0,2.345937967300415,
0,2.345937967300415,
0,2.345938205718994,
0,2.2494516372680664,
0,2.2487709522247314,
0,2.248765468597412,
0,2.248765468597412,
0,2.248765230178833,
0,2.248764991760254,
0,2.248765230178833,
0,2.248765468597412,
0,2.2465810775756836,
0,2.2459521293640137,
0,2.2459464073181152,
0,2.2459464073181152,
0,2.2459464073181152,
0,2.2459464073181152,
0,2.2459464073181152,
0,2.2459464073181152,
0,2.243802547454834,
0,2.243156671524048,
0,2.2431514263153076,
0,2.2431514263153076,
0,2.2431514263153076,
0,2.2431514263153076,
0,2.2431514263153076,
0,2.2431514263153076,
0,2.2409863471984863,
0,2.2403409481048584,
0,2.2403361797332764,
0,2.2403364181518555,
0,2.2403361797332764,
0,2.2403359413146973,
0,2.2403359413146973,
0,2.2403361797332764,
0,2.238194465637207,
0,2.237529754638672,
0,2.2375242710113525,
0,2.2375245094299316,
0,2.2375245094299316,
0,2.2375242710113525,
0,2.2375242710113525,
0,2.2375245094299316,
0,2.23539662361145,
0,2.2686777114868164,
0,2.268674612045288,
0,2.268674612045288,
0,2.268674612045288,
0,2.268674612045288,
0,2.268674850463867,
0,2.268674612045288,
0,2.360576629638672,
0,2.2658283710479736,
0,2.2658252716064453,
0,2.2658252716064453,
0,2.2658252716064453,
0,2.2658252716064453,
0,2.265825033187866,
0,2.265825033187866,
0,2.357839584350586,
0,2.3571481704711914,
0,2.357144355773926,
0,2.357144832611084,
0,2.357144832611084,
0,2.357144355773926,
0,2.357144355773926,
0,2.357144355773926,
0,2.2607452869415283,
0,2.3544278144836426,
0,2.354423999786377,
0,2.354423999786377,
0,2.354423999786377,
0,2.354423999786377,
0,2.354423761367798,
0,2.354423999786377,
0,2.257901191711426,
0,2.2572214603424072,
0,2.257218599319458,
0,2.257218837738037,
0,2.257218837738037,
0,2.257218837738037,
0,2.257218837738037,
0,2.257218360900879,
0,2.2550926208496094,
0,2.2543997764587402,
0,2.2543869018554688,
0,2.2543869018554688,
0,2.2543869018554688,
0,2.2543869018554688,
0,2.2543869018554688,
0,2.2543869018554688,
0,2.2522830963134766,
0,2.251591920852661,
0,2.251587390899658,
0,2.251587390899658,
0,2.2515878677368164,
0,2.251587390899658,
0,2.251587390899658,
0,2.2515878677368164,
0,2.2494754791259766,
0,2.248835563659668,
0,2.2488327026367188,
0,2.2488327026367188,
0,2.2488327026367188,
0,2.2488322257995605,
0,2.2488322257995605,
0,2.2488324642181396,
0,2.2467408180236816,
0,2.2460951805114746,
0,2.2460951805114746,
0,2.2460951805114746,
0,2.2460951805114746,
0,2.2460951805114746,
0,2.2460951805114746,
0,2.2460951805114746,
0,2.2439990043640137,
0,2.2432899475097656,
0,2.2432899475097656,
0,2.2432899475097656,
0,2.2432899475097656,
0,2.2432901859283447,
0,2.2432899475097656,
0,2.2432899475097656,
0,2.2411842346191406,
0,2.240495204925537,
0,2.240495204925537,
0,2.240495204925537,
0,2.240495204925537,
0,2.240495204925537,
0,2.240495204925537,
0,2.240495204925537,
0,2.2383008003234863,
0,2.2376177310943604,
0,2.2376174926757812,
0,2.2376174926757812,
0,2.2376177310943604,
0,2.2376177310943604,
0,2.237617015838623,
0,2.237617254257202,
0,2.3302814960479736,
0,2.2347190380096436,
0,2.2347192764282227,
0,2.2347187995910645,
0,2.2347192764282227,
0,2.2347195148468018,
0,2.2347192764282227,
0,2.2347192764282227,
0,2.3274002075195312,
0,2.2318994998931885,
0,2.2318994998931885,
0,2.2318994998931885,
0,2.2318994998931885,
0,2.2318994998931885,
0,2.2318994998931885,
0,2.2318994998931885,
0,2.3247785568237305,
0,2.229077100753784,
0,2.2290773391723633,
0,2.229077100753784,
0,2.2290773391723633,
0,2.2290773391723633,
0,2.229077100753784,
0,2.2290773391723633,
0,2.321929454803467,
0,2.3212666511535645,
0,2.3212666511535645,
0,2.3212666511535645,
0,2.3212666511535645,
0,2.3212666511535645,
0,2.3212666511535645,
0,2.3212666511535645,
0,2.319331169128418,
0,2.2859346866607666,
0,2.2859346866607666,
0,2.2859344482421875,
0,2.2859346866607666,
0,2.2859344482421875,
0,2.2859344482421875,
0,2.2859346866607666,
0,2.284022569656372,
0,2.283452033996582,
0,2.283451557159424,
0,2.283452033996582,
0,2.283452033996582,
0,2.283451557159424,
0,2.283451795578003,
0,2.283451795578003,
0,2.1861703395843506,
0,2.1855597496032715,
0,2.185553550720215,
0,2.185553550720215,
0,2.185553550720215,
0,2.185553550720215,
0,2.185553550720215,
0,2.185553550720215,
0,2.1835484504699707,
0,2.182966709136963,
0,2.1829609870910645,
0,2.1829607486724854,
0,2.1829607486724854,
0,2.1829607486724854,
0,2.1829607486724854,
0,2.1829607486724854,
0,2.1809449195861816,
0,2.1803956031799316,
0,2.180389642715454,
0,2.180389642715454,
0,2.180389404296875,
0,2.180389404296875,
0,2.180389642715454,
0,2.180389404296875,
0,2.1784110069274902,
0,2.1778626441955566,
0,2.177856683731079,
0,2.177856683731079,
0,2.177856683731079,
0,2.1778564453125,
0,2.1778564453125,
0,2.177856683731079,
0,2.17588210105896,
0,2.1752657890319824,
0,2.1752588748931885,
0,2.1752588748931885,
0,2.1752588748931885,
0,2.1752588748931885,
0,2.1752588748931885,
0,2.1752588748931885,
0,2.1732778549194336,
0,2.1727192401885986,
0,2.172712802886963,
0,2.172712802886963,
0,2.172712802886963,
0,2.172712802886963,
0,2.172712802886963,
0,2.172712802886963,
0,2.170757293701172,
0,2.1701719760894775,
0,2.170166015625,
0,2.170166015625,
0,2.170165777206421,
0,2.170166015625,
0,2.170165777206421,
0,2.170166015625,
0,2.1681787967681885,
0,2.167637586593628,
0,2.1676316261291504,
0,2.1676316261291504,
0,2.1676316261291504,
0,2.1676321029663086,
0,2.1676316261291504,
0,2.1676316261291504,
0,2.1657214164733887,
0,2.165179967880249,
0,2.1651740074157715,
0,2.1651740074157715,
0,2.1651740074157715,
0,2.1651740074157715,
0,2.1651740074157715,
0,2.1651740074157715,
0,2.2584667205810547,
0,2.162630796432495,
0,2.1626243591308594,
0,2.1626245975494385,
0,2.1626243591308594,
0,2.1626245975494385,
0,2.1626243591308594,
0,2.1626243591308594,
0,2.1606500148773193,
0,2.1600754261016846,
0,2.160069465637207,
0,2.160069465637207,
0,2.160069465637207,
0,2.160069465637207,
0,2.160069465637207,
0,2.160069465637207,
0,2.253803253173828,
0,2.157564640045166,
0,2.1575584411621094,
0,2.1575584411621094,
0,2.1575584411621094,
0,2.1575584411621094,
0,2.1575584411621094,
0,2.1575584411621094,
0,2.2512826919555664,
0,2.250671625137329,
0,2.2506654262542725,
0,2.2506654262542725,
0,2.2506654262542725,
0,2.2506654262542725,
0,2.2506654262542725,
0,2.2506654262542725,
0,2.2489013671875,
0,2.24834942817688,
0,2.2483437061309814,
0,2.2483434677124023,
0,2.2483434677124023,
0,2.2483437061309814,
0,2.2483437061309814,
0,2.2483437061309814,
0,2.1507139205932617,
0,2.1501317024230957,
0,2.150125503540039,
0,2.150125503540039,
0,2.150125503540039,
0,2.150125503540039,
0,2.150125503540039,
0,2.150125503540039,
0,2.148286819458008,
0,2.1477503776550293,
0,2.1477439403533936,
0,2.1477439403533936,
0,2.1477439403533936,
0,2.1477439403533936,
0,2.1477441787719727,
0,2.1477439403533936,
0,2.145913600921631,
0,2.145315408706665,
0,2.1452908515930176,
0,2.1452908515930176,
0,2.1452903747558594,
0,2.1452906131744385,
0,2.1452906131744385,
0,2.1452906131744385,
0,2.1434550285339355,
0,2.1425554752349854,
0,2.142549514770508,
0,2.142549514770508,
0,2.142549753189087,
0,2.142549514770508,
0,2.142549514770508,
0,2.142549514770508,
0,2.2363247871398926,
0,2.139864921569824,
0,2.1398587226867676,
0,2.1398587226867676,
0,2.1398587226867676,
0,2.1398587226867676,
0,2.1398587226867676,
0,2.1398587226867676,
0,2.2334883213043213,
0,2.232614517211914,
0,2.2326083183288574,
0,2.2326083183288574,
0,2.2326083183288574,
0,2.2326083183288574,
0,2.2326083183288574,
0,2.2326083183288574,
0,2.1353230476379395,
0,2.23001766204834,
0,2.2300117015838623,
0,2.2300117015838623,
0,2.2300117015838623,
0,2.2300117015838623,
0,2.2300117015838623,
0,2.2300117015838623,
0,2.1326332092285156,
0,2.131762981414795,
0,2.1317567825317383,
0,2.1317567825317383,
0,2.1317567825317383,
0,2.1317567825317383,
0,2.1317567825317383,
0,2.1317567825317383,
0,2.1299362182617188,
0,2.129070520401001,
0,2.1290645599365234,
0,2.1290645599365234,
0,2.1290643215179443,
0,2.1290643215179443,
0,2.1290645599365234,
0,2.1290643215179443,
0,2.1272616386413574,
0,2.1264138221740723,
0,2.1264071464538574,
0,2.1264076232910156,
0,2.1264073848724365,
0,2.1264076232910156,
0,2.1264071464538574,
0,2.1264073848724365,
0,2.124910831451416,
0,2.1240835189819336,
0,2.124077081680298,
0,2.124077081680298,
0,2.124077081680298,
0,2.124077320098877,
0,2.1240768432617188,
0,2.124077320098877,
0,2.1228811740875244,
0,2.154054641723633,
0,2.1540510654449463,
0,2.1540510654449463,
0,2.1540510654449463,
0,2.1540510654449463,
0,2.1540510654449463,
0,2.1540510654449463,
0,2.1528379917144775,
0,2.1522603034973145,
0,2.1522562503814697,
0,2.1522562503814697,
0,2.1522562503814697,
0,2.1522562503814697,
0,2.1522562503814697,
0,2.1522560119628906,
0,2.1510424613952637,
0,2.1504595279693604,
0,2.1504549980163574,
0,2.1504552364349365,
0,2.1504552364349365,
0,2.1504549980163574,
0,2.1504552364349365,
0,2.1504552364349365,
0,2.1492323875427246,
0,2.1486361026763916,
0,2.1486315727233887,
0,2.1486315727233887,
0,2.1486315727233887,
0,2.1486315727233887,
0,2.1486318111419678,
0,2.1486318111419678,
0,2.2429862022399902,
0,2.146833896636963,
0,2.1468300819396973,
0,2.1468300819396973,
0,2.1468300819396973,
0,2.1468300819396973,
0,2.1468300819396973,
0,2.1468300819396973,
0,2.241302967071533,
0,2.113161325454712,
0,2.1131553649902344,
0,2.1131553649902344,
0,2.1131553649902344,
0,2.1131553649902344,
0,2.1131553649902344,
0,2.1131553649902344,
0,2.2078728675842285,
0,2.207310438156128,
0,2.207304000854492,
0,2.207304000854492,
0,2.207304000854492,
0,2.207304000854492,
0,2.207304000854492,
0,2.207304000854492,
0,2.2062251567840576,
0,2.205667495727539,
0,2.2056610584259033,
0,2.2056610584259033,
0,2.2056610584259033,
0,2.2056610584259033,
0,2.2056610584259033,
0,2.2056610584259033,
0,2.1083357334136963,
0,2.203765392303467,
0,2.203758716583252,
0,2.203758478164673,
0,2.203758478164673,
0,2.203758716583252,
0,2.203758716583252,
0,2.203758716583252,
0,2.1065969467163086,
0,2.106031894683838,
0,2.1060256958007812,
0,2.1060256958007812,
0,2.1060256958007812,
0,2.1060256958007812,
0,2.106025457382202,
0,2.1060256958007812,
0,2.104854106903076,
0,2.1043360233306885,
0,2.104311227798462,
0,2.104311466217041,
0,2.104311466217041,
0,2.104310989379883,
0,2.104311466217041,
0,2.104311466217041,
0,2.103071689605713,
0,2.1025452613830566,
0,2.102539300918579,
0,2.1025390625,
0,2.1025390625,
0,2.1025390625,
0,2.102539300918579,
0,2.1025390625,
0,2.101372241973877,
0,2.100797176361084,
0,2.100790500640869,
0,2.10079026222229,
0,2.10079026222229,
0,2.100790500640869,
0,2.10079026222229,
0,2.100790500640869,
0,2.0996174812316895,
0,2.195131778717041,
0,2.1951258182525635,
0,2.1951255798339844,
0,2.1951258182525635,
0,2.1951258182525635,
0,2.1951255798339844,
0,2.1951255798339844,
0,2.097928047180176,
0,2.193546772003174,
0,2.193540096282959,
0,2.193540096282959,
0,2.193540096282959,
0,2.193540096282959,
0,2.193540096282959,
0,2.193540096282959,
0,2.0962371826171875,
0,2.1269073486328125,
0,2.126903533935547,
0,2.126903533935547,
0,2.126903533935547,
0,2.126903533935547,
0,2.1269032955169678,
0,2.126903533935547,
0,2.1257312297821045,
0,2.1251821517944336,
0,2.1251778602600098,
0,2.1251778602600098,
0,2.1251778602600098,
0,2.1251778602600098,
0,2.1251778602600098,
0,2.1251778602600098,
0,2.1143853664398193,
0,2.1138572692871094,
0,2.1138529777526855,
0,2.1138529777526855,
0,2.1138529777526855,
0,2.1138529777526855,
0,2.1138529777526855,
0,2.1138529777526855,
0,2.1126883029937744,
0,2.112154006958008,
0,2.1121506690979004,
0,2.112150192260742,
0,2.1121506690979004,
0,2.112149953842163,
0,2.1121506690979004,
0,2.112150192260742,
0,2.1109695434570312,
0,2.1104366779327393,
0,2.1104326248168945,
0,2.1104321479797363,
0,2.1104321479797363,
0,2.1104321479797363,
0,2.1104321479797363,
0,2.1104321479797363,
0,2.10927152633667,
0,2.108743667602539,
0,2.108738422393799,
0,2.108738422393799,
0,2.108738422393799,
0,2.108738422393799,
0,2.108738660812378,
0,2.108738422393799,
0,2.1075685024261475,
0,2.1070284843444824,
0,2.1070237159729004,
0,2.1070241928100586,
0,2.1070237159729004,
0,2.1070237159729004,
0,2.1070241928100586,
0,2.1070237159729004,
0,2.107006072998047,
0,2.1053380966186523,
0,2.1053340435028076,
0,2.1053338050842285,
0,2.1053338050842285,
0,2.1053338050842285,
0,2.1053340435028076,
0,2.1053338050842285,
0,2.1041927337646484,
0,2.1036815643310547,
0,2.1036767959594727,
0,2.1036767959594727,
0,2.1036767959594727,
0,2.1036767959594727,
0,2.1036767959594727,
0,2.1036767959594727,
0,2.1025302410125732,
0,2.1018800735473633,
0,2.1018757820129395,
0,2.1018757820129395,
0,2.1018757820129395,
0,2.1018753051757812,
0,2.1018757820129395,
0,2.1018753051757812,
0,2.1007018089294434,
0,2.100114107131958,
0,2.100109338760376,
0,2.100109100341797,
0,2.100109100341797,
0,2.100109338760376,
0,2.100109338760376,
0,2.100109100341797,
0,2.0989577770233154,
0,2.09836483001709,
0,2.098360300064087,
0,2.098360300064087,
0,2.098360300064087,
0,2.098360300064087,
0,2.098360061645508,
0,2.098360300064087,
0,2.0970945358276367,
0,2.096470832824707,
0,2.096465826034546,
0,2.096465826034546,
0,2.096465826034546,
0,2.096465826034546,
0,2.096465826034546,
0,2.096465826034546,
0,2.096447706222534,
0,2.094633102416992,
0,2.0946290493011475,
0,2.0946288108825684,
0,2.0946292877197266,
0,2.0946292877197266,
0,2.0946288108825684,
0,2.0946292877197266,
0,2.18953800201416,
0,2.1889126300811768,
0,2.0927371978759766,
0,2.0927371978759766,
0,2.0927367210388184,
0,2.0927367210388184,
0,2.0927367210388184,
0,2.0927367210388184,
0,2.0914931297302246,
0,2.0908305644989014,
0,2.0908255577087402,
0,2.0908255577087402,
0,2.090825319290161,
0,2.0908255577087402,
0,2.0908255577087402,
0,2.0908255577087402,
0,2.1862375736236572,
0,2.1855454444885254,
0,2.1855406761169434,
0,2.1855404376983643,
0,2.1855406761169434,
0,2.1855404376983643,
0,2.1855406761169434,
0,2.1855406761169434,
0,2.1845703125,
0,2.183920383453369,
0,2.183915853500366,
0,2.183915853500366,
0,2.183915853500366,
0,2.183915853500366,
0,2.183915853500366,
0,2.183915853500366,
0,2.086151123046875,
0,2.182013511657715,
0,2.1820085048675537,
0,2.1820085048675537,
0,2.1820085048675537,
0,2.1820085048675537,
0,2.1820085048675537,
0,2.1820085048675537,
0,2.0843887329101562,
0,2.0837326049804688,
0,2.0837275981903076,
0,2.0837275981903076,
0,2.0837275981903076,
0,2.0837273597717285,
0,2.0837275981903076,
0,2.0837273597717285,
0,2.082665205001831,
0,2.052082061767578,
0,2.0520756244659424,
0,2.0520756244659424,
0,2.052075147628784,
0,2.0520753860473633,
0,2.0520756244659424,
0,2.0520756244659424,
0,2.0510387420654297,
0,2.0504376888275146,
0,2.0504310131073,
0,2.0504310131073,
0,2.0504310131073,
0,2.0504310131073,
0,2.0504310131073,
0,2.0504310131073,
0,2.049398183822632,
0,2.0488500595092773,
0,2.0488431453704834,
0,2.0488429069519043,
0,2.0488431453704834,
0,2.0488429069519043,
0,2.0488429069519043,
0,2.0488429069519043,
0,2.0478198528289795,
0,2.0472800731658936,
0,2.047273635864258,
0,2.047273635864258,
0,2.0472733974456787,
0,2.047273874282837,
0,2.047273874282837,
0,2.047273635864258,
0,2.0462257862091064,
0,2.04569673538208,
0,2.045689582824707,
0,2.045689582824707,
0,2.045689582824707,
0,2.045689582824707,
0,2.045689582824707,
0,2.045689582824707,
0,2.0456721782684326,
0,2.0737144947052,
0,2.073709487915039,
0,2.073709487915039,
0,2.073709487915039,
0,2.073709487915039,
0,2.073709487915039,
0,2.073709726333618,
0,2.072634220123291,
0,2.072082996368408,
0,2.072077989578247,
0,2.072077989578247,
0,2.072077989578247,
0,2.072077751159668,
0,2.072077989578247,
0,2.072077989578247,
0,2.0720603466033936,
0,2.0705103874206543,
0,2.070504903793335,
0,2.070504665374756,
0,2.070504665374756,
0,2.070504903793335,
0,2.070504903793335,
0,2.070504665374756,
0,2.1661219596862793,
0,2.1655337810516357,
0,2.1655287742614746,
0,2.1655287742614746,
0,2.1655287742614746,
0,2.1655287742614746,
0,2.1655287742614746,
0,2.1655287742614746,
0,2.0678484439849854,
0,2.1637721061706543,
0,2.163766384124756,
0,2.163766860961914,
0,2.163766860961914,
0,2.163766384124756,
0,2.163766860961914,
0,2.163766622543335,
0,2.066237688064575,
0,2.0656886100769043,
0,2.065683364868164,
0,2.065683364868164,
0,2.065683364868164,
0,2.065683364868164,
0,2.065683364868164,
0,2.065683126449585,
0,2.0646750926971436,
0,2.0641279220581055,
0,2.064110517501831,
0,2.064110517501831,
0,2.064110279083252,
0,2.064110279083252,
0,2.064110040664673,
0,2.064110279083252,
0,2.0630950927734375,
0,2.0625483989715576,
0,2.0625433921813965,
0,2.0625433921813965,
0,2.0625433921813965,
0,2.0625433921813965,
0,2.0625433921813965,
0,2.0625433921813965,
0,2.0615203380584717,
0,2.06089448928833,
0,2.060889482498169,
0,2.06088924407959,
0,2.060889482498169,
0,2.06088924407959,
0,2.06088924407959,
0,2.06088924407959,
0,2.0599560737609863,
0,2.030189037322998,
0,2.030182123184204,
0,2.030182123184204,
0,2.030182123184204,
0,2.030182123184204,
0,2.030182123184204,
0,2.030182123184204,
0,2.0292270183563232,
0,2.0286755561828613,
0,2.0286684036254883,
0,2.0286684036254883,
0,2.028668165206909,
0,2.0286684036254883,
0,2.028668165206909,
0,2.0286684036254883,
0,2.0277459621429443,
0,2.0272607803344727,
0,2.0272533893585205,
0,2.0272536277770996,
0,2.0272536277770996,
0,2.0272536277770996,
0,2.0272536277770996,
0,2.0272533893585205,
0,2.026322841644287,
0,2.025785446166992,
0,2.02577805519104,
0,2.02577805519104,
0,2.02577805519104,
0,2.02577805519104,
0,2.02577805519104,
0,2.02577805519104,
0,2.1213417053222656,
0,2.120810031890869,
0,2.120802640914917,
0,2.120802640914917,
0,2.120802640914917,
0,2.120802640914917,
0,2.120802640914917,
0,2.120802640914917,
0,2.023373603820801,
0,2.022927761077881,
0,2.0229201316833496,
0,2.0229203701019287,
0,2.0229201316833496,
0,2.0229201316833496,
0,2.0229201316833496,
0,2.0229201316833496,
0,2.0219874382019043,
0,2.0215437412261963,
0,2.0215373039245605,
0,2.0215373039245605,
0,2.0215373039245605,
0,2.0215370655059814,
0,2.0215373039245605,
0,2.0215373039245605,
0,2.0215201377868652,
0,2.1166722774505615,
0,2.1166653633117676,
0,2.1166651248931885,
0,2.1166651248931885,
0,2.1166651248931885,
0,2.1166653633117676,
0,2.1166651248931885,
0,2.0191781520843506,
0,2.0186526775360107,
0,2.018646001815796,
0,2.018646001815796,
0,2.018646001815796,
0,2.018646001815796,
0,2.018646001815796,
0,2.018646001815796,
0,2.01772403717041,
0,2.0171830654144287,
0,2.0171761512756348,
0,2.0171761512756348,
0,2.0171761512756348,
0,2.0171761512756348,
0,2.0171761512756348,
0,2.0171761512756348,
0,2.0162436962127686,
0,2.0157010555267334,
0,2.015692949295044,
0,2.015693187713623,
0,2.015692949295044,
0,2.015692949295044,
0,2.015692949295044,
0,2.015693187713623,
0,2.0147805213928223,
0,2.014279842376709,
0,2.0142714977264404,
0,2.0142714977264404,
0,2.0142714977264404,
0,2.0142714977264404,
0,2.0142717361450195,
0,2.0142717361450195,
0,2.0133442878723145,
0,2.01282000541687,
0,2.0128114223480225,
0,2.0128114223480225,
0,2.0128111839294434,
0,2.0128114223480225,
0,2.0128114223480225,
0,2.0128114223480225,
0,2.011889934539795,
0,2.011364698410034,
0,2.011356830596924,
0,2.011356830596924,
0,2.011356830596924,
0,2.011356830596924,
0,2.011356830596924,
0,2.011356830596924,
0,2.010441303253174,
0,2.0098445415496826,
0,2.009835958480835,
0,2.009835958480835,
0,2.009835958480835,
0,2.009835958480835,
0,2.009835958480835,
0,2.009835958480835,
0,2.105381727218628,
0,2.0084352493286133,
0,2.0084080696105957,
0,2.0084080696105957,
0,2.0084080696105957,
0,2.0084080696105957,
0,2.0084080696105957,
0,2.0084080696105957,
0,2.1040525436401367,
0,2.103487968444824,
0,2.1034798622131348,
0,2.1034798622131348,
0,2.1034798622131348,
0,2.1034798622131348,
0,2.1034798622131348,
0,2.1034798622131348,
0,2.1026611328125,
0,2.0054821968078613,
0,2.005474328994751,
0,2.00547456741333,
0,2.00547456741333,
0,2.005474090576172,
0,2.00547456741333,
0,2.005474328994751,
0,2.004565954208374,
0,2.004025936126709,
0,2.0040178298950195,
0,2.0040178298950195,
0,2.0040178298950195,
0,2.0040178298950195,
0,2.0040178298950195,
0,2.0040178298950195,
0,2.0031113624572754,
0,2.002601385116577,
0,2.002593755722046,
0,2.002593517303467,
0,2.002593994140625,
0,2.002593755722046,
0,2.002593517303467,
0,2.002593517303467,
0,2.0016884803771973,
0,2.0011396408081055,
0,2.001131772994995,
0,2.001131534576416,
0,2.001131534576416,
0,2.001131772994995,
0,2.001131296157837,
0,2.001131534576416,
0,2.000218391418457,
0,1.999665379524231,
0,1.999657392501831,
0,1.9996575117111206,
0,1.999657392501831,
0,1.999657392501831,
0,1.9996575117111206,
0,1.9996575117111206,
0,2.0952296257019043,
0,2.0947089195251465,
0,2.094700813293457,
0,2.094700813293457,
0,2.094700336456299,
0,2.094700574874878,
0,2.094700574874878,
0,2.094700813293457,
0,1.9973245859146118,
0,1.9968066215515137,
0,1.9967982769012451,
0,1.996797800064087,
0,1.996798038482666,
0,1.996797800064087,
0,1.996797800064087,
0,1.9967982769012451,
0,1.9958940744400024,
0,1.9953513145446777,
0,1.995343565940857,
0,1.9953434467315674,
0,1.995343565940857,
0,1.995343565940857,
0,1.9953434467315674,
0,1.9953434467315674,
0,1.9944508075714111,
0,1.9939229488372803,
0,1.9939144849777222,
0,1.993914246559143,
0,1.9939144849777222,
0,1.9939144849777222,
0,1.9939144849777222,
0,1.993914246559143,
0,1.993009328842163,
0,2.0216352939605713,
0,2.021630048751831,
0,2.021629810333252,
0,2.021630048751831,
0,2.021629571914673,
0,2.021629810333252,
0,2.021630048751831,
0,2.0207228660583496,
0,2.0202560424804688,
0,2.0202503204345703,
0,2.0202505588531494,
0,2.0202503204345703,
0,2.0202503204345703,
0,2.0202503204345703,
0,2.0202507972717285,
0,2.0193405151367188,
0,2.0188663005828857,
0,2.0188612937927246,
0,2.0188612937927246,
0,2.0188612937927246,
0,2.0188612937927246,
0,2.0188612937927246,
0,2.0188612937927246,
0,2.114440679550171,
0,2.017498254776001,
0,2.01749324798584,
0,2.01749324798584,
0,2.01749324798584,
0,2.01749324798584,
0,2.01749324798584,
0,2.01749324798584,
0,2.0165555477142334,
0,2.1124520301818848,
0,2.112447500228882,
0,2.112447500228882,
0,2.112447500228882,
0,2.112447500228882,
0,2.112447500228882,
0,2.112447500228882,
0,2.1116504669189453,
0,2.014739990234375,
0,2.014723539352417,
0,2.014723539352417,
0,2.014723777770996,
0,2.014723539352417,
0,2.014723539352417,
0,2.014723539352417,
0,2.013826847076416,
0,2.013357162475586,
0,2.013352394104004,
0,2.013352394104004,
0,2.013352394104004,
0,2.013352394104004,
0,2.013352394104004,
0,2.013352394104004,
0,2.0124359130859375,
0,2.0119638442993164,
0,2.011958360671997,
0,2.011958360671997,
0,2.0119588375091553,
0,2.011958599090576,
0,2.011958599090576,
0,2.011958599090576,
0,2.011868715286255,
0,2.010523796081543,
0,2.01051926612854,
0,2.01051926612854,
0,2.010519027709961,
0,2.010519027709961,
0,2.010519027709961,
0,2.010519027709961,
0,2.0096075534820557,
0,2.0091586112976074,
0,2.009153127670288,
0,2.009153366088867,
0,2.0091536045074463,
0,2.009153366088867,
0,2.0091538429260254,
0,2.0091536045074463,
0,2.0082473754882812,
0,2.0076966285705566,
0,2.0076913833618164,
0,2.0076916217803955,
0,2.0076913833618164,
0,2.0076916217803955,
0,2.0076916217803955,
0,2.0076916217803955,
0,2.0067861080169678,
0,2.006227493286133,
0,2.006223201751709,
0,2.006222724914551,
0,2.006222724914551,
0,2.006222724914551,
0,2.006222724914551,
0,2.00622296333313,
0,2.005225658416748,
0,2.00469708442688,
0,2.0046920776367188,
0,2.0046920776367188,
0,2.004692554473877,
0,2.0046920776367188,
0,2.0046920776367188,
0,2.0046920776367188,
0,2.100454330444336,
0,2.003162145614624,
0,2.0031566619873047,
0,2.003156900405884,
0,2.0031566619873047,
0,2.0031566619873047,
0,2.003156900405884,
0,2.0031566619873047,
0,2.0021543502807617,
0,2.098581314086914,
0,2.098576784133911,
0,2.0985770225524902,
0,2.098576784133911,
0,2.0985770225524902,
0,2.098576784133911,
0,2.098576784133911,
0,2.0975494384765625,
0,2.0970044136047363,
0,2.0001773834228516,
0,2.0001773834228516,
0,2.0001776218414307,
0,2.0001776218414307,
0,2.0001773834228516,
0,2.0001771450042725,
0,2.096191883087158,
0,1.9700491428375244,
0,1.9700424671173096,
0,1.97004234790802,
0,1.97004234790802,
0,1.9700424671173096,
0,1.9700424671173096,
0,1.9700424671173096,
0,1.9691585302352905,
0,1.968643069267273,
0,1.968636393547058,
0,1.968636155128479,
0,1.968636393547058,
0,1.968636155128479,
0,1.968636155128479,
0,1.968636155128479,
0,1.9677557945251465,
0,1.967292070388794,
0,1.967284917831421,
0,1.967284917831421,
0,1.967284917831421,
0,1.967284917831421,
0,1.967284917831421,
0,1.967284917831421,
0,1.966402530670166,
0,1.9659700393676758,
0,1.9659628868103027,
0,1.9659631252288818,
0,1.9659631252288818,
0,1.9659631252288818,
0,1.9659631252288818,
0,1.9659628868103027,
0,1.9650838375091553,
0,1.9646366834640503,
0,1.9646296501159668,
0,1.9646295309066772,
0,1.9646294116973877,
0,1.9646294116973877,
0,1.9646296501159668,
0,1.9646297693252563,
0,1.9636738300323486,
0,1.9632461071014404,
0,1.9632389545440674,
0,1.9632391929626465,
0,1.9632389545440674,
0,1.9632391929626465,
0,1.9632391929626465,
0,1.9632391929626465,
0,1.962268352508545,
0,1.9617958068847656,
0,1.9617888927459717,
0,1.9617890119552612,
0,1.9617888927459717,
0,1.9617888927459717,
0,1.9617890119552612,
0,1.9617890119552612,
0,1.9608139991760254,
0,1.9603772163391113,
0,1.9603519439697266,
0,1.9603517055511475,
0,1.9603517055511475,
0,1.9603517055511475,
0,1.9603517055511475,
0,1.9603517055511475,
0,1.959399700164795,
0,2.0563602447509766,
0,2.0563530921936035,
0,2.0563530921936035,
0,2.0563526153564453,
0,2.0563530921936035,
0,2.0563526153564453,
0,2.0563526153564453,
0,2.055574893951416,
0,2.0550854206085205,
0,2.0550785064697266,
0,2.0550785064697266,
0,2.0550789833068848,
0,2.0550789833068848,
0,2.0550789833068848,
0,2.0550789833068848,
0,2.0540690422058105,
0,2.0536422729492188,
0,2.053635358810425,
0,2.053635358810425,
0,2.053635358810425,
0,2.053635358810425,
0,2.053635358810425,
0,2.053635597229004,
0,2.0528392791748047,
0,2.052415370941162,
0,2.0524086952209473,
0,2.0524086952209473,
0,2.0524086952209473,
0,2.0524086952209473,
0,2.0524086952209473,
0,2.0524086952209473,
0,1.9540820121765137,
0,2.0509982109069824,
0,2.050992012023926,
0,2.050992012023926,
0,2.050992012023926,
0,2.050992012023926,
0,2.050992012023926,
0,2.050992012023926,
0,1.9528101682662964,
0,1.9523512125015259,
0,1.9523427486419678,
0,1.9523427486419678,
0,1.9523427486419678,
0,1.9523426294326782,
0,1.9523426294326782,
0,1.9523426294326782,
0,1.9514787197113037,
0,1.9510369300842285,
0,1.951028823852539,
0,1.9510293006896973,
0,1.9510293006896973,
0,1.9510293006896973,
