worker_id,loss,class,skipped
0,2.3401236534118652,2,False
0,2.5904159545898438,1,False
0,5.240952014923096,1,False
0,3.15067982673645,0,False
0,4.776823043823242,1,False
0,5.637155055999756,1,False
0,1.446661114692688,2,False
0,5.145752906799316,1,False
0,6.864962100982666,2,False
0,5.160458564758301,1,False
0,0.9191358685493469,0,False
0,1.480576753616333,0,False
0,5.4548420906066895,1,False
0,2.5961756706237793,1,False
0,4.6564130783081055,2,False
0,1.0680053234100342,0,False
0,4.28439998626709,0,False
0,2.4179563522338867,0,False
0,1.6270177364349365,0,False
0,1.9205234050750732,0,False
0,5.222136497497559,1,False
0,3.2630927562713623,1,False
0,1.5371791124343872,0,False
0,3.786621570587158,0,False
0,2.3749051094055176,1,False
0,1.0567600727081299,0,False
0,1.0779902935028076,0,False
0,6.059560775756836,1,False
0,2.411414623260498,2,False
0,4.974661827087402,1,False
0,1.4485445022583008,0,False
0,0.9737442135810852,0,False
0,2.624549388885498,2,False
0,5.433187484741211,1,False
0,4.1983489990234375,2,False
0,4.696976661682129,1,False
0,4.258213043212891,2,False
0,1.8656961917877197,0,False
0,3.438474178314209,2,False
0,1.9093871116638184,2,False
0,6.145998954772949,2,False
0,1.4295904636383057,0,False
0,4.447016716003418,2,False
0,1.8549761772155762,1,False
0,3.916133165359497,2,False
0,1.9496502876281738,1,False
0,2.129516124725342,2,False
0,2.592452049255371,0,False
0,5.338387966156006,1,False
0,2.124694585800171,2,False
0,1.9408957958221436,1,False
0,5.152162551879883,2,False
0,6.063002586364746,2,False
0,3.0687050819396973,2,False
0,0.9025499820709229,0,False
0,7.056458473205566,2,False
0,4.544926166534424,2,False
0,3.567413330078125,0,False
0,5.668136119842529,2,False
0,4.639138221740723,1,False
0,5.11525821685791,1,False
0,4.820391654968262,1,False
0,2.4222474098205566,1,False
0,0.9216032028198242,0,False
0,5.820255279541016,1,False
0,4.526371002197266,2,False
0,0.927341878414154,0,False
0,0.6678992509841919,0,False
0,1.5004901885986328,0,False
0,0.9480808973312378,0,False
0,1.6332157850265503,0,False
0,7.87630558013916,2,False
0,1.9845389127731323,0,False
0,0.6890990138053894,0,False
0,4.56544303894043,1,False
0,2.0976407527923584,2,False
0,2.036113739013672,0,False
0,1.3667927980422974,0,False
0,4.458642959594727,2,False
0,1.3316351175308228,0,False
0,2.828951120376587,2,False
0,6.2977824211120605,2,False
0,4.331014633178711,2,False
0,3.672642707824707,0,False
0,2.8167884349823,2,False
0,2.1865038871765137,0,False
0,4.264902114868164,1,False
0,0.900589644908905,0,False
0,6.3632612228393555,2,False
0,1.3896609544754028,0,False
0,1.9765020608901978,0,False
0,4.752730846405029,1,False
0,6.369077682495117,2,False
0,4.2871599197387695,1,False
0,1.2846994400024414,0,False
0,4.837545394897461,1,False
0,2.298067092895508,2,False
0,2.634312868118286,1,False
0,2.3204517364501953,1,False
0,4.857364654541016,2,False
0,4.974581718444824,1,False
0,0.6251277923583984,0,False
0,6.056379318237305,2,False
0,5.0203070640563965,1,False
0,1.4507683515548706,0,False
0,4.4715256690979,1,False
0,3.1047372817993164,1,False
0,2.614169120788574,1,False
0,3.6439340114593506,1,False
0,7.324143409729004,2,False
0,1.6343004703521729,0,False
0,3.1282873153686523,0,False
0,6.5587358474731445,2,False
0,5.166574478149414,1,False
0,1.3298115730285645,1,False
0,5.096589088439941,1,False
0,5.000739574432373,1,False
0,4.463141918182373,1,False
0,0.8282324075698853,0,False
0,3.7084460258483887,2,False
0,1.3036391735076904,0,False
0,1.2710131406784058,0,False
0,1.0363281965255737,0,False
0,5.374452114105225,2,False
0,0.8187406659126282,0,False
0,4.42995548248291,2,False
0,2.2377676963806152,2,False
0,6.207261085510254,2,False
0,3.3649258613586426,1,False
0,0.8250152468681335,0,False
0,3.1267759799957275,1,False
0,1.4095443487167358,1,False
0,4.767156600952148,1,False
0,2.643798351287842,2,False
0,4.627782821655273,1,False
0,4.391034126281738,2,False
0,3.5703506469726562,2,False
0,1.3672056198120117,0,False
0,2.871957778930664,2,False
0,4.533915042877197,1,False
0,4.1626505851745605,1,False
0,5.274301052093506,2,False
0,2.6622209548950195,2,False
0,6.402335166931152,2,False
0,5.19744873046875,0,False
0,3.4491100311279297,2,False
0,4.433994770050049,1,False
0,5.856827735900879,2,False
0,0.8105074763298035,0,False
0,2.464360237121582,0,False
0,2.936922550201416,2,False
0,6.392112731933594,2,False
0,1.3894140720367432,0,False
0,2.822342872619629,2,False
0,6.01447868347168,2,False
0,3.0308728218078613,1,False
0,0.8463837504386902,0,False
0,3.5642757415771484,0,False
0,0.9797074198722839,0,False
0,4.309978485107422,1,False
0,2.6918551921844482,0,False
0,4.043978691101074,0,False
0,2.830756664276123,2,False
0,4.423623085021973,1,False
0,1.831174612045288,1,False
0,4.323746204376221,2,False
0,0.7798249125480652,0,False
0,2.3266258239746094,1,False
0,0.7952738404273987,0,False
0,3.5844204425811768,1,False
0,2.0299441814422607,0,False
0,2.2838687896728516,1,False
0,2.667968273162842,2,False
0,4.084942817687988,1,False
0,4.604513168334961,1,False
0,7.180564880371094,2,False
0,4.248112678527832,2,False
0,1.3105602264404297,1,False
0,1.3331881761550903,0,False
0,1.813242793083191,0,False
0,3.55999755859375,2,False
0,3.4144153594970703,2,False
0,2.750044822692871,2,False
0,2.798297643661499,2,False
0,2.136043071746826,2,False
0,1.8353636264801025,1,False
0,1.2811249494552612,1,False
0,4.583462238311768,1,False
0,2.4321296215057373,0,False
0,2.4057981967926025,2,False
0,2.275557518005371,1,False
0,1.413267970085144,0,False
0,0.7760606408119202,0,False
0,4.530782222747803,1,False
0,0.837960958480835,0,False
0,2.1403555870056152,2,False
0,1.4423750638961792,0,False
0,3.2888855934143066,2,False
0,3.358912944793701,2,False
0,2.104853630065918,2,False
0,4.634006500244141,1,False
0,2.031334638595581,0,False
0,3.2953591346740723,1,False
0,4.599711894989014,2,False
0,1.553145408630371,0,False
0,1.303920865058899,0,False
0,2.696133613586426,2,False
0,2.3971149921417236,1,False
0,2.1752207279205322,1,False
0,4.665841579437256,1,False
0,3.0006563663482666,1,False
0,0.5303031206130981,0,False
0,1.849095344543457,0,False
0,1.4702732563018799,0,False
0,0.718292772769928,0,False
0,1.4196772575378418,0,False
0,3.0292716026306152,1,False
0,1.204545021057129,2,False
0,2.7016422748565674,1,False
0,5.930749893188477,2,False
0,0.7275211811065674,0,False
0,4.9463653564453125,2,False
0,1.371767520904541,1,False
0,2.7820894718170166,2,False
0,3.6478567123413086,2,False
0,2.0189661979675293,1,False
0,1.412264108657837,0,False
0,5.104669094085693,0,False
0,1.350163221359253,0,False
0,6.807350158691406,2,False
0,4.0971784591674805,2,False
0,2.338766574859619,1,False
0,2.3895962238311768,1,False
0,2.49539852142334,1,False
0,1.337478756904602,0,False
0,6.640949249267578,2,False
0,4.827803611755371,1,False
0,3.926663398742676,2,False
0,2.6922788619995117,2,False
0,2.0403079986572266,0,False
0,2.1578946113586426,0,False
0,4.66288423538208,1,False
0,2.74086332321167,1,False
0,2.790457248687744,1,False
0,3.0138907432556152,2,False
0,3.6480209827423096,2,False
0,1.3714078664779663,0,False
0,4.686698913574219,1,False
0,3.9819819927215576,2,False
0,4.391407489776611,1,False
0,1.2789913415908813,0,False
0,1.0261975526809692,0,False
0,2.28861927986145,0,False
0,1.9628053903579712,2,False
0,1.5957608222961426,0,False
0,2.202852487564087,0,False
0,2.4456639289855957,1,False
0,3.8621363639831543,2,False
0,1.8237698078155518,1,False
0,2.3051178455352783,2,False
0,4.022228240966797,2,False
0,2.8902852535247803,1,False
0,2.1424896717071533,1,False
0,1.7655390501022339,1,False
0,1.1207084655761719,0,False
0,3.678743362426758,1,False
0,2.8502206802368164,1,False
0,4.026483535766602,1,False
0,0.4847765564918518,0,False
0,3.6903634071350098,1,False
0,2.5658974647521973,1,False
0,3.989133358001709,2,False
0,3.9647741317749023,1,False
0,1.9629707336425781,0,False
0,6.3229217529296875,2,False
0,0.6608450412750244,0,False
0,3.340149164199829,2,False
0,3.233150005340576,2,False
0,3.7600088119506836,2,False
0,2.421846389770508,1,False
0,2.987255573272705,0,False
0,2.765916585922241,2,False
0,5.7165679931640625,2,False
0,2.3167805671691895,1,False
0,2.202268123626709,0,False
0,5.006587982177734,1,False
0,2.5180091857910156,0,False
0,0.6335135698318481,0,False
0,6.241238594055176,2,False
0,2.247527599334717,0,False
0,2.398232936859131,0,False
0,2.2647042274475098,0,False
0,0.9111037850379944,0,False
0,1.6934014558792114,2,False
0,1.1917147636413574,0,False
0,3.9677343368530273,1,False
0,7.519817352294922,2,False
0,2.382373809814453,1,False
0,4.183468818664551,2,False
0,4.616444110870361,2,False
0,2.9796142578125,2,False
0,3.0905303955078125,2,False
0,1.7678722143173218,0,False
0,2.398632049560547,2,False
0,0.8720282912254333,0,False
0,1.6195454597473145,0,False
0,2.8500936031341553,2,False
0,2.5594322681427,1,False
0,0.45047515630722046,0,False
0,1.1007590293884277,0,False
0,1.7341971397399902,0,False
0,3.337693691253662,2,False
0,6.948022365570068,2,False
0,3.366304397583008,1,False
0,2.1180574893951416,0,False
0,3.851053237915039,2,False
0,4.0425920486450195,1,False
0,1.5795891284942627,0,False
0,0.8613697290420532,0,False
0,3.964550733566284,1,False
0,2.210449457168579,1,False
0,4.205073356628418,1,False
0,3.3604722023010254,1,False
0,1.4167454242706299,1,False
0,0.425411194562912,0,False
0,3.5241692066192627,2,False
0,2.2419581413269043,1,False
0,2.344865322113037,2,False
0,4.63536262512207,2,False
0,1.9642971754074097,1,False
0,1.4455043077468872,0,False
0,3.1108155250549316,2,False
0,2.263082504272461,1,False
0,1.8579879999160767,1,False
0,3.052395820617676,1,False
0,4.404338836669922,1,False
0,2.5945708751678467,0,False
0,2.4028635025024414,1,False
0,2.573032855987549,2,False
0,1.696742296218872,0,False
0,3.7352306842803955,1,False
0,2.533414602279663,1,False
0,2.147263765335083,0,False
0,3.481330156326294,1,False
0,1.4257298707962036,0,False
0,2.7792418003082275,2,False
0,2.468688488006592,0,False
0,1.6521919965744019,0,False
0,2.7923014163970947,2,False
0,3.392054319381714,2,False
0,2.1257805824279785,2,False
0,1.5940033197402954,0,False
0,2.403705596923828,0,False
0,2.4891791343688965,2,False
0,4.97981071472168,2,False
0,3.4860920906066895,2,False
0,5.192110061645508,2,False
0,2.5373969078063965,0,False
0,3.6619937419891357,1,False
0,1.327033519744873,0,False
0,2.033200979232788,1,False
0,1.6927374601364136,2,False
0,1.7467327117919922,0,False
0,2.2678956985473633,1,False
0,3.455737829208374,1,False
0,2.3897011280059814,2,False
0,1.308599829673767,0,False
0,1.542791485786438,0,False
0,3.2267909049987793,2,False
0,1.9420621395111084,0,False
0,2.7171242237091064,1,False
0,2.1917097568511963,1,False
0,2.742730140686035,2,False
0,2.266402244567871,0,False
0,3.8955631256103516,1,False
0,2.444133758544922,1,False
0,3.6704046726226807,2,False
0,1.4669619798660278,0,False
0,4.478111267089844,2,False
0,4.397817611694336,1,False
0,3.665574073791504,0,False
0,2.464959144592285,1,False
0,3.57692813873291,1,False
0,2.182037591934204,0,False
0,3.586365222930908,1,False
0,3.520925283432007,2,False
0,4.826998710632324,2,False
0,3.3923635482788086,2,False
0,3.750694751739502,2,False
0,3.161343574523926,1,False
0,3.3987793922424316,1,False
0,2.531683921813965,2,False
0,2.303021192550659,0,False
0,3.5626285076141357,1,False
0,1.464432954788208,1,False
0,5.932544231414795,2,False
0,2.401365041732788,1,False
0,2.141331911087036,0,False
0,3.329746723175049,2,False
0,6.431394577026367,2,False
0,2.334080219268799,0,False
0,2.693093776702881,2,False
0,4.19265079498291,2,False
0,0.9023956656455994,0,False
0,4.370823383331299,0,False
0,2.1556084156036377,1,False
0,1.9611830711364746,1,False
0,3.1453351974487305,2,False
0,2.629976511001587,1,False
0,3.792839765548706,1,False
0,7.738679885864258,2,False
0,2.2700300216674805,1,False
0,2.230456590652466,0,False
0,2.626649856567383,0,False
0,2.5984034538269043,2,False
0,3.98929500579834,2,False
0,3.3946361541748047,2,False
0,5.785841941833496,2,False
0,2.504648208618164,0,False
0,1.3262752294540405,0,False
0,2.5977277755737305,1,False
0,5.226191997528076,2,False
0,1.9286916255950928,0,False
0,3.0396339893341064,2,False
0,1.4816975593566895,1,False
0,1.2321159839630127,0,False
0,2.382242441177368,1,False
0,4.6938886642456055,2,False
0,3.8049378395080566,1,False
0,2.2534899711608887,1,False
0,2.452180862426758,1,False
0,5.222650527954102,2,False
0,1.884789228439331,2,False
0,4.877696514129639,0,False
0,1.4757457971572876,0,False
0,2.6600027084350586,0,False
0,2.367077350616455,0,False
0,2.22029972076416,0,False
0,1.5106297731399536,0,False
0,2.309176445007324,1,False
0,2.1928350925445557,0,False
0,4.131294250488281,2,False
0,1.13983154296875,0,False
0,2.4924819469451904,0,False
0,2.378415584564209,0,False
0,4.114645957946777,1,False
0,2.6591663360595703,1,False
0,1.9519094228744507,2,False
0,1.640363335609436,1,False
0,2.3644638061523438,2,False
0,0.7700083255767822,0,False
0,3.4338955879211426,1,False
0,3.6187827587127686,1,False
0,2.349393367767334,0,False
0,1.9179006814956665,2,False
0,6.513185024261475,2,False
0,2.5689871311187744,1,False
0,2.151998281478882,0,False
0,2.011657476425171,1,False
0,1.9954609870910645,1,False
0,3.6935863494873047,2,False
0,2.4113521575927734,0,False
0,3.4962735176086426,2,False
0,4.114819049835205,2,False
0,5.54177713394165,1,False
0,1.4157538414001465,0,False
0,1.939016580581665,2,False
0,2.451683282852173,0,False
0,3.5827813148498535,1,False
0,2.4052658081054688,1,False
0,2.238861083984375,2,False
0,4.202103614807129,1,False
0,1.4250260591506958,0,False
0,2.0422964096069336,0,False
0,5.5746355056762695,2,False
0,2.3617734909057617,1,False
0,2.571816921234131,1,False
0,3.6907663345336914,2,False
0,2.360581159591675,0,False
0,1.9423911571502686,1,False
0,4.8544464111328125,1,False
0,1.4758249521255493,1,False
0,3.9387669563293457,2,False
0,2.2070505619049072,0,False
0,2.205995559692383,0,False
0,2.615457534790039,1,False
0,2.460570812225342,1,False
0,3.9495694637298584,0,False
0,1.5730831623077393,2,False
0,5.7834320068359375,2,False
0,3.390289545059204,2,False
0,1.8725552558898926,1,False
0,0.8810012340545654,0,False
0,2.0078186988830566,1,False
0,1.5413991212844849,0,False
0,3.8049607276916504,2,False
0,2.7079992294311523,2,False
0,3.2518720626831055,1,False
0,1.4098782539367676,0,False
0,1.2150768041610718,0,False
0,4.7312140464782715,2,False
0,0.5265601873397827,0,False
0,3.564614772796631,2,False
0,2.1728813648223877,0,False
0,4.321571350097656,1,False
0,3.3818717002868652,2,False
0,2.03212571144104,1,False
0,2.251861333847046,2,False
0,2.3444271087646484,1,False
0,2.1934096813201904,0,False
0,1.6506718397140503,0,False
0,3.6805524826049805,2,False
0,3.0640387535095215,2,False
0,1.069228172302246,0,False
0,0.5161614418029785,0,False
0,0.37501028180122375,0,False
0,1.4670549631118774,0,False
0,2.010831117630005,1,False
0,0.5322718620300293,0,False
0,1.995396614074707,2,False
0,2.0918660163879395,2,False
0,2.4328513145446777,2,False
0,5.1388702392578125,1,False
0,2.333597421646118,1,False
0,4.77652645111084,2,False
0,4.291478157043457,1,False
0,3.343710422515869,2,False
0,1.8263568878173828,2,False
0,0.41167154908180237,0,False
0,4.787246227264404,2,False
0,2.4533028602600098,1,False
0,1.56870436668396,0,False
0,1.1322309970855713,0,False
0,0.5726101398468018,0,False
0,0.5543903708457947,0,False
0,1.7702398300170898,1,False
0,2.3307831287384033,2,False
0,1.3903050422668457,0,False
0,1.0820038318634033,0,False
0,1.4805055856704712,0,False
0,1.3706083297729492,0,False
0,1.48046875,1,False
0,1.0826828479766846,0,False
0,4.318514823913574,1,False
0,2.293466091156006,0,False
0,2.480006217956543,1,False
0,2.2429909706115723,2,False
0,0.506895899772644,0,False
0,3.9285597801208496,2,False
0,2.9948699474334717,1,False
0,5.487842082977295,2,False
0,3.9195570945739746,0,False
0,0.49306032061576843,0,False
0,6.1257219314575195,2,False
0,1.2975519895553589,0,False
0,8.159496307373047,2,False
0,3.8696630001068115,2,False
0,2.6279654502868652,2,False
0,1.9423277378082275,1,False
0,3.1545464992523193,2,False
0,2.15437650680542,1,False
0,4.31816291809082,1,False
0,4.816340923309326,0,False
0,3.464299201965332,2,False
0,3.0058889389038086,2,False
0,3.2826223373413086,1,False
0,5.866909027099609,2,False
0,1.3480106592178345,0,False
0,3.985835075378418,2,False
0,2.0141963958740234,0,False
0,2.1751532554626465,1,False
0,2.6923775672912598,2,False
0,2.2605655193328857,2,False
0,1.0842008590698242,0,False
0,2.05796217918396,0,False
0,3.179473876953125,2,False
0,4.665737628936768,1,False
0,2.619103193283081,1,False
0,2.3954200744628906,1,False
0,1.4975782632827759,0,False
0,3.7532780170440674,2,False
0,4.77680778503418,2,False
0,1.9123754501342773,1,False
0,2.5495243072509766,1,False
0,2.6619820594787598,2,False
0,4.840628623962402,1,False
0,0.7078125476837158,0,False
0,1.931925892829895,1,False
0,2.8827929496765137,2,False
0,1.4887341260910034,0,False
0,2.300307512283325,1,False
0,1.946000337600708,1,False
0,1.0603485107421875,0,False
0,2.5944581031799316,1,False
0,2.8356966972351074,1,False
0,7.327716827392578,1,False
0,3.317211151123047,2,False
0,4.587723731994629,1,False
0,2.9301815032958984,2,False
0,1.4978361129760742,0,False
0,2.1803934574127197,2,False
0,1.3133732080459595,0,False
0,1.3697253465652466,0,False
0,1.9654958248138428,1,False
0,3.7475051879882812,2,False
0,2.0640008449554443,0,False
0,1.9148385524749756,1,False
0,1.610381841659546,0,False
0,1.9708327054977417,0,False
0,1.0744081735610962,0,False
0,7.218367576599121,1,False
0,1.6801621913909912,1,False
0,0.5300028920173645,0,False
0,1.067581057548523,0,False
0,2.5935592651367188,1,False
0,1.377504825592041,0,False
0,1.4939688444137573,0,False
0,3.5841150283813477,2,False
0,3.8674325942993164,1,False
0,3.8241167068481445,2,False
0,2.695455551147461,2,False
0,1.7537903785705566,0,False
0,2.007676601409912,0,False
0,5.12489128112793,2,False
0,2.578533172607422,1,False
0,2.3854267597198486,1,False
0,0.5044006109237671,0,False
0,2.3219516277313232,1,False
0,4.717624664306641,1,False
0,1.842543125152588,0,False
0,3.692138433456421,2,False
0,2.011019229888916,0,False
0,0.5419113039970398,0,False
0,5.28045654296875,2,False
0,2.3739984035491943,1,False
0,2.2114529609680176,1,False
0,0.6972291469573975,0,False
0,0.5251790285110474,0,False
0,4.874727249145508,1,False
0,5.492930889129639,1,False
0,3.9078259468078613,0,False
0,4.793489456176758,2,False
0,0.34120041131973267,0,False
0,5.212693214416504,1,False
0,1.4669623374938965,0,False
0,1.8666926622390747,2,False
0,2.2287349700927734,2,False
0,1.7301807403564453,0,False
0,5.5286102294921875,2,False
0,3.0304617881774902,2,False
0,5.0450544357299805,2,False
0,1.457314372062683,0,False
0,3.7969119548797607,1,False
0,2.0695762634277344,1,False
0,1.893904685974121,1,False
0,1.359816312789917,2,False
0,1.4825618267059326,1,False
0,3.0454158782958984,2,False
0,2.4676249027252197,1,False
0,8.314767837524414,2,False
0,6.134596347808838,2,False
0,2.224991798400879,1,False
0,1.3639025688171387,0,False
0,1.4147183895111084,0,False
0,2.0947158336639404,1,False
0,4.427811622619629,2,False
0,2.5744197368621826,1,False
0,3.853175163269043,1,False
0,2.7548086643218994,1,False
0,2.123197555541992,1,False
0,2.721057891845703,1,False
0,3.190582036972046,2,False
0,1.486328125,1,False
0,0.4515555202960968,0,False
0,2.2652175426483154,1,False
0,1.9835891723632812,0,False
0,3.8443403244018555,2,False
0,3.1720666885375977,2,False
0,1.9601432085037231,1,False
0,3.268965244293213,2,False
0,3.7919607162475586,1,False
0,2.7026076316833496,2,False
0,2.383944511413574,2,False
0,2.3663742542266846,2,False
0,5.284883499145508,2,False
0,1.1900591850280762,0,False
0,5.39749002456665,2,False
0,2.3554799556732178,1,False
0,1.5696378946304321,1,False
0,1.187308430671692,0,False
0,2.0996689796447754,0,False
0,1.4400838613510132,0,False
0,2.0092058181762695,2,False
0,1.447681188583374,0,False
0,1.9300134181976318,1,False
0,2.2900431156158447,2,False
0,4.252240180969238,2,False
0,4.194558143615723,1,False
0,2.5326919555664062,2,False
0,1.173593521118164,0,False
0,1.5063354969024658,0,False
0,4.132214546203613,1,False
0,4.435003757476807,2,False
0,1.4316996335983276,0,False
0,6.0643157958984375,1,False
0,2.4966182708740234,1,False
0,3.921499490737915,0,False
0,3.1491775512695312,2,False
0,1.4652494192123413,0,False
0,4.051589488983154,1,False
0,1.3124936819076538,0,False
0,2.1942992210388184,0,False
0,1.5032095909118652,0,False
0,4.780214309692383,2,False
0,0.8576973676681519,0,False
0,1.7479615211486816,2,False
0,2.171910524368286,2,False
0,3.3763434886932373,2,False
0,1.4917628765106201,1,False
0,1.6212303638458252,0,False
0,2.5583701133728027,1,False
0,3.118314743041992,2,False
0,2.6578943729400635,1,False
0,4.559115886688232,0,False
0,2.556795835494995,1,False
0,3.6566076278686523,2,False
0,2.296921968460083,2,False
0,3.676501750946045,1,False
0,2.7127163410186768,0,False
0,1.4016379117965698,0,False
0,1.1754120588302612,0,False
0,1.4120339155197144,0,False
0,2.606506824493408,2,False
0,2.7976906299591064,2,False
0,1.5314042568206787,1,False
0,3.547438144683838,2,False
0,1.8410179615020752,1,False
0,2.5479109287261963,1,False
0,2.1140329837799072,2,False
0,2.2072792053222656,2,False
0,3.342421770095825,2,False
0,1.67751145362854,0,False
0,2.2059226036071777,2,False
0,1.800140142440796,1,False
0,4.318559646606445,1,False
0,0.6618155241012573,0,False
0,2.872835159301758,1,False
0,4.160286903381348,2,False
0,1.815983772277832,0,False
0,3.183504343032837,2,False
0,3.079559803009033,2,False
0,4.076545715332031,1,False
0,3.935612440109253,1,False
0,1.2363094091415405,0,False
0,2.3293023109436035,1,False
0,3.091829538345337,1,False
0,3.00101375579834,1,False
0,3.4157848358154297,2,False
0,1.3929568529129028,0,False
0,3.998728036880493,0,False
0,1.0959967374801636,1,False
0,1.2087244987487793,0,False
0,4.780962944030762,2,False
0,2.1113593578338623,0,False
0,2.0064573287963867,0,False
0,2.716946840286255,2,False
0,2.724597930908203,2,False
0,2.513245105743408,2,False
0,2.3910324573516846,2,False
0,5.439826011657715,2,False
0,1.007110357284546,0,False
0,1.63283371925354,0,False
0,1.3626786470413208,0,False
0,1.4777650833129883,0,False
0,3.877084255218506,2,False
0,1.3328957557678223,0,False
0,2.7770233154296875,2,False
0,4.476894378662109,2,False
0,2.533398389816284,2,False
0,3.3385982513427734,2,False
0,2.1135194301605225,2,False
0,1.4890682697296143,1,False
0,2.0754334926605225,2,False
0,3.845754623413086,1,False
0,1.3203129768371582,0,False
0,1.2788811922073364,0,False
0,0.7725182771682739,0,False
0,1.7301602363586426,0,False
0,1.872747778892517,0,False
0,2.5687503814697266,2,False
0,2.2873315811157227,1,False
0,1.3897364139556885,0,False
0,1.3102943897247314,0,False
0,1.7475717067718506,0,False
0,4.295382499694824,2,False
0,1.7997229099273682,1,False
0,1.1594016551971436,2,False
0,1.4484573602676392,0,False
0,3.362901449203491,2,False
0,2.825237989425659,1,False
0,1.958683967590332,1,False
0,1.397025227546692,0,False
0,2.335526943206787,2,False
0,1.4860942363739014,1,False
0,2.3815722465515137,0,False
0,0.8759841918945312,0,False
0,4.914306640625,2,False
0,4.235779762268066,1,False
0,2.181743621826172,0,False
0,3.9026639461517334,2,False
0,3.0721435546875,2,False
0,3.1406612396240234,1,False
0,2.714191436767578,2,False
0,2.3784241676330566,1,False
0,1.428565502166748,0,False
0,1.2027838230133057,0,False
0,2.50652813911438,1,False
0,4.718896865844727,2,False
0,1.5821409225463867,1,False
0,2.4484682083129883,1,False
0,2.29310941696167,2,False
0,1.4658877849578857,0,False
0,3.421929121017456,2,False
0,2.218228340148926,2,False
0,3.518444299697876,1,False
0,1.288914680480957,0,False
0,1.5773054361343384,0,False
0,2.4984209537506104,1,False
0,1.3972681760787964,0,False
0,1.5147881507873535,0,False
0,3.0901894569396973,1,False
0,1.4049904346466064,0,False
0,1.498046875,1,False
0,1.0894523859024048,0,False
0,1.8029032945632935,1,False
0,2.061728000640869,2,False
0,3.3030786514282227,1,False
0,2.3212080001831055,1,False
0,2.441643714904785,1,False
0,2.166060447692871,2,False
0,3.4947986602783203,1,False
0,0.6620640754699707,0,False
0,2.3457858562469482,1,False
0,4.4034600257873535,2,False
0,3.1685283184051514,1,False
0,2.219003677368164,2,False
0,0.3198215067386627,0,False
0,1.62809419631958,0,False
0,1.5776206254959106,0,False
0,3.41194224357605,1,False
0,1.9230501651763916,1,False
0,2.2721588611602783,2,False
0,2.4097187519073486,1,False
0,1.4921875,1,False
0,3.299075126647949,2,False
0,1.487104892730713,1,False
0,2.151176929473877,0,False
0,0.9760979413986206,0,False
0,3.7483675479888916,2,False
0,1.7571394443511963,2,False
0,1.0819251537322998,1,False
0,3.414896011352539,1,False
0,5.197149276733398,2,False
0,3.8230533599853516,1,False
0,2.1897685527801514,0,False
0,4.332080364227295,1,False
0,3.796659469604492,2,False
0,2.7317962646484375,1,False
0,1.2851901054382324,0,False
0,2.7517549991607666,2,False
0,1.4873046875,1,False
0,1.383013367652893,0,False
0,2.2432260513305664,1,False
0,2.442863702774048,1,False
0,1.3227946758270264,0,False
0,2.413951873779297,1,False
0,1.2638200521469116,2,False
0,1.3141659498214722,0,False
0,2.1935768127441406,0,False
0,5.138549327850342,2,False
0,2.7050435543060303,0,False
0,4.083243370056152,1,False
0,2.6653130054473877,2,False
0,2.110879421234131,2,False
0,7.802370071411133,2,False
0,2.787537097930908,2,False
0,2.5993449687957764,1,False
0,4.277472019195557,1,False
0,2.3006513118743896,2,False
0,5.542976379394531,2,False
0,2.2054572105407715,0,False
0,4.359160900115967,0,False
0,3.2808029651641846,1,False
0,3.1519007682800293,2,False
0,5.673199653625488,1,False
0,2.124864101409912,0,False
0,4.006303310394287,2,False
0,3.0904858112335205,1,False
0,1.5025454759597778,0,False
0,3.115983486175537,2,False
0,0.6764988899230957,0,False
0,2.335695266723633,1,False
0,2.11811900138855,2,False
0,1.4666062593460083,0,False
0,1.3888752460479736,0,False
0,3.495743751525879,1,False
0,1.9363833665847778,1,False
0,2.265303373336792,2,False
0,1.1940430402755737,2,False
0,1.2925423383712769,0,False
0,3.1940135955810547,1,False
0,2.392022132873535,1,False
0,4.49448299407959,2,False
0,2.2801241874694824,1,False
0,1.8477569818496704,0,False
0,2.148448944091797,0,False
0,2.7446675300598145,1,False
0,3.4359848499298096,1,False
0,2.2485923767089844,2,False
0,4.01111364364624,2,False
0,1.391951084136963,0,False
0,1.336409330368042,0,False
0,1.3198238611221313,0,False
0,2.2429733276367188,1,False
0,7.842471122741699,2,False
0,3.9802932739257812,0,False
0,1.9839138984680176,0,False
0,1.4677734375,1,False
0,1.46484375,1,False
0,2.22300124168396,1,False
0,1.8777058124542236,1,False
0,1.8325748443603516,0,False
0,3.009866237640381,1,False
0,1.4821281433105469,0,False
0,1.2424020767211914,0,False
0,3.416623115539551,2,False
0,4.196399688720703,2,False
0,2.544894218444824,2,False
0,0.8654187321662903,0,False
0,1.3870158195495605,0,False
0,1.4381414651870728,0,False
0,2.533278226852417,2,False
0,2.4185943603515625,2,False
0,1.4152073860168457,2,False
0,1.2625620365142822,0,False
0,2.202775478363037,0,False
0,2.9866409301757812,2,False
0,1.1880933046340942,0,False
0,1.6441885232925415,1,False
0,4.591042518615723,2,False
0,1.8691954612731934,0,False
0,4.148017406463623,1,False
0,4.349127769470215,2,False
0,3.66742205619812,2,False
0,2.098083019256592,2,False
0,3.0880370140075684,2,False
0,2.9165518283843994,1,False
0,1.6623332500457764,2,False
0,0.818490743637085,0,False
0,2.4891762733459473,2,False
0,2.3591628074645996,1,False
0,4.614002704620361,2,False
0,6.678355693817139,2,False
0,3.262951374053955,2,False
0,2.3430490493774414,1,False
0,2.2435359954833984,1,False
0,1.4609375,1,False
0,2.888725996017456,2,False
0,3.825235366821289,1,False
0,0.45875078439712524,0,False
0,1.500049114227295,2,False
0,0.44615718722343445,0,False
0,1.9031593799591064,1,False
0,1.0969452857971191,0,False
0,1.505178689956665,1,False
0,3.123868465423584,2,False
0,1.6019781827926636,0,False
0,2.1420860290527344,0,False
0,5.75355339050293,1,False
0,2.7483997344970703,1,False
0,1.4124457836151123,0,False
0,3.4187748432159424,1,False
0,3.750638961791992,2,False
0,4.552198886871338,1,False
0,1.3542046546936035,0,False
0,3.888435125350952,2,False
0,1.1924760341644287,0,False
0,2.3890860080718994,1,False
0,2.2272746562957764,1,False
0,2.044376850128174,2,False
0,3.8624379634857178,2,False
0,5.049306869506836,2,False
0,0.7631731033325195,0,False
0,3.0111241340637207,1,False
0,1.567703366279602,0,False
0,2.412992000579834,1,False
0,3.3023972511291504,1,False
0,0.45901671051979065,0,False
0,2.4562535285949707,1,False
0,1.4304399490356445,0,False
0,1.1735833883285522,0,False
0,2.2692813873291016,2,False
0,2.8453335762023926,1,False
0,0.6990277767181396,0,False
0,2.7534236907958984,2,False
0,6.432581901550293,1,False
0,1.8155343532562256,2,False
0,3.382845878601074,2,False
0,1.1487252712249756,0,False
0,3.2827765941619873,1,False
0,1.8057756423950195,0,False
0,2.5936334133148193,2,False
0,4.159992218017578,1,False
0,3.852787494659424,0,False
0,1.388330101966858,0,False
0,2.86297345161438,2,False
0,1.2443819046020508,0,False
0,3.830681324005127,2,False
0,2.375882387161255,1,False
0,3.0634872913360596,2,False
0,4.546635627746582,2,False
0,2.7916903495788574,2,False
0,3.17936110496521,1,False
0,1.8609814643859863,1,False
0,1.399938941001892,0,False
0,5.356114864349365,1,False
0,2.1524691581726074,2,False
0,5.196610450744629,1,False
0,4.568800926208496,2,False
0,1.5136135816574097,1,False
0,2.356161117553711,1,False
0,5.832123279571533,1,False
0,1.416645884513855,0,False
0,1.5938326120376587,0,False
0,3.5191216468811035,2,False
0,2.9009413719177246,1,False
0,1.1674692630767822,0,False
0,2.663285255432129,2,False
0,3.4233624935150146,1,False
0,1.4279061555862427,0,False
0,0.9150407314300537,0,False
0,1.4152408838272095,0,False
0,3.1557726860046387,2,False
0,1.3824504613876343,0,False
0,1.359287977218628,0,False
0,2.8364267349243164,1,False
0,2.8735644817352295,2,False
0,2.2246158123016357,2,False
0,4.0095295906066895,1,False
0,5.4330735206604,2,False
0,2.0717856884002686,2,False
0,1.870079755783081,2,False
0,0.8879422545433044,0,False
0,2.819430351257324,2,False
0,1.3566350936889648,2,False
0,4.541142463684082,2,False
0,2.3589537143707275,1,False
0,1.8484373092651367,1,False
0,2.221384286880493,2,False
0,1.8607902526855469,0,False
0,2.3256709575653076,1,False
0,3.1517834663391113,1,False
0,1.215731143951416,0,False
0,1.3254741430282593,0,False
0,2.1299233436584473,2,False
0,5.736517906188965,1,False
0,1.8306512832641602,0,False
0,2.022101879119873,1,False
0,5.406981468200684,2,False
0,3.134188175201416,1,False
0,2.7288002967834473,2,False
0,1.3848910331726074,0,False
0,3.3221800327301025,1,False
0,1.9463162422180176,1,False
0,3.436750888824463,2,False
0,1.4036259651184082,0,False
0,5.251266002655029,1,False
0,1.8429324626922607,1,False
0,2.071233034133911,0,False
0,2.3810651302337646,2,False
0,3.361037254333496,2,False
0,1.097844123840332,0,False
0,2.4250569343566895,2,False
0,1.1190595626831055,0,False
0,2.334010124206543,1,False
0,2.135000705718994,2,False
0,2.0351717472076416,1,False
0,4.012087821960449,2,False
0,1.2881520986557007,0,False
0,1.5873360633850098,0,False
0,1.391534447669983,0,False
0,2.622709274291992,2,False
0,0.6584588289260864,0,False
0,1.291963815689087,0,False
0,4.020790100097656,1,False
0,2.3573906421661377,1,False
0,3.1036946773529053,2,False
0,2.4065299034118652,1,False
0,1.6242671012878418,0,False
0,3.072059154510498,1,False
0,2.846259593963623,1,False
0,2.793731212615967,1,False
0,2.3206067085266113,1,False
0,4.587304592132568,2,False
0,2.181523561477661,2,False
0,0.44406309723854065,0,False
0,2.0793795585632324,2,False
0,1.1232450008392334,0,False
0,1.7480833530426025,0,False
0,2.299189567565918,1,False
0,3.0964841842651367,1,False
0,0.4439108967781067,0,False
0,2.307623863220215,2,False
0,2.3051538467407227,1,False
0,4.455036640167236,1,False
0,2.485180139541626,2,False
0,1.48046875,1,False
0,2.1747162342071533,0,False
0,4.422811985015869,2,False
0,1.1220307350158691,0,False
0,2.557704448699951,2,False
0,1.1459801197052002,0,False
0,5.321300029754639,2,False
0,0.44322001934051514,0,False
0,1.4026637077331543,0,False
0,3.8065414428710938,2,False
0,2.5407791137695312,1,False
0,2.299884080886841,1,False
0,1.3720111846923828,0,False
0,1.374044418334961,0,False
0,3.4335250854492188,1,False
0,2.0177698135375977,2,False
0,3.7953004837036133,0,False
0,2.9615378379821777,1,False
0,2.2958250045776367,1,False
0,1.5500340461730957,1,False
0,3.7242302894592285,2,False
0,6.921930313110352,2,False
0,2.2021892070770264,1,False
0,3.017590284347534,2,False
0,5.144091606140137,2,False
0,0.43459832668304443,0,False
0,2.2380194664001465,2,False
0,2.166224956512451,2,False
0,4.31451940536499,2,False
0,1.0963590145111084,0,False
0,2.9791946411132812,2,False
0,3.052065849304199,2,False
0,1.1767228841781616,0,False
0,2.2356433868408203,2,False
0,1.2671563625335693,0,False
0,2.0480844974517822,0,False
0,3.475802421569824,1,False
0,0.7556493878364563,0,False
0,3.3899765014648438,1,False
0,1.3968617916107178,0,False
0,3.049564838409424,2,False
0,1.1315033435821533,0,False
0,1.8014957904815674,2,False
0,4.393869876861572,1,False
0,8.432424545288086,2,False
0,3.8487625122070312,1,False
0,1.6234581470489502,0,False
0,4.200159549713135,1,False
0,0.6622029542922974,0,False
0,0.44430437684059143,0,False
0,0.45019227266311646,0,False
0,4.154108047485352,1,False
0,1.6084110736846924,0,False
0,2.2695822715759277,1,False
0,1.3745763301849365,0,False
0,0.9092591404914856,0,False
0,0.6214115619659424,0,False
0,2.3072521686553955,1,False
0,2.4024391174316406,2,False
0,5.078072547912598,1,False
0,1.540403962135315,1,False
0,2.7277944087982178,1,False
0,2.3027467727661133,2,False
0,4.116854667663574,2,False
0,1.8273086547851562,1,False
0,1.5659817457199097,0,False
0,2.2464685440063477,2,False
0,4.389731407165527,2,False
0,2.614717483520508,1,False
0,2.2727251052856445,1,False
0,2.8173582553863525,2,False
0,1.2101939916610718,2,False
0,0.45521610975265503,0,False
0,1.2394005060195923,0,False
0,3.8517138957977295,0,False
0,2.2319185733795166,1,False
0,1.2852028608322144,0,False
0,4.607817649841309,2,False
0,3.388504981994629,1,False
0,5.434976577758789,1,False
0,2.923410654067993,2,False
0,1.8678324222564697,1,False
0,1.4123153686523438,0,False
0,2.805145502090454,2,False
0,1.399489164352417,0,False
0,1.7478759288787842,1,False
0,3.415994882583618,1,False
0,3.412749767303467,2,False
0,4.126210689544678,1,False
0,2.3218634128570557,2,False
0,4.428714752197266,2,False
0,2.33390474319458,2,False
0,1.8170032501220703,0,False
0,4.35084342956543,1,False
0,2.4967055320739746,1,False
0,2.8238019943237305,2,False
0,3.4485561847686768,2,False
0,2.2238428592681885,1,False
0,2.8752360343933105,1,False
0,2.6509768962860107,1,False
0,3.3132483959198,0,False
0,3.376741886138916,1,False
0,0.687140941619873,0,False
0,1.3375513553619385,0,False
0,1.0958683490753174,0,False
0,2.2777111530303955,2,False
0,1.9828633069992065,2,False
0,0.632510781288147,0,False
0,1.348124623298645,0,False
0,3.1856651306152344,1,False
0,4.411576747894287,2,False
0,3.8594589233398438,0,False
0,1.5952188968658447,0,False
0,0.4431686997413635,0,False
0,2.9264163970947266,2,False
0,2.4678122997283936,1,False
0,1.2545703649520874,0,False
0,4.677354335784912,2,False
0,1.2730861902236938,0,False
0,0.4611409306526184,0,False
0,3.922919750213623,2,False
0,5.104854583740234,1,False
0,1.50390625,1,False
0,1.6404409408569336,0,False
0,2.67578125,2,False
0,2.9583215713500977,1,False
0,2.7233223915100098,2,False
0,0.6282913684844971,0,False
0,2.2222297191619873,1,False
0,3.380791425704956,1,False
0,2.6012649536132812,1,False
0,2.2102370262145996,1,False
0,2.0400891304016113,2,False
0,1.3966774940490723,0,False
0,4.243930816650391,2,False
0,1.9891631603240967,0,False
0,1.1454644203186035,0,False
0,3.343613624572754,1,False
0,2.2392544746398926,2,False
0,2.173609733581543,1,False
0,2.1597580909729004,1,False
0,5.589086532592773,1,False
0,0.4513493478298187,0,False
0,2.516230583190918,2,False
0,3.1827781200408936,1,False
0,1.527328372001648,0,False
0,1.7822434902191162,2,False
0,3.201704978942871,1,False
0,6.163695335388184,2,False
0,3.281691312789917,1,False
0,8.971357345581055,2,False
0,3.216999053955078,1,False
0,0.4746531546115875,0,False
0,3.8685202598571777,1,False
0,0.44318655133247375,0,False
0,2.2338674068450928,2,False
0,5.3605637550354,1,False
0,1.5479573011398315,2,False
0,1.4933712482452393,1,False
0,2.6028778553009033,2,False
0,1.042988657951355,0,False
0,0.8697696924209595,0,False
0,1.2404106855392456,0,False
0,6.199603080749512,2,False
0,2.4238929748535156,2,False
0,1.3415085077285767,0,False
0,1.8982912302017212,1,False
0,3.7458882331848145,2,False
0,3.6950950622558594,2,False
0,1.2763042449951172,0,False
0,1.1136784553527832,0,False
0,2.1488680839538574,1,False
0,3.4357826709747314,2,False
0,0.888923168182373,0,False
0,2.825625419616699,1,False
0,2.2197012901306152,2,False
0,1.5209629535675049,2,False
0,1.5638936758041382,0,False
0,1.02466881275177,0,False
0,3.372936248779297,1,False
0,3.8142619132995605,1,False
0,1.492248773574829,1,False
0,3.700214385986328,1,False
0,1.793691873550415,2,False
0,1.3708397150039673,0,False
0,2.7725272178649902,2,False
0,1.5146484375,1,False
0,5.794663429260254,2,False
0,5.395035743713379,2,False
0,1.6649121046066284,0,False
0,7.190626621246338,2,False
0,1.9884943962097168,0,False
0,1.3480101823806763,0,False
0,2.593902111053467,2,False
0,0.7907747030258179,0,False
0,1.5399726629257202,0,False
0,2.770146369934082,1,False
0,5.174737930297852,2,False
0,2.1281535625457764,1,False
0,2.73289155960083,1,False
0,2.6747021675109863,2,False
0,7.399317264556885,2,False
0,0.45551180839538574,0,False
0,2.860644817352295,2,False
0,2.163058280944824,1,False
0,1.9659029245376587,1,False
0,3.8355209827423096,2,False
0,1.7368600368499756,1,False
0,0.4789213538169861,0,False
0,1.8512316942214966,1,False
0,2.850574254989624,2,False
0,2.1595449447631836,2,False
0,0.44994306564331055,0,False
0,1.4040696620941162,2,False
0,0.4431855380535126,0,False
0,5.8952860832214355,2,False
0,1.3949109315872192,0,False
0,1.3579922914505005,0,False
0,1.4028077125549316,0,False
0,3.9562926292419434,1,False
0,1.351456642150879,0,False
0,0.8985385894775391,0,False
0,3.3998026847839355,1,False
0,2.5354323387145996,1,False
0,2.8695907592773438,1,False
0,1.54972505569458,2,False
0,1.3666868209838867,0,False
0,3.407726287841797,1,False
0,3.118077039718628,2,False
0,2.8433711528778076,2,False
0,2.0956051349639893,1,False
0,1.5443352460861206,0,False
0,2.2998733520507812,2,False
0,1.4110157489776611,0,False
0,1.619568109512329,0,False
0,1.3933383226394653,2,False
0,1.5919052362442017,2,False
0,0.6378399133682251,0,False
0,3.1276090145111084,2,False
0,4.943036079406738,2,False
0,2.8321566581726074,1,False
0,2.68359375,2,False
0,6.643431663513184,1,False
0,2.528855800628662,1,False
0,2.3207616806030273,2,False
0,1.618175745010376,0,False
0,5.103231430053711,2,False
0,3.5922513008117676,2,False
0,2.103893280029297,0,False
0,1.4375606775283813,0,False
0,3.518507957458496,1,False
0,1.1555159091949463,0,False
0,0.45414695143699646,0,False
0,9.384075164794922,2,False
0,1.5444774627685547,0,False
0,2.5636253356933594,1,False
0,3.245826244354248,1,False
0,2.374169111251831,1,False
0,0.917243480682373,0,False
0,1.776678204536438,2,False
0,1.3736966848373413,0,False
0,2.0060033798217773,0,False
0,2.809053421020508,2,False
0,1.544921875,1,False
0,2.5957541465759277,2,False
0,2.5216212272644043,2,False
0,3.31708025932312,1,False
0,2.4719059467315674,2,False
0,2.5237162113189697,1,False
0,1.479037880897522,0,False
0,2.402352809906006,2,False
0,2.319540500640869,2,False
0,0.9005253314971924,0,False
0,1.396915078163147,0,False
0,1.5863491296768188,0,False
0,2.007373094558716,0,False
0,1.5838377475738525,0,False
0,1.555056095123291,0,False
0,0.8118629455566406,0,False
0,2.4936892986297607,1,False
0,2.3514318466186523,2,False
0,1.02689790725708,2,False
0,4.004873275756836,2,False
0,1.3510023355484009,0,False
0,0.629631519317627,0,False
0,1.2958874702453613,0,False
0,0.48980262875556946,0,False
0,1.5600959062576294,0,False
0,2.700369358062744,1,False
0,2.2154364585876465,2,False
0,1.4608571529388428,0,False
0,2.0716285705566406,1,False
0,1.3552511930465698,0,False
0,0.9232932925224304,0,False
0,1.5439453125,1,False
0,1.7764352560043335,2,False
0,3.343665838241577,1,False
0,5.2371416091918945,2,False
0,0.9198244214057922,0,False
0,0.45137888193130493,0,False
0,1.5251206159591675,0,False
0,5.683063507080078,2,False
0,0.4502924978733063,0,False
0,3.614771842956543,2,False
0,1.5439453125,1,False
0,2.5123722553253174,1,False
0,5.237380027770996,2,False
0,2.177237033843994,1,False
0,2.2614383697509766,2,False
0,2.2775301933288574,2,False
0,3.3725481033325195,1,False
0,1.544921875,1,False
0,1.4130569696426392,0,False
0,1.1117264032363892,0,False
0,2.446084976196289,2,False
0,1.5914535522460938,0,False
0,2.4664676189422607,2,False
0,3.2441375255584717,1,False
0,3.7932403087615967,2,False
0,3.0356955528259277,1,False
0,3.287687301635742,1,False
0,1.6907073259353638,2,False
0,1.62576425075531,0,False
0,2.7234647274017334,2,False
0,3.0164594650268555,1,False
0,1.5498046875,1,False
0,2.4858219623565674,2,False
0,2.477982997894287,2,False
0,1.3009347915649414,1,False
0,3.1864161491394043,1,False
0,1.5898081064224243,1,False
0,4.225436687469482,2,False
0,4.0679168701171875,0,False
0,3.739208221435547,2,False
0,1.771752119064331,2,False
0,3.9027228355407715,2,False
0,2.0190298557281494,1,False
0,1.149893045425415,0,False
0,1.0681099891662598,0,False
0,4.256074905395508,0,False
0,2.84211802482605,1,False
0,2.8907041549682617,2,False
0,1.5062240362167358,0,False
0,1.4721449613571167,0,False
0,1.8600656986236572,2,False
0,1.5546875,1,False
0,2.275167226791382,2,False
0,0.9317917227745056,0,False
0,1.5546875,1,False
0,3.3337607383728027,1,False
0,2.2473742961883545,2,False
0,1.1252119541168213,0,False
0,1.5244871377944946,0,False
0,0.640390157699585,0,False
0,2.7863340377807617,1,False
0,3.4422364234924316,1,False
0,3.5230343341827393,2,False
0,1.3716734647750854,0,False
0,3.469637632369995,1,False
0,3.597724437713623,2,False
0,6.983796119689941,2,False
0,3.7198963165283203,2,False
0,2.750798463821411,1,False
0,2.696392297744751,1,False
0,2.154517889022827,2,False
0,1.5812771320343018,0,False
0,1.7702100276947021,0,False
0,6.689393043518066,2,False
0,2.680920124053955,1,False
0,1.0735242366790771,1,False
0,1.26410973072052,1,False
0,1.6708004474639893,1,False
0,3.2089293003082275,1,False
0,2.5367887020111084,1,False
0,6.100067138671875,1,False
0,3.6077044010162354,2,False
0,1.3556410074234009,0,False
0,3.2661402225494385,1,False
0,2.6353044509887695,1,False
0,1.3812297582626343,0,False
0,2.282623052597046,1,False
0,3.3223183155059814,1,False
0,3.32454252243042,1,False
0,5.590335369110107,2,False
0,2.1930055618286133,0,False
0,1.6649245023727417,1,False
0,0.920087993144989,0,False
0,1.0500041246414185,0,False
0,1.067556381225586,1,False
0,1.408577799797058,0,False
0,1.3924813270568848,0,False
0,3.273428201675415,1,False
0,3.3808813095092773,1,False
0,1.5498046875,1,False
0,0.4497739374637604,0,False
0,2.921959638595581,1,False
0,2.0103540420532227,0,False
0,2.3045454025268555,1,False
0,1.6257705688476562,0,False
0,0.4391569197177887,0,False
0,1.2313597202301025,1,False
0,1.4622690677642822,0,False
0,5.627104759216309,2,False
0,2.1041650772094727,2,False
0,1.1385219097137451,0,False
0,1.5498046875,1,False
0,1.6068017482757568,0,False
0,2.1857917308807373,0,False
0,2.2584946155548096,2,False
0,1.2699421644210815,0,False
0,2.592111349105835,1,False
0,2.7209317684173584,1,False
0,2.886758327484131,1,False
0,1.3561817407608032,0,False
0,0.8451563119888306,0,False
0,9.682104110717773,2,False
0,1.370532512664795,0,False
0,2.932859420776367,1,False
0,2.3518428802490234,2,False
0,3.2601261138916016,1,False
0,1.5251208543777466,0,False
0,1.8527404069900513,2,False
0,2.5227489471435547,2,False
0,2.924178123474121,1,False
0,2.0899720191955566,2,False
0,3.750073194503784,2,False
0,3.182952880859375,1,False
0,1.7378954887390137,2,False
0,3.619145393371582,2,False
0,3.964053153991699,2,False
0,3.2209177017211914,1,False
0,1.5556175708770752,0,False
0,5.134976387023926,2,False
0,3.7278761863708496,2,False
0,1.548828125,1,False
0,1.6077854633331299,2,False
0,3.161210298538208,1,False
0,2.8605008125305176,2,False
0,0.45237335562705994,0,False
0,1.5505120754241943,0,False
0,1.9229557514190674,1,False
0,1.4908273220062256,0,False
0,1.5931453704833984,0,False
0,3.57267689704895,2,False
0,1.9048070907592773,2,False
0,2.1440024375915527,2,False
0,2.9240877628326416,1,False
0,2.010465145111084,0,False
0,1.4856723546981812,0,False
0,1.5614622831344604,0,False
0,3.9756717681884766,0,False
0,0.6099059581756592,0,False
0,1.5537109375,1,False
0,3.2162580490112305,1,False
0,2.652496337890625,1,False
0,3.053656816482544,1,False
0,3.0956592559814453,1,False
0,0.9605294466018677,0,False
0,4.3423285484313965,2,False
0,1.733347773551941,2,False
0,0.6480959057807922,0,False
0,1.5767059326171875,1,False
0,1.5655008554458618,0,False
0,3.2197675704956055,1,False
0,1.379870057106018,0,False
0,2.890179395675659,1,False
0,2.4159088134765625,2,False
0,2.5965158939361572,1,False
0,2.728515625,2,False
0,2.410522699356079,2,False
0,1.2835595607757568,1,False
0,0.4803656339645386,0,False
0,1.3619446754455566,0,False
0,1.3281762599945068,0,False
0,2.855684995651245,1,False
0,2.597933053970337,1,False
0,4.636861801147461,2,False
0,0.9755181074142456,0,False
0,1.6339091062545776,2,False
0,3.2040183544158936,1,False
0,1.4401251077651978,0,False
0,1.9370166063308716,2,False
0,1.533220887184143,0,False
0,1.1407990455627441,0,False
0,5.418006896972656,2,False
0,6.10202693939209,2,False
0,4.284112930297852,1,False
0,2.92128849029541,2,False
0,3.183126449584961,1,False
0,5.041563987731934,2,False
0,3.806918144226074,2,False
0,2.5680038928985596,1,False
0,3.679065227508545,2,False
0,1.537174105644226,0,False
0,2.8408870697021484,1,False
0,1.5615234375,1,False
0,1.2643804550170898,2,False
0,1.5410391092300415,0,False
0,1.5583560466766357,0,False
0,2.8952155113220215,2,False
0,3.1024694442749023,1,False
0,4.010256290435791,2,False
0,2.4935216903686523,1,False
0,1.5595703125,1,False
0,1.7437800168991089,0,False
0,2.2646231651306152,2,False
0,2.308640956878662,2,False
0,1.0314027070999146,1,False
0,1.510735034942627,0,False
0,1.265235424041748,2,False
0,1.0814696550369263,1,False
0,1.2651348114013672,2,False
0,1.7305821180343628,2,False
0,1.151588797569275,1,False
0,3.1726555824279785,2,False
0,5.248619556427002,2,False
0,0.6006606817245483,0,False
0,1.1335556507110596,0,False
0,2.4206743240356445,1,False
0,3.5285935401916504,2,False
0,6.914971828460693,2,False
0,3.8208892345428467,0,False
0,3.56683611869812,2,False
0,2.8961234092712402,1,False
0,3.2791850566864014,1,False
0,2.431190013885498,1,False
0,3.036263942718506,2,False
0,1.5838730335235596,2,False
0,0.9747059345245361,0,False
0,3.6102232933044434,2,False
0,6.176872253417969,2,False
0,1.447935700416565,0,False
0,4.130484104156494,1,False
0,1.3207956552505493,0,False
0,1.5680774450302124,1,False
0,9.750191688537598,2,False
0,1.5626354217529297,2,False
0,0.47375550866127014,0,False
0,1.2601690292358398,2,False
0,0.4957839846611023,0,False
0,1.5648860931396484,2,False
0,2.7809269428253174,1,False
0,1.4969303607940674,0,False
0,3.0316779613494873,1,False
0,1.5556640625,1,False
0,1.3184837102890015,0,False
0,3.8772096633911133,0,False
0,3.115288257598877,1,False
0,2.5058724880218506,1,False
0,1.9748042821884155,2,False
0,1.5021148920059204,0,False
0,1.4405494928359985,0,False
0,3.031374454498291,2,False
0,3.1916139125823975,2,False
0,0.6568335294723511,0,False
0,1.088680386543274,0,False
0,3.6808807849884033,2,False
0,1.5102488994598389,0,False
0,2.430990219116211,1,False
0,2.4942734241485596,1,False
0,1.8853209018707275,2,False
0,3.1163458824157715,2,False
0,5.857349395751953,2,False
0,1.03823983669281,1,False
0,2.984147787094116,1,False
0,1.5312033891677856,0,False
0,2.9195992946624756,1,False
0,2.3084356784820557,2,False
0,1.9688310623168945,0,False
0,2.342719078063965,2,False
0,2.267758846282959,2,False
0,1.367034912109375,0,False
0,1.497666358947754,0,False
0,2.2031424045562744,2,False
0,3.1212105751037598,1,False
0,2.996816635131836,1,False
0,1.544921875,1,False
0,3.3050971031188965,1,False
0,2.6170475482940674,1,False
0,5.765186309814453,2,False
0,4.092825412750244,2,False
0,1.4460901021957397,0,False
0,2.2988688945770264,2,False
0,2.423935890197754,1,False
0,1.323085069656372,0,False
0,0.896793007850647,0,False
0,0.46385496854782104,0,False
0,1.54296875,1,False
0,4.4971394538879395,2,False
0,3.7645339965820312,0,False
0,0.5902721881866455,0,False
0,0.9734453558921814,0,False
0,5.4507856369018555,2,False
0,5.510540008544922,2,False
0,3.7744247913360596,2,False
0,3.534106492996216,2,False
0,1.5092180967330933,0,False
0,1.2623710632324219,2,False
0,2.4637348651885986,2,False
0,1.3016587495803833,1,False
0,1.824421763420105,0,False
0,1.3602931499481201,0,False
0,1.5390625,1,False
0,1.4171069860458374,0,False
0,4.045564651489258,2,False
0,2.2171850204467773,1,False
0,1.5335620641708374,0,False
0,1.115853190422058,0,False
0,0.5990244746208191,0,False
0,3.2071967124938965,1,False
0,3.1841588020324707,1,False
0,1.386833906173706,0,False
0,3.6665687561035156,2,False
0,3.114424228668213,1,False
0,2.3452916145324707,2,False
0,1.025412678718567,1,False
0,1.680296778678894,0,False
0,0.9634878039360046,0,False
0,5.134748458862305,2,False
0,1.5624973773956299,0,False
0,1.2694035768508911,2,False
0,1.2613160610198975,0,False
0,1.533203125,1,False
0,1.533203125,1,False
0,2.8180766105651855,1,False
0,2.0614800453186035,2,False
0,1.0976802110671997,0,False
0,1.6407619714736938,1,False
0,6.944719314575195,2,False
0,2.3597183227539062,1,False
0,4.015756607055664,1,False
0,1.5931522846221924,0,False
0,3.1221835613250732,1,False
0,2.589888572692871,2,False
0,1.334000825881958,0,False
0,1.533203125,1,False
0,2.6963858604431152,1,False
0,1.7089831829071045,2,False
0,1.533203125,1,False
0,2.663623332977295,1,False
0,1.574076771736145,0,False
0,6.020726680755615,2,False
0,3.6858506202697754,2,False
0,2.6395576000213623,1,False
0,0.9710180759429932,0,False
0,1.8932545185089111,2,False
0,2.449305772781372,1,False
0,5.538582801818848,2,False
0,3.1738524436950684,1,False
0,1.6176910400390625,2,False
0,2.5821750164031982,1,False
0,0.9349170923233032,0,False
0,1.3481392860412598,0,False
0,3.5079121589660645,2,False
0,4.083115577697754,1,False
0,1.898738145828247,0,False
0,1.4371626377105713,0,False
0,2.8502931594848633,2,False
0,1.52734375,1,False
0,0.45464026927948,0,False
0,2.985320568084717,2,False
0,1.077911615371704,1,False
0,3.820270299911499,1,False
0,1.1388988494873047,1,False
0,1.0540611743927002,0,False
0,2.804462432861328,2,False
0,1.5088948011398315,0,False
0,2.5801074504852295,1,False
0,2.143296718597412,2,False
0,0.5122832655906677,0,False
0,2.3974220752716064,1,False
0,3.8986597061157227,2,False
0,1.506367564201355,0,False
0,1.7033240795135498,2,False
0,6.437122344970703,2,False
0,3.949181079864502,1,False
0,5.4388628005981445,2,False
0,6.862852096557617,2,False
0,3.585394859313965,2,False
0,2.8452134132385254,1,False
0,0.46786731481552124,0,False
0,1.9300894737243652,0,False
0,1.2543760538101196,1,False
0,1.5278338193893433,0,False
0,2.96606183052063,1,False
0,1.3531681299209595,2,False
0,1.0374832153320312,1,False
0,1.027359962463379,0,False
0,0.9260962009429932,0,False
0,1.0803699493408203,1,False
0,0.47725528478622437,0,False
0,5.568367004394531,2,False
0,2.2539749145507812,2,False
0,3.5169267654418945,2,False
0,1.0396761894226074,0,False
0,1.3958078622817993,0,False
0,3.093155860900879,1,False
0,3.078333854675293,1,False
0,1.5205078125,1,False
0,2.6573426723480225,1,False
0,1.4627076387405396,0,False
0,2.2512855529785156,1,False
0,5.179222106933594,2,False
0,2.3676505088806152,1,False
0,3.934706211090088,1,False
0,3.1912903785705566,0,False
0,4.98972749710083,2,False
0,3.818403482437134,2,False
0,1.6087589263916016,2,False
0,1.3478981256484985,0,False
0,2.166707992553711,2,False
0,1.3273165225982666,2,False
0,1.3483290672302246,0,False
0,3.9239120483398438,1,False
0,3.2365241050720215,1,False
0,1.444574236869812,0,False
0,2.475132465362549,1,False
0,0.4635922312736511,0,False
0,1.5770797729492188,1,False
0,6.760225772857666,2,False
0,2.8842263221740723,1,False
0,1.5166015625,1,False
0,1.4621882438659668,0,False
0,3.0513014793395996,2,False
0,5.201461315155029,2,False
0,1.515625,1,False
0,0.5722957253456116,0,False
0,1.515625,1,False
0,5.603353977203369,2,False
0,3.1138596534729004,0,False
0,6.873412132263184,2,False
0,2.4752919673919678,1,False
0,0.9511946439743042,0,False
0,4.000951766967773,1,False
0,1.9118742942810059,0,False
0,0.5728814601898193,0,False
0,3.6821064949035645,2,False
0,1.350325345993042,0,False
0,1.4534716606140137,1,False
0,1.1858314275741577,2,False
0,1.2711457014083862,2,False
0,1.3835692405700684,0,False
0,1.4884085655212402,2,False
0,1.2710682153701782,2,False
0,0.4505222737789154,0,False
0,3.4165260791778564,2,False
0,2.495568037033081,1,False
0,1.5846226215362549,0,False
0,0.9600200653076172,0,False
0,1.515625,1,False
0,3.2658963203430176,1,False
0,3.8123786449432373,2,False
0,5.388815402984619,2,False
0,1.513671875,1,False
0,1.3602519035339355,0,False
0,3.839573621749878,1,False
0,1.120345115661621,0,False
0,5.022756099700928,2,False
0,1.5512140989303589,0,False
0,2.39228892326355,1,False
0,1.6253997087478638,0,False
0,1.1870896816253662,2,False
0,2.5564777851104736,2,False
0,2.3780252933502197,2,False
0,2.9313769340515137,1,False
0,3.712810516357422,1,False
0,5.620696067810059,2,False
0,6.415026664733887,2,False
0,3.585273265838623,2,False
0,5.606080055236816,2,False
0,2.716937303543091,2,False
0,2.5937814712524414,2,False
0,2.436988115310669,1,False
0,0.9544054269790649,0,False
0,0.48785901069641113,0,False
0,3.3642523288726807,1,False
0,2.1866660118103027,2,False
0,1.51953125,1,False
0,1.0860860347747803,0,False
0,3.9188780784606934,1,False
0,1.297292947769165,0,False
0,1.4157278537750244,0,False
0,2.3614654541015625,2,False
0,1.3242419958114624,0,False
0,1.4236127138137817,0,False
0,2.2983288764953613,2,False
0,4.531465530395508,2,False
0,2.493657350540161,1,False
0,1.113573670387268,1,False
0,0.45705646276474,0,False
0,1.0587149858474731,0,False
0,1.3772759437561035,2,False
0,3.0617642402648926,1,False
0,1.5283203125,1,False
0,5.02623987197876,2,False
0,1.0395759344100952,1,False
0,1.4595707654953003,1,False
0,0.9553837776184082,0,False
0,1.4228099584579468,0,False
0,1.529296875,1,False
0,4.375460624694824,1,False
0,1.2984637022018433,0,False
0,1.529296875,1,False
0,2.6984260082244873,1,False
0,0.9707382917404175,0,False
0,4.059133529663086,2,False
0,5.416664123535156,2,False
0,2.0424883365631104,2,False
0,1.2836920022964478,0,False
0,2.695497512817383,1,False
0,3.202670097351074,1,False
0,0.6432182788848877,0,False
0,6.640181541442871,2,False
0,1.5400390625,1,False
0,1.5400390625,1,False
0,0.5110582113265991,0,False
0,0.5272102952003479,0,False
0,1.1020536422729492,0,False
0,1.2564985752105713,0,False
0,1.541015625,1,False
0,0.5180197954177856,0,False
0,4.986528396606445,2,False
0,1.3915143013000488,2,False
0,0.45924055576324463,0,False
0,2.69140625,2,False
0,3.0893001556396484,1,False
0,1.3291747570037842,0,False
0,2.169257640838623,2,False
0,1.3014448881149292,0,False
0,0.48043227195739746,0,False
0,1.6544145345687866,1,False
0,1.2564709186553955,2,False
0,2.852797031402588,2,False
0,4.935332298278809,2,False
0,1.0563111305236816,1,False
0,2.4052369594573975,1,False
0,1.6149189472198486,1,False
0,1.2558839321136475,2,False
0,1.5406723022460938,0,False
0,1.337735891342163,2,False
0,4.504082679748535,2,False
0,1.546875,1,False
0,2.2405261993408203,2,False
0,3.676290988922119,1,False
0,1.5159964561462402,2,False
0,2.0136425495147705,2,False
0,1.9042859077453613,0,False
0,3.5640077590942383,1,False
0,5.502800941467285,2,False
0,2.2733521461486816,2,False
0,1.5829159021377563,1,False
0,2.8774547576904297,1,False
0,2.3989439010620117,1,False
0,1.030087947845459,1,False
0,4.924677848815918,2,False
0,1.3250809907913208,0,False
0,1.3317116498947144,0,False
0,0.5085927844047546,0,False
0,1.1890681982040405,2,False
0,2.964423179626465,1,False
0,3.076136589050293,0,False
0,3.8647704124450684,1,False
0,1.385810136795044,0,False
0,7.064393043518066,2,False
0,3.047333002090454,1,False
0,1.2756391763687134,0,False
0,1.5517578125,1,False
0,2.5470516681671143,2,False
0,5.404125213623047,2,False
0,1.2715744972229004,0,False
0,0.47325441241264343,0,False
0,3.136136293411255,1,False
0,1.0439748764038086,0,False
0,6.758203506469727,2,False
0,3.124723434448242,1,False
0,0.9912005662918091,0,False
0,3.04911732673645,1,False
0,4.331940174102783,1,False
0,1.130265235900879,0,False
0,3.01184344291687,1,False
0,3.9158737659454346,1,False
0,1.1006474494934082,0,False
0,2.8552794456481934,2,False
0,1.560546875,1,False
0,2.45100474357605,1,False
0,1.3059122562408447,0,False
0,1.4167789220809937,1,False
0,1.0951985120773315,1,False
0,2.1504099369049072,2,False
0,5.520117282867432,2,False
0,2.3875572681427,1,False
0,0.447975218296051,0,False
0,0.5166875720024109,0,False
0,2.1959691047668457,2,False
0,0.6069924831390381,0,False
0,1.3944586515426636,0,False
0,3.1774868965148926,2,False
0,1.2851959466934204,0,False
0,1.5634765625,1,False
0,1.4242055416107178,0,False
0,0.45766618847846985,0,False
0,2.728050708770752,1,False
0,1.1426849365234375,0,False
0,3.6334190368652344,2,False
0,0.5086673498153687,0,False
0,0.4636174440383911,0,False
0,6.127155303955078,2,False
0,1.5654296875,1,False
0,1.2625583410263062,0,False
0,1.3515170812606812,2,False
0,2.503962755203247,1,False
0,3.206496477127075,1,False
0,1.2497572898864746,2,False
0,0.47039341926574707,0,False
0,7.143706321716309,2,False
0,1.4550700187683105,2,False
0,0.9689090251922607,0,False
0,1.5812740325927734,0,False
0,1.564453125,1,False
0,1.564453125,1,False
0,0.5210235118865967,0,False
0,0.4517991244792938,0,False
0,3.650865316390991,1,False
0,3.5069191455841064,1,False
0,1.1953566074371338,2,False
0,1.2898547649383545,0,False
0,1.2631772756576538,2,False
0,2.7240896224975586,2,False
0,4.46445369720459,2,False
0,4.964017868041992,2,False
0,3.1020593643188477,1,False
0,4.909563064575195,2,False
0,1.377922773361206,0,False
0,2.2190322875976562,1,False
0,1.5625,1,False
0,5.595217704772949,2,False
0,1.5625,1,False
0,2.8559322357177734,1,False
0,2.1538033485412598,2,False
0,1.0207511186599731,0,False
0,5.230411529541016,2,False
0,1.0509140491485596,0,False
0,2.0790350437164307,2,False
0,1.5625,1,False
0,6.535675048828125,2,False
0,1.638738751411438,1,False
0,5.773736953735352,2,False
0,3.750377893447876,2,False
0,1.3768322467803955,0,False
0,0.6325002908706665,0,False
0,5.622897148132324,2,False
0,3.2172152996063232,1,False
0,1.5625,1,False
0,0.4825119078159332,0,False
0,1.2660231590270996,0,False
0,2.380664825439453,1,False
0,1.2739882469177246,0,False
0,2.3153319358825684,1,False
0,1.3046585321426392,0,False
0,3.036790370941162,0,False
0,4.485260486602783,2,False
0,3.0961883068084717,1,False
0,1.4176075458526611,0,False
0,1.622981071472168,0,False
0,0.4858124256134033,0,False
0,2.6484375,2,False
0,2.11563777923584,2,False
0,2.112931251525879,2,False
0,0.5077906847000122,0,False
0,1.462653636932373,0,False
0,1.5625,1,False
0,3.5036447048187256,2,False
0,2.3253538608551025,1,False
0,1.2241792678833008,0,False
0,1.564453125,1,False
0,6.569018840789795,2,False
0,1.1866858005523682,2,False
0,1.2448201179504395,2,False
0,4.105291843414307,2,False
0,4.854169845581055,2,False
0,0.4752943813800812,0,False
0,4.700579643249512,2,False
0,2.4556992053985596,1,False
0,0.6263052225112915,0,False
0,1.5654296875,1,False
0,4.461844444274902,2,False
0,1.4032903909683228,0,False
0,0.46981364488601685,0,False
0,1.5634765625,1,False
0,1.5634765625,1,False
0,4.277823448181152,2,False
0,1.185248613357544,2,False
0,5.107898235321045,2,False
0,1.564453125,1,False
0,3.957117795944214,2,False
0,6.757370471954346,2,False
0,2.062821865081787,1,False
0,2.9735357761383057,1,False
0,1.0700759887695312,1,False
0,0.6211757063865662,0,False
0,3.4561164379119873,1,False
0,1.4573664665222168,0,False
0,3.5054264068603516,2,False
0,2.9690206050872803,1,False
0,1.9900786876678467,1,False
0,0.46857842803001404,0,False
0,1.1308897733688354,0,False
0,3.0109455585479736,1,False
0,1.0933592319488525,0,False
0,1.026255488395691,0,False
0,2.3656702041625977,1,False
0,1.846171259880066,1,False
0,4.216601371765137,1,False
0,2.1330249309539795,2,False
0,1.026451587677002,2,False
0,1.2633497714996338,0,False
0,6.542048931121826,2,False
0,1.2524272203445435,2,False
0,3.028595447540283,2,False
0,0.49045971035957336,0,False
0,0.47920989990234375,0,False
0,2.978336811065674,2,False
0,3.200568437576294,1,False
0,0.6200541853904724,0,False
0,2.333439588546753,1,False
0,1.5771484375,1,False
0,1.037122368812561,0,False
0,1.4773006439208984,0,False
0,3.03757381439209,1,False
0,1.237137794494629,2,False
0,3.6707849502563477,2,False
0,7.089641571044922,2,False
0,1.013993263244629,1,False
0,1.278393030166626,2,False
0,1.271884560585022,0,False
0,1.2438957691192627,0,False
0,1.2866573333740234,0,False
0,0.998279869556427,0,False
0,2.1777095794677734,2,False
0,1.6285722255706787,0,False
0,0.4522792100906372,0,False
0,2.2138772010803223,2,False
0,2.8688206672668457,1,False
0,1.583984375,1,False
0,1.9593958854675293,2,False
0,2.6720361709594727,1,False
0,5.221999168395996,2,False
0,1.5853734016418457,0,False
0,1.2103931903839111,0,False
0,4.510051250457764,1,False
0,1.583984375,1,False
0,1.440520167350769,2,False
0,3.2129945755004883,1,False
0,1.3135005235671997,1,False
0,0.46407580375671387,0,False
0,1.3948322534561157,0,False
0,5.2233967781066895,2,False
0,3.0601325035095215,1,False
0,1.4342771768569946,2,False
0,1.0370787382125854,0,False
0,1.2735499143600464,0,False
0,2.3420865535736084,1,False
0,1.029878854751587,1,False
0,5.4185638427734375,2,False
0,2.10715651512146,2,False
0,4.468332290649414,2,False
0,5.333287239074707,2,False
0,1.1875789165496826,2,False
0,1.6121973991394043,0,False
0,1.2427088022232056,1,False
0,4.805761337280273,2,False
0,1.5859375,1,False
0,3.537341356277466,0,False
0,1.2236758470535278,0,False
0,1.2689157724380493,0,False
0,1.4558725357055664,0,False
0,1.1059850454330444,0,False
0,1.5849609375,1,False
0,1.4398698806762695,0,False
0,4.474048137664795,1,False
0,2.856050729751587,1,False
0,1.5849609375,1,False
0,4.342474937438965,2,False
0,4.697020530700684,2,False
0,5.627324104309082,2,False
0,2.302300214767456,1,False
0,0.4751644730567932,0,False
0,1.0591799020767212,0,False
0,1.5849609375,1,False
0,0.6444350481033325,0,False
0,0.45336824655532837,0,False
0,1.5849609375,1,False
0,3.2131190299987793,1,False
0,2.225900173187256,2,False
0,1.3622627258300781,0,False
0,4.697704792022705,2,False
0,6.961943626403809,2,False
0,1.4306176900863647,0,False
0,1.2474620342254639,0,False
0,3.7215659618377686,1,False
0,2.282397747039795,2,False
0,3.8809351921081543,2,False
0,4.199750900268555,2,False
0,1.4688800573349,0,False
0,2.237802028656006,2,False
0,2.460113048553467,1,False
0,4.631974697113037,2,False
0,2.857828140258789,1,False
0,0.5002362728118896,0,False
0,1.388905644416809,0,False
0,1.4770177602767944,0,False
0,1.3810557126998901,0,False
0,2.980339288711548,0,False
0,1.2226632833480835,2,False
0,1.6119554042816162,1,False
0,1.2184783220291138,0,False
0,1.2226511240005493,2,False
0,2.4034783840179443,1,False
0,0.5690889358520508,0,False
0,2.5449578762054443,1,False
0,2.3849992752075195,1,False
0,1.2673896551132202,2,False
0,2.331265926361084,1,False
0,1.583984375,1,False
0,5.454719066619873,2,False
0,2.102583885192871,2,False
0,2.040966272354126,2,False
0,3.290567398071289,2,False
0,4.32719612121582,1,False
0,3.6294753551483154,2,False
0,0.5315159559249878,0,False
0,2.972797393798828,1,False
0,1.3974751234054565,0,False
0,0.9233080744743347,2,False
0,2.949141502380371,1,False
0,2.2426068782806396,2,False
0,1.2319518327713013,0,False
0,2.4581642150878906,1,False
0,1.130418062210083,2,False
0,2.8167271614074707,1,False
0,3.215764045715332,1,False
0,3.504408359527588,2,False
0,1.5810546875,1,False
0,1.8484853506088257,1,False
0,1.6157987117767334,0,False
0,2.361172914505005,1,False
0,2.5679726600646973,2,False
0,2.23677396774292,2,False
0,5.665427207946777,1,False
0,1.583984375,1,False
0,3.9740452766418457,2,False
0,2.830122470855713,1,False
0,1.425006628036499,0,False
0,2.306778907775879,1,False
0,4.199481964111328,2,False
0,4.363150596618652,1,False
0,1.2839889526367188,0,False
0,2.8172991275787354,1,False
0,1.6228238344192505,0,False
0,2.296116828918457,1,False
0,1.207118034362793,0,False
0,1.3729887008666992,2,False
0,1.2085340023040771,0,False
0,3.84130859375,2,False
0,2.111665725708008,2,False
0,1.3748204708099365,0,False
0,2.7802488803863525,2,False
0,0.5117608308792114,0,False
0,1.623624563217163,1,False
0,4.3390727043151855,2,False
0,5.1725006103515625,2,False
0,1.4579250812530518,0,False
0,2.3681278228759766,1,False
0,2.253430128097534,1,False
0,4.67351770401001,2,False
0,1.2347880601882935,0,False
0,0.5385640263557434,0,False
0,0.4956693947315216,0,False
0,2.116030693054199,2,False
0,0.666275143623352,0,False
0,1.065256118774414,0,False
0,1.110360860824585,0,False
0,5.0618510246276855,2,False
0,1.4443483352661133,2,False
0,2.410383462905884,1,False
0,2.9286885261535645,0,False
0,1.5830078125,1,False
0,2.1692042350769043,2,False
0,1.5830078125,1,False
0,1.5830078125,1,False
0,2.4134716987609863,1,False
0,1.5830078125,1,False
0,1.58203125,1,False
0,0.4726203680038452,0,False
0,5.25713586807251,2,False
0,4.73645544052124,2,False
0,1.3757059574127197,0,False
0,1.380125880241394,0,False
0,0.4983386993408203,0,False
0,3.2166008949279785,1,False
0,4.893155097961426,2,False
0,1.1230463981628418,0,False
0,1.206723928451538,0,False
0,4.144097328186035,2,False
0,2.932379722595215,0,False
0,1.4243791103363037,0,False
0,0.5096442699432373,0,False
0,0.4838166832923889,0,False
0,1.0693693161010742,1,False
0,3.1438984870910645,2,False
0,6.8554511070251465,2,False
0,2.8333144187927246,1,False
0,3.653031349182129,1,False
0,1.419806957244873,2,False
0,0.5546264052391052,0,False
0,0.48735761642456055,0,False
0,3.119068145751953,2,False
0,1.3111679553985596,0,False
0,2.59162974357605,1,False
0,4.531763076782227,2,False
0,1.2473278045654297,1,False
0,1.830811858177185,2,False
0,2.804081439971924,1,False
0,2.608018398284912,1,False
0,1.2020373344421387,0,False
0,4.185637474060059,1,False
0,3.548011302947998,2,False
0,1.5888671875,1,False
0,0.5837090015411377,0,False
0,1.443568468093872,0,False
0,1.2360304594039917,0,False
0,2.336662530899048,1,False
0,2.9689760208129883,2,False
0,2.949991226196289,1,False
0,4.246427059173584,2,False
0,2.3503658771514893,1,False
0,1.0201609134674072,1,False
0,0.49381768703460693,0,False
0,1.2442450523376465,0,False
0,1.2708966732025146,2,False
0,1.251638412475586,0,False
0,1.4829766750335693,0,False
0,1.916949987411499,2,False
0,6.502164840698242,2,False
0,1.82927668094635,2,False
0,1.2726517915725708,2,False
0,3.0286848545074463,1,False
0,3.2114362716674805,1,False
0,6.401908874511719,2,False
0,4.147216796875,2,False
0,2.11549973487854,2,False
0,1.1842387914657593,2,False
0,1.2068428993225098,0,False
0,0.5212388038635254,0,False
0,0.46990978717803955,0,False
0,4.0294189453125,2,False
0,4.311851501464844,2,False
0,1.4656989574432373,0,False
0,0.9344078302383423,2,False
0,5.1131086349487305,2,False
0,1.2388577461242676,2,False
0,3.2012405395507812,1,False
0,1.0967463254928589,0,False
0,3.2023563385009766,1,False
0,2.3919646739959717,1,False
0,2.5094871520996094,1,False
0,1.5896286964416504,0,False
0,2.0754528045654297,2,False
0,1.0307273864746094,2,False
0,1.26768159866333,2,False
0,2.736309051513672,1,False
0,1.5888671875,1,False
0,1.0306830406188965,0,False
0,2.939096450805664,1,False
0,1.0618958473205566,0,False
0,0.565172016620636,0,False
0,2.331320285797119,1,False
0,1.0662541389465332,0,False
0,0.6575914621353149,0,False
0,2.7508535385131836,1,False
0,4.465913772583008,2,False
0,4.430093288421631,2,False
0,1.3499737977981567,1,False
0,1.3460197448730469,0,False
0,1.6617627143859863,1,False
0,4.664549350738525,2,False
0,1.2362924814224243,2,False
0,3.9560658931732178,2,False
0,2.7368786334991455,1,False
0,1.2657301425933838,0,False
0,1.2917907238006592,0,False
0,3.026214599609375,1,False
0,3.6774797439575195,2,False
0,1.183496356010437,2,False
0,0.49835094809532166,0,False
0,2.1054582595825195,2,False
0,2.872298002243042,0,False
0,3.1876163482666016,1,False
0,5.015684604644775,2,False
0,3.3242480754852295,2,False
0,1.0664987564086914,0,False
0,1.8194355964660645,2,False
0,1.1923376321792603,0,False
0,1.5984854698181152,0,False
0,1.4353207349777222,0,False
0,2.2087645530700684,1,False
0,6.7263383865356445,2,False
0,2.366185426712036,1,False
0,2.38482928276062,1,False
0,1.416825771331787,0,False
0,2.7633233070373535,1,False
0,2.076838493347168,2,False
0,4.016082286834717,2,False
0,2.1900787353515625,2,False
0,2.223461151123047,2,False
0,3.5279154777526855,2,False
0,2.534391403198242,1,False
0,2.346219062805176,1,False
0,2.0993826389312744,2,False
0,4.686031341552734,2,False
0,4.969376087188721,2,False
0,1.1966233253479004,0,False
0,4.415268898010254,2,False
0,3.4551467895507812,2,False
0,1.7994844913482666,1,False
0,3.1930251121520996,1,False
0,0.6679972410202026,0,False
0,1.5927734375,1,False
0,2.811694383621216,0,False
0,3.068533420562744,2,False
0,3.2064943313598633,1,False
0,2.056746006011963,2,False
0,1.204960823059082,0,False
0,5.144885063171387,2,False
0,1.595703125,1,False
0,1.2625936269760132,2,False
0,1.2188588380813599,0,False
0,1.41172194480896,2,False
0,4.378145694732666,2,False
0,2.9152274131774902,1,False
0,4.222953796386719,1,False
0,1.019726276397705,1,False
0,0.5761809349060059,0,False
0,1.599609375,1,False
0,2.268988609313965,1,False
0,2.7378368377685547,1,False
0,1.5986328125,1,False
0,2.319748640060425,1,False
0,5.4092912673950195,1,False
0,1.2595471143722534,2,False
0,1.1266461610794067,0,False
0,2.6986818313598633,1,False
0,3.5425424575805664,2,False
0,4.13068962097168,1,False
0,0.5163441896438599,0,False
0,3.95460844039917,1,False
0,0.5470149517059326,0,False
0,2.504950523376465,2,False
0,3.2129578590393066,1,False
0,1.2116228342056274,0,False
0,0.6839568614959717,0,False
0,0.4902423024177551,0,False
0,1.1169164180755615,0,False
0,1.6355359554290771,0,False
0,3.20674729347229,1,False
0,0.5341832637786865,0,False
0,3.985226631164551,2,False
0,5.907969951629639,1,False
0,1.0313711166381836,0,False
0,0.5868849754333496,0,False
0,1.0898972749710083,1,False
0,1.4353737831115723,2,False
0,2.283480167388916,2,False
0,0.48021867871284485,0,False
0,0.5436239838600159,0,False
0,1.5966796875,1,False
0,0.5197468996047974,0,False
0,1.2418482303619385,0,False
0,2.5135440826416016,1,False
0,0.5960984826087952,0,False
0,2.552452802658081,1,False
0,0.5155880451202393,0,False
0,0.47087785601615906,0,False
0,0.5170549750328064,0,False
0,6.342493057250977,2,False
0,4.4452290534973145,2,False
0,0.5050476789474487,0,False
0,1.2525230646133423,0,False
0,4.082375526428223,2,False
0,2.8638060092926025,1,False
0,2.429084539413452,1,False
0,2.111528158187866,1,False
0,1.1217501163482666,0,False
0,2.8659322261810303,1,False
0,0.5112869739532471,0,False
0,3.944471597671509,2,False
0,2.740811586380005,1,False
0,2.0921332836151123,2,False
0,1.167818546295166,2,False
0,1.6220790147781372,0,False
0,1.259411334991455,2,False
0,2.8524656295776367,1,False
0,2.123337984085083,1,False
0,0.5075836777687073,0,False
0,2.5932235717773438,1,False
0,6.285635471343994,2,False
0,0.48457056283950806,0,False
0,3.5259547233581543,1,False
0,4.452159881591797,2,False
0,1.1009266376495361,0,False
0,4.087760925292969,2,False
0,1.662092924118042,1,False
0,0.4982258379459381,0,False
0,0.5253461599349976,0,False
0,3.987790107727051,2,False
0,1.5060679912567139,1,False
0,1.257774829864502,2,False
0,1.9452314376831055,2,False
0,2.2685275077819824,1,False
0,2.9984259605407715,2,False
0,2.8135509490966797,1,False
0,3.219893455505371,1,False
0,0.5253604054450989,0,False
0,4.258512020111084,2,False
0,1.609375,1,False
0,1.325544834136963,0,False
0,1.0615559816360474,0,False
0,1.609375,1,False
0,1.1061707735061646,2,False
0,0.4821489453315735,0,False
0,4.637101173400879,2,False
0,1.026728868484497,2,False
0,0.4588022232055664,0,False
0,0.5017367601394653,0,False
0,3.227271795272827,1,False
0,0.5094741582870483,0,False
0,4.685355186462402,2,False
0,0.49601858854293823,0,False
0,2.729701042175293,1,False
0,1.4873446226119995,1,False
0,4.659627914428711,2,False
0,2.917158603668213,2,False
0,2.2784814834594727,1,False
0,1.80631422996521,1,False
0,0.6529150009155273,0,False
0,0.5303248167037964,0,False
0,4.1979570388793945,2,False
0,4.221442222595215,2,False
0,0.4805237948894501,0,False
0,3.00059175491333,1,False
0,3.8459503650665283,2,False
0,0.48337021470069885,0,False
0,1.0385768413543701,2,False
0,2.856282949447632,1,False
0,4.269772052764893,2,False
0,1.9605011940002441,2,False
0,1.1938272714614868,0,False
0,1.258963704109192,2,False
0,4.816237449645996,2,False
0,1.6171875,1,False
0,4.10741662979126,1,False
0,0.4761611223220825,0,False
0,0.5039553046226501,0,False
0,3.9103035926818848,2,False
0,2.357072114944458,1,False
0,1.6181640625,1,False
0,4.064638614654541,2,False
0,3.252337694168091,1,False
0,0.4745011031627655,0,False
0,1.2640883922576904,0,False
0,4.094926834106445,1,False
0,2.7302792072296143,0,False
0,2.4297876358032227,1,False
0,0.4486096501350403,0,False
0,2.584587812423706,1,False
0,6.335748672485352,2,False
0,3.972041606903076,2,False
0,2.4539806842803955,1,False
0,2.720273494720459,1,False
0,2.0624053478240967,2,False
0,0.5461437702178955,0,False
0,3.7827391624450684,2,False
0,2.2618026733398438,1,False
0,1.0938317775726318,1,False
0,0.4895066022872925,0,False
0,1.6279296875,1,False
0,4.5883307456970215,2,False
0,2.1199653148651123,2,False
0,2.4488887786865234,1,False
0,1.630859375,1,False
0,1.0793936252593994,2,False
0,1.9257380962371826,2,False
0,0.483907014131546,0,False
0,1.0220303535461426,1,False
0,2.1497790813446045,1,False
0,2.1951613426208496,2,False
0,2.767848491668701,2,False
0,1.0669574737548828,0,False
0,1.6355009078979492,1,False
0,3.2684378623962402,1,False
0,1.2475340366363525,2,False
0,0.510759711265564,0,False
0,3.2443289756774902,2,False
0,1.5642406940460205,0,False
0,3.2659173011779785,1,False
0,0.46602457761764526,0,False
0,1.0446888208389282,0,False
0,1.0716230869293213,0,False
0,0.4393017590045929,0,False
0,1.9289075136184692,2,False
0,3.231688976287842,2,False
0,1.9086556434631348,1,False
0,1.1905889511108398,0,False
0,1.1957238912582397,0,False
0,0.5012831687927246,0,False
0,5.26994514465332,2,False
0,3.2692723274230957,1,False
0,4.92800760269165,2,False
0,4.118312358856201,2,False
0,2.768704414367676,1,False
0,1.4303947687149048,0,False
0,3.423105478286743,1,False
0,1.1255937814712524,0,False
0,0.47694164514541626,0,False
0,3.388601064682007,2,False
0,1.382314682006836,2,False
0,2.858090877532959,1,False
0,1.9607967138290405,1,False
0,3.262356758117676,1,False
0,3.9993598461151123,1,False
0,2.721790075302124,0,False
0,2.7428481578826904,1,False
0,3.840221405029297,2,False
0,0.49909496307373047,0,False
0,1.634765625,1,False
0,4.076918601989746,2,False
0,1.4009039402008057,2,False
0,1.203866958618164,0,False
0,0.5035624504089355,0,False
0,3.741001605987549,2,False
0,2.021026611328125,2,False
0,2.7013583183288574,1,False
0,1.9769099950790405,1,False
0,1.1696133613586426,0,False
0,1.5863476991653442,0,False
0,0.6368875503540039,0,False
0,1.2971251010894775,0,False
0,6.206329345703125,2,False
0,1.257273554801941,2,False
0,3.4391369819641113,2,False
0,1.2564561367034912,2,False
0,3.4132323265075684,2,False
0,2.843339443206787,1,False
0,4.466640949249268,2,False
0,1.210181713104248,0,False
0,1.1179959774017334,0,False
0,1.630859375,1,False
0,1.1058063507080078,0,False
0,0.454509437084198,0,False
0,1.2892974615097046,0,False
0,5.136418342590332,2,False
0,1.5697284936904907,0,False
0,1.6861677169799805,1,False
0,1.5006917715072632,0,False
0,5.487361907958984,1,False
0,4.43268346786499,1,False
0,4.984068393707275,1,False
0,1.7085273265838623,0,False
0,1.0584659576416016,0,False
0,1.0961869955062866,0,False
0,2.2915873527526855,1,False
0,3.2509148120880127,1,False
0,1.1118515729904175,0,False
0,4.225773811340332,0,False
0,1.587691307067871,0,False
0,2.588258981704712,1,False
0,6.283145904541016,2,False
0,1.101038932800293,0,False
0,4.61715030670166,1,False
0,1.4855051040649414,0,False
0,4.997902870178223,1,False
0,5.25401496887207,1,False
0,2.231285333633423,2,False
0,3.353367328643799,1,False
0,1.5570087432861328,0,False
0,5.677124977111816,2,False
0,2.100667715072632,2,False
0,4.619182109832764,2,False
0,3.4121997356414795,1,False
0,7.761045455932617,2,False
0,5.921658515930176,2,False
0,4.419722557067871,2,False
0,4.196707725524902,2,False
0,5.31874418258667,0,False
0,4.322147369384766,1,False
0,2.0879902839660645,2,False
0,3.7483901977539062,0,False
0,4.1817216873168945,2,False
0,2.7288029193878174,0,False
0,2.387617588043213,2,False
0,1.0653467178344727,0,False
0,5.858406066894531,1,False
0,2.1976518630981445,0,False
0,4.845920562744141,1,False
0,2.0341930389404297,2,False
0,3.31113862991333,1,False
0,3.5615756511688232,0,False
0,1.4882268905639648,0,False
0,2.709764003753662,0,False
0,2.1591930389404297,0,False
0,3.8489770889282227,1,False
0,5.722295761108398,2,False
0,5.6016011238098145,2,False
0,1.4519726037979126,0,False
0,5.312250137329102,2,False
0,3.3205018043518066,1,False
0,6.990190505981445,1,False
0,0.7834756970405579,0,False
0,6.168353080749512,2,False
0,1.0598983764648438,0,False
0,2.0395214557647705,2,False
0,1.4876673221588135,2,False
0,5.325038909912109,2,False
0,2.2646121978759766,0,False
0,5.963895797729492,2,False
0,1.2334284782409668,1,False
0,3.9416580200195312,1,False
0,1.4624463319778442,0,False
0,3.209751844406128,0,False
0,2.843909502029419,1,False
0,7.3896965980529785,2,False
0,0.9836249351501465,0,False
0,4.046532154083252,2,False
0,5.239006042480469,1,False
0,5.955410003662109,2,False
0,2.637556314468384,2,False
0,3.1697845458984375,2,False
0,2.4442553520202637,1,False
0,2.164971351623535,0,False
0,4.035544395446777,2,False
0,2.4942970275878906,0,False
0,6.03769588470459,2,False
0,3.807774066925049,1,False
0,3.3230438232421875,0,False
0,5.101710319519043,1,False
0,3.2048301696777344,2,False
0,4.816572189331055,1,False
0,1.4611570835113525,0,False
0,4.2563371658325195,2,False
0,3.057558059692383,2,False
0,5.576111793518066,1,False
0,2.184091806411743,2,False
0,6.845104217529297,1,False
0,3.7786922454833984,1,False
0,1.1298339366912842,0,False
0,2.656831741333008,1,False
0,2.3741562366485596,2,False
0,6.551009178161621,2,False
0,2.7572450637817383,1,False
0,1.3777616024017334,0,False
0,5.204665184020996,1,False
0,3.1470494270324707,2,False
0,5.1548027992248535,1,False
0,1.9365642070770264,2,False
0,1.7964258193969727,1,False
0,1.554069995880127,0,False
0,2.315776824951172,0,False
0,1.5685694217681885,0,False
0,1.482897162437439,0,False
0,5.156377792358398,1,False
0,3.0322694778442383,2,False
0,2.5487282276153564,1,False
0,6.725611686706543,2,False
0,4.16425895690918,2,False
0,4.874598503112793,1,False
0,5.654884338378906,2,False
0,5.2432732582092285,1,False
0,4.196929931640625,2,False
0,5.131595134735107,1,False
0,6.855874538421631,2,False
0,1.113952398300171,0,False
0,5.221523284912109,1,False
0,0.659716010093689,0,False
0,4.709691047668457,2,False
0,2.3157880306243896,1,False
0,1.4960674047470093,0,False
0,1.3266007900238037,0,False
0,1.5452635288238525,0,False
0,3.6401195526123047,2,False
0,4.291834831237793,1,False
0,1.358163833618164,0,False
0,2.5511209964752197,1,False
0,2.6384265422821045,2,False
0,2.0905323028564453,0,False
0,0.8617226481437683,0,False
0,1.8631751537322998,1,False
0,3.942683696746826,2,False
0,2.6267809867858887,2,False
0,4.085259437561035,1,False
0,4.923285961151123,1,False
0,3.712306499481201,2,False
0,0.7593631744384766,0,False
0,1.6081106662750244,0,False
0,1.0599164962768555,0,False
0,1.6205838918685913,1,False
0,1.255391001701355,0,False
0,2.2004480361938477,0,False
0,4.841093063354492,2,False
0,4.244044303894043,1,False
0,4.2022576332092285,1,False
0,3.5150485038757324,1,False
0,4.443655014038086,1,False
0,3.922220230102539,2,False
0,1.3130013942718506,1,False
0,4.758089065551758,1,False
0,1.2381577491760254,0,False
0,1.930084466934204,2,False
0,0.8209290504455566,0,False
0,5.162222862243652,2,False
0,5.775867938995361,2,False
0,3.2817955017089844,2,False
0,1.1021289825439453,2,False
0,2.475731372833252,2,False
0,1.427329659461975,0,False
0,3.021188259124756,0,False
0,4.185855388641357,2,False
0,2.4120330810546875,1,False
0,4.284783363342285,1,False
0,1.2914575338363647,0,False
0,1.531031847000122,0,False
0,1.107762098312378,0,False
0,1.3782082796096802,0,False
0,1.352701187133789,0,False
0,4.659154891967773,2,False
0,4.200231552124023,1,False
0,1.4309804439544678,0,False
0,1.8303526639938354,1,False
0,3.13761043548584,2,False
0,6.506415367126465,2,False
0,3.8298964500427246,1,False
0,2.267624855041504,2,False
0,3.5055036544799805,2,False
0,3.193974018096924,2,False
0,4.507248878479004,1,False
0,5.061354637145996,0,False
0,2.9388861656188965,0,False
0,2.543745756149292,1,False
0,2.4059791564941406,1,False
0,5.181887626647949,1,False
0,0.7722734212875366,0,False
0,5.2946624755859375,1,False
0,5.741137504577637,2,False
0,3.711442470550537,1,False
0,1.9703319072723389,0,False
0,2.4951066970825195,0,False
0,1.4078701734542847,0,False
0,2.179377794265747,1,False
0,5.991338729858398,2,False
0,1.750710368156433,0,False
0,2.7324206829071045,1,False
0,2.0569677352905273,0,False
0,4.183903694152832,2,False
0,2.2046446800231934,0,False
0,1.6430683135986328,0,False
0,6.867673873901367,2,False
0,2.6501317024230957,2,False
0,5.879990577697754,2,False
0,2.2139036655426025,0,False
0,1.646566390991211,2,False
0,1.3481924533843994,0,False
0,1.213295578956604,0,False
0,7.188885688781738,2,False
0,3.7005512714385986,1,False
0,4.08005952835083,1,False
0,1.2454197406768799,0,False
0,3.3789868354797363,2,False
0,6.267889022827148,2,False
0,3.783310890197754,2,False
0,1.0261962413787842,0,False
0,2.410593271255493,1,False
0,3.2527308464050293,2,False
0,5.506007194519043,2,False
0,1.4760245084762573,1,False
0,1.2451897859573364,0,False
0,1.1046361923217773,0,False
0,3.0192205905914307,2,False
0,2.077517509460449,1,False
0,3.7249598503112793,1,False
0,2.2831149101257324,1,False
0,2.64095401763916,1,False
0,2.0568857192993164,0,False
0,3.127772331237793,2,False
0,1.3170485496520996,0,False
0,6.721253871917725,2,False
0,1.5733187198638916,1,False
0,1.2634495496749878,0,False
0,4.46478271484375,1,False
0,2.8801681995391846,0,False
0,2.4709105491638184,2,False
0,2.7703561782836914,1,False
0,1.4220130443572998,0,False
0,4.19322395324707,1,False
0,3.8041248321533203,2,False
0,2.919645071029663,2,False
0,3.6359291076660156,1,False
0,2.0110981464385986,0,False
0,2.5678539276123047,1,False
0,2.40971302986145,1,False
0,4.134409427642822,1,False
0,1.7194545269012451,0,False
0,2.631263494491577,2,False
0,1.6370550394058228,0,False
0,1.791893482208252,0,False
0,2.3420631885528564,1,False
0,3.529414653778076,2,False
0,3.213949680328369,2,False
0,4.430335998535156,1,False
0,1.1290241479873657,0,False
0,2.1356863975524902,0,False
0,3.5652639865875244,2,False
0,1.5013175010681152,0,False
0,4.296372413635254,1,False
0,2.447572708129883,1,False
0,2.506571054458618,0,False
0,4.124814033508301,2,False
0,3.471588611602783,2,False
0,3.5761542320251465,2,False
0,3.1990997791290283,1,False
0,7.426642417907715,2,False
0,3.1681723594665527,2,False
0,3.6837124824523926,1,False
0,2.2811341285705566,0,False
0,2.5024750232696533,1,False
0,4.115354537963867,1,False
0,3.57543683052063,1,False
0,2.0966222286224365,1,False
0,1.2649509906768799,0,False
0,3.6569435596466064,1,False
0,1.3245526552200317,0,False
0,1.5265971422195435,0,False
0,4.10672664642334,0,False
0,7.367053985595703,2,False
0,2.613760232925415,2,False
0,2.84539794921875,2,False
0,1.610243797302246,0,False
0,5.698304653167725,2,False
0,6.553433418273926,2,False
0,2.3441569805145264,2,False
0,3.78694224357605,1,False
0,3.3540117740631104,1,False
0,1.864288330078125,0,False
0,2.804975986480713,0,False
0,4.2433061599731445,1,False
0,4.20626974105835,1,False
0,2.662292957305908,2,False
0,2.7026171684265137,1,False
0,2.0331664085388184,0,False
0,5.309720039367676,2,False
0,4.683328628540039,1,False
0,1.2205332517623901,0,False
0,4.389190673828125,1,False
0,2.1014504432678223,0,False
0,4.026614189147949,1,False
0,3.7816014289855957,1,False
0,2.5766284465789795,0,False
0,0.9014509320259094,0,False
0,6.259740829467773,2,False
0,1.9170889854431152,1,False
0,3.515519857406616,1,False
0,6.47128963470459,2,False
0,3.32804274559021,1,False
0,3.4353103637695312,2,False
0,2.928041934967041,2,False
0,2.9451498985290527,2,False
0,4.191061973571777,1,False
0,3.604092836380005,1,False
0,6.230286598205566,2,False
0,3.4157142639160156,2,False
0,1.1964620351791382,0,False
0,5.8518781661987305,2,False
0,4.236180782318115,1,False
0,3.5518760681152344,2,False
0,2.639904499053955,2,False
0,1.0868736505508423,0,False
0,1.4236716032028198,0,False
0,2.4397311210632324,1,False
0,5.782957553863525,2,False
0,3.6087186336517334,1,False
0,1.5612568855285645,0,False
0,4.840238094329834,2,False
0,1.2107266187667847,0,False
0,2.137568473815918,1,False
0,3.4380102157592773,2,False
0,1.2951655387878418,0,False
0,4.940384864807129,0,False
0,4.256612300872803,0,False
0,2.8008337020874023,2,False
0,4.238972187042236,2,False
0,0.6095530986785889,0,False
0,4.566640377044678,2,False
0,2.566920757293701,0,False
0,1.9401750564575195,1,False
0,3.181596040725708,2,False
0,5.65468168258667,1,False
0,2.3189568519592285,0,False
0,2.0762743949890137,0,False
0,2.5843796730041504,0,False
0,2.0470683574676514,0,False
0,2.9330713748931885,2,False
0,4.4913649559021,1,False
0,1.8364794254302979,2,False
0,1.6027991771697998,0,False
0,0.9657608270645142,0,False
0,3.2753565311431885,1,False
0,4.5064592361450195,2,False
0,2.880159378051758,0,False
0,2.5109128952026367,1,False
0,2.7544853687286377,2,False
0,3.3855340480804443,1,False
0,2.8665876388549805,0,False
0,4.478579998016357,1,False
0,1.5470668077468872,0,False
0,1.8070380687713623,0,False
0,4.379605770111084,1,False
0,5.372507095336914,1,False
0,2.3074307441711426,0,False
0,2.6658105850219727,2,False
0,2.5130667686462402,2,False
0,4.366978168487549,1,False
0,3.7404513359069824,2,False
0,0.9425663352012634,0,False
0,4.089266777038574,1,False
0,1.5003623962402344,0,False
0,2.3808343410491943,2,False
0,3.6993815898895264,1,False
0,1.19125235080719,0,False
0,1.4074548482894897,0,False
0,2.41652774810791,1,False
0,4.266086578369141,1,False
0,4.277045249938965,1,False
0,3.536794900894165,2,False
0,1.5548322200775146,0,False
0,2.3692054748535156,0,False
0,2.572305202484131,2,False
0,2.190131425857544,0,False
0,1.1625556945800781,0,False
0,2.481821298599243,2,False
0,3.4307215213775635,1,False
0,3.359467029571533,1,False
0,2.5491771697998047,2,False
0,2.542172431945801,1,False
0,2.9972825050354004,2,False
0,3.5551342964172363,1,False
0,3.3894612789154053,2,False
0,7.739249229431152,2,False
0,1.0640678405761719,0,False
0,2.693751096725464,1,False
0,5.239013671875,2,False
0,2.469571828842163,2,False
0,2.4726405143737793,1,False
0,2.2982287406921387,2,False
0,4.302098751068115,1,False
0,2.014341115951538,0,False
0,3.250443935394287,1,False
0,2.3274784088134766,1,False
0,3.6834983825683594,1,False
0,1.3696386814117432,0,False
0,2.274219512939453,0,False
0,6.11086368560791,2,False
0,4.895772933959961,2,False
0,5.027578353881836,1,False
0,1.3862402439117432,0,False
0,1.3047091960906982,0,False
0,0.5352034568786621,2,False
0,3.0759329795837402,2,False
0,4.295487403869629,1,False
0,2.0237207412719727,0,False
0,3.9117283821105957,1,False
0,2.033069372177124,2,False
0,2.520991325378418,0,False
0,1.9003742933273315,0,False
0,4.3677659034729,1,False
0,1.2342568635940552,0,False
0,1.7745306491851807,1,False
0,2.147068977355957,0,False
0,5.72174072265625,2,False
0,1.5282000303268433,0,False
0,2.0774827003479004,0,False
0,2.043583869934082,2,False
0,2.561532974243164,1,False
0,3.8285036087036133,2,False
0,2.057523727416992,0,False
0,1.6207867860794067,1,False
0,4.513341903686523,1,False
0,3.3708596229553223,1,False
0,1.8117263317108154,0,False
0,2.4606406688690186,1,False
0,1.8043469190597534,2,False
0,3.3188788890838623,2,False
0,1.325108289718628,0,False
0,5.141620635986328,2,False
0,6.588674545288086,2,False
0,1.1863148212432861,0,False
0,7.183036804199219,2,False
0,2.6732935905456543,2,False
0,2.1294853687286377,0,False
0,2.5558223724365234,1,False
0,4.2038893699646,1,False
0,1.9156219959259033,1,False
0,2.94344425201416,2,False
0,2.4206316471099854,1,False
0,5.488577365875244,2,False
0,2.4308602809906006,1,False
0,1.2370251417160034,0,False
0,3.8994383811950684,1,False
0,4.7657012939453125,2,False
0,5.916379928588867,2,False
0,2.084508180618286,0,False
0,3.7148208618164062,1,False
0,5.123805999755859,2,False
0,4.801787376403809,2,False
0,2.9450485706329346,2,False
0,1.6004090309143066,0,False
0,5.183535575866699,2,False
0,1.5182372331619263,0,False
0,2.333153486251831,1,False
0,3.1457347869873047,2,False
0,1.7390015125274658,2,False
0,3.280677080154419,2,False
0,2.0672950744628906,0,False
0,3.4626822471618652,1,False
0,1.218375325202942,0,False
0,2.54231858253479,1,False
0,1.7272300720214844,0,False
0,4.681712627410889,1,False
0,0.9259560108184814,0,False
0,1.8563024997711182,0,False
0,2.082618474960327,2,False
0,2.958085775375366,2,False
0,3.319838523864746,1,False
0,2.9881391525268555,1,False
0,4.439908981323242,2,False
0,2.2506864070892334,0,False
0,1.8363200426101685,0,False
0,2.0090460777282715,2,False
0,2.1197597980499268,0,False
0,1.089293122291565,0,False
0,4.947515964508057,0,False
0,5.315307140350342,2,False
0,2.562506914138794,1,False
0,4.217342376708984,1,False
0,2.4805572032928467,1,False
0,1.082476019859314,0,False
0,3.5214030742645264,1,False
0,3.9067628383636475,1,False
0,3.291893720626831,1,False
0,1.7815852165222168,0,False
0,1.0161131620407104,0,False
0,0.9491351842880249,0,False
0,2.7126693725585938,0,False
0,1.83254873752594,0,False
0,2.142646312713623,0,False
0,1.4588804244995117,1,False
0,3.126842975616455,2,False
0,1.6855618953704834,2,False
0,5.5487060546875,2,False
0,3.1545729637145996,2,False
0,3.736903667449951,2,False
0,4.5536580085754395,1,False
0,0.8286638259887695,0,False
0,1.9665944576263428,0,False
0,2.526400327682495,1,False
0,1.525653600692749,0,False
0,2.4351401329040527,0,False
0,1.450719952583313,0,False
0,2.0158581733703613,2,False
0,6.73811674118042,2,False
0,1.08927321434021,0,False
0,1.8775725364685059,1,False
0,4.253267765045166,2,False
0,3.6784236431121826,2,False
0,0.7694082856178284,2,False
0,1.8976494073867798,0,False
0,3.0628561973571777,1,False
0,4.557839870452881,1,False
0,2.6491804122924805,1,False
0,1.8655320405960083,2,False
0,2.5415706634521484,2,False
0,2.273739814758301,2,False
0,3.9115419387817383,2,False
0,1.1751629114151,0,False
0,4.139644145965576,1,False
0,0.8761535882949829,0,False
0,2.234815835952759,0,False
0,1.8354065418243408,0,False
0,3.6113548278808594,2,False
0,4.229043006896973,1,False
0,2.5999436378479004,2,False
0,2.9738998413085938,2,False
0,4.741788864135742,2,False
0,0.8611704111099243,0,False
0,1.954032301902771,1,False
0,1.192337989807129,0,False
0,3.7856009006500244,2,False
0,2.5439178943634033,2,False
0,3.785212755203247,1,False
0,1.4683279991149902,2,False
0,2.962937593460083,1,False
0,5.300848960876465,1,False
0,2.0538556575775146,1,False
0,2.0913186073303223,1,False
0,1.9708747863769531,1,False
0,3.3768043518066406,1,False
0,2.3078653812408447,2,False
0,1.1024175882339478,0,False
0,1.2092570066452026,0,False
0,4.292471408843994,1,False
0,4.148872375488281,1,False
0,3.186178207397461,2,False
0,1.0523072481155396,0,False
0,4.054886817932129,1,False
0,1.8642621040344238,0,False
0,2.6656856536865234,2,False
0,2.4772281646728516,2,False
0,1.1594220399856567,0,False
0,3.1360557079315186,1,False
0,1.9732633829116821,1,False
0,4.659648418426514,1,False
0,3.121828556060791,2,False
0,3.2276651859283447,1,False
0,2.716984987258911,2,False
0,1.9514639377593994,0,False
0,1.7376563549041748,2,False
0,3.0981218814849854,2,False
0,2.6750216484069824,1,False
0,2.3280882835388184,1,False
0,2.2586684226989746,2,False
0,2.239910125732422,0,False
0,1.69923996925354,0,False
0,1.0770047903060913,0,False
0,4.690989017486572,1,False
0,1.8704051971435547,0,False
0,1.9580535888671875,2,False
0,1.7600736618041992,0,False
0,3.746596336364746,1,False
0,2.453531503677368,2,False
0,3.2110979557037354,1,False
0,3.878448009490967,1,False
0,1.1428983211517334,0,False
0,1.8695483207702637,1,False
0,2.7638602256774902,2,False
0,4.099822044372559,1,False
0,3.3263840675354004,1,False
0,1.5971754789352417,0,False
0,0.9959055781364441,0,False
0,4.133491516113281,2,False
0,2.3850066661834717,2,False
0,2.3451740741729736,1,False
0,1.6350317001342773,0,False
0,1.6826162338256836,0,False
0,2.080242156982422,0,False
0,3.7872769832611084,2,False
0,1.8707354068756104,0,False
0,2.6990747451782227,2,False
0,1.6336042881011963,0,False
0,3.298473834991455,2,False
0,2.6267218589782715,1,False
0,4.166615009307861,2,False
0,1.0635831356048584,0,False
0,2.9676594734191895,2,False
0,4.128318786621094,1,False
0,4.2736005783081055,1,False
0,3.7980260848999023,1,False
0,3.6867384910583496,1,False
0,4.045989990234375,1,False
0,1.875622272491455,1,False
0,2.9879603385925293,2,False
0,4.959068298339844,0,False
0,4.469299793243408,2,False
0,2.5204291343688965,1,False
0,2.8611228466033936,1,False
0,1.898804783821106,0,False
0,4.49238920211792,2,False
0,3.930148124694824,2,False
0,2.3241591453552246,1,False
0,1.8360059261322021,2,False
0,2.2010672092437744,0,False
0,2.2647483348846436,2,False
0,3.025698184967041,2,False
0,7.091623306274414,2,False
0,2.0394115447998047,0,False
0,3.9603443145751953,1,False
0,1.0204882621765137,0,False
0,1.8815481662750244,1,False
0,3.1245975494384766,2,False
0,5.053220748901367,1,False
0,2.4916796684265137,1,False
0,1.2323204278945923,0,False
0,1.2160241603851318,0,False
0,4.245370864868164,1,False
0,2.054330587387085,2,False
0,1.2036316394805908,0,False
0,1.6559991836547852,0,False
0,2.5063629150390625,2,False
0,3.808603286743164,1,False
0,3.8795981407165527,1,False
0,2.9134464263916016,2,False
0,1.8566627502441406,1,False
0,3.4282734394073486,1,False
0,3.919952869415283,1,False
0,3.930222988128662,1,False
0,3.11787486076355,1,False
0,2.050196647644043,0,False
0,4.5508527755737305,1,False
0,1.4125480651855469,0,False
0,1.925713062286377,0,False
0,3.815333366394043,1,False
0,2.7543811798095703,2,False
0,3.241426706314087,1,False
0,2.090379238128662,2,False
0,1.6030628681182861,0,False
0,2.185568332672119,2,False
0,6.3319549560546875,2,False
0,1.3056071996688843,0,False
0,2.644165277481079,0,False
0,1.332284688949585,0,False
0,4.417356491088867,2,False
0,2.975842237472534,2,False
0,3.3238377571105957,2,False
0,1.2527551651000977,0,False
0,3.411266803741455,2,False
0,2.2571985721588135,0,False
0,2.1397581100463867,0,False
0,6.561797142028809,2,False
0,1.2211254835128784,0,False
0,1.9955334663391113,2,False
0,1.8631880283355713,0,False
0,2.700840473175049,2,False
0,3.7889981269836426,1,False
0,1.2193903923034668,0,False
0,1.950258731842041,1,False
0,1.1151022911071777,0,False
0,2.895371437072754,2,False
0,3.7862794399261475,2,False
0,2.4752068519592285,2,False
0,2.080601692199707,0,False
0,5.534777641296387,2,False
0,5.083840370178223,2,False
0,3.135134696960449,2,False
0,1.6489583253860474,2,False
0,0.9468835592269897,0,False
0,0.9499794840812683,0,False
0,1.9612722396850586,2,False
0,4.570137023925781,1,False
0,3.020073175430298,2,False
0,4.050189971923828,1,False
0,1.5042411088943481,2,False
0,1.9575692415237427,0,False
0,2.9737796783447266,1,False
0,4.4207916259765625,1,False
0,0.9161840081214905,0,False
0,1.494924783706665,1,False
0,1.8808538913726807,0,False
0,2.1455020904541016,2,False
0,3.7955188751220703,1,False
0,1.1857964992523193,0,False
0,2.604543924331665,1,False
0,2.362879753112793,2,False
0,2.6172451972961426,2,False
0,2.1567459106445312,0,False
0,1.1153329610824585,0,False
0,4.657171249389648,2,False
0,1.617783784866333,1,False
0,1.0180739164352417,0,False
0,2.250575304031372,2,False
0,3.8936405181884766,1,False
0,3.5611953735351562,2,False
0,2.351802110671997,1,False
0,1.8838450908660889,0,False
0,2.9586708545684814,1,False
0,2.349848985671997,1,False
0,3.4074044227600098,2,False
0,3.3993542194366455,1,False
0,2.1913771629333496,0,False
0,3.295517683029175,1,False
0,2.0276498794555664,0,False
0,1.9408320188522339,2,False
0,1.525536298751831,0,False
0,1.6774879693984985,0,False
0,1.2213528156280518,0,False
0,3.0624797344207764,1,False
0,2.1620819568634033,0,False
0,3.8588242530822754,1,False
0,1.7830244302749634,0,False
0,1.7565762996673584,0,False
0,3.778503179550171,1,False
0,1.6247111558914185,0,False
0,4.031322479248047,2,False
0,2.728572130203247,1,False
0,1.397667407989502,0,False
0,1.9988905191421509,1,False
0,0.9716892242431641,0,False
0,1.8370819091796875,2,False
0,3.22896409034729,2,False
0,2.246783494949341,1,False
0,2.763535737991333,2,False
0,3.7143731117248535,1,False
0,4.619487762451172,1,False
0,2.074800968170166,0,False
0,4.614351749420166,1,False
0,1.4287109375,1,False
0,2.269289016723633,1,False
0,4.623793601989746,1,False
0,2.2882542610168457,0,False
0,1.9278877973556519,0,False
0,3.6996569633483887,2,False
0,1.106100082397461,0,False
0,3.4675748348236084,2,False
0,2.654978036880493,2,False
0,4.607213020324707,1,False
0,2.82810640335083,2,False
0,1.8897550106048584,0,False
0,1.3719686269760132,1,False
0,0.9825315475463867,0,False
0,3.434307336807251,2,False
0,5.59084415435791,2,False
0,2.081117630004883,2,False
0,2.848102331161499,2,False
0,1.363213062286377,1,False
0,5.7542219161987305,2,False
0,3.3234825134277344,1,False
0,2.0034923553466797,2,False
0,1.68470299243927,2,False
0,2.8334200382232666,2,False
0,1.7090622186660767,1,False
0,1.870914101600647,0,False
0,2.0977835655212402,0,False
0,3.1505374908447266,2,False
0,1.3453855514526367,0,False
0,1.5204508304595947,1,False
0,2.221266508102417,1,False
0,2.141724109649658,2,False
0,2.1374526023864746,0,False
0,1.6996879577636719,1,False
0,0.8809460401535034,2,False
0,1.0389125347137451,0,False
0,2.030029296875,2,False
0,1.5106419324874878,0,False
0,3.8484721183776855,1,False
0,3.129757881164551,1,False
0,2.388148307800293,2,False
0,1.0115081071853638,0,False
0,1.4188644886016846,0,False
0,4.181817054748535,2,False
0,3.7067713737487793,2,False
0,1.3200844526290894,0,False
0,1.7571885585784912,1,False
0,2.1080102920532227,2,False
0,2.09101939201355,2,False
0,2.9418814182281494,2,False
0,1.0722559690475464,0,False
0,2.5154199600219727,0,False
0,3.854188919067383,2,False
0,0.5610095262527466,0,False
0,3.144951343536377,1,False
0,4.708556175231934,2,False
0,1.7420014142990112,1,False
0,3.878321647644043,1,False
0,3.163405418395996,1,False
0,1.7998740673065186,2,False
0,1.7952439785003662,1,False
0,0.8804309964179993,0,False
0,2.1662938594818115,1,False
0,3.171706199645996,1,False
0,1.255048394203186,0,False
0,0.9140506386756897,0,False
0,1.3866595029830933,0,False
0,1.3141403198242188,0,False
0,3.0664167404174805,2,False
0,1.2154124975204468,0,False
0,1.9875054359436035,0,False
0,2.195828914642334,2,False
0,2.1596522331237793,2,False
0,4.302433967590332,1,False
0,1.3057273626327515,0,False
0,5.873385429382324,2,False
0,2.348145008087158,2,False
0,4.206218719482422,1,False
0,1.3168542385101318,0,False
0,3.0506763458251953,1,False
0,4.359691143035889,1,False
0,4.738804817199707,2,False
0,4.000755310058594,2,False
0,3.2883920669555664,1,False
0,1.710343599319458,2,False
0,0.8808832764625549,0,False
0,2.1982614994049072,2,False
0,1.8706469535827637,1,False
0,5.2212677001953125,1,False
0,3.754582405090332,2,False
0,1.8942053318023682,1,False
0,4.269920825958252,1,False
0,1.1196112632751465,0,False
0,1.7402536869049072,1,False
0,0.9501940011978149,0,False
0,2.2266860008239746,1,False
0,4.631061553955078,2,False
0,1.4138613939285278,0,False
0,1.9831985235214233,2,False
0,1.8168046474456787,0,False
0,3.178645133972168,2,False
0,1.3950910568237305,0,False
0,2.110687732696533,0,False
0,4.418097496032715,1,False
0,1.3708226680755615,0,False
0,3.0105977058410645,2,False
0,0.437835693359375,0,False
0,2.3532371520996094,1,False
0,2.3244268894195557,1,False
0,0.5311723947525024,0,False
0,3.693720817565918,2,False
0,2.1581244468688965,1,False
0,1.466796875,1,False
0,0.937480092048645,0,False
0,2.0148112773895264,1,False
0,1.3663904666900635,0,False
0,1.371654748916626,0,False
0,6.223491668701172,2,False
0,4.279248237609863,1,False
0,2.949981689453125,2,False
0,3.286896228790283,2,False
0,1.3454499244689941,0,False
0,0.458810031414032,0,False
0,1.7132465839385986,1,False
0,6.731077194213867,2,False
0,1.8987886905670166,1,False
0,4.395136833190918,2,False
0,2.2485477924346924,1,False
0,1.1713391542434692,0,False
0,4.711970329284668,2,False
0,0.9364545345306396,0,False
0,0.8172800540924072,0,False
0,0.473495215177536,0,False
0,1.894167423248291,1,False
0,3.6364965438842773,1,False
0,2.2179884910583496,1,False
0,2.1440205574035645,1,False
0,2.077112913131714,1,False
0,3.270595073699951,1,False
0,0.8736412525177002,0,False
0,1.2948572635650635,0,False
0,3.197450637817383,2,False
0,6.464113235473633,2,False
0,4.887401580810547,1,False
0,1.7706775665283203,2,False
0,0.4296577572822571,0,False
0,2.0172314643859863,1,False
0,1.9605436325073242,2,False
0,1.30942964553833,0,False
0,1.6959192752838135,0,False
0,1.8747361898422241,0,False
0,1.883610725402832,1,False
0,1.3570178747177124,0,False
0,1.3063406944274902,0,False
0,2.9466915130615234,1,False
0,1.343304991722107,0,False
0,5.520638465881348,2,False
0,2.2939367294311523,2,False
0,4.562925815582275,1,False
0,3.7342779636383057,1,False
0,3.4173474311828613,1,False
0,5.067183971405029,1,False
0,1.571620225906372,0,False
0,1.0628118515014648,0,False
0,2.3024284839630127,0,False
0,1.169791579246521,0,False
0,7.4236602783203125,2,False
0,4.489306926727295,2,False
0,0.4178220331668854,0,False
0,1.7924492359161377,0,False
0,1.199631690979004,0,False
0,4.91874885559082,1,False
0,0.7960854768753052,0,False
0,2.5358569622039795,1,False
0,0.9685043096542358,0,False
0,1.0418601036071777,0,False
0,4.76545524597168,2,False
0,2.921928644180298,2,False
0,1.6724382638931274,2,False
0,3.107182025909424,1,False
0,2.524461269378662,1,False
0,1.2991256713867188,0,False
0,2.0763144493103027,1,False
0,1.8261796236038208,0,False
0,4.716662406921387,2,False
0,1.4029545783996582,0,False
0,3.542905807495117,1,False
0,1.8078346252441406,0,False
0,5.097780227661133,2,False
0,1.8669216632843018,1,False
0,1.4207043647766113,0,False
0,1.7111259698867798,2,False
0,1.879452109336853,1,False
0,2.954169273376465,2,False
0,4.217409610748291,1,False
0,1.7745356559753418,2,False
0,4.024005889892578,2,False
0,1.46484375,1,False
0,1.9423924684524536,1,False
0,1.003727674484253,0,False
0,6.359106063842773,2,False
0,1.0762584209442139,0,False
0,2.4883148670196533,1,False
0,0.42952588200569153,0,False
0,2.2942376136779785,2,False
0,3.1547703742980957,1,False
0,1.7503169775009155,0,False
0,0.4115847051143646,0,False
0,1.1606923341751099,0,False
0,1.3003363609313965,1,False
0,4.827892303466797,1,False
0,3.086428165435791,1,False
0,2.5257084369659424,1,False
0,3.614304542541504,1,False
0,1.6380213499069214,2,False
0,5.618104457855225,1,False
0,3.4445478916168213,2,False
0,0.9830148816108704,0,False
0,6.195638656616211,2,False
0,1.082061767578125,0,False
0,1.9155125617980957,1,False
0,2.7128334045410156,2,False
0,1.7546577453613281,1,False
0,1.1936153173446655,1,False
0,4.9421281814575195,2,False
0,1.0207970142364502,0,False
0,1.9743854999542236,2,False
0,1.2581926584243774,0,False
0,1.8652238845825195,1,False
0,2.09657621383667,2,False
0,4.642531394958496,2,False
0,2.125847339630127,1,False
0,1.6684167385101318,0,False
0,0.7293561100959778,0,False
0,2.679788589477539,2,False
0,2.986997365951538,2,False
0,5.824052333831787,2,False
0,1.3603711128234863,0,False
0,2.6478209495544434,2,False
0,2.8057172298431396,2,False
0,1.45703125,1,False
0,1.6934559345245361,2,False
0,2.2398006916046143,2,False
0,0.7865418195724487,0,False
0,1.4599609375,1,False
0,2.6885781288146973,2,False
0,2.618811845779419,1,False
0,2.2175979614257812,2,False
0,4.285703659057617,1,False
0,1.5637531280517578,0,False
0,1.5062689781188965,0,False
0,5.0475311279296875,2,False
0,1.2764519453048706,0,False
0,3.1650586128234863,1,False
0,2.465437650680542,1,False
0,2.164736032485962,2,False
0,2.0513131618499756,2,False
0,1.4235637187957764,0,False
0,4.587568283081055,2,False
0,2.748106002807617,1,False
0,0.9960516691207886,0,False
0,2.9753963947296143,1,False
0,1.7636139392852783,0,False
0,1.1594939231872559,0,False
0,1.507115364074707,1,False
0,2.04301118850708,0,False
0,3.219059467315674,2,False
0,4.642724990844727,1,False
0,1.0827085971832275,0,False
0,1.3987278938293457,0,False
0,4.735542297363281,2,False
0,2.0322928428649902,0,False
0,2.0674076080322266,2,False
0,3.835951805114746,1,False
0,1.8803809881210327,1,False
0,2.2190072536468506,0,False
0,1.5968072414398193,1,False
0,2.5868029594421387,2,False
0,3.7334823608398438,2,False
0,2.6174049377441406,1,False
0,3.066038131713867,2,False
0,2.853799819946289,1,False
0,1.2015469074249268,0,False
0,1.3771882057189941,0,False
0,3.6150007247924805,2,False
0,4.023643493652344,1,False
0,6.6549973487854,2,False
0,2.1804840564727783,2,False
0,2.433553457260132,1,False
0,1.284924864768982,0,False
0,4.8575944900512695,2,False
0,2.3118298053741455,2,False
0,1.9834115505218506,0,False
0,2.4427108764648438,1,False
0,3.4480831623077393,1,False
0,3.2191500663757324,2,False
0,0.7794527411460876,2,False
0,1.9298821687698364,1,False
0,1.1668951511383057,0,False
0,4.645598411560059,2,False
0,2.5416274070739746,2,False
0,1.0709104537963867,0,False
0,2.0938987731933594,0,False
0,2.6020419597625732,2,False
0,3.7009787559509277,2,False
0,1.6610466241836548,0,False
0,2.3085145950317383,2,False
0,1.8472089767456055,1,False
0,2.7533133029937744,1,False
0,4.572730541229248,2,False
0,2.191279411315918,2,False
0,4.613015651702881,2,False
0,2.423600673675537,1,False
0,4.072756767272949,1,False
0,3.155038833618164,1,False
0,1.6119275093078613,2,False
0,1.2069531679153442,1,False
0,1.228084683418274,0,False
0,1.3876233100891113,0,False
0,4.860418319702148,2,False
0,1.6493210792541504,0,False
0,1.6403888463974,0,False
0,4.151487827301025,2,False
0,2.722444534301758,1,False
0,3.7312076091766357,2,False
0,4.210499286651611,2,False
0,5.8156023025512695,2,False
0,2.1463541984558105,2,False
0,1.4275315999984741,0,False
0,3.6265463829040527,1,False
0,3.3301963806152344,2,False
0,1.924609661102295,0,False
0,1.865025281906128,1,False
0,1.8190827369689941,0,False
0,2.452800750732422,2,False
0,3.9931082725524902,2,False
0,1.9613393545150757,2,False
0,1.4325847625732422,0,False
0,1.608413577079773,2,False
0,1.2275488376617432,0,False
0,1.3998169898986816,0,False
0,1.1139025688171387,1,False
0,1.3796641826629639,1,False
0,1.2657082080841064,2,False
0,0.6768423318862915,0,False
0,1.4609375,1,False
0,3.2158548831939697,2,False
0,5.491939544677734,2,False
0,1.0230040550231934,0,False
0,1.3931314945220947,0,False
0,2.1634740829467773,0,False
0,2.729893207550049,1,False
0,2.763521671295166,1,False
0,1.0056939125061035,0,False
0,1.4446593523025513,0,False
0,1.3674970865249634,0,False
0,2.290449857711792,0,False
0,1.462890625,1,False
0,3.638455867767334,2,False
0,4.640997409820557,2,False
0,2.094719886779785,2,False
0,2.372206687927246,1,False
0,2.2984344959259033,2,False
0,2.33406400680542,2,False
0,2.4284253120422363,1,False
0,3.508556604385376,1,False
0,5.401062965393066,1,False
0,0.6705955266952515,0,False
0,0.9081907868385315,0,False
0,3.9692342281341553,1,False
0,2.7002038955688477,2,False
0,1.153505802154541,0,False
0,1.45703125,1,False
0,1.2791918516159058,0,False
0,1.342471957206726,0,False
0,1.973545789718628,1,False
0,1.3081588745117188,0,False
0,5.0605692863464355,1,False
0,2.4809889793395996,1,False
0,1.3655141592025757,0,False
0,4.380255699157715,1,False
0,3.15110182762146,1,False
0,0.7738703489303589,0,False
0,2.0176007747650146,2,False
0,6.793577194213867,2,False
0,2.1980953216552734,2,False
0,1.6886554956436157,0,False
0,4.267197132110596,2,False
0,2.1584534645080566,2,False
0,1.367954969406128,0,False
0,2.7017688751220703,1,False
0,1.0159560441970825,0,False
0,2.595468521118164,2,False
0,1.280019760131836,0,False
0,2.266852617263794,2,False
0,1.7886648178100586,1,False
0,1.9003322124481201,0,False
0,0.8578751087188721,0,False
0,1.3829526901245117,0,False
0,4.2161149978637695,2,False
0,2.0667331218719482,2,False
0,1.0878479480743408,1,False
0,2.688815116882324,2,False
0,1.439453125,1,False
0,1.113257884979248,0,False
0,1.3771209716796875,0,False
0,3.600281000137329,1,False
0,2.4266669750213623,2,False
0,2.6015803813934326,1,False
0,2.3525748252868652,1,False
0,5.919944763183594,1,False
0,3.2316160202026367,1,False
0,1.120905876159668,0,False
0,1.435546875,1,False
0,0.40289634466171265,0,False
0,2.7237014770507812,2,False
0,1.0774825811386108,0,False
0,1.6995112895965576,2,False
0,1.4326171875,1,False
0,2.343846559524536,1,False
0,2.896256446838379,2,False
0,5.680246353149414,1,False
0,0.920704185962677,0,False
0,3.8457887172698975,1,False
0,3.2572317123413086,1,False
0,3.347257614135742,1,False
0,1.720421314239502,1,False
0,2.5377278327941895,1,False
0,1.1439008712768555,0,False
0,0.867572546005249,0,False
0,4.3310770988464355,1,False
0,1.3815045356750488,0,False
0,1.7447431087493896,0,False
0,3.1340138912200928,1,False
0,4.510601043701172,2,False
0,4.766453742980957,2,False
0,1.73219633102417,1,False
0,1.151180386543274,0,False
0,0.5021133422851562,0,False
0,1.6848198175430298,2,False
0,1.852959394454956,0,False
0,3.813096761703491,2,False
0,5.31251335144043,2,False
0,1.416015625,1,False
0,2.950314998626709,2,False
0,3.098552703857422,1,False
0,2.996431350708008,2,False
0,1.180566430091858,0,False
0,7.663480758666992,2,False
0,2.349997043609619,1,False
0,4.208612442016602,2,False
0,0.41499894857406616,0,False
0,1.41015625,1,False
0,0.47682034969329834,0,False
0,1.7084288597106934,0,False
0,4.16245698928833,1,False
0,1.0845260620117188,2,False
0,4.872635364532471,1,False
0,1.0390846729278564,0,False
0,1.8955241441726685,0,False
0,0.9909774661064148,0,False
0,3.3974826335906982,1,False
0,1.7976980209350586,0,False
0,4.205371856689453,2,False
0,1.0933051109313965,1,False
0,2.533263683319092,1,False
0,2.321138620376587,2,False
0,4.078848838806152,1,False
0,2.012234687805176,2,False
0,2.171505928039551,2,False
0,1.8645737171173096,0,False
0,2.1573307514190674,2,False
0,0.48284047842025757,0,False
0,2.525845527648926,1,False
0,2.107295513153076,1,False
0,1.0186359882354736,0,False
0,4.444952964782715,2,False
0,1.375390648841858,0,False
0,4.337146759033203,1,False
0,1.0268951654434204,0,False
0,2.5497994422912598,1,False
0,1.6750876903533936,2,False
0,1.1088812351226807,1,False
0,4.739920616149902,1,False
0,1.3736720085144043,0,False
0,1.404815435409546,0,False
0,1.6789907217025757,1,False
0,3.3740599155426025,1,False
0,1.7830512523651123,0,False
0,5.893434047698975,2,False
0,4.888682842254639,2,False
0,1.057138442993164,0,False
0,1.3830186128616333,0,False
0,4.742375373840332,2,False
0,2.0438079833984375,2,False
0,1.6764321327209473,1,False
0,3.2651984691619873,1,False
0,2.666046142578125,2,False
0,5.540556907653809,2,False
0,2.864377021789551,2,False
0,1.4861871004104614,0,False
0,1.0204280614852905,0,False
0,1.4072265625,1,False
0,3.7829413414001465,2,False
0,2.443347692489624,1,False
0,3.3505301475524902,1,False
0,3.092755079269409,2,False
0,1.743377447128296,1,False
0,2.879605293273926,2,False
0,2.9178590774536133,2,False
0,1.160271167755127,0,False
0,2.6727917194366455,2,False
0,1.0678684711456299,0,False
0,1.1512844562530518,0,False
0,2.044285535812378,2,False
0,2.409632682800293,2,False
0,4.179337024688721,1,False
0,3.0696706771850586,1,False
0,1.40625,1,False
0,0.8021407127380371,0,False
0,1.095791220664978,0,False
0,2.493884801864624,2,False
0,3.334061861038208,1,False
0,1.2184648513793945,1,False
0,3.0434188842773438,1,False
0,4.575868606567383,1,False
0,2.401434898376465,1,False
0,0.6886937618255615,0,False
0,1.2698465585708618,2,False
0,3.710608959197998,2,False
0,1.18488609790802,0,False
0,1.505373477935791,2,False
0,3.8019213676452637,2,False
0,1.1842283010482788,0,False
0,2.5553297996520996,1,False
0,1.3921658992767334,0,False
0,1.9105610847473145,1,False
0,1.396484375,1,False
0,2.8695781230926514,1,False
0,2.844310760498047,2,False
0,2.614931106567383,2,False
0,1.4023220539093018,0,False
0,2.432098388671875,2,False
0,1.1917617321014404,0,False
0,1.9797272682189941,2,False
0,3.5789480209350586,2,False
0,3.3757400512695312,2,False
0,2.4418394565582275,1,False
0,2.4157984256744385,1,False
0,0.8922460079193115,0,False
0,0.7495908141136169,0,False
0,1.2624849081039429,0,False
0,2.191997528076172,2,False
0,1.2976313829421997,0,False
0,1.3537983894348145,0,False
0,4.37247896194458,2,False
0,3.184844970703125,2,False
0,1.4435065984725952,0,False
0,1.6400083303451538,0,False
0,1.8227581977844238,1,False
0,6.4972243309021,2,False
0,2.9248275756835938,2,False
0,1.3808841705322266,0,False
0,1.0891362428665161,0,False
0,3.9142777919769287,1,False
0,1.4001206159591675,0,False
0,1.0711605548858643,2,False
0,3.145416259765625,1,False
0,1.6779913902282715,0,False
0,1.1203469038009644,1,False
0,2.860717296600342,2,False
0,1.2004250288009644,0,False
0,0.9936485290527344,0,False
0,4.168645858764648,1,False
0,3.7213215827941895,2,False
0,1.703941822052002,0,False
0,1.0438876152038574,1,False
0,6.272079944610596,2,False
0,1.1135408878326416,1,False
0,3.730921745300293,1,False
0,1.9200563430786133,0,False
0,2.1541733741760254,2,False
0,2.1218526363372803,2,False
0,1.9752566814422607,1,False
0,3.4847867488861084,2,False
0,1.3857421875,1,False
0,4.6819281578063965,1,False
0,5.300620079040527,2,False
0,1.1581618785858154,0,False
0,1.402380347251892,0,False
0,0.9378366470336914,0,False
0,5.518485069274902,2,False
0,1.026261568069458,1,False
0,1.5925194025039673,1,False
0,1.3574202060699463,0,False
0,2.086696147918701,2,False
0,1.8253334760665894,1,False
0,3.252237319946289,1,False
0,1.0442731380462646,0,False
0,1.246450424194336,2,False
0,1.1607213020324707,0,False
0,2.047792673110962,2,False
0,3.3450958728790283,1,False
0,2.738433837890625,2,False
0,1.5937390327453613,1,False
0,1.050097942352295,0,False
0,1.5780158042907715,0,False
0,1.3896796703338623,0,False
0,2.7317163944244385,2,False
0,3.3194491863250732,2,False
0,1.1319410800933838,0,False
0,1.4602783918380737,2,False
0,1.8666595220565796,2,False
0,1.3894950151443481,0,False
0,2.473801851272583,2,False
0,6.198596000671387,2,False
0,0.9373407959938049,0,False
0,1.0222625732421875,1,False
0,0.4384804368019104,0,False
0,3.9241318702697754,1,False
0,2.4848241806030273,2,False
0,2.5290675163269043,1,False
0,1.0719704627990723,2,False
0,1.415196418762207,0,False
0,3.8080930709838867,1,False
0,1.077654242515564,0,False
0,1.0719349384307861,0,False
0,1.668015956878662,2,False
0,2.112032175064087,2,False
0,1.0278658866882324,0,False
0,1.357554316520691,0,False
0,1.65471351146698,1,False
0,1.3293412923812866,0,False
0,6.522507190704346,2,False
0,4.345553398132324,1,False
0,1.993553638458252,2,False
0,1.37540864944458,0,False
0,1.1897962093353271,0,False
0,1.9623115062713623,1,False
0,4.273715019226074,2,False
0,4.380854606628418,1,False
0,1.133339285850525,0,False
0,1.206539511680603,0,False
0,2.332407236099243,1,False
0,3.719416379928589,2,False
0,3.8272013664245605,1,False
0,1.2794280052185059,0,False
0,1.8928184509277344,0,False
0,0.9891363382339478,1,False
0,2.932161331176758,1,False
0,2.75569486618042,2,False
0,1.809957504272461,0,False
0,2.3587942123413086,2,False
0,0.988858699798584,1,False
0,0.9326254725456238,0,False
0,1.3955078125,1,False
0,1.3955078125,1,False
0,1.0171889066696167,1,False
0,1.3640793561935425,0,False
0,1.3692333698272705,0,False
0,3.2132272720336914,1,False
0,2.3599982261657715,1,False
0,1.6625791788101196,2,False
0,1.1020283699035645,0,False
0,1.0127092599868774,1,False
0,3.1496243476867676,2,False
0,2.0442066192626953,2,False
0,1.7452466487884521,0,False
0,5.2696614265441895,2,False
0,1.404296875,1,False
0,1.3549611568450928,0,False
0,2.4616174697875977,2,False
0,3.35363507270813,1,False
0,1.0113319158554077,0,False
0,5.372461795806885,2,False
0,3.912214756011963,2,False
0,3.0078787803649902,1,False
0,3.3686933517456055,1,False
0,1.0847076177597046,0,False
0,3.1560211181640625,2,False
0,3.581364631652832,2,False
0,0.5527440309524536,0,False
0,3.129578113555908,2,False
0,0.9778413772583008,1,False
0,3.2262377738952637,2,False
0,0.5501706600189209,0,False
0,2.332226276397705,1,False
0,0.9075629711151123,0,False
0,1.0454891920089722,0,False
0,2.2964210510253906,2,False
0,4.563353538513184,1,False
0,6.094723224639893,2,False
0,2.3821167945861816,1,False
0,1.8548383712768555,1,False
0,1.981103777885437,1,False
0,4.427583694458008,2,False
0,3.4549453258514404,1,False
0,1.3937716484069824,0,False
0,2.320862293243408,1,False
0,1.8812335729599,0,False
0,7.524263381958008,2,False
0,1.7388962507247925,1,False
0,0.781292200088501,0,False
0,1.0738763809204102,2,False
0,3.5531907081604004,2,False
0,1.416015625,1,False
0,0.7755030393600464,0,False
0,1.797635793685913,0,False
0,3.170440196990967,2,False
0,1.0830750465393066,0,False
0,3.557493209838867,2,False
0,0.8351332545280457,0,False
0,3.269165515899658,2,False
0,1.1821423768997192,0,False
0,4.526229381561279,1,False
0,4.666914939880371,1,False
0,2.297832727432251,1,False
0,1.3659518957138062,0,False
0,3.2528584003448486,1,False
0,1.9646360874176025,2,False
0,2.0004892349243164,1,False
0,1.8128644227981567,1,False
0,3.9498605728149414,1,False
0,2.3221781253814697,2,False
0,3.7299070358276367,1,False
0,1.0221667289733887,0,False
0,0.7159699201583862,2,False
0,0.9426330327987671,1,False
0,3.456604480743408,2,False
0,2.5941414833068848,2,False
0,3.1934032440185547,1,False
0,1.9584439992904663,1,False
0,0.9954975843429565,0,False
0,1.0645767450332642,0,False
0,2.5013084411621094,2,False
0,2.9248266220092773,2,False
0,3.288750648498535,2,False
0,1.002994418144226,1,False
0,1.0704591274261475,0,False
0,2.1565208435058594,2,False
0,0.4264671802520752,0,False
0,1.019278645515442,0,False
0,1.7497915029525757,0,False
0,2.259176015853882,1,False
0,1.358048439025879,0,False
0,3.4662623405456543,1,False
0,2.796550750732422,2,False
0,0.6993328928947449,2,False
0,3.0318264961242676,1,False
0,3.8417534828186035,1,False
0,1.5697284936904907,0,False
0,1.0972785949707031,0,False
0,2.3959860801696777,2,False
0,2.5460329055786133,1,False
0,1.0820322036743164,0,False
0,4.485247611999512,2,False
0,1.9426051378250122,0,False
0,5.260104179382324,1,False
0,6.275141716003418,2,False
0,2.638378620147705,2,False
0,1.0849720239639282,0,False
0,4.586217880249023,2,False
0,5.70697021484375,2,False
0,5.239910125732422,1,False
0,2.290562868118286,1,False
0,6.6295166015625,1,False
0,3.4693634510040283,1,False
0,6.093181610107422,2,False
0,2.4023375511169434,0,False
0,4.235287666320801,2,False
0,2.587939977645874,1,False
0,1.4343366622924805,0,False
0,5.119775772094727,1,False
0,1.102670669555664,0,False
0,2.043288230895996,2,False
0,3.8664801120758057,2,False
0,5.406225204467773,2,False
0,5.371889114379883,1,False
0,3.445138454437256,1,False
0,1.4496434926986694,0,False
0,5.108536720275879,1,False
0,5.559695243835449,1,False
0,5.574405193328857,2,False
0,5.171911239624023,1,False
0,6.984799385070801,2,False
0,4.330859661102295,0,False
0,2.3433685302734375,2,False
0,1.1031782627105713,0,False
0,1.053823471069336,0,False
0,7.764747619628906,2,False
0,4.718374252319336,1,False
0,3.355114459991455,1,False
0,5.915438175201416,2,False
0,4.372352600097656,1,False
0,3.8624446392059326,1,False
0,0.7749503254890442,0,False
0,2.418992757797241,1,False
0,5.2600555419921875,2,False
0,4.088591575622559,2,False
0,1.0843567848205566,0,False
0,0.9775779843330383,0,False
0,3.213595151901245,1,False
0,3.7178194522857666,0,False
0,5.719526290893555,2,False
0,1.480765461921692,0,False
0,2.231658458709717,2,False
0,4.562788009643555,1,False
0,2.5082247257232666,0,False
0,5.400788307189941,1,False
0,1.3849503993988037,0,False
0,5.127671718597412,1,False
0,1.9185446500778198,2,False
0,5.078224182128906,2,False
0,1.0300300121307373,0,False
0,4.961198806762695,2,False
0,2.4568467140197754,1,False
0,0.9280527234077454,0,False
0,2.6430726051330566,2,False
0,3.2528417110443115,1,False
0,5.771322250366211,1,False
0,2.15747332572937,0,False
0,6.3858184814453125,2,False
0,1.757435917854309,0,False
0,3.8522939682006836,2,False
0,4.184426784515381,2,False
0,3.259976387023926,2,False
0,2.520641565322876,0,False
0,2.336733341217041,1,False
0,5.271896839141846,0,False
0,4.232565402984619,2,False
0,1.9971191883087158,1,False
0,6.300993919372559,2,False
0,2.0569581985473633,1,False
0,3.0337209701538086,0,False
0,0.9720075130462646,0,False
0,5.1445770263671875,1,False
0,2.2785696983337402,1,False
0,0.9868448376655579,0,False
0,4.542934417724609,1,False
0,3.8793063163757324,2,False
0,7.380913257598877,2,False
0,4.55808162689209,1,False
0,2.2371745109558105,0,False
0,2.0595715045928955,1,False
0,2.318258762359619,0,False
0,1.9144923686981201,0,False
0,2.362642765045166,2,False
0,6.172196865081787,1,False
0,2.0568504333496094,1,False
0,4.419302940368652,2,False
0,3.874055862426758,2,False
0,1.774375557899475,0,False
0,5.376354694366455,1,False
0,1.3005263805389404,0,False
0,2.4516992568969727,2,False
0,1.270025372505188,0,False
0,0.8822067975997925,0,False
0,4.946025371551514,1,False
0,0.9957563281059265,0,False
0,3.2020490169525146,1,False
0,4.755936622619629,1,False
0,5.067887783050537,1,False
0,0.8670958280563354,0,False
0,1.3783138990402222,0,False
0,1.511533498764038,0,False
0,6.159252166748047,2,False
0,2.6362833976745605,2,False
0,4.1276445388793945,2,False
0,0.5956186652183533,0,False
0,4.5603790283203125,1,False
0,3.1506972312927246,2,False
0,2.2058072090148926,0,False
0,1.0175212621688843,0,False
0,5.408010482788086,1,False
0,0.8031903505325317,0,False
0,4.240416049957275,2,False
0,3.702080726623535,0,False
0,6.415012359619141,2,False
0,3.908430337905884,2,False
0,2.1831939220428467,0,False
0,4.816131114959717,2,False
0,4.9170966148376465,1,False
0,5.180424690246582,1,False
0,2.776615619659424,1,False
0,4.734813213348389,1,False
0,6.128528118133545,2,False
0,1.3559744358062744,0,False
0,2.782219886779785,2,False
0,0.6052278876304626,0,False
0,7.038506031036377,2,False
0,4.563375473022461,1,False
0,2.132956027984619,0,False
0,1.352880835533142,2,False
0,4.859785079956055,1,False
0,4.86143684387207,1,False
0,4.6948161125183105,2,False
0,3.647169828414917,0,False
0,6.258914947509766,2,False
0,1.3673772811889648,0,False
0,4.384551525115967,2,False
0,4.82576847076416,1,False
0,4.767998695373535,1,False
0,4.583727836608887,1,False
0,3.541940927505493,0,False
0,6.561799049377441,2,False
0,1.5868955850601196,0,False
0,1.5588165521621704,0,False
0,7.170623779296875,2,False
0,0.5687607526779175,0,False
0,4.29588508605957,1,False
0,0.737662672996521,0,False
0,2.679445743560791,2,False
0,4.702141284942627,2,False
0,1.3583903312683105,0,False
0,1.8242369890213013,1,False
0,3.439002513885498,2,False
0,3.332469940185547,2,False
0,2.3228302001953125,2,False
0,2.349687099456787,2,False
0,3.3185956478118896,0,False
0,0.7425006031990051,0,False
0,2.6065945625305176,2,False
0,0.74935382604599,0,False
0,1.0328923463821411,0,False
0,4.42982816696167,2,False
0,5.577786445617676,1,False
0,1.9074416160583496,1,False
0,3.8801944255828857,2,False
0,3.4354889392852783,1,False
0,4.316245079040527,1,False
0,7.026529788970947,2,False
0,3.190004348754883,2,False
0,4.897088050842285,1,False
0,2.2946670055389404,1,False
0,4.918802261352539,1,False
0,3.337641954421997,2,False
0,3.004723072052002,0,False
0,4.085127830505371,2,False
0,1.244850993156433,0,False
0,3.5546858310699463,1,False
0,5.562789440155029,2,False
0,1.3346573114395142,0,False
0,4.148991584777832,2,False
0,2.4394843578338623,1,False
0,1.6411467790603638,2,False
0,3.8614511489868164,2,False
0,1.2888542413711548,0,False
0,2.236546516418457,0,False
0,1.5379571914672852,0,False
0,2.9789373874664307,0,False
0,1.1285758018493652,0,False
0,1.319762110710144,0,False
0,2.618379831314087,0,False
0,5.238481521606445,2,False
0,2.6912484169006348,1,False
0,1.3571048974990845,0,False
0,2.145813226699829,1,False
0,2.437678575515747,0,False
0,2.296747922897339,2,False
0,2.326592445373535,0,False
0,2.6894185543060303,2,False
0,5.064542770385742,0,False
0,6.333122253417969,2,False
0,2.149071216583252,1,False
0,3.2721915245056152,1,False
0,1.3795498609542847,0,False
0,5.799777030944824,2,False
0,3.6689367294311523,2,False
0,6.131429672241211,2,False
0,1.1006219387054443,0,False
0,1.281648874282837,0,False
0,2.936063528060913,1,False
0,5.291040420532227,1,False
0,1.4151759147644043,0,False
0,0.835726261138916,0,False
0,2.0936548709869385,0,False
0,7.86004638671875,2,False
0,3.3166375160217285,2,False
0,3.781327247619629,2,False
0,2.2053236961364746,0,False
0,2.3874313831329346,1,False
0,1.4328802824020386,0,False
0,1.487942099571228,0,False
0,2.646404266357422,1,False
0,0.9954245686531067,0,False
0,2.965646743774414,2,False
0,2.155580759048462,0,False
0,2.878387212753296,1,False
0,3.89345645904541,2,False
0,4.614969730377197,1,False
0,3.7148184776306152,1,False
0,3.97172212600708,0,False
0,1.312828540802002,1,False
0,2.4757518768310547,0,False
0,2.1069207191467285,0,False
0,5.817316055297852,2,False
0,4.424197673797607,1,False
0,0.6466771364212036,0,False
0,6.57682991027832,2,False
0,2.2300329208374023,0,False
0,2.7445526123046875,2,False
0,2.005880117416382,2,False
0,3.382216453552246,2,False
0,5.967983722686768,2,False
0,1.8874915838241577,1,False
0,4.3131794929504395,2,False
0,1.5529987812042236,0,False
0,2.691652536392212,1,False
0,4.651407241821289,1,False
0,2.530163288116455,1,False
0,2.3309061527252197,1,False
0,7.133002281188965,2,False
0,3.9815099239349365,1,False
0,6.005834579467773,2,False
0,2.7999649047851562,1,False
0,4.525107383728027,1,False
0,3.710007667541504,1,False
0,6.60682487487793,2,False
0,4.220552921295166,2,False
0,0.6278998851776123,0,False
0,6.232326507568359,2,False
0,2.9192473888397217,1,False
0,2.1943161487579346,0,False
0,4.003303527832031,1,False
0,3.4323627948760986,2,False
0,3.5216798782348633,1,False
0,2.612426519393921,1,False
0,0.9338012337684631,0,False
0,2.4079504013061523,1,False
0,1.4543907642364502,0,False
0,2.0777604579925537,0,False
0,5.394360542297363,2,False
0,1.732919692993164,0,False
0,3.8111987113952637,1,False
0,4.078353404998779,2,False
0,4.180451393127441,1,False
0,1.2385622262954712,0,False
0,2.3453259468078613,1,False
0,3.100461483001709,2,False
0,2.5853867530822754,2,False
0,2.615830421447754,0,False
0,0.4479985237121582,0,False
0,4.244281768798828,1,False
0,2.7147278785705566,1,False
0,3.268122434616089,2,False
0,2.375067949295044,1,False
0,4.0383405685424805,1,False
0,4.270071506500244,1,False
0,2.158625364303589,1,False
0,4.334228515625,1,False
0,2.0882012844085693,0,False
0,4.231118679046631,1,False
0,3.896442413330078,1,False
0,1.48878812789917,1,False
0,0.4277549982070923,0,False
0,2.2454800605773926,0,False
0,4.831297397613525,1,False
0,1.2647387981414795,0,False
0,1.939396858215332,2,False
0,1.788064956665039,2,False
0,1.516479730606079,0,False
0,3.7602219581604004,2,False
0,4.48164701461792,2,False
0,3.784972667694092,1,False
0,1.3891804218292236,0,False
0,1.4390463829040527,0,False
0,2.50675630569458,2,False
0,2.1219232082366943,1,False
0,2.309471845626831,1,False
0,2.213803291320801,1,False
0,2.796624183654785,2,False
0,4.55455207824707,2,False
0,2.355220317840576,1,False
0,2.0182156562805176,1,False
0,4.926039695739746,0,False
0,1.0468966960906982,0,False
0,3.2276968955993652,1,False
0,2.9896140098571777,1,False
0,3.7324864864349365,2,False
0,2.707021474838257,0,False
0,1.4922860860824585,0,False
0,2.30810546875,0,False
0,3.3265280723571777,2,False
0,4.349982261657715,1,False
0,2.9944396018981934,2,False
0,2.5041027069091797,2,False
0,1.2208317518234253,0,False
0,2.0578198432922363,2,False
0,0.48919960856437683,2,False
0,4.2481279373168945,1,False
0,2.2057042121887207,2,False
0,2.509815216064453,0,False
0,3.734494686126709,2,False
0,3.2228152751922607,2,False
0,2.001249313354492,1,False
0,5.08811092376709,1,False
0,3.2527146339416504,1,False
0,3.443793296813965,1,False
0,3.794891119003296,1,False
0,3.426403522491455,2,False
0,4.411539077758789,0,False
0,5.8348259925842285,2,False
0,1.4998048543930054,1,False
0,2.3267722129821777,0,False
0,2.1085927486419678,0,False
0,4.782761096954346,2,False
0,2.3929717540740967,0,False
0,2.898314952850342,2,False
0,2.2524161338806152,0,False
0,2.1149983406066895,1,False
0,2.33752179145813,2,False
0,1.476701021194458,0,False
0,3.393251419067383,2,False
0,0.8479491472244263,0,False
0,2.0929856300354004,1,False
0,2.353400707244873,2,False
0,2.4737653732299805,0,False
0,2.3836617469787598,2,False
0,5.065742015838623,2,False
0,3.2743568420410156,2,False
0,4.338563442230225,0,False
0,3.864271879196167,1,False
0,3.638136863708496,1,False
0,1.479926347732544,1,False
0,2.5410635471343994,0,False
0,2.8441781997680664,2,False
0,2.0633533000946045,1,False
0,2.4298925399780273,0,False
0,3.4560461044311523,2,False
0,2.4347803592681885,1,False
0,3.1668522357940674,2,False
0,4.289137840270996,1,False
0,2.2521755695343018,0,False
0,2.8108134269714355,1,False
0,1.5026750564575195,0,False
0,2.270812749862671,1,False
0,4.505180358886719,1,False
0,2.2001523971557617,0,False
0,4.378748416900635,1,False
0,4.35573673248291,1,False
0,1.9918255805969238,1,False
0,1.153937816619873,0,False
0,2.0796263217926025,0,False
0,2.4529037475585938,1,False
0,1.3333441019058228,0,False
0,4.56182336807251,1,False
0,2.2732901573181152,0,False
0,3.757575273513794,2,False
0,3.5879933834075928,1,False
0,1.6096934080123901,0,False
0,2.581552267074585,1,False
0,3.9195635318756104,2,False
0,2.218261241912842,0,False
0,3.9142444133758545,2,False
0,1.1733412742614746,0,False
0,3.760587692260742,2,False
0,4.664504051208496,2,False
0,5.633145809173584,2,False
0,2.5530972480773926,1,False
0,3.321892023086548,2,False
0,6.303525447845459,2,False
0,2.0426971912384033,1,False
0,1.96873140335083,0,False
0,5.785207748413086,2,False
0,1.1663011312484741,0,False
0,4.774015426635742,2,False
0,2.2648282051086426,0,False
0,1.1971222162246704,0,False
0,0.8599081635475159,0,False
0,7.23228645324707,2,False
0,2.1293349266052246,2,False
0,1.2546606063842773,0,False
0,4.093170166015625,2,False
0,2.8610963821411133,1,False
0,4.8073344230651855,2,False
0,2.4573867321014404,2,False
0,1.4435982704162598,0,False
0,2.5025925636291504,1,False
0,1.6454155445098877,0,False
0,2.2739458084106445,1,False
0,2.456084728240967,2,False
0,1.4033411741256714,0,False
0,3.1767191886901855,2,False
0,2.6287243366241455,1,False
0,2.7851898670196533,1,False
0,0.5436544418334961,0,False
0,7.983834266662598,2,False
0,3.4476571083068848,1,False
0,1.9770327806472778,1,False
0,1.7106765508651733,0,False
0,2.936614990234375,2,False
0,0.8305172324180603,0,False
0,1.534920573234558,0,False
0,3.391261577606201,2,False
0,2.766932964324951,2,False
0,1.6773457527160645,0,False
0,2.3450582027435303,1,False
0,1.4558682441711426,0,False
0,2.5668904781341553,1,False
0,3.1717309951782227,2,False
0,1.657474398612976,0,False
0,2.109433174133301,0,False
0,3.8504815101623535,2,False
0,2.0328216552734375,1,False
0,0.5360138416290283,0,False
0,4.28646183013916,1,False
0,1.990846872329712,1,False
0,2.9878697395324707,2,False
0,1.6852072477340698,0,False
0,1.581322431564331,1,False
0,1.5154328346252441,0,False
0,2.420508861541748,2,False
0,2.266523599624634,1,False
0,5.314347743988037,1,False
0,3.4460740089416504,1,False
0,2.5332422256469727,2,False
0,1.527854323387146,0,False
0,1.4148919582366943,0,False
0,4.759489059448242,1,False
0,2.1252293586730957,2,False
0,2.634671688079834,1,False
0,2.22896671295166,1,False
0,2.253262519836426,0,False
0,1.9278863668441772,1,False
0,2.0293192863464355,1,False
0,4.808413028717041,2,False
0,1.9566912651062012,2,False
0,2.825023651123047,2,False
0,1.936694860458374,0,False
0,2.0157408714294434,0,False
0,0.948806643486023,0,False
0,1.6796786785125732,0,False
0,4.409449100494385,2,False
0,3.268766403198242,2,False
0,1.6555734872817993,2,False
0,3.9312939643859863,2,False
0,3.972822904586792,1,False
0,4.957192420959473,2,False
0,2.4426074028015137,1,False
0,1.5269595384597778,0,False
0,2.350338935852051,1,False
0,2.177333116531372,0,False
0,3.8113770484924316,2,False
0,4.177517890930176,1,False
0,2.0050463676452637,2,False
0,5.763623237609863,2,False
0,2.040314197540283,1,False
0,2.276323080062866,2,False
0,2.64199161529541,1,False
0,3.5007848739624023,1,False
0,2.1825523376464844,0,False
0,1.3092519044876099,2,False
0,3.902024269104004,0,False
0,1.953809142112732,1,False
0,2.3855884075164795,2,False
0,2.5793631076812744,1,False
0,4.455667495727539,1,False
0,2.515268325805664,1,False
0,2.1371285915374756,2,False
0,1.2301337718963623,0,False
0,1.6131905317306519,0,False
0,1.9281859397888184,1,False
0,5.745358943939209,2,False
0,2.375308036804199,1,False
0,1.6558837890625,1,False
0,1.6208523511886597,0,False
0,3.5233001708984375,2,False
0,2.690796375274658,2,False
0,2.2096750736236572,0,False
0,3.12201189994812,2,False
0,1.7473865747451782,1,False
0,2.994266986846924,2,False
0,2.808839797973633,2,False
0,0.3750479519367218,0,False
0,7.2414774894714355,2,False
0,2.71722412109375,1,False
0,0.734551191329956,0,False
0,1.5551753044128418,0,False
0,3.8530044555664062,2,False
0,1.9222912788391113,1,False
0,1.2050626277923584,0,False
0,3.432446241378784,2,False
0,1.693577766418457,0,False
0,3.720235824584961,2,False
0,4.615484714508057,2,False
0,3.8553223609924316,2,False
0,4.11837100982666,1,False
0,4.108060359954834,1,False
0,2.403805732727051,1,False
0,4.789167404174805,2,False
0,4.926693439483643,2,False
0,2.4081308841705322,1,False
0,1.9402408599853516,1,False
0,2.3537065982818604,2,False
0,1.1896047592163086,0,False
0,1.1488957405090332,0,False
0,1.334986686706543,0,False
0,3.975335121154785,0,False
0,1.3026883602142334,0,False
0,2.734070062637329,2,False
0,2.4522271156311035,2,False
0,2.004878044128418,0,False
0,2.3623247146606445,2,False
0,2.3167171478271484,2,False
0,3.43257212638855,2,False
0,4.218278884887695,1,False
0,1.0334736108779907,0,False
0,2.242241859436035,0,False
0,1.8845371007919312,0,False
0,2.5307509899139404,1,False
0,1.9306063652038574,1,False
0,0.787596583366394,0,False
0,4.364771842956543,2,False
0,2.790580987930298,2,False
0,2.662761926651001,1,False
0,2.214860200881958,0,False
0,2.5492091178894043,1,False
0,3.5265421867370605,1,False
0,4.413291931152344,1,False
0,2.0655384063720703,0,False
0,1.3094127178192139,0,False
0,1.2290198802947998,0,False
0,0.8579846024513245,0,False
0,2.035071849822998,0,False
0,4.606362819671631,2,False
0,4.280463218688965,1,False
0,2.393105983734131,1,False
0,1.1448631286621094,0,False
0,2.034473180770874,1,False
0,1.5340204238891602,0,False
0,2.0937256813049316,0,False
0,4.431216239929199,2,False
0,1.9265196323394775,1,False
0,1.188307762145996,0,False
0,7.397971153259277,2,False
0,1.5561294555664062,1,False
0,1.1707091331481934,0,False
0,0.49717777967453003,2,False
0,4.001784324645996,1,False
0,1.9020782709121704,0,False
0,4.440583229064941,1,False
0,3.769287347793579,2,False
0,4.752010345458984,0,False
0,1.73908269405365,1,False
0,2.8130414485931396,1,False
0,2.163827896118164,0,False
0,1.3733636140823364,0,False
0,4.19177770614624,2,False
0,3.092406749725342,2,False
0,1.5667734146118164,1,False
0,4.012628078460693,1,False
0,3.962700128555298,2,False
0,4.453957557678223,1,False
0,3.4190545082092285,1,False
0,2.310163974761963,1,False
0,2.4388599395751953,1,False
0,1.267360806465149,0,False
0,3.3519530296325684,2,False
0,1.981582760810852,0,False
0,1.2630900144577026,0,False
0,3.7575573921203613,1,False
0,2.7943971157073975,2,False
0,4.998484134674072,2,False
0,1.2329893112182617,0,False
0,4.024733066558838,1,False
0,4.03864049911499,2,False
0,1.8850359916687012,1,False
0,1.1756341457366943,0,False
0,3.60507869720459,1,False
0,4.846991539001465,1,False
0,3.1798477172851562,1,False
0,5.697037696838379,2,False
0,2.8768177032470703,2,False
0,1.5334123373031616,0,False
0,3.555786371231079,1,False
0,1.5410499572753906,1,False
0,4.571249008178711,2,False
0,4.395880699157715,2,False
0,2.3273720741271973,2,False
0,3.8253846168518066,2,False
0,2.772453546524048,2,False
0,3.2882094383239746,1,False
0,1.917661190032959,1,False
0,2.57473087310791,2,False
0,2.7497456073760986,1,False
0,0.7345564365386963,0,False
0,4.5421061515808105,2,False
0,3.944998025894165,2,False
0,1.8924894332885742,1,False
0,1.914527177810669,1,False
0,2.2087531089782715,0,False
0,1.9006624221801758,0,False
0,2.0258407592773438,0,False
0,2.0497889518737793,0,False
0,3.772057294845581,2,False
0,2.019829750061035,0,False
0,1.7874841690063477,2,False
0,1.2732276916503906,0,False
0,1.3090932369232178,0,False
0,1.6469072103500366,0,False
0,3.3139939308166504,1,False
0,1.1119725704193115,0,False
0,6.56758975982666,2,False
0,2.2040412425994873,1,False
0,2.382401466369629,1,False
0,1.1508324146270752,0,False
0,2.277531862258911,2,False
0,4.8916335105896,2,False
0,3.728806972503662,1,False
0,2.7125606536865234,1,False
0,2.237935781478882,1,False
0,3.8185322284698486,2,False
0,1.3511700630187988,0,False
0,3.648348093032837,2,False
0,2.3026301860809326,1,False
0,1.226905107498169,0,False
0,1.2543858289718628,2,False
0,1.5832972526550293,1,False
0,1.6151947975158691,1,False
0,0.7615337371826172,0,False
0,1.971774935722351,0,False
0,1.6326797008514404,0,False
0,1.0870742797851562,0,False
0,2.1444039344787598,0,False
0,4.295773506164551,1,False
0,2.112246513366699,2,False
0,2.3277645111083984,2,False
0,2.1380906105041504,0,False
0,1.3685599565505981,0,False
0,2.862473964691162,2,False
0,2.462824821472168,2,False
0,0.9884319305419922,0,False
0,2.0404422283172607,2,False
0,1.165783166885376,0,False
0,1.3128283023834229,0,False
0,3.6767680644989014,1,False
0,1.9453215599060059,0,False
0,1.0113587379455566,0,False
0,3.8811533451080322,1,False
0,2.325510025024414,2,False
0,2.2021565437316895,2,False
0,2.778870105743408,1,False
0,3.873842716217041,0,False
0,3.439196825027466,1,False
0,2.6125354766845703,1,False
0,2.230241060256958,0,False
0,2.083892822265625,2,False
0,3.628838062286377,2,False
0,4.168217182159424,1,False
0,3.3995866775512695,1,False
0,2.012601613998413,2,False
0,1.8263447284698486,0,False
0,3.89117693901062,0,False
0,7.829331874847412,2,False
0,1.14442777633667,0,False
0,5.034797191619873,2,False
0,2.1868932247161865,1,False
0,2.2644741535186768,1,False
0,1.5431160926818848,0,False
0,1.0603433847427368,0,False
0,0.8128863573074341,2,False
0,3.254178047180176,2,False
0,0.9459744691848755,0,False
0,4.176445007324219,2,False
0,5.314700126647949,1,False
0,1.2242169380187988,0,False
0,1.305389404296875,0,False
0,2.85905385017395,1,False
0,1.5621916055679321,2,False
0,3.0764784812927246,1,False
0,2.1514577865600586,2,False
0,4.897763252258301,2,False
0,2.857027053833008,1,False
0,2.512686252593994,2,False
0,2.415233850479126,2,False
0,1.3496119976043701,0,False
0,2.0083727836608887,1,False
0,1.8252334594726562,1,False
0,0.7199424505233765,0,False
0,3.1057653427124023,2,False
0,1.1429402828216553,2,False
0,2.352414846420288,2,False
0,2.0563430786132812,1,False
0,4.9867963790893555,2,False
0,1.1138275861740112,0,False
0,1.8793267011642456,0,False
0,1.9457656145095825,0,False
0,4.060736179351807,1,False
0,4.281703472137451,2,False
0,1.963560700416565,0,False
0,1.8545230627059937,1,False
0,2.2607226371765137,1,False
0,1.9087461233139038,0,False
0,7.744261741638184,2,False
0,1.6798298358917236,0,False
0,2.12815260887146,1,False
0,2.013101577758789,0,False
0,3.430941104888916,2,False
0,4.273225784301758,1,False
0,2.8518688678741455,1,False
0,1.4937223196029663,1,False
0,2.9288406372070312,1,False
0,2.0814566612243652,1,False
0,2.8525052070617676,1,False
0,1.326242208480835,0,False
0,2.093233585357666,1,False
0,3.8741068840026855,0,False
0,1.4675737619400024,1,False
0,1.9934080839157104,1,False
0,1.48828125,1,False
0,2.7863306999206543,1,False
0,2.114725112915039,1,False
0,1.520108699798584,2,False
0,1.486328125,1,False
0,3.3797554969787598,1,False
0,2.7660253047943115,2,False
0,1.9444444179534912,0,False
0,1.4273724555969238,0,False
0,1.2017436027526855,0,False
0,2.754734992980957,2,False
0,1.9660882949829102,2,False
0,2.026670455932617,0,False
0,1.986757755279541,2,False
0,2.8114798069000244,1,False
0,1.8488564491271973,1,False
0,1.8249719142913818,1,False
0,1.1358097791671753,0,False
0,1.2374598979949951,0,False
0,3.066765785217285,1,False
0,2.136246919631958,1,False
0,2.0854060649871826,1,False
0,3.470442295074463,1,False
0,3.7898685932159424,2,False
0,1.878988265991211,0,False
0,4.907058238983154,2,False
0,2.350938081741333,2,False
0,3.587759494781494,1,False
0,4.6627631187438965,1,False
0,1.9551392793655396,0,False
0,4.205522537231445,1,False
0,2.0383691787719727,0,False
0,1.0901846885681152,2,False
0,1.3181979656219482,0,False
0,4.020153045654297,1,False
0,3.8188796043395996,1,False
0,2.2043089866638184,2,False
0,1.6444147825241089,0,False
0,2.4175548553466797,0,False
0,5.049332618713379,2,False
0,4.873956203460693,2,False
0,2.634352684020996,1,False
0,2.1661229133605957,0,False
0,1.3288689851760864,0,False
0,2.031707763671875,0,False
0,4.480619430541992,2,False
0,1.9762444496154785,1,False
0,2.1959633827209473,0,False
0,4.811840057373047,2,False
0,2.863369941711426,1,False
0,1.1552951335906982,0,False
0,2.194817543029785,0,False
0,1.5781686305999756,0,False
0,4.103294372558594,2,False
0,0.9031115770339966,0,False
0,1.5650068521499634,1,False
0,2.1656699180603027,0,False
0,2.355341911315918,2,False
0,2.51939058303833,0,False
0,4.40371036529541,2,False
0,3.6143081188201904,1,False
0,2.9294281005859375,1,False
0,3.9413747787475586,2,False
0,3.4870529174804688,2,False
0,1.2198736667633057,2,False
0,1.0234062671661377,0,False
0,4.276976585388184,1,False
0,1.6852600574493408,0,False
0,2.939171075820923,1,False
0,1.3499664068222046,0,False
0,2.0613346099853516,0,False
0,4.000044345855713,2,False
0,0.8143888115882874,0,False
0,3.8225252628326416,2,False
0,3.915537118911743,2,False
0,0.8584688901901245,0,False
0,2.160921335220337,2,False
0,8.149301528930664,2,False
0,2.016573905944824,0,False
0,3.24395751953125,1,False
0,1.7284557819366455,0,False
0,4.034651756286621,2,False
0,3.096236228942871,2,False
0,2.319091796875,2,False
0,4.045180797576904,1,False
0,1.87204909324646,1,False
0,1.884520411491394,1,False
0,3.172229528427124,2,False
0,2.2282700538635254,0,False
0,1.1656427383422852,0,False
0,2.011709451675415,0,False
0,1.2489879131317139,0,False
0,1.7881118059158325,1,False
0,1.2760800123214722,0,False
0,2.1445677280426025,2,False
0,1.91359543800354,1,False
0,6.937948226928711,2,False
0,2.4818902015686035,0,False
0,2.2642171382904053,2,False
0,1.9865472316741943,2,False
0,4.4271931648254395,1,False
0,4.287056922912598,2,False
0,4.774158000946045,2,False
0,2.8286914825439453,2,False
0,0.7395486831665039,0,False
0,2.9960784912109375,2,False
0,1.5394375324249268,0,False
0,2.741975784301758,2,False
0,2.4398536682128906,2,False
0,1.589612364768982,1,False
0,1.3433821201324463,0,False
0,1.9126039743423462,1,False
0,4.112634181976318,1,False
0,1.8546346426010132,1,False
0,1.1557435989379883,0,False
0,3.59161376953125,2,False
0,3.9489946365356445,2,False
0,3.315753936767578,2,False
0,2.191694736480713,1,False
0,1.2106947898864746,0,False
0,0.7768761515617371,2,False
0,2.5250701904296875,2,False
0,6.298138618469238,2,False
0,5.706619739532471,2,False
0,4.115653991699219,2,False
0,0.7407143115997314,0,False
0,3.086297035217285,1,False
0,2.725947618484497,2,False
0,1.088557481765747,0,False
0,2.727126121520996,2,False
0,1.8646208047866821,2,False
0,1.8668508529663086,1,False
0,2.1127610206604004,0,False
0,1.4872512817382812,0,False
0,1.9339885711669922,0,False
0,4.202137470245361,1,False
0,3.430542469024658,1,False
0,1.441718578338623,0,False
0,4.183661460876465,1,False
0,3.878345012664795,0,False
0,2.621837615966797,1,False
0,2.7121992111206055,2,False
0,1.7395620346069336,2,False
0,1.7321938276290894,2,False
0,4.6901116371154785,2,False
0,1.1912503242492676,1,False
0,2.6164402961730957,1,False
0,2.631626844406128,1,False
0,7.0379638671875,2,False
0,3.861454486846924,0,False
0,0.4847371578216553,0,False
0,1.2701704502105713,0,False
0,1.8507875204086304,0,False
0,3.0047104358673096,2,False
0,1.924889087677002,1,False
0,1.6649810075759888,0,False
0,4.497805595397949,2,False
0,1.7801119089126587,1,False
0,3.377765417098999,2,False
0,2.2718231678009033,2,False
0,2.8899097442626953,2,False
0,1.5978424549102783,0,False
0,2.129307508468628,2,False
0,2.450587034225464,2,False
0,1.5411231517791748,1,False
0,1.789778232574463,1,False
0,1.2096835374832153,2,False
0,1.137973666191101,0,False
0,1.081544280052185,0,False
0,1.8608217239379883,0,False
0,4.4559245109558105,1,False
0,4.454925537109375,1,False
0,3.3426613807678223,2,False
0,1.1428762674331665,0,False
0,1.5645042657852173,0,False
0,1.4399652481079102,0,False
0,3.714336633682251,2,False
0,2.4623661041259766,2,False
0,4.518218994140625,1,False
0,1.0240023136138916,0,False
0,1.8455884456634521,0,False
0,1.8229265213012695,1,False
0,1.8780304193496704,0,False
0,2.9763948917388916,2,False
0,2.858097553253174,1,False
0,1.9597527980804443,1,False
0,3.650965690612793,2,False
0,0.6223150491714478,0,False
0,2.2147765159606934,2,False
0,2.624480724334717,1,False
0,3.4415626525878906,1,False
0,2.9065651893615723,1,False
0,0.46486982703208923,0,False
0,4.855317115783691,2,False
0,1.4408901929855347,0,False
0,0.9718018770217896,0,False
0,2.231654644012451,2,False
0,0.7740287780761719,2,False
0,3.8096437454223633,2,False
0,4.180063247680664,1,False
0,1.5881707668304443,0,False
0,2.6621382236480713,1,False
0,3.0009493827819824,2,False
0,1.0576038360595703,0,False
0,2.152592897415161,1,False
0,8.575556755065918,2,False
0,1.791263461112976,2,False
0,1.4195629358291626,0,False
0,3.3887128829956055,1,False
0,0.8590394258499146,0,False
0,3.5301871299743652,1,False
0,1.4012367725372314,0,False
0,2.5616562366485596,1,False
0,2.2613649368286133,0,False
0,4.786896705627441,2,False
0,2.0398972034454346,0,False
0,4.515435218811035,1,False
0,1.0220515727996826,0,False
0,1.392238974571228,0,False
0,2.609375,2,False
0,2.261547565460205,2,False
0,2.2804551124572754,0,False
0,4.000244140625,2,False
0,1.9239702224731445,1,False
0,4.7744927406311035,2,False
0,4.549561500549316,2,False
0,1.120020866394043,0,False
0,3.7680227756500244,2,False
0,2.9578301906585693,1,False
0,3.8795878887176514,0,False
0,2.6325292587280273,1,False
0,0.42554613947868347,0,False
0,1.9789124727249146,1,False
0,1.3594887256622314,0,False
0,4.496880531311035,1,False
0,3.9098520278930664,1,False
0,4.0663862228393555,2,False
0,2.6382229328155518,1,False
0,2.610360622406006,1,False
0,4.220083713531494,1,False
0,1.4215667247772217,0,False
0,3.5795106887817383,1,False
0,2.9527904987335205,2,False
0,1.3769716024398804,0,False
0,1.9050590991973877,2,False
0,4.389034748077393,1,False
0,4.809046745300293,2,False
0,0.7929643392562866,0,False
0,1.4645562171936035,1,False
0,2.6378207206726074,1,False
0,2.5499916076660156,2,False
0,4.799318790435791,1,False
0,0.5687627196311951,0,False
0,2.634352922439575,1,False
0,5.695126533508301,2,False
0,3.9818966388702393,2,False
0,2.811216354370117,1,False
0,2.184206008911133,2,False
0,4.745301723480225,1,False
0,4.293818473815918,2,False
0,5.8076701164245605,2,False
0,2.2345309257507324,2,False
0,1.47265625,1,False
0,2.495783805847168,1,False
0,1.8373792171478271,0,False
0,0.912105143070221,0,False
0,4.15207576751709,1,False
0,0.6997606754302979,0,False
0,2.654038667678833,1,False
0,1.5557129383087158,0,False
0,4.206111907958984,2,False
0,1.9293746948242188,1,False
0,0.9570615291595459,0,False
0,2.5818030834198,1,False
0,2.172703266143799,2,False
0,2.1212158203125,2,False
0,1.8626554012298584,2,False
0,1.3739935159683228,0,False
0,1.8057708740234375,0,False
0,1.0944342613220215,0,False
0,1.9184151887893677,1,False
0,2.0856056213378906,2,False
0,1.3888381719589233,0,False
0,2.7865421772003174,1,False
0,1.47265625,1,False
0,1.6397584676742554,0,False
0,1.1684068441390991,0,False
0,2.3071579933166504,2,False
0,1.0607151985168457,0,False
0,1.0324623584747314,0,False
0,2.9703269004821777,2,False
0,2.640486001968384,1,False
0,1.0009827613830566,0,False
0,1.4716796875,1,False
0,1.1756606101989746,0,False
0,1.6432414054870605,0,False
0,3.9924821853637695,1,False
0,1.9125300645828247,1,False
0,2.163545608520508,0,False
0,1.0123968124389648,0,False
0,1.8590720891952515,2,False
0,1.7910950183868408,1,False
0,3.8264145851135254,2,False
0,4.030149936676025,1,False
0,1.0524157285690308,1,False
0,2.6390035152435303,1,False
0,1.3881871700286865,0,False
0,6.599040985107422,2,False
0,2.5327720642089844,2,False
0,2.753107786178589,2,False
0,1.523492693901062,0,False
0,1.5083935260772705,0,False
0,4.746384620666504,2,False
0,1.4943687915802002,2,False
0,2.713623285293579,1,False
0,1.0469321012496948,0,False
0,1.0095552206039429,0,False
0,2.259143590927124,2,False
0,4.306819438934326,2,False
0,1.2073924541473389,0,False
0,0.7497848868370056,0,False
0,1.3583736419677734,0,False
0,3.4050934314727783,1,False
0,2.132859230041504,1,False
0,2.187849521636963,1,False
0,0.5697991847991943,0,False
0,2.3203375339508057,2,False
0,1.454587459564209,0,False
0,2.625,2,False
0,1.5195194482803345,1,False
0,4.740819931030273,2,False
0,4.178121566772461,1,False
0,4.71104097366333,2,False
0,1.2717039585113525,0,False
0,2.625,2,False
0,1.1254184246063232,0,False
0,1.964155673980713,2,False
0,1.0879392623901367,0,False
0,1.7453711032867432,0,False
0,2.1095969676971436,1,False
0,2.251744508743286,2,False
0,0.891789972782135,0,False
0,1.8281311988830566,1,False
0,1.6974902153015137,2,False
0,2.619835376739502,1,False
0,0.6919216513633728,0,False
0,4.3096113204956055,1,False
0,4.652265548706055,2,False
0,1.0838067531585693,0,False
0,2.6219065189361572,1,False
0,2.4208309650421143,2,False
0,2.375476360321045,2,False
0,2.6179792881011963,1,False
0,2.676546096801758,1,False
0,2.239452838897705,2,False
0,1.861713171005249,0,False
0,0.8684410452842712,0,False
0,1.2372139692306519,1,False
0,2.6185901165008545,1,False
0,0.4255901575088501,0,False
0,4.548483848571777,1,False
0,4.098585605621338,1,False
0,0.43082118034362793,0,False
0,0.42109817266464233,0,False
0,1.4100905656814575,0,False
0,2.1479625701904297,2,False
0,2.732037305831909,2,False
0,3.7244057655334473,2,False
0,0.4372435510158539,0,False
0,1.1752797365188599,2,False
0,4.6608147621154785,1,False
0,1.0347230434417725,0,False
0,1.9959144592285156,2,False
0,5.7935285568237305,2,False
0,3.126708507537842,2,False
0,1.383375883102417,0,False
0,3.566467761993408,1,False
0,1.3623191118240356,0,False
0,0.4095626473426819,0,False
0,2.1187031269073486,1,False
0,2.595641851425171,1,False
0,0.4346170723438263,0,False
0,2.486738681793213,1,False
0,2.2005717754364014,2,False
0,4.47001314163208,2,False
0,1.9290101528167725,1,False
0,2.5875351428985596,1,False
0,1.6716479063034058,0,False
0,1.8622934818267822,2,False
0,1.0829217433929443,0,False
0,8.809455871582031,2,False
0,0.5850791931152344,0,False
0,1.9520574808120728,1,False
0,3.2140519618988037,2,False
0,2.6139209270477295,2,False
0,1.199333667755127,0,False
0,2.75136137008667,1,False
0,1.066835880279541,1,False
0,2.5943784713745117,1,False
0,0.5536421537399292,0,False
0,1.6237342357635498,0,False
0,2.6241681575775146,1,False
0,1.8963426351547241,2,False
0,2.364806652069092,2,False
0,1.3498117923736572,2,False
0,1.7154537439346313,2,False
0,0.41232144832611084,0,False
0,2.595989465713501,1,False
0,0.9857345223426819,1,False
0,2.5852174758911133,1,False
0,4.647176742553711,1,False
0,3.5673961639404297,2,False
0,1.7256274223327637,0,False
0,2.7896251678466797,1,False
0,2.3829758167266846,2,False
0,0.8999512195587158,0,False
0,2.9412927627563477,2,False
0,3.9780211448669434,2,False
0,3.3201940059661865,0,False
0,1.4541015625,1,False
0,4.7737040519714355,1,False
0,1.361410140991211,0,False
0,2.627265214920044,1,False
0,7.511091232299805,2,False
0,1.4521484375,1,False
0,3.9302470684051514,2,False
0,2.059844970703125,0,False
0,3.575340747833252,1,False
0,3.546043872833252,1,False
0,4.647229194641113,1,False
0,2.569796323776245,1,False
0,0.7835931777954102,2,False
0,3.129732131958008,2,False
0,1.1463884115219116,0,False
0,5.278196334838867,2,False
0,1.3585727214813232,0,False
0,1.3872935771942139,0,False
0,2.654296875,2,False
0,3.3820743560791016,2,False
0,0.8920880556106567,0,False
0,2.233180046081543,2,False
0,3.3862991333007812,2,False
0,3.6980011463165283,1,False
0,2.5726397037506104,2,False
0,1.0366151332855225,0,False
0,5.778375625610352,2,False
0,1.6922780275344849,0,False
0,0.4231582283973694,0,False
0,1.03438138961792,1,False
0,1.451171875,1,False
0,1.451171875,1,False
0,4.421208381652832,2,False
0,2.0450315475463867,0,False
0,0.4038750231266022,0,False
0,3.96549129486084,2,False
0,4.5864105224609375,1,False
0,2.614579200744629,1,False
0,0.9780017137527466,1,False
0,1.091299295425415,0,False
0,0.4136994481086731,0,False
0,4.698357582092285,2,False
0,1.492502212524414,2,False
0,3.951793909072876,2,False
0,1.0861101150512695,0,False
0,4.091015338897705,1,False
0,0.39707180857658386,0,False
0,2.5935208797454834,1,False
0,1.625821590423584,0,False
0,8.79702377319336,2,False
0,2.646467447280884,1,False
0,1.453125,1,False
0,2.583564043045044,1,False
0,1.865715742111206,0,False
0,1.5615806579589844,0,False
0,1.3518003225326538,2,False
0,1.9968388080596924,0,False
0,1.8075721263885498,2,False
0,0.5630514025688171,0,False
0,0.7909516096115112,2,False
0,3.118783712387085,1,False
0,2.2080864906311035,2,False
0,4.854043960571289,2,False
0,1.8837794065475464,1,False
0,2.6689319610595703,1,False
0,2.4518861770629883,1,False
0,1.5760233402252197,0,False
0,0.4140958786010742,0,False
0,2.505025863647461,1,False
0,2.5736677646636963,1,False
0,3.6459615230560303,1,False
0,3.413849353790283,1,False
0,2.918623685836792,1,False
0,1.8263920545578003,2,False
0,0.9793627858161926,1,False
0,1.7249622344970703,2,False
0,2.1967782974243164,2,False
0,1.1625571250915527,0,False
0,2.658203125,2,False
0,4.676385402679443,1,False
0,1.3436893224716187,0,False
0,2.23625111579895,2,False
0,0.39725127816200256,0,False
0,1.357496738433838,0,False
0,2.485513687133789,1,False
0,1.1710962057113647,2,False
0,2.7071268558502197,2,False
0,2.575347900390625,1,False
0,3.686047315597534,2,False
0,2.5692858695983887,1,False
0,1.040987253189087,1,False
0,0.5437137484550476,0,False
0,2.5245492458343506,1,False
0,1.7184858322143555,0,False
0,1.0669832229614258,1,False
0,1.629870891571045,2,False
0,0.41365426778793335,0,False
0,7.036131381988525,2,False
0,0.9049261808395386,0,False
0,6.168554306030273,2,False
0,6.5034685134887695,2,False
0,0.9802313446998596,1,False
0,3.5432047843933105,2,False
0,0.5407003164291382,0,False
0,2.5459632873535156,1,False
0,1.9772671461105347,1,False
0,3.2385897636413574,0,False
0,3.56317400932312,2,False
0,2.3837990760803223,2,False
0,1.829331874847412,1,False
0,1.9212729930877686,1,False
0,1.3873894214630127,0,False
0,1.9294023513793945,2,False
0,2.600748300552368,1,False
0,2.5556695461273193,1,False
0,3.5659220218658447,2,False
0,4.45119047164917,2,False
0,4.167844772338867,1,False
0,0.40450170636177063,0,False
0,0.41533735394477844,0,False
0,3.40669584274292,1,False
0,0.40439271926879883,0,False
0,4.3908610343933105,1,False
0,5.317562103271484,2,False
0,0.4094914495944977,0,False
0,2.3026139736175537,1,False
0,1.0976204872131348,2,False
0,2.4843192100524902,2,False
0,1.3503901958465576,0,False
0,0.9560182094573975,1,False
0,0.4127282500267029,0,False
0,0.8940910696983337,0,False
0,1.2871170043945312,0,False
0,2.3437957763671875,2,False
0,1.073447585105896,0,False
0,2.3806121349334717,2,False
0,0.6379243731498718,0,False
0,2.176234245300293,2,False
0,2.402194023132324,1,False
0,2.689453125,2,False
0,1.5056391954421997,2,False
0,2.233574867248535,2,False
0,1.6589431762695312,0,False
0,4.656524658203125,1,False
0,1.1928788423538208,0,False
0,1.2568875551223755,2,False
0,4.642395973205566,1,False
0,1.8904457092285156,2,False
0,1.3791282176971436,0,False
0,2.0541889667510986,1,False
0,1.3657901287078857,0,False
0,3.1272363662719727,2,False
0,3.687880516052246,2,False
0,0.5056387186050415,0,False
0,0.42802563309669495,0,False
0,1.0696696043014526,0,False
0,2.550501823425293,1,False
0,3.861342430114746,2,False
0,0.4223099648952484,0,False
0,3.1882200241088867,2,False
0,1.6969571113586426,0,False
0,0.42086562514305115,0,False
0,3.5332131385803223,1,False
0,1.2012131214141846,0,False
0,3.165225028991699,2,False
0,1.4267578125,1,False
0,2.3388304710388184,1,False
0,0.4062053859233856,0,False
0,1.3851385116577148,0,False
0,3.5026376247406006,1,False
0,3.7931814193725586,2,False
0,3.560549020767212,1,False
0,1.6648809909820557,0,False
0,2.1647017002105713,2,False
0,2.3594777584075928,1,False
0,2.0101380348205566,0,False
0,4.162928581237793,2,False
0,3.157494068145752,2,False
0,5.120919227600098,2,False
0,2.3490703105926514,2,False
0,4.422714710235596,2,False
0,1.3808135986328125,0,False
0,1.7431613206863403,2,False
0,0.5561891794204712,0,False
0,6.757549285888672,2,False
0,4.674801826477051,1,False
0,1.793524980545044,1,False
0,0.4104100167751312,0,False
0,4.075933933258057,1,False
0,2.435933828353882,1,False
0,3.5737204551696777,1,False
0,2.524770498275757,1,False
0,1.574908971786499,2,False
0,3.0083038806915283,1,False
0,1.5980829000473022,2,False
0,2.9687488079071045,1,False
0,0.8676198720932007,0,False
0,2.6585693359375,2,False
0,0.43097588419914246,0,False
0,2.2263736724853516,2,False
0,6.419360637664795,2,False
0,1.1913142204284668,0,False
0,4.485074043273926,1,False
0,4.547309875488281,2,False
0,2.1880056858062744,1,False
0,3.215686082839966,2,False
0,1.5654162168502808,0,False
0,2.25679349899292,2,False
0,4.904550075531006,2,False
0,0.4139983654022217,0,False
0,1.5882132053375244,1,False
0,1.8816163539886475,2,False
0,1.4296875,1,False
0,1.503610610961914,2,False
0,4.420202255249023,2,False
0,0.9986717104911804,1,False
0,3.2899296283721924,1,False
0,2.255629777908325,2,False
0,1.1940462589263916,0,False
0,0.9795893430709839,1,False
0,0.9796069860458374,1,False
0,1.270693302154541,0,False
0,0.9920075535774231,1,False
0,3.3586385250091553,1,False
0,1.4857521057128906,0,False
0,0.7029170989990234,0,False
0,3.936678409576416,2,False
0,1.2676103115081787,2,False
0,1.6455254554748535,1,False
0,4.486516952514648,1,False
0,4.451316833496094,1,False
0,1.4306640625,1,False
0,0.9829805493354797,1,False
0,1.8233991861343384,1,False
0,4.173703193664551,1,False
0,1.1069884300231934,0,False
0,2.5085129737854004,2,False
0,0.4158753752708435,0,False
0,2.502950429916382,1,False
0,0.4475802779197693,0,False
0,1.3664517402648926,0,False
0,2.48225736618042,2,False
0,3.7492427825927734,2,False
0,5.361867904663086,2,False
0,2.410534143447876,1,False
0,0.43283289670944214,0,False
0,3.564845085144043,2,False
0,0.4282541573047638,0,False
0,3.1706337928771973,2,False
0,1.4306640625,1,False
0,2.2499687671661377,2,False
0,1.3838220834732056,0,False
0,1.7849147319793701,1,False
0,1.036153793334961,1,False
0,0.4413033127784729,0,False
0,1.1658563613891602,2,False
0,3.3674583435058594,1,False
0,1.0347614288330078,1,False
0,0.9736261963844299,1,False
0,1.3818655014038086,0,False
0,1.8860081434249878,2,False
0,0.433191180229187,0,False
0,0.42644649744033813,0,False
0,0.9890656471252441,0,False
0,0.9866865277290344,1,False
0,0.753753662109375,2,False
0,3.9987130165100098,2,False
0,2.538729190826416,2,False
0,0.989845871925354,1,False
0,3.186141014099121,2,False
0,0.9944151639938354,2,False
0,1.7927697896957397,1,False
0,1.5209994316101074,0,False
0,3.4549343585968018,2,False
0,0.4336417019367218,0,False
0,0.9693169593811035,1,False
0,0.45329412817955017,0,False
0,0.4168127775192261,0,False
0,0.4202095568180084,0,False
0,0.5773717164993286,0,False
0,8.612592697143555,2,False
0,1.9805529117584229,1,False
0,1.2282088994979858,0,False
0,1.564357876777649,0,False
0,3.7847652435302734,1,False
0,0.5092079639434814,0,False
0,1.6403969526290894,0,False
0,0.43416324257850647,0,False
0,0.9893413782119751,2,False
0,2.610614061355591,2,False
0,2.4093217849731445,2,False
0,0.9949893355369568,1,False
0,0.4372428357601166,0,False
0,0.4274054169654846,0,False
0,2.1808481216430664,2,False
0,1.3515478372573853,0,False
0,0.42932021617889404,0,False
0,3.855698585510254,2,False
0,0.4206734299659729,0,False
0,3.819767951965332,1,False
0,1.0057374238967896,0,False
0,0.43629518151283264,0,False
0,2.2287864685058594,1,False
0,0.574856162071228,0,False
0,1.9640047550201416,2,False
0,0.5376102924346924,0,False
0,3.8492074012756348,1,False
0,0.9769894480705261,1,False
0,0.4262222945690155,0,False
0,3.1535987854003906,0,False
0,4.490250110626221,2,False
0,3.3192508220672607,1,False
0,4.695984363555908,2,False
0,1.7990293502807617,1,False
0,1.488250494003296,2,False
0,1.3592183589935303,0,False
0,1.948218584060669,0,False
0,3.632606267929077,2,False
0,3.712289810180664,2,False
0,0.9928491115570068,1,False
0,1.6045933961868286,1,False
