step,node_ids,num_nodes
1,"[0, 97, 2, 99, 98, 6, 19, 55, 60]",9
2,"[0, 97, 2, 98, 99, 19, 62]",7
3,"[0, 64, 2, 72, 77, 19, 93, 97, 98, 99, 41, 43, 56]",13
4,"[0, 64, 2, 77, 20, 92, 97, 98, 99, 45]",10
5,"[0, 64, 2, 77, 19, 93, 96, 97, 98, 99, 41, 43, 56]",13
6,"[0, 2, 72, 77, 14, 86, 24, 97, 98, 99, 43]",11
7,"[0, 2, 6, 77, 19, 23, 97, 98, 99, 55, 60]",11
8,"[0, 64, 2, 72, 77, 19, 93, 97, 98, 99, 41, 43, 53, 56]",14
9,"[0, 1, 6, 78, 92, 96, 97, 98, 99, 56]",10
10,"[0, 64, 2, 77, 19, 93, 97, 98, 99, 41, 43, 56]",12
11,"[0, 2, 15, 83, 86, 24, 91, 97, 98, 99, 49]",11
12,"[0, 97, 2, 99, 98, 43, 77, 15, 86]",9
13,"[0, 64, 2, 72, 77, 19, 93, 97, 98, 99, 41, 43, 56]",13
14,"[0, 97, 2, 98, 99, 19, 62]",7
15,"[0, 2, 6, 77, 19, 97, 98, 99, 43, 60]",10
16,"[0, 2, 77, 15, 83, 86, 97, 98, 99, 43, 49]",11
17,"[0, 2, 72, 15, 83, 86, 91, 93, 97, 98, 99, 54, 60]",13
18,"[0, 97, 2, 99, 98, 43, 77]",7
19,"[0, 2, 77, 15, 83, 86, 24, 91, 97, 98, 99, 43, 49]",13
20,"[0, 2, 77, 15, 86, 91, 93, 97, 98, 99, 43, 54]",12
21,"[0, 64, 2, 72, 77, 19, 93, 97, 98, 99, 41, 43, 56]",13
22,"[0, 2, 6, 77, 19, 28, 97, 98, 99, 43, 60, 62]",12
23,"[0, 97, 2, 99, 98, 43, 77, 15, 86]",9
24,"[0, 97, 2, 99, 98, 43, 77, 29, 31]",9
25,"[0, 2, 72, 77, 14, 86, 24, 97, 98, 99, 43, 60]",12
26,"[0, 2, 77, 15, 83, 86, 97, 98, 99, 43, 49]",11
27,"[0, 2, 77, 15, 83, 86, 97, 98, 99, 43, 49]",11
28,"[0, 2, 72, 77, 14, 86, 24, 97, 98, 99, 43]",11
29,"[0, 6, 77, 79, 93, 97, 98, 99, 53, 56]",10
30,"[0, 2, 72, 77, 14, 86, 24, 97, 98, 99, 43]",11
31,"[0, 97, 2, 99, 98, 43, 77, 15, 86]",9
32,"[0, 2, 77, 15, 83, 86, 97, 98, 99, 43, 49]",11
33,"[0, 6, 77, 23, 96, 97, 98, 99, 53, 56]",10
34,"[0, 2, 72, 77, 14, 86, 24, 97, 98, 99, 43]",11
35,"[0, 64, 2, 77, 19, 93, 97, 98, 99, 43]",10
36,"[0, 64, 2, 72, 77, 19, 93, 96, 97, 98, 99, 41, 43, 56]",14
37,"[0, 64, 2, 77, 19, 93, 97, 98, 99, 43]",10
38,"[0, 2, 15, 83, 86, 91, 92, 93, 97, 98, 99, 49, 54]",13
39,"[0, 2, 5, 6, 77, 23, 97, 98, 99, 53, 60]",11
40,"[0, 6, 77, 79, 23, 97, 98, 99, 53, 56]",10
41,"[0, 2, 5, 6, 77, 78, 23, 97, 98, 99, 53]",11
42,"[0, 97, 2, 98, 99, 43, 77, 15, 86]",9
43,"[0, 64, 2, 97, 98, 99, 19, 93]",8
44,"[0, 97, 2, 98, 99, 38, 29]",7
45,"[0, 64, 2, 77, 19, 24, 93, 97, 98, 99, 43]",11
46,"[0, 97, 2, 98, 99, 38, 29]",7
47,"[0, 64, 2, 77, 19, 84, 24, 93, 97, 98, 99, 43, 56]",13
48,"[0, 2, 77, 15, 83, 20, 86, 24, 91, 97, 98, 99, 49]",13
49,"[0, 2, 5, 77, 19, 24, 29, 96, 97, 98, 99, 38, 43]",13
50,"[0, 97, 2, 99, 98, 19, 55]",7
51,"[0, 97, 2, 98, 99, 38, 29]",7
52,"[0, 2, 5, 6, 77, 23, 97, 98, 99, 53, 60]",11
53,"[0, 1, 2, 64, 5, 6, 78, 92, 96, 97, 98, 99]",12
54,"[0, 64, 2, 6, 77, 19, 84, 28, 93, 97, 98, 99, 43, 53, 60]",15
55,"[0, 2, 77, 15, 83, 86, 91, 93, 97, 98, 99, 43, 49, 54]",14
56,"[0, 1, 6, 78, 92, 96, 97, 98, 99, 56]",10
57,"[0, 96, 2, 97, 98, 99, 41]",7
58,"[0, 97, 2, 99, 98, 43, 77, 29, 31]",9
59,"[0, 6, 77, 93, 97, 98, 99, 49, 53, 56]",10
60,"[0, 64, 2, 72, 77, 19, 93, 96, 97, 98, 99, 41, 43, 53, 56]",15
61,"[0, 2, 72, 77, 14, 86, 24, 97, 98, 99, 43]",11
62,"[0, 64, 2, 77, 19, 93, 96, 97, 98, 99, 41, 43, 56]",13
63,"[0, 2, 77, 19, 24, 97, 98, 99, 43, 55]",10
64,"[0, 2, 77, 15, 83, 86, 24, 97, 98, 99, 43, 49]",12
65,"[0, 2, 83, 19, 97, 98, 99, 41, 55, 56]",10
66,"[0, 2, 6, 83, 19, 96, 97, 98, 99, 41, 55, 60]",12
67,"[0, 2, 77, 15, 83, 86, 97, 98, 99, 43, 49]",11
68,"[0, 2, 15, 83, 86, 24, 97, 98, 99, 49]",10
69,"[0, 97, 2, 99, 98, 43, 77, 15, 86]",9
70,"[0, 2, 77, 15, 83, 86, 97, 98, 99, 43, 49]",11
71,"[0, 2, 72, 77, 14, 86, 97, 98, 99, 43]",10
72,"[0, 1, 69, 6, 77, 78, 92, 96, 97, 98, 99, 56]",12
73,"[0, 2, 77, 15, 83, 86, 91, 93, 97, 98, 99, 43, 54]",13
74,"[0, 2, 15, 83, 86, 24, 97, 98, 99, 49]",10
75,"[0, 64, 2, 77, 19, 24, 93, 96, 97, 98, 99, 43, 56]",13
76,"[0, 97, 2, 99, 98, 43, 77, 19, 55]",9
77,"[0, 2, 3, 77, 15, 83, 20, 86, 24, 91, 97, 98, 99, 49]",14
78,"[0, 97, 2, 98, 99, 43, 77, 15, 86]",9
79,"[0, 64, 2, 97, 98, 99, 19, 93]",8
80,"[0, 97, 2, 99, 98, 43, 77, 15, 86]",9
81,"[0, 64, 2, 77, 19, 93, 97, 98, 99, 43, 56]",11
82,"[0, 2, 5, 6, 78, 18, 96, 97, 98, 99]",10
83,"[0, 2, 5, 6, 77, 79, 23, 97, 98, 99, 53, 60]",12
84,"[0, 97, 2, 99, 98, 43, 77, 29, 31]",9
85,"[0, 64, 2, 77, 19, 93, 97, 98, 99, 43, 56]",11
86,"[0, 2, 77, 15, 83, 20, 86, 24, 91, 97, 98, 99, 49]",13
87,"[0, 2, 72, 77, 14, 86, 24, 97, 98, 99, 43]",11
88,"[0, 2, 77, 15, 83, 86, 97, 98, 99, 43, 49]",11
89,"[0, 65, 6, 74, 77, 13, 23, 97, 98, 99, 50, 56]",12
90,"[0, 97, 2, 99, 98, 43, 77, 15, 86]",9
91,"[0, 2, 77, 15, 83, 20, 86, 91, 97, 98, 99, 49, 54]",13
92,"[0, 64, 2, 77, 19, 93, 96, 97, 98, 99, 43, 56]",12
93,"[0, 2, 5, 6, 78, 18, 96, 97, 98, 99]",10
94,"[0, 2, 72, 77, 14, 86, 24, 97, 98, 99, 43]",11
95,"[0, 2, 77, 15, 83, 86, 97, 98, 99, 43]",10
96,"[0, 2, 72, 77, 14, 86, 24, 97, 98, 99, 43]",11
97,"[0, 97, 2, 99, 98, 6, 19, 55, 60]",9
98,"[0, 97, 2, 98, 99, 19, 62]",7
99,"[0, 97, 2, 99, 98, 19, 55]",7
100,"[0, 96, 98, 97, 99, 6, 50, 85, 29]",9
101,"[0, 64, 2, 77, 19, 93, 97, 98, 99, 43, 53, 56]",12
102,"[0, 2, 72, 15, 83, 86, 91, 97, 98, 99, 49, 54]",12
103,"[0, 2, 5, 6, 77, 78, 23, 96, 97, 98, 99]",11
104,"[0, 97, 2, 99, 98, 72, 41, 19, 55]",9
105,"[0, 97, 2, 99, 98, 43, 77, 15, 86]",9
106,"[0, 2, 72, 77, 14, 86, 24, 97, 98, 99, 43]",11
107,"[0, 97, 2, 98, 99, 6, 19, 60, 62]",9
108,"[0, 97, 2, 98, 99, 19, 62]",7
109,"[0, 97, 2, 99, 98, 41, 83, 19, 55]",9
110,"[0, 6, 77, 93, 97, 98, 99, 49, 53, 56, 60]",11
111,"[0, 2, 15, 83, 86, 91, 92, 93, 97, 98, 99, 49, 54]",13
112,"[0, 3, 15, 83, 86, 24, 91, 97, 98, 99]",10
113,"[0, 2, 5, 6, 77, 78, 18, 84, 23, 97, 98, 99, 49, 53]",14
114,"[0, 64, 2, 72, 77, 19, 93, 97, 98, 99, 41, 43, 56]",13
115,"[0, 97, 2, 98, 99, 6, 19, 60]",8
116,"[0, 64, 2, 19, 84, 93, 97, 98, 99, 41, 56]",11
117,"[0, 64, 2, 77, 19, 93, 96, 97, 98, 99, 43, 56]",12
118,"[0, 64, 2, 72, 77, 19, 84, 93, 97, 98, 99, 41, 43, 56]",14
119,"[0, 2, 77, 15, 83, 86, 97, 98, 99, 43, 49]",11
120,"[0, 64, 2, 5, 77, 19, 84, 93, 97, 98, 99, 43, 53, 56]",14
121,"[0, 2, 77, 15, 83, 86, 24, 91, 97, 98, 99, 43, 49]",13
122,"[0, 2, 77, 15, 83, 86, 97, 98, 99, 43]",10
123,"[0, 2, 77, 15, 83, 86, 91, 93, 97, 98, 99, 43, 49, 54]",14
124,"[0, 2, 5, 6, 77, 93, 97, 98, 99, 49, 53, 56]",12
125,"[0, 2, 77, 15, 83, 86, 97, 98, 99, 43, 49]",11
126,"[0, 2, 5, 6, 77, 23, 97, 98, 99, 53, 60]",11
127,"[0, 2, 5, 77, 19, 97, 98, 99, 43, 55]",10
128,"[0, 65, 6, 74, 77, 13, 23, 92, 97, 98, 99, 50, 56]",13
129,"[0, 2, 6, 19, 28, 97, 98, 99, 60, 62]",10
130,"[0, 2, 77, 15, 83, 86, 97, 98, 99, 43, 49]",11
131,"[0, 64, 2, 97, 98, 99, 19, 93]",8
132,"[0, 97, 98, 99, 43, 77]",6
133,"[0, 97, 2, 99, 98, 72, 41, 19, 55]",9
134,"[0, 6, 77, 23, 96, 97, 98, 99, 53, 56]",10
135,"[0, 64, 2, 6, 77, 19, 84, 93, 97, 98, 99, 43, 56, 60]",14
136,"[0, 97, 2, 98, 99, 6, 19, 60]",8
137,"[0, 2, 5, 6, 77, 19, 23, 97, 98, 99, 55, 60]",12
138,"[0, 97, 2, 99, 98, 43, 77, 15, 86]",9
139,"[0, 97, 2, 98, 99, 5, 77, 53]",8
140,"[0, 2, 72, 77, 14, 86, 24, 97, 98, 99, 43]",11
141,"[0, 2, 72, 77, 14, 86, 24, 97, 98, 99, 43]",11
142,"[0, 64, 2, 6, 19, 93, 97, 98, 99, 60]",10
143,"[0, 6, 77, 85, 23, 29, 97, 98, 99, 53, 56]",11
144,"[0, 65, 6, 74, 77, 13, 23, 92, 97, 98, 99, 50, 56]",13
145,"[0, 72, 77, 86, 24, 29, 31, 97, 98, 99, 43, 60]",12
146,"[0, 2, 5, 6, 77, 23, 97, 98, 99, 53, 56]",11
147,"[0, 2, 72, 77, 14, 86, 24, 97, 98, 99, 43]",11
148,"[0, 1, 5, 6, 91, 92, 96, 97, 98, 99, 56]",11
149,"[0, 2, 77, 15, 83, 86, 97, 98, 99, 43, 49]",11
150,"[0, 2, 3, 15, 83, 86, 24, 91, 97, 98, 99, 49]",12
151,"[0, 64, 97, 99, 98, 43, 77, 93]",8
152,"[0, 65, 6, 74, 77, 13, 23, 97, 98, 99, 50, 56]",12
153,"[0, 97, 2, 99, 98, 43, 77, 15, 86]",9
154,"[0, 2, 6, 19, 97, 98, 99, 55, 56, 60]",10
155,"[0, 1, 2, 64, 5, 6, 78, 92, 96, 97, 98, 99]",12
156,"[0, 97, 2, 98, 99, 6, 19, 60, 62]",9
157,"[0, 2, 77, 15, 83, 86, 97, 98, 99, 43, 49]",11
158,"[0, 97, 2, 99, 98, 43, 77, 29, 31]",9
159,"[0, 2, 77, 15, 83, 86, 91, 93, 97, 98, 99, 43, 49, 54]",14
160,"[0, 2, 72, 77, 14, 86, 24, 97, 98, 99, 43]",11
161,"[0, 64, 2, 77, 20, 92, 97, 98, 99, 45]",10
162,"[0, 2, 72, 15, 83, 86, 91, 93, 97, 98, 99, 54, 60]",13
163,"[0, 64, 2, 77, 19, 93, 97, 98, 99, 43, 56]",11
164,"[0, 2, 72, 77, 14, 86, 24, 97, 98, 99, 43]",11
165,"[0, 97, 2, 98, 99, 38, 29]",7
166,"[0, 97, 2, 98, 99, 6, 19, 60]",8
167,"[0, 2, 77, 15, 83, 86, 97, 98, 99, 43, 49]",11
168,"[0, 97, 2, 99, 98, 19, 55]",7
169,"[0, 2, 77, 15, 83, 86, 97, 98, 99, 43, 49]",11
170,"[0, 97, 2, 99, 98, 41, 19, 83, 55]",9
171,"[0, 2, 3, 77, 15, 83, 20, 86, 24, 91, 97, 98, 99, 49]",14
172,"[0, 97, 2, 98, 99, 41, 19]",7
173,"[0, 6, 77, 23, 96, 97, 98, 99, 53, 56]",10
174,"[0, 2, 72, 13, 80, 19, 30, 97, 98, 99, 41, 56]",12
175,"[0, 64, 2, 77, 19, 93, 96, 97, 98, 99, 43, 56]",12
176,"[0, 6, 77, 93, 97, 98, 99, 49, 53, 56, 60]",11
177,"[0, 97, 2, 98, 99, 6, 60, 19, 28]",9
178,"[0, 97, 2, 98, 99, 6, 19, 60]",8
179,"[0, 97, 2, 98, 99, 43, 77, 15, 86]",9
180,"[0, 2, 77, 15, 83, 86, 24, 91, 97, 98, 99, 43, 49]",13
181,"[0, 64, 2, 5, 77, 19, 84, 93, 97, 98, 99, 43, 53, 56]",14
182,"[0, 2, 5, 6, 77, 23, 97, 98, 99, 53, 56]",11
183,"[0, 2, 5, 6, 19, 97, 98, 99, 55, 60]",10
184,"[0, 97, 2, 99, 98, 5, 77, 53]",8
185,"[0, 2, 5, 77, 19, 97, 98, 99, 43, 55]",10
186,"[0, 64, 2, 77, 19, 84, 93, 97, 98, 99, 43, 53]",12
187,"[0, 72, 14, 86, 24, 29, 97, 98, 99, 38, 60]",11
188,"[0, 2, 72, 77, 14, 86, 24, 97, 98, 99, 43]",11
189,"[0, 2, 3, 77, 15, 83, 86, 24, 91, 97, 98, 99, 43, 49]",14
190,"[0, 97, 2, 99, 98, 6, 19, 55, 60]",9
191,"[0, 97, 2, 98, 99, 41, 19]",7
192,"[0, 97, 2, 99, 98, 43, 77, 15, 86]",9
193,"[0, 2, 77, 15, 83, 86, 97, 98, 99, 43, 49]",11
194,"[0, 2, 72, 77, 14, 86, 24, 97, 98, 99, 43]",11
195,"[0, 2, 72, 15, 83, 86, 91, 93, 97, 98, 99, 49, 54]",13
196,"[0, 97, 2, 99, 98, 19, 55]",7
197,"[0, 97, 2, 99, 98, 43, 77, 15, 86]",9
198,"[0, 96, 2, 97, 98, 5, 99, 77, 23]",9
199,"[0, 64, 2, 5, 6, 77, 84, 23, 97, 98, 99, 53, 56]",13
200,"[0, 6, 77, 79, 23, 97, 98, 99, 53, 56, 60]",11
201,"[0, 2, 72, 77, 14, 86, 24, 97, 98, 99, 43]",11
202,"[0, 2, 15, 83, 86, 91, 92, 93, 97, 98, 99, 54]",12
203,"[0, 64, 2, 6, 77, 19, 93, 97, 98, 99, 43, 56, 60]",13
204,"[0, 97, 2, 96, 98, 5, 99]",7
205,"[0, 2, 3, 15, 83, 86, 24, 97, 98, 99, 49]",11
206,"[0, 97, 2, 99, 98, 43, 77, 15, 86]",9
207,"[0, 6, 77, 85, 23, 29, 97, 98, 99, 53, 56]",11
208,"[0, 64, 2, 77, 19, 84, 93, 97, 98, 99, 41, 43]",12
209,"[0, 64, 2, 77, 19, 84, 93, 97, 98, 99, 43]",11
210,"[0, 64, 2, 77, 19, 93, 96, 97, 98, 99, 43, 56]",12
211,"[0, 64, 2, 97, 98, 99, 19, 93]",8
212,"[0, 97, 2, 98, 99, 15, 49, 83, 86]",9
213,"[0, 2, 77, 15, 83, 20, 86, 91, 97, 98, 99, 49, 54]",13
214,"[0, 2, 15, 83, 86, 91, 92, 93, 97, 98, 99, 49, 54]",13
215,"[0, 2, 77, 15, 83, 86, 24, 97, 98, 99, 43, 49]",12
216,"[0, 97, 2, 99, 98, 43, 77, 15, 86]",9
217,"[0, 64, 2, 77, 19, 84, 93, 96, 97, 98, 99, 43]",12
218,"[0, 2, 6, 77, 19, 23, 97, 98, 99, 55, 56, 60]",12
219,"[0, 64, 2, 77, 19, 93, 97, 98, 99, 43]",10
220,"[0, 2, 5, 6, 78, 18, 96, 97, 98, 99]",10
221,"[0, 2, 77, 15, 83, 86, 97, 98, 99, 43, 49]",11
222,"[0, 6, 85, 92, 29, 96, 97, 98, 99, 50]",10
223,"[0, 97, 98, 99, 43, 77]",6
224,"[0, 2, 5, 6, 77, 19, 23, 97, 98, 99, 55, 56, 60]",13
225,"[0, 2, 5, 6, 77, 84, 23, 97, 98, 99, 53, 56, 60]",13
226,"[0, 64, 2, 77, 19, 84, 24, 93, 97, 98, 99, 43]",12
227,"[0, 97, 2, 99, 98, 43, 77, 15, 86]",9
228,"[0, 72, 77, 86, 24, 29, 31, 97, 98, 99, 43, 60]",12
229,"[0, 97, 2, 99, 98, 43, 77, 15, 86]",9
230,"[0, 97, 96, 98, 99, 6, 78, 56, 92]",9
231,"[0, 2, 6, 77, 19, 97, 98, 99, 43, 60]",10
232,"[0, 97, 2, 98, 99, 41, 19]",7
233,"[0, 97, 2, 99, 98, 19, 55]",7
234,"[0, 64, 2, 77, 19, 93, 97, 98, 99, 43]",10
235,"[0, 97, 2, 99, 98, 43, 77, 15, 86]",9
236,"[0, 2, 5, 6, 77, 84, 93, 97, 98, 99, 49, 53, 56]",13
237,"[0, 64, 2, 77, 19, 93, 96, 97, 98, 99, 43, 56]",12
238,"[0, 97, 96, 1, 98, 99, 6, 56, 92]",9
239,"[0, 6, 77, 23, 96, 97, 98, 99, 53, 56]",10
240,"[0, 2, 3, 77, 15, 83, 20, 86, 24, 91, 97, 98, 99, 49]",14
241,"[0, 2, 77, 15, 86, 91, 93, 97, 98, 99, 43, 54]",12
242,"[0, 2, 72, 77, 14, 86, 24, 97, 98, 99, 43]",11
243,"[0, 97, 2, 99, 98, 43, 77, 84]",8
244,"[0, 64, 2, 97, 98, 99, 19, 93]",8
245,"[0, 2, 5, 6, 77, 79, 23, 97, 98, 99, 53, 56, 60]",13
246,"[0, 2, 5, 6, 77, 23, 97, 98, 99, 53, 56, 60]",12
247,"[0, 97, 2, 99, 98, 43, 77, 15, 86]",9
248,"[0, 2, 72, 77, 14, 86, 24, 97, 98, 99, 43]",11
249,"[0, 64, 2, 6, 77, 19, 84, 93, 97, 98, 99, 43, 53, 60]",14
250,"[0, 2, 5, 77, 19, 24, 29, 97, 98, 99, 38, 43]",12
251,"[0, 97, 2, 98, 99, 43, 77, 15, 86]",9
252,"[0, 77, 15, 86, 91, 93, 29, 31, 97, 98, 99, 43, 54]",13
253,"[0, 2, 3, 77, 15, 83, 86, 24, 97, 98, 99, 43]",12
254,"[0, 6, 77, 79, 23, 97, 98, 99, 53, 56]",10
255,"[0, 2, 77, 15, 83, 86, 91, 93, 97, 98, 99, 43, 54]",13
256,"[0, 2, 3, 77, 15, 83, 86, 24, 97, 98, 99, 43]",12
257,"[0, 64, 2, 77, 19, 93, 97, 98, 99, 43]",10
258,"[0, 97, 2, 98, 99, 6, 19, 60]",8
259,"[0, 97, 2, 98, 99, 38, 29]",7
260,"[0, 97, 96, 98, 99, 6, 56, 92]",8
261,"[0, 64, 2, 97, 98, 99, 19, 93]",8
262,"[0, 64, 2, 97, 98, 99, 19, 93]",8
263,"[0, 97, 2, 98, 99, 6, 19, 60]",8
264,"[0, 97, 2, 98, 99, 38, 29]",7
265,"[0, 72, 15, 83, 86, 91, 93, 97, 98, 99, 54]",11
266,"[0, 97, 2, 99, 98, 83, 19, 55]",8
267,"[0, 64, 2, 97, 98, 99, 19, 93]",8
268,"[0, 2, 72, 77, 14, 86, 24, 97, 98, 99, 43]",11
269,"[0, 2, 15, 83, 86, 24, 97, 98, 99, 49]",10
270,"[0, 2, 72, 77, 14, 86, 24, 97, 98, 99, 43]",11
271,"[0, 64, 2, 77, 19, 93, 97, 98, 99, 43]",10
272,"[0, 64, 2, 97, 98, 99, 19, 93]",8
273,"[0, 2, 72, 77, 14, 86, 24, 97, 98, 99, 43]",11
274,"[0, 2, 77, 15, 83, 20, 86, 24, 91, 97, 98, 99, 49]",13
275,"[0, 6, 77, 93, 97, 98, 99, 49, 53, 56]",10
276,"[0, 2, 77, 15, 83, 86, 97, 98, 99, 43, 49]",11
277,"[0, 64, 2, 6, 72, 19, 84, 93, 97, 98, 99, 36, 60]",13
278,"[0, 96, 97, 99, 98, 6, 83, 55, 60]",9
279,"[0, 2, 5, 6, 77, 23, 97, 98, 99, 53, 56, 60]",12
280,"[0, 97, 2, 99, 98, 19, 55]",7
281,"[0, 97, 2, 99, 98, 43, 77, 29, 31]",9
282,"[0, 64, 2, 77, 19, 84, 93, 97, 98, 99, 43, 56]",12
283,"[0, 6, 77, 93, 97, 98, 99, 49, 53, 56]",10
284,"[0, 97, 2, 98, 99, 41, 19]",7
285,"[0, 2, 3, 15, 83, 86, 24, 91, 97, 98, 99, 49]",12
286,"[0, 2, 72, 77, 14, 86, 24, 97, 98, 99, 43]",11
287,"[0, 2, 3, 77, 15, 86, 24, 97, 98, 99, 43]",11
288,"[0, 2, 77, 15, 83, 86, 97, 98, 99, 43, 49]",11
289,"[0, 65, 6, 74, 77, 13, 23, 92, 97, 98, 99, 50, 56]",13
290,"[0, 2, 3, 15, 83, 86, 24, 91, 97, 98, 99, 49]",12
291,"[0, 2, 3, 77, 15, 83, 86, 24, 97, 98, 99, 43]",12
292,"[0, 2, 3, 77, 15, 83, 86, 24, 97, 98, 99, 43]",12
293,"[0, 2, 15, 83, 86, 24, 91, 97, 98, 99, 49]",11
294,"[0, 64, 77, 93, 29, 97, 98, 99, 38, 43]",10
295,"[0, 2, 77, 15, 83, 86, 97, 98, 99, 43]",10
296,"[0, 2, 72, 77, 14, 86, 24, 97, 98, 99, 43]",11
297,"[0, 1, 69, 6, 77, 78, 92, 96, 97, 98, 99, 56]",12
298,"[0, 97, 2, 98, 99, 6, 19, 60]",8
299,"[0, 64, 2, 5, 6, 78, 18, 96, 97, 98, 99]",11
300,"[0, 65, 6, 74, 77, 13, 23, 92, 97, 98, 99, 50, 56]",13
301,"[0, 64, 2, 77, 19, 84, 93, 97, 98, 99, 43, 56]",12
302,"[0, 2, 5, 6, 77, 19, 23, 97, 98, 99, 55, 56, 60]",13
303,"[0, 77, 15, 86, 29, 31, 97, 98, 99, 43]",10
304,"[0, 64, 2, 19, 84, 93, 97, 98, 99, 56]",10
305,"[0, 2, 72, 15, 83, 86, 91, 93, 97, 98, 99, 49, 54]",13
306,"[0, 97, 2, 98, 99, 43, 77, 15, 86]",9
307,"[0, 64, 2, 19, 84, 93, 97, 98, 99, 56]",10
308,"[0, 97, 2, 99, 98, 43, 77, 84]",8
309,"[0, 2, 15, 83, 86, 24, 97, 98, 99, 49]",10
310,"[0, 2, 15, 83, 86, 24, 91, 97, 98, 99, 49]",11
311,"[0, 97, 2, 99, 98, 43, 77, 15, 86]",9
312,"[0, 2, 5, 6, 77, 84, 23, 96, 97, 98, 99, 56]",12
313,"[0, 6, 77, 93, 97, 98, 99, 49, 53, 56, 60]",11
314,"[0, 2, 72, 77, 14, 86, 24, 97, 98, 99, 43]",11
315,"[0, 2, 3, 15, 83, 86, 24, 97, 98, 99]",10
316,"[0, 97, 96, 98, 99, 69, 6, 77, 56]",9
317,"[0, 2, 72, 77, 14, 86, 24, 97, 98, 99, 43]",11
318,"[0, 97, 2, 99, 98, 43, 77, 15, 86]",9
319,"[0, 2, 72, 77, 15, 83, 86, 91, 93, 97, 98, 99, 43, 49, 54]",15
320,"[0, 2, 72, 77, 14, 86, 24, 97, 98, 99, 43]",11
321,"[0, 64, 2, 77, 19, 84, 93, 97, 98, 99, 43]",11
322,"[0, 64, 2, 77, 19, 84, 93, 97, 98, 99, 43, 56]",12
323,"[0, 2, 72, 77, 14, 86, 24, 97, 98, 99, 43]",11
324,"[0, 97, 2, 98, 99, 38, 29]",7
325,"[0, 2, 15, 83, 86, 24, 97, 98, 99, 49]",10
326,"[0, 64, 2, 6, 72, 19, 84, 93, 97, 98, 99, 36, 56, 60]",14
327,"[0, 64, 2, 77, 19, 84, 24, 93, 97, 98, 99, 43]",12
328,"[0, 97, 96, 98, 99, 6, 56, 92]",8
329,"[0, 65, 6, 74, 77, 13, 23, 92, 97, 98, 99, 50, 56]",13
330,"[0, 97, 2, 98, 99, 6, 19, 60]",8
331,"[0, 2, 15, 83, 86, 91, 93, 97, 98, 99, 54]",11
332,"[0, 2, 5, 6, 19, 84, 97, 98, 99, 55, 56, 60]",12
333,"[0, 64, 2, 77, 19, 84, 93, 97, 98, 99, 43]",11
334,"[0, 97, 2, 98, 99, 6, 19, 60]",8
335,"[0, 2, 77, 19, 24, 29, 97, 98, 99, 38, 43]",11
336,"[0, 64, 2, 19, 84, 93, 97, 98, 99, 56]",10
337,"[0, 2, 3, 77, 15, 83, 86, 24, 91, 97, 98, 99, 43, 49]",14
338,"[0, 97, 2, 99, 98, 19, 55]",7
339,"[0, 97, 2, 98, 99, 19, 84, 55, 56]",9
340,"[0, 97, 2, 99, 98, 43, 77, 15, 86]",9
341,"[0, 97, 2, 99, 98, 83, 19, 55]",8
342,"[0, 97, 2, 98, 99, 19]",6
343,"[0, 2, 3, 77, 15, 83, 20, 86, 24, 91, 97, 98, 99, 49]",14
344,"[0, 72, 14, 86, 24, 29, 97, 98, 99, 38]",10
345,"[0, 2, 77, 15, 83, 86, 97, 98, 99, 43]",10
346,"[0, 6, 77, 23, 96, 97, 98, 99, 53, 56]",10
347,"[0, 2, 3, 77, 15, 83, 86, 24, 97, 98, 99, 43]",12
348,"[0, 97, 2, 99, 98, 43, 77, 15, 86]",9
349,"[0, 6, 77, 23, 96, 97, 98, 99, 53, 56]",10
350,"[0, 2, 5, 6, 77, 84, 23, 97, 98, 99, 56, 60]",12
351,"[0, 97, 96, 98, 99, 6, 56, 92]",8
352,"[0, 97, 2, 99, 98, 43, 77, 15, 86]",9
353,"[0, 2, 3, 77, 15, 83, 86, 24, 97, 98, 99, 43]",12
354,"[0, 64, 2, 19, 84, 93, 97, 98, 99, 56]",10
355,"[0, 2, 6, 8, 19, 84, 97, 98, 99, 56, 60]",11
356,"[0, 2, 6, 19, 84, 97, 98, 99, 56, 60]",10
357,"[0, 2, 5, 6, 78, 18, 96, 97, 98, 99]",10
358,"[0, 2, 3, 77, 15, 83, 86, 24, 97, 98, 99, 43]",12
359,"[0, 97, 2, 99, 98, 19, 84, 55]",8
360,"[0, 2, 77, 15, 83, 86, 97, 98, 99, 43]",10
361,"[0, 97, 2, 98, 99, 6, 19, 60]",8
362,"[0, 64, 77, 29, 93, 97, 98, 99, 38, 43]",10
363,"[0, 97, 2, 98, 99, 43, 77, 15, 86]",9
364,"[0, 64, 2, 77, 19, 84, 93, 97, 98, 99, 43]",11
365,"[0, 97, 2, 99, 98, 19, 83, 55]",8
366,"[0, 97, 96, 98, 99, 6, 56, 92]",8
367,"[0, 2, 77, 15, 83, 86, 97, 98, 99, 43]",10
368,"[0, 2, 77, 15, 83, 86, 97, 98, 99, 43]",10
369,"[0, 2, 5, 6, 77, 84, 23, 97, 98, 99, 53, 56, 60]",13
370,"[0, 2, 77, 15, 86, 29, 31, 97, 98, 99, 43]",11
371,"[0, 97, 2, 99, 98, 43, 77, 84]",8
372,"[0, 64, 2, 77, 19, 84, 93, 97, 98, 99, 43]",11
373,"[0, 64, 2, 6, 77, 84, 23, 97, 98, 99, 53, 56]",12
374,"[0, 2, 3, 77, 15, 83, 86, 24, 97, 98, 99, 43]",12
375,"[0, 2, 72, 77, 14, 86, 24, 97, 98, 99, 43]",11
376,"[0, 64, 2, 97, 98, 99, 19, 84, 93]",9
377,"[0, 64, 2, 77, 84, 93, 97, 98, 99, 43, 56, 57]",12
378,"[0, 2, 15, 83, 86, 91, 93, 97, 98, 99, 54]",11
379,"[0, 6, 77, 79, 93, 97, 98, 99, 49, 53, 56]",11
380,"[0, 2, 72, 77, 14, 86, 24, 97, 98, 99, 43]",11
381,"[0, 2, 3, 77, 15, 83, 86, 24, 91, 97, 98, 99, 43]",13
382,"[0, 97, 2, 98, 99, 41, 19]",7
383,"[0, 2, 72, 77, 14, 86, 24, 97, 98, 99, 43]",11
384,"[0, 2, 3, 15, 83, 86, 24, 97, 98, 99]",10
385,"[0, 2, 72, 77, 14, 86, 24, 97, 98, 99, 43]",11
386,"[0, 64, 2, 97, 98, 99, 19, 84, 93]",9
387,"[0, 65, 6, 74, 77, 13, 23, 92, 97, 98, 99, 50, 56]",13
388,"[0, 97, 98, 99, 6, 77, 53, 56, 93]",9
389,"[0, 97, 2, 96, 98, 5, 99]",7
390,"[0, 2, 72, 77, 14, 86, 24, 97, 98, 99, 43]",11
391,"[0, 2, 72, 77, 14, 86, 24, 97, 98, 99, 43]",11
392,"[0, 6, 77, 85, 23, 29, 97, 98, 99, 53, 56]",11
393,"[0, 2, 3, 15, 83, 86, 24, 91, 97, 98, 99, 49]",12
394,"[0, 97, 2, 99, 98, 19, 83, 55]",8
395,"[0, 97, 2, 98, 99, 38, 29]",7
396,"[0, 64, 2, 5, 6, 78, 92, 96, 97, 98, 99]",11
397,"[0, 64, 2, 97, 98, 99, 19, 93]",8
398,"[0, 2, 77, 15, 83, 86, 91, 93, 97, 98, 99, 43, 54]",13
399,"[0, 2, 5, 6, 77, 84, 23, 97, 98, 99, 53, 56, 60]",13
400,"[0, 65, 6, 74, 77, 13, 23, 97, 98, 99, 50, 56]",12
401,"[0, 64, 2, 77, 20, 92, 97, 98, 99, 45]",10
402,"[0, 6, 77, 79, 23, 96, 97, 98, 99, 53, 56]",11
403,"[0, 64, 2, 6, 77, 84, 93, 97, 98, 99, 43, 56, 60]",13
404,"[0, 77, 15, 86, 91, 93, 29, 31, 97, 98, 99, 43, 54]",13
405,"[0, 2, 72, 15, 83, 86, 91, 93, 97, 98, 99, 54, 60]",13
406,"[0, 64, 2, 77, 19, 84, 93, 97, 98, 99, 43]",11
407,"[0, 64, 2, 77, 19, 84, 93, 97, 98, 99, 43]",11
408,"[0, 97, 2, 98, 99, 84, 56]",7
409,"[0, 97, 2, 98, 99, 19]",6
410,"[0, 2, 72, 77, 14, 86, 24, 97, 98, 99, 43]",11
411,"[0, 6, 77, 93, 97, 98, 99, 49, 53, 56, 60]",11
412,"[0, 64, 2, 97, 98, 99, 19, 84, 93]",9
413,"[0, 2, 3, 15, 83, 86, 24, 91, 97, 98, 99, 49]",12
414,"[0, 2, 3, 77, 15, 86, 24, 97, 98, 99, 43]",11
415,"[0, 64, 2, 5, 6, 84, 97, 98, 99, 56, 60]",11
416,"[0, 64, 2, 5, 6, 78, 18, 96, 97, 98, 99]",11
417,"[0, 64, 2, 97, 98, 99, 19, 93]",8
418,"[0, 6, 77, 93, 97, 98, 99, 49, 53, 56]",10
419,"[0, 2, 3, 77, 15, 83, 86, 24, 97, 98, 99, 43]",12
420,"[0, 2, 77, 15, 83, 86, 97, 98, 99, 43]",10
421,"[0, 97, 2, 98, 99, 19]",6
422,"[0, 6, 85, 92, 29, 96, 97, 98, 99, 50]",10
423,"[0, 2, 77, 15, 83, 20, 86, 24, 91, 97, 98, 99, 49]",13
424,"[0, 2, 6, 8, 19, 97, 98, 99, 55, 56, 60]",11
425,"[0, 97, 2, 98, 99, 38, 29]",7
426,"[0, 2, 77, 15, 83, 86, 97, 98, 99, 43]",10
427,"[0, 97, 2, 99, 98, 19, 55]",7
428,"[0, 97, 98, 99, 6, 79, 56, 60, 93]",9
429,"[0, 2, 72, 77, 14, 86, 24, 97, 98, 99, 43]",11
430,"[0, 64, 2, 97, 98, 99, 19, 93]",8
431,"[0, 64, 2, 6, 19, 84, 93, 97, 98, 99, 56, 60]",12
432,"[0, 2, 6, 8, 84, 97, 98, 99, 56, 60]",10
433,"[0, 64, 2, 6, 77, 84, 23, 97, 98, 99, 53, 56, 60]",13
434,"[0, 72, 77, 86, 24, 29, 31, 97, 98, 99, 43, 60]",12
435,"[0, 97, 2, 98, 99, 43, 77, 15, 86]",9
436,"[0, 2, 77, 15, 86, 91, 93, 97, 98, 99, 43, 54]",12
437,"[0, 2, 3, 77, 15, 83, 86, 24, 97, 98, 99, 43]",12
438,"[0, 2, 3, 77, 15, 83, 86, 24, 97, 98, 99, 43]",12
439,"[0, 2, 77, 15, 83, 20, 86, 91, 97, 98, 99, 49, 54]",13
440,"[0, 64, 2, 97, 98, 99, 19, 93]",8
441,"[0, 2, 3, 77, 15, 83, 20, 86, 24, 91, 97, 98, 99, 49]",14
442,"[0, 97, 96, 99, 98, 83, 55]",7
443,"[0, 2, 77, 15, 83, 86, 97, 98, 99, 43]",10
444,"[0, 2, 3, 77, 15, 86, 24, 97, 98, 99, 43]",11
445,"[0, 2, 3, 77, 15, 83, 86, 24, 91, 97, 98, 99, 43, 49]",14
446,"[0, 64, 2, 77, 19, 84, 93, 97, 98, 99, 43, 56]",12
447,"[0, 64, 2, 97, 98, 99, 19, 93]",8
448,"[0, 6, 77, 79, 23, 97, 98, 99, 53, 56]",10
449,"[0, 64, 2, 77, 19, 93, 97, 98, 99, 43]",10
450,"[0, 64, 2, 98, 97, 99, 84, 56, 93]",9
451,"[0, 2, 72, 77, 15, 83, 86, 91, 93, 97, 98, 99, 43, 49, 54]",15
452,"[0, 72, 14, 86, 24, 29, 97, 98, 99, 38]",10
453,"[0, 97, 2, 99, 98, 19, 84, 55]",8
454,"[0, 2, 3, 77, 15, 83, 86, 24, 91, 97, 98, 99, 43, 49]",14
455,"[0, 64, 2, 6, 77, 84, 23, 97, 98, 99, 53, 56, 60]",13
456,"[0, 64, 2, 6, 77, 84, 93, 97, 98, 99, 49, 53, 56]",13
457,"[0, 97, 2, 98, 99, 19]",6
458,"[0, 2, 3, 15, 83, 86, 24, 91, 97, 98, 99, 49]",12
459,"[0, 64, 2, 77, 19, 84, 93, 97, 98, 99, 43]",11
460,"[0, 64, 2, 77, 19, 84, 93, 97, 98, 99, 43]",11
461,"[0, 97, 96, 98, 99, 69, 6, 77, 56]",9
462,"[0, 2, 3, 77, 15, 83, 20, 86, 24, 91, 97, 98, 99, 49]",14
463,"[0, 2, 5, 6, 77, 23, 97, 98, 99, 53, 56, 60]",12
464,"[0, 97, 96, 99, 98, 83, 55]",7
465,"[0, 97, 2, 99, 98, 19, 83, 55]",8
466,"[0, 97, 2, 98, 99, 43, 77, 15, 86]",9
467,"[0, 6, 77, 79, 23, 97, 98, 99, 53, 56]",10
468,"[0, 2, 3, 77, 15, 86, 24, 97, 98, 99, 43]",11
469,"[0, 2, 72, 77, 14, 86, 24, 97, 98, 99, 43]",11
470,"[0, 97, 2, 99, 98, 19, 55]",7
471,"[0, 97, 96, 98, 99, 6, 56, 92]",8
472,"[0, 2, 72, 77, 14, 86, 24, 97, 98, 99, 43]",11
473,"[0, 2, 15, 83, 86, 91, 93, 97, 98, 99, 54]",11
474,"[0, 2, 3, 77, 15, 83, 20, 86, 24, 91, 97, 98, 99, 49]",14
475,"[0, 64, 2, 5, 6, 78, 92, 96, 97, 98, 99]",11
476,"[0, 64, 2, 97, 98, 99, 19, 84, 93]",9
477,"[0, 97, 2, 98, 99, 19]",6
478,"[0, 64, 2, 97, 98, 99, 19, 93]",8
479,"[0, 2, 3, 77, 15, 86, 24, 97, 98, 99, 43]",11
480,"[0, 64, 2, 77, 19, 84, 24, 93, 97, 98, 99, 43]",12
481,"[0, 2, 72, 77, 14, 86, 24, 97, 98, 99, 43, 49]",12
482,"[0, 97, 2, 98, 99, 38, 29]",7
483,"[0, 97, 2, 96, 98, 5, 99]",7
484,"[0, 2, 3, 77, 15, 83, 86, 24, 97, 98, 99, 43]",12
485,"[0, 2, 3, 77, 15, 83, 86, 24, 97, 98, 99, 43]",12
486,"[0, 64, 2, 6, 19, 93, 97, 98, 99, 56, 60]",11
487,"[0, 97, 2, 98, 99, 19]",6
488,"[0, 2, 72, 77, 15, 83, 86, 91, 93, 97, 98, 99, 43, 54, 60]",15
489,"[0, 64, 2, 98, 97, 5, 6, 99, 60]",9
490,"[0, 6, 77, 93, 97, 98, 99, 49, 53, 56]",10
491,"[0, 64, 2, 97, 98, 99, 19, 93]",8
492,"[0, 97, 2, 98, 99, 6, 19, 60]",8
493,"[0, 77, 15, 86, 91, 29, 93, 31, 97, 98, 99, 43, 54]",13
494,"[0, 64, 2, 77, 19, 84, 93, 97, 98, 99, 43]",11
495,"[0, 2, 3, 77, 15, 83, 86, 24, 97, 98, 99, 43, 49]",13
496,"[0, 64, 2, 6, 77, 19, 84, 93, 97, 98, 99, 43, 60]",13
497,"[0, 6, 77, 23, 96, 97, 98, 99, 53, 56]",10
498,"[0, 97, 2, 99, 98, 41, 83, 19, 55]",9
499,"[0, 2, 3, 15, 83, 86, 24, 97, 98, 99, 49]",11
500,"[0, 97, 2, 98, 99, 43, 77, 15, 86]",9
501,"[0, 65, 6, 74, 77, 13, 23, 92, 97, 98, 99, 50, 56]",13
502,"[0, 2, 77, 15, 83, 86, 97, 98, 99, 43, 49]",11
503,"[0, 64, 2, 97, 98, 99, 19, 93]",8
504,"[0, 64, 2, 77, 20, 92, 93, 97, 98, 99, 45]",11
505,"[0, 2, 72, 77, 14, 86, 24, 97, 98, 99, 43]",11
506,"[0, 64, 2, 72, 19, 93, 97, 98, 99, 36]",10
507,"[0, 64, 2, 77, 19, 84, 93, 97, 98, 99, 43]",11
508,"[0, 64, 2, 19, 84, 93, 97, 98, 99, 56]",10
509,"[0, 97, 2, 98, 99, 41, 19]",7
510,"[0, 2, 3, 77, 15, 83, 86, 24, 91, 97, 98, 99, 43, 49]",14
511,"[0, 2, 77, 15, 86, 29, 31, 97, 98, 99, 43]",11
512,"[0, 97, 2, 98, 99, 19]",6
513,"[0, 64, 2, 5, 6, 77, 23, 97, 98, 99, 53, 56]",12
514,"[0, 2, 15, 83, 86, 24, 91, 97, 98, 99]",10
515,"[0, 2, 77, 15, 83, 86, 97, 98, 99, 43, 49]",11
516,"[0, 2, 15, 83, 86, 24, 97, 98, 99, 49]",10
517,"[0, 2, 3, 15, 83, 86, 24, 97, 98, 99, 49]",11
518,"[0, 64, 2, 77, 19, 93, 97, 98, 99, 43]",10
519,"[0, 2, 77, 15, 83, 86, 97, 98, 99, 43, 49]",11
520,"[0, 97, 2, 98, 99, 5]",6
521,"[0, 69, 6, 77, 92, 96, 97, 98, 99, 56]",10
522,"[0, 6, 77, 93, 97, 98, 99, 39, 53, 56]",10
523,"[0, 2, 72, 77, 14, 86, 24, 97, 98, 99, 43]",11
524,"[0, 96, 2, 97, 99, 98, 43, 77, 19]",9
525,"[0, 2, 6, 8, 19, 97, 98, 99, 56, 60]",10
526,"[0, 97, 2, 99, 98, 19, 83, 55]",8
527,"[0, 64, 2, 77, 84, 93, 97, 98, 99, 43, 56, 57]",12
528,"[0, 64, 77, 29, 93, 97, 98, 99, 38, 43]",10
529,"[0, 2, 72, 15, 83, 86, 91, 97, 98, 99, 49, 54]",12
530,"[0, 65, 6, 74, 77, 13, 23, 92, 97, 98, 99, 50, 56]",13
531,"[0, 64, 2, 97, 98, 99, 19, 93]",8
532,"[0, 2, 77, 15, 86, 91, 93, 97, 98, 99, 43, 54]",12
533,"[0, 97, 2, 99, 98, 43, 77, 15, 86]",9
534,"[0, 2, 77, 15, 86, 97, 98, 99, 43, 49]",10
535,"[0, 2, 77, 15, 83, 86, 97, 98, 99, 43, 49]",11
536,"[0, 64, 2, 77, 19, 93, 97, 98, 99, 43]",10
537,"[0, 2, 5, 6, 8, 19, 97, 98, 99, 55, 56, 60]",12
538,"[0, 2, 3, 15, 83, 86, 24, 97, 98, 99, 49]",11
539,"[0, 97, 2, 99, 98, 43, 77, 15, 86]",9
540,"[0, 2, 77, 15, 83, 20, 86, 24, 91, 97, 98, 99, 49]",13
541,"[0, 2, 3, 15, 83, 86, 24, 97, 98, 99, 49]",11
542,"[97, 98, 99]",3
543,"[0, 97, 2, 99, 98, 43, 77, 15, 86]",9
544,"[0, 2, 72, 77, 14, 86, 24, 97, 98, 99, 43]",11
545,"[0, 2, 3, 77, 15, 83, 86, 24, 91, 97, 98, 99, 43]",13
546,"[0, 64, 2, 97, 98, 99, 19, 93]",8
547,"[0, 2, 5, 6, 77, 79, 23, 97, 98, 99, 56]",11
548,"[0, 2, 77, 15, 83, 86, 97, 98, 99, 43, 49]",11
549,"[0, 64, 2, 6, 19, 93, 97, 98, 99, 56, 60]",11
550,"[0, 97, 2, 98, 99, 6, 41, 19, 60]",9
551,"[0, 6, 85, 92, 29, 96, 97, 98, 99, 50]",10
552,"[0, 2, 72, 15, 83, 86, 91, 93, 97, 98, 99, 54, 60]",13
553,"[0, 2, 77, 15, 83, 86, 97, 98, 99, 43, 49]",11
554,"[0, 97, 2, 96, 98, 5, 6, 99, 18]",9
555,"[0, 2, 77, 15, 83, 20, 86, 91, 97, 98, 99, 49, 54]",13
556,"[0, 6, 77, 93, 97, 98, 99, 49, 53, 56, 60]",11
557,"[0, 64, 2, 5, 6, 78, 18, 96, 97, 98, 99]",11
558,"[0, 97, 2, 96, 98, 5, 99, 77, 23]",9
559,"[0, 97, 2, 98, 99, 38, 29]",7
560,"[0, 64, 2, 5, 6, 77, 84, 23, 97, 98, 99, 53, 56]",13
561,"[0, 64, 2, 77, 19, 24, 93, 97, 98, 99, 43]",11
562,"[0, 2, 72, 77, 14, 86, 24, 97, 98, 99, 43]",11
563,"[0, 72, 77, 86, 24, 29, 31, 97, 98, 99, 43, 60]",12
564,"[0, 2, 5, 6, 77, 19, 23, 97, 98, 99, 55, 56, 60]",13
565,"[0, 2, 6, 77, 19, 97, 98, 99, 53, 55, 60]",11
566,"[0, 97, 2, 99, 98, 19, 20, 55, 24]",9
567,"[0, 6, 77, 93, 97, 98, 99, 49, 53, 56]",10
568,"[0, 2, 77, 15, 83, 20, 86, 24, 91, 97, 98, 99, 49]",13
569,"[0, 97, 98, 99, 6, 79, 56, 60, 93]",9
570,"[0, 2, 3, 77, 15, 83, 86, 24, 97, 98, 99, 43]",12
571,"[0, 64, 2, 77, 19, 93, 97, 98, 99, 43]",10
572,"[0, 6, 77, 23, 96, 97, 98, 99, 53, 56]",10
573,"[0, 97, 96, 98, 99, 6, 56, 92]",8
574,"[0, 97, 2, 98, 99, 43, 77, 15, 86]",9
575,"[0, 2, 77, 15, 86, 29, 31, 97, 98, 99, 43]",11
576,"[0, 2, 6, 19, 97, 98, 99, 55, 56, 60]",10
577,"[0, 2, 72, 77, 14, 86, 24, 97, 98, 99, 43]",11
578,"[0, 64, 2, 97, 98, 99, 19, 93]",8
579,"[0, 97, 2, 99, 98, 43, 77, 93]",8
580,"[0, 2, 3, 77, 15, 83, 86, 24, 97, 98, 99, 43, 49]",13
581,"[0, 64, 2, 6, 72, 19, 93, 97, 98, 99, 36, 56, 60]",13
582,"[0, 65, 6, 74, 77, 13, 23, 92, 97, 98, 99, 50, 56]",13
583,"[0, 97, 2, 99, 98, 43, 77]",7
584,"[0, 64, 2, 97, 98, 99, 19, 93]",8
585,"[0, 2, 5, 6, 77, 19, 23, 97, 98, 99, 55, 56, 60]",13
586,"[0, 2, 72, 77, 14, 86, 24, 97, 98, 99, 43]",11
587,"[0, 2, 15, 83, 86, 91, 93, 97, 98, 99, 49, 54]",12
588,"[0, 97, 2, 98, 99, 6, 19, 60]",8
589,"[0, 97, 98, 64, 99, 93]",6
590,"[0, 2, 3, 77, 15, 83, 86, 24, 97, 98, 99, 43, 49]",13
591,"[0, 96, 2, 99, 97, 98, 43, 77, 19]",9
592,"[0, 97, 2, 98, 99, 38, 29]",7
593,"[0, 2, 77, 15, 83, 86, 97, 98, 99, 43]",10
594,"[0, 97, 2, 98, 99, 19]",6
595,"[0, 64, 2, 97, 98, 99, 19, 93]",8
596,"[0, 97, 2, 99, 98, 41, 19, 83, 55]",9
597,"[0, 2, 5, 6, 77, 23, 97, 98, 99, 53, 56, 60]",12
598,"[0, 2, 72, 77, 14, 86, 24, 97, 98, 99, 43]",11
599,"[0, 2, 5, 19, 84, 93, 97, 98, 99, 56]",10
600,"[0, 2, 3, 77, 15, 83, 86, 24, 97, 98, 99, 43, 49]",13
601,"[0, 2, 5, 6, 8, 19, 97, 98, 99, 55, 56, 60]",12
602,"[0, 2, 77, 15, 86, 91, 93, 97, 98, 99, 43, 54]",12
603,"[0, 2, 3, 15, 83, 86, 24, 97, 98, 99, 49]",11
604,"[0, 97, 2, 98, 99, 38, 29]",7
605,"[0, 6, 77, 79, 93, 97, 98, 99, 53, 56, 60]",11
606,"[0, 2, 77, 15, 86, 29, 31, 97, 98, 99, 43]",11
607,"[0, 97, 2, 98, 99, 6, 19, 60]",8
608,"[0, 2, 3, 77, 15, 83, 86, 24, 97, 98, 99, 43, 49]",13
609,"[0, 2, 3, 77, 15, 83, 86, 24, 91, 97, 98, 99, 43, 49]",14
610,"[0, 97, 2, 98, 99, 43, 77, 15, 86]",9
611,"[0, 97, 2, 99, 98, 41, 19, 83, 55]",9
612,"[0, 64, 2, 77, 19, 93, 97, 98, 99, 43]",10
613,"[0, 2, 77, 15, 86, 97, 98, 99, 43, 49]",10
614,"[0, 2, 77, 15, 83, 86, 97, 98, 99, 43]",10
615,"[0, 97, 2, 98, 99, 19]",6
616,"[0, 2, 3, 15, 83, 86, 24, 97, 98, 99, 49]",11
617,"[0, 2, 3, 77, 15, 83, 86, 24, 97, 98, 99, 43, 49]",13
618,"[0, 64, 2, 97, 98, 99, 19, 93]",8
619,"[0, 97, 2, 99, 98, 83, 19, 55]",8
620,"[0, 64, 2, 97, 98, 99, 19, 93]",8
621,"[0, 6, 77, 23, 96, 97, 98, 99, 53, 56]",10
622,"[0, 2, 3, 77, 15, 83, 20, 86, 24, 91, 97, 98, 99, 49]",14
623,"[0, 2, 3, 77, 15, 83, 86, 24, 97, 98, 99, 43]",12
624,"[0, 65, 6, 8, 74, 77, 13, 23, 92, 97, 98, 99, 50, 56]",14
625,"[0, 97, 2, 98, 99, 19]",6
626,"[0, 97, 2, 99, 98, 43, 77, 93]",8
627,"[0, 2, 77, 15, 83, 86, 97, 98, 99, 43, 49]",11
628,"[0, 97, 2, 99, 98, 19, 55]",7
629,"[0, 2, 72, 77, 14, 86, 24, 97, 98, 99, 43]",11
630,"[0, 2, 3, 15, 83, 86, 24, 91, 97, 98, 99, 49]",12
631,"[0, 97, 96, 98, 99, 69, 6, 77, 56]",9
632,"[0, 2, 3, 77, 15, 83, 86, 24, 97, 98, 99, 43]",12
633,"[0, 2, 77, 15, 86, 97, 98, 99, 43, 49]",10
634,"[0, 6, 77, 93, 97, 98, 99, 49, 53, 56]",10
635,"[0, 97, 2, 99, 98, 41, 83, 19, 55]",9
636,"[0, 97, 2, 99, 98, 43, 77, 19]",8
637,"[0, 2, 15, 83, 86, 91, 93, 97, 98, 99, 49, 54]",12
638,"[0, 2, 77, 15, 86, 97, 98, 99, 43, 49]",10
639,"[0, 2, 72, 77, 14, 86, 24, 97, 98, 99, 43]",11
640,"[0, 97, 2, 99, 98, 41, 83, 19, 55]",9
641,"[0, 2, 72, 77, 15, 83, 86, 91, 93, 97, 98, 99, 43, 54, 60]",15
642,"[0, 65, 6, 74, 77, 13, 23, 92, 97, 98, 99, 50, 56]",13
643,"[0, 2, 15, 83, 86, 24, 97, 98, 99, 49]",10
644,"[0, 2, 72, 77, 14, 86, 24, 97, 98, 99, 43]",11
645,"[0, 2, 3, 77, 15, 83, 86, 24, 97, 98, 99, 43, 49]",13
646,"[0, 6, 77, 79, 23, 97, 98, 99, 53, 56]",10
647,"[0, 97, 2, 99, 98, 19, 55]",7
648,"[0, 2, 77, 15, 86, 29, 31, 97, 98, 99, 43]",11
649,"[0, 6, 85, 92, 29, 96, 32, 98, 97, 99, 50]",11
650,"[0, 64, 2, 5, 6, 77, 84, 23, 97, 98, 99, 53, 56]",13
651,"[0, 64, 2, 5, 6, 18, 96, 97, 98, 99]",10
652,"[0, 2, 3, 77, 15, 83, 86, 24, 97, 98, 99, 43, 49]",13
653,"[0, 2, 72, 77, 14, 86, 24, 97, 98, 99, 43]",11
654,"[0, 64, 2, 97, 98, 99, 19, 93]",8
655,"[0, 64, 2, 97, 98, 99, 19, 93]",8
656,"[0, 64, 2, 5, 6, 77, 23, 96, 97, 98, 99, 56]",12
657,"[0, 64, 2, 77, 19, 93, 97, 98, 99, 43]",10
658,"[0, 64, 2, 5, 6, 77, 84, 23, 97, 98, 99, 53, 56]",13
659,"[0, 97, 2, 98, 99, 19]",6
660,"[0, 6, 77, 93, 97, 98, 99, 49, 53, 56, 60]",11
661,"[0, 97, 2, 96, 98, 5, 6, 99, 18]",9
662,"[0, 64, 2, 97, 98, 99, 19, 93]",8
663,"[0, 2, 3, 15, 83, 86, 24, 97, 98, 99, 49]",11
664,"[0, 2, 3, 15, 83, 86, 24, 97, 98, 99, 49]",11
665,"[0, 64, 2, 97, 98, 99, 19, 93]",8
666,"[0, 97, 98, 99, 6, 77, 53, 56, 93]",9
667,"[0, 97, 2, 98, 99, 19]",6
668,"[0, 2, 72, 77, 14, 86, 24, 97, 98, 99, 43]",11
669,"[0, 97, 2, 98, 99, 84]",6
670,"[0, 97, 2, 99, 98, 43, 77, 19]",8
671,"[0, 64, 2, 6, 19, 93, 97, 98, 99, 56, 60]",11
672,"[0, 2, 5, 6, 77, 23, 97, 98, 99, 53, 56]",11
673,"[97, 98, 99]",3
674,"[0, 2, 77, 15, 83, 86, 97, 98, 99, 43, 49]",11
675,"[0, 97, 2, 98, 99, 19, 84, 93]",8
676,"[0, 2, 3, 77, 15, 83, 86, 24, 91, 97, 98, 99, 43, 49]",14
677,"[0, 64, 2, 6, 19, 93, 97, 98, 99, 56, 60]",11
678,"[0, 2, 5, 6, 77, 23, 97, 98, 99, 53, 56, 60]",12
679,"[0, 64, 2, 97, 98, 99, 19, 93]",8
680,"[0, 2, 6, 19, 97, 98, 99, 55, 56, 60]",10
681,"[0, 2, 72, 77, 14, 86, 24, 97, 98, 99, 43]",11
682,"[0, 6, 77, 23, 96, 97, 98, 99, 53, 56]",10
683,"[0, 2, 5, 6, 19, 97, 98, 99, 55, 56, 60]",11
684,"[0, 97, 2, 98, 99, 19, 84, 56, 93]",9
685,"[0, 2, 6, 8, 84, 93, 97, 98, 99, 56, 60]",11
686,"[0, 2, 77, 15, 83, 20, 86, 24, 91, 97, 98, 99, 49]",13
687,"[0, 64, 2, 5, 6, 69, 77, 78, 92, 96, 97, 98, 99]",13
688,"[0, 97, 2, 99, 98, 19, 55]",7
689,"[0, 97, 98, 99, 38, 29]",6
690,"[0, 97, 2, 98, 99, 43, 77, 15, 86]",9
691,"[0, 2, 3, 77, 15, 83, 86, 24, 91, 97, 98, 99, 43, 49]",14
692,"[0, 2, 3, 77, 15, 83, 86, 24, 97, 98, 99, 43, 49]",13
693,"[0, 64, 2, 72, 19, 84, 93, 97, 98, 99, 36, 56]",12
694,"[0, 2, 3, 77, 15, 83, 86, 24, 97, 98, 99, 43, 49]",13
695,"[0, 97, 2, 99, 98, 43, 77, 93]",8
696,"[0, 97, 96, 98, 99, 6, 56, 92]",8
697,"[0, 97, 2, 98, 99, 84]",6
698,"[0, 2, 72, 77, 14, 86, 24, 97, 98, 99, 43]",11
699,"[0, 2, 5, 6, 19, 97, 98, 99, 56, 60]",10
700,"[0, 2, 77, 15, 83, 20, 86, 24, 91, 97, 98, 99, 49]",13
701,"[0, 2, 77, 15, 20, 86, 91, 97, 98, 99, 49, 54]",12
702,"[0, 97, 2, 99, 98, 83, 19, 55]",8
703,"[0, 97, 98, 99, 6, 77, 53, 56, 93]",9
704,"[0, 97, 2, 98, 99, 43, 77, 15, 86]",9
705,"[0, 2, 77, 15, 86, 97, 98, 99, 43, 49]",10
706,"[0, 97, 2, 98, 99, 19]",6
707,"[0, 2, 72, 15, 83, 86, 91, 93, 97, 98, 99, 54, 60]",13
708,"[0, 97, 2, 98, 99, 84, 56, 57, 93]",9
709,"[0, 2, 3, 77, 15, 83, 86, 24, 97, 98, 99, 43, 49]",13
710,"[0, 97, 2, 99, 98, 43, 77, 49]",8
711,"[0, 97, 2, 98, 99, 43, 77, 15, 86]",9
712,"[0, 2, 3, 77, 15, 83, 86, 24, 97, 98, 99, 43]",12
713,"[0, 2, 3, 77, 15, 83, 86, 24, 97, 98, 99, 43, 49]",13
714,"[0, 65, 6, 74, 77, 13, 23, 92, 97, 98, 99, 50, 56]",13
715,"[0, 2, 15, 83, 86, 24, 91, 97, 98, 99, 49]",11
716,"[0, 64, 77, 29, 93, 97, 98, 99, 38, 43]",10
717,"[0, 97, 98, 99, 6, 77, 79, 23, 56]",9
718,"[0, 64, 2, 6, 72, 19, 84, 93, 97, 98, 99, 36, 56, 60]",14
719,"[0, 97, 2, 98, 99, 38, 29]",7
720,"[0, 2, 77, 15, 86, 29, 31, 97, 98, 99, 43]",11
721,"[0, 97, 2, 98, 99, 19]",6
722,"[0, 2, 5, 6, 77, 84, 23, 97, 98, 99, 56, 60]",12
723,"[0, 97, 2, 99, 98, 83, 19, 55]",8
724,"[0, 72, 77, 86, 24, 29, 31, 97, 98, 99, 43, 60]",12
725,"[0, 97, 2, 98, 99, 19]",6
726,"[0, 64, 2, 97, 98, 99, 84, 93]",8
727,"[0, 64, 2, 5, 6, 84, 97, 98, 99, 56, 60]",11
728,"[0, 2, 72, 77, 14, 86, 24, 97, 98, 99, 43]",11
729,"[0, 97, 2, 98, 99, 15, 86, 54, 91]",9
730,"[0, 97, 2, 99, 98, 43, 77, 15, 86]",9
731,"[0, 2, 77, 15, 83, 86, 97, 98, 99, 43]",10
732,"[0, 2, 77, 15, 83, 86, 91, 93, 97, 98, 99, 43, 54]",13
733,"[0, 97, 2, 98, 99, 84, 56, 93]",8
734,"[0, 2, 6, 77, 84, 23, 97, 98, 99, 53, 56, 60]",12
735,"[0, 64, 2, 77, 19, 24, 93, 97, 98, 99, 43]",11
736,"[0, 6, 77, 93, 97, 98, 99, 39, 53, 56]",10
737,"[0, 64, 2, 97, 98, 99, 19, 93]",8
738,"[0, 97, 2, 98, 99, 19]",6
739,"[0, 69, 6, 77, 92, 96, 97, 98, 99, 56]",10
740,"[0, 97, 96, 98, 99, 6, 56, 92]",8
741,"[0, 6, 77, 93, 97, 98, 99, 53, 56, 60]",10
742,"[0, 64, 2, 77, 20, 92, 93, 97, 98, 99, 45]",11
743,"[0, 97, 2, 98, 99, 19, 84, 56, 93]",9
744,"[0, 97, 2, 98, 99, 6, 19, 56]",8
745,"[0, 97, 2, 98, 99, 84, 56, 93]",8
746,"[0, 2, 77, 15, 86, 91, 93, 97, 98, 99, 43, 49, 54]",13
747,"[0, 2, 72, 77, 14, 15, 86, 24, 97, 98, 99, 43]",12
748,"[0, 96, 2, 97, 98, 5, 99, 83, 55]",9
749,"[0, 2, 3, 77, 15, 83, 20, 86, 24, 91, 97, 98, 99, 49]",14
750,"[0, 96, 2, 97, 98, 5, 6, 99, 56]",9
751,"[0, 64, 2, 97, 98, 99, 19, 93]",8
752,"[0, 2, 72, 77, 14, 86, 24, 97, 98, 99, 43]",11
753,"[0, 2, 72, 77, 14, 86, 24, 97, 98, 99, 43]",11
754,"[0, 2, 77, 15, 83, 86, 97, 98, 99, 43]",10
755,"[0, 97, 2, 99, 98, 19, 55]",7
756,"[0, 97, 2, 99, 98, 83, 19, 55]",8
757,"[0, 97, 2, 99, 98, 19, 83, 55]",8
758,"[0, 64, 2, 97, 98, 99, 19, 84, 93]",9
759,"[0, 2, 77, 15, 83, 86, 97, 98, 99, 43]",10
760,"[0, 2, 72, 15, 83, 86, 91, 93, 97, 98, 99, 54, 60]",13
761,"[0, 97, 98, 99, 43, 77]",6
762,"[0, 2, 77, 15, 83, 86, 97, 98, 99, 43]",10
763,"[0, 65, 6, 74, 77, 13, 23, 97, 98, 99, 50, 56]",12
764,"[0, 2, 3, 77, 15, 83, 86, 24, 97, 98, 99, 43]",12
765,"[0, 2, 3, 77, 15, 83, 86, 24, 91, 97, 98, 99, 43, 49]",14
766,"[0, 6, 77, 23, 96, 97, 98, 99, 53, 56]",10
767,"[0, 64, 2, 6, 77, 84, 23, 97, 98, 99, 53, 56, 60]",13
768,"[0, 97, 2, 96, 98, 5, 99]",7
769,"[0, 97, 2, 99, 98, 19, 84, 55, 56]",9
770,"[0, 6, 77, 93, 97, 98, 99, 49, 53, 56]",10
771,"[0, 2, 77, 15, 83, 20, 86, 24, 91, 97, 98, 99, 49]",13
772,"[0, 2, 77, 15, 86, 29, 31, 97, 98, 99, 43]",11
773,"[0, 2, 3, 15, 83, 86, 24, 97, 98, 99, 49]",11
774,"[0, 2, 3, 77, 15, 83, 86, 24, 97, 98, 99, 43, 49]",13
775,"[0, 97, 96, 98, 99, 69, 77]",7
776,"[0, 97, 2, 99, 98, 43, 77, 15, 86]",9
777,"[0, 2, 5, 6, 77, 23, 97, 98, 99, 56, 60]",11
778,"[0, 2, 6, 8, 77, 84, 97, 98, 99, 53, 56, 60]",12
779,"[0, 2, 5, 6, 77, 23, 97, 98, 99, 56]",10
780,"[0, 6, 77, 93, 97, 98, 99, 53, 56, 60]",10
781,"[0, 69, 6, 77, 92, 96, 97, 98, 99, 56]",10
782,"[0, 64, 2, 77, 19, 24, 93, 97, 98, 99, 43]",11
783,"[0, 64, 2, 72, 19, 84, 93, 97, 98, 99, 36, 56]",12
784,"[0, 2, 77, 15, 83, 86, 97, 98, 99, 43]",10
785,"[0, 2, 77, 15, 83, 86, 97, 98, 99, 43]",10
786,"[0, 97, 2, 99, 98, 43, 77, 15, 86]",9
787,"[0, 77, 15, 86, 91, 93, 29, 31, 97, 98, 99, 43, 54]",13
788,"[0, 2, 3, 77, 15, 83, 20, 86, 24, 91, 97, 98, 99, 49]",14
789,"[0, 2, 3, 15, 86, 24, 97, 98, 99, 49]",10
790,"[0, 97, 2, 98, 99, 84, 56, 93]",8
791,"[0, 97, 2, 98, 99, 19, 84, 93]",8
792,"[0, 2, 15, 86, 24, 91, 97, 98, 99, 49]",10
793,"[0, 2, 3, 15, 83, 86, 24, 97, 98, 99, 49]",11
794,"[0, 2, 3, 77, 15, 83, 20, 86, 24, 91, 97, 98, 99, 49]",14
795,"[0, 97, 2, 98, 99, 84]",6
796,"[0, 97, 2, 98, 99, 6, 19, 56]",8
797,"[0, 97, 2, 64, 96, 5, 98, 99]",8
798,"[0, 2, 77, 15, 83, 86, 97, 98, 99, 43]",10
799,"[0, 65, 6, 74, 77, 13, 23, 92, 97, 98, 99, 56]",12
800,"[0, 97, 2, 98, 99, 84]",6
801,"[0, 2, 6, 72, 19, 97, 98, 99, 56, 60]",10
802,"[0, 2, 3, 77, 15, 83, 86, 24, 97, 98, 99, 43, 49]",13
803,"[0, 69, 6, 77, 92, 96, 97, 98, 99, 56]",10
804,"[0, 97, 2, 98, 99, 38, 29]",7
805,"[0, 2, 77, 15, 86, 91, 93, 97, 98, 99, 43, 54]",12
806,"[0, 2, 77, 15, 86, 91, 93, 97, 98, 99, 43, 49, 54]",13
807,"[0, 6, 77, 79, 93, 97, 98, 99, 50, 53, 56, 60]",12
808,"[0, 97, 2, 98, 99, 84, 56, 93]",8
809,"[0, 2, 3, 77, 15, 86, 24, 97, 98, 99, 43]",11
810,"[0, 97, 98, 99, 6, 77, 53, 56, 93]",9
811,"[0, 97, 2, 98, 99, 84, 56, 57, 93]",9
812,"[0, 97, 2, 99, 98, 19, 83, 55]",8
813,"[0, 2, 5, 6, 77, 84, 23, 97, 98, 99, 56, 60]",12
814,"[0, 64, 2, 6, 19, 84, 93, 97, 98, 99, 56, 60]",12
815,"[0, 97, 2, 98, 99, 43, 77, 15, 86]",9
816,"[0, 2, 77, 15, 83, 86, 97, 98, 99, 43]",10
817,"[0, 97, 2, 98, 99, 19]",6
818,"[0, 6, 77, 93, 97, 98, 99, 53, 56, 60]",10
819,"[0, 97, 98, 99, 38, 29]",6
820,"[0, 97, 2, 98, 99, 19]",6
821,"[0, 97, 96, 98, 99, 6, 56, 92]",8
822,"[0, 2, 15, 86, 24, 91, 97, 98, 99, 49]",10
823,"[0, 64, 2, 6, 72, 84, 93, 97, 98, 99, 36, 56, 60]",13
824,"[0, 97, 96, 98, 99, 6, 56, 92]",8
825,"[0, 2, 72, 77, 14, 86, 24, 97, 98, 99, 43]",11
826,"[0, 2, 77, 15, 83, 86, 97, 98, 99, 43]",10
827,"[0, 77, 15, 86, 29, 31, 97, 98, 99, 43]",10
828,"[0, 97, 2, 98, 99, 19]",6
829,"[0, 2, 77, 15, 83, 86, 97, 98, 99, 43]",10
830,"[0, 97, 2, 99, 98, 43, 77, 15, 86]",9
831,"[0, 97, 2, 98, 99, 43, 77, 15, 86]",9
832,"[0, 97, 2, 98, 99, 43, 77, 15, 86]",9
833,"[97, 98, 99]",3
834,"[0, 2, 77, 15, 83, 86, 24, 97, 98, 99, 43]",11
835,"[0, 97, 2, 99, 98, 43, 77, 93]",8
836,"[0, 2, 5, 6, 19, 97, 98, 99, 55, 56, 60]",11
837,"[0, 2, 72, 77, 14, 86, 24, 97, 98, 99, 43]",11
838,"[0, 64, 2, 97, 98, 99, 19, 84, 93]",9
839,"[0, 97, 2, 98, 99, 19]",6
840,"[0, 97, 98, 99, 6, 77, 79, 23, 56]",9
841,"[0, 2, 77, 15, 83, 86, 97, 98, 99, 43]",10
842,"[0, 2, 77, 15, 86, 91, 93, 97, 98, 99, 43, 49, 54]",13
843,"[0, 97, 2, 98, 99, 84, 93]",7
844,"[0, 97, 98, 99, 6, 77, 53, 56, 93]",9
845,"[0, 97, 2, 98, 99, 43, 77, 15, 86]",9
846,"[0, 64, 2, 19, 84, 93, 97, 98, 99, 56]",10
847,"[0, 2, 15, 83, 86, 24, 97, 98, 99, 49]",10
848,"[0, 77, 15, 86, 29, 31, 97, 98, 99, 43]",10
849,"[0, 64, 2, 77, 20, 92, 93, 97, 98, 99, 45]",11
850,"[0, 97, 2, 99, 98, 83, 19, 55]",8
851,"[0, 97, 2, 99, 98, 43, 77, 93]",8
852,"[0, 97, 96, 98, 99, 6, 77, 23, 56]",9
853,"[0, 97, 2, 98, 99, 19]",6
854,"[97, 98, 99]",3
855,"[0, 2, 6, 19, 84, 97, 98, 99, 55, 56, 60]",11
856,"[0, 97, 2, 98, 99, 38, 29]",7
857,"[0, 2, 3, 77, 15, 83, 86, 24, 91, 97, 98, 99, 43, 49]",14
858,"[0, 2, 77, 15, 83, 20, 86, 24, 91, 97, 98, 99, 49]",13
859,"[0, 64, 2, 97, 98, 99, 84, 93]",8
860,"[0, 64, 77, 29, 93, 97, 98, 99, 38, 43]",10
861,"[0, 97, 98, 99, 43, 77]",6
862,"[0, 97, 2, 99, 98, 47, 83, 19, 55]",9
863,"[0, 2, 6, 8, 84, 93, 97, 98, 99, 56, 60]",11
864,"[0, 2, 72, 77, 14, 86, 24, 97, 98, 99, 43]",11
865,"[0, 2, 3, 77, 15, 83, 86, 24, 97, 98, 99, 43]",12
866,"[0, 97, 2, 98, 99, 84, 56, 93]",8
867,"[0, 97, 96, 98, 99, 6, 56]",7
868,"[0, 97, 2, 98, 99, 84]",6
869,"[0, 2, 15, 83, 86, 91, 93, 97, 98, 99, 54]",11
870,"[0, 2, 6, 77, 84, 23, 97, 98, 99, 53, 56, 60]",12
871,"[97, 98, 99]",3
872,"[0, 2, 77, 15, 83, 86, 97, 98, 99, 43]",10
873,"[0, 97, 2, 98, 99, 19, 84, 93]",8
874,"[0, 97, 2, 98, 99, 19]",6
875,"[0, 2, 3, 15, 83, 86, 24, 97, 98, 99, 49]",11
876,"[0, 97, 2, 98, 99, 19]",6
877,"[0, 6, 77, 79, 23, 97, 98, 99, 39, 53, 56]",11
878,"[0, 2, 77, 15, 20, 86, 91, 97, 98, 99, 49, 54]",12
879,"[0, 2, 3, 77, 15, 86, 24, 97, 98, 99, 43]",11
880,"[0, 65, 6, 8, 74, 77, 13, 23, 92, 97, 98, 99, 50, 56]",14
881,"[0, 97, 2, 98, 99, 15, 54, 86, 91]",9
882,"[0, 2, 72, 77, 14, 86, 24, 97, 98, 99, 43]",11
883,"[0, 97, 2, 98, 99, 84, 56, 93]",8
884,"[0, 64, 2, 5, 6, 84, 97, 98, 99, 56, 60]",11
885,"[0, 6, 77, 93, 97, 98, 99, 49, 53, 56, 60]",11
886,"[0, 97, 32, 96, 98, 99, 6, 50, 92]",9
887,"[0, 97, 2, 98, 99, 84]",6
888,"[0, 64, 2, 98, 97, 99, 84, 56, 93]",9
889,"[0, 97, 2, 98, 99, 84, 56, 93]",8
890,"[0, 2, 6, 8, 84, 93, 97, 98, 99, 56, 60]",11
891,"[0, 2, 3, 77, 15, 83, 86, 24, 97, 98, 99, 43]",12
892,"[0, 2, 72, 77, 15, 83, 86, 91, 93, 97, 98, 99, 43, 54, 60]",15
893,"[0, 97, 2, 99, 98, 83, 19, 55]",8
894,"[0, 97, 2, 96, 98, 5, 6, 99, 56]",9
895,"[0, 97, 2, 99, 98, 41, 19, 83, 55]",9
896,"[0, 2, 3, 77, 15, 86, 24, 91, 97, 98, 99, 43, 49]",13
897,"[0, 97, 98, 99, 6, 56, 93]",7
898,"[0, 97, 2, 98, 99, 43, 77, 15, 86]",9
899,"[0, 97, 2, 98, 99, 43, 77, 15, 86]",9
900,"[0, 96, 2, 97, 99, 5, 98, 55, 30]",9
901,"[0, 2, 77, 15, 86, 91, 93, 97, 98, 99, 43, 49, 54]",13
902,"[0, 97, 2, 98, 99, 84, 93]",7
903,"[0, 69, 6, 77, 92, 96, 97, 98, 99, 56]",10
904,"[0, 2, 77, 15, 83, 86, 97, 98, 99, 43]",10
905,"[0, 97, 2, 98, 99, 43, 77, 15, 86]",9
906,"[0, 2, 77, 15, 83, 86, 97, 98, 99, 43]",10
907,"[0, 97, 2, 99, 98, 43, 77, 93]",8
908,"[0, 97, 96, 98, 99, 6, 56, 92]",8
909,"[0, 6, 77, 79, 23, 97, 98, 99, 39, 53, 56]",11
910,"[0, 2, 77, 15, 20, 86, 91, 97, 98, 99, 49, 54]",12
911,"[0, 97, 2, 99, 98, 43, 77, 15, 86]",9
912,"[0, 97, 2, 98, 99, 19]",6
913,"[0, 6, 77, 79, 93, 97, 98, 99, 50, 53, 56, 60]",12
914,"[0, 2, 77, 83, 19, 97, 98, 99, 53, 55]",10
915,"[0, 2, 3, 15, 86, 24, 97, 98, 99, 49]",10
916,"[0, 2, 3, 77, 15, 86, 24, 97, 98, 99, 43]",11
917,"[0, 97, 2, 98, 99, 84]",6
918,"[0, 97, 2, 96, 98, 99]",6
919,"[0, 97, 96, 98, 99, 6, 77, 23, 56]",9
920,"[0, 97, 98, 99, 6, 56, 93]",7
921,"[0, 2, 15, 86, 24, 91, 97, 98, 99, 49]",10
922,"[0, 2, 15, 86, 24, 91, 97, 98, 99, 49]",10
923,"[0, 97, 2, 98, 99, 43, 77, 15, 86]",9
924,"[0, 97, 2, 98, 99, 19, 84, 93]",8
925,"[0, 6, 77, 93, 97, 98, 99, 49, 53, 56, 60]",11
926,"[0, 2, 72, 77, 15, 83, 86, 91, 93, 97, 98, 99, 43, 54, 60]",15
927,"[0, 2, 3, 77, 15, 86, 24, 91, 97, 98, 99, 43, 49]",13
928,"[97, 98, 99]",3
929,"[97, 98, 99]",3
930,"[0, 97, 2, 98, 99, 19, 84, 93]",8
931,"[0, 97, 2, 98, 99, 6, 19, 60]",8
932,"[0, 2, 3, 15, 86, 24, 97, 98, 99, 49]",10
933,"[0, 97, 2, 99, 98, 83, 19, 55]",8
934,"[0, 64, 2, 77, 20, 92, 93, 97, 98, 99, 45]",11
935,"[0, 97, 2, 99, 98, 43, 77, 15, 86]",9
936,"[0, 64, 2, 97, 98, 99, 19, 84, 93]",9
937,"[0, 97, 2, 98, 99, 84]",6
938,"[0, 2, 5, 6, 77, 23, 97, 98, 99, 56, 60]",11
939,"[0, 97, 2, 98, 99, 15, 49, 86]",8
940,"[0, 2, 77, 15, 83, 86, 97, 98, 99, 43]",10
941,"[0, 2, 3, 77, 15, 86, 24, 97, 98, 99, 43, 49]",12
942,"[0, 97, 96, 32, 98, 99, 6, 50, 92]",9
943,"[0, 97, 2, 98, 99, 84, 56, 93]",8
944,"[0, 97, 96, 98, 99, 6, 39, 56, 92]",9
945,"[0, 97, 2, 99, 98, 43, 77, 15, 86]",9
946,"[0, 2, 3, 77, 15, 20, 86, 24, 91, 97, 98, 99, 49]",13
947,"[0, 97, 2, 98, 99, 84, 56, 57, 93]",9
948,"[0, 97, 2, 98, 99, 43, 77, 15, 86]",9
949,"[0, 97, 98, 64, 99, 93]",6
950,"[0, 65, 6, 74, 77, 13, 23, 92, 97, 98, 99, 50, 56]",13
951,"[0, 2, 3, 77, 15, 86, 24, 91, 97, 98, 99, 43, 49]",13
952,"[0, 2, 72, 77, 14, 86, 24, 97, 98, 99, 43]",11
953,"[0, 97, 98, 99, 6, 77, 53, 56, 93]",9
954,"[0, 97, 2, 96, 99, 98, 55, 30]",8
955,"[0, 64, 2, 19, 84, 93, 97, 98, 99, 56]",10
956,"[0, 2, 5, 6, 77, 23, 97, 98, 99, 53, 56, 60]",12
957,"[0, 97, 2, 99, 98, 83, 19, 55]",8
958,"[0, 64, 2, 98, 97, 99, 19, 56, 93]",9
959,"[0, 2, 77, 15, 83, 86, 91, 93, 97, 98, 99, 43, 49, 54]",14
960,"[0, 97, 2, 98, 99, 84, 56, 93]",8
961,"[0, 97, 2, 98, 99, 19]",6
962,"[0, 6, 77, 93, 97, 98, 99, 53, 56, 60]",10
963,"[0, 69, 6, 77, 78, 92, 96, 97, 98, 99, 56]",11
964,"[0, 64, 2, 6, 72, 19, 84, 93, 97, 98, 99, 36, 56, 60]",14
965,"[0, 97, 2, 98, 99, 19]",6
966,"[0, 97, 2, 98, 99, 84, 93]",7
967,"[97, 98, 99]",3
968,"[0, 64, 2, 32, 97, 5, 98, 99, 24]",9
969,"[0, 2, 72, 77, 14, 86, 24, 97, 98, 99, 43]",11
970,"[0, 2, 77, 15, 86, 97, 98, 99, 43, 49]",10
971,"[0, 64, 2, 72, 19, 93, 97, 98, 99, 36, 56]",11
972,"[0, 2, 77, 15, 83, 86, 97, 98, 99, 43, 49]",11
973,"[0, 97, 2, 99, 98, 43, 77, 93]",8
974,"[0, 2, 77, 15, 83, 86, 97, 98, 99, 43]",10
975,"[0, 97, 2, 98, 99, 38, 29]",7
976,"[0, 6, 77, 93, 97, 98, 99, 53, 56, 60]",10
977,"[0, 77, 15, 86, 29, 31, 97, 98, 99, 43]",10
978,"[0, 2, 3, 77, 15, 20, 86, 24, 91, 97, 98, 99, 49]",13
979,"[0, 2, 77, 15, 86, 97, 98, 99, 43, 49]",10
980,"[0, 2, 3, 77, 15, 86, 24, 97, 98, 99, 43]",11
981,"[0, 2, 3, 77, 15, 86, 24, 97, 98, 99, 43, 49]",12
982,"[0, 97, 2, 96, 98, 99]",6
983,"[0, 97, 96, 98, 99, 6, 56]",7
984,"[0, 2, 72, 77, 14, 86, 24, 97, 98, 99, 43]",11
985,"[0, 2, 77, 15, 20, 86, 24, 91, 97, 98, 99, 49]",12
986,"[0, 64, 2, 5, 6, 78, 18, 96, 97, 98, 99]",11
987,"[0, 97, 2, 98, 99, 43, 77, 15, 86]",9
988,"[0, 97, 2, 98, 99, 19]",6
989,"[0, 97, 2, 99, 98, 19, 55]",7
990,"[0, 97, 98, 99, 6, 77, 79, 23, 56]",9
991,"[0, 97, 96, 98, 99, 69, 77]",7
992,"[0, 2, 5, 6, 78, 18, 96, 97, 98, 99]",10
993,"[0, 77, 15, 86, 91, 29, 93, 31, 97, 98, 99, 43, 54]",13
994,"[0, 97, 2, 99, 98, 19, 83, 55]",8
995,"[0, 2, 77, 15, 86, 29, 31, 97, 98, 99, 43]",11
996,"[0, 97, 2, 98, 99, 19]",6
997,"[0, 97, 2, 99, 98, 19, 83, 55]",8
998,"[0, 2, 77, 15, 86, 97, 98, 99, 43, 49]",10
999,"[0, 97, 2, 98, 99, 19]",6
1000,"[0, 2, 3, 77, 15, 83, 86, 24, 97, 98, 99, 43, 49]",13
1001,"[0, 2, 77, 15, 83, 86, 97, 98, 99, 43]",10
1002,"[0, 97, 2, 99, 98, 19, 55]",7
1003,"[0, 97, 2, 98, 99, 41, 19]",7
1004,"[0, 2, 77, 15, 86, 91, 93, 97, 98, 99, 43, 49, 54]",13
1005,"[0, 2, 5, 6, 8, 77, 97, 98, 99, 53, 56, 60]",12
1006,"[0, 2, 77, 15, 86, 97, 98, 99, 43, 49]",10
1007,"[0, 64, 77, 93, 29, 97, 98, 99, 38, 43]",10
1008,"[0, 64, 2, 97, 98, 99, 84, 93]",8
1009,"[0, 2, 77, 15, 83, 86, 97, 98, 99, 43]",10
1010,"[0, 97, 2, 98, 99, 47, 19, 83, 55]",9
1011,"[0, 2, 3, 77, 15, 86, 24, 91, 97, 98, 99, 43, 49]",13
1012,"[0, 2, 6, 19, 97, 98, 99, 55, 56, 60]",10
1013,"[0, 2, 72, 77, 14, 86, 24, 97, 98, 99, 43]",11
1014,"[0, 2, 72, 77, 15, 83, 86, 91, 93, 97, 98, 99, 43, 54, 60]",15
1015,"[0, 2, 3, 77, 15, 86, 24, 97, 98, 99, 43, 49]",12
1016,"[0, 64, 2, 5, 6, 77, 23, 97, 98, 99, 53, 56, 60]",13
1017,"[0, 97, 2, 99, 98, 43, 77, 15, 86]",9
1018,"[0, 97, 98, 99, 6, 77, 53, 56, 93]",9
1019,"[0, 97, 2, 98, 99, 19]",6
1020,"[0, 2, 6, 19, 97, 98, 99, 55, 56, 60]",10
1021,"[0, 65, 6, 74, 77, 23, 92, 97, 98, 99, 50, 56]",12
1022,"[0, 2, 5, 6, 77, 23, 97, 98, 99, 56, 60]",11
1023,"[0, 64, 2, 6, 72, 19, 93, 97, 98, 99, 36, 56, 60]",13
1024,"[0, 64, 2, 97, 98, 99, 19, 93]",8
1025,"[0, 2, 3, 77, 15, 83, 86, 24, 97, 98, 99, 43, 49]",13
1026,"[0, 97, 2, 99, 98, 41, 19, 83, 55]",9
1027,"[0, 97, 2, 98, 99, 19, 84, 56, 93]",9
1028,"[0, 97, 2, 99, 98, 41, 83, 19, 55]",9
1029,"[0, 65, 6, 74, 77, 13, 23, 97, 98, 99, 50, 56]",12
1030,"[0, 97, 2, 98, 99, 38, 29]",7
1031,"[0, 97, 2, 98, 99, 19]",6
1032,"[0, 97, 2, 99, 98, 41, 83, 19, 55]",9
1033,"[0, 2, 3, 77, 15, 86, 24, 97, 98, 99, 43, 49]",12
1034,"[0, 2, 77, 15, 86, 29, 31, 97, 98, 99, 43]",11
1035,"[0, 97, 2, 96, 98, 5, 99]",7
1036,"[0, 64, 2, 19, 24, 93, 96, 97, 98, 99]",10
1037,"[0, 97, 2, 99, 98, 43, 77, 15, 86]",9
1038,"[0, 2, 5, 6, 77, 23, 97, 98, 99, 53, 56, 60]",12
1039,"[0, 97, 98, 99, 38, 15, 86, 29]",8
1040,"[0, 2, 77, 15, 86, 91, 93, 97, 98, 99, 43, 54]",12
1041,"[0, 2, 15, 86, 91, 97, 98, 99, 49, 54]",10
1042,"[0, 2, 3, 77, 15, 86, 24, 97, 98, 99, 43, 49]",12
1043,"[0, 64, 2, 97, 98, 99, 19, 93]",8
1044,"[0, 2, 3, 77, 15, 83, 86, 24, 97, 98, 99, 43, 49]",13
1045,"[0, 2, 77, 15, 20, 86, 24, 91, 97, 98, 99, 49]",12
1046,"[0, 2, 72, 77, 14, 15, 86, 24, 97, 98, 99, 43]",12
1047,"[0, 2, 6, 8, 19, 97, 98, 99, 55, 56, 60]",11
1048,"[0, 97, 96, 98, 99, 6, 77, 23, 56]",9
1049,"[0, 2, 77, 15, 83, 86, 97, 98, 99, 43]",10
1050,"[0, 6, 77, 93, 97, 98, 99, 49, 53, 56]",10
1051,"[0, 97, 98, 99, 6, 77, 79, 23, 56]",9
1052,"[0, 2, 5, 6, 8, 77, 19, 97, 98, 99, 53, 55, 56, 60]",14
1053,"[0, 97, 2, 98, 99, 15, 49, 86]",8
1054,"[0, 2, 5, 6, 77, 23, 97, 98, 99, 56, 60]",11
1055,"[0, 97, 96, 98, 99, 6, 39, 56, 92]",9
1056,"[0, 65, 6, 74, 77, 23, 92, 97, 98, 99, 50, 56]",12
1057,"[0, 97, 2, 98, 99, 19]",6
1058,"[0, 64, 2, 97, 98, 99, 19, 93]",8
1059,"[0, 97, 96, 98, 99, 6, 56, 92]",8
1060,"[0, 2, 3, 15, 86, 24, 97, 98, 99, 49]",10
1061,"[0, 97, 2, 98, 99, 19]",6
1062,"[0, 97, 2, 96, 98, 99, 19]",7
1063,"[0, 2, 77, 15, 20, 86, 91, 97, 98, 99, 49, 54]",12
1064,"[0, 2, 77, 15, 20, 86, 24, 91, 97, 98, 99, 49]",12
1065,"[0, 97, 2, 98, 99, 19, 84, 56, 93]",9
1066,"[0, 97, 2, 99, 98, 41, 83, 19, 55]",9
1067,"[0, 2, 3, 15, 86, 24, 97, 98, 99, 49]",10
1068,"[0, 97, 2, 99, 98, 43, 77, 93]",8
1069,"[0, 6, 77, 93, 97, 98, 99, 49, 53, 56]",10
1070,"[0, 97, 2, 99, 98, 47, 19, 83, 55]",9
1071,"[0, 2, 5, 6, 77, 23, 97, 98, 99, 53, 56]",11
1072,"[0, 2, 3, 77, 15, 86, 24, 97, 98, 99, 43, 49]",12
1073,"[0, 97, 2, 98, 99, 43, 77, 15, 86]",9
1074,"[0, 97, 2, 99, 98, 72, 19, 55, 30]",9
1075,"[0, 97, 2, 96, 98, 5, 99]",7
1076,"[0, 2, 3, 77, 15, 83, 86, 24, 97, 98, 99, 43, 49]",13
1077,"[0, 97, 2, 99, 98, 41, 19, 83, 55]",9
1078,"[0, 64, 2, 97, 98, 99, 19, 93]",8
1079,"[0, 2, 3, 77, 15, 20, 86, 24, 91, 97, 98, 99, 49]",13
1080,"[0, 97, 32, 96, 98, 99, 6, 50, 92]",9
1081,"[0, 64, 2, 97, 98, 99, 84, 93]",8
1082,"[0, 97, 2, 99, 98, 43, 77, 15, 86]",9
1083,"[0, 2, 5, 6, 77, 19, 23, 97, 98, 99, 53, 55, 56, 60]",14
1084,"[0, 97, 2, 99, 98, 43, 77, 15, 86]",9
1085,"[0, 97, 2, 98, 99, 19]",6
1086,"[0, 97, 2, 98, 99, 19, 84, 56, 93]",9
1087,"[0, 2, 6, 72, 19, 97, 98, 99, 36, 56, 60]",11
1088,"[0, 97, 98, 99, 6, 56, 93]",7
1089,"[0, 2, 77, 15, 20, 86, 24, 91, 97, 98, 99, 49]",12
1090,"[0, 97, 2, 98, 99, 15, 86, 24, 91]",9
1091,"[0, 2, 3, 77, 15, 86, 24, 97, 98, 99, 43, 49]",12
1092,"[0, 2, 5, 6, 77, 23, 97, 98, 99, 56, 60]",11
1093,"[0, 2, 77, 15, 86, 91, 93, 97, 98, 99, 43, 49, 54]",13
1094,"[0, 97, 2, 98, 99, 15, 86]",7
1095,"[0, 2, 77, 15, 83, 86, 97, 98, 99, 43]",10
1096,"[0, 97, 2, 98, 99, 19]",6
1097,"[0, 64, 2, 97, 98, 99, 19, 93]",8
1098,"[0, 97, 2, 98, 99, 19]",6
1099,"[0, 2, 77, 15, 86, 29, 31, 97, 98, 99, 43]",11
1100,"[0, 97, 2, 99, 98, 19, 83, 55]",8
1101,"[0, 96, 2, 97, 98, 99, 19, 24]",8
1102,"[0, 97, 2, 99, 98, 19, 83, 55]",8
1103,"[0, 97, 2, 98, 99, 19]",6
1104,"[0, 6, 77, 93, 97, 98, 99, 53, 56, 60]",10
1105,"[0, 97, 96, 98, 99, 6, 77, 23, 56]",9
1106,"[0, 2, 77, 15, 86, 97, 98, 99, 43, 49]",10
1107,"[0, 69, 6, 77, 92, 96, 97, 98, 99, 56]",10
1108,"[0, 2, 15, 86, 24, 91, 97, 98, 99, 49]",10
1109,"[0, 2, 3, 77, 15, 86, 24, 91, 97, 98, 99, 43, 49]",13
1110,"[0, 97, 2, 98, 99, 19]",6
1111,"[0, 2, 72, 77, 14, 15, 86, 24, 97, 98, 99, 43]",12
1112,"[0, 2, 77, 15, 83, 86, 97, 98, 99, 43, 49]",11
1113,"[0, 97, 2, 98, 99, 84, 56, 93]",8
1114,"[0, 97, 2, 98, 99, 19]",6
1115,"[0, 2, 72, 77, 14, 86, 24, 97, 98, 99, 43]",11
1116,"[0, 2, 6, 19, 97, 98, 99, 55, 56, 60]",10
1117,"[97, 98, 99]",3
1118,"[0, 2, 3, 77, 15, 86, 24, 91, 97, 98, 99, 43]",12
1119,"[0, 65, 6, 74, 77, 13, 23, 97, 98, 99, 50, 56]",12
1120,"[0, 97, 2, 98, 99, 43, 77, 15, 86]",9
1121,"[0, 97, 98, 99, 6, 56, 60, 93]",8
1122,"[0, 97, 2, 99, 98, 43, 77, 15, 86]",9
1123,"[0, 2, 5, 6, 78, 18, 96, 97, 98, 99]",10
1124,"[0, 2, 77, 15, 86, 97, 98, 99, 43, 49]",10
1125,"[0, 2, 3, 77, 15, 86, 24, 97, 98, 99, 43, 49]",12
1126,"[0, 97, 98, 99, 6, 77, 53, 56, 93]",9
1127,"[0, 2, 3, 77, 15, 86, 24, 97, 98, 99, 43]",11
1128,"[0, 97, 2, 98, 99, 19]",6
1129,"[0, 2, 3, 77, 15, 86, 24, 97, 98, 99, 43, 49]",12
1130,"[0, 2, 3, 77, 15, 86, 24, 97, 98, 99, 43, 49]",12
1131,"[0, 97, 98, 99, 38, 15, 86, 29]",8
1132,"[0, 97, 2, 98, 99, 5, 77, 53]",8
1133,"[0, 2, 72, 77, 15, 83, 86, 91, 93, 97, 98, 99, 43, 54, 60]",15
1134,"[0, 2, 72, 77, 14, 15, 86, 24, 97, 98, 99, 43]",12
1135,"[0, 97, 2, 98, 99, 19]",6
1136,"[0, 97, 2, 98, 99, 38, 29]",7
1137,"[0, 97, 96, 98, 99, 6, 56]",7
1138,"[0, 69, 6, 77, 78, 92, 96, 97, 98, 99, 56]",11
1139,"[0, 97, 2, 99, 98, 19, 55]",7
1140,"[0, 64, 2, 97, 98, 99, 19, 93]",8
1141,"[0, 2, 5, 6, 78, 18, 96, 97, 98, 99]",10
1142,"[0, 2, 77, 15, 86, 97, 98, 99, 43, 49]",10
1143,"[0, 97, 2, 98, 99, 84, 56, 93]",8
1144,"[0, 97, 96, 98, 99, 6, 77, 23, 56]",9
1145,"[0, 97, 98, 99, 6, 77, 53, 56, 93]",9
1146,"[0, 2, 77, 15, 83, 86, 97, 98, 99, 43]",10
1147,"[0, 2, 6, 8, 19, 97, 98, 99, 55, 56, 60]",11
1148,"[0, 2, 6, 30, 96, 97, 98, 99, 55, 60]",10
1149,"[0, 97, 2, 99, 98, 43, 77, 15, 86]",9
1150,"[0, 65, 69, 70, 77, 96, 97, 98, 99, 55]",10
1151,"[0, 2, 77, 15, 86, 91, 93, 97, 98, 99, 43, 54]",12
1152,"[0, 2, 3, 77, 15, 20, 86, 24, 91, 97, 98, 99, 49]",13
1153,"[0, 97, 2, 98, 99, 43, 77, 15, 86]",9
1154,"[0, 77, 15, 86, 91, 29, 93, 31, 97, 98, 99, 43, 54]",13
1155,"[0, 97, 2, 99, 98, 43, 77, 15, 86]",9
1156,"[0, 64, 2, 77, 20, 92, 93, 97, 98, 99, 45]",11
1157,"[0, 64, 2, 97, 98, 99, 19, 93]",8
1158,"[0, 2, 77, 15, 83, 86, 97, 98, 99, 43]",10
1159,"[0, 64, 77, 93, 29, 97, 98, 99, 38, 43]",10
1160,"[0, 2, 83, 19, 96, 97, 98, 99, 47, 55]",10
1161,"[0, 6, 77, 93, 97, 98, 99, 49, 53, 56, 60]",11
1162,"[0, 2, 77, 15, 83, 86, 97, 98, 99, 43]",10
1163,"[0, 2, 77, 15, 86, 29, 31, 97, 98, 99, 43]",11
1164,"[0, 2, 72, 77, 14, 86, 24, 97, 98, 99, 43]",11
1165,"[0, 2, 77, 15, 83, 86, 91, 93, 97, 98, 99, 43, 49, 54]",14
1166,"[0, 2, 77, 15, 86, 97, 98, 99, 43, 49]",10
1167,"[0, 2, 77, 15, 86, 97, 98, 99, 43, 49]",10
1168,"[0, 2, 72, 77, 14, 86, 24, 97, 98, 99, 43]",11
1169,"[0, 2, 3, 77, 15, 86, 24, 91, 97, 98, 99, 43, 49]",13
1170,"[0, 97, 2, 98, 99, 19]",6
1171,"[0, 2, 3, 77, 15, 83, 86, 24, 97, 98, 99, 43, 49]",13
1172,"[0, 2, 15, 86, 91, 97, 98, 99, 49, 54]",10
1173,"[0, 2, 77, 15, 86, 91, 93, 97, 98, 99, 43, 49, 54]",13
1174,"[0, 97, 2, 98, 99, 19]",6
1175,"[0, 2, 5, 6, 77, 23, 97, 98, 99, 53, 56, 60]",12
1176,"[0, 97, 2, 99, 98, 41, 83, 19, 55]",9
1177,"[0, 97, 2, 98, 99, 38, 29]",7
1178,"[0, 97, 2, 99, 98, 83, 19, 55]",8
1179,"[0, 97, 2, 99, 98, 19, 55]",7
1180,"[0, 6, 77, 93, 97, 98, 99, 50, 53, 56, 60]",11
1181,"[0, 97, 2, 99, 98, 43, 77, 93]",8
1182,"[0, 77, 15, 86, 29, 31, 97, 98, 99, 43]",10
1183,"[0, 97, 2, 99, 98, 19, 55]",7
1184,"[0, 65, 6, 74, 77, 13, 23, 97, 98, 99, 50, 56]",12
1185,"[0, 97, 2, 98, 99, 20]",6
1186,"[0, 97, 2, 98, 99, 19]",6
1187,"[0, 2, 6, 19, 97, 98, 99, 55, 56, 60]",10
1188,"[0, 6, 77, 79, 23, 97, 98, 99, 39, 53, 56]",11
1189,"[0, 2, 77, 15, 83, 86, 97, 98, 99, 43, 49]",11
1190,"[0, 2, 77, 15, 83, 86, 97, 98, 99, 43]",10
1191,"[0, 2, 72, 77, 15, 83, 86, 91, 93, 97, 98, 99, 43, 54, 60]",15
1192,"[0, 97, 2, 98, 99, 19]",6
1193,"[0, 2, 77, 15, 83, 86, 97, 98, 99, 43]",10
1194,"[0, 64, 2, 6, 72, 19, 93, 97, 98, 99, 36, 56, 60]",13
1195,"[0, 97, 2, 96, 98, 99]",6
1196,"[0, 97, 2, 99, 98, 41, 19, 83, 55]",9
1197,"[0, 32, 2, 98, 97, 5, 99, 20, 24]",9
1198,"[0, 97, 2, 98, 99, 6, 19, 60]",8
1199,"[0, 2, 3, 77, 15, 86, 24, 97, 98, 99, 43, 49]",12
1200,"[0, 64, 2, 72, 19, 93, 97, 98, 99, 36]",10
1201,"[0, 2, 3, 77, 15, 86, 24, 97, 98, 99, 43, 49]",12
1202,"[0, 64, 2, 97, 98, 99, 19, 93]",8
1203,"[0, 97, 98, 99, 38, 15, 86, 29]",8
1204,"[0, 97, 2, 98, 99, 19]",6
1205,"[0, 2, 77, 15, 83, 86, 97, 98, 99, 43]",10
1206,"[0, 2, 6, 19, 97, 98, 99, 55, 56, 60]",10
1207,"[0, 65, 6, 74, 77, 23, 92, 97, 98, 99, 50, 56]",12
1208,"[0, 97, 2, 99, 98, 19, 55]",7
1209,"[0, 2, 3, 15, 86, 24, 97, 98, 99, 49]",10
1210,"[0, 2, 19, 83, 96, 97, 98, 99, 47, 55]",10
1211,"[0, 97, 2, 98, 99, 84]",6
1212,"[0, 2, 6, 19, 97, 98, 99, 55, 56, 60]",10
1213,"[0, 6, 77, 93, 97, 98, 99, 39, 53, 56]",10
1214,"[0, 97, 2, 98, 99, 19]",6
1215,"[0, 97, 2, 98, 99, 47, 83, 19, 55]",9
1216,"[0, 97, 2, 99, 98, 19, 83, 55]",8
1217,"[0, 2, 72, 77, 15, 83, 86, 91, 93, 97, 98, 99, 43, 49, 54, 60]",16
1218,"[0, 97, 2, 96, 98, 99]",6
1219,"[0, 2, 77, 15, 83, 86, 91, 93, 97, 98, 99, 43, 49, 54]",14
1220,"[0, 64, 2, 77, 20, 92, 93, 97, 98, 99, 45]",11
1221,"[0, 2, 77, 15, 20, 86, 91, 97, 98, 99, 49, 54]",12
1222,"[0, 97, 2, 99, 98, 19, 55]",7
1223,"[0, 2, 19, 84, 93, 97, 98, 99, 55, 56]",10
1224,"[0, 2, 77, 15, 86, 91, 93, 97, 98, 99, 43, 49, 54]",13
1225,"[0, 2, 77, 15, 83, 86, 97, 98, 99, 43]",10
1226,"[0, 97, 2, 96, 98, 99, 19]",7
1227,"[0, 6, 77, 93, 97, 98, 99, 53, 56, 60]",10
1228,"[0, 2, 72, 77, 15, 83, 86, 91, 93, 97, 98, 99, 43, 54, 60]",15
1229,"[0, 2, 3, 77, 15, 86, 24, 91, 97, 98, 99, 43, 49]",13
1230,"[0, 2, 77, 15, 86, 97, 98, 99, 43, 49]",10
1231,"[0, 2, 6, 19, 97, 98, 99, 55, 56, 60]",10
1232,"[0, 97, 2, 99, 98, 83, 20, 55]",8
1233,"[0, 2, 77, 15, 83, 86, 97, 98, 99, 43]",10
1234,"[0, 64, 2, 6, 72, 19, 93, 97, 98, 99, 36, 56, 60]",13
1235,"[0, 97, 2, 99, 98, 43, 77, 15, 86]",9
1236,"[0, 2, 77, 15, 86, 97, 98, 99, 43, 49]",10
1237,"[0, 2, 5, 6, 77, 23, 97, 98, 99, 53, 56, 60]",12
1238,"[0, 97, 2, 99, 98, 41, 19, 83, 55]",9
1239,"[97, 98, 99]",3
1240,"[0, 2, 3, 77, 15, 86, 24, 91, 97, 98, 99, 43, 49]",13
1241,"[97, 98, 99]",3
1242,"[0, 97, 2, 96, 98, 99, 19]",7
1243,"[0, 2, 5, 6, 77, 23, 96, 97, 98, 99, 56, 60]",12
1244,"[0, 2, 77, 15, 86, 91, 93, 97, 98, 99, 43, 49, 54]",13
1245,"[0, 97, 2, 98, 99, 19]",6
1246,"[0, 97, 2, 96, 98, 99]",6
1247,"[0, 97, 2, 96, 98, 99, 19]",7
1248,"[0, 97, 2, 98, 99, 19]",6
1249,"[0, 69, 6, 77, 92, 96, 97, 98, 99, 56]",10
1250,"[0, 2, 3, 77, 15, 86, 24, 97, 98, 99, 43, 49]",12
1251,"[0, 65, 6, 74, 77, 13, 23, 97, 98, 99, 50, 56]",12
1252,"[0, 2, 3, 77, 15, 20, 86, 24, 91, 97, 98, 99, 49]",13
1253,"[0, 2, 77, 15, 20, 86, 24, 91, 97, 98, 99, 49]",12
1254,"[0, 97, 2, 96, 98, 99]",6
1255,"[0, 65, 69, 70, 77, 96, 97, 98, 99, 55]",10
1256,"[0, 97, 2, 98, 99, 19]",6
1257,"[0, 97, 2, 98, 99, 19]",6
1258,"[0, 97, 2, 99, 98, 41, 83, 19, 55]",9
1259,"[0, 2, 77, 15, 86, 97, 98, 99, 43, 49]",10
1260,"[0, 2, 5, 6, 77, 23, 97, 98, 99, 53, 56]",11
1261,"[0, 97, 2, 96, 98, 99, 19]",7
1262,"[0, 2, 77, 15, 86, 29, 31, 97, 98, 99, 43]",11
1263,"[0, 97, 32, 96, 98, 99, 6, 50, 92]",9
1264,"[0, 97, 2, 99, 98, 43, 77, 15, 86]",9
1265,"[0, 65, 6, 74, 77, 13, 23, 97, 98, 99, 50, 56]",12
1266,"[0, 97, 2, 98, 99, 43, 77, 15, 86]",9
1267,"[0, 6, 77, 93, 97, 98, 99, 49, 53, 56, 60]",11
1268,"[0, 97, 2, 98, 99, 43, 77, 15, 86]",9
1269,"[0, 2, 77, 15, 83, 86, 97, 98, 99, 43, 49]",11
1270,"[0, 2, 72, 77, 14, 86, 24, 97, 98, 99, 43]",11
1271,"[0, 2, 77, 15, 86, 97, 98, 99, 43, 49]",10
1272,"[0, 6, 77, 79, 23, 97, 98, 99, 56, 60]",10
1273,"[0, 97, 2, 99, 98, 41, 19, 83, 55]",9
1274,"[0, 6, 77, 23, 96, 97, 98, 99, 39, 56]",10
1275,"[0, 97, 2, 98, 99, 38, 29]",7
1276,"[0, 2, 5, 6, 77, 23, 96, 97, 98, 99, 56, 60]",12
1277,"[0, 2, 15, 86, 24, 91, 97, 98, 99, 49]",10
1278,"[0, 2, 15, 86, 91, 97, 98, 99, 49, 54]",10
1279,"[0, 97, 2, 99, 98, 43, 77, 15, 86]",9
1280,"[0, 6, 78, 92, 96, 97, 98, 99, 39, 56]",10
1281,"[0, 2, 6, 30, 96, 97, 98, 99, 55, 60]",10
1282,"[0, 2, 77, 15, 83, 86, 97, 98, 99, 43]",10
1283,"[0, 97, 2, 98, 99, 6, 19, 60]",8
1284,"[0, 97, 96, 98, 99, 6, 56]",7
1285,"[0, 97, 98, 99, 6, 77, 53, 56, 93]",9
1286,"[0, 97, 2, 98, 99, 43, 77, 15, 86]",9
1287,"[0, 2, 77, 15, 20, 86, 24, 91, 97, 98, 99, 49]",12
1288,"[0, 97, 2, 98, 99, 19]",6
1289,"[0, 64, 2, 97, 98, 99, 84, 93]",8
1290,"[0, 97, 2, 98, 99, 15, 49, 86]",8
1291,"[0, 97, 2, 99, 98, 19, 83, 55]",8
1292,"[0, 97, 2, 98, 99, 84, 56, 93]",8
1293,"[0, 6, 77, 23, 96, 97, 98, 99, 39, 56]",10
1294,"[0, 2, 3, 77, 15, 86, 24, 91, 97, 98, 99, 43, 49]",13
1295,"[0, 2, 15, 86, 24, 91, 97, 98, 99, 49]",10
1296,"[0, 97, 2, 96, 98, 99]",6
1297,"[0, 2, 72, 77, 14, 86, 24, 97, 98, 99, 43]",11
1298,"[0, 97, 2, 98, 99, 38, 29]",7
1299,"[0, 2, 77, 15, 83, 86, 97, 98, 99, 43]",10
1300,"[0, 64, 77, 93, 29, 97, 98, 99, 38, 43]",10
1301,"[0, 2, 3, 77, 15, 86, 24, 97, 98, 99, 43, 49]",12
1302,"[0, 32, 2, 97, 98, 5, 99, 24]",8
1303,"[97, 98, 99]",3
1304,"[0, 97, 98, 99, 6, 49, 56, 93]",8
1305,"[0, 2, 5, 6, 78, 18, 96, 97, 98, 99]",10
1306,"[0, 2, 77, 15, 86, 91, 93, 97, 98, 99, 43, 54]",12
1307,"[0, 69, 6, 77, 78, 92, 96, 97, 98, 99, 56]",11
1308,"[0, 2, 3, 77, 15, 20, 86, 24, 91, 97, 98, 99, 49]",13
1309,"[0, 97, 2, 98, 99, 43, 77, 15, 86]",9
1310,"[0, 97, 2, 96, 98, 5, 99, 55, 30]",9
1311,"[0, 77, 15, 86, 91, 93, 29, 31, 97, 98, 99, 43, 54]",13
1312,"[0, 2, 77, 15, 86, 29, 31, 97, 98, 99, 43]",11
1313,"[0, 97, 2, 99, 98, 19, 83, 55]",8
1314,"[0, 2, 5, 6, 78, 18, 96, 97, 98, 99]",10
1315,"[0, 97, 2, 98, 99, 19]",6
1316,"[0, 2, 72, 77, 14, 15, 86, 24, 97, 98, 99, 43]",12
1317,"[0, 97, 98, 99, 6, 56, 60, 93]",8
1318,"[0, 6, 77, 18, 93, 97, 98, 99, 49, 53, 56]",11
1319,"[0, 2, 77, 15, 86, 97, 98, 99, 43, 49]",10
1320,"[0, 64, 2, 97, 98, 99, 19, 93]",8
1321,"[0, 97, 2, 99, 98, 19, 55]",7
1322,"[0, 2, 6, 72, 97, 98, 99, 36, 56, 60]",10
1323,"[0, 97, 98, 99, 6, 77, 53, 56, 93]",9
1324,"[0, 97, 2, 99, 98, 43, 77, 93]",8
1325,"[0, 2, 77, 15, 83, 86, 97, 98, 99, 43, 49]",11
1326,"[0, 97, 2, 99, 98, 43, 77, 93]",8
1327,"[0, 64, 2, 97, 98, 99, 19, 93]",8
1328,"[0, 97, 2, 98, 99, 5, 6, 56, 60]",9
1329,"[0, 2, 77, 15, 86, 97, 98, 99, 43, 49]",10
1330,"[0, 6, 77, 79, 23, 97, 98, 99, 53, 56]",10
1331,"[0, 2, 77, 15, 86, 97, 98, 99, 43, 49]",10
1332,"[0, 6, 78, 92, 96, 97, 98, 99, 39, 56]",10
1333,"[0, 2, 3, 77, 15, 86, 24, 97, 98, 99, 43, 49]",12
1334,"[0, 2, 3, 77, 15, 86, 24, 97, 98, 99, 43, 49]",12
1335,"[0, 2, 3, 77, 15, 86, 24, 97, 98, 99, 43, 49]",12
1336,"[0, 2, 72, 77, 14, 86, 24, 97, 98, 99, 43]",11
1337,"[0, 2, 3, 77, 15, 86, 24, 97, 98, 99, 43, 49]",12
1338,"[0, 97, 2, 98, 99, 15, 49, 86]",8
1339,"[0, 2, 77, 15, 83, 86, 97, 98, 99, 43]",10
1340,"[0, 97, 2, 99, 98, 83, 19, 55]",8
1341,"[0, 97, 2, 99, 98, 72, 55, 30]",8
1342,"[0, 2, 5, 6, 77, 23, 97, 98, 99, 56, 60]",11
1343,"[0, 2, 77, 15, 83, 86, 97, 98, 99, 43]",10
1344,"[0, 2, 77, 15, 83, 86, 97, 98, 99, 43]",10
1345,"[0, 97, 2, 98, 99, 77, 84, 53, 56]",9
1346,"[0, 64, 2, 97, 98, 99, 19, 93]",8
1347,"[0, 97, 2, 98, 99, 19]",6
1348,"[0, 77, 15, 86, 29, 31, 97, 98, 99, 43]",10
1349,"[0, 97, 2, 98, 99, 84, 56, 93]",8
1350,"[0, 2, 3, 77, 15, 86, 24, 97, 98, 99, 43, 49]",12
1351,"[0, 2, 3, 77, 15, 86, 24, 91, 97, 98, 99, 43, 49]",13
1352,"[0, 6, 77, 79, 23, 97, 98, 99, 53, 56]",10
1353,"[0, 6, 77, 23, 96, 97, 98, 99, 39, 56]",10
1354,"[0, 2, 77, 15, 86, 91, 93, 97, 98, 99, 43, 49, 54]",13
1355,"[0, 97, 2, 99, 98, 77, 84, 53, 56]",9
1356,"[0, 97, 98, 99, 6, 39, 49, 56, 93]",9
1357,"[0, 97, 2, 98, 99, 47, 83, 19, 55]",9
1358,"[97, 98, 99]",3
1359,"[0, 2, 77, 15, 86, 97, 98, 99, 43, 49]",10
1360,"[0, 2, 72, 77, 14, 15, 86, 24, 97, 98, 99, 43]",12
1361,"[0, 97, 2, 98, 99, 84, 56, 93]",8
1362,"[0, 2, 77, 15, 86, 29, 31, 97, 98, 99, 43]",11
1363,"[0, 2, 5, 6, 78, 18, 96, 97, 98, 99]",10
1364,"[0, 2, 5, 6, 77, 23, 97, 98, 99, 53, 56, 60]",12
1365,"[0, 2, 77, 15, 86, 91, 93, 97, 98, 99, 43, 54]",12
1366,"[0, 2, 77, 15, 83, 86, 97, 98, 99, 43]",10
1367,"[0, 2, 72, 77, 14, 86, 24, 97, 98, 99, 43]",11
1368,"[0, 2, 77, 15, 20, 86, 24, 91, 97, 98, 99, 49]",12
1369,"[0, 2, 77, 15, 86, 97, 98, 99, 43, 49]",10
1370,"[0, 6, 77, 93, 97, 98, 99, 49, 53, 56, 60]",11
1371,"[0, 2, 77, 15, 83, 86, 97, 98, 99, 43]",10
1372,"[0, 97, 2, 98, 99, 84]",6
1373,"[0, 97, 2, 96, 98, 99]",6
1374,"[0, 64, 2, 97, 98, 99, 84, 93]",8
1375,"[0, 97, 2, 98, 99, 15, 49, 86]",8
1376,"[0, 97, 96, 32, 98, 99, 6, 50]",8
1377,"[0, 97, 2, 98, 99, 43, 77, 15, 86]",9
1378,"[0, 2, 3, 77, 15, 20, 86, 24, 91, 97, 98, 99, 49]",13
1379,"[0, 2, 6, 19, 97, 98, 99, 55, 56, 60]",10
1380,"[97, 98, 99]",3
1381,"[0, 97, 98, 99, 6, 56, 60, 93]",8
1382,"[0, 97, 2, 98, 99, 84, 56, 93]",8
1383,"[0, 97, 2, 96, 98, 99]",6
1384,"[0, 2, 5, 6, 77, 23, 97, 98, 99, 56, 60]",11
1385,"[0, 97, 2, 98, 99, 84]",6
1386,"[0, 97, 2, 98, 99, 43, 77, 15, 86]",9
1387,"[0, 2, 5, 6, 77, 23, 97, 98, 99, 56, 60]",11
1388,"[0, 97, 2, 96, 98, 5, 99, 55, 30]",9
1389,"[0, 2, 15, 86, 91, 97, 98, 99, 49, 54]",10
1390,"[0, 2, 3, 77, 15, 86, 24, 97, 98, 99, 43, 49]",12
1391,"[0, 2, 3, 77, 15, 86, 24, 91, 97, 98, 99, 43, 49]",13
1392,"[0, 2, 3, 77, 15, 20, 86, 24, 91, 97, 98, 99, 49]",13
1393,"[0, 2, 77, 15, 83, 86, 97, 98, 99, 43]",10
1394,"[0, 97, 2, 98, 99, 43, 77, 15, 86]",9
1395,"[0, 77, 15, 86, 91, 29, 93, 31, 97, 98, 99, 43, 54]",13
1396,"[0, 97, 2, 99, 98, 83, 19, 55]",8
1397,"[0, 97, 2, 99, 98, 19, 55]",7
1398,"[0, 2, 6, 77, 23, 97, 98, 99, 56, 60]",10
1399,"[0, 65, 6, 74, 77, 13, 23, 97, 98, 99, 50, 56]",12
1400,"[0, 2, 3, 77, 15, 86, 24, 97, 98, 99, 43, 49]",12
1401,"[0, 2, 77, 15, 86, 91, 93, 97, 98, 99, 43, 49, 54]",13
1402,"[0, 64, 2, 77, 20, 92, 93, 97, 98, 99, 45]",11
1403,"[0, 2, 77, 15, 83, 86, 97, 98, 99, 43, 49]",11
1404,"[0, 97, 2, 98, 99, 43, 77, 15, 86]",9
1405,"[0, 97, 2, 99, 98, 83, 19, 55]",8
1406,"[0, 64, 2, 98, 97, 99, 84, 56, 93]",9
1407,"[0, 97, 2, 98, 99, 43, 77, 15, 86]",9
1408,"[0, 97, 2, 98, 99, 19]",6
1409,"[0, 2, 3, 77, 15, 86, 24, 97, 98, 99, 43, 49]",12
1410,"[0, 97, 2, 98, 99, 15, 49, 86]",8
1411,"[97, 98, 99]",3
1412,"[0, 97, 96, 98, 99, 6, 56, 92]",8
1413,"[0, 2, 72, 77, 14, 86, 24, 97, 98, 99, 43]",11
1414,"[0, 2, 5, 6, 78, 18, 96, 97, 98, 99]",10
1415,"[0, 97, 2, 98, 99, 15, 49, 86]",8
1416,"[0, 2, 77, 15, 86, 97, 98, 99, 43, 49]",10
1417,"[0, 97, 2, 99, 98, 43, 77, 15, 86]",9
1418,"[0, 6, 77, 93, 97, 98, 99, 49, 53, 56]",10
1419,"[0, 2, 77, 15, 86, 97, 98, 99, 43, 49]",10
1420,"[0, 97, 2, 98, 99, 6, 84, 56, 60]",9
1421,"[97, 98, 99]",3
1422,"[0, 97, 2, 99, 98, 19, 83, 55]",8
1423,"[0, 69, 6, 77, 78, 18, 96, 97, 98, 99, 39, 56]",12
1424,"[0, 97, 2, 99, 98, 83, 84, 55]",8
1425,"[0, 2, 6, 30, 96, 97, 98, 99, 55, 60]",10
1426,"[0, 97, 2, 98, 99, 84, 56, 93]",8
1427,"[0, 97, 2, 96, 98, 99]",6
1428,"[97, 98, 99]",3
1429,"[0, 2, 3, 77, 15, 86, 24, 97, 98, 99, 43, 49]",12
1430,"[0, 2, 15, 86, 24, 91, 97, 98, 99, 49]",10
1431,"[0, 97, 2, 98, 99, 84, 56]",7
1432,"[0, 2, 77, 15, 83, 86, 97, 98, 99, 43]",10
1433,"[0, 97, 2, 98, 99, 84, 56, 93]",8
1434,"[0, 97, 2, 96, 98, 99]",6
1435,"[0, 97, 2, 98, 99, 84]",6
1436,"[0, 2, 77, 15, 83, 86, 97, 98, 99, 43]",10
1437,"[0, 97, 98, 99, 38, 15, 86, 29]",8
1438,"[0, 69, 6, 77, 92, 30, 96, 97, 98, 99, 50, 56]",12
1439,"[0, 97, 2, 99, 98, 43, 77, 15, 86]",9
1440,"[0, 32, 2, 97, 98, 5, 99, 24]",8
1441,"[0, 2, 77, 15, 83, 86, 97, 98, 99, 43]",10
1442,"[97, 98, 99]",3
1443,"[0, 97, 2, 98, 99, 6, 56, 60]",8
1444,"[0, 97, 2, 98, 99, 84, 56]",7
1445,"[0, 97, 2, 98, 99, 38, 29]",7
1446,"[0, 2, 77, 15, 83, 86, 97, 98, 99, 43]",10
1447,"[0, 97, 2, 99, 98, 43, 77, 93]",8
1448,"[0, 65, 6, 74, 77, 23, 92, 97, 98, 99, 50, 56]",12
1449,"[0, 2, 72, 77, 15, 86, 91, 93, 97, 98, 99, 43, 54, 60]",14
1450,"[0, 97, 98, 99, 6, 77, 53, 56, 93]",9
1451,"[0, 97, 96, 98, 99, 6, 77, 23, 56]",9
1452,"[0, 6, 77, 93, 97, 98, 99, 53, 56, 60]",10
1453,"[0, 97, 2, 98, 99, 19]",6
1454,"[0, 2, 15, 86, 24, 91, 97, 98, 99, 49]",10
1455,"[0, 2, 77, 15, 20, 86, 91, 97, 98, 99, 49, 54]",12
1456,"[0, 2, 72, 77, 15, 83, 86, 91, 93, 97, 98, 99, 43, 54, 60]",15
1457,"[0, 97, 2, 99, 98, 72, 55, 30]",8
1458,"[0, 97, 96, 98, 99, 6, 39, 56]",8
1459,"[0, 97, 2, 99, 98, 43, 77, 15, 86]",9
1460,"[0, 2, 77, 15, 83, 86, 97, 98, 99, 43]",10
1461,"[0, 64, 77, 93, 29, 97, 98, 99, 38, 43]",10
1462,"[97, 98, 99]",3
1463,"[0, 65, 69, 70, 77, 96, 97, 98, 99, 55]",10
1464,"[0, 97, 2, 98, 99, 15, 49, 86]",8
1465,"[97, 98, 99]",3
1466,"[0, 97, 2, 96, 98, 99]",6
1467,"[0, 64, 2, 97, 98, 99, 84, 56, 93]",9
1468,"[0, 2, 77, 15, 20, 86, 24, 91, 97, 98, 99, 49]",12
1469,"[0, 77, 15, 86, 29, 31, 97, 98, 99, 43]",10
1470,"[0, 2, 77, 15, 86, 91, 93, 97, 98, 99, 43, 49, 54]",13
1471,"[0, 97, 2, 98, 99, 43, 77, 15, 86]",9
1472,"[0, 2, 77, 15, 83, 86, 97, 98, 99, 43]",10
1473,"[0, 64, 2, 97, 98, 99, 84, 93]",8
1474,"[0, 2, 3, 77, 15, 86, 24, 97, 98, 99, 43, 49]",12
1475,"[0, 2, 72, 77, 14, 86, 24, 97, 98, 99, 43]",11
1476,"[0, 97, 98, 99, 6, 77, 53, 56, 93]",9
1477,"[0, 97, 98, 99, 6, 49, 18, 56, 93]",9
1478,"[0, 97, 98, 99, 6, 77, 53, 56, 93]",9
1479,"[0, 97, 2, 99, 98, 83, 19, 55]",8
1480,"[0, 97, 2, 99, 98, 83, 19, 55]",8
1481,"[0, 6, 77, 79, 23, 97, 98, 99, 56, 60]",10
1482,"[0, 2, 3, 77, 15, 86, 24, 91, 97, 98, 99, 43, 49]",13
1483,"[0, 2, 77, 15, 86, 29, 31, 97, 98, 99, 43]",11
1484,"[0, 65, 6, 74, 77, 13, 23, 96, 97, 98, 99, 50, 56]",13
1485,"[0, 97, 2, 99, 98, 83, 19, 55]",8
1486,"[0, 97, 98, 99, 83, 55]",6
1487,"[0, 97, 2, 98, 99, 38, 29]",7
1488,"[0, 97, 2, 99, 98, 43, 77, 93]",8
1489,"[0, 97, 2, 96, 98, 99]",6
1490,"[0, 97, 2, 99, 98, 83, 19, 55]",8
1491,"[0, 2, 77, 15, 86, 97, 98, 99, 43, 49]",10
1492,"[0, 64, 2, 72, 19, 84, 93, 97, 98, 99, 36, 55, 56]",13
1493,"[0, 2, 3, 77, 15, 86, 24, 97, 98, 99, 43, 49]",12
1494,"[0, 97, 2, 98, 99, 56]",6
1495,"[0, 97, 2, 99, 98, 83, 19, 55]",8
1496,"[0, 2, 3, 77, 15, 86, 24, 97, 98, 99, 43, 49]",12
1497,"[0, 2, 6, 72, 96, 97, 98, 99, 36, 56, 60]",11
1498,"[0, 97, 2, 96, 98, 99]",6
1499,"[0, 97, 2, 96, 98, 99]",6
1500,"[0, 6, 78, 92, 96, 97, 98, 99, 39, 56]",10
1501,"[0, 97, 2, 98, 99, 15, 86, 24, 91]",9
1502,"[0, 97, 2, 99, 98, 43, 77, 93]",8
1503,"[0, 2, 15, 86, 91, 97, 98, 99, 49, 54]",10
1504,"[0, 2, 77, 15, 20, 86, 91, 97, 98, 99, 49, 54]",12
1505,"[0, 97, 98, 99, 83, 55]",6
1506,"[0, 2, 3, 77, 15, 86, 24, 97, 98, 99, 43, 49]",12
1507,"[0, 2, 3, 77, 15, 86, 24, 97, 98, 99, 43, 49]",12
1508,"[0, 97, 2, 96, 98, 99]",6
1509,"[0, 2, 77, 15, 83, 86, 97, 98, 99, 43]",10
1510,"[97, 98, 99]",3
1511,"[0, 2, 77, 15, 86, 97, 98, 99, 43, 49]",10
1512,"[0, 97, 2, 96, 98, 99]",6
1513,"[0, 2, 3, 77, 15, 20, 86, 24, 91, 97, 98, 99, 49]",13
1514,"[0, 2, 72, 77, 14, 15, 86, 24, 97, 98, 99, 43]",12
1515,"[0, 2, 77, 15, 83, 86, 97, 98, 99, 43]",10
1516,"[0, 2, 77, 15, 86, 97, 98, 99, 43, 49]",10
1517,"[0, 97, 2, 98, 99, 38, 29]",7
1518,"[0, 2, 77, 15, 83, 86, 97, 98, 99, 43]",10
1519,"[0, 6, 77, 93, 97, 98, 99, 49, 53, 56]",10
1520,"[0, 2, 6, 77, 84, 23, 97, 98, 99, 56, 60]",11
1521,"[0, 2, 15, 86, 24, 91, 97, 98, 99, 49]",10
1522,"[97, 98, 99]",3
1523,"[0, 2, 77, 15, 83, 86, 97, 98, 99, 43]",10
1524,"[0, 2, 77, 15, 86, 91, 93, 97, 98, 99, 43, 54]",12
1525,"[0, 97, 2, 98, 99, 84, 56, 93]",8
1526,"[0, 64, 2, 77, 20, 92, 93, 97, 98, 99, 45]",11
1527,"[0, 97, 2, 99, 98, 19, 83, 55]",8
1528,"[0, 97, 2, 98, 99, 43, 77, 15, 86]",9
1529,"[0, 97, 2, 96, 98, 99]",6
1530,"[0, 2, 3, 77, 15, 86, 24, 97, 98, 99, 43, 49]",12
1531,"[0, 77, 15, 86, 91, 29, 93, 31, 97, 98, 99, 43, 54]",13
1532,"[0, 6, 77, 93, 97, 98, 99, 49, 53, 56, 60]",11
1533,"[0, 2, 3, 77, 15, 86, 24, 97, 98, 99, 43, 49]",12
1534,"[0, 2, 77, 15, 83, 86, 97, 98, 99, 43]",10
1535,"[0, 2, 6, 77, 23, 97, 98, 99, 56, 60]",10
1536,"[0, 2, 72, 77, 14, 86, 24, 97, 98, 99, 43]",11
1537,"[0, 97, 2, 99, 98, 43, 77, 15, 86]",9
1538,"[0, 64, 77, 29, 93, 97, 98, 99, 38, 43]",10
1539,"[0, 97, 2, 98, 99, 6, 56, 60]",8
1540,"[0, 2, 77, 15, 83, 86, 97, 98, 99, 43]",10
1541,"[0, 2, 6, 30, 96, 97, 98, 99, 55, 60]",10
1542,"[0, 97, 2, 98, 99, 84]",6
1543,"[0, 97, 2, 96, 98, 99]",6
1544,"[0, 97, 96, 98, 99, 6, 77, 23, 56]",9
1545,"[0, 64, 2, 72, 19, 84, 93, 97, 98, 99, 36, 55, 56]",13
1546,"[0, 97, 96, 98, 99, 6, 56]",7
1547,"[0, 97, 98, 99, 38, 15, 86, 29]",8
1548,"[0, 2, 77, 15, 83, 86, 97, 98, 99, 43]",10
1549,"[0, 69, 6, 77, 78, 18, 96, 97, 98, 99, 39, 56]",12
1550,"[0, 97, 98, 99, 6, 77, 53, 56, 93]",9
1551,"[97, 98, 99]",3
1552,"[0, 2, 5, 6, 77, 23, 97, 98, 99, 39, 56, 60]",12
1553,"[0, 97, 2, 96, 98, 99]",6
1554,"[0, 97, 96, 98, 99, 6, 39, 56]",8
1555,"[0, 2, 77, 15, 86, 97, 98, 99, 43, 49]",10
1556,"[0, 2, 3, 77, 15, 86, 24, 91, 97, 98, 99, 43, 49]",13
1557,"[0, 2, 6, 72, 97, 98, 99, 36, 56, 60]",10
1558,"[0, 97, 2, 98, 99, 43, 77, 15, 86]",9
1559,"[0, 97, 2, 98, 99, 43, 77, 15, 86]",9
1560,"[0, 64, 2, 97, 98, 99, 84, 93]",8
1561,"[0, 64, 2, 19, 84, 93, 97, 98, 99, 55, 56]",11
1562,"[0, 6, 77, 79, 23, 97, 98, 99, 56, 60]",10
1563,"[0, 97, 2, 96, 98, 99]",6
1564,"[0, 2, 3, 77, 15, 20, 86, 24, 91, 97, 98, 99, 49]",13
1565,"[0, 97, 2, 98, 99, 43, 77, 15, 86]",9
1566,"[0, 97, 2, 98, 99, 43, 77, 15, 86]",9
1567,"[0, 2, 72, 77, 15, 83, 86, 91, 93, 97, 98, 99, 43, 54, 60]",15
1568,"[0, 2, 77, 15, 86, 91, 93, 97, 98, 99, 43, 49, 54]",13
1569,"[97, 98, 99]",3
1570,"[0, 97, 98, 99, 38, 15, 86, 29]",8
1571,"[0, 97, 2, 99, 98, 19, 83, 55]",8
1572,"[0, 2, 77, 15, 83, 86, 97, 98, 99, 43]",10
1573,"[0, 97, 2, 96, 98, 99]",6
1574,"[0, 97, 2, 98, 99, 15, 49, 86]",8
1575,"[0, 65, 6, 74, 77, 13, 23, 96, 97, 98, 99, 50, 56]",13
1576,"[0, 97, 96, 98, 99, 6, 77, 23, 56]",9
1577,"[0, 2, 77, 15, 86, 91, 93, 97, 98, 99, 43, 49, 54]",13
1578,"[0, 97, 2, 99, 98, 43, 77, 93]",8
1579,"[0, 77, 15, 86, 29, 31, 97, 98, 99, 43]",10
1580,"[0, 2, 72, 77, 14, 86, 24, 97, 98, 99, 43]",11
1581,"[0, 97, 2, 98, 99, 43, 77, 15, 86]",9
1582,"[0, 97, 2, 96, 98, 99]",6
1583,"[0, 97, 2, 99, 98, 72, 55, 30]",8
1584,"[0, 97, 2, 99, 98, 83, 19, 55]",8
1585,"[97, 98, 99]",3
1586,"[0, 97, 98, 99, 6, 56, 60, 93]",8
1587,"[0, 97, 2, 98, 99, 38, 29]",7
1588,"[0, 2, 77, 15, 83, 86, 97, 98, 99, 43, 49]",11
1589,"[0, 2, 3, 77, 15, 86, 24, 97, 98, 99, 43, 49]",12
1590,"[0, 2, 3, 77, 15, 86, 24, 97, 98, 99, 43, 49]",12
1591,"[0, 97, 2, 99, 98, 72, 55, 30]",8
1592,"[0, 97, 2, 99, 98, 83, 19, 55]",8
1593,"[0, 97, 98, 99, 6, 39, 49, 56, 93]",9
1594,"[0, 97, 2, 98, 99, 15, 49, 86]",8
1595,"[0, 69, 6, 77, 92, 30, 96, 97, 98, 99, 50, 56]",12
1596,"[0, 97, 98, 99, 38, 15, 86, 29]",8
1597,"[0, 97, 2, 98, 99, 43, 77, 15, 86]",9
1598,"[0, 64, 2, 19, 84, 93, 97, 98, 99, 55, 56]",11
1599,"[0, 77, 15, 86, 29, 31, 97, 98, 99, 43]",10
1600,"[0, 2, 77, 15, 20, 86, 24, 91, 97, 98, 99, 49]",12
1601,"[0, 6, 78, 92, 96, 97, 98, 99, 39, 56]",10
1602,"[0, 65, 6, 74, 77, 13, 23, 96, 97, 98, 99, 50, 56]",13
1603,"[0, 2, 19, 83, 96, 97, 98, 99, 47, 55]",10
1604,"[0, 2, 6, 72, 30, 97, 98, 99, 55, 56, 60]",11
1605,"[0, 97, 2, 96, 98, 99]",6
1606,"[0, 2, 5, 6, 78, 18, 96, 97, 98, 99]",10
1607,"[0, 6, 77, 93, 97, 98, 99, 53, 56, 60]",10
1608,"[0, 97, 2, 99, 98, 83, 19, 55]",8
1609,"[0, 97, 98, 99, 6, 77, 53, 56, 93]",9
1610,"[0, 2, 77, 15, 83, 86, 97, 98, 99, 43]",10
1611,"[0, 97, 2, 96, 98, 99]",6
1612,"[97, 98, 99]",3
1613,"[0, 97, 98, 99, 23, 93]",6
1614,"[0, 97, 2, 98, 99, 43, 77, 15, 86]",9
1615,"[0, 2, 3, 77, 15, 86, 24, 91, 97, 98, 99, 43, 49]",13
1616,"[0, 97, 2, 98, 99, 77, 84, 53, 56]",9
1617,"[0, 97, 2, 96, 98, 99]",6
1618,"[0, 32, 97, 98, 99, 24]",6
1619,"[0, 97, 2, 98, 99, 84]",6
1620,"[97, 98, 99]",3
1621,"[0, 2, 77, 15, 86, 29, 31, 97, 98, 99, 43]",11
1622,"[0, 65, 69, 70, 77, 96, 97, 98, 99, 55]",10
1623,"[0, 97, 2, 98, 99, 84, 56]",7
1624,"[0, 97, 98, 99, 83, 55]",6
1625,"[0, 2, 3, 77, 15, 86, 24, 91, 97, 98, 99, 43, 49]",13
1626,"[0, 97, 98, 99, 23, 93]",6
1627,"[0, 97, 98, 99, 83, 55]",6
1628,"[0, 97, 98, 99, 23, 93]",6
1629,"[0, 97, 98, 99, 6, 56, 92]",7
1630,"[0, 97, 98, 99, 83, 55]",6
1631,"[0, 97, 32, 96, 98, 99, 6]",7
1632,"[0, 97, 96, 98, 99, 6, 78, 18, 56]",9
1633,"[0, 2, 77, 15, 86, 91, 93, 97, 98, 99, 43, 49, 54]",13
1634,"[0, 2, 77, 15, 20, 86, 24, 91, 97, 98, 99, 49]",12
1635,"[0, 97, 2, 99, 98, 83, 19, 55]",8
1636,"[0, 97, 2, 98, 99, 6, 84, 56, 60]",9
1637,"[0, 97, 98, 99, 6, 49, 18, 56, 93]",9
1638,"[0, 2, 72, 77, 15, 86, 91, 93, 97, 98, 99, 43, 54, 60]",14
1639,"[0, 97, 98, 99, 6, 77, 53, 56, 93]",9
1640,"[0, 97, 2, 96, 98, 99]",6
1641,"[0, 2, 72, 77, 14, 86, 24, 97, 98, 99, 43]",11
1642,"[0, 97, 2, 98, 99, 84]",6
1643,"[0, 97, 2, 98, 99, 77, 84, 53, 56]",9
1644,"[0, 2, 5, 6, 77, 23, 97, 98, 99, 39, 56, 60]",12
1645,"[0, 97, 2, 98, 99, 15, 49, 86]",8
1646,"[0, 97, 98, 99, 6, 77, 53, 56, 93]",9
1647,"[0, 65, 6, 74, 77, 23, 92, 96, 97, 98, 99, 50, 56]",13
1648,"[0, 97, 2, 99, 98, 43, 77, 15, 86]",9
1649,"[0, 64, 2, 98, 97, 99, 84, 56, 93]",9
1650,"[0, 2, 3, 77, 15, 86, 24, 97, 98, 99, 43, 49]",12
1651,"[0, 97, 2, 99, 98, 43, 77, 93]",8
1652,"[0, 6, 77, 93, 97, 98, 99, 49, 53, 56, 60]",11
1653,"[0, 2, 5, 6, 77, 23, 97, 98, 99, 39, 56, 60]",12
1654,"[0, 2, 77, 15, 86, 97, 98, 99, 43, 49]",10
1655,"[0, 97, 98, 99, 23, 93]",6
1656,"[0, 2, 77, 15, 83, 86, 97, 98, 99, 43, 49]",11
1657,"[0, 2, 5, 6, 77, 23, 97, 98, 99, 39, 56, 60]",12
1658,"[0, 2, 72, 19, 97, 98, 99, 36, 55, 56]",10
1659,"[0, 2, 3, 77, 15, 86, 24, 91, 97, 98, 99, 43, 49]",13
1660,"[0, 97, 2, 96, 98, 99]",6
1661,"[97, 98, 99]",3
1662,"[0, 2, 3, 77, 15, 86, 24, 97, 98, 99, 43, 49]",12
1663,"[0, 2, 72, 77, 15, 83, 86, 91, 93, 97, 98, 99, 43, 54, 60]",15
1664,"[0, 97, 2, 96, 98, 99]",6
1665,"[0, 97, 2, 99, 98, 83, 19, 55]",8
1666,"[0, 2, 6, 30, 96, 97, 98, 99, 55, 60]",10
1667,"[0, 97, 2, 98, 99, 43, 77, 15, 86]",9
1668,"[0, 97, 2, 99, 98, 43, 77, 15, 86]",9
1669,"[0, 97, 2, 98, 99, 77, 84, 53, 56]",9
1670,"[0, 97, 32, 96, 98, 99, 6]",7
1671,"[0, 2, 77, 15, 86, 91, 93, 97, 98, 99, 43, 49, 54]",13
1672,"[0, 2, 77, 15, 20, 86, 91, 97, 98, 99, 49, 54]",12
1673,"[0, 97, 98, 99, 6, 77, 53, 56, 93]",9
1674,"[0, 2, 77, 15, 83, 86, 97, 98, 99, 43]",10
1675,"[0, 97, 2, 98, 99, 84]",6
1676,"[0, 97, 2, 99, 98, 83, 19, 55]",8
1677,"[0, 64, 77, 93, 29, 97, 98, 99, 38, 43]",10
1678,"[0, 2, 72, 19, 84, 93, 97, 98, 99, 36, 55, 56]",12
1679,"[0, 65, 6, 74, 77, 13, 23, 96, 97, 98, 99, 50, 56]",13
1680,"[0, 97, 98, 99, 83, 55]",6
1681,"[0, 97, 2, 99, 98, 72, 55, 30]",8
1682,"[0, 97, 2, 99, 98, 43, 77, 15, 86]",9
1683,"[0, 97, 2, 96, 98, 99]",6
1684,"[0, 97, 98, 99, 6, 77, 23, 56, 60]",9
1685,"[0, 2, 3, 15, 86, 24, 91, 97, 98, 99, 49]",11
1686,"[0, 97, 2, 99, 98, 72, 55, 30]",8
1687,"[0, 65, 69, 70, 77, 96, 97, 98, 99, 55]",10
1688,"[0, 2, 3, 77, 15, 86, 24, 97, 98, 99, 43, 49]",12
1689,"[0, 2, 3, 77, 15, 86, 24, 91, 97, 98, 99, 43, 49]",13
1690,"[0, 97, 2, 98, 99, 84, 56, 93]",8
1691,"[0, 97, 98, 99, 38, 15, 86, 29]",8
1692,"[0, 2, 77, 15, 83, 86, 97, 98, 99, 43]",10
1693,"[97, 98, 99]",3
1694,"[0, 2, 72, 77, 14, 86, 24, 97, 98, 99, 43]",11
1695,"[0, 97, 2, 99, 98, 43, 77, 15, 86]",9
1696,"[0, 65, 6, 74, 77, 13, 23, 96, 97, 98, 99, 50, 56]",13
1697,"[0, 97, 96, 98, 99, 6, 39, 18, 56]",9
1698,"[0, 97, 2, 98, 99, 43, 77, 15, 86]",9
1699,"[0, 97, 2, 98, 99, 84, 56]",7
1700,"[0, 97, 2, 99, 98, 83, 19, 55]",8
1701,"[0, 2, 3, 77, 15, 86, 24, 97, 98, 99, 43, 49]",12
1702,"[0, 77, 15, 86, 91, 93, 29, 31, 97, 98, 99, 43, 54]",13
1703,"[0, 2, 77, 15, 86, 97, 98, 99, 43, 49]",10
1704,"[97, 98, 99]",3
1705,"[0, 97, 98, 99, 6, 39, 49, 56, 93]",9
1706,"[0, 2, 72, 77, 15, 86, 91, 93, 97, 98, 99, 43, 54, 60]",14
1707,"[0, 2, 77, 15, 86, 91, 93, 97, 98, 99, 43, 49, 54]",13
1708,"[0, 97, 2, 98, 99, 15, 49, 86]",8
1709,"[0, 6, 77, 93, 97, 98, 99, 49, 53, 56]",10
1710,"[0, 97, 98, 99, 6, 39, 78, 56, 92]",9
1711,"[0, 6, 77, 93, 97, 98, 99, 53, 56, 60]",10
1712,"[0, 97, 2, 98, 99, 6, 84, 56, 60]",9
1713,"[0, 97, 2, 99, 98, 43, 77, 15, 86]",9
1714,"[0, 97, 98, 99, 23, 93]",6
1715,"[0, 97, 2, 98, 99, 6, 56, 60]",8
1716,"[0, 97, 2, 98, 99, 38, 29]",7
1717,"[0, 2, 77, 15, 86, 91, 93, 97, 98, 99, 43, 54]",12
1718,"[0, 2, 3, 77, 15, 86, 24, 97, 98, 99, 43, 49]",12
1719,"[97, 98, 99]",3
1720,"[0, 97, 2, 99, 98, 43, 77, 15, 86]",9
1721,"[0, 97, 96, 98, 99, 6, 56, 60]",8
1722,"[0, 2, 72, 77, 14, 15, 86, 24, 97, 98, 99, 43]",12
1723,"[0, 2, 3, 77, 15, 86, 24, 91, 97, 98, 99, 43, 49]",13
1724,"[0, 2, 77, 15, 20, 86, 24, 91, 97, 98, 99, 49]",12
1725,"[0, 2, 77, 15, 86, 91, 93, 97, 98, 99, 43, 49, 54]",13
1726,"[0, 2, 77, 15, 83, 86, 97, 98, 99, 43]",10
1727,"[0, 2, 72, 77, 14, 86, 24, 97, 98, 99, 43]",11
1728,"[0, 2, 3, 77, 15, 86, 24, 97, 98, 99, 43, 49]",12
1729,"[0, 97, 98, 99, 6, 77, 53, 56, 93]",9
1730,"[0, 97, 98, 99, 38, 15, 86, 29]",8
1731,"[0, 2, 6, 77, 23, 97, 98, 99, 56, 60]",10
1732,"[0, 97, 98, 99, 83, 55]",6
1733,"[0, 2, 77, 15, 86, 29, 31, 97, 98, 99, 43]",11
1734,"[0, 97, 2, 98, 99, 15, 49, 86]",8
1735,"[0, 2, 5, 6, 78, 18, 96, 97, 98, 99]",10
1736,"[0, 77, 15, 86, 29, 31, 97, 98, 99, 43]",10
1737,"[0, 97, 98, 99, 23, 93]",6
1738,"[0, 64, 2, 77, 20, 92, 93, 97, 98, 99, 45]",11
1739,"[97, 98, 99]",3
1740,"[97, 98, 99]",3
1741,"[0, 2, 77, 15, 83, 86, 97, 98, 99, 43]",10
1742,"[0, 2, 72, 84, 93, 97, 98, 99, 36, 56]",10
1743,"[0, 2, 77, 15, 20, 86, 24, 91, 97, 98, 99, 49]",12
1744,"[0, 97, 2, 99, 98, 43, 77, 93]",8
1745,"[0, 97, 98, 99, 6, 49, 18, 56, 93]",9
1746,"[0, 97, 2, 99, 98, 83, 19, 55]",8
1747,"[0, 96, 2, 97, 99, 98, 19, 83, 55]",9
1748,"[0, 77, 15, 86, 29, 31, 97, 98, 99, 43]",10
1749,"[0, 97, 98, 99, 38, 15, 86, 29]",8
1750,"[0, 32, 2, 98, 97, 99, 24, 56]",8
1751,"[0, 2, 3, 77, 15, 86, 24, 97, 98, 99, 43, 49]",12
1752,"[97, 98, 99]",3
1753,"[0, 97, 2, 96, 98, 99]",6
1754,"[0, 97, 98, 99, 6, 77, 23, 56]",8
1755,"[97, 98, 99]",3
1756,"[0, 97, 2, 96, 98, 99]",6
1757,"[0, 2, 77, 15, 83, 86, 97, 98, 99, 43]",10
1758,"[0, 65, 6, 74, 77, 23, 92, 96, 97, 98, 99, 50, 56]",13
1759,"[0, 97, 2, 98, 99, 84]",6
1760,"[0, 97, 2, 96, 98, 99]",6
1761,"[0, 97, 2, 98, 99, 15, 49, 86]",8
1762,"[0, 6, 77, 79, 23, 97, 98, 99, 56, 60]",10
1763,"[0, 97, 2, 99, 98, 19, 83, 55]",8
1764,"[0, 69, 6, 77, 78, 18, 96, 97, 98, 99, 48, 56]",12
1765,"[0, 2, 72, 77, 14, 86, 24, 97, 98, 99, 43]",11
1766,"[0, 69, 6, 77, 92, 30, 96, 97, 98, 99, 50, 56]",12
1767,"[0, 97, 2, 96, 98, 99]",6
1768,"[0, 2, 15, 86, 91, 97, 98, 99, 49, 54]",10
1769,"[0, 2, 3, 77, 15, 86, 24, 97, 98, 99, 43, 49]",12
1770,"[0, 97, 98, 99, 6, 49, 56, 60, 93]",9
1771,"[0, 64, 2, 98, 97, 99, 84, 56, 93]",9
1772,"[0, 97, 2, 98, 99, 15, 86, 24, 91]",9
1773,"[0, 97, 2, 99, 98, 43, 77, 15, 86]",9
1774,"[0, 2, 6, 72, 30, 97, 98, 99, 55, 56, 60]",11
1775,"[97, 98, 99]",3
1776,"[0, 2, 77, 15, 86, 97, 98, 99, 43, 49]",10
1777,"[0, 97, 98, 99, 93]",5
1778,"[0, 97, 98, 99, 83, 55]",6
1779,"[0, 96, 2, 99, 97, 98, 19, 83, 55]",9
1780,"[0, 97, 98, 99, 83, 55]",6
1781,"[0, 2, 15, 86, 24, 91, 97, 98, 99, 49]",10
1782,"[0, 97, 2, 99, 98, 77, 84, 53, 56]",9
1783,"[0, 2, 77, 15, 83, 86, 97, 98, 99, 43]",10
1784,"[0, 97, 2, 96, 98, 99]",6
1785,"[0, 97, 2, 98, 99, 84, 56, 93]",8
1786,"[0, 2, 77, 15, 83, 86, 97, 98, 99, 43, 49]",11
1787,"[0, 97, 2, 98, 99, 84]",6
1788,"[0, 6, 77, 93, 96, 97, 98, 99, 53, 56]",10
1789,"[0, 97, 2, 98, 99, 43, 77, 15, 86]",9
1790,"[0, 97, 98, 99, 6, 77, 23, 56]",8
1791,"[0, 6, 77, 18, 93, 97, 98, 99, 53, 56]",10
1792,"[0, 96, 2, 99, 97, 98, 19, 83, 55]",9
1793,"[0, 97, 96, 98, 99, 6, 78, 18, 56]",9
1794,"[0, 6, 78, 92, 96, 97, 32, 98, 99, 56]",10
1795,"[0, 97, 2, 98, 99, 84]",6
1796,"[0, 2, 77, 15, 83, 86, 97, 98, 99, 43]",10
1797,"[0, 2, 77, 15, 86, 97, 98, 99, 43, 49]",10
1798,"[0, 2, 3, 77, 15, 20, 86, 24, 91, 97, 98, 99, 49]",13
1799,"[0, 97, 2, 98, 99, 38, 29]",7
1800,"[0, 2, 77, 15, 83, 86, 97, 98, 99, 43]",10
1801,"[0, 97, 2, 96, 98, 99]",6
1802,"[0, 2, 6, 77, 23, 97, 98, 99, 39, 56, 60]",11
1803,"[0, 97, 98, 99, 83, 55]",6
1804,"[0, 2, 15, 86, 24, 91, 97, 98, 99, 49]",10
1805,"[0, 2, 15, 86, 91, 97, 98, 99, 49, 54]",10
1806,"[0, 97, 98, 99, 83, 55]",6
1807,"[0, 2, 77, 15, 86, 97, 98, 99, 43, 49]",10
1808,"[0, 69, 6, 77, 78, 18, 97, 98, 99, 56]",10
1809,"[0, 97, 98, 99, 6, 77, 23, 56]",8
1810,"[0, 97, 2, 98, 99, 6, 84, 56, 60]",9
1811,"[0, 2, 15, 86, 24, 91, 97, 98, 99, 49]",10
1812,"[0, 97, 2, 99, 98, 43, 77, 15, 86]",9
1813,"[0, 97, 98, 99, 38, 15, 86, 29]",8
1814,"[0, 97, 98, 99, 38, 15, 86, 29]",8
1815,"[97, 98, 99]",3
1816,"[0, 97, 2, 96, 98, 99]",6
1817,"[0, 2, 77, 15, 83, 86, 97, 98, 99, 43]",10
1818,"[0, 2, 72, 77, 14, 15, 86, 24, 97, 98, 99, 43]",12
1819,"[0, 97, 98, 99, 6, 78, 18, 56]",8
1820,"[0, 97, 2, 98, 99, 84]",6
1821,"[0, 97, 2, 98, 99, 84, 56, 93]",8
1822,"[0, 2, 72, 77, 15, 83, 86, 91, 93, 97, 98, 99, 43, 49, 54, 60]",16
1823,"[0, 65, 6, 74, 77, 13, 23, 96, 97, 98, 99, 50, 56]",13
1824,"[0, 6, 77, 93, 96, 97, 98, 99, 53, 56]",10
1825,"[0, 69, 6, 77, 92, 30, 96, 97, 98, 99, 50, 56]",12
1826,"[0, 97, 2, 98, 99, 43, 77, 15, 86]",9
1827,"[0, 97, 2, 98, 99, 84, 56, 93]",8
1828,"[0, 97, 2, 98, 99, 56]",6
1829,"[0, 2, 3, 77, 15, 86, 24, 97, 98, 99, 43, 49]",12
1830,"[0, 96, 2, 99, 97, 98, 83, 19, 55]",9
1831,"[0, 2, 77, 15, 83, 86, 97, 98, 99, 43]",10
1832,"[0, 97, 2, 99, 98, 43, 77, 15, 86]",9
1833,"[0, 97, 2, 96, 98, 99]",6
1834,"[0, 2, 77, 15, 86, 97, 98, 99, 43, 49]",10
1835,"[0, 97, 2, 99, 98, 43, 77, 93]",8
1836,"[0, 6, 18, 93, 96, 97, 98, 99, 49, 56]",10
1837,"[0, 2, 77, 15, 83, 86, 97, 98, 99, 43]",10
1838,"[97, 98, 99]",3
1839,"[0, 2, 77, 15, 83, 86, 97, 98, 99, 43]",10
1840,"[0, 97, 96, 32, 98, 99, 6, 20]",8
1841,"[0, 6, 77, 93, 96, 97, 98, 99, 49, 53, 56]",11
1842,"[97, 98, 99]",3
1843,"[0, 2, 77, 15, 86, 91, 93, 97, 98, 99, 43, 49, 54]",13
1844,"[97, 98, 99]",3
1845,"[0, 97, 96, 98, 99, 6, 78, 18, 56]",9
1846,"[0, 2, 72, 77, 15, 86, 91, 93, 97, 98, 99, 43, 49, 54, 60]",15
1847,"[0, 6, 78, 92, 96, 97, 32, 98, 99, 56]",10
1848,"[0, 97, 2, 96, 98, 99]",6
1849,"[0, 97, 2, 98, 99, 15, 49, 86]",8
1850,"[0, 96, 2, 99, 97, 98, 19, 83, 55]",9
1851,"[0, 2, 3, 15, 86, 24, 91, 97, 98, 99, 49]",11
1852,"[0, 2, 77, 15, 86, 91, 93, 97, 98, 99, 43, 49, 54]",13
1853,"[0, 97, 2, 96, 99, 98, 55, 30]",8
1854,"[0, 2, 3, 77, 15, 86, 24, 97, 98, 99, 43, 49]",12
1855,"[0, 97, 2, 98, 99, 38, 29]",7
1856,"[0, 97, 2, 98, 36, 99, 72, 56]",8
1857,"[0, 97, 98, 99, 23, 93]",6
1858,"[0, 97, 2, 99, 98, 43, 77, 15, 86]",9
1859,"[0, 97, 98, 99, 23, 93]",6
1860,"[0, 97, 98, 99, 23, 93]",6
1861,"[0, 2, 77, 15, 86, 97, 98, 99, 43, 49]",10
1862,"[0, 97, 98, 99, 6, 49, 56, 60, 93]",9
1863,"[0, 97, 2, 96, 98, 99]",6
1864,"[0, 77, 15, 86, 29, 31, 97, 98, 99, 43]",10
1865,"[0, 77, 91, 29, 93, 31, 97, 98, 99, 43, 54]",11
1866,"[97, 98, 99]",3
1867,"[0, 2, 72, 77, 14, 86, 24, 97, 98, 99, 43]",11
1868,"[0, 97, 96, 98, 99, 6, 56, 60]",8
1869,"[0, 6, 77, 93, 96, 97, 98, 99, 49, 53, 56]",11
1870,"[97, 98, 99]",3
1871,"[0, 2, 3, 77, 15, 86, 24, 97, 98, 99, 43, 49]",12
1872,"[0, 96, 2, 99, 97, 98, 19, 83, 55]",9
1873,"[0, 2, 77, 15, 20, 86, 24, 91, 97, 98, 99, 49]",12
1874,"[0, 6, 77, 18, 23, 96, 97, 32, 98, 99, 56]",11
1875,"[0, 2, 77, 15, 86, 29, 31, 97, 98, 99, 43]",11
1876,"[0, 97, 2, 98, 99, 47, 19, 83, 55]",9
1877,"[0, 77, 15, 86, 29, 31, 97, 98, 99, 43]",10
1878,"[0, 97, 2, 99, 36, 98, 72, 56]",8
1879,"[0, 32, 2, 98, 97, 99, 24, 56]",8
1880,"[0, 2, 6, 77, 23, 97, 98, 99, 56, 60]",10
1881,"[0, 2, 77, 15, 83, 86, 97, 98, 99, 43]",10
1882,"[0, 96, 2, 99, 97, 98, 19, 83, 55]",9
1883,"[0, 6, 77, 93, 97, 98, 99, 49, 53, 56, 60]",11
1884,"[0, 6, 77, 18, 93, 97, 98, 99, 53, 56]",10
1885,"[0, 97, 2, 98, 99, 84]",6
1886,"[0, 65, 6, 74, 77, 23, 92, 96, 97, 98, 99, 50, 56]",13
1887,"[0, 97, 2, 99, 98, 77, 84, 53, 56]",9
1888,"[0, 65, 69, 70, 77, 96, 97, 98, 99, 48, 55]",11
1889,"[0, 97, 2, 99, 98, 19, 83, 55]",8
1890,"[0, 97, 2, 98, 99, 15, 49, 86]",8
1891,"[0, 2, 77, 15, 86, 97, 98, 99, 43, 49]",10
1892,"[0, 2, 72, 77, 14, 86, 24, 97, 98, 99, 43]",11
1893,"[0, 97, 2, 98, 99, 84, 56]",7
1894,"[97, 98, 99]",3
1895,"[0, 2, 77, 15, 20, 86, 24, 91, 97, 98, 99, 49]",12
1896,"[0, 97, 2, 98, 99, 19, 55, 56]",8
1897,"[0, 2, 3, 77, 15, 86, 24, 97, 98, 99, 43, 49]",12
1898,"[0, 2, 3, 77, 15, 86, 24, 91, 97, 98, 99, 43, 49]",13
1899,"[0, 97, 2, 98, 99, 6, 56, 60]",8
1900,"[0, 97, 2, 98, 99, 43, 77, 15, 86]",9
1901,"[0, 2, 3, 77, 15, 86, 24, 91, 97, 98, 99, 43, 49]",13
1902,"[0, 97, 2, 99, 98, 72, 55, 30]",8
1903,"[0, 65, 6, 74, 77, 13, 23, 96, 97, 98, 99, 50]",12
1904,"[0, 96, 2, 99, 97, 98, 83, 55]",8
1905,"[0, 97, 98, 99, 83, 55]",6
1906,"[0, 2, 77, 15, 86, 97, 98, 99, 43, 49]",10
1907,"[0, 2, 77, 15, 20, 86, 91, 97, 98, 99, 49, 54]",12
1908,"[0, 2, 6, 77, 23, 97, 98, 99, 39, 56, 60]",11
1909,"[0, 2, 77, 15, 83, 86, 97, 98, 99, 43]",10
1910,"[97, 98, 99]",3
1911,"[0, 6, 77, 18, 23, 96, 97, 32, 98, 99, 56]",11
1912,"[0, 97, 98, 99, 83, 55]",6
1913,"[0, 97, 2, 98, 99, 38, 29]",7
1914,"[0, 97, 2, 98, 99, 15, 49, 86]",8
1915,"[0, 2, 77, 15, 83, 86, 97, 98, 99, 43]",10
1916,"[97, 98, 99]",3
1917,"[0, 97, 2, 99, 98, 72, 55, 30]",8
1918,"[0, 2, 3, 77, 15, 86, 24, 97, 98, 99, 43, 49]",12
1919,"[97, 98, 99]",3
1920,"[0, 97, 2, 99, 98, 43, 77, 15, 86]",9
1921,"[0, 97, 2, 98, 99, 15, 49, 86]",8
1922,"[0, 6, 78, 18, 96, 97, 98, 99, 39, 56]",10
1923,"[0, 97, 96, 98, 99, 6, 78, 18, 56]",9
1924,"[0, 2, 6, 72, 30, 97, 98, 99, 55, 56, 60]",11
1925,"[0, 2, 3, 77, 15, 86, 24, 97, 98, 99, 43, 49]",12
1926,"[0, 97, 98, 99, 83, 55]",6
1927,"[0, 2, 72, 77, 14, 86, 24, 97, 98, 99, 43]",11
1928,"[0, 2, 77, 15, 86, 91, 93, 97, 98, 99, 43, 49, 54]",13
1929,"[0, 6, 18, 93, 96, 97, 98, 99, 49, 56]",10
1930,"[97, 98, 99]",3
1931,"[97, 98, 99]",3
1932,"[0, 2, 77, 15, 86, 24, 91, 97, 98, 99, 43, 49]",12
1933,"[0, 2, 77, 15, 86, 27, 97, 98, 99, 43]",10
1934,"[0, 2, 77, 15, 20, 86, 24, 91, 97, 98, 99, 49]",12
1935,"[0, 64, 2, 77, 20, 92, 93, 97, 98, 99, 45]",11
1936,"[97, 98, 99]",3
1937,"[0, 2, 77, 15, 83, 86, 97, 98, 99, 43, 49]",11
1938,"[0, 6, 77, 18, 93, 96, 97, 98, 99, 53, 56]",11
1939,"[0, 6, 77, 79, 23, 96, 97, 98, 99, 56]",10
1940,"[0, 2, 77, 15, 86, 97, 98, 99, 43, 49]",10
1941,"[97, 98, 99]",3
1942,"[0, 97, 98, 99, 38, 15, 86, 29]",8
1943,"[0, 2, 77, 15, 86, 91, 93, 97, 98, 99, 43, 54]",12
1944,"[0, 97, 98, 99, 38, 29]",6
1945,"[0, 2, 3, 77, 15, 86, 24, 97, 98, 99, 43, 49]",12
1946,"[0, 2, 77, 15, 86, 97, 98, 99, 43, 49]",10
1947,"[0, 97, 2, 99, 98, 43, 77, 93]",8
1948,"[0, 97, 98, 99, 23, 93]",6
1949,"[0, 97, 2, 98, 99, 77, 84, 53, 56]",9
1950,"[0, 6, 77, 18, 93, 96, 97, 98, 99, 53, 56]",11
1951,"[0, 97, 98, 99, 83, 55]",6
1952,"[0, 97, 2, 96, 98, 99]",6
1953,"[0, 97, 2, 99, 98, 43, 77, 93]",8
1954,"[0, 97, 98, 99, 23, 93]",6
1955,"[0, 2, 77, 15, 86, 29, 31, 97, 98, 99, 43]",11
1956,"[0, 2, 6, 77, 23, 97, 98, 99, 39, 56, 60]",11
1957,"[0, 65, 6, 74, 77, 13, 23, 96, 97, 98, 99, 50]",12
1958,"[97, 98, 99]",3
1959,"[0, 65, 69, 70, 77, 96, 97, 98, 99, 55]",10
1960,"[0, 96, 2, 97, 99, 98, 19, 83, 55]",9
1961,"[0, 69, 6, 77, 92, 30, 97, 98, 99, 50, 56]",11
1962,"[0, 2, 6, 72, 30, 97, 98, 99, 55, 56, 60]",11
1963,"[0, 2, 3, 15, 86, 24, 91, 97, 98, 99, 49]",11
1964,"[0, 96, 2, 99, 97, 98, 19, 83, 55]",9
1965,"[0, 65, 6, 74, 77, 23, 92, 96, 97, 98, 99, 50, 56]",13
1966,"[0, 97, 2, 99, 98, 72, 55, 30]",8
1967,"[0, 97, 2, 99, 98, 43, 77, 93]",8
1968,"[0, 2, 77, 15, 83, 86, 97, 98, 99, 43]",10
1969,"[0, 97, 2, 99, 98, 19, 83, 55]",8
1970,"[0, 97, 98, 99, 83, 55]",6
1971,"[0, 6, 77, 18, 23, 96, 97, 32, 98, 99, 56]",11
1972,"[0, 2, 77, 15, 86, 91, 93, 97, 98, 99, 43, 54]",12
1973,"[0, 97, 2, 98, 99, 43, 77, 15, 86]",9
1974,"[0, 2, 77, 15, 86, 24, 91, 97, 98, 99, 43, 49]",12
1975,"[0, 97, 2, 98, 36, 99, 72, 56]",8
1976,"[0, 2, 77, 15, 83, 86, 97, 98, 99, 43]",10
1977,"[0, 2, 72, 77, 15, 83, 86, 91, 93, 97, 98, 99, 43, 49, 54, 60]",16
1978,"[0, 97, 2, 96, 99, 98, 19, 83, 55]",9
1979,"[0, 2, 3, 77, 15, 86, 24, 91, 97, 98, 99, 43, 49]",13
1980,"[0, 6, 78, 92, 32, 97, 96, 98, 99, 56]",10
1981,"[0, 97, 98, 99, 38, 15, 86, 29]",8
1982,"[0, 2, 3, 77, 15, 86, 24, 97, 98, 99, 43, 49]",12
1983,"[97, 98, 99]",3
1984,"[0, 32, 2, 98, 97, 99, 24, 56]",8
1985,"[0, 6, 78, 18, 96, 97, 32, 98, 99, 56]",10
1986,"[0, 2, 3, 77, 15, 86, 24, 97, 98, 99, 43, 49]",12
1987,"[0, 2, 77, 15, 86, 97, 98, 99, 43, 49]",10
1988,"[0, 2, 72, 77, 14, 86, 24, 97, 98, 99, 43]",11
1989,"[0, 2, 15, 86, 24, 91, 97, 98, 99, 49]",10
1990,"[0, 6, 18, 93, 96, 97, 98, 99, 49, 56]",10
1991,"[0, 2, 72, 77, 14, 86, 24, 97, 98, 99, 43]",11
1992,"[0, 97, 2, 98, 99, 15, 49, 86]",8
1993,"[0, 97, 98, 99, 38, 15, 86, 29]",8
1994,"[0, 97, 2, 99, 98, 72, 55, 30]",8
1995,"[0, 2, 77, 15, 20, 86, 24, 91, 97, 98, 99, 49]",12
1996,"[0, 97, 98, 99, 38, 15, 86, 29]",8
1997,"[0, 97, 2, 99, 98, 19, 55, 56]",8
1998,"[0, 2, 77, 15, 20, 86, 91, 97, 98, 99, 49, 54]",12
1999,"[0, 97, 2, 98, 99, 77, 84, 53, 56]",9
2000,"[97, 98, 99]",3
2001,"[0, 97, 2, 99, 98, 19, 83, 55]",8
2002,"[0, 2, 3, 77, 15, 86, 24, 97, 98, 99, 43, 49]",12
2003,"[0, 97, 2, 98, 99, 38, 29]",7
2004,"[0, 97, 98, 99, 83, 55]",6
2005,"[0, 97, 2, 98, 99, 84, 56]",7
2006,"[0, 6, 77, 93, 97, 98, 99, 49, 53, 56, 60]",11
2007,"[0, 97, 98, 99, 83, 55]",6
2008,"[0, 2, 77, 15, 86, 97, 98, 99, 43, 49]",10
2009,"[0, 2, 77, 15, 83, 86, 97, 98, 99, 43, 49]",11
2010,"[0, 97, 98, 99, 6, 77, 23, 56]",8
2011,"[0, 2, 77, 15, 86, 91, 93, 97, 98, 99, 43, 49, 54]",13
2012,"[0, 97, 2, 98, 99, 43, 77, 15, 86]",9
2013,"[0, 97, 32, 96, 98, 99, 6, 20]",8
2014,"[0, 2, 3, 77, 15, 86, 24, 97, 98, 99, 43, 49]",12
2015,"[97, 98, 99]",3
2016,"[0, 2, 77, 15, 83, 86, 97, 98, 99, 43]",10
2017,"[0, 2, 77, 15, 86, 97, 98, 99, 43, 49]",10
2018,"[0, 2, 77, 15, 83, 86, 97, 98, 99, 43]",10
2019,"[0, 2, 77, 15, 20, 86, 24, 91, 97, 98, 99, 49]",12
2020,"[0, 97, 96, 98, 99, 6, 56, 60]",8
2021,"[0, 2, 77, 15, 86, 97, 98, 99, 43, 49]",10
2022,"[0, 2, 77, 15, 86, 97, 98, 99, 43, 49]",10
2023,"[0, 6, 77, 18, 93, 97, 98, 99, 53, 56]",10
2024,"[97, 98, 99]",3
2025,"[0, 2, 3, 77, 15, 86, 24, 97, 98, 99, 43, 49]",12
2026,"[0, 6, 77, 79, 23, 96, 97, 98, 99, 50, 56]",11
2027,"[0, 97, 98, 99, 83, 55]",6
2028,"[0, 97, 2, 98, 99, 56]",6
2029,"[0, 97, 98, 99, 23, 93]",6
2030,"[0, 2, 77, 15, 86, 97, 98, 99, 43, 49]",10
2031,"[0, 6, 77, 18, 93, 96, 97, 98, 99, 49, 53, 56]",12
2032,"[0, 97, 98, 99, 23, 93]",6
2033,"[0, 2, 15, 86, 91, 97, 98, 99, 49, 54]",10
2034,"[0, 77, 15, 86, 29, 31, 97, 98, 99, 43]",10
2035,"[97, 98, 99]",3
2036,"[97, 98, 99]",3
2037,"[0, 2, 77, 15, 83, 86, 97, 98, 99, 43, 49]",11
2038,"[0, 2, 77, 15, 86, 97, 98, 99, 43, 49]",10
2039,"[0, 96, 2, 99, 97, 98, 19, 83, 55]",9
2040,"[0, 96, 2, 97, 99, 98, 83, 19, 55]",9
2041,"[0, 97, 2, 98, 36, 99, 72, 56]",8
2042,"[0, 2, 3, 77, 15, 86, 24, 97, 98, 99, 43, 49]",12
2043,"[0, 97, 2, 98, 99, 23, 56, 93]",8
2044,"[0, 97, 2, 98, 99, 77, 84, 53, 56]",9
2045,"[0, 97, 98, 99, 6, 78, 18, 56]",8
2046,"[0, 6, 77, 18, 93, 96, 97, 98, 99, 53, 56]",11
2047,"[0, 2, 77, 15, 83, 86, 97, 98, 99, 43]",10
2048,"[0, 6, 77, 18, 93, 96, 97, 98, 99, 53, 56]",11
2049,"[0, 97, 2, 98, 99, 43, 77, 15, 86]",9
2050,"[0, 96, 2, 97, 99, 98, 83, 55]",8
2051,"[97, 98, 99]",3
2052,"[0, 97, 96, 98, 99, 6, 78, 18, 56]",9
2053,"[97, 98, 99]",3
2054,"[0, 2, 77, 15, 83, 86, 97, 98, 99, 43]",10
2055,"[0, 97, 98, 99, 38, 29]",6
2056,"[0, 77, 15, 86, 91, 29, 93, 31, 97, 98, 99, 43, 54]",13
2057,"[0, 6, 77, 93, 96, 97, 98, 99, 49, 53, 56]",11
2058,"[0, 2, 15, 86, 24, 91, 97, 98, 99, 49]",10
2059,"[0, 2, 72, 30, 96, 97, 98, 99, 55, 56]",10
2060,"[97, 98, 99]",3
2061,"[0, 6, 18, 93, 96, 97, 98, 99, 49, 56]",10
2062,"[0, 97, 2, 99, 98, 43, 77, 93]",8
2063,"[0, 6, 77, 18, 93, 96, 97, 98, 99, 53, 56]",11
2064,"[0, 97, 2, 96, 99, 98, 55, 30]",8
2065,"[0, 2, 3, 77, 15, 86, 24, 91, 97, 98, 99, 43, 49]",13
2066,"[0, 2, 77, 15, 86, 91, 93, 97, 98, 99, 43, 49, 54]",13
2067,"[0, 69, 6, 77, 78, 18, 96, 97, 32, 98, 99, 56]",12
2068,"[0, 2, 72, 77, 14, 86, 24, 97, 98, 99, 43]",11
2069,"[97, 98, 99]",3
2070,"[0, 2, 77, 15, 86, 97, 98, 99, 43, 49]",10
2071,"[0, 2, 3, 77, 15, 86, 24, 97, 98, 99, 43, 49]",12
2072,"[0, 97, 2, 98, 99, 84]",6
2073,"[0, 64, 2, 77, 20, 92, 93, 97, 98, 99, 45]",11
2074,"[0, 97, 2, 96, 98, 99]",6
2075,"[0, 2, 3, 77, 15, 86, 24, 97, 98, 99, 43, 49]",12
2076,"[0, 2, 72, 77, 15, 86, 91, 93, 97, 98, 99, 43, 49, 54, 60]",15
2077,"[0, 2, 6, 77, 23, 97, 98, 99, 49, 56, 60]",11
2078,"[0, 97, 98, 99]",4
2079,"[0, 97, 2, 98, 99, 43, 77, 15, 86]",9
2080,"[0, 77, 15, 86, 29, 31, 97, 98, 99, 43]",10
2081,"[0, 2, 77, 15, 86, 97, 98, 99, 43, 49]",10
2082,"[97, 98, 99]",3
2083,"[0, 97, 2, 98, 99, 84, 23, 56, 93]",9
2084,"[0, 97, 98, 99, 6, 77, 23, 56]",8
2085,"[0, 2, 77, 15, 86, 97, 98, 99, 43, 49]",10
2086,"[0, 2, 77, 15, 83, 86, 97, 98, 99, 43]",10
2087,"[97, 98, 99]",3
2088,"[0, 97, 2, 98, 99, 84]",6
2089,"[0, 97, 2, 98, 99, 47, 83, 19, 55]",9
2090,"[0, 2, 77, 15, 20, 86, 24, 91, 97, 98, 99, 49]",12
2091,"[97, 98, 99]",3
2092,"[0, 6, 18, 93, 96, 97, 98, 99, 49, 56]",10
2093,"[0, 97, 2, 99, 36, 98, 72, 56]",8
2094,"[0, 97, 98, 99, 23, 93]",6
2095,"[0, 65, 6, 74, 77, 13, 23, 96, 97, 98, 99, 50]",12
2096,"[0, 6, 77, 18, 23, 96, 97, 32, 98, 99, 56]",11
2097,"[0, 2, 77, 15, 86, 97, 98, 99, 43, 49]",10
2098,"[0, 6, 78, 18, 96, 97, 98, 99, 39, 56]",10
2099,"[0, 97, 2, 99, 98, 43, 77, 15, 86]",9
2100,"[0, 2, 77, 15, 86, 91, 93, 97, 98, 99, 43, 49, 54]",13
2101,"[97, 98, 99]",3
2102,"[0, 2, 6, 77, 23, 97, 98, 99, 49, 56, 60]",11
2103,"[0, 2, 77, 15, 83, 86, 97, 98, 99, 43]",10
2104,"[0, 2, 77, 15, 86, 97, 98, 99, 43, 49]",10
2105,"[97, 98, 99]",3
2106,"[97, 98, 99]",3
2107,"[0, 97, 96, 98, 99, 6, 18, 56, 93]",9
2108,"[0, 97, 2, 98, 36, 99, 72, 56]",8
2109,"[0, 65, 6, 74, 77, 23, 92, 96, 97, 98, 99, 50]",12
2110,"[97, 98, 99]",3
2111,"[0, 65, 6, 74, 77, 13, 23, 96, 97, 98, 99, 50]",12
2112,"[0, 2, 6, 77, 18, 23, 97, 98, 99, 49, 56]",11
2113,"[0, 96, 2, 99, 97, 98, 83, 55]",8
2114,"[0, 2, 72, 77, 14, 86, 24, 97, 98, 99, 43]",11
2115,"[0, 97, 98, 99, 83, 55]",6
2116,"[0, 2, 77, 15, 86, 91, 93, 97, 98, 99, 43, 49, 54]",13
2117,"[0, 96, 2, 97, 99, 98, 83, 19, 55]",9
2118,"[0, 2, 77, 15, 83, 86, 97, 98, 99, 43]",10
2119,"[0, 97, 2, 98, 99, 84]",6
2120,"[0, 97, 98, 99, 38, 15, 86, 29]",8
2121,"[0, 2, 72, 77, 14, 15, 86, 24, 97, 98, 99, 43]",12
2122,"[0, 2, 77, 15, 86, 97, 98, 99, 43, 49]",10
2123,"[0, 2, 77, 15, 20, 86, 91, 97, 98, 99, 49, 54]",12
2124,"[0, 2, 77, 15, 83, 86, 97, 98, 99, 43]",10
2125,"[0, 2, 15, 86, 24, 91, 97, 98, 99, 49]",10
2126,"[0, 2, 15, 86, 24, 91, 97, 98, 99, 49]",10
2127,"[0, 97, 2, 99, 98, 19, 83, 55]",8
2128,"[0, 2, 72, 77, 14, 15, 86, 24, 97, 98, 99, 43]",12
2129,"[0, 97, 2, 99, 98, 72, 55, 30]",8
2130,"[0, 97, 98, 99, 38, 29]",6
2131,"[0, 6, 77, 79, 23, 96, 97, 98, 99, 50, 56]",11
2132,"[0, 2, 3, 77, 15, 86, 24, 97, 98, 99, 43, 49]",12
2133,"[0, 6, 18, 93, 96, 97, 98, 99, 49, 56]",10
2134,"[0, 97, 2, 98, 99, 23, 56, 93]",8
2135,"[0, 97, 96, 32, 98, 99, 6, 20]",8
2136,"[0, 2, 77, 15, 86, 24, 91, 97, 98, 99, 43, 49]",12
2137,"[0, 2, 77, 15, 86, 97, 98, 99, 43, 49]",10
2138,"[0, 32, 2, 98, 97, 99, 84, 24, 56]",9
2139,"[0, 97, 2, 98, 99, 56]",6
2140,"[0, 2, 77, 15, 86, 91, 93, 97, 98, 99, 43, 49, 54]",13
2141,"[0, 97, 2, 99, 98, 19, 83, 55]",8
2142,"[97, 98, 99]",3
2143,"[0, 77, 15, 86, 91, 93, 29, 31, 97, 98, 99, 43, 54]",13
2144,"[0, 2, 77, 15, 83, 86, 97, 98, 99, 43]",10
2145,"[0, 97, 98, 99]",4
2146,"[0, 97, 98, 99, 23, 93]",6
2147,"[0, 97, 96, 98, 99, 6, 56]",7
2148,"[0, 6, 77, 18, 93, 96, 97, 98, 99, 49, 53, 56]",12
2149,"[0, 97, 98, 99, 83, 55]",6
2150,"[0, 97, 2, 98, 99, 56]",6
2151,"[0, 2, 3, 77, 15, 86, 24, 97, 98, 99, 43, 49]",12
2152,"[0, 2, 3, 77, 15, 86, 24, 97, 98, 99, 43, 49]",12
2153,"[0, 64, 2, 77, 20, 92, 93, 97, 98, 99, 45]",11
2154,"[0, 2, 15, 86, 91, 97, 98, 99, 49, 54]",10
2155,"[0, 97, 2, 98, 99, 84, 56]",7
2156,"[0, 77, 15, 86, 29, 31, 97, 98, 99, 43]",10
2157,"[0, 2, 77, 15, 86, 97, 98, 99, 43, 49]",10
2158,"[0, 97, 2, 98, 99, 84, 56]",7
2159,"[0, 2, 72, 77, 14, 86, 24, 97, 98, 99, 43]",11
2160,"[97, 98, 99]",3
2161,"[0, 2, 6, 72, 30, 97, 98, 99, 55, 56, 60]",11
2162,"[0, 2, 77, 15, 83, 86, 97, 98, 99, 43]",10
2163,"[0, 6, 77, 93, 96, 97, 98, 99, 49, 53, 56]",11
2164,"[0, 77, 15, 86, 29, 31, 97, 98, 99, 43]",10
2165,"[0, 2, 77, 15, 20, 86, 24, 91, 97, 98, 99, 49]",12
2166,"[0, 97, 2, 99, 98, 43, 77, 55, 93]",9
2167,"[97, 98, 99]",3
2168,"[0, 69, 6, 77, 92, 30, 97, 98, 99, 50, 56]",11
2169,"[0, 97, 2, 98, 99, 56]",6
2170,"[0, 97, 2, 98, 99, 38, 29]",7
2171,"[0, 2, 77, 15, 86, 97, 98, 99, 43, 49]",10
2172,"[0, 97, 2, 99, 98, 43, 77, 15, 86]",9
2173,"[0, 69, 6, 77, 78, 18, 96, 97, 32, 98, 99, 56]",12
2174,"[0, 2, 72, 77, 14, 86, 24, 97, 98, 99, 43]",11
2175,"[0, 97, 98, 99, 23, 93]",6
2176,"[0, 2, 15, 86, 24, 91, 97, 98, 99, 49]",10
2177,"[0, 2, 3, 77, 15, 86, 24, 97, 98, 99, 43, 49]",12
2178,"[0, 97, 2, 99, 98, 43, 77, 15, 86]",9
2179,"[0, 97, 98, 99, 83, 55]",6
2180,"[0, 97, 96, 98, 99, 6, 78, 18, 56]",9
2181,"[0, 97, 98, 99, 6, 77, 23, 56]",8
2182,"[0, 97, 98, 99, 6, 18, 56, 93]",8
2183,"[0, 69, 6, 77, 78, 18, 96, 97, 32, 98, 99, 56]",12
2184,"[0, 97, 2, 98, 36, 99, 72, 56]",8
2185,"[0, 77, 15, 86, 29, 31, 97, 98, 99, 43]",10
2186,"[0, 97, 2, 99, 98, 43, 77]",7
2187,"[0, 6, 77, 18, 93, 96, 97, 98, 99, 53, 56]",11
2188,"[97, 98, 99]",3
2189,"[0, 2, 72, 77, 15, 83, 86, 91, 93, 97, 98, 99, 43, 54, 60]",15
2190,"[0, 2, 3, 77, 15, 86, 24, 97, 98, 99, 43, 49]",12
2191,"[0, 2, 77, 15, 20, 86, 24, 91, 97, 98, 99, 49]",12
2192,"[0, 97, 2, 99, 98, 43, 77, 15, 86]",9
2193,"[0, 2, 15, 86, 24, 91, 97, 98, 99, 49]",10
2194,"[97, 98, 99]",3
2195,"[0, 97, 2, 99, 98, 43, 77, 15, 86]",9
2196,"[0, 97, 2, 99, 98, 43, 77, 55, 93]",9
2197,"[0, 97, 98, 99, 38, 15, 86, 29]",8
2198,"[97, 98, 99]",3
2199,"[0, 6, 77, 18, 23, 96, 97, 98, 99, 56]",10
2200,"[0, 6, 78, 18, 96, 97, 32, 98, 99, 56]",10
2201,"[0, 97, 96, 98, 99, 6, 78, 18, 56]",9
2202,"[0, 97, 2, 99, 98, 47, 19, 83, 55]",9
2203,"[0, 2, 77, 15, 86, 97, 98, 99, 43, 49]",10
2204,"[0, 97, 2, 98, 99, 15, 49, 86]",8
2205,"[97, 98, 99]",3
2206,"[0, 2, 77, 15, 86, 91, 93, 97, 98, 99, 43, 49, 54]",13
2207,"[0, 2, 77, 15, 86, 97, 98, 99, 43, 49]",10
2208,"[97, 98, 99]",3
2209,"[0, 97, 2, 98, 99, 56]",6
2210,"[0, 97, 2, 98, 99, 84, 23, 56, 93]",9
2211,"[0, 97, 2, 99, 98, 43, 77, 15, 86]",9
2212,"[0, 6, 77, 18, 23, 96, 97, 32, 98, 99, 56]",11
2213,"[0, 97, 32, 96, 98, 99, 6, 78, 56]",9
2214,"[0, 2, 77, 15, 83, 86, 97, 98, 99, 43]",10
2215,"[0, 2, 3, 77, 15, 86, 24, 97, 98, 99, 43, 49]",12
2216,"[0, 97, 2, 99, 98, 83, 19, 55]",8
2217,"[0, 97, 2, 98, 99, 56]",6
2218,"[0, 65, 6, 74, 77, 13, 23, 96, 97, 98, 99, 50]",12
2219,"[0, 97, 96, 98, 99, 6, 18, 56, 93]",9
2220,"[0, 97, 2, 98, 99, 43, 77, 15, 86]",9
2221,"[0, 65, 69, 70, 77, 96, 97, 98, 99, 48, 55]",11
2222,"[0, 97, 2, 98, 99, 84]",6
2223,"[0, 6, 77, 18, 23, 96, 97, 32, 98, 99, 56]",11
2224,"[0, 97, 98, 99, 38, 15, 86, 29]",8
2225,"[0, 2, 77, 15, 86, 97, 98, 99, 43, 49]",10
2226,"[0, 97, 2, 98, 99, 43, 77, 15, 86]",9
2227,"[0, 97, 2, 98, 99, 43, 77, 15, 86]",9
2228,"[0, 97, 2, 99, 98, 43, 77, 15, 86]",9
2229,"[0, 2, 72, 77, 15, 86, 91, 93, 97, 98, 99, 43, 49, 54, 60]",15
2230,"[0, 97, 98, 99, 23, 93]",6
2231,"[0, 97, 2, 99, 98, 43, 77, 93]",8
2232,"[0, 2, 3, 77, 15, 86, 24, 97, 98, 99, 43, 49]",12
2233,"[0, 97, 98, 99, 23, 93]",6
2234,"[0, 97, 2, 99, 98, 19, 83, 55]",8
2235,"[0, 2, 77, 15, 86, 24, 91, 97, 98, 99, 43, 49]",12
2236,"[0, 97, 2, 96, 99, 98, 83, 55]",8
2237,"[0, 97, 2, 96, 99, 98, 83, 55]",8
2238,"[0, 97, 2, 98, 99, 56]",6
2239,"[0, 97, 2, 99, 98, 83, 19, 55]",8
2240,"[97, 98, 99]",3
2241,"[0, 6, 77, 18, 93, 96, 97, 98, 99, 53, 56]",11
2242,"[0, 97, 98, 99, 77, 53, 23, 93]",8
2243,"[0, 97, 98, 99, 6, 77, 23, 56]",8
2244,"[0, 97, 2, 96, 99, 98, 55, 30]",8
2245,"[0, 97, 2, 98, 99, 56]",6
2246,"[0, 6, 77, 93, 97, 98, 99, 53, 56, 60]",10
2247,"[0, 2, 77, 15, 86, 24, 91, 97, 98, 99, 43, 49]",12
2248,"[0, 97, 98, 99]",4
2249,"[0, 2, 77, 15, 86, 91, 93, 97, 98, 99, 43, 54]",12
2250,"[0, 97, 2, 99, 98, 72, 55, 56, 30]",9
2251,"[0, 97, 98, 99]",4
2252,"[0, 97, 2, 98, 99, 84, 56]",7
2253,"[0, 2, 3, 77, 15, 86, 24, 97, 98, 99, 43, 49]",12
2254,"[0, 97, 2, 98, 99, 84]",6
2255,"[0, 6, 77, 79, 23, 96, 97, 98, 99, 50, 56]",11
2256,"[0, 97, 98, 99, 38, 15, 86, 29]",8
2257,"[0, 97, 2, 98, 99, 56]",6
2258,"[0, 97, 2, 98, 99, 84]",6
2259,"[97, 98, 99]",3
2260,"[0, 2, 72, 77, 14, 15, 86, 24, 97, 98, 99, 43]",12
2261,"[0, 77, 15, 86, 29, 31, 97, 98, 99, 43]",10
2262,"[0, 97, 98, 99, 83, 55]",6
2263,"[0, 97, 96, 32, 98, 99, 6, 77, 20]",9
2264,"[0, 97, 2, 98, 99, 84, 23, 56, 93]",9
2265,"[0, 2, 72, 30, 96, 97, 98, 99, 55, 56]",10
2266,"[97, 98, 99]",3
2267,"[0, 97, 96, 98, 99, 6, 18, 56, 93]",9
2268,"[0, 2, 72, 77, 14, 86, 24, 97, 98, 99, 43]",11
2269,"[0, 97, 2, 99, 98, 43, 77, 15, 86]",9
2270,"[0, 97, 2, 96, 99, 98, 83, 55]",8
2271,"[0, 97, 96, 98, 99, 6, 18, 56, 93]",9
2272,"[0, 97, 2, 99, 98, 43, 77, 55, 93]",9
2273,"[0, 64, 2, 77, 20, 92, 93, 97, 98, 99, 45]",11
2274,"[0, 97, 98, 99, 38, 15, 86, 29]",8
2275,"[0, 77, 15, 86, 29, 31, 97, 98, 99, 43]",10
2276,"[0, 97, 2, 99, 98, 47, 19, 83, 55]",9
2277,"[0, 2, 3, 77, 15, 86, 24, 97, 98, 99, 43, 49]",12
2278,"[0, 69, 6, 77, 92, 30, 97, 98, 99, 50, 56]",11
2279,"[0, 2, 3, 77, 15, 86, 24, 97, 98, 99, 43, 49]",12
2280,"[0, 65, 6, 74, 77, 13, 23, 96, 97, 98, 99, 50]",12
2281,"[0, 97, 2, 98, 99, 56]",6
2282,"[0, 97, 2, 98, 99, 43, 77, 15, 86]",9
2283,"[0, 97, 2, 99, 98, 77, 84, 53, 56]",9
2284,"[0, 2, 77, 15, 86, 97, 98, 99, 43, 49]",10
2285,"[0, 97, 2, 99, 98, 43, 77, 93]",8
2286,"[0, 97, 98, 99, 6, 18, 56, 93]",8
2287,"[0, 69, 6, 77, 78, 18, 96, 97, 32, 98, 99, 56]",12
2288,"[0, 97, 2, 99, 98, 43, 77, 15, 86]",9
2289,"[0, 97, 2, 99, 98, 83, 19, 55]",8
2290,"[0, 97, 2, 99, 98, 43, 77, 15, 86]",9
2291,"[0, 65, 6, 74, 77, 23, 96, 97, 98, 99, 50]",11
2292,"[0, 2, 3, 77, 15, 86, 24, 97, 98, 99, 43, 49]",12
2293,"[0, 2, 77, 15, 83, 86, 97, 98, 99, 43, 49]",11
2294,"[0, 2, 77, 15, 86, 97, 98, 99, 43, 49]",10
2295,"[0, 65, 69, 70, 77, 30, 96, 97, 98, 99, 48, 55]",12
2296,"[0, 2, 77, 15, 86, 91, 93, 97, 98, 99, 43, 49, 54]",13
2297,"[0, 77, 15, 86, 91, 29, 93, 31, 97, 98, 99, 43, 54]",13
2298,"[0, 2, 15, 86, 24, 91, 97, 98, 99, 49]",10
2299,"[0, 69, 6, 77, 78, 18, 96, 97, 32, 98, 99, 56]",12
2300,"[0, 97, 98, 99, 23, 93]",6
2301,"[0, 97, 2, 99, 98, 19, 83, 55]",8
2302,"[0, 2, 72, 77, 15, 83, 86, 91, 93, 97, 98, 99, 43, 49, 54, 60]",16
2303,"[97, 98, 99]",3
2304,"[0, 97, 2, 98, 99, 56]",6
2305,"[97, 98, 99]",3
2306,"[97, 98, 99]",3
2307,"[0, 97, 2, 96, 99, 98, 83, 55]",8
2308,"[97, 98, 99]",3
2309,"[97, 98, 99]",3
2310,"[0, 2, 77, 15, 86, 97, 98, 99, 43, 49]",10
2311,"[0, 97, 96, 98, 99, 6, 78, 18, 56]",9
2312,"[0, 97, 96, 98, 99, 6, 78, 18, 56]",9
2313,"[0, 97, 2, 99, 98, 43, 77, 15, 86]",9
2314,"[0, 97, 2, 98, 99, 43, 77, 15, 86]",9
2315,"[0, 2, 77, 15, 86, 97, 98, 99, 43, 49]",10
2316,"[0, 97, 2, 98, 99, 56]",6
2317,"[0, 97, 96, 98, 99, 6, 18, 56, 93]",9
2318,"[0, 2, 15, 86, 24, 91, 97, 98, 99, 49]",10
2319,"[0, 2, 3, 77, 15, 86, 24, 97, 98, 99, 43, 49]",12
2320,"[0, 97, 98, 99, 6, 18, 56, 93]",8
2321,"[0, 2, 72, 77, 15, 86, 91, 93, 97, 98, 99, 43, 49, 54, 60]",15
2322,"[0, 97, 2, 99, 98, 43, 77, 15, 86]",9
2323,"[0, 2, 77, 15, 83, 86, 97, 98, 99, 43, 49]",11
2324,"[0, 2, 77, 15, 86, 24, 91, 97, 98, 99, 43, 49]",12
2325,"[0, 97, 98, 99, 83, 55]",6
2326,"[0, 97, 2, 96, 99, 98, 55, 30]",8
2327,"[0, 97, 32, 96, 98, 99, 6, 78, 56]",9
2328,"[0, 2, 77, 15, 83, 86, 97, 98, 99, 43]",10
2329,"[0, 97, 2, 99, 98, 83, 19, 55]",8
2330,"[0, 97, 98, 99, 23, 93]",6
2331,"[0, 2, 77, 15, 86, 24, 91, 97, 98, 99, 43, 49]",12
2332,"[0, 2, 77, 15, 86, 97, 98, 99, 43, 49]",10
2333,"[0, 65, 6, 74, 77, 13, 23, 96, 97, 98, 99]",11
2334,"[0, 2, 77, 15, 20, 86, 24, 91, 97, 98, 99, 49]",12
2335,"[0, 97, 2, 99, 98, 72, 55, 30]",8
2336,"[0, 6, 78, 18, 32, 97, 96, 98, 99, 56]",10
2337,"[0, 97, 2, 99, 98, 43, 77]",7
2338,"[0, 97, 98, 99, 77, 53, 23, 93]",8
2339,"[0, 97, 98, 99, 38, 15, 86, 29]",8
2340,"[0, 2, 72, 77, 14, 86, 24, 97, 98, 99, 43]",11
2341,"[0, 2, 77, 15, 20, 86, 91, 97, 98, 99, 49, 54]",12
2342,"[0, 97, 2, 98, 99, 56]",6
2343,"[0, 6, 77, 93, 97, 98, 99, 53, 56, 60]",10
2344,"[97, 98, 99]",3
2345,"[0, 2, 77, 15, 86, 91, 93, 97, 98, 99, 43, 49, 54]",13
2346,"[0, 97, 2, 98, 99, 43, 77, 15, 86]",9
2347,"[0, 2, 3, 77, 15, 86, 24, 97, 98, 99, 43, 49]",12
2348,"[0, 97, 2, 99, 98, 83, 19, 55]",8
2349,"[0, 32, 2, 97, 98, 99, 84, 24, 56]",9
2350,"[0, 97, 98, 99]",4
2351,"[0, 6, 77, 18, 23, 96, 97, 98, 99, 56]",10
2352,"[0, 97, 2, 99, 98, 19, 83, 55]",8
2353,"[0, 97, 98, 99, 83, 55]",6
2354,"[0, 2, 77, 15, 83, 86, 97, 98, 99, 43, 49]",11
2355,"[0, 2, 3, 77, 15, 86, 24, 97, 98, 99, 43, 49]",12
2356,"[0, 97, 2, 98, 99, 56]",6
2357,"[0, 2, 77, 15, 20, 86, 24, 91, 97, 98, 99, 49]",12
2358,"[0, 97, 2, 99, 98, 43, 77, 15, 86]",9
2359,"[0, 97, 98, 99, 6, 77, 23, 56]",8
2360,"[0, 6, 18, 93, 96, 97, 98, 99, 49, 56]",10
2361,"[0, 97, 98, 99, 77, 53, 23, 93]",8
2362,"[0, 97, 2, 98, 99, 56]",6
2363,"[0, 2, 72, 77, 14, 86, 24, 97, 98, 99, 43]",11
2364,"[0, 97, 2, 98, 99, 56]",6
2365,"[0, 2, 6, 77, 18, 23, 97, 98, 99, 49, 56]",11
2366,"[0, 97, 96, 98, 99, 6, 18, 56, 93]",9
2367,"[0, 97, 98, 99, 38, 29]",6
2368,"[0, 97, 2, 99, 36, 98, 72, 56]",8
2369,"[0, 2, 3, 77, 15, 86, 24, 97, 98, 99, 43, 49]",12
2370,"[0, 2, 77, 15, 86, 24, 91, 97, 98, 99, 43, 49]",12
2371,"[0, 2, 77, 15, 86, 97, 98, 99, 43, 49]",10
2372,"[0, 97, 96, 98, 99, 6, 18, 56, 93]",9
2373,"[0, 97, 96, 98, 99, 6, 49, 56, 93]",9
2374,"[0, 97, 2, 99, 98, 43, 77, 15, 86]",9
2375,"[0, 97, 2, 99, 98, 72, 55, 56, 30]",9
2376,"[0, 97, 96, 98, 99, 6, 78, 18, 56]",9
2377,"[0, 97, 2, 98, 99, 23, 56, 93]",8
2378,"[0, 97, 2, 98, 99, 56]",6
2379,"[0, 97, 2, 98, 99, 15, 49, 86]",8
2380,"[0, 97, 2, 98, 99, 56]",6
2381,"[0, 97, 2, 99, 98, 19, 83, 55]",8
2382,"[0, 2, 77, 15, 83, 86, 97, 98, 99, 43]",10
2383,"[0, 77, 15, 86, 29, 31, 97, 98, 99, 43]",10
2384,"[0, 97, 98, 99, 77, 53, 23, 93]",8
2385,"[0, 97, 96, 98, 99, 6, 77, 23, 56]",9
2386,"[0, 97, 2, 98, 99, 56]",6
2387,"[0, 2, 72, 77, 14, 86, 24, 97, 98, 99, 43]",11
2388,"[97, 98, 99]",3
2389,"[0, 2, 15, 86, 91, 97, 98, 99, 49, 54]",10
2390,"[0, 97, 98, 99]",4
2391,"[0, 2, 15, 86, 24, 91, 97, 98, 99, 49]",10
2392,"[0, 2, 77, 15, 86, 97, 98, 99, 43, 49]",10
2393,"[0, 97, 2, 99, 98, 83, 19, 55]",8
2394,"[0, 2, 15, 86, 24, 91, 97, 98, 99, 49]",10
2395,"[0, 2, 77, 15, 86, 91, 93, 97, 98, 99, 43, 49, 54]",13
2396,"[0, 2, 72, 77, 14, 86, 24, 97, 98, 99, 43]",11
2397,"[0, 6, 77, 18, 23, 96, 97, 32, 98, 99, 56]",11
2398,"[0, 6, 77, 18, 23, 96, 97, 32, 98, 99, 56]",11
2399,"[0, 97, 2, 98, 99, 38, 29]",7
2400,"[0, 2, 77, 15, 86, 91, 93, 97, 98, 99, 43, 54]",12
2401,"[0, 2, 72, 77, 14, 15, 86, 24, 97, 98, 99, 43]",12
2402,"[0, 97, 96, 98, 99, 6, 78, 18, 56]",9
2403,"[0, 97, 2, 98, 99, 23, 56, 93]",8
2404,"[0, 97, 96, 98, 99, 6, 18, 56, 93]",9
2405,"[0, 97, 98, 99, 38, 15, 86, 29]",8
2406,"[0, 2, 77, 15, 20, 86, 24, 91, 97, 98, 99, 49]",12
2407,"[0, 64, 2, 77, 20, 92, 93, 97, 98, 99, 45]",11
2408,"[0, 2, 72, 77, 14, 86, 24, 97, 98, 99, 43]",11
2409,"[0, 65, 6, 74, 77, 13, 23, 96, 97, 98, 99, 50]",12
2410,"[0, 97, 2, 99, 36, 98, 72, 56]",8
2411,"[0, 2, 77, 15, 86, 97, 98, 99, 43, 49]",10
2412,"[0, 97, 2, 98, 99, 56]",6
2413,"[0, 2, 72, 77, 15, 86, 91, 93, 97, 98, 99, 43, 49, 54, 60]",15
2414,"[0, 97, 2, 98, 99, 56]",6
2415,"[0, 69, 6, 77, 78, 18, 96, 97, 32, 98, 99, 56]",12
2416,"[0, 65, 6, 74, 77, 13, 22, 23, 96, 97, 98, 99]",12
2417,"[0, 2, 15, 86, 24, 91, 97, 98, 99, 49]",10
2418,"[0, 97, 98, 99, 77, 53, 23, 93]",8
2419,"[0, 2, 3, 77, 15, 86, 24, 97, 98, 99, 43, 49]",12
2420,"[0, 77, 15, 86, 29, 31, 97, 98, 99, 43]",10
2421,"[0, 97, 2, 98, 99, 43, 77, 15, 86]",9
2422,"[0, 97, 2, 99, 98, 43, 77, 15, 86]",9
2423,"[0, 97, 96, 32, 98, 99, 6, 78, 56]",9
2424,"[0, 97, 2, 99, 98, 83, 19, 55]",8
2425,"[0, 97, 2, 99, 98, 19, 83, 55]",8
2426,"[0, 97, 2, 99, 98, 43, 77, 15, 86]",9
2427,"[0, 97, 98, 99, 38, 15, 86, 29]",8
2428,"[0, 97, 2, 98, 99, 56]",6
2429,"[0, 97, 96, 98, 99, 6, 18, 56, 93]",9
2430,"[0, 97, 2, 98, 99, 84, 56]",7
2431,"[0, 97, 2, 98, 99, 84, 56]",7
2432,"[0, 6, 77, 93, 97, 98, 99, 53, 56, 60]",10
2433,"[0, 2, 77, 15, 83, 86, 97, 98, 99, 43]",10
2434,"[0, 97, 2, 99, 98, 19, 83, 55]",8
2435,"[0, 65, 69, 70, 77, 30, 96, 97, 98, 99, 48, 55]",12
2436,"[0, 97, 96, 98, 99, 6, 18, 56, 93]",9
2437,"[0, 97, 96, 98, 99, 6, 78, 18, 56]",9
2438,"[0, 2, 3, 77, 15, 86, 24, 97, 98, 99, 43, 49]",12
2439,"[0, 97, 96, 98, 99, 6, 18, 56]",8
2440,"[0, 97, 2, 98, 99, 84]",6
2441,"[0, 2, 72, 77, 14, 15, 86, 24, 97, 98, 99, 43]",12
2442,"[0, 97, 2, 98, 99, 56]",6
2443,"[0, 2, 77, 15, 86, 91, 93, 97, 98, 99, 43, 49, 54]",13
2444,"[97, 98, 99]",3
2445,"[0, 2, 72, 77, 15, 83, 86, 91, 93, 97, 98, 99, 43, 49, 54, 60]",16
2446,"[0, 97, 2, 96, 99, 98, 55, 30]",8
2447,"[0, 97, 2, 98, 99, 56]",6
2448,"[0, 97, 98, 99, 77, 53, 23, 93]",8
2449,"[0, 2, 3, 77, 15, 86, 24, 97, 98, 99, 43, 49]",12
2450,"[0, 65, 6, 74, 77, 22, 23, 96, 97, 98, 99, 50]",12
2451,"[97, 98, 99]",3
2452,"[0, 97, 2, 98, 99, 56]",6
2453,"[0, 2, 3, 77, 15, 86, 24, 97, 98, 99, 43, 49]",12
2454,"[0, 97, 98, 99, 23, 93]",6
2455,"[0, 6, 77, 18, 23, 96, 97, 32, 98, 99, 56]",11
2456,"[0, 97, 98, 99]",4
2457,"[0, 97, 2, 99, 98, 43, 77, 55, 93]",9
2458,"[0, 97, 98, 99, 83, 55]",6
2459,"[0, 2, 77, 15, 86, 97, 98, 99, 43, 49]",10
2460,"[97, 98, 99]",3
2461,"[0, 97, 2, 98, 99, 47, 19, 83, 55]",9
2462,"[0, 2, 72, 77, 14, 86, 24, 97, 98, 99, 43]",11
2463,"[97, 98, 99]",3
2464,"[0, 97, 2, 96, 99, 98, 83, 55]",8
2465,"[0, 97, 2, 99, 98, 72, 55, 56, 30]",9
2466,"[0, 97, 2, 98, 99, 56]",6
2467,"[0, 2, 15, 86, 24, 91, 97, 98, 99, 49]",10
2468,"[0, 97, 98, 99, 38, 15, 86, 29]",8
2469,"[0, 97, 96, 98, 99, 6, 18, 56, 93]",9
2470,"[0, 97, 2, 98, 99, 56]",6
2471,"[0, 2, 77, 15, 86, 24, 91, 97, 98, 99, 43, 49]",12
2472,"[0, 97, 2, 98, 99, 83, 19, 55, 56]",9
2473,"[0, 2, 77, 15, 86, 97, 98, 99, 43, 49]",10
2474,"[0, 97, 96, 32, 98, 99, 6, 77, 20]",9
2475,"[0, 97, 2, 98, 99, 56]",6
2476,"[0, 2, 3, 77, 15, 86, 24, 97, 98, 99, 43, 49]",12
2477,"[0, 2, 77, 15, 86, 91, 93, 97, 98, 99, 43, 49, 54]",13
2478,"[0, 2, 77, 15, 86, 97, 98, 99, 43, 49]",10
2479,"[0, 2, 15, 86, 24, 91, 97, 98, 99, 49]",10
2480,"[0, 77, 15, 86, 29, 31, 97, 98, 99, 43]",10
2481,"[0, 97, 2, 98, 99, 56]",6
2482,"[0, 2, 77, 15, 86, 97, 98, 99, 43, 49]",10
2483,"[0, 97, 96, 98, 99, 6, 18, 56, 93]",9
2484,"[0, 96, 2, 97, 99, 98, 84, 55]",8
2485,"[0, 2, 15, 86, 91, 97, 98, 99, 49, 54]",10
2486,"[0, 2, 77, 15, 86, 91, 93, 97, 98, 99, 43, 49, 54]",13
2487,"[0, 97, 98, 99, 83, 55]",6
2488,"[0, 97, 98, 99, 23, 93]",6
2489,"[0, 97, 98, 99, 23, 93]",6
2490,"[0, 2, 77, 15, 86, 97, 98, 99, 43, 49]",10
2491,"[0, 2, 77, 15, 86, 97, 98, 99, 43, 49]",10
2492,"[97, 98, 99]",3
2493,"[0, 2, 77, 15, 86, 97, 98, 99, 43, 49]",10
2494,"[0, 2, 77, 15, 20, 86, 91, 97, 98, 99, 49, 54]",12
2495,"[0, 97, 2, 99, 98, 72, 55, 30]",8
2496,"[0, 2, 77, 15, 83, 86, 97, 98, 99, 43, 49]",11
2497,"[0, 2, 72, 77, 14, 86, 24, 97, 98, 99, 43]",11
2498,"[0, 2, 77, 15, 86, 27, 97, 98, 99, 43, 49]",11
2499,"[0, 2, 77, 15, 86, 97, 98, 99, 43, 49]",10
2500,"[0, 2, 77, 15, 86, 97, 98, 99, 43, 49]",10
2501,"[0, 6, 18, 93, 96, 97, 98, 99, 49, 56]",10
2502,"[0, 97, 96, 98, 99, 6, 49, 56, 93]",9
2503,"[0, 2, 77, 15, 86, 97, 98, 99, 43, 49]",10
2504,"[0, 2, 77, 15, 86, 91, 93, 97, 98, 99, 43, 54]",12
2505,"[0, 6, 77, 18, 23, 96, 97, 98, 99, 56]",10
2506,"[0, 97, 98, 99]",4
2507,"[0, 97, 2, 99, 98, 19, 83, 55]",8
2508,"[0, 97, 2, 96, 99, 98, 83, 55]",8
2509,"[0, 77, 15, 86, 91, 29, 93, 31, 97, 98, 99, 43, 54]",13
2510,"[0, 97, 98, 99]",4
2511,"[0, 2, 77, 15, 86, 97, 98, 99, 43, 49]",10
2512,"[0, 97, 98, 99, 6, 18, 56, 93]",8
2513,"[0, 2, 72, 77, 14, 86, 24, 97, 98, 99, 43]",11
2514,"[0, 97, 98, 99, 38, 29]",6
2515,"[0, 69, 6, 77, 92, 30, 97, 98, 99, 50, 56]",11
2516,"[0, 77, 15, 86, 29, 31, 97, 98, 99, 43]",10
2517,"[0, 97, 2, 98, 99, 56]",6
2518,"[0, 2, 77, 15, 83, 86, 97, 98, 99, 43]",10
2519,"[0, 97, 98, 99, 83, 55]",6
2520,"[0, 2, 77, 15, 86, 97, 98, 99, 43, 49]",10
2521,"[0, 97, 2, 99, 98, 43, 77, 15, 86]",9
2522,"[0, 2, 6, 77, 18, 23, 97, 98, 99, 49, 56]",11
2523,"[0, 2, 77, 15, 86, 97, 98, 99, 43, 49]",10
2524,"[0, 97, 2, 99, 98, 19, 83, 55]",8
2525,"[0, 69, 6, 77, 78, 18, 96, 97, 32, 98, 99, 56]",12
2526,"[0, 97, 2, 98, 99, 15, 49, 86]",8
2527,"[0, 97, 98, 99, 6, 18, 56, 93]",8
2528,"[0, 97, 2, 99, 98, 43, 77, 93]",8
2529,"[0, 2, 77, 15, 86, 97, 98, 99, 43, 49]",10
2530,"[0, 2, 77, 15, 86, 24, 91, 97, 98, 99, 43, 49]",12
2531,"[0, 6, 78, 18, 96, 97, 32, 98, 99, 56]",10
2532,"[0, 97, 2, 98, 99, 38, 29]",7
2533,"[0, 97, 2, 98, 99, 56]",6
2534,"[0, 97, 2, 98, 99, 84, 56]",7
2535,"[0, 97, 2, 96, 98, 99]",6
2536,"[0, 32, 2, 97, 98, 99, 84, 24, 56]",9
2537,"[0, 97, 98, 99]",4
2538,"[0, 97, 2, 98, 99, 56]",6
2539,"[0, 2, 77, 15, 86, 97, 98, 99, 43, 49]",10
2540,"[0, 6, 77, 18, 23, 96, 97, 32, 98, 99, 56]",11
2541,"[97, 98, 99]",3
2542,"[0, 2, 77, 15, 20, 86, 24, 91, 97, 98, 99, 49]",12
2543,"[0, 2, 15, 86, 24, 91, 97, 98, 99, 49]",10
2544,"[97, 98, 99]",3
2545,"[0, 97, 96, 98, 99, 6, 77, 23, 56]",9
2546,"[0, 2, 77, 15, 86, 97, 98, 99, 43, 49]",10
2547,"[0, 6, 77, 79, 23, 96, 97, 98, 99, 49, 50, 56]",12
2548,"[0, 97, 96, 98, 99, 6, 77, 23, 56]",9
2549,"[0, 2, 77, 15, 86, 24, 91, 97, 98, 99, 43, 49]",12
2550,"[0, 2, 77, 15, 86, 97, 98, 99, 43, 49]",10
2551,"[0, 97, 2, 98, 99, 56]",6
2552,"[0, 2, 77, 15, 86, 97, 98, 99, 43, 49]",10
2553,"[0, 97, 96, 98, 99, 6, 78, 18, 56]",9
2554,"[0, 2, 77, 15, 86, 97, 98, 99, 43, 49]",10
2555,"[0, 2, 72, 77, 14, 86, 24, 97, 98, 99, 43]",11
2556,"[0, 97, 2, 98, 99, 38, 29]",7
2557,"[0, 6, 77, 79, 23, 96, 97, 98, 99, 49, 50, 56]",12
2558,"[0, 97, 2, 96, 99, 98, 55, 30]",8
2559,"[0, 97, 2, 96, 98, 99]",6
2560,"[0, 2, 72, 77, 14, 15, 86, 24, 97, 98, 99, 43]",12
2561,"[0, 2, 77, 15, 86, 91, 93, 97, 98, 99, 43, 49, 54]",13
2562,"[0, 2, 77, 15, 86, 97, 98, 99, 43, 49]",10
2563,"[0, 97, 96, 98, 99, 6, 18, 56]",8
2564,"[0, 6, 77, 18, 23, 96, 97, 32, 98, 99, 56]",11
2565,"[0, 2, 77, 15, 86, 97, 98, 99, 43, 49]",10
2566,"[0, 2, 72, 77, 14, 86, 24, 97, 98, 99, 43]",11
2567,"[0, 65, 6, 74, 77, 13, 23, 96, 97, 98, 99, 50]",12
2568,"[0, 2, 77, 15, 86, 97, 98, 99, 43, 49]",10
2569,"[0, 97, 96, 98, 99, 6, 77, 23, 56]",9
2570,"[0, 2, 77, 15, 83, 86, 97, 98, 99, 43]",10
2571,"[0, 97, 96, 98, 99, 6, 78, 18, 56]",9
2572,"[0, 97, 2, 98, 99, 56]",6
2573,"[0, 2, 3, 77, 15, 86, 24, 97, 98, 99, 43, 49]",12
2574,"[0, 97, 2, 98, 99, 56]",6
2575,"[0, 69, 6, 77, 78, 18, 96, 97, 32, 98, 99, 56]",12
2576,"[97, 98, 99]",3
2577,"[0, 97, 2, 98, 99, 56]",6
2578,"[0, 2, 77, 15, 86, 97, 98, 99, 43, 49]",10
2579,"[0, 2, 77, 15, 86, 97, 98, 99, 43, 49]",10
2580,"[0, 97, 96, 98, 99, 6, 18, 56, 93]",9
2581,"[0, 97, 2, 99, 98, 72, 55, 30]",8
2582,"[97, 98, 99]",3
2583,"[0, 6, 77, 18, 23, 96, 97, 98, 99, 56]",10
2584,"[0, 97, 2, 98, 99, 56]",6
2585,"[0, 2, 77, 15, 86, 97, 98, 99, 43, 49]",10
2586,"[0, 2, 77, 15, 20, 86, 24, 91, 97, 98, 99, 49]",12
2587,"[0, 97, 2, 99, 98, 43, 77, 55, 93]",9
2588,"[0, 2, 72, 77, 15, 83, 86, 91, 93, 97, 98, 99, 43, 49, 54, 60]",16
2589,"[0, 2, 77, 15, 83, 86, 97, 98, 99, 43]",10
2590,"[0, 2, 77, 15, 86, 97, 98, 99, 43, 49]",10
2591,"[0, 2, 77, 15, 83, 86, 97, 98, 99, 43]",10
2592,"[0, 6, 18, 93, 96, 97, 98, 99, 49, 56]",10
2593,"[0, 97, 98, 99, 6, 18, 56, 93]",8
2594,"[0, 2, 77, 15, 83, 86, 97, 98, 99, 43]",10
2595,"[0, 97, 98, 99]",4
2596,"[0, 65, 69, 70, 77, 30, 96, 97, 98, 99, 48, 55]",12
2597,"[0, 2, 77, 15, 86, 24, 91, 97, 98, 99, 43, 49]",12
2598,"[0, 97, 98, 99, 6, 18, 56, 93]",8
2599,"[0, 97, 2, 99, 98, 43, 77, 15, 86]",9
2600,"[0, 97, 98, 99, 83, 55]",6
2601,"[0, 2, 77, 15, 86, 97, 98, 99, 43, 49]",10
2602,"[97, 98, 99]",3
2603,"[0, 69, 6, 77, 78, 18, 96, 97, 32, 98, 99, 56]",12
2604,"[0, 97, 98, 99, 38, 29]",6
2605,"[0, 2, 72, 77, 14, 86, 24, 97, 98, 99, 43]",11
2606,"[97, 98, 99]",3
2607,"[0, 97, 96, 98, 99, 6, 77, 23, 56]",9
2608,"[0, 97, 2, 98, 99, 56]",6
2609,"[0, 2, 77, 15, 86, 97, 98, 99, 43, 49]",10
2610,"[0, 97, 98, 99, 83, 55]",6
2611,"[0, 77, 15, 86, 29, 97, 98, 99, 38, 43]",10
2612,"[0, 97, 2, 98, 99, 84, 56]",7
2613,"[0, 97, 96, 98, 99, 6, 56, 93]",8
2614,"[0, 2, 15, 86, 24, 91, 97, 98, 99, 49]",10
2615,"[0, 97, 2, 99, 98, 43, 77, 93]",8
2616,"[0, 97, 2, 98, 99, 56]",6
2617,"[0, 97, 2, 98, 99, 56]",6
2618,"[0, 2, 77, 15, 86, 97, 98, 99, 43, 49]",10
2619,"[0, 97, 96, 98, 99, 39, 23, 93]",8
2620,"[0, 77, 15, 86, 29, 31, 97, 98, 99, 43]",10
2621,"[0, 97, 2, 98, 99, 56]",6
2622,"[0, 2, 77, 15, 86, 97, 98, 99, 43, 49]",10
2623,"[0, 2, 15, 86, 91, 97, 98, 99, 49, 54]",10
2624,"[0, 2, 15, 86, 24, 91, 97, 98, 99, 49]",10
2625,"[0, 2, 77, 15, 86, 97, 98, 99, 43, 49]",10
2626,"[0, 97, 2, 98, 99, 56]",6
2627,"[0, 97, 98, 99, 36, 72]",6
2628,"[0, 2, 72, 77, 14, 15, 86, 24, 97, 98, 99, 43]",12
2629,"[0, 2, 3, 77, 15, 86, 24, 97, 98, 99, 43, 49]",12
2630,"[0, 2, 3, 77, 15, 86, 24, 97, 98, 99, 43, 49]",12
2631,"[0, 2, 77, 15, 86, 97, 98, 99, 43, 49]",10
2632,"[0, 65, 6, 74, 77, 23, 96, 97, 98, 99, 50]",11
2633,"[0, 97, 2, 98, 99, 56]",6
2634,"[0, 6, 93, 96, 97, 98, 99, 49, 56, 60]",10
2635,"[0, 6, 77, 18, 23, 96, 97, 32, 98, 99, 56]",11
2636,"[0, 97, 98, 99]",4
2637,"[0, 97, 2, 99, 98, 43, 77, 15, 86]",9
2638,"[0, 97, 2, 99, 98, 19, 83, 55]",8
2639,"[0, 77, 15, 86, 91, 29, 93, 31, 97, 98, 99, 43, 54]",13
2640,"[0, 2, 77, 15, 86, 97, 98, 99, 43, 49]",10
2641,"[0, 97, 96, 98, 99, 6, 18, 56, 93]",9
2642,"[0, 97, 98, 99, 23, 93]",6
2643,"[0, 97, 98, 99, 38, 15, 86, 29]",8
2644,"[0, 97, 2, 96, 99, 98, 83, 55]",8
2645,"[0, 97, 2, 98, 99, 56]",6
2646,"[0, 97, 2, 99, 98, 19, 83, 55, 56]",9
2647,"[0, 2, 72, 77, 15, 86, 91, 93, 97, 98, 99, 43, 49, 54, 60]",15
2648,"[0, 97, 98, 99]",4
2649,"[0, 97, 96, 98, 99, 6, 18, 56, 93]",9
2650,"[0, 2, 77, 15, 86, 24, 91, 97, 98, 99, 43, 49]",12
2651,"[97, 98, 99]",3
2652,"[0, 65, 6, 74, 77, 13, 23, 96, 97, 98, 99, 50]",12
2653,"[0, 97, 98, 99, 23, 93]",6
2654,"[0, 2, 3, 77, 15, 86, 24, 97, 98, 99, 43, 49]",12
2655,"[0, 2, 77, 15, 86, 97, 98, 99, 43, 49]",10
2656,"[0, 97, 32, 96, 98, 99, 6, 18, 56]",9
2657,"[0, 97, 2, 98, 99, 56]",6
2658,"[0, 97, 98, 99]",4
2659,"[0, 97, 2, 96, 99, 98, 83, 55]",8
2660,"[0, 2, 15, 86, 24, 91, 97, 98, 99, 49]",10
2661,"[0, 77, 15, 86, 29, 31, 97, 98, 99, 43]",10
2662,"[0, 2, 77, 15, 86, 91, 93, 97, 98, 99, 43, 49, 54]",13
2663,"[0, 64, 2, 77, 20, 92, 93, 97, 98, 99, 45]",11
2664,"[0, 97, 96, 32, 98, 99, 6, 78, 56]",9
2665,"[0, 97, 2, 98, 99, 56]",6
2666,"[0, 97, 2, 98, 99, 84]",6
2667,"[0, 97, 2, 98, 99, 56]",6
2668,"[0, 6, 77, 93, 97, 98, 99, 53, 56, 60]",10
2669,"[0, 97, 98, 99, 38, 15, 86, 29]",8
2670,"[0, 2, 6, 77, 23, 97, 98, 99, 49, 56]",10
2671,"[0, 2, 77, 15, 20, 86, 91, 97, 98, 99, 49, 54]",12
2672,"[0, 2, 15, 86, 24, 91, 97, 98, 99, 49]",10
2673,"[97, 98, 99]",3
2674,"[0, 2, 15, 86, 24, 91, 97, 98, 99, 49]",10
2675,"[0, 2, 77, 15, 86, 97, 98, 99, 43, 49]",10
1,"[0, 96, 97, 98, 99, 6, 50, 85, 29]",9
2,"[0, 97, 2, 98, 99, 43, 77, 15, 86]",9
3,"[0, 97, 2, 98, 99, 6, 19, 60, 62]",9
4,"[0, 97, 2, 98, 99, 43, 77, 15, 86]",9
5,"[0, 2, 72, 77, 14, 86, 24, 97, 98, 99, 43]",11
6,"[0, 2, 72, 77, 14, 86, 24, 97, 98, 99, 43]",11
7,"[0, 2, 72, 77, 14, 86, 24, 97, 98, 99, 43]",11
8,"[0, 2, 72, 77, 14, 86, 97, 98, 99, 43]",10
9,"[0, 2, 77, 15, 83, 86, 97, 98, 99, 43, 49]",11
10,"[0, 2, 77, 15, 83, 86, 97, 98, 99, 43, 49]",11
11,"[0, 2, 77, 19, 24, 97, 98, 99, 43, 55]",10
12,"[0, 64, 2, 77, 19, 93, 97, 98, 99, 43, 53, 56, 62]",13
13,"[0, 2, 77, 15, 83, 86, 97, 98, 99, 43, 49]",11
14,"[0, 2, 72, 15, 83, 86, 91, 93, 97, 98, 99, 54, 60]",13
15,"[0, 97, 2, 98, 99, 43, 77, 15, 86]",9
16,"[0, 97, 2, 98, 99, 19, 62]",7
17,"[0, 65, 6, 74, 77, 13, 23, 92, 97, 98, 99, 50, 56]",13
18,"[0, 2, 77, 15, 83, 86, 97, 98, 99, 43, 49]",11
19,"[0, 64, 2, 6, 72, 77, 19, 93, 97, 98, 99, 43, 60, 62]",14
20,"[0, 97, 2, 98, 99, 43, 77, 15, 86]",9
21,"[0, 64, 2, 77, 19, 93, 97, 98, 99, 41, 43, 56]",12
22,"[0, 2, 72, 77, 14, 86, 24, 97, 98, 99, 43]",11
23,"[0, 97, 2, 99, 98, 6, 19, 55, 60]",9
24,"[0, 64, 2, 77, 19, 93, 97, 98, 99, 43, 56, 62]",12
25,"[0, 97, 2, 98, 99, 43, 77, 15, 86]",9
26,"[0, 97, 2, 96, 98, 5, 99, 41]",8
27,"[0, 64, 2, 77, 19, 84, 24, 93, 97, 98, 99, 43, 56]",13
28,"[0, 2, 6, 77, 19, 97, 98, 99, 43, 60]",10
29,"[0, 64, 2, 77, 19, 93, 97, 98, 99, 43]",10
30,"[0, 1, 69, 6, 77, 78, 92, 96, 97, 98, 99, 56]",12
31,"[0, 1, 5, 6, 91, 92, 96, 97, 98, 99, 56]",11
32,"[0, 64, 2, 97, 98, 99, 19, 93]",8
33,"[0, 64, 2, 77, 19, 93, 97, 98, 99, 43]",10
34,"[0, 72, 77, 86, 24, 29, 31, 97, 98, 99, 43, 60]",12
35,"[0, 2, 72, 77, 14, 86, 24, 97, 98, 99, 43]",11
36,"[0, 97, 2, 99, 98, 19, 55]",7
37,"[0, 97, 2, 99, 98, 43, 77, 29, 31]",9
38,"[0, 64, 2, 77, 19, 93, 97, 98, 99, 43]",10
39,"[0, 2, 77, 15, 83, 20, 86, 24, 91, 97, 98, 99, 49]",13
40,"[0, 6, 77, 79, 93, 97, 98, 99, 53, 56]",10
41,"[0, 2, 77, 15, 83, 86, 97, 98, 99, 43, 49]",11
42,"[0, 2, 19, 83, 97, 98, 99, 41, 55, 56]",10
43,"[0, 2, 3, 15, 83, 86, 24, 91, 97, 98, 99]",11
44,"[0, 2, 72, 77, 14, 86, 24, 97, 98, 99, 43]",11
45,"[0, 97, 2, 99, 98, 43, 77, 19, 55]",9
46,"[0, 2, 6, 19, 28, 97, 98, 99, 60, 62]",10
47,"[0, 97, 2, 99, 98, 43, 77, 29, 31]",9
48,"[0, 97, 2, 98, 99, 43, 77, 15, 86]",9
49,"[0, 2, 15, 83, 86, 91, 92, 93, 97, 98, 99, 54]",12
50,"[0, 2, 77, 15, 83, 86, 91, 93, 97, 98, 99, 43, 54]",13
51,"[0, 97, 2, 99, 98, 19, 83, 55]",8
52,"[0, 2, 5, 6, 77, 18, 97, 98, 99, 53]",10
53,"[0, 6, 77, 93, 97, 98, 99, 49, 53, 56]",10
54,"[0, 2, 77, 15, 83, 86, 97, 98, 99, 43]",10
55,"[0, 64, 2, 6, 77, 19, 93, 97, 98, 99, 43, 60]",12
56,"[0, 64, 2, 77, 19, 93, 97, 98, 99, 43, 56, 62]",12
57,"[0, 2, 72, 19, 97, 98, 99, 41, 55, 56]",10
58,"[0, 2, 15, 83, 86, 24, 97, 98, 99, 49]",10
59,"[0, 2, 5, 6, 78, 18, 96, 97, 98, 99]",10
60,"[0, 2, 77, 15, 83, 86, 97, 98, 99, 43, 49]",11
61,"[0, 64, 2, 77, 19, 84, 93, 97, 98, 99, 43, 56]",12
62,"[0, 2, 6, 77, 19, 23, 97, 98, 99, 55, 60]",11
63,"[0, 2, 5, 6, 77, 78, 93, 97, 98, 99, 49, 53, 56]",13
64,"[0, 2, 77, 15, 83, 20, 86, 91, 97, 98, 99, 49, 54]",13
65,"[0, 2, 5, 6, 77, 78, 23, 96, 97, 98, 99]",11
66,"[0, 72, 14, 86, 24, 29, 97, 98, 99, 38, 60]",11
67,"[0, 2, 72, 77, 14, 86, 24, 97, 98, 99, 43]",11
68,"[0, 2, 77, 15, 83, 86, 97, 98, 99, 43]",10
69,"[0, 64, 2, 77, 20, 92, 97, 98, 99, 45]",10
70,"[0, 2, 6, 77, 19, 28, 97, 98, 99, 43, 60]",11
71,"[0, 6, 77, 93, 97, 98, 99, 49, 53, 56, 60]",11
72,"[0, 2, 77, 15, 83, 86, 91, 93, 97, 98, 99, 43, 49, 54]",14
73,"[0, 2, 5, 6, 77, 23, 97, 98, 99, 53, 56]",11
74,"[0, 64, 2, 77, 19, 93, 97, 98, 99, 41, 43, 56]",12
75,"[0, 64, 2, 1, 5, 6, 78, 92, 96, 97, 98, 99]",12
76,"[0, 6, 77, 85, 23, 29, 97, 98, 99, 53, 56]",11
77,"[0, 2, 5, 6, 77, 23, 97, 98, 99, 53, 56, 60]",12
78,"[0, 2, 77, 19, 24, 97, 98, 99, 43, 55]",10
79,"[0, 2, 15, 83, 86, 91, 92, 93, 97, 98, 99, 49, 54]",13
80,"[0, 6, 77, 78, 18, 93, 97, 98, 99, 49, 53, 56]",12
81,"[0, 2, 77, 15, 83, 20, 86, 24, 91, 97, 98, 99, 49]",13
82,"[0, 65, 6, 74, 77, 13, 23, 92, 97, 98, 99, 50, 56]",13
83,"[0, 97, 2, 99, 98, 19, 83, 55]",8
84,"[0, 97, 2, 99, 98, 43, 77, 29, 31]",9
85,"[0, 64, 2, 77, 19, 93, 96, 97, 98, 99, 43, 56]",12
86,"[0, 64, 2, 6, 77, 19, 84, 28, 93, 97, 98, 99, 43, 53, 60]",15
87,"[0, 64, 2, 77, 19, 24, 93, 96, 97, 98, 99, 43, 56]",13
88,"[0, 2, 77, 15, 83, 86, 24, 91, 97, 98, 99, 43, 49]",13
89,"[0, 97, 2, 98, 99, 6, 19, 60]",8
90,"[0, 64, 2, 77, 19, 84, 93, 97, 98, 99, 43, 53, 56, 57]",14
91,"[0, 2, 72, 77, 14, 86, 24, 97, 98, 99, 43]",11
92,"[0, 64, 2, 77, 19, 84, 93, 97, 98, 99, 43, 56]",12
93,"[0, 2, 72, 19, 97, 98, 99, 41, 55, 56]",10
94,"[0, 2, 72, 77, 14, 86, 24, 97, 98, 99, 43]",11
95,"[0, 2, 15, 83, 86, 24, 91, 97, 98, 99, 49]",11
96,"[0, 97, 2, 99, 98, 43, 77, 93]",8
97,"[0, 97, 2, 99, 98, 6, 19, 55, 60]",9
98,"[0, 65, 6, 74, 77, 13, 23, 97, 98, 99, 50, 56]",12
99,"[0, 97, 2, 98, 99, 6, 19, 60, 62]",9
100,"[0, 2, 77, 15, 83, 86, 97, 98, 99, 43]",10
101,"[0, 64, 2, 77, 19, 93, 96, 97, 98, 99, 43, 56]",12
102,"[0, 64, 2, 77, 19, 84, 24, 93, 97, 98, 99, 43]",12
103,"[0, 64, 2, 77, 19, 93, 96, 97, 98, 99, 43, 56]",12
104,"[0, 6, 77, 79, 23, 97, 98, 99, 53, 56]",10
105,"[0, 97, 2, 98, 99, 38, 29]",7
106,"[0, 97, 2, 99, 98, 43, 77, 15, 86]",9
107,"[0, 2, 77, 15, 86, 91, 93, 97, 98, 99, 43, 54]",12
108,"[0, 2, 77, 15, 83, 86, 24, 91, 97, 98, 99, 43, 49]",13
109,"[0, 97, 2, 98, 99, 43, 77, 15, 86]",9
110,"[0, 64, 2, 77, 19, 93, 96, 97, 98, 99, 43, 56]",12
111,"[0, 96, 97, 99, 98, 6, 83, 55, 60]",9
112,"[0, 97, 2, 98, 99, 19, 62]",7
113,"[0, 1, 6, 78, 92, 96, 97, 98, 99, 56]",10
114,"[0, 2, 5, 77, 19, 84, 97, 98, 99, 43, 55, 56]",12
115,"[0, 64, 2, 77, 19, 93, 97, 98, 99, 43, 53, 56]",12
116,"[0, 2, 5, 6, 78, 18, 96, 97, 98, 99]",10
117,"[0, 64, 2, 72, 77, 19, 93, 97, 98, 99, 41, 43, 56]",13
118,"[0, 64, 2, 97, 98, 99, 19, 93]",8
119,"[0, 64, 2, 77, 19, 93, 96, 97, 98, 99, 43, 56]",12
120,"[0, 1, 6, 78, 92, 96, 97, 98, 99, 56]",10
121,"[0, 97, 2, 99, 98, 15, 83, 86]",8
122,"[0, 64, 2, 77, 19, 93, 96, 97, 98, 99, 43, 56]",12
123,"[0, 2, 15, 83, 86, 24, 97, 98, 99, 49]",10
124,"[0, 2, 5, 6, 77, 23, 97, 98, 99, 53, 56, 60]",12
125,"[0, 97, 2, 99, 98, 19, 55]",7
126,"[0, 97, 2, 99, 98, 43, 77, 15, 86]",9
127,"[0, 2, 77, 15, 83, 86, 97, 98, 99, 43]",10
128,"[0, 97, 2, 98, 99, 43, 77, 15, 86]",9
129,"[0, 2, 5, 6, 77, 84, 23, 97, 98, 99, 53, 56]",12
130,"[0, 64, 2, 77, 19, 84, 93, 97, 98, 99, 43, 56]",12
131,"[0, 2, 77, 15, 83, 86, 97, 98, 99, 43]",10
132,"[0, 97, 2, 98, 99, 19, 62]",7
133,"[0, 6, 77, 23, 96, 97, 98, 99, 53, 56]",10
134,"[0, 2, 3, 77, 15, 83, 20, 86, 24, 91, 97, 98, 99, 49]",14
135,"[0, 2, 77, 15, 83, 86, 24, 97, 98, 99, 43, 49]",12
136,"[0, 97, 2, 98, 99, 38, 29]",7
137,"[0, 2, 5, 6, 77, 79, 23, 97, 98, 99, 53, 56, 60]",13
138,"[0, 6, 77, 23, 96, 97, 98, 99, 53, 56]",10
139,"[0, 2, 72, 77, 14, 86, 24, 97, 98, 99, 43]",11
140,"[0, 64, 2, 77, 19, 93, 97, 98, 99, 43, 56]",11
141,"[0, 2, 5, 6, 77, 19, 23, 97, 98, 99, 55, 60]",12
142,"[0, 2, 72, 15, 83, 86, 91, 97, 98, 99, 49, 54]",12
143,"[0, 97, 2, 99, 98, 43, 77, 15, 86]",9
144,"[0, 2, 72, 15, 83, 86, 91, 93, 97, 98, 99, 49, 54]",13
145,"[0, 97, 2, 98, 99, 38, 29]",7
146,"[0, 2, 77, 15, 83, 86, 97, 98, 99, 43]",10
147,"[0, 2, 3, 15, 83, 86, 24, 91, 97, 98, 99, 49]",12
148,"[0, 2, 5, 6, 77, 23, 97, 98, 99, 53, 60]",11
149,"[0, 2, 72, 77, 14, 86, 24, 97, 98, 99, 43]",11
150,"[0, 2, 5, 77, 19, 24, 29, 97, 98, 99, 38, 43]",12
151,"[0, 97, 2, 99, 98, 83, 19, 55]",8
152,"[0, 2, 72, 77, 14, 86, 24, 97, 98, 99, 43]",11
153,"[0, 64, 2, 97, 98, 99, 19, 93]",8
154,"[0, 97, 2, 98, 99, 6, 19, 60]",8
155,"[0, 64, 2, 77, 19, 24, 93, 97, 98, 99, 43, 56]",12
156,"[0, 2, 77, 15, 83, 86, 97, 98, 99, 43]",10
157,"[0, 6, 77, 79, 23, 97, 98, 99, 53, 56]",10
158,"[0, 2, 77, 15, 83, 86, 24, 97, 98, 99, 43, 49]",12
159,"[0, 96, 97, 98, 99, 6, 50, 85, 29]",9
160,"[0, 1, 5, 6, 91, 92, 96, 97, 98, 99, 56]",11
161,"[0, 64, 2, 77, 19, 84, 24, 93, 97, 98, 99, 43]",12
162,"[0, 2, 6, 77, 19, 23, 97, 98, 99, 55, 56, 60]",12
163,"[0, 64, 2, 77, 19, 84, 93, 97, 98, 99, 43, 56]",12
164,"[0, 97, 2, 99, 98, 43, 77, 15, 86]",9
165,"[0, 64, 2, 77, 20, 92, 97, 98, 99, 45]",10
166,"[0, 2, 5, 6, 77, 84, 23, 97, 98, 99, 53, 56, 60]",13
167,"[0, 97, 2, 99, 98, 19, 55]",7
168,"[0, 64, 2, 77, 19, 84, 93, 97, 98, 99, 43, 56]",12
169,"[0, 2, 77, 15, 83, 86, 97, 98, 99, 43]",10
170,"[0, 97, 2, 99, 98, 43, 77, 15, 86]",9
171,"[0, 2, 15, 83, 86, 24, 91, 97, 98, 99, 49]",11
172,"[0, 2, 77, 15, 83, 86, 24, 91, 97, 98, 99, 43, 49]",13
173,"[0, 2, 77, 15, 83, 86, 97, 98, 99, 43]",10
174,"[0, 97, 2, 96, 98, 5, 99]",7
175,"[0, 2, 72, 77, 14, 86, 24, 97, 98, 99, 43]",11
176,"[0, 97, 2, 98, 99, 43, 77, 15, 86]",9
177,"[0, 97, 2, 98, 99, 38, 29]",7
178,"[0, 96, 97, 99, 98, 6, 83, 55, 60]",9
179,"[0, 65, 6, 74, 77, 13, 23, 92, 97, 98, 99, 50, 56]",13
180,"[0, 2, 72, 77, 14, 86, 24, 97, 98, 99, 43]",11
181,"[0, 97, 2, 99, 98, 6, 19, 55, 60]",9
182,"[0, 2, 5, 6, 77, 79, 23, 97, 98, 99, 53, 56, 60]",13
183,"[0, 64, 2, 6, 72, 19, 84, 93, 97, 98, 99, 36, 60]",13
184,"[0, 64, 2, 19, 84, 93, 97, 98, 99, 41, 56]",11
185,"[0, 72, 77, 86, 24, 29, 31, 97, 98, 99, 43, 60]",12
186,"[0, 97, 2, 99, 98, 43, 77, 29, 31]",9
187,"[0, 2, 6, 77, 19, 28, 97, 98, 99, 43, 60]",11
188,"[0, 97, 2, 98, 99, 41, 19]",7
189,"[0, 64, 2, 77, 19, 93, 96, 97, 98, 99, 43, 56]",12
190,"[0, 2, 72, 15, 83, 86, 91, 97, 98, 99, 49, 54]",12
191,"[0, 2, 72, 77, 14, 86, 24, 97, 98, 99, 43]",11
192,"[0, 6, 77, 93, 97, 98, 99, 49, 53, 56]",10
193,"[0, 2, 72, 77, 14, 86, 24, 97, 98, 99, 43]",11
194,"[0, 2, 15, 83, 86, 91, 93, 97, 98, 99, 54]",11
195,"[0, 2, 3, 77, 15, 86, 24, 97, 98, 99, 43]",11
196,"[0, 97, 2, 98, 99, 43, 77, 15, 86]",9
197,"[0, 64, 2, 77, 19, 84, 93, 97, 98, 99, 43]",11
198,"[0, 1, 2, 64, 5, 6, 78, 92, 96, 97, 98, 99]",12
199,"[0, 2, 15, 83, 86, 91, 93, 97, 98, 99, 54]",11
200,"[0, 64, 2, 97, 98, 99, 19, 93]",8
201,"[0, 2, 77, 15, 83, 20, 86, 91, 97, 98, 99, 49, 54]",13
202,"[0, 2, 5, 6, 77, 19, 84, 23, 97, 98, 99, 55, 56, 60]",14
203,"[0, 2, 3, 15, 83, 86, 24, 91, 97, 98, 99, 49]",12
204,"[0, 97, 2, 99, 98, 43, 77, 15, 86]",9
205,"[0, 2, 5, 6, 77, 84, 93, 97, 98, 99, 49, 53, 56]",13
206,"[0, 6, 77, 23, 96, 97, 98, 99, 53, 56]",10
207,"[0, 2, 5, 6, 77, 78, 23, 96, 97, 98, 99]",11
208,"[0, 2, 3, 15, 83, 86, 24, 91, 97, 98, 99, 49]",12
209,"[0, 64, 77, 29, 93, 97, 98, 99, 38, 43]",10
210,"[0, 2, 77, 15, 83, 86, 97, 98, 99, 43]",10
211,"[0, 2, 77, 15, 83, 86, 91, 93, 97, 98, 99, 43, 49, 54]",14
212,"[0, 97, 96, 98, 99, 6, 78, 56, 92]",9
213,"[0, 97, 2, 99, 98, 19, 84, 55]",8
214,"[0, 2, 72, 77, 14, 86, 24, 97, 98, 99, 43]",11
215,"[0, 2, 72, 77, 15, 83, 86, 91, 93, 97, 98, 99, 43, 49, 54]",15
216,"[0, 97, 2, 98, 99, 6, 19, 84, 60]",9
217,"[0, 65, 6, 74, 77, 13, 23, 92, 97, 98, 99, 50, 56]",13
218,"[0, 6, 77, 79, 93, 97, 98, 99, 53, 56, 60]",11
219,"[0, 77, 15, 86, 91, 93, 29, 31, 97, 98, 99, 43, 54]",13
220,"[0, 97, 2, 99, 98, 19, 55]",7
221,"[0, 97, 2, 98, 99, 84, 56]",7
222,"[0, 2, 5, 6, 78, 18, 96, 97, 98, 99]",10
223,"[0, 97, 2, 98, 99, 38, 29]",7
224,"[0, 2, 77, 15, 83, 86, 97, 98, 99, 43]",10
225,"[0, 2, 77, 15, 83, 86, 97, 98, 99, 43]",10
226,"[0, 64, 2, 5, 6, 77, 84, 23, 97, 98, 99, 53, 56]",13
227,"[0, 64, 2, 77, 19, 84, 93, 97, 98, 99, 43]",11
228,"[0, 2, 72, 77, 14, 86, 24, 97, 98, 99, 43]",11
229,"[0, 64, 2, 97, 98, 99, 19, 84, 93]",9
230,"[0, 97, 2, 99, 98, 43, 77, 84]",8
231,"[0, 2, 77, 15, 83, 86, 24, 91, 97, 98, 99, 43]",12
232,"[0, 64, 2, 5, 6, 77, 84, 23, 97, 98, 99, 53, 56]",13
233,"[0, 2, 77, 15, 83, 86, 97, 98, 99, 43]",10
234,"[0, 65, 6, 74, 77, 13, 23, 97, 98, 99, 50, 56]",12
235,"[0, 97, 2, 98, 99, 38, 29]",7
236,"[0, 2, 77, 15, 83, 86, 97, 98, 99, 43]",10
237,"[0, 64, 2, 19, 84, 93, 97, 98, 99, 56]",10
238,"[0, 2, 77, 15, 86, 91, 93, 97, 98, 99, 43, 54]",12
239,"[0, 64, 2, 19, 84, 93, 97, 98, 99, 56]",10
240,"[0, 2, 77, 19, 24, 29, 97, 98, 99, 38, 43]",11
241,"[0, 2, 77, 15, 83, 86, 97, 98, 99, 43]",10
242,"[0, 64, 2, 77, 19, 84, 93, 97, 98, 99, 43, 56]",12
243,"[0, 97, 2, 98, 99, 6, 84, 56, 60]",9
244,"[0, 64, 2, 77, 84, 93, 97, 98, 99, 43, 56]",11
245,"[0, 2, 72, 77, 14, 86, 24, 97, 98, 99, 43]",11
246,"[0, 2, 3, 15, 83, 86, 24, 97, 98, 99]",10
247,"[0, 64, 2, 6, 19, 84, 93, 97, 98, 99, 56, 60]",12
248,"[0, 64, 2, 77, 19, 93, 97, 98, 99, 43]",10
249,"[0, 2, 72, 77, 14, 86, 24, 97, 98, 99, 43]",11
250,"[0, 97, 2, 98, 99, 43, 77, 15, 86]",9
251,"[0, 97, 2, 98, 99, 19, 84, 55, 56]",9
252,"[0, 97, 2, 98, 99, 43, 77, 15, 86]",9
253,"[0, 2, 77, 15, 86, 29, 31, 97, 98, 99, 43]",11
254,"[0, 64, 2, 97, 98, 99, 19, 84, 93]",9
255,"[0, 2, 5, 6, 77, 84, 23, 97, 98, 99, 53, 56, 60]",13
256,"[0, 2, 6, 19, 84, 97, 98, 99, 55, 56, 60]",11
257,"[0, 64, 2, 77, 19, 84, 93, 97, 98, 99, 43, 56]",12
258,"[0, 97, 2, 99, 98, 15, 83, 86]",8
259,"[0, 2, 3, 77, 15, 83, 20, 86, 24, 91, 97, 98, 99, 49]",14
260,"[0, 2, 5, 6, 77, 84, 23, 97, 98, 99, 53, 56, 60]",13
261,"[0, 97, 2, 98, 99, 43, 77, 15, 86]",9
262,"[0, 64, 2, 77, 19, 84, 93, 97, 98, 99, 43, 56]",12
263,"[0, 97, 2, 98, 99, 41, 19]",7
264,"[0, 2, 3, 77, 15, 83, 86, 24, 97, 98, 99, 43]",12
265,"[0, 64, 2, 6, 77, 84, 93, 97, 98, 99, 43, 60]",12
266,"[0, 2, 6, 19, 84, 97, 98, 99, 56, 60]",10
267,"[0, 64, 2, 98, 97, 5, 99, 84]",8
268,"[0, 2, 72, 77, 14, 86, 24, 97, 98, 99, 43]",11
269,"[0, 1, 69, 6, 77, 78, 92, 96, 97, 98, 99, 56]",12
270,"[0, 64, 2, 77, 19, 84, 93, 97, 98, 99, 43, 56]",12
271,"[0, 97, 2, 99, 98, 19, 83, 55]",8
272,"[0, 2, 3, 77, 15, 83, 20, 86, 24, 91, 97, 98, 99, 49]",14
273,"[0, 97, 2, 98, 99, 19]",6
274,"[0, 2, 72, 77, 14, 86, 24, 97, 98, 99, 43]",11
275,"[0, 97, 2, 99, 98, 83, 19, 55]",8
276,"[0, 97, 2, 98, 99, 6, 19, 60]",8
277,"[0, 2, 77, 15, 83, 86, 97, 98, 99, 43]",10
278,"[0, 2, 72, 77, 14, 86, 24, 97, 98, 99, 43]",11
279,"[0, 2, 77, 15, 83, 86, 97, 98, 99, 43]",10
280,"[0, 97, 2, 98, 99, 43, 77, 15, 86]",9
281,"[0, 2, 72, 15, 83, 86, 91, 93, 97, 98, 99, 54, 60]",13
282,"[0, 6, 77, 93, 97, 98, 99, 49, 53, 56, 60]",11
283,"[0, 6, 77, 23, 96, 97, 98, 99, 53, 56]",10
284,"[0, 2, 6, 19, 84, 28, 97, 98, 99, 60]",10
285,"[0, 97, 2, 99, 98, 43, 77, 15, 86]",9
286,"[0, 2, 5, 6, 78, 18, 96, 97, 98, 99]",10
287,"[0, 97, 96, 98, 99, 6, 78, 56, 92]",9
288,"[0, 64, 2, 72, 19, 84, 93, 97, 98, 99, 36, 56]",12
289,"[0, 64, 2, 77, 19, 93, 97, 98, 99, 43, 56]",11
290,"[0, 72, 14, 86, 24, 29, 97, 98, 99, 38]",10
291,"[0, 2, 3, 15, 83, 86, 24, 97, 98, 99]",10
292,"[0, 2, 77, 15, 83, 20, 86, 24, 91, 97, 98, 99, 49]",13
293,"[0, 64, 2, 77, 19, 84, 93, 97, 98, 99, 43, 56]",12
294,"[0, 64, 2, 77, 19, 84, 93, 97, 98, 99, 43, 56]",12
295,"[0, 6, 77, 85, 23, 29, 97, 98, 99, 53, 56]",11
296,"[0, 97, 2, 98, 99, 6, 28, 19, 60]",9
297,"[0, 2, 77, 15, 83, 86, 91, 93, 97, 98, 99, 43, 54]",13
298,"[0, 6, 77, 78, 93, 97, 98, 99, 49, 53, 56]",11
299,"[0, 97, 2, 99, 98, 43, 77, 84, 56]",9
300,"[0, 2, 77, 15, 83, 86, 97, 98, 99, 43]",10
301,"[0, 64, 2, 77, 19, 84, 93, 97, 98, 99, 43, 56]",12
302,"[0, 2, 3, 77, 15, 83, 20, 86, 24, 91, 97, 98, 99, 49]",14
303,"[0, 2, 72, 77, 14, 86, 24, 97, 98, 99, 43]",11
304,"[0, 64, 2, 77, 19, 93, 97, 98, 99, 43, 56]",11
305,"[0, 2, 3, 77, 15, 86, 24, 97, 98, 99, 43]",11
306,"[0, 97, 2, 99, 98, 15, 83, 86]",8
307,"[0, 6, 77, 93, 97, 98, 99, 49, 53, 56]",10
308,"[0, 97, 2, 98, 99, 6, 19, 60]",8
309,"[0, 2, 72, 77, 14, 86, 24, 97, 98, 99, 43]",11
310,"[0, 97, 96, 98, 99, 6, 78, 56, 92]",9
311,"[0, 72, 14, 86, 24, 29, 97, 98, 99, 38]",10
312,"[0, 97, 96, 98, 99, 69, 6, 77, 56]",9
313,"[0, 64, 2, 19, 84, 93, 97, 98, 99, 56]",10
314,"[0, 64, 2, 5, 6, 77, 84, 23, 97, 98, 99, 53, 56]",13
315,"[0, 64, 2, 77, 19, 84, 93, 97, 98, 99, 43, 56]",12
316,"[0, 97, 2, 99, 98, 19, 83, 55]",8
317,"[0, 65, 6, 74, 77, 13, 23, 92, 97, 98, 99, 50, 56]",13
318,"[0, 2, 5, 6, 77, 84, 23, 96, 97, 98, 99, 56]",12
319,"[0, 2, 77, 15, 83, 86, 97, 98, 99, 43]",10
320,"[0, 6, 77, 93, 97, 98, 99, 49, 53, 56]",10
321,"[0, 64, 2, 77, 19, 84, 93, 97, 98, 99, 43, 56]",12
322,"[0, 97, 2, 98, 99, 5, 6, 84, 56]",9
323,"[0, 6, 77, 85, 23, 29, 97, 98, 99, 53, 56]",11
324,"[0, 2, 15, 83, 86, 24, 91, 97, 98, 99, 49]",11
325,"[0, 97, 2, 99, 98, 43, 77, 15, 86]",9
326,"[0, 97, 2, 99, 98, 43, 77]",7
327,"[0, 1, 5, 6, 91, 92, 96, 97, 98, 99, 56]",11
328,"[0, 2, 72, 77, 14, 86, 24, 97, 98, 99, 43]",11
329,"[0, 2, 15, 83, 86, 91, 93, 97, 98, 99, 54]",11
330,"[0, 65, 6, 74, 77, 13, 23, 92, 97, 98, 99, 50, 56]",13
331,"[0, 2, 77, 15, 83, 86, 97, 98, 99, 43]",10
332,"[0, 97, 2, 98, 99, 6, 19, 60]",8
333,"[0, 2, 5, 6, 8, 19, 84, 97, 98, 99, 55, 56, 60]",13
334,"[0, 2, 77, 15, 83, 86, 97, 98, 99, 43]",10
335,"[0, 72, 77, 86, 24, 29, 31, 97, 98, 99, 43, 60]",12
336,"[0, 2, 72, 15, 83, 86, 91, 93, 97, 98, 99, 54, 60]",13
337,"[0, 2, 6, 77, 84, 23, 97, 98, 99, 53, 56, 60]",12
338,"[0, 2, 5, 6, 77, 84, 23, 97, 98, 99, 56, 60]",12
339,"[0, 2, 72, 15, 83, 86, 91, 97, 98, 99, 49, 54]",12
340,"[0, 64, 2, 6, 77, 84, 93, 97, 98, 99, 43, 56, 60]",13
341,"[0, 2, 3, 77, 15, 86, 24, 97, 98, 99, 43]",11
342,"[0, 97, 2, 98, 99, 6, 19, 60]",8
343,"[0, 97, 2, 98, 99, 84, 56]",7
344,"[0, 97, 2, 98, 99, 19, 84, 55, 56]",9
345,"[0, 2, 77, 15, 83, 86, 91, 93, 97, 98, 99, 43, 54]",13
346,"[0, 2, 3, 15, 83, 86, 24, 97, 98, 99]",10
347,"[0, 2, 3, 15, 83, 86, 24, 91, 97, 98, 99]",11
348,"[0, 2, 3, 15, 83, 86, 24, 97, 98, 99]",10
349,"[0, 2, 6, 19, 84, 28, 97, 98, 99, 60]",10
350,"[0, 64, 2, 77, 19, 84, 24, 93, 97, 98, 99, 43, 56]",13
351,"[0, 64, 77, 29, 93, 97, 98, 99, 38, 43]",10
352,"[0, 2, 72, 77, 15, 83, 86, 91, 93, 97, 98, 99, 43, 54]",14
353,"[0, 97, 2, 98, 99, 15, 83, 86, 24]",9
354,"[0, 97, 2, 99, 98, 83, 19, 55]",8
355,"[0, 6, 77, 79, 93, 97, 98, 99, 49, 53, 56]",11
356,"[0, 64, 2, 77, 20, 92, 97, 98, 99, 45]",10
357,"[0, 2, 77, 19, 24, 29, 97, 98, 99, 38, 43]",11
358,"[0, 64, 2, 19, 84, 93, 97, 98, 99, 56]",10
359,"[0, 97, 2, 99, 98, 19, 83, 55]",8
360,"[0, 2, 3, 15, 83, 86, 24, 91, 97, 98, 99]",11
361,"[0, 64, 2, 19, 84, 93, 97, 98, 99, 56]",10
362,"[0, 2, 15, 83, 86, 91, 93, 97, 98, 99, 54]",11
363,"[0, 77, 15, 86, 29, 31, 97, 98, 99, 43]",10
364,"[0, 64, 2, 19, 84, 93, 97, 98, 99, 56]",10
365,"[0, 2, 19, 84, 24, 97, 98, 99, 55, 56]",10
366,"[0, 2, 3, 77, 15, 83, 86, 24, 97, 98, 99, 43]",12
367,"[0, 97, 2, 98, 99, 19, 84, 55, 56]",9
368,"[0, 64, 2, 72, 19, 84, 93, 97, 98, 99, 36, 56]",12
369,"[0, 64, 2, 77, 19, 84, 93, 97, 98, 99, 43, 56]",12
370,"[0, 2, 5, 6, 83, 96, 97, 98, 99, 55, 60]",11
371,"[0, 77, 15, 86, 91, 93, 29, 31, 97, 98, 99, 43, 54]",13
372,"[0, 64, 2, 77, 19, 84, 93, 97, 98, 99, 43, 56]",12
373,"[0, 97, 2, 98, 99, 43, 77, 15, 86]",9
374,"[0, 64, 2, 19, 84, 93, 97, 98, 99, 56]",10
375,"[0, 2, 72, 77, 14, 86, 24, 97, 98, 99, 43]",11
376,"[0, 2, 77, 15, 83, 86, 97, 98, 99, 43]",10
377,"[0, 2, 77, 15, 83, 86, 97, 98, 99, 43]",10
378,"[0, 97, 2, 98, 99, 6, 19, 84, 56]",9
379,"[0, 64, 2, 77, 19, 84, 93, 97, 98, 99, 43, 56]",12
380,"[0, 64, 2, 77, 19, 84, 93, 97, 98, 99, 43, 56]",12
381,"[0, 96, 2, 97, 98, 5, 6, 99, 56]",9
382,"[0, 2, 77, 15, 83, 86, 97, 98, 99, 43]",10
383,"[0, 2, 3, 77, 15, 83, 86, 24, 97, 98, 99, 43]",12
384,"[0, 6, 77, 23, 96, 97, 98, 99, 53, 56]",10
385,"[0, 2, 3, 77, 15, 83, 20, 86, 24, 91, 97, 98, 99, 49]",14
386,"[0, 2, 77, 15, 83, 86, 97, 98, 99, 43]",10
387,"[0, 2, 6, 77, 84, 23, 97, 98, 99, 56, 60]",11
388,"[0, 2, 72, 77, 14, 86, 24, 97, 98, 99, 43]",11
389,"[0, 2, 72, 77, 14, 86, 24, 97, 98, 99, 43]",11
390,"[0, 6, 77, 23, 96, 97, 98, 99, 53, 56]",10
391,"[0, 97, 2, 98, 99, 19]",6
392,"[0, 64, 2, 77, 84, 93, 97, 98, 99, 43, 56]",11
393,"[0, 97, 2, 99, 98, 83, 19, 55]",8
394,"[0, 2, 6, 19, 84, 97, 98, 99, 56, 60]",10
395,"[0, 1, 6, 85, 92, 29, 32, 96, 98, 97, 99, 50]",12
396,"[0, 2, 77, 15, 83, 86, 97, 98, 99, 43]",10
397,"[0, 64, 2, 97, 98, 99, 19, 93]",8
398,"[0, 2, 5, 6, 78, 18, 96, 97, 98, 99]",10
399,"[0, 64, 2, 98, 97, 99, 84, 56, 93]",9
400,"[0, 97, 2, 98, 99, 41, 19]",7
401,"[0, 64, 2, 6, 8, 77, 84, 23, 97, 98, 99, 53, 56, 60]",14
402,"[0, 64, 2, 97, 98, 99, 19, 56, 93]",9
403,"[0, 2, 3, 77, 15, 83, 86, 24, 97, 98, 99, 43]",12
404,"[0, 97, 2, 99, 98, 43, 77, 15, 86]",9
405,"[0, 97, 2, 99, 98, 19, 55]",7
406,"[0, 2, 72, 77, 14, 86, 24, 97, 98, 99, 43]",11
407,"[0, 97, 2, 99, 98, 43, 77, 15, 86]",9
408,"[0, 2, 3, 77, 15, 83, 86, 24, 91, 97, 98, 99, 43, 49]",14
409,"[0, 6, 77, 93, 97, 98, 99, 49, 53, 56]",10
410,"[0, 2, 6, 8, 19, 84, 97, 98, 99, 56, 60]",11
411,"[0, 2, 72, 77, 14, 86, 24, 97, 98, 99, 43]",11
412,"[0, 97, 2, 99, 98, 43, 77, 15, 86]",9
413,"[0, 97, 2, 99, 98, 43, 77, 15, 86]",9
414,"[0, 6, 77, 79, 23, 96, 97, 98, 99, 53, 56, 60]",12
415,"[0, 2, 5, 6, 77, 84, 23, 97, 98, 99, 53, 56, 60]",13
416,"[0, 64, 2, 77, 19, 84, 93, 97, 98, 99, 43, 56]",12
417,"[0, 2, 3, 77, 15, 83, 86, 24, 97, 98, 99, 43]",12
418,"[0, 2, 72, 77, 14, 86, 24, 97, 98, 99, 43]",11
419,"[0, 6, 77, 79, 23, 97, 98, 99, 56, 60]",10
420,"[0, 2, 77, 15, 83, 20, 86, 24, 91, 97, 98, 99, 49]",13
421,"[0, 2, 77, 15, 83, 20, 86, 91, 97, 98, 99, 49, 54]",13
422,"[0, 64, 2, 19, 84, 93, 97, 98, 99, 56]",10
423,"[0, 2, 77, 15, 83, 86, 97, 98, 99, 43]",10
424,"[0, 97, 2, 98, 99, 38, 29]",7
425,"[0, 2, 77, 15, 86, 91, 93, 97, 98, 99, 43, 54]",12
426,"[0, 64, 2, 5, 6, 78, 92, 96, 97, 98, 99]",11
427,"[0, 2, 3, 15, 83, 86, 24, 97, 98, 99, 49]",11
428,"[0, 2, 3, 77, 15, 83, 86, 24, 97, 98, 99, 43]",12
429,"[0, 97, 96, 98, 99, 6, 56, 92]",8
430,"[0, 64, 2, 97, 98, 99, 19, 93]",8
431,"[0, 64, 2, 5, 6, 78, 18, 96, 97, 98, 99]",11
432,"[0, 2, 3, 77, 15, 83, 86, 24, 97, 98, 99, 43]",12
433,"[0, 97, 2, 98, 99, 38, 29]",7
434,"[0, 97, 2, 99, 98, 43, 77, 84, 56]",9
435,"[0, 97, 2, 99, 98, 43, 77, 15, 86]",9
436,"[0, 77, 15, 86, 29, 31, 97, 98, 99, 43]",10
437,"[0, 64, 2, 6, 19, 84, 93, 97, 98, 99, 56, 60]",12
438,"[0, 6, 77, 79, 23, 97, 98, 99, 53, 56]",10
439,"[0, 64, 2, 6, 72, 19, 84, 93, 97, 98, 99, 36, 56, 60]",14
440,"[0, 2, 77, 15, 83, 86, 24, 91, 97, 98, 99, 43]",12
441,"[0, 2, 6, 8, 84, 97, 98, 99, 56, 60]",10
442,"[0, 65, 6, 74, 77, 13, 23, 97, 98, 99, 50, 56]",12
443,"[0, 97, 2, 98, 99, 43, 77, 15, 86]",9
444,"[0, 6, 77, 93, 97, 98, 99, 49, 53, 56, 60]",11
445,"[0, 64, 2, 19, 84, 93, 97, 98, 99, 56]",10
446,"[0, 2, 77, 15, 83, 86, 91, 93, 97, 98, 99, 43, 49, 54]",14
447,"[0, 97, 2, 98, 99, 19]",6
448,"[0, 64, 2, 19, 84, 93, 97, 98, 99, 56]",10
449,"[0, 97, 2, 98, 99, 38, 29]",7
450,"[0, 2, 6, 8, 19, 97, 98, 99, 55, 56, 60]",11
451,"[0, 64, 2, 6, 19, 84, 93, 97, 98, 99, 56, 60]",12
452,"[0, 64, 2, 6, 77, 84, 23, 97, 98, 99, 49, 53, 56]",13
453,"[0, 97, 2, 98, 99, 41, 19]",7
454,"[0, 97, 2, 99, 98, 43, 77, 15, 86]",9
455,"[0, 2, 72, 77, 14, 86, 24, 97, 98, 99, 43]",11
456,"[0, 65, 6, 74, 77, 13, 23, 92, 97, 98, 99, 50, 56]",13
457,"[0, 6, 85, 92, 29, 32, 96, 98, 97, 99, 50]",11
458,"[0, 2, 3, 77, 15, 83, 86, 24, 97, 98, 99, 43]",12
459,"[0, 2, 72, 77, 14, 86, 24, 97, 98, 99, 43]",11
460,"[0, 2, 6, 8, 84, 97, 98, 99, 56, 60]",10
461,"[0, 65, 6, 74, 77, 13, 23, 92, 97, 98, 99, 50, 56]",13
462,"[0, 2, 6, 8, 19, 97, 98, 99, 55, 56, 60]",11
463,"[0, 2, 77, 15, 86, 29, 31, 97, 98, 99, 43]",11
464,"[0, 2, 5, 6, 78, 18, 96, 97, 98, 99]",10
465,"[0, 2, 3, 15, 83, 86, 24, 97, 98, 99, 49]",11
466,"[0, 97, 2, 99, 98, 19, 55]",7
467,"[0, 2, 5, 6, 8, 77, 19, 97, 98, 99, 53, 55, 56, 60]",14
468,"[0, 6, 77, 79, 23, 97, 98, 99, 53, 56, 60]",11
469,"[0, 6, 77, 93, 97, 98, 99, 53, 56, 60]",10
470,"[0, 2, 3, 15, 83, 86, 24, 91, 97, 98, 99, 49]",12
471,"[0, 97, 2, 98, 99, 43, 77, 15, 86]",9
472,"[0, 2, 77, 15, 83, 86, 24, 91, 97, 98, 99, 43]",12
473,"[0, 64, 2, 97, 98, 99, 19, 93]",8
474,"[0, 2, 77, 15, 86, 91, 93, 97, 98, 99, 43, 54]",12
475,"[0, 97, 2, 99, 98, 83, 19, 55]",8
476,"[0, 77, 15, 86, 91, 29, 93, 31, 97, 98, 99, 43, 54]",13
477,"[0, 2, 3, 77, 15, 83, 86, 24, 97, 98, 99, 43]",12
478,"[0, 64, 2, 98, 97, 99, 19, 56, 93]",9
479,"[0, 2, 5, 6, 77, 84, 23, 97, 98, 99, 53, 56, 60]",13
480,"[0, 64, 2, 77, 19, 84, 93, 97, 98, 99, 43, 56]",12
481,"[0, 97, 2, 99, 98, 43, 77]",7
482,"[0, 97, 2, 96, 98, 5, 99]",7
483,"[0, 2, 77, 15, 83, 20, 86, 24, 91, 97, 98, 99, 49]",13
484,"[0, 2, 3, 77, 15, 83, 86, 24, 97, 98, 99, 43]",12
485,"[0, 97, 96, 98, 99, 6, 56, 92]",8
486,"[0, 2, 15, 83, 86, 91, 93, 97, 98, 99, 54]",11
487,"[0, 97, 2, 98, 99, 43, 77, 15, 86]",9
488,"[0, 72, 77, 86, 24, 29, 31, 97, 98, 99, 43, 60]",12
489,"[0, 2, 5, 6, 8, 77, 84, 23, 97, 98, 99, 56, 60]",13
490,"[0, 97, 2, 98, 99, 19]",6
491,"[0, 64, 2, 98, 97, 99, 19, 56, 93]",9
492,"[0, 97, 2, 98, 99, 19]",6
493,"[0, 2, 77, 15, 83, 86, 97, 98, 99, 43]",10
494,"[0, 97, 2, 99, 98, 43, 77, 15, 86]",9
495,"[0, 64, 2, 77, 19, 84, 93, 97, 98, 99, 43, 56]",12
496,"[0, 64, 2, 77, 19, 84, 93, 97, 98, 99, 43, 56]",12
497,"[0, 2, 3, 77, 15, 83, 86, 24, 97, 98, 99, 43]",12
498,"[0, 97, 2, 98, 99, 43, 77, 15, 86]",9
499,"[0, 2, 77, 15, 83, 86, 97, 98, 99, 43]",10
500,"[0, 64, 2, 77, 20, 92, 97, 98, 99, 45]",10
501,"[0, 2, 3, 77, 15, 83, 86, 24, 97, 98, 99, 43]",12
502,"[0, 2, 3, 15, 83, 86, 24, 91, 97, 98, 99, 49]",12
503,"[0, 64, 2, 77, 19, 84, 93, 97, 98, 99, 43]",11
504,"[0, 97, 2, 98, 99, 84, 56]",7
505,"[0, 64, 2, 98, 97, 5, 6, 99, 56]",9
506,"[0, 64, 2, 5, 6, 78, 92, 96, 97, 98, 99]",11
507,"[0, 64, 2, 6, 72, 19, 84, 93, 97, 98, 99, 36, 56, 60]",14
508,"[0, 64, 2, 5, 6, 78, 18, 96, 97, 98, 99]",11
509,"[0, 2, 72, 77, 14, 86, 24, 97, 98, 99, 43]",11
510,"[0, 2, 77, 15, 83, 86, 97, 98, 99, 43]",10
511,"[0, 2, 15, 83, 86, 91, 93, 97, 98, 99, 54]",11
512,"[0, 97, 2, 98, 99, 19]",6
513,"[0, 2, 15, 83, 86, 91, 93, 97, 98, 99, 54]",11
514,"[0, 2, 3, 77, 15, 83, 20, 86, 24, 91, 97, 98, 99, 49]",14
515,"[0, 2, 77, 15, 83, 86, 91, 93, 97, 98, 99, 43, 54]",13
516,"[0, 64, 2, 72, 19, 84, 93, 97, 98, 99, 36, 56]",12
517,"[0, 64, 2, 6, 77, 84, 93, 97, 98, 99, 49, 53, 56]",13
518,"[0, 97, 2, 99, 98, 43, 77, 15, 86]",9
519,"[0, 97, 2, 98, 99, 38, 29]",7
520,"[0, 64, 2, 6, 77, 84, 93, 97, 98, 99, 43, 56, 60]",13
521,"[0, 5, 6, 69, 77, 91, 92, 96, 97, 98, 99, 56]",12
522,"[0, 97, 2, 99, 98, 19, 55, 56]",8
523,"[0, 2, 77, 15, 83, 86, 91, 93, 97, 98, 99, 43, 49, 54]",14
524,"[0, 2, 72, 77, 14, 15, 86, 24, 97, 98, 99, 43]",12
525,"[0, 2, 72, 77, 14, 86, 24, 97, 98, 99, 43]",11
526,"[0, 64, 2, 97, 98, 99, 19, 93]",8
527,"[0, 64, 77, 93, 29, 97, 98, 99, 38, 43]",10
528,"[0, 6, 77, 85, 23, 29, 97, 98, 99, 53, 56]",11
529,"[0, 64, 2, 6, 8, 77, 84, 23, 97, 98, 99, 53, 56, 60]",14
530,"[0, 2, 5, 6, 77, 23, 97, 98, 99, 56, 60]",11
531,"[0, 97, 2, 98, 99, 43, 77, 15, 86]",9
532,"[0, 64, 2, 19, 84, 93, 97, 98, 99, 56]",10
533,"[0, 2, 77, 15, 83, 86, 97, 98, 99, 43]",10
534,"[0, 2, 3, 77, 15, 83, 86, 24, 91, 97, 98, 99, 43, 49]",14
535,"[0, 2, 72, 77, 15, 83, 86, 91, 93, 97, 98, 99, 43, 49, 54]",15
536,"[0, 96, 97, 99, 98, 6, 83, 55, 60]",9
537,"[0, 64, 2, 97, 98, 99, 19, 56, 93]",9
538,"[0, 64, 2, 98, 97, 99, 84, 56, 93]",9
539,"[0, 6, 77, 93, 97, 98, 99, 53, 56, 60]",10
540,"[0, 65, 6, 74, 77, 13, 23, 97, 98, 99, 50, 56]",12
541,"[0, 2, 77, 15, 83, 86, 97, 98, 99, 43]",10
542,"[0, 97, 2, 98, 99, 6, 19, 60]",8
543,"[0, 2, 15, 83, 86, 24, 91, 97, 98, 99, 49]",11
544,"[0, 64, 2, 77, 84, 93, 97, 98, 99, 43, 56, 57]",12
545,"[0, 97, 2, 98, 99, 19, 84, 55, 56]",9
546,"[0, 64, 2, 77, 19, 84, 93, 97, 98, 99, 43, 56]",12
547,"[0, 64, 2, 5, 6, 77, 23, 96, 97, 98, 99, 56]",12
548,"[0, 97, 2, 99, 98, 83, 19, 55]",8
549,"[0, 2, 72, 77, 14, 86, 24, 97, 98, 99, 43]",11
550,"[0, 97, 2, 98, 99, 38, 29]",7
551,"[0, 64, 2, 77, 19, 93, 97, 98, 99, 43]",10
552,"[0, 97, 2, 98, 99, 38, 29]",7
553,"[0, 97, 2, 99, 98, 19, 84, 55, 24]",9
554,"[0, 64, 2, 98, 97, 99, 84, 56, 93]",9
555,"[0, 2, 77, 15, 83, 86, 97, 98, 99, 43]",10
556,"[0, 2, 77, 15, 83, 86, 97, 98, 99, 43]",10
557,"[0, 2, 72, 77, 14, 86, 24, 97, 98, 99, 43]",11
558,"[0, 64, 2, 19, 84, 93, 97, 98, 99, 56]",10
559,"[0, 2, 6, 72, 19, 84, 97, 98, 99, 36, 56, 60]",12
560,"[0, 2, 77, 15, 83, 86, 97, 98, 99, 43]",10
561,"[0, 64, 2, 77, 84, 93, 97, 98, 99, 43, 56]",11
562,"[0, 2, 3, 77, 15, 83, 86, 24, 97, 98, 99, 43]",12
563,"[0, 64, 2, 98, 97, 99, 84, 56, 93]",9
564,"[0, 6, 77, 23, 96, 97, 98, 99, 53, 56]",10
565,"[0, 2, 15, 86, 91, 97, 98, 99, 49, 54]",10
566,"[0, 97, 2, 99, 98, 19, 83, 55]",8
567,"[0, 97, 2, 98, 99, 6, 19, 60]",8
568,"[0, 97, 2, 98, 99, 84, 56]",7
569,"[0, 64, 2, 6, 77, 84, 23, 97, 98, 99, 50, 53, 56, 60]",14
570,"[0, 97, 98, 99, 38, 15, 86, 29]",8
571,"[0, 6, 77, 79, 23, 96, 97, 98, 99, 56]",10
572,"[0, 2, 3, 77, 15, 83, 86, 24, 97, 98, 99, 43]",12
573,"[0, 6, 77, 79, 23, 97, 98, 99, 53, 56, 60]",11
574,"[0, 97, 96, 98, 99, 69, 6, 77, 56]",9
575,"[0, 64, 2, 97, 98, 99, 19, 93]",8
576,"[0, 64, 2, 97, 98, 99, 19, 93]",8
577,"[0, 64, 2, 19, 84, 93, 97, 98, 99, 56]",10
578,"[0, 2, 3, 77, 15, 83, 20, 86, 24, 91, 97, 98, 99, 49]",14
579,"[0, 2, 3, 15, 83, 86, 24, 97, 98, 99]",10
580,"[0, 2, 77, 15, 83, 86, 97, 98, 99, 43]",10
581,"[0, 97, 2, 98, 99, 84, 56]",7
582,"[0, 77, 15, 86, 29, 31, 97, 98, 99, 43]",10
583,"[0, 97, 96, 98, 99, 6, 56, 92]",8
584,"[0, 2, 77, 15, 83, 20, 86, 91, 97, 98, 99, 49, 54]",13
585,"[0, 2, 72, 77, 14, 86, 24, 97, 98, 99, 43]",11
586,"[0, 6, 77, 23, 96, 97, 98, 99, 53, 56]",10
587,"[0, 2, 72, 77, 14, 15, 86, 24, 97, 98, 99, 43]",12
588,"[0, 64, 2, 77, 19, 84, 93, 97, 98, 99, 43, 56]",12
589,"[0, 97, 2, 99, 98, 43, 77, 15, 86]",9
590,"[0, 97, 2, 98, 99, 6, 19, 60]",8
591,"[0, 6, 77, 93, 97, 98, 99, 53, 56, 60]",10
592,"[0, 64, 2, 98, 97, 99, 19, 56, 93]",9
593,"[0, 97, 2, 99, 98, 83, 19, 55]",8
594,"[0, 2, 3, 15, 83, 86, 24, 97, 98, 99, 49]",11
595,"[0, 2, 77, 15, 83, 86, 97, 98, 99, 43]",10
596,"[0, 2, 6, 8, 77, 84, 97, 98, 99, 53, 56, 60]",12
597,"[0, 2, 6, 77, 84, 23, 97, 98, 99, 53, 56, 60]",12
598,"[0, 2, 77, 19, 24, 29, 97, 98, 99, 38, 43]",11
599,"[0, 2, 3, 15, 83, 86, 24, 97, 98, 99]",10
600,"[0, 2, 3, 15, 83, 86, 24, 97, 98, 99]",10
601,"[0, 2, 77, 15, 83, 20, 86, 24, 91, 97, 98, 99, 49]",13
602,"[0, 2, 5, 6, 83, 96, 97, 98, 99, 55, 60]",11
603,"[0, 77, 15, 86, 29, 31, 97, 98, 99, 43]",10
604,"[0, 64, 2, 98, 97, 99, 84, 56, 93]",9
605,"[0, 2, 3, 15, 83, 86, 24, 97, 98, 99]",10
606,"[0, 64, 2, 6, 72, 19, 84, 93, 97, 98, 99, 36, 56, 60]",14
607,"[0, 2, 72, 77, 14, 15, 86, 24, 97, 98, 99, 43]",12
608,"[0, 64, 2, 5, 6, 78, 96, 97, 98, 99]",10
609,"[0, 2, 77, 15, 83, 86, 97, 98, 99, 43]",10
610,"[0, 6, 77, 93, 97, 98, 99, 53, 56, 60]",10
611,"[0, 64, 2, 19, 84, 93, 97, 98, 99, 56]",10
612,"[0, 97, 2, 99, 98, 19, 83, 55]",8
613,"[0, 64, 2, 77, 19, 84, 93, 97, 98, 99, 43, 56]",12
614,"[0, 2, 72, 77, 14, 86, 24, 97, 98, 99, 43]",11
615,"[0, 64, 2, 19, 84, 93, 97, 98, 99, 56]",10
616,"[0, 97, 2, 98, 99, 6, 19, 60]",8
617,"[0, 2, 6, 8, 19, 97, 98, 99, 55, 56, 60]",11
618,"[0, 72, 77, 86, 24, 29, 31, 97, 98, 99, 43, 60]",12
619,"[0, 65, 6, 74, 77, 13, 23, 92, 97, 98, 99, 39, 50, 56]",14
620,"[0, 97, 2, 98, 99, 19]",6
621,"[0, 97, 2, 99, 98, 43, 77]",7
622,"[0, 2, 3, 77, 15, 83, 86, 24, 97, 98, 99, 43]",12
623,"[0, 65, 6, 74, 77, 13, 23, 97, 98, 99, 39, 50, 56]",13
624,"[0, 64, 2, 6, 84, 93, 97, 98, 99, 56, 60]",11
625,"[0, 2, 77, 19, 24, 29, 97, 98, 99, 38, 43]",11
626,"[0, 64, 2, 5, 6, 77, 84, 23, 96, 97, 98, 99, 56]",13
627,"[0, 2, 3, 77, 15, 83, 86, 24, 91, 97, 98, 99, 43, 49]",14
628,"[0, 64, 2, 6, 77, 84, 23, 97, 98, 99, 53, 56, 60]",13
629,"[0, 96, 2, 97, 98, 5, 6, 99, 56]",9
630,"[0, 6, 77, 93, 97, 98, 99, 49, 53, 56]",10
631,"[0, 2, 3, 15, 83, 86, 24, 91, 97, 98, 99, 49]",12
632,"[0, 64, 2, 19, 84, 93, 97, 98, 99, 56]",10
633,"[0, 2, 77, 15, 83, 86, 97, 98, 99, 43]",10
634,"[0, 97, 2, 98, 99, 6, 19, 60]",8
635,"[0, 2, 6, 8, 19, 84, 97, 98, 99, 55, 56, 60]",12
636,"[0, 2, 72, 77, 14, 86, 24, 97, 98, 99, 43]",11
637,"[0, 97, 2, 98, 99, 19]",6
638,"[0, 2, 77, 15, 83, 86, 97, 98, 99, 43]",10
639,"[0, 2, 15, 83, 86, 24, 91, 97, 98, 99, 49]",11
640,"[0, 64, 2, 98, 97, 99, 84, 56, 93]",9
641,"[0, 97, 96, 98, 99, 6, 56, 92]",8
642,"[0, 97, 2, 99, 98, 43, 77, 15, 86]",9
643,"[0, 2, 3, 15, 83, 86, 24, 97, 98, 99]",10
644,"[0, 2, 6, 77, 84, 23, 97, 98, 99, 56, 60]",11
645,"[0, 2, 72, 77, 14, 86, 24, 97, 98, 99, 43]",11
646,"[0, 64, 2, 77, 84, 93, 97, 98, 99, 43, 56]",11
647,"[0, 97, 98, 99, 6, 77, 53, 56, 93]",9
648,"[0, 97, 2, 98, 99, 38, 29]",7
649,"[0, 2, 72, 77, 14, 15, 86, 24, 97, 98, 99, 43]",12
650,"[0, 64, 2, 97, 98, 99, 19, 56, 93]",9
651,"[0, 97, 2, 98, 99, 19, 55, 56]",8
652,"[0, 97, 2, 99, 98, 83, 19, 55]",8
653,"[0, 2, 3, 15, 83, 86, 24, 91, 97, 98, 99, 49]",12
654,"[0, 97, 2, 98, 99, 84, 56]",7
655,"[0, 2, 77, 15, 83, 86, 91, 93, 97, 98, 99, 43, 54]",13
656,"[0, 2, 3, 77, 15, 83, 86, 24, 97, 98, 99, 43]",12
657,"[0, 2, 77, 15, 83, 86, 97, 98, 99, 43]",10
658,"[0, 64, 2, 98, 97, 99, 84, 56, 93]",9
659,"[0, 97, 98, 99, 38, 15, 86, 29]",8
660,"[0, 97, 96, 98, 99, 6, 77, 23, 56]",9
661,"[0, 2, 77, 15, 83, 86, 91, 93, 97, 98, 99, 43, 54]",13
662,"[0, 97, 2, 98, 99, 19, 84, 55, 56]",9
663,"[0, 6, 85, 92, 29, 96, 32, 98, 97, 99, 50]",11
664,"[0, 97, 2, 98, 99, 43, 77, 15, 86]",9
665,"[0, 2, 77, 15, 83, 86, 91, 93, 97, 98, 99, 43, 54]",13
666,"[0, 97, 2, 98, 99, 43, 77, 15, 86]",9
667,"[0, 2, 6, 8, 77, 84, 97, 98, 99, 53, 56, 60]",12
668,"[0, 64, 2, 97, 98, 99, 6, 84, 56]",9
669,"[0, 6, 77, 79, 93, 97, 98, 99, 53, 56, 60]",11
670,"[0, 2, 77, 15, 83, 86, 97, 98, 99, 43]",10
671,"[0, 2, 6, 19, 84, 97, 98, 99, 56, 60]",10
672,"[0, 2, 77, 15, 83, 20, 86, 24, 91, 97, 98, 99, 49]",13
673,"[0, 2, 77, 15, 20, 86, 91, 97, 98, 99, 49, 54]",12
674,"[0, 6, 77, 93, 97, 98, 99, 49, 53, 56]",10
675,"[0, 2, 77, 15, 83, 86, 97, 98, 99, 43]",10
676,"[0, 64, 77, 29, 93, 97, 98, 99, 38, 43]",10
677,"[0, 2, 3, 77, 15, 83, 86, 24, 97, 98, 99, 43]",12
678,"[0, 6, 77, 79, 23, 96, 97, 98, 99, 56]",10
679,"[0, 64, 2, 77, 84, 93, 97, 98, 99, 43, 56]",11
680,"[0, 97, 2, 98, 99, 43, 77, 15, 86]",9
681,"[0, 97, 2, 98, 99, 6, 19, 60]",8
682,"[0, 2, 77, 15, 83, 86, 97, 98, 99, 43]",10
683,"[0, 97, 2, 98, 99, 84, 56]",7
684,"[0, 6, 8, 77, 93, 97, 98, 99, 53, 56, 60]",11
685,"[0, 6, 77, 23, 96, 97, 98, 99, 53, 56]",10
686,"[0, 2, 77, 15, 86, 91, 93, 97, 98, 99, 43, 54]",12
687,"[0, 64, 2, 69, 6, 5, 77, 78, 92, 96, 97, 98, 99]",13
688,"[0, 2, 6, 8, 84, 97, 98, 99, 56, 60]",10
689,"[0, 2, 6, 8, 77, 84, 23, 97, 98, 99, 53, 56, 60]",13
690,"[0, 6, 77, 79, 23, 97, 98, 99, 53, 56, 60]",11
691,"[0, 2, 77, 15, 83, 86, 97, 98, 99, 43]",10
692,"[0, 2, 77, 15, 83, 86, 97, 98, 99, 43]",10
693,"[0, 97, 96, 98, 99, 6, 56, 92]",8
694,"[0, 97, 2, 98, 99, 84, 56]",7
695,"[0, 97, 96, 98, 99, 69, 6, 77, 56]",9
696,"[0, 64, 2, 19, 84, 93, 97, 98, 99, 56]",10
697,"[0, 64, 2, 6, 77, 84, 23, 97, 98, 99, 56, 60]",12
698,"[0, 2, 15, 86, 91, 93, 97, 98, 99, 54]",10
699,"[0, 2, 72, 77, 14, 15, 86, 24, 97, 98, 99, 43]",12
700,"[0, 97, 2, 98, 99, 84, 56]",7
701,"[0, 77, 15, 86, 91, 93, 29, 31, 97, 98, 99, 43, 54]",13
702,"[0, 2, 6, 77, 19, 97, 98, 99, 53, 56]",10
703,"[0, 2, 3, 77, 15, 83, 86, 24, 97, 98, 99, 43]",12
704,"[0, 64, 97, 98, 99, 57, 93]",7
705,"[0, 64, 2, 97, 98, 99, 19, 56, 93]",9
706,"[0, 2, 15, 86, 91, 97, 98, 99, 49, 54]",10
707,"[0, 97, 2, 98, 99, 19]",6
708,"[0, 64, 2, 97, 98, 99, 84, 56, 93]",9
709,"[0, 64, 2, 98, 97, 99, 84, 56]",8
710,"[0, 2, 3, 77, 15, 83, 86, 24, 91, 97, 98, 99, 43]",13
711,"[0, 97, 2, 98, 99, 43, 77, 15, 86]",9
712,"[0, 65, 6, 74, 77, 13, 23, 92, 97, 98, 99, 50, 56]",13
713,"[0, 97, 2, 98, 99, 38, 29]",7
714,"[0, 2, 77, 15, 83, 86, 97, 98, 99, 43]",10
715,"[0, 64, 2, 19, 84, 93, 97, 98, 99, 56]",10
716,"[0, 64, 2, 77, 84, 93, 97, 98, 99, 43, 56]",11
717,"[0, 5, 6, 69, 77, 91, 92, 96, 97, 98, 99, 56]",12
718,"[0, 64, 2, 6, 84, 93, 97, 98, 99, 56, 60]",11
719,"[0, 2, 3, 77, 15, 83, 86, 24, 97, 98, 99, 43]",12
720,"[0, 97, 2, 99, 98, 19, 83, 55]",8
721,"[0, 64, 2, 97, 98, 99, 19, 93]",8
722,"[0, 6, 77, 93, 97, 98, 99, 53, 56, 60]",10
723,"[0, 64, 2, 19, 84, 93, 97, 98, 99, 56]",10
724,"[0, 2, 3, 77, 15, 83, 20, 86, 24, 91, 97, 98, 99, 49]",14
725,"[0, 97, 98, 99, 38, 15, 86, 29]",8
726,"[0, 2, 77, 15, 86, 91, 93, 97, 98, 99, 43, 49, 54]",13
727,"[0, 64, 2, 98, 97, 99, 19, 56, 93]",9
728,"[0, 2, 3, 15, 83, 86, 24, 97, 98, 99, 49]",11
729,"[0, 2, 3, 15, 83, 86, 24, 97, 98, 99]",10
730,"[0, 97, 2, 99, 98, 43, 77, 15, 86]",9
731,"[0, 64, 2, 77, 19, 84, 93, 97, 98, 99, 43, 56]",12
732,"[0, 64, 2, 77, 20, 92, 93, 97, 98, 99, 45]",11
733,"[0, 64, 2, 98, 97, 99, 19, 56, 93]",9
734,"[0, 2, 3, 77, 15, 83, 86, 24, 97, 98, 99, 43]",12
735,"[0, 2, 77, 15, 86, 29, 31, 97, 98, 99, 43]",11
736,"[0, 64, 2, 98, 97, 99, 19, 56, 93]",9
737,"[0, 2, 3, 15, 83, 86, 24, 97, 98, 99]",10
738,"[0, 6, 77, 93, 97, 98, 99, 53, 56, 60]",10
739,"[0, 97, 2, 99, 98, 83, 19, 55]",8
740,"[0, 2, 15, 83, 86, 91, 93, 97, 98, 99, 54]",11
741,"[0, 97, 2, 98, 99, 38, 29]",7
742,"[0, 2, 77, 15, 83, 86, 97, 98, 99, 43]",10
743,"[0, 64, 2, 72, 19, 93, 97, 98, 99, 36, 56]",11
744,"[0, 97, 2, 96, 98, 5, 99]",7
745,"[0, 64, 2, 97, 98, 99, 19, 93]",8
746,"[0, 2, 5, 6, 77, 23, 97, 98, 99, 56, 60]",11
747,"[0, 97, 2, 99, 98, 43, 77, 15, 86]",9
748,"[0, 2, 72, 77, 14, 86, 24, 97, 98, 99, 43]",11
749,"[0, 2, 77, 15, 83, 86, 91, 93, 97, 98, 99, 43, 54]",13
750,"[0, 2, 72, 77, 14, 86, 24, 97, 98, 99, 43]",11
751,"[97, 98, 99]",3
752,"[0, 97, 2, 99, 98, 41, 19, 83, 55]",9
753,"[0, 2, 72, 77, 14, 86, 24, 97, 98, 99, 43]",11
754,"[0, 2, 15, 86, 91, 93, 97, 98, 99, 54]",10
755,"[0, 2, 77, 15, 83, 20, 86, 24, 91, 97, 98, 99, 49]",13
756,"[0, 96, 97, 99, 98, 6, 83, 55, 60]",9
757,"[0, 97, 2, 99, 98, 43, 77, 15, 86]",9
758,"[0, 96, 2, 97, 98, 5, 6, 99, 56]",9
759,"[0, 2, 5, 6, 77, 23, 97, 98, 99, 56, 60]",11
760,"[0, 2, 72, 77, 14, 86, 24, 97, 98, 99, 43]",11
761,"[0, 2, 6, 8, 19, 97, 98, 99, 55, 56, 60]",11
762,"[0, 77, 15, 86, 29, 31, 97, 98, 99, 43]",10
763,"[0, 64, 2, 77, 19, 84, 93, 97, 98, 99, 43]",11
764,"[0, 97, 2, 99, 98, 43, 77, 15, 86]",9
765,"[0, 64, 2, 97, 98, 99, 19, 93]",8
766,"[0, 64, 2, 69, 6, 5, 77, 78, 92, 96, 97, 98, 99]",13
767,"[0, 64, 2, 98, 97, 99, 19, 56, 93]",9
768,"[0, 64, 2, 84, 93, 97, 98, 99, 56, 57]",10
769,"[0, 64, 2, 77, 19, 84, 93, 97, 98, 99, 43]",11
770,"[0, 6, 85, 92, 29, 32, 96, 98, 97, 99, 50]",11
771,"[0, 97, 98, 99, 38, 15, 86, 29]",8
772,"[0, 64, 2, 97, 98, 99, 84, 56, 93]",9
773,"[0, 6, 77, 79, 23, 97, 98, 99, 53, 56, 60]",11
774,"[0, 2, 6, 8, 77, 23, 97, 98, 99, 53, 56, 60]",12
775,"[0, 64, 2, 97, 98, 99, 19, 84, 93]",9
776,"[0, 2, 77, 15, 20, 86, 91, 97, 98, 99, 49, 54]",12
777,"[0, 64, 2, 77, 20, 92, 93, 97, 98, 99, 45]",11
778,"[0, 2, 5, 6, 77, 79, 23, 97, 98, 99, 56, 60]",12
779,"[0, 2, 77, 15, 83, 86, 91, 93, 97, 98, 99, 43, 54]",13
780,"[0, 2, 77, 19, 84, 93, 97, 98, 99, 43]",10
781,"[0, 97, 2, 99, 98, 77, 19, 53]",8
782,"[0, 97, 2, 98, 99, 19, 84, 56, 93]",9
783,"[0, 2, 3, 77, 15, 83, 86, 24, 91, 97, 98, 99, 43, 49]",14
784,"[0, 64, 2, 97, 98, 99, 19, 84, 93]",9
785,"[0, 97, 2, 98, 99, 19, 55, 56]",8
786,"[0, 97, 2, 98, 99, 43, 77, 15, 86]",9
787,"[0, 64, 2, 98, 97, 99, 19, 56, 93]",9
788,"[0, 2, 3, 77, 15, 83, 86, 24, 97, 98, 99, 43, 49]",13
789,"[0, 97, 2, 99, 98, 83, 19, 55]",8
790,"[0, 64, 2, 6, 19, 93, 97, 98, 99, 56, 60]",11
791,"[0, 97, 2, 98, 99, 19, 56]",7
792,"[0, 97, 2, 98, 99, 43, 77, 15, 86]",9
793,"[0, 2, 77, 15, 83, 20, 86, 24, 91, 97, 98, 99, 49]",13
794,"[0, 6, 77, 93, 97, 98, 99, 53, 56, 60]",10
795,"[0, 6, 8, 77, 93, 97, 98, 99, 53, 56, 60]",11
796,"[0, 2, 77, 15, 83, 20, 86, 24, 91, 97, 98, 99, 49]",13
797,"[0, 64, 2, 97, 98, 99, 19, 84, 93]",9
798,"[0, 97, 96, 98, 99, 6, 77, 23, 56]",9
799,"[0, 97, 96, 98, 99, 6, 56, 92]",8
800,"[0, 2, 6, 8, 19, 97, 98, 99, 55, 56, 60]",11
801,"[0, 2, 77, 15, 83, 86, 91, 93, 97, 98, 99, 43, 49, 54]",14
802,"[0, 2, 3, 15, 86, 24, 91, 97, 98, 99, 49]",11
803,"[0, 6, 77, 93, 97, 98, 99, 53, 56, 60]",10
804,"[0, 2, 77, 15, 83, 86, 97, 98, 99, 43, 49]",11
805,"[0, 97, 2, 99, 98, 19, 83, 55]",8
806,"[0, 65, 6, 74, 77, 13, 23, 92, 97, 98, 99, 50, 56]",13
807,"[0, 64, 2, 97, 98, 99, 19, 84, 93]",9
808,"[0, 97, 2, 99, 98, 43, 77, 15, 86]",9
809,"[0, 97, 2, 99, 98, 19, 83, 55]",8
810,"[0, 64, 77, 93, 29, 97, 98, 99, 38, 43]",10
811,"[0, 64, 2, 97, 98, 99, 19, 84, 93]",9
812,"[0, 2, 77, 15, 83, 86, 97, 98, 99, 43]",10
813,"[0, 64, 2, 97, 98, 99, 19, 93]",8
814,"[0, 2, 72, 77, 14, 15, 86, 24, 97, 98, 99, 43]",12
815,"[0, 2, 77, 15, 86, 91, 93, 97, 98, 99, 43, 54]",12
816,"[0, 2, 15, 86, 91, 97, 98, 99, 49, 54]",10
817,"[0, 2, 3, 15, 83, 86, 24, 97, 98, 99, 49]",11
818,"[0, 2, 3, 15, 83, 86, 24, 97, 98, 99, 49]",11
819,"[0, 2, 5, 6, 77, 23, 97, 98, 99, 56, 60]",11
820,"[0, 2, 77, 15, 83, 86, 91, 93, 97, 98, 99, 43, 54]",13
821,"[0, 2, 3, 77, 15, 83, 86, 24, 91, 97, 98, 99, 43, 49]",14
822,"[0, 97, 96, 98, 99, 6, 77, 23, 56]",9
823,"[0, 97, 2, 98, 99, 19, 84, 56, 93]",9
824,"[0, 97, 2, 98, 99, 19, 56]",7
825,"[0, 2, 3, 15, 83, 86, 24, 97, 98, 99, 49]",11
826,"[0, 6, 77, 93, 97, 98, 99, 49, 53, 56]",10
827,"[0, 97, 2, 98, 99, 19, 56]",7
828,"[0, 2, 72, 77, 14, 86, 24, 97, 98, 99, 43]",11
829,"[0, 2, 3, 15, 83, 86, 24, 97, 98, 99, 49]",11
830,"[0, 97, 2, 99, 98, 83, 19, 55]",8
831,"[0, 2, 77, 15, 86, 97, 98, 99, 43, 49]",10
832,"[0, 65, 6, 74, 77, 13, 23, 92, 97, 98, 99, 50, 56]",13
833,"[0, 97, 98, 99, 6, 77, 53, 56, 93]",9
834,"[0, 2, 72, 77, 14, 15, 86, 24, 97, 98, 99, 43]",12
835,"[0, 97, 2, 98, 99, 77, 53, 56]",8
836,"[0, 2, 77, 15, 83, 86, 97, 98, 99, 43]",10
837,"[0, 97, 96, 98, 99, 6, 56, 92]",8
838,"[0, 97, 2, 98, 99, 19, 84, 93]",8
839,"[0, 2, 72, 77, 14, 86, 24, 97, 98, 99, 43]",11
840,"[0, 64, 2, 5, 6, 78, 18, 96, 97, 98, 99]",11
841,"[0, 97, 2, 98, 99, 19, 84, 93]",8
842,"[0, 97, 2, 98, 99, 19, 56]",7
843,"[0, 2, 77, 15, 83, 86, 91, 93, 97, 98, 99, 43, 49, 54]",14
844,"[0, 64, 2, 97, 98, 99, 19, 84, 93]",9
845,"[0, 2, 77, 15, 86, 91, 93, 97, 98, 99, 43, 49, 54]",13
846,"[0, 97, 2, 98, 99, 41, 19, 84, 93]",9
847,"[0, 2, 5, 6, 93, 97, 98, 99, 49, 56]",10
848,"[0, 2, 3, 77, 15, 83, 86, 24, 97, 98, 99, 43, 49]",13
849,"[0, 2, 6, 77, 19, 23, 97, 98, 99, 53, 55, 56, 60]",13
850,"[0, 2, 3, 77, 15, 83, 86, 24, 97, 98, 99, 43]",12
851,"[0, 6, 77, 79, 93, 97, 98, 99, 53, 56, 60]",11
852,"[0, 2, 77, 15, 83, 20, 86, 24, 91, 97, 98, 99, 49]",13
853,"[0, 2, 77, 15, 86, 29, 31, 97, 98, 99, 43]",11
854,"[0, 2, 77, 15, 86, 97, 98, 99, 43, 49]",10
855,"[0, 2, 3, 77, 15, 83, 86, 24, 97, 98, 99, 43, 49]",13
856,"[0, 64, 2, 5, 6, 77, 23, 97, 98, 99, 53, 56]",12
857,"[0, 2, 77, 15, 83, 86, 97, 98, 99, 43, 49]",11
858,"[0, 97, 2, 99, 98, 41, 19, 83, 55]",9
859,"[0, 97, 2, 99, 98, 43, 77, 93]",8
860,"[0, 2, 77, 15, 86, 97, 98, 99, 43, 49]",10
861,"[0, 2, 5, 6, 77, 23, 96, 97, 98, 99, 56]",11
862,"[0, 97, 2, 99, 98, 43, 77, 93]",8
863,"[97, 98, 99]",3
864,"[0, 2, 77, 15, 83, 86, 97, 98, 99, 43]",10
865,"[0, 97, 2, 98, 99, 6, 19, 60]",8
866,"[0, 2, 3, 77, 15, 83, 86, 24, 97, 98, 99, 43, 49]",13
867,"[0, 2, 3, 77, 15, 83, 86, 24, 97, 98, 99, 43, 49]",13
868,"[0, 69, 6, 77, 78, 92, 96, 97, 98, 99, 56]",11
869,"[0, 2, 77, 15, 83, 86, 97, 98, 99, 43]",10
870,"[0, 2, 6, 8, 19, 97, 98, 99, 55, 56, 60]",11
871,"[0, 2, 5, 6, 8, 77, 97, 98, 99, 53, 56, 60]",12
872,"[0, 2, 15, 83, 86, 91, 93, 97, 98, 99, 54]",11
873,"[0, 2, 77, 15, 83, 86, 97, 98, 99, 43, 49]",11
874,"[0, 64, 2, 97, 98, 99, 19, 84, 93]",9
875,"[0, 6, 77, 93, 97, 98, 99, 49, 53, 56, 60]",11
876,"[0, 97, 2, 98, 99, 19, 84, 93]",8
877,"[0, 64, 2, 6, 72, 19, 93, 97, 98, 99, 36, 56, 60]",13
878,"[0, 64, 2, 97, 98, 99, 19, 24, 93]",9
879,"[0, 2, 77, 15, 83, 86, 91, 93, 97, 98, 99, 43, 54]",13
880,"[0, 65, 6, 74, 77, 13, 23, 97, 98, 99, 50, 56]",12
881,"[0, 97, 2, 99, 98, 43, 77, 15, 86]",9
882,"[0, 77, 15, 86, 91, 93, 29, 31, 97, 98, 99, 43, 54]",13
883,"[0, 2, 77, 15, 83, 86, 97, 98, 99, 43, 49]",11
884,"[0, 97, 2, 98, 99, 19, 84, 93]",8
885,"[0, 2, 72, 77, 14, 15, 86, 24, 97, 98, 99, 43]",12
886,"[0, 97, 2, 99, 98, 19, 55]",7
887,"[0, 64, 2, 97, 98, 99, 19, 93]",8
888,"[0, 97, 2, 98, 99, 38, 29]",7
889,"[0, 97, 2, 99, 98, 83, 19, 55]",8
890,"[0, 2, 77, 15, 86, 91, 93, 97, 98, 99, 43, 49, 54]",13
891,"[0, 2, 3, 15, 83, 86, 24, 97, 98, 99, 49]",11
892,"[0, 64, 2, 32, 98, 5, 97, 99, 24]",9
893,"[0, 96, 2, 97, 98, 5, 6, 99, 18]",9
894,"[0, 97, 2, 99, 98, 41, 83, 19, 55]",9
895,"[0, 64, 2, 72, 19, 93, 97, 98, 99, 36, 56]",11
896,"[0, 2, 77, 15, 83, 86, 97, 98, 99, 43, 49]",11
897,"[0, 97, 2, 98, 99, 38, 29]",7
898,"[0, 69, 6, 77, 92, 96, 97, 98, 99, 56]",10
899,"[0, 2, 15, 86, 24, 91, 97, 98, 99, 49]",10
900,"[0, 77, 15, 86, 29, 31, 97, 98, 99, 43]",10
901,"[0, 2, 3, 77, 15, 86, 24, 97, 98, 99, 43]",11
902,"[0, 97, 2, 98, 99, 19, 84, 93]",8
903,"[0, 2, 3, 77, 15, 83, 86, 24, 97, 98, 99, 43, 49]",13
904,"[0, 2, 15, 86, 24, 91, 97, 98, 99, 49]",10
905,"[0, 97, 2, 99, 98, 83, 19, 55]",8
906,"[0, 2, 15, 86, 91, 93, 97, 98, 99, 49, 54]",11
907,"[0, 6, 85, 92, 29, 96, 32, 98, 97, 99, 50]",11
908,"[0, 97, 2, 98, 99, 19, 56]",7
909,"[0, 2, 72, 77, 14, 86, 24, 97, 98, 99, 43]",11
910,"[0, 64, 2, 97, 98, 99, 19, 56, 93]",9
911,"[0, 64, 2, 6, 19, 93, 97, 98, 99, 56, 60]",11
912,"[0, 97, 2, 99, 98, 41, 19, 83, 55]",9
913,"[0, 2, 77, 15, 20, 86, 91, 97, 98, 99, 49, 54]",12
914,"[0, 2, 77, 15, 83, 20, 86, 24, 91, 97, 98, 99, 49]",13
915,"[0, 2, 3, 15, 86, 24, 91, 97, 98, 99, 49]",11
916,"[0, 2, 77, 15, 83, 86, 91, 93, 97, 98, 99, 43, 54]",13
917,"[0, 6, 77, 93, 97, 98, 99, 49, 53, 56, 60]",11
918,"[0, 6, 77, 93, 97, 98, 99, 53, 56, 60]",10
919,"[0, 2, 77, 15, 83, 86, 97, 98, 99, 43, 49]",11
920,"[0, 2, 3, 77, 15, 83, 86, 24, 91, 97, 98, 99, 43, 49]",14
921,"[0, 2, 77, 15, 83, 86, 91, 93, 97, 98, 99, 43, 54]",13
922,"[0, 2, 77, 15, 86, 97, 98, 99, 43, 49]",10
923,"[0, 2, 77, 15, 86, 91, 93, 97, 98, 99, 43, 49, 54]",13
924,"[0, 97, 2, 98, 99, 19]",6
925,"[0, 97, 2, 98, 99, 43, 77, 15, 86]",9
926,"[0, 97, 2, 98, 99, 43, 77, 15, 86]",9
927,"[0, 97, 98, 99, 6, 8, 56, 60, 93]",9
928,"[0, 64, 2, 5, 6, 77, 23, 97, 98, 99, 53, 56]",12
929,"[0, 64, 2, 72, 19, 93, 97, 98, 99, 36, 56]",11
930,"[0, 97, 2, 99, 98, 83, 19, 55]",8
931,"[0, 97, 2, 98, 99, 19]",6
932,"[0, 2, 15, 86, 91, 93, 97, 98, 99, 49, 54]",11
933,"[0, 97, 2, 99, 98, 43, 77, 93]",8
934,"[0, 2, 3, 15, 86, 24, 97, 98, 99, 49]",10
935,"[0, 65, 6, 74, 77, 13, 23, 92, 97, 98, 99, 50, 56]",13
936,"[0, 2, 3, 77, 15, 83, 86, 24, 97, 98, 99, 43, 49]",13
937,"[0, 2, 72, 77, 14, 15, 86, 24, 97, 98, 99, 43]",12
938,"[0, 2, 77, 15, 86, 29, 31, 97, 98, 99, 43]",11
939,"[0, 97, 2, 98, 99, 6, 49, 56, 93]",9
940,"[0, 97, 2, 98, 99, 19, 84, 93]",8
941,"[0, 2, 77, 15, 86, 91, 93, 97, 98, 99, 43, 54]",12
942,"[0, 97, 2, 99, 98, 77, 53, 56]",8
943,"[0, 64, 2, 97, 98, 99, 19, 93]",8
944,"[0, 2, 5, 6, 77, 79, 23, 97, 98, 99, 56, 60]",12
945,"[0, 97, 2, 98, 99, 19, 56]",7
946,"[0, 6, 77, 79, 23, 97, 98, 99, 53, 56, 60]",11
947,"[0, 97, 98, 99, 6, 77, 53, 56, 93]",9
948,"[97, 98, 99]",3
949,"[0, 97, 2, 98, 99, 6, 19, 60]",8
950,"[0, 2, 77, 15, 83, 86, 91, 93, 97, 98, 99, 43, 49, 54]",14
951,"[0, 96, 2, 97, 98, 5, 6, 99, 18]",9
952,"[0, 2, 15, 86, 91, 93, 97, 98, 99, 49, 54]",11
953,"[0, 97, 2, 98, 99, 19]",6
954,"[0, 2, 77, 15, 83, 86, 97, 98, 99, 43, 49]",11
955,"[0, 97, 2, 98, 99, 84, 56, 93]",8
956,"[0, 97, 2, 98, 99, 56]",6
957,"[0, 77, 15, 86, 29, 31, 97, 98, 99, 43]",10
958,"[0, 2, 77, 15, 83, 86, 97, 98, 99, 43, 49]",11
959,"[0, 97, 2, 99, 98, 43, 77, 15, 86]",9
960,"[0, 97, 98, 99, 83, 55]",6
961,"[0, 2, 77, 15, 86, 97, 98, 99, 43, 49]",10
962,"[0, 2, 72, 77, 14, 15, 86, 24, 97, 98, 99, 43]",12
963,"[0, 97, 2, 98, 99, 19]",6
964,"[0, 97, 2, 98, 99, 43, 77, 15, 86]",9
965,"[0, 97, 98, 99, 57, 93]",6
966,"[0, 97, 2, 99, 98, 41, 19, 83, 55]",9
967,"[0, 96, 97, 99, 98, 6, 83, 55, 60]",9
968,"[0, 2, 77, 15, 83, 86, 97, 98, 99, 43]",10
969,"[0, 69, 6, 77, 78, 92, 96, 97, 98, 99, 56]",11
970,"[0, 2, 77, 15, 83, 86, 97, 98, 99, 43]",10
971,"[0, 64, 2, 97, 98, 99, 19, 93]",8
972,"[0, 2, 5, 6, 77, 23, 97, 98, 99, 56, 60]",11
973,"[0, 97, 2, 98, 99, 38, 29]",7
974,"[0, 97, 98, 99, 83, 55]",6
975,"[0, 97, 2, 99, 98, 6, 8, 56, 60]",9
976,"[0, 2, 77, 15, 83, 86, 97, 98, 99, 43]",10
977,"[0, 69, 6, 77, 92, 96, 97, 98, 99, 56]",10
978,"[0, 2, 77, 15, 83, 86, 91, 93, 97, 98, 99, 43, 54]",13
979,"[0, 97, 2, 98, 99, 19, 84, 93]",8
980,"[0, 97, 2, 98, 36, 99, 72, 19, 56]",9
981,"[0, 65, 6, 74, 77, 13, 23, 97, 98, 99, 50, 56]",12
982,"[0, 97, 2, 99, 98, 43, 77, 93]",8
983,"[0, 77, 15, 86, 29, 31, 97, 98, 99, 43]",10
984,"[0, 2, 77, 15, 86, 91, 93, 97, 98, 99, 43, 49, 54]",13
985,"[0, 2, 6, 8, 77, 23, 97, 98, 99, 53, 56, 60]",12
986,"[0, 32, 2, 64, 97, 5, 98, 99, 24]",9
987,"[0, 6, 77, 93, 97, 98, 99, 49, 53, 56]",10
988,"[0, 2, 3, 77, 15, 83, 86, 24, 97, 98, 99, 43, 49]",13
989,"[0, 2, 5, 6, 77, 23, 97, 98, 99, 56, 60]",11
990,"[0, 2, 5, 6, 30, 96, 97, 98, 99, 55, 56]",11
991,"[97, 98, 99]",3
992,"[0, 64, 2, 97, 98, 99, 19, 56, 93]",9
993,"[0, 97, 2, 98, 99, 19, 56]",7
994,"[0, 77, 15, 86, 91, 29, 93, 31, 97, 98, 99, 43, 54]",13
995,"[97, 98, 99]",3
996,"[0, 2, 6, 77, 23, 97, 98, 99, 53, 56, 60]",11
997,"[0, 97, 2, 99, 98, 19, 83, 55]",8
998,"[0, 97, 96, 98, 99, 6, 56, 92]",8
999,"[0, 2, 72, 77, 14, 86, 24, 97, 98, 99, 43]",11
1000,"[0, 64, 2, 77, 20, 92, 93, 97, 98, 99, 45]",11
1001,"[0, 2, 77, 15, 20, 86, 24, 91, 97, 98, 99, 49]",12
1002,"[0, 97, 2, 99, 98, 6, 8, 56, 60]",9
1003,"[0, 2, 3, 15, 83, 86, 24, 97, 98, 99, 49]",11
1004,"[0, 97, 2, 98, 99, 56]",6
1005,"[0, 97, 2, 98, 99, 19]",6
1006,"[0, 97, 96, 98, 99, 6, 77, 23, 56]",9
1007,"[0, 97, 2, 98, 99, 84, 56, 93]",8
1008,"[0, 2, 3, 77, 15, 83, 86, 24, 97, 98, 99, 43, 49]",13
1009,"[0, 65, 6, 74, 77, 13, 23, 97, 98, 99, 50, 56]",12
1010,"[0, 2, 72, 77, 14, 15, 86, 24, 97, 98, 99, 43]",12
1011,"[0, 2, 77, 15, 86, 91, 93, 97, 98, 99, 43, 49, 54]",13
1012,"[0, 97, 2, 99, 98, 83, 19, 55]",8
1013,"[0, 2, 77, 15, 20, 86, 24, 91, 97, 98, 99, 49]",12
1014,"[0, 97, 2, 98, 99, 43, 77, 15, 86]",9
1015,"[0, 97, 98, 99, 83, 55]",6
1016,"[0, 2, 3, 77, 15, 83, 86, 24, 97, 98, 99, 43]",12
1017,"[0, 6, 77, 79, 93, 97, 98, 99, 53, 56, 60]",11
1018,"[0, 2, 72, 77, 14, 86, 24, 97, 98, 99, 43]",11
1019,"[0, 97, 2, 99, 98, 43, 77, 15, 86]",9
1020,"[0, 2, 3, 77, 15, 86, 24, 97, 98, 99, 43, 49]",12
1021,"[0, 97, 2, 99, 98, 6, 8, 56, 60]",9
1022,"[0, 2, 3, 77, 15, 86, 24, 91, 97, 98, 99, 43, 49]",13
1023,"[0, 97, 96, 98, 99, 6, 56, 92]",8
1024,"[0, 2, 77, 15, 83, 86, 97, 98, 99, 43]",10
1025,"[0, 64, 2, 97, 98, 99, 19, 93]",8
1026,"[0, 2, 3, 15, 86, 24, 91, 97, 98, 99, 49]",11
1027,"[0, 97, 2, 98, 99, 38, 29]",7
1028,"[0, 77, 23, 29, 93, 97, 98, 99, 38, 43]",10
1029,"[0, 64, 2, 5, 6, 78, 18, 96, 97, 98, 99]",11
1030,"[0, 97, 2, 99, 98, 83, 19, 55]",8
1031,"[0, 97, 2, 99, 98, 77, 84, 53, 56]",9
1032,"[0, 97, 2, 98, 99, 47, 19, 83, 55]",9
1033,"[0, 2, 15, 83, 86, 91, 93, 97, 98, 99, 54]",11
1034,"[0, 2, 3, 77, 15, 83, 86, 24, 97, 98, 99, 43, 49]",13
1035,"[0, 97, 96, 98, 99, 6, 56]",7
1036,"[0, 2, 77, 15, 83, 86, 97, 98, 99, 43]",10
1037,"[0, 97, 98, 99, 6, 49, 56, 60, 93]",9
1038,"[0, 97, 96, 98, 99, 6, 77, 23, 56]",9
1039,"[0, 97, 2, 98, 99, 19]",6
1040,"[0, 2, 3, 15, 83, 86, 24, 97, 98, 99, 49]",11
1041,"[0, 97, 2, 99, 98, 6, 8, 56, 60]",9
1042,"[0, 97, 2, 98, 99, 84, 56, 93]",8
1043,"[0, 2, 3, 77, 15, 86, 24, 97, 98, 99, 43]",11
1044,"[0, 97, 2, 98, 99, 19]",6
1045,"[0, 97, 98, 99, 38, 15, 86, 29]",8
1046,"[0, 2, 6, 72, 84, 93, 97, 98, 99, 36, 56, 60]",12
1047,"[0, 97, 2, 99, 98, 83, 19, 55, 56]",9
1048,"[0, 64, 2, 97, 98, 99, 19, 24, 93]",9
1049,"[0, 2, 77, 15, 83, 86, 91, 93, 97, 98, 99, 43, 54]",13
1050,"[0, 64, 2, 5, 6, 69, 77, 78, 18, 96, 97, 98, 99]",13
1051,"[0, 97, 2, 98, 99, 84, 56]",7
1052,"[0, 2, 77, 15, 83, 86, 97, 98, 99, 43]",10
1053,"[0, 2, 3, 77, 15, 83, 86, 24, 97, 98, 99, 43]",12
1054,"[0, 77, 23, 29, 93, 97, 98, 99, 38, 43]",10
1055,"[0, 64, 2, 5, 6, 78, 18, 96, 97, 98, 99]",11
1056,"[0, 2, 77, 15, 20, 86, 24, 91, 97, 98, 99, 49]",12
1057,"[0, 97, 2, 98, 99, 84, 56, 93]",8
1058,"[0, 64, 2, 97, 98, 99, 19, 93]",8
1059,"[0, 97, 2, 99, 98, 83, 19, 55]",8
1060,"[0, 65, 6, 74, 77, 13, 23, 97, 98, 99, 50, 56]",12
1061,"[0, 97, 96, 98, 99, 6, 77, 23, 56]",9
1062,"[0, 64, 2, 5, 6, 69, 77, 78, 18, 96, 97, 98, 99]",13
1063,"[0, 97, 2, 98, 99, 19]",6
1064,"[0, 2, 72, 77, 14, 86, 24, 97, 98, 99, 43]",11
1065,"[0, 97, 2, 98, 99, 56]",6
1066,"[0, 64, 2, 98, 97, 99, 19, 56, 93]",9
1067,"[0, 97, 98, 99, 83, 55]",6
1068,"[0, 97, 2, 99, 98, 43, 77, 15, 86]",9
1069,"[0, 2, 3, 77, 15, 86, 24, 97, 98, 99, 43, 49]",12
1070,"[0, 97, 2, 99, 98, 6, 8, 56, 60]",9
1071,"[0, 77, 15, 86, 29, 31, 97, 98, 99, 43]",10
1072,"[0, 2, 15, 86, 91, 93, 97, 98, 99, 54]",10
1073,"[0, 97, 98, 99, 6, 56, 60, 93]",8
1074,"[0, 97, 2, 99, 98, 83, 19, 55]",8
1075,"[0, 2, 6, 8, 77, 23, 97, 98, 99, 56, 60]",11
1076,"[0, 97, 98, 99, 6, 77, 53, 56, 93]",9
1077,"[0, 6, 77, 93, 97, 98, 99, 49, 53, 56]",10
1078,"[0, 65, 69, 70, 77, 96, 97, 98, 99, 55]",10
1079,"[0, 2, 15, 86, 91, 93, 97, 98, 99, 49, 54]",11
1080,"[0, 2, 72, 77, 14, 86, 24, 97, 98, 99, 43]",11
1081,"[0, 2, 72, 19, 84, 93, 97, 98, 99, 36, 55, 56]",12
1082,"[0, 2, 3, 77, 15, 86, 24, 91, 97, 98, 99, 43, 49]",13
1083,"[0, 97, 2, 99, 98, 43, 77, 93]",8
1084,"[0, 2, 3, 15, 86, 24, 97, 98, 99, 49]",10
1085,"[0, 97, 2, 98, 99, 84, 56]",7
1086,"[0, 32, 2, 64, 97, 98, 99, 24]",8
1087,"[0, 2, 72, 84, 93, 97, 98, 99, 36, 56]",10
1088,"[0, 2, 77, 15, 20, 86, 24, 91, 97, 98, 99, 49]",12
1089,"[0, 97, 98, 99, 57, 93]",6
1090,"[0, 97, 2, 99, 98, 43, 77, 15, 86]",9
1091,"[0, 2, 3, 77, 15, 83, 86, 24, 97, 98, 99, 43, 49]",13
1092,"[0, 97, 98, 99, 83, 55]",6
1093,"[0, 97, 98, 99, 83, 55]",6
1094,"[0, 97, 2, 98, 99, 56]",6
1095,"[0, 2, 77, 15, 86, 91, 93, 97, 98, 99, 43, 49, 54]",13
1096,"[97, 98, 99]",3
1097,"[0, 6, 77, 79, 93, 97, 98, 99, 53, 56, 60]",11
1098,"[0, 6, 85, 92, 29, 96, 32, 97, 98, 99, 50]",11
1099,"[0, 2, 77, 15, 86, 91, 93, 97, 98, 99, 43, 49, 54]",13
1100,"[0, 2, 3, 77, 15, 86, 24, 97, 98, 99, 43, 49]",12
1101,"[0, 2, 3, 15, 86, 24, 91, 97, 98, 99, 49]",11
1102,"[0, 97, 2, 99, 98, 19, 83, 55]",8
1103,"[0, 97, 2, 99, 98, 83, 19, 55]",8
1104,"[0, 2, 15, 86, 91, 93, 97, 98, 99, 49, 54]",11
1105,"[0, 64, 2, 77, 20, 92, 93, 97, 98, 99, 45]",11
1106,"[0, 97, 2, 98, 99, 43, 77, 15, 86]",9
1107,"[0, 2, 77, 15, 86, 91, 93, 97, 98, 99, 43, 54]",12
1108,"[97, 98, 99]",3
1109,"[0, 97, 96, 98, 99, 6, 56]",7
1110,"[0, 65, 6, 74, 77, 13, 23, 92, 97, 98, 99, 50, 56]",13
1111,"[0, 97, 96, 98, 99, 6, 56, 92]",8
1112,"[0, 97, 2, 98, 99, 19]",6
1113,"[0, 2, 6, 30, 96, 97, 98, 99, 55, 60]",10
1114,"[0, 97, 2, 98, 99, 84, 56, 93]",8
1115,"[0, 97, 2, 98, 99, 19, 24]",7
1116,"[0, 64, 2, 6, 93, 97, 98, 99, 56, 60]",10
1117,"[0, 2, 77, 15, 86, 97, 98, 99, 43, 49]",10
1118,"[0, 2, 77, 15, 86, 91, 93, 97, 98, 99, 43, 49, 54]",13
1119,"[0, 2, 77, 15, 83, 20, 86, 24, 91, 97, 98, 99, 49]",13
1120,"[0, 64, 2, 98, 97, 99, 84, 56, 93]",9
1121,"[0, 97, 2, 96, 98, 5, 99]",7
1122,"[0, 97, 2, 99, 98, 43, 77, 15, 86]",9
1123,"[97, 98, 99]",3
1124,"[0, 2, 77, 15, 83, 86, 97, 98, 99, 43]",10
1125,"[0, 97, 2, 98, 99, 43, 77, 15, 86]",9
1126,"[0, 97, 2, 99, 98, 43, 77, 93]",8
1127,"[0, 97, 2, 99, 98, 43, 77, 15, 86]",9
1128,"[0, 97, 2, 99, 98, 41, 19, 83, 55]",9
1129,"[0, 97, 2, 99, 98, 19, 83, 55]",8
1130,"[0, 2, 3, 77, 15, 83, 86, 24, 97, 98, 99, 43, 49]",13
1131,"[0, 2, 72, 77, 14, 86, 24, 97, 98, 99, 43]",11
1132,"[0, 97, 2, 98, 99, 56]",6
1133,"[0, 77, 15, 86, 91, 93, 29, 31, 97, 98, 99, 43, 54]",13
1134,"[0, 6, 77, 79, 23, 97, 98, 99, 56, 60]",10
1135,"[0, 97, 98, 99, 6, 49, 56, 60, 93]",9
1136,"[0, 97, 96, 98, 99, 6, 77, 23, 56]",9
1137,"[0, 2, 77, 15, 83, 86, 91, 93, 97, 98, 99, 43, 54]",13
1138,"[0, 6, 77, 93, 97, 98, 99, 53, 56, 60]",10
1139,"[0, 97, 96, 98, 99, 6, 56, 92]",8
1140,"[0, 2, 3, 77, 15, 83, 86, 24, 97, 98, 99, 43, 49]",13
1141,"[0, 2, 72, 77, 14, 15, 86, 24, 97, 98, 99, 43]",12
1142,"[0, 2, 15, 86, 91, 93, 97, 98, 99, 49, 54]",11
1143,"[0, 65, 69, 6, 70, 77, 92, 96, 97, 98, 99, 55, 56]",13
1144,"[0, 2, 15, 83, 86, 91, 93, 97, 98, 99, 54]",11
1145,"[0, 2, 6, 77, 23, 97, 98, 99, 56, 60]",10
1146,"[0, 64, 2, 97, 98, 99, 19, 93]",8
1147,"[0, 2, 3, 77, 15, 86, 24, 91, 97, 98, 99, 43, 49]",13
1148,"[0, 97, 2, 98, 99, 15, 49, 86]",8
1149,"[0, 2, 3, 77, 15, 83, 86, 24, 97, 98, 99, 43, 49]",13
1150,"[0, 6, 77, 93, 97, 98, 99, 53, 56, 60]",10
1151,"[0, 97, 2, 99, 98, 72, 55, 30]",8
1152,"[0, 97, 98, 99, 83, 55]",6
1153,"[0, 2, 5, 6, 77, 23, 97, 98, 99, 56, 60]",11
1154,"[97, 98, 99]",3
1155,"[0, 97, 2, 98, 99, 43, 77, 15, 86]",9
1156,"[0, 2, 3, 77, 15, 86, 24, 97, 98, 99, 43, 49]",12
1157,"[0, 2, 72, 77, 14, 86, 24, 97, 98, 99, 43]",11
1158,"[0, 97, 2, 98, 99, 84, 56, 93]",8
1159,"[0, 97, 2, 99, 98, 83, 19, 55]",8
1160,"[0, 97, 2, 98, 99, 19]",6
1161,"[0, 2, 77, 15, 86, 97, 98, 99, 43, 49]",10
1162,"[0, 2, 72, 77, 14, 15, 86, 24, 97, 98, 99, 43]",12
1163,"[0, 97, 2, 99, 98, 43, 77, 15, 86]",9
1164,"[97, 98, 99]",3
1165,"[0, 2, 77, 15, 83, 86, 97, 98, 99, 43, 49]",11
1166,"[0, 2, 5, 6, 77, 23, 97, 98, 99, 56, 60]",11
1167,"[0, 2, 15, 86, 91, 93, 97, 98, 99, 49, 54]",11
1168,"[0, 97, 2, 99, 98, 77, 53, 56]",8
1169,"[97, 98, 99]",3
1170,"[0, 97, 2, 98, 99, 19]",6
1171,"[0, 2, 6, 72, 8, 30, 97, 98, 99, 55, 56, 60]",12
1172,"[0, 2, 77, 15, 86, 97, 98, 99, 43, 49]",10
1173,"[0, 2, 77, 15, 20, 86, 91, 93, 97, 98, 99, 49, 54]",13
1174,"[0, 2, 77, 15, 83, 86, 97, 98, 99, 43]",10
1175,"[0, 97, 2, 99, 98, 72, 55, 30]",8
1176,"[0, 97, 98, 99, 38, 15, 86, 29]",8
1177,"[0, 97, 2, 98, 99, 38, 29]",7
1178,"[0, 97, 2, 99, 98, 83, 19, 55]",8
1179,"[0, 2, 15, 86, 24, 91, 97, 98, 99, 49]",10
1180,"[0, 2, 77, 15, 83, 86, 91, 93, 97, 98, 99, 43, 49, 54]",14
1181,"[0, 2, 72, 77, 14, 86, 24, 97, 98, 99, 43]",11
1182,"[0, 2, 3, 77, 15, 86, 24, 97, 98, 99, 43, 49]",12
1183,"[0, 2, 77, 15, 86, 29, 31, 97, 98, 99, 43]",11
1184,"[0, 97, 2, 96, 98, 99, 19]",7
1185,"[0, 65, 6, 74, 77, 13, 23, 97, 98, 99, 50, 56]",12
1186,"[0, 97, 2, 99, 98, 6, 8, 56, 60]",9
1187,"[0, 97, 2, 98, 99, 38, 29]",7
1188,"[0, 2, 77, 15, 83, 86, 91, 93, 97, 98, 99, 43, 54]",13
1189,"[0, 2, 77, 15, 86, 97, 98, 99, 43, 49]",10
1190,"[0, 97, 2, 98, 99, 77, 53, 56]",8
1191,"[0, 2, 77, 15, 86, 29, 31, 97, 98, 99, 43]",11
1192,"[0, 6, 77, 93, 97, 98, 99, 39, 53, 56]",10
1193,"[0, 97, 98, 99, 6, 8, 56, 60, 93]",9
1194,"[97, 98, 99]",3
1195,"[0, 2, 5, 6, 30, 96, 97, 98, 99, 55, 56]",11
1196,"[0, 97, 2, 98, 99, 56]",6
1197,"[0, 2, 6, 72, 8, 30, 97, 98, 99, 55, 56, 60]",12
1198,"[0, 2, 77, 15, 83, 86, 91, 93, 97, 98, 99, 43, 54]",13
1199,"[0, 6, 77, 93, 97, 98, 99, 49, 53, 56, 60]",11
1200,"[0, 97, 2, 98, 99, 19]",6
1201,"[0, 97, 98, 99, 6, 56, 60, 93]",8
1202,"[0, 2, 77, 15, 83, 86, 97, 98, 99, 43, 49]",11
1203,"[97, 98, 99]",3
1204,"[0, 2, 77, 15, 86, 97, 98, 99, 43, 49]",10
1205,"[0, 77, 15, 86, 29, 31, 97, 98, 99, 43]",10
1206,"[0, 2, 72, 77, 14, 86, 24, 97, 98, 99, 43]",11
1207,"[0, 97, 2, 98, 36, 99, 72, 56]",8
1208,"[0, 97, 2, 99, 98, 41, 83, 19, 55]",9
1209,"[0, 2, 77, 15, 83, 86, 97, 98, 99, 43]",10
1210,"[0, 2, 77, 15, 86, 29, 31, 97, 98, 99, 43]",11
1211,"[0, 2, 77, 15, 83, 86, 91, 93, 97, 98, 99, 43, 49, 54]",14
1212,"[0, 2, 72, 77, 14, 15, 86, 24, 97, 98, 99, 43]",12
1213,"[0, 77, 15, 86, 29, 31, 97, 98, 99, 43]",10
1214,"[0, 6, 77, 93, 97, 98, 99, 53, 56, 60]",10
1215,"[0, 97, 98, 99, 83, 55]",6
1216,"[0, 97, 2, 99, 98, 19, 83, 55]",8
1217,"[0, 2, 6, 77, 23, 97, 98, 99, 56, 60]",10
1218,"[0, 64, 2, 19, 84, 93, 97, 98, 99, 55, 56]",11
1219,"[0, 6, 77, 79, 23, 97, 98, 99, 56, 60]",10
1220,"[0, 97, 2, 98, 99, 84, 56, 93]",8
1221,"[0, 2, 3, 77, 15, 86, 24, 91, 97, 98, 99, 43, 49]",13
1222,"[0, 97, 96, 98, 99, 6, 77, 23, 56]",9
1223,"[0, 2, 77, 15, 86, 97, 98, 99, 43, 49]",10
1224,"[0, 97, 2, 99, 98, 83, 19, 55]",8
1225,"[0, 97, 2, 99, 98, 43, 77, 93]",8
1226,"[0, 97, 2, 99, 98, 43, 77, 15, 86]",9
1227,"[0, 65, 6, 74, 77, 13, 23, 96, 97, 98, 99, 50, 56]",13
1228,"[0, 2, 3, 77, 15, 86, 24, 97, 98, 99, 43, 49]",12
1229,"[0, 2, 72, 77, 14, 86, 24, 97, 98, 99, 43]",11
1230,"[0, 2, 15, 86, 91, 93, 97, 98, 99, 49, 54]",11
1231,"[0, 97, 2, 99, 98, 19, 83, 55]",8
1232,"[0, 97, 2, 98, 99, 77, 53, 56]",8
1233,"[0, 97, 98, 99, 77, 53]",6
1234,"[0, 2, 77, 15, 86, 97, 98, 99, 43, 49]",10
1235,"[0, 2, 77, 15, 20, 86, 24, 91, 97, 98, 99, 49]",12
1236,"[0, 2, 3, 77, 15, 86, 24, 97, 98, 99, 43, 49]",12
1237,"[0, 97, 2, 98, 99, 38, 29]",7
1238,"[0, 97, 2, 99, 98, 41, 83, 55]",8
1239,"[0, 2, 3, 15, 86, 24, 97, 98, 99, 49]",10
1240,"[0, 6, 77, 93, 97, 98, 99, 49, 53, 56]",10
1241,"[0, 97, 2, 99, 98, 6, 8, 56, 60]",9
1242,"[0, 97, 2, 98, 99, 43, 77, 15, 86]",9
1243,"[0, 2, 3, 77, 15, 83, 86, 24, 97, 98, 99, 43, 49]",13
1244,"[0, 97, 2, 99, 98, 6, 8, 56, 60]",9
1245,"[0, 97, 96, 98, 99, 6, 56, 92]",8
1246,"[0, 97, 2, 98, 99, 38, 29]",7
1247,"[0, 97, 2, 99, 98, 72, 55, 30]",8
1248,"[0, 2, 77, 84, 93, 97, 98, 99, 53, 56]",10
1249,"[0, 69, 6, 77, 78, 18, 96, 97, 98, 99, 56]",11
1250,"[0, 2, 6, 72, 8, 30, 97, 98, 99, 55, 56, 60]",12
1251,"[0, 2, 77, 15, 86, 91, 93, 97, 98, 99, 43, 54]",12
1252,"[0, 2, 15, 86, 91, 93, 97, 98, 99, 49, 54]",11
1253,"[97, 98, 99]",3
1254,"[0, 6, 77, 93, 97, 98, 99, 39, 53, 56]",10
1255,"[0, 97, 2, 99, 98, 83, 19, 55]",8
1256,"[0, 97, 2, 99, 98, 43, 77, 15, 86]",9
1257,"[0, 97, 2, 98, 99, 77, 84, 53, 56]",9
1258,"[0, 97, 98, 64, 99, 93]",6
1259,"[0, 97, 2, 96, 98, 5, 99]",7
1260,"[0, 32, 2, 97, 98, 5, 99, 24, 56]",9
1261,"[0, 2, 15, 83, 86, 91, 93, 97, 98, 99, 54]",11
1262,"[0, 2, 5, 6, 77, 23, 97, 98, 99, 56, 60]",11
1263,"[0, 97, 2, 98, 99, 43, 77, 15, 86]",9
1264,"[0, 97, 2, 99, 98, 43, 77, 15, 86]",9
1265,"[0, 69, 6, 77, 92, 96, 97, 98, 99, 56]",10
1266,"[0, 97, 2, 98, 99, 84, 56, 93]",8
1267,"[0, 2, 72, 77, 14, 86, 24, 97, 98, 99, 43]",11
1268,"[0, 97, 2, 98, 99, 56]",6
1269,"[97, 98, 99]",3
1270,"[0, 77, 15, 86, 91, 93, 29, 31, 97, 98, 99, 43, 54]",13
1271,"[0, 2, 15, 86, 24, 91, 97, 98, 99, 49]",10
1272,"[0, 77, 23, 93, 29, 97, 98, 99, 38, 43]",10
1273,"[0, 97, 2, 99, 98, 41, 83, 55]",8
1274,"[0, 97, 98, 99, 83, 55]",6
1275,"[0, 97, 2, 98, 99, 56]",6
1276,"[0, 2, 77, 15, 86, 97, 98, 99, 43, 49]",10
1277,"[0, 97, 2, 99, 98, 83, 19, 55]",8
1278,"[0, 2, 77, 15, 86, 91, 93, 97, 98, 99, 43, 49, 54]",13
1279,"[0, 97, 2, 98, 99, 56]",6
1280,"[0, 6, 92, 32, 97, 96, 98, 99, 39, 50]",10
1281,"[0, 2, 77, 15, 83, 86, 91, 93, 97, 98, 99, 43, 54]",13
1282,"[0, 6, 77, 79, 23, 97, 98, 99, 53, 56, 60]",11
1283,"[0, 6, 77, 93, 97, 98, 99, 53, 56, 60]",10
1284,"[0, 97, 2, 99, 98, 43, 77, 15, 86]",9
1285,"[0, 97, 2, 99, 98, 83, 19, 55]",8
1286,"[0, 2, 3, 77, 15, 86, 24, 97, 98, 99, 43, 49]",12
1287,"[0, 64, 2, 97, 98, 99, 19, 24, 93]",9
1288,"[97, 98, 99]",3
1289,"[0, 2, 72, 77, 14, 15, 86, 24, 97, 98, 99, 43]",12
1290,"[0, 2, 6, 77, 23, 96, 97, 98, 99, 50, 53, 56, 60]",13
1291,"[0, 65, 69, 6, 70, 77, 92, 96, 97, 98, 99, 55, 56]",13
1292,"[0, 2, 3, 77, 15, 86, 24, 97, 98, 99, 43, 49]",12
1293,"[0, 97, 2, 98, 99, 84, 56]",7
1294,"[0, 97, 2, 98, 99, 43, 77, 15, 86]",9
1295,"[0, 97, 2, 99, 98, 72, 55, 30]",8
1296,"[0, 97, 96, 98, 99, 6, 56]",7
1297,"[0, 96, 2, 97, 98, 5, 6, 99, 56]",9
1298,"[0, 97, 2, 99, 98, 83, 19, 55]",8
1299,"[0, 97, 2, 99, 98, 83, 19, 55]",8
1300,"[0, 97, 2, 98, 99, 15, 49, 86]",8
1301,"[0, 2, 77, 15, 86, 91, 93, 97, 98, 99, 43, 49, 54]",13
1302,"[0, 2, 77, 15, 83, 86, 91, 93, 97, 98, 99, 43, 54]",13
1303,"[0, 65, 69, 70, 77, 96, 97, 98, 99, 55]",10
1304,"[0, 2, 77, 15, 86, 91, 93, 97, 98, 99, 43, 54]",12
1305,"[0, 2, 77, 15, 20, 86, 24, 91, 97, 98, 99, 49]",12
1306,"[0, 65, 6, 74, 77, 23, 92, 97, 98, 99, 50, 56]",12
1307,"[0, 65, 6, 74, 77, 13, 23, 97, 98, 99, 56]",11
1308,"[0, 2, 3, 77, 15, 83, 86, 24, 97, 98, 99, 43, 49]",13
1309,"[0, 2, 15, 86, 91, 93, 97, 98, 99, 49, 54]",11
1310,"[0, 97, 98, 99, 84, 93]",6
1311,"[0, 97, 98, 99, 6, 49, 56, 60, 93]",9
1312,"[0, 97, 2, 98, 99, 77, 84, 53, 56]",9
1313,"[0, 2, 15, 86, 24, 91, 97, 98, 99, 49]",10
1314,"[0, 97, 2, 98, 99, 43, 77, 15, 86]",9
1315,"[0, 2, 72, 77, 14, 86, 24, 97, 98, 99, 43]",11
1316,"[0, 2, 3, 77, 15, 83, 86, 24, 97, 98, 99, 43, 49]",13
1317,"[0, 97, 2, 98, 36, 99, 72, 56]",8
1318,"[0, 97, 98, 99, 38, 15, 86, 29]",8
1319,"[0, 2, 77, 15, 20, 86, 24, 91, 97, 98, 99, 49]",12
1320,"[0, 97, 98, 99, 77, 83, 53, 55]",8
1321,"[0, 2, 6, 72, 8, 30, 97, 98, 99, 55, 56, 60]",12
1322,"[0, 2, 77, 15, 83, 86, 91, 93, 97, 98, 99, 43, 54]",13
1323,"[0, 2, 77, 15, 83, 86, 97, 98, 99, 43]",10
1324,"[0, 97, 2, 98, 99, 84, 56]",7
1325,"[0, 2, 6, 8, 77, 23, 97, 98, 99, 56, 60]",11
1326,"[0, 2, 15, 86, 91, 93, 97, 98, 99, 54]",10
1327,"[0, 97, 98, 99, 83, 55]",6
1328,"[0, 97, 2, 96, 98, 5, 6, 99, 18]",9
1329,"[0, 97, 98, 99, 83, 55]",6
1330,"[0, 2, 72, 77, 14, 86, 24, 97, 98, 99, 43]",11
1331,"[0, 2, 3, 77, 15, 86, 24, 91, 97, 98, 99, 43, 49]",13
1332,"[0, 2, 6, 77, 23, 97, 98, 99, 56, 60]",10
1333,"[0, 97, 98, 99, 77, 53, 57, 93]",8
1334,"[0, 97, 2, 99, 98, 43, 77, 93]",8
1335,"[0, 96, 2, 97, 99, 98, 55, 30]",8
1336,"[97, 98, 99]",3
1337,"[0, 2, 72, 77, 14, 86, 24, 97, 98, 99, 43]",11
1338,"[0, 97, 98, 99, 6, 8, 56, 60, 93]",9
1339,"[0, 2, 77, 15, 86, 91, 93, 97, 98, 99, 43, 49, 54]",13
1340,"[0, 2, 3, 77, 15, 86, 24, 97, 98, 99, 43, 49]",12
1341,"[0, 2, 77, 15, 20, 86, 91, 93, 97, 98, 99, 49, 54]",13
1342,"[0, 6, 77, 93, 97, 98, 99, 53, 56, 60]",10
1343,"[0, 97, 98, 99, 83, 55]",6
1344,"[0, 97, 64, 98, 99, 84, 93]",7
1345,"[0, 64, 2, 77, 20, 92, 93, 97, 98, 99, 45]",11
1346,"[0, 97, 96, 98, 99, 6, 77, 23, 56]",9
1347,"[0, 97, 98, 99, 84, 93]",6
1348,"[0, 64, 2, 97, 98, 99, 84, 56, 93]",9
1349,"[0, 97, 2, 99, 98, 43, 77, 15, 86]",9
1350,"[0, 97, 2, 98, 99, 56]",6
1351,"[0, 97, 2, 99, 98, 43, 77, 15, 86]",9
1352,"[0, 97, 96, 98, 99, 6, 77, 23, 56]",9
1353,"[0, 97, 2, 99, 98, 41, 83, 55]",8
1354,"[0, 2, 77, 84, 93, 97, 98, 99, 53, 56]",10
1355,"[0, 97, 64, 98, 99, 84, 93]",7
1356,"[0, 97, 2, 98, 99, 43, 77, 15, 86]",9
1357,"[0, 2, 77, 15, 20, 86, 24, 91, 97, 98, 99, 49]",12
1358,"[0, 2, 3, 77, 15, 83, 86, 24, 97, 98, 99, 43, 49]",13
1359,"[0, 2, 77, 84, 93, 97, 98, 99, 53, 56]",10
1360,"[0, 96, 2, 97, 98, 5, 6, 99, 56]",9
1361,"[0, 97, 2, 99, 98, 43, 77, 15, 86]",9
1362,"[0, 6, 77, 79, 23, 97, 98, 99, 53, 56, 60]",11
1363,"[0, 97, 98, 99, 6, 56, 92]",7
1364,"[0, 2, 3, 77, 15, 86, 24, 97, 98, 99, 43, 49]",12
1365,"[0, 2, 6, 77, 23, 97, 98, 99, 50, 56, 60]",11
1366,"[0, 96, 2, 97, 98, 5, 6, 99, 18]",9
1367,"[0, 2, 77, 15, 20, 86, 91, 93, 97, 98, 99, 49, 54]",13
1368,"[0, 97, 98, 99, 83, 55]",6
1369,"[0, 2, 77, 15, 83, 86, 97, 98, 99, 43, 49]",11
1370,"[0, 2, 72, 77, 14, 86, 24, 97, 98, 99, 43]",11
1371,"[0, 2, 5, 6, 77, 23, 97, 98, 99, 56, 60]",11
1372,"[0, 97, 2, 98, 99, 84]",6
1373,"[0, 97, 2, 98, 36, 99, 72, 56]",8
1374,"[0, 2, 3, 77, 15, 83, 86, 24, 97, 98, 99, 43, 49]",13
1375,"[0, 97, 2, 99, 98, 72, 83, 55, 30]",9
1376,"[0, 2, 77, 15, 83, 86, 97, 98, 99, 43]",10
1377,"[0, 97, 2, 99, 98, 43, 77, 15, 86]",9
1378,"[0, 97, 2, 99, 98, 77, 53, 56]",8
1379,"[0, 97, 98, 99, 77, 53, 57, 93]",8
1380,"[0, 97, 2, 98, 99, 43, 77, 15, 86]",9
1381,"[0, 2, 15, 86, 91, 93, 97, 98, 99, 49, 54]",11
1382,"[0, 97, 2, 98, 99, 38, 29]",7
1383,"[0, 64, 2, 77, 20, 92, 93, 97, 98, 99, 45]",11
1384,"[0, 97, 98, 99, 6, 49, 56, 60, 93]",9
1385,"[0, 2, 72, 77, 14, 86, 24, 97, 98, 99, 43]",11
1386,"[0, 97, 2, 99, 98, 72, 55, 30]",8
1387,"[0, 2, 3, 77, 15, 86, 24, 97, 98, 99, 43, 49]",12
1388,"[0, 2, 77, 15, 83, 86, 91, 93, 97, 98, 99, 43, 54]",13
1389,"[0, 97, 2, 99, 98, 43, 77, 93]",8
1390,"[0, 6, 77, 93, 97, 98, 99, 53, 56, 60]",10
1391,"[0, 2, 72, 77, 14, 86, 24, 97, 98, 99, 43]",11
1392,"[0, 2, 15, 83, 86, 91, 93, 97, 98, 99, 54]",11
1393,"[0, 2, 77, 15, 20, 86, 24, 91, 97, 98, 99, 49]",12
1394,"[0, 97, 2, 99, 98, 83, 19, 55]",8
1395,"[0, 2, 6, 8, 77, 23, 97, 98, 99, 56, 60]",11
1396,"[0, 2, 72, 77, 14, 86, 24, 97, 98, 99, 43]",11
1397,"[0, 2, 15, 86, 24, 91, 97, 98, 99, 49]",10
1398,"[0, 77, 15, 86, 29, 31, 97, 98, 99, 43]",10
1399,"[0, 97, 98, 99, 83, 55]",6
1400,"[0, 97, 2, 99, 98, 72, 55, 30]",8
1401,"[0, 2, 6, 77, 23, 96, 97, 98, 99, 50, 53, 56, 60]",13
1402,"[0, 2, 3, 15, 86, 24, 97, 98, 99, 49]",10
1403,"[0, 32, 2, 98, 97, 99, 24, 56]",8
1404,"[0, 97, 98, 99, 83, 55]",6
1405,"[0, 97, 2, 98, 99, 43, 77, 15, 86]",9
1406,"[97, 98, 99]",3
1407,"[97, 98, 99]",3
1408,"[0, 97, 98, 99, 83, 55]",6
1409,"[0, 2, 3, 77, 15, 86, 24, 97, 98, 99, 43, 49]",12
1410,"[0, 2, 3, 77, 15, 86, 24, 97, 98, 99, 43, 49]",12
1411,"[0, 97, 98, 99, 38, 15, 86, 29]",8
1412,"[0, 97, 2, 99, 98, 83, 19, 55]",8
1413,"[0, 97, 2, 99, 98, 77, 53, 56]",8
1414,"[0, 2, 77, 15, 83, 86, 91, 93, 97, 98, 99, 43, 54]",13
1415,"[0, 97, 98, 99, 83, 55]",6
1416,"[0, 6, 77, 79, 23, 97, 98, 99, 50, 56, 60]",11
1417,"[0, 97, 96, 98, 99, 6, 77, 23, 56]",9
1418,"[0, 2, 3, 77, 15, 86, 24, 91, 97, 98, 99, 43, 49]",13
1419,"[0, 69, 6, 77, 78, 18, 96, 97, 98, 99, 56]",11
1420,"[97, 98, 99]",3
1421,"[0, 2, 3, 77, 15, 86, 24, 97, 98, 99, 43, 49]",12
1422,"[0, 77, 23, 29, 93, 97, 98, 99, 38, 43]",10
1423,"[0, 97, 2, 99, 98, 41, 83, 55]",8
1424,"[0, 2, 15, 86, 91, 93, 97, 98, 99, 49, 54]",11
1425,"[0, 97, 98, 99, 6, 8, 56, 60, 93]",9
1426,"[0, 97, 98, 99, 6, 56, 60, 93]",8
1427,"[0, 97, 2, 98, 99, 56]",6
1428,"[0, 2, 72, 77, 14, 15, 86, 24, 97, 98, 99, 43]",12
1429,"[0, 2, 77, 15, 83, 86, 91, 93, 97, 98, 99, 43, 54]",13
1430,"[0, 65, 6, 74, 77, 13, 23, 96, 97, 98, 99, 56]",12
1431,"[0, 6, 77, 93, 97, 98, 99, 53, 56, 60]",10
1432,"[0, 2, 77, 15, 86, 91, 93, 97, 98, 99, 43, 49, 54]",13
1433,"[0, 97, 2, 98, 99, 6, 56, 60]",8
1434,"[0, 97, 98, 99, 83, 55]",6
1435,"[0, 97, 2, 98, 99, 6, 56, 60]",8
1436,"[0, 2, 77, 15, 86, 91, 93, 97, 98, 99, 43, 49, 54]",13
1437,"[0, 97, 2, 99, 98, 19, 83, 55]",8
1438,"[0, 97, 2, 98, 99, 15, 49, 86]",8
1439,"[0, 2, 15, 86, 24, 91, 97, 98, 99, 49]",10
1440,"[0, 97, 2, 98, 99, 84, 56]",7
1441,"[0, 2, 77, 15, 86, 97, 98, 99, 43, 49]",10
1442,"[0, 96, 2, 97, 98, 5, 6, 99, 18]",9
1443,"[0, 97, 2, 99, 98, 19, 83, 55]",8
1444,"[0, 97, 98, 99, 84, 93]",6
1445,"[0, 64, 2, 97, 98, 99, 19, 24, 93]",9
1446,"[0, 65, 6, 74, 77, 23, 92, 97, 98, 99, 50, 56]",12
1447,"[0, 97, 2, 98, 99, 43, 77, 15, 86]",9
1448,"[0, 2, 3, 77, 15, 86, 24, 97, 98, 99, 43, 49]",12
1449,"[0, 97, 2, 99, 98, 83, 19, 55]",8
1450,"[0, 2, 77, 15, 86, 29, 31, 97, 98, 99, 43]",11
1451,"[0, 6, 77, 93, 97, 98, 99, 49, 53, 56, 60]",11
1452,"[0, 97, 2, 98, 99, 38, 29]",7
1453,"[0, 2, 77, 15, 83, 86, 91, 93, 97, 98, 99, 43, 49, 54]",14
1454,"[0, 97, 2, 99, 36, 98, 72, 56]",8
1455,"[0, 97, 96, 98, 99, 6, 56]",7
1456,"[97, 98, 99]",3
1457,"[0, 77, 15, 86, 91, 29, 31, 97, 98, 99, 43, 54]",12
1458,"[0, 2, 3, 77, 15, 86, 24, 91, 97, 98, 99, 43, 49]",13
1459,"[0, 6, 92, 96, 97, 32, 98, 99, 39, 50]",10
1460,"[0, 2, 15, 86, 91, 93, 97, 98, 99, 49, 54]",11
1461,"[0, 97, 98, 99, 6, 39, 50, 56, 93]",9
1462,"[0, 2, 77, 15, 86, 91, 93, 97, 98, 99, 43, 49, 54]",13
1463,"[0, 97, 96, 98, 99, 69, 77]",7
1464,"[0, 2, 77, 15, 86, 91, 93, 97, 98, 99, 43, 54]",12
1465,"[0, 2, 72, 77, 14, 86, 24, 97, 98, 99, 43]",11
1466,"[0, 2, 77, 15, 86, 97, 98, 99, 43, 49]",10
1467,"[0, 97, 2, 99, 98, 19, 83, 55]",8
1468,"[0, 2, 3, 77, 15, 86, 24, 97, 98, 99, 43, 49]",12
1469,"[0, 64, 2, 72, 84, 93, 30, 97, 98, 99, 36, 55, 56]",13
1470,"[0, 69, 6, 77, 92, 96, 97, 98, 99, 56]",10
1471,"[0, 97, 2, 99, 98, 43, 77, 93]",8
1472,"[0, 97, 98, 64, 99, 93]",6
1473,"[0, 2, 77, 15, 83, 86, 97, 98, 99, 43]",10
1474,"[0, 97, 2, 98, 99, 84, 56, 93]",8
1475,"[0, 2, 77, 15, 83, 86, 97, 98, 99, 43]",10
1476,"[0, 97, 2, 98, 99, 43, 77, 15, 86]",9
1477,"[0, 97, 2, 99, 98, 72, 55, 56, 30]",9
1478,"[0, 97, 98, 99, 83, 55]",6
1479,"[0, 97, 2, 96, 99, 98, 55, 30]",8
1480,"[0, 97, 2, 98, 99, 84, 56]",7
1481,"[0, 97, 2, 99, 98, 72, 55, 30]",8
1482,"[0, 96, 2, 97, 98, 99, 84, 93]",8
1483,"[0, 97, 2, 99, 98, 43, 77, 15, 86]",9
1484,"[0, 2, 15, 86, 24, 91, 97, 98, 99, 49]",10
1485,"[0, 65, 69, 6, 70, 77, 92, 96, 97, 98, 99, 55, 56]",13
1486,"[0, 97, 98, 99, 6, 56, 60, 93]",8
1487,"[0, 65, 6, 74, 77, 13, 23, 97, 98, 99, 56]",11
1488,"[0, 97, 98, 99, 83, 55]",6
1489,"[0, 2, 77, 15, 83, 86, 91, 93, 97, 98, 99, 43, 54]",13
1490,"[0, 2, 6, 77, 23, 97, 98, 99, 56, 60]",10
1491,"[0, 2, 77, 15, 83, 86, 97, 98, 99, 43, 49]",11
1492,"[0, 97, 2, 98, 99, 43, 77, 15, 86]",9
1493,"[0, 77, 15, 86, 29, 31, 97, 98, 99, 43]",10
1494,"[0, 97, 2, 99, 98, 19, 83, 55]",8
1495,"[0, 2, 15, 86, 91, 93, 97, 98, 99, 49, 54]",11
1496,"[0, 97, 2, 98, 99, 84, 56, 93]",8
1497,"[0, 2, 6, 72, 30, 97, 98, 99, 55, 56, 60]",11
1498,"[0, 2, 72, 77, 30, 97, 98, 99, 53, 55, 56]",11
1,"[0, 97, 2, 99, 98, 41, 19, 83, 55]",9
2,"[0, 97, 2, 98, 99, 43, 77, 15, 86]",9
3,"[0, 2, 77, 15, 83, 86, 97, 98, 99, 43, 49]",11
4,"[0, 6, 77, 79, 93, 97, 98, 99, 53, 56]",10
5,"[0, 97, 2, 98, 99, 19, 62]",7
6,"[0, 2, 77, 15, 83, 86, 97, 98, 99, 43, 49]",11
7,"[0, 2, 6, 83, 19, 96, 97, 98, 99, 41, 55, 60]",12
8,"[0, 2, 77, 15, 86, 91, 93, 97, 98, 99, 43, 54]",12
9,"[0, 2, 5, 77, 19, 24, 29, 96, 97, 98, 99, 38, 43]",13
10,"[0, 65, 6, 74, 77, 13, 23, 97, 98, 99, 50, 56]",12
11,"[0, 6, 77, 23, 96, 97, 98, 99, 53, 56]",10
12,"[0, 2, 77, 15, 83, 86, 97, 98, 99, 43, 49]",11
13,"[0, 2, 5, 6, 77, 79, 23, 97, 98, 99, 53, 60]",12
14,"[0, 2, 5, 6, 77, 18, 97, 98, 99, 53]",10
15,"[0, 64, 2, 72, 77, 19, 93, 97, 98, 99, 41, 43, 56]",13
16,"[0, 2, 77, 19, 24, 97, 98, 99, 43, 55]",10
17,"[0, 2, 72, 19, 97, 98, 99, 41, 55, 56]",10
18,"[0, 64, 2, 77, 19, 93, 97, 98, 99, 43]",10
19,"[0, 2, 5, 6, 77, 78, 23, 97, 98, 99, 53]",11
20,"[0, 97, 2, 99, 98, 43, 77]",7
21,"[0, 64, 2, 77, 19, 93, 97, 98, 99, 43]",10
22,"[0, 97, 2, 98, 99, 19, 62]",7
23,"[0, 97, 2, 99, 98, 43, 77, 15, 86]",9
24,"[0, 64, 2, 72, 77, 19, 93, 97, 98, 99, 41, 43, 53, 56]",14
25,"[0, 2, 77, 15, 83, 86, 97, 98, 99, 43, 49]",11
26,"[0, 97, 2, 99, 98, 43, 77, 19, 55]",9
27,"[0, 64, 2, 77, 19, 24, 93, 97, 98, 99, 43]",11
28,"[0, 64, 2, 6, 77, 19, 93, 97, 98, 99, 43, 60]",12
29,"[0, 2, 72, 77, 14, 86, 24, 97, 98, 99, 43]",11
30,"[0, 2, 6, 19, 28, 97, 98, 99, 60, 62]",10
31,"[0, 97, 2, 99, 98, 43, 77, 15, 86]",9
32,"[0, 64, 2, 77, 19, 93, 97, 98, 99, 41, 43, 56]",12
33,"[0, 2, 72, 77, 14, 86, 24, 97, 98, 99, 43]",11
34,"[0, 6, 77, 93, 97, 98, 99, 49, 53, 56]",10
35,"[0, 64, 2, 72, 77, 19, 93, 97, 98, 99, 41, 43, 56]",13
36,"[0, 1, 6, 78, 92, 96, 97, 98, 99, 56]",10
37,"[0, 2, 72, 15, 83, 86, 91, 93, 97, 98, 99, 54, 60]",13
38,"[0, 97, 2, 99, 98, 6, 19, 55, 60]",9
39,"[0, 2, 77, 15, 83, 86, 97, 98, 99, 43, 49]",11
40,"[0, 2, 77, 15, 83, 86, 97, 98, 99, 43, 49]",11
41,"[0, 1, 69, 6, 77, 78, 92, 96, 97, 98, 99, 56]",12
42,"[0, 64, 2, 77, 19, 93, 96, 97, 98, 99, 41, 43, 56]",13
43,"[0, 64, 2, 77, 19, 93, 97, 98, 99, 43, 56, 62]",12
44,"[0, 1, 5, 6, 91, 92, 96, 97, 98, 99, 56]",11
45,"[0, 2, 72, 77, 14, 86, 24, 97, 98, 99, 43]",11
46,"[0, 97, 2, 99, 98, 19, 83, 55]",8
47,"[0, 2, 15, 83, 86, 24, 97, 98, 99, 49]",10
48,"[0, 2, 77, 19, 24, 97, 98, 99, 43, 55]",10
49,"[0, 2, 5, 6, 77, 78, 93, 97, 98, 99, 49, 53]",12
50,"[0, 64, 2, 77, 19, 93, 97, 98, 99, 43]",10
51,"[0, 2, 77, 15, 83, 86, 97, 98, 99, 43, 49]",11
52,"[0, 2, 77, 15, 83, 86, 97, 98, 99, 43, 49]",11
53,"[0, 64, 2, 77, 19, 93, 97, 98, 99, 43, 53, 56, 62]",13
54,"[0, 97, 2, 99, 98, 43, 77, 29, 31]",9
55,"[0, 96, 2, 97, 98, 5, 99, 41]",8
56,"[0, 97, 2, 99, 98, 43, 77, 15, 86]",9
57,"[0, 97, 2, 99, 98, 6, 19, 55, 60]",9
58,"[0, 64, 2, 6, 72, 77, 19, 93, 97, 98, 99, 43, 60, 62]",14
59,"[0, 2, 77, 15, 83, 86, 91, 93, 97, 98, 99, 43, 54]",13
60,"[0, 64, 2, 72, 77, 19, 93, 97, 98, 99, 41, 43, 56]",13
61,"[0, 97, 2, 99, 98, 43, 77, 15, 86]",9
62,"[0, 2, 72, 77, 14, 86, 24, 97, 98, 99, 43]",11
63,"[0, 6, 77, 79, 23, 97, 98, 99, 53, 56]",10
64,"[0, 96, 98, 97, 99, 6, 50, 85, 29]",9
65,"[0, 2, 77, 15, 83, 86, 97, 98, 99, 43, 49]",11
66,"[0, 2, 5, 6, 77, 23, 97, 98, 99, 53, 60]",11
67,"[0, 2, 72, 77, 14, 86, 24, 97, 98, 99, 43, 60]",12
68,"[0, 97, 2, 98, 99, 15, 83, 86, 24]",9
69,"[0, 6, 77, 85, 23, 29, 97, 98, 99, 53, 56]",11
70,"[0, 2, 6, 77, 19, 28, 97, 98, 99, 43, 60, 62]",12
71,"[0, 2, 19, 83, 97, 98, 99, 41, 55, 56]",10
72,"[0, 2, 77, 15, 83, 20, 86, 91, 97, 98, 99, 49, 54]",13
73,"[0, 2, 5, 6, 78, 18, 96, 97, 98, 99]",10
74,"[0, 2, 15, 83, 86, 91, 92, 93, 97, 98, 99, 49, 54]",13
75,"[0, 2, 5, 6, 77, 19, 23, 97, 98, 99, 55, 60]",12
76,"[0, 64, 2, 77, 19, 93, 97, 98, 99, 43]",10
77,"[0, 64, 2, 77, 19, 84, 24, 93, 97, 98, 99, 43]",12
78,"[0, 2, 77, 15, 83, 20, 86, 24, 91, 97, 98, 99, 49]",13
79,"[0, 97, 2, 99, 98, 19, 55]",7
80,"[0, 72, 77, 86, 24, 29, 31, 97, 98, 99, 43, 60]",12
81,"[0, 64, 2, 72, 19, 84, 93, 97, 98, 99, 41]",11
82,"[0, 97, 2, 98, 99, 38, 29]",7
83,"[0, 2, 5, 6, 78, 18, 96, 97, 98, 99]",10
84,"[0, 97, 2, 98, 99, 38, 29]",7
85,"[0, 64, 2, 77, 20, 92, 97, 98, 99, 45]",10
86,"[0, 2, 77, 15, 83, 86, 97, 98, 99, 43, 49]",11
87,"[0, 2, 72, 77, 14, 86, 24, 97, 98, 99, 43]",11
88,"[0, 97, 2, 98, 99, 41, 19]",7
89,"[0, 2, 77, 15, 83, 86, 97, 98, 99, 43, 49]",11
90,"[0, 2, 72, 77, 14, 86, 24, 97, 98, 99, 43]",11
91,"[0, 97, 2, 98, 99, 5, 77, 53, 23]",9
92,"[0, 6, 77, 93, 97, 98, 99, 49, 53, 56, 60]",11
93,"[0, 2, 72, 77, 14, 86, 24, 97, 98, 99, 43]",11
94,"[0, 2, 3, 15, 83, 86, 24, 91, 97, 98, 99, 49]",12
95,"[0, 97, 2, 98, 99, 38, 29]",7
96,"[0, 2, 77, 15, 83, 86, 91, 93, 97, 98, 99, 43, 54]",13
97,"[0, 2, 3, 77, 15, 83, 20, 86, 24, 91, 97, 98, 99, 49]",14
98,"[0, 2, 5, 77, 19, 97, 98, 99, 43, 55]",10
99,"[0, 2, 72, 77, 14, 86, 24, 97, 98, 99, 43]",11
100,"[0, 97, 2, 98, 99, 6, 41, 19, 60]",9
101,"[0, 64, 2, 97, 98, 99, 19, 93]",8
102,"[0, 64, 2, 5, 77, 19, 84, 93, 97, 98, 99, 43, 53, 56, 57]",15
103,"[0, 2, 15, 83, 86, 91, 92, 93, 97, 98, 99, 49, 54]",13
104,"[0, 64, 2, 77, 19, 93, 97, 98, 99, 41, 43, 56]",12
105,"[0, 97, 2, 98, 99, 43, 77, 15, 86]",9
106,"[0, 97, 2, 98, 99, 5, 19, 55]",8
107,"[0, 97, 2, 99, 98, 43, 77, 15, 86]",9
108,"[0, 2, 77, 15, 83, 86, 24, 97, 98, 99, 43, 49]",12
109,"[0, 2, 72, 77, 14, 86, 24, 97, 98, 99, 43]",11
110,"[0, 2, 77, 15, 83, 86, 97, 98, 99, 43, 49]",11
111,"[0, 2, 6, 19, 28, 97, 98, 99, 60, 62]",10
112,"[0, 64, 2, 72, 77, 19, 93, 96, 97, 98, 99, 41, 43, 56]",14
113,"[0, 64, 2, 72, 77, 19, 93, 97, 98, 99, 41, 43, 56]",13
114,"[0, 2, 77, 15, 83, 86, 91, 93, 97, 98, 99, 43, 49, 54]",14
115,"[0, 2, 77, 15, 83, 86, 24, 91, 97, 98, 99, 43, 49]",13
116,"[0, 2, 77, 15, 83, 86, 24, 91, 97, 98, 99, 43, 49]",13
117,"[0, 2, 5, 6, 77, 78, 23, 96, 97, 98, 99]",11
118,"[0, 6, 77, 23, 96, 97, 98, 99, 53, 56]",10
119,"[0, 64, 2, 77, 19, 93, 97, 98, 99, 43]",10
120,"[0, 2, 72, 15, 83, 86, 91, 97, 98, 99, 49, 54]",12
121,"[0, 2, 72, 77, 14, 86, 24, 97, 98, 99, 43]",11
122,"[0, 64, 2, 6, 77, 19, 84, 28, 93, 97, 98, 99, 43, 53, 60]",15
123,"[0, 2, 72, 77, 14, 15, 86, 97, 98, 99, 43]",11
124,"[0, 2, 77, 15, 86, 97, 98, 99, 43, 49]",10
125,"[0, 64, 2, 77, 19, 84, 93, 97, 98, 99, 41, 43, 56]",13
126,"[0, 2, 15, 83, 86, 24, 91, 97, 98, 99, 49]",11
127,"[0, 2, 5, 6, 77, 78, 18, 23, 97, 98, 99, 49, 53]",13
128,"[0, 97, 2, 99, 98, 43, 77, 29, 31]",9
129,"[0, 65, 6, 74, 77, 13, 23, 92, 97, 98, 99, 50, 56]",13
130,"[0, 2, 6, 77, 19, 28, 97, 98, 99, 43, 60]",11
131,"[0, 2, 3, 15, 83, 86, 24, 91, 97, 98, 99]",11
132,"[0, 2, 5, 6, 77, 23, 97, 98, 99, 53, 60]",11
133,"[0, 64, 2, 77, 19, 93, 97, 98, 99, 43, 56]",11
134,"[0, 64, 2, 72, 77, 19, 93, 97, 98, 99, 41, 43, 56]",13
135,"[0, 64, 2, 77, 19, 24, 93, 97, 98, 99, 43]",11
136,"[0, 2, 72, 77, 14, 86, 24, 97, 98, 99, 43]",11
137,"[0, 1, 2, 64, 5, 6, 78, 92, 96, 97, 98, 99]",12
138,"[0, 97, 2, 98, 99, 43, 77, 15, 86]",9
139,"[0, 2, 5, 6, 77, 23, 97, 98, 99, 53, 60]",11
140,"[0, 97, 2, 99, 98, 15, 49, 83, 86]",9
141,"[0, 1, 6, 78, 92, 96, 97, 98, 99, 56]",10
142,"[0, 2, 72, 77, 14, 86, 24, 97, 98, 99, 43]",11
143,"[0, 2, 77, 15, 83, 20, 86, 24, 91, 97, 98, 99, 49]",13
144,"[0, 2, 6, 77, 19, 23, 97, 98, 99, 55, 60]",11
145,"[0, 64, 2, 77, 19, 93, 97, 98, 99, 43, 56]",11
146,"[0, 97, 2, 99, 98, 72, 41, 19, 55]",9
147,"[0, 97, 2, 98, 99, 6, 19, 60]",8
148,"[0, 97, 2, 99, 98, 43, 77, 29, 31]",9
149,"[0, 65, 6, 74, 77, 13, 23, 92, 97, 98, 99, 50, 56]",13
150,"[0, 97, 2, 98, 99, 43, 77, 15, 86]",9
151,"[0, 2, 5, 6, 77, 23, 97, 98, 99, 53, 60]",11
152,"[0, 64, 2, 77, 19, 93, 97, 98, 99, 43, 56]",11
153,"[0, 64, 2, 77, 19, 84, 93, 97, 98, 99, 41, 43, 56]",13
154,"[0, 2, 72, 77, 14, 86, 24, 97, 98, 99, 43]",11
155,"[0, 97, 2, 99, 98, 43, 77, 29, 31]",9
156,"[0, 2, 5, 6, 77, 78, 84, 23, 97, 98, 99, 53, 56]",13
157,"[0, 2, 15, 83, 86, 91, 92, 93, 97, 98, 99, 49, 54]",13
158,"[0, 2, 15, 83, 86, 91, 93, 97, 98, 99, 49, 54]",12
159,"[0, 1, 6, 78, 92, 96, 97, 98, 99, 56]",10
160,"[0, 97, 2, 99, 98, 15, 49, 83, 86]",9
161,"[0, 64, 2, 72, 77, 19, 84, 93, 97, 98, 99, 41, 43, 56]",14
162,"[0, 2, 77, 15, 83, 86, 97, 98, 99, 43, 49]",11
163,"[0, 6, 77, 23, 96, 97, 98, 99, 53, 56]",10
164,"[0, 96, 98, 97, 99, 6, 50, 85, 29]",9
165,"[0, 97, 2, 99, 98, 43, 77, 15, 86]",9
166,"[0, 97, 2, 98, 99, 38, 29]",7
167,"[0, 2, 5, 6, 77, 23, 97, 98, 99, 53, 56]",11
168,"[0, 2, 5, 6, 77, 19, 23, 97, 98, 99, 55, 60]",12
169,"[0, 64, 2, 77, 19, 84, 93, 97, 98, 99, 43, 56]",12
170,"[0, 97, 2, 99, 98, 6, 19, 55, 60]",9
171,"[0, 97, 2, 99, 98, 43, 77, 29, 31]",9
172,"[0, 2, 77, 15, 83, 86, 24, 97, 98, 99, 43, 49]",12
173,"[0, 64, 2, 77, 19, 84, 93, 97, 98, 99, 43, 53, 56]",13
174,"[0, 2, 77, 15, 83, 86, 97, 98, 99, 43, 49]",11
175,"[0, 2, 72, 15, 83, 86, 91, 97, 98, 99, 54]",11
176,"[0, 97, 2, 98, 99, 6, 19, 60]",8
177,"[0, 2, 19, 83, 97, 98, 99, 41, 55, 56]",10
178,"[0, 97, 2, 98, 99, 38, 29]",7
179,"[0, 2, 5, 6, 77, 84, 23, 97, 98, 99, 53, 56, 60]",13
180,"[0, 97, 2, 99, 98, 41, 19, 83, 55]",9
181,"[0, 2, 72, 77, 14, 86, 24, 97, 98, 99, 43]",11
182,"[0, 1, 6, 78, 92, 96, 97, 98, 99, 56]",10
183,"[0, 2, 5, 6, 77, 79, 23, 97, 98, 99, 53, 56, 60]",13
184,"[0, 64, 2, 77, 19, 93, 96, 97, 98, 99, 43, 56]",12
185,"[0, 97, 2, 99, 98, 19, 55]",7
186,"[0, 64, 2, 97, 98, 99, 19, 56, 93]",9
187,"[0, 96, 2, 97, 98, 5, 6, 99, 60]",9
188,"[0, 2, 3, 77, 15, 83, 86, 24, 91, 97, 98, 99, 43, 49]",14
189,"[0, 64, 2, 97, 98, 99, 19, 93]",8
190,"[0, 2, 77, 15, 83, 86, 97, 98, 99, 43]",10
191,"[0, 97, 2, 99, 98, 41, 83, 19, 55]",9
192,"[0, 1, 5, 6, 91, 92, 96, 97, 98, 99, 56]",11
193,"[0, 97, 2, 98, 99, 43, 77, 15, 86]",9
194,"[0, 97, 2, 98, 99, 6, 60, 19, 28]",9
195,"[0, 64, 2, 77, 19, 93, 97, 98, 99, 43]",10
196,"[0, 64, 77, 29, 93, 97, 98, 99, 38, 43]",10
197,"[0, 2, 5, 77, 19, 84, 97, 98, 99, 43, 55, 56]",12
198,"[0, 2, 77, 15, 83, 86, 97, 98, 99, 43]",10
199,"[0, 2, 3, 15, 83, 86, 24, 91, 97, 98, 99, 49]",12
200,"[0, 2, 3, 15, 83, 86, 24, 97, 98, 99, 49]",11
201,"[0, 2, 3, 77, 15, 83, 86, 24, 91, 97, 98, 99, 43, 49]",14
202,"[0, 2, 77, 15, 83, 86, 97, 98, 99, 43]",10
203,"[0, 97, 2, 99, 98, 43, 77, 15, 86]",9
204,"[0, 64, 2, 77, 20, 92, 97, 98, 99, 45]",10
205,"[0, 64, 2, 6, 77, 19, 84, 28, 93, 97, 98, 99, 43, 53, 60]",15
206,"[0, 97, 2, 98, 99, 6, 28, 19, 60]",9
207,"[0, 97, 2, 98, 99, 43, 77, 15, 86]",9
208,"[0, 97, 2, 98, 99, 13, 80, 19]",8
209,"[0, 2, 3, 77, 15, 86, 24, 97, 98, 99, 43]",11
210,"[0, 97, 2, 99, 98, 6, 19, 55, 60]",9
211,"[0, 2, 77, 15, 86, 91, 93, 97, 98, 99, 43, 54]",12
212,"[0, 6, 77, 23, 96, 97, 98, 99, 53, 56]",10
213,"[0, 72, 77, 86, 24, 29, 31, 97, 98, 99, 43, 60]",12
214,"[0, 6, 77, 93, 97, 98, 99, 49, 53, 56]",10
215,"[0, 64, 2, 77, 19, 84, 93, 97, 98, 99, 43]",11
216,"[0, 64, 2, 6, 77, 19, 93, 97, 98, 99, 43, 56, 60]",13
217,"[0, 97, 2, 99, 98, 43, 77, 15, 86]",9
218,"[0, 2, 5, 6, 77, 18, 97, 98, 99, 53]",10
219,"[0, 64, 2, 77, 84, 93, 97, 98, 99, 43]",10
220,"[0, 2, 5, 6, 78, 18, 96, 97, 98, 99]",10
221,"[0, 2, 77, 15, 83, 86, 97, 98, 99, 43]",10
222,"[0, 97, 2, 98, 99, 43, 77, 15, 86]",9
223,"[0, 64, 2, 97, 98, 99, 19, 93]",8
224,"[0, 2, 72, 77, 14, 86, 24, 97, 98, 99, 43]",11
225,"[0, 97, 2, 99, 98, 43, 77, 15, 86]",9
226,"[0, 2, 77, 15, 83, 86, 91, 93, 97, 98, 99, 43, 49, 54]",14
227,"[0, 2, 3, 77, 15, 83, 20, 86, 24, 91, 97, 98, 99, 49]",14
228,"[0, 1, 69, 6, 77, 78, 92, 96, 97, 98, 99, 56]",12
229,"[0, 64, 2, 6, 72, 19, 84, 93, 97, 98, 99, 36, 60]",13
230,"[0, 2, 5, 6, 77, 23, 97, 98, 99, 53, 56, 60]",12
231,"[0, 2, 3, 77, 15, 83, 86, 24, 97, 98, 99, 43]",12
232,"[0, 97, 2, 98, 99, 41, 19]",7
233,"[0, 97, 2, 99, 98, 43, 77, 15, 86]",9
234,"[0, 97, 2, 99, 98, 43, 77, 15, 86]",9
235,"[0, 64, 2, 77, 19, 93, 97, 98, 99, 43]",10
236,"[0, 2, 15, 83, 86, 24, 91, 97, 98, 99, 49]",11
237,"[0, 2, 6, 19, 84, 28, 97, 98, 99, 60]",10
238,"[0, 2, 3, 77, 15, 83, 86, 24, 97, 98, 99, 43]",12
239,"[0, 97, 2, 98, 99, 6, 19, 60, 62]",9
240,"[0, 97, 2, 99, 98, 19, 84, 55]",8
241,"[0, 2, 72, 77, 14, 86, 24, 97, 98, 99, 43]",11
242,"[0, 2, 72, 77, 14, 86, 24, 97, 98, 99, 43]",11
243,"[0, 2, 72, 15, 83, 86, 91, 93, 97, 98, 99, 54, 60]",13
244,"[0, 97, 2, 98, 99, 6, 19, 60]",8
245,"[0, 2, 3, 77, 15, 83, 86, 24, 91, 97, 98, 99, 43, 49]",14
246,"[0, 2, 3, 77, 15, 83, 20, 86, 24, 91, 97, 98, 99, 49]",14
247,"[0, 2, 5, 6, 77, 78, 23, 96, 97, 98, 99]",11
248,"[0, 2, 5, 77, 19, 24, 29, 97, 98, 99, 38, 43]",12
249,"[0, 2, 77, 15, 83, 86, 97, 98, 99, 43, 49]",11
250,"[0, 65, 6, 74, 77, 13, 23, 92, 97, 98, 99, 50, 56]",13
251,"[0, 2, 3, 15, 83, 86, 24, 91, 97, 98, 99, 49]",12
252,"[0, 64, 2, 77, 19, 84, 93, 97, 98, 99, 43, 56]",12
253,"[0, 6, 77, 79, 23, 97, 98, 99, 53, 56]",10
254,"[0, 97, 2, 98, 99, 6, 19, 84, 60]",9
255,"[0, 64, 2, 1, 5, 6, 78, 92, 96, 97, 98, 99]",12
256,"[0, 97, 2, 98, 99, 38, 29]",7
257,"[0, 64, 2, 5, 6, 78, 18, 96, 97, 98, 99]",11
258,"[0, 2, 77, 15, 83, 86, 91, 93, 97, 98, 99, 43, 54]",13
259,"[0, 64, 2, 97, 98, 99, 19, 93]",8
260,"[0, 2, 72, 77, 14, 86, 24, 97, 98, 99, 43]",11
261,"[0, 64, 2, 77, 19, 93, 97, 98, 99, 43]",10
262,"[0, 64, 2, 77, 19, 93, 97, 98, 99, 43]",10
263,"[0, 6, 77, 93, 97, 98, 99, 49, 53, 56, 60]",11
264,"[0, 2, 72, 77, 14, 86, 24, 97, 98, 99, 43]",11
265,"[0, 64, 2, 5, 6, 77, 84, 93, 97, 98, 99, 49, 53, 56]",14
266,"[0, 97, 2, 99, 98, 43, 77, 84]",8
267,"[0, 2, 72, 77, 14, 86, 24, 97, 98, 99, 43]",11
268,"[0, 2, 72, 77, 14, 86, 24, 97, 98, 99, 43]",11
269,"[0, 65, 6, 74, 77, 13, 23, 97, 98, 99, 50, 56]",12
270,"[0, 2, 5, 6, 77, 83, 23, 96, 97, 98, 99, 55, 60]",13
271,"[0, 2, 77, 15, 83, 86, 97, 98, 99, 43, 49]",11
272,"[0, 65, 6, 74, 77, 13, 23, 92, 97, 98, 99, 50, 56]",13
273,"[0, 64, 2, 77, 19, 93, 96, 97, 98, 99, 43]",11
274,"[0, 2, 3, 77, 15, 83, 86, 24, 97, 98, 99, 43]",12
275,"[0, 97, 2, 99, 98, 83, 19, 55]",8
276,"[0, 97, 2, 98, 99, 6, 19, 84, 60]",9
277,"[0, 72, 14, 86, 24, 29, 97, 98, 99, 38]",10
278,"[0, 97, 2, 99, 98, 43, 77, 84]",8
279,"[0, 77, 15, 86, 91, 93, 29, 31, 97, 98, 99, 43, 54]",13
280,"[0, 97, 2, 98, 99, 19]",6
281,"[0, 97, 2, 99, 98, 43, 77, 15, 86]",9
282,"[0, 2, 77, 15, 83, 20, 86, 24, 91, 97, 98, 99, 49]",13
283,"[0, 6, 77, 78, 93, 97, 98, 99, 49, 53, 56]",11
284,"[0, 2, 77, 15, 83, 20, 86, 91, 97, 98, 99, 49, 54]",13
285,"[0, 2, 72, 77, 14, 86, 24, 97, 98, 99, 43]",11
286,"[0, 97, 98, 99, 6, 79, 56, 60, 93]",9
287,"[0, 2, 72, 77, 14, 86, 24, 97, 98, 99, 43]",11
288,"[0, 2, 77, 15, 83, 86, 97, 98, 99, 43]",10
289,"[0, 97, 2, 98, 99, 41, 19]",7
290,"[0, 2, 5, 6, 77, 23, 97, 98, 99, 56, 60]",11
291,"[0, 6, 77, 85, 23, 29, 97, 98, 99, 53, 56]",11
292,"[0, 2, 3, 77, 15, 86, 24, 97, 98, 99, 43]",11
293,"[0, 2, 15, 83, 86, 24, 97, 98, 99, 49]",10
294,"[0, 2, 5, 77, 19, 24, 29, 97, 98, 99, 38, 43]",12
295,"[0, 97, 2, 98, 99, 6, 60, 19, 28]",9
296,"[0, 97, 2, 98, 99, 5, 6, 84, 60]",9
297,"[0, 97, 2, 99, 98, 19, 55]",7
298,"[0, 2, 72, 77, 14, 86, 24, 97, 98, 99, 43]",11
299,"[0, 64, 2, 77, 19, 84, 93, 97, 98, 99, 43, 56]",12
300,"[0, 64, 2, 77, 19, 84, 93, 97, 98, 99, 43]",11
301,"[0, 64, 2, 19, 84, 93, 97, 98, 99, 56]",10
302,"[0, 2, 3, 77, 15, 83, 20, 86, 24, 91, 97, 98, 99, 49]",14
303,"[0, 2, 5, 77, 19, 24, 29, 97, 98, 99, 38, 43]",12
304,"[0, 97, 2, 99, 98, 83, 19, 55]",8
305,"[0, 97, 2, 98, 99, 38, 29]",7
306,"[0, 2, 15, 83, 86, 24, 97, 98, 99, 49]",10
307,"[0, 2, 3, 15, 83, 86, 24, 91, 97, 98, 99, 49]",12
308,"[0, 2, 72, 77, 14, 86, 24, 97, 98, 99, 43]",11
309,"[0, 2, 77, 15, 83, 86, 97, 98, 99, 43]",10
310,"[0, 64, 2, 5, 6, 77, 84, 23, 96, 97, 98, 99, 56]",13
311,"[0, 64, 77, 29, 93, 97, 98, 99, 38, 43]",10
312,"[0, 97, 2, 99, 98, 43, 77, 15, 86]",9
313,"[0, 97, 2, 96, 98, 5, 99]",7
314,"[0, 2, 5, 6, 8, 19, 84, 97, 98, 99, 56, 60]",12
315,"[0, 2, 72, 77, 14, 86, 24, 97, 98, 99, 43]",11
316,"[0, 2, 77, 15, 83, 86, 97, 98, 99, 43]",10
317,"[0, 2, 15, 83, 86, 91, 93, 97, 98, 99, 54]",11
318,"[0, 2, 5, 6, 77, 84, 23, 96, 97, 98, 99, 53, 56, 60]",14
319,"[0, 64, 2, 77, 19, 84, 93, 97, 98, 99, 43]",11
320,"[0, 64, 2, 97, 98, 99, 19, 84, 93]",9
321,"[0, 64, 2, 77, 19, 84, 93, 97, 98, 99, 43]",11
322,"[0, 6, 77, 23, 96, 97, 98, 99, 53, 56]",10
323,"[0, 64, 2, 6, 77, 84, 93, 97, 98, 99, 43, 60]",12
324,"[0, 97, 2, 99, 98, 19, 55]",7
325,"[0, 97, 2, 98, 99, 6, 19, 60]",8
326,"[0, 72, 77, 86, 24, 29, 31, 97, 98, 99, 43, 60]",12
327,"[0, 2, 72, 15, 83, 86, 91, 93, 97, 98, 99, 49, 54]",13
328,"[0, 2, 72, 77, 14, 86, 24, 97, 98, 99, 43]",11
329,"[0, 2, 77, 19, 24, 29, 97, 98, 99, 38, 43]",11
330,"[0, 97, 98, 99, 6, 79, 56, 60, 93]",9
331,"[0, 2, 77, 15, 86, 91, 93, 97, 98, 99, 43, 54]",12
332,"[0, 97, 2, 98, 99, 43, 77, 15, 86]",9
333,"[0, 2, 3, 15, 83, 86, 24, 91, 97, 98, 99, 49]",12
334,"[0, 2, 6, 8, 19, 84, 97, 98, 99, 55, 56, 60]",12
335,"[0, 64, 2, 77, 19, 84, 93, 97, 98, 99, 43, 56]",12
336,"[0, 2, 5, 6, 8, 19, 84, 97, 98, 99, 55, 56, 60]",13
337,"[0, 64, 2, 97, 98, 99, 84, 56, 93]",9
338,"[0, 2, 77, 15, 83, 86, 97, 98, 99, 43]",10
339,"[0, 6, 77, 79, 23, 97, 98, 99, 53, 56]",10
340,"[0, 6, 77, 79, 23, 96, 97, 98, 99, 53, 56, 60]",12
341,"[0, 64, 2, 77, 19, 84, 93, 97, 98, 99, 43, 56]",12
342,"[0, 64, 2, 19, 84, 93, 97, 98, 99, 56]",10
343,"[0, 2, 3, 77, 15, 83, 86, 24, 91, 97, 98, 99, 43, 49]",14
344,"[0, 2, 5, 6, 77, 83, 23, 96, 97, 98, 99, 55, 60]",13
345,"[0, 64, 2, 98, 97, 5, 99, 84]",8
346,"[0, 64, 2, 77, 19, 84, 93, 97, 98, 99, 43]",11
347,"[0, 97, 2, 99, 98, 19, 83, 55]",8
348,"[0, 97, 2, 99, 98, 19, 83, 55]",8
349,"[0, 97, 2, 99, 98, 19, 83, 55]",8
350,"[0, 2, 72, 77, 14, 86, 24, 97, 98, 99, 43]",11
351,"[0, 2, 5, 6, 77, 84, 23, 97, 98, 99, 56, 60]",12
352,"[0, 2, 72, 15, 83, 86, 91, 93, 97, 98, 99, 54, 60]",13
353,"[0, 6, 77, 93, 97, 98, 99, 49, 53, 56]",10
354,"[0, 97, 2, 98, 99, 38, 29]",7
355,"[0, 2, 3, 77, 15, 83, 86, 24, 97, 98, 99, 43]",12
356,"[0, 2, 3, 15, 83, 86, 24, 97, 98, 99]",10
357,"[0, 65, 6, 74, 77, 13, 23, 92, 97, 98, 99, 50, 56]",13
358,"[0, 64, 2, 77, 20, 92, 97, 98, 99, 45]",10
359,"[0, 64, 2, 5, 6, 77, 84, 23, 97, 98, 99, 53, 56]",13
360,"[0, 2, 3, 77, 15, 83, 86, 24, 97, 98, 99, 43]",12
361,"[0, 64, 2, 77, 19, 84, 93, 97, 98, 99, 43]",11
362,"[0, 97, 96, 98, 99, 6, 56, 92]",8
363,"[0, 97, 2, 98, 99, 43, 77, 15, 86]",9
364,"[0, 2, 6, 72, 19, 84, 97, 98, 99, 36, 60]",11
365,"[0, 2, 72, 77, 15, 83, 86, 91, 93, 97, 98, 99, 43, 49, 54]",15
366,"[0, 64, 2, 77, 19, 84, 93, 97, 98, 99, 43]",11
367,"[0, 64, 2, 6, 8, 77, 84, 23, 97, 98, 99, 53, 56, 60]",14
368,"[0, 2, 3, 77, 15, 83, 86, 24, 97, 98, 99, 43]",12
369,"[0, 97, 96, 98, 99, 6, 56, 92]",8
370,"[0, 6, 85, 92, 29, 96, 97, 98, 99, 50]",10
371,"[0, 2, 5, 6, 77, 84, 23, 97, 98, 99, 53, 56, 60]",13
372,"[0, 2, 72, 77, 15, 83, 86, 91, 93, 97, 98, 99, 43, 54, 60]",15
373,"[0, 2, 72, 77, 14, 86, 24, 97, 98, 99, 43]",11
374,"[0, 2, 72, 77, 14, 86, 24, 97, 98, 99, 43]",11
375,"[0, 97, 2, 98, 99, 38, 29]",7
376,"[0, 2, 3, 77, 15, 86, 24, 97, 98, 99, 43]",11
377,"[0, 6, 77, 85, 23, 29, 97, 98, 99, 53, 56]",11
378,"[0, 64, 2, 77, 19, 84, 93, 97, 98, 99, 43]",11
379,"[0, 2, 3, 77, 15, 83, 86, 24, 91, 97, 98, 99, 43, 49]",14
380,"[0, 64, 2, 6, 72, 19, 84, 93, 97, 98, 99, 36, 56, 60]",14
381,"[0, 64, 2, 97, 98, 99, 19, 93]",8
382,"[0, 2, 5, 6, 19, 84, 97, 98, 99, 60]",10
383,"[0, 2, 72, 77, 14, 86, 24, 97, 98, 99, 43]",11
384,"[0, 2, 3, 77, 15, 83, 86, 24, 97, 98, 99, 43]",12
385,"[0, 97, 2, 99, 98, 43, 77, 84]",8
386,"[0, 2, 77, 15, 83, 20, 86, 91, 97, 98, 99, 49, 54]",13
387,"[0, 97, 2, 98, 99, 6, 19, 60]",8
388,"[0, 2, 72, 77, 14, 86, 24, 97, 98, 99, 43]",11
389,"[0, 2, 3, 77, 15, 83, 86, 24, 97, 98, 99, 43]",12
390,"[0, 2, 72, 77, 14, 86, 24, 97, 98, 99, 43]",11
391,"[0, 2, 72, 77, 14, 86, 24, 97, 98, 99, 43]",11
392,"[0, 64, 2, 77, 19, 84, 93, 97, 98, 99, 43]",11
393,"[0, 2, 77, 15, 83, 86, 97, 98, 99, 43]",10
394,"[0, 2, 3, 77, 15, 83, 86, 24, 97, 98, 99, 43]",12
395,"[0, 97, 2, 98, 99, 19]",6
396,"[0, 97, 2, 98, 99, 43, 77, 15, 86]",9
397,"[0, 2, 72, 77, 14, 86, 24, 97, 98, 99, 43]",11
398,"[0, 2, 3, 77, 15, 86, 24, 97, 98, 99, 43]",11
399,"[0, 5, 6, 91, 92, 96, 97, 98, 99, 56]",10
400,"[0, 2, 72, 77, 14, 86, 24, 97, 98, 99, 43]",11
401,"[0, 2, 77, 15, 86, 29, 31, 97, 98, 99, 43]",11
402,"[0, 97, 2, 98, 99, 19]",6
403,"[0, 97, 96, 98, 99, 69, 6, 77, 56]",9
404,"[0, 2, 3, 77, 15, 83, 20, 86, 24, 91, 97, 98, 99, 49]",14
405,"[0, 64, 2, 5, 6, 78, 18, 96, 97, 98, 99]",11
406,"[0, 97, 2, 98, 99, 43, 77, 15, 86]",9
407,"[0, 64, 2, 5, 6, 78, 18, 96, 97, 98, 99]",11
408,"[0, 2, 5, 6, 8, 77, 84, 23, 97, 98, 99, 56, 60]",13
409,"[0, 64, 2, 5, 6, 77, 84, 23, 97, 98, 99, 49, 53, 56]",14
410,"[0, 64, 2, 97, 98, 99, 19, 93]",8
411,"[0, 64, 2, 97, 98, 5, 99, 84]",8
412,"[0, 64, 2, 5, 6, 77, 84, 93, 97, 98, 99, 49, 53, 56]",14
413,"[0, 97, 98, 99, 19, 55, 24]",7
414,"[0, 2, 3, 77, 15, 83, 86, 24, 97, 98, 99, 43]",12
415,"[0, 64, 2, 5, 6, 78, 92, 96, 97, 98, 99]",11
416,"[0, 97, 2, 99, 98, 43, 77, 15, 86]",9
417,"[0, 65, 6, 74, 77, 13, 23, 97, 98, 99, 50, 56]",12
418,"[0, 2, 3, 77, 15, 83, 86, 24, 91, 97, 98, 99, 43, 49]",14
419,"[0, 97, 2, 99, 98, 43, 77, 15, 86]",9
420,"[0, 2, 15, 83, 86, 24, 91, 97, 98, 99, 49]",11
421,"[0, 6, 77, 93, 97, 98, 99, 49, 53, 56, 60]",11
422,"[0, 97, 2, 99, 98, 19, 55]",7
423,"[0, 97, 2, 99, 98, 43, 77, 15, 86]",9
424,"[0, 64, 2, 5, 6, 8, 84, 97, 98, 99, 56, 60]",12
425,"[0, 64, 2, 6, 19, 93, 97, 98, 99, 56, 60]",11
426,"[0, 65, 6, 74, 77, 13, 23, 92, 97, 98, 99, 50, 56]",13
427,"[0, 64, 2, 97, 98, 99, 84, 56, 93]",9
428,"[0, 2, 3, 15, 83, 86, 24, 97, 98, 99, 49]",11
429,"[0, 97, 2, 98, 99, 19]",6
430,"[0, 2, 77, 15, 86, 29, 31, 97, 98, 99, 43]",11
431,"[0, 97, 2, 99, 98, 19, 55]",7
432,"[0, 64, 2, 97, 98, 99, 84, 56, 93]",9
433,"[0, 2, 15, 83, 86, 91, 93, 97, 98, 99, 49, 54]",12
434,"[0, 64, 2, 77, 84, 93, 97, 98, 99, 43, 56]",11
435,"[0, 97, 2, 98, 99, 19]",6
436,"[0, 64, 2, 97, 98, 99, 19, 93]",8
437,"[0, 2, 77, 15, 83, 86, 97, 98, 99, 43, 49]",11
438,"[0, 6, 77, 93, 97, 98, 99, 49, 53, 56, 60]",11
439,"[0, 72, 14, 86, 24, 29, 97, 98, 99, 38]",10
440,"[0, 97, 2, 98, 99, 6, 19, 60]",8
441,"[0, 2, 77, 15, 83, 20, 86, 24, 91, 97, 98, 99, 49]",13
442,"[0, 2, 5, 6, 19, 84, 97, 98, 99, 60]",10
443,"[0, 77, 15, 86, 91, 93, 29, 31, 97, 98, 99, 43, 54]",13
444,"[0, 2, 3, 15, 83, 86, 24, 97, 98, 99, 49]",11
445,"[0, 2, 5, 19, 84, 97, 98, 99, 55, 56]",10
446,"[0, 6, 77, 23, 96, 97, 98, 99, 53, 56]",10
447,"[0, 2, 3, 77, 15, 83, 86, 24, 97, 98, 99, 43, 49]",13
448,"[0, 97, 2, 98, 99, 41, 19]",7
449,"[0, 2, 3, 15, 83, 86, 24, 97, 98, 99, 49]",11
450,"[0, 64, 2, 97, 98, 99, 19, 93]",8
451,"[0, 64, 2, 77, 84, 93, 97, 98, 99, 43, 56]",11
452,"[0, 2, 15, 83, 86, 91, 93, 97, 98, 99, 54]",11
453,"[0, 2, 3, 15, 83, 86, 24, 91, 97, 98, 99, 49]",12
454,"[0, 5, 6, 91, 92, 96, 97, 98, 99, 56]",10
455,"[0, 97, 98, 99, 19, 55, 24]",7
456,"[0, 2, 77, 15, 83, 86, 97, 98, 99, 43, 49]",11
457,"[0, 2, 72, 77, 14, 86, 24, 97, 98, 99, 43]",11
458,"[0, 64, 2, 77, 19, 84, 93, 97, 98, 99, 43]",11
459,"[0, 64, 2, 5, 6, 77, 84, 23, 97, 98, 99, 53, 56]",13
460,"[0, 2, 77, 15, 86, 91, 93, 97, 98, 99, 43, 54]",12
461,"[0, 97, 98, 99, 38, 29]",6
462,"[0, 2, 3, 15, 83, 86, 24, 97, 98, 99, 49]",11
463,"[0, 64, 2, 97, 98, 99, 84, 56, 93]",9
464,"[0, 97, 2, 99, 98, 19, 55]",7
465,"[0, 2, 72, 77, 14, 86, 24, 97, 98, 99, 43]",11
466,"[0, 97, 2, 99, 98, 83, 19, 55]",8
467,"[0, 2, 5, 6, 8, 19, 97, 98, 99, 55, 56, 60]",12
468,"[0, 2, 3, 77, 15, 83, 86, 24, 97, 98, 99, 43, 49]",13
469,"[0, 2, 3, 15, 83, 86, 24, 97, 98, 99, 49]",11
470,"[0, 2, 72, 77, 14, 86, 24, 97, 98, 99, 43]",11
471,"[0, 6, 77, 79, 23, 97, 98, 99, 53, 56, 60]",11
472,"[0, 97, 2, 99, 98, 43, 77, 84]",8
473,"[0, 64, 2, 77, 19, 93, 97, 98, 99, 43]",10
474,"[0, 2, 3, 77, 15, 83, 86, 24, 91, 97, 98, 99, 43, 49]",14
475,"[0, 64, 2, 77, 19, 93, 97, 98, 99, 43]",10
476,"[0, 64, 2, 77, 19, 84, 93, 97, 98, 99, 43]",11
477,"[0, 65, 6, 74, 77, 13, 23, 92, 97, 98, 99, 50, 56]",13
478,"[0, 64, 77, 93, 29, 97, 98, 99, 38, 43]",10
479,"[0, 6, 77, 85, 23, 29, 97, 98, 99, 53, 56]",11
480,"[0, 2, 3, 77, 15, 83, 86, 24, 97, 98, 99, 43]",12
481,"[0, 2, 3, 77, 15, 83, 86, 24, 97, 98, 99, 43]",12
482,"[0, 2, 77, 15, 83, 86, 97, 98, 99, 43]",10
483,"[0, 2, 77, 15, 86, 29, 31, 97, 98, 99, 43]",11
484,"[0, 64, 2, 6, 77, 84, 93, 97, 98, 99, 43, 60]",12
485,"[0, 2, 6, 72, 19, 84, 97, 98, 99, 36, 60]",11
486,"[0, 97, 2, 99, 98, 5, 19, 55, 56]",9
487,"[0, 97, 96, 98, 99, 69, 6, 77, 56]",9
488,"[0, 2, 5, 77, 19, 24, 29, 97, 98, 99, 38, 43]",12
489,"[0, 65, 6, 74, 77, 13, 23, 92, 97, 98, 99, 50, 56]",13
490,"[0, 97, 2, 99, 98, 43, 77, 49]",8
491,"[0, 2, 3, 77, 15, 83, 86, 24, 97, 98, 99, 43, 49]",13
492,"[0, 97, 2, 99, 98, 19, 55]",7
493,"[0, 2, 3, 77, 15, 83, 86, 24, 91, 97, 98, 99, 43, 49]",14
494,"[0, 97, 2, 96, 98, 5, 99]",7
495,"[0, 2, 72, 77, 14, 86, 24, 97, 98, 99, 43]",11
496,"[0, 64, 2, 5, 6, 77, 23, 96, 97, 98, 99, 53, 56, 60]",14
497,"[0, 64, 2, 5, 6, 78, 92, 96, 97, 98, 99]",11
498,"[0, 64, 2, 77, 19, 93, 97, 98, 99, 43]",10
499,"[0, 97, 96, 98, 99, 6, 56, 92]",8
500,"[0, 64, 2, 97, 98, 99, 19, 93]",8
501,"[0, 97, 2, 99, 98, 19, 83, 55]",8
502,"[0, 2, 3, 77, 15, 83, 20, 86, 24, 91, 97, 98, 99, 49]",14
503,"[0, 64, 2, 5, 6, 77, 23, 96, 97, 98, 99, 56]",12
504,"[0, 2, 72, 15, 83, 86, 91, 93, 97, 98, 99, 54, 60]",13
505,"[0, 64, 2, 77, 19, 93, 97, 98, 99, 43]",10
506,"[0, 64, 2, 98, 97, 99, 84, 56, 93]",9
507,"[0, 64, 2, 97, 98, 99, 19, 93]",8
508,"[0, 2, 72, 77, 14, 86, 24, 97, 98, 99, 43]",11
509,"[0, 97, 2, 98, 99, 19]",6
510,"[0, 97, 2, 99, 98, 19, 55]",7
511,"[0, 97, 2, 98, 99, 43, 77, 15, 86]",9
512,"[0, 97, 98, 99, 15, 54, 86, 91, 93]",9
513,"[0, 97, 2, 98, 99, 6, 19, 60]",8
514,"[0, 64, 2, 5, 6, 77, 84, 23, 97, 98, 99, 49, 53, 56]",14
515,"[0, 64, 2, 97, 98, 99, 19, 93]",8
516,"[0, 97, 2, 98, 99, 38, 29]",7
517,"[0, 2, 3, 77, 15, 83, 86, 24, 97, 98, 99, 43, 49]",13
518,"[0, 64, 2, 97, 98, 99, 19, 93]",8
519,"[0, 2, 5, 6, 8, 19, 97, 98, 99, 55, 56, 60]",12
520,"[0, 2, 3, 77, 15, 83, 86, 24, 91, 97, 98, 99, 43, 49]",14
521,"[0, 2, 5, 6, 77, 23, 97, 98, 99, 56, 60]",11
522,"[0, 97, 2, 98, 99, 38, 29]",7
523,"[0, 64, 2, 97, 98, 5, 99, 84]",8
524,"[0, 6, 77, 23, 96, 97, 98, 99, 53, 56]",10
525,"[0, 2, 15, 83, 86, 24, 97, 98, 99, 49]",10
526,"[0, 6, 77, 93, 97, 98, 99, 49, 53, 56, 60]",11
527,"[0, 2, 77, 19, 24, 29, 97, 98, 99, 38, 43]",11
528,"[0, 2, 72, 77, 15, 83, 86, 91, 93, 97, 98, 99, 43, 49, 54]",15
529,"[0, 2, 77, 15, 86, 29, 31, 97, 98, 99, 43]",11
530,"[0, 64, 2, 5, 6, 78, 18, 96, 97, 98, 99]",11
531,"[0, 64, 2, 77, 19, 84, 93, 97, 98, 99, 43]",11
532,"[0, 97, 2, 99, 98, 43, 77, 15, 86]",9
533,"[0, 2, 6, 19, 84, 97, 98, 99, 56, 60]",10
534,"[0, 2, 77, 15, 83, 20, 86, 24, 91, 97, 98, 99, 49]",13
535,"[0, 64, 2, 5, 6, 78, 18, 96, 97, 98, 99]",11
536,"[0, 6, 77, 79, 93, 97, 98, 99, 49, 53, 56]",11
537,"[0, 97, 98, 99, 6, 79, 56, 60, 93]",9
538,"[0, 97, 2, 99, 98, 83, 19, 55]",8
539,"[0, 2, 72, 77, 14, 86, 24, 97, 98, 99, 43]",11
540,"[0, 64, 2, 6, 19, 84, 93, 97, 98, 99, 56, 60]",12
541,"[0, 65, 6, 74, 77, 13, 23, 97, 98, 99, 50, 56]",12
542,"[0, 6, 85, 92, 29, 96, 97, 98, 99, 50]",10
543,"[0, 97, 2, 98, 99, 41, 19]",7
544,"[0, 97, 2, 98, 99, 6, 19, 60]",8
545,"[0, 97, 96, 98, 99, 6, 56, 92]",8
546,"[0, 2, 77, 15, 83, 86, 97, 98, 99, 43]",10
547,"[0, 2, 77, 15, 83, 86, 97, 98, 99, 43]",10
548,"[0, 97, 2, 98, 99, 43, 77, 15, 86]",9
549,"[0, 2, 72, 77, 15, 83, 86, 91, 93, 97, 98, 99, 43, 54, 60]",15
550,"[0, 97, 2, 98, 99, 43, 77, 15, 86]",9
551,"[0, 97, 2, 98, 99, 84, 56]",7
552,"[0, 97, 2, 98, 99, 19, 84, 55, 56]",9
553,"[0, 2, 3, 77, 15, 83, 86, 24, 97, 98, 99, 43]",12
554,"[0, 64, 2, 6, 8, 77, 84, 23, 97, 98, 99, 53, 56, 60]",14
555,"[0, 64, 2, 5, 6, 84, 97, 98, 99, 56, 60]",11
556,"[0, 64, 2, 6, 72, 19, 84, 93, 97, 98, 99, 36, 56, 60]",14
557,"[0, 2, 72, 77, 14, 86, 24, 97, 98, 99, 43]",11
558,"[0, 2, 15, 83, 86, 24, 91, 97, 98, 99, 49]",11
559,"[0, 2, 3, 77, 15, 83, 86, 24, 97, 98, 99, 43]",12
560,"[0, 2, 3, 15, 83, 86, 24, 97, 98, 99]",10
561,"[0, 97, 2, 98, 99, 19]",6
562,"[0, 64, 2, 77, 19, 84, 93, 97, 98, 99, 43]",11
563,"[0, 77, 15, 86, 91, 93, 29, 31, 97, 98, 99, 43, 54]",13
564,"[0, 2, 5, 6, 8, 84, 97, 98, 99, 56, 60]",11
565,"[0, 6, 77, 23, 96, 97, 98, 99, 53, 56]",10
566,"[0, 97, 2, 98, 99, 19]",6
567,"[0, 64, 2, 77, 20, 92, 97, 98, 99, 45]",10
568,"[0, 64, 2, 97, 98, 99, 19, 93]",8
569,"[0, 2, 72, 77, 14, 86, 24, 97, 98, 99, 43]",11
570,"[0, 97, 2, 99, 98, 19, 83, 55]",8
571,"[0, 2, 3, 77, 15, 83, 86, 24, 97, 98, 99, 43]",12
572,"[0, 2, 77, 15, 83, 86, 97, 98, 99, 43]",10
573,"[0, 97, 2, 98, 99, 43, 77, 15, 86]",9
574,"[0, 2, 15, 83, 86, 24, 91, 97, 98, 99, 49]",11
575,"[0, 2, 3, 77, 15, 83, 86, 24, 97, 98, 99, 43]",12
576,"[0, 6, 77, 93, 97, 98, 99, 53, 56, 60]",10
577,"[0, 64, 2, 19, 84, 93, 97, 98, 99, 56]",10
578,"[0, 64, 2, 97, 98, 99, 19, 93]",8
579,"[0, 97, 2, 99, 98, 43, 77, 15, 86]",9
580,"[0, 97, 2, 98, 99, 6, 19, 60]",8
581,"[0, 2, 15, 83, 86, 91, 93, 97, 98, 99, 54]",11
582,"[0, 2, 3, 77, 15, 83, 86, 24, 97, 98, 99, 43]",12
583,"[0, 2, 5, 6, 8, 77, 84, 23, 97, 98, 99, 56, 60]",13
584,"[0, 64, 2, 77, 19, 93, 97, 98, 99, 43]",10
585,"[0, 2, 77, 15, 83, 86, 97, 98, 99, 43]",10
586,"[0, 6, 77, 93, 97, 98, 99, 49, 53, 56, 60]",11
587,"[0, 97, 2, 99, 98, 43, 77]",7
588,"[0, 2, 77, 15, 83, 86, 97, 98, 99, 43]",10
589,"[0, 6, 77, 79, 23, 96, 97, 98, 99, 53, 56, 60]",12
590,"[0, 2, 72, 77, 14, 86, 24, 97, 98, 99, 43]",11
591,"[0, 2, 77, 15, 20, 86, 91, 97, 98, 99, 49, 54]",12
592,"[0, 2, 72, 77, 14, 86, 24, 97, 98, 99, 43]",11
593,"[0, 2, 5, 6, 83, 96, 97, 98, 99, 55, 60]",11
594,"[0, 72, 77, 86, 24, 29, 31, 97, 98, 99, 43, 60]",12
595,"[0, 97, 2, 98, 99, 38, 29]",7
596,"[0, 97, 2, 99, 98, 19, 83, 55]",8
597,"[0, 2, 3, 77, 15, 83, 20, 86, 24, 91, 97, 98, 99, 49]",14
598,"[0, 2, 3, 15, 83, 86, 24, 97, 98, 99, 49]",11
599,"[0, 2, 5, 6, 8, 84, 97, 98, 99, 56, 60]",11
600,"[0, 2, 5, 6, 77, 23, 97, 98, 99, 53, 56, 60]",12
601,"[0, 97, 98, 99, 38, 29]",6
602,"[0, 2, 72, 77, 14, 86, 24, 97, 98, 99, 43]",11
603,"[0, 97, 96, 98, 99, 69, 6, 77, 56]",9
604,"[0, 2, 72, 77, 14, 86, 24, 97, 98, 99, 43]",11
605,"[0, 97, 2, 99, 98, 43, 77, 15, 86]",9
606,"[0, 97, 2, 99, 98, 19, 55]",7
607,"[0, 64, 2, 97, 98, 99, 19, 93]",8
608,"[0, 2, 77, 15, 83, 86, 97, 98, 99, 43]",10
609,"[0, 64, 2, 6, 72, 19, 84, 93, 97, 98, 99, 36, 56, 60]",14
610,"[0, 2, 3, 77, 15, 83, 86, 24, 97, 98, 99, 43]",12
611,"[0, 97, 2, 99, 98, 43, 77, 15, 86]",9
612,"[0, 2, 72, 77, 14, 86, 24, 97, 98, 99, 43]",11
613,"[0, 6, 77, 23, 96, 97, 98, 99, 53, 56]",10
614,"[0, 65, 6, 74, 77, 13, 23, 92, 97, 98, 99, 50, 56]",13
615,"[0, 2, 77, 15, 83, 86, 97, 98, 99, 43]",10
616,"[0, 64, 2, 77, 19, 84, 93, 97, 98, 99, 43, 56]",12
617,"[0, 97, 2, 98, 99, 84]",6
618,"[0, 64, 2, 77, 19, 84, 24, 93, 97, 98, 99, 43]",12
619,"[0, 97, 2, 99, 98, 43, 77, 15, 86]",9
620,"[0, 97, 2, 99, 98, 19, 84, 55]",8
621,"[0, 2, 72, 77, 14, 86, 24, 97, 98, 99, 43]",11
622,"[0, 97, 2, 99, 98, 83, 19, 55]",8
623,"[0, 64, 2, 5, 6, 78, 92, 96, 97, 98, 99]",11
624,"[0, 64, 2, 5, 6, 77, 84, 23, 97, 98, 99, 53, 56]",13
625,"[0, 2, 77, 15, 86, 29, 31, 97, 98, 99, 43]",11
626,"[0, 2, 72, 77, 14, 86, 24, 97, 98, 99, 43]",11
627,"[0, 97, 2, 98, 99, 38, 29]",7
628,"[0, 64, 2, 6, 77, 84, 93, 97, 98, 99, 43, 60]",12
629,"[0, 2, 5, 6, 8, 77, 84, 23, 97, 98, 99, 56, 60]",13
630,"[0, 64, 2, 6, 8, 77, 84, 23, 97, 98, 99, 53, 56, 60]",14
631,"[0, 97, 98, 99, 6, 79, 56, 60, 93]",9
632,"[0, 6, 77, 23, 96, 97, 98, 99, 53, 56]",10
633,"[0, 97, 2, 99, 98, 83, 19, 55]",8
634,"[0, 97, 2, 98, 99, 6, 19, 60]",8
635,"[0, 64, 2, 98, 97, 99, 84, 56, 93]",9
636,"[0, 97, 2, 98, 99, 84]",6
637,"[0, 2, 77, 15, 83, 86, 91, 93, 97, 98, 99, 43, 49, 54]",14
638,"[0, 6, 77, 79, 93, 97, 98, 99, 49, 53, 56]",11
639,"[0, 97, 2, 64, 98, 99, 84]",7
640,"[0, 64, 2, 77, 19, 84, 93, 97, 98, 99, 43]",11
641,"[0, 64, 2, 77, 19, 84, 93, 97, 98, 99, 43]",11
642,"[0, 2, 3, 77, 15, 83, 86, 24, 91, 97, 98, 99, 43, 49]",14
643,"[0, 2, 15, 86, 91, 93, 97, 98, 99, 54]",10
644,"[0, 2, 3, 77, 15, 83, 20, 86, 24, 91, 97, 98, 99, 49]",14
645,"[0, 2, 3, 77, 15, 83, 86, 24, 97, 98, 99, 43]",12
646,"[0, 64, 2, 5, 6, 78, 18, 96, 97, 98, 99]",11
647,"[0, 2, 3, 77, 15, 83, 86, 24, 97, 98, 99, 43]",12
648,"[0, 64, 2, 97, 98, 99, 19, 56, 93]",9
649,"[0, 97, 2, 98, 99, 43, 77, 15, 86]",9
650,"[0, 97, 2, 99, 98, 43, 77, 15, 86]",9
651,"[0, 2, 77, 15, 83, 20, 86, 24, 91, 97, 98, 99, 49]",13
652,"[0, 97, 2, 98, 99, 43, 77, 15, 86]",9
653,"[0, 2, 77, 15, 83, 86, 97, 98, 99, 43]",10
654,"[0, 6, 77, 93, 97, 98, 99, 49, 53, 56]",10
655,"[0, 64, 2, 97, 98, 99, 19, 93]",8
656,"[0, 64, 2, 6, 19, 84, 93, 97, 98, 99, 56, 60]",12
657,"[0, 2, 77, 15, 83, 86, 97, 98, 99, 43]",10
658,"[0, 97, 96, 98, 99, 6, 56, 92]",8
659,"[0, 65, 6, 74, 77, 13, 23, 92, 97, 98, 99, 50, 56]",13
660,"[0, 97, 2, 99, 98, 19, 83, 55]",8
661,"[0, 97, 2, 99, 98, 83, 19, 55]",8
662,"[0, 64, 2, 97, 98, 99, 19, 93]",8
663,"[0, 2, 5, 6, 83, 96, 97, 98, 99, 55, 60]",11
664,"[0, 2, 3, 15, 83, 86, 24, 97, 98, 99, 49]",11
665,"[0, 5, 6, 69, 77, 91, 92, 96, 97, 98, 99, 56]",12
666,"[0, 64, 2, 97, 98, 99, 19, 93]",8
667,"[0, 2, 77, 15, 83, 86, 97, 98, 99, 43]",10
668,"[0, 64, 2, 5, 6, 77, 23, 96, 97, 98, 99, 56]",12
669,"[0, 97, 2, 98, 99, 38, 29]",7
670,"[0, 97, 2, 98, 99, 38, 29]",7
671,"[0, 77, 15, 86, 91, 29, 93, 31, 97, 98, 99, 43, 54]",13
672,"[0, 2, 3, 77, 15, 83, 86, 24, 97, 98, 99, 43]",12
673,"[0, 77, 15, 86, 29, 31, 97, 98, 99, 43]",10
674,"[0, 2, 15, 86, 91, 97, 98, 99, 49, 54]",10
675,"[0, 2, 3, 77, 15, 83, 86, 24, 91, 97, 98, 99, 43, 49]",14
676,"[0, 64, 2, 19, 84, 93, 97, 98, 99, 56]",10
677,"[0, 64, 77, 29, 93, 97, 98, 99, 38, 43]",10
678,"[0, 2, 5, 6, 8, 77, 19, 97, 98, 99, 53, 55, 56, 60]",14
679,"[0, 2, 3, 77, 15, 83, 86, 24, 91, 97, 98, 99, 43, 49]",14
680,"[0, 2, 3, 15, 83, 86, 24, 97, 98, 99, 49]",11
681,"[0, 2, 5, 6, 77, 23, 97, 98, 99, 56, 60]",11
682,"[0, 97, 2, 99, 98, 19, 84, 55, 56]",9
683,"[0, 2, 15, 83, 86, 24, 91, 97, 98, 99, 49]",11
684,"[0, 64, 2, 72, 19, 84, 93, 97, 98, 99, 36, 56]",12
685,"[0, 97, 2, 99, 98, 43, 77, 15, 86]",9
686,"[0, 2, 3, 15, 83, 86, 24, 97, 98, 99, 49]",11
687,"[0, 2, 72, 77, 14, 86, 24, 97, 98, 99, 43]",11
688,"[0, 2, 77, 15, 20, 86, 91, 97, 98, 99, 49, 54]",12
689,"[0, 2, 15, 83, 86, 24, 91, 97, 98, 99, 49]",11
690,"[0, 2, 72, 77, 14, 86, 24, 97, 98, 99, 43]",11
691,"[0, 97, 96, 98, 99, 6, 56, 92]",8
692,"[0, 2, 5, 6, 30, 96, 97, 98, 99, 55, 56]",11
693,"[0, 97, 2, 98, 99, 5, 19]",7
694,"[0, 2, 72, 15, 83, 86, 91, 93, 97, 98, 99, 54, 60]",13
695,"[0, 97, 2, 98, 99, 47, 19, 83, 55]",9
696,"[0, 2, 77, 19, 24, 29, 97, 98, 99, 38, 43]",11
697,"[0, 64, 2, 77, 20, 92, 97, 98, 99, 45]",10
698,"[0, 6, 77, 79, 23, 97, 98, 99, 53, 56, 60]",11
699,"[0, 64, 2, 77, 84, 93, 97, 98, 99, 43, 56, 57]",12
700,"[0, 2, 72, 77, 14, 86, 24, 97, 98, 99, 43]",11
701,"[0, 97, 2, 99, 98, 43, 77, 15, 86]",9
702,"[0, 2, 5, 6, 8, 19, 97, 98, 99, 55, 56, 60]",12
703,"[0, 2, 3, 15, 83, 86, 24, 97, 98, 99]",10
704,"[0, 2, 72, 77, 15, 83, 86, 91, 93, 97, 98, 99, 43, 54, 60]",15
705,"[0, 6, 77, 93, 97, 98, 99, 49, 53, 56, 60]",11
706,"[0, 2, 77, 15, 83, 86, 97, 98, 99, 43]",10
707,"[0, 6, 85, 92, 29, 96, 97, 98, 99, 50]",10
708,"[0, 64, 2, 97, 98, 99, 19, 93]",8
709,"[0, 64, 2, 97, 98, 99, 19, 84, 93]",9
710,"[0, 2, 77, 15, 86, 29, 31, 97, 98, 99, 43]",11
711,"[0, 2, 77, 15, 83, 86, 97, 98, 99, 43]",10
712,"[0, 6, 77, 79, 23, 96, 97, 98, 99, 56, 60]",11
713,"[0, 97, 98, 99, 6, 77, 53, 56, 93]",9
714,"[0, 2, 77, 15, 83, 86, 24, 97, 98, 99, 43]",11
715,"[0, 2, 5, 6, 8, 84, 97, 98, 99, 56, 60]",11
716,"[0, 97, 2, 99, 98, 41, 19, 83, 55]",9
717,"[0, 2, 77, 15, 83, 86, 97, 98, 99, 43]",10
718,"[0, 2, 3, 15, 83, 86, 24, 97, 98, 99, 49]",11
719,"[0, 97, 2, 98, 99, 84]",6
720,"[0, 2, 5, 6, 77, 23, 96, 97, 98, 99, 53, 56, 60]",13
721,"[0, 97, 2, 99, 98, 83, 19, 55]",8
722,"[0, 97, 2, 99, 98, 19, 55]",7
723,"[0, 65, 6, 74, 77, 13, 23, 97, 98, 99, 50, 56]",12
724,"[0, 97, 2, 99, 98, 83, 19, 55]",8
725,"[0, 2, 5, 6, 8, 19, 97, 98, 99, 55, 56, 60]",12
726,"[0, 64, 2, 98, 97, 99, 84, 56, 93]",9
727,"[0, 97, 2, 99, 98, 43, 77, 15, 86]",9
728,"[0, 97, 2, 98, 99, 6, 19, 60]",8
729,"[0, 64, 2, 77, 19, 84, 93, 97, 98, 99, 43]",11
730,"[0, 2, 15, 83, 86, 24, 91, 97, 98, 99, 49]",11
731,"[0, 2, 5, 6, 77, 23, 97, 98, 99, 53, 56, 60]",12
732,"[0, 64, 2, 97, 98, 5, 6, 99, 60]",9
733,"[0, 97, 2, 98, 99, 19, 84, 55, 56]",9
734,"[0, 64, 2, 97, 98, 99, 19, 93]",8
735,"[0, 64, 2, 5, 6, 18, 96, 97, 98, 99]",10
736,"[0, 2, 77, 15, 83, 86, 97, 98, 99, 43]",10
737,"[0, 2, 3, 77, 15, 83, 20, 86, 24, 91, 97, 98, 99, 49]",14
738,"[0, 2, 3, 77, 15, 83, 86, 24, 97, 98, 99, 43]",12
739,"[0, 2, 72, 77, 14, 86, 24, 97, 98, 99, 43]",11
740,"[0, 6, 77, 93, 97, 98, 99, 50, 53, 56, 60]",11
741,"[0, 2, 3, 77, 15, 83, 86, 24, 97, 98, 99, 43]",12
742,"[0, 97, 2, 98, 99, 19, 84, 93]",8
743,"[0, 97, 2, 99, 98, 43, 77, 19]",8
744,"[0, 2, 3, 77, 15, 83, 86, 24, 97, 98, 99, 43]",12
745,"[0, 6, 77, 93, 97, 98, 99, 49, 53, 56, 60]",11
746,"[0, 2, 77, 15, 86, 91, 93, 97, 98, 99, 43, 54]",12
747,"[0, 64, 2, 97, 98, 99, 19, 93]",8
748,"[0, 2, 77, 15, 86, 91, 93, 97, 98, 99, 43, 54]",12
749,"[0, 97, 2, 98, 99, 6, 19, 84, 60]",9
750,"[0, 64, 2, 19, 84, 93, 97, 98, 99, 56]",10
751,"[0, 64, 2, 6, 19, 93, 97, 98, 99, 56, 60]",11
752,"[0, 64, 2, 77, 19, 93, 97, 98, 99, 43]",10
753,"[0, 97, 2, 99, 98, 83, 19, 55]",8
754,"[0, 97, 2, 99, 98, 43, 77, 93]",8
755,"[0, 97, 2, 98, 99, 84]",6
756,"[0, 97, 2, 98, 99, 43, 77, 15, 86]",9
757,"[0, 64, 2, 97, 98, 99, 19, 93]",8
758,"[0, 2, 72, 77, 15, 83, 86, 91, 93, 97, 98, 99, 43, 54, 60]",15
759,"[0, 97, 2, 99, 98, 5, 83, 55]",8
760,"[0, 97, 2, 98, 99, 6, 19, 60]",8
761,"[97, 98, 99]",3
762,"[0, 97, 2, 99, 98, 19, 83, 55]",8
763,"[0, 64, 2, 97, 98, 99, 19, 93]",8
764,"[0, 2, 5, 6, 77, 23, 96, 97, 98, 99, 53, 56, 60]",13
765,"[97, 98, 99]",3
766,"[0, 97, 2, 98, 99, 43, 77, 15, 86]",9
767,"[0, 97, 2, 98, 99, 84, 56]",7
768,"[0, 2, 3, 77, 15, 83, 86, 24, 97, 98, 99, 43]",12
769,"[0, 2, 15, 83, 86, 91, 93, 97, 98, 99, 54]",11
770,"[0, 2, 77, 15, 83, 86, 97, 98, 99, 43]",10
771,"[0, 6, 77, 23, 96, 97, 98, 99, 53, 56]",10
772,"[0, 64, 2, 72, 19, 84, 93, 97, 98, 99, 36, 56]",12
773,"[0, 64, 2, 77, 20, 92, 97, 98, 99, 45]",10
774,"[0, 2, 5, 6, 30, 96, 97, 98, 99, 55, 56]",11
775,"[0, 97, 2, 99, 98, 19, 83, 55]",8
776,"[0, 97, 2, 98, 99, 19, 84, 93]",8
777,"[0, 64, 2, 77, 19, 84, 24, 93, 97, 98, 99, 43]",12
778,"[0, 2, 77, 15, 83, 86, 24, 97, 98, 99, 43]",11
779,"[0, 2, 77, 15, 83, 86, 97, 98, 99, 43]",10
780,"[0, 97, 2, 98, 99, 47, 83, 19, 55]",9
781,"[0, 64, 2, 97, 98, 99, 19, 93]",8
782,"[0, 64, 2, 97, 98, 99, 19, 93]",8
783,"[0, 97, 2, 99, 98, 43, 77, 15, 86]",9
784,"[0, 2, 5, 6, 83, 96, 97, 98, 99, 55, 60]",11
785,"[0, 2, 3, 15, 86, 24, 97, 98, 99, 49]",10
786,"[0, 6, 85, 92, 29, 96, 97, 98, 99, 50]",10
787,"[0, 97, 2, 98, 99, 84, 56, 93]",8
788,"[0, 2, 72, 77, 14, 86, 24, 97, 98, 99, 43]",11
789,"[0, 2, 72, 77, 14, 86, 24, 97, 98, 99, 43]",11
790,"[0, 2, 77, 15, 20, 86, 24, 91, 97, 98, 99, 49]",12
791,"[0, 2, 72, 77, 14, 86, 24, 97, 98, 99, 43]",11
792,"[0, 2, 3, 77, 15, 86, 24, 97, 98, 99, 43]",11
793,"[0, 64, 2, 98, 97, 5, 6, 99, 60]",9
794,"[0, 2, 77, 15, 83, 86, 97, 98, 99, 43]",10
795,"[0, 64, 2, 77, 84, 93, 97, 98, 99, 43, 56]",11
796,"[0, 2, 77, 15, 83, 86, 97, 98, 99, 43]",10
797,"[0, 97, 2, 99, 98, 19, 55]",7
798,"[0, 77, 15, 86, 29, 31, 97, 98, 99, 43]",10
799,"[0, 97, 2, 3, 98, 99, 15, 86, 24]",9
800,"[0, 65, 6, 74, 77, 13, 23, 92, 97, 98, 99, 50, 56]",13
801,"[0, 65, 6, 74, 77, 13, 23, 92, 97, 98, 99, 50, 56]",13
802,"[0, 97, 2, 99, 98, 19, 83, 55]",8
803,"[0, 2, 3, 77, 15, 86, 24, 91, 97, 98, 99, 43, 49]",13
804,"[0, 2, 3, 15, 83, 86, 24, 97, 98, 99, 49]",11
805,"[0, 2, 3, 77, 15, 86, 24, 97, 98, 99, 43]",11
806,"[0, 6, 77, 79, 93, 97, 98, 99, 49, 53, 56]",11
807,"[0, 64, 2, 97, 98, 99, 19, 93]",8
808,"[0, 2, 3, 77, 15, 86, 24, 91, 97, 98, 99, 43, 49]",13
809,"[0, 64, 2, 5, 6, 18, 96, 97, 98, 99]",10
810,"[0, 97, 2, 99, 98, 19, 83, 55]",8
811,"[0, 2, 77, 15, 83, 86, 97, 98, 99, 43]",10
812,"[0, 2, 77, 15, 83, 86, 91, 93, 97, 98, 99, 43, 54]",13
813,"[0, 2, 77, 15, 86, 29, 31, 97, 98, 99, 43]",11
814,"[0, 6, 77, 93, 97, 98, 99, 50, 53, 56, 60]",11
815,"[0, 97, 2, 98, 99, 15, 49, 86]",8
816,"[0, 97, 2, 98, 99, 38, 29]",7
817,"[0, 2, 3, 77, 15, 86, 24, 91, 97, 98, 99, 43, 49]",13
818,"[0, 2, 6, 77, 84, 23, 97, 98, 99, 56, 60]",11
819,"[0, 2, 3, 77, 15, 20, 86, 24, 91, 97, 98, 99, 49]",13
820,"[0, 6, 8, 77, 93, 97, 98, 99, 53, 56, 60]",11
821,"[0, 2, 72, 77, 14, 86, 24, 97, 98, 99, 43]",11
822,"[0, 97, 2, 99, 98, 83, 19, 55]",8
823,"[0, 97, 2, 64, 98, 99, 84]",7
824,"[0, 6, 77, 79, 93, 97, 98, 99, 53, 56, 60]",11
825,"[0, 64, 2, 5, 6, 77, 23, 96, 97, 98, 99, 56]",12
826,"[0, 97, 2, 99, 98, 43, 77, 15, 86]",9
827,"[0, 64, 2, 98, 97, 99, 84, 56, 93]",9
828,"[0, 2, 77, 15, 20, 86, 91, 97, 98, 99, 49, 54]",12
829,"[0, 97, 2, 99, 98, 19, 83, 55]",8
830,"[0, 97, 2, 98, 99, 43, 77, 15, 86]",9
831,"[0, 2, 3, 77, 15, 86, 24, 97, 98, 99, 43]",11
832,"[0, 2, 5, 6, 8, 97, 98, 99, 56, 60]",10
833,"[0, 2, 15, 83, 86, 24, 91, 97, 98, 99, 49]",11
834,"[0, 64, 2, 6, 8, 77, 84, 97, 98, 99, 53, 56, 60]",13
835,"[0, 97, 96, 98, 99, 69, 6, 77, 56]",9
836,"[0, 2, 15, 86, 91, 97, 98, 99, 49, 54]",10
837,"[0, 64, 2, 19, 84, 93, 97, 98, 99, 56]",10
838,"[0, 6, 77, 93, 97, 98, 99, 49, 53, 56, 60]",11
839,"[0, 2, 3, 77, 15, 83, 86, 24, 97, 98, 99, 43]",12
840,"[0, 97, 2, 99, 98, 43, 77, 15, 86]",9
841,"[0, 77, 15, 86, 29, 31, 97, 98, 99, 43]",10
842,"[0, 97, 2, 98, 99, 84]",6
843,"[0, 2, 5, 6, 77, 84, 23, 97, 98, 99, 53, 56, 60]",13
844,"[0, 97, 96, 98, 99, 6, 56, 92]",8
845,"[0, 2, 72, 77, 14, 86, 24, 97, 98, 99, 43]",11
846,"[0, 97, 2, 99, 98, 43, 77, 84, 93]",9
847,"[0, 97, 2, 99, 98, 43, 77, 93]",8
848,"[0, 97, 98, 99, 6, 77, 53, 56, 93]",9
849,"[0, 2, 3, 77, 15, 86, 24, 97, 98, 99, 43]",11
850,"[0, 2, 77, 15, 83, 86, 24, 97, 98, 99, 43]",11
851,"[0, 2, 3, 77, 15, 83, 86, 24, 97, 98, 99, 43]",12
852,"[0, 97, 2, 99, 98, 43, 77, 15, 86]",9
853,"[0, 2, 77, 19, 84, 93, 97, 98, 99, 43]",10
854,"[0, 2, 77, 15, 83, 86, 97, 98, 99, 43]",10
855,"[0, 97, 2, 98, 99, 19, 84, 55, 56]",9
856,"[0, 64, 2, 97, 98, 99, 19, 93]",8
857,"[0, 6, 77, 93, 97, 98, 99, 49, 53, 56, 60]",11
858,"[0, 2, 3, 77, 15, 20, 86, 24, 91, 97, 98, 99, 49]",13
859,"[0, 97, 96, 98, 99, 6, 56, 92]",8
860,"[0, 6, 77, 79, 23, 97, 98, 99, 53, 56, 60]",11
861,"[0, 2, 77, 15, 83, 86, 24, 97, 98, 99, 43]",11
862,"[0, 2, 6, 8, 77, 84, 97, 98, 99, 53, 56, 60]",12
863,"[0, 65, 6, 74, 77, 13, 23, 97, 98, 99, 50, 56]",12
864,"[0, 64, 2, 6, 77, 84, 23, 97, 98, 99, 50, 53, 56, 60]",14
865,"[0, 2, 77, 15, 86, 91, 93, 97, 98, 99, 43, 49, 54]",13
866,"[0, 97, 98, 99, 84, 93]",6
867,"[0, 2, 15, 86, 24, 91, 97, 98, 99, 49]",10
868,"[0, 6, 77, 23, 96, 97, 98, 99, 53, 56]",10
869,"[0, 97, 2, 98, 99, 84, 56, 93]",8
870,"[0, 97, 2, 98, 99, 38, 29]",7
871,"[0, 2, 3, 15, 83, 86, 24, 97, 98, 99, 49]",11
872,"[0, 64, 2, 77, 19, 84, 24, 93, 97, 98, 99, 43]",12
873,"[0, 2, 77, 15, 83, 86, 97, 98, 99, 43]",10
874,"[0, 64, 2, 77, 19, 84, 93, 97, 98, 99, 43]",11
875,"[0, 2, 77, 15, 83, 86, 97, 98, 99, 43]",10
876,"[0, 5, 6, 69, 77, 91, 92, 96, 97, 98, 99, 56]",12
877,"[0, 64, 2, 5, 6, 78, 18, 96, 97, 98, 99]",11
878,"[0, 64, 2, 6, 72, 19, 84, 93, 97, 98, 99, 36, 56, 60]",14
879,"[0, 64, 2, 97, 98, 99, 19, 84, 93]",9
880,"[0, 97, 2, 99, 98, 43, 77, 15, 86]",9
881,"[0, 6, 77, 79, 23, 96, 97, 98, 99, 56, 60]",11
882,"[0, 97, 2, 98, 99, 84, 56, 93]",8
883,"[0, 6, 77, 93, 97, 98, 99, 49, 53, 56, 60]",11
884,"[0, 64, 2, 5, 6, 69, 77, 78, 92, 96, 97, 98, 99]",13
885,"[0, 2, 5, 6, 8, 97, 98, 99, 56, 60]",10
886,"[0, 77, 15, 86, 91, 93, 29, 31, 97, 98, 99, 43, 54]",13
887,"[0, 97, 2, 99, 98, 47, 83, 19, 55]",9
888,"[0, 97, 2, 98, 99, 84, 56]",7
889,"[0, 2, 77, 15, 83, 86, 97, 98, 99, 43]",10
890,"[0, 2, 6, 8, 77, 23, 97, 98, 99, 53, 56, 60]",12
891,"[0, 64, 77, 29, 93, 97, 98, 99, 38, 43]",10
892,"[0, 97, 2, 98, 99, 6, 19, 60]",8
893,"[0, 2, 15, 86, 91, 93, 97, 98, 99, 54]",10
894,"[0, 2, 15, 86, 24, 91, 97, 98, 99, 49]",10
895,"[0, 2, 3, 77, 15, 86, 24, 97, 98, 99, 43]",11
896,"[0, 64, 2, 19, 84, 93, 97, 98, 99, 56]",10
897,"[0, 97, 98, 99, 38, 15, 86, 29]",8
898,"[0, 2, 3, 77, 15, 86, 24, 97, 98, 99, 43, 49]",12
899,"[0, 97, 2, 98, 99, 19, 84, 56, 93]",9
900,"[0, 2, 72, 15, 83, 86, 91, 93, 97, 98, 99, 54, 60]",13
901,"[0, 97, 2, 98, 99, 19]",6
902,"[0, 97, 2, 98, 99, 84, 56]",7
903,"[0, 64, 2, 97, 98, 99, 19, 56, 93]",9
904,"[0, 2, 5, 6, 30, 96, 97, 98, 99, 55, 56]",11
905,"[0, 65, 6, 74, 77, 23, 92, 97, 98, 99, 50, 56]",12
906,"[0, 97, 98, 99, 83, 55]",6
907,"[0, 97, 2, 98, 99, 19]",6
908,"[0, 97, 2, 98, 99, 19]",6
909,"[0, 6, 77, 93, 97, 98, 99, 49, 53, 56, 60]",11
910,"[0, 2, 72, 77, 15, 83, 86, 91, 93, 97, 98, 99, 43, 54, 60]",15
911,"[0, 2, 77, 15, 86, 97, 98, 99, 43, 49]",10
912,"[0, 2, 77, 15, 83, 86, 97, 98, 99, 43]",10
913,"[0, 64, 2, 77, 20, 92, 97, 98, 99, 45]",10
914,"[0, 97, 98, 99, 84, 93]",6
915,"[0, 97, 2, 99, 98, 43, 77, 93]",8
916,"[0, 77, 15, 86, 29, 31, 97, 98, 99, 43]",10
917,"[0, 6, 77, 93, 97, 98, 99, 53, 56, 60]",10
918,"[0, 64, 2, 77, 19, 84, 24, 93, 97, 98, 99, 43]",12
919,"[0, 2, 5, 6, 83, 96, 97, 98, 99, 55, 60]",11
920,"[0, 97, 96, 98, 99, 6, 56, 92]",8
921,"[0, 2, 5, 6, 8, 77, 23, 97, 98, 99, 53, 56, 60]",13
922,"[0, 2, 15, 83, 86, 91, 93, 97, 98, 99, 54]",11
923,"[0, 97, 2, 99, 98, 83, 19, 55]",8
924,"[0, 64, 2, 5, 6, 77, 23, 97, 98, 99, 56, 60]",12
925,"[0, 97, 98, 99, 83, 55]",6
926,"[0, 64, 2, 77, 19, 84, 93, 97, 98, 99, 43]",11
927,"[0, 64, 2, 5, 6, 77, 23, 96, 97, 98, 99, 56]",12
928,"[0, 2, 77, 15, 83, 86, 97, 98, 99, 43]",10
929,"[0, 97, 2, 99, 98, 43, 77, 15, 86]",9
930,"[0, 2, 3, 15, 86, 24, 97, 98, 99, 49]",10
931,"[0, 2, 72, 77, 14, 86, 24, 97, 98, 99, 43]",11
932,"[0, 2, 72, 77, 14, 86, 24, 97, 98, 99, 43]",11
933,"[0, 6, 77, 79, 93, 97, 98, 99, 53, 56, 60]",11
934,"[0, 97, 2, 98, 99, 43, 77, 15, 86]",9
935,"[0, 2, 77, 15, 86, 29, 31, 97, 98, 99, 43]",11
936,"[0, 2, 3, 77, 15, 83, 86, 24, 97, 98, 99, 43, 49]",13
937,"[0, 2, 5, 6, 8, 97, 98, 99, 56, 60]",10
938,"[0, 2, 5, 6, 77, 23, 97, 98, 99, 56, 60]",11
939,"[0, 2, 77, 15, 86, 97, 98, 99, 43, 49]",10
940,"[0, 2, 77, 15, 83, 86, 97, 98, 99, 43]",10
941,"[0, 2, 3, 15, 86, 24, 97, 98, 99, 49]",10
942,"[0, 97, 2, 98, 99, 19, 84, 93]",8
943,"[0, 2, 3, 77, 15, 86, 24, 97, 98, 99, 43]",11
944,"[0, 64, 2, 5, 6, 77, 84, 23, 97, 98, 99, 50, 53, 56, 60]",15
945,"[0, 97, 2, 99, 98, 83, 19, 55]",8
946,"[0, 64, 2, 97, 98, 99, 19, 93]",8
947,"[0, 64, 2, 5, 6, 78, 18, 96, 97, 98, 99]",11
948,"[0, 2, 77, 15, 86, 91, 93, 97, 98, 99, 43, 49, 54]",13
949,"[0, 97, 2, 98, 99, 84, 56, 93]",8
950,"[0, 97, 2, 98, 99, 19]",6
951,"[0, 97, 98, 99, 38, 15, 86, 29]",8
952,"[0, 97, 2, 99, 98, 19, 83, 55]",8
953,"[0, 2, 77, 15, 86, 97, 98, 99, 43, 49]",10
954,"[0, 64, 2, 6, 84, 93, 97, 98, 99, 49, 56]",11
955,"[0, 2, 15, 86, 24, 91, 97, 98, 99, 49]",10
956,"[0, 97, 2, 98, 99, 43, 77, 15, 86]",9
957,"[0, 97, 2, 99, 98, 19, 55]",7
958,"[0, 6, 77, 79, 23, 96, 97, 98, 99, 56, 60]",11
959,"[0, 97, 96, 98, 99, 69, 6, 77, 56]",9
960,"[0, 2, 77, 15, 83, 86, 97, 98, 99, 43]",10
961,"[0, 2, 77, 15, 86, 29, 31, 97, 98, 99, 43]",11
962,"[0, 97, 2, 98, 99, 19]",6
963,"[0, 64, 2, 5, 77, 84, 97, 98, 99, 53]",10
964,"[0, 97, 2, 98, 99, 43, 77, 15, 86]",9
965,"[0, 97, 2, 99, 98, 43, 77, 93]",8
966,"[0, 6, 77, 93, 97, 98, 99, 49, 53, 56, 60]",11
967,"[0, 64, 2, 97, 98, 99, 19, 56, 93]",9
968,"[0, 2, 3, 77, 15, 83, 86, 24, 97, 98, 99, 43, 49]",13
969,"[0, 2, 72, 77, 14, 15, 86, 24, 97, 98, 99, 43]",12
970,"[0, 2, 15, 86, 91, 97, 98, 99, 49, 54]",10
971,"[0, 2, 77, 15, 83, 86, 97, 98, 99, 43]",10
972,"[0, 2, 3, 77, 15, 86, 24, 97, 98, 99, 43, 49]",12
973,"[0, 97, 2, 99, 98, 19, 83, 55]",8
974,"[0, 2, 3, 77, 15, 20, 86, 24, 91, 97, 98, 99, 49]",13
975,"[0, 65, 6, 74, 77, 13, 23, 92, 97, 98, 99, 50, 56]",13
976,"[0, 2, 3, 77, 15, 86, 24, 91, 97, 98, 99, 43, 49]",13
977,"[0, 2, 77, 15, 86, 97, 98, 99, 43, 49]",10
978,"[0, 97, 2, 98, 99, 43, 77, 15, 86]",9
979,"[0, 2, 3, 77, 15, 86, 24, 97, 98, 99, 43, 49]",12
980,"[97, 98, 99]",3
981,"[0, 97, 96, 98, 99, 6, 77, 23, 56]",9
982,"[0, 2, 3, 77, 15, 20, 86, 24, 91, 97, 98, 99, 49]",13
983,"[0, 97, 2, 98, 99, 84]",6
984,"[0, 97, 2, 98, 99, 6, 19, 60]",8
985,"[0, 65, 6, 74, 77, 13, 23, 97, 98, 99, 50, 56]",12
986,"[0, 64, 2, 6, 72, 19, 93, 97, 98, 99, 36, 56, 60]",13
987,"[0, 2, 15, 86, 24, 91, 97, 98, 99, 49]",10
988,"[0, 64, 2, 5, 6, 78, 18, 96, 97, 98, 99]",11
989,"[0, 97, 2, 99, 98, 47, 83, 19, 55]",9
990,"[0, 2, 72, 15, 83, 86, 91, 93, 97, 98, 99, 54, 60]",13
991,"[0, 97, 2, 98, 99, 19]",6
992,"[0, 2, 77, 15, 83, 86, 97, 98, 99, 43, 49]",11
993,"[0, 64, 2, 97, 98, 99, 19, 93]",8
994,"[0, 2, 77, 15, 83, 86, 91, 93, 97, 98, 99, 43, 54]",13
995,"[0, 2, 72, 77, 14, 86, 24, 97, 98, 99, 43]",11
996,"[0, 64, 2, 98, 97, 99, 19, 56, 93]",9
997,"[0, 69, 6, 77, 92, 96, 97, 98, 99, 56]",10
998,"[0, 97, 2, 98, 99, 19]",6
999,"[0, 97, 2, 98, 99, 19]",6
1000,"[0, 97, 2, 98, 99, 84, 56, 93]",8
1001,"[0, 2, 15, 86, 24, 91, 97, 98, 99, 49]",10
1002,"[0, 64, 2, 6, 72, 19, 93, 97, 98, 99, 36, 56, 60]",13
1003,"[0, 2, 5, 6, 77, 23, 97, 98, 99, 53, 56, 60]",12
1004,"[0, 2, 3, 77, 15, 83, 86, 24, 97, 98, 99, 43, 49]",13
1005,"[0, 64, 77, 29, 93, 97, 98, 99, 38, 43]",10
1006,"[0, 2, 77, 15, 83, 86, 97, 98, 99, 43]",10
1007,"[0, 6, 85, 92, 29, 96, 32, 97, 98, 99, 50]",11
1008,"[0, 2, 77, 15, 86, 91, 93, 97, 98, 99, 43, 49, 54]",13
1009,"[0, 97, 2, 98, 99, 5, 83, 55]",8
1010,"[0, 97, 2, 98, 99, 19]",6
1011,"[0, 64, 2, 32, 97, 5, 98, 99, 24]",9
1012,"[0, 97, 2, 99, 98, 41, 83, 19, 55]",9
1013,"[0, 2, 77, 15, 86, 91, 93, 97, 98, 99, 43, 49, 54]",13
1014,"[0, 97, 2, 98, 99, 19]",6
1015,"[0, 64, 2, 69, 6, 5, 77, 78, 92, 96, 97, 98, 99]",13
1016,"[0, 2, 5, 6, 8, 97, 98, 99, 56, 60]",10
1017,"[0, 97, 2, 99, 98, 19, 83, 55]",8
1018,"[0, 97, 96, 98, 99, 6, 56, 92]",8
1019,"[0, 2, 77, 15, 83, 86, 24, 97, 98, 99, 43]",11
1020,"[0, 97, 98, 99, 6, 77, 53, 56, 93]",9
1021,"[0, 6, 77, 93, 97, 98, 99, 49, 53, 56]",10
1022,"[0, 97, 96, 98, 99, 6, 77, 23, 56]",9
1023,"[97, 98, 99]",3
1024,"[0, 97, 2, 99, 98, 83, 19, 55]",8
1025,"[0, 2, 3, 15, 86, 24, 97, 98, 99, 49]",10
1026,"[0, 97, 2, 98, 99, 15, 49, 86]",8
1027,"[0, 2, 77, 15, 83, 86, 97, 98, 99, 43]",10
1028,"[0, 77, 15, 86, 91, 29, 93, 31, 97, 98, 99, 43, 54]",13
1029,"[0, 97, 2, 98, 99, 19]",6
1030,"[0, 2, 77, 15, 20, 86, 91, 97, 98, 99, 49, 54]",12
1031,"[0, 6, 8, 77, 93, 97, 98, 99, 53, 56, 60]",11
1032,"[0, 97, 2, 98, 99, 38, 29]",7
1033,"[0, 97, 2, 98, 99, 43, 77, 15, 86]",9
1034,"[0, 97, 2, 99, 98, 19, 83, 55]",8
1035,"[0, 97, 2, 98, 99, 84, 56, 93]",8
1036,"[0, 2, 5, 6, 72, 8, 30, 97, 98, 99, 55, 56, 60]",13
1037,"[0, 6, 77, 79, 23, 97, 98, 99, 53, 56, 60]",11
1038,"[0, 2, 3, 77, 15, 86, 24, 97, 98, 99, 43, 49]",12
1039,"[0, 2, 3, 77, 15, 86, 24, 91, 97, 98, 99, 43, 49]",13
1040,"[0, 2, 77, 15, 83, 86, 97, 98, 99, 43]",10
1041,"[0, 97, 2, 98, 99, 38, 29]",7
1042,"[0, 64, 2, 5, 6, 77, 97, 98, 99, 53, 56, 60]",12
1043,"[0, 2, 3, 77, 15, 86, 24, 97, 98, 99, 43, 49]",12
1044,"[0, 97, 2, 99, 98, 19, 83, 55]",8
1045,"[97, 98, 99]",3
1046,"[0, 2, 77, 15, 20, 86, 24, 91, 97, 98, 99, 49]",12
1047,"[0, 2, 77, 15, 83, 86, 97, 98, 99, 43]",10
1048,"[0, 97, 2, 98, 99, 84, 56, 93]",8
1049,"[0, 2, 77, 15, 83, 86, 97, 98, 99, 43]",10
1050,"[0, 97, 2, 99, 98, 43, 77, 15, 86]",9
1051,"[0, 97, 98, 99, 84, 93]",6
1052,"[0, 97, 2, 98, 99, 19]",6
1053,"[0, 97, 2, 98, 99, 43, 77, 15, 86]",9
1054,"[97, 98, 99]",3
1055,"[0, 2, 77, 15, 83, 86, 97, 98, 99, 43]",10
1056,"[0, 2, 77, 15, 20, 86, 24, 91, 97, 98, 99, 49]",12
1057,"[0, 2, 77, 15, 83, 86, 97, 98, 99, 43]",10
1058,"[0, 97, 2, 98, 99, 6, 19, 60]",8
1059,"[0, 2, 3, 77, 15, 20, 86, 24, 91, 97, 98, 99, 49]",13
1060,"[0, 2, 77, 15, 83, 86, 97, 98, 99, 43]",10
1061,"[0, 6, 77, 79, 23, 97, 98, 99, 53, 56, 60]",11
1062,"[0, 97, 2, 98, 99, 38, 29]",7
1063,"[0, 64, 2, 97, 99, 98, 77, 84, 53]",9
1064,"[0, 2, 77, 15, 83, 86, 97, 98, 99, 43]",10
1065,"[0, 97, 98, 99, 83, 55]",6
1066,"[0, 97, 2, 98, 99, 19]",6
1067,"[0, 2, 3, 77, 15, 86, 24, 97, 98, 99, 43, 49]",12
1068,"[0, 6, 79, 93, 97, 98, 99, 49, 56, 60]",10
1069,"[0, 64, 2, 32, 97, 5, 98, 99, 24]",9
1070,"[0, 2, 5, 6, 8, 77, 23, 97, 98, 99, 53, 56, 60]",13
1071,"[0, 2, 77, 15, 86, 29, 31, 97, 98, 99, 43]",11
1072,"[0, 2, 77, 15, 86, 29, 31, 97, 98, 99, 43]",11
1073,"[0, 65, 6, 74, 77, 23, 92, 97, 98, 99, 50, 56]",12
1074,"[0, 64, 2, 98, 97, 99, 56, 93]",8
1075,"[0, 97, 2, 99, 98, 19, 83, 55]",8
1076,"[0, 97, 2, 99, 98, 43, 77, 15, 86]",9
1077,"[0, 97, 2, 99, 98, 43, 77, 15, 86]",9
1078,"[0, 97, 96, 98, 99, 6, 77, 23, 56]",9
1079,"[0, 97, 98, 99, 6, 77, 53, 56, 93]",9
1080,"[0, 2, 77, 15, 83, 86, 91, 93, 97, 98, 99, 43, 54]",13
1081,"[0, 2, 15, 83, 86, 91, 93, 97, 98, 99, 49, 54]",12
1082,"[0, 2, 3, 77, 15, 86, 24, 97, 98, 99, 43, 49]",12
1083,"[0, 97, 98, 99, 38, 15, 86, 29]",8
1084,"[0, 97, 2, 98, 99, 19, 84, 24, 93]",9
1085,"[0, 97, 2, 98, 99, 19, 84, 93]",8
1086,"[0, 2, 77, 15, 86, 91, 93, 97, 98, 99, 43, 49, 54]",13
1087,"[0, 97, 2, 98, 99, 84, 56, 93]",8
1088,"[0, 2, 77, 15, 20, 86, 91, 97, 98, 99, 49, 54]",12
1089,"[97, 98, 99]",3
1090,"[0, 97, 2, 99, 98, 5, 83, 55]",8
1091,"[0, 64, 2, 5, 6, 69, 77, 78, 18, 96, 97, 98, 99]",13
1092,"[0, 97, 2, 98, 99, 84, 56, 93]",8
1093,"[0, 65, 6, 74, 77, 13, 23, 97, 98, 99, 50, 56]",12
1094,"[0, 2, 15, 86, 24, 91, 97, 98, 99, 49]",10
1095,"[97, 98, 99]",3
1096,"[0, 2, 77, 15, 83, 86, 97, 98, 99, 43]",10
1097,"[0, 2, 5, 6, 72, 8, 30, 97, 98, 99, 55, 56, 60]",13
1098,"[0, 97, 2, 99, 98, 43, 77, 15, 86]",9
1099,"[0, 2, 3, 77, 15, 86, 24, 91, 97, 98, 99, 43, 49]",13
1100,"[0, 2, 6, 72, 19, 97, 98, 99, 36, 56, 60]",11
1101,"[0, 97, 96, 98, 99, 6, 77, 23, 56]",9
1102,"[0, 97, 2, 98, 99, 15, 49, 86]",8
1103,"[0, 97, 2, 98, 99, 19, 84, 93]",8
1104,"[0, 64, 2, 98, 97, 99, 19, 56, 93]",9
1105,"[0, 97, 2, 98, 99, 19]",6
1106,"[0, 77, 15, 86, 91, 93, 29, 31, 97, 98, 99, 43, 54]",13
1107,"[0, 2, 77, 15, 83, 86, 97, 98, 99, 43]",10
1108,"[0, 65, 6, 74, 77, 13, 23, 97, 98, 99, 50, 56]",12
1109,"[0, 97, 2, 98, 99, 43, 77, 15, 86]",9
1110,"[0, 97, 2, 98, 99, 19]",6
1111,"[0, 2, 5, 6, 77, 23, 97, 98, 99, 56, 60]",11
1112,"[0, 97, 2, 96, 98, 5, 99, 55, 30]",9
1113,"[0, 97, 2, 98, 99, 19]",6
1114,"[0, 97, 2, 99, 98, 19, 83, 55]",8
1115,"[0, 97, 96, 98, 99, 6, 56, 92]",8
1116,"[0, 2, 3, 15, 86, 24, 97, 98, 99, 49]",10
1117,"[0, 2, 15, 86, 91, 97, 98, 99, 49, 54]",10
1118,"[0, 97, 98, 99, 83, 55]",6
1119,"[0, 97, 2, 99, 98, 83, 19, 55]",8
1120,"[0, 2, 77, 15, 86, 97, 98, 99, 43, 49]",10
1121,"[0, 2, 72, 77, 14, 86, 24, 97, 98, 99, 43]",11
1122,"[0, 2, 72, 77, 14, 86, 24, 97, 98, 99, 43]",11
1123,"[0, 2, 77, 15, 86, 97, 98, 99, 43, 49]",10
1124,"[0, 2, 77, 15, 86, 97, 98, 99, 43, 49]",10
1125,"[0, 2, 3, 77, 15, 86, 24, 97, 98, 99, 43, 49]",12
1126,"[0, 97, 2, 98, 99, 84, 56, 93]",8
1127,"[0, 64, 2, 5, 6, 77, 23, 97, 98, 99, 50, 53, 56, 60]",14
1128,"[0, 64, 2, 5, 6, 78, 18, 96, 97, 98, 99]",11
1129,"[0, 2, 77, 15, 86, 97, 98, 99, 43, 49]",10
1130,"[0, 64, 2, 5, 6, 96, 97, 98, 99, 56]",10
1131,"[0, 97, 2, 99, 98, 41, 19, 83, 55]",9
1132,"[0, 2, 77, 15, 83, 86, 97, 98, 99, 43]",10
1133,"[0, 97, 2, 98, 99, 5, 6, 56, 60]",9
1134,"[0, 6, 77, 93, 97, 98, 99, 49, 53, 56]",10
1135,"[0, 2, 5, 6, 83, 96, 97, 98, 99, 55, 60]",11
1136,"[0, 2, 3, 77, 15, 83, 86, 24, 97, 98, 99, 43, 49]",13
1137,"[0, 97, 2, 99, 98, 43, 77, 15, 86]",9
1138,"[0, 2, 3, 77, 15, 86, 24, 97, 98, 99, 43, 49]",12
1139,"[0, 2, 77, 15, 83, 86, 97, 98, 99, 43, 49]",11
1140,"[0, 97, 2, 99, 98, 43, 77, 93]",8
1141,"[0, 97, 2, 98, 99, 19]",6
1142,"[0, 2, 77, 15, 86, 97, 98, 99, 43, 49]",10
1143,"[0, 97, 2, 99, 98, 83, 19, 55]",8
1144,"[0, 97, 96, 98, 99, 6, 56, 92]",8
1145,"[0, 6, 85, 92, 29, 32, 96, 97, 98, 99, 50]",11
1146,"[0, 97, 2, 99, 98, 43, 77, 93]",8
1147,"[0, 97, 2, 98, 99, 19]",6
1148,"[0, 64, 2, 77, 20, 92, 97, 98, 99, 45]",10
1149,"[0, 64, 2, 5, 6, 77, 97, 98, 99, 53, 60]",11
1150,"[0, 97, 2, 98, 99, 43, 77, 15, 86]",9
1151,"[0, 6, 77, 93, 97, 98, 99, 49, 53, 56, 60]",11
1152,"[0, 2, 77, 15, 86, 91, 93, 97, 98, 99, 43, 49, 54]",13
1153,"[0, 97, 2, 98, 99, 38, 29]",7
1154,"[0, 6, 77, 79, 93, 97, 98, 99, 53, 56, 60]",11
1155,"[0, 65, 69, 6, 70, 77, 92, 96, 97, 98, 99, 55, 56]",13
1156,"[0, 2, 77, 15, 83, 86, 91, 93, 97, 98, 99, 43, 54]",13
1157,"[0, 97, 2, 99, 98, 19, 83, 55]",8
1158,"[0, 97, 98, 99, 83, 55]",6
1159,"[0, 97, 2, 98, 99, 19]",6
1160,"[0, 2, 77, 15, 86, 91, 93, 97, 98, 99, 43, 49, 54]",13
1161,"[0, 77, 15, 86, 29, 31, 97, 98, 99, 43]",10
1162,"[0, 97, 2, 98, 99, 19]",6
1163,"[0, 64, 77, 29, 93, 97, 98, 99, 38, 43]",10
1164,"[0, 65, 69, 70, 77, 96, 97, 98, 99, 55]",10
1165,"[0, 64, 2, 72, 93, 97, 98, 99, 36, 56]",10
1166,"[0, 2, 5, 6, 72, 30, 97, 98, 99, 55, 56, 60]",12
1167,"[0, 2, 77, 15, 83, 86, 24, 97, 98, 99, 43, 49]",12
1168,"[0, 97, 2, 98, 99, 19]",6
1169,"[0, 97, 98, 99, 83, 55]",6
1170,"[0, 97, 2, 98, 99, 19]",6
1171,"[0, 2, 72, 77, 14, 86, 24, 97, 98, 99, 43]",11
1172,"[0, 97, 2, 98, 99, 84, 93]",7
1173,"[0, 2, 3, 77, 15, 86, 24, 91, 97, 98, 99, 43, 49]",13
1174,"[0, 97, 2, 99, 98, 47, 83, 19, 55]",9
1175,"[0, 64, 2, 5, 6, 77, 23, 97, 98, 99, 56, 60]",12
1176,"[0, 97, 2, 98, 99, 15, 49, 86]",8
1177,"[0, 2, 5, 6, 8, 77, 23, 97, 98, 99, 53, 56, 60]",13
1178,"[0, 97, 2, 98, 99, 84]",6
1179,"[0, 2, 72, 77, 15, 83, 86, 91, 93, 97, 98, 99, 43, 49, 54, 60]",16
1180,"[97, 98, 99]",3
1181,"[0, 2, 77, 15, 83, 86, 24, 97, 98, 99, 43]",11
1182,"[0, 2, 3, 77, 15, 86, 24, 97, 98, 99, 43, 49]",12
1183,"[0, 97, 2, 98, 99, 47, 83, 19, 55]",9
1184,"[0, 6, 77, 93, 97, 98, 99, 49, 53, 56, 60]",11
1185,"[97, 98, 99]",3
1186,"[0, 64, 2, 5, 6, 78, 18, 96, 97, 98, 99]",11
1187,"[0, 2, 3, 77, 15, 20, 86, 24, 91, 97, 98, 99, 49]",13
1188,"[0, 2, 77, 15, 83, 86, 97, 98, 99, 43]",10
1189,"[0, 97, 2, 99, 98, 43, 77, 15, 86]",9
1190,"[0, 2, 72, 77, 14, 86, 24, 97, 98, 99, 43]",11
1191,"[0, 97, 2, 99, 98, 19, 83, 55]",8
1192,"[0, 6, 77, 79, 23, 96, 97, 98, 99, 56, 60]",11
1193,"[0, 97, 98, 99, 83, 55]",6
1194,"[0, 2, 15, 86, 24, 91, 97, 98, 99, 49]",10
1195,"[0, 97, 98, 99, 6, 8, 56, 60, 93]",9
1196,"[0, 2, 3, 77, 15, 83, 86, 24, 97, 98, 99, 43, 49]",13
1197,"[0, 2, 77, 15, 20, 86, 24, 91, 97, 98, 99, 49]",12
1198,"[97, 98, 99]",3
1199,"[0, 6, 77, 93, 97, 98, 99, 50, 53, 56, 60]",11
1200,"[0, 97, 2, 98, 99, 15, 49, 86]",8
1201,"[0, 97, 96, 98, 99, 6, 77, 23, 56]",9
1202,"[0, 6, 77, 93, 97, 98, 99, 50, 53, 56, 60]",11
1203,"[0, 97, 2, 98, 99, 5, 72, 55, 30]",9
1204,"[0, 65, 69, 6, 70, 77, 92, 96, 97, 98, 99, 55, 56]",13
1205,"[0, 2, 77, 15, 83, 86, 97, 98, 99, 43]",10
1206,"[0, 6, 77, 93, 97, 98, 99, 49, 53, 56]",10
1207,"[0, 2, 3, 77, 15, 86, 24, 91, 97, 98, 99, 43, 49]",13
1208,"[0, 2, 77, 15, 86, 97, 98, 99, 43, 49]",10
1209,"[0, 97, 98, 99, 83, 55]",6
1210,"[97, 98, 99]",3
1211,"[97, 98, 99]",3
1212,"[0, 6, 85, 92, 29, 96, 32, 97, 98, 99, 50]",11
1213,"[0, 2, 3, 77, 15, 20, 86, 24, 91, 97, 98, 99, 49]",13
1214,"[0, 2, 77, 15, 83, 86, 97, 98, 99, 43, 49]",11
1215,"[0, 97, 2, 98, 99, 84]",6
1216,"[0, 2, 72, 77, 14, 86, 24, 97, 98, 99, 43]",11
1217,"[0, 97, 2, 99, 98, 83, 19, 55]",8
1218,"[0, 97, 98, 99, 83, 55]",6
1219,"[0, 2, 15, 86, 24, 91, 97, 98, 99, 49]",10
1220,"[0, 2, 77, 15, 83, 86, 97, 98, 99, 43, 49]",11
1221,"[0, 65, 6, 74, 77, 23, 92, 97, 98, 99, 50, 56]",12
1222,"[0, 64, 2, 98, 97, 99, 56, 93]",8
1223,"[0, 64, 2, 5, 6, 78, 18, 96, 97, 98, 99]",11
1224,"[0, 2, 77, 15, 83, 86, 97, 98, 99, 43]",10
1225,"[0, 2, 77, 15, 83, 86, 97, 98, 99, 43]",10
1226,"[0, 2, 77, 15, 83, 86, 97, 98, 99, 43, 49]",11
1227,"[0, 97, 2, 98, 99, 19]",6
1228,"[0, 64, 2, 77, 20, 92, 97, 98, 99, 45]",10
1229,"[0, 6, 77, 93, 97, 98, 99, 49, 53, 56, 60]",11
1230,"[0, 97, 2, 99, 98, 72, 55, 30]",8
1231,"[97, 98, 99]",3
1232,"[0, 97, 2, 98, 99, 19]",6
1233,"[0, 2, 3, 15, 86, 24, 97, 98, 99, 49]",10
1234,"[0, 2, 3, 77, 15, 86, 24, 91, 97, 98, 99, 43, 49]",13
1235,"[0, 64, 2, 72, 93, 97, 98, 99, 36, 56]",10
1236,"[0, 2, 3, 15, 86, 24, 91, 97, 98, 99, 49]",11
1237,"[0, 6, 77, 79, 23, 97, 98, 99, 53, 56, 60]",11
1238,"[0, 2, 77, 15, 83, 86, 91, 93, 97, 98, 99, 43, 49, 54]",14
1239,"[0, 6, 77, 79, 23, 96, 97, 98, 99, 56, 60]",11
1240,"[0, 2, 72, 19, 30, 97, 98, 99, 36, 55, 56]",11
1241,"[0, 97, 2, 98, 99, 84, 56, 93]",8
1242,"[0, 64, 2, 69, 6, 5, 77, 78, 18, 96, 97, 98, 99]",13
1243,"[0, 97, 2, 99, 98, 43, 77, 93]",8
1244,"[0, 97, 2, 99, 98, 19, 83, 55]",8
1245,"[0, 97, 2, 99, 98, 83, 19, 55]",8
1246,"[0, 2, 77, 15, 86, 29, 31, 97, 98, 99, 43]",11
1247,"[0, 2, 77, 15, 86, 97, 98, 99, 43, 49]",10
1248,"[0, 97, 2, 99, 98, 19, 83, 55]",8
1249,"[0, 97, 2, 98, 99, 19]",6
1250,"[0, 97, 2, 99, 98, 72, 83, 55, 30]",9
1251,"[0, 97, 98, 99, 38, 15, 86, 29]",8
1252,"[0, 97, 2, 99, 98, 41, 83, 55]",8
1253,"[0, 2, 5, 6, 30, 96, 97, 98, 99, 55, 60]",11
1254,"[0, 97, 98, 99, 83, 55]",6
1255,"[0, 2, 5, 6, 72, 30, 97, 98, 99, 55, 56, 60]",12
1256,"[0, 97, 96, 98, 99, 6, 56, 92]",8
1257,"[0, 2, 77, 15, 83, 86, 91, 93, 97, 98, 99, 43, 54]",13
1258,"[97, 98, 99]",3
1259,"[0, 2, 77, 15, 83, 86, 24, 97, 98, 99, 43]",11
1260,"[0, 2, 3, 77, 15, 83, 86, 24, 97, 98, 99, 43, 49]",13
1261,"[0, 97, 96, 98, 99, 6, 56, 92]",8
1262,"[0, 2, 77, 15, 86, 97, 98, 99, 43, 49]",10
1263,"[0, 2, 77, 15, 20, 86, 24, 91, 97, 98, 99, 49]",12
1264,"[0, 97, 2, 99, 98, 83, 19, 55]",8
1265,"[0, 64, 2, 5, 6, 96, 97, 98, 99, 56]",10
1266,"[0, 64, 2, 5, 6, 77, 23, 97, 98, 99, 50, 53, 56, 60]",14
1267,"[0, 97, 2, 98, 99, 19]",6
1268,"[0, 2, 5, 6, 8, 77, 23, 97, 98, 99, 56, 60]",12
1269,"[0, 97, 2, 98, 99, 19]",6
1270,"[0, 97, 98, 99, 83, 55]",6
1271,"[0, 2, 77, 15, 86, 91, 93, 97, 98, 99, 43, 49, 54]",13
1272,"[0, 97, 2, 99, 98, 83, 19, 55]",8
1273,"[0, 2, 77, 15, 86, 29, 31, 97, 98, 99, 43]",11
1274,"[0, 97, 98, 99, 83, 55]",6
1275,"[0, 2, 5, 6, 72, 30, 97, 98, 99, 55, 56, 60]",12
1276,"[0, 2, 77, 15, 86, 97, 98, 99, 43, 49]",10
1277,"[0, 97, 98, 99, 6, 49, 56, 60, 93]",9
1278,"[0, 2, 15, 86, 91, 97, 98, 99, 49, 54]",10
1279,"[0, 64, 2, 6, 93, 97, 98, 99, 49, 56, 60]",11
1280,"[0, 65, 6, 74, 77, 13, 23, 97, 98, 99, 50, 56]",12
1281,"[0, 97, 98, 99, 83, 55]",6
1282,"[0, 64, 2, 99, 97, 5, 98, 77, 53]",9
1283,"[0, 2, 77, 15, 86, 91, 93, 97, 98, 99, 43, 49, 54]",13
1284,"[0, 97, 2, 98, 99, 19, 24]",7
1285,"[0, 97, 2, 98, 99, 38, 29]",7
1286,"[0, 2, 72, 77, 15, 83, 86, 91, 93, 97, 98, 99, 43, 49, 54, 60]",16
1287,"[0, 97, 2, 98, 99, 84, 93]",7
1288,"[0, 64, 2, 5, 6, 77, 23, 97, 98, 99, 56, 60]",12
1289,"[0, 97, 2, 98, 99, 19, 84, 93]",8
1290,"[0, 97, 2, 98, 99, 38, 29]",7
1291,"[0, 2, 3, 77, 15, 86, 24, 97, 98, 99, 43, 49]",12
1292,"[0, 64, 77, 29, 93, 97, 98, 99, 38, 43]",10
1293,"[0, 97, 2, 98, 99, 19]",6
1294,"[0, 97, 2, 99, 98, 19, 83, 55]",8
1295,"[0, 97, 2, 98, 99, 84, 93]",7
1296,"[0, 65, 6, 74, 77, 13, 23, 97, 98, 99, 50, 56]",12
1297,"[0, 2, 72, 77, 14, 86, 24, 97, 98, 99, 43]",11
1298,"[0, 2, 77, 15, 86, 97, 98, 99, 43, 49]",10
1299,"[0, 2, 77, 15, 86, 97, 98, 99, 43, 49]",10
1300,"[0, 2, 72, 77, 14, 15, 86, 97, 98, 99, 43]",11
1301,"[0, 2, 77, 15, 86, 97, 98, 99, 43, 49]",10
1302,"[0, 2, 77, 15, 83, 86, 97, 98, 99, 43]",10
1303,"[0, 97, 98, 99, 6, 8, 56, 60, 93]",9
1304,"[0, 2, 77, 15, 83, 86, 24, 97, 98, 99, 43, 49]",12
1305,"[0, 97, 2, 99, 98, 43, 77, 83, 86]",9
1306,"[0, 2, 5, 6, 30, 96, 97, 98, 99, 55, 60]",11
1307,"[0, 64, 2, 32, 97, 5, 98, 99, 24]",9
1308,"[0, 2, 3, 77, 15, 86, 24, 97, 98, 99, 43, 49]",12
1309,"[0, 97, 98, 99, 83, 55]",6
1310,"[0, 2, 77, 15, 86, 97, 98, 99, 43, 49]",10
1311,"[0, 97, 2, 98, 99, 15, 49, 86]",8
1312,"[0, 2, 77, 15, 20, 86, 24, 91, 97, 98, 99, 49]",12
1313,"[0, 65, 69, 70, 77, 96, 97, 98, 99, 55]",10
1314,"[0, 2, 15, 86, 24, 91, 97, 98, 99, 49]",10
1315,"[0, 2, 5, 6, 77, 23, 97, 98, 99, 56, 60]",11
1316,"[0, 2, 77, 15, 83, 86, 91, 93, 97, 98, 99, 43, 49, 54]",14
1317,"[0, 97, 2, 99, 98, 72, 55, 30]",8
1318,"[0, 97, 2, 99, 98, 83, 19, 55]",8
1319,"[97, 98, 99]",3
1320,"[0, 64, 2, 98, 97, 99, 56, 93]",8
1321,"[0, 97, 96, 98, 99, 6, 77, 23, 56]",9
1322,"[0, 77, 15, 86, 29, 31, 97, 98, 99, 43]",10
1323,"[0, 2, 72, 77, 14, 86, 24, 97, 98, 99, 43]",11
1324,"[0, 2, 15, 86, 24, 91, 97, 98, 99, 49]",10
1325,"[0, 64, 2, 98, 97, 5, 6, 99, 60]",9
1326,"[0, 2, 72, 77, 14, 86, 24, 97, 98, 99, 43]",11
1327,"[0, 97, 2, 98, 99, 5, 6, 56, 60]",9
1328,"[0, 2, 3, 77, 15, 83, 86, 24, 97, 98, 99, 43, 49]",13
1329,"[0, 97, 2, 99, 98, 43, 77, 93]",8
1330,"[0, 2, 3, 77, 15, 86, 24, 97, 98, 99, 43, 49]",12
1331,"[0, 97, 98, 99, 6, 77, 53, 56, 93]",9
1332,"[0, 97, 98, 99, 77, 84, 53, 93]",8
1333,"[0, 2, 77, 15, 86, 91, 93, 97, 98, 99, 43, 49, 54]",13
1334,"[0, 2, 77, 15, 86, 97, 98, 99, 43, 49]",10
1335,"[0, 97, 2, 99, 98, 43, 77, 15, 86]",9
1336,"[0, 97, 2, 98, 99, 19]",6
1337,"[0, 64, 2, 5, 6, 78, 18, 96, 97, 98, 99]",11
1338,"[0, 2, 77, 15, 86, 97, 98, 99, 43, 49]",10
1339,"[0, 97, 98, 99, 77, 53]",6
1340,"[0, 2, 77, 15, 86, 29, 31, 97, 98, 99, 43]",11
1341,"[0, 2, 77, 15, 86, 97, 98, 99, 43, 49]",10
1342,"[0, 2, 77, 15, 83, 86, 97, 98, 99, 43]",10
1343,"[0, 2, 77, 15, 20, 86, 91, 97, 98, 99, 49, 54]",12
1344,"[0, 6, 77, 79, 93, 97, 98, 99, 53, 56, 60]",11
1345,"[97, 98, 99]",3
1346,"[0, 97, 2, 99, 98, 19, 83, 55]",8
1347,"[0, 2, 77, 15, 86, 97, 98, 99, 43, 49]",10
1348,"[0, 2, 3, 77, 15, 86, 24, 97, 98, 99, 43, 49]",12
1349,"[0, 97, 2, 98, 99, 43, 77, 15, 86]",9
1350,"[0, 2, 5, 6, 8, 77, 23, 97, 98, 99, 56, 60]",12
1351,"[0, 64, 2, 72, 93, 30, 97, 98, 99, 36, 55, 56]",12
1352,"[0, 2, 77, 15, 86, 29, 31, 97, 98, 99, 43]",11
1353,"[0, 97, 96, 98, 99, 6, 56, 92]",8
1354,"[0, 97, 2, 99, 98, 19, 83, 55]",8
1355,"[0, 2, 3, 77, 15, 20, 86, 24, 91, 97, 98, 99, 49]",13
1356,"[0, 97, 2, 99, 98, 77, 84, 53, 93]",9
1357,"[0, 6, 77, 79, 93, 97, 98, 99, 53, 56, 60]",11
1358,"[0, 97, 98, 99, 6, 8, 56, 60, 93]",9
1359,"[0, 65, 69, 70, 77, 96, 97, 98, 99, 55]",10
1360,"[0, 65, 6, 74, 77, 13, 23, 97, 98, 99, 50, 56]",12
1361,"[0, 2, 3, 77, 15, 83, 86, 24, 97, 98, 99, 43, 49]",13
1362,"[0, 6, 77, 79, 23, 97, 98, 99, 53, 56, 60]",11
1363,"[0, 2, 77, 15, 86, 91, 93, 97, 98, 99, 43, 49, 54]",13
1364,"[0, 6, 79, 93, 97, 98, 99, 49, 56, 60]",10
1365,"[0, 2, 72, 77, 14, 86, 24, 97, 98, 99, 43]",11
1366,"[0, 97, 2, 98, 99, 38, 29]",7
1367,"[0, 2, 77, 15, 86, 97, 98, 99, 43, 49]",10
1368,"[0, 2, 72, 77, 14, 86, 24, 97, 98, 99, 43]",11
1369,"[0, 97, 2, 99, 98, 19, 83, 55]",8
1370,"[0, 2, 72, 77, 14, 15, 86, 97, 98, 99, 43]",11
1371,"[0, 97, 2, 98, 99, 19]",6
1372,"[0, 96, 2, 97, 98, 5, 6, 99, 60]",9
1373,"[0, 97, 2, 99, 98, 41, 83, 55]",8
1374,"[0, 2, 5, 6, 30, 96, 97, 98, 99, 55, 60]",11
1375,"[0, 2, 72, 77, 30, 97, 98, 99, 53, 55]",10
1376,"[0, 2, 15, 86, 91, 97, 98, 99, 49, 54]",10
1377,"[0, 2, 77, 84, 93, 97, 98, 99, 53, 56]",10
1378,"[0, 2, 77, 15, 86, 97, 98, 99, 43, 49]",10
1379,"[0, 97, 2, 99, 98, 72, 55, 30]",8
1380,"[0, 97, 96, 98, 99, 6, 78, 56, 92]",9
1381,"[0, 2, 77, 15, 20, 86, 91, 97, 98, 99, 49, 54]",12
1382,"[0, 2, 72, 77, 14, 86, 24, 97, 98, 99, 43]",11
1383,"[0, 65, 6, 74, 77, 23, 92, 97, 98, 99, 50, 56]",12
1384,"[0, 97, 2, 98, 99, 84, 93]",7
1385,"[0, 97, 98, 99, 77, 53]",6
1386,"[0, 2, 77, 15, 86, 29, 31, 97, 98, 99, 43]",11
1387,"[0, 97, 96, 98, 99, 6, 77, 23, 56]",9
1388,"[0, 64, 2, 5, 6, 69, 77, 78, 18, 96, 97, 98, 99]",13
1389,"[0, 2, 77, 15, 86, 97, 98, 99, 43, 49]",10
1390,"[0, 97, 64, 98, 99, 84, 93]",7
1391,"[0, 97, 2, 98, 99, 5, 6, 56, 60]",9
1392,"[97, 98, 99]",3
1393,"[0, 64, 2, 98, 97, 99, 56, 93]",8
1394,"[0, 65, 6, 74, 77, 13, 23, 97, 98, 99, 50, 56]",12
1395,"[0, 97, 98, 99, 83, 55]",6
1396,"[0, 97, 2, 99, 98, 72, 55, 30]",8
1397,"[0, 97, 2, 98, 99, 84, 56, 93]",8
1398,"[0, 2, 77, 15, 20, 86, 24, 91, 97, 98, 99, 49]",12
1399,"[0, 97, 98, 99, 83, 55]",6
1400,"[0, 97, 98, 99, 83, 55]",6
1401,"[0, 2, 77, 15, 83, 86, 91, 93, 97, 98, 99, 43, 54]",13
1402,"[0, 97, 98, 99, 83, 55]",6
1403,"[0, 97, 98, 99, 38, 15, 86, 29]",8
1404,"[0, 64, 2, 77, 20, 92, 97, 98, 99, 45]",10
1405,"[0, 77, 15, 86, 91, 29, 93, 31, 97, 98, 99, 43, 54]",13
1406,"[0, 64, 2, 5, 6, 78, 18, 96, 97, 98, 99]",11
1407,"[0, 64, 2, 98, 97, 5, 6, 99, 60]",9
1408,"[0, 64, 2, 19, 84, 24, 93, 97, 98, 99]",10
1409,"[0, 2, 77, 15, 83, 86, 24, 97, 98, 99, 43]",11
1410,"[0, 2, 72, 77, 14, 86, 24, 97, 98, 99, 43]",11
1411,"[97, 98, 99]",3
1412,"[0, 97, 98, 99, 83, 55]",6
1413,"[0, 97, 2, 99, 98, 43, 77, 93]",8
1414,"[0, 2, 77, 15, 83, 86, 97, 98, 99, 43]",10
1415,"[0, 2, 15, 86, 24, 91, 97, 98, 99, 49]",10
1416,"[0, 65, 69, 6, 70, 77, 92, 96, 97, 98, 99, 55, 56]",13
1417,"[0, 2, 77, 15, 86, 97, 98, 99, 43, 49]",10
1418,"[0, 97, 2, 98, 99, 19]",6
1419,"[0, 2, 77, 15, 83, 86, 97, 98, 99, 43, 49]",11
1420,"[0, 2, 3, 77, 15, 83, 86, 24, 97, 98, 99, 43, 49]",13
1421,"[0, 2, 5, 6, 77, 23, 97, 98, 99, 50, 56, 60]",12
1422,"[0, 2, 5, 6, 8, 77, 23, 97, 98, 99, 56, 60]",12
1423,"[0, 97, 98, 99, 6, 8, 56, 60, 93]",9
1424,"[0, 97, 2, 99, 98, 19, 83, 55]",8
1425,"[0, 2, 77, 15, 83, 86, 97, 98, 99, 43, 49]",11
1426,"[0, 2, 5, 6, 8, 77, 23, 97, 98, 99, 56, 60]",12
1427,"[0, 2, 77, 15, 86, 97, 98, 99, 43, 49]",10
1428,"[0, 97, 98, 99, 6, 77, 53, 56, 93]",9
1429,"[97, 98, 99]",3
1430,"[0, 97, 96, 98, 99, 6, 77, 23, 56]",9
1431,"[0, 2, 3, 77, 15, 86, 24, 97, 98, 99, 43, 49]",12
1432,"[0, 97, 2, 98, 99, 19, 84, 93]",8
1433,"[0, 97, 98, 99, 83, 55]",6
1434,"[0, 2, 77, 15, 83, 86, 97, 98, 99, 43, 49]",11
1435,"[0, 64, 2, 5, 6, 96, 97, 98, 99, 56]",10
1436,"[0, 2, 77, 15, 83, 86, 97, 98, 99, 43]",10
1437,"[0, 97, 98, 99, 77, 83, 53, 55]",8
1438,"[0, 97, 98, 99, 83, 55]",6
1439,"[0, 2, 3, 77, 15, 86, 24, 97, 98, 99, 43, 49]",12
1440,"[0, 64, 77, 29, 93, 97, 98, 99, 38, 43]",10
1441,"[0, 2, 77, 15, 86, 97, 98, 99, 43, 49]",10
1442,"[0, 2, 77, 15, 86, 97, 98, 99, 43, 49]",10
1443,"[0, 2, 15, 86, 24, 91, 97, 98, 99, 49]",10
1444,"[0, 97, 98, 99, 83, 55]",6
1445,"[0, 6, 77, 79, 23, 96, 97, 98, 99, 56, 60]",11
1446,"[0, 97, 2, 98, 99, 84]",6
1447,"[0, 64, 2, 32, 98, 5, 97, 99, 24]",9
1448,"[0, 97, 98, 99, 83, 55]",6
1449,"[0, 97, 98, 99, 77, 53]",6
1450,"[0, 64, 2, 72, 93, 30, 97, 98, 99, 55, 56]",11
1451,"[0, 97, 2, 98, 99, 38, 29]",7
1452,"[0, 2, 3, 77, 15, 86, 24, 91, 97, 98, 99, 43, 49]",13
1453,"[0, 6, 8, 77, 93, 97, 98, 99, 50, 53, 56, 60]",12
1454,"[0, 2, 77, 15, 86, 97, 98, 99, 43, 49]",10
1455,"[0, 97, 98, 99, 83, 55]",6
1456,"[0, 2, 77, 15, 83, 86, 97, 98, 99, 43, 49]",11
1457,"[0, 2, 77, 15, 86, 97, 98, 99, 43, 49]",10
1458,"[0, 2, 77, 15, 86, 97, 98, 99, 43, 49]",10
1459,"[0, 2, 77, 15, 83, 86, 91, 93, 97, 98, 99, 43, 49, 54]",14
1460,"[0, 6, 77, 93, 97, 98, 99, 49, 53, 56, 60]",11
1461,"[0, 97, 2, 99, 98, 43, 77, 93]",8
1462,"[0, 2, 77, 15, 20, 86, 24, 91, 97, 98, 99, 49]",12
1463,"[0, 2, 3, 77, 15, 86, 24, 91, 97, 98, 99, 43, 49]",13
1464,"[0, 2, 72, 77, 14, 86, 24, 97, 98, 99, 43]",11
1465,"[0, 2, 77, 15, 86, 91, 93, 97, 98, 99, 43, 49, 54]",13
1466,"[0, 77, 15, 86, 29, 31, 97, 98, 99, 43]",10
1467,"[0, 2, 77, 15, 83, 86, 24, 97, 98, 99, 43, 49]",12
1468,"[0, 64, 2, 72, 93, 30, 97, 98, 99, 55, 56]",11
1469,"[0, 64, 2, 6, 77, 23, 97, 98, 99, 53, 56, 60]",12
1470,"[0, 64, 2, 5, 6, 77, 23, 97, 98, 99, 50, 56, 60]",13
1471,"[0, 97, 98, 99, 83, 55]",6
1472,"[0, 2, 77, 15, 86, 97, 98, 99, 43, 49]",10
1473,"[0, 2, 77, 15, 86, 97, 98, 99, 43, 49]",10
1474,"[0, 97, 2, 99, 98, 72, 55, 30]",8
1475,"[0, 2, 3, 77, 15, 86, 24, 97, 98, 99, 43, 49]",12
1476,"[0, 2, 77, 15, 86, 97, 98, 99, 43, 49]",10
1477,"[0, 64, 2, 97, 99, 98, 77, 84, 53]",9
1478,"[0, 2, 77, 15, 86, 97, 98, 99, 43, 49]",10
1479,"[0, 97, 2, 99, 98, 72, 83, 55, 30]",9
1480,"[0, 2, 15, 86, 24, 91, 97, 98, 99, 49]",10
1481,"[0, 2, 77, 15, 86, 97, 98, 99, 43, 49]",10
1482,"[0, 97, 2, 99, 98, 83, 19, 55]",8
1483,"[0, 2, 77, 15, 86, 91, 93, 97, 98, 99, 43, 49, 54]",13
1484,"[0, 97, 2, 98, 99, 5, 6, 56, 60]",9
1485,"[0, 2, 77, 15, 83, 86, 91, 93, 97, 98, 99, 43, 49, 54]",14
1486,"[0, 2, 77, 15, 83, 86, 97, 98, 99, 43]",10
1487,"[0, 97, 98, 99, 83, 55]",6
1488,"[0, 2, 77, 15, 83, 86, 97, 98, 99, 43, 49]",11
1489,"[0, 2, 72, 77, 15, 83, 86, 91, 93, 97, 98, 99, 43, 49, 54, 60]",16
1490,"[0, 6, 85, 29, 96, 32, 97, 98, 99, 50]",10
1491,"[0, 97, 2, 99, 98, 43, 77, 15, 86]",9
1492,"[0, 6, 77, 93, 97, 98, 99, 53, 56, 60]",10
1493,"[0, 97, 98, 99, 84, 93]",6
1494,"[0, 2, 5, 6, 72, 30, 97, 98, 99, 55, 56, 60]",12
1495,"[0, 2, 3, 77, 15, 86, 24, 97, 98, 99, 43, 49]",12
1496,"[0, 2, 3, 15, 86, 24, 91, 97, 98, 99, 49]",11
1497,"[0, 97, 98, 99, 77, 84, 53, 93]",8
1498,"[0, 64, 2, 5, 6, 78, 18, 96, 97, 98, 99]",11
1499,"[0, 97, 98, 99, 83, 55]",6
1500,"[0, 64, 2, 97, 98, 99, 19, 84, 93]",9
1,[0],1
1,[0],1
