worker_id,loss,class
0,10.878470420837402,7
0,7.876621246337891,5
0,10.790666580200195,8
0,10.259117126464844,0
0,9.879941940307617,9
0,11.914844512939453,2
0,11.456171035766602,3
0,7.722681999206543,1
0,8.618566513061523,4
0,7.346126079559326,6
0,9.881989479064941,9
0,11.456968307495117,3
0,10.789833068847656,8
0,7.720614910125732,1
0,7.3460235595703125,6
0,11.914749145507812,2
0,8.655813217163086,4
0,7.87719202041626,5
2,7.877141952514648,5
0,10.788985252380371,8
1,10.258471488952637,0
3,10.87723159790039,7
1,11.456169128417969,3
3,9.890151023864746,9
2,11.909308433532715,2
0,7.7192463874816895,1
2,11.456169128417969,3
1,7.347609043121338,6
3,9.890151977539062,9
0,8.651217460632324,4
2,7.34760856628418,6
0,10.788986206054688,8
3,7.719247817993164,1
1,11.909306526184082,2
2,7.878167152404785,5
0,10.257282257080078,0
3,10.8761568069458,7
1,8.652078628540039,4
3,7.878163814544678,5
1,11.455767631530762,3
0,10.257280349731445,0
2,8.652077674865723,4
3,10.786734580993652,8
2,7.719027042388916,1
0,11.908029556274414,2
1,10.876049995422363,7
2,7.347212791442871,6
0,9.865619659423828,9
1,7.716460704803467,1
3,9.86562442779541,9
1,7.8788533210754395,5
2,10.784919738769531,8
0,8.652497291564941,4
3,10.875118255615234,7
0,7.322566032409668,6
2,11.807214736938477,3
1,10.255338668823242,0
3,11.907049179077148,2
0,7.877346038818359,5
2,11.807212829589844,3
3,10.782754898071289,8
1,9.623600006103516,9
1,7.32236385345459,6
3,10.255329132080078,0
2,7.714025497436523,1
0,10.875534057617188,7
3,11.908178329467773,2
0,8.615983963012695,4
2,10.873178482055664,7
1,8.615983963012695,4
0,10.777867317199707,8
1,7.321062088012695,6
3,11.908167839050293,2
2,9.607460021972656,9
0,11.78788948059082,3
3,10.250556945800781,0
1,7.907707691192627,5
2,7.710549354553223,1
3,7.2920098304748535,6
1,10.250601768493652,0
2,10.86915397644043,7
0,11.29842758178711,2
1,7.907467365264893,5
2,11.787242889404297,3
0,7.710539817810059,1
3,10.501129150390625,8
2,11.291301727294922,2
0,10.866266250610352,7
3,8.614108085632324,4
1,9.574637413024902,9
1,7.292774677276611,6
3,10.245322227478027,0
0,11.786469459533691,3
2,9.574216842651367,9
3,7.786030292510986,1
1,7.908196449279785,5
2,8.790640830993652,4
0,10.492847442626953,8
0,11.269481658935547,2
3,10.862349510192871,7
1,7.908193588256836,5
2,7.786030292510986,1
1,7.296767234802246,6
2,9.136670112609863,9
0,8.7905855178833,4
3,11.800057411193848,3
1,10.484159469604492,8
3,10.230976104736328,0
2,11.256150245666504,2
0,10.862635612487793,7
1,11.797422409057617,3
3,7.785336494445801,1
2,8.791303634643555,4
0,9.614606857299805,9
3,7.291552543640137,6
1,7.905963897705078,5
0,10.484161376953125,8
2,10.230581283569336,0
0,7.290478229522705,6
2,9.928040504455566,9
1,7.6866607666015625,1
3,11.241332054138184,2
0,10.486465454101562,8
2,7.92467737197876,5
1,11.789119720458984,3
3,9.475316047668457,4
3,10.219564437866211,0
0,10.219568252563477,0
2,10.563589096069336,7
1,10.563591957092285,7
1,10.488262176513672,8
3,7.924796104431152,5
2,11.785971641540527,3
0,9.579045295715332,4
3,11.232831954956055,2
0,9.910714149475098,9
2,7.29099178314209,6
1,7.684527397155762,1
0,10.494614601135254,8
2,7.198731422424316,6
1,11.775402069091797,3
3,9.892997741699219,9
1,7.927393913269043,5
3,10.55042839050293,7
0,7.66007137298584,1
2,9.548603057861328,4
0,10.493444442749023,8
3,10.300119400024414,0
2,11.24978256225586,2
1,9.54296875,4
1,7.928832054138184,5
3,11.766765594482422,3
2,9.877275466918945,9
0,10.518263816833496,7
0,7.274112224578857,6
3,10.352020263671875,0
1,7.655435562133789,1
2,11.242719650268555,2
0,7.885941505432129,5
2,7.650980472564697,1
1,11.105470657348633,2
3,9.854496002197266,9
0,10.486654281616211,8
2,11.753409385681152,3
3,6.950193405151367,6
1,9.62162971496582,4
2,10.240828514099121,0
3,11.744180679321289,3
0,7.2006330490112305,1
1,10.514286041259766,7
3,7.886602878570557,5
1,10.481599807739258,8
0,10.514213562011719,7
2,9.76325798034668,9
0,6.94256067276001,6
2,11.080678939819336,2
1,10.236923217773438,0
3,9.437628746032715,4
0,7.890547752380371,5
2,7.19881534576416,1
3,9.794063568115234,9
1,9.325918197631836,4
3,10.474472045898438,8
0,6.946743011474609,6
1,11.703058242797852,3
2,10.510993957519531,7
1,10.41021728515625,0
2,10.410219192504883,0
3,10.713550567626953,2
0,10.527166366577148,7
2,10.061705589294434,8
3,9.594773292541504,4
0,10.713310241699219,2
1,9.750570297241211,9
0,6.953948020935059,6
2,7.895867347717285,5
1,7.5443830490112305,1
3,12.042245864868164,3
1,12.04223346710205,3
2,10.004576683044434,0
0,7.544382095336914,1
3,9.521907806396484,4
3,7.90810489654541,5
2,6.954068660736084,6
0,10.778522491455078,2
1,9.711575508117676,9
2,8.115617752075195,1
0,11.024334907531738,7
3,11.024330139160156,7
1,10.728445053100586,8
3,7.94578218460083,5
1,10.72844409942627,8
0,11.994926452636719,3
2,10.729373931884766,2
2,6.94451904296875,6
0,9.287186622619629,9
1,9.425201416015625,4
3,9.862001419067383,0
0,11.593255996704102,3
2,9.425199508666992,4
3,9.287187576293945,9
1,7.913768291473389,1
3,7.9799299240112305,5
1,9.861997604370117,0
2,10.690563201904297,8
0,10.913798332214355,7
1,6.948476791381836,6
3,10.627914428710938,2
2,8.078560829162598,5
0,10.627914428710938,2
3,10.620189666748047,3
2,9.154964447021484,9
0,8.591264724731445,4
1,7.919705390930176,1
0,6.947649955749512,6
1,9.844067573547363,0
2,11.41904354095459,7
3,11.343254089355469,8
3,9.84366512298584,0
0,11.388648986816406,7
1,9.66064739227295,9
2,8.562318801879883,4
2,7.924732208251953,1
1,6.954433441162109,6
0,11.23294734954834,8
3,10.57634162902832,2
3,10.585689544677734,3
0,10.585692405700684,3
2,8.142524719238281,5
1,6.954433441162109,6
3,9.83530044555664,0
2,8.552099227905273,4
0,11.009502410888672,2
1,11.136517524719238,8
3,8.155282974243164,5
2,10.895408630371094,7
0,9.634564399719238,9
1,7.955966949462891,1
3,9.834970474243164,0
2,11.136816024780273,8
1,8.155278205871582,5
0,8.38973617553711,4
0,10.551275253295898,3
1,10.895407676696777,7
2,7.955965995788574,1
3,6.708343505859375,6
2,9.649072647094727,9
3,10.309017181396484,2
0,8.823999404907227,5
1,10.309019088745117,2
0,11.220465660095215,8
2,10.883291244506836,7
1,9.503023147583008,9
3,8.854576110839844,1
2,6.923750877380371,6
1,10.573564529418945,3
3,10.179488182067871,0
0,8.079602241516113,4
3,10.179490089416504,0
0,8.823915481567383,5
1,10.309061050415039,2
2,10.573568344116211,3
3,9.44731616973877,9
0,6.935553550720215,6
1,8.873230934143066,1
2,8.343130111694336,4
0,9.937976837158203,8
2,9.937975883483887,8
1,10.864398956298828,7
3,10.864399909973145,7
0,10.54770278930664,3
1,8.84092903137207,5
2,8.347246170043945,4
3,6.933859825134277,6
2,10.19992733001709,0
1,8.872819900512695,1
3,10.269917488098145,2
0,9.407476425170898,9
0,9.064558982849121,9
3,8.835822105407715,5
1,6.891053676605225,6
2,10.235677719116211,2
0,10.025572776794434,8
3,8.883188247680664,1
1,10.523393630981445,3
2,8.3296480178833,4
2,10.189301490783691,0
3,10.84771728515625,7
0,9.06454086303711,9
1,10.025578498840332,8
1,8.836298942565918,5
3,8.88223648071289,1
2,8.357465744018555,4
0,10.84771728515625,7
3,10.160741806030273,0
2,6.706939220428467,6
0,10.410906791687012,3
1,11.588523864746094,2
0,8.884265899658203,1
3,10.227646827697754,8
1,8.837590217590332,5
2,10.41076374053955,3
0,6.706833839416504,6
3,10.649842262268066,7
2,11.585740089416504,2
1,8.808537483215332,9
2,10.410476684570312,3
0,8.412054061889648,4
3,8.88334846496582,1
1,10.158879280090332,0
0,11.574241638183594,2
2,8.411728858947754,4
3,6.740765571594238,6
1,11.301558494567871,7
0,9.764537811279297,8
1,10.1451416015625,0
3,8.796649932861328,5
2,7.594647407531738,9
0,10.382678031921387,3
2,9.764537811279297,8
3,8.891077041625977,1
1,6.6832733154296875,6
2,7.594622611999512,9
0,11.561067581176758,2
1,8.79649829864502,5
3,11.265649795532227,7
0,8.889615058898926,1
2,6.664610385894775,6
3,10.136725425720215,0
1,8.517948150634766,4
0,8.428361892700195,5
2,10.12196159362793,0
3,7.581125259399414,9
1,9.738426208496094,8
3,10.357963562011719,3
0,11.596820831298828,2
2,11.251748085021973,7
1,8.317934036254883,4
0,10.357965469360352,3
2,8.428361892700195,5
3,8.317931175231934,4
1,11.251603126525879,7
2,10.119346618652344,0
0,8.669370651245117,1
3,7.53618049621582,9
1,6.757473468780518,6
2,8.786779403686523,5
1,9.733487129211426,8
0,12.34494400024414,2
3,12.344940185546875,2
2,10.32727336883545,3
3,9.73348617553711,8
0,11.28346061706543,7
1,7.974204063415527,4
3,6.755529403686523,6
2,10.100963592529297,0
1,8.680005073547363,1
0,7.528882026672363,9
0,11.401700973510742,7
1,9.733545303344727,8
3,12.344963073730469,2
2,8.679229736328125,1
0,6.741352558135986,6
1,8.78004264831543,5
2,8.24853515625,4
3,10.14281177520752,0
3,10.29776668548584,3
1,10.142810821533203,0
2,7.819062232971191,9
0,7.819063186645508,9
2,9.864763259887695,8
3,6.741350173950195,6
0,8.248534202575684,4
1,8.87569522857666,1
0,8.780044555664062,5
3,10.297767639160156,3
1,11.430477142333984,7
2,12.331501007080078,2
3,6.684858322143555,6
0,11.29488754272461,7
1,8.498981475830078,1
2,12.319307327270508,2
3,10.272380828857422,3
0,8.600543022155762,4
1,10.12437629699707,0
2,9.858348846435547,8
3,10.272377014160156,3
0,8.773897171020508,5
2,7.604851245880127,9
1,8.600543022155762,4
3,7.604846000671387,9
2,11.294878959655762,7
1,12.31930160522461,2
0,6.684727668762207,6
3,9.85289192199707,8
0,10.106403350830078,0
2,8.700787544250488,1
1,8.853718757629395,5
0,9.211475372314453,0
1,8.701125144958496,1
3,12.344165802001953,2
2,8.85201644897461,5
2,10.25063705444336,3
0,11.315252304077148,7
1,7.516810894012451,9
3,6.80816650390625,6
1,9.853781700134277,8
0,8.70112133026123,1
2,10.250643730163574,3
3,8.559930801391602,4
1,9.199051856994629,0
3,8.558326721191406,4
0,8.870131492614746,5
2,12.303610801696777,2
0,6.807470321655273,6
1,9.845756530761719,8
2,11.784368515014648,7
3,7.322121620178223,9
2,10.231945037841797,3
0,8.700006484985352,1
3,7.324531555175781,9
1,12.323318481445312,2
3,6.808248043060303,6
0,9.845755577087402,8
1,8.870067596435547,5
2,9.260322570800781,4
3,9.190834045410156,0
1,10.211465835571289,3
2,12.06100082397461,7
0,9.190836906433105,0
3,7.305810451507568,9
1,8.866266250610352,5
0,9.051484107971191,4
2,12.288336753845215,2
0,10.077383041381836,8
3,12.060959815979004,7
1,6.900091171264648,6
2,8.703964233398438,1
2,8.866865158081055,5
3,10.211207389831543,3
0,9.051841735839844,4
1,6.900084972381592,6
3,10.079959869384766,8
2,8.705805778503418,1
1,11.708209991455078,2
0,12.07898235321045,7
0,9.184098243713379,0
1,7.323675155639648,9
3,7.323675155639648,9
2,9.041425704956055,4
0,9.182361602783203,0
3,11.70295524597168,2
1,8.86967658996582,5
2,10.189871788024902,3
2,7.515223026275635,6
0,12.078835487365723,7
3,10.077878952026367,8
1,8.706762313842773,1
0,10.176813125610352,3
2,8.70413875579834,1
1,9.175176620483398,0
3,7.283733367919922,9
2,11.649109840393066,2
3,8.31024169921875,6
1,8.871532440185547,5
0,11.81942367553711,7
2,10.073015213012695,8
3,10.176770210266113,3
1,10.073015213012695,8
0,9.0288724899292,4
3,8.569215774536133,6
0,8.705138206481934,1
1,11.819120407104492,7
2,11.650823593139648,2
0,9.16627311706543,0
3,8.872871398925781,5
2,7.285070896148682,9
1,8.485621452331543,4
3,9.819780349731445,8
1,8.698995590209961,1
2,11.606992721557617,2
0,8.48562240600586,4
3,8.872745513916016,5
2,9.166275978088379,0
0,10.164194107055664,3
1,8.553726196289062,6
1,11.817195892333984,7
0,7.487615585327148,9
3,11.817195892333984,7
2,7.487612724304199,9
1,10.302938461303711,8
3,8.532938003540039,6
2,8.868053436279297,5
0,11.57497787475586,2
3,9.150590896606445,0
0,8.718634605407715,1
2,10.155994415283203,3
1,8.099973678588867,4
0,10.302937507629395,8
1,8.718633651733398,1
3,7.473340034484863,9
2,8.09997844696045,4
0,8.864679336547852,5
1,9.150558471679688,0
3,11.57555103302002,2
2,11.816930770874023,7
0,10.151872634887695,3
2,8.52259349822998,6
1,8.474204063415527,4
3,7.455497741699219,9
0,9.079646110534668,0
2,10.249574661254883,8
1,10.151873588562012,3
3,11.55480670928955,2
0,8.522595405578613,6
3,8.839274406433105,5
2,12.067134857177734,7
1,8.687190055847168,1
2,11.506303787231445,2
1,7.609847545623779,9
0,9.866196632385254,3
3,7.331901550292969,8
1,12.067380905151367,7
0,8.82569694519043,5
3,8.908653259277344,4
2,8.662853240966797,1
3,8.509413719177246,6
2,9.06214714050293,0
1,7.6098527908325195,9
0,8.509410858154297,6
1,9.06214714050293,0
3,7.331891059875488,8
0,8.825700759887695,5
2,11.506288528442383,2
2,8.675310134887695,1
1,9.863825798034668,3
0,8.884525299072266,4
3,12.508853912353516,7
0,9.054333686828613,0
1,8.884529113769531,4
2,8.462736129760742,6
3,7.322765827178955,8
0,8.81330680847168,5
1,12.508853912353516,7
3,7.595292568206787,9
2,8.675311088562012,1
3,9.04791259765625,0
0,9.855369567871094,3
2,9.19721794128418,2
1,7.577883243560791,9
2,7.65912389755249,6
0,9.85651969909668,3
3,8.803592681884766,5
1,8.86224365234375,4
2,9.23196029663086,2
1,8.668807029724121,1
0,7.31464147567749,8
3,12.557833671569824,7
1,9.855184555053711,3
2,7.314643383026123,8
0,12.557832717895508,7
3,8.862255096435547,4
3,8.664610862731934,1
0,7.526453018188477,9
1,8.620294570922852,5
2,9.184471130371094,2
0,8.620203018188477,5
2,9.106679916381836,0
3,7.52629280090332,9
1,7.640777111053467,6
3,7.640305042266846,6
0,8.819169998168945,4
2,12.549463272094727,7
1,9.848867416381836,3
0,9.106802940368652,0
1,7.30673885345459,8
2,9.183563232421875,2
3,8.664697647094727,1
2,7.624051570892334,6
3,9.835593223571777,3
1,9.106462478637695,0
0,7.506171226501465,9
0,7.230271339416504,8
1,8.626015663146973,5
2,12.547439575195312,7
3,9.164480209350586,2
0,8.66495132446289,1
2,9.83528995513916,3
1,7.5059309005737305,9
3,8.449387550354004,4
3,7.230090141296387,8
1,7.439877510070801,6
0,8.664485931396484,1
2,8.449357032775879,4
0,9.1007080078125,0
2,8.617938995361328,5
3,12.541711807250977,7
1,9.149486541748047,2
3,12.544820785522461,7
0,8.728994369506836,5
1,7.418614387512207,6
2,8.44302749633789,4
0,9.102453231811523,0
1,9.144344329833984,2
3,7.780478000640869,9
2,8.661535263061523,1
2,7.55342960357666,8
3,8.725935935974121,5
0,9.826034545898438,3
1,7.416934967041016,6
1,9.102246284484863,0
3,8.661821365356445,1
0,12.544303894042969,7
2,7.780477046966553,9
1,9.127840042114258,2
3,7.5503387451171875,8
0,9.818168640136719,3
2,8.432905197143555,4
0,8.733064651489258,5
1,9.096095085144043,0
3,11.558557510375977,7
2,8.65970230102539,1
3,7.39888858795166,6
0,8.002214431762695,9
1,8.432390213012695,4
2,7.550248146057129,8
2,9.817191123962402,3
3,9.127250671386719,2
1,7.397584915161133,6
0,8.430745124816895,4
1,7.545381546020508,8
3,8.697210311889648,0
2,9.912123680114746,3
0,9.112236976623535,2
3,8.734456062316895,5
1,8.006619453430176,9
0,8.655166625976562,1
2,11.572660446166992,7
3,8.6972074508667,0
0,8.734403610229492,5
2,9.112218856811523,2
1,8.655163764953613,1
0,7.373339653015137,6
1,7.544824123382568,8
3,8.421182632446289,4
2,11.572546005249023,7
0,8.686664581298828,0
3,7.3539628982543945,6
2,7.975520133972168,9
1,9.964238166809082,3
0,7.540564060211182,8
2,8.560226440429688,5
1,7.975489616394043,9
3,8.418069839477539,4
2,9.962827682495117,3
0,8.618432998657227,1
3,9.102180480957031,2
1,11.570630073547363,7
3,8.686643600463867,0
0,8.560192108154297,5
2,7.540606498718262,8
1,9.962817192077637,3
3,9.198351860046387,2
0,7.33491849899292,6
2,8.791783332824707,1
1,8.66159439086914,4
2,7.974155902862549,8
0,7.334918975830078,6
1,8.006860733032227,9
3,11.583511352539062,7
0,8.006856918334961,9
1,8.679925918579102,0
2,9.198431015014648,2
3,11.583510398864746,7
3,8.899133682250977,5
2,10.044427871704102,3
1,8.660943031311035,4
0,8.781261444091797,1
0,8.664898872375488,5
3,11.68218994140625,7
2,7.322681427001953,6
1,8.655340194702148,4
3,7.961758136749268,8
0,9.71242904663086,0
1,10.215044975280762,3
2,7.9942193031311035,9
2,9.187654495239258,2
3,7.994194030761719,9
0,9.71240234375,0
1,8.838961601257324,1
1,9.1876802444458,2
0,8.83896255493164,1
2,8.654088020324707,4
3,12.232009887695312,7
1,7.949355125427246,8
0,10.170310974121094,3
2,8.664012908935547,5
3,7.49314022064209,6
0,8.6634521484375,5
3,10.170337677001953,3
1,9.175304412841797,2
2,8.774663925170898,4
0,8.900238037109375,1
3,7.96776008605957,9
2,12.233902931213379,7
1,7.474165439605713,6
3,8.711179733276367,5
0,7.472896575927734,6
1,8.314367294311523,8
2,9.698758125305176,0
2,10.166664123535156,3
1,9.165245056152344,2
0,8.90062141418457,1
3,12.233776092529297,7
0,9.693742752075195,0
3,8.938721656799316,8
1,7.951056480407715,9
2,8.922119140625,4
2,10.19016170501709,3
0,9.169054985046387,5
3,7.9509663581848145,9
1,12.291110038757324,7
3,7.437460422515869,6
0,9.78627872467041,0
2,8.892770767211914,1
1,9.045247077941895,4
2,10.131575584411621,3
3,8.73575210571289,8
1,9.14476203918457,2
0,8.893051147460938,1
1,8.733346939086914,8
2,9.13882064819336,2
3,9.782730102539062,0
0,12.292167663574219,7
3,8.853782653808594,5
2,7.426089286804199,6
0,9.038076400756836,4
1,7.496941566467285,9
0,9.780326843261719,0
3,10.128439903259277,3
2,7.425421237945557,6
1,8.887578010559082,1
0,8.793886184692383,5
3,12.272571563720703,7
1,8.703303337097168,8
2,9.123858451843262,2
2,7.413501739501953,9
1,10.122589111328125,3
0,9.028660774230957,4
3,7.413501262664795,9
2,8.703062057495117,8
1,8.792142868041992,5
0,12.272482872009277,7
3,10.306629180908203,0
1,7.430110931396484,6
0,9.105633735656738,2
2,9.060134887695312,1
3,9.02250862121582,4
3,7.43010950088501,6
0,7.385385990142822,9
2,8.803596496582031,5
1,9.022509574890137,4
3,8.853046417236328,8
0,12.287240028381348,7
1,9.9271821975708,0
2,9.060132026672363,1
0,8.04393196105957,1
2,9.105415344238281,2
3,10.107572555541992,3
1,12.287374496459961,7
2,9.916475296020508,0
3,8.920965194702148,4
0,7.344670295715332,9
1,10.309544563293457,3
0,8.80025863647461,5
2,8.831840515136719,8
3,7.403081893920898,6
1,9.082731246948242,2
0,7.403080463409424,6
3,7.575393199920654,1
2,8.920906066894531,4
1,12.388635635375977,7
0,8.800259590148926,5
3,9.082769393920898,2
2,7.344642162322998,9
1,9.916398048400879,0
2,8.658157348632812,8
0,7.303884506225586,9
1,10.27880859375,3
3,10.278812408447266,3
3,7.386679649353027,6
2,12.044594764709473,7
1,9.908136367797852,0
0,8.93685245513916,4
0,8.798052787780762,5
3,8.658732414245605,8
2,7.533117294311523,1
1,9.085433959960938,2
2,7.386483192443848,6
0,9.085393905639648,2
1,9.908136367797852,0
3,8.936297416687012,4
3,12.04218578338623,7
0,10.274961471557617,3
2,8.791168212890625,5
1,7.292476654052734,9
2,8.639638900756836,8
1,8.639639854431152,8
3,7.628769874572754,1
0,7.162158966064453,9
3,9.900717735290527,0
2,12.033965110778809,7
1,7.373862266540527,6
0,8.91158676147461,4
0,10.268906593322754,3
3,8.79360580444336,5
2,7.62877082824707,1
1,8.895059585571289,2
3,10.262296676635742,3
0,8.910758972167969,4
1,12.029214859008789,7
2,9.892236709594727,0
2,8.777986526489258,5
0,7.649237632751465,1
3,7.134245872497559,9
1,10.244872093200684,8
1,7.362637996673584,6
2,7.649086952209473,1
0,8.86767864227295,2
3,8.778101921081543,5
2,8.867025375366211,2
3,10.245223999023438,8
1,9.891651153564453,0
0,8.626288414001465,4
3,7.357426643371582,6
2,10.302038192749023,3
0,7.125456809997559,9
1,11.812944412231445,7
0,10.298229217529297,3
3,8.440516471862793,4
1,7.645244121551514,1
2,7.11647891998291,9
0,7.348799228668213,6
3,9.880631446838379,0
2,10.21944522857666,8
1,8.7618408203125,5
2,7.348789215087891,6
0,11.808511734008789,7
3,10.298202514648438,3
1,8.851871490478516,2
0,8.761821746826172,5
3,8.85186767578125,2
2,9.880635261535645,0
1,8.439455032348633,4
2,10.18925666809082,8
0,7.6476874351501465,1
3,7.173040390014648,9
1,11.791472434997559,7
0,11.791501998901367,7
3,7.335097312927246,6
2,8.849573135375977,5
1,8.83400821685791,2
0,10.291579246520996,3
3,7.649614334106445,1
2,7.1726579666137695,9
1,10.183250427246094,8
0,9.867182731628418,0
2,8.523656845092773,4
1,8.52365779876709,4
3,9.867179870605469,0
0,8.83525276184082,5
2,7.323644638061523,6
3,10.275862693786621,3
1,10.173734664916992,8
3,8.814947128295898,2
0,7.874383449554443,1
2,6.999814033508301,9
1,11.772514343261719,7
3,10.148212432861328,8
0,6.999764442443848,9
1,9.5225248336792,0
2,11.77242660522461,7
0,8.833122253417969,5
3,10.272577285766602,3
2,8.814596176147461,2
1,8.92773151397705,4
1,7.303139686584473,6
2,10.150646209716797,8
3,7.303140163421631,6
0,7.867527961730957,1
3,10.522435188293457,3
1,8.591014862060547,1
2,9.162609100341797,2
0,8.927166938781738,4
0,8.690766334533691,5
3,9.5107421875,0
2,6.9489054679870605,9
1,12.425664901733398,7
0,8.938152313232422,4
3,8.210128784179688,1
2,8.697225570678711,5
1,7.00050163269043,6
3,10.121132850646973,8
0,10.001792907714844,0
2,10.51253890991211,3
1,6.879323959350586,9
2,7.000213623046875,6
0,10.512301445007324,3
1,12.40798568725586,7
3,9.144916534423828,2
0,10.001800537109375,0
1,8.211597442626953,1
2,6.879255294799805,9
3,9.144771575927734,2
0,12.395526885986328,7
3,8.928211212158203,4
1,10.128390312194824,8
2,8.727497100830078,5
2,9.997260093688965,0
3,10.128387451171875,8
1,8.727500915527344,5
0,8.928078651428223,4
0,6.849584579467773,9
2,10.496996879577637,3
3,12.395502090454102,7
1,8.1948823928833,1
2,8.725977897644043,5
1,9.127023696899414,2
0,6.984182357788086,6
3,9.997061729431152,0
0,6.97988224029541,6
2,10.126522064208984,8
1,8.19694995880127,1
3,6.843695640563965,9
3,8.451750755310059,2
0,9.776586532592773,4
2,12.377890586853027,7
1,10.489822387695312,3
0,8.196063995361328,1
3,8.451741218566895,2
2,8.711088180541992,5
1,12.377866744995117,7
0,9.398605346679688,0
2,10.489640235900879,3
3,10.11085319519043,8
1,6.5344157218933105,9
2,6.96944522857666,6
1,9.774917602539062,4
3,6.969444274902344,6
0,8.4515962600708,2
3,8.685941696166992,5
0,8.192825317382812,1
1,10.50575065612793,3
2,9.898467063903809,4
2,9.387377738952637,0
3,6.5139079093933105,9
0,12.570943832397461,7
1,10.089422225952148,8
0,8.685826301574707,5
2,10.496764183044434,3
3,9.896018028259277,4
1,9.38716983795166,0
0,6.956226348876953,6
3,8.193870544433594,1
2,10.085410118103027,8
1,6.513663291931152,9
0,10.496997833251953,3
1,8.904747009277344,2
3,12.570926666259766,7
2,9.895254135131836,4
3,8.919489860534668,5
1,9.378280639648438,0
2,6.492814064025879,9
0,10.07033920288086,8
0,8.896203994750977,2
2,6.944314956665039,6
3,12.257220268249512,7
1,8.188583374023438,1
3,9.37828254699707,0
0,8.919425964355469,5
1,12.25716781616211,7
2,6.492556571960449,9
0,10.4912748336792,3
2,8.189657211303711,1
1,10.066995620727539,8
3,11.760833740234375,4
3,8.889871597290039,2
1,11.77273941040039,4
2,12.066068649291992,7
0,6.934785842895508,6
3,9.369869232177734,0
2,8.96281623840332,5
0,10.488338470458984,3
1,8.181130409240723,1
2,6.934136390686035,6
0,8.889135360717773,2
1,6.478482246398926,9
3,10.044777870178223,8
0,8.87971305847168,2
3,10.478757858276367,3
2,8.181049346923828,1
1,10.043415069580078,8
2,6.92405891418457,6
0,12.093274116516113,7
1,8.952608108520508,5
3,11.783632278442383,4
2,9.361008644104004,0
1,10.034130096435547,8
0,6.269347190856934,9
3,6.269349575042725,9
0,9.360976219177246,0
2,8.952465057373047,5
3,8.881368637084961,2
1,11.782257080078125,4
1,6.923670768737793,6
3,10.478279113769531,3
2,8.17653751373291,1
0,12.093286514282227,7
0,9.4661865234375,5
3,11.78038215637207,4
2,6.920218467712402,6
1,10.032403945922852,8
0,10.471866607666016,3
2,8.87338638305664,2
1,12.088362693786621,7
3,6.517953395843506,9
0,9.354183197021484,0
2,8.873228073120117,2
1,6.5175395011901855,9
3,8.173358917236328,1
0,9.606975555419922,8
3,9.22844409942627,3
1,11.783825874328613,4
2,12.087699890136719,7
3,9.349272727966309,0
2,6.9077019691467285,6
0,8.004680633544922,5
1,8.172183990478516,1
3,9.34857177734375,0
0,8.172954559326172,1
1,9.602264404296875,8
2,8.868175506591797,2
0,6.90459680557251,6
3,11.776266098022461,4
2,8.9281644821167,5
1,9.222635269165039,3
1,6.50430965423584,9
2,9.600000381469727,8
0,11.774711608886719,4
3,12.081626892089844,7
0,9.345420837402344,0
3,8.862261772155762,2
2,6.899021148681641,6
1,9.445540428161621,5
3,9.21800422668457,3
0,6.49021053314209,9
2,12.074045181274414,7
1,8.27180290222168,1
0,7.091609477996826,6
1,9.596935272216797,8
3,8.862226486206055,2
2,6.489025115966797,9
3,8.91899299621582,5
2,8.272151947021484,1
0,12.07386589050293,7
1,10.970714569091797,4
2,9.343192100524902,0
1,9.211701393127441,3
0,8.861969947814941,2
3,9.343191146850586,0
0,8.836984634399414,3
2,9.58272933959961,8
1,9.115676879882812,5
3,10.967087745666504,4
3,7.117639064788818,6
2,8.269672393798828,1
0,6.462923049926758,9
1,12.06514835357666,7
1,9.11590576171875,5
3,9.5828857421875,8
0,12.065133094787598,7
2,6.4619951248168945,9
3,7.116815567016602,6
1,9.338140487670898,0
0,8.835718154907227,3
2,8.270393371582031,1
3,8.85361385345459,2
1,7.116818428039551,6
2,10.966224670410156,4
0,12.064037322998047,7
1,9.332889556884766,0
0,9.574947357177734,8
3,8.836021423339844,3
2,8.26533317565918,1
0,8.84743881225586,2
2,11.280214309692383,4
3,6.448576927185059,9
1,9.529396057128906,5
3,9.52933120727539,5
0,9.574920654296875,8
1,7.109006881713867,6
2,12.058842658996582,7
2,8.834281921386719,3
0,8.266209602355957,1
3,9.332326889038086,0
1,11.279094696044922,4
3,6.443756580352783,9
2,6.443756103515625,9
1,8.842138290405273,2
0,12.058605194091797,7
2,9.703399658203125,8
0,8.831536293029785,3
1,9.327871322631836,0
3,8.26541805267334,1
0,9.522171020507812,5
1,7.100778579711914,6
3,11.278974533081055,4
2,8.841114044189453,2
3,9.522180557250977,5
0,8.841103553771973,2
2,6.526984214782715,9
1,9.327621459960938,0
0,12.048067092895508,7
3,8.830344200134277,3
2,7.100410461425781,6
1,11.278068542480469,4
3,8.266151428222656,1
0,8.266157150268555,1
1,9.661554336547852,8
2,6.511538982391357,9
2,7.092750072479248,6
0,8.832938194274902,2
1,9.91592025756836,3
3,11.278017044067383,4
3,9.515053749084473,5
1,9.322015762329102,0
0,9.662248611450195,8
2,12.090744972229004,7
0,12.088656425476074,7
2,6.511105060577393,9
3,9.662333488464355,8
1,8.266006469726562,1
3,9.316762924194336,0
0,8.820188522338867,2
1,11.273262023925781,4
2,7.087366580963135,6
3,9.504405975341797,5
2,9.911463737487793,3
0,9.66111946105957,8
1,11.273311614990234,4
1,9.312686920166016,0
2,7.890059471130371,1
0,9.49516487121582,5
3,8.774639129638672,2
3,7.079589366912842,6
0,9.90906047821045,3
2,12.06831169128418,7
1,6.323904037475586,9
2,9.659128189086914,8
0,10.961997985839844,4
3,8.340280532836914,1
1,9.495357513427734,5
0,9.30949592590332,0
3,7.072636127471924,6
2,9.906156539916992,3
1,12.059063911437988,7
0,8.763290405273438,2
2,9.30952262878418,0
3,8.763289451599121,2
1,6.310980796813965,9
2,8.391227722167969,1
1,9.659231185913086,8
3,10.964552879333496,4
0,12.058978080749512,7
3,7.072643280029297,6
0,9.485612869262695,5
1,9.90533447265625,3
2,6.3109846115112305,9
0,8.75459098815918,2
3,9.304075241088867,0
2,12.279739379882812,7
1,6.305606842041016,9
0,9.903244018554688,3
3,8.839332580566406,1
1,7.066127300262451,6
2,10.966949462890625,4
2,9.47661018371582,5
1,12.8804292678833,7
3,9.660367012023926,8
0,9.660364151000977,8
1,6.305127143859863,9
2,10.966936111450195,4
0,9.90298080444336,3
3,9.47657585144043,5
3,7.059243202209473,6
1,8.838857650756836,1
0,8.745838165283203,2
2,9.65268325805664,0
3,9.669269561767578,5
2,7.059242248535156,6
0,9.661537170410156,8
1,12.871732711791992,7
3,8.745927810668945,2
0,6.254433631896973,9
1,10.969935417175293,4
2,9.900046348571777,3
3,9.653108596801758,0
2,7.058746337890625,6
0,6.254410266876221,9
1,8.83955192565918,1
2,8.745935440063477,2
0,9.653106689453125,0
1,9.66082763671875,8
3,9.899993896484375,3
2,9.654705047607422,5
3,12.865890502929688,7
0,10.982405662536621,4
1,8.84147834777832,1
0,9.895608901977539,3
2,10.982416152954102,4
1,9.646217346191406,0
3,8.841477394104004,1
0,8.661344528198242,2
3,7.053353309631348,6
2,9.658592224121094,8
1,12.865720748901367,7
3,9.654754638671875,5
0,9.654753684997559,5
1,6.065993309020996,9
2,8.841838836669922,1
0,6.062060356140137,9
1,9.89413833618164,3
2,12.865680694580078,7
3,9.662071228027344,8
1,7.048360347747803,6
2,10.99626636505127,4
3,9.937182426452637,0
0,8.652482986450195,2
0,9.639837265014648,5
2,6.053073406219482,9
3,10.996333122253418,4
1,9.936782836914062,0
3,7.047287940979004,6
1,8.652935028076172,2
0,12.85922622680664,7
2,8.839509963989258,1
3,9.8871488571167,3
0,12.859006881713867,7
2,9.655610084533691,8
1,8.839874267578125,1
1,9.881349563598633,3
0,6.120862007141113,9
2,11.03355884552002,8
3,8.647047996520996,2
1,9.621551513671875,5
2,7.042967796325684,6
3,11.003582000732422,4
0,9.933154106140137,0
2,11.034756660461426,8
3,12.847623825073242,7
0,8.852890968322754,1
1,7.0429558753967285,6
1,9.933963775634766,0
3,9.621248245239258,5
0,11.00173568725586,4
2,9.880785942077637,3
2,8.64609432220459,2
0,9.921215057373047,3
3,6.106307029724121,9
1,12.837285995483398,7
0,9.608224868774414,5
2,6.102607727050781,9
1,9.933194160461426,0
3,11.006023406982422,4
3,8.854425430297852,1
2,7.037083148956299,6
0,8.640449523925781,2
1,11.031119346618652,8
0,6.10175895690918,9
3,7.03641414642334,6
1,8.640176773071289,2
2,11.030956268310547,8
0,12.91825008392334,7
3,8.86060905456543,1
1,9.517576217651367,0
2,10.994100570678711,4
0,9.546727180480957,3
3,12.918182373046875,7
1,10.9939603805542,4
2,9.586540222167969,5
0,9.546687126159668,3
3,8.630926132202148,2
2,6.080316066741943,9
1,11.085453987121582,8
1,9.58643913269043,5
3,9.514970779418945,0
0,8.856595993041992,1
2,7.031327724456787,6
3,8.630594253540039,2
0,11.008670806884766,4
2,11.085753440856934,8
1,8.774728775024414,1
3,9.504711151123047,0
0,9.76947021484375,3
2,9.567057609558105,5
1,7.144584655761719,6
3,12.90633773803711,7
2,9.501893997192383,0
1,6.061214447021484,9
0,6.061214447021484,9
0,8.626004219055176,2
1,9.563060760498047,5
2,8.77525520324707,1
3,11.088595390319824,8
3,7.135117530822754,6
1,12.730396270751953,7
2,9.757445335388184,3
0,11.405851364135742,4
2,7.135014533996582,6
1,9.500195503234863,0
0,6.0477752685546875,9
3,9.756319046020508,3
0,11.405613899230957,4
3,8.684749603271484,1
2,9.519477844238281,5
1,12.730216026306152,7
0,8.835408210754395,2
3,9.756305694580078,3
2,9.519477844238281,5
1,11.075587272644043,8
0,6.187680721282959,9
3,9.381235122680664,0
2,8.898921966552734,2
1,11.059616088867188,8
3,8.684309959411621,1
2,7.1268134117126465,6
1,12.72415542602539,7
0,11.434226989746094,4
0,7.1230316162109375,6
3,11.434179306030273,4
2,8.685413360595703,1
1,12.72414493560791,7
3,9.378462791442871,0
0,8.889833450317383,2
2,9.74380874633789,3
1,6.1840715408325195,9
2,11.081680297851562,8
0,6.104172229766846,9
1,9.154255867004395,5
3,11.081680297851562,8
2,9.372047424316406,0
0,8.88514232635498,2
1,12.717499732971191,7
3,9.733243942260742,3
2,7.118386268615723,6
3,9.154109954833984,5
1,8.688465118408203,1
0,11.447340965270996,4
0,7.346109390258789,6
2,8.606748580932617,1
3,11.071033477783203,8
1,9.366765975952148,0
0,12.718353271484375,7
1,8.672004699707031,2
3,11.447893142700195,4
2,5.810425758361816,9
0,9.725048065185547,3
3,8.672198295593262,2
1,9.364323616027832,0
2,9.138443946838379,5
2,9.725051879882812,3
3,12.718278884887695,7
0,11.447772979736328,4
1,9.138444900512695,5
2,7.337199687957764,6
3,10.97044563293457,8
1,5.806139945983887,9
0,8.608125686645508,1
1,9.719040870666504,3
0,7.331332683563232,6
2,11.448617935180664,4
3,8.604865074157715,1
0,10.960700035095215,8
2,7.724790096282959,2
3,6.366239070892334,9
1,12.717629432678223,7
3,6.366137504577637,9
0,9.12704086303711,5
2,7.724796295166016,2
1,9.357278823852539,0
0,7.326633930206299,6
3,9.354764938354492,0
2,10.962621688842773,8
1,12.717485427856445,7
2,9.1885404586792,5
0,8.644848823547363,1
3,11.450382232666016,4
1,9.711929321289062,3
2,9.188525199890137,5
3,8.644747734069824,1
0,9.711991310119629,3
1,7.435014724731445,6
2,9.46920108795166,0
3,6.324275016784668,9
1,11.448846817016602,4
0,10.93549919128418,8
0,12.715164184570312,7
3,12.71516227722168,7
2,6.850216865539551,2
1,9.709782600402832,3
3,6.854822635650635,2
0,9.550607681274414,0
2,6.278649806976318,9
1,8.67384147644043,1
3,7.4227776527404785,6
0,9.177885055541992,5
1,11.449718475341797,4
2,10.865562438964844,8
2,9.705839157104492,3
3,7.402437210083008,6
0,11.449673652648926,4
1,10.865610122680664,8
0,8.678254127502441,1
3,6.854983329772949,2
1,9.550437927246094,0
2,6.279658317565918,9
0,9.168062210083008,5
3,9.168062210083008,5
1,10.852420806884766,8
2,12.84788990020752,7
0,6.856350898742676,2
2,7.390384197235107,6
3,11.452327728271484,4
1,8.369413375854492,1
0,9.700240135192871,3
2,9.91697883605957,0
3,12.84787654876709,7
1,6.305697441101074,9
2,9.167878150939941,5
3,7.389524459838867,6
1,6.856595993041992,2
0,10.851804733276367,8
2,9.916098594665527,0
0,11.445669174194336,4
3,12.842926025390625,7
1,8.364635467529297,1
1,9.695889472961426,3
2,6.302309036254883,9
0,9.163676261901855,5
3,11.444643020629883,4
0,9.695883750915527,3
3,7.1439104080200195,6
2,6.299142837524414,9
1,6.859240531921387,2
0,9.912040710449219,0
1,12.826568603515625,7
3,8.36168098449707,1
2,10.817428588867188,8
3,9.911249160766602,0
2,11.43980598449707,4
1,10.806463241577148,8
0,9.692559242248535,3
1,7.149267196655273,2
3,7.082697868347168,6
0,12.820892333984375,7
2,8.323278427124023,1
0,9.669919967651367,4
3,6.288022994995117,9
2,9.333992004394531,5
1,9.333992004394531,5
0,7.0789055824279785,6
2,6.28797721862793,9
3,9.687345504760742,3
1,7.149282455444336,2
0,8.322410583496094,1
2,9.096010208129883,0
1,10.779783248901367,8
3,12.812013626098633,7
3,7.068385124206543,6
2,7.15169620513916,2
0,10.702481269836426,8
1,9.682194709777832,3
3,9.079292297363281,0
2,6.329624176025391,9
0,9.322135925292969,5
1,9.491952896118164,4
0,9.49181079864502,4
3,12.227636337280273,7
1,8.350470542907715,1
2,12.227638244628906,7
0,9.318033218383789,5
3,10.705336570739746,8
2,7.064367294311523,6
1,7.151664733886719,2
2,9.075105667114258,0
0,9.676368713378906,3
1,8.345039367675781,1
3,6.356271743774414,9
0,7.154370307922363,2
3,9.375880241394043,4
1,9.675592422485352,3
2,12.22776985168457,7
3,8.345867156982422,1
1,9.073065757751465,0
2,10.695770263671875,8
0,7.073124885559082,6
1,6.352015018463135,9
0,9.30540657043457,5
2,6.35201358795166,9
3,9.073066711425781,0
0,9.296126365661621,5
3,10.682987213134766,8
2,8.339468002319336,1
1,7.067104339599609,6
3,9.667890548706055,3
1,7.124107360839844,2
0,11.1763277053833,7
2,8.594103813171387,4
2,9.667908668518066,3
0,10.68055534362793,8
3,6.346587181091309,9
1,11.176300048828125,7
2,7.1240234375,2
0,9.06865119934082,0
1,8.34145736694336,1
3,8.594018936157227,4
0,7.123391151428223,2
2,7.061594486236572,6
3,9.037885665893555,5
1,9.067082405090332,0
2,7.056122779846191,6
1,9.6595458984375,3
3,10.772811889648438,8
0,6.3354644775390625,9
3,8.756193161010742,5
0,8.34227180480957,4
2,11.174386978149414,7
1,8.338769912719727,1
0,6.3356828689575195,9
2,8.338754653930664,1
3,8.342233657836914,4
1,10.772039413452148,8
3,8.824968338012695,0
2,8.64466381072998,5
0,7.125028610229492,2
1,7.050507068634033,6
2,6.327123641967773,9
0,9.652276992797852,3
1,11.171452522277832,7
3,10.764213562011719,8
0,9.062451362609863,0
3,7.126028060913086,2
1,8.347858428955078,4
2,8.721248626708984,1
2,7.072627067565918,6
3,11.171430587768555,7
0,8.642038345336914,5
1,9.651239395141602,3
2,6.318696975708008,9
1,7.066896438598633,6
0,8.579055786132812,5
3,11.168722152709961,7
3,9.092950820922852,0
2,9.644216537475586,3
0,9.309919357299805,2
1,8.723161697387695,1
0,11.167783737182617,7
3,11.08081340789795,8
2,11.080818176269531,8
1,8.354159355163574,4
0,9.309659957885742,2
2,9.092884063720703,0
1,7.063467025756836,6
3,8.354503631591797,4
2,9.638840675354004,3
0,8.56852912902832,5
3,6.313046932220459,9
1,8.7230806350708,1
3,9.311723709106445,2
0,7.055158615112305,6
2,8.358633041381836,4
1,11.163820266723633,7
0,8.613757133483887,5
2,9.635534286499023,3
3,11.075721740722656,8
1,6.3065900802612305,9
2,9.092856407165527,0
3,9.092856407165527,0
1,9.033556938171387,1
0,9.03355598449707,1
1,6.307581424713135,9
3,8.613651275634766,5
0,9.311491966247559,2
2,10.034477233886719,3
3,7.044246673583984,6
0,8.365638732910156,4
2,11.160335540771484,7
1,11.072368621826172,8
2,9.093427658081055,0
0,10.271342277526855,3
3,6.297907829284668,9
1,9.039182662963867,1
2,7.044250011444092,6
3,11.160287857055664,7
1,9.31389331817627,2
0,11.072189331054688,8
3,9.093719482421875,0
2,10.03360652923584,3
1,8.3660306930542,4
0,9.051806449890137,5
0,11.07069206237793,8
3,11.158576965332031,7
2,9.042501449584961,1
1,9.31213092803955,2
1,8.53523063659668,5
3,8.374394416809082,4
0,6.288734436035156,9
2,7.240635395050049,6
0,9.093074798583984,0
3,10.269852638244629,3
2,8.37435531616211,4
1,7.240573883056641,6
1,9.31136703491211,2
3,6.288872241973877,9
0,9.04290771484375,1
2,11.157438278198242,7
0,11.072811126708984,8
3,11.0728120803833,8
1,9.039313316345215,1
2,8.534271240234375,5
2,9.095656394958496,0
1,9.311443328857422,2
3,11.155332565307617,7
0,7.2354583740234375,6
1,8.524059295654297,5
0,8.381486892700195,4
3,6.280825138092041,9
2,10.267802238464355,3
3,7.231488227844238,6
1,8.381446838378906,4
2,9.045510292053223,1
0,6.280714988708496,9
0,10.267827987670898,3
3,11.155157089233398,7
2,8.782230377197266,5
1,11.060064315795898,8
1,9.09528923034668,0
3,8.51711368560791,5
0,9.312417984008789,2
2,9.047623634338379,1
1,11.131118774414062,7
2,11.058347702026367,8
3,6.274713516235352,9
0,8.699350357055664,4
3,9.09672737121582,0
1,10.26563835144043,3
2,9.308504104614258,2
0,7.216144561767578,6
0,7.216142654418945,6
3,9.096728324890137,0
1,11.130922317504883,7
2,10.2651948928833,3
1,9.30790901184082,2
2,6.265995502471924,9
0,9.045409202575684,1
3,11.058207511901855,8
0,8.504548072814941,5
1,7.213590145111084,6
3,8.699198722839355,4
2,11.057936668395996,8
3,6.262683868408203,9
2,8.500523567199707,5
0,9.046072006225586,1
1,11.129201889038086,7
1,9.308516502380371,2
2,10.264376640319824,3
3,9.09714412689209,0
0,8.69979476928711,4
0,9.011420249938965,5
3,7.205186367034912,6
1,9.046794891357422,1
2,9.308895111083984,2
0,11.222860336303711,8
2,6.255945205688477,9
3,8.706953048706055,4
1,10.25987720489502,3
1,9.095993041992188,0
2,11.127607345581055,7
3,9.01136589050293,5
0,6.255528450012207,9
2,10.259387969970703,3
0,9.307075500488281,2
1,11.125452995300293,7
3,9.097326278686523,0
0,8.706437110900879,4
2,11.225517272949219,8
1,7.201655387878418,6
3,9.04830551147461,1
3,9.096312522888184,0
1,10.256607055664062,3
0,9.048264503479004,1
2,10.524127960205078,8
3,7.241551399230957,6
2,8.713214874267578,4
0,6.246318817138672,9
1,9.002531051635742,5
2,9.002528190612793,5
0,11.123878479003906,7
1,9.305191040039062,2
3,11.123878479003906,7
0,7.237735271453857,6
2,6.2417497634887695,9
3,9.30443000793457,2
1,10.527202606201172,8
2,8.497715950012207,0
3,8.71208381652832,4
0,9.046605110168457,1
1,10.256091117858887,3
3,7.233696937561035,6
0,9.097227096557617,0
1,9.300922393798828,2
2,8.995759963989258,5
0,6.238700866699219,9
3,10.255578994750977,3
1,10.523612976074219,8
2,8.712038040161133,4
2,11.120469093322754,7
3,9.046436309814453,1
0,9.097146987915039,0
1,10.523605346679688,8
0,10.255496978759766,3
3,7.233519077301025,6
2,6.238570690155029,9
1,9.048003196716309,1
2,8.986177444458008,5
0,8.848794937133789,4
3,11.119646072387695,7
1,9.250680923461914,2
3,10.256489753723145,3
1,7.227147102355957,6
2,11.119129180908203,7
0,10.523614883422852,8
0,6.230379104614258,9
3,8.986095428466797,5
2,9.098508834838867,0
1,8.848264694213867,4
0,5.8992919921875,9
3,9.091991424560547,1
1,10.009662628173828,2
2,11.057737350463867,7
2,7.2182464599609375,6
0,9.091789245605469,1
1,10.518231391906738,8
3,10.005054473876953,2
2,9.718024253845215,3
3,9.425188064575195,0
0,8.965255737304688,5
1,8.714995384216309,4
3,9.42691707611084,0
2,8.961082458496094,5
1,8.714874267578125,4
0,9.717764854431152,3
0,6.63234806060791,9
3,7.208565711975098,6
2,11.057775497436523,7
1,10.235107421875,8
0,8.89012336730957,4
3,11.08703899383545,7
2,9.993775367736816,2
1,9.550250053405762,1
2,8.788076400756836,0
0,8.948291778564453,5
1,9.719038963317871,3
3,9.54631233215332,1
2,7.1923065185546875,6
1,9.98444938659668,2
0,10.205594062805176,8
3,6.152820110321045,9
3,6.148710250854492,9
2,9.721500396728516,3
1,9.114160537719727,5
0,9.472051620483398,1
3,6.417555809020996,6
2,9.982924461364746,2
0,10.207944869995117,8
1,8.483494758605957,4
0,8.784252166748047,0
3,11.122173309326172,7
1,8.784255981445312,0
2,9.469034194946289,1
2,6.413617134094238,6
0,9.722794532775879,3
1,10.254653930664062,8
3,11.122041702270508,7
1,9.084670066833496,5
2,9.992669105529785,2
0,8.527042388916016,4
3,5.6245880126953125,9
2,6.409940242767334,6
1,5.619855880737305,9
0,9.770556449890137,3
3,8.53282356262207,4
2,8.780713081359863,0
3,10.24824333190918,8
1,9.078989028930664,5
0,9.464964866638184,1
3,9.989945411682129,2
0,11.1227445602417,7
1,9.469827651977539,1
2,9.989948272705078,2
0,10.2535400390625,8
2,9.070165634155273,5
3,8.750161170959473,4
1,5.610716819763184,9
1,6.405447959899902,6
2,8.777261734008789,0
3,9.766151428222656,3
0,11.114816665649414,7
2,8.776895523071289,0
0,6.405338287353516,6
1,9.466400146484375,1
3,9.065841674804688,5
2,9.070164680480957,3
3,10.099176406860352,8
0,8.757476806640625,4
1,11.369499206542969,7
3,9.875692367553711,2
1,9.87569522857666,2
2,5.594837665557861,9
0,8.775749206542969,0
0,5.594836711883545,9
3,8.908564567565918,5
2,9.445457458496094,1
1,11.369542121887207,7
3,6.2884674072265625,6
0,9.069100379943848,3
2,8.521326065063477,4
1,10.088345527648926,8
2,10.087089538574219,8
1,9.546524047851562,1
0,11.938264846801758,7
3,5.553780555725098,9
0,9.989036560058594,2
3,8.858216285705566,5
2,8.440464973449707,4
1,9.14659309387207,3
3,6.148489475250244,6
1,8.75788402557373,0
0,9.988642692565918,2
2,9.894460678100586,8
3,8.758517265319824,0
0,8.445887565612793,4
2,11.934307098388672,7
1,6.810099124908447,1
2,6.143723487854004,6
3,6.686600685119629,9
0,8.109855651855469,5
1,9.13577651977539,3
3,6.142816543579102,6
2,10.013609886169434,2
1,6.685539245605469,9
0,14.151265144348145,7
1,9.404207229614258,0
2,10.598546981811523,8
0,9.13623332977295,3
3,7.072644233703613,1
3,8.049293518066406,5
1,8.425162315368652,4
2,7.073319911956787,1
0,13.701205253601074,7
3,9.403963088989258,0
1,6.173933506011963,6
0,8.42501163482666,4
2,11.215909957885742,2
0,10.183182716369629,8
2,6.041171073913574,9
3,9.136370658874512,3
1,8.671889305114746,5
2,6.046309471130371,6
0,8.6770601272583,4
3,6.041050910949707,9
1,13.70753288269043,7
2,10.126337051391602,0
1,12.253149032592773,2
0,8.506104469299316,8
3,8.544915199279785,5
3,6.6401567459106445,1
2,6.64015531539917,1
0,8.544633865356445,5
1,9.999220848083496,3
3,8.505382537841797,8
1,8.630029678344727,4
2,10.125625610351562,0
0,6.104538440704346,9
2,5.983519554138184,6
0,8.790589332580566,3
3,13.576336860656738,7
1,12.273298263549805,2
3,5.982321739196777,6
2,12.269298553466797,2
1,6.078970909118652,9
0,13.574273109436035,7
2,10.238934516906738,0
0,8.665155410766602,4
1,8.780707359313965,3
3,8.507453918457031,8
2,8.580461502075195,5
0,8.580464363098145,5
1,6.145716667175293,9
3,6.176574230194092,1
2,7.357868194580078,6
3,11.614689826965332,2
1,13.950197219848633,7
0,8.735383987426758,8
3,10.243125915527344,0
0,6.186397552490234,1
1,8.772198677062988,3
2,8.701597213745117,4
0,7.365021228790283,6
3,8.701888084411621,4
2,13.950922966003418,7
1,8.772249221801758,3
1,6.127718925476074,9
3,10.266275405883789,0
2,6.230142593383789,1
0,8.785776138305664,8
2,8.811317443847656,8
0,11.484743118286133,2
3,14.219273567199707,7
1,8.591690063476562,5
2,8.595096588134766,5
0,6.233105659484863,1
1,8.75947093963623,3
3,11.492197036743164,2
3,10.274879455566406,0
0,6.114188194274902,9
1,8.805451393127441,4
2,7.06221342086792,6
3,10.274829864501953,0
0,14.22120475769043,7
2,6.1139349937438965,9
1,8.90314769744873,8
0,7.068036079406738,6
3,8.716360092163086,5
2,9.304585456848145,3
1,8.81029224395752,4
2,8.715770721435547,5
0,11.592365264892578,2
3,14.219497680664062,7
1,6.211605548858643,1
1,6.0925774574279785,9
0,11.454994201660156,2
2,6.2124247550964355,1
3,8.819183349609375,4
0,7.069384574890137,6
3,10.35252571105957,0
2,9.284777641296387,3
1,8.797744750976562,8
3,11.454283714294434,2
1,7.069418430328369,6
2,8.796493530273438,8
0,8.820066452026367,4
3,8.735208511352539,5
0,6.072256565093994,1
2,14.261785507202148,7
1,9.27273178100586,3
2,8.884203910827637,8
3,6.074734687805176,9
1,10.356739044189453,0
0,6.074733734130859,9
0,10.356642723083496,0
2,7.776352882385254,6
3,6.0714850425720215,1
1,8.820718765258789,4
1,9.182809829711914,3
0,9.416582107543945,5
3,14.303385734558105,7
2,11.52722454071045,2
3,7.850584983825684,6
2,6.045459747314453,9
1,9.416399002075195,5
0,8.914383888244629,8
0,9.182814598083496,3
2,5.9093217849731445,1
3,8.853196144104004,4
1,14.303321838378906,7
3,6.0454607009887695,9
1,10.547828674316406,0
0,11.526676177978516,2
2,14.303314208984375,7
0,7.879232406616211,6
2,8.382637977600098,8
3,11.552852630615234,2
1,8.875036239624023,4
2,10.437942504882812,0
0,9.228343963623047,5
3,6.317699432373047,1
1,9.113536834716797,3
2,6.311629295349121,1
3,9.228130340576172,5
1,8.875751495361328,4
0,14.119379043579102,7
3,10.438488006591797,0
1,11.5525484085083,2
0,8.380814552307129,8
2,9.114121437072754,3
0,7.880786895751953,6
2,6.022603988647461,9
3,8.380813598632812,8
1,8.875389099121094,4
0,7.916200637817383,6
2,7.893672943115234,1
3,9.44271469116211,5
1,14.886985778808594,7
2,6.080962181091309,9
0,8.784804344177246,3
3,9.762330055236816,0
1,12.406364440917969,2
0,9.098191261291504,8
2,6.077178001403809,9
1,9.762279510498047,0
3,7.916291236877441,6
3,11.781025886535645,2
2,8.15006160736084,4
1,8.73314094543457,3
0,7.81044864654541,1
0,8.75770378112793,5
3,8.152989387512207,4
1,12.709901809692383,7
2,5.893211364746094,9
2,9.77094841003418,0
1,8.757286071777344,5
0,11.663074493408203,2
3,7.878551483154297,1
0,8.467784881591797,6
2,9.080561637878418,8
3,9.481319427490234,3
1,12.701372146606445,7
0,5.873402118682861,9
2,10.730561256408691,2
1,9.481460571289062,3
3,10.68276596069336,0
0,10.212092399597168,8
1,8.679054260253906,6
2,8.532979011535645,4
3,7.258143424987793,1
3,8.435017585754395,5
2,10.211899757385254,8
0,11.54665756225586,7
1,8.435018539428711,5
1,8.665684700012207,6
3,7.363348007202148,1
2,8.531825065612793,4
0,9.190391540527344,3
3,10.698967933654785,0
0,11.4550199508667,7
1,5.773665428161621,9
2,10.81655216217041,2
1,10.698907852172852,0
2,5.773700714111328,9
3,8.547292709350586,4
0,10.816612243652344,2
0,9.300649642944336,6
2,8.621956825256348,5
1,10.525208473205566,8
3,11.529500007629395,7
3,7.398015022277832,1
1,8.346565246582031,5
2,10.258222579956055,3
0,10.258222579956055,3
3,9.286731719970703,6
0,11.529302597045898,7
2,10.283353805541992,2
1,10.711689949035645,0
0,7.374649524688721,1
3,8.29263687133789,4
1,10.640348434448242,8
2,5.748521327972412,9
1,10.640251159667969,8
3,7.374484062194824,1
2,11.401958465576172,7
0,10.201544761657715,3
2,10.106897354125977,0
0,5.6569671630859375,9
1,8.316215515136719,4
3,9.369368553161621,6
3,10.258736610412598,2
0,8.316144943237305,4
1,10.258735656738281,2
2,8.6634521484375,5
2,10.10744571685791,0
3,10.700190544128418,8
0,9.371150970458984,6
1,5.6526079177856445,9
1,7.259909629821777,1
0,8.648137092590332,5
3,10.188874244689941,3
2,11.520650863647461,7
1,10.634352684020996,8
2,10.178949356079102,0
0,11.520597457885742,7
3,8.648017883300781,5
0,7.255021095275879,1
2,9.461220741271973,4
1,10.160765647888184,3
3,10.395807266235352,2
3,8.650087356567383,6
2,8.650090217590332,6
0,6.548227310180664,9
1,11.839174270629883,7
3,10.562446594238281,8
1,10.161181449890137,3
0,10.093871116638184,0
2,9.458244323730469,4
0,7.281952381134033,1
2,7.8708672523498535,9
3,10.374595642089844,2
1,8.64809799194336,5
0,12.049590110778809,7
1,7.28192663192749,1
2,10.374561309814453,2
3,10.157126426696777,3
2,8.696603775024414,6
0,10.524162292480469,8
3,9.629167556762695,4
1,8.91501235961914,5
0,11.287040710449219,7
2,10.404214859008789,2
1,7.863221168518066,9
3,9.77253532409668,0
2,9.772245407104492,0
1,7.372248649597168,1
3,10.164969444274902,3
0,8.914762496948242,5
3,10.50487995147705,8
0,9.577779769897461,4
1,8.707365036010742,6
2,7.852750301361084,9
3,9.777727127075195,0
2,8.707472801208496,6
0,7.366837024688721,1
1,7.852648735046387,9
1,8.789588928222656,5
0,9.968183517456055,4
3,13.47651195526123,7
2,10.746798515319824,2
0,8.37621021270752,8
1,8.376209259033203,8
2,10.347780227661133,3
3,8.789566040039062,5
2,9.767152786254883,0
0,7.009075164794922,1
3,7.840760231018066,9
1,9.967731475830078,4
3,10.353193283081055,3
0,8.719328880310059,6
1,10.741569519042969,2
2,13.63822078704834,7
2,8.840201377868652,8
3,9.753000259399414,0
0,10.741680145263672,2
1,8.097517013549805,9
2,8.872795104980469,5
3,10.353776931762695,3
1,9.984790802001953,4
0,13.64477252960205,7
0,8.730663299560547,6
2,10.7376708984375,2
1,9.984786033630371,4
3,7.040996551513672,1
2,9.705204010009766,0
3,8.71942138671875,6
0,10.349725723266602,3
1,7.043442249298096,1
3,7.674125671386719,9
2,8.496628761291504,5
1,8.35578727722168,8
0,13.648384094238281,7
1,8.722747802734375,6
0,8.496317863464355,5
3,7.046080589294434,1
2,10.34318733215332,3
0,8.350460052490234,8
3,10.926380157470703,2
2,9.979549407958984,4
1,13.65241527557373,7
3,6.560771465301514,1
1,8.95083236694336,6
2,9.705802917480469,0
0,7.654518127441406,9
0,10.926145553588867,2
1,8.49560832977295,5
2,13.651329040527344,7
3,7.650551795959473,9
3,9.709320068359375,0
2,8.245444297790527,8
1,10.478063583374023,3
0,9.997405052185059,4
0,8.495278358459473,5
3,12.32291030883789,2
1,9.997347831726074,4
2,10.478090286254883,3
0,9.711189270019531,0
2,7.648983955383301,9
1,8.929543495178223,6
3,6.889897346496582,1
0,8.238959312438965,8
1,10.001949310302734,4
3,13.080885887145996,7
2,13.08088493347168,7
2,9.711685180664062,0
1,7.648913860321045,9
3,6.889945030212402,1
0,10.482623100280762,3
1,8.934507369995117,6
0,8.70559024810791,8
2,8.45954704284668,5
3,12.66485595703125,2
3,7.639684677124023,9
1,8.93403434753418,6
2,8.704879760742188,8
0,13.089276313781738,7
1,9.120077133178711,0
2,12.665750503540039,2
0,6.839982032775879,1
3,9.732084274291992,4
3,8.454734802246094,5
2,6.840183258056641,1
1,7.181046485900879,9
0,10.865147590637207,3
0,8.454891204833984,5
3,10.864933013916016,3
2,13.095988273620605,7
1,12.665891647338867,2
0,8.225561141967773,8
1,9.112236022949219,0
2,9.745431900024414,4
3,7.783817291259766,6
3,6.784030437469482,1
0,8.441286087036133,5
1,9.7454252243042,4
2,13.092903137207031,7
1,9.109132766723633,0
3,7.093691825866699,9
0,13.036216735839844,2
2,9.898538589477539,3
2,8.745561599731445,8
1,7.785429954528809,6
3,13.089635848999023,7
0,9.898338317871094,3
3,9.108872413635254,0
0,8.427903175354004,5
1,7.785161018371582,6
2,13.03597640991211,2
2,6.731386661529541,1
1,7.082602024078369,9
0,8.453320503234863,4
3,8.744686126708984,8
3,7.790621757507324,6
0,8.74459171295166,8
2,7.082577228546143,9
1,13.225372314453125,7
3,6.723240852355957,1
0,11.743654251098633,2
2,8.433599472045898,4
1,8.98563289642334,3
3,9.095743179321289,0
1,8.190091133117676,5
2,9.736597061157227,3
0,13.230628967285156,7
0,8.757760047912598,8
3,8.190084457397461,5
1,7.728727340698242,6
2,8.433219909667969,4
3,9.48290729522705,0
1,6.7259039878845215,1
2,11.267143249511719,2
0,7.070472717285156,9
2,9.482826232910156,0
0,8.286083221435547,5
1,13.577596664428711,7
3,7.747002601623535,6
3,8.75385856628418,8
2,11.568160057067871,2
1,8.991985321044922,3
0,6.021371841430664,9
3,6.87092399597168,1
1,11.567566871643066,2
0,8.464046478271484,4
2,6.021387100219727,9
3,8.753889083862305,8
1,9.005057334899902,0
0,8.4654541015625,4
2,8.99090576171875,3
0,8.567047119140625,5
1,7.933814525604248,6
2,6.862529754638672,1
3,13.557616233825684,7
0,8.762730598449707,8
1,6.86248254776001,1
2,8.567102432250977,5
3,11.56599235534668,2
0,13.555723190307617,7
2,9.116090774536133,3
1,6.112978935241699,9
3,7.9626946449279785,6
3,8.603981018066406,4
1,8.836322784423828,0
0,6.848695755004883,1
2,9.110177040100098,3
3,8.818079948425293,8
0,11.77606201171875,2
2,6.1103010177612305,9
1,13.55172348022461,7
2,8.558411598205566,5
1,7.804852485656738,0
0,7.97845983505249,6
3,9.072765350341797,4
2,9.113688468933105,8
1,8.558354377746582,5
3,6.852753639221191,1
0,13.54870319366455,7
3,8.081790924072266,0
2,11.89007568359375,2
1,6.154052257537842,9
0,9.167434692382812,4
2,8.857987403869629,5
3,7.9285478591918945,6
1,11.891462326049805,2
0,9.539335250854492,3
0,8.452800750732422,8
2,7.737634181976318,6
1,6.1848955154418945,9
3,9.170072555541992,4
2,8.093735694885254,0
1,6.989990234375,1
3,9.453289031982422,3
0,13.139595985412598,7
0,11.8900146484375,2
1,8.093734741210938,0
3,6.184805870056152,9
2,13.139595031738281,7
3,8.916658401489258,5
1,8.576549530029297,8
2,9.413224220275879,3
0,8.559436798095703,4
2,8.916409492492676,5
1,6.563879013061523,1
3,7.526981353759766,6
0,9.411645889282227,3
3,9.083050727844238,8
0,11.57962417602539,2
2,13.484100341796875,7
1,8.572105407714844,4
2,8.157430648803711,0
1,7.50709867477417,6
0,7.22599458694458,9
3,7.979423999786377,1
0,7.50730037689209,6
1,10.655491828918457,5
2,13.482892990112305,7
3,10.091961860656738,3
3,8.172285079956055,0
0,9.173188209533691,8
1,11.670087814331055,2
2,9.794242858886719,4
3,7.978368759155273,1
0,11.669462203979492,2
1,7.978369235992432,1
2,6.456230163574219,9
0,7.536899566650391,6
3,10.695435523986816,5
2,9.814791679382324,4
1,10.818193435668945,3
2,8.133577346801758,0
0,9.077547073364258,8
3,6.512447357177734,9
1,13.337636947631836,7
0,11.670866966247559,2
3,8.133419036865234,0
1,7.979832649230957,1
2,10.8180513381958,3
3,6.143322467803955,6
0,9.358479499816895,8
1,11.014578819274902,5
2,9.242483139038086,4
3,7.256463050842285,9
0,10.853933334350586,2
1,13.245966911315918,7
2,13.245967864990234,7
1,11.029525756835938,5
2,7.382757186889648,1
0,9.377184867858887,8
3,6.133466720581055,6
3,9.340880393981934,4
0,11.065584182739258,3
2,7.943310737609863,0
1,7.2245941162109375,9
2,11.02951431274414,5
1,9.35959243774414,8
0,7.360478401184082,1
3,13.242450714111328,7
3,7.540582180023193,9
1,6.133677959442139,6
2,11.60970687866211,2
0,9.351815223693848,4
3,7.527264595031738,0
2,7.54054069519043,9
0,10.122322082519531,3
1,13.239154815673828,7
2,9.29820728302002,5
3,10.21552848815918,3
1,5.897580146789551,6
0,7.301144599914551,1
0,9.508966445922852,8
2,12.452144622802734,2
3,4.6475982666015625,0
1,9.404356002807617,4
3,7.228714942932129,9
0,9.298150062561035,5
1,4.647586822509766,0
2,13.237899780273438,7
3,5.902104377746582,6
0,9.41128158569336,4
2,12.377280235290527,2
1,7.302000999450684,1
1,9.523383140563965,8
3,12.37733268737793,2
2,10.220378875732422,3
0,9.411134719848633,4
0,4.671257019042969,0
1,9.532880783081055,8
2,7.302680015563965,1
3,12.873170852661133,7
3,5.905902862548828,6
2,7.400676250457764,9
1,10.222532272338867,3
0,9.290081977844238,5
0,12.328713417053223,2
1,9.289545059204102,5
3,7.398777961730957,9
2,8.754138946533203,4
0,4.784068584442139,0
3,5.912747859954834,6
2,7.073416233062744,1
1,9.407630920410156,3
1,9.45821762084961,8
0,8.83569049835205,5
2,9.407502174377441,3
3,13.112571716308594,7
0,11.670595169067383,2
3,7.3795647621154785,9
2,7.080404281616211,1
1,13.101248741149902,7
2,4.875216484069824,0
3,9.476621627807617,8
1,5.9846510887146,6
0,8.643649101257324,4
0,9.400323867797852,3
1,7.084660053253174,1
2,9.47887897491455,8
3,11.676847457885742,2
0,7.401688575744629,9
3,8.832528114318848,5
2,5.166726589202881,6
1,8.628355026245117,4
1,6.884737491607666,0
3,11.682313919067383,2
0,12.298413276672363,7
2,12.298412322998047,7
0,7.060896873474121,0
2,5.263545989990234,6
1,7.0859270095825195,1
3,9.563199996948242,8
3,7.905030727386475,9
1,8.833054542541504,5
2,9.054393768310547,3
0,8.625482559204102,4
2,9.563054084777832,8
3,8.625434875488281,4
1,7.062811851501465,1
0,7.060878276824951,0
0,5.264333248138428,6
3,12.29323959350586,7
1,7.901525497436523,9
2,9.05594253540039,3
2,11.690181732177734,2
1,11.690180778503418,2
3,8.833566665649414,5
0,12.031543731689453,7
2,8.833572387695312,5
1,5.2665815353393555,6
3,8.617762565612793,4
0,8.190719604492188,1
0,9.395774841308594,8
2,7.067526817321777,0
3,7.493208885192871,9
1,9.048811912536621,3
3,7.371699333190918,0
2,5.2668137550354,6
1,11.713567733764648,2
0,7.528130531311035,9
0,9.312856674194336,8
2,8.834754943847656,5
1,8.713985443115234,4
3,8.220671653747559,1
0,12.021463394165039,7
3,9.18365478515625,3
1,7.547805309295654,0
2,8.233491897583008,1
2,8.705113410949707,8
3,7.561985015869141,9
1,12.01437759399414,7
0,11.7469482421875,2
2,5.939368724822998,6
3,8.841261863708496,5
0,8.70447826385498,4
1,9.18515396118164,3
1,12.007503509521484,7
3,8.84328842163086,5
2,9.17039680480957,3
0,11.769725799560547,2
0,7.599482536315918,0
1,7.273996353149414,6
2,7.591409683227539,9
3,8.255919456481934,1
0,9.742088317871094,8
3,8.405671119689941,4
2,7.476910591125488,9
1,7.268766403198242,6
0,7.615025520324707,0
3,8.270591735839844,1
1,11.997142791748047,7
2,9.141366958618164,3
0,8.838597297668457,5
1,9.741914749145508,8
3,11.808318138122559,2
2,8.864792823791504,4
1,7.90933895111084,0
0,9.097223281860352,5
2,8.209787368774414,1
3,9.546085357666016,3
2,11.95203685760498,7
1,7.290035247802734,6
0,9.722399711608887,8
3,9.301165580749512,4
3,11.441041946411133,2
2,7.363104343414307,9
0,7.379519462585449,9
1,11.900731086730957,7
1,7.791786193847656,0
0,7.319429397583008,6
3,9.260791778564453,4
2,9.089942932128906,5
1,9.748741149902344,8
3,11.440631866455078,2
0,10.623001098632812,3
2,8.059268951416016,1
2,7.830608367919922,0
1,9.792797088623047,8
0,9.085712432861328,5
3,8.154586791992188,1
2,7.334576606750488,6
3,7.979708671569824,9
1,10.829583168029785,3
0,9.24045181274414,4
0,9.362848281860352,8
2,11.698888778686523,2
1,11.620077133178711,7
3,11.698890686035156,2
3,11.620107650756836,7
0,8.14227294921875,1
1,7.321738243103027,6
2,9.150861740112305,4
2,7.852449417114258,0
0,9.082474708557129,5
1,8.011951446533203,9
3,10.787393569946289,3
1,9.08526611328125,5
2,9.824758529663086,7
0,12.093215942382812,2
3,11.08824634552002,3
0,9.508481979370117,8
2,7.348415374755859,0
3,8.604296684265137,1
1,8.120124816894531,9
2,9.553675651550293,8
1,7.2436699867248535,6
3,11.057425498962402,3
0,9.49565315246582,4
1,8.784809112548828,5
0,9.825190544128418,7
2,9.495636940002441,4
3,8.590006828308105,1
3,7.250835418701172,6
0,6.955371856689453,0
2,12.12688159942627,2
1,8.159741401672363,9
0,9.593789100646973,8
2,7.2537689208984375,6
1,12.131257057189941,2
3,11.035799026489258,3
3,7.121878623962402,0
0,9.825204849243164,7
1,8.788708686828613,5
2,8.646976470947266,1
1,7.332176685333252,6
2,8.194929122924805,9
3,10.611350059509277,4
0,10.611351013183594,4
2,9.074507713317871,5
1,9.827028274536133,7
0,8.194934844970703,9
3,11.851025581359863,3
1,9.805464744567871,8
2,7.275524139404297,0
3,8.575828552246094,1
0,10.664212226867676,2
0,7.294449806213379,0
3,10.663810729980469,2
2,8.219108581542969,9
1,10.613687515258789,4
3,9.814315795898438,8
2,6.996962547302246,6
0,11.697510719299316,3
1,8.575994491577148,1
3,9.943517684936523,5
1,9.792051315307617,7
2,9.792051315307617,7
0,8.242469787597656,9
2,9.834047317504883,8
3,7.320628643035889,0
0,9.944366455078125,5
1,6.302271842956543,6
2,10.616119384765625,4
0,10.679516792297363,2
1,11.385218620300293,3
3,9.296758651733398,1
0,10.242895126342773,7
3,11.94377613067627,3
2,7.345752239227295,0
1,8.097159385681152,9
1,9.857845306396484,8
0,6.300788879394531,6
3,10.689061164855957,2
2,9.30179214477539,1
0,9.960588455200195,5
1,8.029123306274414,9
2,10.617755889892578,4
3,10.617752075195312,4
2,10.253355026245117,7
1,9.961509704589844,5
3,9.347480773925781,1
0,10.702995300292969,2
0,10.08243465423584,8
3,7.4039411544799805,0
2,6.383446216583252,6
1,11.919869422912598,3
0,10.62246322631836,4
2,8.043668746948242,9
1,11.915826797485352,3
3,10.708520889282227,2
3,10.266845703125,7
0,7.410774230957031,0
2,10.082054138183594,8
1,8.520540237426758,1
3,6.31719446182251,6
1,9.97754192352295,5
2,10.717711448669434,2
0,11.905587196350098,3
0,9.911645889282227,8
3,9.978307723999023,5
2,8.06599235534668,9
1,10.279830932617188,7
3,6.333269119262695,6
2,8.529613494873047,1
1,11.455785751342773,4
0,7.4576735496521,0
0,10.275564193725586,7
2,8.518481254577637,1
3,10.738279342651367,3
1,7.89194917678833,9
0,11.456547737121582,4
2,9.919404983520508,8
1,7.456790924072266,0
3,10.717737197875977,2
3,9.948050498962402,8
0,9.988899230957031,5
2,9.157331466674805,6
1,10.722723007202148,3
0,7.507302284240723,0
1,10.292301177978516,7
3,9.157302856445312,6
2,7.941746234893799,9
2,11.462160110473633,4
1,8.526894569396973,1
3,11.104848861694336,2
0,9.987667083740234,5
3,8.532792091369629,1
0,10.867938041687012,3
1,9.631132125854492,6
2,11.100847244262695,2
0,7.528885841369629,0
2,10.303401947021484,7
3,7.9516143798828125,9
1,11.45258617401123,4
1,10.007915496826172,8
0,10.007918357849121,8
3,10.010698318481445,5
2,10.80014419555664,3
1,7.566397666931152,0
2,7.764114856719971,9
0,11.51797103881836,2
3,8.813667297363281,1
2,10.024131774902344,5
1,10.340347290039062,7
0,9.416520118713379,6
3,11.280083656311035,4
3,10.340251922607422,7
1,7.616783142089844,0
2,11.279921531677246,4
0,9.41671371459961,6
3,10.023839950561523,5
1,8.131980895996094,9
0,8.828176498413086,1
2,10.857504844665527,3
3,10.052016258239746,8
0,8.153371810913086,9
2,11.564936637878418,2
1,5.803800582885742,0
1,9.419031143188477,6
0,8.577390670776367,1
3,10.051871299743652,8
2,11.382282257080078,4
3,10.275712966918945,7
1,10.927437782287598,5
0,11.58538818359375,2
2,11.07780933380127,3
2,8.309330940246582,9
0,5.8354878425598145,0
3,8.456558227539062,1
1,11.585672378540039,2
2,10.077718734741211,8
1,10.924318313598633,5
3,11.381874084472656,4
0,9.422194480895996,6
2,10.047919273376465,8
0,11.02079963684082,3
3,8.475433349609375,1
1,10.28370475769043,7
0,8.168241500854492,9
1,11.096221923828125,4
2,9.416961669921875,6
3,10.9967041015625,2
3,5.9379425048828125,0
1,10.957171440124512,5
2,10.281152725219727,7
0,11.148651123046875,3
0,10.281161308288574,7
2,11.097208976745605,4
3,8.485820770263672,1
1,11.14871597290039,3
3,10.073838233947754,8
2,5.988285064697266,0
0,10.846613883972168,5
1,10.716869354248047,2
2,9.414612770080566,6
3,8.43997573852539,9
1,9.414608001708984,6
0,10.288595199584961,7
3,8.439817428588867,9
0,10.583791732788086,4
2,8.497987747192383,1
1,10.703240394592285,3
0,10.086673736572266,8
2,6.032720565795898,0
1,10.833316802978516,5
3,10.734155654907227,2
2,9.452574729919434,6
1,6.032846927642822,0
0,10.59377670288086,4
3,10.696813583374023,3
3,10.093189239501953,8
2,10.827213287353516,5
1,11.09001350402832,7
0,8.463266372680664,1
1,11.226064682006836,7
2,8.4638032913208,1
3,10.67209243774414,2
0,8.477212905883789,9
2,10.092854499816895,8
0,10.829444885253906,5
1,10.605196952819824,4
3,8.477436065673828,9
0,10.676812171936035,3
3,6.132022857666016,0
2,9.355854034423828,6
1,10.979159355163574,2
3,6.132079124450684,0
1,10.096384048461914,8
0,10.843002319335938,5
2,10.9791898727417,2
2,10.625770568847656,4
3,11.16438102722168,7
1,8.470890045166016,1
0,8.542534828186035,9
3,9.355320930480957,6
0,10.676847457885742,3
2,11.164395332336426,7
1,9.35531997680664,6
2,10.097166061401367,8
3,10.62620735168457,4
1,10.844231605529785,5
0,10.983016014099121,2
2,6.130745887756348,0
3,8.553226470947266,9
0,9.203531265258789,1
1,10.672893524169922,3
3,10.096724510192871,8
0,9.20353889465332,1
1,8.55322551727295,9
2,10.62667465209961,4
1,11.16109848022461,7
2,10.845673561096191,5
0,9.381012916564941,6
3,10.987711906433105,2
1,6.132359504699707,0
2,11.15975570678711,7
0,8.569892883300781,9
3,10.681407928466797,3
0,10.846944808959961,5
2,10.703060150146484,4
3,10.678194999694824,3
1,9.367216110229492,6
3,9.108116149902344,1
2,10.686338424682617,2
0,10.0933837890625,8
1,6.135295867919922,0
2,10.686600685119629,2
0,8.576248168945312,9
1,9.386079788208008,6
3,10.678243637084961,3
1,10.848033905029297,5
0,10.764617919921875,4
3,6.139311790466309,0
2,9.116604804992676,1
2,10.096418380737305,8
3,10.84773063659668,5
1,11.160562515258789,7
0,9.36924934387207,6
3,10.147418975830078,8
2,11.157471656799316,7
1,6.1140899658203125,0
0,10.67319107055664,3
3,10.765603065490723,4
1,8.596415519714355,9
2,10.695560455322266,2
0,9.140824317932129,1
2,6.135787010192871,0
0,9.370848655700684,6
3,9.140995025634766,1
1,10.765665054321289,4
1,10.149983406066895,8
2,10.710147857666016,5
0,10.697741508483887,2
3,8.599157333374023,9
0,10.149491310119629,8
3,11.157815933227539,7
1,10.850038528442383,3
2,8.599183082580566,9
3,10.054449081420898,5
0,11.156137466430664,7
2,10.717784881591797,3
1,9.358810424804688,6
2,6.142185211181641,0
3,10.702077865600586,2
1,10.790426254272461,4
0,9.147082328796387,1
3,10.152246475219727,8
1,6.144354820251465,0
2,10.05414867401123,5
0,10.790397644042969,4
2,8.607385635375977,9
0,10.714139938354492,3
3,9.13037109375,1
1,11.155109405517578,7
0,9.130284309387207,1
1,9.35823917388916,6
3,11.1551513671875,7
2,10.847177505493164,2
0,10.019725799560547,8
2,9.188704490661621,6
1,5.890688896179199,0
3,10.851390838623047,2
0,10.164039611816406,5
3,9.089338302612305,4
2,8.610902786254883,9
1,10.711246490478516,3
2,9.196385383605957,6
3,10.711246490478516,3
0,11.154345512390137,7
1,9.0891695022583,4
2,5.89158821105957,0
0,10.8512601852417,2
3,8.61341381072998,9
1,9.13502311706543,1
1,10.166074752807617,5
3,9.134929656982422,1
0,9.078357696533203,6
2,10.025596618652344,8
1,11.149099349975586,7
0,9.516548156738281,4
3,10.02896785736084,8
2,10.707221984863281,3
0,10.833866119384766,5
3,10.849501609802246,2
1,5.8849687576293945,0
2,8.61892318725586,9
0,5.8849639892578125,0
1,11.148192405700684,7
3,10.706844329833984,3
2,9.515647888183594,4
2,10.032795906066895,8
3,10.851850509643555,2
1,10.835482597351074,5
0,9.137940406799316,1
0,9.092705726623535,6
3,9.092704772949219,6
2,8.62450122833252,9
1,10.851081848144531,2
1,10.036757469177246,8
3,11.14272689819336,7
0,10.836389541625977,5
2,5.85336446762085,0
2,10.702123641967773,3
0,9.273683547973633,1
1,9.504676818847656,4
3,8.629690170288086,9
0,10.036714553833008,8
3,10.848566055297852,2
2,11.138631820678711,7
1,8.629962921142578,9
3,5.832752227783203,0
0,10.700845718383789,3
2,9.275046348571777,1
1,10.812135696411133,5
2,10.038579940795898,8
1,9.10097599029541,6
3,9.499022483825684,4
0,11.137748718261719,7
0,10.854195594787598,2
3,9.104974746704102,6
2,8.640336990356445,9
1,10.698209762573242,3
0,5.892287731170654,0
3,9.495987892150879,4
1,9.276826858520508,1
2,10.94858455657959,5
2,9.111722946166992,6
0,10.85386848449707,2
1,10.696260452270508,3
3,8.644901275634766,9
0,9.913101196289062,8
3,9.493001937866211,4
2,5.863090515136719,0
1,10.952703475952148,5
3,9.913247108459473,8
1,11.1371431350708,7
2,10.853936195373535,2
0,9.180307388305664,1
2,9.123638153076172,6
3,9.490959167480469,4
0,10.581290245056152,5
1,10.695813179016113,3
0,11.136954307556152,7
1,5.870871543884277,0
3,8.637840270996094,9
2,9.179601669311523,1
1,11.132540702819824,7
0,9.119976043701172,6
2,10.857274055480957,2
3,10.696528434753418,3
1,5.845693588256836,0
0,9.016307830810547,1
3,8.638006210327148,9
2,9.488723754882812,4
0,9.916779518127441,8
2,10.583218574523926,5
3,10.697269439697266,3
1,10.583219528198242,5
1,9.91690731048584,8
2,8.685754776000977,9
3,9.485464096069336,4
0,9.129364967346191,6
3,5.81871223449707,0
0,9.016006469726562,1
2,11.13469409942627,7
1,10.8554105758667,2
2,10.526690483093262,3
0,9.016817092895508,1
1,9.482986450195312,4
3,5.79339075088501,0
2,10.990649223327637,7
3,10.495059967041016,5
1,9.14318561553955,6
0,10.855123519897461,2
0,9.917706489562988,8
1,10.495059967041016,5
3,8.705957412719727,9
2,8.705955505371094,9
1,10.986055374145508,7
2,5.763818740844727,0
0,10.857269287109375,2
3,9.481788635253906,4
2,9.919073104858398,8
3,10.527177810668945,3
0,9.150463104248047,6
1,8.999893188476562,1
3,10.851533889770508,2
1,9.160270690917969,6
0,10.499114036560059,5
2,9.359670639038086,4
0,5.759397029876709,0
2,8.99918270111084,1
1,10.747900009155273,3
3,9.916007041931152,8
2,9.915956497192383,8
0,10.983357429504395,7
3,7.603254318237305,9
1,8.999059677124023,1
1,5.743312835693359,0
3,10.984916687011719,7
2,10.842947006225586,2
0,10.44102668762207,5
2,9.141557693481445,6
1,8.932445526123047,4
3,10.752250671386719,3
0,7.597879409790039,9
3,9.914247512817383,8
0,8.932437896728516,4
2,10.752204895019531,3
1,10.286221504211426,1
0,10.841830253601074,2
3,10.470359802246094,5
1,7.596304893493652,9
2,9.16225814819336,6
0,10.976353645324707,7
2,5.733124256134033,0
1,10.290910720825195,1
3,10.755023002624512,3
0,9.916265487670898,8
2,10.475204467773438,5
3,5.970553398132324,0
1,10.970447540283203,7
0,8.890642166137695,4
3,7.5935893058776855,9
2,7.570464134216309,6
1,11.2794189453125,2
3,10.33668327331543,1
2,8.89063549041748,4
1,10.757716178894043,3
0,10.477148056030273,5
3,7.6065826416015625,6
0,7.591530799865723,9
2,11.272013664245605,2
1,10.968911170959473,7
1,9.91567611694336,8
0,5.9600372314453125,0
3,5.960046291351318,0
2,8.892507553100586,4
2,10.482928276062012,5
1,10.735837936401367,3
0,11.267495155334473,2
3,9.913130760192871,8
2,7.480621337890625,6
1,9.442094802856445,1
3,10.963703155517578,7
0,7.595011234283447,9
1,10.962929725646973,7
3,10.268765449523926,4
2,11.265360832214355,2
0,9.442163467407227,1
2,5.690634250640869,0
0,7.595911979675293,9
3,10.80285930633545,3
1,11.018889427185059,5
2,10.044885635375977,8
0,10.044879913330078,8
3,10.802793502807617,3
1,7.554208755493164,6
0,11.008709907531738,7
1,9.824078559875488,4
2,11.015997886657715,5
3,7.716820240020752,9
2,9.331449508666992,6
3,9.78189754486084,1
0,12.219364166259766,2
1,5.682971954345703,0
3,9.978109359741211,6
0,5.671130657196045,0
2,9.38405704498291,8
1,10.707072257995605,3
3,12.21274471282959,2
0,9.789531707763672,1
1,7.710605621337891,9
2,8.846137046813965,4
3,11.077877044677734,5
2,11.302233695983887,7
0,9.384084701538086,8
1,11.07787799835205,5
3,5.785081386566162,0
0,11.50721549987793,7
1,11.66914176940918,2
2,9.008781433105469,4
2,7.229055881500244,9
1,10.114469528198242,6
0,10.738807678222656,3
3,9.925556182861328,1
0,9.92594051361084,1
2,11.18259048461914,2
3,11.37959098815918,5
1,9.116761207580566,4
3,9.444948196411133,8
0,10.013023376464844,6
2,7.223689079284668,9
1,11.990677833557129,7
1,6.262858867645264,0
3,6.262856483459473,0
2,11.397891998291016,2
0,10.741918563842773,3
2,9.417951583862305,8
0,10.268142700195312,6
3,11.981897354125977,7
1,7.218698501586914,9
1,10.957294464111328,3
0,11.396224975585938,5
2,9.963703155517578,1
3,8.968294143676758,4
3,9.417970657348633,8
2,7.21860933303833,9
0,11.982365608215332,7
1,11.395814895629883,5
1,6.697772026062012,0
2,9.546845436096191,1
3,10.44769287109375,2
0,10.774030685424805,3
1,12.1541748046875,6
3,6.697732925415039,0
2,10.447578430175781,2
0,8.768877983093262,4
0,11.35897445678711,6
3,10.773275375366211,3
2,8.766233444213867,4
1,9.545675277709961,1
3,9.423440933227539,8
2,11.38239860534668,5
0,11.27817153930664,7
1,7.109553337097168,9
1,10.715482711791992,3
0,8.786285400390625,4
3,11.390756607055664,5
2,10.49333381652832,2
2,9.362113952636719,8
3,8.894179344177246,1
0,7.180544376373291,9
1,11.287452697753906,7
2,6.693325996398926,0
3,11.335580825805664,6
0,11.392902374267578,5
1,11.335577964782715,6
2,8.892744064331055,1
1,6.690736293792725,0
3,8.767742156982422,4
0,10.515806198120117,3
2,9.37177562713623,8
0,7.058441162109375,9
1,11.287115097045898,7
3,10.529594421386719,2
2,6.681096076965332,0
0,11.287124633789062,7
1,10.517998695373535,3
3,9.654878616333008,4
3,11.278695106506348,6
0,10.541427612304688,2
1,7.060280799865723,9
2,8.882072448730469,1
2,9.362974166870117,8
1,11.281087875366211,6
3,11.426403045654297,5
0,8.867695808410645,4
3,6.673069000244141,0
0,11.439353942871094,5
2,10.55156135559082,2
1,11.30495834350586,7
2,7.05549430847168,9
1,8.925559043884277,1
3,10.506366729736328,3
0,9.370450973510742,8
2,11.223456382751465,5
3,7.0554423332214355,9
0,9.471141815185547,4
1,6.6505889892578125,0
0,10.385360717773438,7
1,13.165694236755371,6
2,9.375905990600586,8
3,10.511492729187012,3
2,9.375858306884766,8
1,11.236786842346191,5
3,10.13817024230957,2
0,8.932859420776367,1
3,6.632421493530273,0
0,10.51010799407959,3
2,7.0512847900390625,9
1,10.139150619506836,2
1,13.331951141357422,6
2,10.482913970947266,7
3,9.49275016784668,4
0,8.859840393066406,1
2,7.0529985427856445,9
3,10.514900207519531,3
0,9.492719650268555,4
1,13.331869125366211,6
0,10.517436027526855,7
2,9.968812942504883,2
1,10.557778358459473,5
3,9.189595222473145,8
3,8.25690746307373,1
0,9.35795783996582,4
1,9.96889877319336,2
2,6.598428726196289,0
2,9.189589500427246,8
1,6.598172187805176,0
0,8.256881713867188,1
3,10.557730674743652,5
2,7.633439064025879,6
3,10.092647552490234,3
1,6.565460205078125,9
0,10.507625579833984,7
3,10.087091445922852,3
2,10.429949760437012,4
1,10.095117568969727,2
0,6.842896461486816,0
0,7.63414192199707,6
3,9.23744010925293,8
2,10.507158279418945,7
1,6.565220832824707,9
0,6.589470863342285,9
1,8.315450668334961,1
3,7.631373405456543,6
2,11.491215705871582,5
0,6.81544303894043,0
2,10.408147811889648,7
1,10.474912643432617,2
3,10.05947494506836,3
2,11.509925842285156,5
0,8.330364227294922,1
3,9.456033706665039,8
1,11.089517593383789,4
0,7.5715651512146,6
3,11.509705543518066,5
2,6.805291652679443,0
1,10.491226196289062,4
1,10.176158905029297,7
3,8.285097122192383,1
2,10.516702651977539,2
0,9.456195831298828,8
3,7.579329490661621,6
2,6.635122299194336,9
0,10.140676498413086,3
1,6.635124683380127,9
0,11.53260612487793,5
1,10.255878448486328,2
3,8.296029090881348,1
2,9.455547332763672,8
3,7.4860520362854,0
1,10.704618453979492,7
0,10.135499954223633,3
2,10.084114074707031,4
3,7.5847039222717285,6
2,8.80549430847168,1
1,10.704229354858398,7
0,11.673123359680176,5
3,10.13498306274414,3
2,6.645355224609375,9
1,10.553251266479492,2
0,7.486883163452148,0
2,8.47960376739502,1
3,10.214332580566406,7
0,10.403463363647461,4
1,9.444762229919434,8
3,7.478850364685059,0
0,9.444681167602539,8
2,6.685432434082031,9
1,10.130599975585938,3
1,7.849456787109375,6
0,11.957290649414062,5
2,10.424700736999512,4
3,10.587504386901855,2
0,6.693809986114502,9
1,7.849516868591309,6
2,10.051576614379883,7
3,8.481595993041992,1
2,9.419493675231934,8
1,7.476349353790283,0
0,12.007567405700684,5
3,10.12718391418457,3
2,8.493650436401367,1
3,10.602087020874023,2
0,7.8502726554870605,6
1,10.44946002960205,4
3,7.530078887939453,0
0,11.788274765014648,5
2,10.211413383483887,7
1,10.612319946289062,2
0,6.276913642883301,9
2,9.359875679016113,8
1,10.468461036682129,3
3,10.67335319519043,4
3,10.5015287399292,5
0,9.359838485717773,8
2,10.307065963745117,7
1,6.27691125869751,9
3,7.849963665008545,6
0,7.449495315551758,0
2,10.673269271850586,4
1,10.468358039855957,3
3,10.500812530517578,5
0,7.449772834777832,0
2,7.800610542297363,1
1,10.705955505371094,2
2,7.802767753601074,6
3,9.376062393188477,8
0,6.1559858322143555,9
1,10.65725326538086,2
0,10.302163124084473,3
1,10.352685928344727,7
3,10.456698417663574,4
2,7.782997131347656,1
0,6.157232284545898,9
2,10.456342697143555,4
1,10.301507949829102,3
3,7.783106803894043,1
0,7.47235631942749,0
3,10.594001770019531,5
1,7.803564071655273,6
2,10.635875701904297,2
0,9.467676162719727,8
2,10.389780044555664,7
1,7.469274520874023,0
3,7.599698543548584,1
0,10.265140533447266,2
2,6.301424980163574,9
3,10.599733352661133,5
1,9.467711448669434,8
2,10.29598617553711,3
0,10.389724731445312,7
1,7.984804153442383,6
3,10.370766639709473,4
0,6.302358627319336,9
2,7.349484443664551,0
3,10.41457748413086,4
1,7.984178066253662,6
2,10.602774620056152,5
1,10.360322952270508,7
0,7.624704837799072,1
3,9.846355438232422,8
2,10.28736686706543,2
0,6.860569953918457,9
3,10.295841217041016,3
1,7.624682426452637,1
0,10.36030387878418,7
3,7.3423357009887695,0
2,10.29583740234375,3
1,10.287352561950684,2
3,9.614028930664062,4
1,7.989367961883545,6
2,10.551116943359375,5
0,9.846184730529785,8
2,10.31159496307373,2
1,10.554767608642578,5
3,10.388840675354004,7
0,10.602054595947266,4
0,7.333929061889648,0
1,9.968212127685547,3
2,9.858352661132812,8
3,7.991777420043945,6
3,6.857523441314697,9
2,7.991455554962158,6
1,10.388832092285156,7
0,7.978569984436035,1
1,7.333367347717285,0
2,10.55533218383789,5
3,7.9782209396362305,1
0,10.601495742797852,4
3,6.776373386383057,9
2,9.87106990814209,8
1,10.33453369140625,2
0,9.002837181091309,3
1,11.173149108886719,5
2,10.334532737731934,2
3,6.776371955871582,9
0,9.871070861816406,8
2,7.663559436798096,0
3,9.959490776062012,4
0,7.9640583992004395,1
1,9.002914428710938,3
0,8.109848022460938,1
3,7.937324523925781,6
1,12.45885181427002,7
2,12.45884895324707,7
1,7.6604156494140625,0
0,6.771852970123291,9
3,11.174199104309082,5
2,9.000722885131836,3
1,7.991641044616699,6
2,9.526612281799316,2
3,9.87435531616211,8
0,9.945039749145508,4
3,6.7739715576171875,9
2,12.877262115478516,7
1,11.174687385559082,5
0,8.175448417663574,1
0,9.530117988586426,2
2,7.988419055938721,0
1,9.879678726196289,8
3,9.000876426696777,3
0,8.050079345703125,6
2,9.46188735961914,1
3,9.727073669433594,4
1,8.05008316040039,6
0,8.16041088104248,0
1,9.062281608581543,4
2,9.000099182128906,3
3,7.114345073699951,9
3,11.236689567565918,5
1,9.881385803222656,8
2,12.920659065246582,7
0,9.537395477294922,2
0,7.432708740234375,6
2,7.115060806274414,9
1,9.881366729736328,8
3,9.402887344360352,1
3,8.286785125732422,0
2,9.863183975219727,4
1,9.128320693969727,3
0,12.849542617797852,7
0,10.623329162597656,5
2,9.439140319824219,2
3,6.7618088722229,9
1,9.126935005187988,3
0,12.850592613220215,7
3,10.39344596862793,5
1,7.556022644042969,6
2,9.531218528747559,2
2,9.995126724243164,8
1,8.322547912597656,0
0,7.924485206604004,1
3,9.98670768737793,4
0,7.925393581390381,1
3,9.552154541015625,2
2,12.870485305786133,7
1,9.120530128479004,3
1,7.383445739746094,6
0,9.979851722717285,5
2,8.330154418945312,0
3,9.403440475463867,4
3,10.020169258117676,8
2,9.562211990356445,2
1,9.106056213378906,3
0,7.145735263824463,9
0,8.337589263916016,0
3,9.980594635009766,5
1,7.350226879119873,6
2,9.396151542663574,4
3,10.083290100097656,8
0,7.014388084411621,9
2,12.92257022857666,7
1,7.740801811218262,1
0,9.980413436889648,5
2,7.351010799407959,6
1,7.739577293395996,1
3,8.33635425567627,0
1,10.096015930175781,8
3,7.0056915283203125,9
2,9.343750953674316,3
0,10.21016788482666,4
0,12.123283386230469,7
2,7.121291637420654,1
3,7.005642890930176,9
1,10.845378875732422,2
3,12.129786491394043,7
2,8.576154708862305,5
1,8.984971046447754,3
0,10.101554870605469,8
0,8.598069190979004,0
3,10.837652206420898,2
2,9.71945571899414,4
1,7.395425796508789,6
0,8.57606029510498,5
1,12.129612922668457,7
3,9.720224380493164,4
2,8.597817420959473,0
2,8.585124969482422,9
0,7.2460150718688965,1
1,11.012664794921875,2
3,8.977336883544922,3
3,10.815816879272461,8
2,7.398085117340088,6
0,10.815817832946777,8
1,8.59157943725586,0
3,7.399101734161377,6
0,8.56396770477295,5
2,8.971625328063965,3
1,10.74020767211914,2
1,11.547234535217285,7
3,7.3536200523376465,1
2,9.751745223999023,4
0,8.753042221069336,9
3,11.547117233276367,7
2,8.752864837646484,9
0,10.70301628112793,2
1,10.789329528808594,8
3,8.44218635559082,5
1,9.080278396606445,0
0,9.364667892456055,3
2,7.375583648681641,1
2,7.375600814819336,1
0,10.694253921508789,2
3,7.404889106750488,6
1,9.77059555053711,4
0,9.080606460571289,0
2,8.44201946258545,5
1,10.750411987304688,8
3,7.404971599578857,6
1,11.943559646606445,7
0,9.38843059539795,3
2,9.34429931640625,9
3,9.784433364868164,4
2,8.436233520507812,5
3,10.712933540344238,8
1,7.461925506591797,1
0,9.344148635864258,9
0,7.407188415527344,6
3,9.168140411376953,0
1,9.385403633117676,3
2,9.781700134277344,4
1,10.693806648254395,8
2,11.946209907531738,7
0,10.685403823852539,2
3,7.484882831573486,1
3,9.168521881103516,0
2,9.34782886505127,9
0,9.78156852722168,4
1,10.684469223022461,2
0,7.408718585968018,6
2,8.394699096679688,5
1,11.9470853805542,7
3,9.380203247070312,3
1,10.457834243774414,8
0,9.380191802978516,3
3,11.946972846984863,7
2,9.838804244995117,4
3,8.630319595336914,0
1,7.409313678741455,6
2,9.340106010437012,9
0,8.393790245056152,5
0,7.480771064758301,1
3,10.661972045898438,2
2,10.661971092224121,2
1,7.480798244476318,1
1,7.410739421844482,6
0,9.329325675964355,9
2,12.322742462158203,7
3,9.371583938598633,3
1,10.448993682861328,8
0,8.370213508605957,5
3,8.592005729675293,0
2,9.817468643188477,4
0,12.322089195251465,7
3,9.315559387207031,9
2,9.817848205566406,4
1,7.473726749420166,1
3,10.64605712890625,2
2,9.36240291595459,3
1,8.59188461303711,0
0,7.417865753173828,6
0,10.442819595336914,8
3,8.461053848266602,5
2,7.479119777679443,1
1,7.671745300292969,6
0,10.442712783813477,8
3,8.46095085144043,5
2,9.357223510742188,3
1,10.37757682800293,2
2,9.321460723876953,9
0,8.571479797363281,0
1,12.323909759521484,7
3,10.238275527954102,4
2,11.129234313964844,8
0,9.73582649230957,2
1,9.298419952392578,9
3,10.238001823425293,4
3,8.451761245727539,5
2,12.324172019958496,7
0,7.4728546142578125,1
1,8.575047492980957,0
3,7.663551330566406,6
2,12.241755485534668,7
1,9.348363876342773,3
0,9.348366737365723,3
3,7.6636857986450195,6
0,7.764029502868652,1
2,9.09504222869873,9
1,8.68465805053711,5
3,11.906639099121094,8
0,7.589191913604736,0
1,9.232416152954102,2
2,9.88916015625,4
2,9.23223876953125,2
0,12.243646621704102,7
1,9.889585494995117,4
3,8.939488410949707,9
2,11.901652336120605,8
3,9.133990287780762,3
1,7.7571210861206055,1
0,7.582198143005371,0
0,7.479461193084717,6
2,8.640875816345215,5
3,8.768818855285645,9
1,9.519754409790039,2
1,8.640799522399902,5
2,11.911153793334961,8
3,7.845555305480957,1
0,9.607378005981445,4
2,7.4674577713012695,6
0,7.55734920501709,0
3,9.013307571411133,3
1,12.245512962341309,7
0,11.913470268249512,8
1,9.248800277709961,2
2,8.626742362976074,5
3,8.768148422241211,9
3,7.466190814971924,6
0,12.245738983154297,7
1,7.555975914001465,0
2,9.931511878967285,4
0,7.368758201599121,6
1,9.101606369018555,8
2,9.391504287719727,1
3,8.751482009887695,3
1,9.310965538024902,5
2,9.390840530395508,1
3,9.53731632232666,9
0,11.987889289855957,7
2,8.741479873657227,3
0,7.533425331115723,0
3,8.289037704467773,4
1,8.98937702178955,2
2,11.981903076171875,7
0,7.358039379119873,6
3,8.28900146484375,4
1,8.988809585571289,2
0,9.55620002746582,9
1,9.389477729797363,1
3,9.099701881408691,8
2,8.740982055664062,3
3,9.349011421203613,1
0,9.3314208984375,0
1,9.259459495544434,5
2,10.071088790893555,9
1,9.100841522216797,8
3,7.347783088684082,6
2,8.991479873657227,2
0,9.331422805786133,0
3,9.192416191101074,5
1,8.698687553405762,3
2,7.67460823059082,4
0,11.974687576293945,7
2,9.134483337402344,1
0,7.341069221496582,6
3,8.698750495910645,3
1,8.464560508728027,9
3,8.999946594238281,8
0,9.395001411437988,2
2,10.104948043823242,0
1,11.970474243164062,7
0,9.192644119262695,5
2,9.394847869873047,2
1,7.669798374176025,4
3,7.339776992797852,6
3,9.133939743041992,1
0,7.669510841369629,4
2,8.265449523925781,9
1,8.695859909057617,3
1,9.004594802856445,8
0,9.229631423950195,5
3,12.09292221069336,7
2,10.105956077575684,0
3,9.271744728088379,1
2,9.392202377319336,2
1,7.661184787750244,4
0,10.105950355529785,0
2,9.211533546447754,5
1,9.022144317626953,8
3,12.032691955566406,7
0,8.684938430786133,3
0,7.336841583251953,6
3,12.032562255859375,7
1,10.103464126586914,0
2,8.277275085449219,9
0,8.27734088897705,9
2,9.421372413635254,2
1,8.68557357788086,3
3,7.953537464141846,4
3,9.028202056884766,8
0,9.203116416931152,5
1,9.147066116333008,1
2,7.338015556335449,6
2,7.3380327224731445,6
3,8.680621147155762,3
1,7.8868327140808105,4
0,9.203007698059082,5
1,9.038939476013184,8
0,9.339530944824219,0
3,9.41207504272461,2
2,9.144187927246094,1
3,7.701250076293945,4
0,9.401002883911133,2
1,12.60544204711914,7
2,7.701671600341797,9
3,9.038311958312988,8
0,12.17629623413086,7
1,7.701618671417236,9
2,9.142160415649414,1
1,9.335556983947754,0
0,7.377686023712158,6
2,9.160316467285156,5
3,8.693242073059082,3
3,9.160225868225098,5
2,12.15604019165039,7
1,9.047542572021484,8
0,9.136886596679688,1
0,8.45814037322998,3
2,7.196216583251953,6
3,7.754976272583008,9
1,7.097235679626465,4
2,9.33065414428711,0
3,9.386225700378418,2
1,9.330655097961426,0
0,9.386231422424316,2
0,9.054055213928223,8
1,9.214315414428711,5
3,7.754921913146973,9
2,9.15184211730957,1
2,7.424093246459961,6
3,7.557229995727539,4
0,8.453399658203125,3
1,11.226790428161621,7
0,9.1510591506958,5
1,8.730195999145508,8
2,7.702165603637695,9
3,10.067660331726074,1
3,7.404497146606445,6
1,9.33350944519043,0
0,8.03402328491211,3
2,9.042095184326172,2
3,10.839950561523438,7
1,7.617221832275391,9
2,8.821341514587402,4
0,9.226400375366211,1
0,9.63936996459961,5
1,8.685608863830566,8
2,9.331647872924805,0
3,8.821480751037598,4
3,7.6629252433776855,6
0,9.356904983520508,2
1,10.814159393310547,7
2,8.025993347167969,3
2,9.356779098510742,2
0,7.662905216217041,6
1,8.688640594482422,4
3,9.326587677001953,0
3,8.688642501831055,8
1,9.633009910583496,5
0,8.024356842041016,3
2,10.7997407913208,7
0,9.631021499633789,5
1,7.690342903137207,6
2,9.224720001220703,1
3,7.716969013214111,9
1,8.689695358276367,8
3,7.717104911804199,9
2,8.679330825805664,4
0,9.224093437194824,1
1,9.316071510314941,0
3,8.017142295837402,3
0,9.341784477233887,2
2,10.766655921936035,7
3,8.694047927856445,8
0,7.404123306274414,9
2,9.616820335388184,5
1,10.766837120056152,7
2,8.021514892578125,4
1,8.017144203186035,3
0,9.341607093811035,2
3,9.316069602966309,0
2,7.750978946685791,6
0,8.752242088317871,1
1,7.389830589294434,9
3,7.750980854034424,6
0,9.31391429901123,0
2,8.405254364013672,4
3,8.015680313110352,3
1,9.336484909057617,2
3,9.606075286865234,5
2,8.693731307983398,8
1,10.752689361572266,7
0,8.752243995666504,1
0,8.404959678649902,4
1,8.752471923828125,1
2,8.015993118286133,3
3,10.752883911132812,7
3,9.311529159545898,0
0,7.605202674865723,9
2,8.680713653564453,8
1,9.595069885253906,5
0,8.546244621276855,8
2,8.74174690246582,1
3,9.333614349365234,2
1,7.746318817138672,6
0,10.74032974243164,7
2,7.746881484985352,6
1,9.335020065307617,2
3,7.274332046508789,9
3,9.573290824890137,5
2,9.30329418182373,0
0,8.376723289489746,4
1,8.009867668151855,3
3,7.742697715759277,6
2,8.764145851135254,1
1,8.376501083374023,4
0,8.009925842285156,3
3,9.572774887084961,5
1,10.730451583862305,7
0,6.860233306884766,9
2,9.67430305480957,2
0,8.854410171508789,4
3,9.298364639282227,0
2,8.542989730834961,8
1,9.298364639282227,0
1,8.540042877197266,8
0,7.7386674880981445,6
3,6.861849784851074,9
2,10.726831436157227,7
0,9.632505416870117,5
2,9.67293930053711,2
1,8.000956535339355,3
3,8.685380935668945,1
3,9.632490158081055,5
2,10.775331497192383,7
1,6.6680450439453125,9
0,8.002442359924316,3
1,7.735665321350098,6
2,9.674206733703613,2
3,8.844160079956055,4
0,8.449485778808594,1
0,8.530472755432129,8
3,9.277933120727539,0
1,7.7327799797058105,6
2,9.27793025970459,0
0,9.601897239685059,5
3,8.514020919799805,1
1,8.525792121887207,8
2,6.644016265869141,9
0,10.197027206420898,7
1,10.9462308883667,2
2,8.378769874572754,3
3,8.833820343017578,4
2,9.272318840026855,5
3,9.445977210998535,0
0,8.380321502685547,3
1,10.19589900970459,7
0,8.780445098876953,8
2,7.999778747558594,6
3,6.629579544067383,9
1,8.550108909606934,1
3,10.978222846984863,2
1,10.978222846984863,2
2,8.377066612243652,3
0,8.461334228515625,4
2,8.778955459594727,8
0,6.619050979614258,9
1,7.99903678894043,6
3,10.183622360229492,7
3,8.527753829956055,1
0,8.447649002075195,4
2,9.252732276916504,5
1,9.433649063110352,0
3,8.770255088806152,8
1,10.972177505493164,2
2,7.999255657196045,6
0,11.11880111694336,7
1,9.25544261932373,5
0,8.526629447937012,1
2,6.616613864898682,9
3,9.433565139770508,0
0,10.965033531188965,2
3,8.356483459472656,3
1,8.405291557312012,4
2,8.405294418334961,4
1,11.10374927520752,7
2,8.356488227844238,3
3,8.520395278930664,1
0,9.427657127380371,0
0,7.957520008087158,6
1,9.233485221862793,5
2,8.761402130126953,8
3,6.609174728393555,9
3,8.762807846069336,8
0,8.51362133026123,1
1,6.612752914428711,9
2,8.503098487854004,4
0,11.091836929321289,7
2,10.958586692810059,2
3,8.353553771972656,3
1,7.957442283630371,6
0,9.383533477783203,0
1,8.509099960327148,1
2,11.082210540771484,7
3,9.21112060546875,5
0,7.952762603759766,6
1,10.850675582885742,2
2,8.500272750854492,4
3,8.04952621459961,3
3,9.789830207824707,5
2,7.68039608001709,8
1,6.783016204833984,9
0,9.37930679321289,0
0,7.67974853515625,8
2,9.371177673339844,0
3,8.512429237365723,4
1,10.145925521850586,3
0,7.9348859786987305,6
3,11.072771072387695,7
2,6.790118217468262,9
1,8.599669456481934,1
0,10.491415023803711,2
2,7.612931251525879,6
1,10.141977310180664,3
3,9.510567665100098,5
0,9.51051139831543,5
3,9.384769439697266,0
1,10.492363929748535,2
2,8.50724983215332,4
2,7.672184944152832,8
3,11.064943313598633,7
0,8.598817825317383,1
1,6.797102928161621,9
2,7.672435760498047,8
3,9.583941459655762,5
1,7.607702255249023,6
0,9.37318229675293,0
3,10.486185073852539,2
0,6.60087251663208,9
1,8.500316619873047,4
2,10.14127254486084,3
3,8.591619491577148,1
0,8.591621398925781,1
2,10.66752815246582,7
1,10.140604019165039,3
0,7.690030097961426,8
2,9.572260856628418,5
1,9.458627700805664,0
3,6.602128028869629,9
3,10.667573928833008,7
2,10.48105239868164,2
1,7.634490966796875,6
0,8.488716125488281,4
1,7.693445682525635,8
2,9.562417984008789,5
0,8.481611251831055,4
3,10.473954200744629,2
2,10.66417407989502,7
1,7.463587760925293,1
3,6.603022575378418,9
0,10.345697402954102,3
2,7.624650955200195,6
0,9.433673858642578,0
3,9.433673858642578,0
1,10.349727630615234,3
2,6.600149154663086,9
3,10.662275314331055,7
0,7.521692276000977,4
1,9.547781944274902,5
0,7.6841020584106445,8
1,7.452030658721924,1
3,10.466939926147461,2
2,7.624264717102051,6
0,7.685371398925781,1
2,6.595071792602539,9
1,7.509183406829834,4
3,10.613384246826172,3
3,7.6767988204956055,8
0,7.622178077697754,6
2,10.458120346069336,2
1,9.539527893066406,5
3,9.403335571289062,0
1,12.917966842651367,7
2,7.683230876922607,1
0,7.486974716186523,4
3,7.112592697143555,6
0,9.531142234802246,5
2,10.604228973388672,3
1,6.072353363037109,9
0,11.558627128601074,2
3,7.658806800842285,8
2,12.918094635009766,7
1,9.403277397155762,0
1,11.592194557189941,2
0,7.10759973526001,6
3,13.173044204711914,7
2,7.454962730407715,4
3,9.521078109741211,5
0,9.38779067993164,0
2,7.658766746520996,1
1,10.59855842590332,3
1,7.644210338592529,8
3,6.161728858947754,9
0,6.1617279052734375,9
2,7.653262138366699,1
1,9.09058952331543,5
3,9.367400169372559,0
2,13.69786548614502,7
0,11.583586692810059,2
3,7.635612964630127,8
0,7.139952182769775,6
2,7.776151657104492,4
1,10.592995643615723,3
0,8.970685958862305,5
3,11.580875396728516,2
2,14.029549598693848,7
1,10.586524963378906,3
1,7.138881683349609,6
0,7.547090530395508,1
2,9.348713874816895,0
3,8.53144645690918,4
1,7.61134147644043,8
3,5.975613594055176,9
0,8.532880783081055,4
2,7.546573638916016,1
1,7.818721771240234,0
3,7.579905033111572,6
2,10.586532592773438,3
0,7.602296352386475,8
2,8.957365036010742,5
1,10.422208786010742,2
0,6.185880184173584,9
3,14.82032585144043,7
2,7.944462299346924,0
3,9.554916381835938,5
1,10.4251708984375,2
0,6.180214881896973,9
0,10.578391075134277,3
2,7.597311973571777,8
3,7.977261543273926,4
1,7.743954181671143,1
2,9.554810523986816,5
1,7.583492755889893,6
0,14.787026405334473,7
3,14.787025451660156,7
1,7.587259292602539,8
3,7.593433380126953,6
2,6.177701473236084,9
0,7.932573318481445,4
3,7.7490949630737305,0
2,7.723316669464111,1
1,10.424038887023926,2
0,10.571020126342773,3
2,7.577664375305176,8
3,9.489287376403809,5
1,9.402892112731934,2
0,8.920632362365723,4
0,7.027914047241211,6
3,7.739871025085449,0
2,14.754161834716797,7
1,10.56513786315918,3
0,7.673740386962891,1
3,6.2057952880859375,9
1,7.740159511566162,0
2,14.754029273986816,7
3,6.806351661682129,6
1,9.396305084228516,2
0,8.622713088989258,5
2,10.5599365234375,3
1,6.1976494789123535,9
0,7.488262176513672,8
2,7.675497055053711,1
3,8.901529312133789,4
2,9.396256446838379,2
3,8.623369216918945,5
1,8.903213500976562,4
0,7.6760663986206055,1
0,7.7316060066223145,0
3,6.345110893249512,9
2,8.336199760437012,3
1,14.834996223449707,7
0,7.462526321411133,8
1,6.744915008544922,6
2,7.731656074523926,0
3,6.5066962242126465,1
0,9.33334732055664,4
2,6.357151031494141,9
3,8.739585876464844,2
1,7.446979522705078,8
3,8.342935562133789,3
0,6.954078674316406,6
2,9.142982482910156,5
1,14.05604362487793,7
0,8.739341735839844,2
2,9.33334732055664,4
1,9.14299201965332,5
3,14.054771423339844,7
1,7.768104553222656,0
0,8.26996898651123,8
3,7.004045486450195,6
2,8.348434448242188,3
0,6.794863224029541,9
2,6.794863700866699,9
3,9.362627029418945,5
1,6.041142463684082,1
2,9.284256935119629,4
1,7.004428863525391,6
0,7.768138408660889,0
3,8.348688125610352,3
0,8.336928367614746,1
1,8.479801177978516,2
3,9.671675682067871,8
2,13.639235496520996,7
3,9.671485900878906,8
0,8.779688835144043,3
1,13.636860847473145,7
2,8.4796142578125,2
3,9.291194915771484,4
2,7.595025062561035,0
1,8.324090003967285,1
0,9.430673599243164,5
0,7.035062789916992,6
3,6.416414737701416,9
1,9.430658340454102,5
2,9.671463966369629,8
2,7.5891432762146,9
3,7.4369730949401855,0
0,9.2344970703125,4
1,6.942017555236816,6
3,8.467100143432617,2
0,13.593706130981445,7
2,8.246383666992188,1
1,8.778592109680176,3
0,8.466852188110352,2
1,9.234451293945312,4
2,7.5891852378845215,9
3,13.59383773803711,7
1,7.762862205505371,0
0,8.461749076843262,6
2,8.1873779296875,1
3,8.777494430541992,3
1,7.762844085693359,0
3,9.298286437988281,5
2,13.773675918579102,7
0,10.645894050598145,8
3,10.645478248596191,8
2,8.777191162109375,3
1,8.461538314819336,6
0,9.298442840576172,5
0,7.31768274307251,9
3,9.235435485839844,4
2,7.592778205871582,2
1,8.105140686035156,1
0,8.105030059814453,1
2,7.592705249786377,2
3,13.684676170349121,7
1,8.490692138671875,6
0,7.629953861236572,0
1,7.316818714141846,9
3,9.57177734375,5
2,8.77653980255127,3
3,8.574676513671875,6
0,11.03880500793457,8
2,9.239208221435547,4
1,7.316816329956055,9
2,7.594260215759277,2
3,9.237432479858398,4
1,11.033378601074219,8
0,7.630520820617676,0
2,9.539522171020508,5
3,8.067703247070312,1
1,8.661473274230957,3
0,13.537904739379883,7
2,7.629955291748047,0
0,8.071276664733887,1
3,8.661640167236328,3
1,13.537885665893555,7
3,8.629703521728516,6
0,10.996237754821777,8
2,7.192949295043945,9
1,9.785675048828125,5
2,7.385499477386475,2
0,9.785818099975586,5
1,9.368188858032227,4
3,7.385498046875,2
2,8.005243301391602,0
3,13.60739517211914,8
1,6.896793842315674,9
0,8.650114059448242,6
0,8.662190437316895,3
1,9.716329574584961,4
3,13.73641586303711,7
2,8.35194206237793,1
3,13.707712173461914,8
2,8.351947784423828,1
0,9.637572288513184,5
1,13.736518859863281,7
3,8.669275283813477,3
0,7.375099182128906,2
2,6.884028911590576,9
1,9.718599319458008,4
0,7.373902320861816,2
3,8.149566650390625,0
1,9.039785385131836,6
2,9.508520126342773,4
1,8.149529457092285,0
2,9.039913177490234,6
0,8.670086860656738,3
3,13.611387252807617,8
2,8.338420867919922,1
3,10.875097274780273,5
1,12.290712356567383,7
0,6.904577255249023,9
3,7.695891380310059,2
0,10.875097274780273,5
2,8.671801567077637,3
1,9.043685913085938,6
2,13.550094604492188,8
3,8.336477279663086,1
1,9.554193496704102,4
0,12.290460586547852,7
0,10.331708908081055,0
3,8.541112899780273,2
2,7.18181037902832,9
1,11.643376350402832,7
0,8.328251838684082,3
1,8.777118682861328,5
3,9.168830871582031,1
2,7.223191261291504,9
2,9.311836242675781,6
3,11.749211311340332,8
1,11.116561889648438,0
0,9.474292755126953,4
3,8.528682708740234,3
1,9.735028266906738,5
2,11.601097106933594,7
0,9.076770782470703,1
3,11.117234230041504,0
0,7.586947917938232,2
2,9.471479415893555,4
1,7.944821357727051,9
0,11.123374938964844,0
1,11.732309341430664,8
2,8.83523941040039,6
3,7.982348442077637,9
2,10.229955673217773,1
0,9.197524070739746,5
3,8.530094146728516,3
1,8.835500717163086,6
0,7.586828708648682,2
2,9.416471481323242,4
3,11.732589721679688,8
1,11.400589942932129,7
3,7.586492538452148,2
1,8.67578411102295,6
0,7.971536636352539,9
2,9.693039894104004,4
0,9.195802688598633,5
3,11.021672248840332,7
2,10.913156509399414,8
1,8.565685272216797,3
3,9.318048477172852,1
1,10.329671859741211,0
2,8.620294570922852,3
0,9.318047523498535,1
2,8.629791259765625,6
3,8.042524337768555,9
0,8.875690460205078,5
1,10.67630672454834,4
2,9.764287948608398,2
0,11.509098052978516,8
3,11.206404685974121,7
1,10.336877822875977,0
0,8.755892753601074,3
1,11.509161949157715,8
2,11.206629753112793,7
3,8.034843444824219,9
3,9.238173484802246,1
0,9.763400077819824,2
1,10.676162719726562,4
2,8.878656387329102,5
3,10.428349494934082,0
2,9.443254470825195,6
0,7.962292194366455,9
1,10.796411514282227,7
3,10.427845001220703,0
2,10.682034492492676,1
1,9.201757431030273,3
0,10.932157516479492,8
2,9.383010864257812,2
0,9.362699508666992,6
3,11.198394775390625,5
1,8.456319808959961,4
2,10.396041870117188,0
3,10.723404884338379,7
1,9.362649917602539,6
0,7.953657150268555,9
2,9.382696151733398,2
0,11.073982238769531,8
3,9.204643249511719,3
1,10.64059829711914,1
1,11.123363494873047,5
3,8.072349548339844,4
0,11.124853134155273,8
2,10.400105476379395,0
2,8.071978569030762,4
3,10.564790725708008,1
0,9.228913307189941,3
1,7.931206703186035,9
2,11.062975883483887,5
3,7.996025085449219,6
1,9.48973274230957,2
0,9.218826293945312,7
3,10.269847869873047,0
2,7.99601936340332,6
1,9.20177173614502,3
0,7.945239067077637,9
3,9.218873023986816,7
2,9.488751411437988,2
0,10.465808868408203,1
1,11.062934875488281,5
0,10.402580261230469,1
1,8.069934844970703,4
2,8.069934844970703,4
3,11.16413688659668,8
3,10.272355079650879,0
0,9.49188232421875,2
1,9.204267501831055,7
2,9.5938720703125,3
3,11.038206100463867,5
1,7.9967498779296875,6
0,11.294099807739258,8
2,7.959887981414795,9
3,10.295575141906738,1
2,10.273496627807617,0
1,11.293930053710938,8
0,7.997331142425537,6
3,11.03811264038086,5
1,9.493570327758789,2
2,9.189894676208496,7
0,7.961616516113281,9
2,9.304567337036133,0
3,8.230473518371582,4
0,9.578180313110352,3
1,8.915038108825684,1
2,9.285101890563965,2
1,9.205921173095703,7
0,9.576952934265137,3
3,11.147286415100098,8
3,7.8645853996276855,6
1,8.236690521240234,4
0,7.883852005004883,9
2,11.128406524658203,5
1,8.820887565612793,0
0,11.126424789428711,8
3,9.200674057006836,7
2,7.867332458496094,6
3,9.303997993469238,2
2,8.234607696533203,4
1,7.885549545288086,9
0,9.576305389404297,3
1,8.823601722717285,0
0,11.112517356872559,5
3,8.927034378051758,1
2,7.878934860229492,9
2,9.641786575317383,2
3,9.19387435913086,7
0,11.112447738647461,5
1,9.525089263916016,3
3,9.057225227355957,1
0,8.084364891052246,6
2,8.93143081665039,4
1,10.948539733886719,8
0,9.02552604675293,1
1,9.529544830322266,3
2,9.676175117492676,2
3,8.41246223449707,7
0,8.081422805786133,6
3,8.928032875061035,4
2,10.950748443603516,8
1,7.959784507751465,9
2,10.961438179016113,8
3,11.36020278930664,5
1,8.933660507202148,4
0,8.824336051940918,0
3,9.694223403930664,2
2,8.07774543762207,6
0,9.528284072875977,3
1,7.9636664390563965,9
3,9.023080825805664,1
0,11.359881401062012,5
2,8.201944351196289,7
1,8.823915481567383,0
1,10.986384391784668,8
2,8.075201988220215,6
3,8.939369201660156,4
0,8.00507926940918,9
2,8.199222564697266,7
0,9.0176420211792,1
1,9.510763168334961,3
3,8.830524444580078,0
3,11.185322761535645,5
1,8.838080406188965,4
2,9.72380256652832,2
0,8.012066841125488,9
0,9.723854064941406,2
3,11.185321807861328,5
2,8.178390502929688,7
1,8.076358795166016,6
2,8.828462600708008,0
3,9.03381633758545,1
1,11.175704956054688,8
0,9.599499702453613,3
3,8.844033241271973,4
2,7.998628616333008,9
0,9.59893798828125,3
1,11.219630241394043,5
0,8.829465866088867,0
3,8.165472984313965,7
1,9.733125686645508,2
2,10.922870635986328,8
0,8.072391510009766,6
1,10.93282413482666,8
2,9.071630477905273,1
3,8.072293281555176,6
0,9.550910949707031,3
3,8.8410062789917,4
1,7.770840644836426,9
2,9.32021427154541,1
3,9.743087768554688,2
2,11.27237319946289,5
1,8.153237342834473,7
0,8.615665435791016,0
0,8.616344451904297,0
3,11.168868064880371,8
2,9.317635536193848,1
1,9.035564422607422,4
3,9.750162124633789,2
2,8.141304016113281,7
0,7.77748966217041,9
1,9.578169822692871,3
3,11.476963996887207,5
0,8.141217231750488,7
2,11.476966857910156,5
1,7.812620162963867,6
2,11.192463874816895,8
1,7.812219619750977,6
0,9.065879821777344,4
3,9.32331657409668,1
3,9.752449035644531,2
0,8.616986274719238,0
1,9.577466011047363,3
2,7.394886493682861,9
2,8.617010116577148,0
3,7.813291549682617,6
1,9.648723602294922,3
0,9.752154350280762,2
0,9.983762741088867,1
3,8.126283645629883,7
1,11.21551513671875,5
2,9.063594818115234,4
3,7.307337760925293,9
0,10.994756698608398,8
2,7.307338714599609,9
1,11.215415954589844,5
3,8.618172645568848,0
2,8.096611022949219,6
0,11.002132415771484,8
1,9.287128448486328,4
0,9.760079383850098,2
1,8.121554374694824,7
2,9.987924575805664,1
3,9.620477676391602,3
3,8.618247032165527,0
2,9.760092735290527,2
1,9.284518241882324,4
0,8.121440887451172,7
0,10.12391185760498,8
3,11.167110443115234,5
2,9.58017349243164,3
1,7.553522109985352,9
3,8.109960556030273,6
0,8.109962463378906,6
2,9.278642654418945,4
1,9.485967636108398,1
2,9.835583686828613,2
0,10.83737850189209,5
1,9.550718307495117,1
3,7.506267547607422,9
0,8.620515823364258,0
2,10.14317798614502,8
1,8.606521606445312,7
3,9.580422401428223,3
0,8.606411933898926,7
2,9.579700469970703,3
1,9.268205642700195,4
3,8.619755744934082,0
0,9.362383842468262,2
3,11.066892623901367,5
1,10.891012191772461,8
2,8.27548885345459,9
1,8.645807266235352,0
2,9.504749298095703,1
3,8.275495529174805,9
0,8.611978530883789,6
1,9.412521362304688,2
0,8.521678924560547,7
2,9.256734848022461,4
3,9.577797889709473,3
0,8.01161003112793,6
3,10.879344940185547,8
2,11.451101303100586,5
1,8.111665725708008,1
1,8.111650466918945,1
2,8.52166748046875,7
3,11.451116561889648,5
0,9.257102966308594,4
2,8.701757431030273,0
1,8.008441925048828,6
0,7.927797794342041,9
3,9.44349193572998,2
1,10.893240928649902,8
3,9.576221466064453,3
0,7.927797317504883,9
2,10.893244743347168,8
2,9.443148612976074,2
3,8.70199966430664,0
1,8.987699508666992,4
0,8.732547760009766,7
0,11.305215835571289,5
2,8.173954010009766,1
3,9.574037551879883,3
1,8.53311538696289,6
3,10.657319068908691,8
1,11.305105209350586,5
0,7.853179454803467,7
2,9.574029922485352,3
2,8.552400588989258,6
3,9.55762767791748,2
1,8.511889457702637,1
0,9.152149200439453,4
0,8.81450080871582,0
2,8.061870574951172,9
1,8.511797904968262,1
3,8.814501762390137,0
0,8.553624153137207,6
3,10.772455215454102,8
1,9.14708423614502,4
2,9.557272911071777,2
2,9.659713745117188,3
3,7.7829108238220215,7
1,8.061817169189453,9
0,11.570871353149414,5
1,8.829559326171875,0
3,8.518186569213867,1
0,8.562202453613281,6
2,11.570892333984375,5
3,9.741872787475586,2
2,8.004158020019531,7
0,9.157501220703125,4
1,8.057904243469238,9
3,11.607867240905762,8
0,11.565835952758789,5
1,11.60786247253418,8
2,9.662734985351562,3
2,9.206263542175293,0
1,8.059940338134766,9
0,9.157218933105469,4
3,8.553775787353516,1
3,9.744119644165039,2
0,7.683439254760742,7
2,9.128377914428711,6
1,9.748377799987793,3
2,11.63786506652832,8
0,8.754918098449707,1
1,9.213315963745117,0
3,9.824494361877441,3
2,9.743882179260254,2
3,7.976808547973633,9
0,11.571949005126953,5
1,9.12883186340332,6
1,12.079106330871582,8
0,8.731025695800781,1
3,9.717611312866211,7
2,9.403661727905273,4
2,8.76870346069336,6
0,9.717596054077148,7
3,9.401005744934082,4
1,9.811732292175293,3
2,9.747827529907227,2
0,9.212350845336914,0
3,11.541744232177734,5
1,7.8728461265563965,9
0,9.212357521057129,0
1,9.74781608581543,2
2,9.419654846191406,4
3,9.81974983215332,3
3,8.39234733581543,1
2,8.797245979309082,6
1,7.874869346618652,9
0,9.71182632446289,7
3,11.40100383758545,5
1,11.401006698608398,5
2,9.428732872009277,4
0,11.148551940917969,8
3,9.236664772033691,0
0,9.70124626159668,2
2,8.407133102416992,1
1,8.04340934753418,9
0,11.151544570922852,8
3,9.815444946289062,3
1,8.87420654296875,6
2,9.689236640930176,7
1,8.357484817504883,1
2,8.902565002441406,6
3,8.169296264648438,9
0,9.666486740112305,3
0,11.610128402709961,8
1,8.389930725097656,5
3,9.996647834777832,2
2,9.616315841674805,7
3,9.256067276000977,0
1,9.25606632232666,0
0,8.91525650024414,6
2,9.566986083984375,4
2,11.535158157348633,8
3,8.294538497924805,9
1,9.49471378326416,1
0,9.567007064819336,4
2,9.626912117004395,7
3,9.700448989868164,3
0,8.34333324432373,5
1,9.995979309082031,2
2,12.352933883666992,8
0,8.361625671386719,5
1,8.290898323059082,9
3,9.657055854797363,4
2,10.067285537719727,2
0,9.276912689208984,0
1,9.85560131072998,1
3,9.614294052124023,7
1,12.349915504455566,8
0,9.245753288269043,6
3,9.24575138092041,6
2,9.631582260131836,3
2,9.291864395141602,0
3,8.391366958618164,5
0,9.685391426086426,4
1,8.279563903808594,9
0,9.999152183532715,2
3,8.188159942626953,1
1,9.670276641845703,3
2,9.543642044067383,7
2,9.796355247497559,8
3,9.692337036132812,4
0,8.626635551452637,1
1,9.276376724243164,6
2,9.30990219116211,0
1,8.555335998535156,5
0,8.272490501403809,9
3,9.611432075500488,3
2,10.008060455322266,2
0,9.545609474182129,7
1,9.276448249816895,6
3,9.545612335205078,7
3,9.828741073608398,2
1,9.95662784576416,8
0,9.284684181213379,3
2,8.267087936401367,9
0,9.646439552307129,0
1,7.414623260498047,5
3,9.626651763916016,4
2,8.721948623657227,1
2,9.648380279541016,0
1,9.28625774383545,2
0,8.67855453491211,1
3,10.027886390686035,7
3,7.413130760192871,5
2,9.2802095413208,6
0,9.619576454162598,4
1,8.953519821166992,3
2,9.286317825317383,2
3,8.264983177185059,9
0,8.953073501586914,3
1,9.989049911499023,8
0,9.301336288452148,6
3,8.254158973693848,9
1,9.550715446472168,4
2,9.971309661865234,7
0,10.062593460083008,8
1,7.486788749694824,5
2,8.658195495605469,1
3,9.67137622833252,0
2,10.040822982788086,8
0,7.4895477294921875,5
3,10.020807266235352,7
1,9.302655220031738,6
1,9.682331085205078,0
2,7.993593215942383,9
3,8.567190170288086,1
0,9.620149612426758,4
3,9.224197387695312,6
2,8.98171615600586,3
0,9.410024642944336,2
1,8.981712341308594,3
1,9.412858963012695,2
3,7.354620456695557,1
2,7.988979816436768,9
0,10.002480506896973,7
2,7.535857200622559,5
0,10.228469848632812,8
1,10.82943058013916,4
3,9.649835586547852,0
0,9.413369178771973,2
3,9.227958679199219,6
1,7.535356521606445,5
2,8.984917640686035,3
3,10.158819198608398,8
1,9.657543182373047,0
2,10.254528999328613,7
0,11.603812217712402,4
2,9.656095504760742,0
3,8.037059783935547,9
0,8.761922836303711,1
1,8.761923789978027,1
2,6.656436920166016,7
3,7.921779155731201,9
0,9.21058464050293,6
1,9.42052173614502,2
0,10.15369987487793,8
3,9.762388229370117,3
1,7.553188323974609,5
2,11.493388175964355,4
0,10.148792266845703,8
2,6.656427383422852,7
1,11.490930557250977,4
3,9.762550354003906,3
2,9.62459659576416,0
0,7.921759605407715,9
1,9.210453033447266,6
3,7.556311130523682,5
0,9.422924041748047,2
1,9.624635696411133,0
3,10.111181259155273,1
2,9.422922134399414,2
2,6.663483619689941,7
3,9.838059425354004,3
0,11.527203559875488,4
1,10.138463973999023,8
3,7.924376487731934,9
2,7.551415920257568,5
1,9.198127746582031,6
0,8.038188934326172,1
2,9.424047470092773,2
0,7.9243597984313965,9
3,11.526737213134766,4
1,7.551682472229004,5
2,9.61997127532959,0
0,6.668261528015137,7
1,9.836956977844238,3
3,10.118570327758789,8
3,10.118759155273438,8
0,8.027942657470703,1
1,9.836947441101074,3
2,9.026573181152344,6
3,9.61995792388916,0
0,6.668161392211914,7
1,9.026483535766602,6
2,8.028122901916504,1
3,7.537665367126465,5
0,7.908688545227051,9
2,11.981180191040039,4
1,9.19111156463623,2
2,7.3156328201293945,1
3,7.908822059631348,9
1,11.98105239868164,4
0,7.537687301635742,5
0,8.963172912597656,2
2,6.754940986633301,7
3,8.99218463897705,6
1,9.727081298828125,3
2,10.173625946044922,8
0,9.604056358337402,0
1,10.173624038696289,8
3,9.441258430480957,1
3,9.604080200195312,0
0,9.726860046386719,3
2,8.992119789123535,6
1,7.544497489929199,5
3,8.824974060058594,2
1,6.7130126953125,7
0,11.978241920471191,4
2,7.827503204345703,9
3,8.824975967407227,2
0,7.567049980163574,5
1,8.976393699645996,6
2,10.033632278442383,3
2,10.836930274963379,0
3,6.765937805175781,7
0,10.174066543579102,8
1,9.633870124816895,1
3,10.836967468261719,0
2,6.826775550842285,9
0,11.961830139160156,4
1,11.96182918548584,4
0,9.631503105163574,1
1,6.827031135559082,9
2,10.0272216796875,3
3,6.766028881072998,7
2,8.854453086853027,2
0,10.029183387756348,8
3,7.410074234008789,5
1,8.605063438415527,6
0,8.854463577270508,2
3,8.605082511901855,6
1,10.179378509521484,1
2,6.9620866775512695,7
3,9.650030136108398,8
0,7.41427755355835,5
2,9.789519309997559,0
1,11.661996841430664,4
2,8.799822807312012,2
3,7.234035968780518,9
0,7.234038352966309,9
1,10.135591506958008,3
1,7.421560287475586,5
2,10.167308807373047,1
0,6.9843339920043945,7
3,9.789529800415039,0
3,10.64123249053955,8
2,8.605735778808594,6
1,11.670207023620605,4
0,10.138338088989258,3
3,7.431949138641357,5
2,10.641307830810547,8
1,6.98926305770874,7
0,10.154352188110352,1
1,8.785261154174805,2
3,11.669124603271484,4
0,10.13794231414795,3
2,8.605101585388184,6
2,9.913902282714844,0
3,7.233285427093506,9
0,10.226723670959473,3
1,7.233284950256348,9
2,10.63331127166748,8
3,9.913189888000488,0
1,8.825676918029785,2
0,10.034199714660645,1
2,11.945358276367188,4
1,8.577579498291016,6
3,7.7070536613464355,7
0,7.445622444152832,5
3,10.615228652954102,8
1,7.446010589599609,5
0,7.707060813903809,7
2,11.945220947265625,4
0,8.833078384399414,2
3,10.091920852661133,0
2,9.918564796447754,1
1,6.413424968719482,9
0,6.421087265014648,9
1,10.245266914367676,3
3,9.702873229980469,1
2,8.543421745300293,6
3,8.855661392211914,2
1,11.146866798400879,8
0,10.245160102844238,3
2,11.952813148498535,4
3,7.459357261657715,5
0,7.848116397857666,7
2,8.49761962890625,6
1,10.082756042480469,0
3,8.841599464416504,2
2,7.453551292419434,5
1,11.972879409790039,4
0,8.497618675231934,6
0,11.129987716674805,8
2,10.082776069641113,0
1,6.461483955383301,9
3,7.848011016845703,7
1,7.417576789855957,5
0,9.860254287719727,1
3,6.471158981323242,9
2,10.61171817779541,3
3,8.852928161621094,2
0,10.61072063446045,3
1,11.110107421875,4
2,9.248488426208496,6
0,11.380538940429688,8
3,7.717049598693848,7
2,9.861262321472168,1
1,10.09563159942627,0
0,11.370729446411133,8
3,6.451028347015381,9
2,10.613951683044434,3
1,10.118112564086914,0
1,7.435138702392578,5
3,8.423857688903809,6
2,7.589434623718262,7
0,11.035528182983398,4
1,9.984685897827148,1
0,9.984688758850098,1
2,6.480006694793701,9
3,8.984445571899414,2
2,8.985058784484863,2
1,10.132699966430664,0
0,7.996939659118652,7
3,10.978534698486328,4
3,11.007878303527832,8
2,7.435460090637207,5
0,10.632719993591309,3
1,8.920743942260742,6
3,9.031488418579102,2
0,10.306851387023926,4
1,9.738011360168457,1
2,10.639698028564453,3
3,11.496317863464355,8
2,7.442417621612549,5
0,8.931039810180664,6
1,10.153566360473633,0
2,9.717874526977539,1
3,6.519920349121094,9
1,8.026222229003906,7
0,8.914798736572266,2
2,6.5199294090271,9
0,8.917975425720215,6
1,8.026251792907715,7
3,10.168312072753906,0
3,11.491125106811523,8
0,10.329216957092285,4
2,7.44646692276001,5
1,10.700618743896484,3
3,11.481340408325195,8
1,6.525508880615234,9
0,9.6281156539917,1
2,10.706439971923828,3
0,8.927900314331055,2
3,8.8897705078125,6
1,7.450141906738281,5
2,8.042061805725098,7
2,11.726213455200195,0
3,9.611405372619629,1
0,10.360763549804688,4
1,10.366167068481445,4
3,8.988478660583496,2
1,11.038545608520508,8
2,8.606715202331543,6
0,8.058101654052734,7
0,10.699880599975586,3
1,11.725276947021484,0
2,9.024662971496582,9
3,7.442406177520752,5
0,8.944860458374023,2
3,11.82935905456543,0
1,8.09778118133545,7
2,7.7435407638549805,5
2,10.705360412597656,3
3,8.016227722167969,6
0,8.871957778930664,9
1,10.030027389526367,4
3,8.948734283447266,2
0,9.181146621704102,1
1,9.181146621704102,1
2,10.285547256469727,8
2,10.284828186035156,8
3,7.975401401519775,6
0,7.738367080688477,5
1,8.872241973876953,9
2,11.766408920288086,0
3,10.702994346618652,3
0,10.234870910644531,4
1,8.204843521118164,7
1,11.779136657714844,0
3,8.534862518310547,7
2,7.740971088409424,5
0,9.135689735412598,4
2,9.336441040039062,8
1,9.194167137145996,1
0,9.103585243225098,3
3,8.679988861083984,6
3,8.961196899414062,2
0,11.779077529907227,0
2,8.931066513061523,9
1,8.534881591796875,7
1,8.946983337402344,2
0,9.816556930541992,8
3,8.96834659576416,9
2,7.864099025726318,5
2,9.150812149047852,1
3,8.279755592346191,4
1,9.262984275817871,3
0,9.092283248901367,6
3,7.562036037445068,1
2,9.081439018249512,6
0,8.244698524475098,4
1,9.473424911499023,7
1,9.152507781982422,2
3,8.933601379394531,9
0,11.975432395935059,0
2,8.194563865661621,5
1,9.152766227722168,2
0,9.080496788024902,6
2,9.25733757019043,3
3,9.25888442993164,8
0,8.219993591308594,5
1,7.348067283630371,1
3,8.213581085205078,4
2,9.478765487670898,7
2,9.247272491455078,8
3,11.88191032409668,0
0,9.719949722290039,3
1,8.927286148071289,9
3,9.019736289978027,2
1,8.172052383422852,9
2,9.255125045776367,8
0,11.910665512084961,0
3,9.503803253173828,7
2,7.338293075561523,6
0,8.214033126831055,5
1,10.869393348693848,3
0,11.913972854614258,0
1,7.312660217285156,1
3,8.172788619995117,9
2,8.1611909866333,4
0,9.217702865600586,8
1,8.237422943115234,5
2,8.17884635925293,4
3,7.426519393920898,6
3,9.19666862487793,2
1,7.282081604003906,1
2,11.208907127380371,3
0,9.311868667602539,7
3,7.429360389709473,6
1,8.17369270324707,4
0,11.213415145874023,3
2,9.588651657104492,8
2,7.100282669067383,1
0,8.196723937988281,9
3,8.248043060302734,5
1,9.212681770324707,2
2,11.946182250976562,0
3,11.213760375976562,3
1,9.31171703338623,7
0,7.101654052734375,1
2,9.317073822021484,2
1,9.788847923278809,8
3,11.956523895263672,0
0,8.260007858276367,5
0,8.197267532348633,9
1,7.435359954833984,6
2,9.360428810119629,7
3,7.972367763519287,4
0,11.95622444152832,0
3,11.107192993164062,3
1,8.259944915771484,5
2,8.197135925292969,9
0,9.797130584716797,8
3,9.4079008102417,2
2,7.4420485496521,6
1,8.111859321594238,4
3,9.408000946044922,2
0,8.796302795410156,7
2,7.441971302032471,6
1,7.057628631591797,1
2,9.771254539489746,8
1,11.906290054321289,0
3,8.262444496154785,4
0,6.984633922576904,9
2,7.289800643920898,1
0,9.650861740112305,5
3,8.696976661682129,7
1,10.743494033813477,3
2,9.695058822631836,5
1,6.4764404296875,6
0,6.9555792808532715,9
3,9.34052848815918,7
2,9.768667221069336,8
3,11.912666320800781,0
0,9.513772010803223,2
1,10.746380805969238,3
3,7.278596878051758,1
0,6.476705074310303,6
2,10.746305465698242,3
1,8.21078109741211,4
0,7.2681965827941895,1
3,9.341236114501953,7
2,11.920669555664062,0
1,8.381614685058594,4
2,9.523637771606445,2
1,9.565115928649902,8
0,10.531039237976074,5
3,6.954580307006836,9
3,7.314969062805176,1
2,8.61581802368164,6
1,11.924381256103516,0
0,9.526973724365234,2
0,6.943332672119141,9
1,10.191094398498535,5
3,9.605690002441406,7
2,8.370372772216797,4
0,9.564813613891602,8
1,6.945799827575684,9
2,10.725278854370117,3
3,10.725276947021484,3
2,12.569026947021484,0
0,9.545646667480469,8
1,7.864514350891113,1
3,9.542425155639648,2
0,8.598766326904297,6
3,9.502270698547363,7
1,9.968405723571777,5
2,8.360357284545898,4
0,8.599153518676758,6
2,7.86588191986084,1
3,8.360372543334961,4
1,9.967582702636719,5
1,9.528833389282227,8
2,12.561695098876953,0
3,6.930536270141602,9
0,10.752120971679688,3
0,9.554924011230469,2
3,7.940516471862793,1
1,9.500849723815918,7
2,10.751977920532227,3
2,6.42302131652832,6
0,9.535415649414062,7
1,6.898715019226074,9
3,8.496126174926758,4
3,9.516962051391602,8
0,12.107314109802246,0
2,9.573233604431152,2
1,10.030977249145508,5
3,8.31014347076416,1
0,10.756991386413574,3
1,9.573094367980957,2
2,9.535314559936523,7
3,9.752334594726562,8
0,12.067493438720703,0
1,6.371552467346191,6
2,10.807366371154785,5
1,9.540584564208984,2
3,8.046658515930176,4
2,7.805480003356934,9
0,9.752304077148438,8
2,7.997141361236572,1
0,10.880524635314941,5
1,8.028945922851562,4
3,7.729743957519531,9
1,6.374973297119141,6
2,11.953418731689453,0
3,10.752596855163574,3
0,9.744942665100098,7
2,9.729793548583984,8
3,11.953475952148438,0
1,6.375168800354004,6
0,7.729659080505371,9
1,10.033626556396484,5
3,9.695599555969238,7
0,10.678611755371094,3
2,7.244139194488525,4
0,9.734357833862305,8
2,9.398648262023926,2
3,5.98533821105957,6
1,7.976305961608887,1
2,10.076873779296875,5
3,10.780981063842773,3
1,7.220528602600098,4
0,9.415522575378418,2
3,8.500635147094727,9
1,7.890084266662598,1
2,11.937527656555176,0
0,9.26791763305664,7
2,9.727726936340332,8
0,11.937259674072266,0
1,8.501398086547852,9
3,10.077251434326172,5
2,10.24197769165039,2
3,6.186389446258545,6
1,9.256563186645508,7
0,7.160337924957275,4
2,8.130698204040527,1
1,6.18629264831543,6
0,7.93089485168457,9
3,12.369298934936523,3
3,9.248486518859863,7
0,12.296662330627441,3
1,10.112590789794922,5
2,9.422130584716797,0
2,10.098054885864258,8
3,10.202216148376465,2
1,7.830892562866211,1
0,7.273353576660156,4
2,7.84256649017334,9
1,10.202559471130371,2
0,9.248576164245605,7
3,10.112582206726074,5
0,9.391546249389648,0
2,12.939462661743164,3
1,6.852024078369141,4
3,6.1994500160217285,6
2,9.928430557250977,8
1,10.222366333007812,2
0,7.8496856689453125,1
3,12.940034866333008,3
0,9.91537857055664,8
1,7.125615119934082,6
3,7.730966567993164,1
2,7.894039154052734,9
0,10.184186935424805,5
3,9.177584648132324,7
1,9.360204696655273,0
2,6.791161060333252,4
3,7.732784271240234,1
2,6.788763046264648,4
1,10.305662155151367,2
0,7.8947014808654785,9
3,9.91132926940918,8
2,9.34384822845459,0
0,12.982497215270996,3
1,9.321582794189453,7
2,10.321699142456055,2
0,6.796080589294434,4
1,10.207635879516602,5
3,7.131872653961182,6
3,6.82415771484375,6
1,9.006678581237793,0
0,10.17587661743164,5
2,7.863838195800781,9
1,9.907695770263672,8
3,7.969273567199707,1
0,9.51261043548584,7
2,13.086618423461914,3
3,9.512913703918457,7
0,6.821977138519287,6
2,9.896122932434082,8
1,13.08797550201416,3
3,7.90230655670166,1
2,7.924350261688232,9
0,8.304847717285156,4
1,9.021121978759766,2
2,9.969252586364746,5
3,8.993045806884766,0
1,9.96925163269043,5
0,13.057299613952637,3
2,7.894224166870117,1
1,6.8489603996276855,6
0,9.11739730834961,7
3,9.885459899902344,8
1,8.9547700881958,2
3,7.92822265625,9
0,8.955766677856445,0
2,8.293435096740723,4
3,8.939973831176758,0
1,8.247346878051758,7
0,7.993773460388184,9
2,14.20373821258545,3
3,9.80130386352539,8
2,7.886615753173828,1
1,10.514842987060547,5
0,8.398048400878906,6
3,8.902185440063477,2
2,10.51504898071289,5
0,8.274925231933594,4
1,8.902186393737793,2
3,9.808808326721191,8
1,7.998684406280518,9
2,8.400492668151855,6
0,12.897820472717285,3
0,8.708758354187012,1
2,8.301074028015137,4
1,8.924705505371094,0
3,8.241965293884277,7
3,10.40008544921875,8
0,12.71261978149414,3
2,8.236469268798828,7
1,8.29983139038086,4
3,7.999422073364258,9
0,8.973917007446289,2
1,8.413727760314941,6
2,10.276983261108398,5
0,7.9995036125183105,9
2,8.341532707214355,7
3,7.882115840911865,1
1,8.851390838623047,0
2,10.373889923095703,8
3,8.979730606079102,2
1,7.873839855194092,1
0,8.81103515625,0
0,8.411731719970703,6
2,10.868148803710938,3
3,8.296096801757812,4
1,10.290496826171875,5
1,7.882806301116943,1
0,10.865036964416504,3
2,8.291048049926758,4
3,8.81291389465332,0
2,8.400693893432617,6
0,10.793378829956055,5
1,8.33129596710205,7
3,8.012321472167969,9
2,10.624227523803711,8
3,11.397520065307617,2
0,11.3975248336792,2
1,8.330878257751465,7
0,8.286044120788574,4
3,8.740960121154785,0
1,8.395092964172363,6
2,9.632007598876953,3
3,10.591991424560547,8
0,10.812211036682129,5
1,7.769350051879883,1
2,8.032975196838379,9
2,8.537461280822754,7
3,8.438995361328125,9
0,7.5460405349731445,1
1,8.754558563232422,0
1,10.693952560424805,8
0,8.394525527954102,6
2,10.703062057495117,2
3,10.828410148620605,5
3,9.585350036621094,3
2,7.545693397521973,1
0,8.28016471862793,4
1,8.280165672302246,4
1,10.651978492736816,8
0,10.553824424743652,2
2,8.386996269226074,6
3,8.83631420135498,0
3,10.83554458618164,5
0,8.534782409667969,7
1,9.584083557128906,3
2,7.635437965393066,9
2,8.065446853637695,1
1,8.53371810913086,7
0,7.634056091308594,9
3,8.556492805480957,6
3,8.840482711791992,0
2,8.267772674560547,4
0,10.570428848266602,2
1,9.58576774597168,3
0,8.065762519836426,1
1,10.623677253723145,8
3,10.843111038208008,5
2,8.265241622924805,4
1,10.594301223754883,8
0,7.639822959899902,9
2,9.586112976074219,3
3,8.88216781616211,7
0,10.616657257080078,2
1,10.848943710327148,5
3,8.551994323730469,6
2,10.013460159301758,0
2,10.58979606628418,8
0,8.549905776977539,6
1,11.684877395629883,2
3,10.074531555175781,0
3,8.880011558532715,7
2,7.7106242179870605,1
0,7.610854625701904,9
1,9.582135200500488,3
3,11.68490219116211,2
2,8.550999641418457,6
0,8.296916961669922,4
1,11.258025169372559,5
1,7.6156744956970215,9
3,11.267780303955078,5
0,9.578336715698242,3
2,8.289133071899414,4
2,8.877161026000977,7
1,7.699801445007324,1
0,10.002317428588867,0
3,10.563671112060547,8
0,11.674263000488281,2
3,8.548466682434082,6
1,9.707345008850098,3
2,11.013193130493164,0
3,7.693276405334473,1
0,8.876437187194824,7
2,11.274746894836426,5
1,8.282071113586426,4
3,10.499052047729492,8
0,7.693281173706055,1
2,7.417163848876953,9
1,7.4171648025512695,9
3,9.957847595214844,7
2,8.79153060913086,6
0,10.833109855651855,8
1,9.664597511291504,3
0,11.497759819030762,5
1,11.783149719238281,2
3,10.907709121704102,0
2,9.458513259887695,4
2,11.792205810546875,2
1,9.964798927307129,7
0,8.791746139526367,6
3,8.262311935424805,1
0,10.821144104003906,8
3,9.456398963928223,4
1,7.414309501647949,9
2,10.91463851928711,0
3,11.504603385925293,5
1,11.504602432250977,5
0,8.791723251342773,6
2,9.668967247009277,3
1,11.799745559692383,2
3,9.958961486816406,7
0,7.414047718048096,9
2,10.925447463989258,0
3,10.388510704040527,8
2,8.253662109375,1
1,9.689582824707031,3
0,9.450725555419922,4
2,10.144245147705078,8
0,9.685174942016602,3
1,8.796539306640625,6
3,11.79922866821289,2
0,8.242803573608398,1
1,11.538684844970703,5
3,7.412226676940918,9
2,10.962995529174805,0
1,11.804688453674316,2
0,10.633193016052246,7
3,8.79949951171875,6
2,8.999092102050781,4
1,10.782045364379883,7
3,9.688896179199219,3
0,10.722612380981445,0
2,8.233091354370117,1
2,10.123748779296875,8
3,11.547120094299316,5
1,7.408908367156982,9
0,8.995607376098633,4
3,8.23058032989502,1
2,7.945399761199951,6
1,8.995880126953125,4
0,11.553664207458496,5
0,11.787267684936523,2
2,10.109308242797852,8
3,10.923111915588379,0
1,9.689764976501465,3
1,9.462596893310547,7
0,7.4340667724609375,9
2,11.786426544189453,2
3,11.673099517822266,5
3,7.951726913452148,6
0,7.430390357971191,9
1,10.313283920288086,0
2,9.692647933959961,3
0,10.074474334716797,8
3,8.230029106140137,1
1,9.45979118347168,7
2,9.358070373535156,4
3,9.69056510925293,3
0,10.318132400512695,0
1,11.780960083007812,5
2,7.489617347717285,9
0,8.423089027404785,1
1,10.062381744384766,8
2,12.029891967773438,2
3,9.351469039916992,4
2,10.062713623046875,8
3,7.954464435577393,6
0,9.449920654296875,7
1,7.489941120147705,9
1,9.437278747558594,7
2,12.02875804901123,2
0,10.330371856689453,0
3,9.40768814086914,4
2,8.407001495361328,1
3,7.858201026916504,6
0,9.696159362792969,3
1,11.809234619140625,5
2,10.05477237701416,8
3,7.48813533782959,9
0,7.85405158996582,6
1,10.329496383666992,0
0,11.417795181274414,2
3,7.902756690979004,1
1,11.503728866577148,5
2,8.754905700683594,7
3,10.040136337280273,8
0,8.754899024963379,7
2,9.728178024291992,3
1,9.842585563659668,4
2,11.426420211791992,2
0,7.481015205383301,9
3,11.521330833435059,5
1,9.734716415405273,3
2,8.923779487609863,0
1,7.837645530700684,1
3,8.061434745788574,6
0,9.844348907470703,4
3,11.428730964660645,2
1,7.8372955322265625,6
0,8.926352500915527,0
2,9.72568130493164,3
2,7.82710075378418,1
3,8.134227752685547,7
1,10.970691680908203,5
0,7.476862907409668,9
0,9.867494583129883,8
3,8.134071350097656,7
1,9.848991394042969,4
2,9.736637115478516,3
3,7.888327598571777,1
2,11.493579864501953,2
0,7.464709281921387,9
1,6.049997329711914,6
3,9.834132194519043,8
2,9.092230796813965,0
1,10.963605880737305,5
0,9.85944938659668,4
3,9.936300277709961,3
0,10.961539268493652,5
1,8.822715759277344,7
2,9.859878540039062,4
0,9.837024688720703,8
2,7.451553821563721,9
1,11.584857940673828,2
3,6.0508551597595215,6
3,7.869087219238281,1
2,11.585136413574219,2
0,9.096742630004883,0
1,9.409421920776367,4
0,7.849178314208984,1
1,7.4379563331604,9
3,5.96497917175293,6
2,10.958036422729492,5
2,9.794441223144531,8
0,9.129203796386719,0
3,10.092226028442383,3
1,9.801604270935059,7
3,9.801729202270508,7
0,10.95638656616211,5
2,9.129180908203125,0
1,9.357295989990234,4
2,7.820808410644531,1
1,7.475968360900879,9
3,9.76014518737793,8
0,10.10504150390625,3
0,11.601648330688477,2
3,11.601652145385742,2
2,5.96729850769043,6
1,9.134271621704102,0
3,10.26921272277832,3
2,6.4703898429870605,6
0,9.725343704223633,7
1,8.763162612915039,4
2,7.814990520477295,1
1,10.486408233642578,8
3,10.990427017211914,5
0,7.470041751861572,9
1,9.709552764892578,7
0,7.470211029052734,9
3,8.713785171508789,4
2,6.46865701675415,6
2,10.05167007446289,8
3,11.523706436157227,2
0,10.213249206542969,3
1,11.4192476272583,5
1,7.866535186767578,1
2,7.467644691467285,9
3,9.137392044067383,0
0,10.213278770446777,3
2,7.044178485870361,1
1,11.53945541381836,2
0,11.439718246459961,5
3,9.219718933105469,0
0,10.035338401794434,8
1,9.893949508666992,7
3,6.644553184509277,6
2,9.04177474975586,4
3,10.816133499145508,8
0,7.209089279174805,1
1,8.96291732788086,0
2,9.106508255004883,4
0,11.538711547851562,2
3,6.662303924560547,6
1,11.38653564453125,5
2,10.244230270385742,3
3,7.405570983886719,9
0,8.641202926635742,7
1,10.242446899414062,3
2,6.68220853805542,6
0,11.540523529052734,2
2,7.403378963470459,9
3,8.96859073638916,0
1,8.889371871948242,4
2,7.103687286376953,1
1,8.641502380371094,7
3,10.79669189453125,8
0,11.410907745361328,5
1,10.565054893493652,8
2,8.633959770202637,7
0,8.97270393371582,0
3,6.6927289962768555,6
2,11.434391021728516,5
1,7.1041178703308105,1
3,8.846551895141602,3
0,8.245137214660645,9
3,11.434592247009277,5
1,8.845955848693848,3
0,8.911893844604492,4
2,11.469898223876953,2
2,7.096697807312012,1
0,9.207414627075195,7
3,9.51984691619873,0
1,11.468767166137695,2
3,10.551795959472656,8
0,6.717087268829346,6
1,8.241510391235352,9
2,8.947050094604492,4
1,7.095136642456055,1
2,8.240386009216309,9
0,6.943501949310303,6
3,8.94176197052002,4
3,9.200096130371094,7
2,11.760917663574219,5
1,11.234169006347656,2
0,8.784334182739258,3
3,11.565458297729492,8
1,8.781576156616211,3
0,9.550392150878906,0
2,6.159844398498535,6
3,7.095019340515137,1
0,10.885403633117676,2
1,11.870206832885742,5
2,10.79129695892334,8
1,8.467416763305664,9
2,9.343890190124512,7
0,9.604927062988281,0
3,8.938774108886719,4
0,9.329347610473633,7
3,7.5770087242126465,3
2,11.785676956176758,5
1,6.170956611633301,6
1,10.767413139343262,8
2,8.434596061706543,9
3,9.621736526489258,0
0,10.890560150146484,2
0,7.093577861785889,1
2,9.621438980102539,0
1,8.936981201171875,4
3,6.171202659606934,6
2,10.909034729003906,8
3,8.432398796081543,9
0,9.31904125213623,7
1,7.096805572509766,1
0,7.582071781158447,3
3,11.662965774536133,5
2,10.895074844360352,2
1,8.914581298828125,4
1,7.475136756896973,3
0,11.954258918762207,5
3,7.24977970123291,1
2,9.030086517333984,4
2,9.045560836791992,7
3,6.239161491394043,6
0,10.92476749420166,2
1,9.14531421661377,9
2,11.303068161010742,8
0,10.302279472351074,7
3,7.121919631958008,1
1,8.296953201293945,0
2,11.963545799255371,5
1,7.377686977386475,6
3,8.29690933227539,0
0,9.217510223388672,9
0,11.258554458618164,8
2,7.476317405700684,3
1,10.544475555419922,2
3,10.182537078857422,4
3,11.212843894958496,8
0,8.310894966125488,0
2,11.973259925842285,5
1,7.476194381713867,6
0,10.404119491577148,7
3,6.4780473709106445,1
1,11.383235931396484,4
2,9.24717903137207,9
2,10.546279907226562,2
3,10.381647109985352,7
0,7.490607261657715,3
1,11.369190216064453,4
3,8.323911666870117,0
0,7.491030693054199,3
2,10.548523902893066,2
1,7.374427795410156,6
3,11.167961120605469,8
2,6.45971155166626,1
1,11.980857849121094,5
0,9.246112823486328,9
2,11.272688865661621,8
1,7.381187438964844,6
0,7.498884201049805,3
3,10.539750099182129,2
2,10.43140983581543,7
3,6.494070529937744,1
1,8.339902877807617,0
0,11.427553176879883,4
2,9.191095352172852,9
0,11.912162780761719,5
3,5.954978942871094,6
1,8.354540824890137,0
0,7.506343841552734,3
3,11.912176132202148,5
1,10.46788215637207,7
2,6.495502948760986,1
1,11.222211837768555,8
2,10.707752227783203,2
0,11.418761253356934,4
3,9.190610885620117,9
1,11.169992446899414,8
3,6.482810020446777,1
2,9.188955307006836,9
0,11.416746139526367,4
2,7.443789482116699,3
0,7.258410453796387,6
1,8.37735652923584,0
3,12.385578155517578,5
1,11.12070083618164,8
3,9.717462539672852,2
2,9.674060821533203,7
0,11.416778564453125,4
3,9.677032470703125,7
2,9.7174654006958,2
1,6.528449058532715,1
0,12.35362720489502,5
0,8.394031524658203,0
3,7.296263694763184,6
1,8.399044036865234,3
2,9.187685012817383,9
0,9.249621391296387,9
2,6.515194892883301,1
3,9.716456413269043,2
1,8.568014144897461,0
2,11.065258026123047,8
1,7.321343421936035,6
3,8.398226737976074,3
0,12.358685493469238,5
3,9.247299194335938,9
0,9.597770690917969,7
1,11.389963150024414,4
2,8.399539947509766,3
2,6.538254737854004,1
0,7.351001739501953,6
1,11.37956714630127,4
3,8.578847885131836,0
0,9.716197967529297,2
2,11.024255752563477,8
3,9.597021102905273,7
1,13.071762084960938,5
2,9.682781219482422,2
1,8.98560619354248,0
0,9.580082893371582,7
3,11.369769096374512,4
3,11.019156455993652,8
0,7.3858537673950195,6
1,6.525473594665527,1
2,8.404716491699219,3
0,11.019182205200195,8
3,13.515695571899414,5
2,9.245819091796875,9
1,11.369380950927734,4
2,9.555261611938477,7
1,8.99501895904541,0
3,6.507950782775879,1
0,13.369498252868652,5
3,9.248516082763672,9
2,8.058536529541016,6
0,9.68478775024414,2
1,7.3721394538879395,3
2,6.492334842681885,1
0,9.864118576049805,9
1,11.454540252685547,8
3,9.895286560058594,2
2,7.135937213897705,6
3,13.01176643371582,5
0,9.026103973388672,0
1,7.398083686828613,3
0,9.895727157592773,2
3,7.136631488800049,6
2,8.831698417663574,7
1,11.339120864868164,4
3,13.01763916015625,5
1,7.807051658630371,0
2,6.745700836181641,1
0,9.869802474975586,9
3,9.569616317749023,7
2,7.37986421585083,3
1,11.35677719116211,4
0,12.978809356689453,8
1,12.590778350830078,8
0,7.399357795715332,6
2,9.869071960449219,9
3,12.959552764892578,5
1,6.1582489013671875,1
3,13.677164077758789,2
0,7.659049987792969,3
2,7.8252363204956055,0
0,13.67650318145752,2
3,9.550413131713867,7
1,10.920802116394043,4
2,10.920802116394043,4
0,7.703251838684082,6
3,7.8103485107421875,0
2,9.885984420776367,9
1,6.836776256561279,3
1,12.745235443115234,8
0,6.140878677368164,1
3,9.331981658935547,7
2,13.054553031921387,5
2,6.562969207763672,1
1,12.562544822692871,8
3,13.058982849121094,5
0,7.814029693603516,0
2,9.893058776855469,9
0,7.716547012329102,6
1,6.8181915283203125,3
3,12.904412269592285,2
0,7.717257976531982,6
2,9.324682235717773,7
1,12.903379440307617,2
3,12.184514999389648,4
3,12.556253433227539,8
1,5.694875717163086,1
2,13.06190013885498,5
0,12.256779670715332,4
0,9.320013046264648,7
3,7.816633224487305,0
1,6.817359447479248,3
2,9.919442176818848,9
3,9.919681549072266,9
2,9.315340995788574,7
0,12.900135040283203,2
1,12.060037612915039,5
0,7.746790885925293,6
2,12.573801040649414,8
3,6.816400527954102,3
1,7.820594310760498,0
3,6.816424369812012,3
1,12.747294425964355,4
2,5.369518280029297,1
0,9.31531047821045,7
0,5.364361763000488,1
2,7.823971748352051,0
1,12.902826309204102,2
3,12.734930992126465,4
2,9.694660186767578,9
1,12.588112831115723,8
0,7.798589706420898,6
3,12.066492080688477,5
0,12.588031768798828,8
1,9.308393478393555,7
3,12.734504699707031,4
2,7.798555850982666,6
0,9.703069686889648,9
2,5.692071437835693,1
3,8.520330429077148,0
1,12.90264892578125,2
0,6.611720085144043,3
3,11.910388946533203,5
2,12.902631759643555,2
1,11.910388946533203,5
3,5.691953659057617,1
1,9.297808647155762,7
2,9.70582389831543,9
0,12.532769203186035,4
0,12.551830291748047,8
2,8.519954681396484,0
1,6.8326520919799805,3
3,8.431172370910645,6
0,5.691410064697266,1
1,12.550471305847168,8
3,7.040283203125,3
2,12.475744247436523,4
3,8.43967056274414,6
0,9.30230712890625,7
2,8.519807815551758,0
1,13.047979354858398,2
0,9.711933135986328,9
1,9.711935043334961,9
3,11.928898811340332,5
2,11.928900718688965,5
0,12.523172378540039,8
3,7.040160655975342,3
2,12.620158195495605,4
1,9.30739974975586,7
0,6.15256404876709,1
2,6.265007019042969,0
1,13.135309219360352,2
3,8.619723320007324,6
3,8.61976432800293,6
1,12.526769638061523,8
2,12.618412971496582,4
0,6.265183925628662,0
0,13.134488105773926,2
2,9.990474700927734,5
1,7.144810676574707,3
3,6.199568748474121,1
1,9.82272720336914,9
2,9.82272720336914,9
3,6.266604423522949,0
0,9.72614574432373,7
3,12.091791152954102,8
1,9.853738784790039,5
0,12.770448684692383,2
2,8.775744438171387,6
3,6.47957706451416,1
0,6.741031169891357,3
2,12.64991283416748,4
1,9.73046875,7
3,12.096158981323242,8
0,12.766531944274902,2
2,9.730714797973633,7
1,12.647851943969727,4
3,8.776451110839844,6
1,6.265385627746582,0
2,6.740563869476318,3
0,10.085437774658203,9
2,10.085575103759766,9
0,6.470620155334473,1
1,12.770009994506836,2
3,9.855806350708008,5
3,6.466289520263672,1
1,8.775444030761719,6
0,12.642635345458984,4
2,6.740873336791992,3
0,9.729061126708984,7
1,9.857892990112305,5
3,6.263698577880859,0
2,12.11480712890625,8
0,9.729072570800781,7
2,6.26374626159668,0
3,12.640031814575195,4
1,9.857917785644531,5
1,10.106863021850586,9
0,8.769633293151855,6
2,6.963894844055176,1
3,12.779272079467773,2
0,12.144231796264648,8
2,9.722620010375977,7
1,8.769619941711426,6
3,6.740691661834717,3
3,10.108220100402832,9
1,6.957764148712158,1
2,12.627519607543945,4
0,12.136238098144531,8
0,12.690558433532715,2
1,9.861408233642578,5
2,6.262299537658691,0
3,6.741077423095703,3
0,12.185677528381348,8
3,9.71954345703125,7
2,12.690555572509766,2
1,6.741072177886963,3
0,7.856571197509766,1
3,12.63138484954834,4
2,10.02380084991455,9
1,6.265970230102539,0
0,9.86318302154541,5
3,8.558355331420898,6
1,9.958151817321777,7
2,12.692907333374023,2
0,7.853285312652588,1
3,12.175126075744629,8
2,9.863194465637207,5
1,6.266132354736328,0
2,8.55696964263916,6
3,6.8936662673950195,3
1,12.63058853149414,4
0,10.035888671875,9
2,8.557061195373535,6
0,12.693517684936523,2
1,6.2095489501953125,0
3,9.958141326904297,7
2,10.038219451904297,9
3,6.894445896148682,3
0,12.628284454345703,4
1,7.857640266418457,1
0,12.156885147094727,8
1,9.507481575012207,5
3,8.647571563720703,6
2,9.507482528686523,5
0,12.628276824951172,4
3,6.89471435546875,3
2,12.694807052612305,2
1,9.958170890808105,7
0,12.147943496704102,8
1,7.707272529602051,1
3,10.059205055236816,9
2,6.213879585266113,0
3,12.14797306060791,8
0,7.7072272300720215,1
2,8.830667495727539,6
1,12.698066711425781,2
2,6.214023590087891,0
1,12.370011329650879,4
0,9.957321166992188,7
3,6.895905494689941,3
0,9.311813354492188,5
2,9.311813354492188,5
1,12.771276473999023,2
3,9.84449291229248,9
0,7.717357635498047,1
3,9.954708099365234,7
1,12.370838165283203,4
2,8.827411651611328,6
3,12.137627601623535,8
0,6.896011829376221,3
2,6.217863082885742,0
1,9.844809532165527,9
0,9.469704627990723,5
1,7.718251705169678,1
3,8.954312324523926,6
2,9.852985382080078,9
0,6.217841148376465,0
2,9.955583572387695,7
3,12.370027542114258,4
1,6.8958845138549805,3
1,12.764999389648438,2
2,5.966021537780762,0
0,12.130983352661133,8
3,8.953789710998535,6
3,9.955717086791992,7
1,9.471330642700195,5
0,9.85759162902832,9
2,11.401552200317383,4
0,12.763874053955078,2
2,7.715585708618164,1
1,12.134414672851562,8
3,6.897309303283691,3
1,12.785643577575684,2
0,9.95740795135498,7
3,8.951119422912598,6
2,7.719797134399414,1
3,10.706310272216797,8
2,9.867607116699219,9
0,11.401992797851562,4
1,6.897408485412598,3
3,9.496079444885254,5
2,9.869922637939453,9
0,5.972623825073242,0
1,5.972622871398926,0
3,12.784967422485352,2
2,7.726198196411133,1
1,9.497903823852539,5
0,9.95925521850586,7
0,8.950272560119629,6
1,11.401081085205078,4
2,6.897828578948975,3
3,10.675107955932617,8
2,7.728483200073242,1
1,9.500603675842285,5
3,11.4024658203125,4
0,10.098918914794922,9
3,9.962841987609863,7
0,8.94918441772461,6
1,12.781982421875,2
2,6.321204662322998,0
0,10.670398712158203,8
3,7.053243637084961,3
2,10.67039680480957,8
1,12.78179931640625,2
0,7.733345031738281,1
3,9.501386642456055,5
2,6.322007179260254,0
1,10.498504638671875,4
0,9.963857650756836,7
3,8.94782829284668,6
2,7.075201988220215,3
1,9.973908424377441,9
1,7.066504001617432,3
2,6.322750568389893,0
0,7.737285614013672,1
3,12.773750305175781,2
0,9.966592788696289,7
2,9.500743865966797,5
1,9.977629661560059,9
3,10.496793746948242,4
3,8.946820259094238,6
0,10.660844802856445,8
2,8.946819305419922,6
1,7.067189693450928,3
0,7.739340305328369,1
1,12.768577575683594,2
3,10.49232292175293,4
2,9.595643043518066,9
3,10.018499374389648,7
0,10.982736587524414,8
2,9.502276420593262,5
1,6.3508477210998535,0
3,7.739383697509766,1
0,10.9815673828125,8
2,9.502056121826172,5
1,7.066739082336426,3
0,12.761479377746582,2
3,6.347951889038086,0
2,9.66807746887207,9
1,10.019158363342285,7
1,8.940605163574219,6
2,10.493593215942383,4
3,10.493596076965332,4
0,10.019157409667969,7
0,10.961099624633789,8
3,9.916182518005371,9
1,8.944801330566406,6
2,6.348526954650879,0
0,9.974479675292969,5
1,7.746511459350586,1
3,12.761030197143555,2
2,7.06944465637207,3
0,10.483704566955566,4
3,6.348345756530762,0
2,9.974536895751953,5
1,7.7466301918029785,1
3,8.946208000183105,6
1,12.52558708190918,2
0,9.685624122619629,9
2,9.97854232788086,7
2,10.951027870178223,8
0,6.5315728187561035,0
1,10.951029777526855,8
3,7.077964782714844,3
2,8.944103240966797,6
0,7.762929439544678,1
1,9.685943603515625,9
3,7.078311443328857,3
2,9.837026596069336,5
3,10.472650527954102,4
1,12.517786026000977,2
0,10.031896591186523,7
2,8.943114280700684,6
3,10.031892776489258,7
0,6.566415786743164,0
1,10.472418785095215,4
0,8.03846549987793,1
3,12.510889053344727,2
1,9.936344146728516,5
2,10.769481658935547,8
0,8.038482666015625,1
2,9.682897567749023,9
1,10.769523620605469,8
3,7.070877552032471,3
3,9.677722930908203,9
0,9.07349681854248,4
1,12.512762069702148,2
2,6.204872131347656,0
0,8.92091178894043,6
2,9.958795547485352,7
1,11.770763397216797,5
3,7.070552825927734,3
2,9.958844184875488,7
1,9.070357322692871,4
0,11.770761489868164,5
3,7.070533752441406,3
2,9.985483169555664,8
3,6.191723823547363,0
0,9.75302505493164,9
1,8.687284469604492,6
3,7.572079181671143,1
0,9.021900177001953,4
1,10.072257041931152,5
2,12.472404479980469,2
0,9.801082611083984,7
3,12.471972465515137,2
2,7.5727434158325195,1
1,6.191271781921387,0
0,9.753904342651367,9
3,8.669200897216797,6
1,10.007110595703125,8
2,7.058835983276367,3
3,8.669008255004883,6
0,10.05097484588623,5
1,9.016881942749023,4
2,6.211818695068359,0
2,9.762575149536133,9
1,12.895387649536133,2
3,7.17817497253418,1
0,7.059329032897949,3
3,9.639026641845703,8
0,9.58008861541748,7
2,9.63902473449707,8
1,7.059418678283691,3
3,7.178287506103516,1
0,9.763155937194824,9
2,9.579731941223145,7
1,12.479549407958984,2
0,8.648842811584473,6
3,10.02587890625,5
1,8.236124992370605,0
2,9.479710578918457,4
2,9.633275985717773,8
3,6.38110876083374,1
0,9.785660743713379,7
1,9.479706764221191,4
3,10.02259349822998,5
0,12.90357494354248,2
1,8.537065505981445,6
2,6.2122802734375,0
0,6.344411373138428,1
3,9.710790634155273,9
1,7.072786331176758,3
2,7.072786331176758,3
1,8.536767959594727,6
2,9.477824211120605,4
0,9.769434928894043,7
3,12.90391731262207,2
3,9.450077056884766,8
0,8.236772537231445,0
1,9.72634220123291,5
2,9.719440460205078,9
2,9.111122131347656,6
3,8.237021446228027,0
1,9.74755573272705,7
0,9.088236808776855,4
3,9.719643592834473,9
0,9.722634315490723,5
1,7.200212478637695,1
2,9.449975967407227,8
0,9.465059280395508,8
3,7.319551467895508,3
2,12.906364440917969,2
1,9.700935363769531,5
0,7.319092750549316,3
1,9.104703903198242,6
2,9.720122337341309,7
3,9.602378845214844,9
2,7.191317558288574,1
1,8.121442794799805,0
3,12.378396987915039,2
0,9.281455993652344,4
0,9.474872589111328,8
2,7.317767143249512,3
3,9.650894165039062,9
1,12.378374099731445,2
2,9.695478439331055,7
3,8.122928619384766,0
1,7.191917419433594,1
0,9.091117858886719,6
3,7.141756534576416,1
0,9.425699234008789,4
2,10.691118240356445,5
1,9.680255889892578,7
1,9.478824615478516,8
2,9.605960845947266,9
3,8.900753021240234,6
0,12.373847007751465,2
0,7.325223922729492,3
3,8.119344711303711,0
1,10.669727325439453,5
2,9.231380462646484,4
3,10.669785499572754,5
1,7.137323379516602,1
2,9.617388725280762,9
0,12.263952255249023,2
2,8.885330200195312,6
1,9.223596572875977,4
3,9.774609565734863,8
0,8.121188163757324,0
0,9.632692337036133,7
3,9.63269329071045,7
1,7.321700096130371,3
2,10.638617515563965,5
0,8.121162414550781,0
3,9.627664566040039,9
2,6.997777938842773,1
1,7.321479320526123,3
3,8.259378433227539,6
2,12.273406982421875,2
0,9.665201187133789,8
1,9.186151504516602,4
0,8.259248733520508,6
3,9.665206909179688,8
2,10.616293907165527,5
1,9.184303283691406,4
0,9.602073669433594,7
2,6.996458053588867,1
1,12.27458381652832,2
3,8.124963760375977,0
2,6.9958086013793945,1
1,9.577637672424316,7
3,7.320052146911621,3
0,9.738746643066406,9
0,9.673742294311523,8
2,10.54941463470459,5
1,7.566052436828613,0
3,8.242725372314453,6
2,12.283105850219727,2
0,7.321019172668457,3
1,9.742286682128906,9
3,9.511236190795898,4
0,10.29189682006836,5
3,9.547361373901367,7
2,9.750547409057617,9
1,7.409569263458252,0
3,9.216440200805664,8
0,7.243040084838867,3
1,12.283271789550781,2
2,9.509357452392578,4
2,8.304620742797852,6
3,6.952470779418945,1
1,10.004752159118652,5
0,10.269776344299316,8
0,12.731865882873535,2
3,9.678382873535156,7
2,7.417266845703125,0
1,6.952455520629883,1
1,9.757384300231934,9
2,7.279705047607422,3
0,8.304360389709473,6
3,9.507574081420898,4
0,12.423237800598145,2
2,9.236051559448242,7
1,7.276349067687988,3
3,9.580194473266602,4
3,9.791362762451172,8
2,7.532473087310791,0
0,9.765884399414062,9
1,8.344287872314453,6
3,8.341475486755371,6
0,9.765573501586914,9
1,6.949004650115967,1
2,10.556647300720215,5
1,11.165245056152344,2
2,11.064038276672363,5
0,9.550989151000977,4
3,7.792377948760986,3
3,9.813961029052734,8
0,6.969595909118652,1
2,9.207413673400879,7
1,7.530807018280029,0
1,11.171253204345703,2
2,7.787696838378906,3
3,11.026004791259766,5
0,9.187949180603027,7
0,8.580742835998535,6
2,11.753752708435059,8
1,7.529650688171387,0
3,9.719837188720703,4
3,6.9680070877075195,1
2,11.022058486938477,5
0,9.786791801452637,9
1,7.529689311981201,0
0,8.695697784423828,7
3,8.343358993530273,6
2,6.884015083312988,1
1,9.130041122436523,4
3,11.176715850830078,2
1,11.034494400024414,8
0,9.930290222167969,9
2,7.783052444458008,3
0,11.18477725982666,2
3,6.886794090270996,1
2,10.989638328552246,5
1,9.67330551147461,9
3,10.272433280944824,3
2,8.349802017211914,6
1,9.110589027404785,4
0,8.674320220947266,7
0,11.049497604370117,8
2,10.52131175994873,9
1,9.11037826538086,4
3,7.77623987197876,0
0,11.318363189697266,8
2,8.642078399658203,7
3,10.934968948364258,5
1,7.765368938446045,0
0,6.890931129455566,1
3,10.271110534667969,3
1,8.361059188842773,6
2,11.009500503540039,2
3,10.763971328735352,5
2,9.9700927734375,3
0,8.818099975585938,4
1,10.501384735107422,9
0,11.377116203308105,8
2,8.627591133117676,7
1,7.804813385009766,1
3,7.751721382141113,0
1,8.351818084716797,6
0,8.35181713104248,6
2,11.015993118286133,2
3,11.015995979309082,2
3,9.783632278442383,3
1,10.74370002746582,5
2,8.800798416137695,4
0,6.735854148864746,0
1,11.448935508728027,8
0,7.818816184997559,1
2,10.492715835571289,9
3,8.4332275390625,7
3,8.343057632446289,6
2,10.969799041748047,2
0,6.737538814544678,0
1,8.802173614501953,4
0,8.422576904296875,7
1,10.142117500305176,9
3,9.787092208862305,3
2,10.303275108337402,5
3,11.446011543273926,8
0,11.446013450622559,8
2,6.723154544830322,0
1,8.137397766113281,1
2,8.149076461791992,1
3,8.405655860900879,7
0,9.517316818237305,5
1,7.6446638107299805,6
3,10.861409187316895,2
1,10.143031120300293,9
2,9.78598403930664,3
0,9.224348068237305,4
0,10.862844467163086,2
2,8.409590721130371,7
3,10.143400192260742,9
1,8.148320198059082,1
2,6.513832092285156,0
1,9.789705276489258,3
0,9.230452537536621,4
3,11.460387229919434,8
0,11.460437774658203,8
3,7.639166831970215,6
1,7.639166355133057,6
2,10.135534286499023,5
3,10.873519897460938,2
0,10.084397315979004,5
2,6.096377372741699,0
1,8.432659149169922,7
0,8.18038558959961,1
3,9.228351593017578,4
2,10.151824951171875,9
1,9.801909446716309,3
3,11.484761238098145,8
1,8.437762260437012,7
2,7.6593780517578125,6
0,10.873190879821777,2
2,10.075665473937988,5
3,10.158873558044434,9
1,9.151079177856445,3
0,9.294897079467773,4
0,6.103518009185791,0
2,6.103516578674316,0
1,9.151086807250977,3
3,7.655773162841797,1
0,10.075973510742188,5
1,10.15727710723877,9
3,9.292984962463379,4
2,8.621946334838867,6
0,10.827179908752441,2
2,7.675329208374023,1
3,10.713994979858398,8
1,8.418106079101562,7
3,10.827449798583984,2
2,7.675318241119385,1
0,9.661212921142578,3
1,8.621600151062012,6
0,8.408772468566895,7
1,10.173272132873535,9
2,6.094121932983398,0
3,9.103328704833984,4
3,10.73577880859375,8
1,9.87310791015625,5
2,9.682313919067383,3
0,8.353225708007812,6
3,10.74029541015625,8
0,9.872944831848145,5
1,10.171457290649414,9
2,9.097162246704102,4
0,7.700472831726074,1
1,10.8391695022583,2
2,6.090699672698975,0
3,8.41508674621582,7
1,8.411199569702148,7
3,9.533870697021484,9
0,9.07280158996582,4
2,6.0906982421875,0
2,10.778270721435547,8
0,7.715876579284668,1
3,8.840465545654297,6
1,9.588966369628906,3
2,9.805532455444336,5
1,11.022029876708984,2
3,9.534645080566406,9
0,9.588800430297852,3
3,5.7609758377075195,0
1,7.727495193481445,1
2,9.854806900024414,5
0,9.017149925231934,4
3,11.032651901245117,2
0,10.783363342285156,8
2,8.8169527053833,6
1,7.808811664581299,7
0,11.032567977905273,2
2,7.808808326721191,7
1,5.812957286834717,0
3,9.017586708068848,4
1,10.801348686218262,8
0,9.553193092346191,3
3,8.280611038208008,6
2,9.528366088867188,9
2,9.795768737792969,5
0,10.80742359161377,8
3,7.739773750305176,1
1,7.739772796630859,1
3,9.726424217224121,5
0,5.741381645202637,0
2,9.068684577941895,4
1,9.530614852905273,9
2,11.061334609985352,2
3,8.268697738647461,6
1,7.578429222106934,7
0,9.372274398803711,3
0,7.749022006988525,1
2,11.06144905090332,2
3,7.578372001647949,7
1,11.004079818725586,8
0,5.732816696166992,0
1,9.36251449584961,3
3,9.531210899353027,9
2,8.562297821044922,4
1,10.248878479003906,5
0,10.248880386352539,5
2,7.5041093826293945,6
3,10.67337417602539,2
3,5.730453968048096,0
0,9.530750274658203,9
1,8.55776309967041,4
2,7.500356674194336,6
0,11.036248207092285,8
3,7.766351699829102,1
2,8.387994766235352,7
1,9.92546272277832,3
2,10.68149471282959,2
0,9.925418853759766,3
3,7.643779754638672,6
1,7.766412734985352,1
1,5.556866645812988,0
2,10.188074111938477,5
3,9.5330810546875,9
0,11.030843734741211,8
2,7.7697038650512695,1
1,8.398483276367188,7
0,7.617746353149414,4
3,7.617746353149414,4
0,9.00434684753418,0
1,9.448278427124023,3
2,9.533803939819336,9
3,7.60371208190918,6
0,11.048192977905273,8
1,8.488136291503906,7
3,10.149807929992676,5
2,12.088918685913086,2
0,9.004302978515625,0
3,9.449018478393555,3
2,9.532609939575195,9
1,8.488136291503906,7
0,12.091276168823242,2
2,10.116116523742676,5
1,9.86547565460205,8
3,8.341252326965332,4
2,8.48716926574707,7
3,7.5821380615234375,6
1,8.944954872131348,0
0,7.7858686447143555,1
0,7.785565376281738,1
2,7.581840515136719,6
3,8.341586112976074,4
1,9.53092098236084,9
3,11.97783374786377,2
1,9.52713394165039,8
0,10.104584693908691,5
2,9.456116676330566,3
3,7.739115238189697,1
0,7.563528060913086,6
1,8.821479797363281,4
2,9.527202606201172,8
1,11.9806547164917,2
2,10.075373649597168,5
0,9.577753067016602,9
3,9.479816436767578,3
2,11.980765342712402,2
0,8.268440246582031,7
3,8.798446655273438,0
1,8.794525146484375,4
0,8.259227752685547,7
2,9.543533325195312,8
3,10.073335647583008,5
1,7.552521705627441,6
1,7.938226222991943,1
3,9.626409530639648,9
2,9.413725852966309,3
0,8.786380767822266,0
2,7.938276290893555,1
0,9.547994613647461,8
3,7.537474632263184,6
1,8.776968955993652,0
1,11.98738956451416,2
2,9.390375137329102,3
0,8.774284362792969,4
3,9.828863143920898,5
1,8.484829902648926,7
3,7.530810356140137,6
0,9.82746410369873,5
2,9.624846458435059,9
0,7.943873405456543,1
1,8.779521942138672,0
3,8.774602890014648,4
2,9.559707641601562,8
3,8.48841667175293,7
0,8.941704750061035,3
2,9.623594284057617,9
1,9.45382308959961,2
3,8.489133834838867,7
2,7.532190322875977,6
1,8.78773307800293,0
0,8.767743110656738,4
3,7.939899444580078,1
2,9.550954818725586,8
0,10.844995498657227,5
1,9.622126579284668,9
2,9.453390121459961,2
3,7.742321491241455,1
0,9.572652816772461,9
1,8.951504707336426,3
0,8.777789115905762,0
1,7.5560102462768555,6
2,8.951499938964844,3
3,8.723093032836914,4
1,9.513010025024414,8
0,9.45541000366211,2
2,8.244999885559082,7
3,10.847646713256836,5
0,10.8474760055542,5
2,9.570823669433594,9
3,8.724257469177246,4
1,7.57645845413208,6
2,7.73601770401001,1
3,9.454838752746582,2
1,9.514826774597168,8
0,9.151302337646484,3
2,8.256181716918945,7
1,7.719479560852051,1
3,8.461945533752441,4
0,8.771219253540039,0
3,8.25617790222168,7
0,9.54521656036377,2
1,9.457728385925293,8
2,9.568910598754883,9
2,10.91890811920166,5
3,7.659395217895508,6
0,9.103387832641602,3
1,8.95064926147461,0
0,9.103389739990234,3
1,9.568222045898438,9
2,7.659335136413574,6
3,8.432144165039062,4
0,10.917912483215332,5
3,8.267236709594727,7
1,7.712302207946777,1
2,8.950606346130371,0
2,10.079482078552246,2
0,10.439216613769531,8
3,9.35897445678711,3
1,10.439214706420898,8
1,7.681349277496338,6
2,9.566427230834961,9
3,8.43682861328125,4
0,5.670182228088379,0
0,7.692253112792969,1
2,9.057374954223633,7
1,10.080301284790039,2
3,10.982311248779297,5
0,10.078660011291504,2
3,10.422517776489258,8
1,7.694807052612305,6
2,8.437155723571777,4
1,9.05737590789795,7
3,10.98131275177002,5
0,9.564711570739746,9
2,9.361446380615234,3
1,7.689230918884277,1
0,5.62186336517334,0
2,5.621865272521973,0
3,9.563804626464844,9
2,7.700681209564209,6
3,10.076187133789062,2
0,9.05733871459961,7
1,10.997882843017578,5
3,7.69677734375,1
0,10.40297794342041,8
1,8.196459770202637,3
2,9.371565818786621,4
1,10.389670372009277,8
3,11.025367736816406,5
2,8.201798439025879,3
0,9.054422378540039,4
0,5.630983352661133,0
2,9.065736770629883,7
3,7.486321449279785,6
1,10.074760437011719,2
0,7.689522743225098,1
2,11.051834106445312,5
3,9.05207347869873,3
1,9.552579879760742,9
0,9.073929786682129,7
1,9.552419662475586,9
2,7.689497947692871,1
3,9.050554275512695,4
3,5.418971061706543,0
2,10.073423385620117,2
0,10.065298080444336,8
1,7.496127128601074,6
0,10.025458335876465,8
2,7.5707011222839355,6
3,9.063335418701172,3
1,7.676760673522949,1
1,9.085652351379395,7
3,5.424775123596191,0
2,9.909683227539062,2
0,9.074324607849121,4
0,10.272479057312012,5
2,10.007356643676758,8
1,9.603429794311523,9
3,9.082884788513184,4
3,10.272237777709961,5
0,5.4310173988342285,0
2,7.587029933929443,6
1,9.603448867797852,9
0,9.390103340148926,7
2,7.674896240234375,1
1,9.905406951904297,2
3,9.075922012329102,3
3,9.577554702758789,9
0,9.085760116577148,3
1,7.601991653442383,6
2,9.994193077087402,8
0,10.305456161499023,5
2,9.61378288269043,4
3,9.90291976928711,2
1,5.433700084686279,0
3,7.73006010055542,1
2,9.57459831237793,9
1,9.539535522460938,7
0,7.730058193206787,1
0,5.437626838684082,0
2,9.092277526855469,3
1,10.338150024414062,5
3,10.000358581542969,4
0,9.984357833862305,8
3,9.539469718933105,7
2,7.001004219055176,6
1,9.902986526489258,2
0,9.549312591552734,7
2,7.791534423828125,1
1,9.0982027053833,3
3,7.230714797973633,6
0,5.436088562011719,0
2,10.291093826293945,5
3,9.976747512817383,8
1,9.572074890136719,9
3,10.111138343811035,8
0,9.0957670211792,3
2,10.004569053649902,4
1,9.90363883972168,2
3,7.773892879486084,1
2,5.440607070922852,0
1,9.477672576904297,7
0,9.988163948059082,4
1,10.325213432312012,5
3,9.567682266235352,9
2,9.897337913513184,2
0,7.203779220581055,6
0,9.600638389587402,7
3,7.775389671325684,1
1,7.206938743591309,6
2,9.988019943237305,4
3,9.70686149597168,8
2,10.334182739257812,5
0,9.566548347473145,9
1,9.90060806274414,2
2,9.900778770446777,2
0,9.566206932067871,9
1,5.439499378204346,0
3,9.10906982421875,3
0,7.209394454956055,6
1,9.657306671142578,7
3,5.439349174499512,0
2,7.77007532119751,1
3,9.697092056274414,8
2,9.110006332397461,3
0,10.343242645263672,5
1,9.989866256713867,4
1,9.690629959106445,8
3,7.210063934326172,6
2,9.990854263305664,4
0,9.110137939453125,3
2,10.350409507751465,5
1,7.7649688720703125,1
3,9.904749870300293,2
0,9.56385612487793,9
3,7.209455490112305,6
2,7.764070510864258,1
0,5.436694145202637,0
1,9.66562271118164,7
0,9.702451705932617,8
2,9.110727310180664,3
1,9.562784194946289,9
3,5.425819396972656,0
2,9.677019119262695,7
1,10.355339050292969,5
0,9.906124114990234,2
3,9.991893768310547,4
0,7.2145915031433105,6
3,9.685040473937988,7
1,10.3603515625,5
2,10.449552536010742,8
3,9.109567642211914,3
2,9.908863067626953,2
0,5.422224044799805,0
1,9.994117736816406,4
3,7.759038925170898,1
2,9.68532943725586,7
0,9.993849754333496,4
1,9.561386108398438,9
1,10.43402099609375,8
0,9.56081771850586,9
2,5.41996431350708,0
3,9.110481262207031,3
3,7.213766574859619,6
0,10.361422538757324,5
1,7.756001949310303,1
2,9.909807205200195,2
0,9.48916244506836,2
2,10.358120918273926,5
1,9.559412002563477,9
3,9.991005897521973,4
2,7.756906509399414,1
0,7.213176727294922,6
3,9.113835334777832,3
1,10.420823097229004,8
0,9.558609008789062,9
3,9.11355209350586,3
2,9.687503814697266,7
1,5.417778491973877,0
3,7.213183879852295,6
1,9.06662368774414,2
2,9.99059772491455,4
0,10.353095054626465,5
2,7.763607978820801,1
0,10.41645622253418,8
1,9.68972396850586,7
3,5.417514324188232,0
2,9.890951156616211,7
3,7.212977409362793,6
0,10.401334762573242,8
1,9.061111450195312,3
0,7.76423454284668,1
3,5.7950944900512695,0
2,9.989232063293457,4
1,9.555984497070312,9
0,10.349161148071289,5
1,9.065322875976562,2
2,9.060728073120117,3
3,9.8911771774292,7
3,10.382558822631836,8
0,9.059042930603027,2
1,5.794654846191406,0
2,7.216902256011963,6
2,10.242313385009766,5
1,7.763210773468018,1
0,9.549917221069336,9
3,9.992132186889648,4
3,9.059110641479492,2
2,9.790525436401367,7
1,10.383337020874023,8
0,5.794694900512695,0
3,10.239831924438477,5
2,9.276338577270508,3
0,9.990528106689453,4
1,7.2217698097229,6
1,7.760441780090332,1
3,9.666462898254395,9
0,9.79261589050293,7
2,9.276310920715332,3
2,9.362621307373047,2
0,10.40863037109375,8
1,10.668601036071777,5
3,9.649581909179688,9
3,6.597514629364014,0
1,8.063577651977539,1
2,7.635892391204834,6
0,9.993743896484375,4
0,9.785697937011719,9
3,7.6355438232421875,6
2,9.993873596191406,4
1,9.011428833007812,3
3,10.276945114135742,5
1,6.868145942687988,0
2,8.882457733154297,2
0,9.402965545654297,7
2,10.398221969604492,8
0,8.007360458374023,1
1,9.402965545654297,7
3,10.398221969604492,8
3,8.88170337677002,2
2,8.012540817260742,1
1,6.865255355834961,0
0,9.372895240783691,4
0,7.544424057006836,6
1,8.999855041503906,3
2,9.395519256591797,9
3,10.262746810913086,5
0,10.262750625610352,5
1,8.012421607971191,1
2,8.881592750549316,2
3,8.999832153320312,3
0,9.391218185424805,9
3,8.304458618164062,7
2,7.043398380279541,0
1,9.364273071289062,4
3,8.009862899780273,1
0,7.968620300292969,6
2,8.275118827819824,7
1,10.1151704788208,8
3,9.487945556640625,9
1,10.114520072937012,8
2,7.969050407409668,6
0,8.87966537475586,2
0,10.450950622558594,5
3,10.35369873046875,4
2,9.944334983825684,3
1,7.047767639160156,0
2,8.346949577331543,7
0,9.486723899841309,9
1,8.812326431274414,6
3,7.054065704345703,0
2,7.769125938415527,1
1,9.833822250366211,8
0,9.144762992858887,2
3,10.054159164428711,3
0,10.167046546936035,9
1,7.561173439025879,6
2,10.575900077819824,5
3,10.199580192565918,4
3,7.769834995269775,1
0,10.047377586364746,3
1,7.0552496910095215,0
2,9.842201232910156,8
3,9.145059585571289,2
1,8.988301277160645,7
2,10.560575485229492,5
0,10.195228576660156,4
0,10.168832778930664,9
3,9.864662170410156,8
1,10.560575485229492,5
2,8.98828125,7
2,6.8947834968566895,0
0,8.79269027709961,2
3,8.600322723388672,6
1,10.072351455688477,4
2,7.782341957092285,1
0,10.639826774597168,5
1,9.167845726013184,3
3,7.782341480255127,1
2,6.892413139343262,0
0,9.169841766357422,3
1,9.894172668457031,8
3,8.79289436340332,2
2,8.571958541870117,7
1,10.670799255371094,9
0,8.738367080688477,6
3,11.287886619567871,4
0,8.5719633102417,7
3,10.67081069946289,9
2,9.973491668701172,8
1,11.287899017333984,4
3,10.303739547729492,5
1,7.777926445007324,1
2,9.38863754272461,3
0,8.753490447998047,6
3,6.897944450378418,0
2,8.7525053024292,6
0,9.643431663513184,2
1,10.749162673950195,8
0,8.734243392944336,7
1,7.767556667327881,1
3,9.331645965576172,3
2,9.641731262207031,2
2,10.717004776000977,9
0,6.921156406402588,0
1,10.32790756225586,5
3,11.577863693237305,4
0,6.8653669357299805,1
1,10.32229232788086,8
3,9.295008659362793,3
2,10.32789134979248,5
3,11.571634292602539,4
0,8.754788398742676,7
1,9.660111427307129,2
2,8.764585494995117,6
2,7.423368453979492,0
3,10.719928741455078,9
0,11.571346282958984,4
1,8.75503158569336,7
2,9.589414596557617,6
3,10.720897674560547,9
1,10.33296012878418,8
0,6.974564552307129,1
