step,node_ids,num_nodes
1,"[0, 1, 384, 3, 265, 266, 397, 398, 271, 399, 157, 291, 86, 217, 90, 92, 354, 107, 235, 380]",20
2,"[0, 1, 2, 3, 321, 261, 397, 398, 399, 337, 273, 88, 305, 115, 380, 63]",16
3,"[0, 1, 2, 3, 259, 397, 398, 399, 298, 63, 321, 80, 342, 90, 95, 233, 235, 365, 368, 378, 380]",21
4,"[0, 1, 2, 198, 71, 329, 138, 397, 398, 399, 294, 40, 232, 106, 365, 368, 178, 242]",18
5,"[0, 1, 2, 3, 259, 199, 397, 398, 399, 342, 86, 90, 27, 191]",14
6,"[0, 1, 2, 3, 138, 397, 398, 399, 63, 72, 80, 90, 95, 354, 233, 106, 235, 368, 380]",19
7,"[0, 1, 2, 3, 390, 397, 398, 399, 28, 294, 40, 173, 178, 71, 331, 213, 92, 106, 107, 365, 368, 251, 255]",23
8,"[0, 1, 2, 3, 262, 266, 138, 397, 398, 399, 284, 294, 40, 178, 71, 80, 90, 358, 232, 106, 235, 364, 365, 368, 242, 380]",26
9,"[0, 1, 2, 388, 265, 75, 331, 397, 398, 399, 84, 86, 24, 217, 90, 235, 380]",17
10,"[0, 1, 2, 3, 269, 397, 143, 399, 398, 146, 19, 305, 178, 308, 321, 71, 365, 368, 245, 117, 380, 382]",22
11,"[1, 2, 3, 397, 398, 79, 399, 85, 279, 159]",10
12,"[0, 1, 2, 321, 388, 265, 331, 75, 397, 398, 399, 86, 217, 90, 235, 380]",16
13,"[0, 1, 2, 384, 198, 71, 329, 138, 397, 398, 399, 294, 40, 106, 365, 368, 178, 383]",18
14,"[0, 1, 2, 129, 321, 9, 397, 398, 399, 90, 27, 235, 380, 191]",14
15,"[0, 2, 3, 266, 138, 268, 397, 398, 399, 279, 25, 159, 293, 71, 329, 88, 368, 244, 377]",19
16,"[0, 1, 2, 321, 329, 397, 398, 399, 90, 233, 107, 368, 380]",13
17,"[0, 1, 2, 384, 388, 265, 139, 397, 398, 399, 279, 43, 178, 308, 320, 321, 325, 331, 217, 90, 93, 235, 368, 242, 245, 380]",26
18,"[0, 1, 2, 3, 266, 397, 398, 399, 28, 294, 40, 173, 178, 71, 213, 106, 235, 365, 368, 251, 380, 255]",22
19,"[0, 64, 2, 3, 329, 268, 397, 398, 399, 146, 293, 358, 178, 52, 311, 62]",16
20,"[0, 1, 2, 3, 388, 389, 397, 398, 399, 148, 160, 36, 37, 304, 58, 321, 196, 71, 217, 90, 354, 235]",22
21,"[0, 1, 2, 261, 138, 397, 398, 399, 153, 304, 62, 190, 214, 89, 90, 91, 92, 107, 238]",19
22,"[0, 1, 2, 3, 138, 266, 268, 397, 398, 399, 25, 293, 178, 308, 321, 71, 329, 90, 365, 368, 244, 245, 372, 380, 382]",25
23,"[0, 1, 384, 3, 388, 391, 265, 139, 397, 398, 399, 145, 279, 157, 285, 308, 321, 325, 331, 336, 86, 217, 90, 235, 245, 380]",26
24,"[0, 1, 329, 107, 397, 398, 399, 90]",8
25,"[0, 1, 2, 3, 7, 71, 329, 139, 268, 397, 398, 399, 90, 293, 115, 185, 63]",17
26,"[0, 1, 2, 321, 397, 398, 399, 337, 17, 90, 287, 295, 235, 115, 380]",15
27,"[1, 2, 3, 71, 329, 268, 397, 398, 399, 90, 293, 178, 311, 62, 63]",15
28,"[0, 1, 2, 3, 259, 385, 263, 265, 11, 139, 397, 398, 399, 287, 295, 296, 306, 321, 342, 90, 380]",21
29,"[0, 2, 265, 9, 397, 398, 399, 34, 106, 178, 116]",11
30,"[0, 1, 2, 3, 9, 268, 397, 398, 399, 25, 34, 293, 178, 308, 63, 71, 329, 365, 372, 245, 382]",21
31,"[0, 1, 2, 329, 397, 398, 399, 274, 90, 27, 294, 295, 40, 106, 107, 365, 191]",17
32,"[0, 1, 3, 5, 262, 325, 329, 138, 397, 398, 399, 86, 279, 224, 230, 365, 308]",17
33,"[0, 2, 3, 198, 71, 265, 329, 268, 397, 398, 399, 217, 219, 293, 365, 376, 63]",17
34,"[0, 1, 2, 3, 387, 262, 138, 266, 397, 398, 15, 399, 159, 40, 49, 178, 321, 80, 90, 219, 106, 235, 364, 365, 239, 368, 376, 249, 380]",29
35,"[0, 1, 2, 329, 397, 398, 399, 294, 40, 106, 107, 365, 368, 178]",14
36,"[1, 2, 3, 397, 398, 271, 399, 90, 294, 40, 106, 365, 368, 178, 181, 310, 123, 380]",18
37,"[0, 1, 2, 3, 388, 389, 265, 267, 268, 397, 398, 396, 399, 293, 178, 182, 55, 63, 321, 322, 71, 329, 74, 217, 106, 112, 242, 116, 380]",29
38,"[0, 2, 3, 195, 329, 265, 9, 397, 398, 399, 34, 106, 178, 116]",14
39,"[0, 1, 2, 397, 398, 399, 272, 178, 182, 55, 321, 71, 75, 93, 232, 235, 368, 380, 381, 127]",20
40,"[0, 1, 2, 321, 138, 75, 397, 398, 399, 368, 178, 380, 127]",13
41,"[224, 2, 130, 106, 365, 398, 399, 397, 316]",9
42,"[0, 1, 2, 3, 266, 397, 398, 399, 278, 45, 53, 321, 329, 206, 339, 86, 348, 99, 228, 368, 123, 380]",22
43,"[0, 2, 3, 199, 263, 75, 397, 398, 399, 341, 86, 163, 301, 302, 48, 119, 254]",17
44,"[0, 1, 2, 3, 258, 5, 266, 139, 397, 398, 271, 399, 298, 178, 321, 71, 80, 89, 365, 368, 378, 380, 126]",23
45,"[2, 3, 71, 329, 268, 397, 398, 399, 293, 178, 311, 62, 63]",13
46,"[0, 1, 2, 384, 263, 397, 398, 399, 157, 163, 301, 302, 76, 341, 86, 90, 94, 107, 119]",19
47,"[0, 1, 2, 3, 138, 397, 398, 399, 271, 304, 51, 62, 190, 63, 321, 214, 91, 92, 95, 106, 107, 123, 380]",23
48,"[0, 1, 2, 196, 71, 9, 266, 397, 398, 399, 90, 34, 294, 40, 106, 365, 178, 313]",18
49,"[0, 2, 3, 389, 268, 397, 398, 399, 146, 293, 178, 52, 63, 64, 322, 71, 329, 358, 106]",19
50,"[0, 321, 2, 138, 397, 398, 399, 17, 214, 91, 92, 287, 295, 301, 304, 51, 62]",17
51,"[0, 1, 2, 3, 259, 397, 398, 399, 281, 283, 321, 194, 71, 337, 342, 216, 90, 368, 115, 380]",20
52,"[0, 2, 3, 388, 265, 266, 138, 268, 397, 398, 399, 25, 293, 43, 63, 71, 329, 217, 104, 365]",20
53,"[2, 3, 195, 329, 397, 398, 399, 178]",8
54,"[0, 1, 2, 196, 263, 397, 398, 399, 341, 90, 163, 301, 302, 119]",14
55,"[0, 1, 2, 64, 321, 71, 397, 398, 399, 146, 90, 358, 40, 106, 368, 178, 52, 380]",18
56,"[0, 1, 2, 3, 321, 138, 397, 398, 399, 148, 84, 24, 354, 37, 58, 380]",16
57,"[0, 1, 2, 3, 266, 138, 12, 397, 398, 399, 40, 299, 178, 63, 321, 80, 90, 95, 233, 106, 368, 374, 380]",23
58,"[0, 2, 3, 195, 329, 266, 138, 265, 397, 398, 399, 217, 25, 365, 178]",15
59,"[0, 1, 2, 3, 138, 397, 398, 399, 21, 279, 178, 308, 325, 86, 224, 106, 365, 368, 245]",19
60,"[0, 1, 2, 3, 138, 397, 398, 399, 21, 279, 308, 63, 321, 325, 86, 90, 95, 224, 233, 106, 365, 368, 380]",23
61,"[0, 1, 2, 192, 321, 329, 74, 203, 397, 398, 399, 159, 104, 368, 178, 380]",16
62,"[0, 384, 3, 391, 265, 139, 397, 398, 399, 145, 86, 92, 285]",13
63,"[0, 1, 2, 3, 387, 262, 266, 138, 397, 398, 15, 399, 159, 40, 49, 178, 182, 55, 321, 71, 80, 90, 219, 93, 232, 106, 364, 365, 239, 368, 245, 376, 249, 380]",34
64,"[0, 1, 2, 384, 388, 266, 397, 398, 271, 399, 294, 40, 309, 61, 71, 217, 90, 106, 236, 365, 368]",21
65,"[0, 1, 2, 321, 265, 329, 77, 398, 399, 397, 217, 219, 104, 43, 365, 367, 376, 380]",18
66,"[0, 2, 259, 138, 397, 398, 399, 214, 365, 177, 251, 60, 190]",13
67,"[0, 2, 3, 130, 261, 390, 389, 135, 266, 138, 397, 398, 399, 273, 160, 296, 171, 304, 305, 316, 196, 86, 88, 92, 224, 106, 107, 365]",28
68,"[0, 1, 3, 259, 389, 266, 397, 398, 399, 160, 294, 40, 296, 304, 196, 86, 342, 90, 92, 106, 107, 365]",22
69,"[0, 1, 2, 3, 262, 71, 266, 138, 397, 398, 399, 80, 90, 40, 106, 364, 368, 178]",18
70,"[0, 1, 2, 3, 390, 268, 397, 398, 399, 293, 178, 311, 62, 63, 321, 71, 329, 92, 380, 382]",20
71,"[0, 384, 2, 3, 261, 265, 266, 397, 398, 399, 144, 273, 157, 160, 296, 305, 88, 217, 351]",19
72,"[0, 2, 3, 390, 397, 398, 399, 28, 289, 169, 173, 178, 71, 331, 213, 88, 107, 368, 115, 251, 255]",21
73,"[0, 1, 2, 3, 11, 139, 397, 398, 399, 303, 50, 321, 329, 84, 92, 99, 107, 122, 380]",19
74,"[0, 1, 2, 138, 397, 398, 399, 28, 284, 289, 294, 40, 178, 71, 202, 90, 106, 365, 368, 115]",20
75,"[0, 1, 2, 3, 388, 266, 138, 397, 398, 399, 25, 293, 63, 321, 71, 329, 334, 342, 219, 347, 365, 380]",22
76,"[0, 2, 265, 266, 397, 78, 398, 80, 399, 217, 90, 92, 165, 63]",14
77,"[0, 1, 2, 258, 262, 266, 139, 397, 398, 399, 40, 178, 314, 71, 80, 86, 90, 93, 106, 364, 368, 242]",22
78,"[0, 1, 2, 71, 266, 138, 139, 397, 398, 399, 90, 93, 368, 178, 242]",15
79,"[0, 384, 2, 3, 388, 259, 265, 329, 397, 398, 399, 86, 342, 217, 107]",15
80,"[0, 257, 2, 3, 7, 265, 138, 397, 398, 399, 272, 277, 293, 63, 71, 329, 217, 106, 115, 127]",20
81,"[0, 1, 2, 3, 266, 138, 397, 398, 399, 25, 293, 314, 63, 321, 71, 329, 217, 219, 99, 365, 380]",21
82,"[0, 1, 2, 3, 388, 266, 138, 268, 397, 398, 399, 25, 157, 293, 178, 311, 62, 63, 321, 71, 329, 80, 217, 92, 106, 374, 380, 382]",28
83,"[0, 1, 2, 320, 384, 199, 71, 139, 397, 398, 399, 279, 90, 224, 368, 178]",16
84,"[0, 2, 196, 329, 397, 398, 399, 348, 160, 365, 304, 177]",12
85,"[0, 1, 2, 3, 266, 397, 398, 399, 40, 298, 173, 178, 182, 55, 71, 80, 213, 89, 93, 232, 106, 108, 365, 368, 378, 126, 255]",27
86,"[1, 2, 9, 397, 398, 399, 372, 25, 380]",9
87,"[0, 1, 2, 3, 384, 390, 135, 393, 9, 397, 398, 399, 276, 293, 178, 63, 321, 71, 329, 106, 380, 382]",22
88,"[0, 384, 2, 388, 329, 265, 75, 397, 398, 399, 338, 89, 290, 107, 238]",15
89,"[0, 1, 2, 3, 385, 384, 266, 138, 139, 397, 398, 399, 145, 25, 168, 178, 321, 195, 329, 380]",20
90,"[0, 1, 2, 3, 384, 9, 266, 138, 397, 398, 399, 276, 25, 157, 293, 296, 178, 63, 71, 329, 80, 106, 109, 374, 380, 382]",26
91,"[0, 1, 2, 3, 71, 329, 9, 397, 398, 399, 154, 293, 106, 178, 380, 382, 63]",17
92,"[2, 3, 397, 398, 399, 17, 21, 287, 295, 106]",10
93,"[0, 1, 2, 384, 130, 321, 265, 9, 397, 398, 399, 143, 224, 32, 371, 380, 125]",17
94,"[0, 1, 2, 384, 9, 395, 267, 397, 398, 399, 276, 300, 178, 182, 55, 321, 74, 106, 112, 380]",20
95,"[0, 1, 2, 263, 397, 398, 399, 90, 163, 298, 368, 178, 378]",13
96,"[0, 384, 2, 3, 138, 397, 398, 399, 25, 159, 293, 304, 63, 325, 70, 199, 71, 329, 208, 365, 372]",21
97,"[0, 385, 2, 3, 259, 263, 11, 139, 397, 398, 399, 342, 27, 298, 306, 378, 191]",17
98,"[0, 1, 2, 3, 130, 388, 384, 9, 266, 397, 398, 399, 148, 157, 37, 296, 58, 217, 90, 224, 354, 100, 371, 252, 246, 380]",26
99,"[0, 1, 2, 3, 384, 9, 397, 398, 399, 272, 276, 85, 279, 106, 178, 380, 381, 382]",18
100,"[0, 1, 321, 198, 9, 138, 329, 397, 398, 399, 90, 380]",12
101,"[0, 1, 2, 3, 9, 266, 396, 397, 398, 143, 399, 24, 40, 321, 201, 84, 90, 106, 380, 252]",20
102,"[384, 2, 3, 329, 397, 398, 399, 276, 279, 348, 160, 98, 106, 178, 243, 51]",16
103,"[0, 2, 3, 268, 397, 398, 399, 150, 293, 43, 178, 311, 62, 63, 71, 329, 77, 104, 365, 367, 382]",21
104,"[0, 1, 2, 388, 265, 329, 9, 397, 398, 399, 217, 157, 107, 368, 178, 380]",16
105,"[0, 1, 2, 3, 384, 391, 9, 266, 265, 139, 397, 398, 399, 145, 157, 285, 165, 177, 329, 217, 92, 107, 380]",23
106,"[0, 2, 3, 130, 265, 266, 12, 397, 398, 143, 399, 148, 37, 171, 316, 217, 224, 106, 365]",19
107,"[0, 1, 2, 384, 388, 262, 266, 397, 398, 399, 159, 296, 63, 340, 86, 92, 95, 233, 364, 368, 113, 245]",22
108,"[0, 1, 2, 397, 398, 399, 150, 294, 40, 43, 178, 182, 55, 71, 329, 77, 90, 93, 232, 104, 106, 365, 367, 368, 245]",25
109,"[0, 384, 2, 3, 266, 397, 398, 399, 279, 25, 291, 166, 296, 303, 308, 199, 71, 200, 87, 89, 92, 354, 368, 374, 375, 253]",26
110,"[0, 1, 2, 3, 262, 266, 138, 396, 397, 398, 143, 399, 145, 149, 153, 40, 299, 63, 201, 332, 338, 340, 90, 95, 233, 106, 364, 368, 374, 127]",30
111,"[0, 1, 2, 3, 397, 398, 399, 284, 294, 40, 43, 173, 178, 71, 329, 202, 213, 90, 104, 106, 365, 368, 255]",23
112,"[0, 2, 75, 397, 398, 399, 84, 279, 24, 224, 308]",11
113,"[0, 1, 2, 198, 71, 329, 138, 202, 397, 398, 399, 90, 284, 159, 368, 178]",16
114,"[0, 1, 2, 384, 132, 385, 263, 265, 9, 139, 11, 397, 398, 399, 143, 27, 172, 306, 191, 90, 107, 380]",22
115,"[0, 2, 3, 388, 266, 395, 267, 397, 398, 399, 157, 293, 300, 182, 63, 325, 71, 329, 92, 107, 109, 112, 374]",23
116,"[0, 2, 3, 266, 268, 397, 398, 399, 25, 292, 293, 298, 178, 63, 322, 71, 329, 208, 365, 378, 382]",21
117,"[0, 384, 2, 259, 3, 388, 329, 138, 397, 398, 399, 144, 342, 92, 160]",15
118,"[0, 2, 3, 71, 9, 266, 138, 268, 329, 398, 397, 399, 25, 293, 365, 51, 63]",17
119,"[0, 1, 2, 3, 9, 397, 398, 399, 287, 159, 294, 40, 43, 302, 304, 178, 57, 65, 71, 90, 106, 364, 365, 368, 242, 380]",26
120,"[0, 2, 3, 393, 266, 139, 397, 398, 399, 145, 25, 160, 290, 42, 298, 178, 51, 186, 71, 329, 74, 348, 106, 368, 378]",25
121,"[0, 1, 384, 3, 259, 9, 397, 398, 399, 279, 40, 325, 199, 75, 342, 90, 224, 106, 380]",19
122,"[0, 1, 2, 3, 388, 9, 138, 266, 268, 397, 398, 399, 25, 293, 296, 63, 71, 329, 80, 217, 106, 374, 380]",23
123,"[0, 1, 2, 3, 264, 397, 398, 399, 278, 294, 40, 183, 58, 63, 198, 329, 80, 86, 90, 95, 354, 233, 106, 365, 368]",25
124,"[0, 1, 2, 3, 265, 266, 9, 12, 397, 398, 143, 399, 273, 148, 37, 217, 100, 246, 380]",19
125,"[0, 1, 2, 3, 256, 266, 139, 397, 398, 399, 298, 175, 178, 187, 320, 326, 71, 80, 89, 90, 365, 239, 368, 378, 126]",25
126,"[0, 1, 2, 3, 397, 398, 399, 17, 294, 40, 297, 178, 71, 203, 213, 90, 93, 106, 365, 368, 242, 119, 381]",23
127,"[0, 1, 2, 3, 384, 393, 266, 138, 267, 9, 139, 397, 398, 145, 399, 279, 25, 160, 42, 178, 51, 308, 71, 329, 348, 98, 365, 368, 243, 372, 245, 380]",32
128,"[0, 384, 2, 3, 265, 397, 398, 399, 143, 88, 107, 365, 369, 179]",14
129,"[0, 1, 2, 384, 263, 139, 397, 398, 399, 17, 154, 163, 301, 178, 69, 70, 333, 96, 368]",19
130,"[0, 1, 2, 3, 262, 263, 138, 139, 397, 398, 399, 17, 21, 154, 163, 40, 301, 178, 179, 69, 329, 80, 96, 106, 365, 109, 368]",27
131,"[0, 2, 130, 397, 398, 399, 279, 224, 106, 365, 316]",11
132,"[0, 1, 2, 3, 388, 265, 9, 397, 398, 399, 157, 300, 304, 68, 329, 75, 86, 217, 90, 380]",20
133,"[0, 2, 3, 133, 264, 265, 138, 397, 398, 143, 399, 180, 183, 187, 198, 329, 74, 75, 217]",19
134,"[0, 1, 3, 259, 262, 138, 266, 397, 398, 399, 80, 342, 219, 106, 364, 365, 245]",17
135,"[0, 1, 2, 3, 130, 266, 397, 398, 399, 294, 40, 298, 316, 209, 89, 90, 224, 106, 365, 378, 126]",21
136,"[2, 3, 397, 398, 335, 399, 338, 341, 354, 290]",10
137,"[0, 1, 2, 3, 397, 398, 399, 278, 40, 175, 178, 71, 203, 77, 90, 106, 367, 368, 381]",19
138,"[0, 1, 2, 3, 384, 389, 9, 138, 266, 397, 398, 399, 276, 25, 160, 175, 178, 51, 184, 325, 329, 75, 348, 106, 380, 382]",26
139,"[0, 1, 2, 3, 132, 133, 9, 266, 397, 398, 399, 25, 294, 40, 178, 180, 187, 62, 194, 71, 329, 90, 106, 365, 368, 123, 380, 382]",28
140,"[0, 1, 2, 3, 266, 397, 398, 399, 274, 295, 298, 333, 79, 209, 89, 90, 365, 378, 126]",19
141,"[0, 2, 3, 198, 71, 329, 138, 397, 398, 399, 368, 178]",12
142,"[0, 1, 2, 3, 9, 397, 398, 399, 279, 294, 40, 300, 68, 90, 224, 233, 106, 365, 368, 380]",20
143,"[0, 1, 2, 3, 263, 9, 266, 139, 397, 398, 399, 17, 163, 165, 301, 178, 329, 209, 341, 107, 365, 368, 119, 380]",24
144,"[0, 1, 2, 3, 382, 9, 266, 268, 397, 398, 399, 21, 25, 293, 178, 311, 186, 62, 63, 71, 73, 329, 86, 236, 368, 380, 126]",27
145,"[0, 1, 2, 3, 384, 135, 265, 329, 397, 398, 143, 399, 165, 364, 240, 52, 376]",17
146,"[0, 1, 2, 3, 265, 266, 138, 268, 397, 9, 398, 399, 276, 21, 25, 292, 293, 304, 178, 308, 311, 63, 71, 329, 75, 217, 90, 236, 368, 245, 380, 382]",32
147,"[0, 384, 2, 3, 133, 138, 266, 10, 397, 398, 399, 25, 298, 178, 180, 312, 187, 194, 71, 329, 98, 106, 363, 237, 368, 378, 382]",27
148,"[0, 2, 3, 266, 268, 397, 398, 399, 25, 293, 311, 63, 196, 199, 71, 329, 347, 106, 365, 368]",20
149,"[0, 1, 2, 3, 9, 268, 397, 398, 399, 293, 165, 51, 52, 311, 63, 71, 329, 364, 240, 368, 376]",21
150,"[0, 1, 3, 266, 138, 397, 398, 399, 89, 90, 292, 106, 368, 126, 123, 62]",16
151,"[0, 1, 2, 3, 384, 134, 268, 397, 398, 399, 159, 293, 165, 52, 311, 63, 64, 71, 329, 217, 92, 120, 364, 240, 368, 376]",26
152,"[0, 1, 2, 3, 128, 9, 266, 397, 398, 399, 157, 32, 165, 329, 205, 354, 362, 107, 109, 380]",20
153,"[0, 384, 199, 75, 397, 398, 399]",7
154,"[0, 3, 71, 329, 266, 268, 397, 398, 399, 25, 293, 368, 311, 63]",14
155,"[0, 2, 3, 266, 267, 268, 397, 398, 399, 25, 159, 293, 51, 311, 63, 70, 71, 329, 347, 106, 365, 368]",22
156,"[0, 384, 388, 325, 329, 331, 75, 397, 398, 399, 86, 217, 92, 107, 235]",15
157,"[0, 2, 388, 10, 266, 397, 398, 399, 25, 312, 71, 329, 217, 92, 98, 106, 107, 363, 237, 368]",20
158,"[0, 1, 2, 3, 139, 397, 398, 399, 17, 279, 287, 294, 295, 40, 301, 175, 178, 308, 71, 75, 80, 342, 90, 224, 106, 365, 368, 245]",28
159,"[397, 398, 399]",3
160,"[0, 1, 2, 3, 139, 397, 398, 399, 159, 43, 175, 178, 192, 320, 71, 329, 77, 342, 90, 93, 104, 106, 365, 367, 368, 242]",26
161,"[0, 1, 2, 3, 385, 263, 138, 139, 397, 398, 399, 175, 178, 198, 71, 329, 333, 79, 342, 88, 90, 96, 106, 368]",24
162,"[0, 1, 194, 3, 133, 71, 329, 266, 138, 397, 398, 399, 25, 235, 123, 180, 187]",17
163,"[0, 384, 2, 3, 138, 268, 397, 398, 399, 293, 311, 186, 315, 62, 63, 71, 329, 92, 368, 369, 381, 126]",22
164,"[0, 1, 2, 3, 9, 266, 138, 397, 398, 399, 178, 62, 332, 209, 89, 103, 106, 365, 368, 380, 126]",21
165,"[0, 1, 2, 3, 137, 138, 268, 397, 398, 399, 276, 25, 293, 178, 308, 311, 63, 321, 71, 329, 365, 368, 372, 245, 382]",25
166,"[0, 384, 2, 3, 385, 133, 138, 13, 398, 399, 397, 159, 180, 187, 194, 198, 71, 329, 86]",19
167,"[0, 2, 3, 388, 265, 269, 398, 399, 397, 164, 51, 61, 64, 70, 199, 71, 80, 217, 90, 92, 98, 236, 365, 368]",24
168,"[0, 385, 2, 3, 263, 266, 138, 139, 397, 398, 399, 27, 40, 299, 178, 306, 80, 214, 358, 106, 368, 376]",22
169,"[0, 1, 2, 3, 263, 138, 266, 397, 398, 399, 163, 292, 175, 178, 62, 71, 341, 342, 89, 90, 106, 368, 119, 123, 126]",25
170,"[0, 1, 2, 3, 257, 10, 138, 268, 266, 398, 399, 397, 25, 293, 178, 308, 311, 312, 63, 325, 199, 71, 329, 98, 106, 363, 237, 365, 368, 372, 245, 382]",32
171,"[0, 2, 75, 397, 78, 398, 80, 399, 279, 90, 224, 365, 308]",13
172,"[0, 1, 2, 9, 138, 397, 398, 399, 159, 43, 192, 329, 77, 80, 341, 90, 104, 233, 365, 367, 368, 380]",22
173,"[0, 2, 3, 71, 329, 268, 397, 398, 399, 154, 92, 293, 107, 368, 311, 63]",16
174,"[0, 1, 2, 3, 9, 397, 398, 399, 279, 290, 294, 40, 300, 308, 311, 68, 329, 75, 80, 338, 90, 224, 106, 365, 380]",25
175,"[0, 2, 3, 263, 397, 398, 399, 150, 159, 163, 43, 301, 302, 175, 178, 192, 71, 329, 77, 342, 104, 106, 365, 367, 368]",25
176,"[0, 1, 2, 3, 9, 397, 398, 399, 21, 294, 40, 308, 75, 341, 90, 106, 365, 245, 380]",19
177,"[0, 1, 2, 3, 138, 266, 140, 397, 398, 399, 17, 287, 295, 175, 178, 188, 71, 80, 342, 89, 90, 106, 365, 368]",24
178,"[0, 1, 2, 3, 9, 266, 138, 268, 397, 398, 399, 21, 25, 159, 292, 293, 311, 63, 199, 71, 329, 90, 236, 368, 372, 380]",26
179,"[0, 1, 2, 384, 196, 329, 266, 331, 397, 398, 399, 157, 165, 107, 365, 177, 123, 60]",18
180,"[0, 1, 2, 3, 9, 395, 397, 398, 399, 26, 294, 40, 300, 178, 71, 341, 90, 106, 365, 112, 368, 119, 380]",23
181,"[0, 1, 2, 384, 388, 325, 265, 9, 397, 398, 143, 399, 217, 92, 100, 246, 380]",17
182,"[0, 1, 2, 3, 384, 265, 266, 138, 10, 268, 9, 399, 143, 398, 397, 293, 311, 312, 63, 71, 329, 98, 106, 363, 237, 368, 380]",27
183,"[0, 1, 2, 3, 9, 138, 139, 397, 398, 399, 17, 287, 295, 301, 178, 181, 198, 329, 333, 79, 88, 96, 368, 380]",24
184,"[0, 384, 2, 3, 388, 264, 265, 397, 398, 143, 399, 281, 154, 283, 284, 180, 194, 75, 217, 368]",20
185,"[0, 1, 2, 3, 388, 134, 138, 268, 397, 398, 399, 146, 157, 293, 165, 295, 52, 181, 63, 64, 325, 71, 72, 329, 330, 75, 333, 205, 79, 80, 92, 229, 358, 107, 364, 240, 368]",37
186,"[0, 384, 2, 388, 265, 329, 397, 398, 143, 144, 399, 217, 348, 160, 32, 98, 243]",17
187,"[0, 2, 3, 194, 133, 70, 71, 325, 138, 397, 398, 399, 25, 178, 180, 372, 187, 382]",18
188,"[0, 1, 2, 3, 262, 266, 397, 398, 399, 296, 64, 199, 71, 76, 347, 94, 236, 364, 245]",19
189,"[0, 1, 2, 3, 138, 140, 397, 398, 399, 17, 287, 295, 175, 178, 181, 188, 198, 71, 329, 333, 79, 342, 88, 96, 106, 368]",26
190,"[0, 1, 2, 3, 388, 265, 266, 138, 268, 397, 398, 399, 25, 293, 312, 63, 71, 72, 329, 205, 217, 92, 98, 99, 106, 107, 363, 237, 368]",29
191,"[0, 2, 3, 388, 329, 265, 397, 398, 399, 209, 217, 95, 233, 107, 365, 368, 63]",17
192,"[0, 384, 2, 3, 6, 265, 266, 268, 397, 398, 399, 25, 159, 293, 296, 63, 325, 71, 329, 217, 368, 369, 117, 120]",24
193,"[0, 2, 3, 133, 9, 266, 138, 137, 397, 398, 399, 276, 51, 180, 187, 194, 71, 74, 76]",19
194,"[0, 2, 3, 266, 397, 398, 399, 25, 178, 312, 317, 71, 213, 98, 106, 363, 108, 237, 368]",19
195,"[0, 2, 3, 6, 137, 138, 266, 9, 397, 398, 399, 25, 157, 51, 194, 71, 74, 76, 92, 117]",20
196,"[0, 1, 2, 3, 130, 128, 266, 138, 397, 398, 399, 32, 72, 205, 80, 89, 224, 354, 99, 365, 109, 125]",22
197,"[0, 2, 3, 386, 329, 76, 397, 398, 399, 144, 348, 160, 98, 356, 164, 374, 312, 377]",18
198,"[0, 1, 2, 3, 384, 9, 397, 398, 399, 18, 279, 25, 311, 325, 199, 329, 75, 332, 83, 86, 343, 90, 224, 235, 380]",25
199,"[0, 1, 2, 3, 138, 266, 268, 397, 398, 399, 276, 25, 157, 311, 329, 86, 92, 224, 99, 123, 127]",21
200,"[0, 1, 2, 3, 137, 266, 138, 267, 397, 398, 399, 276, 25, 178, 308, 312, 321, 194, 71, 98, 106, 235, 363, 237, 365, 368, 372, 245, 123, 382]",30
201,"[0, 384, 2, 3, 388, 265, 139, 397, 398, 78, 143, 145, 399, 217, 90, 63]",16
202,"[0, 1, 2, 3, 388, 384, 266, 397, 398, 399, 144, 157, 160, 165, 40, 56, 329, 90, 92, 106, 107, 372]",22
203,"[0, 2, 325, 266, 397, 398, 399, 296, 368, 178, 252]",11
204,"[0, 1, 2, 3, 71, 74, 138, 397, 398, 143, 399, 276, 224, 99, 36, 357, 368, 116]",18
205,"[0, 384, 2, 3, 388, 266, 139, 397, 398, 399, 145, 285, 157, 31, 165, 329, 88, 92, 348, 107, 365]",21
206,"[0, 1, 2, 3, 139, 13, 397, 398, 399, 17, 150, 26, 40, 297, 43, 301, 178, 57, 71, 329, 90, 104, 106, 365, 368]",25
207,"[0, 384, 2, 3, 388, 261, 266, 397, 398, 399, 154, 157, 165, 176, 69, 198, 329, 92, 107, 252]",20
208,"[0, 2, 3, 325, 199, 397, 398, 399, 279, 31, 224, 106, 368, 178]",14
209,"[0, 1, 2, 3, 325, 199, 9, 139, 397, 398, 399, 145, 279, 285, 31, 60, 380]",17
210,"[0, 1, 2, 3, 329, 330, 267, 268, 397, 398, 399, 157, 224, 99, 112, 182, 311]",17
211,"[0, 1, 2, 3, 263, 139, 267, 397, 398, 399, 17, 163, 294, 40, 173, 301, 178, 182, 317, 71, 329, 213, 90, 106, 108, 365, 112, 368]",28
212,"[0, 1, 2, 3, 388, 265, 266, 138, 268, 397, 398, 399, 25, 304, 311, 199, 329, 330, 80, 86, 217, 224, 99, 106, 235]",25
213,"[0, 1, 2, 3, 5, 9, 138, 397, 398, 399, 292, 60, 329, 207, 80, 90, 106, 365, 123, 380]",20
214,"[0, 384, 2, 70, 265, 76, 397, 398, 399, 217, 106, 365, 316]",13
215,"[0, 1, 2, 3, 128, 388, 9, 265, 141, 398, 397, 269, 399, 51, 319, 199, 72, 329, 205, 80, 217, 90, 92, 354, 105, 365, 109, 374, 380]",29
216,"[0, 1, 2, 132, 388, 266, 397, 398, 399, 153, 36, 165, 46, 175, 321, 71, 329, 331, 107]",19
217,"[0, 1, 2, 3, 257, 266, 268, 397, 398, 399, 25, 290, 176, 178, 312, 71, 329, 330, 224, 98, 99, 106, 363, 237, 368, 382]",26
218,"[0, 1, 2, 3, 131, 385, 263, 138, 266, 139, 397, 398, 399, 287, 295, 40, 173, 175, 178, 314, 71, 329, 80, 213, 86, 90, 358, 106, 368, 124]",30
219,"[0, 384, 2, 3, 9, 138, 266, 268, 393, 398, 399, 397, 25, 29, 157, 311, 71, 329, 330, 331, 334, 347, 92, 106, 107, 365, 368]",27
220,"[0, 1, 262, 138, 266, 397, 398, 399, 80, 149, 224, 99, 364, 245, 127]",15
221,"[0, 1, 2, 3, 385, 263, 9, 267, 139, 397, 398, 399, 31, 40, 178, 306, 182, 317, 71, 90, 106, 112, 368, 380]",24
222,"[0, 1, 2, 3, 268, 397, 398, 399, 152, 25, 178, 51, 311, 321, 70, 199, 329, 330, 86, 372, 123, 382]",22
223,"[0, 2, 3, 5, 329, 397, 398, 399, 92, 157, 107, 368, 178]",13
224,"[0, 2, 3, 262, 9, 397, 398, 399, 153, 157, 63, 329, 332, 80, 340, 92, 95, 233, 107, 368]",20
225,"[0, 1, 2, 3, 128, 265, 268, 397, 398, 399, 157, 329, 331, 205, 86, 217, 92, 354, 99, 107, 374, 123]",22
226,"[0, 1, 2, 384, 134, 265, 138, 397, 398, 399, 143, 157, 33, 295, 296, 181, 74, 333, 79, 80, 217, 99, 107]",23
227,"[0, 2, 74, 397, 398, 399, 276, 214, 91, 106, 365, 316]",12
228,"[0, 1, 2, 3, 134, 138, 397, 398, 399, 33, 295, 178, 181, 325, 70, 199, 74, 331, 333, 79, 80, 92, 99, 107, 373, 375, 382]",27
229,"[0, 1, 2, 3, 266, 139, 397, 398, 399, 31, 306, 178, 53, 332, 86, 226, 106, 368, 123]",19
230,"[0, 1, 2, 3, 9, 138, 139, 13, 398, 399, 397, 304, 178, 57, 320, 71, 86, 235, 368, 380]",20
231,"[0, 1, 2, 3, 138, 268, 397, 398, 399, 157, 304, 311, 321, 329, 330, 331, 214, 86, 235, 107, 373, 123]",22
232,"[0, 2, 3, 388, 262, 6, 266, 397, 398, 399, 285, 286, 165, 314, 321, 66, 329, 331, 338, 341, 362, 107, 237, 371, 374]",25
233,"[0, 2, 264, 138, 397, 398, 399, 80, 84, 343, 24, 362, 381]",13
234,"[0, 1, 2, 3, 321, 265, 397, 398, 399, 217, 31, 99, 296, 233, 106, 368, 178]",17
235,"[0, 2, 138, 75, 397, 398, 399, 80, 84, 24, 106, 314]",12
236,"[0, 1, 2, 386, 138, 397, 398, 271, 399, 19, 277, 186, 70, 73, 76, 206, 94, 361, 106, 238, 370]",21
237,"[0, 1, 2, 3, 384, 388, 138, 266, 268, 397, 398, 399, 276, 157, 296, 181, 310, 311, 195, 71, 329, 330, 331, 75, 86, 92, 95, 99, 107, 370]",30
238,"[0, 2, 3, 262, 329, 266, 138, 139, 397, 398, 399, 368, 178]",13
239,"[0, 384, 2, 3, 265, 266, 332, 397, 398, 399, 217, 296, 106, 53, 118, 375, 312]",17
240,"[0, 1, 2, 3, 132, 133, 266, 394, 397, 398, 399, 25, 51, 187, 321, 194, 325, 70, 71, 329, 368, 372]",22
241,"[0, 1, 2, 3, 128, 132, 388, 135, 384, 5, 266, 265, 397, 398, 399, 279, 25, 157, 308, 59, 199, 71, 205, 80, 85, 216, 89, 217, 346, 224, 99, 365, 368, 245, 374]",35
242,"[0, 1, 2, 3, 266, 138, 397, 398, 399, 25, 178, 51, 321, 195, 325, 70, 329, 330, 76, 206, 80, 106, 370, 372, 382]",25
243,"[0, 1, 2, 3, 384, 388, 265, 138, 266, 397, 398, 399, 195, 329, 330, 75, 77, 206, 80, 214, 217, 99, 106, 235, 365, 369, 370, 374]",28
244,"[0, 2, 266, 138, 397, 398, 399, 80, 341, 285, 365, 53]",12
245,"[0, 129, 2, 3, 131, 261, 264, 266, 139, 397, 398, 399, 274, 154, 27, 172, 306, 178, 71, 213, 226, 368, 381]",23
246,"[0, 1, 2, 3, 393, 394, 266, 267, 397, 398, 399, 25, 178, 182, 315, 195, 325, 70, 329, 330, 206, 106, 112, 370, 372, 374, 382]",27
247,"[0, 1, 2, 3, 384, 390, 265, 397, 398, 143, 399, 154, 160, 293, 296, 71, 329, 206, 217, 106, 368, 370]",22
248,"[0, 1, 2, 3, 384, 265, 266, 11, 139, 397, 398, 399, 143, 37, 303, 50, 195, 329, 330, 331, 206, 339, 217, 106, 370]",25
249,"[0, 1, 2, 3, 266, 138, 397, 398, 399, 157, 160, 293, 178, 329, 75, 77, 206, 80, 92, 106, 107, 365, 369, 370, 374]",25
250,"[0, 1, 2, 266, 397, 206, 399, 80, 398, 276, 89, 159, 106, 365, 177, 53, 311, 60]",18
251,"[0, 1, 2, 3, 132, 5, 135, 397, 398, 399, 157, 59, 62, 71, 329, 83, 85, 216, 217, 90, 92, 107, 365, 368, 245]",25
252,"[0, 1, 2, 384, 385, 263, 264, 139, 397, 398, 399, 287, 295, 178, 181, 71, 96, 99, 368, 123, 381]",21
253,"[0, 1, 384, 138, 397, 206, 399, 80, 398, 106, 370, 314, 123, 380]",14
254,"[0, 1, 2, 3, 385, 263, 9, 395, 267, 397, 139, 398, 399, 31, 300, 306, 178, 182, 71, 342, 106, 365, 112, 368, 380]",25
255,"[0, 1, 2, 385, 384, 263, 264, 71, 139, 397, 398, 399, 123, 368, 306, 178, 315, 381]",18
256,"[0, 1, 2, 397, 398, 399, 276, 279, 303, 306, 308, 71, 206, 80, 87, 224, 106, 365, 370]",19
257,"[0, 1, 2, 3, 388, 265, 397, 398, 399, 276, 279, 32, 171, 177, 311, 60, 206, 217, 91, 99, 106, 365, 370, 244]",24
258,"[0, 1, 2, 3, 70, 265, 397, 206, 398, 399, 339, 343, 29, 99, 39, 106, 369, 370]",18
259,"[0, 1, 2, 3, 262, 397, 14, 398, 399, 150, 283, 294, 41, 43, 178, 63, 329, 206, 339, 95, 104, 233, 106, 365, 368, 370]",26
260,"[0, 1, 2, 384, 138, 266, 397, 398, 399, 37, 178, 53, 80, 339, 233, 365, 368, 370, 116]",19
261,"[0, 1, 2, 3, 262, 9, 138, 397, 398, 399, 24, 283, 286, 294, 314, 329, 75, 80, 84, 106, 371, 380]",22
262,"[0, 1, 2, 384, 197, 138, 397, 398, 399, 80, 84, 341, 214, 24, 106, 53, 123]",17
263,"[0, 1, 2, 3, 259, 265, 266, 397, 398, 399, 24, 157, 286, 296, 71, 75, 84, 217, 99, 368, 371, 252]",22
264,"[0, 1, 2, 3, 393, 394, 397, 398, 399, 25, 159, 37, 168, 178, 51, 179, 315, 321, 195, 325, 70, 199, 329, 330, 80, 339, 370, 372, 382]",29
265,"[0, 1, 2, 3, 262, 391, 266, 138, 397, 398, 399, 21, 53, 329, 206, 80, 339, 343, 89, 362, 106, 365, 370]",23
266,"[0, 1, 2, 259, 388, 266, 397, 398, 399, 37, 165, 304, 329, 331, 339, 214, 91, 348, 98, 107, 235, 370, 243]",23
267,"[0, 2, 3, 131, 138, 13, 397, 399, 398, 290, 163, 297, 178, 325, 71, 329, 213, 341, 98, 356, 106, 368, 119]",23
268,"[0, 1, 2, 3, 390, 397, 398, 399, 154, 157, 37, 195, 71, 329, 330, 75, 339, 92, 107, 368, 370]",21
269,"[0, 1, 2, 3, 5, 138, 397, 398, 399, 152, 292, 37, 178, 314, 71, 329, 207, 80, 339, 230, 233, 106, 368, 370, 123, 380]",26
270,"[0, 1, 2, 3, 261, 264, 138, 397, 398, 399, 272, 37, 62, 69, 206, 80, 339, 343, 362, 106, 370, 381]",22
271,"[0, 1, 2, 3, 262, 138, 397, 14, 399, 398, 37, 41, 178, 314, 63, 329, 75, 80, 339, 95, 233, 106, 368, 370, 380]",25
272,"[0, 1, 2, 384, 388, 321, 329, 331, 397, 398, 399, 339, 86, 281, 37, 107, 368, 370]",18
273,"[0, 1, 2, 3, 384, 262, 138, 266, 397, 14, 399, 398, 41, 298, 178, 63, 329, 80, 340, 89, 95, 233, 364, 365, 368, 245, 378, 123, 126]",29
274,"[0, 1, 2, 3, 388, 262, 265, 397, 398, 399, 14, 33, 37, 41, 178, 63, 329, 74, 75, 339, 86, 95, 233, 364, 368, 241, 370]",27
275,"[0, 1, 2, 3, 384, 262, 397, 14, 399, 398, 37, 41, 178, 199, 329, 339, 233, 368, 370]",19
276,"[0, 1, 2, 384, 138, 397, 398, 271, 399, 283, 159, 37, 304, 325, 73, 329, 339, 86, 235, 372, 244]",21
277,"[0, 1, 2, 3, 397, 398, 399, 150, 31, 37, 43, 178, 321, 71, 329, 339, 342, 104, 106, 365, 368, 370]",22
278,"[0, 1, 2, 397, 398, 399, 283, 285, 290, 37, 304, 178, 322, 71, 339, 235, 107, 372, 382]",19
279,"[0, 1, 2, 3, 388, 257, 265, 397, 398, 399, 278, 283, 285, 290, 37, 322, 195, 70, 71, 329, 330, 76, 339, 92, 107, 235, 372]",27
280,"[0, 1, 2, 3, 259, 388, 6, 384, 265, 266, 138, 393, 397, 398, 14, 399, 148, 29, 41, 178, 63, 71, 334, 217, 95, 99, 233, 365, 368, 123]",30
281,"[0, 1, 2, 384, 388, 265, 397, 398, 399, 283, 33, 37, 186, 70, 74, 75, 76, 339, 86, 364, 241, 372, 381, 126]",24
282,"[0, 1, 2, 3, 131, 139, 397, 398, 399, 17, 163, 37, 297, 170, 301, 178, 53, 188, 197, 71, 329, 203, 339, 213, 214, 91, 106, 364, 368, 370, 119]",31
283,"[0, 1, 2, 262, 138, 266, 139, 397, 398, 399, 339, 343, 37, 364, 370, 372, 245]",17
284,"[0, 1, 2, 3, 262, 397, 14, 399, 398, 283, 159, 37, 41, 178, 308, 63, 70, 329, 76, 339, 95, 233, 368, 372]",24
285,"[0, 1, 2, 3, 6, 138, 266, 397, 398, 399, 283, 157, 29, 293, 37, 63, 70, 71, 329, 75, 76, 334, 92, 222, 107, 236, 365, 368, 372]",29
286,"[0, 1, 256, 266, 395, 397, 398, 399, 339, 159, 37, 300, 370, 374]",14
287,"[0, 1, 2, 138, 397, 398, 399, 292, 37, 178, 314, 321, 80, 339, 233, 106, 368, 370, 123, 380]",20
288,"[0, 1, 2, 259, 138, 397, 398, 399, 339, 89, 292, 37, 298, 365, 238, 370, 378, 123]",18
289,"[1, 2, 3, 71, 329, 397, 398, 399, 339, 37, 293, 368, 178, 370, 372, 382, 63]",17
290,"[0, 1, 2, 3, 265, 397, 398, 399, 271, 143, 283, 159, 37, 195, 329, 330, 73, 339, 99, 372, 123]",21
291,"[0, 1, 2, 3, 264, 266, 138, 397, 398, 399, 154, 37, 304, 183, 80, 83, 339, 343, 362, 365, 370, 381]",22
292,"[0, 1, 2, 3, 384, 138, 266, 397, 398, 399, 283, 37, 177, 53, 311, 60, 62, 69, 70, 76, 80, 89, 222, 236, 365, 109, 116, 372]",28
293,"[0, 1, 2, 3, 131, 388, 265, 138, 266, 393, 397, 398, 399, 148, 29, 163, 297, 178, 71, 329, 206, 334, 213, 341, 217, 347, 99, 106, 365, 368, 370, 119]",32
294,"[0, 1, 2, 3, 388, 5, 266, 397, 398, 399, 152, 283, 37, 165, 178, 314, 70, 71, 329, 338, 339, 86, 230, 233, 107, 368, 372]",27
295,"[0, 1, 325, 70, 329, 266, 397, 398, 399, 339, 91, 283, 92, 37, 165, 107, 372]",17
296,"[0, 1, 70, 138, 397, 398, 399, 80, 339, 283, 37, 106, 372, 314, 380]",15
297,"[0, 1, 2, 3, 265, 266, 138, 397, 398, 143, 399, 271, 148, 283, 29, 159, 293, 37, 63, 71, 329, 73, 334, 339, 347, 106, 365, 368, 372]",29
298,"[0, 1, 2, 3, 385, 5, 390, 263, 388, 265, 139, 397, 398, 399, 152, 154, 287, 37, 295, 178, 71, 329, 339, 217, 230, 368, 370]",27
299,"[0, 1, 384, 138, 397, 398, 399, 283, 222, 37, 372]",11
300,"[0, 1, 2, 3, 195, 264, 329, 330, 397, 398, 399, 339, 283, 37, 106, 178, 372, 381]",18
301,"[0, 1, 2, 3, 259, 266, 139, 397, 398, 399, 145, 283, 37, 165, 42, 176, 316, 200, 329, 339, 100, 106, 107, 365, 372, 375]",26
302,"[0, 1, 2, 3, 139, 397, 398, 399, 31, 37, 178, 306, 53, 197, 71, 339, 342, 214, 91, 226, 106, 365, 368, 370]",24
303,"[0, 1, 2, 3, 384, 138, 397, 398, 399, 271, 283, 156, 159, 37, 304, 195, 329, 330, 86, 222, 235, 236, 372]",23
304,"[0, 1, 2, 384, 9, 329, 397, 398, 399, 339, 283, 37, 296, 233, 107, 368, 178, 372]",18
305,"[0, 1, 2, 3, 6, 266, 397, 398, 399, 276, 21, 286, 159, 53, 206, 80, 339, 362, 106, 365, 370, 371]",22
306,"[0, 1, 329, 397, 206, 399, 398, 339, 92, 106, 107, 370]",12
307,"[0, 1, 2, 3, 9, 139, 397, 398, 399, 283, 37, 50, 329, 339, 88, 348, 92, 231, 107, 372]",20
308,"[0, 1, 2, 3, 5, 138, 397, 398, 399, 292, 37, 177, 311, 62, 329, 207, 80, 339, 230, 106, 365, 370, 123]",23
309,"[0, 1, 2, 3, 259, 384, 138, 10, 397, 398, 399, 25, 283, 157, 32, 37, 171, 304, 63, 199, 200, 339, 235, 372, 244]",25
310,"[0, 1, 2, 259, 386, 138, 397, 398, 271, 399, 19, 283, 157, 37, 298, 186, 73, 222, 361, 106, 238, 372, 378]",23
311,"[0, 1, 2, 3, 263, 395, 139, 397, 398, 399, 31, 300, 178, 306, 182, 317, 71, 206, 339, 106, 368, 370]",22
312,"[0, 1, 2, 71, 138, 266, 139, 397, 398, 399, 339, 283, 157, 37, 368, 178, 372]",17
313,"[0, 1, 2, 3, 265, 397, 398, 399, 283, 290, 37, 176, 312, 195, 71, 329, 330, 217, 92, 222, 98, 106, 107, 236, 363, 368, 372]",27
314,"[0, 1, 2, 388, 325, 265, 329, 9, 397, 398, 399, 339, 283, 348, 92, 37, 372]",17
315,"[0, 1, 2, 397, 142, 399, 14, 398, 276, 283, 157, 37, 41, 178, 63, 332, 339, 340, 91, 95, 233, 368, 372]",23
316,"[0, 1, 2, 3, 264, 397, 398, 399, 272, 278, 283, 157, 37, 178, 315, 195, 329, 330, 339, 106, 372]",21
317,"[0, 1, 2, 3, 384, 266, 138, 397, 398, 399, 283, 37, 304, 195, 325, 329, 330, 80, 214, 86, 222, 106, 235, 236, 369, 372, 374]",27
318,"[0, 1, 2, 3, 266, 139, 397, 398, 399, 17, 287, 295, 178, 181, 55, 57, 71, 74, 206, 96, 99, 106, 368, 112, 370, 374]",26
319,"[0, 1, 2, 3, 138, 397, 398, 143, 399, 283, 158, 37, 304, 186, 321, 339, 86, 235, 368, 372, 250, 381, 126]",23
320,"[0, 1, 2, 388, 265, 397, 398, 399, 339, 217, 281, 283, 37, 368, 372]",15
321,"[0, 1, 2, 3, 384, 138, 266, 268, 397, 398, 399, 276, 283, 37, 195, 329, 330, 92, 222, 236, 372, 376]",22
322,"[0, 1, 388, 265, 9, 397, 398, 399, 339, 217, 283, 37, 372]",13
323,"[0, 1, 2, 264, 138, 397, 398, 399, 272, 80, 339, 278, 343, 37, 370, 315]",16
324,"[0, 1, 2, 3, 259, 388, 130, 265, 9, 139, 397, 398, 399, 145, 283, 292, 37, 42, 316, 200, 332, 335, 339, 217, 224, 106, 365, 372, 375]",29
325,"[0, 2, 3, 266, 138, 397, 398, 399, 290, 163, 178, 312, 71, 329, 213, 341, 98, 106, 363, 368, 119, 124]",22
326,"[0, 1, 2, 3, 266, 139, 397, 398, 399, 281, 283, 157, 37, 50, 308, 53, 54, 67, 329, 80, 339, 89, 92, 231, 365, 368, 372, 245]",28
327,"[0, 1, 2, 3, 265, 266, 9, 268, 397, 398, 271, 399, 143, 283, 29, 159, 37, 195, 325, 71, 329, 330, 334, 339, 347, 92, 106, 365, 368, 372]",30
328,"[0, 1, 2, 3, 9, 266, 395, 268, 397, 398, 399, 283, 157, 159, 37, 300, 51, 195, 199, 329, 330, 92, 222, 372, 374]",25
329,"[0, 1, 2, 397, 398, 399, 283, 33, 37, 304, 186, 74, 75, 339, 92, 364, 241, 372, 381, 126]",20
330,"[0, 1, 2, 322, 384, 138, 397, 398, 399, 86, 283, 92, 222, 37, 165, 304, 372]",17
331,"[0, 1, 2, 3, 131, 393, 266, 397, 398, 399, 283, 29, 163, 173, 178, 71, 329, 334, 206, 213, 341, 347, 106, 365, 368, 370, 119, 124]",28
332,"[0, 1, 2, 3, 5, 138, 397, 398, 399, 283, 292, 37, 178, 63, 207, 80, 209, 339, 92, 95, 230, 233, 106, 365, 368, 372]",26
333,"[0, 1, 2, 138, 397, 398, 399, 80, 339, 283, 92, 298, 365, 368, 178, 370, 378]",17
334,"[0, 1, 2, 3, 259, 262, 265, 10, 266, 397, 398, 399, 283, 171, 177, 311, 60, 200, 339, 217, 360, 364, 365, 370, 245, 377]",26
335,"[0, 1, 2, 3, 384, 394, 138, 397, 398, 271, 399, 159, 37, 304, 194, 325, 71, 329, 339, 86, 222, 368, 372]",23
336,"[0, 1, 2, 138, 397, 398, 399, 80, 339, 283, 92, 292, 233, 106, 368, 178, 370, 123]",18
337,"[0, 1, 2, 3, 265, 268, 397, 398, 143, 271, 399, 159, 33, 37, 304, 195, 325, 329, 330, 74, 339, 222, 364, 236, 241, 372]",26
338,"[0, 1, 2, 3, 261, 263, 139, 397, 398, 399, 274, 27, 283, 31, 37, 43, 172, 175, 306, 178, 321, 71, 329, 339, 342, 92, 227, 104, 106, 235, 365, 368, 372]",33
339,"[0, 1, 2, 3, 384, 261, 393, 266, 268, 397, 398, 399, 283, 29, 37, 304, 195, 71, 329, 330, 331, 334, 339, 347, 106, 107, 365, 368, 372]",29
340,"[0, 1, 2, 3, 131, 9, 266, 138, 139, 397, 398, 399, 17, 283, 285, 290, 163, 42, 173, 301, 178, 188, 322, 71, 329, 333, 79, 213, 341, 364, 368, 119, 380, 124]",34
341,"[0, 1, 2, 3, 384, 5, 397, 398, 399, 283, 37, 304, 178, 70, 71, 209, 339, 230, 365, 368, 372]",21
342,"[0, 2, 3, 71, 266, 397, 398, 399, 80, 342, 89, 31, 106, 365, 175, 368, 178, 53]",18
343,"[0, 1, 2, 3, 268, 397, 398, 399, 33, 37, 304, 186, 195, 324, 329, 330, 75, 74, 339, 222, 236, 365, 241, 372, 381, 126]",26
344,"[0, 1, 3, 268, 397, 398, 399, 290, 37, 42, 176, 195, 71, 329, 330, 339, 222, 98, 106, 236, 368, 372]",22
345,"[0, 1, 2, 256, 388, 266, 395, 397, 398, 399, 283, 159, 300, 178, 71, 339, 368, 370, 374]",19
346,"[0, 2, 3, 138, 397, 142, 14, 398, 399, 41, 298, 178, 63, 66, 71, 332, 80, 340, 95, 233, 365, 109, 368, 378]",24
347,"[0, 1, 2, 325, 70, 397, 398, 399, 339, 25, 283, 37, 106, 235, 365, 372, 316]",17
348,"[0, 1, 2, 3, 388, 263, 139, 397, 398, 399, 283, 31, 292, 175, 178, 306, 71, 80, 339, 342, 106, 368, 370, 123]",24
349,"[0, 1, 2, 388, 397, 398, 399, 25, 283, 37, 168, 304, 325, 70, 199, 339, 235, 372, 246]",19
350,"[0, 1, 2, 3, 393, 138, 266, 397, 142, 271, 398, 399, 29, 41, 178, 325, 71, 332, 334, 340, 347, 95, 233, 106, 365, 368, 123]",27
351,"[0, 1, 2, 3, 5, 397, 398, 399, 37, 178, 71, 329, 209, 339, 222, 230, 107, 236, 365, 368, 372]",21
352,"[0, 1, 2, 3, 388, 265, 138, 268, 13, 397, 399, 398, 283, 290, 37, 176, 195, 71, 329, 330, 75, 78, 339, 86, 217, 235, 107, 368, 372]",29
353,"[0, 1, 2, 388, 263, 264, 265, 139, 397, 398, 399, 272, 283, 287, 295, 178, 71, 74, 339, 217, 368, 370, 381]",23
354,"[0, 1, 2, 3, 261, 394, 397, 398, 399, 37, 194, 71, 329, 331, 339, 86, 368, 372, 374]",19
355,"[0, 1, 2, 3, 388, 265, 266, 397, 398, 399, 283, 191, 319, 199, 329, 80, 208, 339, 89, 217, 99, 105, 365, 370, 380]",25
356,"[0, 1, 2, 324, 397, 398, 399, 339, 222, 37, 364, 365, 51, 372]",14
357,"[0, 1, 2, 388, 265, 266, 138, 397, 398, 399, 272, 154, 283, 74, 80, 339, 343, 217, 370]",19
358,"[0, 1, 2, 3, 5, 265, 393, 397, 398, 399, 37, 178, 325, 209, 339, 217, 222, 230, 233, 236, 365, 368, 372]",23
359,"[0, 1, 325, 265, 393, 331, 397, 398, 399, 339, 214, 217, 37, 372]",14
360,"[0, 1, 2, 3, 265, 393, 139, 397, 398, 399, 37, 305, 50, 59, 190, 325, 71, 331, 336, 214, 217, 222, 231, 368, 372]",25
361,"[0, 1, 2, 3, 265, 393, 397, 398, 399, 21, 286, 37, 178, 66, 325, 339, 341, 217, 222, 362, 109, 368, 371, 372]",24
362,"[0, 1, 2, 3, 265, 397, 398, 399, 283, 159, 37, 45, 178, 198, 71, 329, 339, 217, 228, 368, 372, 117]",22
363,"[0, 1, 3, 388, 265, 397, 398, 399, 157, 37, 331, 75, 208, 339, 91, 92, 222, 236, 372, 380]",20
364,"[0, 2, 3, 131, 263, 138, 139, 397, 398, 399, 283, 165, 173, 178, 314, 71, 329, 75, 80, 213, 106, 368, 124, 255]",24
365,"[0, 1, 2, 3, 325, 198, 329, 397, 398, 271, 399, 339, 159, 37, 370, 118, 375, 312]",18
366,"[0, 1, 2, 3, 397, 269, 399, 398, 32, 37, 51, 199, 75, 208, 339, 222, 236, 372, 380, 125]",20
367,"[0, 1, 2, 3, 384, 388, 265, 138, 397, 142, 399, 14, 398, 283, 37, 41, 304, 178, 314, 63, 66, 71, 332, 80, 339, 340, 217, 95, 233, 106, 109, 368, 370]",33
368,"[0, 1, 2, 3, 66, 384, 70, 397, 398, 399, 339, 95, 233, 109, 368, 178, 370, 63]",18
369,"[0, 1, 2, 3, 265, 138, 139, 397, 398, 399, 17, 283, 163, 173, 301, 178, 198, 71, 329, 80, 339, 213, 341, 88, 217, 99, 364, 368, 370, 119, 124]",31
370,"[0, 1, 2, 397, 398, 399, 80, 339, 222, 37, 233, 106, 236, 365, 368, 178, 372]",17
371,"[0, 1, 2, 3, 10, 397, 398, 399, 144, 280, 288, 37, 62, 329, 339, 86, 222, 106, 235, 236, 368, 371, 372, 377]",24
372,"[0, 1, 2, 3, 263, 266, 139, 397, 398, 399, 274, 154, 172, 173, 178, 306, 71, 329, 339, 213, 368, 370, 124]",23
373,"[0, 2, 3, 138, 397, 398, 399, 21, 24, 292, 178, 314, 62, 321, 66, 80, 84, 341, 362, 106, 109, 368]",22
374,"[1, 2, 3, 9, 268, 397, 398, 399, 159, 37, 51, 195, 199, 329, 330, 339, 106, 370, 372]",19
375,"[0, 1, 2, 3, 5, 265, 138, 397, 398, 399, 283, 292, 37, 298, 178, 207, 209, 339, 217, 230, 233, 106, 365, 368, 370, 378]",26
376,"[0, 1, 2, 3, 388, 265, 9, 397, 398, 399, 37, 168, 208, 339, 217, 222, 236, 372, 246, 380]",20
377,"[1, 2, 3, 394, 397, 398, 399, 157, 159, 37, 194, 325, 71, 329, 339, 91, 92, 222, 106, 368, 372]",21
378,"[0, 1, 2, 3, 388, 263, 265, 139, 397, 398, 399, 31, 175, 178, 182, 55, 317, 71, 74, 86, 217, 99, 106, 368, 242, 123]",26
379,"[0, 1, 2, 325, 261, 265, 397, 398, 399, 271, 143, 339, 222, 159, 37, 229, 106, 372]",18
380,"[0, 1, 2, 3, 265, 139, 397, 398, 399, 17, 283, 157, 287, 295, 173, 301, 178, 55, 71, 329, 74, 206, 213, 217, 99, 106, 368, 242, 370, 124]",30
381,"[0, 1, 2, 3, 397, 398, 399, 31, 175, 178, 192, 71, 75, 77, 339, 106, 367, 368, 370]",19
382,"[0, 1, 2, 3, 138, 397, 398, 399, 31, 37, 175, 178, 198, 71, 329, 339, 106, 368, 370]",19
383,"[0, 1, 2, 384, 70, 397, 398, 399, 339, 222, 37, 106, 236, 304, 368, 178, 372]",17
384,"[0, 1, 2, 134, 138, 266, 397, 142, 399, 398, 37, 41, 304, 178, 314, 63, 71, 332, 80, 339, 340, 222, 95, 233, 106, 236, 368, 372]",28
385,"[0, 1, 2, 265, 397, 398, 399, 80, 339, 217, 283, 37, 106, 365, 177, 370, 60]",17
386,"[0, 1, 2, 3, 388, 266, 397, 398, 399, 157, 31, 37, 175, 178, 63, 71, 329, 80, 90, 92, 95, 233, 106, 107, 368, 370, 252]",27
387,"[0, 1, 2, 3, 388, 5, 265, 9, 393, 397, 398, 399, 283, 178, 321, 325, 209, 217, 230, 106, 235, 365, 368, 370]",24
388,"[0, 1, 2, 388, 265, 397, 398, 399, 24, 283, 178, 308, 325, 75, 80, 84, 217, 99, 365, 368, 370]",21
389,"[0, 1, 2, 397, 398, 399, 286, 292, 37, 298, 178, 80, 338, 222, 106, 236, 237, 368, 371, 372, 378, 123]",22
390,"[0, 1, 2, 385, 263, 9, 138, 139, 397, 398, 399, 272, 283, 178, 325, 71, 74, 339, 224, 99, 368, 127]",22
391,"[0, 1, 2, 262, 266, 138, 397, 398, 399, 290, 37, 178, 314, 75, 80, 338, 222, 106, 364, 236, 368, 372, 245, 380]",24
392,"[0, 1, 2, 3, 265, 268, 397, 398, 399, 271, 143, 159, 37, 303, 305, 195, 325, 329, 330, 73, 80, 339, 87, 92, 222, 106, 236, 372]",28
393,"[0, 1, 2, 3, 388, 133, 261, 265, 266, 394, 138, 397, 398, 399, 25, 283, 37, 178, 187, 194, 325, 70, 71, 329, 331, 86, 217, 92, 222, 106, 368, 372]",32
394,"[0, 1, 2, 3, 388, 265, 397, 398, 399, 37, 300, 59, 68, 71, 86, 217, 106, 368, 370]",19
395,"[0, 1, 2, 3, 137, 138, 394, 397, 398, 399, 159, 194, 199, 71, 329, 339, 88, 222, 98, 106, 368, 372, 377]",23
396,"[0, 1, 2, 3, 259, 388, 265, 268, 397, 398, 399, 154, 305, 311, 195, 325, 329, 330, 331, 80, 339, 217, 92, 222, 229, 106, 235, 236, 238, 372]",30
397,"[0, 1, 2, 3, 9, 394, 266, 397, 398, 399, 25, 283, 159, 51, 194, 199, 71, 329, 333, 368, 372]",21
398,"[0, 1, 2, 3, 259, 265, 138, 9, 268, 397, 398, 271, 143, 399, 159, 164, 311, 195, 325, 73, 330, 74, 329, 339, 88, 92, 222, 98, 106, 236, 372, 377]",32
399,"[0, 1, 2, 134, 265, 397, 142, 398, 399, 146, 33, 41, 176, 178, 325, 71, 332, 340, 222, 95, 358, 233, 364, 240, 368, 372, 244]",27
400,"[0, 1, 2, 3, 265, 266, 268, 397, 398, 143, 271, 399, 159, 34, 311, 313, 195, 196, 73, 330, 329, 339, 222, 106, 236, 372]",26
401,"[0, 1, 2, 3, 261, 138, 266, 268, 397, 398, 399, 25, 311, 195, 325, 70, 329, 330, 331, 342, 217, 92, 222, 99, 235, 236, 372]",27
402,"[0, 1, 2, 3, 257, 138, 266, 268, 397, 398, 399, 25, 156, 311, 190, 321, 195, 71, 72, 329, 330, 205, 80, 339, 214, 222, 106, 235, 236, 372]",30
403,"[0, 1, 2, 3, 139, 397, 398, 399, 17, 31, 287, 295, 43, 301, 175, 305, 178, 71, 75, 77, 96, 106, 365, 367, 368, 370]",26
404,"[0, 1, 2, 3, 259, 5, 266, 139, 397, 398, 399, 145, 282, 285, 292, 42, 325, 200, 329, 335, 339, 348, 92, 222, 106, 236, 368, 372, 375, 252]",30
405,"[0, 1, 2, 3, 384, 393, 269, 398, 399, 397, 303, 51, 59, 199, 71, 75, 332, 80, 87, 216, 222, 365, 368, 372]",24
406,"[0, 1, 2, 3, 397, 398, 399, 274, 25, 31, 295, 175, 178, 325, 199, 71, 75, 106, 235, 368, 370]",21
407,"[0, 1, 2, 3, 384, 139, 140, 13, 398, 397, 399, 17, 26, 283, 43, 304, 178, 57, 188, 71, 77, 86, 96, 99, 234, 365, 367, 368, 370, 123]",30
408,"[0, 1, 2, 3, 138, 266, 397, 270, 399, 398, 274, 31, 295, 175, 178, 71, 75, 89, 106, 365, 368, 370]",22
409,"[0, 1, 2, 3, 266, 138, 268, 397, 398, 399, 25, 156, 165, 176, 311, 185, 186, 322, 195, 329, 330, 75, 207, 339, 83, 86, 222, 106, 236, 365, 369, 116, 374, 126]",34
410,"[0, 1, 2, 3, 384, 138, 266, 397, 398, 143, 399, 154, 304, 178, 201, 75, 336, 80, 339, 222, 106, 236, 368, 372]",24
411,"[0, 1, 2, 397, 398, 399, 43, 178, 192, 70, 71, 75, 77, 217, 222, 365, 367, 368, 372]",19
412,"[0, 1, 2, 3, 388, 390, 266, 397, 398, 399, 305, 178, 183, 60, 196, 325, 331, 75, 339, 92, 222, 106, 236, 372, 383]",25
413,"[0, 1, 2, 3, 397, 398, 399, 80, 339, 88, 222, 106, 236, 365, 305, 308, 245, 60]",18
414,"[0, 1, 2, 71, 265, 397, 398, 399, 217, 36, 106, 370, 372]",13
415,"[0, 1, 2, 325, 203, 75, 397, 398, 399, 150, 106, 368, 178, 370]",14
416,"[0, 1, 2, 3, 201, 397, 398, 143, 80, 399, 339, 217, 283, 365, 368, 178]",16
417,"[0, 1, 2, 3, 137, 138, 267, 268, 397, 398, 399, 21, 279, 179, 311, 59, 195, 329, 330, 106, 107, 370, 372]",23
418,"[0, 1, 2, 3, 384, 265, 138, 266, 139, 13, 398, 397, 399, 25, 26, 283, 304, 176, 178, 57, 320, 71, 80, 86, 217, 93, 224, 99, 235, 368, 370, 242, 373, 123]",34
419,"[0, 1, 2, 3, 201, 397, 398, 399, 143, 339, 222, 106, 236, 365, 372, 316]",16
420,"[0, 1, 2, 3, 259, 10, 269, 398, 399, 397, 306, 51, 70, 200, 75, 339, 94, 222, 224, 106, 236, 372, 377]",23
421,"[0, 1, 2, 3, 9, 138, 265, 268, 397, 398, 399, 278, 296, 311, 195, 329, 330, 339, 217, 222, 106, 107, 236, 373]",24
422,"[0, 1, 2, 3, 384, 385, 138, 267, 397, 13, 399, 398, 278, 159, 171, 304, 312, 198, 80, 339, 86, 92, 222, 106, 375, 377]",26
423,"[0, 1, 2, 3, 388, 259, 265, 139, 397, 398, 399, 143, 154, 178, 325, 329, 75, 214, 217, 91, 222, 226, 354, 98, 236, 243, 372]",27
424,"[0, 1, 2, 3, 259, 265, 138, 266, 137, 397, 267, 398, 399, 148, 25, 296, 329, 217, 222, 98, 107, 365, 243, 372]",24
425,"[0, 1, 2, 3, 265, 397, 398, 399, 21, 300, 306, 70, 76, 217, 94, 224, 106, 364, 370, 245]",20
426,"[0, 1, 2, 3, 388, 259, 265, 138, 266, 139, 397, 398, 399, 143, 145, 25, 285, 160, 325, 339, 217, 222, 98, 354, 106, 236, 243, 372]",28
427,"[0, 1, 2, 3, 137, 266, 265, 268, 397, 398, 399, 296, 43, 311, 55, 195, 329, 330, 74, 217, 222, 107, 236, 109, 365, 242, 372]",27
428,"[0, 1, 2, 3, 388, 265, 138, 266, 268, 397, 398, 143, 399, 25, 296, 311, 195, 325, 329, 330, 80, 339, 214, 217, 91, 92, 354, 106]",28
429,"[0, 1, 2, 3, 384, 385, 393, 138, 266, 268, 397, 13, 399, 398, 25, 159, 311, 195, 325, 329, 330, 78, 339, 86, 92, 222, 106]",27
430,"[0, 1, 2, 3, 262, 265, 266, 139, 397, 398, 143, 399, 178, 321, 201, 80, 336, 217, 219, 222, 364, 365, 236, 368, 372, 245, 376]",27
431,"[0, 1, 2, 3, 257, 9, 266, 268, 397, 398, 399, 276, 25, 159, 40, 311, 195, 199, 329, 330, 74, 339, 222, 99, 106, 236]",26
432,"[0, 1, 2, 3, 259, 266, 397, 398, 399, 25, 292, 178, 314, 222, 98, 243, 372, 373, 380]",19
433,"[0, 1, 2, 3, 130, 266, 397, 398, 399, 308, 316, 193, 332, 80, 339, 89, 222, 224, 106, 236, 365]",21
434,"[0, 1, 2, 384, 262, 266, 138, 397, 398, 399, 24, 283, 292, 178, 314, 80, 339, 84, 106, 364, 368, 245]",22
435,"[0, 1, 2, 3, 384, 264, 137, 266, 138, 267, 394, 393, 399, 397, 398, 159, 171, 176, 304, 183, 194, 71, 329, 339, 222, 106, 368, 115, 383]",29
1,"[0, 1, 2, 137, 138, 397, 398, 399, 286, 178, 53, 186, 197, 75, 217, 222, 228, 362, 106, 368, 370, 371, 121]",23
2,"[0, 1, 2, 3, 257, 138, 266, 268, 397, 398, 399, 25, 176, 311, 195, 196, 199, 329, 330, 339, 222, 106, 236, 381]",24
3,"[0, 1, 2, 264, 138, 397, 398, 399, 24, 283, 159, 176, 178, 183, 80, 84, 86, 224, 99, 362, 235, 368, 370, 115, 123, 383]",26
4,"[0, 1, 2, 3, 384, 261, 266, 268, 397, 13, 399, 398, 51, 311, 322, 195, 71, 329, 330, 78, 80, 339, 86, 92, 222, 106, 235, 368]",28
5,"[0, 1, 2, 3, 5, 138, 397, 270, 398, 399, 178, 63, 325, 71, 209, 95, 230, 233, 106, 365, 368, 370, 372]",23
6,"[0, 1, 2, 3, 388, 5, 384, 265, 397, 398, 143, 399, 178, 325, 75, 209, 92, 354, 230, 106, 365, 368, 370]",23
7,"[0, 1, 2, 384, 388, 389, 265, 266, 397, 398, 399, 36, 62, 196, 325, 71, 331, 217, 106, 370, 372, 120]",22
8,"[0, 1, 384, 3, 388, 265, 397, 398, 143, 399, 161, 193, 325, 75, 332, 339, 92, 222, 354, 106, 236]",21
9,"[0, 1, 2, 3, 388, 5, 260, 384, 265, 397, 398, 399, 178, 71, 209, 222, 354, 230, 231, 236, 365, 368, 372]",23
10,"[0, 1, 2, 329, 397, 398, 399, 18, 92, 222, 107, 236, 368, 178, 371, 372]",16
11,"[0, 1, 2, 329, 397, 398, 399, 339, 92, 222, 106, 107, 236, 368, 178, 372]",16
12,"[0, 1, 2, 3, 397, 398, 399, 161, 37, 51, 321, 193, 332, 339, 347, 94, 222, 106, 236, 372, 246]",21
13,"[0, 1, 2, 71, 265, 75, 397, 398, 399, 80, 339, 217, 222, 106, 236, 368, 178, 126]",18
14,"[0, 1, 2, 3, 388, 389, 385, 265, 268, 397, 398, 399, 143, 33, 311, 195, 329, 330, 75, 339, 217, 222, 354, 106, 236, 372]",26
15,"[0, 1, 2, 75, 397, 398, 399, 80, 339, 84, 24, 283, 292, 106, 368, 178, 126]",17
16,"[0, 1, 2, 3, 128, 384, 388, 138, 268, 397, 398, 399, 156, 296, 176, 311, 195, 71, 329, 330, 80, 339, 92, 222, 106, 107, 236]",27
17,"[0, 1, 2, 265, 266, 12, 397, 398, 399, 144, 283, 160, 304, 74, 86, 217, 350, 235, 111, 370, 243, 123]",22
18,"[0, 1, 2, 3, 265, 266, 397, 398, 399, 159, 161, 178, 62, 193, 196, 325, 332, 339, 222, 229, 106, 236, 368, 113, 372]",25
19,"[0, 1, 2, 3, 259, 388, 257, 384, 138, 397, 398, 399, 165, 296, 304, 329, 74, 339, 92, 222, 98, 100, 106, 107, 236, 243, 372]",27
20,"[0, 1, 2, 3, 259, 388, 257, 139, 268, 397, 398, 399, 305, 50, 311, 195, 329, 330, 333, 80, 339, 92, 222, 229, 361, 106, 107, 236, 238, 372]",30
21,"[0, 1, 2, 3, 128, 138, 394, 266, 397, 398, 399, 25, 178, 315, 194, 196, 199, 71, 329, 80, 339, 222, 106, 368, 372, 382]",26
22,"[0, 1, 2, 3, 265, 266, 9, 397, 398, 399, 165, 177, 69, 74, 339, 217, 222, 360, 236, 365, 109, 372]",22
23,"[0, 1, 2, 3, 259, 388, 384, 265, 266, 139, 397, 398, 399, 277, 304, 305, 50, 75, 333, 339, 217, 222, 226, 98, 354, 361, 236, 238, 243, 372]",30
24,"[0, 1, 2, 3, 388, 261, 390, 135, 265, 266, 268, 12, 398, 399, 397, 178, 311, 322, 195, 71, 329, 330, 75, 80, 339, 217, 222, 354, 106, 368, 372, 382]",32
25,"[0, 1, 3, 397, 398, 399, 21, 157, 296, 300, 325, 329, 339, 214, 217, 106, 107, 364, 370, 245]",20
26,"[0, 1, 2, 199, 71, 75, 397, 398, 399, 339, 222, 233, 106, 236, 368, 178, 372]",17
27,"[0, 1, 2, 3, 384, 257, 264, 397, 398, 399, 31, 175, 178, 183, 71, 75, 339, 106, 368, 370, 115, 383]",22
28,"[0, 1, 2, 3, 131, 385, 262, 263, 138, 266, 139, 397, 398, 399, 283, 287, 295, 173, 178, 181, 314, 71, 329, 333, 79, 80, 213, 96, 99, 106, 364, 368, 245, 380]",34
29,"[0, 1, 2, 138, 139, 397, 398, 399, 274, 27, 172, 178, 306, 314, 325, 69, 71, 80, 339, 380, 219, 222, 226, 106, 365, 368, 372, 376, 252]",29
30,"[0, 1, 2, 3, 129, 266, 397, 398, 399, 31, 175, 178, 308, 187, 71, 80, 339, 89, 106, 365, 368, 370, 372]",23
31,"[0, 1, 2, 3, 397, 398, 399, 279, 24, 283, 286, 304, 178, 199, 75, 77, 209, 83, 84, 224, 354, 99, 368, 370, 371, 123]",26
32,"[0, 1, 2, 3, 139, 140, 397, 398, 399, 17, 26, 283, 287, 295, 305, 178, 57, 188, 197, 71, 203, 75, 331, 86, 222, 96, 235, 368, 370, 121, 123]",31
33,"[0, 1, 2, 3, 141, 397, 398, 399, 283, 157, 161, 163, 296, 319, 193, 329, 332, 339, 214, 91, 105, 107, 370]",23
34,"[0, 1, 2, 3, 384, 397, 398, 399, 143, 51, 316, 321, 325, 70, 199, 201, 75, 339, 222, 106, 236, 365, 372]",23
35,"[0, 1, 2, 3, 388, 266, 397, 398, 399, 31, 165, 175, 178, 182, 317, 63, 325, 71, 331, 339, 86, 92, 95, 354, 233, 106, 368, 370, 372]",29
36,"[0, 1, 2, 3, 256, 137, 266, 267, 393, 397, 265, 399, 398, 25, 176, 178, 52, 75, 339, 217, 222, 372, 375]",23
37,"[0, 1, 2, 3, 397, 398, 399, 161, 296, 59, 193, 71, 329, 76, 332, 339, 216, 94, 222, 107, 368, 372]",22
38,"[0, 1, 2, 3, 5, 265, 266, 397, 398, 399, 159, 178, 62, 63, 196, 325, 71, 79, 209, 339, 222, 95, 230, 233, 106, 236, 365, 368, 113, 372]",30
39,"[0, 1, 2, 3, 385, 263, 264, 139, 397, 398, 399, 31, 175, 178, 183, 198, 71, 329, 75, 339, 106, 368, 370, 383]",24
40,"[0, 1, 2, 3, 138, 139, 267, 397, 398, 399, 145, 283, 173, 304, 178, 71, 329, 206, 213, 86, 106, 235, 368, 370, 123]",25
41,"[0, 1, 2, 3, 256, 388, 137, 393, 267, 268, 397, 398, 399, 265, 279, 52, 311, 195, 329, 330, 339, 217, 222, 106, 236, 372]",26
42,"[0, 1, 2, 388, 198, 264, 265, 329, 75, 397, 398, 399, 339, 217, 354, 106, 370, 372]",18
43,"[0, 1, 2, 3, 385, 263, 139, 397, 398, 399, 31, 175, 178, 51, 197, 70, 71, 203, 75, 339, 222, 106, 236, 368, 372]",25
44,"[0, 1, 2, 3, 139, 397, 398, 399, 17, 273, 26, 283, 287, 295, 43, 301, 304, 305, 178, 57, 71, 199, 206, 80, 86, 96, 226, 106, 235, 365, 368, 370, 123, 382]",34
45,"[0, 1, 2, 3, 261, 138, 397, 398, 399, 272, 178, 62, 69, 331, 339, 86, 362, 106, 235, 368, 370, 127]",22
46,"[0, 1, 2, 3, 384, 257, 388, 268, 397, 398, 399, 273, 279, 296, 43, 304, 308, 311, 195, 199, 329, 330, 339, 92, 222, 229, 107, 236, 365, 242, 372, 245]",32
47,"[0, 1, 2, 3, 385, 263, 265, 139, 397, 398, 399, 273, 279, 283, 31, 43, 175, 304, 178, 308, 181, 71, 199, 86, 217, 96, 99, 106, 235, 365, 368, 242, 245, 123, 382]",35
48,"[0, 1, 2, 3, 388, 385, 265, 266, 139, 397, 398, 399, 145, 285, 165, 168, 177, 321, 325, 329, 339, 217, 348, 222, 106, 235, 236, 365, 368, 372]",30
49,"[0, 1, 2, 3, 384, 257, 388, 268, 397, 398, 399, 296, 304, 311, 195, 329, 330, 339, 92, 106, 107, 370, 372]",23
50,"[0, 1, 2, 3, 259, 388, 384, 394, 266, 397, 398, 399, 25, 296, 303, 304, 194, 69, 71, 200, 329, 339, 89, 92, 222, 106, 107, 368, 372]",29
51,"[0, 1, 2, 3, 264, 139, 397, 398, 399, 283, 163, 296, 301, 173, 178, 183, 188, 198, 71, 329, 339, 213, 88, 94, 370, 247, 255]",27
52,"[0, 1, 2, 3, 262, 265, 266, 397, 398, 399, 279, 283, 31, 175, 178, 71, 217, 224, 99, 106, 364, 368, 245, 254]",24
53,"[0, 1, 2, 3, 199, 201, 397, 398, 143, 399, 339, 283, 286, 368, 370, 178, 371]",17
54,"[0, 1, 2, 3, 385, 262, 263, 138, 266, 139, 397, 398, 399, 283, 157, 287, 295, 178, 71, 331, 339, 364, 368, 370, 245, 127]",26
55,"[0, 1, 2, 3, 388, 133, 264, 137, 394, 267, 393, 397, 398, 399, 265, 37, 183, 321, 194, 325, 71, 329, 339, 88, 217, 222, 106, 107, 368, 115, 372, 383]",32
56,"[0, 1, 2, 3, 131, 9, 138, 139, 397, 398, 399, 283, 163, 173, 301, 178, 315, 188, 71, 329, 74, 332, 205, 79, 80, 213, 92, 368, 371, 373, 120, 380]",32
57,"[0, 1, 2, 71, 138, 397, 398, 399, 80, 339, 106, 368, 304, 370, 178, 372, 314, 380]",18
58,"[0, 1, 2, 388, 265, 393, 397, 398, 399, 153, 178, 51, 63, 321, 325, 71, 332, 339, 340, 217, 222, 95, 354, 233, 368, 372]",26
59,"[0, 1, 2, 3, 384, 138, 268, 397, 398, 399, 51, 311, 315, 67, 71, 329, 330, 332, 77, 80, 339, 86, 222, 235, 236, 371, 372, 373]",28
60,"[0, 1, 2, 256, 388, 385, 265, 397, 398, 399, 146, 52, 67, 75, 339, 217, 222, 354, 358, 106, 372]",21
61,"[0, 1, 2, 197, 71, 393, 265, 203, 397, 398, 399, 339, 217, 222, 231, 368, 178, 372]",18
62,"[0, 1, 2, 256, 257, 67, 385, 397, 398, 399, 339, 222, 231, 240, 52, 372]",16
63,"[0, 1, 2, 3, 265, 267, 397, 398, 399, 283, 43, 178, 308, 182, 71, 199, 339, 217, 99, 365, 368, 242, 370, 245]",24
64,"[0, 1, 2, 3, 384, 388, 265, 266, 397, 398, 143, 399, 281, 62, 194, 196, 325, 201, 331, 339, 217, 222, 106, 235, 236, 368, 372, 120]",28
65,"[0, 1, 2, 3, 388, 384, 266, 268, 397, 398, 399, 25, 154, 296, 311, 71, 329, 330, 208, 339, 89, 92, 222, 106, 107, 236, 372]",27
66,"[0, 1, 2, 3, 137, 266, 267, 393, 397, 398, 143, 399, 162, 46, 193, 69, 71, 329, 339, 346, 222, 101, 106, 236, 368, 114, 372]",27
67,"[0, 1, 2, 3, 384, 138, 268, 397, 270, 399, 398, 176, 178, 311, 71, 329, 330, 80, 339, 222, 106, 236, 372, 382]",24
68,"[0, 1, 2, 3, 7, 397, 398, 399, 272, 283, 178, 321, 77, 209, 339, 83, 92, 354, 368, 370, 373, 127]",22
69,"[0, 1, 3, 329, 330, 266, 268, 397, 75, 399, 80, 398, 222, 106, 236, 372]",16
70,"[0, 1, 2, 3, 388, 256, 268, 397, 398, 399, 279, 178, 308, 311, 329, 330, 75, 339, 222, 354, 106, 236, 372, 245]",24
71,"[0, 1, 2, 3, 259, 397, 398, 399, 339, 222, 98, 178, 243, 372, 179, 59, 382]",17
72,"[0, 1, 2, 3, 385, 265, 266, 139, 397, 398, 399, 143, 145, 285, 292, 168, 316, 325, 75, 331, 335, 339, 222, 106, 236, 365, 368, 372]",28
73,"[0, 1, 2, 3, 263, 139, 397, 398, 399, 173, 178, 71, 329, 75, 336, 339, 213, 368, 370]",19
74,"[0, 1, 2, 128, 384, 138, 397, 398, 399, 315, 71, 72, 332, 205, 77, 80, 339, 222, 106, 235, 368, 372]",22
75,"[0, 1, 2, 3, 5, 138, 397, 398, 399, 209, 339, 230, 365, 370]",14
76,"[0, 1, 2, 3, 6, 393, 267, 397, 269, 399, 398, 21, 286, 178, 51, 199, 71, 75, 341, 362, 368, 370, 371]",23
77,"[0, 1, 2, 3, 397, 398, 399, 161, 178, 75, 332, 339, 83, 343, 222, 229, 236, 368, 372]",19
78,"[0, 1, 2, 3, 385, 139, 397, 398, 399, 145, 168, 41, 61, 325, 71, 339, 217, 222, 236, 368, 372]",21
79,"[0, 1, 2, 3, 257, 268, 397, 398, 399, 156, 300, 311, 185, 186, 329, 330, 207, 339, 222, 106, 236, 372, 116, 126]",24
80,"[0, 1, 2, 3, 384, 6, 397, 398, 399, 21, 286, 178, 71, 339, 341, 92, 222, 362, 368, 371, 372]",21
81,"[0, 1, 2, 321, 71, 266, 397, 398, 399, 80, 86, 25, 365, 368, 178, 53, 123]",17
82,"[0, 1, 2, 3, 321, 200, 329, 266, 10, 138, 397, 398, 399, 339, 222, 165, 236, 372]",18
83,"[0, 1, 2, 3, 139, 397, 398, 399, 274, 27, 172, 176, 178, 306, 69, 71, 339, 222, 226, 236, 368, 115, 372]",23
84,"[0, 1, 2, 3, 389, 138, 397, 270, 143, 399, 398, 156, 286, 159, 178, 71, 201, 80, 339, 222, 236, 365, 368, 371, 372]",25
85,"[0, 1, 2, 3, 266, 397, 398, 399, 276, 279, 159, 161, 178, 193, 71, 80, 339, 89, 229, 233, 106, 365, 368, 370, 117]",25
86,"[0, 1, 2, 9, 266, 138, 397, 398, 399, 321, 325, 199, 71, 80, 339, 217, 222, 223, 235, 236, 372]",21
87,"[0, 1, 2, 3, 70, 397, 398, 399, 339, 21, 362, 106, 368, 304, 370, 178]",16
88,"[0, 1, 2, 3, 259, 257, 138, 139, 397, 398, 399, 145, 304, 329, 74, 339, 86, 94, 222, 98, 100, 107, 236, 235, 243, 372, 120]",27
89,"[0, 1, 388, 325, 331, 397, 398, 399, 339, 92, 222, 159, 37, 106, 107, 372]",16
90,"[0, 1, 3, 266, 138, 268, 397, 398, 399, 161, 293, 193, 196, 329, 330, 339, 222, 354, 236, 365, 109, 369, 372]",23
91,"[0, 1, 3, 397, 398, 143, 399, 157, 304, 201, 329, 75, 339, 86, 106, 107, 235, 370, 372]",19
92,"[0, 1, 2, 3, 384, 393, 138, 268, 397, 398, 399, 159, 37, 293, 315, 71, 329, 330, 80, 339, 86, 222, 98, 106, 107, 236, 372, 116, 381]",29
93,"[0, 1, 2, 3, 138, 394, 397, 398, 399, 300, 194, 71, 329, 339, 214, 222, 106, 107, 368, 372]",20
94,"[0, 1, 2, 130, 384, 397, 398, 399, 304, 178, 329, 339, 94, 222, 224, 106, 107, 236, 368, 372]",20
95,"[0, 1, 2, 3, 259, 266, 139, 268, 397, 398, 399, 25, 293, 190, 69, 71, 329, 330, 222, 361, 107, 236, 368, 372]",24
96,"[0, 1, 2, 325, 199, 75, 397, 398, 399, 339, 94, 37, 368, 370, 178, 246]",16
97,"[0, 1, 2, 3, 201, 138, 397, 398, 143, 80, 399, 339, 222, 236, 365, 368, 178, 372]",18
98,"[0, 1, 2, 3, 397, 398, 399, 157, 32, 176, 59, 71, 331, 339, 83, 216, 354, 106, 368, 370, 381]",21
99,"[0, 1, 2, 3, 257, 394, 397, 398, 399, 278, 25, 32, 178, 308, 194, 71, 329, 235, 365, 368, 123]",21
100,"[0, 1, 2, 3, 257, 9, 268, 397, 398, 399, 276, 278, 25, 293, 304, 178, 308, 312, 325, 70, 71, 329, 330, 74, 80, 339, 222, 98, 100, 106, 236, 365, 368, 372]",34
101,"[0, 1, 2, 266, 397, 398, 399, 276, 178, 63, 321, 71, 339, 86, 95, 233, 106, 235, 368, 370]",20
102,"[0, 1, 3, 134, 71, 397, 398, 399, 86, 26, 297, 235, 368, 304, 370, 57, 123]",17
103,"[0, 1, 2, 3, 384, 10, 266, 397, 398, 399, 159, 178, 60, 67, 200, 206, 339, 106, 368, 370]",20
104,"[0, 1, 2, 3, 384, 266, 139, 397, 398, 399, 274, 27, 159, 31, 172, 175, 178, 306, 67, 69, 71, 339, 226, 106, 368, 370, 372]",27
105,"[0, 1, 2, 388, 265, 266, 397, 270, 399, 398, 37, 178, 52, 196, 325, 339, 217, 222, 354, 106, 107, 236, 240, 372]",24
106,"[0, 1, 2, 3, 393, 9, 268, 397, 398, 399, 276, 278, 25, 304, 178, 308, 63, 329, 330, 74, 339, 222, 351, 106, 236, 109, 365, 372, 382, 127]",30
107,"[0, 1, 2, 3, 257, 6, 266, 397, 398, 399, 286, 37, 176, 178, 315, 71, 73, 206, 339, 90, 222, 99, 362, 107, 236, 106, 368, 370, 371, 372, 374, 123]",32
108,"[0, 1, 2, 3, 388, 265, 266, 394, 397, 270, 398, 399, 178, 52, 194, 196, 325, 71, 329, 339, 217, 222, 354, 106, 240, 368, 372]",27
109,"[0, 1, 2, 3, 266, 11, 139, 397, 398, 399, 278, 25, 293, 303, 50, 51, 181, 63, 71, 329, 330, 339, 222, 364, 109, 236, 368, 115, 372]",29
110,"[0, 1, 2, 3, 389, 138, 397, 398, 399, 293, 178, 308, 63, 329, 330, 207, 339, 222, 106, 236, 365, 109, 368, 372, 382]",25
111,"[0, 1, 2, 3, 388, 266, 138, 12, 139, 398, 397, 399, 31, 163, 302, 175, 47, 178, 314, 322, 71, 339, 106, 368, 370, 372, 376]",27
112,"[0, 1, 2, 3, 388, 259, 265, 266, 11, 139, 397, 398, 399, 25, 303, 50, 181, 321, 71, 331, 339, 86, 217, 222, 354, 98, 235, 364, 236, 243, 372, 115]",32
113,"[0, 1, 2, 3, 266, 397, 398, 399, 279, 32, 162, 303, 178, 71, 80, 339, 83, 346, 354, 365, 367, 368, 370]",23
114,"[0, 1, 2, 3, 138, 397, 398, 399, 278, 293, 298, 45, 51, 64, 329, 330, 80, 339, 222, 106, 236, 368, 371, 372, 377]",25
115,"[0, 1, 2, 3, 397, 398, 399, 163, 173, 304, 178, 71, 329, 213, 86, 219, 106, 235, 370, 376, 123]",21
116,"[0, 1, 2, 3, 388, 134, 265, 397, 398, 399, 293, 304, 71, 329, 330, 331, 75, 339, 86, 217, 222, 354, 106, 235, 364, 236, 368, 372]",28
117,"[0, 1, 2, 139, 397, 398, 399, 274, 27, 172, 306, 178, 69, 71, 339, 222, 226, 368, 372, 373]",20
118,"[0, 1, 2, 3, 262, 266, 397, 398, 399, 159, 293, 304, 329, 330, 75, 339, 222, 106, 364, 236, 372, 245, 120]",23
119,"[0, 1, 2, 3, 134, 139, 397, 398, 399, 159, 173, 320, 71, 329, 213, 86, 235, 364, 368, 123, 124]",21
120,"[0, 1, 2, 3, 388, 397, 398, 399, 304, 178, 314, 62, 69, 71, 339, 86, 91, 222, 360, 106, 235, 236, 368, 372]",24
121,"[0, 1, 2, 3, 397, 398, 143, 399, 178, 51, 321, 70, 71, 201, 75, 339, 222, 233, 106, 236, 368, 372]",22
122,"[0, 1, 2, 3, 391, 266, 139, 397, 398, 399, 145, 285, 292, 293, 51, 330, 74, 78, 335, 339, 90, 222, 227, 365, 372]",25
123,"[0, 1, 2, 3, 385, 265, 138, 139, 397, 398, 399, 17, 287, 31, 295, 178, 185, 71, 339, 217, 220, 106, 365, 370, 116, 372]",26
124,"[0, 1, 2, 3, 194, 266, 139, 397, 398, 399, 278, 222, 235, 236, 372, 381, 190]",17
125,"[0, 2, 388, 6, 71, 265, 266, 397, 398, 399, 338, 217, 354, 165, 362, 368, 178, 314]",18
126,"[0, 1, 2, 3, 257, 385, 391, 266, 139, 397, 398, 399, 145, 285, 168, 178, 60, 196, 335, 339, 106, 365, 368, 370]",24
127,"[0, 1, 2, 3, 266, 138, 12, 139, 397, 398, 399, 17, 31, 163, 170, 304, 178, 188, 62, 71, 331, 207, 341, 86, 106, 235, 364, 370, 119, 376, 123]",31
128,"[0, 1, 2, 3, 265, 139, 397, 398, 399, 143, 17, 157, 31, 163, 178, 188, 325, 71, 75, 339, 226, 106, 364, 370, 119]",25
129,"[0, 1, 2, 3, 388, 266, 397, 398, 399, 279, 304, 178, 62, 71, 201, 339, 86, 91, 233, 106, 235, 368, 370]",23
130,"[0, 1, 2, 388, 393, 397, 398, 399, 178, 51, 325, 71, 339, 222, 354, 233, 236, 368, 372]",19
131,"[0, 1, 2, 3, 393, 137, 139, 397, 398, 399, 269, 163, 301, 302, 47, 304, 178, 51, 188, 199, 71, 75, 339, 86, 368, 370, 247]",27
132,"[0, 1, 2, 3, 139, 397, 398, 399, 145, 293, 178, 308, 329, 330, 75, 80, 339, 222, 236, 365, 368, 372, 245]",23
133,"[0, 1, 2, 3, 259, 139, 397, 270, 271, 398, 17, 399, 157, 287, 31, 295, 298, 303, 178, 186, 317, 71, 80, 339, 87, 106, 370, 378]",28
134,"[0, 1, 2, 3, 129, 265, 138, 397, 398, 399, 146, 157, 33, 296, 178, 53, 187, 321, 71, 206, 80, 86, 99, 358, 235, 364, 365, 368, 370, 374, 123, 127]",32
135,"[0, 1, 2, 129, 257, 266, 397, 398, 399, 37, 176, 178, 187, 71, 339, 222, 106, 107, 368, 372]",20
136,"[0, 1, 2, 3, 266, 397, 398, 143, 399, 273, 156, 157, 38, 176, 178, 308, 316, 325, 201, 339, 222, 106, 365, 368, 372, 373, 245]",27
137,"[0, 1, 2, 3, 138, 397, 398, 399, 178, 308, 67, 75, 336, 339, 219, 222, 357, 106, 365, 372, 252, 253]",22
138,"[0, 1, 2, 3, 389, 391, 266, 139, 397, 398, 399, 145, 285, 292, 174, 178, 74, 335, 339, 222, 97, 361, 365, 238, 368, 372]",26
139,"[0, 1, 2, 3, 385, 139, 397, 398, 399, 178, 60, 339, 220, 222, 360, 106, 236, 365, 372]",19
140,"[0, 1, 2, 3, 388, 260, 265, 138, 395, 397, 398, 399, 144, 288, 182, 55, 188, 325, 71, 329, 75, 339, 222, 106, 110, 112, 368, 372]",28
141,"[0, 1, 2, 389, 392, 397, 398, 399, 60, 200, 339, 222, 360, 361, 236, 365, 238, 372, 116]",19
142,"[0, 1, 2, 384, 389, 266, 397, 398, 399, 159, 178, 67, 71, 339, 222, 231, 236, 368, 372]",19
143,"[0, 1, 2, 3, 388, 265, 397, 398, 399, 146, 293, 321, 329, 330, 75, 80, 339, 92, 222, 354, 358, 364, 236, 372]",24
144,"[0, 1, 2, 12, 397, 398, 399, 156, 170, 176, 186, 192, 199, 203, 339, 222, 106, 372, 252]",19
145,"[0, 1, 2, 3, 266, 394, 397, 398, 399, 25, 313, 194, 71, 329, 339, 88, 222, 366, 368, 372]",20
146,"[0, 1, 2, 3, 5, 138, 266, 139, 397, 398, 399, 283, 163, 301, 302, 47, 178, 188, 325, 198, 71, 329, 339, 341, 247, 230, 370, 119]",28
147,"[0, 1, 2, 3, 259, 388, 265, 266, 397, 398, 399, 293, 198, 329, 330, 75, 339, 88, 92, 222, 106, 236, 238, 372]",24
148,"[0, 1, 2, 3, 384, 388, 265, 266, 397, 398, 399, 293, 51, 313, 325, 71, 329, 330, 75, 80, 339, 88, 222, 236, 366, 368, 372]",27
149,"[0, 1, 2, 3, 259, 10, 266, 397, 398, 399, 156, 170, 306, 61, 200, 75, 339, 222, 224, 106, 236, 368, 372, 377]",24
150,"[0, 1, 2, 3, 129, 266, 397, 398, 399, 276, 279, 25, 159, 31, 161, 178, 308, 187, 321, 71, 80, 339, 86, 89, 229, 106, 365, 368, 370, 245]",30
151,"[0, 1, 2, 3, 392, 10, 138, 397, 398, 399, 181, 200, 329, 333, 79, 339, 348, 222, 236, 368, 372, 373]",22
152,"[0, 1, 257, 3, 266, 139, 267, 397, 398, 399, 339, 276, 278, 222, 165, 106, 236, 372]",18
153,"[0, 1, 2, 321, 199, 71, 266, 397, 398, 399, 80, 339, 233, 106, 368, 370, 178]",17
154,"[0, 1, 2, 129, 388, 384, 265, 397, 398, 399, 143, 304, 178, 187, 71, 75, 339, 354, 106, 368, 370, 372]",22
155,"[1, 2, 3, 259, 391, 139, 397, 398, 399, 145, 285, 292, 42, 60, 200, 335, 339, 222, 106, 236, 365, 372]",22
156,"[0, 1, 2, 3, 259, 17, 283, 31, 292, 304, 62, 321, 325, 71, 73, 80, 341, 342, 106, 364, 365, 370, 119, 123, 126, 138, 139, 397, 398, 399, 161, 162, 163, 178, 186, 188, 193, 226, 229, 235]",40
157,"[0, 1, 2, 3, 194, 71, 329, 394, 397, 398, 399, 222, 106, 368, 372, 190, 191]",17
158,"[0, 1, 2, 3, 388, 325, 199, 397, 398, 399, 339, 354, 106, 370, 372, 375, 312]",17
159,"[0, 1, 2, 3, 257, 266, 397, 398, 399, 143, 37, 176, 178, 316, 201, 339, 360, 106, 107, 365, 368, 370, 372]",23
160,"[0, 1, 2, 3, 138, 397, 398, 399, 178, 308, 312, 314, 75, 339, 222, 365, 372, 245, 375]",19
161,"[0, 1, 2, 71, 329, 75, 397, 398, 399, 339, 296, 107, 368, 178, 370]",15
162,"[0, 1, 2, 3, 388, 5, 266, 397, 398, 399, 178, 63, 321, 71, 329, 339, 86, 95, 233, 106, 235, 368, 370, 372]",24
163,"[0, 1, 2, 3, 10, 397, 398, 399, 176, 178, 316, 200, 75, 339, 83, 106, 365, 368, 370, 244, 373, 377]",22
164,"[0, 1, 2, 3, 265, 266, 397, 398, 399, 304, 195, 71, 329, 330, 75, 80, 339, 222, 106, 236, 368, 372]",22
165,"[0, 1, 2, 266, 397, 398, 399, 161, 315, 60, 193, 339, 222, 229, 360, 106, 236, 365, 372, 378, 382]",21
166,"[0, 1, 2, 3, 131, 139, 397, 398, 399, 150, 283, 43, 320, 71, 74, 75, 213, 365, 368, 380]",20
167,"[0, 1, 2, 9, 266, 397, 398, 399, 178, 51, 321, 70, 71, 339, 89, 222, 235, 236, 368, 371, 372]",21
168,"[0, 1, 2, 3, 388, 265, 138, 266, 12, 139, 398, 397, 399, 292, 170, 312, 185, 314, 325, 331, 339, 86, 222, 354, 106, 372, 375]",27
169,"[0, 1, 2, 3, 393, 397, 398, 399, 156, 165, 190, 321, 195, 198, 199, 329, 330, 88, 222, 236, 372, 118]",22
170,"[0, 1, 2, 3, 265, 266, 139, 397, 398, 399, 273, 274, 25, 27, 31, 38, 170, 172, 176, 304, 306, 178, 51, 62, 69, 70, 71, 342, 86, 217, 226, 99, 106, 235, 365, 368, 373, 123]",38
171,"[0, 1, 2, 265, 266, 397, 398, 399, 25, 176, 177, 178, 51, 70, 339, 217, 222, 360, 106, 236, 368, 372, 373]",23
172,"[0, 1, 2, 3, 397, 398, 399, 146, 176, 195, 325, 329, 330, 80, 339, 222, 358, 106, 236, 372]",20
173,"[0, 1, 2, 3, 198, 9, 266, 329, 397, 398, 399, 339, 158, 222, 106, 109, 372, 250]",18
174,"[0, 1, 2, 3, 392, 266, 11, 139, 397, 398, 399, 283, 303, 50, 60, 62, 200, 329, 74, 330, 339, 87, 346, 222, 101, 231, 360, 106, 236, 365, 372, 378]",32
175,"[0, 1, 2, 392, 266, 397, 398, 399, 283, 303, 177, 178, 60, 200, 330, 74, 339, 87, 222, 101, 360, 236, 368, 372]",24
176,"[0, 1, 2, 392, 397, 398, 399, 283, 303, 178, 62, 200, 330, 339, 87, 346, 222, 101, 236, 368, 372]",21
177,"[1, 2, 3, 388, 397, 398, 399, 37, 195, 325, 329, 330, 331, 339, 86, 222, 354, 106, 107, 236, 372]",21
178,"[0, 1, 2, 3, 260, 262, 266, 397, 398, 399, 37, 294, 176, 304, 178, 71, 329, 86, 231, 235, 368, 123]",22
179,"[0, 1, 2, 3, 260, 391, 266, 138, 268, 139, 398, 397, 399, 145, 20, 156, 285, 293, 37, 42, 311, 62, 63, 327, 200, 329, 78, 207, 339, 90, 222, 227, 236, 372]",34
180,"[0, 1, 2, 3, 384, 397, 398, 399, 37, 304, 51, 183, 62, 195, 196, 198, 329, 330, 75, 339, 222, 106, 107, 236, 372, 383]",26
181,"[0, 1, 2, 3, 129, 5, 266, 397, 398, 399, 278, 152, 37, 178, 314, 187, 71, 329, 339, 222, 230, 236, 368, 114, 372, 376]",26
182,"[1, 2, 3, 262, 71, 329, 397, 398, 399, 339, 222, 37, 368, 178, 372]",15
183,"[0, 1, 2, 3, 259, 391, 139, 397, 398, 399, 145, 285, 37, 42, 178, 328, 200, 81, 339, 222, 361, 106, 236, 368, 372]",25
184,"[0, 1, 2, 3, 388, 396, 397, 398, 399, 37, 40, 303, 190, 321, 195, 325, 329, 330, 331, 339, 87, 222, 351, 354, 107, 364, 236, 114, 372, 120, 249, 127]",32
185,"[0, 1, 2, 388, 266, 139, 397, 398, 399, 17, 287, 165, 295, 301, 178, 325, 71, 339, 354, 370]",20
186,"[0, 1, 2, 3, 131, 265, 139, 397, 398, 399, 17, 287, 295, 297, 301, 304, 178, 181, 321, 71, 329, 333, 79, 213, 96, 99, 235, 368]",28
187,"[0, 1, 2, 3, 385, 389, 138, 397, 398, 399, 276, 278, 25, 156, 37, 170, 178, 308, 190, 322, 67, 195, 325, 329, 330, 74, 86, 222, 236, 365, 114, 372, 116]",33
188,"[0, 1, 2, 3, 257, 388, 393, 266, 139, 397, 398, 399, 274, 27, 37, 172, 176, 306, 178, 51, 69, 71, 339, 342, 226, 106, 107, 365, 368, 370, 372]",31
189,"[0, 1, 2, 385, 329, 266, 141, 398, 397, 399, 339, 277, 163, 105, 298, 370, 319]",17
190,"[0, 1, 2, 3, 131, 13, 397, 398, 399, 273, 150, 283, 297, 43, 304, 178, 325, 71, 329, 206, 213, 86, 106, 235, 365, 368, 370, 123]",28
191,"[0, 1, 385, 3, 266, 397, 398, 399, 339, 148, 277, 37, 298, 370, 380]",15
192,"[0, 1, 2, 3, 6, 397, 398, 399, 286, 304, 178, 71, 83, 86, 362, 235, 365, 368, 370, 371, 373, 123]",22
193,"[0, 1, 2, 3, 257, 397, 398, 399, 150, 37, 43, 195, 329, 330, 339, 222, 107, 236, 365, 372]",20
194,"[0, 1, 2, 3, 139, 397, 398, 399, 17, 276, 279, 26, 31, 163, 304, 178, 57, 71, 206, 86, 224, 226, 99, 230, 106, 235, 368, 370, 123]",29
195,"[0, 1, 2, 3, 384, 139, 397, 398, 399, 17, 152, 287, 37, 295, 304, 178, 188, 71, 200, 75, 336, 339, 219, 351, 226, 368, 370, 249]",28
196,"[0, 1, 2, 3, 262, 6, 9, 266, 397, 398, 399, 21, 286, 37, 294, 304, 178, 179, 70, 71, 329, 80, 86, 362, 109, 368, 371, 123]",28
197,"[0, 1, 2, 3, 132, 266, 139, 397, 398, 143, 399, 23, 304, 315, 201, 80, 81, 86, 350, 235, 370, 243, 123]",23
198,"[0, 1, 2, 139, 269, 398, 399, 397, 163, 37, 301, 302, 47, 304, 178, 51, 188, 71, 339, 247, 235, 364, 372, 119]",24
199,"[0, 1, 2, 384, 257, 329, 397, 398, 399, 339, 222, 37, 296, 107, 304, 372, 245, 308]",18
200,"[0, 1, 2, 3, 7, 139, 397, 398, 399, 272, 276, 304, 57, 320, 71, 86, 235, 107, 368, 370, 115, 123]",22
201,"[0, 1, 2, 384, 139, 397, 398, 269, 399, 37, 304, 306, 51, 178, 71, 339, 226, 235, 368, 370]",20
202,"[0, 1, 2, 196, 266, 74, 397, 398, 399, 339, 222, 37, 106, 236, 368, 178, 372]",17
203,"[0, 1, 2, 3, 384, 133, 397, 398, 399, 280, 159, 160, 37, 304, 195, 196, 198, 329, 339, 222, 228, 235, 107, 236, 372, 118]",26
204,"[0, 1, 2, 3, 128, 268, 397, 398, 399, 293, 37, 178, 311, 62, 63, 71, 72, 329, 74, 334, 339, 222, 236, 368, 372, 382]",26
205,"[0, 1, 2, 259, 137, 393, 267, 397, 270, 271, 398, 399, 37, 70, 200, 76, 80, 339, 222, 361, 106, 238, 372]",23
206,"[0, 1, 2, 3, 5, 266, 138, 397, 398, 399, 152, 37, 170, 178, 71, 329, 339, 222, 230, 233, 106, 236, 368, 372]",24
207,"[0, 1, 2, 138, 266, 397, 398, 399, 28, 36, 37, 167, 169, 46, 175, 178, 185, 322, 71, 329, 339, 372, 251]",23
208,"[0, 1, 2, 3, 266, 138, 397, 398, 399, 37, 59, 71, 329, 339, 83, 220, 106, 365, 368, 370]",20
209,"[0, 1, 2, 3, 257, 262, 393, 397, 142, 269, 398, 399, 37, 41, 178, 179, 51, 321, 70, 71, 329, 75, 332, 339, 340, 86, 222, 95, 233, 235, 109, 368, 372]",33
210,"[0, 1, 2, 3, 133, 397, 398, 399, 37, 321, 195, 198, 329, 339, 86, 222, 106, 236, 372, 116]",20
211,"[0, 1, 2, 3, 268, 397, 398, 399, 293, 37, 63, 71, 329, 75, 339, 219, 222, 106, 235, 236, 368, 372, 249]",23
212,"[0, 1, 2, 3, 262, 6, 266, 396, 397, 398, 399, 156, 286, 159, 32, 37, 294, 45, 178, 179, 186, 322, 71, 329, 83, 86, 362, 109, 368, 370, 371, 123, 126]",33
213,"[0, 1, 2, 3, 262, 266, 269, 397, 398, 399, 286, 300, 178, 51, 321, 70, 71, 75, 339, 106, 235, 364, 368, 370, 371, 245]",26
214,"[0, 1, 2, 266, 138, 397, 398, 399, 28, 37, 293, 185, 329, 207, 339, 222, 227, 236, 372, 251]",20
215,"[0, 1, 3, 266, 138, 139, 397, 398, 399, 20, 37, 170, 327, 329, 339, 222, 106, 236, 365, 372]",20
216,"[0, 1, 2, 3, 9, 138, 267, 137, 397, 398, 143, 272, 399, 37, 178, 183, 71, 201, 74, 337, 339, 222, 236, 368, 372, 383]",26
217,"[0, 1, 2, 129, 388, 266, 397, 398, 399, 37, 165, 178, 187, 325, 71, 339, 222, 354, 236, 368, 372]",21
218,"[0, 1, 2, 3, 257, 5, 259, 393, 397, 398, 399, 152, 176, 51, 60, 71, 206, 339, 230, 365, 368, 370]",22
219,"[0, 1, 2, 3, 386, 391, 264, 397, 398, 399, 157, 37, 62, 190, 323, 198, 71, 329, 339, 214, 86, 91, 92, 222, 372, 383]",26
220,"[1, 2, 3, 268, 397, 398, 399, 293, 37, 63, 71, 329, 75, 339, 222, 106, 236, 109, 368, 372]",20
221,"[0, 1, 2, 198, 391, 393, 329, 397, 398, 399, 339, 25, 222, 37, 176, 372, 190, 383]",18
222,"[1, 2, 3, 68, 71, 397, 398, 399, 339, 286, 368, 178, 370, 371, 374]",15
223,"[0, 1, 2, 3, 263, 139, 397, 398, 399, 273, 38, 176, 306, 178, 51, 71, 209, 339, 106, 368, 370]",21
224,"[0, 1, 2, 3, 133, 262, 138, 266, 12, 397, 398, 399, 159, 292, 37, 304, 190, 322, 195, 329, 75, 339, 86, 222, 106, 364, 236, 372, 245, 120, 123]",31
225,"[0, 1, 2, 329, 266, 138, 397, 398, 399, 339, 222, 37, 170, 106, 236, 368, 178, 372]",18
226,"[0, 1, 2, 3, 397, 398, 399, 153, 178, 179, 314, 71, 330, 332, 339, 340, 95, 101, 233, 106, 368, 369, 370, 114, 374, 376]",26
227,"[0, 1, 2, 3, 388, 133, 266, 397, 398, 399, 25, 159, 37, 195, 71, 329, 331, 339, 222, 354, 106, 372]",22
228,"[0, 1, 2, 3, 133, 262, 266, 139, 397, 398, 399, 37, 304, 51, 195, 70, 199, 329, 74, 339, 222, 364, 236, 372, 245]",25
229,"[0, 1, 2, 3, 388, 133, 269, 397, 399, 398, 37, 51, 195, 329, 339, 222, 354, 236, 372]",19
230,"[1, 2, 3, 71, 397, 398, 399, 339, 222, 37, 233, 106, 368, 369, 178, 179, 372, 374]",18
231,"[0, 1, 2, 3, 397, 398, 399, 37, 168, 45, 178, 185, 71, 333, 339, 344, 222, 106, 236, 368, 372]",21
232,"[0, 1, 3, 67, 11, 397, 398, 399, 339, 344, 220, 222, 37, 106, 236, 45, 372, 185]",18
233,"[0, 1, 2, 3, 9, 266, 397, 398, 399, 37, 165, 183, 62, 190, 321, 329, 339, 214, 91, 222, 236, 115, 372, 122, 383]",25
234,"[0, 1, 2, 3, 5, 6, 8, 138, 266, 397, 398, 399, 152, 286, 32, 170, 178, 71, 329, 339, 83, 358, 230, 362, 106, 368, 370, 371]",28
235,"[0, 1, 2, 3, 384, 133, 397, 398, 399, 37, 304, 178, 195, 329, 75, 339, 222, 106, 107, 236, 365, 372]",22
236,"[0, 1, 2, 3, 131, 263, 139, 13, 269, 399, 397, 17, 398, 297, 170, 175, 178, 51, 71, 329, 75, 206, 213, 86, 99, 106, 368, 370, 119, 123]",30
237,"[0, 1, 2, 3, 259, 384, 397, 398, 399, 280, 37, 178, 198, 71, 329, 86, 350, 233, 235, 365, 368, 370, 372, 123]",24
238,"[0, 1, 2, 3, 384, 133, 259, 389, 397, 398, 399, 159, 37, 40, 190, 195, 329, 336, 339, 219, 222, 351, 364, 236, 238, 372, 249]",27
239,"[0, 1, 2, 3, 259, 384, 133, 389, 397, 398, 399, 146, 279, 159, 37, 298, 308, 190, 195, 67, 329, 339, 222, 230, 361, 236, 238, 372, 245]",29
240,"[0, 1, 2, 266, 397, 398, 399, 25, 30, 159, 37, 52, 190, 71, 328, 331, 204, 339, 222, 358, 368, 372]",22
241,"[0, 1, 2, 3, 129, 388, 260, 397, 398, 399, 178, 187, 71, 75, 209, 339, 231, 106, 368, 370, 372]",21
242,"[0, 1, 2, 3, 266, 397, 398, 399, 37, 178, 71, 330, 74, 209, 339, 214, 91, 101, 106, 368, 372]",21
243,"[0, 1, 2, 3, 384, 133, 389, 266, 397, 398, 399, 276, 25, 30, 159, 37, 195, 71, 329, 75, 204, 80, 339, 222, 358, 106, 236, 368, 372]",29
244,"[0, 1, 2, 3, 133, 9, 394, 397, 398, 399, 37, 51, 180, 309, 195, 199, 329, 75, 80, 337, 339, 88, 91, 222, 106, 236, 372]",27
245,"[0, 1, 2, 324, 196, 70, 266, 76, 396, 398, 399, 397, 94, 33, 38, 53, 123]",17
246,"[0, 1, 2, 3, 138, 397, 398, 399, 290, 37, 169, 178, 329, 206, 81, 339, 222, 356, 360, 236, 368, 372]",22
247,"[0, 1, 2, 3, 397, 398, 399, 159, 304, 178, 310, 62, 69, 339, 86, 106, 107, 368, 370, 372, 124]",21
248,"[0, 1, 2, 3, 138, 266, 141, 398, 397, 399, 284, 163, 37, 169, 182, 55, 319, 71, 329, 206, 339, 83, 89, 222, 224, 106, 244, 372]",28
249,"[0, 1, 2, 3, 257, 388, 393, 266, 397, 398, 399, 37, 176, 178, 51, 190, 71, 339, 222, 233, 106, 236, 368, 372, 123]",25
250,"[0, 1, 2, 3, 257, 259, 393, 266, 397, 398, 399, 176, 178, 51, 310, 339, 107, 368, 370, 372, 123, 124]",22
251,"[1, 2, 3, 195, 133, 321, 329, 331, 397, 398, 399, 339, 222, 37, 106, 236, 372, 190]",18
252,"[0, 1, 2, 3, 388, 131, 263, 265, 139, 397, 398, 143, 399, 17, 283, 297, 304, 178, 325, 71, 75, 331, 339, 213, 354, 99, 368, 370, 119]",29
253,"[0, 1, 2, 129, 266, 397, 398, 399, 274, 25, 154, 27, 172, 178, 187, 71, 339, 235, 368, 370, 372]",21
254,"[0, 1, 2, 3, 6, 266, 138, 397, 398, 399, 37, 170, 178, 179, 71, 329, 339, 222, 362, 106, 236, 368, 369, 372, 374]",25
255,"[0, 1, 2, 3, 385, 266, 139, 397, 398, 399, 37, 168, 178, 315, 81, 339, 222, 226, 236, 368, 372]",21
256,"[0, 1, 2, 3, 131, 139, 396, 397, 398, 399, 17, 287, 295, 297, 301, 45, 178, 181, 71, 86, 96, 226, 99, 368, 119, 123]",26
257,"[0, 1, 2, 6, 71, 397, 398, 399, 339, 83, 156, 362, 106, 368, 178, 370, 372]",17
258,"[0, 1, 2, 3, 266, 397, 398, 399, 156, 290, 177, 178, 330, 74, 206, 81, 339, 214, 100, 101, 106, 365, 368, 114, 370, 372, 373, 376]",28
259,"[0, 1, 2, 3, 133, 397, 398, 399, 37, 43, 321, 329, 80, 339, 222, 106, 107, 365, 372]",19
260,"[0, 1, 2, 258, 266, 397, 398, 399, 37, 166, 185, 190, 71, 339, 220, 222, 226, 106, 236, 368, 372, 375]",22
261,"[0, 1, 2, 3, 137, 393, 267, 397, 398, 399, 339, 222, 37, 106, 372, 53]",16
262,"[0, 1, 2, 3, 139, 397, 398, 399, 37, 177, 178, 60, 201, 81, 339, 344, 222, 354, 229, 360, 368, 372, 374]",23
263,"[0, 1, 2, 3, 137, 9, 267, 397, 142, 399, 272, 398, 275, 157, 37, 41, 178, 179, 183, 71, 72, 74, 80, 337, 339, 222, 95, 236, 368, 369, 372, 374, 383]",33
264,"[0, 1, 262, 266, 138, 139, 397, 398, 399, 292, 37, 190, 75, 339, 222, 106, 364, 372, 245, 123]",20
265,"[0, 1, 2, 9, 137, 267, 266, 397, 398, 399, 25, 157, 37, 178, 310, 183, 70, 74, 80, 337, 339, 222, 368, 372, 124, 383]",26
266,"[0, 1, 2, 397, 398, 399, 159, 37, 196, 198, 329, 73, 76, 339, 86, 94, 222, 106, 372]",19
267,"[0, 1, 2, 266, 397, 398, 399, 276, 25, 37, 178, 310, 321, 80, 339, 86, 343, 235, 107, 368, 370, 124]",22
268,"[0, 1, 2, 388, 75, 397, 398, 399, 272, 339, 222, 37, 106, 372]",14
269,"[1, 2, 397, 398, 399, 339, 156, 222, 292, 106, 372, 190]",12
270,"[0, 1, 2, 384, 388, 397, 398, 399, 25, 156, 37, 178, 321, 199, 71, 80, 339, 89, 222, 236, 365, 368, 371, 372]",24
271,"[0, 1, 2, 3, 384, 135, 266, 397, 398, 399, 156, 304, 329, 73, 339, 86, 217, 222, 106, 372]",20
272,"[0, 1, 2, 3, 268, 397, 398, 399, 293, 38, 190, 63, 71, 329, 75, 339, 88, 222, 106, 236, 368, 372]",22
273,"[0, 1, 2, 137, 9, 267, 397, 398, 399, 286, 37, 178, 183, 71, 74, 337, 339, 222, 106, 368, 371, 372, 383]",23
274,"[0, 1, 2, 266, 397, 398, 399, 37, 299, 178, 60, 74, 330, 339, 214, 346, 91, 222, 101, 106, 365, 368, 114, 372, 376]",25
275,"[0, 1, 2, 3, 266, 138, 397, 398, 399, 170, 178, 310, 71, 329, 339, 222, 236, 368, 124]",19
276,"[0, 1, 2, 3, 268, 397, 398, 399, 146, 30, 293, 37, 53, 63, 71, 329, 75, 204, 339, 222, 236, 109, 368, 372]",24
277,"[0, 1, 2, 266, 397, 398, 399, 37, 165, 178, 63, 325, 71, 76, 80, 339, 94, 222, 95, 233, 236, 368, 372]",23
278,"[0, 1, 2, 138, 266, 397, 398, 399, 37, 178, 315, 71, 329, 339, 222, 233, 368, 372, 381]",19
279,"[0, 1, 2, 3, 385, 391, 397, 398, 399, 273, 37, 45, 178, 185, 186, 316, 190, 322, 69, 207, 339, 222, 351, 352, 100, 106, 236, 365, 368, 372, 252, 126]",32
280,"[0, 1, 2, 266, 397, 398, 399, 276, 279, 37, 176, 304, 190, 70, 80, 339, 89, 222, 106, 365, 367, 114, 372, 373]",24
281,"[0, 321, 2, 257, 71, 393, 269, 397, 398, 399, 235, 368, 178, 51]",14
282,"[0, 1, 2, 3, 266, 397, 398, 399, 17, 159, 37, 297, 178, 71, 339, 213, 233, 368, 370, 119]",20
283,"[0, 1, 2, 3, 397, 398, 399, 21, 279, 156, 37, 176, 178, 71, 339, 341, 222, 368, 372]",19
284,"[0, 1, 2, 266, 397, 398, 399, 37, 299, 178, 316, 196, 330, 339, 346, 91, 101, 106, 365, 368, 114, 370, 371, 376]",24
285,"[0, 1, 2, 3, 5, 71, 329, 397, 398, 399, 107, 368, 178, 370]",14
286,"[0, 1, 2, 3, 135, 329, 397, 398, 399, 339, 86, 219, 222, 37, 106, 113, 372, 376]",18
287,"[0, 1, 2, 71, 329, 138, 266, 397, 398, 399, 339, 37, 368, 178, 372, 315]",16
288,"[0, 1, 2, 256, 266, 397, 398, 399, 273, 159, 37, 174, 178, 310, 339, 212, 106, 368, 370, 124]",20
289,"[0, 1, 2, 3, 257, 384, 393, 269, 398, 397, 399, 37, 175, 304, 178, 51, 321, 199, 71, 339, 342, 233, 106, 235, 368, 370]",26
290,"[0, 1, 2, 3, 397, 398, 271, 399, 36, 37, 190, 339, 214, 86, 219, 222, 357, 106, 236, 372, 376]",21
291,"[0, 1, 2, 3, 392, 139, 397, 398, 271, 399, 283, 36, 37, 303, 178, 200, 329, 339, 219, 222, 355, 357, 106, 236, 372, 376]",26
292,"[0, 1, 2, 266, 138, 397, 398, 399, 37, 166, 71, 200, 329, 339, 222, 102, 368, 372, 375]",19
293,"[0, 1, 2, 397, 398, 399, 339, 222, 37, 165, 106, 236, 365, 303, 368, 178, 372, 316]",18
294,"[0, 1, 2, 3, 386, 385, 397, 398, 271, 399, 146, 32, 37, 168, 41, 58, 64, 71, 339, 222, 354, 106, 236, 368, 372]",25
295,"[0, 1, 2, 3, 262, 266, 139, 397, 398, 399, 37, 194, 71, 329, 339, 89, 222, 106, 107, 364, 372, 245]",22
296,"[0, 1, 2, 3, 388, 385, 397, 398, 399, 168, 178, 310, 71, 75, 235, 368, 370, 123, 124]",19
297,"[0, 1, 2, 388, 392, 397, 398, 399, 153, 37, 41, 178, 71, 75, 339, 346, 233, 368, 372]",19
298,"[0, 1, 2, 71, 329, 138, 397, 398, 399, 339, 222, 224, 37, 306, 372]",15
299,"[0, 1, 2, 3, 262, 266, 139, 397, 398, 399, 37, 194, 71, 75, 339, 89, 364, 372, 245]",19
300,"[0, 1, 2, 71, 329, 266, 138, 397, 398, 207, 399, 339, 222, 37, 106, 368, 372, 59]",18
301,"[0, 1, 2, 3, 385, 71, 266, 12, 397, 398, 399, 168, 368, 178, 370, 310, 124]",17
302,"[0, 1, 2, 389, 391, 397, 398, 399, 273, 37, 178, 308, 310, 71, 339, 212, 343, 220, 106, 368, 370, 245, 124]",23
303,"[0, 1, 2, 71, 266, 74, 397, 398, 399, 339, 214, 91, 37, 106, 368, 370, 178]",17
304,"[0, 1, 2, 3, 392, 139, 397, 398, 399, 36, 178, 190, 200, 329, 339, 219, 222, 355, 357, 106, 236, 372]",22
305,"[128, 1, 2, 71, 332, 397, 398, 399, 339, 340, 153, 89, 37, 368, 178, 372]",16
306,"[1, 2, 3, 71, 397, 398, 399, 339, 37, 106, 368, 370, 178, 310, 123, 124]",16
307,"[0, 1, 2, 266, 138, 395, 397, 398, 399, 284, 37, 167, 169, 178, 329, 207, 209, 339, 110, 372]",20
308,"[0, 1, 2, 6, 266, 138, 139, 397, 398, 399, 20, 37, 178, 315, 327, 71, 329, 339, 83, 222, 362, 106, 236, 368, 372]",25
309,"[0, 1, 2, 8, 329, 266, 138, 397, 398, 399, 339, 277, 155, 37, 238, 370, 189, 191]",18
310,"[0, 1, 2, 3, 257, 7, 264, 266, 397, 398, 399, 272, 37, 194, 71, 207, 339, 222, 115, 372, 116, 381, 126]",23
311,"[0, 1, 2, 3, 7, 264, 397, 398, 399, 272, 37, 194, 71, 75, 339, 222, 106, 115, 372, 116]",20
312,"[0, 1, 2, 391, 397, 398, 399, 156, 292, 178, 185, 316, 190, 322, 207, 339, 222, 100, 106, 365, 368, 372, 120]",23
313,"[1, 2, 3, 392, 397, 398, 399, 153, 37, 41, 175, 178, 71, 339, 342, 346, 222, 233, 106, 368, 372]",21
314,"[0, 1, 2, 129, 397, 398, 399, 274, 27, 159, 37, 296, 172, 178, 187, 69, 71, 329, 339, 86, 107, 372]",22
315,"[0, 1, 2, 3, 392, 139, 396, 397, 398, 399, 43, 178, 190, 194, 71, 200, 329, 339, 222, 355, 106, 365, 372]",23
316,"[0, 1, 2, 3, 397, 398, 399, 276, 21, 159, 37, 300, 178, 310, 71, 75, 339, 106, 364, 368, 370, 245, 124]",23
317,"[0, 1, 2, 3, 135, 397, 398, 399, 40, 51, 190, 321, 329, 75, 336, 339, 219, 222, 106, 235, 364, 372, 249]",23
318,"[0, 1, 2, 3, 266, 397, 398, 399, 273, 21, 37, 38, 170, 176, 178, 62, 66, 198, 71, 70, 332, 339, 211, 341, 89, 222, 94, 107, 368, 372, 373]",31
319,"[0, 1, 2, 3, 391, 139, 397, 398, 399, 276, 159, 37, 178, 310, 71, 75, 339, 86, 343, 106, 368, 370, 124]",23
320,"[0, 1, 2, 3, 385, 266, 397, 398, 399, 159, 185, 59, 190, 71, 329, 339, 220, 222, 106, 366, 368, 372]",22
321,"[0, 1, 2, 385, 71, 266, 75, 397, 398, 399, 220, 45, 368, 178, 370, 372, 185]",17
322,"[0, 1, 2, 3, 266, 397, 398, 399, 276, 21, 159, 37, 300, 304, 178, 310, 62, 196, 71, 73, 75, 339, 86, 106, 364, 368, 370, 245, 124]",29
323,"[0, 1, 2, 3, 128, 266, 397, 398, 399, 161, 162, 178, 311, 62, 63, 193, 196, 339, 346, 222, 236, 368, 114, 372, 376]",25
324,"[0, 1, 2, 3, 138, 266, 397, 398, 399, 278, 178, 315, 190, 329, 339, 222, 106, 236, 366, 368, 372]",21
325,"[0, 1, 2, 3, 393, 138, 266, 397, 270, 398, 272, 399, 25, 176, 178, 183, 194, 71, 339, 222, 106, 372, 378, 383]",24
326,"[0, 1, 2, 3, 135, 397, 270, 398, 272, 399, 183, 190, 329, 339, 222, 106, 107, 372, 378, 383]",20
327,"[0, 1, 2, 392, 397, 398, 399, 153, 296, 41, 304, 178, 63, 71, 329, 80, 339, 346, 95, 233, 106, 107, 368, 370]",24
328,"[0, 1, 3, 397, 398, 399, 15, 19, 40, 188, 190, 75, 336, 339, 222, 106, 364, 110, 372, 249]",20
329,"[0, 1, 2, 266, 397, 398, 399, 160, 178, 310, 321, 196, 71, 339, 222, 235, 236, 368, 372, 124]",20
330,"[0, 1, 2, 385, 128, 389, 266, 138, 395, 397, 398, 399, 276, 153, 156, 37, 298, 178, 322, 67, 71, 332, 339, 340, 89, 222, 107, 236, 365, 368, 372]",31
331,"[0, 1, 2, 3, 266, 268, 397, 398, 399, 150, 293, 43, 304, 63, 196, 70, 71, 329, 75, 339, 222, 236, 365, 368, 372]",25
332,"[0, 1, 2, 3, 262, 135, 266, 397, 398, 399, 304, 307, 186, 190, 70, 71, 329, 75, 76, 80, 339, 217, 222, 106, 364, 111, 372, 245, 126]",29
333,"[0, 1, 2, 3, 266, 138, 139, 397, 398, 399, 20, 21, 178, 315, 327, 71, 329, 339, 362, 106, 368, 370]",22
334,"[0, 1, 2, 330, 397, 398, 399, 339, 346, 222, 101, 299, 236, 365, 368, 178, 372]",17
335,"[0, 1, 2, 3, 392, 397, 398, 399, 26, 37, 41, 304, 178, 62, 196, 71, 329, 339, 230, 233, 106, 107, 368, 370]",24
336,"[0, 1, 2, 3, 129, 384, 266, 397, 398, 399, 279, 26, 156, 178, 187, 71, 329, 206, 80, 89, 224, 99, 230, 106, 365, 370, 123]",27
337,"[0, 1, 2, 266, 396, 397, 398, 399, 45, 304, 178, 308, 310, 185, 186, 322, 71, 207, 368, 370, 372, 245, 124, 126]",24
338,"[0, 1, 194, 3, 198, 71, 329, 397, 398, 399, 339, 222, 106, 372, 190]",15
339,"[0, 1, 2, 3, 385, 389, 138, 397, 398, 399, 156, 170, 304, 51, 190, 321, 194, 322, 71, 339, 222, 106, 235, 365, 116, 372]",26
340,"[0, 1, 2, 3, 266, 139, 396, 397, 398, 399, 45, 304, 178, 50, 308, 185, 190, 329, 207, 339, 348, 222, 231, 106, 236, 109, 368, 369, 372, 245, 251]",31
341,"[0, 1, 2, 3, 385, 71, 397, 398, 399, 339, 32, 168, 170, 368, 178, 58]",16
342,"[0, 1, 3, 138, 397, 270, 399, 398, 304, 190, 194, 71, 80, 339, 217, 222, 106, 365, 116, 372]",20
343,"[0, 1, 2, 3, 266, 138, 397, 398, 399, 28, 156, 166, 188, 190, 71, 329, 339, 222, 102, 106, 236, 366, 368, 372, 375, 251]",26
344,"[0, 1, 2, 3, 9, 266, 397, 398, 399, 32, 178, 183, 199, 71, 74, 337, 339, 222, 354, 236, 368, 372, 383]",23
345,"[1, 3, 71, 329, 268, 397, 398, 399, 339, 222, 293, 106, 236, 368, 372, 311, 63]",17
346,"[0, 1, 2, 3, 266, 397, 398, 399, 156, 170, 304, 194, 71, 75, 80, 339, 89, 222, 365, 372]",20
347,"[1, 3, 135, 329, 397, 398, 399, 339, 222, 106, 372, 190]",12
348,"[0, 1, 2, 3, 138, 139, 397, 398, 399, 20, 304, 177, 178, 60, 327, 329, 339, 83, 222, 356, 360, 106, 236, 365, 368, 372, 377]",27
349,"[0, 1, 2, 3, 266, 397, 398, 399, 178, 190, 194, 71, 80, 339, 222, 106, 364, 372, 126]",19
350,"[0, 1, 2, 3, 259, 262, 138, 266, 12, 397, 398, 399, 292, 165, 51, 186, 190, 321, 194, 71, 80, 339, 214, 91, 222, 106, 235, 364, 238, 372, 245, 123, 252, 126]",34
351,"[0, 1, 2, 3, 384, 7, 396, 397, 398, 399, 165, 45, 303, 51, 190, 321, 194, 71, 339, 214, 86, 87, 91, 222, 351, 106, 235, 372, 120, 252, 127]",31
352,"[0, 1, 2, 3, 266, 397, 398, 399, 279, 156, 170, 178, 325, 199, 71, 80, 209, 89, 224, 99, 365, 368, 370]",23
353,"[0, 1, 2, 71, 329, 138, 397, 398, 399, 339, 28, 166, 102, 368, 375, 251, 188]",17
354,"[1, 2, 3, 194, 71, 75, 397, 398, 399, 339, 222, 304, 372]",13
355,"[0, 1, 2, 3, 384, 7, 396, 397, 398, 399, 36, 45, 303, 51, 190, 321, 339, 86, 87, 222, 351, 357, 106, 235, 372, 120, 127]",27
356,"[0, 1, 2, 3, 261, 138, 266, 397, 398, 399, 166, 185, 188, 327, 71, 329, 339, 222, 102, 236, 368, 372, 375, 383]",24
357,"[0, 1, 2, 3, 392, 266, 397, 398, 399, 279, 153, 25, 156, 41, 178, 71, 209, 339, 346, 233, 365, 368, 372, 373]",24
358,"[0, 1, 2, 3, 386, 385, 266, 397, 398, 399, 279, 32, 168, 41, 298, 185, 58, 190, 64, 71, 81, 339, 222, 106, 364, 236, 368, 372]",28
359,"[0, 1, 2, 3, 390, 8, 138, 266, 397, 398, 399, 154, 176, 178, 310, 71, 329, 339, 222, 358, 106, 236, 368, 372, 124]",25
360,"[0, 1, 2, 3, 138, 266, 397, 398, 399, 156, 304, 194, 329, 339, 222, 235, 236, 372, 377]",19
361,"[0, 1, 194, 3, 71, 138, 397, 398, 399, 339, 219, 222, 106, 372, 314, 190]",16
362,"[0, 1, 2, 256, 397, 398, 399, 273, 277, 292, 174, 178, 329, 339, 212, 348, 238, 368, 369]",19
363,"[1, 2, 3, 263, 71, 329, 139, 397, 206, 398, 399, 26, 230, 106, 235, 370, 178, 123]",18
364,"[0, 1, 2, 3, 262, 393, 138, 266, 397, 398, 399, 30, 304, 305, 194, 198, 71, 199, 339, 86, 364, 372, 245]",23
365,"[0, 1, 2, 71, 266, 139, 397, 398, 399, 81, 339, 278, 222, 233, 106, 368, 178, 372]",18
366,"[0, 1, 2, 3, 71, 397, 398, 399, 339, 86, 342, 37, 106, 175, 368, 178, 370, 317]",18
367,"[0, 1, 2, 3, 266, 139, 397, 398, 399, 274, 26, 27, 37, 165, 172, 178, 306, 53, 69, 71, 329, 339, 226, 230, 370]",25
368,"[0, 1, 2, 384, 392, 265, 397, 398, 399, 153, 41, 178, 321, 325, 71, 339, 217, 346, 222, 233, 236, 368, 372]",23
369,"[0, 1, 2, 3, 397, 398, 399, 165, 51, 321, 194, 71, 203, 339, 91, 222, 106, 235, 372]",19
370,"[0, 1, 2, 128, 397, 398, 399, 153, 170, 178, 71, 72, 332, 339, 340, 89, 222, 236, 368, 372]",20
371,"[0, 1, 2, 259, 266, 139, 397, 398, 399, 278, 178, 328, 81, 339, 222, 361, 236, 368, 372]",19
372,"[0, 1, 2, 3, 266, 397, 398, 399, 165, 51, 321, 194, 71, 80, 339, 91, 222, 106, 235, 364, 372]",21
373,"[0, 1, 2, 3, 71, 266, 397, 398, 399, 339, 25, 32, 354, 368, 178, 372, 373]",17
374,"[0, 1, 2, 3, 7, 139, 396, 397, 398, 399, 17, 163, 45, 303, 178, 71, 86, 87, 351, 96, 99, 235, 368, 370, 120, 123, 127]",27
375,"[0, 1, 2, 3, 266, 397, 398, 399, 156, 170, 190, 194, 325, 199, 71, 329, 80, 339, 89, 222, 106, 107, 365, 372]",24
376,"[0, 1, 2, 3, 259, 265, 393, 397, 398, 143, 399, 157, 296, 304, 190, 194, 198, 71, 199, 329, 339, 86, 88, 222, 361, 106, 238, 372]",28
377,"[0, 1, 2, 256, 128, 390, 397, 398, 399, 277, 153, 292, 174, 178, 71, 72, 339, 340, 222, 106, 236, 238, 368, 372]",24
378,"[0, 1, 2, 3, 138, 397, 398, 399, 30, 304, 62, 71, 329, 204, 339, 222, 224, 106, 236, 372, 377]",21
379,"[0, 1, 2, 3, 256, 257, 397, 398, 399, 292, 178, 191, 194, 71, 207, 80, 339, 86, 222, 106, 372, 381]",22
380,"[0, 1, 2, 389, 9, 138, 397, 270, 399, 398, 276, 170, 190, 339, 214, 217, 222, 106, 365, 372]",20
381,"[0, 1, 2, 3, 392, 266, 397, 398, 399, 165, 41, 178, 63, 71, 80, 209, 339, 95, 233, 365, 368, 372]",22
382,"[0, 1, 2, 3, 257, 397, 398, 399, 150, 43, 55, 194, 71, 339, 222, 106, 365, 372, 381, 126]",20
383,"[0, 1, 2, 392, 138, 266, 397, 398, 399, 37, 178, 315, 71, 329, 73, 333, 79, 339, 348, 106, 107, 368, 369, 370]",24
384,"[0, 1, 2, 137, 9, 266, 267, 397, 398, 399, 272, 296, 178, 51, 310, 183, 71, 199, 74, 333, 337, 235, 368, 123, 124, 383]",26
385,"[0, 1, 2, 3, 397, 398, 399, 153, 156, 175, 178, 317, 71, 208, 339, 340, 342, 95, 233, 106, 368, 370]",22
386,"[0, 1, 2, 3, 390, 8, 266, 138, 397, 398, 399, 154, 176, 178, 329, 339, 222, 358, 106, 236, 368, 372]",22
387,"[0, 1, 2, 128, 265, 266, 397, 398, 399, 279, 153, 156, 178, 308, 325, 71, 72, 332, 340, 217, 89, 99, 235, 368, 245, 123]",26
388,"[0, 1, 2, 3, 266, 397, 398, 399, 339, 278, 222, 106, 236, 368, 304, 178, 372, 377]",18
389,"[0, 1, 2, 3, 260, 266, 397, 398, 399, 278, 32, 293, 178, 195, 330, 209, 354, 235, 368, 123]",20
390,"[0, 1, 2, 256, 397, 398, 399, 339, 277, 292, 106, 365, 238, 174, 368, 370, 178, 316]",18
391,"[0, 1, 2, 3, 262, 266, 268, 397, 398, 399, 157, 194, 196, 71, 329, 331, 80, 339, 222, 106, 107, 364, 372, 245]",24
392,"[0, 1, 2, 3, 262, 266, 268, 397, 398, 399, 157, 194, 196, 71, 329, 331, 80, 339, 222, 106, 107, 364, 245]",23
393,"[0, 1, 2, 327, 71, 266, 397, 398, 399, 339, 278, 343, 106, 368, 178]",15
394,"[0, 1, 2, 3, 257, 194, 71, 397, 398, 207, 336, 399, 339, 222, 106, 372, 381, 126]",18
395,"[0, 1, 2, 266, 139, 397, 398, 399, 153, 178, 71, 201, 74, 208, 81, 339, 340, 214, 349, 222, 95, 229, 233, 106, 364, 368]",26
396,"[0, 1, 2, 3, 129, 266, 397, 398, 399, 274, 26, 295, 178, 187, 71, 329, 333, 79, 88, 91, 101, 380]",22
397,"[0, 1, 2, 3, 390, 265, 397, 398, 399, 153, 37, 178, 71, 332, 209, 340, 89, 365, 368]",19
398,"[0, 1, 2, 3, 265, 138, 13, 397, 143, 398, 399, 194, 71, 76, 339, 86, 219, 94, 222, 106, 372]",21
399,"[0, 1, 2, 71, 329, 138, 397, 398, 399, 339, 29, 222, 37, 362, 106, 236, 368, 178]",18
400,"[0, 1, 2, 3, 392, 266, 139, 397, 398, 399, 278, 37, 305, 50, 178, 327, 329, 333, 79, 339, 348, 222, 231, 106, 236, 368, 369, 383]",28
401,"[0, 1, 2, 3, 137, 267, 397, 398, 399, 272, 278, 26, 178, 71, 329, 74, 80, 337, 233, 235, 368, 116, 123, 383]",24
402,"[0, 1, 2, 3, 392, 393, 266, 397, 398, 399, 273, 37, 38, 41, 176, 178, 51, 71, 209, 233, 107, 365, 368, 373]",24
403,"[0, 1, 2, 3, 71, 269, 206, 398, 397, 399, 86, 106, 368, 178, 51]",15
404,"[1, 2, 3, 257, 397, 398, 399, 149, 176, 61, 64, 323, 71, 329, 339, 222, 106, 368, 372]",19
405,"[0, 1, 2, 3, 257, 389, 264, 397, 398, 399, 272, 339, 222, 36, 357, 106, 176, 372]",18
406,"[0, 1, 2, 3, 266, 397, 398, 399, 25, 32, 160, 178, 321, 196, 71, 80, 339, 222, 354, 106, 235, 236, 368, 372]",24
407,"[0, 1, 2, 3, 389, 135, 397, 398, 13, 399, 159, 296, 308, 329, 336, 339, 85, 86, 222, 106, 372, 245, 127]",23
408,"[0, 1, 2, 3, 389, 134, 266, 13, 397, 398, 399, 159, 194, 71, 329, 80, 339, 86, 222, 106, 368, 372]",22
409,"[0, 1, 2, 3, 135, 266, 140, 397, 398, 399, 307, 329, 89, 217, 235, 111, 370, 248, 123]",19
410,"[0, 1, 2, 71, 392, 138, 397, 398, 399, 219, 37, 233, 41, 106, 368, 178, 370]",17
411,"[0, 1, 2, 3, 393, 266, 397, 398, 399, 273, 32, 37, 38, 176, 178, 51, 310, 315, 71, 73, 339, 222, 354, 106, 107, 236, 368, 373, 124]",29
412,"[0, 1, 2, 3, 261, 138, 139, 397, 398, 399, 20, 37, 178, 327, 329, 339, 222, 106, 236, 368, 372, 383]",22
413,"[0, 1, 2, 3, 393, 266, 397, 398, 399, 273, 37, 38, 175, 176, 178, 317, 71, 342, 106, 107, 368, 373]",22
414,"[0, 1, 2, 3, 138, 397, 398, 399, 304, 178, 60, 329, 339, 222, 356, 360, 106, 236, 368, 377]",20
415,"[0, 2, 133, 392, 266, 397, 398, 399, 45, 178, 181, 186, 322, 329, 75, 333, 79, 344, 348, 220, 351, 368, 120, 126]",24
416,"[0, 1, 2, 3, 138, 267, 268, 12, 397, 399, 398, 293, 170, 311, 62, 63, 70, 71, 329, 339, 214, 222, 106, 236, 368, 376]",26
417,"[0, 1, 2, 3, 392, 397, 398, 399, 276, 159, 41, 175, 178, 317, 71, 75, 342, 233, 106, 368, 370]",21
418,"[0, 1, 2, 3, 392, 397, 398, 399, 156, 41, 178, 63, 71, 329, 80, 209, 339, 222, 95, 233, 106, 107, 236, 365, 368]",25
419,"[0, 1, 2, 3, 266, 139, 397, 398, 399, 29, 178, 196, 71, 201, 74, 209, 81, 339, 214, 349, 229, 362, 364, 365, 368]",25
420,"[0, 1, 2, 266, 397, 398, 399, 299, 178, 328, 339, 346, 91, 222, 106, 236, 368, 114, 372, 376, 125]",21
421,"[0, 1, 194, 3, 71, 137, 397, 398, 399, 80, 339, 222, 106, 372]",14
422,"[0, 1, 2, 3, 393, 266, 397, 398, 399, 273, 21, 37, 38, 176, 178, 71, 341, 362, 107, 368, 373]",21
423,"[1, 2, 3, 194, 71, 397, 398, 399, 339, 222, 38, 106]",12
424,"[0, 1, 2, 3, 138, 266, 397, 398, 399, 21, 28, 170, 178, 71, 329, 339, 341, 222, 362, 106, 368, 372, 251]",23
425,"[0, 1, 2, 256, 397, 398, 399, 277, 174, 178, 73, 339, 222, 361, 106, 236, 365, 238, 368]",19
426,"[0, 1, 2, 3, 199, 71, 397, 398, 399, 209, 224, 99, 233, 365, 368, 304, 178]",17
427,"[0, 1, 2, 3, 384, 262, 266, 268, 397, 398, 399, 293, 178, 308, 311, 63, 71, 329, 339, 222, 106, 364, 236, 365, 368, 245]",26
428,"[0, 1, 2, 3, 265, 266, 138, 397, 398, 399, 156, 28, 167, 169, 178, 194, 329, 339, 222, 99, 106, 235, 236, 251, 368, 123]",26
429,"[0, 1, 2, 266, 138, 397, 398, 399, 28, 156, 166, 167, 169, 178, 188, 71, 329, 339, 85, 222, 99, 106, 236, 368, 372, 375, 251]",27
430,"[0, 1, 2, 3, 384, 71, 397, 398, 399, 222, 228, 235, 236, 368, 178, 123]",16
431,"[0, 1, 2, 3, 266, 397, 398, 399, 299, 178, 58, 71, 339, 83, 346, 91, 222, 106, 236, 368, 114, 372, 376]",23
432,"[0, 1, 2, 3, 397, 398, 399, 273, 43, 176, 194, 71, 339, 86, 222, 106, 365, 240, 242, 372]",20
433,"[0, 1, 2, 3, 384, 397, 398, 399, 170, 178, 63, 71, 329, 207, 80, 95, 233, 107, 235, 368, 123]",21
434,"[0, 1, 2, 256, 391, 397, 398, 399, 277, 174, 178, 316, 73, 339, 344, 222, 100, 361, 106, 236, 365, 238, 368, 372]",24
435,"[0, 1, 2, 391, 266, 397, 398, 399, 150, 45, 178, 310, 185, 186, 322, 71, 343, 351, 352, 106, 368, 124, 370, 372, 252, 126]",26
436,"[0, 1, 2, 3, 137, 265, 267, 397, 398, 399, 276, 278, 157, 32, 178, 71, 337, 339, 222, 99, 362, 106, 236, 368, 372, 116, 123, 383]",28
437,"[0, 2, 3, 266, 397, 398, 399, 146, 163, 165, 54, 185, 58, 319, 329, 73, 204, 83, 105, 252]",20
438,"[0, 1, 2, 3, 384, 135, 397, 398, 399, 273, 159, 43, 329, 75, 339, 86, 222, 106, 365, 240, 242]",21
439,"[0, 1, 2, 3, 397, 398, 399, 150, 45, 178, 185, 186, 322, 71, 339, 344, 222, 351, 352, 106, 236, 368, 370, 372, 249, 123, 252, 126]",28
440,"[0, 1, 2, 3, 128, 266, 397, 398, 399, 146, 163, 165, 298, 54, 185, 319, 329, 73, 204, 332, 339, 222, 354, 105, 106, 372, 252]",27
441,"[0, 1, 2, 385, 259, 138, 397, 398, 399, 298, 308, 321, 67, 331, 80, 339, 222, 106, 235, 365, 238, 245]",22
442,"[0, 256, 2, 3, 132, 392, 397, 398, 399, 277, 174, 304, 178, 181, 73, 333, 79, 223, 99, 361, 238, 368, 377]",23
443,"[0, 1, 2, 3, 384, 396, 397, 398, 399, 279, 159, 298, 194, 71, 75, 339, 86, 87, 222, 351, 106, 235, 372, 249, 127]",25
444,"[0, 256, 2, 3, 390, 397, 398, 399, 277, 153, 174, 178, 71, 73, 209, 361, 365, 238, 368]",19
445,"[0, 1, 2, 3, 397, 398, 399, 150, 45, 178, 185, 186, 322, 71, 209, 344, 351, 352, 365, 368, 370, 372, 252, 126]",24
446,"[0, 1, 2, 3, 264, 397, 398, 399, 272, 26, 178, 71, 329, 224, 99, 235, 370, 115, 123]",19
447,"[0, 1, 2, 3, 385, 259, 138, 397, 398, 399, 36, 165, 308, 322, 80, 339, 222, 357, 106, 365, 238, 245]",22
448,"[0, 1, 2, 3, 384, 268, 397, 398, 399, 280, 159, 160, 293, 311, 63, 196, 71, 329, 75, 339, 222, 106, 236, 368, 372]",25
449,"[0, 3, 36, 357, 331, 397, 398, 399, 91]",9
450,"[0, 2, 3, 71, 331, 397, 398, 399, 209, 91, 233, 365, 368, 178]",14
451,"[0, 1, 2, 3, 266, 397, 398, 399, 21, 163, 54, 58, 319, 329, 335, 207, 83, 347, 105, 364, 365, 245, 252]",23
452,"[0, 384, 2, 3, 266, 11, 139, 397, 270, 399, 398, 159, 50, 194, 71, 329, 75, 89, 116]",19
453,"[0, 1, 2, 3, 397, 398, 399, 150, 166, 185, 186, 188, 322, 71, 329, 339, 222, 352, 106, 236, 366, 368, 372, 116, 375, 126]",26
454,"[0, 1, 2, 266, 397, 398, 399, 336, 339, 222, 159, 37, 106, 236, 365, 368, 178, 114]",18
455,"[0, 1, 2, 3, 397, 398, 399, 292, 298, 194, 71, 73, 80, 337, 339, 88, 106, 372, 378, 123]",20
456,"[0, 1, 2, 3, 12, 397, 398, 399, 170, 314, 194, 71, 337, 339, 88, 92, 106, 372, 376]",19
457,"[0, 1, 2, 3, 261, 266, 397, 398, 399, 37, 178, 316, 327, 328, 74, 339, 222, 106, 236, 365, 368, 372, 383]",23
458,"[1, 194, 3, 71, 397, 398, 399, 339, 37, 106]",10
459,"[0, 1, 2, 3, 259, 384, 138, 397, 398, 399, 280, 174, 194, 71, 337, 339, 106, 372, 249]",19
460,"[0, 1, 2, 3, 260, 384, 266, 74, 397, 398, 399, 32, 354, 368, 178, 123]",16
461,"[0, 1, 2, 327, 71, 266, 74, 397, 398, 399, 339, 343, 37, 106, 368, 178]",16
462,"[0, 1, 2, 3, 266, 397, 398, 399, 21, 153, 37, 178, 71, 74, 208, 339, 341, 89, 106, 368]",20
463,"[0, 1, 2, 3, 384, 266, 11, 139, 397, 398, 399, 159, 32, 37, 178, 196, 71, 73, 75, 86, 351, 368, 125]",23
464,"[0, 1, 2, 3, 384, 397, 398, 399, 150, 153, 45, 178, 185, 186, 322, 71, 208, 209, 344, 89, 352, 365, 368, 372, 116, 123, 126]",27
465,"[0, 1, 2, 3, 259, 131, 135, 265, 397, 398, 399, 143, 174, 183, 329, 331, 75, 339, 85, 106, 372, 383]",22
466,"[0, 1, 2, 3, 259, 194, 71, 75, 397, 398, 399, 339, 86, 351, 159, 106, 174]",17
467,"[0, 1, 2, 259, 384, 138, 397, 398, 399, 161, 174, 178, 314, 193, 329, 78, 339, 106, 249]",19
468,"[0, 1, 2, 384, 266, 397, 398, 399, 279, 156, 32, 178, 325, 71, 338, 341, 224, 99, 356, 362, 237, 368, 123]",23
469,"[0, 1, 2, 3, 194, 259, 71, 264, 199, 397, 398, 399, 339, 106, 174, 183, 383]",17
470,"[0, 1, 2, 259, 138, 397, 398, 399, 28, 166, 167, 169, 174, 178, 188, 71, 329, 339, 222, 106, 236, 368, 375, 251]",24
471,"[0, 1, 2, 3, 259, 384, 138, 395, 397, 398, 399, 38, 174, 194, 71, 336, 339, 106, 249]",19
472,"[0, 1, 2, 3, 259, 384, 135, 138, 397, 398, 399, 280, 174, 329, 336, 337, 339, 106, 249]",19
473,"[0, 1, 2, 322, 397, 398, 399, 80, 339, 87, 279, 352, 165, 106, 365, 303, 112]",17
474,"[0, 1, 2, 3, 194, 71, 397, 398, 399, 80, 337, 339, 87, 279, 280, 106, 365, 303]",18
475,"[0, 1, 2, 3, 384, 137, 397, 398, 399, 276, 278, 26, 178, 71, 329, 92, 224, 99, 233, 368, 123]",21
476,"[0, 1, 2, 3, 260, 384, 264, 397, 398, 399, 26, 178, 71, 199, 329, 224, 99, 231, 123]",19
477,"[0, 1, 2, 3, 259, 397, 398, 271, 399, 150, 292, 45, 174, 178, 185, 186, 322, 71, 339, 344, 222, 352, 106, 236, 368, 116, 123, 126]",28
478,"[0, 1, 2, 3, 259, 199, 264, 395, 397, 398, 399, 339, 36, 357, 38, 106, 174, 373]",18
479,"[0, 1, 2, 259, 393, 266, 138, 397, 398, 399, 273, 38, 174, 176, 178, 71, 199, 339, 222, 106, 236, 368]",22
480,"[0, 1, 2, 3, 259, 138, 268, 12, 397, 399, 398, 280, 293, 170, 174, 311, 185, 62, 63, 71, 329, 207, 80, 337, 339, 222, 106, 236, 368]",29
481,"[0, 1, 2, 3, 397, 398, 399, 153, 175, 178, 182, 317, 71, 208, 342, 89, 106, 368, 370]",19
482,"[0, 1, 2, 259, 138, 397, 398, 399, 28, 174, 178, 71, 329, 339, 222, 106, 236, 368, 251]",19
483,"[0, 1, 2, 391, 266, 397, 398, 399, 150, 45, 178, 185, 186, 322, 71, 80, 343, 352, 106, 368, 370, 372, 126]",23
484,"[0, 1, 2, 3, 259, 138, 397, 398, 399, 150, 28, 167, 169, 174, 178, 180, 182, 194, 329, 339, 86, 222, 357, 106, 236, 368, 377, 251]",28
485,"[0, 1, 2, 384, 71, 9, 397, 398, 399, 224, 99, 233, 368, 178, 51, 123]",16
486,"[0, 1, 2, 3, 259, 133, 384, 265, 395, 397, 398, 399, 143, 174, 55, 194, 71, 329, 331, 75, 339, 106]",22
487,"[0, 1, 2, 3, 132, 259, 262, 266, 397, 398, 399, 276, 278, 32, 174, 178, 71, 338, 341, 356, 362, 364, 237, 368, 245]",25
488,"[0, 1, 2, 3, 259, 268, 397, 398, 399, 159, 293, 43, 174, 311, 63, 71, 329, 75, 339, 222, 106, 236, 365, 240, 368, 242]",26
489,"[0, 1, 194, 3, 259, 133, 71, 329, 266, 397, 398, 399, 339, 106, 174, 240, 368, 62]",18
490,"[0, 1, 2, 3, 194, 133, 71, 265, 9, 329, 397, 398, 143, 399, 339, 106, 51]",17
491,"[0, 1, 2, 3, 384, 131, 266, 397, 398, 399, 292, 37, 178, 196, 71, 73, 329, 75, 86, 351, 233, 106, 107, 368, 370]",25
492,"[0, 1, 2, 384, 266, 397, 398, 399, 37, 178, 196, 71, 328, 73, 75, 339, 86, 351, 106, 107, 368, 370, 125]",23
493,"[0, 1, 2, 259, 266, 138, 397, 398, 399, 278, 32, 169, 174, 178, 71, 328, 329, 206, 339, 222, 106, 236, 368, 372, 125]",25
494,"[0, 1, 2, 259, 397, 398, 399, 150, 32, 292, 45, 174, 178, 185, 186, 322, 71, 352, 368, 372, 116, 125, 126]",23
495,"[0, 1, 2, 3, 384, 133, 9, 397, 398, 399, 159, 178, 51, 194, 71, 329, 75, 222, 226]",19
496,"[0, 1, 3, 259, 268, 397, 398, 399, 293, 174, 311, 63, 198, 71, 329, 339, 214, 222, 228, 106, 236, 368, 118]",23
497,"[1, 2, 259, 71, 397, 398, 399, 339, 36, 102, 106, 174, 368]",13
498,"[0, 1, 2, 3, 384, 397, 398, 399, 37, 175, 178, 71, 75, 342, 233, 106, 107, 368, 370]",19
499,"[0, 1, 2, 259, 388, 71, 265, 397, 398, 143, 399, 354, 233, 174, 239, 368, 304, 178]",18
500,"[0, 1, 2, 3, 259, 266, 397, 398, 399, 159, 174, 52, 59, 64, 71, 75, 339, 85, 216, 222, 106, 368]",22
501,"[0, 1, 2, 3, 259, 266, 397, 398, 399, 273, 21, 38, 174, 178, 71, 339, 341, 94, 362, 106, 368]",21
502,"[0, 1, 2, 3, 259, 133, 384, 266, 11, 139, 397, 398, 399, 174, 194, 71, 199, 329, 331, 75, 339, 222, 106]",23
503,"[0, 1, 2, 3, 259, 138, 397, 398, 399, 19, 165, 174, 322, 329, 336, 339, 219, 222, 352, 106, 110, 112, 368]",23
504,"[0, 1, 2, 3, 259, 329, 138, 397, 398, 399, 339, 86, 106, 365, 174, 368, 178, 377]",18
505,"[0, 1, 2, 194, 259, 329, 138, 397, 398, 399, 339, 222, 106, 236, 174, 368, 178, 180]",18
506,"[0, 1, 2, 3, 259, 133, 395, 397, 398, 399, 174, 55, 194, 71, 329, 339, 222, 106, 373]",19
507,"[0, 1, 2, 259, 132, 392, 138, 397, 398, 399, 150, 174, 175, 178, 181, 186, 322, 333, 79, 220, 223, 352, 99, 368, 126]",25
508,"[0, 1, 2, 259, 388, 265, 397, 398, 143, 399, 29, 174, 304, 178, 71, 338, 341, 86, 354, 356, 362, 368]",22
509,"[0, 1, 2, 3, 259, 388, 265, 266, 397, 398, 143, 399, 165, 174, 175, 304, 178, 71, 339, 342, 86, 354, 233, 106, 368]",25
510,"[0, 1, 2, 259, 128, 9, 266, 397, 398, 399, 153, 174, 178, 71, 199, 74, 339, 340, 233, 106, 368]",21
511,"[0, 2, 132, 392, 266, 75, 333, 398, 79, 397, 399, 223, 99, 368, 178, 181]",16
512,"[0, 1, 2, 259, 385, 397, 398, 271, 399, 279, 156, 29, 174, 178, 310, 185, 71, 207, 362, 368, 124]",21
513,"[0, 1, 2, 259, 71, 266, 397, 398, 399, 159, 174, 368, 178]",13
514,"[0, 1, 2, 132, 392, 138, 397, 398, 399, 273, 37, 38, 176, 178, 181, 70, 71, 333, 79, 339, 223, 99, 106, 368, 370]",25
515,"[0, 1, 266, 397, 398, 399, 339, 156, 37, 106, 370]",11
516,"[0, 1, 2, 259, 397, 398, 399, 279, 29, 174, 303, 178, 71, 80, 338, 339, 341, 356, 362, 106, 365, 368]",22
517,"[0, 1, 2, 259, 71, 397, 398, 399, 273, 94, 38, 233, 174, 176, 368, 178]",16
518,"[0, 1, 2, 3, 259, 133, 384, 265, 266, 139, 11, 397, 398, 399, 143, 174, 194, 199, 71, 329, 331, 75, 339, 106]",24
519,"[0, 1, 2, 196, 71, 328, 73, 266, 75, 397, 398, 399, 339, 106, 368, 178, 370, 125]",18
520,"[0, 1, 2, 3, 384, 265, 266, 397, 398, 143, 399, 165, 178, 310, 71, 335, 86, 365, 368, 123, 124]",21
521,"[0, 1, 2, 259, 137, 266, 267, 397, 398, 399, 337, 280, 165, 174, 51]",15
522,"[0, 1, 2, 3, 259, 133, 397, 398, 399, 165, 174, 308, 194, 322, 71, 329, 80, 339, 222, 352, 106, 365, 112, 245]",24
523,"[0, 1, 2, 3, 259, 133, 397, 398, 399, 159, 174, 180, 187, 194, 198, 71, 329, 75, 80, 339, 228, 106]",22
524,"[0, 1, 2, 3, 259, 133, 264, 137, 266, 267, 397, 398, 399, 280, 174, 51, 180, 52, 194, 71, 329, 337, 339, 222, 106, 368]",26
525,"[0, 1, 2, 259, 388, 397, 398, 399, 157, 159, 37, 174, 178, 71, 329, 339, 211, 94, 233, 106, 107, 368]",22
526,"[0, 1, 2, 259, 388, 397, 398, 399, 157, 29, 159, 37, 174, 178, 71, 329, 338, 339, 211, 341, 94, 356, 362, 107, 106, 368]",26
527,"[0, 1, 2, 259, 9, 393, 267, 397, 398, 399, 29, 174, 178, 310, 183, 199, 71, 74, 337, 339, 222, 362, 106, 236, 368, 124]",26
528,"[0, 1, 2, 3, 259, 266, 397, 398, 399, 159, 174, 178, 58, 316, 328, 201, 335, 339, 83, 349, 229, 106, 364, 365, 368, 372, 376, 382]",28
529,"[1, 2, 3, 194, 71, 75, 397, 398, 399, 339, 222, 159, 106]",13
530,"[0, 1, 2, 384, 71, 397, 398, 399, 220, 368, 178, 123]",12
531,"[0, 1, 2, 384, 397, 398, 399, 178, 198, 71, 329, 206, 88, 224, 352, 99, 228, 106, 123]",19
532,"[1, 2, 3, 265, 397, 398, 399, 29, 178, 71, 338, 339, 341, 222, 99, 356, 362, 106, 236, 237, 368]",21
533,"[0, 1, 2, 3, 194, 71, 75, 397, 398, 399, 272, 339, 222, 106, 235, 51]",16
534,"[1, 2, 3, 194, 71, 397, 398, 399, 339, 222, 106, 373]",12
535,"[0, 1, 2, 3, 257, 384, 71, 397, 398, 399, 347, 224, 99, 294, 368, 178, 123]",17
536,"[0, 1, 2, 3, 259, 266, 139, 397, 398, 399, 159, 178, 58, 71, 328, 201, 335, 81, 339, 83, 349, 222, 229, 361, 106, 364, 365, 236, 368, 372, 374, 376, 125, 382]",34
537,"[0, 1, 2, 3, 138, 397, 398, 271, 399, 167, 169, 178, 194, 329, 339, 106, 235, 368, 123]",19
538,"[0, 2, 71, 200, 392, 330, 397, 398, 399, 88, 101, 368, 178]",13
539,"[0, 1, 2, 3, 266, 138, 397, 398, 399, 21, 150, 28, 178, 71, 329, 339, 222, 357, 362, 106, 368, 251, 381]",23
540,"[1, 2, 71, 397, 398, 399, 339, 106, 368, 178]",10
541,"[1, 2, 71, 397, 398, 399, 90, 40, 106, 178]",10
542,"[0, 1, 2, 322, 325, 266, 397, 398, 207, 399, 339, 222, 292, 106, 368, 178, 185]",17
543,"[0, 1, 2, 3, 256, 390, 262, 266, 268, 397, 398, 399, 276, 278, 25, 293, 311, 63, 71, 329, 74, 339, 226, 106, 364, 368, 112, 245]",28
544,"[0, 1, 2, 384, 397, 398, 399, 29, 159, 178, 198, 71, 329, 338, 341, 224, 99, 356, 362, 237, 368, 123]",22
545,"[0, 1, 2, 3, 192, 194, 71, 397, 398, 399, 339, 222, 170, 106, 373, 252, 191]",17
546,"[0, 1, 2, 384, 71, 266, 397, 398, 399, 343, 159, 368, 178, 123]",14
547,"[0, 1, 2, 392, 397, 398, 399, 283, 303, 178, 316, 200, 330, 339, 88, 222, 101, 106, 236, 365, 368]",21
548,"[0, 128, 2, 3, 392, 397, 398, 399, 178, 181, 200, 330, 208, 88, 350, 223, 354, 99, 101, 368, 243, 380]",22
549,"[0, 1, 2, 3, 384, 71, 397, 398, 206, 399, 153, 346, 233, 170, 106, 368, 178, 123]",18
550,"[1, 2, 71, 397, 398, 399, 106, 368, 178, 370]",10
551,"[0, 1, 2, 71, 329, 138, 202, 397, 398, 399, 339, 284, 222, 36, 102, 106, 236, 368]",18
552,"[0, 1, 2, 3, 128, 266, 139, 397, 398, 399, 159, 292, 178, 81, 339, 349, 354, 229, 106, 364, 368]",21
553,"[0, 1, 2, 3, 266, 397, 398, 399, 160, 292, 175, 178, 196, 71, 342, 233, 106, 235, 368, 370]",20
554,"[0, 2, 3, 71, 266, 397, 398, 399, 273, 21, 89, 156, 38, 368, 178]",15
555,"[0, 1, 2, 3, 397, 398, 399, 178, 191, 194, 71, 199, 329, 339, 349, 222, 95, 106, 382]",19
556,"[0, 1, 2, 138, 75, 397, 398, 399, 339, 219, 222, 106]",12
557,"[0, 1, 2, 384, 324, 388, 265, 397, 398, 143, 399, 33, 354, 176, 370, 53, 123]",17
558,"[0, 1, 2, 3, 388, 397, 398, 399, 276, 159, 36, 80, 339, 222, 354, 357, 230, 106, 236, 365]",20
559,"[0, 1, 2, 3, 268, 397, 398, 399, 293, 311, 63, 198, 71, 329, 75, 339, 222, 106, 236, 368]",20
560,"[0, 1, 2, 3, 384, 263, 138, 139, 397, 398, 399, 27, 178, 71, 219, 99, 106, 368, 123, 252]",20
561,"[0, 1, 2, 266, 138, 268, 139, 397, 398, 399, 178, 311, 63, 327, 329, 74, 339, 222, 226, 106, 236, 368]",22
562,"[0, 1, 2, 3, 132, 5, 392, 266, 139, 138, 397, 398, 399, 178, 327, 74, 333, 79, 339, 222, 223, 99, 106, 236, 368, 243]",26
563,"[0, 1, 2, 397, 398, 399, 178, 71, 330, 338, 339, 341, 88, 222, 356, 101, 106, 236, 237, 368]",20
564,"[0, 1, 2, 3, 137, 267, 397, 398, 399, 276, 280, 159, 36, 51, 74, 337, 339, 88, 222, 357, 230, 106, 236]",23
565,"[0, 1, 2, 71, 265, 397, 398, 143, 399, 106, 370, 178]",12
566,"[0, 1, 2, 3, 259, 396, 397, 398, 399, 272, 149, 323, 71, 200, 339, 222, 361, 106, 368, 373, 120, 127]",22
567,"[0, 1, 2, 3, 259, 396, 397, 398, 399, 272, 280, 194, 71, 200, 74, 337, 339, 88, 222, 361, 106, 120, 127]",23
568,"[0, 1, 2, 3, 194, 71, 266, 75, 397, 398, 399, 339, 222, 106, 368]",15
569,"[0, 1, 2, 3, 128, 266, 138, 397, 398, 399, 150, 163, 169, 170, 185, 319, 329, 206, 207, 339, 222, 354, 357, 105, 106]",25
570,"[0, 1, 2, 138, 266, 139, 397, 398, 399, 178, 327, 71, 329, 74, 339, 222, 226, 106, 236, 368]",20
571,"[0, 2, 386, 329, 138, 397, 398, 399, 144, 368]",10
572,"[0, 1, 2, 3, 138, 397, 398, 399, 150, 28, 178, 329, 339, 344, 222, 356, 357, 106, 236, 368, 251]",21
573,"[0, 1, 2, 257, 138, 74, 397, 398, 399, 337, 339, 88, 280, 219, 222, 106, 236, 249]",18
574,"[0, 2, 3, 322, 71, 397, 398, 207, 399, 209, 338, 344, 290, 292, 45, 368, 178, 185]",18
575,"[0, 2, 71, 329, 266, 138, 397, 398, 399, 156, 36, 102, 368]",13
576,"[0, 1, 2, 3, 397, 398, 399, 148, 178, 316, 344, 88, 101, 106, 365, 368, 370, 114, 380]",19
577,"[0, 1, 2, 384, 71, 397, 398, 399, 224, 99, 233, 368, 178, 123]",14
578,"[0, 1, 2, 329, 266, 138, 141, 206, 207, 398, 397, 399, 339, 150, 357, 169, 106]",17
579,"[2, 71, 233, 397, 398, 399, 368, 178]",8
580,"[0, 2, 3, 71, 9, 397, 398, 399, 273, 342, 156, 38, 106, 175, 239, 368, 178]",17
581,"[0, 1, 2, 138, 266, 139, 397, 398, 399, 293, 178, 327, 329, 74, 339, 222, 226, 227, 106, 236, 368]",21
582,"[0, 1, 2, 3, 138, 266, 12, 139, 398, 399, 397, 292, 194, 322, 71, 75, 339, 106, 123]",19
583,"[0, 1, 2, 9, 137, 267, 397, 398, 399, 37, 178, 71, 328, 80, 339, 106, 107, 368, 372, 125]",20
584,"[0, 2, 71, 329, 138, 397, 398, 399, 28, 29, 362, 368, 178, 251]",14
585,"[0, 2, 3, 388, 71, 397, 398, 335, 399, 343, 354, 39, 365, 368, 369, 178, 58]",17
586,"[0, 1, 2, 388, 397, 398, 399, 153, 290, 178, 71, 205, 338, 340, 354, 233, 106, 239, 368, 370]",20
587,"[0, 1, 2, 71, 73, 138, 397, 398, 399, 339, 29, 362, 106, 368, 178, 315]",16
588,"[0, 1, 2, 3, 388, 384, 71, 397, 398, 399, 224, 354, 99, 233, 368, 178, 123]",17
589,"[0, 1, 2, 384, 266, 138, 139, 397, 398, 399, 292, 178, 71, 80, 233, 106, 368, 370, 123]",19
590,"[0, 1, 2, 384, 71, 397, 398, 206, 399, 224, 99, 233, 106, 368, 178, 123]",16
591,"[0, 1, 2, 3, 194, 257, 71, 138, 75, 397, 398, 399, 339, 219, 106, 249]",16
592,"[2, 71, 397, 398, 399, 368, 178]",7
593,"[0, 2, 388, 261, 71, 266, 396, 397, 398, 399, 275, 354, 231, 178]",14
594,"[0, 1, 2, 75, 397, 398, 399, 339, 106, 191]",10
595,"[0, 1, 2, 397, 398, 399, 336, 339, 222, 360, 106, 236, 365, 368, 178, 114]",16
596,"[0, 1, 2, 3, 7, 396, 397, 398, 399, 45, 194, 71, 75, 339, 346, 351, 101, 106, 373, 127]",20
597,"[0, 1, 2, 266, 12, 397, 398, 399, 339, 352, 106, 112]",12
598,"[0, 1, 2, 3, 266, 397, 398, 399, 185, 58, 61, 71, 335, 207, 339, 83, 106, 236, 365, 368]",20
599,"[0, 1, 2, 138, 397, 398, 399, 150, 28, 293, 178, 329, 339, 222, 227, 357, 106, 236, 368, 251]",20
600,"[0, 1, 2, 3, 132, 392, 139, 397, 398, 399, 174, 178, 62, 79, 339, 222, 223, 358, 361, 106, 236, 368]",22
601,"[0, 1, 2, 196, 71, 328, 397, 398, 399, 339, 160, 106, 235, 368, 178, 370, 125]",17
602,"[0, 1, 2, 3, 128, 9, 266, 12, 397, 398, 399, 153, 159, 290, 175, 178, 71, 72, 75, 205, 338, 339, 340, 342, 233, 106, 239, 368]",28
603,"[0, 2, 386, 71, 329, 138, 397, 398, 399, 144, 150, 232, 368]",13
604,"[0, 1, 2, 3, 397, 398, 399, 272, 29, 294, 40, 299, 178, 71, 336, 338, 339, 341, 346, 222, 356, 101, 362, 106, 236, 237, 368, 114]",28
605,"[0, 1, 2, 266, 139, 397, 398, 399, 81, 339, 159, 360, 106, 365, 368, 178]",16
606,"[0, 2, 132, 392, 397, 398, 79, 336, 399, 350, 223, 368, 178, 243, 114, 181]",16
607,"[0, 1, 2, 3, 384, 137, 138, 267, 266, 139, 398, 399, 397, 280, 292, 51, 194, 71, 74, 80, 337, 339, 88, 106, 123]",25
608,"[0, 1, 2, 3, 128, 266, 138, 397, 398, 399, 150, 155, 163, 169, 170, 185, 319, 329, 206, 207, 80, 339, 354, 357, 105, 106]",26
609,"[0, 1, 2, 384, 266, 138, 139, 397, 398, 399, 292, 178, 71, 80, 233, 106, 368, 370, 123]",19
610,"[0, 1, 2, 3, 388, 384, 71, 397, 398, 399, 224, 354, 99, 233, 368, 178, 123]",17
611,"[1, 2, 3, 268, 397, 398, 399, 280, 293, 63, 71, 329, 74, 337, 339, 222, 106, 236, 368]",19
612,"[0, 1, 2, 3, 388, 194, 70, 71, 265, 397, 398, 143, 399, 339, 159, 354, 106, 45]",18
613,"[0, 1, 2, 3, 388, 266, 397, 398, 399, 159, 36, 308, 339, 89, 222, 354, 357, 230, 106, 236, 367]",21
614,"[0, 1, 2, 262, 266, 397, 398, 399, 160, 178, 196, 71, 340, 233, 106, 235, 364, 368, 370, 245]",20
615,"[0, 1, 2, 193, 396, 397, 398, 399, 339, 149, 346, 162, 101, 106, 178, 373, 127]",17
616,"[0, 1, 2, 3, 194, 197, 71, 397, 398, 399, 339, 170, 106, 373, 252, 191]",16
617,"[0, 1, 2, 329, 138, 266, 74, 397, 398, 399, 339, 91, 106, 365, 368, 178, 316]",17
618,"[0, 1, 2, 3, 266, 397, 398, 399, 159, 36, 308, 339, 89, 222, 352, 357, 230, 106, 236, 367, 112]",21
619,"[1, 2, 106, 75, 397, 398, 399, 339]",8
620,"[0, 1, 2, 3, 194, 193, 71, 396, 397, 398, 399, 339, 346, 162, 101, 106, 373, 127]",18
621,"[0, 1, 2, 71, 329, 266, 138, 74, 397, 398, 399, 339, 106, 368, 178]",15
622,"[0, 1, 2, 261, 138, 266, 397, 398, 399, 150, 178, 71, 329, 339, 89, 357, 359, 106, 368, 381]",20
623,"[0, 2, 3, 194, 71, 329, 266, 75, 397, 398, 399, 89, 248]",13
624,"[0, 1, 2, 3, 396, 397, 398, 399, 162, 193, 194, 322, 71, 339, 346, 351, 101, 106, 127]",19
625,"[0, 1, 2, 384, 388, 262, 71, 265, 266, 397, 398, 143, 80, 399, 354, 245, 123]",17
626,"[0, 1, 2, 329, 138, 266, 74, 397, 398, 399, 339, 222, 227, 293, 106, 236, 368, 178]",18
627,"[0, 1, 2, 138, 397, 398, 399, 150, 28, 169, 178, 182, 71, 328, 329, 206, 339, 222, 357, 106, 236, 368, 372, 251, 125]",25
628,"[0, 2, 132, 392, 397, 398, 79, 399, 223, 361, 174, 368, 178, 181, 62]",15
629,"[0, 1, 2, 132, 392, 138, 397, 398, 399, 156, 178, 181, 79, 350, 223, 106, 368, 370, 243]",19
630,"[0, 1, 2, 266, 138, 397, 398, 399, 150, 36, 169, 170, 185, 71, 329, 206, 207, 339, 357, 102, 106, 368]",22
631,"[0, 1, 2, 196, 203, 75, 397, 398, 399, 339, 91, 106, 121, 62, 191]",15
632,"[0, 1, 2, 3, 194, 71, 266, 75, 138, 139, 398, 399, 80, 397, 339, 292, 106, 123]",18
633,"[0, 1, 2, 3, 194, 193, 71, 75, 396, 397, 398, 399, 339, 346, 161, 162, 106]",17
634,"[0, 1, 2, 3, 266, 13, 398, 399, 397, 283, 159, 165, 304, 178, 196, 325, 71, 75, 86, 106, 370]",21
635,"[0, 1, 2, 3, 194, 71, 74, 138, 397, 398, 399, 337, 339, 280, 88, 106, 170, 365]",18
636,"[0, 1, 2, 384, 71, 397, 398, 399, 361, 106, 368, 178, 370, 123, 62]",15
637,"[0, 2, 361, 397, 398, 399, 368, 178, 62]",9
638,"[0, 1, 2, 138, 397, 398, 399, 150, 166, 188, 71, 329, 339, 222, 232, 106, 236, 368, 375]",19
639,"[0, 1, 2, 3, 194, 71, 75, 397, 398, 399, 339, 91, 165, 106, 182, 55]",16
640,"[0, 1, 2, 3, 384, 266, 397, 398, 399, 159, 165, 178, 196, 71, 75, 335, 106, 365, 368, 370, 123]",21
641,"[0, 2, 388, 261, 71, 397, 398, 399, 275, 354, 231, 178]",12
642,"[0, 2, 266, 397, 398, 399, 29, 159, 165, 178, 314, 196, 71, 75, 338, 341, 356, 362, 237, 368]",20
643,"[0, 1, 2, 3, 388, 265, 266, 140, 397, 398, 143, 399, 178, 194, 199, 71, 329, 339, 89, 354, 106, 248]",22
644,"[0, 1, 2, 138, 397, 398, 399, 150, 284, 36, 71, 329, 202, 339, 222, 102, 232, 106, 236, 368]",20
645,"[0, 1, 2, 3, 5, 392, 266, 139, 138, 397, 398, 399, 178, 74, 79, 339, 222, 106, 236, 368, 243]",21
646,"[0, 1, 2, 266, 75, 12, 397, 398, 399, 339, 159, 352, 106, 112]",14
647,"[0, 1, 2, 3, 393, 138, 397, 398, 399, 19, 165, 178, 329, 339, 219, 352, 106, 110, 112, 368, 376, 382]",22
648,"[0, 1, 2, 384, 397, 398, 271, 399, 29, 45, 178, 182, 185, 71, 338, 341, 220, 352, 356, 362, 237, 368, 372, 116, 123]",25
649,"[0, 1, 2, 3, 194, 71, 397, 398, 399, 339, 150, 94, 37, 106, 43, 365, 373]",17
650,"[0, 2, 71, 329, 266, 138, 397, 398, 399, 150, 156, 36, 102, 232, 368]",15
651,"[0, 2, 71, 266, 397, 398, 399, 338, 341, 29, 356, 362, 237, 368, 178, 252]",16
652,"[0, 1, 2, 3, 266, 139, 397, 398, 399, 159, 178, 58, 316, 201, 335, 81, 339, 83, 349, 229, 106, 364, 365, 240, 368]",25
653,"[0, 1, 2, 388, 266, 396, 397, 398, 399, 153, 290, 178, 71, 205, 338, 340, 354, 233, 106, 239, 368, 370]",22
654,"[0, 1, 2, 71, 397, 398, 399, 361, 106, 368, 370, 178, 62]",13
655,"[0, 2, 266, 74, 12, 397, 398, 399, 337, 280, 88]",11
656,"[0, 1, 2, 3, 388, 265, 266, 397, 398, 143, 399, 150, 37, 43, 194, 196, 71, 339, 94, 354, 106, 365]",22
657,"[1, 2, 3, 397, 398, 399, 148, 344, 106, 365, 368, 370, 178, 316, 380]",15
658,"[0, 1, 2, 3, 194, 71, 75, 396, 397, 398, 399, 339, 346, 162, 101, 106, 303, 127]",18
659,"[0, 1, 2, 384, 266, 397, 398, 399, 29, 178, 198, 71, 329, 338, 341, 356, 362, 106, 237, 109, 368, 370, 123]",23
660,"[0, 1, 2, 3, 397, 398, 399, 278, 280, 292, 182, 186, 62, 194, 71, 74, 337, 339, 88, 106]",20
661,"[0, 1, 2, 329, 138, 397, 398, 399, 339, 28, 222, 167, 169, 106, 236, 178, 251]",17
662,"[0, 1, 2, 388, 266, 396, 397, 398, 399, 29, 178, 71, 338, 339, 341, 354, 356, 362, 106, 237, 368]",21
663,"[0, 1, 2, 3, 262, 266, 139, 268, 397, 398, 399, 273, 276, 278, 25, 293, 50, 311, 63, 71, 329, 74, 80, 339, 88, 89, 226, 231, 106, 364, 368, 245]",32
664,"[0, 385, 2, 71, 397, 398, 207, 399, 338, 352, 290, 368, 178, 182, 185]",15
665,"[0, 1, 2, 3, 67, 71, 397, 398, 399, 339, 21, 156, 362, 106, 368, 178]",16
666,"[0, 1, 2, 71, 329, 266, 138, 74, 397, 398, 399, 339, 106, 368, 178]",15
667,"[0, 1, 2, 138, 75, 397, 398, 399, 339, 219, 106, 51, 376]",13
668,"[0, 1, 2, 3, 194, 71, 74, 266, 397, 398, 399, 337, 339, 280, 89, 88, 106]",17
669,"[0, 2, 67, 71, 397, 398, 399, 156, 233, 368, 178]",11
670,"[0, 1, 2, 388, 71, 266, 396, 397, 398, 399, 339, 354, 233, 106, 368, 178]",16
671,"[0, 1, 2, 328, 137, 267, 397, 398, 399, 80, 339, 106, 368, 178, 372, 125]",16
672,"[0, 1, 2, 3, 384, 263, 138, 139, 397, 398, 399, 27, 178, 51, 71, 219, 99, 106, 368, 370, 376, 123, 252]",23
673,"[0, 2, 71, 265, 397, 398, 143, 399, 233, 368, 178]",11
674,"[0, 2, 71, 396, 397, 398, 399, 272, 346, 101, 303, 178, 127]",13
675,"[0, 1, 2, 3, 266, 397, 398, 399, 280, 36, 329, 74, 337, 339, 84, 88, 89, 222, 357, 230, 106, 236]",22
676,"[0, 1, 2, 3, 259, 266, 139, 397, 398, 399, 159, 178, 58, 328, 335, 81, 339, 91, 349, 222, 361, 106, 364, 365, 236, 368, 372, 374, 125]",29
677,"[0, 1, 2, 3, 392, 138, 139, 397, 398, 399, 174, 175, 178, 52, 333, 79, 339, 222, 358, 106, 236, 368]",22
678,"[0, 2, 71, 330, 397, 398, 399, 87, 88, 346, 162, 101, 303, 368, 178, 62]",16
679,"[0, 1, 2, 3, 257, 133, 138, 397, 398, 399, 280, 194, 71, 329, 74, 337, 339, 88, 219, 106, 249]",21
680,"[0, 1, 329, 138, 266, 397, 398, 399, 339, 106, 381]",11
681,"[0, 1, 2, 3, 194, 133, 388, 71, 265, 266, 329, 397, 398, 143, 399, 339, 354, 106]",18
682,"[0, 1, 2, 3, 384, 133, 388, 266, 397, 398, 399, 160, 321, 194, 196, 325, 71, 329, 73, 76, 339, 91, 222, 352, 106]",25
683,"[0, 1, 2, 196, 327, 71, 266, 139, 397, 398, 399, 339, 222, 226, 106, 236, 368, 178]",18
684,"[1, 2, 3, 71, 397, 398, 335, 399, 339, 222, 106, 236, 365, 368, 61]",15
685,"[1, 2, 3, 397, 398, 271, 399, 106, 368, 178, 370, 123]",12
686,"[0, 1, 2, 71, 137, 267, 397, 398, 399, 339, 222, 106, 236, 368, 178]",15
687,"[384, 1, 2, 71, 397, 398, 399, 159, 368, 178, 123]",11
688,"[1, 2, 3, 265, 397, 398, 271, 399, 29, 286, 178, 71, 338, 339, 341, 222, 99, 356, 362, 106, 236, 237, 368, 371, 123]",25
689,"[0, 1, 2, 384, 71, 397, 398, 399, 233, 170, 368, 178, 123]",13
690,"[0, 1, 2, 388, 7, 265, 75, 396, 397, 398, 143, 399, 339, 346, 222, 354, 106, 303]",18
691,"[1, 2, 397, 398, 399, 339, 222, 106, 368, 177, 178, 369]",12
692,"[0, 1, 2, 3, 268, 397, 398, 399, 311, 62, 63, 191, 196, 71, 75, 203, 339, 91, 106, 368, 121]",21
693,"[0, 1, 397, 398, 399, 339, 150, 357, 106, 370]",10
694,"[0, 1, 2, 3, 71, 264, 75, 397, 398, 399, 272, 339, 222, 106, 236, 368, 63]",17
695,"[0, 1, 2, 3, 194, 133, 71, 264, 329, 266, 75, 397, 398, 399, 272, 339, 106, 109]",18
696,"[0, 1, 2, 3, 133, 138, 397, 398, 399, 284, 161, 178, 180, 191, 194, 197, 71, 329, 78, 80, 339, 349, 222, 95, 229, 106, 252, 382]",28
697,"[2, 3, 71, 9, 397, 398, 399, 342, 106, 239, 175, 368, 178]",13
698,"[1, 2, 3, 194, 133, 71, 329, 397, 398, 399, 339, 220, 222, 292, 106, 123]",16
699,"[0, 2, 71, 266, 139, 397, 398, 399, 81, 286, 159, 368, 178, 371]",14
700,"[0, 1, 2, 3, 138, 397, 398, 399, 280, 329, 74, 337, 339, 84, 88, 219, 222, 106, 236]",19
701,"[0, 2, 71, 266, 397, 398, 399, 214, 286, 368, 178, 371]",12
702,"[0, 1, 2, 3, 194, 133, 71, 199, 329, 397, 398, 399, 339, 222, 106, 176, 373, 191]",18
703,"[0, 1, 2, 384, 264, 397, 398, 399, 272, 159, 178, 183, 71, 73, 206, 106, 115, 116, 123, 383]",20
704,"[1, 2, 3, 194, 133, 71, 329, 74, 397, 398, 399, 337, 339, 280, 88, 222, 106]",17
705,"[0, 1, 2, 3, 71, 266, 397, 398, 399, 342, 233, 106, 175, 368, 178, 370]",16
706,"[0, 1, 2, 3, 397, 398, 399, 149, 176, 64, 323, 199, 71, 336, 339, 222, 106, 368, 373]",19
707,"[0, 1, 2, 384, 266, 397, 398, 399, 28, 159, 169, 178, 194, 198, 74, 106, 235, 368, 370, 123]",20
708,"[0, 384, 2, 128, 397, 398, 399, 153, 178, 71, 75, 205, 77, 340, 86, 351, 233, 239, 368]",19
709,"[0, 1, 2, 3, 194, 133, 71, 329, 75, 397, 398, 399, 222, 107]",14
710,"[0, 1, 2, 3, 384, 133, 266, 397, 398, 399, 156, 51, 194, 71, 329, 339, 89, 222, 352, 106, 112]",21
711,"[0, 2, 3, 266, 139, 397, 398, 399, 368, 178]",10
712,"[0, 1, 2, 196, 327, 71, 266, 139, 397, 398, 399, 339, 20, 214, 91, 106, 368, 178]",18
713,"[0, 1, 2, 397, 398, 399, 157, 178, 63, 71, 329, 206, 80, 90, 95, 233, 106, 107, 368]",19
714,"[0, 1, 2, 71, 266, 397, 398, 399, 273, 339, 165, 38, 170, 106, 176, 368, 178]",17
715,"[0, 1, 2, 393, 397, 398, 399, 29, 178, 71, 74, 338, 339, 341, 356, 362, 106, 237, 368]",19
716,"[0, 1, 2, 3, 268, 397, 398, 399, 280, 292, 311, 63, 71, 74, 80, 337, 339, 88, 222, 106, 236, 368, 123]",23
717,"[0, 1, 2, 3, 9, 266, 397, 398, 399, 37, 175, 178, 199, 71, 74, 339, 342, 94, 233, 106, 235, 368, 370]",23
718,"[0, 1, 2, 329, 266, 138, 397, 398, 399, 339, 150, 278, 357, 106, 365, 368, 178]",17
719,"[0, 1, 2, 3, 9, 397, 398, 399, 159, 175, 178, 71, 329, 339, 342, 94, 106, 107, 239, 368, 370]",21
720,"[0, 1, 2, 3, 133, 262, 266, 138, 397, 398, 399, 176, 314, 194, 199, 71, 329, 80, 339, 222, 106, 364, 245, 373]",24
721,"[0, 1, 2, 3, 128, 397, 398, 399, 339, 354, 106, 368, 178]",13
722,"[0, 1, 2, 397, 398, 399, 339, 28, 222, 106, 236, 368, 178, 251]",14
723,"[0, 385, 2, 3, 258, 266, 139, 141, 398, 399, 397, 150, 155, 163, 292, 168, 185, 319, 329, 335, 80, 207, 88, 357, 365]",25
724,"[0, 1, 2, 384, 392, 397, 398, 399, 159, 178, 71, 200, 330, 88, 101, 106, 368, 370, 123]",19
725,"[0, 1, 2, 3, 266, 397, 398, 399, 178, 71, 330, 75, 339, 88, 222, 101, 106, 236, 368, 123]",20
726,"[0, 1, 2, 329, 138, 397, 398, 399, 339, 222, 106, 236, 368, 178]",14
727,"[0, 1, 2, 3, 194, 258, 329, 138, 139, 397, 398, 399, 339, 106, 235, 368, 178, 123]",18
728,"[0, 1, 2, 71, 397, 398, 207, 399, 368, 178, 372, 185]",12
729,"[0, 1, 2, 139, 397, 398, 399, 81, 339, 349, 222, 106, 364, 365, 236, 368, 178]",17
730,"[0, 1, 2, 3, 397, 398, 399, 153, 157, 178, 63, 71, 329, 206, 80, 211, 346, 90, 95, 233, 106, 107, 368]",23
731,"[0, 1, 2, 128, 397, 398, 399, 153, 178, 314, 315, 71, 338, 339, 340, 233, 106, 239, 368]",19
732,"[0, 1, 2, 3, 329, 138, 397, 398, 399, 80, 339, 84, 222, 106, 236, 178, 190]",17
733,"[0, 1, 2, 328, 9, 76, 397, 398, 399, 339, 94, 37, 106, 368, 178, 370, 246]",17
734,"[0, 1, 2, 138, 74, 331, 397, 398, 399, 80, 337, 339, 88, 222, 106, 376, 190]",17
735,"[0, 1, 2, 3, 385, 138, 397, 398, 399, 17, 40, 178, 67, 71, 333, 336, 213, 219, 106, 376]",20
736,"[0, 1, 2, 71, 330, 397, 398, 399, 339, 88, 222, 101, 166, 106, 368, 375, 188, 190]",18
737,"[0, 2, 71, 266, 397, 398, 399, 273, 156, 165, 38, 233, 368, 178]",14
738,"[0, 1, 2, 384, 397, 398, 399, 178, 63, 71, 329, 80, 95, 233, 106, 107, 368, 370, 123]",19
739,"[0, 1, 2, 266, 139, 397, 398, 399, 159, 178, 316, 201, 81, 339, 222, 229, 106, 236, 365, 368]",20
740,"[0, 1, 2, 3, 329, 138, 397, 398, 399, 339, 344, 222, 356, 106, 236, 368, 178, 60]",18
741,"[0, 1, 2, 71, 397, 398, 207, 399, 339, 106, 368, 178, 185]",13
742,"[0, 1, 258, 266, 139, 397, 398, 399, 339, 106, 185]",11
743,"[0, 1, 2, 3, 259, 133, 138, 397, 398, 399, 303, 194, 71, 73, 329, 75, 80, 339, 222, 361, 106, 372]",22
744,"[0, 1, 2, 71, 329, 266, 138, 397, 398, 399, 339, 222, 106, 236, 368, 178, 381]",17
745,"[2, 71, 397, 398, 399, 368, 178]",7
746,"[0, 2, 71, 329, 138, 397, 398, 399, 368, 178]",10
747,"[0, 385, 2, 3, 71, 265, 266, 397, 398, 335, 143, 399, 165, 168, 365, 368, 178]",17
748,"[0, 1, 2, 3, 128, 392, 266, 139, 397, 398, 399, 159, 178, 181, 81, 339, 349, 354, 364, 368]",20
749,"[0, 1, 2, 3, 384, 397, 398, 399, 153, 157, 178, 71, 329, 206, 346, 90, 95, 233, 106, 107, 368, 123]",22
750,"[1, 2, 3, 194, 133, 71, 329, 74, 397, 398, 399, 337, 339, 88, 222, 106]",16
751,"[0, 2, 71, 266, 397, 398, 399, 338, 277, 341, 356, 292, 238, 368, 178]",15
752,"[0, 2, 71, 397, 398, 399, 273, 156, 38, 368, 178]",11
753,"[0, 1, 2, 3, 329, 74, 397, 398, 399, 80, 337, 84, 88, 372]",14
754,"[0, 1, 2, 3, 388, 393, 397, 398, 399, 176, 190, 199, 329, 75, 339, 84, 222, 354, 106, 236]",20
755,"[0, 1, 2, 261, 71, 265, 266, 397, 398, 143, 399, 275, 165, 231, 368, 178, 372]",17
756,"[0, 1, 2, 3, 133, 393, 397, 398, 399, 176, 194, 199, 71, 329, 75, 339, 222, 352, 106, 112, 372]",21
757,"[0, 2, 3, 71, 397, 398, 207, 399, 342, 220, 106, 175, 368, 178, 120, 185]",16
758,"[0, 128, 2, 3, 392, 266, 139, 397, 398, 399, 81, 159, 354, 368, 178, 181]",16
759,"[0, 385, 2, 3, 71, 265, 266, 397, 398, 335, 143, 399, 165, 168, 365, 368, 178]",17
760,"[0, 1, 2, 3, 133, 138, 397, 398, 399, 194, 71, 329, 75, 336, 339, 219, 222, 106, 372]",19
761,"[2, 71, 233, 397, 398, 399, 368, 178]",8
762,"[0, 1, 2, 329, 138, 397, 398, 399, 339, 106, 365, 368, 178, 372]",14
763,"[0, 1, 2, 329, 266, 138, 397, 398, 399, 339, 222, 106, 236, 368, 178, 381]",16
764,"[0, 1, 2, 71, 266, 74, 204, 397, 398, 399, 80, 368, 178, 372]",14
765,"[0, 1, 2, 71, 397, 398, 207, 399, 339, 106, 368, 178, 372, 185]",14
766,"[0, 2, 71, 329, 138, 397, 398, 399, 36, 102, 368]",11
767,"[1, 2, 71, 397, 398, 399, 339, 106, 178, 370]",10
768,"[0, 1, 2, 3, 266, 138, 397, 398, 399, 178, 60, 329, 339, 344, 222, 356, 106, 236, 368, 381]",20
769,"[0, 1, 2, 3, 388, 266, 397, 398, 399, 217, 354, 111, 368, 370, 307, 182, 186]",17
770,"[0, 1, 2, 3, 384, 133, 138, 397, 398, 399, 190, 194, 71, 329, 75, 331, 336, 339, 219, 222, 106]",21
771,"[0, 1, 2, 3, 384, 133, 388, 138, 12, 397, 398, 399, 303, 314, 194, 325, 71, 73, 329, 75, 80, 339, 220, 222, 101, 106]",26
772,"[0, 1, 2, 3, 388, 138, 12, 397, 398, 399, 36, 303, 178, 314, 190, 325, 73, 329, 80, 339, 84, 87, 220, 222, 357, 101, 106, 236]",28
773,"[0, 1, 2, 71, 329, 138, 266, 397, 398, 399, 339, 156, 222, 36, 102, 106, 368]",17
774,"[0, 1, 2, 384, 75, 331, 397, 398, 399, 273, 339, 222, 106, 43, 365]",15
775,"[0, 1, 2, 3, 132, 262, 266, 397, 398, 399, 156, 157, 296, 172, 178, 310, 67, 71, 92, 99, 364, 368, 245, 124]",24
776,"[0, 1, 2, 3, 128, 258, 266, 139, 141, 397, 398, 399, 163, 185, 190, 319, 329, 207, 339, 222, 354, 106]",22
777,"[0, 1, 2, 259, 397, 398, 399, 219, 32, 37, 174, 368, 114, 178, 125]",15
778,"[0, 1, 2, 329, 266, 138, 397, 398, 399, 339, 278, 222, 106, 236, 368, 178, 190]",17
779,"[0, 1, 2, 259, 266, 397, 398, 399, 37, 174, 178, 185, 71, 339, 220, 106, 368, 113, 372, 116]",20
780,"[0, 1, 2, 3, 133, 397, 398, 399, 273, 298, 43, 194, 71, 329, 339, 222, 106, 365, 378]",19
781,"[0, 1, 2, 71, 397, 398, 399, 219, 368, 114, 178, 370]",12
782,"[0, 1, 2, 385, 137, 74, 266, 267, 397, 398, 399, 80, 339, 37, 106, 368, 370, 178]",18
783,"[0, 1, 2, 3, 384, 133, 265, 397, 398, 399, 37, 194, 71, 329, 75, 339, 217, 222, 106, 372]",20
784,"[0, 1, 2, 3, 133, 137, 138, 267, 397, 398, 399, 51, 308, 314, 194, 71, 329, 74, 337, 339, 88, 219, 222, 230, 106, 245, 376]",27
785,"[0, 1, 2, 266, 397, 398, 399, 339, 37, 106, 368, 178, 372, 252, 125]",15
786,"[0, 1, 2, 266, 138, 397, 398, 399, 32, 37, 178, 329, 339, 222, 106, 236, 368, 372, 125, 381]",20
787,"[0, 1, 194, 3, 133, 71, 329, 397, 398, 399, 273, 339, 222, 37, 106, 43, 365]",17
788,"[0, 1, 2, 3, 259, 268, 396, 398, 397, 399, 37, 311, 63, 71, 336, 337, 339, 88, 222, 361, 106, 236, 238, 368, 120, 127]",26
789,"[0, 1, 2, 138, 397, 398, 399, 153, 156, 37, 178, 71, 339, 346, 233, 106, 365, 368, 370]",19
790,"[0, 1, 2, 329, 266, 138, 397, 398, 399, 339, 278, 222, 106, 368, 178, 190]",16
791,"[0, 1, 2, 3, 266, 138, 397, 398, 399, 21, 278, 37, 178, 71, 329, 339, 341, 222, 106, 368]",20
792,"[0, 1, 2, 3, 133, 262, 137, 138, 267, 266, 139, 398, 397, 399, 292, 51, 186, 194, 71, 73, 329, 337, 339, 86, 88, 222, 106, 364, 245, 123, 126]",31
793,"[0, 1, 2, 71, 266, 397, 398, 399, 37, 368, 178, 372]",12
794,"[0, 1, 2, 397, 398, 399, 166, 188, 190, 71, 201, 339, 219, 222, 229, 106, 368, 114, 375]",19
795,"[0, 1, 2, 71, 329, 138, 397, 398, 399, 339, 222, 37, 106, 236, 368, 178]",16
796,"[0, 1, 2, 262, 137, 266, 267, 138, 397, 398, 139, 399, 292, 51, 186, 190, 73, 337, 339, 86, 88, 92, 222, 106, 364, 245, 123, 126]",28
797,"[0, 1, 2, 3, 388, 133, 397, 398, 399, 280, 37, 194, 71, 329, 331, 339, 86, 222, 354, 106, 365, 118]",22
798,"[0, 1, 2, 3, 388, 133, 256, 266, 395, 397, 398, 399, 37, 194, 71, 329, 331, 339, 86, 222, 354, 106]",22
799,"[0, 1, 2, 3, 384, 133, 137, 267, 397, 398, 399, 159, 170, 51, 194, 70, 71, 329, 339, 222, 106]",21
800,"[0, 1, 2, 71, 329, 138, 397, 398, 399, 29, 37, 362, 368, 178, 310, 124]",16
801,"[0, 1, 2, 137, 267, 397, 270, 399, 398, 278, 37, 178, 328, 76, 80, 339, 106, 107, 368, 370]",20
802,"[0, 1, 2, 3, 256, 384, 194, 71, 266, 75, 395, 397, 398, 399, 339, 159, 37, 372]",18
803,"[0, 1, 2, 393, 397, 398, 399, 273, 37, 38, 176, 178, 310, 71, 199, 339, 222, 106, 236, 368, 372, 124]",22
804,"[0, 1, 3, 138, 268, 397, 398, 399, 156, 37, 304, 311, 63, 71, 339, 222, 106, 236, 365, 368, 372, 116]",22
805,"[0, 1, 2, 71, 329, 138, 266, 397, 398, 399, 339, 278, 222, 37, 106, 236, 368, 178]",18
806,"[0, 1, 2, 3, 261, 266, 138, 397, 398, 399, 278, 37, 169, 178, 183, 316, 328, 329, 339, 106, 365, 368, 372, 383]",24
807,"[0, 1, 2, 3, 265, 266, 397, 398, 399, 279, 156, 178, 308, 185, 71, 207, 338, 339, 341, 222, 99, 356, 106, 368, 245, 120, 123]",27
808,"[0, 1, 2, 71, 397, 398, 399, 339, 159, 37, 233, 106, 368, 178, 372]",15
809,"[0, 1, 2, 3, 259, 258, 385, 266, 141, 398, 399, 397, 155, 34, 163, 37, 168, 174, 185, 58, 319, 329, 335, 80, 207, 83, 88, 221, 105, 365]",30
810,"[0, 1, 2, 3, 391, 9, 266, 265, 397, 398, 399, 283, 178, 310, 321, 199, 71, 335, 343, 217, 91, 99, 106, 235, 365, 368, 370, 124]",28
811,"[0, 1, 2, 3, 137, 397, 398, 399, 278, 153, 283, 37, 175, 178, 71, 332, 80, 339, 340, 342, 217, 95, 233, 106, 368, 370]",26
812,"[0, 1, 2, 385, 392, 397, 398, 399, 37, 178, 181, 67, 333, 79, 339, 220, 106, 368, 370]",19
813,"[0, 1, 2, 3, 71, 266, 397, 398, 399, 339, 342, 37, 106, 175, 368, 370, 178, 252]",18
814,"[0, 1, 2, 3, 138, 266, 397, 398, 399, 156, 37, 178, 52, 194, 329, 210, 339, 106, 235, 368, 372, 123]",22
815,"[0, 1, 2, 3, 389, 266, 397, 398, 399, 283, 32, 37, 178, 185, 207, 339, 217, 106, 368, 370, 120, 123, 125]",23
816,"[0, 1, 2, 384, 397, 398, 399, 37, 178, 71, 75, 338, 339, 341, 86, 351, 356, 106, 368, 372]",20
817,"[0, 1, 2, 3, 384, 265, 397, 398, 399, 153, 283, 178, 71, 75, 332, 340, 217, 346, 95, 99, 233, 106, 368, 370]",24
818,"[0, 1, 2, 3, 384, 133, 397, 398, 399, 280, 159, 37, 194, 197, 71, 329, 203, 339, 222, 106, 127]",21
819,"[0, 1, 2, 3, 129, 131, 13, 397, 15, 398, 17, 399, 283, 178, 187, 71, 329, 331, 206, 336, 213, 86, 219, 231, 106, 370, 249]",27
820,"[0, 1, 2, 3, 259, 133, 137, 267, 397, 398, 399, 37, 51, 194, 71, 329, 339, 86, 219, 222, 351, 106, 238, 372, 249]",25
821,"[0, 1, 2, 259, 265, 266, 397, 398, 399, 283, 37, 174, 178, 331, 339, 214, 217, 106, 365, 368, 372, 374]",22
822,"[0, 1, 2, 3, 259, 132, 389, 262, 266, 397, 398, 399, 283, 37, 174, 178, 185, 71, 331, 207, 338, 339, 341, 217, 356, 106, 364, 368, 372, 245]",30
823,"[0, 1, 2, 3, 133, 266, 395, 139, 397, 398, 399, 38, 186, 190, 194, 71, 329, 80, 339, 217, 222, 106, 372]",23
824,"[0, 1, 2, 325, 329, 266, 265, 331, 397, 398, 399, 339, 217, 283, 37, 106, 370, 185]",18
825,"[0, 1, 2, 259, 392, 265, 139, 397, 398, 399, 283, 37, 174, 178, 181, 79, 81, 339, 106, 368, 372]",21
826,"[0, 1, 2, 265, 266, 397, 398, 399, 278, 283, 178, 194, 325, 331, 217, 99, 106, 235, 368, 370]",20
827,"[0, 1, 2, 3, 137, 267, 397, 398, 399, 36, 296, 176, 51, 190, 329, 75, 339, 84, 222, 357, 106, 107, 236, 372]",24
828,"[0, 1, 2, 3, 133, 7, 397, 398, 399, 190, 194, 71, 329, 336, 339, 222, 229, 106, 372, 382]",20
829,"[0, 1, 2, 3, 261, 139, 397, 398, 399, 146, 20, 37, 178, 316, 327, 206, 339, 344, 222, 106, 236, 365, 368, 372, 383]",25
830,"[0, 1, 2, 388, 391, 265, 139, 397, 398, 399, 283, 178, 310, 325, 71, 81, 343, 99, 106, 368, 370, 124]",22
831,"[0, 1, 2, 3, 138, 395, 397, 398, 399, 149, 38, 296, 314, 190, 323, 71, 339, 222, 106, 368, 372]",21
832,"[0, 1, 2, 3, 388, 266, 138, 397, 398, 399, 283, 156, 37, 180, 194, 329, 339, 86, 106, 372, 377]",21
833,"[0, 1, 2, 3, 259, 138, 12, 397, 398, 399, 170, 307, 314, 190, 73, 331, 207, 339, 217, 222, 361, 106, 111, 372]",24
834,"[0, 1, 2, 3, 133, 7, 266, 395, 397, 398, 399, 272, 38, 190, 194, 71, 329, 339, 222, 106, 115, 372]",22
835,"[0, 1, 2, 388, 397, 398, 399, 277, 283, 37, 178, 310, 71, 73, 339, 361, 106, 238, 368, 372, 124]",21
836,"[0, 1, 2, 3, 397, 398, 270, 399, 156, 36, 170, 185, 62, 190, 325, 329, 339, 84, 211, 222, 352, 357, 106, 107, 236, 112, 372]",27
837,"[0, 1, 2, 3, 265, 13, 397, 398, 143, 399, 26, 178, 71, 329, 230, 233, 106, 368, 370]",19
838,"[0, 1, 2, 3, 265, 266, 397, 398, 399, 278, 283, 37, 300, 178, 56, 315, 71, 331, 339, 343, 217, 222, 100, 106, 236, 368, 370, 372, 246]",29
839,"[0, 2, 3, 388, 266, 13, 398, 399, 397, 273, 153, 26, 35, 178, 185, 71, 329, 332, 207, 340, 217, 346, 220, 95, 352, 230, 233, 368, 120]",29
840,"[0, 1, 2, 3, 133, 7, 266, 395, 397, 398, 399, 272, 37, 38, 194, 71, 329, 339, 222, 106, 372]",21
841,"[0, 1, 2, 3, 388, 392, 265, 12, 397, 398, 399, 153, 283, 37, 41, 175, 176, 178, 51, 315, 317, 71, 332, 339, 340, 342, 217, 346, 95, 233, 106, 368, 370]",33
842,"[0, 1, 2, 3, 385, 266, 139, 397, 398, 399, 277, 284, 168, 41, 58, 61, 190, 71, 335, 339, 83, 222, 226, 359, 106, 236, 365, 367, 368, 372]",30
843,"[0, 1, 2, 3, 388, 265, 12, 397, 398, 399, 153, 26, 283, 37, 176, 178, 51, 315, 71, 339, 217, 346, 230, 233, 106, 368, 370]",27
844,"[0, 1, 2, 3, 265, 266, 268, 397, 398, 399, 276, 25, 283, 37, 311, 63, 71, 74, 339, 217, 106, 368, 372]",23
845,"[0, 1, 2, 266, 397, 398, 399, 157, 159, 37, 178, 325, 71, 329, 80, 339, 106, 107, 368, 372]",20
846,"[0, 1, 2, 265, 266, 397, 398, 399, 283, 36, 37, 46, 175, 185, 71, 339, 217, 102, 106, 368, 372]",21
847,"[0, 1, 2, 3, 5, 265, 397, 398, 143, 399, 153, 178, 71, 331, 332, 209, 340, 346, 95, 230, 233, 106, 365, 368, 370]",25
848,"[0, 1, 2, 3, 259, 388, 265, 139, 11, 397, 12, 399, 398, 283, 32, 37, 174, 176, 50, 178, 51, 315, 73, 339, 217, 231, 106, 368, 125]",29
849,"[0, 1, 2, 3, 265, 397, 398, 399, 283, 37, 178, 56, 71, 217, 219, 222, 99, 106, 236, 368, 113, 370, 376]",23
850,"[0, 1, 2, 8, 139, 397, 398, 399, 20, 37, 178, 324, 71, 339, 222, 106, 236, 368, 372]",19
851,"[0, 1, 2, 3, 137, 267, 397, 398, 399, 156, 51, 190, 194, 71, 80, 339, 222, 106, 365, 372]",20
852,"[0, 1, 2, 3, 9, 266, 267, 265, 397, 398, 399, 279, 25, 283, 37, 175, 178, 183, 317, 71, 74, 337, 339, 342, 217, 106, 368, 372, 383]",29
853,"[0, 1, 194, 3, 257, 70, 71, 393, 397, 398, 399, 339, 86, 222, 106, 176, 372, 190]",18
854,"[0, 1, 2, 3, 8, 265, 139, 397, 398, 399, 148, 283, 37, 178, 316, 324, 327, 339, 344, 217, 106, 365, 368, 370, 380]",25
855,"[0, 1, 2, 3, 384, 265, 397, 398, 399, 283, 159, 37, 194, 71, 75, 339, 217, 219, 106, 113, 372, 376]",22
856,"[0, 1, 2, 71, 397, 398, 399, 339, 220, 35, 37, 106, 368, 178, 372, 310, 185, 124]",18
857,"[0, 1, 2, 3, 384, 397, 398, 399, 51, 190, 321, 194, 71, 80, 339, 222, 106, 235, 365, 372]",20
858,"[0, 1, 2, 3, 194, 71, 73, 329, 397, 398, 399, 339, 222, 37, 106, 107, 372, 315]",18
859,"[0, 1, 2, 3, 392, 138, 12, 397, 398, 399, 26, 40, 41, 303, 178, 185, 314, 71, 73, 87, 101, 233, 106, 368]",24
860,"[1, 2, 391, 71, 265, 397, 398, 399, 343, 217, 283, 99, 106, 368, 178, 370]",16
861,"[0, 1, 2, 384, 265, 266, 397, 398, 399, 283, 37, 51, 321, 339, 217, 351, 106, 235, 372]",19
862,"[0, 1, 2, 259, 196, 324, 8, 266, 397, 398, 399, 339, 37, 106, 174, 368, 178]",17
863,"[0, 1, 2, 3, 258, 138, 266, 139, 397, 398, 399, 154, 37, 176, 181, 59, 71, 329, 333, 339, 85, 222, 106, 368, 372, 381]",26
864,"[0, 1, 2, 3, 265, 266, 397, 398, 399, 21, 278, 283, 37, 178, 71, 339, 341, 217, 106, 368, 372]",21
865,"[0, 1, 2, 3, 194, 71, 265, 73, 397, 398, 399, 339, 217, 222, 106, 372, 190]",17
866,"[0, 1, 2, 259, 261, 265, 266, 397, 398, 399, 283, 37, 174, 178, 71, 74, 339, 214, 217, 89, 106, 368]",22
867,"[0, 1, 2, 3, 138, 395, 397, 398, 399, 21, 29, 37, 48, 178, 326, 71, 329, 210, 339, 222, 362, 106, 240, 368, 372]",25
868,"[0, 1, 2, 3, 262, 266, 138, 397, 398, 143, 399, 156, 36, 314, 190, 71, 73, 329, 339, 84, 222, 357, 101, 106, 364, 372, 245, 373, 126]",29
869,"[0, 1, 2, 265, 266, 397, 398, 399, 283, 156, 37, 178, 308, 71, 339, 217, 106, 368, 372, 245]",20
870,"[1, 2, 3, 265, 397, 398, 399, 29, 178, 181, 190, 71, 339, 90, 222, 99, 362, 106, 236, 368, 372, 123]",22
871,"[0, 1, 2, 259, 265, 397, 398, 399, 283, 37, 174, 178, 310, 71, 336, 339, 219, 349, 106, 364, 368, 114, 124]",23
872,"[0, 1, 2, 391, 265, 266, 397, 398, 399, 283, 37, 178, 310, 327, 71, 339, 343, 217, 106, 368, 370, 124]",22
873,"[0, 1, 2, 3, 385, 265, 266, 139, 397, 398, 399, 145, 283, 37, 168, 178, 316, 71, 74, 335, 339, 217, 106, 365, 368, 372]",26
874,"[0, 1, 2, 3, 262, 265, 138, 266, 397, 398, 399, 283, 156, 37, 194, 71, 73, 80, 339, 217, 101, 106, 364, 372, 245, 126]",26
875,"[0, 1, 2, 389, 137, 266, 267, 397, 398, 399, 278, 25, 157, 190, 70, 74, 76, 80, 337, 339, 220, 92, 94, 222, 106, 372, 383]",27
876,"[0, 1, 2, 3, 130, 385, 391, 266, 139, 397, 398, 399, 145, 285, 37, 168, 178, 71, 74, 335, 339, 222, 224, 106, 236, 365, 368, 372]",28
877,"[1, 2, 3, 5, 71, 397, 398, 399, 209, 230, 233, 106, 365, 368, 178, 370]",16
878,"[0, 1, 2, 3, 266, 397, 398, 399, 159, 37, 304, 55, 194, 71, 331, 333, 339, 86, 106, 112, 368, 372]",22
879,"[0, 1, 2, 3, 384, 138, 268, 397, 398, 399, 311, 190, 63, 339, 219, 222, 106, 236, 368, 372]",20
880,"[0, 1, 2, 3, 259, 5, 265, 266, 397, 398, 399, 283, 37, 174, 178, 196, 71, 209, 339, 217, 230, 106, 365, 368, 372]",25
881,"[0, 1, 2, 3, 71, 138, 331, 12, 397, 398, 399, 80, 26, 292, 106, 178, 370, 185]",18
882,"[0, 1, 2, 3, 138, 12, 397, 398, 399, 37, 185, 194, 71, 329, 80, 339, 222, 106, 107, 372]",20
883,"[0, 1, 2, 3, 257, 138, 397, 270, 143, 399, 398, 36, 190, 71, 329, 339, 84, 222, 357, 106, 236, 365, 113, 372]",24
884,"[0, 1, 2, 3, 259, 137, 138, 266, 267, 397, 398, 399, 265, 25, 283, 37, 174, 178, 183, 70, 71, 74, 76, 332, 337, 209, 339, 89, 217, 94, 106, 365, 368, 372, 383]",35
885,"[0, 1, 2, 266, 138, 397, 398, 399, 156, 287, 37, 166, 178, 65, 71, 329, 339, 222, 102, 106, 236, 368, 372, 375]",24
886,"[0, 1, 2, 3, 128, 265, 266, 397, 398, 399, 283, 37, 178, 196, 332, 339, 214, 217, 354, 106, 368, 114, 372]",23
887,"[0, 1, 2, 3, 256, 5, 397, 398, 399, 37, 174, 178, 71, 209, 339, 230, 233, 106, 365, 368]",20
888,"[0, 1, 2, 3, 259, 137, 266, 267, 265, 397, 398, 399, 279, 25, 283, 29, 37, 174, 178, 183, 71, 74, 76, 80, 209, 337, 339, 217, 94, 362, 106, 365, 368, 383]",34
889,"[0, 1, 2, 3, 266, 139, 397, 398, 399, 165, 178, 60, 190, 69, 75, 81, 339, 222, 229, 106, 236, 365, 368, 372, 382]",25
890,"[0, 1, 2, 3, 266, 139, 397, 398, 399, 305, 50, 178, 190, 327, 339, 91, 222, 231, 106, 236, 368, 372, 383]",23
891,"[0, 1, 2, 3, 384, 265, 266, 268, 396, 397, 398, 399, 283, 164, 37, 45, 311, 190, 63, 336, 339, 217, 351, 106, 368, 372]",26
892,"[0, 1, 2, 386, 265, 266, 138, 397, 398, 399, 144, 283, 156, 287, 37, 302, 178, 64, 65, 71, 329, 339, 217, 106, 368, 372]",26
893,"[0, 1, 2, 3, 133, 391, 264, 397, 398, 399, 272, 37, 165, 170, 180, 187, 194, 71, 80, 339, 222, 106, 372, 383]",24
894,"[0, 1, 2, 397, 398, 399, 146, 37, 178, 329, 206, 339, 348, 222, 106, 236, 365, 368, 372]",19
895,"[0, 1, 2, 384, 138, 397, 270, 398, 399, 51, 190, 321, 339, 222, 106, 235, 365, 372, 116]",19
896,"[0, 1, 2, 3, 389, 265, 138, 139, 397, 270, 398, 399, 283, 306, 178, 71, 217, 226, 99, 229, 106, 107, 365, 368, 370, 116, 117]",27
897,"[0, 1, 2, 3, 266, 139, 397, 398, 399, 278, 37, 178, 50, 339, 222, 231, 106, 236, 368, 372]",20
898,"[0, 1, 3, 266, 397, 398, 399, 339, 86, 156, 37, 106, 372, 377]",14
899,"[0, 1, 2, 3, 259, 5, 265, 397, 398, 399, 283, 160, 37, 174, 178, 321, 196, 71, 332, 209, 339, 89, 217, 91, 230, 106, 235, 365, 368]",29
900,"[0, 1, 3, 138, 397, 270, 398, 399, 188, 190, 329, 339, 222, 106, 107, 365, 110, 113, 116, 372]",20
901,"[0, 1, 2, 3, 265, 266, 397, 398, 399, 283, 37, 178, 71, 74, 339, 217, 222, 106, 236, 368]",20
902,"[0, 1, 2, 397, 398, 399, 283, 37, 178, 310, 67, 71, 339, 217, 220, 106, 368, 372, 124]",19
903,"[0, 1, 2, 3, 194, 257, 71, 329, 397, 398, 207, 399, 339, 222, 106, 107, 372, 190]",18
904,"[0, 1, 2, 3, 265, 266, 397, 398, 399, 21, 283, 37, 178, 196, 71, 74, 332, 339, 341, 214, 217, 89, 106, 368, 372]",25
905,"[0, 1, 2, 259, 265, 266, 397, 398, 399, 283, 37, 174, 178, 71, 339, 217, 91, 106, 368]",19
906,"[0, 1, 2, 3, 128, 265, 266, 397, 398, 399, 283, 37, 178, 332, 339, 217, 91, 354, 106, 368, 114, 372]",22
907,"[1, 2, 3, 5, 265, 397, 398, 399, 283, 37, 178, 71, 332, 209, 339, 217, 89, 230, 106, 365, 368, 372]",22
908,"[0, 1, 2, 3, 257, 397, 398, 399, 37, 178, 194, 198, 71, 329, 207, 80, 339, 222, 106, 372, 382]",21
909,"[0, 1, 2, 266, 397, 398, 399, 29, 159, 37, 178, 71, 339, 222, 362, 106, 236, 368, 372]",19
910,"[0, 1, 2, 384, 397, 398, 399, 190, 62, 196, 198, 329, 339, 91, 222, 228, 106, 372, 378]",19
911,"[0, 1, 2, 3, 266, 138, 397, 398, 399, 278, 37, 178, 329, 339, 86, 348, 106, 365, 368, 372, 374, 377]",22
912,"[0, 1, 2, 3, 138, 266, 397, 398, 399, 283, 37, 170, 178, 181, 329, 206, 339, 217, 90, 106, 368, 369, 372, 123]",24
913,"[0, 1, 2, 3, 384, 138, 397, 398, 399, 292, 304, 180, 309, 190, 194, 196, 71, 80, 339, 91, 222, 106, 372, 378]",24
914,"[0, 1, 2, 259, 265, 266, 138, 397, 398, 399, 283, 156, 36, 37, 174, 71, 329, 339, 217, 106, 368]",21
915,"[0, 1, 2, 3, 266, 396, 397, 398, 399, 149, 281, 156, 164, 40, 45, 178, 190, 194, 71, 336, 339, 222, 351, 106, 364, 372, 249, 378, 127]",29
916,"[0, 1, 2, 3, 384, 265, 266, 396, 268, 398, 397, 399, 283, 164, 37, 40, 45, 311, 190, 63, 336, 339, 217, 351, 106, 364, 368, 372, 249]",29
917,"[0, 1, 3, 138, 397, 270, 398, 399, 188, 190, 329, 339, 222, 106, 107, 365, 110, 116, 372]",19
918,"[0, 1, 2, 3, 257, 138, 397, 270, 398, 399, 190, 194, 71, 207, 339, 222, 106, 365, 116, 372]",20
919,"[0, 1, 2, 3, 266, 139, 397, 398, 399, 305, 178, 50, 190, 327, 339, 91, 222, 231, 106, 236, 368, 372, 383]",23
920,"[0, 1, 2, 3, 5, 139, 397, 398, 399, 37, 165, 178, 314, 71, 332, 209, 338, 81, 339, 89, 349, 229, 230, 106, 364, 365, 368, 372, 382]",29
921,"[1, 2, 3, 71, 397, 398, 399, 339, 21, 37, 362, 106, 368, 178, 372]",15
922,"[0, 1, 2, 266, 397, 398, 399, 283, 37, 178, 316, 71, 328, 74, 339, 217, 106, 365, 368, 372]",20
923,"[0, 1, 2, 259, 265, 266, 397, 398, 399, 273, 283, 37, 38, 174, 176, 178, 51, 71, 339, 217, 106, 368, 373, 252]",24
924,"[1, 2, 391, 71, 265, 397, 398, 399, 343, 217, 283, 99, 106, 368, 370, 178, 310, 124]",18
925,"[0, 1, 2, 3, 262, 392, 137, 266, 267, 265, 397, 142, 399, 398, 26, 283, 37, 41, 178, 71, 74, 332, 337, 339, 340, 217, 95, 233, 106, 364, 368, 370, 245, 383]",34
926,"[0, 1, 2, 3, 5, 266, 397, 398, 399, 153, 165, 178, 71, 209, 346, 230, 233, 106, 365, 239, 368, 370]",22
927,"[1, 2, 3, 5, 71, 332, 397, 398, 399, 209, 89, 230, 106, 365, 368, 370, 178]",17
928,"[0, 1, 2, 384, 266, 396, 397, 398, 399, 283, 164, 37, 40, 51, 190, 321, 196, 336, 339, 217, 106, 235, 364, 372, 249]",25
929,"[128, 1, 2, 3, 259, 397, 398, 399, 283, 37, 174, 178, 332, 339, 217, 354, 229, 106, 368]",19
930,"[0, 1, 2, 257, 138, 397, 270, 398, 399, 339, 222, 106, 365, 116, 372, 190]",16
931,"[0, 1, 2, 3, 389, 265, 138, 397, 270, 398, 399, 283, 178, 306, 71, 217, 226, 99, 229, 106, 365, 368, 370, 116, 117]",25
932,"[0, 1, 2, 266, 397, 398, 399, 293, 178, 190, 195, 196, 330, 74, 209, 339, 214, 222, 106, 236, 368, 372]",22
933,"[0, 1, 2, 3, 259, 385, 391, 266, 139, 397, 398, 399, 145, 155, 283, 156, 285, 37, 168, 174, 335, 80, 339, 217, 106, 365]",26
934,"[0, 1, 2, 3, 5, 390, 137, 138, 397, 398, 399, 276, 278, 153, 283, 37, 178, 71, 332, 209, 337, 339, 89, 217, 230, 106, 107, 365, 368, 372, 383]",31
935,"[0, 1, 2, 259, 265, 266, 397, 398, 399, 283, 159, 37, 174, 178, 316, 339, 217, 106, 365, 368]",20
936,"[0, 1, 2, 3, 385, 266, 139, 397, 398, 399, 145, 284, 37, 168, 178, 316, 190, 71, 202, 335, 339, 91, 106, 365, 368, 372]",26
937,"[0, 1, 2, 3, 259, 385, 266, 397, 398, 399, 283, 37, 174, 178, 181, 67, 71, 206, 335, 339, 212, 217, 90, 220, 106, 368, 374, 123, 125]",29
938,"[0, 1, 2, 266, 397, 398, 399, 29, 178, 190, 71, 74, 339, 214, 222, 362, 106, 236, 368, 372]",20
939,"[0, 1, 2, 3, 265, 138, 397, 398, 399, 26, 283, 178, 314, 71, 217, 219, 99, 231, 106, 112, 370, 376]",22
940,"[0, 1, 2, 266, 397, 398, 399, 29, 37, 178, 190, 321, 71, 339, 89, 91, 362, 235, 106, 368, 372]",21
941,"[0, 1, 2, 138, 397, 398, 399, 287, 166, 178, 188, 190, 65, 71, 329, 339, 222, 102, 106, 236, 368, 372, 375]",23
942,"[0, 1, 2, 391, 266, 397, 398, 399, 178, 310, 190, 70, 71, 339, 343, 222, 106, 368, 372, 124]",20
943,"[0, 1, 2, 3, 259, 266, 397, 398, 399, 273, 26, 38, 174, 176, 178, 70, 71, 339, 106, 252]",20
944,"[0, 1, 2, 3, 138, 266, 397, 398, 399, 276, 159, 175, 178, 314, 317, 62, 196, 71, 75, 338, 339, 86, 342, 351, 106, 368, 370]",27
945,"[0, 1, 2, 329, 266, 397, 398, 399, 339, 91, 348, 106, 365, 368, 178, 372, 190]",17
946,"[0, 1, 194, 3, 71, 266, 397, 398, 399, 339, 106, 43, 365, 368, 372, 190]",16
947,"[0, 1, 2, 3, 384, 139, 397, 398, 399, 145, 278, 178, 71, 335, 106, 365, 368, 370, 123]",19
948,"[0, 1, 2, 3, 385, 266, 139, 397, 398, 399, 145, 168, 178, 190, 71, 335, 339, 91, 222, 106, 236, 365, 368, 372]",24
949,"[0, 1, 2, 3, 388, 265, 397, 398, 143, 399, 165, 304, 190, 71, 329, 339, 84, 86, 217, 222, 354, 106, 107, 236, 372]",25
950,"[0, 1, 2, 384, 269, 397, 398, 399, 153, 178, 51, 71, 332, 339, 340, 346, 95, 233, 106, 368]",20
951,"[0, 1, 2, 3, 385, 384, 389, 266, 397, 398, 399, 153, 26, 178, 71, 346, 220, 233, 368, 123]",20
952,"[0, 1, 2, 384, 71, 139, 397, 398, 399, 81, 29, 362, 368, 178, 123]",15
953,"[0, 1, 138, 397, 398, 399, 80, 339, 222, 292, 106, 372, 123, 190, 126]",15
954,"[0, 1, 194, 3, 71, 397, 398, 399, 272, 339, 222, 165, 106, 115, 372, 190, 383]",17
955,"[0, 1, 2, 3, 390, 266, 397, 398, 399, 153, 178, 185, 190, 71, 207, 339, 106, 372, 120, 380]",20
956,"[0, 1, 2, 3, 259, 266, 139, 397, 398, 399, 283, 174, 176, 178, 71, 331, 339, 94, 106, 368, 252]",21
957,"[1, 2, 71, 397, 398, 399, 339, 222, 166, 102, 106, 236, 368, 178, 372, 375, 190]",17
958,"[0, 1, 2, 384, 71, 138, 397, 398, 399, 29, 362, 106, 368, 370, 178, 314, 123]",17
959,"[0, 1, 2, 3, 397, 398, 399, 178, 190, 62, 194, 198, 70, 71, 329, 339, 222, 228, 106, 365, 372, 118]",22
960,"[0, 1, 2, 3, 384, 5, 138, 397, 398, 399, 153, 159, 37, 178, 71, 75, 209, 346, 230, 233, 106, 107, 365, 239, 368, 370]",26
961,"[0, 1, 2, 266, 397, 398, 399, 159, 178, 190, 329, 339, 348, 222, 106, 236, 365, 368, 372]",19
962,"[0, 1, 2, 71, 330, 397, 398, 399, 339, 88, 101, 106, 368, 178, 190]",15
963,"[0, 1, 2, 3, 397, 398, 399, 273, 38, 176, 190, 194, 71, 329, 339, 222, 106, 107, 372]",19
964,"[0, 1, 2, 3, 137, 138, 393, 397, 398, 399, 292, 186, 190, 194, 71, 73, 80, 339, 222, 229, 106, 372, 123, 126]",24
965,"[0, 1, 2, 385, 71, 397, 398, 399, 339, 220, 29, 362, 106, 368, 178, 190]",16
966,"[0, 1, 2, 3, 384, 397, 398, 399, 153, 159, 178, 71, 75, 86, 346, 351, 233, 106, 368, 370, 123]",21
967,"[0, 1, 2, 3, 260, 384, 71, 397, 398, 399, 83, 160, 106, 368, 178, 370, 123]",17
968,"[0, 1, 2, 3, 389, 267, 397, 398, 269, 399, 25, 51, 190, 321, 194, 71, 339, 91, 222, 106, 372]",21
969,"[0, 1, 2, 3, 388, 397, 398, 399, 45, 51, 190, 194, 71, 331, 339, 222, 354, 106, 235, 372]",20
970,"[0, 1, 2, 3, 71, 9, 266, 397, 398, 399, 209, 339, 89, 106, 365, 178, 190]",17
971,"[0, 1, 2, 259, 266, 397, 398, 399, 339, 350, 159, 106, 174, 368, 178, 243, 190]",17
972,"[0, 1, 3, 388, 397, 398, 143, 399, 51, 190, 71, 329, 331, 339, 84, 222, 354, 106, 236, 372]",20
973,"[0, 1, 194, 3, 388, 71, 397, 398, 399, 339, 222, 354, 106, 372]",14
974,"[1, 2, 3, 385, 139, 397, 398, 399, 145, 168, 61, 71, 335, 339, 222, 106, 236, 365, 368, 372]",20
975,"[0, 1, 2, 3, 384, 266, 397, 398, 399, 159, 178, 190, 194, 74, 83, 214, 354, 106, 368, 370, 123]",21
976,"[0, 1, 2, 266, 397, 398, 399, 28, 159, 169, 178, 316, 198, 71, 339, 344, 222, 106, 236, 365, 368, 372]",22
977,"[0, 1, 2, 330, 397, 398, 399, 88, 350, 101, 106, 368, 178, 243, 370, 190]",16
978,"[0, 1, 2, 3, 71, 397, 398, 399, 339, 278, 342, 106, 175, 368, 178, 372, 317, 190]",18
979,"[0, 1, 2, 3, 262, 266, 138, 397, 398, 143, 399, 292, 51, 186, 71, 73, 329, 331, 80, 339, 84, 86, 222, 229, 106, 364, 372, 245, 123, 126]",30
980,"[0, 2, 3, 259, 138, 397, 398, 399, 26, 292, 178, 51, 186, 71, 73, 331, 80, 86, 229, 233, 106, 368, 123, 126]",24
981,"[0, 1, 2, 3, 9, 397, 398, 399, 273, 153, 38, 175, 176, 178, 317, 190, 71, 342, 346, 233, 106, 239, 368, 370]",24
982,"[1, 2, 3, 390, 135, 329, 397, 398, 399, 106, 173, 370, 124, 190]",14
983,"[0, 1, 2, 266, 138, 397, 398, 399, 278, 293, 178, 329, 339, 222, 227, 106, 236, 368, 372]",19
984,"[0, 1, 2, 384, 331, 397, 398, 399, 150, 104, 106, 365, 370, 123]",14
985,"[1, 2, 3, 265, 397, 398, 399, 29, 178, 181, 71, 339, 90, 222, 99, 362, 106, 236, 368, 372, 123]",21
986,"[0, 1, 2, 397, 398, 399, 339, 278, 222, 106, 372, 185, 62]",13
987,"[0, 1, 2, 3, 259, 5, 397, 398, 399, 153, 174, 178, 190, 71, 330, 209, 339, 88, 346, 101, 230, 233, 106, 365, 239, 368]",26
988,"[0, 1, 2, 3, 391, 264, 12, 397, 270, 399, 272, 398, 194, 71, 339, 222, 106, 115, 372, 373, 116, 383]",22
989,"[1, 2, 71, 397, 398, 399, 339, 29, 362, 106, 368, 178, 372, 190]",14
990,"[1, 2, 71, 397, 398, 399, 339, 106, 368, 178, 190]",11
991,"[0, 1, 2, 3, 262, 138, 266, 397, 398, 399, 149, 292, 51, 186, 323, 71, 73, 331, 80, 339, 222, 229, 106, 364, 368, 372, 245, 123, 126]",29
992,"[0, 1, 2, 3, 138, 397, 398, 399, 287, 178, 59, 190, 65, 329, 331, 339, 106, 368, 372, 377]",20
993,"[0, 1, 2, 3, 384, 9, 397, 398, 399, 153, 159, 178, 190, 71, 346, 233, 106, 368, 370, 123]",20
994,"[1, 2, 71, 397, 398, 399, 339, 106, 368, 178, 372]",11
995,"[0, 1, 2, 259, 386, 138, 397, 398, 399, 144, 174, 188, 190, 64, 199, 71, 329, 339, 106, 368]",20
996,"[0, 1, 2, 3, 389, 397, 398, 399, 280, 178, 321, 194, 198, 71, 329, 80, 339, 91, 222, 106, 372, 382]",22
997,"[0, 1, 2, 71, 328, 397, 398, 399, 273, 339, 94, 38, 106, 176, 368, 178, 190]",17
998,"[0, 1, 2, 138, 266, 397, 398, 399, 16, 36, 178, 71, 329, 339, 222, 106, 368, 372, 381]",19
999,"[0, 1, 2, 3, 132, 384, 262, 266, 397, 398, 399, 45, 178, 71, 92, 220, 364, 368, 372, 245, 123]",21
1000,"[0, 1, 2, 3, 384, 389, 138, 397, 398, 399, 279, 37, 314, 63, 321, 71, 331, 339, 91, 222, 106, 107, 236, 368, 113, 372, 376]",27
1001,"[0, 1, 2, 3, 5, 71, 9, 397, 398, 399, 339, 230, 106, 178, 372]",15
1002,"[1, 2, 259, 3, 5, 71, 397, 398, 399, 339, 230, 106, 174, 368, 178, 190]",16
1003,"[0, 1, 2, 3, 259, 133, 266, 397, 398, 399, 273, 43, 174, 180, 313, 190, 321, 194, 71, 329, 339, 91, 106, 365, 368]",25
1004,"[0, 1, 3, 259, 138, 397, 398, 399, 37, 67, 329, 339, 84, 87, 346, 222, 101, 106, 107, 236, 365, 372, 116]",23
1005,"[0, 1, 2, 196, 71, 266, 397, 398, 399, 339, 222, 106, 178, 372]",14
1006,"[0, 1, 3, 259, 260, 138, 397, 398, 399, 67, 200, 329, 331, 339, 84, 87, 222, 106, 236, 365, 113, 372, 116]",23
1007,"[0, 1, 2, 3, 259, 5, 389, 266, 397, 398, 399, 278, 174, 178, 190, 71, 339, 230, 106]",19
1008,"[0, 1, 2, 3, 133, 395, 396, 397, 398, 399, 38, 40, 45, 190, 194, 71, 329, 339, 222, 106, 364, 372, 249]",23
1009,"[0, 1, 2, 71, 329, 138, 397, 398, 399, 339, 29, 222, 362, 106, 368, 178, 372]",17
1010,"[0, 1, 2, 3, 266, 138, 397, 398, 399, 278, 178, 71, 329, 331, 339, 222, 106, 236, 365, 368, 372, 377]",22
1011,"[0, 1, 2, 3, 133, 393, 138, 397, 398, 399, 161, 292, 37, 176, 186, 194, 71, 73, 329, 80, 339, 222, 229, 106, 107, 372, 373, 123, 126]",29
1012,"[0, 1, 2, 3, 259, 389, 329, 266, 397, 398, 399, 339, 84, 278, 106, 174, 115, 372]",18
1013,"[1, 2, 259, 71, 328, 397, 398, 399, 339, 106, 174, 368, 178, 190]",14
1014,"[0, 1, 3, 133, 7, 266, 397, 398, 399, 43, 182, 55, 194, 71, 329, 339, 222, 106, 365, 368, 372]",21
1015,"[0, 1, 2, 3, 266, 139, 397, 398, 399, 178, 50, 196, 339, 222, 231, 106, 236, 368, 372]",19
1016,"[0, 1, 2, 3, 260, 133, 266, 138, 139, 395, 397, 398, 399, 38, 194, 71, 329, 331, 339, 222, 106, 365, 113, 116, 372]",25
1017,"[1, 2, 259, 397, 398, 399, 339, 350, 106, 174, 368, 178, 243, 190]",14
1018,"[0, 1, 2, 3, 259, 393, 138, 395, 397, 398, 399, 161, 292, 38, 174, 186, 194, 71, 73, 80, 339, 229, 106, 372, 123, 126]",26
1019,"[0, 1, 2, 3, 384, 133, 260, 138, 397, 270, 399, 398, 37, 51, 321, 194, 71, 339, 91, 222, 106, 235, 107, 365, 113, 372, 116]",27
1020,"[0, 1, 2, 3, 390, 266, 138, 397, 398, 399, 278, 178, 71, 329, 210, 339, 222, 106, 236, 368, 240, 372]",22
1021,"[0, 1, 2, 3, 257, 388, 397, 398, 399, 157, 329, 337, 339, 84, 88, 91, 222, 354, 106, 236, 372]",21
1022,"[0, 1, 2, 259, 389, 266, 397, 398, 399, 276, 278, 283, 29, 174, 178, 190, 71, 74, 331, 337, 339, 362, 106, 383]",24
1023,"[0, 1, 2, 3, 257, 384, 266, 395, 139, 397, 398, 399, 279, 25, 161, 193, 194, 71, 207, 337, 339, 88, 222, 106, 114, 372]",26
1024,"[0, 1, 2, 3, 259, 390, 266, 397, 398, 399, 16, 283, 36, 170, 174, 178, 320, 71, 331, 339, 106, 364, 368, 372]",24
1025,"[0, 1, 2, 139, 397, 398, 399, 178, 71, 201, 81, 339, 222, 229, 360, 106, 236, 365, 368, 372]",20
1026,"[0, 1, 2, 3, 71, 9, 267, 397, 398, 399, 339, 106, 368, 178, 372, 308, 183, 63]",18
1027,"[0, 1, 2, 259, 266, 397, 398, 399, 283, 29, 174, 178, 310, 190, 71, 339, 86, 214, 362, 106, 368, 124]",22
1028,"[0, 1, 2, 259, 139, 397, 398, 399, 174, 178, 310, 190, 71, 201, 81, 339, 219, 349, 229, 106, 364, 368, 114, 124]",24
1029,"[0, 1, 2, 3, 266, 397, 398, 399, 273, 153, 25, 283, 38, 41, 175, 176, 178, 51, 190, 71, 331, 332, 339, 340, 342, 346, 95, 233, 106, 368, 373]",31
1030,"[0, 1, 2, 3, 259, 385, 397, 398, 399, 160, 168, 174, 178, 310, 190, 196, 71, 335, 80, 339, 106, 365, 368, 124]",24
1031,"[0, 1, 2, 3, 257, 138, 397, 398, 399, 194, 67, 71, 207, 337, 339, 88, 219, 222, 106, 372, 376]",21
1032,"[0, 1, 2, 3, 266, 397, 398, 399, 283, 37, 174, 175, 178, 190, 71, 331, 339, 342, 106, 107, 368]",21
1033,"[0, 1, 2, 3, 384, 13, 398, 399, 397, 153, 178, 190, 321, 70, 71, 329, 331, 86, 346, 94, 233, 106, 368, 370, 123]",25
1034,"[0, 1, 2, 3, 259, 5, 392, 266, 12, 397, 142, 398, 399, 160, 41, 174, 178, 196, 71, 332, 80, 339, 340, 95, 230, 233, 106, 235, 368]",29
1035,"[0, 1, 2, 3, 138, 397, 398, 399, 161, 321, 194, 193, 71, 73, 80, 339, 91, 222, 229, 106, 372]",21
1036,"[0, 1, 2, 262, 266, 139, 397, 398, 399, 304, 51, 321, 339, 91, 222, 106, 235, 364, 116, 245, 372]",21
1037,"[0, 1, 2, 266, 74, 397, 398, 399, 339, 214, 222, 106, 368, 178, 372, 59]",16
1038,"[0, 1, 2, 196, 266, 397, 398, 399, 339, 222, 106, 236, 368, 178, 372]",15
1039,"[0, 1, 2, 266, 397, 398, 399, 283, 285, 37, 178, 310, 71, 339, 86, 106, 107, 368, 372, 246, 124]",21
1040,"[0, 1, 2, 3, 266, 397, 398, 399, 29, 292, 37, 296, 178, 322, 71, 339, 222, 362, 106, 107, 372, 123]",22
1041,"[0, 1, 2, 3, 128, 266, 397, 398, 399, 155, 161, 162, 170, 187, 320, 193, 326, 332, 80, 339, 346, 222, 354, 104, 106, 240, 372]",27
1042,"[0, 1, 2, 3, 259, 384, 138, 13, 397, 398, 399, 161, 162, 178, 186, 193, 71, 73, 329, 80, 229, 106, 370, 123]",24
1043,"[0, 1, 2, 3, 257, 397, 398, 399, 63, 71, 337, 339, 88, 219, 222, 106, 236, 368, 372]",19
1044,"[0, 1, 266, 397, 398, 399, 339, 156, 106, 170, 372]",11
1045,"[0, 1, 2, 3, 194, 71, 265, 73, 397, 398, 399, 339, 217, 222, 106, 372]",16
1046,"[0, 1, 2, 3, 321, 194, 71, 265, 331, 397, 398, 143, 399, 339, 222, 106, 372]",17
1047,"[1, 2, 3, 194, 71, 397, 398, 399, 339, 349, 222, 95, 106, 372]",14
1048,"[0, 1, 2, 3, 194, 321, 71, 393, 397, 398, 399, 336, 339, 219, 283, 106, 304, 372]",18
1049,"[0, 1, 2, 266, 397, 398, 399, 285, 178, 310, 71, 74, 339, 222, 106, 236, 368, 372, 246, 124]",20
1050,"[1, 2, 397, 398, 399, 106, 368, 178, 370, 190]",10
1051,"[0, 1, 2, 3, 5, 267, 397, 398, 399, 283, 304, 178, 183, 198, 71, 76, 337, 339, 230, 106, 383]",21
1052,"[0, 1, 2, 3, 259, 257, 397, 398, 399, 146, 276, 279, 30, 303, 315, 63, 71, 200, 331, 80, 339, 222, 230, 361, 106, 236, 365, 368, 372]",29
1053,"[0, 1, 2, 329, 266, 138, 397, 398, 399, 339, 278, 106, 368, 178, 372, 59]",16
1054,"[0, 1, 2, 321, 7, 393, 397, 398, 399, 339, 283, 106, 235, 304, 115, 372, 51]",17
1055,"[1, 2, 71, 397, 398, 399, 339, 222, 106, 178, 372]",11
1056,"[0, 1, 2, 3, 384, 266, 13, 398, 397, 399, 153, 178, 71, 199, 329, 346, 233, 368, 123]",19
1057,"[0, 1, 2, 71, 139, 397, 398, 399, 81, 339, 83, 106, 368, 178, 125]",15
1058,"[0, 1, 2, 266, 397, 398, 399, 278, 178, 71, 339, 222, 102, 106, 236, 368, 372, 375, 381]",19
1059,"[0, 1, 2, 3, 257, 266, 397, 398, 399, 153, 283, 175, 304, 178, 315, 190, 71, 73, 332, 339, 340, 342, 346, 95, 233, 106, 368, 120, 381]",29
1060,"[0, 1, 2, 3, 257, 397, 398, 399, 45, 194, 71, 207, 336, 339, 219, 222, 351, 106, 372]",19
1061,"[0, 2, 3, 71, 392, 329, 138, 13, 397, 398, 399, 233, 41, 368, 178, 376]",16
1062,"[321, 1, 2, 397, 398, 399, 339, 222, 106, 235, 51, 372]",12
1063,"[0, 1, 2, 3, 5, 71, 266, 397, 398, 399, 339, 159, 230, 106, 368, 178]",16
1064,"[0, 1, 2, 3, 257, 133, 137, 138, 393, 397, 398, 399, 314, 194, 71, 329, 207, 339, 222, 106, 372, 376]",22
1065,"[0, 1, 2, 3, 139, 397, 398, 399, 29, 178, 71, 81, 339, 349, 222, 362, 106, 364, 236, 368, 372, 123]",22
1066,"[0, 1, 2, 397, 398, 399, 178, 71, 330, 339, 88, 222, 101, 360, 106, 236, 365, 368, 372]",19
1067,"[0, 1, 3, 262, 138, 266, 397, 398, 399, 37, 308, 63, 67, 71, 80, 339, 222, 106, 107, 364, 109, 365, 236, 368, 114, 372, 245]",27
1068,"[0, 1, 2, 3, 384, 5, 71, 139, 397, 398, 399, 81, 230, 106, 370, 178, 123]",17
1069,"[0, 1, 2, 3, 265, 266, 397, 398, 399, 156, 29, 178, 71, 339, 222, 99, 362, 106, 372, 123, 252]",21
1070,"[0, 1, 2, 321, 138, 397, 398, 399, 80, 339, 222, 292, 106, 235, 51, 372, 123]",17
1071,"[0, 1, 2, 258, 139, 395, 397, 398, 399, 178, 71, 339, 83, 222, 106, 236, 368, 372, 125, 255]",20
1072,"[0, 1, 2, 71, 266, 397, 398, 399, 339, 156, 29, 362, 106, 178, 252]",15
1073,"[0, 2, 71, 266, 202, 397, 398, 399, 91, 284, 159, 368, 178]",13
1074,"[0, 1, 2, 9, 266, 267, 397, 398, 399, 185, 186, 62, 70, 76, 207, 80, 339, 214, 222, 106, 372]",21
1075,"[0, 1, 2, 3, 262, 265, 266, 139, 397, 398, 399, 178, 201, 336, 81, 339, 219, 222, 229, 106, 364, 236, 368, 114, 243, 372, 245]",27
1076,"[0, 1, 2, 3, 259, 266, 396, 397, 398, 399, 279, 63, 321, 71, 336, 339, 87, 346, 91, 222, 106, 235, 236, 109, 368, 372]",26
1077,"[0, 1, 2, 3, 138, 395, 397, 398, 399, 292, 38, 194, 71, 331, 75, 80, 339, 222, 106, 372, 123]",21
1078,"[0, 1, 2, 3, 71, 397, 398, 399, 273, 339, 153, 38, 106, 176, 178, 372, 373, 380]",18
1079,"[0, 1, 2, 3, 397, 398, 399, 146, 30, 52, 194, 71, 331, 204, 339, 358, 104, 106, 372]",19
1080,"[0, 1, 2, 3, 5, 9, 266, 397, 398, 399, 29, 160, 178, 190, 196, 71, 199, 202, 339, 214, 89, 353, 230, 362, 106]",25
1081,"[0, 1, 2, 3, 388, 265, 13, 397, 398, 399, 153, 157, 41, 297, 178, 190, 71, 329, 332, 340, 217, 90, 95, 354, 233, 106, 107, 368, 370]",29
1082,"[0, 1, 2, 3, 133, 392, 139, 397, 398, 399, 20, 32, 178, 68, 327, 329, 339, 348, 354, 99, 106, 365, 368, 372, 374]",25
1083,"[0, 1, 2, 262, 266, 397, 398, 399, 37, 178, 201, 339, 350, 229, 106, 107, 364, 368, 243, 372, 245]",21
1084,"[0, 1, 2, 266, 397, 398, 399, 284, 159, 169, 178, 316, 71, 202, 206, 339, 91, 106, 365, 368, 372]",21
1085,"[0, 1, 2, 3, 266, 397, 398, 399, 37, 296, 175, 178, 314, 321, 71, 80, 338, 339, 342, 106, 235, 107, 372]",23
1086,"[0, 1, 2, 139, 397, 398, 399, 81, 339, 350, 106, 368, 178, 243]",14
1087,"[0, 1, 2, 3, 322, 138, 397, 398, 399, 80, 19, 339, 222, 106, 368, 372, 314, 252]",18
1088,"[0, 1, 2, 3, 389, 262, 138, 266, 139, 397, 398, 271, 399, 161, 162, 170, 321, 194, 193, 71, 339, 91, 222, 106, 235, 364, 365, 372, 245]",29
1089,"[0, 1, 2, 3, 9, 266, 138, 395, 397, 267, 399, 398, 156, 38, 186, 329, 339, 84, 219, 106, 372, 376, 249, 126]",24
1090,"[0, 1, 2, 3, 388, 5, 128, 390, 265, 397, 398, 399, 153, 296, 178, 182, 325, 71, 340, 346, 95, 354, 230, 233, 106, 368, 370]",27
1091,"[0, 1, 2, 3, 71, 137, 397, 398, 399, 272, 339, 222, 106, 236, 368, 372, 63]",17
1092,"[0, 1, 2, 3, 194, 71, 137, 266, 267, 397, 398, 399, 339, 89, 222, 106, 51, 372]",18
1093,"[0, 1, 2, 3, 258, 390, 135, 266, 139, 397, 398, 399, 278, 283, 173, 304, 190, 329, 106, 370, 124, 381]",22
1094,"[0, 1, 2, 196, 71, 397, 398, 399, 339, 153, 91, 160, 106, 178]",14
1095,"[0, 1, 2, 3, 137, 266, 139, 267, 397, 398, 399, 178, 69, 198, 71, 73, 76, 80, 337, 339, 83, 106, 368, 371, 246, 125]",26
1096,"[0, 1, 2, 258, 71, 266, 74, 139, 397, 398, 399, 16, 339, 36, 106, 368, 178]",17
1097,"[0, 1, 2, 3, 395, 397, 398, 399, 156, 38, 53, 186, 191, 194, 71, 339, 222, 106, 372, 126]",20
1098,"[0, 1, 2, 3, 5, 266, 139, 397, 398, 399, 37, 178, 71, 81, 339, 349, 230, 106, 107, 364, 240]",21
1099,"[0, 1, 2, 3, 257, 393, 9, 267, 397, 398, 399, 159, 51, 185, 186, 194, 199, 71, 207, 339, 91, 106]",22
1100,"[0, 1, 2, 3, 137, 397, 398, 399, 278, 159, 160, 186, 196, 329, 339, 84, 91, 106, 372, 126]",20
1101,"[0, 1, 2, 133, 392, 266, 139, 397, 398, 399, 37, 178, 181, 71, 201, 329, 79, 81, 339, 348, 349, 222, 99, 229, 106, 107, 364, 365, 236, 240, 368, 372, 374]",33
1102,"[0, 1, 2, 3, 194, 71, 265, 266, 331, 329, 397, 398, 399, 143, 339, 106, 107, 53]",18
1103,"[0, 1, 2, 3, 194, 321, 71, 9, 138, 397, 398, 399, 339, 91, 219, 106, 235, 249]",18
1104,"[0, 1, 2, 3, 395, 397, 398, 399, 156, 38, 186, 194, 198, 71, 329, 339, 222, 228, 106, 372, 126]",21
1105,"[0, 1, 2, 3, 9, 266, 397, 398, 399, 29, 45, 175, 178, 71, 339, 342, 362, 106, 239, 368, 372, 252]",22
1106,"[0, 1, 2, 3, 194, 321, 71, 75, 397, 398, 399, 272, 339, 106, 235, 372]",16
1107,"[1, 2, 71, 397, 398, 399, 339, 222, 106, 236, 368, 178, 372]",13
1108,"[0, 1, 2, 3, 395, 397, 398, 399, 156, 165, 38, 176, 186, 194, 198, 71, 329, 339, 228, 106, 126]",21
1109,"[0, 1, 2, 3, 385, 265, 266, 397, 398, 399, 168, 178, 58, 71, 339, 222, 106, 236, 368, 369, 371, 372, 246, 125]",24
1110,"[0, 1, 2, 3, 9, 267, 397, 398, 399, 21, 153, 292, 178, 186, 190, 71, 331, 332, 339, 340, 346, 95, 233, 106, 235, 368, 123]",27
1111,"[0, 1, 2, 321, 71, 9, 397, 398, 399, 339, 29, 362, 106, 178, 51, 372]",16
1112,"[0, 1, 2, 71, 397, 398, 399, 16, 339, 150, 36, 357, 232, 106, 368, 178, 372, 53]",18
1113,"[0, 1, 2, 3, 259, 128, 397, 398, 399, 162, 303, 178, 332, 339, 87, 346, 354, 106, 368, 372]",20
1114,"[0, 1, 2, 71, 202, 397, 398, 399, 339, 150, 28, 284, 357, 106, 368, 178, 251]",17
1115,"[0, 1, 2, 258, 71, 139, 397, 398, 399, 16, 339, 36, 106, 368, 178]",15
1116,"[0, 1, 2, 388, 71, 265, 331, 397, 398, 143, 399, 339, 29, 354, 362, 106, 178, 372]",18
1117,"[0, 1, 2, 3, 138, 397, 398, 399, 194, 71, 329, 336, 339, 219, 222, 351, 229, 106, 107, 372, 373]",21
1118,"[0, 1, 2, 3, 265, 266, 397, 398, 399, 143, 43, 194, 196, 71, 331, 339, 222, 106, 365, 372]",20
1119,"[0, 1, 2, 397, 206, 398, 399, 339, 222, 169, 106, 236, 368, 178]",14
1120,"[0, 1, 2, 3, 266, 397, 398, 399, 33, 53, 321, 194, 71, 75, 80, 339, 89, 106, 235, 366, 372]",21
1121,"[0, 1, 384, 3, 264, 13, 398, 399, 272, 397, 297, 183, 190, 67, 329, 106, 370, 123, 383]",19
1122,"[0, 1, 2, 3, 9, 267, 397, 398, 399, 194, 70, 71, 329, 80, 339, 222, 106, 107, 372, 373]",20
1123,"[0, 1, 2, 3, 384, 133, 138, 397, 398, 399, 37, 314, 321, 194, 71, 75, 80, 339, 106, 235, 107, 376]",22
1124,"[0, 1, 2, 3, 137, 139, 397, 398, 399, 178, 51, 321, 199, 329, 331, 339, 84, 222, 106, 236]",20
1125,"[0, 1, 2, 397, 206, 399, 398, 339, 227, 293, 169, 106, 368, 178]",14
1126,"[0, 1, 2, 3, 194, 198, 71, 329, 138, 397, 398, 399, 339, 349, 95, 106]",16
1127,"[0, 1, 2, 384, 71, 397, 398, 399, 273, 38, 176, 368, 178, 373, 123]",15
1128,"[0, 1, 2, 3, 138, 395, 397, 398, 399, 149, 156, 38, 176, 186, 321, 323, 71, 75, 336, 339, 106, 235, 236, 368, 249, 126, 255]",27
1129,"[0, 1, 2, 70, 71, 9, 267, 76, 397, 398, 399, 80, 339, 106, 368, 178, 190]",17
1130,"[1, 106, 397, 398, 399, 339, 372]",7
1131,"[0, 1, 2, 397, 398, 399, 156, 350, 106, 368, 370, 243, 178, 190]",14
1132,"[0, 1, 2, 3, 385, 266, 397, 398, 399, 168, 54, 61, 71, 74, 339, 106, 236, 368, 252]",19
1133,"[0, 1, 2, 3, 388, 5, 392, 265, 397, 398, 143, 399, 41, 178, 71, 339, 354, 230, 233, 106, 368]",21
1134,"[0, 1, 2, 266, 397, 398, 399, 150, 284, 178, 310, 71, 202, 339, 91, 222, 357, 106, 236, 368, 372, 124]",22
1135,"[0, 1, 2, 132, 397, 398, 399, 161, 178, 316, 71, 73, 339, 344, 222, 106, 236, 365, 368, 114]",20
1136,"[0, 1, 2, 3, 194, 71, 266, 395, 397, 398, 399, 339, 292, 106, 365, 368, 178, 123]",18
1137,"[0, 1, 2, 3, 388, 385, 265, 397, 398, 143, 399, 168, 178, 310, 71, 339, 354, 106, 368, 124]",20
1138,"[0, 1, 2, 3, 321, 329, 266, 395, 397, 398, 399, 339, 84, 222, 352, 106, 236, 51]",18
1139,"[0, 1, 3, 329, 397, 398, 399, 80, 339, 84, 222, 106, 236]",13
1140,"[0, 1, 2, 133, 392, 397, 398, 399, 150, 169, 178, 181, 71, 329, 333, 206, 79, 339, 348, 99, 357, 106, 365, 368, 369, 372, 374]",27
1141,"[0, 1, 2, 3, 387, 384, 262, 9, 266, 397, 398, 399, 29, 175, 178, 190, 71, 329, 75, 342, 94, 362, 107, 364, 106, 239, 370, 245]",28
1142,"[0, 1, 2, 3, 388, 5, 265, 397, 398, 143, 399, 153, 178, 325, 71, 72, 331, 339, 340, 354, 230, 106, 372]",23
1143,"[0, 1, 2, 3, 262, 137, 138, 266, 397, 398, 399, 194, 71, 80, 339, 106, 364, 365, 245]",19
1144,"[0, 1, 2, 266, 397, 398, 399, 150, 284, 159, 178, 71, 202, 339, 91, 222, 357, 106, 368]",19
1145,"[0, 1, 2, 3, 259, 128, 266, 397, 398, 399, 150, 155, 162, 169, 196, 332, 206, 80, 339, 87, 346, 222, 354, 357, 106]",25
1146,"[0, 1, 2, 3, 384, 267, 397, 398, 399, 25, 156, 37, 170, 51, 329, 331, 75, 339, 84, 86, 222, 106, 107, 236, 372]",25
1147,"[0, 1, 2, 3, 68, 71, 264, 397, 398, 399, 272, 337, 339, 106, 300, 368, 178, 372]",18
1148,"[0, 1, 2, 3, 264, 138, 397, 398, 399, 29, 300, 178, 68, 71, 337, 339, 222, 362, 106, 236, 368]",21
1149,"[0, 1, 2, 71, 9, 397, 398, 399, 80, 339, 106, 368, 178, 190]",14
1150,"[0, 1, 2, 3, 392, 13, 398, 397, 399, 297, 41, 178, 62, 190, 196, 71, 329, 331, 75, 76, 94, 233, 106, 368, 370]",25
1151,"[0, 1, 2, 3, 384, 397, 398, 399, 283, 304, 178, 58, 190, 62, 196, 71, 331, 75, 76, 106, 368, 369, 370, 123, 125]",25
1152,"[0, 1, 2, 3, 259, 384, 265, 266, 138, 397, 398, 143, 399, 149, 162, 303, 307, 331, 75, 336, 339, 87, 216, 217, 351, 106, 111, 249, 127]",29
1153,"[0, 1, 2, 256, 266, 139, 397, 398, 399, 174, 178, 310, 190, 199, 71, 339, 355, 106, 368, 124]",20
1154,"[0, 1, 2, 3, 393, 397, 398, 271, 399, 176, 178, 51, 190, 71, 339, 83, 106, 368, 123, 125]",20
1155,"[0, 1, 2, 3, 393, 397, 398, 399, 39, 300, 176, 178, 51, 68, 71, 339, 343, 354, 106, 368, 369, 372]",22
1156,"[0, 1, 2, 256, 266, 139, 397, 398, 399, 174, 178, 199, 71, 339, 222, 355, 102, 106, 368, 375]",20
1157,"[0, 1, 2, 3, 134, 265, 397, 398, 399, 143, 146, 307, 52, 59, 64, 329, 331, 85, 216, 217, 358, 106, 364, 111, 370]",25
1158,"[0, 1, 2, 397, 206, 399, 398, 339, 222, 169, 106, 368, 178, 372, 59]",15
1159,"[0, 1, 2, 3, 194, 71, 9, 266, 329, 397, 398, 399, 339, 89, 222, 106, 107, 372]",18
1160,"[0, 1, 2, 3, 132, 256, 262, 384, 392, 266, 139, 397, 398, 399, 283, 174, 304, 178, 310, 190, 71, 200, 355, 106, 364, 368, 370, 245, 123, 124]",30
1161,"[0, 1, 2, 385, 397, 398, 399, 156, 285, 170, 178, 310, 71, 207, 339, 106, 368, 372, 373, 246, 124, 126]",22
1162,"[0, 1, 2, 384, 264, 266, 397, 398, 399, 272, 283, 304, 178, 183, 190, 71, 106, 113, 370, 123, 383]",21
1163,"[0, 1, 2, 3, 259, 9, 266, 397, 398, 399, 162, 303, 194, 71, 339, 87, 346, 222, 351, 106, 372, 127]",22
1164,"[0, 1, 2, 3, 257, 194, 71, 266, 395, 397, 398, 399, 339, 222, 106, 368, 372]",17
1165,"[0, 1, 2, 385, 397, 398, 399, 156, 29, 170, 178, 71, 207, 339, 362, 106, 368, 372, 373, 126]",20
1166,"[0, 1, 2, 266, 397, 398, 399, 161, 162, 178, 316, 190, 62, 193, 71, 330, 76, 339, 88, 346, 101, 106, 365, 368]",24
1167,"[0, 1, 2, 3, 259, 257, 138, 397, 398, 399, 292, 186, 194, 71, 75, 207, 80, 339, 222, 106, 372, 123]",22
1168,"[0, 1, 2, 397, 398, 399, 284, 169, 178, 71, 202, 206, 339, 222, 106, 236, 365, 368, 372]",19
1169,"[0, 1, 2, 266, 331, 397, 398, 399, 339, 222, 106, 236, 368, 178, 372]",15
1170,"[0, 1, 2, 64, 71, 266, 397, 398, 399, 273, 339, 159, 232, 106, 236, 368, 372]",17
1171,"[0, 1, 2, 3, 384, 9, 13, 398, 397, 399, 283, 37, 297, 178, 190, 321, 325, 199, 71, 329, 80, 339, 106, 235, 107]",25
1172,"[1, 2, 3, 139, 397, 398, 399, 339, 222, 227, 293, 106, 236, 368, 178, 372]",16
1173,"[0, 1, 2, 3, 259, 7, 267, 397, 398, 399, 156, 303, 194, 71, 339, 87, 351, 106, 372, 126, 127]",21
1174,"[0, 1, 2, 3, 259, 132, 266, 397, 398, 399, 23, 178, 70, 200, 330, 332, 339, 88, 101, 361, 106, 368]",22
1175,"[0, 1, 2, 3, 5, 71, 329, 397, 398, 399, 211, 230, 106, 107, 370, 178, 190]",17
1176,"[0, 1, 2, 3, 397, 398, 399, 153, 178, 190, 71, 72, 329, 206, 211, 340, 106, 107, 368, 370]",20
1177,"[0, 1, 2, 266, 397, 398, 399, 283, 286, 303, 178, 69, 70, 71, 330, 208, 339, 88, 89, 222, 101, 106, 236, 372]",24
1178,"[0, 1, 384, 3, 71, 138, 397, 398, 399, 273, 296, 106, 368, 370, 376, 314, 123, 190]",18
1179,"[0, 1, 2, 3, 257, 138, 397, 398, 399, 37, 296, 314, 329, 339, 84, 222, 106, 107, 236, 372, 376]",21
1180,"[0, 1, 2, 3, 191, 197, 71, 267, 12, 397, 398, 399, 339, 106, 235, 368, 372, 63]",18
1181,"[0, 1, 2, 3, 9, 397, 398, 399, 37, 175, 178, 190, 321, 71, 199, 342, 106, 235, 107, 370]",20
1182,"[0, 1, 2, 3, 194, 71, 393, 75, 331, 397, 398, 399, 80, 339, 222, 106, 366, 372]",18
1183,"[1, 385, 3, 168, 106, 397, 398, 399, 339]",9
1184,"[0, 1, 2, 3, 132, 262, 266, 139, 397, 398, 399, 29, 37, 178, 71, 81, 339, 349, 362, 106, 364, 107, 368, 245]",24
1185,"[0, 1, 2, 384, 69, 71, 266, 397, 398, 399, 208, 89, 286, 178, 123]",15
1186,"[1, 2, 71, 397, 398, 399, 339, 106, 178, 372]",10
1187,"[0, 1, 2, 71, 266, 397, 398, 399, 338, 339, 352, 106, 45, 178, 372]",15
1188,"[0, 1, 2, 3, 256, 384, 392, 266, 139, 397, 398, 399, 174, 178, 190, 71, 328, 200, 199, 83, 355, 361, 106, 368, 370, 123]",26
1189,"[0, 1, 2, 257, 138, 12, 397, 398, 399, 80, 339, 220, 222, 106, 372]",15
1190,"[0, 1, 2, 3, 388, 5, 71, 397, 398, 399, 339, 354, 230, 106, 368, 178, 190]",17
1191,"[0, 1, 2, 3, 194, 257, 71, 138, 12, 397, 398, 399, 80, 339, 220, 222, 106, 372]",18
1192,"[0, 1, 2, 3, 388, 384, 397, 398, 399, 153, 178, 190, 71, 208, 340, 354, 106, 368, 370, 123]",20
1193,"[1, 2, 71, 106, 397, 398, 399, 178, 339]",9
1194,"[0, 1, 2, 3, 194, 266, 202, 397, 398, 399, 339, 91, 284, 106, 368, 178, 372, 123]",18
1195,"[0, 1, 2, 3, 384, 138, 267, 13, 397, 399, 398, 297, 178, 71, 329, 219, 233, 106, 368, 370, 249, 123]",22
1196,"[0, 1, 2, 71, 266, 397, 398, 399, 339, 343, 285, 106, 368, 178, 246, 310, 124]",17
1197,"[0, 1, 2, 3, 199, 71, 329, 397, 398, 399, 339, 25, 106, 235, 368, 372, 248, 63]",18
1198,"[0, 1, 2, 3, 260, 385, 397, 398, 399, 32, 168, 178, 58, 316, 71, 339, 106, 365, 368, 372]",20
1199,"[0, 1, 2, 3, 267, 397, 398, 399, 273, 43, 178, 182, 55, 186, 194, 71, 74, 331, 80, 339, 222, 351, 106, 235, 365, 372, 382]",27
1200,"[0, 1, 2, 71, 397, 398, 207, 399, 339, 220, 29, 362, 106, 368, 178, 372, 185, 378]",18
1201,"[0, 1, 2, 3, 390, 265, 266, 13, 397, 398, 399, 153, 297, 178, 182, 190, 71, 329, 206, 89, 346, 233, 106, 368, 370]",25
1202,"[0, 1, 2, 3, 134, 266, 397, 398, 399, 146, 159, 33, 53, 194, 71, 329, 75, 339, 91, 222, 358, 106, 364, 113, 372]",25
1203,"[0, 1, 2, 3, 198, 71, 329, 267, 397, 398, 399, 339, 106, 235, 368, 372, 63]",17
1204,"[0, 1, 2, 258, 266, 139, 397, 398, 399, 16, 159, 36, 178, 71, 339, 91, 222, 106, 368, 372]",20
1205,"[0, 1, 2, 3, 138, 267, 12, 397, 398, 399, 277, 194, 71, 80, 339, 222, 106, 235, 372]",19
1206,"[0, 1, 2, 3, 384, 261, 13, 398, 399, 397, 153, 283, 159, 37, 297, 41, 178, 190, 321, 325, 71, 329, 75, 346, 233, 106, 107, 368, 370]",29
1207,"[0, 1, 2, 3, 258, 262, 135, 266, 397, 398, 399, 159, 178, 339, 98, 226, 106, 368, 372, 245]",20
1208,"[0, 1, 2, 3, 257, 389, 266, 139, 397, 398, 399, 170, 63, 71, 80, 339, 222, 106, 236, 365, 368, 372]",22
1209,"[0, 1, 2, 71, 266, 397, 398, 399, 339, 285, 106, 238, 368, 178, 310, 246, 186, 124]",18
1210,"[0, 1, 2, 3, 194, 71, 75, 397, 398, 399, 339, 91, 222, 159, 106, 113, 372, 191]",18
1211,"[0, 1, 2, 3, 384, 5, 128, 266, 397, 398, 399, 286, 178, 199, 71, 330, 205, 88, 89, 346, 101, 230, 106, 370, 123]",25
1212,"[0, 1, 2, 3, 384, 138, 13, 398, 397, 399, 297, 178, 51, 71, 329, 233, 106, 368, 370, 376, 123]",21
1213,"[0, 1, 2, 3, 388, 266, 397, 398, 399, 157, 53, 194, 71, 75, 339, 90, 222, 354, 106, 364, 372]",21
1214,"[1, 2, 71, 397, 398, 399, 339, 29, 222, 362, 106, 236, 368, 178, 372]",15
1215,"[0, 1, 2, 3, 257, 138, 397, 398, 399, 314, 194, 71, 331, 207, 80, 339, 222, 106, 372]",19
1216,"[0, 1, 2, 3, 132, 262, 71, 266, 397, 398, 399, 339, 29, 362, 106, 364, 178, 245]",18
1217,"[0, 1, 2, 3, 388, 266, 397, 398, 399, 286, 175, 178, 53, 190, 71, 205, 342, 89, 354, 106, 370]",21
1218,"[0, 1, 2, 198, 329, 267, 397, 398, 399, 339, 106, 235, 372]",13
1219,"[0, 1, 2, 3, 70, 71, 137, 139, 397, 398, 399, 80, 339, 106, 365, 368, 178, 316]",18
1220,"[0, 1, 2, 3, 262, 266, 397, 398, 399, 169, 178, 195, 206, 339, 222, 98, 106, 236, 368, 372, 245]",21
1221,"[0, 1, 2, 3, 194, 71, 397, 398, 207, 399, 339, 222, 228, 170, 106, 372, 314, 191]",18
1222,"[0, 1, 2, 3, 70, 71, 137, 267, 397, 398, 399, 339, 342, 94, 106, 175, 178, 190]",18
1223,"[0, 1, 2, 384, 132, 267, 397, 398, 399, 273, 150, 43, 331, 339, 222, 106, 235, 364, 365, 240, 242, 372]",22
1224,"[0, 1, 2, 266, 397, 398, 399, 178, 199, 71, 201, 339, 222, 229, 102, 106, 236, 368, 114, 372, 253]",21
1225,"[0, 1, 2, 3, 256, 390, 266, 139, 397, 398, 399, 174, 178, 71, 339, 222, 355, 360, 106, 365, 238, 240, 368, 372, 126]",25
1226,"[1, 2, 3, 5, 71, 397, 398, 399, 339, 230, 106, 178, 372]",13
1227,"[0, 1, 2, 3, 257, 132, 266, 138, 139, 397, 398, 399, 194, 71, 207, 80, 339, 222, 106, 364, 365, 372]",22
1228,"[0, 1, 2, 397, 398, 399, 156, 170, 178, 308, 310, 186, 71, 207, 339, 106, 368, 372, 245, 373, 124, 126]",22
1229,"[0, 1, 2, 256, 384, 266, 139, 397, 398, 399, 174, 178, 69, 71, 89, 355, 238, 123, 126]",19
1230,"[0, 1, 2, 69, 70, 71, 329, 75, 397, 398, 399, 339, 211, 89, 106, 107, 178, 372]",18
1231,"[0, 1, 2, 3, 257, 132, 397, 398, 399, 194, 70, 71, 329, 75, 339, 222, 106, 107, 364, 372]",20
1232,"[0, 1, 2, 3, 384, 266, 397, 398, 399, 159, 71, 75, 331, 79, 85, 106, 368, 370, 123]",19
1233,"[0, 1, 2, 3, 257, 132, 262, 9, 266, 139, 267, 397, 398, 399, 25, 194, 71, 207, 339, 222, 106, 364, 372, 245]",24
1234,"[0, 1, 2, 3, 132, 265, 266, 138, 12, 397, 398, 399, 170, 314, 186, 194, 71, 207, 80, 339, 222, 106, 364, 238, 372]",25
1235,"[0, 1, 2, 3, 257, 132, 138, 397, 398, 399, 194, 70, 71, 207, 339, 222, 106, 364, 372, 376]",20
1236,"[0, 1, 2, 3, 5, 71, 266, 139, 397, 398, 399, 81, 339, 230, 106, 178, 372]",17
1237,"[0, 1, 2, 3, 388, 132, 266, 267, 397, 398, 399, 157, 159, 53, 194, 71, 339, 222, 354, 106, 235, 364, 372]",23
1238,"[0, 1, 2, 3, 194, 266, 397, 398, 399, 339, 91, 106, 368, 178, 372, 123]",16
1239,"[0, 1, 2, 3, 132, 138, 267, 397, 398, 399, 194, 71, 339, 222, 106, 235, 364, 372, 376]",19
1240,"[0, 1, 2, 3, 132, 266, 267, 138, 397, 398, 139, 399, 194, 71, 80, 339, 222, 106, 235, 364, 365, 372]",22
1241,"[0, 1, 2, 266, 397, 398, 399, 161, 162, 178, 62, 193, 199, 201, 339, 219, 229, 106, 368, 114, 249]",21
1242,"[0, 1, 2, 384, 397, 398, 399, 156, 170, 178, 308, 186, 71, 207, 83, 368, 373, 245, 123, 125, 126]",21
1243,"[0, 1, 2, 132, 264, 137, 267, 397, 398, 399, 296, 178, 316, 190, 70, 71, 337, 339, 106, 364, 365, 368]",22
1244,"[0, 1, 2, 3, 265, 266, 397, 398, 399, 29, 161, 162, 178, 62, 193, 199, 71, 339, 219, 222, 99, 229, 362, 106, 236, 368, 372, 123]",28
1245,"[1, 2, 71, 329, 397, 398, 399, 339, 348, 106, 368, 178, 372]",13
1246,"[0, 1, 2, 128, 132, 397, 398, 399, 18, 178, 310, 71, 72, 331, 208, 339, 106, 364, 368]",19
1247,"[0, 1, 2, 384, 266, 397, 398, 399, 162, 178, 190, 65, 71, 199, 201, 219, 97, 229, 106, 368, 370, 123]",22
1248,"[0, 1, 2, 3, 385, 7, 396, 13, 398, 399, 397, 161, 297, 45, 178, 190, 71, 329, 206, 351, 233, 106, 235, 368, 370, 114, 127]",27
1249,"[1, 2, 132, 71, 397, 398, 399, 339, 222, 106, 364, 365, 236, 368, 178, 372, 316]",17
1250,"[0, 1, 2, 3, 132, 138, 397, 398, 399, 314, 194, 71, 339, 219, 222, 106, 235, 364, 372, 376]",20
1251,"[1, 2, 3, 385, 71, 397, 398, 399, 339, 168, 106, 365, 368, 178, 372, 316]",16
1252,"[0, 1, 2, 3, 257, 132, 7, 9, 396, 397, 398, 399, 161, 162, 45, 176, 194, 67, 71, 207, 339, 222, 351, 106, 364, 114, 372, 127]",28
1253,"[1, 2, 132, 71, 397, 398, 399, 16, 339, 36, 106, 364, 368, 178]",14
1254,"[384, 1, 2, 194, 132, 397, 398, 399, 106, 364, 368, 178, 370, 123, 190]",15
1255,"[0, 1, 2, 132, 266, 397, 398, 399, 159, 178, 71, 339, 222, 102, 106, 364, 236, 368, 372]",19
1256,"[0, 1, 2, 3, 397, 398, 399, 156, 170, 178, 308, 316, 190, 71, 207, 339, 106, 365, 368, 373, 245, 123, 126]",23
1257,"[0, 1, 2, 3, 132, 7, 9, 266, 396, 397, 398, 399, 161, 162, 178, 190, 69, 71, 336, 89, 222, 106, 364, 236, 370, 114]",26
1258,"[0, 1, 2, 3, 258, 132, 139, 331, 397, 398, 399, 339, 163, 106, 364, 372, 377, 319]",18
1259,"[0, 1, 258, 196, 132, 266, 139, 397, 398, 399, 339, 226, 106, 364]",14
1260,"[0, 1, 2, 132, 266, 397, 398, 399, 273, 25, 29, 178, 71, 339, 352, 362, 106, 364, 368]",19
1261,"[1, 2, 3, 71, 397, 398, 399, 339, 222, 356, 360, 106, 365, 368, 178, 372]",16
1262,"[0, 1, 2, 3, 132, 139, 397, 398, 399, 27, 194, 70, 71, 329, 75, 339, 212, 218, 91, 222, 106, 107, 364, 372]",24
1263,"[0, 1, 2, 3, 132, 266, 397, 398, 399, 273, 25, 29, 45, 175, 178, 71, 339, 342, 352, 362, 106, 364, 368, 372]",24
1264,"[0, 1, 2, 3, 132, 396, 397, 398, 399, 161, 162, 63, 193, 71, 336, 339, 222, 106, 235, 364, 368, 372]",22
1265,"[0, 1, 2, 71, 139, 397, 398, 399, 81, 339, 106, 368, 178, 190]",14
1266,"[0, 1, 2, 3, 132, 138, 139, 12, 397, 398, 399, 19, 27, 80, 339, 212, 218, 222, 106, 364, 238, 368, 372]",23
1267,"[0, 1, 2, 3, 257, 132, 396, 397, 398, 399, 161, 162, 45, 176, 63, 71, 336, 339, 222, 351, 106, 364, 368, 114, 372, 127]",26
1268,"[0, 1, 2, 384, 132, 266, 139, 397, 398, 399, 27, 304, 80, 339, 212, 218, 222, 351, 106, 235, 364, 372]",22
1269,"[0, 1, 2, 71, 397, 398, 399, 339, 91, 233, 106, 368, 178]",13
1270,"[0, 1, 2, 392, 139, 397, 398, 399, 178, 71, 329, 81, 339, 348, 222, 99, 106, 368, 372]",19
1271,"[0, 1, 2, 71, 266, 397, 398, 399, 273, 339, 25, 352, 106, 45, 178, 372]",16
1272,"[0, 1, 2, 3, 132, 266, 138, 139, 397, 398, 399, 21, 178, 190, 71, 80, 339, 341, 106, 364, 365]",21
1273,"[0, 1, 2, 3, 385, 265, 397, 398, 399, 156, 170, 178, 69, 71, 207, 339, 89, 222, 99, 106, 372, 123, 126]",23
1274,"[0, 1, 3, 132, 138, 397, 398, 399, 70, 329, 76, 339, 84, 219, 222, 106, 364, 372, 376]",19
1275,"[0, 1, 2, 132, 266, 397, 398, 399, 273, 25, 29, 178, 71, 339, 352, 362, 106, 364, 372]",19
1276,"[0, 1, 2, 3, 388, 137, 397, 398, 399, 272, 194, 71, 74, 331, 337, 339, 92, 222, 354, 106, 372]",21
1277,"[0, 1, 2, 3, 138, 13, 397, 399, 398, 273, 294, 40, 297, 296, 178, 71, 329, 76, 94, 233, 106, 365, 368, 376]",24
1278,"[0, 1, 2, 266, 397, 398, 399, 273, 276, 352, 106, 368, 370, 178, 190]",15
1279,"[0, 1, 2, 3, 194, 132, 71, 397, 398, 399, 339, 20, 222, 106, 234, 364, 115, 372]",18
1280,"[0, 1, 2, 3, 132, 384, 385, 13, 398, 399, 397, 17, 156, 297, 178, 181, 71, 329, 79, 338, 213, 352, 364, 123]",24
1281,"[0, 1, 2, 3, 199, 71, 266, 397, 398, 399, 339, 89, 25, 106, 235, 368, 63]",17
1282,"[0, 1, 2, 256, 199, 71, 266, 139, 397, 398, 399, 339, 355, 106, 174, 178]",16
1283,"[0, 1, 2, 132, 397, 398, 399, 273, 339, 222, 357, 106, 364, 368, 178, 372]",16
1284,"[0, 1, 2, 384, 388, 71, 397, 398, 399, 91, 354, 106, 370, 178, 123]",15
1285,"[0, 1, 2, 384, 388, 71, 397, 398, 399, 354, 106, 370, 178, 123, 190]",15
1286,"[0, 1, 2, 3, 200, 332, 397, 398, 399, 339, 361, 106, 368, 178, 190]",15
1287,"[1, 2, 71, 392, 329, 397, 398, 399, 339, 348, 350, 99, 106, 368, 178, 243]",16
1288,"[0, 1, 2, 132, 393, 138, 397, 398, 399, 273, 308, 314, 331, 75, 339, 91, 222, 106, 364, 372, 245, 376]",22
1289,"[0, 1, 2, 3, 132, 260, 259, 138, 397, 398, 399, 56, 186, 190, 71, 80, 231, 106, 364, 368, 370]",21
1290,"[0, 1, 2, 3, 257, 259, 9, 138, 266, 267, 397, 398, 399, 174, 176, 315, 329, 80, 339, 84, 214, 106, 252]",23
1291,"[0, 1, 2, 3, 132, 397, 398, 399, 43, 178, 194, 71, 331, 339, 222, 106, 364, 365, 240, 242, 372, 116]",22
1292,"[0, 1, 2, 3, 132, 329, 331, 397, 398, 399, 339, 84, 91, 222, 106, 107, 364, 372]",18
1293,"[0, 1, 2, 385, 266, 397, 398, 399, 156, 29, 170, 178, 186, 69, 71, 207, 80, 339, 89, 362, 106]",21
1294,"[0, 1, 2, 3, 261, 397, 398, 399, 178, 327, 71, 339, 344, 222, 360, 106, 368, 372, 383]",19
1295,"[128, 1, 2, 259, 3, 132, 397, 398, 399, 178, 180, 194, 200, 332, 339, 354, 106, 364, 368]",19
1296,"[0, 1, 2, 266, 397, 398, 399, 339, 91, 222, 106, 368, 178, 372]",14
1297,"[128, 1, 2, 132, 71, 397, 398, 399, 339, 89, 286, 106, 364, 178]",14
1298,"[0, 1, 2, 384, 132, 138, 395, 397, 398, 399, 292, 38, 176, 80, 339, 222, 106, 364, 372, 123]",20
1299,"[0, 1, 2, 3, 132, 9, 397, 398, 399, 43, 178, 194, 71, 80, 339, 222, 106, 235, 364, 365, 372, 382]",22
1300,"[0, 1, 2, 132, 264, 266, 397, 398, 399, 272, 178, 316, 190, 71, 73, 337, 339, 106, 364, 365, 368, 381]",22
1301,"[0, 1, 2, 64, 132, 326, 71, 395, 397, 398, 399, 339, 106, 236, 364, 368]",16
1302,"[0, 1, 2, 3, 132, 264, 397, 398, 399, 272, 170, 183, 314, 194, 71, 207, 339, 106, 364, 113, 372, 383]",22
1303,"[0, 1, 2, 3, 132, 397, 398, 399, 280, 178, 52, 194, 71, 331, 339, 219, 91, 106, 364, 240]",20
1304,"[0, 1, 2, 384, 266, 397, 398, 399, 165, 178, 190, 71, 81, 226, 229, 106, 368, 370, 123, 382]",20
1305,"[0, 1, 2, 196, 71, 75, 397, 398, 399, 339, 276, 91, 159, 106, 178, 62]",16
1306,"[1, 2, 132, 71, 397, 398, 399, 339, 222, 106, 364, 365, 368, 178, 372, 316]",16
1307,"[0, 1, 2, 3, 71, 9, 202, 267, 397, 398, 399, 339, 214, 353, 106, 178, 51, 190]",18
1308,"[0, 1, 2, 3, 132, 384, 9, 138, 267, 265, 397, 398, 399, 178, 51, 58, 190, 321, 71, 214, 99, 106, 364, 368, 369, 370, 371, 246, 123, 125]",30
1309,"[1, 2, 132, 71, 397, 398, 399, 339, 106, 364, 368, 178, 310, 124, 190]",15
1310,"[0, 1, 2, 258, 132, 266, 139, 397, 398, 399, 16, 36, 178, 196, 71, 339, 359, 106, 364, 368]",20
1311,"[0, 1, 2, 3, 384, 385, 132, 397, 398, 399, 276, 157, 159, 178, 56, 190, 71, 75, 331, 92, 94, 106, 364, 368, 370]",25
1312,"[0, 1, 2, 384, 132, 9, 138, 397, 398, 399, 292, 75, 80, 339, 222, 106, 235, 364, 372, 123]",20
1313,"[0, 1, 2, 3, 132, 266, 397, 398, 399, 175, 178, 190, 71, 73, 342, 106, 364, 370, 381]",19
1314,"[0, 1, 2, 3, 384, 138, 397, 398, 399, 273, 20, 292, 73, 329, 75, 80, 339, 84, 222, 106, 235, 234, 372, 123]",24
1315,"[0, 1, 2, 3, 259, 384, 132, 9, 267, 396, 397, 398, 399, 298, 194, 71, 339, 91, 351, 361, 106, 235, 364, 249]",24
1316,"[0, 1, 2, 3, 388, 132, 138, 397, 398, 399, 157, 314, 194, 71, 339, 91, 92, 222, 354, 106, 364, 372, 383]",23
1317,"[0, 1, 2, 71, 266, 331, 397, 398, 399, 273, 339, 232, 106, 368, 178, 372]",16
1318,"[0, 1, 2, 132, 397, 398, 399, 279, 29, 286, 178, 69, 71, 75, 331, 208, 339, 89, 91, 362, 106, 364]",22
1319,"[0, 1, 2, 3, 266, 139, 268, 397, 398, 399, 161, 293, 178, 69, 201, 330, 73, 209, 339, 222, 227, 229, 106, 368, 372]",25
1320,"[0, 1, 2, 70, 329, 75, 395, 397, 398, 399, 339, 222, 38, 106, 107, 176, 372]",17
1321,"[1, 2, 71, 397, 398, 399, 339, 106, 178, 372]",10
1322,"[0, 1, 2, 70, 329, 331, 397, 398, 399, 339, 212, 211, 27, 91, 222, 106, 107, 372]",18
1323,"[0, 1, 2, 3, 266, 397, 398, 399, 273, 25, 31, 178, 71, 77, 339, 352, 354, 106, 368, 374, 125]",21
1324,"[0, 1, 2, 3, 266, 139, 268, 397, 398, 399, 293, 296, 170, 178, 190, 330, 81, 209, 339, 226, 100, 106, 368]",23
1325,"[0, 1, 2, 71, 397, 398, 399, 339, 159, 106, 178]",11
1326,"[0, 1, 2, 3, 137, 138, 397, 398, 399, 149, 156, 185, 314, 323, 71, 207, 339, 219, 222, 106, 236, 368, 372, 249, 126, 255]",26
1327,"[1, 2, 3, 71, 397, 398, 399, 209, 339, 106, 178, 190]",12
1328,"[0, 1, 2, 3, 71, 397, 398, 399, 208, 340, 153, 94, 106, 235, 368, 370, 178, 190]",18
1329,"[0, 1, 3, 259, 200, 332, 397, 206, 398, 399, 339, 222, 169, 106, 372]",15
1330,"[0, 1, 2, 397, 206, 398, 399, 339, 222, 169, 106, 368, 178, 372]",14
1331,"[1, 2, 3, 390, 135, 397, 398, 399, 213, 106, 173, 370, 124, 190, 255]",15
1332,"[0, 1, 2, 138, 395, 12, 397, 398, 399, 80, 339, 220, 222, 38, 106, 176, 372]",17
1333,"[0, 1, 2, 266, 397, 398, 399, 29, 286, 161, 178, 71, 73, 208, 339, 89, 222, 362, 106, 114, 372, 249]",22
1334,"[0, 1, 2, 3, 397, 398, 399, 159, 178, 308, 190, 62, 196, 71, 75, 331, 209, 339, 106, 245]",20
1335,"[0, 1, 2, 3, 256, 266, 397, 398, 399, 31, 174, 178, 190, 71, 199, 77, 339, 354, 106, 368, 374, 125]",22
1336,"[0, 1, 2, 3, 131, 266, 267, 397, 398, 399, 297, 178, 190, 71, 329, 339, 89, 106, 368]",19
1337,"[0, 1, 2, 266, 395, 397, 398, 399, 339, 279, 106, 176, 368, 182, 55]",15
1338,"[1, 2, 3, 69, 330, 268, 397, 398, 399, 209, 339, 293, 106, 368, 178, 62]",16
1339,"[0, 1, 2, 9, 267, 397, 398, 207, 399, 339, 156, 351, 229, 249, 106, 185, 314, 126]",18
1340,"[0, 1, 2, 71, 9, 266, 267, 397, 398, 399, 339, 89, 106, 235, 366, 368]",16
1341,"[0, 1, 2, 71, 397, 398, 399, 273, 339, 222, 357, 106, 368, 178, 372, 310, 124]",17
1342,"[2, 3, 71, 397, 398, 399, 222, 236, 368, 178, 371, 246]",12
1343,"[0, 1, 2, 264, 397, 270, 399, 272, 398, 278, 178, 310, 71, 337, 339, 222, 106, 368, 372, 116, 124]",21
1344,"[1, 2, 71, 397, 398, 399, 339, 106, 365, 368, 178, 316]",12
1345,"[0, 1, 2, 3, 397, 398, 399, 29, 286, 178, 190, 71, 75, 208, 209, 339, 89, 91, 362, 106]",20
1346,"[0, 1, 2, 256, 266, 139, 397, 398, 399, 174, 178, 316, 190, 71, 328, 339, 355, 361, 106, 365, 368]",21
1347,"[0, 1, 2, 257, 264, 137, 266, 12, 397, 398, 399, 272, 296, 178, 316, 71, 74, 337, 339, 106, 365, 368]",22
1348,"[0, 1, 2, 257, 264, 137, 266, 12, 397, 398, 399, 296, 178, 71, 74, 334, 337, 339, 362, 106]",20
1349,"[0, 1, 2, 71, 266, 331, 397, 398, 399, 339, 222, 102, 106, 368, 178, 372]",16
1350,"[0, 1, 2, 197, 73, 203, 397, 398, 207, 399, 339, 222, 106, 372, 185, 314, 191]",17
1351,"[0, 1, 2, 3, 327, 329, 140, 397, 398, 399, 339, 20, 222, 354, 106, 372, 184, 58]",18
1352,"[0, 1, 2, 138, 266, 139, 395, 397, 399, 80, 398, 339, 222, 38, 106, 365, 176, 372]",18
1353,"[0, 1, 2, 257, 71, 397, 398, 399, 339, 106, 368, 178, 310, 124]",14
1354,"[0, 1, 2, 9, 267, 397, 398, 399, 273, 150, 156, 165, 43, 185, 321, 207, 339, 91, 222, 106, 365, 126]",22
1355,"[0, 1, 2, 266, 395, 397, 398, 399, 339, 222, 100, 38, 106, 176, 372, 314]",16
1356,"[0, 1, 2, 7, 137, 395, 397, 398, 399, 339, 222, 38, 106, 176, 372]",15
1357,"[1, 2, 3, 71, 397, 398, 399, 16, 339, 83, 36, 106, 365, 368, 178, 190]",16
1358,"[1, 2, 397, 398, 207, 399, 339, 156, 186, 106, 185, 314]",12
1359,"[0, 1, 2, 67, 198, 264, 9, 329, 267, 397, 398, 399, 339, 106, 235, 183, 383]",17
1360,"[0, 1, 2, 397, 398, 399, 207, 339, 212, 27, 156, 222, 106, 372]",14
1361,"[0, 1, 2, 3, 261, 327, 71, 397, 398, 399, 339, 106, 365, 368, 178, 316, 383]",17
1362,"[2, 71, 397, 398, 399, 368, 178, 371, 246]",9
1363,"[384, 1, 2, 194, 397, 398, 399, 106, 368, 178, 370, 180, 123, 190]",14
1364,"[0, 1, 2, 3, 266, 268, 397, 398, 399, 293, 303, 178, 190, 62, 199, 200, 330, 209, 339, 87, 100, 356, 106, 368, 373]",25
1365,"[0, 1, 2, 397, 206, 398, 399, 339, 222, 169, 106, 368, 178]",13
1366,"[0, 1, 2, 3, 327, 330, 268, 397, 398, 399, 209, 339, 293, 106, 368, 305, 178, 383]",18
1367,"[0, 1, 2, 3, 266, 397, 398, 399, 25, 45, 178, 190, 71, 206, 339, 343, 344, 354, 106, 368, 374, 125]",22
1368,"[0, 1, 2, 9, 266, 267, 395, 397, 398, 399, 165, 178, 52, 71, 339, 214, 222, 106, 235, 368]",20
1369,"[0, 2, 3, 71, 393, 329, 267, 137, 397, 398, 399, 209, 106, 107, 176, 178, 51]",17
1370,"[0, 1, 2, 385, 262, 266, 395, 397, 398, 399, 277, 156, 38, 170, 176, 308, 331, 339, 91, 222, 106, 238, 372, 245]",24
1371,"[0, 1, 2, 389, 331, 397, 398, 399, 339, 212, 27, 222, 106, 372]",14
1372,"[0, 1, 2, 3, 9, 266, 267, 397, 398, 399, 191, 63, 196, 71, 339, 106, 235, 107, 367, 368]",20
1373,"[0, 1, 3, 266, 332, 397, 398, 399, 339, 277, 222, 159, 106, 372]",14
1374,"[1, 2, 3, 71, 397, 398, 399, 81, 339, 290, 100, 356, 106, 365, 368, 178, 373]",17
1375,"[0, 1, 2, 194, 266, 202, 397, 398, 399, 273, 339, 91, 284, 357, 106, 368, 178, 180]",18
1376,"[0, 1, 2, 71, 9, 137, 267, 140, 397, 398, 399, 331, 339, 91, 106, 248]",16
1377,"[0, 1, 266, 397, 398, 399, 146, 339, 30, 159, 106, 190, 62]",13
1378,"[1, 2, 395, 397, 398, 399, 339, 222, 38, 106, 176, 372]",12
1379,"[0, 1, 2, 9, 137, 267, 397, 398, 399, 339, 222, 106, 372, 127]",14
1380,"[384, 1, 2, 3, 397, 398, 399, 178, 58, 190, 71, 206, 106, 368, 369, 370, 371, 246, 123, 125]",20
1381,"[0, 1, 2, 71, 397, 398, 399, 339, 29, 161, 162, 362, 106, 178, 190, 62]",16
1382,"[0, 1, 2, 3, 388, 9, 397, 398, 399, 29, 157, 159, 178, 190, 321, 71, 334, 209, 339, 94, 354, 362, 106, 235]",24
1383,"[0, 1, 2, 9, 137, 267, 76, 397, 398, 399, 339, 94, 222, 106, 372, 376]",16
1384,"[0, 1, 2, 3, 395, 397, 398, 399, 159, 38, 176, 63, 198, 71, 329, 75, 339, 228, 106, 368]",20
1385,"[0, 1, 3, 71, 76, 397, 398, 399, 339, 19, 222, 106, 368, 372, 376]",15
1386,"[0, 1, 2, 76, 397, 398, 207, 399, 339, 156, 222, 186, 106, 372, 376, 185, 314]",17
1387,"[0, 1, 2, 3, 256, 390, 266, 139, 397, 398, 399, 174, 178, 186, 71, 339, 344, 222, 355, 360, 106, 238, 368, 240]",24
1388,"[0, 1, 2, 256, 266, 139, 397, 398, 399, 174, 178, 186, 71, 329, 339, 348, 350, 355, 106, 238, 368, 243]",22
1389,"[0, 1, 2, 321, 71, 266, 75, 396, 397, 398, 399, 159, 106, 107, 370, 178, 190]",17
1390,"[0, 1, 2, 137, 9, 267, 397, 398, 399, 339, 222, 106, 372, 127]",14
1391,"[0, 1, 2, 321, 71, 266, 75, 396, 397, 398, 399, 339, 159, 106, 107, 178, 190]",17
1392,"[1, 2, 71, 397, 398, 399, 339, 222, 106, 365, 368, 178, 372]",13
1393,"[1, 2, 71, 106, 397, 398, 399, 178, 339]",9
1394,"[1, 2, 71, 397, 398, 399, 339, 106, 368, 178, 310, 124]",12
1395,"[0, 1, 2, 3, 256, 266, 139, 397, 398, 399, 174, 178, 186, 71, 209, 339, 355, 106, 238]",19
1396,"[0, 1, 2, 393, 137, 267, 397, 398, 399, 176, 178, 51, 190, 199, 71, 329, 331, 106, 107, 370]",20
1397,"[0, 1, 2, 388, 71, 265, 397, 398, 143, 399, 339, 91, 29, 362, 106, 178]",16
1398,"[0, 1, 2, 3, 66, 259, 397, 398, 399, 106, 368, 370, 178, 373, 190]",15
1399,"[0, 1, 2, 395, 397, 398, 399, 339, 222, 38, 296, 106, 236, 176, 372, 376]",16
1400,"[0, 1, 2, 71, 331, 397, 398, 399, 339, 91, 222, 159, 106, 113, 248]",15
1401,"[0, 1, 2, 192, 197, 203, 397, 398, 207, 399, 339, 156, 106, 314, 367, 185, 378]",17
1402,"[0, 1, 2, 3, 390, 135, 8, 266, 395, 397, 398, 399, 146, 30, 173, 62, 190, 331, 213, 106, 370, 124, 255]",23
1403,"[0, 1, 2, 9, 137, 267, 138, 266, 398, 399, 80, 397, 339, 222, 100, 106, 372]",17
1404,"[0, 1, 2, 3, 131, 137, 9, 267, 397, 398, 399, 279, 51, 308, 183, 63, 67, 198, 71, 329, 330, 78, 339, 222, 106, 236, 368, 372, 245, 383]",30
1405,"[0, 1, 2, 3, 131, 393, 397, 398, 399, 153, 294, 40, 297, 178, 51, 71, 329, 346, 233, 106, 365, 368, 127]",23
1406,"[0, 1, 2, 3, 265, 397, 398, 399, 29, 286, 176, 178, 71, 208, 339, 89, 222, 99, 362, 106, 236, 372, 381]",23
1407,"[0, 1, 2, 3, 5, 393, 137, 267, 397, 398, 399, 153, 176, 178, 51, 190, 71, 329, 206, 209, 230, 106, 107, 370]",24
1408,"[0, 1, 2, 266, 395, 397, 398, 399, 146, 276, 52, 308, 186, 321, 71, 74, 75, 339, 222, 358, 106, 368, 372, 126]",24
1409,"[0, 1, 2, 192, 197, 9, 74, 267, 203, 137, 398, 399, 397, 339, 106, 378]",16
1410,"[0, 1, 2, 3, 385, 397, 398, 399, 168, 178, 58, 316, 71, 201, 339, 354, 229, 106, 365, 368, 114]",21
1411,"[0, 1, 2, 3, 265, 266, 138, 397, 398, 399, 273, 20, 80, 339, 222, 100, 234, 106, 236, 372, 376]",21
1412,"[0, 1, 2, 132, 266, 140, 397, 398, 399, 186, 71, 331, 339, 89, 91, 106, 364, 368, 248, 126]",20
1413,"[0, 1, 2, 3, 262, 266, 397, 398, 399, 290, 178, 195, 81, 339, 222, 98, 100, 356, 106, 236, 368, 372, 245, 373]",24
1414,"[0, 1, 2, 64, 199, 71, 397, 398, 399, 339, 150, 357, 167, 169, 106, 236, 368, 178]",18
1415,"[0, 1, 2, 8, 266, 395, 397, 398, 399, 16, 28, 36, 178, 71, 331, 339, 106, 368, 251]",19
1416,"[0, 1, 2, 3, 384, 393, 137, 397, 398, 399, 153, 176, 178, 51, 56, 190, 71, 329, 208, 340, 106, 107, 368, 370, 123]",25
1417,"[0, 1, 2, 3, 266, 397, 398, 399, 286, 178, 179, 193, 69, 199, 71, 330, 77, 208, 339, 88, 89, 346, 222, 101, 106, 236, 376]",27
1418,"[0, 1, 2, 137, 267, 397, 398, 399, 278, 296, 178, 310, 71, 80, 339, 222, 106, 236, 368, 124, 126]",21
1419,"[0, 1, 2, 3, 384, 131, 266, 13, 398, 397, 399, 283, 29, 160, 37, 297, 178, 190, 196, 325, 71, 329, 80, 339, 351, 362, 235, 106, 368]",29
1420,"[0, 1, 2, 397, 398, 399, 25, 156, 185, 186, 331, 207, 339, 91, 222, 226, 106, 235, 236, 372, 126]",21
1421,"[0, 1, 2, 3, 256, 266, 139, 397, 398, 399, 174, 178, 179, 316, 190, 71, 328, 77, 339, 355, 361, 106, 365, 368]",24
1422,"[0, 1, 2, 256, 384, 266, 139, 397, 398, 399, 174, 178, 190, 321, 71, 206, 355, 106, 368, 370, 123]",21
1423,"[0, 1, 2, 3, 385, 266, 139, 397, 398, 399, 146, 20, 30, 159, 168, 184, 58, 62, 329, 339, 222, 354, 106, 236, 372]",25
1424,"[0, 1, 2, 3, 388, 5, 265, 397, 398, 143, 399, 178, 71, 209, 339, 354, 230, 106, 368]",19
1425,"[0, 1, 2, 71, 397, 398, 399, 339, 106, 365, 176, 368, 178, 316]",14
1426,"[0, 2, 3, 69, 71, 266, 77, 398, 399, 208, 397, 25, 89, 29, 286, 362, 178, 179]",18
1427,"[0, 1, 2, 3, 262, 135, 266, 397, 398, 399, 290, 178, 307, 81, 339, 98, 356, 106, 368, 369, 245]",21
1428,"[0, 1, 2, 3, 9, 137, 267, 397, 398, 399, 292, 194, 71, 80, 339, 91, 222, 106, 365, 372, 123, 126]",22
1429,"[0, 1, 2, 7, 397, 398, 399, 339, 106, 368, 114, 178, 190]",13
1430,"[1, 2, 3, 392, 397, 398, 399, 290, 178, 181, 71, 329, 81, 339, 348, 350, 356, 106, 368, 243]",20
1431,"[0, 1, 2, 3, 5, 266, 397, 398, 399, 272, 276, 29, 286, 159, 178, 62, 190, 196, 69, 71, 75, 208, 209, 339, 89, 230, 362, 106]",28
1432,"[0, 1, 2, 3, 389, 395, 397, 398, 399, 156, 292, 38, 176, 63, 71, 207, 80, 339, 91, 222, 106, 236, 365, 368, 123, 126]",26
1433,"[0, 1, 2, 3, 259, 384, 397, 398, 399, 272, 29, 178, 190, 321, 69, 71, 206, 89, 362, 106, 368, 370, 123, 127]",24
1434,"[0, 1, 2, 3, 71, 138, 77, 398, 399, 397, 339, 106, 176, 178, 179]",15
1435,"[0, 1, 2, 3, 384, 128, 266, 397, 398, 399, 283, 286, 303, 178, 71, 330, 209, 88, 89, 346, 101, 106, 123]",23
1436,"[0, 1, 2, 3, 385, 397, 398, 399, 20, 183, 194, 67, 198, 71, 329, 339, 222, 106, 234, 372, 383]",21
1437,"[0, 1, 2, 3, 137, 397, 398, 399, 159, 176, 51, 199, 329, 339, 84, 222, 106, 107, 236, 372]",20
1438,"[0, 1, 2, 3, 389, 266, 139, 395, 397, 398, 399, 38, 176, 185, 194, 71, 80, 339, 222, 106, 365, 372]",22
1439,"[0, 1, 2, 3, 5, 266, 12, 397, 398, 399, 276, 277, 25, 29, 174, 178, 324, 71, 209, 339, 230, 362, 106, 238, 241]",25
1440,"[0, 1, 2, 392, 266, 397, 398, 399, 296, 300, 178, 181, 71, 329, 339, 348, 350, 106, 368, 243]",20
1441,"[0, 1, 2, 3, 397, 398, 399, 271, 156, 29, 170, 178, 179, 186, 71, 77, 207, 339, 362, 106, 373, 120, 126]",23
1442,"[384, 1, 2, 3, 71, 397, 206, 398, 399, 106, 368, 178, 370, 56, 123, 190]",16
1443,"[0, 1, 2, 9, 137, 396, 397, 398, 399, 339, 222, 106, 43, 365, 242, 372]",16
1444,"[2, 71, 397, 398, 399, 368, 178]",7
1445,"[0, 1, 2, 3, 264, 397, 398, 399, 272, 296, 183, 185, 314, 194, 71, 207, 339, 91, 222, 106, 115, 372, 383]",23
1446,"[0, 1, 2, 3, 137, 266, 396, 397, 398, 399, 150, 284, 43, 176, 180, 194, 196, 71, 80, 339, 106, 365, 242]",23
1447,"[0, 1, 2, 194, 266, 397, 398, 399, 339, 296, 106, 368, 178, 180]",14
1448,"[0, 1, 2, 3, 390, 266, 139, 397, 398, 399, 162, 293, 178, 339, 222, 227, 106, 236, 368, 372]",20
1449,"[0, 1, 2, 3, 71, 266, 397, 398, 399, 339, 152, 106, 368, 178]",14
1450,"[0, 1, 2, 258, 71, 139, 397, 398, 399, 16, 339, 222, 36, 106, 368, 178, 372]",17
1451,"[0, 1, 2, 266, 138, 397, 398, 399, 186, 331, 80, 339, 91, 219, 222, 100, 106, 365, 372, 126]",20
1452,"[0, 1, 2, 3, 5, 138, 266, 397, 398, 399, 160, 178, 190, 196, 71, 209, 339, 341, 230, 106, 235, 127]",22
1453,"[0, 1, 2, 202, 397, 398, 399, 339, 150, 284, 222, 357, 106, 368, 369, 178, 307]",17
1454,"[0, 1, 2, 266, 139, 397, 398, 399, 18, 276, 171, 178, 310, 190, 71, 339, 355, 106, 368, 124]",20
1455,"[0, 1, 2, 3, 259, 138, 397, 398, 399, 152, 159, 178, 190, 66, 71, 75, 339, 106, 365, 368, 116]",21
1456,"[0, 1, 2, 257, 266, 397, 398, 399, 165, 178, 316, 190, 71, 337, 339, 106, 365, 368, 115, 381]",20
1457,"[0, 1, 2, 71, 397, 398, 399, 339, 106, 45, 368, 178, 372]",13
1458,"[0, 1, 2, 3, 131, 397, 398, 399, 17, 297, 170, 178, 181, 71, 329, 207, 79, 338, 213, 352, 368, 126]",22
1459,"[0, 1, 2, 384, 266, 397, 398, 399, 161, 165, 178, 190, 321, 71, 201, 206, 229, 106, 368, 370, 123]",21
1460,"[0, 1, 2, 3, 71, 397, 398, 399, 339, 152, 29, 362, 106, 45, 368, 178, 372]",17
1461,"[0, 1, 2, 3, 388, 138, 12, 397, 398, 399, 185, 314, 194, 322, 71, 80, 339, 219, 220, 92, 222, 91, 354, 106, 365, 252]",26
1462,"[0, 1, 2, 3, 131, 384, 397, 398, 399, 273, 17, 296, 297, 190, 329, 76, 213, 94, 233, 106, 368, 370, 376, 123]",24
1463,"[0, 1, 2, 3, 393, 397, 398, 399, 33, 51, 53, 62, 63, 199, 329, 330, 339, 106, 107, 109, 240, 368, 373, 127]",24
1464,"[1, 2, 71, 397, 398, 399, 339, 106, 368, 178]",10
1465,"[0, 1, 2, 3, 397, 398, 399, 18, 152, 283, 284, 171, 304, 178, 310, 190, 71, 202, 339, 106, 368, 124]",22
1466,"[0, 1, 2, 257, 385, 397, 270, 399, 398, 278, 176, 178, 316, 190, 71, 339, 230, 106, 365, 368]",20
1467,"[0, 1, 2, 3, 397, 398, 399, 152, 283, 45, 304, 178, 310, 71, 339, 106, 368, 372, 124]",19
1468,"[0, 1, 2, 3, 385, 397, 398, 399, 159, 292, 298, 308, 183, 194, 198, 71, 329, 339, 88, 91, 222, 106, 236, 113, 114, 245]",26
1469,"[0, 1, 2, 3, 71, 397, 398, 399, 209, 338, 339, 212, 283, 106, 304, 178, 190]",17
1470,"[0, 1, 70, 9, 397, 398, 399, 339, 222, 106, 236, 372]",12
1471,"[1, 2, 71, 397, 398, 399, 339, 283, 106, 368, 304, 178, 190]",13
1472,"[0, 1, 2, 388, 397, 398, 399, 339, 91, 222, 354, 106, 236, 372]",14
1473,"[1, 2, 71, 397, 398, 399, 339, 106, 365, 368, 178, 316]",12
1474,"[0, 1, 2, 138, 12, 397, 398, 399, 80, 339, 277, 156, 222, 106, 372, 126]",16
1475,"[0, 1, 2, 202, 397, 206, 399, 398, 339, 284, 222, 169, 106, 236, 368, 178, 180, 372]",18
1476,"[0, 1, 2, 3, 266, 397, 398, 399, 21, 296, 300, 178, 58, 316, 71, 339, 222, 354, 106, 236, 365, 368, 245]",23
1477,"[0, 1, 2, 3, 258, 266, 139, 395, 397, 398, 399, 278, 159, 290, 163, 187, 319, 331, 81, 339, 100, 356, 106, 381]",24
1478,"[0, 1, 2, 389, 266, 397, 398, 399, 272, 276, 29, 286, 159, 178, 62, 196, 69, 71, 75, 331, 208, 339, 89, 362, 106]",25
1479,"[0, 1, 2, 259, 9, 266, 267, 397, 398, 399, 283, 174, 176, 304, 315, 339, 351, 106, 252]",19
1480,"[0, 1, 2, 3, 388, 257, 194, 397, 398, 207, 399, 339, 222, 354, 106, 236, 176]",17
1481,"[0, 1, 2, 196, 266, 267, 397, 398, 399, 273, 150, 43, 365, 240, 242, 123]",16
1482,"[0, 1, 2, 3, 131, 137, 9, 267, 397, 398, 399, 17, 283, 175, 304, 178, 190, 71, 199, 213, 233, 106, 368, 370]",24
1483,"[0, 1, 2, 3, 131, 384, 138, 12, 397, 398, 399, 17, 175, 314, 71, 80, 213, 91, 233, 106, 361, 368, 123]",23
1484,"[0, 1, 2, 3, 7, 139, 397, 398, 399, 36, 178, 50, 71, 329, 81, 339, 219, 222, 102, 106, 236, 368, 114, 372, 247, 253, 382]",27
1485,"[0, 1, 2, 3, 388, 133, 137, 9, 329, 397, 398, 399, 339, 91, 354, 106]",16
1486,"[0, 1, 2, 3, 397, 398, 399, 176, 178, 186, 316, 190, 69, 71, 339, 106, 365, 368, 381]",19
1487,"[0, 1, 2, 3, 199, 71, 9, 266, 267, 137, 397, 398, 399, 209, 339, 89, 106, 178]",18
1488,"[0, 1, 2, 9, 397, 398, 399, 29, 157, 159, 286, 178, 69, 71, 208, 339, 89, 94, 362, 106]",20
1489,"[0, 1, 2, 3, 386, 138, 397, 398, 399, 156, 323, 71, 80, 339, 222, 106, 372, 119, 126]",19
1490,"[0, 1, 2, 3, 266, 396, 397, 398, 399, 29, 31, 159, 178, 190, 71, 75, 334, 339, 347, 106, 368, 374]",22
1491,"[1, 2, 3, 71, 397, 398, 399, 339, 152, 222, 106, 368, 178, 310, 124]",15
1492,"[0, 1, 2, 266, 12, 397, 398, 399, 276, 277, 25, 174, 178, 310, 190, 324, 71, 339, 106, 238, 241, 124]",22
1493,"[0, 1, 384, 3, 389, 266, 139, 397, 398, 399, 156, 57, 185, 190, 71, 206, 80, 230, 106, 365, 368, 370, 123]",23
1494,"[1, 2, 3, 71, 397, 398, 399, 339, 29, 39, 362, 106, 178, 374, 254]",15
1495,"[1, 2, 71, 397, 398, 399, 339, 106, 365, 368, 178, 316, 190]",13
1496,"[0, 1, 2, 199, 266, 139, 397, 398, 399, 81, 339, 226, 106, 368, 178]",15
1497,"[0, 1, 2, 71, 138, 397, 398, 399, 339, 233, 106, 368, 178]",13
1498,"[0, 1, 2, 199, 71, 266, 139, 397, 398, 399, 81, 339, 222, 226, 106, 178, 372]",17
1499,"[0, 1, 2, 3, 133, 329, 266, 397, 398, 399, 339, 100, 106, 176, 180, 187, 252]",17
1500,"[0, 1, 2, 3, 131, 384, 397, 398, 399, 297, 171, 173, 178, 190, 71, 329, 213, 89, 91, 106, 368, 370, 119, 123]",24
1501,"[0, 1, 2, 3, 133, 137, 9, 329, 397, 398, 399, 339, 91, 106]",14
1502,"[0, 1, 2, 71, 266, 397, 398, 399, 339, 276, 343, 106, 368, 178]",14
1503,"[0, 1, 2, 3, 266, 139, 397, 398, 143, 399, 64, 320, 71, 199, 201, 331, 339, 106, 236, 368]",20
1504,"[0, 1, 2, 3, 133, 329, 397, 398, 399, 339, 228, 106, 176]",13
1505,"[0, 1, 2, 3, 139, 397, 398, 143, 399, 33, 36, 46, 175, 178, 320, 71, 201, 210, 339, 222, 102, 106, 368]",23
1506,"[0, 1, 2, 389, 266, 139, 397, 398, 399, 146, 20, 292, 185, 80, 339, 88, 220, 222, 106, 234, 365, 372, 123]",23
1507,"[0, 1, 2, 3, 131, 133, 264, 266, 397, 398, 399, 25, 308, 183, 194, 198, 329, 75, 339, 91, 222, 106, 245, 383]",24
1508,"[0, 1, 2, 3, 133, 389, 9, 137, 266, 139, 397, 398, 399, 292, 178, 185, 329, 80, 339, 220, 222, 106, 365, 372, 120, 123, 382]",27
1509,"[0, 1, 2, 3, 266, 397, 398, 399, 146, 177, 178, 71, 206, 339, 344, 222, 360, 106, 365, 368]",20
1510,"[0, 2, 266, 397, 398, 399, 29, 286, 161, 165, 178, 69, 199, 71, 208, 88, 89, 101, 362]",19
1511,"[0, 1, 2, 3, 259, 388, 384, 265, 266, 397, 398, 399, 29, 286, 178, 314, 190, 69, 71, 208, 89, 99, 100, 362, 106, 370, 376, 123, 252]",29
1512,"[1, 2, 3, 194, 259, 200, 10, 397, 398, 399, 339, 106, 368, 178, 180]",15
1513,"[0, 1, 2, 3, 71, 266, 397, 398, 399, 152, 25, 283, 106, 368, 304, 370, 178, 190]",18
1514,"[0, 1, 2, 3, 9, 137, 329, 397, 398, 399, 270, 339, 85, 222, 106, 372, 116, 121]",18
1515,"[0, 1, 2, 384, 137, 267, 397, 398, 399, 157, 296, 178, 190, 71, 76, 206, 94, 106, 368, 370, 246, 123]",22
1516,"[0, 1, 2, 3, 133, 137, 9, 138, 397, 398, 399, 159, 314, 329, 75, 80, 339, 91, 222, 106, 372]",21
1517,"[0, 1, 2, 128, 71, 72, 397, 398, 399, 89, 91, 286, 106, 370, 178, 190]",16
1518,"[0, 1, 2, 3, 6, 266, 397, 398, 399, 178, 60, 190, 71, 206, 83, 339, 106, 109, 368]",19
1519,"[0, 1, 2, 194, 320, 266, 139, 331, 397, 398, 399, 210, 339, 33, 106, 368, 178, 180]",18
1520,"[0, 1, 2, 3, 389, 137, 266, 9, 139, 397, 398, 399, 292, 185, 329, 80, 339, 85, 220, 222, 106, 365, 372, 123]",24
1521,"[0, 1, 2, 3, 388, 133, 265, 266, 397, 398, 399, 176, 304, 325, 329, 339, 217, 89, 94, 222, 354, 106, 372]",23
1522,"[0, 1, 2, 3, 257, 7, 137, 9, 397, 398, 399, 161, 162, 63, 193, 71, 339, 346, 351, 106, 368, 127]",22
1523,"[0, 1, 2, 3, 133, 329, 266, 397, 398, 399, 339, 100, 106, 176, 180, 314, 187, 252]",18
1524,"[0, 1, 2, 3, 389, 266, 139, 397, 398, 399, 292, 176, 185, 329, 80, 339, 85, 220, 222, 106, 365, 372, 123]",23
1525,"[0, 1, 194, 3, 384, 267, 397, 398, 399, 150, 43, 365, 368, 123]",14
1526,"[0, 1, 2, 3, 133, 397, 398, 399, 146, 20, 161, 162, 193, 199, 329, 339, 88, 222, 351, 234, 106, 372, 127]",23
1527,"[0, 1, 2, 3, 266, 139, 397, 398, 399, 152, 25, 178, 310, 71, 339, 343, 355, 106, 124]",19
1528,"[0, 1, 2, 389, 266, 139, 397, 398, 399, 27, 292, 80, 339, 212, 220, 222, 106, 365, 372, 123]",20
1529,"[0, 1, 258, 3, 128, 139, 332, 397, 398, 207, 399, 354, 106, 370, 190]",15
1530,"[0, 1, 2, 3, 138, 266, 139, 397, 398, 399, 176, 312, 80, 339, 222, 106, 365, 372, 375]",19
1531,"[0, 1, 2, 71, 266, 139, 397, 398, 399, 81, 339, 222, 226, 106, 178, 372, 310, 124]",18
1532,"[0, 1, 2, 266, 396, 397, 398, 399, 29, 286, 178, 69, 71, 208, 339, 89, 351, 362, 106]",19
1533,"[0, 1, 384, 3, 262, 266, 138, 13, 398, 397, 399, 50, 57, 190, 71, 206, 80, 230, 106, 364, 365, 368, 370, 245, 123]",25
1534,"[0, 1, 2, 3, 133, 137, 9, 267, 138, 397, 398, 399, 51, 180, 187, 329, 330, 80, 339, 106, 252]",21
1535,"[0, 1, 2, 3, 131, 384, 259, 138, 397, 398, 399, 173, 186, 71, 329, 80, 213, 233, 106, 368, 123]",21
1536,"[0, 1, 2, 3, 133, 397, 398, 399, 156, 30, 159, 176, 308, 185, 329, 331, 204, 207, 339, 222, 230, 106, 372]",23
1537,"[2, 3, 131, 71, 329, 397, 398, 399, 213, 173, 368, 178]",12
1538,"[0, 1, 2, 3, 133, 9, 137, 267, 139, 397, 398, 399, 51, 185, 329, 330, 204, 207, 339, 222, 230, 106, 372]",23
1539,"[0, 1, 2, 3, 259, 385, 133, 384, 266, 397, 398, 399, 276, 308, 321, 196, 198, 200, 329, 330, 339, 214, 88, 222, 229, 106, 235, 372]",28
1540,"[1, 2, 3, 259, 139, 397, 398, 399, 145, 285, 42, 178, 199, 200, 71, 74, 329, 339, 348, 350, 100, 106, 368, 243]",24
1541,"[0, 1, 2, 3, 133, 137, 397, 398, 399, 156, 185, 314, 329, 207, 339, 222, 106, 372, 249, 126]",20
1542,"[0, 1, 2, 3, 138, 12, 397, 398, 399, 176, 185, 63, 71, 207, 80, 339, 219, 106, 365, 368]",20
1543,"[0, 1, 2, 71, 266, 12, 397, 398, 399, 339, 170, 106, 178, 190]",14
1544,"[0, 1, 2, 3, 137, 397, 398, 399, 278, 27, 186, 194, 80, 339, 212, 222, 106, 368, 372, 126]",20
1545,"[1, 2, 3, 71, 397, 398, 399, 339, 342, 31, 106, 365, 178]",13
1546,"[0, 1, 2, 69, 327, 71, 266, 397, 398, 399, 339, 20, 106, 365, 368, 178, 316, 190]",18
1547,"[1, 2, 329, 397, 398, 399, 339, 222, 106, 372, 184]",11
1548,"[1, 2, 71, 397, 398, 399, 208, 339, 89, 29, 222, 286, 362, 106, 178]",15
1549,"[0, 1, 2, 3, 133, 137, 138, 397, 398, 399, 156, 185, 314, 329, 206, 207, 339, 106, 365, 249, 126]",21
1550,"[0, 1, 2, 3, 131, 384, 138, 12, 397, 398, 399, 173, 185, 190, 321, 71, 329, 80, 213, 219, 233, 106, 365, 368, 370, 123]",26
1551,"[0, 1, 2, 3, 137, 397, 398, 399, 29, 31, 296, 175, 178, 317, 190, 71, 334, 80, 339, 342, 362, 106, 365]",23
1552,"[0, 1, 2, 3, 384, 138, 13, 397, 398, 399, 171, 178, 57, 190, 71, 89, 230, 106, 368, 370, 123]",21
1553,"[0, 1, 2, 3, 66, 71, 397, 398, 399, 339, 29, 357, 362, 106, 178, 179, 311, 190]",18
1554,"[0, 1, 2, 3, 384, 138, 397, 398, 399, 31, 175, 178, 317, 190, 71, 206, 342, 91, 106, 365, 370, 123]",22
1555,"[0, 2, 71, 266, 397, 398, 399, 83, 25, 292, 45, 368, 178, 116, 372, 185, 125]",17
1556,"[0, 1, 2, 3, 138, 139, 397, 398, 399, 152, 178, 310, 320, 71, 329, 339, 222, 106, 124]",19
1557,"[1, 2, 71, 329, 397, 206, 399, 398, 339, 348, 350, 106, 365, 368, 178, 243]",16
1558,"[0, 1, 2, 3, 133, 9, 267, 397, 398, 399, 273, 165, 43, 321, 329, 339, 214, 106, 235, 365, 240, 242]",22
1559,"[0, 1, 2, 3, 131, 384, 138, 266, 397, 398, 399, 276, 159, 171, 173, 178, 190, 71, 329, 75, 213, 89, 91, 106, 368, 370, 123]",27
1560,"[0, 1, 2, 3, 266, 139, 397, 398, 399, 31, 175, 178, 317, 190, 71, 339, 342, 355, 106, 365]",20
1561,"[0, 1, 2, 3, 257, 131, 397, 398, 399, 173, 178, 190, 71, 329, 213, 233, 106, 368, 370]",19
1562,"[1, 2, 71, 397, 206, 398, 208, 399, 339, 89, 29, 286, 362, 106, 365, 178]",16
1563,"[0, 1, 2, 3, 259, 395, 139, 397, 398, 399, 145, 285, 163, 42, 52, 319, 326, 71, 199, 200, 74, 206, 210, 339, 100, 106, 365, 368]",28
1564,"[0, 1, 2, 3, 397, 398, 399, 25, 30, 176, 63, 199, 71, 204, 206, 339, 91, 230, 106, 235, 365, 368]",22
1565,"[0, 1, 2, 3, 9, 267, 397, 398, 399, 29, 31, 175, 178, 317, 190, 71, 334, 80, 339, 342, 362, 235, 106, 365]",24
1566,"[0, 1, 2, 3, 397, 398, 399, 29, 286, 31, 178, 315, 190, 71, 208, 339, 342, 89, 362, 106, 365, 252, 381]",23
1567,"[0, 1, 2, 3, 397, 398, 399, 29, 31, 175, 178, 315, 317, 71, 334, 339, 342, 362, 106, 365, 252]",21
1568,"[0, 1, 2, 266, 397, 398, 399, 25, 29, 286, 45, 178, 71, 208, 339, 89, 362, 106, 116, 372]",20
1569,"[1, 2, 3, 259, 139, 397, 398, 399, 145, 285, 42, 178, 71, 199, 200, 74, 339, 222, 100, 106, 368]",21
1570,"[0, 1, 384, 3, 133, 329, 397, 206, 398, 399, 339, 150, 106, 43, 365, 240, 242]",17
1571,"[0, 1, 2, 3, 385, 133, 138, 397, 398, 399, 170, 176, 185, 329, 75, 339, 220, 222, 106, 365, 372, 116]",22
1572,"[0, 1, 2, 3, 385, 133, 138, 266, 139, 397, 398, 399, 156, 329, 75, 339, 220, 222, 106, 365, 116, 372, 126]",23
1573,"[0, 1, 2, 3, 9, 267, 397, 398, 399, 31, 175, 178, 317, 71, 206, 339, 342, 233, 106, 365, 368]",21
1574,"[0, 1, 2, 3, 388, 137, 397, 398, 399, 284, 292, 180, 73, 80, 339, 222, 354, 106, 236, 365]",20
1575,"[1, 2, 395, 397, 398, 399, 339, 222, 38, 106, 176, 372]",12
1576,"[0, 1, 2, 3, 397, 398, 143, 271, 399, 18, 156, 171, 178, 71, 201, 339, 222, 106, 236, 368]",20
1577,"[0, 1, 2, 3, 261, 137, 266, 138, 397, 398, 399, 144, 292, 186, 329, 80, 339, 222, 106, 365, 372, 379]",22
1578,"[1, 106, 397, 206, 365, 399, 398, 339, 222]",9
1579,"[0, 1, 2, 266, 138, 139, 397, 398, 399, 178, 58, 320, 71, 329, 206, 339, 343, 91, 106, 365, 368]",21
1580,"[0, 1, 2, 3, 256, 138, 139, 397, 398, 399, 16, 287, 36, 302, 47, 178, 50, 71, 329, 339, 222, 106, 368, 372]",24
1581,"[128, 1, 2, 3, 5, 71, 397, 206, 399, 398, 339, 152, 89, 286, 230, 106, 365, 178]",18
1582,"[1, 2, 71, 329, 397, 206, 399, 398, 339, 348, 350, 106, 365, 368, 178, 243]",16
1583,"[1, 2, 397, 206, 398, 399, 339, 91, 222, 106, 365]",11
1584,"[0, 1, 3, 259, 200, 10, 397, 398, 399, 339, 93, 222, 106, 367, 372]",15
1585,"[0, 1, 2, 7, 137, 397, 398, 399, 156, 170, 314, 186, 206, 207, 339, 222, 106, 365, 126, 127]",20
1586,"[0, 1, 2, 3, 7, 266, 139, 397, 398, 399, 31, 178, 199, 71, 206, 81, 339, 342, 106, 365, 114]",21
1587,"[0, 1, 2, 384, 266, 397, 398, 399, 20, 296, 178, 58, 190, 321, 69, 327, 71, 343, 106, 368, 370, 123]",22
1588,"[0, 1, 2, 3, 9, 12, 397, 398, 399, 277, 63, 71, 80, 339, 222, 106, 236, 368, 372]",19
1589,"[0, 1, 2, 3, 128, 397, 398, 399, 16, 36, 178, 71, 206, 339, 93, 354, 106, 365, 367, 368]",20
1590,"[0, 1, 2, 3, 5, 138, 139, 397, 398, 399, 152, 178, 310, 190, 320, 71, 329, 206, 339, 230, 106, 365, 368, 124]",24
1591,"[0, 1, 2, 3, 384, 266, 397, 398, 399, 146, 20, 31, 296, 178, 69, 327, 71, 206, 342, 106, 365, 123]",22
1592,"[0, 384, 2, 3, 397, 398, 399, 276, 153, 157, 159, 31, 178, 62, 196, 70, 71, 75, 342, 94, 106, 365]",22
1593,"[0, 1, 2, 266, 397, 206, 398, 399, 339, 106, 365, 368, 178]",13
1594,"[1, 2, 3, 71, 397, 334, 206, 398, 399, 339, 29, 106, 365, 368, 178, 374, 316]",17
1595,"[0, 1, 2, 3, 397, 398, 399, 43, 182, 55, 63, 71, 329, 206, 339, 106, 107, 365, 368]",19
1596,"[0, 1, 2, 71, 139, 397, 398, 399, 81, 339, 222, 106, 236, 365, 368, 178, 372]",17
1597,"[0, 1, 2, 266, 397, 398, 399, 276, 29, 174, 178, 324, 69, 71, 206, 339, 89, 222, 362, 365, 372]",21
1598,"[0, 1, 2, 3, 266, 397, 398, 399, 276, 168, 174, 178, 316, 190, 324, 71, 333, 339, 106, 365, 368]",21
1599,"[1, 2, 3, 200, 10, 397, 206, 399, 398, 339, 106, 365, 368, 178, 190]",15
1600,"[384, 1, 2, 3, 321, 71, 397, 398, 399, 83, 106, 368, 370, 178, 123, 190]",16
1601,"[0, 1, 2, 3, 397, 398, 399, 273, 38, 178, 316, 190, 71, 339, 83, 106, 365, 368, 373]",19
1602,"[0, 1, 2, 71, 397, 206, 398, 399, 339, 222, 232, 106, 236, 365, 240, 368, 178, 316]",18
1603,"[0, 1, 2, 138, 75, 397, 206, 207, 80, 398, 399, 339, 222, 170, 365, 372, 314, 126]",18
1604,"[0, 1, 2, 266, 395, 397, 398, 399, 157, 159, 38, 176, 53, 206, 339, 89, 222, 236, 365, 372]",20
1605,"[0, 1, 2, 397, 398, 399, 210, 339, 106, 48, 178, 190]",12
1606,"[0, 1, 2, 71, 137, 397, 398, 399, 339, 106, 368, 178, 190]",13
1607,"[0, 1, 2, 3, 266, 397, 398, 399, 143, 276, 25, 174, 178, 324, 71, 201, 206, 339, 343, 106, 365, 368]",22
1608,"[0, 1, 2, 3, 384, 137, 266, 13, 398, 397, 399, 153, 178, 57, 190, 321, 71, 230, 106, 368, 370, 249, 123]",23
1609,"[0, 1, 2, 9, 137, 397, 206, 398, 399, 339, 106, 365, 183, 383]",14
1610,"[0, 1, 265, 397, 206, 143, 399, 398, 339, 91, 106, 365]",12
1611,"[0, 1, 2, 3, 389, 138, 397, 398, 399, 156, 178, 185, 186, 314, 330, 206, 207, 80, 339, 229, 106, 365, 120, 126, 382]",25
1612,"[0, 1, 2, 3, 128, 138, 139, 397, 398, 399, 48, 178, 316, 320, 65, 71, 329, 206, 210, 339, 354, 106, 364, 365, 368]",25
1613,"[128, 1, 2, 3, 71, 397, 398, 399, 339, 354, 106, 365, 368, 178, 316]",15
1614,"[0, 1, 2, 3, 5, 393, 137, 9, 267, 397, 398, 399, 152, 153, 45, 176, 178, 51, 190, 71, 329, 339, 230, 106, 107, 370]",26
1615,"[0, 1, 2, 384, 397, 398, 399, 273, 153, 156, 38, 170, 178, 190, 321, 71, 73, 106, 370, 373, 123]",21
1616,"[0, 1, 2, 3, 71, 266, 397, 78, 399, 398, 339, 161, 168, 362, 106, 178, 117, 190]",18
1617,"[384, 1, 2, 3, 194, 321, 201, 397, 398, 143, 399, 106, 368, 370, 178, 180, 123, 190]",18
1618,"[0, 1, 2, 3, 137, 138, 9, 397, 398, 399, 173, 59, 194, 206, 80, 339, 214, 219, 106, 365, 368]",21
1619,"[0, 1, 2, 3, 397, 398, 399, 284, 29, 31, 39, 178, 71, 202, 339, 342, 362, 106, 365, 374, 254]",21
1620,"[0, 1, 2, 71, 397, 398, 399, 273, 339, 38, 106, 365, 368, 178, 373, 316, 190]",17
1621,"[0, 1, 2, 3, 266, 138, 397, 398, 399, 16, 36, 178, 190, 71, 329, 331, 83, 339, 106, 368]",20
1622,"[0, 1, 2, 3, 139, 397, 398, 399, 145, 150, 278, 285, 42, 178, 190, 71, 200, 74, 339, 100, 357, 106, 368, 240]",24
1623,"[0, 1, 2, 389, 138, 395, 266, 139, 397, 399, 398, 38, 176, 50, 185, 206, 80, 339, 220, 106, 364, 365]",22
1624,"[0, 1, 2, 3, 266, 139, 397, 398, 143, 399, 178, 190, 71, 201, 80, 81, 339, 106, 368]",19
1625,"[0, 1, 2, 3, 397, 398, 143, 399, 178, 58, 190, 71, 201, 80, 339, 343, 106, 368, 370]",19
1626,"[0, 1, 2, 3, 131, 397, 398, 399, 17, 273, 29, 38, 173, 175, 178, 190, 71, 329, 339, 213, 362, 106, 368, 370, 373]",25
1627,"[0, 1, 2, 199, 266, 396, 397, 206, 398, 399, 339, 91, 222, 351, 106, 236, 365]",17
1628,"[1, 2, 71, 397, 206, 399, 398, 339, 106, 365, 178]",11
1629,"[0, 1, 2, 3, 128, 266, 138, 139, 397, 398, 399, 178, 320, 329, 206, 339, 91, 354, 106, 365, 368]",21
1630,"[0, 1, 2, 3, 128, 266, 138, 139, 397, 398, 399, 159, 178, 320, 329, 206, 339, 354, 106, 365, 368]",21
1631,"[0, 1, 2, 388, 397, 206, 399, 398, 273, 339, 91, 92, 354, 38, 106, 365, 373]",17
1632,"[0, 1, 2, 3, 259, 256, 138, 139, 397, 398, 399, 145, 278, 285, 287, 290, 42, 302, 47, 178, 307, 65, 71, 200, 329, 74, 206, 81, 339, 100, 228, 106, 365, 368, 240, 374, 119]",37
1633,"[0, 1, 2, 75, 397, 206, 398, 399, 339, 106, 365, 191]",12
1634,"[0, 1, 2, 3, 5, 397, 398, 399, 152, 284, 29, 178, 71, 202, 206, 339, 230, 362, 106, 365]",20
1635,"[0, 1, 2, 3, 329, 138, 11, 139, 397, 206, 399, 398, 339, 106, 365, 368, 50, 178]",18
1636,"[0, 1, 2, 3, 137, 267, 397, 398, 399, 29, 31, 178, 70, 71, 206, 80, 339, 94, 362, 106, 365]",21
1637,"[0, 1, 2, 3, 259, 71, 329, 138, 397, 398, 399, 106, 365, 368, 178, 316]",16
1638,"[1, 106, 364, 333, 398, 397, 399, 339]",8
1639,"[0, 1, 2, 71, 397, 206, 399, 398, 339, 106, 365, 176, 178]",13
1640,"[0, 1, 2, 71, 266, 397, 206, 398, 399, 339, 25, 106, 365, 178]",14
1641,"[0, 1, 2, 3, 6, 397, 398, 399, 178, 316, 190, 71, 206, 83, 339, 106, 109, 365, 368, 373]",20
1642,"[0, 1, 2, 3, 266, 397, 398, 143, 399, 25, 178, 316, 71, 201, 206, 339, 106, 365, 368]",19
1643,"[1, 2, 3, 71, 397, 206, 399, 398, 339, 152, 168, 362, 106, 365, 178]",15
1644,"[0, 1, 2, 3, 131, 138, 397, 398, 399, 294, 40, 171, 173, 175, 178, 71, 329, 74, 80, 213, 89, 90, 106, 365, 368, 380]",26
1645,"[0, 1, 2, 3, 266, 11, 139, 397, 398, 399, 16, 25, 36, 178, 71, 206, 339, 106, 365, 368]",20
1646,"[1, 2, 397, 206, 398, 399, 339, 222, 106, 236, 365, 368, 178]",13
1647,"[0, 1, 2, 262, 138, 75, 266, 397, 206, 398, 80, 399, 339, 222, 106, 365, 366, 245]",18
1648,"[0, 1, 2, 3, 259, 262, 266, 278, 282, 285, 290, 42, 302, 47, 71, 329, 74, 79, 81, 339, 348, 350, 100, 106, 365, 368, 392, 138, 139, 397, 398, 399, 145, 178, 181, 200, 206, 243, 245]",39
1649,"[0, 1, 2, 392, 265, 139, 397, 398, 143, 399, 200, 206, 339, 87, 219, 91, 355, 106, 365]",19
1650,"[0, 1, 2, 3, 257, 262, 138, 266, 397, 398, 399, 194, 206, 207, 80, 339, 106, 365, 366, 245]",20
1651,"[0, 1, 2, 320, 329, 138, 266, 139, 397, 206, 398, 399, 339, 91, 106, 365, 368, 178]",18
1652,"[0, 1, 2, 196, 266, 397, 398, 399, 339, 213, 106, 173, 370, 190, 255]",15
1653,"[0, 1, 2, 265, 397, 206, 207, 399, 143, 398, 339, 170, 106, 365, 373, 186]",16
1654,"[0, 1, 2, 139, 397, 398, 399, 283, 303, 321, 206, 339, 86, 91, 222, 355, 106, 236, 365]",19
1655,"[0, 2, 3, 266, 139, 397, 398, 399, 178, 179, 316, 71, 328, 355, 361, 106, 365, 109, 368]",19
1656,"[0, 1, 2, 3, 131, 397, 398, 399, 170, 173, 178, 186, 190, 71, 329, 206, 207, 339, 213, 106, 368, 373]",22
1657,"[0, 1, 2, 69, 138, 266, 397, 398, 399, 339, 91, 106, 186]",13
1658,"[0, 1, 2, 3, 266, 397, 398, 143, 399, 276, 32, 292, 178, 185, 71, 201, 339, 106, 368, 125]",20
1659,"[0, 1, 2, 3, 266, 138, 139, 397, 398, 143, 16, 17, 399, 36, 178, 188, 71, 201, 329, 331, 339, 106, 368]",23
1660,"[0, 1, 137, 397, 398, 399, 339, 25, 222, 106]",10
1661,"[0, 1, 2, 9, 138, 137, 267, 397, 398, 399, 339, 106, 249]",13
1662,"[1, 2, 3, 397, 398, 399, 29, 31, 39, 173, 178, 190, 71, 206, 339, 362, 106, 374, 254]",19
1663,"[384, 1, 2, 3, 321, 71, 397, 398, 399, 31, 106, 173, 178, 123]",14
1664,"[0, 1, 2, 3, 397, 398, 399, 284, 29, 178, 316, 71, 202, 334, 339, 106, 365, 368, 374]",19
1665,"[0, 1, 2, 397, 206, 207, 399, 398, 339, 149, 156, 186, 170, 106, 365, 178, 314, 127]",18
1666,"[1, 2, 3, 5, 71, 397, 206, 398, 399, 339, 152, 230, 168, 362, 106, 365, 178]",17
1667,"[1, 2, 3, 71, 397, 206, 399, 398, 18, 339, 106, 171, 365, 109, 178, 179, 377]",17
1668,"[0, 1, 2, 3, 259, 266, 138, 139, 397, 398, 399, 17, 285, 290, 42, 178, 188, 199, 71, 200, 329, 331, 206, 81, 339, 356, 102, 106, 365, 368]",30
1669,"[1, 2, 3, 199, 71, 200, 74, 397, 398, 399, 339, 285, 100, 42, 106, 368, 178, 190]",18
1670,"[384, 1, 2, 3, 397, 398, 399, 178, 179, 190, 321, 71, 83, 106, 109, 368, 370, 123, 125]",19
1671,"[0, 1, 2, 262, 138, 266, 139, 75, 398, 399, 80, 397, 339, 218, 106, 365, 116, 245]",18
1672,"[0, 1, 2, 71, 266, 397, 398, 399, 339, 343, 106, 368, 178, 58, 190]",15
1673,"[0, 1, 2, 3, 384, 137, 397, 398, 399, 25, 26, 31, 170, 178, 57, 190, 321, 71, 207, 233, 106, 235, 368, 370, 123]",25
1674,"[0, 1, 2, 3, 138, 139, 397, 398, 399, 152, 168, 178, 320, 71, 329, 206, 339, 362, 106, 365]",20
1675,"[0, 1, 2, 3, 266, 397, 398, 399, 143, 25, 292, 45, 178, 185, 316, 71, 201, 206, 339, 106, 365, 368, 372]",23
1676,"[0, 1, 2, 3, 12, 397, 398, 399, 18, 171, 178, 179, 310, 71, 331, 206, 339, 91, 106, 365, 109, 124]",22
1677,"[0, 1, 2, 266, 139, 397, 398, 399, 18, 283, 171, 303, 178, 310, 71, 339, 222, 355, 106, 124]",20
1678,"[0, 1, 2, 257, 137, 397, 398, 399, 25, 170, 176, 199, 206, 339, 91, 222, 106, 235, 364, 365]",20
1679,"[0, 1, 2, 3, 266, 138, 139, 397, 398, 399, 152, 287, 159, 178, 190, 320, 71, 329, 339, 83, 228, 106, 368, 125]",24
1680,"[0, 1, 2, 3, 257, 9, 138, 397, 398, 399, 176, 194, 206, 207, 80, 339, 214, 106, 235, 365]",20
1681,"[1, 2, 71, 329, 397, 206, 399, 144, 209, 398, 339, 22, 106, 365, 110, 368, 178]",17
1682,"[0, 1, 2, 384, 9, 266, 138, 397, 398, 399, 18, 154, 292, 171, 178, 310, 190, 71, 80, 106, 235, 365, 370, 123, 124]",25
1683,"[0, 1, 2, 262, 266, 138, 395, 397, 398, 399, 38, 176, 75, 206, 339, 222, 106, 236, 365, 116, 245]",21
1684,"[1, 2, 397, 206, 398, 399, 339, 222, 106, 236, 365, 368, 178]",13
1685,"[1, 2, 3, 6, 71, 397, 206, 399, 398, 83, 339, 360, 106, 365, 109, 368, 178, 190]",18
1686,"[1, 2, 3, 71, 397, 77, 399, 398, 339, 106, 365, 109, 368, 178, 179, 374, 190]",17
1687,"[0, 1, 2, 266, 397, 398, 399, 178, 190, 71, 199, 77, 206, 339, 360, 106, 365, 368, 374]",19
1688,"[0, 1, 2, 137, 397, 206, 398, 80, 399, 339, 222, 106, 235, 236, 365]",15
1689,"[0, 1, 2, 3, 393, 397, 398, 399, 18, 31, 39, 171, 176, 178, 310, 190, 71, 339, 106, 374, 124, 254]",22
1690,"[0, 1, 2, 266, 397, 398, 399, 156, 165, 185, 186, 192, 197, 73, 331, 75, 206, 207, 339, 89, 222, 106, 365, 126]",24
1691,"[0, 1, 2, 3, 201, 138, 329, 397, 398, 143, 399, 339, 224, 106, 306, 184, 188]",17
1692,"[0, 1, 2, 385, 392, 138, 139, 397, 398, 399, 62, 322, 200, 75, 206, 80, 339, 222, 355, 106, 365, 238, 116]",23
1693,"[0, 1, 2, 3, 138, 266, 139, 397, 398, 399, 152, 159, 178, 320, 71, 329, 205, 339, 106, 365, 368, 245, 251]",23
1694,"[0, 1, 2, 260, 393, 266, 137, 397, 398, 399, 146, 25, 156, 185, 186, 314, 207, 339, 222, 230, 106, 235, 240, 126]",24
1695,"[1, 2, 3, 71, 397, 398, 399, 339, 106, 109, 178, 179, 310, 124]",14
1696,"[0, 1, 2, 138, 139, 12, 397, 398, 399, 284, 28, 289, 169, 178, 191, 322, 329, 202, 80, 339, 220, 222, 106]",23
1697,"[0, 1, 2, 266, 397, 206, 398, 399, 339, 278, 222, 163, 106, 365, 381, 319]",16
1698,"[0, 1, 2, 3, 258, 391, 71, 397, 206, 399, 398, 339, 343, 31, 226, 106, 368, 178]",18
1699,"[0, 1, 2, 385, 262, 266, 138, 397, 398, 399, 176, 178, 322, 206, 339, 220, 222, 106, 365, 245]",20
1700,"[0, 1, 2, 3, 201, 397, 398, 143, 80, 399, 339, 106, 368, 178]",14
1701,"[0, 1, 2, 260, 397, 398, 399, 146, 25, 156, 199, 75, 206, 339, 222, 230, 106, 235, 365, 126]",20
1702,"[0, 1, 2, 3, 7, 139, 397, 398, 143, 399, 178, 316, 71, 201, 206, 80, 81, 339, 226, 106, 365, 368, 114, 115]",24
1703,"[0, 1, 2, 266, 138, 139, 397, 398, 399, 17, 166, 178, 196, 71, 329, 206, 339, 106, 365, 368, 375]",21
1704,"[0, 1, 2, 260, 397, 398, 399, 25, 156, 185, 199, 75, 206, 207, 339, 349, 222, 95, 230, 106, 235, 365]",22
1705,"[0, 1, 2, 3, 266, 138, 397, 398, 399, 152, 302, 47, 178, 71, 329, 331, 206, 339, 83, 106, 365, 368, 125]",23
1706,"[0, 1, 2, 3, 266, 138, 11, 139, 398, 397, 399, 159, 178, 59, 320, 329, 206, 339, 222, 106, 365, 368]",22
1707,"[0, 1, 2, 3, 259, 138, 139, 397, 398, 399, 285, 42, 178, 59, 320, 71, 199, 200, 74, 329, 206, 339, 222, 100, 106, 365, 368]",27
1708,"[0, 1, 2, 3, 388, 384, 9, 138, 267, 265, 397, 398, 399, 29, 31, 39, 178, 321, 71, 75, 80, 214, 343, 99, 362, 106, 374, 123, 254]",29
1709,"[0, 1, 2, 71, 202, 397, 206, 399, 398, 339, 284, 360, 106, 365, 368, 178]",16
1710,"[0, 1, 2, 3, 384, 397, 398, 399, 150, 314, 63, 325, 203, 75, 206, 339, 91, 106, 109, 365, 368]",21
1711,"[0, 1, 2, 3, 261, 138, 266, 139, 397, 398, 399, 159, 178, 62, 320, 329, 206, 339, 106, 365, 368]",21
1712,"[0, 1, 2, 3, 385, 131, 138, 397, 398, 399, 17, 276, 29, 159, 294, 40, 297, 173, 178, 71, 329, 74, 213, 220, 362, 106, 365, 368, 119, 380]",30
1713,"[1, 2, 3, 194, 200, 10, 397, 398, 399, 339, 106, 171, 368, 178, 190]",15
1714,"[0, 1, 2, 71, 393, 397, 206, 398, 399, 18, 339, 106, 171, 365, 176, 178, 377]",17
1715,"[0, 1, 2, 266, 397, 398, 399, 339, 25, 228, 106, 176, 53, 121, 186]",15
1716,"[0, 1, 2, 3, 131, 393, 397, 398, 399, 17, 29, 297, 173, 176, 178, 190, 71, 329, 339, 213, 362, 106, 368, 370, 119]",25
1717,"[1, 2, 3, 391, 397, 398, 399, 18, 31, 39, 171, 178, 310, 71, 206, 339, 343, 106, 374, 124, 254]",21
1718,"[0, 1, 2, 321, 71, 75, 397, 398, 399, 106, 365, 176, 368, 370, 178, 123, 316, 190]",18
1719,"[0, 1, 3, 266, 397, 398, 399, 339, 278, 222, 106, 171, 371, 381]",14
1720,"[0, 1, 2, 3, 131, 389, 259, 266, 139, 397, 398, 399, 17, 159, 297, 170, 173, 178, 186, 190, 321, 71, 329, 207, 80, 213, 106, 365, 368, 370, 119, 123]",32
1721,"[0, 1, 2, 392, 138, 139, 12, 397, 398, 399, 303, 314, 322, 200, 206, 80, 339, 87, 220, 355, 106, 365, 252]",23
1722,"[0, 1, 2, 260, 392, 139, 397, 398, 399, 283, 159, 303, 199, 200, 206, 339, 222, 355, 230, 106, 236, 365]",22
1723,"[0, 1, 2, 3, 128, 397, 398, 399, 18, 150, 178, 179, 310, 71, 72, 205, 206, 208, 339, 357, 359, 106, 365, 109, 368]",25
1724,"[0, 1, 2, 3, 257, 259, 385, 397, 270, 399, 398, 278, 279, 29, 176, 178, 315, 316, 190, 71, 334, 339, 106, 365, 368, 116, 374, 252]",28
1725,"[128, 2, 3, 71, 397, 205, 398, 399, 18, 109, 368, 178, 179, 310]",14
1726,"[0, 1, 2, 3, 392, 397, 398, 399, 150, 152, 282, 300, 178, 181, 71, 329, 205, 206, 79, 339, 348, 357, 232, 106, 365, 240, 368, 243, 245]",29
1727,"[0, 1, 2, 3, 257, 259, 397, 398, 399, 270, 278, 176, 178, 57, 315, 190, 321, 71, 75, 106, 368, 370, 123, 252]",24
1728,"[0, 1, 2, 3, 137, 138, 267, 397, 398, 399, 31, 178, 51, 190, 321, 71, 75, 80, 214, 106, 370, 123]",22
1729,"[1, 2, 71, 397, 206, 399, 398, 339, 222, 106, 236, 365, 368, 178]",14
1730,"[0, 1, 384, 266, 75, 76, 397, 206, 398, 399, 339, 276, 222, 351, 159, 106, 365]",17
1731,"[0, 1, 2, 71, 266, 396, 397, 398, 271, 399, 339, 156, 106, 370, 178, 190]",16
1732,"[0, 1, 2, 3, 386, 136, 397, 398, 399, 144, 273, 34, 178, 64, 71, 199, 329, 206, 339, 222, 223, 106, 236, 365, 368]",25
1733,"[0, 1, 266, 397, 398, 399, 339, 106, 381, 190]",10
1734,"[0, 1, 2, 3, 259, 266, 397, 398, 399, 290, 163, 42, 302, 47, 178, 188, 63, 68, 71, 200, 331, 206, 81, 339, 106, 365, 368]",27
1735,"[0, 1, 2, 385, 134, 266, 138, 139, 397, 398, 399, 279, 161, 162, 165, 170, 322, 196, 206, 339, 220, 229, 358, 106, 365]",25
1736,"[0, 1, 2, 385, 134, 137, 266, 267, 138, 397, 398, 399, 393, 279, 161, 162, 170, 178, 322, 206, 339, 220, 222, 229, 358, 106, 365]",27
1737,"[0, 1, 2, 67, 264, 137, 393, 267, 75, 397, 398, 399, 272, 183, 123, 383]",16
1738,"[0, 1, 2, 139, 397, 398, 399, 273, 38, 206, 81, 339, 349, 222, 95, 106, 364, 365, 373]",19
1739,"[0, 1, 2, 3, 137, 397, 398, 399, 29, 178, 57, 190, 71, 75, 80, 362, 106, 368, 370, 117, 123]",21
1740,"[0, 1, 2, 3, 259, 7, 137, 396, 397, 398, 399, 296, 298, 194, 71, 200, 329, 206, 336, 339, 91, 222, 351, 230, 361, 106, 107, 236, 365, 127]",30
1741,"[0, 1, 194, 3, 388, 71, 265, 397, 206, 143, 398, 399, 339, 91, 222, 106, 365]",17
1742,"[0, 1, 2, 266, 138, 397, 398, 399, 302, 47, 178, 59, 188, 329, 331, 206, 339, 106, 365, 368]",20
1743,"[0, 1, 2, 3, 137, 393, 267, 397, 398, 399, 165, 194, 198, 71, 329, 206, 339, 88, 106, 365]",20
1744,"[0, 1, 2, 3, 259, 266, 138, 139, 397, 398, 399, 287, 290, 163, 42, 302, 47, 178, 200, 329, 331, 206, 81, 339, 228, 106, 365, 368]",28
1745,"[0, 1, 2, 3, 397, 398, 143, 399, 150, 284, 178, 311, 201, 202, 206, 80, 339, 357, 232, 106, 365, 240, 368]",23
1746,"[0, 1, 2, 3, 137, 397, 398, 271, 399, 292, 178, 63, 206, 80, 339, 106, 365, 368, 120, 382]",20
1747,"[0, 1, 2, 3, 257, 397, 398, 399, 31, 39, 168, 176, 178, 71, 206, 339, 230, 362, 106, 365, 374, 254]",22
1748,"[0, 1, 3, 393, 137, 9, 267, 397, 398, 399, 176, 51, 194, 71, 329, 206, 339, 222, 106, 107, 236, 365]",22
1749,"[0, 1, 2, 3, 69, 327, 71, 397, 398, 399, 339, 20, 31, 106, 178, 190]",16
1750,"[0, 1, 2, 3, 6, 392, 397, 398, 399, 150, 284, 300, 178, 181, 190, 71, 329, 202, 333, 79, 83, 339, 348, 357, 232, 106, 109, 368, 240]",29
1751,"[0, 1, 2, 3, 389, 137, 266, 139, 397, 398, 399, 292, 185, 63, 206, 207, 80, 339, 220, 222, 106, 236, 365, 368]",24
1752,"[0, 1, 2, 3, 397, 398, 143, 399, 178, 311, 316, 190, 71, 201, 80, 339, 106, 365, 368]",19
1753,"[0, 1, 2, 3, 388, 266, 397, 398, 399, 157, 159, 194, 71, 206, 339, 89, 222, 354, 106, 236, 365]",21
1754,"[0, 1, 2, 3, 397, 398, 399, 20, 152, 178, 69, 327, 71, 206, 339, 83, 106, 365, 368, 125]",20
1755,"[0, 1, 2, 3, 69, 327, 71, 397, 398, 399, 339, 20, 83, 152, 106, 368, 178, 125]",18
1756,"[0, 1, 2, 3, 131, 9, 397, 398, 399, 17, 29, 297, 173, 178, 190, 71, 329, 75, 80, 213, 92, 362, 106, 368, 370, 119, 123]",27
1757,"[0, 1, 2, 397, 398, 399, 150, 178, 71, 206, 339, 83, 222, 357, 106, 236, 365, 368, 125]",19
1758,"[0, 1, 2, 71, 266, 397, 398, 399, 339, 159, 106, 368, 178, 190]",14
1759,"[0, 1, 2, 3, 6, 266, 397, 398, 399, 165, 178, 190, 71, 83, 339, 220, 106, 365, 109, 368]",20
1760,"[0, 1, 2, 3, 139, 397, 398, 399, 17, 178, 179, 316, 188, 71, 206, 339, 106, 109, 365, 368]",20
1761,"[0, 1, 2, 3, 71, 397, 398, 399, 209, 18, 339, 232, 106, 171, 240, 178, 310, 124]",18
1762,"[0, 1, 2, 71, 139, 397, 206, 399, 398, 17, 339, 106, 365, 368, 178, 374, 188]",17
1763,"[0, 1, 2, 3, 131, 385, 397, 398, 399, 277, 279, 156, 297, 170, 173, 178, 71, 329, 75, 224, 99, 361, 368, 119, 123]",25
1764,"[0, 1, 2, 3, 137, 393, 267, 397, 398, 399, 278, 183, 62, 194, 198, 71, 329, 206, 339, 88, 106, 365, 383]",23
1765,"[0, 1, 2, 3, 392, 138, 139, 397, 398, 399, 283, 303, 194, 71, 200, 206, 80, 339, 222, 355, 106, 236, 365]",23
1766,"[1, 3, 397, 206, 398, 399, 339, 106, 365, 368, 63]",11
1767,"[0, 1, 2, 3, 6, 397, 398, 399, 169, 178, 316, 190, 71, 75, 206, 83, 357, 106, 365, 109, 368, 240, 370, 123]",24
1768,"[0, 2, 3, 131, 397, 398, 399, 161, 165, 297, 173, 178, 71, 201, 329, 351, 229, 368, 114, 119, 253, 382]",22
1769,"[0, 1, 138, 397, 206, 399, 80, 398, 339, 106, 365]",11
1770,"[0, 1, 2, 266, 397, 398, 399, 272, 273, 156, 38, 168, 170, 178, 190, 71, 73, 339, 362, 106, 373]",21
1771,"[0, 1, 2, 3, 385, 397, 398, 399, 277, 159, 170, 308, 194, 71, 206, 339, 222, 106, 364, 365, 238]",21
1772,"[0, 1, 2, 3, 139, 397, 398, 143, 399, 284, 178, 316, 190, 71, 201, 80, 339, 357, 106, 365, 368, 240]",22
1773,"[0, 1, 2, 138, 397, 398, 399, 287, 166, 302, 47, 178, 190, 71, 329, 228, 106, 368, 370, 375]",20
1774,"[0, 1, 2, 3, 262, 390, 265, 266, 397, 398, 399, 152, 178, 182, 190, 71, 339, 106, 245]",19
1775,"[0, 1, 2, 3, 140, 397, 206, 398, 399, 339, 222, 357, 106, 365, 368, 240, 178]",17
1776,"[0, 1, 2, 3, 266, 139, 397, 398, 399, 18, 171, 178, 179, 310, 71, 206, 339, 355, 106, 109, 365, 377, 124]",23
1777,"[0, 1, 2, 71, 266, 397, 398, 399, 339, 29, 292, 362, 106, 176, 178]",15
1778,"[0, 1, 2, 71, 266, 397, 398, 399, 339, 159, 166, 106, 368, 178, 375]",15
1779,"[0, 1, 2, 3, 266, 397, 398, 399, 165, 45, 178, 190, 71, 339, 220, 226, 106, 365, 367, 368, 372, 374]",22
1780,"[0, 1, 3, 138, 397, 398, 399, 80, 339, 106, 368, 63]",12
1781,"[0, 1, 2, 71, 397, 398, 207, 399, 18, 339, 106, 171, 178, 373, 310, 377, 124, 62]",18
1782,"[0, 1, 2, 137, 397, 206, 398, 399, 339, 222, 106, 235, 236, 365]",14
1783,"[0, 1, 2, 3, 9, 138, 397, 398, 399, 161, 162, 170, 62, 193, 194, 71, 206, 339, 346, 351, 106, 365, 376, 249]",24
1784,"[0, 1, 2, 3, 266, 138, 139, 397, 398, 399, 170, 62, 194, 71, 206, 80, 339, 91, 106, 365, 116]",21
1785,"[0, 1, 2, 3, 259, 138, 397, 398, 399, 287, 302, 47, 178, 316, 71, 329, 339, 228, 106, 365, 368]",21
1786,"[0, 1, 2, 71, 266, 397, 398, 399, 339, 106, 45, 178, 372, 190]",14
1787,"[0, 1, 2, 266, 138, 139, 397, 398, 399, 16, 36, 301, 302, 47, 178, 188, 71, 329, 331, 206, 339, 106, 365, 368]",24
1788,"[0, 1, 2, 3, 136, 266, 138, 397, 398, 399, 290, 329, 206, 81, 339, 223, 356, 106, 365, 381]",20
1789,"[0, 1, 2, 266, 397, 206, 398, 399, 339, 159, 106, 365, 368, 178]",14
1790,"[0, 1, 2, 3, 397, 398, 399, 20, 152, 178, 190, 194, 69, 327, 71, 339, 106, 368, 370]",19
1791,"[0, 1, 2, 3, 392, 138, 139, 397, 398, 399, 303, 314, 194, 71, 200, 206, 80, 339, 87, 219, 355, 106, 365, 252]",24
1792,"[0, 1, 2, 3, 259, 397, 398, 399, 178, 316, 71, 328, 206, 81, 339, 361, 106, 109, 365, 368]",20
1793,"[0, 1, 2, 397, 398, 207, 399, 339, 88, 106, 373]",11
1794,"[0, 1, 194, 3, 71, 397, 206, 399, 398, 339, 92, 222, 159, 106, 365]",15
1795,"[0, 1, 2, 3, 138, 397, 398, 399, 287, 302, 47, 178, 179, 71, 329, 206, 339, 83, 228, 106, 365, 109, 368, 125]",24
1796,"[0, 1, 9, 267, 397, 398, 399, 161, 162, 193, 206, 339, 222, 351, 229, 106, 235, 365, 376, 249]",20
1797,"[0, 1, 2, 3, 386, 6, 263, 138, 266, 139, 397, 398, 399, 144, 178, 306, 190, 64, 199, 71, 329, 339, 83, 106, 109, 368, 381]",27
1798,"[0, 1, 2, 266, 139, 397, 398, 399, 284, 289, 34, 169, 178, 329, 206, 339, 89, 222, 232, 106, 107, 236, 365, 121]",24
1799,"[0, 1, 2, 3, 386, 137, 139, 267, 397, 398, 399, 25, 283, 156, 303, 185, 323, 71, 206, 207, 339, 222, 355, 230, 106, 235, 365, 368, 114, 119]",30
1800,"[0, 1, 2, 397, 398, 399, 18, 171, 178, 310, 190, 71, 337, 339, 88, 106, 370, 246, 124]",19
1801,"[1, 2, 3, 71, 397, 398, 399, 339, 106, 365, 109, 368, 178, 179, 374, 190]",16
1802,"[0, 1, 2, 69, 266, 138, 397, 206, 399, 80, 398, 339, 106, 365]",14
1803,"[2, 3, 71, 205, 398, 399, 397, 18, 109, 178, 179, 310]",12
1804,"[1, 2, 3, 71, 397, 398, 399, 209, 18, 339, 106, 171, 178, 310, 124]",15
1805,"[0, 1, 2, 69, 327, 71, 397, 398, 399, 339, 20, 83, 106, 368, 178, 125, 190]",17
1806,"[0, 1, 2, 138, 397, 398, 399, 287, 302, 47, 178, 71, 329, 206, 339, 228, 360, 106, 365, 368]",20
1807,"[0, 1, 266, 397, 398, 399, 339, 106, 188, 381, 190]",11
1808,"[0, 1, 2, 3, 6, 397, 398, 399, 284, 178, 190, 71, 329, 202, 339, 83, 348, 106, 109, 368]",20
1809,"[1, 2, 3, 325, 397, 206, 399, 398, 339, 91, 106, 365, 368, 63]",14
1810,"[0, 1, 2, 139, 397, 398, 399, 62, 206, 207, 81, 339, 349, 222, 95, 106, 364, 365, 373]",19
1811,"[0, 1, 2, 266, 396, 397, 398, 399, 178, 316, 190, 62, 71, 75, 207, 106, 365, 368, 370, 373, 123]",21
1812,"[0, 1, 2, 3, 131, 266, 397, 398, 399, 168, 297, 173, 45, 178, 190, 71, 73, 329, 339, 220, 362, 106, 368, 372, 119]",25
1813,"[0, 1, 2, 3, 266, 397, 398, 399, 159, 178, 58, 71, 206, 339, 360, 106, 365, 109, 368, 251]",20
1814,"[0, 1, 2, 138, 397, 398, 399, 287, 302, 47, 178, 59, 329, 206, 339, 222, 228, 106, 365, 368]",20
1815,"[0, 1, 2, 397, 398, 399, 18, 171, 178, 310, 190, 71, 337, 339, 88, 106, 370, 246, 124]",19
1816,"[0, 1, 2, 137, 393, 267, 397, 398, 399, 25, 156, 185, 206, 207, 339, 222, 106, 235, 365]",19
1817,"[0, 1, 2, 3, 397, 398, 399, 18, 31, 178, 310, 190, 62, 71, 205, 207, 339, 106, 373]",19
1818,"[0, 1, 2, 3, 397, 398, 399, 18, 31, 39, 171, 178, 310, 62, 71, 207, 339, 106, 373, 374, 377, 124, 254]",23
1819,"[0, 1, 2, 329, 266, 395, 397, 206, 399, 398, 339, 222, 38, 106, 107, 236, 365]",17
1820,"[0, 1, 2, 3, 397, 398, 399, 29, 176, 178, 57, 190, 71, 75, 362, 106, 368, 370, 123]",19
1821,"[0, 1, 2, 3, 397, 206, 399, 398, 339, 92, 156, 159, 106, 365, 368, 126, 63]",17
1822,"[0, 1, 2, 3, 138, 266, 139, 397, 398, 399, 152, 301, 302, 47, 178, 188, 316, 190, 65, 196, 71, 329, 331, 339, 106, 365, 368]",27
1823,"[0, 1, 2, 3, 266, 139, 397, 398, 143, 399, 178, 316, 71, 201, 206, 80, 339, 355, 106, 365, 368]",21
1824,"[0, 1, 2, 3, 71, 201, 397, 206, 143, 80, 398, 399, 339, 106, 365, 368, 178, 316]",18
1825,"[0, 1, 2, 198, 137, 393, 267, 329, 397, 398, 399, 339, 88, 106]",14
1826,"[0, 1, 2, 3, 266, 139, 397, 398, 399, 63, 329, 206, 78, 80, 339, 222, 106, 236, 365, 368]",20
1827,"[0, 1, 2, 3, 131, 397, 398, 399, 17, 29, 297, 173, 178, 71, 201, 329, 79, 213, 229, 362, 368, 119]",22
1828,"[0, 1, 2, 198, 137, 393, 267, 329, 397, 398, 399, 339, 88, 106]",14
1829,"[0, 1, 2, 71, 266, 331, 139, 397, 206, 399, 398, 17, 339, 106, 365, 368, 178, 374]",18
1830,"[1, 106, 397, 206, 365, 398, 399, 339, 222]",9
1831,"[0, 1, 2, 390, 265, 397, 206, 399, 398, 339, 156, 92, 222, 159, 106, 365, 182, 126]",18
1832,"[0, 1, 2, 3, 259, 138, 266, 268, 139, 397, 399, 398, 285, 42, 301, 302, 47, 178, 188, 65, 199, 200, 71, 74, 329, 331, 206, 80, 339, 100, 106, 365, 368]",33
1833,"[0, 1, 2, 137, 329, 267, 397, 206, 398, 399, 339, 156, 222, 106, 107, 365, 51, 126]",18
1834,"[0, 1, 2, 3, 397, 398, 399, 20, 29, 31, 39, 178, 190, 69, 327, 71, 339, 343, 362, 106, 374, 254]",22
1835,"[0, 1, 2, 3, 259, 263, 139, 397, 398, 399, 16, 285, 36, 42, 178, 199, 200, 71, 74, 206, 339, 100, 106, 365, 368]",25
1836,"[1, 2, 139, 397, 206, 398, 399, 81, 339, 349, 222, 95, 106, 364, 236, 365]",16
1837,"[1, 2, 137, 75, 397, 398, 399, 106, 370, 123]",10
1838,"[0, 1, 2, 393, 137, 267, 397, 398, 399, 156, 176, 51, 185, 329, 73, 206, 207, 339, 220, 222, 106, 107, 365, 126]",24
1839,"[0, 1, 9, 137, 267, 397, 398, 399, 161, 206, 339, 222, 351, 229, 106, 235, 365, 376, 249]",19
1840,"[0, 1, 2, 3, 137, 9, 267, 397, 398, 399, 161, 194, 71, 329, 206, 339, 222, 351, 229, 106, 107, 236, 365, 376, 249]",25
1841,"[0, 1, 2, 3, 392, 266, 138, 139, 397, 398, 399, 154, 283, 303, 194, 71, 200, 206, 80, 339, 222, 355, 106, 236, 365]",25
1842,"[0, 1, 2, 393, 266, 267, 137, 397, 398, 399, 176, 51, 52, 329, 206, 339, 222, 106, 107, 365]",20
1843,"[0, 1, 194, 3, 390, 71, 265, 397, 206, 398, 399, 339, 92, 222, 159, 106, 236, 365]",18
1844,"[0, 1, 2, 386, 263, 139, 397, 398, 399, 144, 178, 306, 64, 199, 71, 329, 206, 339, 222, 106, 236, 365, 368]",23
1845,"[0, 1, 2, 266, 331, 139, 397, 398, 399, 17, 339, 163, 106, 368, 178, 59, 188]",17
1846,"[0, 1, 2, 3, 392, 138, 266, 139, 397, 398, 399, 154, 194, 71, 200, 80, 339, 355, 106]",19
1847,"[0, 1, 2, 3, 9, 137, 267, 397, 398, 399, 25, 156, 170, 185, 194, 71, 73, 206, 207, 339, 220, 222, 106, 365, 126]",25
1848,"[0, 1, 2, 3, 397, 398, 399, 284, 285, 42, 178, 190, 194, 71, 200, 199, 202, 331, 339, 100, 106, 368]",22
1849,"[0, 1, 2, 3, 194, 202, 397, 398, 399, 339, 284, 232, 106, 171, 240, 368, 178, 190]",18
1850,"[0, 1, 2, 3, 194, 71, 266, 138, 139, 397, 398, 399, 80, 339, 170, 106, 365, 62]",18
1851,"[0, 1, 2, 3, 266, 267, 397, 398, 399, 278, 26, 157, 31, 178, 57, 186, 190, 70, 71, 73, 75, 76, 230, 106, 368, 370, 123, 126]",28
1852,"[0, 1, 2, 138, 266, 397, 398, 399, 18, 159, 287, 171, 302, 47, 178, 310, 71, 329, 339, 228, 106, 124]",22
1853,"[0, 1, 2, 3, 329, 333, 398, 207, 399, 397, 339, 84, 88, 106, 364, 373]",16
1854,"[0, 1, 2, 3, 262, 138, 266, 397, 398, 399, 156, 194, 71, 80, 339, 106, 365, 245, 126]",19
1855,"[0, 1, 2, 3, 71, 397, 398, 399, 339, 347, 106, 365, 176, 368, 178, 316, 190]",17
1856,"[0, 1, 2, 262, 266, 397, 398, 399, 80, 339, 156, 106, 365, 245, 126]",15
1857,"[0, 1, 2, 3, 138, 266, 397, 398, 143, 399, 159, 287, 166, 302, 47, 178, 190, 71, 201, 329, 228, 106, 368, 370, 375]",25
1858,"[0, 1, 2, 71, 266, 397, 398, 399, 339, 278, 106, 370, 188, 381, 190]",15
1859,"[0, 1, 2, 262, 266, 138, 397, 398, 399, 18, 178, 310, 190, 71, 75, 205, 80, 106, 365, 370, 245, 248, 123]",23
1860,"[0, 2, 3, 71, 201, 397, 398, 399, 161, 229, 165, 106, 365, 368, 178, 179, 316]",17
1861,"[0, 1, 2, 3, 71, 397, 398, 399, 209, 339, 39, 168, 362, 106, 176, 178, 374, 254]",18
1862,"[0, 1, 2, 69, 327, 71, 397, 398, 399, 339, 20, 83, 106, 368, 178, 125]",16
1863,"[0, 1, 2, 3, 132, 262, 266, 139, 397, 398, 399, 150, 284, 178, 71, 83, 339, 222, 99, 357, 236, 368, 245, 125]",24
1864,"[0, 1, 2, 3, 139, 397, 398, 399, 284, 32, 169, 178, 316, 190, 71, 75, 206, 357, 106, 365, 240, 368, 370, 123]",24
1865,"[0, 1, 2, 3, 194, 71, 265, 397, 398, 143, 399, 339, 156, 222, 126]",15
1866,"[0, 1, 2, 69, 327, 71, 397, 398, 399, 339, 20, 106, 368, 178]",14
1867,"[0, 1, 2, 3, 9, 137, 139, 267, 397, 398, 399, 25, 156, 170, 194, 71, 339, 355, 106]",19
1868,"[0, 1, 2, 194, 139, 397, 398, 399, 284, 222, 357, 364, 236, 368, 240, 178, 50]",17
1869,"[0, 1, 2, 3, 397, 398, 399, 18, 39, 171, 178, 310, 71, 209, 339, 232, 106, 240, 374, 124, 254]",21
1870,"[0, 1, 2, 3, 131, 266, 397, 398, 399, 272, 17, 273, 29, 38, 173, 178, 190, 71, 329, 339, 213, 362, 106, 368, 370, 373]",26
1871,"[0, 1, 3, 266, 267, 332, 205, 397, 398, 399, 339, 278, 222, 159, 188]",15
1872,"[0, 1, 194, 3, 198, 71, 329, 397, 398, 399, 339, 88, 101, 106]",14
1873,"[0, 1, 2, 3, 71, 266, 77, 397, 399, 398, 339, 32, 106, 365, 368, 178, 190]",17
1874,"[0, 1, 2, 3, 196, 71, 266, 397, 398, 399, 339, 106, 49, 178, 190]",15
1875,"[1, 2, 3, 71, 8, 77, 206, 399, 398, 397, 339, 168, 106, 365, 368, 178, 374, 60]",18
1876,"[0, 1, 2, 3, 329, 139, 397, 398, 399, 207, 84, 156, 222, 355, 170]",15
1877,"[0, 1, 2, 397, 398, 399, 169, 178, 316, 190, 71, 75, 206, 357, 106, 365, 240, 368, 370, 123]",20
1878,"[0, 1, 2, 3, 138, 139, 397, 398, 399, 18, 152, 171, 178, 310, 320, 71, 329, 339, 106, 124]",20
1879,"[0, 1, 2, 3, 194, 329, 138, 266, 397, 398, 399, 339, 154, 159, 106, 368, 178]",17
1880,"[0, 1, 2, 3, 194, 71, 137, 397, 206, 398, 80, 399, 339, 222, 236, 368]",16
1881,"[0, 1, 2, 71, 139, 397, 398, 399, 17, 339, 106, 365, 368, 178, 188, 316]",16
1882,"[0, 1, 2, 257, 259, 71, 397, 398, 399, 18, 339, 106, 171, 176, 178, 377, 190]",17
1883,"[0, 1, 2, 266, 139, 397, 398, 399, 18, 171, 174, 178, 199, 71, 339, 355, 106, 241, 377]",19
1884,"[0, 1, 2, 3, 266, 139, 397, 398, 399, 174, 178, 199, 71, 339, 355, 106, 365, 109, 368, 241, 373, 374]",22
1885,"[1, 2, 71, 397, 398, 399, 18, 339, 106, 178, 377]",11
1886,"[0, 1, 2, 3, 194, 133, 71, 138, 397, 398, 399, 80, 339, 214, 106, 176, 368]",17
1887,"[0, 1, 2, 3, 263, 71, 139, 397, 398, 399, 339, 106, 109, 368, 178, 373, 250]",17
1888,"[0, 1, 2, 3, 133, 9, 267, 397, 398, 399, 156, 161, 185, 186, 194, 71, 73, 207, 339, 220, 351, 229, 106, 368, 376, 249, 126]",27
1889,"[0, 1, 2, 390, 71, 266, 397, 398, 399, 339, 162, 106, 368, 178, 190]",15
1890,"[0, 1, 2, 3, 385, 139, 397, 398, 399, 149, 277, 156, 159, 170, 303, 308, 323, 71, 200, 87, 222, 355, 361, 236, 368, 252, 255]",27
1891,"[0, 1, 2, 3, 133, 137, 138, 267, 393, 397, 398, 399, 194, 195, 71, 329, 80, 339, 106, 368]",20
1892,"[0, 1, 385, 3, 133, 397, 398, 399, 277, 156, 159, 308, 194, 195, 71, 329, 339, 222, 236, 238, 368]",21
1893,"[0, 1, 2, 266, 138, 139, 397, 398, 399, 159, 178, 316, 320, 71, 329, 339, 106, 365, 368]",19
1894,"[1, 2, 71, 397, 398, 399, 339, 166, 106, 368, 178, 375]",12
1895,"[1, 2, 71, 397, 398, 399, 339, 106, 365, 368, 178, 316]",12
1896,"[0, 1, 2, 71, 138, 75, 397, 398, 399, 80, 214, 29, 362, 178, 370, 123]",16
1897,"[0, 1, 2, 71, 266, 396, 397, 398, 399, 339, 106, 368, 178, 190]",14
1898,"[0, 1, 2, 257, 71, 397, 398, 399, 339, 29, 362, 106, 176, 178]",14
1899,"[1, 2, 71, 397, 398, 399, 339, 106, 368, 178, 190]",11
1900,"[1, 2, 194, 133, 397, 398, 399, 339, 106, 368, 178]",11
1901,"[0, 1, 2, 71, 202, 397, 398, 399, 339, 284, 106, 178]",12
1902,"[1, 2, 71, 397, 398, 399, 339, 106, 368, 178, 190]",11
1903,"[0, 1, 2, 71, 397, 206, 398, 399, 339, 169, 106, 365, 368, 178, 316, 190]",16
1904,"[1, 2, 71, 75, 397, 398, 399, 18, 171, 178, 370, 310, 123, 124]",14
1905,"[0, 1, 2, 3, 266, 138, 139, 397, 398, 399, 17, 21, 152, 163, 178, 188, 71, 329, 331, 339, 83, 106, 368, 125]",24
1906,"[0, 1, 2, 3, 257, 393, 139, 397, 398, 399, 146, 284, 28, 30, 159, 289, 169, 178, 191, 199, 329, 339, 222, 122]",24
1907,"[0, 1, 2, 3, 257, 393, 397, 398, 399, 146, 153, 30, 159, 178, 57, 190, 71, 199, 339, 106, 368, 370]",22
1908,"[0, 1, 2, 320, 329, 266, 138, 139, 397, 398, 399, 222, 159, 368, 178, 59]",16
1909,"[1, 2, 71, 397, 398, 399, 339, 168, 362, 106, 178, 190]",12
1910,"[0, 1, 2, 3, 384, 137, 397, 398, 399, 276, 278, 159, 292, 196, 329, 74, 75, 76, 339, 222, 122, 126]",22
1911,"[0, 1, 2, 3, 131, 137, 138, 267, 397, 398, 399, 29, 286, 297, 173, 178, 51, 190, 71, 329, 75, 80, 208, 213, 214, 362, 106, 368, 370, 119, 123]",31
1912,"[0, 1, 2, 3, 131, 385, 266, 138, 397, 398, 399, 277, 279, 297, 170, 173, 178, 322, 71, 329, 75, 213, 229, 358, 106, 365, 368, 370, 119, 123]",30
1913,"[1, 2, 71, 397, 398, 399, 339, 106, 368, 178]",10
1914,"[0, 1, 2, 3, 133, 266, 139, 397, 398, 399, 194, 195, 71, 329, 339, 355, 100, 106, 368]",19
1915,"[0, 1, 2, 3, 9, 266, 139, 267, 396, 397, 398, 399, 154, 177, 305, 178, 60, 190, 69, 71, 339, 106, 235, 365, 368]",25
1916,"[0, 1, 2, 71, 75, 397, 398, 399, 339, 276, 159, 106, 178]",13
1917,"[0, 1, 2, 3, 261, 266, 397, 398, 399, 25, 154, 160, 178, 71, 339, 222, 106, 368, 371]",19
1918,"[0, 1, 2, 3, 138, 266, 139, 397, 398, 399, 159, 178, 320, 71, 329, 339, 106, 368, 380]",19
1919,"[0, 1, 2, 3, 139, 397, 398, 399, 152, 168, 298, 178, 179, 190, 329, 206, 81, 339, 226, 106, 368, 370]",22
1920,"[0, 1, 2, 3, 329, 266, 138, 74, 397, 398, 399, 339, 106, 377, 188]",15
1921,"[0, 1, 2, 71, 397, 206, 399, 398, 339, 222, 169, 368, 178, 250]",14
1922,"[0, 1, 2, 3, 384, 329, 75, 76, 397, 398, 399, 339, 276, 349, 222, 159, 364, 122]",18
1923,"[0, 1, 2, 3, 385, 133, 138, 266, 139, 397, 398, 399, 194, 195, 322, 71, 329, 339, 358, 106, 365, 368]",22
1924,"[0, 1, 2, 3, 385, 131, 262, 138, 266, 397, 398, 399, 17, 276, 29, 297, 173, 178, 322, 71, 329, 331, 333, 213, 358, 362, 365, 368, 119]",29
1925,"[0, 1, 2, 3, 138, 397, 398, 399, 144, 148, 300, 178, 188, 190, 64, 71, 329, 339, 106, 368]",20
1926,"[0, 1, 2, 138, 397, 398, 399, 80, 339, 106, 176, 314, 252]",13
1927,"[0, 1, 2, 3, 71, 202, 397, 398, 399, 339, 278, 284, 106, 109, 368, 178]",16
1928,"[0, 1, 2, 3, 261, 266, 397, 398, 399, 144, 302, 47, 178, 64, 69, 71, 329, 74, 75, 339, 106, 368]",22
1929,"[0, 1, 2, 329, 266, 138, 331, 397, 398, 399, 339, 106, 184, 188]",14
1930,"[0, 1, 2, 3, 260, 133, 393, 394, 397, 398, 399, 146, 25, 156, 159, 185, 186, 315, 194, 195, 199, 71, 73, 329, 207, 339, 220, 222, 106, 368, 126]",31
1931,"[1, 3, 168, 106, 397, 398, 399, 339, 222]",9
1932,"[1, 2, 71, 397, 398, 399, 339, 83, 106, 178, 125]",11
1933,"[0, 1, 3, 133, 71, 266, 396, 397, 398, 399, 339, 106, 368]",13
1934,"[0, 1, 2, 3, 390, 71, 266, 397, 206, 398, 399, 339, 222, 162, 106, 178, 310]",17
1935,"[0, 1, 2, 3, 385, 133, 134, 266, 138, 397, 398, 399, 276, 176, 322, 71, 331, 339, 220, 222, 365, 368, 372]",23
1936,"[0, 1, 2, 3, 137, 266, 138, 267, 397, 398, 399, 16, 159, 287, 36, 305, 178, 69, 71, 329, 339, 228, 106, 368]",24
1937,"[0, 1, 2, 3, 266, 397, 398, 399, 152, 29, 286, 178, 190, 71, 329, 208, 339, 89, 362, 106]",20
1938,"[0, 1, 2, 3, 266, 12, 397, 398, 399, 272, 29, 168, 175, 178, 179, 185, 317, 190, 71, 329, 207, 339, 362, 106, 370]",25
1939,"[0, 1, 2, 3, 257, 132, 71, 333, 398, 399, 397, 339, 279, 106, 172, 176, 178]",17
1940,"[1, 2, 3, 261, 71, 392, 329, 75, 397, 398, 399, 339, 348, 99, 106, 300, 368, 178]",18
1941,"[0, 2, 329, 266, 138, 331, 397, 398, 399, 166, 368, 178, 375, 188]",14
1942,"[0, 1, 2, 137, 266, 267, 397, 398, 399, 29, 168, 178, 51, 190, 71, 75, 206, 80, 339, 362, 106, 370, 249, 123]",24
1943,"[0, 1, 2, 3, 385, 393, 394, 397, 398, 399, 175, 176, 194, 329, 339, 230, 106, 376, 127]",19
1944,"[0, 1, 2, 3, 259, 389, 137, 266, 139, 267, 397, 398, 399, 292, 297, 178, 185, 57, 186, 190, 71, 329, 207, 80, 106, 365, 370]",27
1945,"[0, 1, 2, 3, 260, 199, 329, 394, 139, 397, 398, 399, 339, 222, 159, 355, 106, 180]",18
1946,"[0, 1, 2, 3, 71, 266, 333, 397, 79, 399, 398, 339, 99, 106, 368, 178, 181]",17
1947,"[0, 1, 2, 3, 138, 394, 12, 139, 397, 399, 398, 277, 28, 284, 289, 169, 180, 314, 191, 329, 206, 80, 339, 222, 106, 252]",26
1948,"[0, 1, 2, 3, 384, 387, 389, 266, 397, 398, 399, 276, 156, 159, 36, 165, 185, 196, 70, 75, 331, 76, 207, 339, 89, 222, 106, 107]",28
1949,"[0, 1, 2, 3, 386, 260, 397, 398, 399, 17, 146, 149, 159, 323, 199, 71, 329, 339, 349, 222, 95, 106, 368, 379]",24
1950,"[0, 1, 2, 3, 135, 71, 329, 397, 398, 399, 339, 85, 106, 176, 368, 376, 127]",17
1951,"[0, 1, 2, 3, 128, 266, 397, 398, 399, 159, 160, 287, 302, 47, 175, 178, 71, 72, 205, 339, 228, 106, 368, 371]",24
1952,"[0, 1, 2, 3, 397, 398, 399, 146, 302, 47, 312, 190, 329, 339, 98, 356, 106, 368, 116]",19
1953,"[0, 1, 2, 3, 385, 134, 138, 266, 139, 397, 398, 399, 277, 170, 309, 61, 322, 71, 199, 339, 222, 355, 106, 365, 368]",25
1954,"[0, 1, 2, 3, 135, 138, 139, 397, 398, 399, 28, 284, 289, 169, 314, 191, 329, 206, 80, 339, 85, 222, 106, 368, 252]",25
1955,"[1, 2, 71, 75, 397, 398, 399, 106, 178, 370, 310, 123, 124]",13
1956,"[0, 1, 2, 3, 257, 261, 202, 397, 398, 399, 339, 284, 106, 368, 178, 375]",16
1957,"[0, 1, 2, 3, 71, 202, 397, 398, 399, 339, 83, 278, 284, 178, 125]",15
1958,"[0, 1, 2, 385, 134, 392, 266, 138, 139, 397, 398, 399, 277, 170, 322, 200, 80, 339, 355, 106, 365]",21
1959,"[0, 1, 2, 3, 138, 139, 397, 398, 399, 178, 316, 320, 71, 329, 75, 339, 106, 365, 368, 374]",20
1960,"[0, 1, 2, 3, 259, 389, 137, 266, 139, 397, 398, 399, 292, 167, 178, 50, 185, 57, 186, 190, 71, 207, 80, 106, 364, 365, 368, 370, 117]",29
1961,"[0, 1, 2, 3, 329, 266, 394, 397, 398, 399, 80, 339, 106, 365, 305]",15
1962,"[1, 2, 71, 397, 398, 399, 339, 106, 178, 190]",10
1963,"[0, 1, 2, 3, 132, 71, 266, 139, 397, 398, 399, 81, 339, 83, 226, 106, 178, 125]",18
1964,"[0, 1, 2, 3, 384, 196, 137, 76, 397, 398, 399, 339, 350, 222, 160, 106, 110]",17
1965,"[1, 2, 3, 389, 71, 397, 398, 399, 339, 222, 160, 106, 368, 241, 178, 371, 62]",17
1966,"[0, 1, 2, 71, 266, 139, 397, 398, 399, 81, 339, 226, 106, 368, 178, 190]",16
1967,"[0, 1, 2, 3, 389, 266, 139, 397, 398, 399, 146, 178, 50, 185, 190, 71, 206, 207, 80, 83, 106, 364, 365, 370]",24
1968,"[0, 1, 2, 3, 137, 393, 267, 397, 398, 399, 278, 62, 329, 75, 336, 339, 222, 106, 122]",19
1969,"[0, 1, 2, 71, 329, 138, 397, 398, 399, 339, 287, 228, 106, 368, 178, 190]",16
1970,"[0, 1, 2, 3, 257, 259, 397, 398, 399, 29, 176, 178, 190, 71, 75, 206, 362, 106, 111, 368, 370, 123]",22
1971,"[0, 1, 2, 3, 262, 137, 138, 267, 397, 398, 399, 29, 178, 51, 71, 75, 80, 214, 362, 106, 370, 123]",22
1972,"[0, 1, 2, 3, 257, 133, 397, 398, 399, 154, 284, 176, 305, 178, 180, 190, 194, 202, 339, 106, 368]",21
1973,"[0, 1, 2, 3, 138, 139, 397, 398, 399, 33, 301, 302, 47, 177, 178, 188, 65, 71, 329, 206, 339, 106, 368, 369]",24
1974,"[0, 1, 2, 3, 385, 138, 397, 398, 399, 277, 279, 156, 176, 322, 71, 329, 339, 84, 222, 106, 365, 238, 122]",23
1975,"[0, 1, 2, 3, 136, 329, 138, 139, 397, 398, 399, 145, 339, 223, 106, 44, 184]",17
1976,"[0, 1, 2, 3, 320, 133, 194, 329, 138, 139, 397, 398, 399, 339, 352, 106, 240, 178]",18
1977,"[0, 1, 2, 71, 266, 397, 398, 399, 272, 339, 29, 362, 106, 370, 178, 190]",16
1978,"[0, 1, 2, 3, 132, 5, 266, 139, 397, 398, 399, 29, 294, 40, 178, 190, 71, 329, 81, 339, 90, 226, 362, 106, 368]",25
1979,"[0, 1, 196, 266, 397, 398, 399, 339, 106, 191]",10
1980,"[0, 1, 2, 3, 132, 5, 397, 398, 399, 294, 40, 170, 178, 62, 71, 329, 339, 90, 106, 368]",20
1981,"[0, 1, 3, 71, 138, 397, 398, 399, 80, 339, 84, 214, 222, 106]",14
1982,"[1, 2, 106, 397, 398, 399, 339, 186, 156]",9
1983,"[0, 1, 2, 139, 397, 398, 399, 160, 301, 302, 47, 178, 188, 65, 71, 339, 106, 368, 371]",19
1984,"[0, 1, 2, 137, 138, 267, 266, 397, 398, 399, 29, 178, 51, 190, 71, 75, 80, 214, 362, 106, 370, 249, 123]",23
1985,"[1, 2, 3, 387, 397, 398, 143, 399, 156, 36, 46, 175, 185, 186, 71, 329, 339, 84, 222, 106, 368]",21
1986,"[0, 1, 2, 3, 390, 397, 398, 399, 157, 170, 178, 186, 316, 190, 71, 75, 206, 106, 365, 368, 370, 123, 126]",23
1987,"[0, 1, 2, 3, 137, 266, 138, 139, 397, 398, 399, 25, 178, 320, 199, 71, 329, 206, 339, 360, 106, 365, 240, 241, 368, 374]",26
1988,"[0, 1, 2, 3, 387, 138, 139, 397, 398, 399, 159, 36, 46, 314, 71, 329, 80, 339, 84, 222, 355, 106, 368]",23
1989,"[1, 2, 3, 71, 397, 398, 399, 339, 106, 368, 178, 183, 377]",13
1990,"[0, 1, 2, 392, 397, 398, 399, 284, 300, 178, 190, 71, 329, 202, 339, 348, 99, 106, 368]",19
1991,"[0, 1, 2, 3, 397, 398, 399, 169, 178, 71, 75, 206, 339, 83, 222, 106, 368, 369, 116]",19
1992,"[0, 1, 2, 3, 385, 138, 397, 398, 399, 277, 156, 170, 178, 71, 75, 106, 365, 368, 370, 123, 254]",21
1993,"[1, 2, 397, 398, 399, 339, 222, 163, 106, 319]",10
1994,"[0, 1, 2, 3, 390, 266, 397, 398, 399, 162, 178, 71, 201, 75, 339, 83, 222, 229, 101, 106, 369, 116]",22
1995,"[0, 1, 2, 3, 132, 257, 71, 329, 397, 398, 399, 339, 230, 106, 176, 178]",16
1996,"[0, 1, 2, 3, 9, 138, 266, 397, 398, 399, 29, 178, 190, 71, 75, 80, 214, 92, 362, 106, 368, 370, 249, 123, 254]",25
1997,"[1, 2, 71, 397, 206, 398, 399, 339, 360, 106, 368, 177, 178, 369, 190]",15
1998,"[0, 1, 2, 138, 139, 397, 398, 399, 80, 339, 159, 355, 106, 314]",14
1999,"[0, 1, 2, 390, 71, 266, 333, 398, 399, 397, 344, 162, 365, 368, 178, 316, 382]",17
2000,"[0, 1, 2, 3, 133, 397, 398, 399, 284, 296, 178, 180, 190, 194, 324, 202, 339, 106, 368, 241]",20
2001,"[0, 1, 2, 9, 137, 267, 393, 397, 398, 399, 339, 156, 106, 376, 249, 186]",16
2002,"[0, 1, 2, 3, 138, 139, 396, 397, 398, 399, 43, 178, 59, 320, 329, 331, 339, 222, 106, 365, 368, 242]",22
2003,"[1, 2, 3, 71, 397, 398, 399, 18, 339, 40, 106, 368, 178, 377]",14
2004,"[0, 1, 2, 385, 138, 139, 397, 398, 399, 156, 160, 170, 196, 80, 339, 222, 106, 365, 238]",19
2005,"[0, 1, 2, 3, 5, 266, 397, 398, 399, 272, 29, 40, 178, 179, 190, 71, 339, 362, 106, 368]",20
2006,"[0, 1, 2, 3, 392, 329, 202, 397, 398, 399, 146, 339, 284, 348, 222, 99, 106, 178]",18
2007,"[0, 1, 2, 3, 137, 393, 267, 397, 398, 399, 19, 278, 183, 186, 62, 198, 329, 339, 88, 222, 101, 106]",22
2008,"[0, 1, 2, 3, 5, 138, 397, 398, 399, 294, 40, 175, 178, 179, 310, 190, 71, 80, 339, 214, 106, 368, 370, 124]",24
2009,"[0, 1, 2, 320, 71, 139, 397, 398, 399, 339, 83, 106, 178, 125]",14
2010,"[0, 1, 2, 3, 393, 266, 267, 137, 397, 398, 399, 156, 176, 51, 309, 186, 61, 199, 71, 329, 331, 339, 222, 358, 106, 107, 368]",27
2011,"[0, 1, 2, 3, 5, 390, 266, 397, 398, 399, 271, 29, 162, 168, 178, 71, 201, 333, 343, 229, 362, 365, 111, 368]",24
2012,"[0, 1, 2, 3, 10, 266, 139, 397, 398, 399, 276, 174, 178, 71, 339, 222, 355, 106, 368, 241]",20
2013,"[0, 1, 2, 3, 257, 259, 11, 139, 397, 398, 399, 303, 176, 178, 316, 190, 71, 339, 230, 106, 365, 368]",22
2014,"[0, 1, 2, 3, 9, 266, 397, 398, 399, 302, 47, 52, 188, 329, 339, 212, 222, 106, 240]",19
2015,"[0, 1, 2, 3, 71, 397, 398, 399, 339, 349, 222, 95, 159, 106, 110]",15
2016,"[0, 1, 2, 71, 266, 397, 398, 399, 339, 106, 368, 178]",12
2017,"[0, 1, 2, 3, 257, 259, 71, 76, 397, 398, 399, 18, 339, 37, 230, 176, 178, 377]",18
2018,"[0, 1, 64, 3, 329, 138, 397, 398, 399, 80, 339, 41, 106, 236, 368, 379]",16
2019,"[0, 1, 2, 3, 397, 398, 399, 169, 178, 53, 71, 206, 339, 214, 222, 106, 368, 121, 250]",19
2020,"[0, 1, 2, 320, 71, 139, 397, 398, 399, 339, 106, 178]",12
2021,"[0, 1, 2, 3, 138, 139, 269, 397, 399, 398, 146, 165, 71, 80, 339, 222, 355, 106, 110, 368]",20
2022,"[0, 1, 2, 65, 329, 138, 139, 397, 398, 399, 17, 339, 222, 106, 368, 178, 59, 188]",18
2023,"[0, 1, 2, 3, 266, 139, 397, 398, 399, 276, 174, 177, 178, 71, 332, 206, 208, 339, 88, 355, 360, 106, 365, 368, 241, 369]",26
2024,"[0, 1, 2, 3, 137, 139, 267, 397, 398, 399, 51, 199, 71, 329, 331, 339, 222, 355, 106, 107, 110, 368]",22
2025,"[0, 1, 2, 3, 266, 397, 398, 399, 144, 18, 159, 71, 329, 339, 89, 222, 106, 110, 368, 372]",20
2026,"[0, 1, 385, 3, 138, 397, 398, 399, 144, 18, 156, 159, 308, 71, 329, 207, 339, 222, 106, 236, 365, 110, 238, 368]",24
2027,"[0, 1, 2, 3, 266, 397, 398, 399, 144, 18, 288, 71, 329, 339, 217, 91, 222, 106, 110, 111, 368, 242, 372]",23
2028,"[0, 1, 2, 3, 262, 137, 397, 398, 399, 153, 294, 168, 178, 51, 179, 190, 66, 71, 329, 75, 339, 342, 106, 107, 370, 123]",26
2029,"[1, 2, 71, 397, 398, 399, 339, 106, 365, 368, 178, 316, 190]",13
2030,"[0, 1, 386, 3, 198, 71, 329, 397, 398, 399, 144, 339, 106, 110, 368, 379]",16
2031,"[1, 2, 3, 71, 199, 397, 398, 399, 339, 349, 222, 95, 106, 368, 309, 61]",16
2032,"[0, 1, 2, 3, 139, 267, 397, 398, 399, 28, 284, 289, 163, 169, 178, 51, 184, 319, 191, 199, 329, 331, 206, 339, 222, 106, 107, 236]",28
2033,"[0, 1, 2, 3, 386, 389, 266, 139, 397, 398, 399, 144, 156, 186, 71, 329, 80, 339, 220, 106, 365, 110, 368, 379]",24
2034,"[0, 1, 2, 3, 138, 266, 139, 397, 398, 399, 17, 159, 178, 311, 188, 71, 329, 77, 339, 83, 222, 354, 106, 236, 368, 125]",26
2035,"[0, 1, 2, 3, 385, 137, 138, 267, 393, 397, 398, 399, 156, 159, 170, 178, 308, 309, 61, 71, 207, 339, 222, 365, 238, 368, 372]",27
2036,"[0, 1, 2, 3, 385, 138, 266, 139, 397, 398, 399, 156, 159, 163, 170, 308, 184, 319, 329, 207, 339, 222, 355, 358, 106, 236, 365, 238]",28
2037,"[0, 1, 2, 3, 137, 267, 397, 398, 399, 144, 170, 51, 314, 315, 64, 199, 71, 329, 331, 339, 222, 107, 236, 368, 372, 379]",26
2038,"[2, 3, 259, 6, 71, 329, 397, 398, 399, 83, 211, 29, 106, 300, 178]",15
2039,"[0, 1, 2, 3, 137, 138, 267, 397, 398, 399, 144, 156, 51, 71, 329, 222, 107, 236, 368, 372, 249, 379, 381]",23
2040,"[0, 1, 2, 3, 267, 397, 398, 399, 144, 70, 71, 329, 74, 80, 339, 106, 368, 116, 373, 379]",20
2041,"[1, 2, 71, 397, 398, 399, 339, 106, 365, 368, 178, 316, 190]",13
2042,"[0, 1, 2, 3, 137, 267, 397, 398, 399, 170, 51, 309, 314, 315, 61, 317, 71, 329, 339, 222, 224, 107, 236, 368, 372]",25
2043,"[0, 1, 2, 3, 258, 390, 397, 398, 399, 18, 284, 164, 171, 178, 71, 202, 339, 222, 359, 106, 368, 372]",22
2044,"[0, 1, 2, 3, 138, 139, 397, 398, 399, 16, 287, 163, 36, 43, 302, 47, 178, 71, 329, 339, 222, 228, 106, 235, 236, 365, 368, 242]",28
2045,"[0, 1, 2, 397, 398, 399, 339, 349, 222, 95, 159, 106, 236]",13
2046,"[0, 1, 2, 329, 266, 331, 397, 398, 399, 339, 106]",11
2047,"[0, 1, 2, 3, 138, 139, 397, 398, 399, 17, 148, 29, 300, 178, 316, 188, 71, 329, 339, 83, 211, 106, 365, 368]",24
2048,"[0, 1, 2, 3, 263, 138, 139, 397, 398, 399, 144, 178, 64, 198, 71, 199, 329, 339, 222, 236, 368, 372]",22
2049,"[0, 1, 2, 3, 128, 397, 398, 399, 18, 156, 164, 165, 178, 310, 190, 71, 205, 339, 222, 106, 368, 372, 373]",23
2050,"[0, 1, 2, 3, 128, 390, 266, 397, 398, 399, 18, 148, 29, 162, 300, 178, 310, 71, 201, 329, 205, 334, 339, 229, 106, 365]",26
2051,"[0, 1, 2, 3, 266, 397, 398, 399, 18, 148, 276, 29, 171, 300, 174, 178, 310, 71, 329, 334, 339, 106, 365, 241, 377, 124]",26
2052,"[0, 1, 2, 3, 136, 138, 397, 398, 399, 16, 36, 178, 52, 64, 71, 329, 339, 211, 223, 106, 368]",21
2053,"[0, 1, 2, 3, 397, 398, 399, 165, 178, 179, 310, 190, 66, 71, 339, 220, 106, 368, 124]",19
2054,"[0, 1, 2, 3, 139, 397, 398, 399, 154, 165, 177, 178, 190, 71, 75, 206, 339, 212, 220, 226, 360, 106, 368, 369]",24
2055,"[0, 1, 2, 3, 385, 138, 267, 397, 398, 399, 21, 156, 29, 178, 179, 308, 185, 66, 71, 200, 331, 207, 90, 220, 361, 362, 365, 368, 380]",29
2056,"[0, 1, 2, 3, 138, 139, 397, 398, 399, 148, 29, 300, 48, 178, 320, 65, 71, 329, 334, 210, 339, 83, 106, 364, 365, 368, 125]",27
2057,"[0, 1, 2, 3, 128, 397, 398, 399, 18, 148, 284, 29, 300, 178, 310, 58, 71, 329, 202, 205, 334, 339, 221, 222, 106, 365, 112]",27
2058,"[0, 1, 2, 3, 257, 259, 397, 398, 399, 29, 164, 174, 176, 178, 71, 201, 339, 230, 362, 106, 368, 372]",22
2059,"[0, 1, 2, 3, 259, 389, 264, 137, 393, 267, 397, 398, 399, 298, 174, 64, 198, 329, 74, 339, 88, 106, 236, 114, 383]",25
2060,"[0, 1, 2, 3, 133, 266, 397, 398, 399, 20, 178, 180, 190, 194, 69, 327, 77, 339, 106, 368, 370, 374]",22
2061,"[0, 1, 2, 3, 137, 266, 267, 397, 398, 399, 150, 188, 190, 192, 71, 331, 339, 106, 370]",19
2062,"[0, 1, 2, 3, 138, 397, 398, 399, 296, 170, 44, 306, 314, 315, 70, 329, 94, 222, 224, 236, 372, 376]",22
2063,"[1, 2, 3, 196, 199, 329, 397, 398, 399, 339, 222, 159, 160, 106, 236, 309]",16
2064,"[0, 1, 2, 3, 138, 397, 398, 399, 156, 308, 309, 186, 199, 329, 331, 339, 222, 364, 236, 365, 372, 126]",22
2065,"[0, 1, 2, 259, 266, 397, 398, 399, 339, 89, 106, 174, 367]",13
2066,"[0, 1, 2, 3, 71, 138, 397, 398, 399, 339, 170, 106, 110, 368, 314, 315]",16
2067,"[0, 1, 2, 3, 138, 397, 398, 399, 154, 287, 178, 190, 71, 329, 339, 228, 106, 368, 370, 375]",20
2068,"[0, 1, 2, 3, 263, 9, 266, 139, 138, 267, 137, 399, 144, 397, 398, 178, 190, 64, 71, 199, 329, 331, 339, 106, 235, 368, 247]",27
2069,"[0, 1, 397, 398, 399, 339, 372, 222, 159]",9
2070,"[0, 1, 2, 64, 71, 199, 329, 266, 331, 397, 398, 399, 144, 339, 106, 368, 178, 188]",18
2071,"[0, 1, 2, 3, 137, 267, 397, 398, 399, 51, 329, 208, 339, 349, 222, 95, 106, 107, 364, 236]",20
2072,"[1, 2, 3, 259, 71, 201, 397, 398, 399, 339, 164, 106, 174, 368, 178, 310, 124]",17
2073,"[0, 1, 2, 3, 6, 138, 397, 398, 399, 287, 32, 178, 310, 71, 329, 339, 228, 106, 374, 124]",20
2074,"[0, 1, 2, 3, 6, 390, 265, 266, 397, 398, 399, 286, 32, 178, 182, 190, 71, 329, 208, 339, 89, 106, 374]",23
2075,"[0, 1, 2, 3, 397, 398, 399, 165, 45, 176, 178, 60, 190, 198, 71, 329, 206, 339, 344, 88, 220, 106, 368]",23
2076,"[0, 1, 2, 3, 259, 139, 397, 398, 399, 284, 303, 176, 178, 198, 329, 202, 222, 236, 368, 372, 118]",21
2077,"[0, 1, 2, 3, 266, 397, 398, 399, 156, 29, 178, 179, 190, 66, 71, 73, 339, 88, 362, 106, 368, 370]",22
2078,"[0, 1, 2, 3, 71, 201, 266, 397, 398, 399, 339, 154, 229, 106, 365, 368, 178, 316]",18
2079,"[0, 1, 2, 3, 266, 397, 398, 399, 178, 312, 190, 71, 329, 339, 106, 363, 237, 368, 242, 377]",20
2080,"[0, 1, 2, 3, 137, 266, 267, 393, 397, 398, 399, 159, 44, 329, 75, 224, 106, 109, 370, 123]",20
2081,"[0, 1, 2, 3, 393, 137, 267, 397, 398, 399, 156, 51, 309, 199, 71, 329, 339, 222, 107, 236, 372, 373, 126]",23
2082,"[0, 1, 2, 3, 257, 390, 265, 266, 397, 398, 399, 309, 71, 329, 339, 89, 222, 236, 372]",19
2083,"[0, 1, 2, 3, 257, 266, 139, 397, 398, 399, 144, 159, 71, 329, 80, 339, 222, 350, 236, 365, 110, 368, 116, 372]",24
2084,"[1, 2, 3, 257, 397, 398, 399, 159, 33, 178, 71, 206, 339, 360, 106, 365, 109, 368, 374, 251]",20
2085,"[0, 1, 2, 3, 256, 133, 266, 138, 139, 397, 398, 399, 278, 287, 163, 301, 302, 47, 196, 329, 339, 228, 106, 112]",24
2086,"[0, 1, 2, 3, 257, 266, 139, 397, 398, 399, 159, 309, 61, 71, 80, 339, 106, 365, 116]",19
2087,"[0, 1, 2, 3, 267, 397, 398, 399, 159, 178, 310, 190, 70, 71, 201, 75, 339, 106, 109, 368, 370, 123, 124]",23
2088,"[0, 1, 2, 3, 139, 397, 398, 399, 284, 178, 190, 71, 329, 202, 75, 334, 335, 339, 106, 368]",20
2089,"[0, 1, 2, 3, 133, 390, 137, 267, 397, 398, 399, 29, 45, 305, 178, 71, 339, 221, 222, 106, 235, 236, 368, 112]",24
2090,"[0, 1, 2, 3, 261, 390, 263, 137, 266, 138, 139, 397, 267, 399, 398, 157, 159, 37, 45, 305, 178, 329, 339, 222, 106, 235, 368]",27
2091,"[0, 1, 2, 3, 128, 397, 398, 399, 18, 178, 310, 71, 72, 329, 205, 334, 208, 339, 106, 235]",20
2092,"[0, 1, 2, 3, 263, 266, 138, 139, 397, 398, 399, 159, 166, 41, 178, 71, 329, 339, 106, 237, 368, 242, 375, 377]",24
2093,"[0, 1, 2, 3, 256, 138, 397, 398, 399, 278, 287, 59, 329, 339, 222, 228, 106, 112, 368, 381]",20
2094,"[0, 1, 3, 393, 137, 267, 397, 398, 399, 163, 44, 306, 51, 184, 319, 329, 75, 339, 94, 222, 224, 107, 372, 373]",24
2095,"[0, 1, 2, 3, 390, 267, 139, 397, 398, 399, 284, 29, 157, 37, 305, 178, 202, 339, 106, 368]",20
2096,"[0, 1, 2, 3, 257, 128, 397, 398, 399, 18, 178, 310, 71, 72, 329, 75, 334, 335, 208, 339, 106]",21
2097,"[1, 2, 3, 71, 397, 398, 399, 339, 149, 222, 106, 236, 368, 241, 178]",15
2098,"[0, 1, 2, 3, 11, 139, 397, 398, 399, 284, 159, 178, 316, 190, 71, 202, 339, 344, 360, 106, 364, 365, 368, 370, 247, 123, 380]",27
2099,"[0, 1, 2, 3, 139, 397, 398, 399, 284, 178, 316, 190, 71, 329, 202, 334, 339, 106, 365, 368, 370]",21
2100,"[0, 1, 2, 3, 390, 137, 266, 267, 397, 398, 399, 157, 29, 37, 305, 178, 316, 71, 339, 106, 235, 365, 368]",23
2101,"[0, 1, 386, 3, 71, 329, 138, 397, 398, 399, 144, 339, 106, 110, 368]",15
2102,"[0, 1, 2, 3, 397, 398, 399, 156, 168, 178, 190, 68, 71, 201, 73, 339, 362, 106, 109, 368]",20
2103,"[0, 1, 2, 329, 397, 398, 399, 339, 213, 106, 173, 188, 190, 255]",14
2104,"[0, 1, 2, 3, 393, 137, 139, 267, 397, 398, 399, 303, 51, 309, 61, 199, 200, 329, 71, 75, 87, 222, 94, 355, 361, 107, 372, 373, 252]",29
2105,"[0, 1, 2, 3, 263, 138, 266, 11, 139, 397, 398, 144, 399, 306, 178, 190, 64, 199, 71, 329, 331, 339, 106, 368]",24
2106,"[0, 1, 2, 3, 390, 139, 267, 397, 398, 399, 284, 157, 29, 37, 45, 305, 178, 202, 339, 106, 368]",21
2107,"[0, 1, 3, 137, 267, 397, 398, 399, 146, 279, 25, 298, 309, 61, 71, 199, 339, 222, 372]",19
2108,"[0, 1, 2, 3, 259, 390, 137, 266, 139, 267, 397, 398, 399, 25, 157, 29, 37, 45, 305, 178, 316, 71, 328, 339, 222, 355, 361, 106, 235, 365, 368]",31
2109,"[0, 1, 3, 329, 138, 397, 398, 399, 339, 224, 163, 106, 44, 306, 184, 319]",16
2110,"[0, 1, 2, 3, 266, 397, 398, 399, 286, 32, 178, 310, 190, 71, 208, 339, 212, 89, 106, 374, 124]",21
2111,"[0, 1, 2, 3, 137, 267, 139, 13, 398, 397, 399, 146, 279, 25, 283, 37, 298, 303, 325, 71, 200, 87, 222, 355, 361, 372, 252]",27
2112,"[0, 1, 2, 3, 266, 267, 397, 398, 399, 18, 278, 283, 171, 303, 178, 310, 186, 190, 70, 71, 74, 87, 106, 370, 249, 124, 126]",27
2113,"[0, 1, 2, 3, 390, 263, 9, 266, 138, 139, 267, 397, 399, 398, 157, 159, 37, 178, 329, 339, 222, 106, 235, 368]",24
2114,"[0, 1, 2, 3, 137, 138, 267, 393, 397, 398, 399, 51, 309, 61, 71, 329, 80, 337, 339, 222, 106, 236, 118]",23
2115,"[0, 1, 2, 3, 262, 137, 266, 267, 397, 398, 399, 278, 29, 286, 159, 178, 179, 186, 190, 66, 70, 71, 74, 208, 362, 107, 106, 368, 370, 249, 123, 126]",32
2116,"[0, 1, 2, 3, 137, 266, 267, 397, 398, 399, 278, 159, 178, 310, 186, 70, 71, 201, 74, 106, 107, 109, 368, 370, 249, 123, 124, 126]",28
2117,"[0, 1, 3, 329, 397, 398, 399, 339, 222, 224, 107, 44, 372, 184]",14
2118,"[0, 1, 3, 266, 397, 398, 399, 159, 309, 61, 71, 199, 329, 339, 89, 92, 222, 236, 372]",19
2119,"[0, 1, 2, 138, 139, 397, 398, 399, 16, 287, 36, 301, 302, 47, 178, 71, 329, 339, 222, 228, 106, 236, 368]",23
2120,"[0, 1, 2, 3, 260, 264, 137, 393, 267, 397, 398, 399, 298, 51, 308, 309, 183, 61, 198, 71, 329, 337, 339, 88, 106, 236, 245, 118, 383]",29
2121,"[0, 1, 2, 3, 266, 139, 397, 398, 399, 309, 61, 71, 199, 329, 80, 339, 220, 222, 106, 236, 365]",21
2122,"[0, 1, 2, 3, 137, 267, 139, 397, 398, 399, 25, 30, 303, 308, 309, 61, 71, 200, 329, 331, 339, 87, 355, 361, 106, 236, 252]",27
2123,"[0, 1, 2, 3, 397, 398, 399, 178, 312, 190, 71, 329, 339, 351, 229, 106, 363, 237, 368, 242, 377, 382]",22
2124,"[1, 2, 3, 329, 397, 398, 399, 339, 349, 222, 95, 224, 44, 364, 236, 372, 184]",17
2125,"[0, 1, 2, 3, 256, 329, 266, 74, 331, 397, 398, 399, 339, 106, 112, 178, 188]",17
2126,"[1, 2, 3, 390, 9, 397, 398, 399, 154, 29, 157, 37, 305, 178, 316, 190, 71, 339, 106, 235, 365, 368]",22
2127,"[0, 1, 2, 3, 385, 137, 138, 267, 397, 398, 399, 146, 277, 279, 30, 298, 44, 51, 184, 329, 339, 222, 224, 229, 236, 365, 238, 372]",28
2128,"[0, 1, 2, 3, 137, 267, 397, 398, 399, 156, 298, 309, 61, 71, 329, 207, 222, 351, 229, 107, 236, 372, 376, 249]",24
2129,"[1, 2, 3, 199, 71, 329, 397, 398, 399, 339, 156, 222, 236, 372, 309, 186, 61]",17
2130,"[0, 1, 2, 3, 397, 398, 399, 309, 185, 61, 71, 199, 329, 73, 331, 207, 339, 222, 106, 236]",20
2131,"[0, 1, 2, 3, 266, 397, 398, 399, 18, 276, 159, 299, 178, 53, 310, 193, 71, 72, 329, 75, 334, 335, 208, 339, 343, 346, 101, 106]",28
2132,"[0, 1, 2, 3, 9, 267, 397, 398, 399, 156, 51, 309, 186, 61, 71, 329, 339, 222, 236, 372]",20
2133,"[0, 1, 3, 389, 138, 397, 398, 399, 159, 309, 186, 61, 199, 71, 329, 207, 339, 106, 236]",19
2134,"[0, 1, 2, 139, 397, 398, 399, 25, 284, 159, 289, 34, 169, 176, 178, 199, 206, 339, 222, 232, 372, 121]",22
2135,"[0, 1, 2, 3, 266, 397, 398, 399, 156, 309, 186, 61, 196, 71, 329, 339, 89, 222, 236, 242, 372]",21
2136,"[0, 1, 2, 3, 266, 397, 398, 399, 18, 25, 159, 178, 71, 329, 75, 334, 335, 339, 106, 116, 377]",21
2137,"[0, 1, 2, 3, 71, 138, 397, 398, 399, 208, 339, 106, 178, 370, 190]",15
2138,"[0, 1, 2, 3, 266, 397, 398, 399, 283, 156, 303, 178, 190, 193, 71, 73, 207, 88, 346, 106, 370, 373]",22
2139,"[0, 1, 2, 3, 8, 266, 139, 397, 398, 399, 156, 35, 309, 186, 61, 71, 199, 329, 80, 339, 220, 222, 236, 365, 372]",25
2140,"[0, 1, 2, 3, 397, 398, 399, 160, 304, 309, 61, 196, 199, 71, 329, 339, 86, 217, 349, 222, 95, 236, 364, 372]",24
2141,"[0, 1, 2, 138, 397, 398, 399, 287, 302, 47, 178, 71, 329, 339, 222, 228, 106, 236, 368]",19
2142,"[1, 2, 3, 199, 71, 329, 397, 398, 399, 339, 222, 106, 236, 309, 373, 61]",16
2143,"[0, 1, 2, 3, 137, 267, 397, 398, 399, 279, 25, 298, 44, 308, 54, 184, 329, 331, 339, 222, 224, 236, 372, 373]",24
2144,"[0, 1, 2, 3, 266, 397, 398, 399, 29, 176, 178, 71, 201, 339, 351, 362, 106, 109, 368, 249]",20
2145,"[1, 2, 71, 397, 398, 399, 339, 106, 370, 190]",10
2146,"[0, 1, 2, 3, 266, 397, 398, 399, 178, 190, 71, 201, 339, 343, 351, 229, 106, 109, 368, 114, 115, 382]",22
2147,"[0, 1, 2, 3, 71, 201, 266, 397, 398, 399, 339, 25, 106, 109, 368, 178]",16
2148,"[0, 1, 2, 3, 390, 9, 266, 397, 398, 399, 154, 29, 157, 37, 305, 178, 316, 71, 339, 351, 229, 106, 235, 365, 368, 114, 115, 382]",28
2149,"[0, 1, 2, 321, 265, 397, 398, 143, 399, 339, 86, 349, 222, 95, 106, 364]",16
2150,"[0, 2, 3, 66, 71, 266, 397, 398, 399, 276, 25, 368, 178, 179]",14
2151,"[0, 1, 2, 3, 137, 267, 397, 398, 399, 18, 159, 178, 310, 71, 329, 74, 75, 76, 334, 335, 208, 337, 339, 88, 106, 107, 246]",27
2152,"[0, 1, 2, 392, 397, 398, 399, 32, 169, 300, 178, 71, 329, 206, 339, 348, 222, 106, 236, 365, 368, 374]",22
2153,"[0, 1, 2, 3, 138, 12, 397, 398, 399, 178, 179, 190, 66, 71, 80, 361, 106, 368, 370]",19
2154,"[0, 1, 2, 3, 329, 266, 331, 137, 397, 398, 399, 339, 222, 43, 365, 242, 372]",17
2155,"[0, 1, 2, 3, 8, 140, 397, 398, 399, 178, 316, 190, 71, 329, 206, 334, 339, 106, 365, 368, 370]",21
2156,"[0, 1, 2, 3, 385, 138, 397, 398, 399, 277, 279, 309, 61, 322, 199, 71, 329, 339, 222, 229, 236, 365, 114, 372, 373]",25
2157,"[1, 2, 3, 194, 133, 137, 397, 398, 399, 339, 106, 43, 365, 368, 242, 178, 190]",17
2158,"[1, 2, 3, 133, 390, 71, 397, 398, 399, 339, 154, 29, 106, 235, 368, 305, 178]",17
2159,"[0, 1, 2, 3, 266, 397, 398, 399, 32, 161, 165, 178, 53, 193, 71, 330, 339, 101, 106, 368, 374]",21
2160,"[0, 1, 2, 256, 266, 397, 398, 399, 144, 178, 64, 199, 71, 329, 331, 210, 339, 106, 368]",19
2161,"[1, 106, 397, 398, 399, 339]",6
2162,"[0, 1, 2, 389, 392, 137, 139, 397, 398, 399, 292, 303, 185, 200, 87, 222, 355, 361, 372, 252]",20
2163,"[0, 1, 2, 3, 389, 262, 266, 397, 398, 399, 154, 29, 178, 179, 185, 66, 71, 214, 89, 362, 368, 380]",22
2164,"[0, 1, 2, 3, 66, 71, 397, 398, 399, 211, 339, 106, 368, 178, 179, 373, 53, 190]",18
2165,"[1, 2, 3, 71, 201, 397, 398, 399, 18, 339, 106, 171, 109, 368, 178, 377, 190]",17
2166,"[0, 1, 2, 3, 66, 389, 71, 137, 397, 398, 399, 292, 106, 368, 178, 179, 370, 185]",18
2167,"[0, 1, 3, 138, 12, 397, 398, 399, 144, 277, 314, 322, 71, 329, 80, 339, 350, 222, 106, 236, 110, 368, 372, 252]",24
2168,"[1, 2, 3, 257, 133, 10, 397, 398, 399, 280, 178, 194, 198, 329, 339, 88, 222, 106, 236, 368]",20
2169,"[0, 1, 322, 3, 71, 138, 12, 397, 398, 399, 80, 339, 222, 106, 110, 368, 314, 252]",18
2170,"[1, 2, 3, 133, 390, 397, 398, 399, 154, 29, 305, 178, 71, 339, 222, 106, 235, 236, 368]",19
2171,"[0, 1, 2, 3, 137, 139, 11, 397, 398, 399, 176, 178, 53, 190, 71, 206, 211, 339, 349, 226, 360, 106, 368]",23
2172,"[0, 1, 2, 3, 262, 138, 266, 397, 398, 399, 303, 178, 190, 71, 338, 339, 341, 87, 356, 106, 365, 370, 245, 380]",24
2173,"[0, 1, 3, 199, 71, 329, 397, 398, 399, 339, 222, 159, 106, 236, 309, 186]",16
2174,"[0, 1, 2, 3, 11, 139, 397, 398, 399, 176, 178, 53, 190, 71, 206, 211, 339, 360, 106, 368]",20
2175,"[0, 1, 2, 3, 384, 397, 398, 399, 276, 157, 286, 159, 303, 178, 310, 190, 196, 71, 75, 76, 208, 87, 106, 370, 380, 124]",26
2176,"[0, 1, 2, 3, 257, 393, 397, 398, 399, 18, 176, 178, 310, 190, 71, 72, 201, 329, 208, 339, 354, 230, 106, 368, 381]",25
2177,"[1, 2, 71, 397, 398, 399, 339, 83, 222, 106, 236, 368, 178, 125]",14
2178,"[0, 1, 2, 3, 138, 139, 397, 398, 399, 176, 309, 199, 71, 329, 339, 219, 222, 355, 106, 236, 249]",21
2179,"[0, 1, 2, 3, 397, 398, 399, 20, 41, 178, 69, 327, 71, 339, 83, 222, 106, 236, 237, 368, 125]",21
2180,"[0, 1, 3, 198, 199, 71, 329, 397, 398, 399, 339, 88, 222, 101, 106, 236, 309, 120]",18
2181,"[0, 1, 2, 3, 256, 133, 196, 64, 266, 397, 398, 399, 339, 212, 278, 106, 112, 52]",18
2182,"[1, 2, 3, 257, 392, 139, 11, 397, 398, 399, 32, 300, 176, 178, 190, 71, 329, 339, 348, 106, 365, 368, 374]",23
2183,"[1, 2, 3, 259, 329, 397, 398, 399, 339, 29, 224, 106, 44, 174, 305, 306, 184]",17
2184,"[0, 1, 2, 3, 266, 397, 398, 399, 276, 25, 154, 29, 305, 178, 316, 71, 339, 106, 365, 368]",20
2185,"[0, 1, 2, 3, 137, 138, 139, 397, 398, 399, 298, 51, 309, 199, 71, 329, 222, 351, 355, 236, 372, 376, 249]",23
2186,"[0, 1, 2, 3, 138, 267, 397, 398, 399, 159, 303, 178, 51, 310, 190, 71, 339, 214, 87, 106, 235, 107, 370, 380, 123, 124]",26
2187,"[1, 2, 3, 199, 71, 329, 397, 398, 399, 156, 222, 236, 372, 309, 186, 126]",16
2188,"[0, 1, 2, 3, 397, 398, 399, 18, 150, 284, 171, 178, 310, 71, 202, 337, 339, 83, 357, 106, 374, 124]",22
2189,"[0, 1, 2, 266, 397, 398, 399, 156, 222, 43, 372, 126]",12
2190,"[0, 1, 2, 320, 71, 139, 397, 398, 399, 339, 222, 106, 236, 365, 368, 178, 316]",17
2191,"[0, 1, 3, 266, 397, 398, 399, 144, 308, 182, 55, 71, 329, 339, 212, 106, 110, 112, 368, 245, 126]",21
2192,"[0, 1, 2, 3, 138, 139, 397, 398, 399, 284, 289, 169, 298, 178, 51, 309, 61, 71, 329, 206, 222, 351, 229, 236, 372, 376, 121]",27
2193,"[0, 1, 2, 3, 264, 393, 139, 397, 398, 399, 272, 309, 61, 71, 329, 339, 222, 355, 106, 236]",20
2194,"[0, 1, 2, 128, 325, 71, 72, 397, 205, 398, 208, 399, 18, 339, 106, 178, 310]",17
2195,"[0, 1, 2, 3, 259, 264, 397, 398, 399, 272, 18, 171, 174, 178, 310, 71, 201, 329, 337, 339, 354, 106, 124]",23
2196,"[0, 1, 2, 3, 259, 139, 397, 398, 399, 32, 174, 178, 71, 328, 337, 339, 83, 352, 355, 361, 106, 368, 374]",23
2197,"[1, 2, 3, 71, 397, 398, 399, 339, 149, 344, 222, 106, 236, 368, 241, 178, 177, 369]",18
2198,"[0, 1, 2, 3, 133, 10, 397, 398, 399, 20, 178, 180, 194, 69, 198, 327, 329, 88, 222, 236, 368, 372]",22
2199,"[0, 2, 71, 266, 397, 398, 399, 276, 344, 45, 365, 368, 178, 372, 316]",15
2200,"[0, 1, 2, 3, 133, 139, 397, 398, 399, 178, 180, 190, 194, 339, 355, 106, 368, 370, 374]",19
2201,"[0, 1, 2, 3, 139, 397, 398, 399, 283, 178, 190, 71, 328, 83, 355, 361, 106, 368, 125]",19
2202,"[0, 1, 2, 65, 71, 397, 398, 399, 339, 166, 106, 364, 368, 178, 375]",15
2203,"[0, 1, 3, 198, 329, 397, 398, 399, 337, 222, 224, 44, 236, 306, 372, 118, 184]",17
2204,"[0, 1, 2, 3, 266, 397, 398, 399, 272, 276, 159, 178, 310, 190, 71, 201, 329, 75, 339, 354, 362, 106, 370, 124]",24
2205,"[0, 1, 258, 139, 397, 398, 399, 372, 222]",9
2206,"[0, 1, 2, 69, 327, 71, 397, 398, 399, 339, 20, 106, 368, 177, 178, 369, 190]",17
2207,"[1, 2, 3, 397, 398, 399, 154, 29, 45, 175, 305, 178, 316, 190, 71, 339, 106, 365, 368]",19
2208,"[0, 1, 2, 196, 71, 266, 397, 398, 399, 339, 222, 106, 236, 178]",14
2209,"[0, 1, 2, 3, 196, 266, 397, 398, 399, 80, 339, 222, 106, 368, 178, 59]",16
2210,"[1, 2, 71, 397, 398, 399, 339, 106, 365, 368, 178, 316, 190]",13
2211,"[0, 1, 2, 3, 397, 398, 399, 20, 159, 178, 69, 327, 71, 201, 329, 354, 106, 370, 123]",19
2212,"[128, 1, 2, 71, 72, 397, 398, 399, 208, 18, 339, 222, 106, 236, 178, 310]",16
2213,"[128, 2, 71, 72, 397, 398, 399, 208, 18, 178, 310]",11
2214,"[0, 1, 2, 3, 71, 201, 138, 329, 397, 398, 399, 339, 214, 354, 106, 178, 310, 124]",18
2215,"[0, 1, 2, 3, 266, 397, 398, 399, 154, 29, 159, 166, 175, 305, 178, 190, 196, 71, 339, 106, 368, 370, 375, 123]",24
2216,"[0, 1, 2, 3, 139, 397, 398, 399, 159, 329, 80, 81, 339, 349, 222, 95, 106, 236, 365, 116]",20
2217,"[1, 2, 137, 267, 397, 398, 399, 339, 222, 106, 51]",11
2218,"[1, 2, 71, 397, 206, 398, 399, 339, 360, 106, 365, 368, 178, 316]",14
2219,"[1, 2, 3, 71, 397, 398, 399, 339, 166, 106, 43, 365, 368, 178, 375]",15
2220,"[0, 1, 2, 3, 71, 138, 397, 398, 399, 339, 222, 159, 106, 368, 309, 61]",16
2221,"[0, 1, 2, 71, 138, 397, 398, 399, 222, 236, 175, 368, 178, 372]",14
2222,"[0, 1, 2, 3, 259, 397, 398, 399, 43, 174, 309, 182, 186, 61, 71, 339, 106, 365, 368, 381]",20
2223,"[0, 1, 2, 3, 137, 266, 267, 141, 398, 399, 397, 25, 159, 44, 306, 51, 184, 196, 329, 224, 106, 370, 123]",23
2224,"[0, 1, 3, 71, 397, 398, 399, 222, 159, 368, 372, 309, 61]",13
2225,"[0, 1, 2, 266, 139, 397, 398, 399, 80, 156, 222, 159, 365, 116, 372, 186, 126]",17
2226,"[0, 1, 2, 3, 71, 329, 397, 398, 399, 29, 222, 362, 106, 178, 373, 190]",16
2227,"[0, 1, 2, 3, 10, 397, 398, 399, 177, 178, 60, 190, 198, 71, 329, 206, 339, 88, 360, 106, 368, 369, 373]",23
2228,"[1, 2, 3, 71, 329, 397, 398, 399, 144, 339, 156, 222, 106, 368, 186, 126]",16
2229,"[1, 2, 397, 398, 399, 339, 222, 106, 368, 59]",10
2230,"[1, 2, 3, 71, 397, 398, 399, 339, 106, 109, 368, 178, 53, 251]",14
2231,"[0, 1, 3, 71, 397, 398, 399, 339, 159, 106, 368, 309, 61]",13
2232,"[1, 2, 3, 71, 397, 398, 399, 339, 149, 106, 109, 368, 241, 178, 251]",15
2233,"[1, 2, 3, 71, 140, 397, 398, 399, 339, 159, 106, 365, 368, 178, 370, 123, 316, 190]",18
2234,"[0, 1, 2, 320, 139, 397, 398, 399, 339, 222, 106, 368, 178, 59]",14
2235,"[1, 2, 3, 71, 139, 397, 398, 399, 145, 339, 343, 106, 178, 58, 190]",15
2236,"[1, 2, 3, 259, 68, 71, 329, 397, 398, 399, 339, 354, 106, 174, 178, 310, 124]",17
2237,"[0, 1, 320, 139, 397, 398, 399, 339, 222, 106, 236]",11
2238,"[0, 1, 2, 71, 266, 331, 333, 397, 399, 398, 339, 36, 102, 106, 364, 368]",16
2239,"[0, 1, 2, 71, 266, 397, 333, 398, 399, 343, 222, 364, 178, 372]",14
2240,"[1, 2, 3, 259, 397, 398, 399, 18, 171, 174, 178, 310, 68, 71, 329, 339, 354, 106, 124]",19
2241,"[1, 2, 194, 397, 398, 399, 339, 106, 180, 190]",10
2242,"[0, 1, 2, 3, 259, 264, 397, 398, 399, 39, 178, 310, 71, 329, 74, 333, 337, 343, 222, 106, 364, 369, 124]",23
2243,"[1, 2, 3, 71, 397, 398, 399, 339, 149, 106, 365, 368, 241, 178, 316, 190]",16
2244,"[0, 1, 2, 3, 264, 397, 398, 399, 178, 179, 190, 66, 71, 74, 337, 339, 106, 368, 370]",19
2245,"[0, 1, 2, 3, 386, 266, 397, 398, 399, 144, 149, 278, 178, 64, 71, 199, 329, 331, 333, 79, 222, 364, 236, 368, 372, 127]",26
2246,"[0, 1, 2, 132, 264, 397, 398, 399, 159, 178, 316, 190, 71, 74, 337, 339, 344, 106, 365, 368, 370, 123]",22
2247,"[0, 1, 2, 3, 7, 269, 397, 143, 399, 398, 146, 149, 278, 178, 329, 80, 339, 222, 106, 368, 115, 127]",22
2248,"[0, 1, 2, 3, 139, 397, 398, 399, 148, 33, 178, 320, 71, 333, 79, 210, 339, 222, 106, 364, 236, 368]",22
2249,"[0, 1, 2, 3, 71, 200, 392, 138, 139, 397, 398, 333, 79, 399, 355, 106, 364, 372]",18
2250,"[1, 2, 201, 333, 397, 79, 398, 399, 339, 349, 222, 95, 229, 106, 364]",15
2251,"[0, 1, 2, 3, 397, 398, 399, 150, 29, 38, 305, 178, 177, 69, 71, 206, 339, 360, 106, 368, 369]",21
2252,"[0, 1, 2, 3, 137, 267, 397, 398, 399, 43, 51, 309, 61, 71, 79, 339, 222, 106, 364, 365, 368]",21
2253,"[0, 1, 2, 3, 259, 264, 397, 398, 399, 39, 178, 71, 329, 74, 333, 337, 339, 343, 222, 106, 364, 369]",22
2254,"[0, 1, 2, 3, 71, 397, 333, 79, 398, 399, 352, 171, 364, 112, 178, 372]",16
2255,"[0, 1, 3, 199, 71, 138, 397, 333, 398, 80, 399, 339, 106, 364, 368, 309, 61]",17
2256,"[0, 1, 3, 71, 199, 266, 397, 398, 399, 80, 339, 106, 43, 365, 368, 309, 61]",17
2257,"[0, 1, 2, 3, 265, 397, 398, 399, 159, 304, 178, 190, 71, 86, 217, 99, 106, 370, 123]",19
2258,"[0, 1, 2, 3, 384, 266, 139, 397, 398, 399, 148, 33, 178, 320, 321, 71, 333, 79, 210, 83, 339, 222, 106, 364, 236, 368]",26
2259,"[0, 1, 2, 3, 259, 264, 397, 398, 399, 39, 174, 178, 310, 68, 71, 329, 74, 333, 337, 339, 343, 106, 364, 369, 124]",25
2260,"[0, 1, 2, 3, 397, 398, 399, 150, 29, 38, 305, 178, 69, 71, 333, 79, 339, 222, 106, 364, 236, 368]",22
2261,"[1, 2, 3, 139, 397, 398, 399, 145, 157, 285, 37, 178, 316, 199, 71, 333, 335, 79, 339, 222, 106, 364, 365, 236, 368]",25
2262,"[0, 1, 3, 259, 138, 12, 397, 398, 399, 309, 61, 71, 200, 333, 79, 339, 361, 106, 364, 368]",20
2263,"[0, 1, 2, 3, 259, 397, 398, 399, 18, 171, 174, 178, 310, 68, 71, 329, 336, 339, 229, 106, 124]",21
2264,"[0, 1, 2, 3, 259, 397, 398, 399, 29, 44, 174, 48, 305, 184, 65, 69, 329, 333, 210, 339, 224, 106, 364, 240]",24
2265,"[0, 1, 2, 3, 269, 397, 143, 398, 399, 48, 178, 65, 69, 329, 210, 339, 222, 106, 368, 240]",20
2266,"[1, 2, 3, 397, 398, 399, 29, 159, 166, 305, 178, 190, 69, 71, 339, 106, 368, 370, 375, 123]",20
2267,"[0, 1, 2, 3, 266, 139, 397, 398, 399, 309, 61, 71, 333, 79, 339, 222, 355, 106, 364, 368]",20
2268,"[0, 1, 2, 3, 266, 397, 398, 399, 166, 43, 178, 196, 71, 333, 339, 106, 364, 365, 368, 375]",20
2269,"[0, 1, 2, 3, 266, 139, 397, 398, 399, 156, 309, 186, 61, 71, 333, 79, 80, 364, 365, 368, 372, 126]",22
2270,"[1, 2, 3, 6, 397, 398, 399, 29, 305, 178, 69, 71, 333, 339, 83, 106, 364, 368, 125]",19
2271,"[2, 3, 66, 71, 397, 398, 399, 208, 286, 178, 179, 310, 124]",13
2272,"[0, 1, 2, 3, 71, 266, 397, 398, 399, 339, 214, 106, 365, 370, 53, 190]",16
2273,"[0, 1, 2, 3, 139, 397, 398, 399, 160, 178, 308, 320, 71, 339, 222, 106, 368, 371, 245]",19
2274,"[1, 2, 3, 71, 397, 398, 399, 339, 106, 109, 365, 368, 178, 53, 251]",15
2275,"[0, 1, 2, 262, 266, 397, 398, 399, 80, 339, 153, 159, 106, 365, 370, 245, 123, 190]",18
2276,"[0, 1, 2, 3, 259, 138, 12, 397, 398, 399, 159, 309, 61, 71, 200, 333, 339, 222, 361, 106, 364, 368]",22
2277,"[0, 1, 2, 266, 397, 398, 399, 286, 159, 178, 310, 190, 71, 208, 339, 106, 370, 249, 123, 124]",20
2278,"[1, 3, 259, 71, 333, 398, 79, 397, 399, 339, 106, 364, 174, 368, 309, 61]",16
2279,"[1, 2, 3, 71, 199, 139, 397, 333, 399, 398, 145, 339, 285, 106, 364, 178]",16
2280,"[0, 1, 2, 3, 266, 139, 397, 398, 399, 156, 184, 186, 329, 333, 79, 80, 364, 365, 372, 126]",20
2281,"[0, 1, 2, 3, 259, 138, 12, 397, 398, 399, 156, 309, 61, 71, 200, 333, 79, 361, 106, 364, 368, 372, 126]",23
2282,"[1, 2, 3, 68, 71, 329, 397, 398, 399, 208, 286, 159, 106, 178, 370, 123]",16
2283,"[0, 1, 2, 3, 259, 138, 397, 398, 399, 279, 286, 298, 300, 178, 190, 71, 208, 339, 106, 365, 114]",21
2284,"[1, 2, 3, 71, 201, 333, 397, 79, 398, 399, 349, 95, 229, 364, 368, 372, 309, 61]",18
2285,"[0, 1, 2, 3, 389, 266, 140, 397, 398, 399, 178, 190, 71, 206, 339, 360, 106, 368, 373, 381]",20
2286,"[0, 1, 2, 386, 397, 398, 399, 144, 48, 178, 64, 65, 199, 71, 329, 333, 79, 210, 222, 236, 364, 368, 240, 372]",24
2287,"[0, 1, 2, 3, 139, 397, 398, 399, 178, 53, 59, 320, 333, 79, 339, 222, 106, 364, 365, 368]",20
2288,"[1, 2, 3, 10, 397, 398, 399, 178, 180, 194, 198, 329, 333, 79, 339, 88, 222, 106, 364, 236, 368, 383]",22
2289,"[1, 2, 3, 333, 397, 79, 398, 399, 364, 368, 178, 372, 245, 308, 55, 59]",16
2290,"[0, 1, 2, 3, 138, 397, 398, 399, 144, 170, 62, 64, 71, 329, 333, 334, 79, 80, 222, 364, 236, 368, 372, 117, 379]",25
2291,"[1, 2, 71, 333, 398, 397, 399, 339, 166, 106, 364, 368, 178, 375]",14
2292,"[0, 2, 3, 71, 199, 139, 397, 398, 399, 145, 344, 285, 106, 45, 365, 368, 178, 316]",18
2293,"[0, 1, 2, 3, 397, 398, 399, 156, 309, 186, 61, 71, 329, 333, 79, 107, 364, 368, 372, 126]",20
2294,"[1, 2, 137, 267, 397, 333, 79, 399, 398, 222, 364, 51, 372]",13
2295,"[0, 1, 2, 71, 139, 397, 333, 399, 398, 339, 355, 106, 364, 178]",14
2296,"[0, 1, 2, 3, 266, 397, 398, 399, 296, 309, 61, 196, 71, 329, 333, 79, 224, 107, 364, 368, 372]",21
2297,"[0, 1, 2, 3, 66, 71, 264, 74, 397, 398, 399, 337, 339, 106, 370, 178, 179, 190]",18
2298,"[1, 2, 3, 71, 140, 397, 398, 399, 339, 159, 106, 365, 368, 178, 370, 123, 316, 190]",18
2299,"[0, 1, 2, 3, 138, 397, 398, 399, 144, 156, 186, 64, 71, 329, 333, 334, 79, 80, 339, 222, 106, 364, 368, 117, 379, 126]",26
2300,"[1, 2, 3, 268, 397, 398, 399, 154, 29, 293, 305, 178, 69, 71, 330, 333, 79, 209, 339, 86, 222, 106, 364, 236, 368]",25
2301,"[0, 1, 2, 3, 386, 140, 397, 398, 399, 144, 178, 190, 64, 65, 199, 71, 329, 333, 210, 339, 358, 106, 364, 368]",24
2302,"[1, 2, 3, 69, 71, 397, 398, 399, 339, 29, 106, 365, 368, 305, 178, 316, 190]",17
2303,"[0, 1, 2, 3, 71, 140, 397, 206, 399, 398, 339, 360, 106, 368, 178, 373, 190]",17
2304,"[0, 1, 2, 3, 137, 266, 267, 397, 398, 399, 43, 51, 309, 55, 61, 71, 79, 339, 106, 364, 365, 368, 245]",23
2305,"[1, 2, 3, 71, 333, 397, 79, 398, 399, 339, 106, 364, 368, 178, 308, 245, 55]",17
2306,"[1, 2, 333, 397, 79, 398, 399, 364, 368, 178, 372, 59]",12
2307,"[1, 2, 3, 194, 69, 71, 333, 398, 399, 397, 339, 29, 106, 364, 368, 305, 178, 180]",18
2308,"[0, 1, 2, 3, 139, 397, 398, 399, 286, 178, 190, 68, 71, 329, 333, 208, 339, 355, 106, 364]",20
2309,"[0, 1, 2, 3, 385, 266, 139, 396, 397, 398, 399, 309, 61, 71, 79, 355, 364, 368, 114, 372, 376]",21
2310,"[0, 1, 2, 3, 10, 397, 398, 399, 178, 190, 198, 71, 329, 206, 339, 88, 360, 106, 368, 373]",20
2311,"[0, 1, 2, 3, 397, 398, 399, 39, 178, 179, 310, 190, 71, 339, 343, 106, 369, 373, 124]",19
2312,"[0, 1, 2, 3, 385, 259, 138, 266, 397, 398, 399, 279, 170, 298, 309, 61, 62, 71, 79, 89, 224, 361, 364, 365, 368, 114, 372]",27
2313,"[1, 3, 71, 397, 398, 399, 339, 222, 106, 368, 309, 61]",12
2314,"[0, 1, 2, 3, 385, 329, 266, 397, 398, 79, 399, 339, 184, 170, 106, 364, 376, 62]",18
2315,"[0, 1, 2, 3, 385, 266, 397, 398, 399, 28, 289, 169, 178, 309, 54, 61, 191, 71, 79, 351, 364, 368, 372, 118, 376]",25
2316,"[0, 1, 2, 3, 137, 267, 397, 398, 399, 43, 51, 309, 55, 61, 71, 79, 339, 222, 106, 364, 365, 368, 245]",23
2317,"[0, 1, 258, 3, 139, 397, 398, 399, 284, 240, 112, 372, 376]",13
2318,"[1, 2, 3, 69, 6, 71, 397, 398, 399, 339, 29, 106, 368, 305, 178, 125, 190]",17
2319,"[0, 1, 2, 3, 266, 139, 397, 398, 399, 178, 53, 320, 71, 331, 339, 344, 222, 106, 236, 365, 368]",21
2320,"[0, 1, 2, 69, 327, 71, 397, 398, 79, 399, 83, 20, 364, 178, 372, 125]",16
2321,"[1, 2, 71, 397, 398, 399, 339, 106, 365, 368, 178, 316]",12
2322,"[1, 2, 3, 392, 140, 397, 398, 399, 32, 178, 181, 190, 71, 329, 339, 348, 106, 365, 368]",19
2323,"[0, 1, 2, 3, 265, 266, 397, 398, 143, 144, 399, 25, 176, 178, 62, 64, 71, 199, 329, 334, 79, 80, 339, 211, 106, 364, 112, 368, 379]",29
2324,"[0, 1, 2, 3, 266, 139, 396, 397, 398, 399, 145, 150, 157, 37, 38, 39, 178, 310, 71, 335, 79, 339, 343, 106, 364, 369, 124]",27
2325,"[1, 2, 3, 71, 397, 398, 399, 222, 160, 236, 365, 368, 178, 371, 372, 53]",16
2326,"[0, 1, 2, 3, 137, 266, 267, 396, 141, 398, 397, 399, 25, 51, 184, 192, 196, 329, 106, 370]",20
2327,"[0, 1, 2, 3, 329, 74, 201, 397, 398, 399, 349, 222, 95, 229, 236, 372, 184]",17
2328,"[0, 1, 2, 3, 138, 397, 398, 399, 29, 159, 178, 179, 190, 71, 80, 362, 106, 370, 123]",19
2329,"[0, 1, 2, 3, 69, 327, 397, 398, 143, 80, 399, 20, 106, 368, 178, 372, 373, 127]",18
2330,"[0, 1, 2, 3, 71, 397, 206, 398, 399, 339, 150, 357, 360, 106, 240, 368, 178, 376]",18
2331,"[0, 1, 2, 3, 139, 397, 398, 399, 145, 20, 285, 159, 178, 316, 190, 69, 327, 71, 199, 339, 106, 365, 368, 370, 123]",25
2332,"[1, 2, 3, 139, 397, 398, 399, 145, 157, 285, 37, 178, 199, 71, 335, 339, 83, 222, 106, 125]",20
2333,"[0, 1, 2, 3, 68, 71, 329, 266, 397, 398, 399, 339, 106, 178, 249]",15
2334,"[1, 2, 3, 71, 199, 139, 397, 206, 399, 398, 145, 339, 285, 360, 106, 368, 178, 190]",18
2335,"[0, 1, 2, 3, 68, 71, 329, 266, 397, 398, 399, 339, 343, 39, 106, 369, 178, 249]",18
2336,"[0, 1, 2, 3, 71, 266, 397, 398, 399, 341, 159, 106, 370, 179, 178, 190, 127]",17
2337,"[1, 2, 3, 71, 199, 139, 397, 398, 399, 145, 339, 285, 106, 178]",14
2338,"[0, 1, 2, 3, 266, 138, 12, 397, 398, 399, 156, 309, 186, 61, 71, 80, 339, 222, 106, 236, 368, 126]",22
2339,"[0, 1, 2, 3, 397, 398, 399, 286, 159, 178, 190, 68, 71, 329, 208, 339, 106, 109, 370]",19
2340,"[1, 2, 3, 397, 398, 399, 18, 159, 171, 300, 178, 310, 68, 71, 329, 343, 106, 109, 370, 123, 124]",21
2341,"[1, 2, 3, 194, 71, 397, 398, 399, 339, 106, 365, 112, 368, 178, 180, 245, 308, 190]",18
2342,"[1, 2, 3, 386, 397, 398, 399, 144, 45, 178, 53, 64, 199, 71, 329, 339, 106, 365, 368, 121]",20
2343,"[1, 2, 3, 69, 71, 397, 206, 399, 398, 339, 29, 360, 106, 368, 305, 178]",16
2344,"[0, 1, 2, 3, 397, 398, 399, 273, 159, 38, 309, 61, 71, 339, 222, 106, 236, 368, 373]",19
2345,"[1, 2, 3, 392, 397, 398, 399, 32, 178, 53, 181, 71, 329, 339, 348, 222, 106, 236, 365, 368]",20
2346,"[1, 2, 3, 71, 199, 139, 397, 398, 399, 145, 339, 285, 222, 106, 178]",15
2347,"[2, 3, 71, 139, 397, 398, 399, 145, 178]",9
2348,"[0, 1, 2, 3, 397, 398, 399, 170, 309, 61, 62, 198, 71, 329, 339, 222, 106, 236, 368]",19
2349,"[0, 1, 2, 71, 397, 398, 399, 208, 273, 339, 286, 38, 106, 178, 373, 190]",16
2350,"[0, 1, 2, 3, 71, 397, 398, 399, 339, 150, 343, 357, 106, 300, 109, 178, 58]",17
2351,"[0, 1, 3, 266, 397, 398, 399, 276, 159, 309, 61, 71, 75, 86, 222, 351, 236, 368, 372]",19
2352,"[0, 1, 2, 71, 397, 398, 399, 208, 273, 339, 286, 38, 106, 178, 370, 373, 190]",17
2353,"[0, 1, 2, 3, 71, 266, 397, 398, 399, 156, 368, 242, 372, 309, 186, 61, 126]",17
2354,"[0, 1, 2, 397, 398, 399, 80, 156, 159, 365, 116, 372, 186, 126]",14
2355,"[0, 1, 2, 3, 71, 264, 393, 77, 397, 398, 399, 337, 339, 106, 109, 176, 178, 190]",18
2356,"[0, 1, 2, 3, 137, 138, 267, 397, 398, 399, 157, 37, 51, 184, 329, 222, 106, 236, 372, 126]",20
2357,"[1, 2, 3, 194, 71, 397, 398, 399, 339, 106, 43, 365, 45, 368, 178, 180, 190]",17
2358,"[1, 2, 3, 397, 398, 399, 178, 180, 194, 198, 71, 329, 333, 222, 364, 236, 368, 372, 383]",19
2359,"[0, 1, 2, 3, 264, 393, 397, 398, 399, 286, 176, 178, 310, 190, 71, 77, 208, 337, 339, 106, 109, 124]",22
2360,"[64, 1, 2, 3, 329, 397, 398, 399, 339, 358, 106, 240, 52, 376, 190]",15
2361,"[0, 1, 2, 3, 71, 138, 397, 398, 399, 214, 90, 40, 106, 368, 178, 380]",16
2362,"[0, 1, 3, 198, 329, 397, 398, 399, 222, 236, 372, 184]",12
2363,"[0, 1, 2, 3, 397, 398, 399, 150, 154, 29, 293, 305, 178, 69, 71, 330, 209, 339, 357, 106, 240, 368]",22
2364,"[1, 2, 71, 397, 398, 399, 339, 83, 106, 178, 125, 190]",12
2365,"[1, 2, 71, 397, 398, 399, 339, 222, 106, 178]",10
2366,"[0, 1, 2, 71, 138, 397, 398, 399, 29, 159, 362, 106, 178, 370, 123]",15
2367,"[0, 1, 2, 3, 386, 138, 397, 398, 399, 144, 170, 62, 64, 71, 329, 334, 339, 106, 368, 379]",20
2368,"[0, 1, 2, 3, 397, 398, 399, 170, 298, 309, 61, 62, 67, 71, 80, 222, 236, 365, 368, 114, 372]",21
2369,"[0, 1, 2, 3, 138, 267, 397, 398, 399, 178, 52, 316, 190, 64, 71, 339, 214, 106, 235, 107, 365, 240, 368, 376]",24
2370,"[1, 2, 3, 71, 139, 397, 398, 399, 339, 222, 355, 106, 236, 368, 309, 61]",16
2371,"[1, 2, 3, 71, 137, 267, 397, 398, 399, 339, 222, 106, 236, 368, 51, 309, 61]",17
2372,"[0, 1, 2, 3, 138, 267, 397, 398, 399, 39, 178, 310, 190, 71, 339, 214, 343, 106, 235, 107, 109, 369, 124]",23
2373,"[1, 2, 71, 106, 397, 398, 399, 178, 339]",9
2374,"[0, 1, 2, 3, 386, 397, 398, 399, 144, 156, 159, 51, 186, 64, 199, 71, 329, 334, 339, 222, 106, 368, 379, 126]",24
2375,"[1, 2, 3, 329, 397, 398, 399, 222, 43, 365, 372]",11
2376,"[0, 1, 2, 3, 132, 134, 264, 397, 398, 399, 272, 159, 178, 52, 315, 316, 190, 64, 71, 337, 339, 344, 217, 227, 106, 365, 240, 368, 370, 376, 123]",31
2377,"[0, 1, 2, 200, 392, 138, 139, 397, 398, 399, 222, 355, 106, 236, 372]",15
2378,"[0, 1, 2, 3, 397, 398, 399, 150, 178, 52, 64, 71, 339, 344, 222, 357, 106, 240, 368, 376]",20
2379,"[1, 2, 3, 69, 71, 397, 398, 399, 339, 106, 365, 368, 178, 316]",14
2380,"[0, 1, 2, 3, 397, 398, 399, 159, 164, 300, 178, 310, 190, 71, 80, 339, 343, 106, 370, 124]",20
2381,"[0, 1, 2, 71, 138, 397, 398, 399, 80, 339, 159, 106, 178, 370, 123, 190]",16
2382,"[0, 1, 2, 3, 71, 397, 398, 399, 156, 159, 368, 51, 372, 309, 186, 61, 126]",17
2383,"[0, 1, 2, 3, 397, 398, 399, 18, 28, 158, 178, 310, 68, 71, 339, 106, 109, 377, 124]",19
2384,"[0, 1, 2, 3, 266, 397, 398, 399, 16, 36, 178, 53, 71, 331, 339, 222, 102, 106, 236, 365, 368]",21
2385,"[0, 1, 2, 3, 71, 138, 139, 397, 398, 399, 339, 355, 106, 238, 368, 309, 61, 62]",18
2386,"[1, 2, 71, 397, 398, 399, 339, 106, 368, 178, 190]",11
2387,"[1, 2, 3, 71, 139, 397, 398, 399, 145, 339, 106, 178]",12
2388,"[0, 1, 2, 71, 330, 397, 398, 399, 339, 355, 101, 106, 368, 178, 370, 180, 313, 190]",18
2389,"[1, 259, 106, 397, 174, 398, 399, 339]",8
2390,"[0, 1, 2, 3, 139, 397, 398, 399, 298, 309, 61, 62, 67, 71, 80, 222, 355, 236, 365, 238, 368, 372]",22
2391,"[0, 1, 2, 3, 139, 397, 398, 399, 145, 150, 285, 300, 178, 58, 190, 71, 199, 339, 343, 357, 106]",21
2392,"[0, 1, 2, 71, 397, 398, 399, 339, 150, 357, 106, 178]",12
2393,"[1, 2, 3, 71, 397, 398, 399, 16, 339, 36, 102, 106, 365, 112, 368, 178, 308, 245]",18
2394,"[0, 1, 2, 3, 397, 398, 399, 170, 298, 184, 314, 315, 67, 329, 80, 222, 236, 365, 372]",19
2395,"[0, 1, 2, 67, 397, 398, 399, 80, 28, 222, 289, 169, 298, 236, 365, 178, 372, 191]",18
2396,"[0, 1, 2, 3, 329, 201, 397, 398, 399, 80, 349, 222, 95, 229, 236, 365, 372]",17
2397,"[0, 1, 2, 3, 138, 397, 398, 399, 170, 309, 314, 315, 61, 71, 222, 106, 236, 368, 372]",19
2398,"[0, 1, 2, 3, 397, 398, 399, 52, 308, 320, 65, 329, 210, 339, 106, 365, 366, 112, 245]",19
2399,"[0, 1, 2, 265, 266, 397, 398, 143, 399, 89, 156, 372, 186, 126]",14
2400,"[0, 1, 2, 3, 397, 398, 399, 171, 178, 190, 71, 206, 339, 212, 360, 106, 112, 368, 242, 377]",20
2401,"[1, 2, 3, 198, 71, 329, 397, 333, 398, 399, 222, 364, 236, 368, 178, 372, 383]",17
2402,"[1, 2, 3, 69, 397, 398, 143, 399, 339, 222, 106, 368, 178]",13
2403,"[1, 2, 3, 139, 397, 398, 399, 145, 285, 159, 178, 316, 190, 199, 71, 339, 106, 365, 368, 370, 123]",21
2404,"[0, 1, 2, 3, 386, 266, 138, 12, 397, 398, 399, 144, 18, 156, 186, 64, 71, 199, 329, 334, 80, 339, 222, 106, 368, 379, 126]",27
2405,"[1, 2, 3, 198, 71, 329, 333, 397, 398, 399, 339, 222, 106, 364, 236, 368, 178, 383]",18
2406,"[1, 2, 71, 397, 398, 399, 339, 222, 39, 106, 369, 178]",12
2407,"[0, 1, 2, 3, 139, 397, 398, 399, 298, 309, 61, 67, 71, 80, 222, 355, 236, 365, 368, 372]",20
2408,"[0, 1, 2, 71, 330, 397, 398, 399, 339, 83, 346, 101, 106, 299, 178, 125, 190]",17
2409,"[0, 1, 2, 265, 201, 397, 398, 143, 399, 349, 222, 95, 229, 236, 372]",15
2410,"[0, 1, 2, 71, 397, 398, 399, 339, 278, 165, 106, 178, 370, 315, 190]",15
2411,"[0, 1, 64, 3, 386, 199, 71, 329, 266, 397, 334, 398, 144, 399, 339, 106, 368, 379]",18
2412,"[0, 1, 2, 3, 139, 397, 398, 399, 145, 285, 178, 316, 320, 71, 199, 339, 222, 106, 365, 368]",20
2413,"[0, 1, 2, 397, 398, 399, 80, 156, 222, 365, 372, 126]",12
2414,"[1, 2, 3, 397, 398, 399, 222, 368, 178, 372, 373, 59, 127]",13
2415,"[2, 71, 397, 398, 399, 178]",6
2416,"[0, 1, 2, 3, 397, 398, 399, 170, 298, 309, 61, 62, 67, 71, 80, 222, 236, 365, 368, 372]",20
2417,"[0, 1, 2, 265, 266, 397, 398, 143, 399, 89, 156, 372, 126]",13
2418,"[1, 3, 71, 397, 398, 399, 339, 222, 106, 236, 368, 309, 61]",13
2419,"[0, 1, 2, 71, 330, 397, 398, 399, 339, 355, 101, 106, 368, 178, 370, 180, 313, 190]",18
2420,"[0, 1, 2, 3, 266, 397, 398, 399, 16, 36, 178, 53, 71, 331, 339, 222, 102, 106, 236, 365, 368]",21
2421,"[0, 1, 2, 397, 398, 399, 20, 159, 178, 316, 190, 69, 327, 71, 339, 106, 365, 368, 370, 123]",20
2422,"[1, 2, 3, 132, 134, 397, 398, 399, 159, 178, 52, 316, 190, 64, 71, 339, 344, 217, 106, 365, 240, 368, 370, 376, 123]",25
2423,"[0, 1, 2, 3, 71, 397, 398, 399, 339, 150, 343, 357, 106, 300, 109, 178]",16
2424,"[0, 1, 2, 3, 386, 393, 138, 397, 398, 399, 144, 170, 62, 64, 71, 329, 339, 106, 368, 376, 379]",21
2425,"[0, 1, 2, 3, 329, 397, 398, 399, 80, 349, 222, 95, 236, 365, 372]",15
2426,"[1, 2, 137, 267, 397, 398, 399, 222, 236, 51, 372]",11
2427,"[0, 1, 2, 3, 71, 138, 397, 398, 399, 222, 170, 106, 236, 368, 372, 309, 61, 62]",18
2428,"[0, 1, 2, 71, 397, 398, 399, 80, 159, 106, 370, 178, 190]",13
2429,"[0, 1, 2, 3, 329, 397, 398, 399, 80, 156, 222, 365, 372, 184, 126]",15
2430,"[0, 1, 2, 71, 397, 398, 399, 339, 346, 106, 299, 178, 58]",13
2431,"[1, 2, 3, 71, 139, 397, 398, 399, 145, 339, 83, 222, 106, 178, 125]",15
2432,"[0, 1, 2, 3, 393, 139, 397, 398, 399, 309, 61, 71, 339, 222, 355, 106, 236, 368, 376]",19
2433,"[0, 1, 3, 71, 138, 397, 398, 399, 222, 106, 368, 372, 309, 61]",14
2434,"[1, 2, 3, 69, 71, 397, 398, 399, 339, 29, 106, 365, 368, 305, 178, 316, 190]",17
2435,"[1, 2, 3, 69, 71, 397, 398, 79, 399, 339, 106, 364, 365, 368, 178, 316]",16
2436,"[0, 1, 2, 71, 397, 398, 79, 399, 339, 150, 357, 106, 364, 178]",14
2437,"[1, 2, 3, 71, 397, 398, 399, 156, 222, 368, 372, 309, 186, 61, 126]",15
2438,"[0, 1, 2, 3, 71, 266, 331, 397, 398, 399, 339, 106, 365, 112, 368, 178]",16
2439,"[0, 1, 2, 3, 71, 138, 139, 397, 398, 399, 339, 355, 106, 368, 309, 61]",16
2440,"[0, 2, 3, 71, 139, 397, 398, 399, 145, 344, 106, 45, 365, 368, 178, 316]",16
2441,"[1, 2, 3, 71, 397, 398, 399, 156, 222, 368, 372, 309, 61, 126]",14
2442,"[0, 1, 2, 3, 71, 397, 398, 399, 80, 156, 222, 365, 368, 372, 309, 61, 126]",17
2443,"[0, 2, 3, 71, 139, 397, 398, 399, 145, 42, 178, 314, 382]",13
2444,"[0, 1, 2, 3, 71, 397, 398, 399, 339, 165, 106, 109, 178, 310, 315, 124, 190]",17
2445,"[0, 1, 2, 3, 257, 71, 138, 139, 397, 398, 399, 222, 355, 106, 176, 372]",16
2446,"[1, 2, 3, 329, 397, 398, 399, 349, 222, 95, 236, 372, 184]",13
2447,"[0, 1, 2, 3, 6, 71, 397, 398, 399, 339, 346, 221, 106, 299, 178]",15
2448,"[0, 1, 2, 3, 137, 138, 267, 329, 397, 398, 399, 222, 106, 236, 51, 372, 184]",17
2449,"[1, 2, 3, 71, 139, 397, 398, 399, 145, 339, 106, 178]",12
2450,"[0, 1, 2, 3, 71, 397, 398, 399, 80, 159, 106, 109, 370, 178]",14
2451,"[1, 2, 3, 71, 139, 397, 398, 399, 339, 29, 106, 368, 305, 178]",14
2452,"[1, 2, 329, 106, 397, 398, 399, 339]",8
2453,"[1, 2, 3, 397, 398, 399, 156, 222, 368, 372, 61, 126]",12
2454,"[1, 2, 3, 397, 398, 399, 349, 222, 95, 236, 368, 372, 61]",13
2455,"[0, 1, 2, 320, 139, 397, 398, 399, 339, 222, 106, 368, 178, 59]",14
2456,"[0, 1, 2, 64, 199, 71, 329, 397, 398, 399, 144, 222, 236, 302, 47, 368, 178, 372]",18
2457,"[0, 1, 2, 3, 71, 329, 138, 397, 398, 399, 90, 40, 106, 178, 179]",15
2458,"[256, 1, 2, 3, 64, 329, 397, 398, 207, 399, 339, 106, 52, 185, 190]",15
2459,"[0, 1, 3, 397, 398, 399, 80, 339, 159, 106, 368, 61]",12
2460,"[0, 1, 2, 3, 139, 397, 398, 399, 222, 351, 355, 298, 236, 368, 372, 61]",16
2461,"[0, 1, 2, 3, 71, 329, 397, 398, 399, 339, 106, 178, 179, 373, 310, 124, 190]",17
2462,"[1, 2, 71, 397, 398, 399, 339, 106, 368, 178, 190]",11
2463,"[1, 2, 3, 329, 397, 398, 399, 222, 101, 43, 365, 372]",12
2464,"[0, 1, 2, 3, 138, 267, 397, 398, 399, 178, 310, 190, 71, 339, 214, 106, 235, 107, 109, 124]",20
2465,"[0, 1, 198, 329, 397, 398, 399, 222, 236, 372]",10
2466,"[1, 2, 3, 259, 71, 397, 398, 399, 339, 106, 300, 178, 190]",13
2467,"[256, 1, 2, 3, 397, 398, 399, 178, 52, 185, 64, 71, 207, 339, 344, 222, 106, 236, 368]",19
2468,"[0, 1, 2, 137, 267, 397, 398, 399, 339, 222, 351, 106, 43, 236, 365, 51]",16
2469,"[0, 1, 2, 138, 139, 397, 398, 399, 222, 355, 106, 372]",12
2470,"[0, 1, 397, 398, 399, 80, 222, 159, 236, 372]",10
2471,"[0, 1, 2, 198, 199, 329, 397, 398, 399, 337, 146, 222, 230, 107, 236, 51, 372, 315]",18
2472,"[0, 1, 2, 3, 397, 398, 399, 171, 45, 178, 71, 332, 205, 212, 88, 222, 112, 371, 372, 246]",20
2473,"[0, 1, 2, 397, 398, 399, 339, 278, 156, 106, 126]",11
2474,"[0, 1, 2, 137, 267, 397, 398, 399, 339, 351, 106, 43, 365, 51]",14
2475,"[1, 2, 3, 386, 71, 329, 397, 398, 399, 339, 156, 222, 106, 236, 368, 126]",16
2476,"[0, 1, 2, 397, 398, 399, 339, 222, 159, 106, 236, 373]",12
2477,"[0, 1, 2, 3, 8, 397, 398, 399, 35, 190, 71, 329, 338, 339, 341, 356, 106, 368, 370]",19
2478,"[1, 2, 3, 329, 397, 398, 399, 339, 104, 106, 368, 178, 375]",13
2479,"[1, 2, 259, 3, 6, 391, 71, 139, 397, 398, 399, 339, 83, 98, 106, 178, 125]",17
2480,"[0, 1, 138, 106, 397, 398, 399, 80, 339]",9
2481,"[0, 1, 2, 259, 391, 71, 266, 331, 397, 398, 399, 339, 83, 98, 106, 178, 125]",17
2482,"[0, 1, 386, 3, 138, 397, 398, 399, 157, 37, 314, 71, 329, 80, 222, 106, 236, 368, 372]",19
2483,"[0, 1, 2, 3, 71, 139, 397, 398, 399, 81, 339, 106, 109, 178, 310, 124]",16
2484,"[0, 1, 2, 3, 266, 10, 397, 398, 399, 315, 190, 320, 71, 339, 88, 101, 106, 366, 370, 121]",20
2485,"[0, 1, 2, 262, 71, 266, 397, 398, 399, 16, 339, 84, 36, 102, 106, 368, 178]",17
2486,"[0, 1, 2, 3, 266, 397, 398, 399, 144, 281, 288, 170, 178, 64, 71, 199, 329, 339, 214, 106, 368]",21
2487,"[0, 1, 2, 3, 266, 397, 398, 399, 20, 159, 178, 196, 69, 327, 71, 106, 109, 370, 123]",19
2488,"[0, 1, 2, 3, 329, 266, 139, 397, 398, 399, 339, 214, 224, 106, 364, 44, 50, 184]",18
2489,"[0, 1, 2, 3, 266, 397, 398, 399, 20, 157, 37, 177, 178, 69, 327, 71, 206, 339, 356, 360, 106, 368, 374]",23
2490,"[0, 1, 2, 3, 384, 266, 397, 398, 399, 164, 178, 310, 190, 71, 77, 334, 80, 339, 106, 370, 249, 124]",22
2491,"[0, 1, 2, 3, 397, 398, 399, 299, 178, 53, 310, 193, 71, 339, 346, 101, 106, 109, 124]",19
2492,"[0, 1, 2, 3, 71, 397, 398, 399, 339, 156, 35, 356, 106, 178, 310, 124]",16
2493,"[0, 1, 2, 196, 69, 327, 71, 266, 397, 398, 143, 399, 20, 222, 368, 178, 372, 250]",18
2494,"[0, 1, 2, 71, 138, 397, 398, 399, 80, 339, 159, 106, 370, 178, 314, 123, 252, 190]",18
2495,"[0, 1, 2, 3, 138, 397, 14, 398, 399, 156, 314, 186, 61, 80, 339, 222, 106, 252, 126]",19
2496,"[0, 1, 2, 3, 71, 74, 267, 397, 398, 399, 339, 296, 106, 109, 178, 310, 124]",17
2497,"[256, 1, 2, 3, 64, 397, 206, 398, 399, 339, 220, 360, 106, 52]",14
2498,"[1, 2, 3, 71, 397, 398, 399, 339, 222, 356, 106, 236, 178]",13
2499,"[1, 2, 3, 71, 397, 398, 399, 339, 106, 178, 310, 374, 124]",13
2500,"[1, 2, 3, 71, 139, 397, 398, 399, 339, 222, 106, 236, 368, 178]",14
2501,"[1, 2, 3, 71, 329, 397, 398, 399, 339, 104, 106, 368, 178]",13
2502,"[0, 1, 2, 71, 266, 396, 397, 398, 399, 339, 170, 106, 370, 178, 190]",15
2503,"[0, 1, 2, 3, 138, 397, 398, 399, 279, 28, 289, 169, 298, 191, 192, 329, 208, 222, 365, 372]",20
2504,"[0, 1, 2, 266, 138, 397, 398, 399, 80, 154, 29, 159, 362, 106, 370, 123, 190]",17
2505,"[0, 1, 2, 71, 397, 398, 399, 339, 170, 106, 368, 177, 178, 374, 190]",15
2506,"[0, 1, 2, 266, 397, 398, 399, 80, 29, 159, 362, 106, 365, 366, 370, 123]",16
2507,"[0, 1, 2, 3, 71, 73, 266, 397, 398, 399, 339, 170, 106, 178, 374, 315, 381]",17
2508,"[0, 1, 2, 320, 71, 139, 397, 398, 399, 339, 344, 222, 106, 368, 177, 178, 374]",17
2509,"[0, 1, 2, 3, 256, 258, 64, 397, 398, 399, 277, 222, 34, 105, 372, 52]",16
2510,"[0, 1, 2, 3, 266, 397, 14, 399, 271, 398, 159, 292, 298, 44, 176, 61, 329, 80, 339, 222, 106, 236, 365, 366]",24
2511,"[0, 1, 2, 3, 264, 397, 14, 398, 399, 44, 183, 186, 61, 329, 339, 222, 106, 236, 116, 373, 381, 383]",22
2512,"[128, 1, 2, 3, 71, 397, 398, 399, 83, 222, 106, 236, 178, 372, 58, 125]",16
2513,"[0, 1, 2, 3, 128, 71, 139, 397, 398, 399, 339, 355, 106, 368, 177, 178, 374, 190]",18
2514,"[0, 1, 2, 3, 397, 398, 14, 399, 156, 44, 183, 186, 61, 329, 339, 222, 106, 126, 383]",19
2515,"[0, 1, 2, 138, 397, 398, 399, 279, 222, 298, 236, 365, 372, 373, 186, 381]",16
2516,"[0, 1, 2, 3, 260, 139, 396, 397, 398, 14, 399, 44, 309, 61, 199, 329, 336, 339, 222, 355, 106, 236, 376, 127]",24
2517,"[0, 1, 2, 3, 266, 139, 397, 398, 399, 178, 316, 320, 69, 71, 331, 339, 106, 365, 368]",19
2518,"[0, 1, 2, 3, 71, 397, 398, 207, 80, 399, 339, 106, 368, 177, 178, 374, 62]",17
2519,"[0, 1, 2, 3, 397, 398, 399, 29, 178, 310, 190, 71, 74, 206, 339, 362, 106, 368, 370, 124]",20
2520,"[0, 1, 2, 3, 71, 139, 397, 398, 207, 79, 333, 399, 339, 222, 106, 364, 178, 58]",18
2521,"[1, 2, 3, 392, 397, 398, 399, 282, 178, 198, 71, 329, 333, 79, 339, 348, 222, 99, 106, 364, 365, 109, 368, 374]",24
2522,"[1, 2, 3, 71, 139, 397, 398, 399, 339, 106, 368, 177, 178, 374]",14
2523,"[0, 1, 2, 3, 397, 14, 271, 399, 398, 298, 44, 186, 61, 329, 79, 80, 222, 364, 365, 372, 373, 381]",22
2524,"[0, 1, 2, 3, 266, 397, 398, 399, 279, 178, 310, 71, 201, 332, 333, 79, 339, 106, 364, 116, 373]",21
2525,"[0, 1, 2, 3, 320, 139, 397, 398, 399, 339, 154, 106, 368, 370, 178, 375, 190]",17
2526,"[0, 1, 2, 3, 266, 397, 398, 399, 144, 178, 315, 64, 198, 71, 199, 329, 79, 339, 106, 364, 368]",21
2527,"[0, 1, 2, 3, 266, 397, 398, 399, 29, 164, 178, 310, 190, 62, 71, 207, 339, 351, 362, 106, 124]",21
2528,"[0, 1, 2, 3, 266, 397, 398, 399, 20, 157, 37, 178, 69, 198, 327, 71, 329, 222, 368, 372]",20
2529,"[1, 2, 3, 392, 397, 398, 399, 178, 190, 71, 329, 207, 339, 348, 99, 106, 365, 109, 368, 374]",20
2530,"[1, 2, 3, 71, 139, 397, 398, 399, 79, 339, 106, 364, 368, 178]",14
2531,"[0, 1, 2, 3, 266, 139, 397, 398, 399, 178, 320, 198, 71, 329, 331, 206, 339, 360, 106, 368]",20
2532,"[0, 1, 2, 3, 259, 391, 137, 267, 397, 398, 399, 278, 52, 54, 183, 316, 64, 198, 74, 337, 339, 98, 100, 106, 107, 365, 383]",27
2533,"[0, 1, 2, 138, 397, 398, 399, 80, 79, 339, 106, 364, 373]",13
2534,"[0, 1, 2, 3, 397, 398, 399, 29, 159, 32, 178, 190, 71, 331, 337, 339, 362, 106, 109, 370, 374, 120, 123]",23
2535,"[0, 1, 2, 3, 329, 138, 203, 397, 398, 399, 80, 28, 222, 289, 169, 44, 372]",17
2536,"[0, 1, 2, 3, 69, 327, 71, 139, 397, 398, 399, 339, 20, 106, 178]",15
2537,"[0, 1, 2, 3, 138, 397, 398, 399, 300, 302, 47, 178, 71, 329, 79, 339, 222, 106, 364]",19
2538,"[0, 1, 2, 3, 128, 329, 138, 332, 397, 398, 79, 399, 339, 106, 364, 368, 178, 375]",18
2539,"[0, 1, 2, 3, 397, 398, 399, 296, 44, 306, 329, 76, 86, 222, 224, 352, 107, 372, 373]",19
2540,"[0, 1, 2, 3, 320, 266, 331, 139, 397, 398, 399, 222, 43, 365, 368, 178, 372, 59]",18
2541,"[0, 1, 2, 3, 266, 397, 398, 399, 23, 43, 302, 47, 178, 71, 339, 214, 222, 223, 106, 365, 368]",21
2542,"[0, 1, 2, 3, 71, 397, 398, 399, 339, 356, 106, 303, 178, 252]",14
2543,"[1, 2, 3, 71, 397, 398, 399, 339, 356, 106, 369, 178, 125]",13
2544,"[0, 1, 2, 3, 266, 267, 397, 398, 399, 176, 178, 51, 198, 70, 71, 74, 79, 337, 339, 356, 106, 364, 383]",23
2545,"[0, 1, 2, 3, 397, 398, 399, 33, 178, 185, 190, 71, 332, 207, 339, 227, 106, 237, 368]",19
2546,"[0, 1, 2, 3, 329, 12, 397, 398, 399, 339, 224, 170, 106, 44, 306, 373, 121]",17
2547,"[0, 1, 2, 3, 389, 397, 398, 399, 170, 178, 310, 71, 332, 339, 106, 109, 373, 374, 124]",19
2548,"[0, 1, 2, 384, 397, 398, 399, 29, 159, 178, 190, 71, 77, 206, 214, 362, 106, 370, 123, 252]",20
2549,"[0, 1, 397, 398, 399, 339, 170, 106, 370, 373, 190]",11
2550,"[0, 1, 2, 3, 389, 266, 267, 397, 398, 399, 278, 29, 165, 176, 51, 315, 198, 70, 76, 337, 339, 94, 362, 106, 109, 374, 383]",27
2551,"[0, 1, 2, 3, 397, 398, 399, 159, 291, 163, 319, 198, 329, 74, 80, 212, 88, 106, 370, 123]",20
2552,"[0, 1, 2, 3, 257, 260, 266, 397, 398, 399, 279, 44, 306, 308, 329, 89, 222, 224, 372, 245, 373]",21
2553,"[0, 1, 2, 3, 260, 266, 139, 397, 398, 399, 279, 44, 306, 308, 329, 89, 222, 224, 355, 372, 245]",21
2554,"[0, 1, 2, 392, 397, 398, 399, 284, 178, 71, 329, 202, 348, 350, 222, 99, 365, 109, 368, 243, 372, 374]",22
2555,"[1, 2, 3, 71, 397, 398, 399, 339, 159, 356, 106, 365, 368, 178, 370, 123, 316, 190]",18
2556,"[0, 1, 2, 71, 202, 332, 397, 398, 399, 18, 339, 284, 106, 178, 310, 377, 124]",17
2557,"[0, 1, 2, 3, 329, 138, 139, 397, 398, 399, 80, 222, 355, 44, 372]",15
2558,"[1, 2, 71, 397, 398, 399, 159, 106, 370, 178, 310, 123, 124]",13
2559,"[0, 1, 2, 3, 259, 257, 5, 262, 266, 138, 397, 398, 399, 149, 37, 186, 61, 323, 71, 92, 222, 106, 368, 372, 373, 245, 126]",27
2560,"[1, 2, 3, 194, 71, 394, 11, 139, 397, 398, 399, 339, 106, 368, 178, 180]",16
2561,"[0, 1, 2, 71, 329, 138, 397, 398, 399, 222, 302, 47, 368, 178, 372, 59]",16
2562,"[1, 2, 71, 397, 398, 399, 29, 159, 362, 106, 370, 178, 123]",13
2563,"[0, 1, 2, 3, 384, 397, 270, 398, 399, 44, 306, 321, 329, 75, 77, 334, 80, 86, 222, 224, 365, 116, 372]",23
2564,"[0, 1, 2, 3, 389, 397, 398, 399, 164, 178, 310, 56, 190, 321, 71, 331, 339, 106, 365, 370, 124]",21
2565,"[0, 1, 3, 71, 397, 270, 398, 80, 399, 87, 217, 40, 365, 116, 380]",15
2566,"[0, 1, 2, 3, 139, 397, 398, 399, 154, 178, 320, 71, 333, 339, 222, 106, 364, 368, 383]",19
2567,"[1, 2, 3, 71, 332, 397, 398, 399, 339, 98, 227, 356, 106, 237, 368, 178]",16
2568,"[0, 1, 2, 3, 391, 7, 266, 139, 397, 398, 399, 157, 37, 178, 316, 71, 339, 100, 106, 365, 114, 115]",22
2569,"[0, 1, 2, 3, 259, 261, 5, 266, 138, 12, 397, 398, 399, 149, 156, 303, 175, 185, 186, 61, 323, 71, 339, 222, 352, 106, 368, 240, 379]",29
2570,"[1, 2, 3, 71, 139, 397, 398, 399, 339, 106, 368, 178]",12
2571,"[1, 2, 3, 329, 74, 77, 398, 399, 397, 337, 339, 224, 106, 44, 306]",15
2572,"[0, 1, 2, 3, 329, 266, 139, 138, 397, 398, 399, 339, 214, 224, 106, 44, 306, 184]",18
2573,"[0, 1, 2, 3, 259, 262, 138, 266, 12, 397, 398, 399, 44, 303, 306, 329, 339, 224, 106, 245, 373]",21
2574,"[0, 1, 2, 3, 5, 397, 398, 399, 149, 278, 156, 175, 51, 185, 186, 61, 323, 70, 71, 329, 74, 331, 339, 222, 352, 106, 107, 240, 368, 379]",30
2575,"[0, 1, 2, 3, 139, 397, 398, 399, 154, 178, 307, 190, 319, 320, 339, 106, 368, 370, 375]",19
2576,"[0, 1, 2, 262, 266, 138, 12, 397, 398, 399, 29, 159, 190, 206, 87, 362, 106, 370, 245, 123]",20
2577,"[0, 1, 2, 3, 257, 71, 397, 398, 271, 80, 399, 222, 365, 368, 114, 372]",16
2578,"[0, 1, 2, 3, 391, 138, 397, 398, 399, 287, 42, 178, 316, 65, 71, 329, 210, 339, 222, 98, 356, 106, 364, 365, 237]",25
2579,"[0, 1, 2, 3, 266, 139, 397, 398, 399, 25, 178, 71, 339, 98, 355, 356, 106, 237, 238]",19
2580,"[0, 1, 3, 323, 5, 71, 397, 398, 399, 339, 149, 106, 43, 365, 240, 368, 242, 61]",18
2581,"[0, 1, 2, 3, 196, 329, 397, 398, 399, 91, 349, 222, 95, 296, 372]",15
2582,"[0, 1, 2, 3, 138, 397, 398, 399, 144, 170, 302, 47, 178, 188, 64, 199, 71, 329, 222, 236, 368, 372, 376]",23
2583,"[0, 1, 2, 138, 397, 398, 399, 217, 283, 156, 222, 352, 365, 240, 304, 372, 308, 186]",18
2584,"[0, 1, 2, 3, 138, 139, 397, 398, 143, 399, 302, 47, 178, 188, 71, 329, 222, 368, 372, 250]",20
2585,"[0, 1, 2, 3, 71, 397, 398, 399, 339, 156, 33, 106, 237, 368, 178, 190]",16
2586,"[0, 1, 2, 3, 321, 329, 74, 397, 398, 399, 86, 222, 372]",13
2587,"[0, 1, 2, 65, 71, 397, 398, 399, 339, 97, 162, 229, 106, 178]",14
2588,"[0, 1, 2, 266, 139, 397, 398, 399, 16, 33, 36, 178, 320, 71, 331, 210, 222, 368, 372]",19
2589,"[0, 1, 2, 3, 321, 389, 71, 331, 397, 398, 399, 339, 106, 109, 178, 370, 374, 190]",18
2590,"[0, 1, 2, 3, 329, 397, 398, 399, 222, 224, 107, 44, 236, 306, 372, 373]",16
2591,"[0, 1, 2, 138, 139, 397, 398, 399, 48, 178, 320, 71, 329, 210, 339, 344, 222, 106, 240, 368]",20
2592,"[0, 1, 2, 3, 266, 397, 398, 399, 279, 165, 39, 170, 178, 56, 315, 71, 201, 339, 211, 343, 106, 365, 369, 381]",24
2593,"[0, 1, 2, 3, 71, 397, 398, 399, 80, 339, 156, 106, 368, 178]",14
2594,"[0, 1, 2, 3, 71, 397, 398, 399, 339, 156, 33, 106, 237, 368, 178, 190]",16
2595,"[1, 2, 3, 71, 397, 398, 399, 222, 98, 356, 236, 237, 178, 372]",14
2596,"[0, 1, 2, 3, 139, 397, 398, 399, 159, 178, 316, 190, 327, 71, 207, 339, 106, 365, 368, 370, 123]",21
2597,"[0, 1, 2, 3, 71, 397, 398, 399, 80, 339, 157, 37, 106, 368, 61, 373, 376, 381]",18
2598,"[0, 1, 2, 71, 266, 397, 398, 399, 211, 339, 165, 170, 106, 178, 315, 381]",16
2599,"[1, 2, 3, 392, 397, 398, 399, 33, 178, 185, 190, 71, 329, 339, 348, 99, 106, 365, 109, 237, 368, 374]",22
2600,"[0, 1, 2, 3, 138, 397, 398, 399, 156, 44, 306, 186, 329, 222, 224, 352, 365, 240, 372]",19
2601,"[0, 1, 3, 71, 331, 397, 206, 399, 398, 368, 370, 190]",12
2602,"[0, 1, 2, 266, 139, 397, 398, 399, 23, 157, 37, 178, 63, 196, 71, 77, 81, 222, 223, 368, 372]",21
2603,"[1, 2, 3, 71, 397, 398, 399, 339, 106, 365, 178, 310, 58, 124]",14
2604,"[0, 1, 2, 3, 397, 398, 399, 159, 292, 44, 176, 306, 329, 331, 80, 222, 224, 236, 365, 372, 373, 381, 126]",23
2605,"[0, 1, 2, 198, 329, 397, 398, 399, 92, 222, 37, 236, 113, 115, 372, 183, 381, 383]",18
2606,"[2, 71, 397, 398, 399, 178]",6
2607,"[0, 1, 2, 3, 259, 256, 391, 137, 267, 395, 397, 398, 399, 28, 289, 169, 52, 316, 64, 200, 329, 339, 87, 100, 230, 106, 365]",27
2608,"[0, 1, 2, 3, 138, 266, 397, 398, 399, 156, 44, 306, 186, 69, 329, 80, 339, 222, 224, 106]",20
2609,"[0, 1, 2, 3, 265, 266, 397, 398, 399, 143, 156, 37, 186, 321, 329, 80, 86, 89, 92, 222, 372]",21
2610,"[0, 1, 2, 267, 397, 398, 399, 278, 159, 292, 176, 331, 77, 80, 337, 222, 236, 365, 372, 126]",20
2611,"[0, 1, 2, 3, 266, 397, 398, 399, 287, 43, 185, 65, 329, 210, 339, 214, 106, 365, 240, 242]",20
2612,"[0, 1, 2, 3, 267, 139, 397, 398, 399, 159, 292, 176, 200, 329, 331, 80, 222, 355, 361, 108, 365, 372, 376, 378, 126]",25
2613,"[0, 1, 2, 71, 397, 398, 399, 339, 156, 106, 178, 190]",12
2614,"[1, 2, 71, 397, 206, 399, 398, 339, 360, 106, 365, 368, 178]",13
2615,"[1, 2, 3, 71, 139, 397, 398, 399, 339, 106, 365, 178, 316]",13
2616,"[0, 128, 2, 3, 266, 139, 397, 398, 399, 18, 178, 310, 196, 71, 72, 205, 208, 81, 98, 356, 237]",21
2617,"[128, 1, 2, 3, 71, 397, 398, 399, 222, 178, 372]",11
2618,"[1, 2, 3, 261, 71, 397, 398, 399, 339, 106, 365, 368, 178, 316]",14
2619,"[0, 1, 2, 3, 71, 9, 397, 398, 399, 339, 157, 37, 106, 369, 178, 310, 124, 190]",18
2620,"[0, 1, 2, 3, 138, 397, 398, 399, 16, 36, 43, 302, 47, 178, 185, 71, 329, 339, 101, 106, 365, 368, 242]",23
2621,"[0, 1, 2, 3, 139, 267, 397, 398, 399, 278, 159, 292, 44, 176, 306, 184, 329, 331, 80, 339, 224, 355, 106, 365, 126]",25
2622,"[0, 1, 2, 3, 397, 398, 399, 178, 53, 58, 190, 193, 71, 330, 339, 101, 106, 365, 368]",19
2623,"[0, 1, 2, 3, 266, 397, 398, 399, 278, 44, 306, 184, 329, 331, 222, 224, 236, 372, 249]",19
2624,"[0, 1, 2, 3, 133, 262, 266, 139, 397, 398, 399, 293, 43, 178, 185, 320, 195, 71, 78, 339, 101, 106, 365, 368, 242, 245]",26
2625,"[0, 1, 2, 3, 397, 398, 399, 156, 157, 44, 306, 184, 185, 314, 329, 75, 76, 207, 220, 222, 224, 372, 126]",23
2626,"[1, 2, 3, 71, 397, 398, 399, 339, 222, 106, 236, 365, 178, 58]",14
2627,"[0, 1, 2, 3, 397, 398, 399, 279, 178, 53, 56, 193, 71, 201, 330, 339, 83, 229, 101, 106, 365, 125]",22
2628,"[0, 1, 2, 3, 397, 398, 399, 170, 44, 306, 184, 62, 67, 198, 329, 222, 224, 236, 372, 383]",20
2629,"[0, 1, 3, 397, 398, 399, 337, 339, 83, 278, 92, 37, 106, 369, 183]",15
2630,"[0, 1, 2, 3, 258, 139, 397, 398, 399, 222, 101, 43, 365, 368, 242, 178, 372, 185]",18
2631,"[0, 1, 2, 3, 258, 139, 397, 398, 399, 178, 71, 339, 83, 222, 98, 356, 106, 236, 237, 125]",20
2632,"[0, 1, 2, 3, 259, 397, 398, 399, 287, 33, 302, 178, 52, 65, 193, 71, 339, 87, 346, 106, 236, 237, 368, 241]",24
2633,"[0, 1, 2, 3, 256, 266, 395, 397, 398, 399, 159, 289, 165, 169, 170, 303, 52, 315, 316, 190, 64, 329, 211, 339, 87, 106, 365, 370, 123, 381]",30
2634,"[1, 2, 3, 8, 397, 398, 399, 336, 28, 222, 352, 289, 169, 368, 178, 372, 249]",17
2635,"[0, 1, 331, 397, 206, 399, 398, 106, 370, 190]",10
2636,"[0, 1, 2, 3, 266, 139, 267, 397, 398, 399, 278, 292, 170, 44, 176, 306, 184, 62, 329, 80, 89, 222, 224, 236, 365, 372]",26
2637,"[0, 1, 258, 3, 256, 259, 395, 139, 397, 398, 399, 289, 169, 52, 64, 329, 87, 222, 359, 372]",20
2638,"[0, 1, 2, 3, 71, 397, 398, 399, 339, 343, 156, 39, 106, 365, 369, 178, 56, 190]",18
2639,"[0, 1, 2, 3, 267, 397, 398, 399, 278, 156, 292, 44, 176, 306, 184, 185, 314, 329, 207, 80, 220, 222, 224, 365, 372, 126]",26
2640,"[0, 1, 267, 397, 398, 399, 80, 278, 159, 292, 106, 365, 176, 304, 370, 116, 123]",17
2641,"[0, 1, 2, 3, 397, 398, 399, 278, 39, 178, 183, 190, 71, 206, 337, 339, 343, 368, 369, 370]",20
2642,"[0, 1, 2, 387, 71, 266, 397, 398, 399, 339, 214, 26, 106, 190]",14
2643,"[0, 1, 2, 3, 128, 266, 397, 398, 399, 37, 178, 53, 54, 71, 83, 92, 222, 106, 236, 372, 125]",21
2644,"[1, 2, 3, 71, 397, 398, 399, 339, 83, 356, 106, 178, 125]",13
2645,"[0, 1, 2, 3, 397, 398, 399, 170, 44, 306, 184, 62, 329, 331, 339, 222, 224, 106, 236]",19
2646,"[1, 2, 3, 259, 71, 397, 398, 399, 83, 339, 92, 98, 37, 106, 369, 178, 246]",17
2647,"[0, 1, 2, 3, 266, 397, 398, 399, 213, 214, 222, 297, 173, 367, 372, 119, 255]",17
2648,"[0, 1, 2, 3, 139, 397, 398, 399, 43, 48, 178, 185, 320, 71, 210, 339, 222, 101, 106, 236, 365, 368, 240, 242]",24
2649,"[0, 1, 2, 3, 260, 266, 138, 397, 398, 399, 279, 156, 185, 314, 329, 207, 220, 222, 352, 358, 365, 372, 126]",23
2650,"[0, 1, 2, 3, 329, 203, 397, 398, 399, 339, 224, 170, 106, 44, 306, 184]",16
2651,"[1, 2, 3, 391, 71, 139, 397, 398, 399, 339, 100, 106, 365, 178, 316, 190]",16
2652,"[0, 1, 2, 3, 261, 71, 138, 397, 398, 399, 339, 159, 106, 370, 178, 123, 190]",17
2653,"[0, 1, 2, 3, 128, 139, 397, 398, 399, 178, 190, 71, 332, 206, 339, 355, 360, 106, 368, 112]",20
2654,"[0, 1, 2, 3, 259, 256, 395, 397, 398, 399, 284, 289, 52, 64, 329, 202, 206, 339, 87, 357, 358, 232, 360, 106, 365]",25
2655,"[0, 1, 2, 3, 259, 266, 397, 398, 399, 37, 178, 71, 200, 333, 92, 222, 361, 364, 236, 368, 372, 383]",22
2656,"[0, 1, 2, 3, 266, 397, 398, 399, 45, 178, 310, 185, 71, 339, 220, 98, 356, 100, 106, 237, 372, 246, 124]",23
2657,"[0, 1, 2, 3, 385, 260, 137, 138, 397, 398, 399, 279, 25, 29, 298, 190, 71, 200, 74, 206, 338, 85, 361, 362, 365, 368, 370]",27
2658,"[0, 1, 2, 3, 397, 398, 399, 146, 20, 44, 306, 184, 321, 329, 86, 88, 222, 224, 234, 372]",20
2659,"[0, 1, 2, 3, 266, 397, 398, 399, 37, 43, 178, 185, 71, 339, 92, 106, 365, 368, 242]",19
2660,"[0, 1, 2, 3, 390, 397, 398, 399, 162, 178, 58, 65, 71, 339, 83, 97, 229, 106, 365, 125]",20
2661,"[0, 1, 2, 385, 138, 74, 397, 398, 399, 146, 88, 25, 222, 361, 365, 372]",16
2662,"[0, 2, 3, 71, 139, 397, 398, 399, 344, 98, 355, 356, 237, 238, 368, 178]",16
2663,"[0, 1, 2, 3, 266, 138, 397, 398, 399, 302, 47, 178, 58, 316, 71, 329, 331, 222, 106, 365, 372]",21
2664,"[0, 1, 2, 3, 266, 139, 268, 397, 398, 399, 178, 185, 71, 206, 80, 339, 220, 360, 106, 368, 247]",21
2665,"[0, 1, 2, 3, 264, 139, 397, 398, 399, 272, 44, 306, 51, 309, 184, 199, 329, 339, 218, 222, 224, 106, 383]",23
2666,"[0, 1, 2, 3, 139, 397, 398, 399, 37, 296, 44, 306, 184, 321, 196, 329, 86, 218, 91, 92, 222, 224, 372]",23
2667,"[0, 1, 2, 3, 266, 139, 268, 397, 398, 399, 178, 185, 316, 71, 80, 220, 222, 106, 365, 372, 247]",21
2668,"[0, 1, 2, 3, 139, 397, 398, 399, 278, 44, 176, 306, 51, 184, 70, 329, 331, 218, 222, 224, 352, 107, 372]",23
2669,"[0, 1, 2, 3, 266, 267, 139, 397, 398, 399, 27, 170, 199, 329, 208, 339, 212, 218, 106]",19
2670,"[0, 1, 2, 3, 266, 397, 398, 399, 144, 28, 289, 37, 169, 178, 64, 71, 199, 329, 336, 92, 222, 352, 368, 372, 249]",25
2671,"[0, 1, 2, 3, 397, 398, 399, 176, 178, 51, 183, 198, 71, 74, 337, 339, 83, 98, 356, 106, 237, 125, 383]",23
2672,"[0, 1, 2, 3, 385, 259, 260, 138, 397, 398, 399, 279, 25, 284, 303, 308, 329, 74, 331, 222, 365, 372]",22
2673,"[0, 1, 199, 266, 267, 397, 398, 399, 222, 170, 372]",11
2674,"[0, 1, 2, 3, 259, 256, 395, 397, 398, 399, 284, 289, 169, 52, 64, 329, 202, 87, 222, 357, 358, 232, 365, 372]",24
2675,"[0, 1, 2, 3, 257, 329, 267, 203, 397, 398, 399, 222, 224, 44, 306, 372, 184, 191]",18
2676,"[1, 2, 3, 71, 397, 398, 399, 16, 339, 36, 102, 106, 367, 368, 178, 117, 119]",17
2677,"[0, 1, 2, 257, 198, 329, 267, 397, 398, 399, 276, 159, 291, 106, 370, 183, 123]",17
2678,"[0, 1, 2, 3, 9, 393, 397, 398, 399, 156, 44, 306, 51, 184, 62, 329, 74, 207, 222, 224, 235, 372, 120]",23
2679,"[0, 1, 2, 3, 397, 398, 399, 164, 178, 310, 56, 190, 62, 71, 207, 339, 106, 365, 124]",19
2680,"[0, 1, 2, 3, 257, 393, 137, 267, 396, 397, 398, 399, 146, 276, 30, 162, 37, 170, 298, 44, 306, 51, 184, 314, 329, 336, 92, 222, 351, 224, 372, 376, 249, 381]",34
2681,"[0, 1, 2, 3, 138, 397, 398, 399, 156, 37, 165, 54, 314, 189, 80, 339, 92, 352, 106, 240]",20
2682,"[0, 1, 2, 3, 259, 256, 266, 395, 397, 398, 399, 289, 169, 52, 64, 329, 339, 213, 214, 87, 106, 255]",22
2683,"[0, 1, 2, 3, 138, 397, 398, 399, 37, 44, 184, 313, 314, 329, 80, 339, 92, 349, 222, 95, 106]",21
2684,"[0, 1, 2, 3, 128, 390, 397, 398, 399, 18, 157, 162, 37, 178, 310, 71, 72, 76, 205, 83, 339, 106, 369]",23
2685,"[0, 1, 2, 3, 71, 266, 10, 397, 398, 399, 339, 214, 88, 348, 106, 236, 368, 61]",18
2686,"[0, 1, 2, 3, 256, 138, 397, 398, 399, 37, 44, 184, 314, 329, 80, 92, 93, 222, 232, 106, 372]",21
2687,"[0, 1, 2, 3, 196, 69, 327, 71, 266, 397, 398, 399, 339, 20, 106, 369, 178]",17
2688,"[0, 1, 2, 3, 138, 395, 139, 397, 398, 399, 178, 58, 316, 320, 326, 71, 329, 339, 106, 365, 368]",21
2689,"[0, 1, 2, 3, 71, 266, 397, 398, 399, 339, 83, 157, 37, 106, 369, 178, 373]",17
2690,"[1, 2, 3, 71, 397, 398, 399, 339, 106, 367, 368, 178, 119]",13
2691,"[0, 1, 2, 3, 396, 397, 398, 399, 30, 37, 44, 306, 184, 313, 329, 336, 92, 349, 222, 95, 224, 372]",22
2692,"[0, 1, 2, 3, 397, 398, 399, 37, 296, 178, 196, 71, 339, 91, 92, 98, 356, 106, 237]",19
2693,"[0, 1, 2, 3, 393, 397, 398, 399, 276, 278, 157, 37, 176, 178, 51, 183, 186, 198, 71, 74, 337, 83, 339, 106, 109, 369, 374, 120, 383]",29
2694,"[0, 1, 2, 3, 71, 329, 138, 332, 397, 398, 399, 16, 339, 36, 106, 112, 368, 178]",18
2695,"[0, 1, 2, 3, 266, 267, 397, 398, 399, 157, 37, 178, 51, 71, 339, 83, 106, 369, 373]",19
2696,"[0, 1, 2, 3, 394, 11, 139, 268, 397, 399, 398, 284, 178, 71, 202, 80, 339, 222, 106, 368, 247]",21
2697,"[0, 1, 2, 260, 74, 397, 398, 399, 279, 25, 156, 222, 176, 372, 186, 126]",16
2698,"[1, 3, 329, 397, 398, 399, 222, 224, 44, 306, 372, 184]",12
2699,"[128, 1, 2, 3, 71, 72, 397, 398, 399, 18, 339, 106, 365, 178, 310, 58, 190]",17
2700,"[0, 1, 2, 3, 266, 139, 268, 397, 398, 399, 20, 157, 37, 178, 316, 69, 327, 71, 76, 80, 339, 106, 365, 368, 247]",25
2701,"[1, 2, 3, 329, 139, 397, 398, 399, 222, 224, 355, 44, 306, 372, 184]",15
2702,"[0, 1, 2, 3, 138, 397, 398, 399, 302, 47, 178, 71, 329, 339, 344, 222, 98, 356, 106, 237, 368]",21
2703,"[0, 1, 2, 3, 7, 397, 398, 399, 279, 178, 56, 316, 71, 201, 339, 106, 365, 114, 115]",19
2704,"[0, 1, 2, 3, 266, 139, 268, 397, 398, 399, 20, 157, 37, 178, 316, 69, 327, 71, 76, 80, 339, 106, 365, 368, 247]",25
2705,"[0, 1, 2, 3, 7, 397, 398, 399, 339, 106, 365, 368, 114, 178, 115, 58, 190]",17
2706,"[0, 1, 2, 3, 262, 266, 138, 139, 397, 398, 399, 309, 61, 71, 199, 207, 339, 222, 355, 106, 368, 245]",22
2707,"[0, 1, 2, 3, 392, 138, 10, 397, 398, 399, 302, 47, 178, 71, 329, 339, 88, 348, 222, 99, 106, 365, 109, 368]",24
2708,"[0, 1, 2, 3, 139, 397, 398, 399, 159, 37, 44, 306, 184, 196, 329, 92, 222, 224, 355, 372]",20
2709,"[0, 1, 2, 3, 261, 262, 391, 266, 138, 397, 398, 399, 154, 29, 159, 305, 178, 186, 316, 190, 71, 206, 207, 339, 217, 106, 365, 370, 245, 123, 126]",31
2710,"[0, 1, 2, 3, 7, 397, 398, 399, 178, 58, 316, 71, 81, 339, 226, 106, 365, 114, 115]",19
2711,"[0, 1, 2, 3, 128, 389, 397, 398, 399, 18, 276, 278, 157, 37, 176, 178, 310, 198, 199, 71, 72, 74, 76, 205, 337, 339, 83, 106, 109, 369, 374, 383]",32
2712,"[0, 1, 2, 71, 397, 398, 399, 80, 159, 106, 365, 370, 178, 310, 123, 124]",16
2713,"[0, 1, 2, 3, 138, 139, 397, 398, 399, 146, 20, 37, 44, 184, 314, 73, 329, 80, 81, 339, 92, 222, 106, 234]",24
2714,"[0, 1, 2, 3, 267, 397, 398, 399, 159, 37, 170, 329, 208, 211, 91, 92, 222, 367, 372]",19
2715,"[0, 1, 2, 3, 390, 7, 139, 268, 397, 398, 399, 162, 177, 178, 71, 206, 80, 81, 339, 360, 106, 368, 114, 115, 374, 247]",26
2716,"[0, 1, 2, 3, 138, 139, 397, 398, 399, 43, 178, 185, 320, 71, 329, 339, 101, 106, 365, 368, 242]",21
2717,"[0, 1, 2, 3, 389, 397, 398, 399, 159, 178, 190, 321, 71, 339, 106, 109, 369, 370, 374, 123]",20
2718,"[0, 1, 2, 3, 202, 397, 398, 399, 339, 85, 284, 106, 367, 368, 178, 119]",16
2719,"[0, 1, 2, 3, 389, 397, 398, 399, 159, 178, 321, 71, 328, 106, 109, 369, 370, 374, 123]",19
2720,"[0, 1, 2, 3, 389, 266, 397, 398, 399, 276, 157, 37, 170, 178, 71, 83, 339, 106, 109, 369, 373, 374]",22
2721,"[0, 1, 2, 3, 389, 329, 266, 397, 398, 399, 208, 339, 87, 170, 106, 303, 373, 249]",18
2722,"[0, 1, 3, 329, 138, 139, 397, 398, 399, 339, 226, 106, 188]",13
2723,"[0, 1, 2, 3, 397, 398, 399, 176, 178, 51, 316, 198, 71, 199, 77, 337, 339, 98, 356, 106, 365, 237, 381, 383]",24
2724,"[0, 1, 2, 257, 199, 393, 331, 397, 269, 399, 398, 87, 222, 159, 303, 51, 372, 249]",18
2725,"[1, 2, 3, 71, 397, 398, 399, 339, 106, 365, 178, 58, 190]",13
2726,"[0, 1, 2, 3, 256, 259, 387, 266, 395, 397, 398, 399, 26, 289, 169, 52, 64, 71, 329, 339, 214, 87, 106]",23
2727,"[0, 1, 2, 3, 266, 396, 397, 398, 399, 278, 44, 306, 309, 184, 185, 329, 77, 207, 337, 222, 224, 372, 118, 126]",24
2728,"[0, 2, 3, 69, 327, 71, 397, 398, 399, 20, 98, 356, 106, 237, 365, 178, 316]",17
2729,"[0, 1, 2, 3, 266, 396, 397, 398, 399, 33, 303, 178, 185, 190, 193, 324, 71, 329, 207, 339, 346, 348, 106, 365, 109, 237, 368, 241, 374]",29
2730,"[0, 1, 2, 3, 266, 139, 268, 397, 398, 399, 37, 169, 178, 190, 71, 206, 80, 339, 92, 106, 368, 247]",22
2731,"[0, 1, 2, 3, 71, 329, 138, 139, 397, 398, 399, 348, 222, 236, 372, 61]",16
2732,"[0, 1, 2, 3, 257, 393, 137, 397, 398, 399, 150, 278, 25, 28, 158, 159, 169, 51, 199, 331, 206, 213, 222, 372]",24
2733,"[1, 2, 3, 71, 397, 398, 399, 339, 356, 106, 365, 178, 316]",13
2734,"[0, 1, 2, 3, 329, 267, 397, 398, 399, 222, 224, 44, 306, 372, 184, 121]",16
2735,"[0, 1, 3, 199, 329, 74, 331, 397, 398, 399, 278, 25, 222, 51, 372]",15
2736,"[0, 1, 2, 3, 397, 398, 399, 159, 169, 178, 190, 71, 206, 339, 356, 106, 368, 370, 123]",19
2737,"[0, 1, 2, 3, 389, 266, 397, 398, 399, 157, 37, 170, 178, 71, 83, 339, 106, 109, 369, 373, 374]",21
2738,"[0, 1, 2, 3, 385, 71, 266, 267, 397, 398, 399, 339, 106, 365, 178, 373, 56]",17
2739,"[0, 1, 67, 3, 260, 329, 138, 397, 398, 399, 222, 44, 365, 372, 184]",15
2740,"[0, 1, 2, 3, 260, 138, 397, 398, 399, 44, 182, 184, 185, 67, 329, 212, 222, 352, 365, 240, 372, 245]",22
2741,"[0, 1, 2, 320, 71, 139, 77, 397, 399, 398, 339, 23, 223, 106, 368, 178, 63]",17
2742,"[0, 1, 3, 329, 138, 397, 398, 399, 339, 106, 44, 365, 184]",13
2743,"[0, 1, 2, 3, 8, 138, 139, 397, 398, 399, 28, 289, 169, 178, 320, 71, 329, 336, 222, 352, 102, 368, 372, 249]",24
2744,"[0, 1, 2, 3, 266, 396, 397, 398, 399, 279, 156, 178, 56, 185, 190, 71, 328, 201, 207, 339, 106, 365, 120]",23
2745,"[0, 193, 2, 71, 397, 398, 399, 346, 101, 299, 178, 53]",12
2746,"[0, 1, 2, 3, 196, 266, 333, 397, 398, 399, 85, 222, 106, 364, 368, 178, 372, 383]",18
2747,"[0, 1, 3, 329, 397, 398, 399, 339, 222, 224, 106, 44, 306, 184, 127]",15
2748,"[0, 1, 2, 3, 258, 391, 71, 397, 398, 399, 339, 226, 100, 106, 365, 178, 58, 316]",18
2749,"[0, 1, 3, 329, 397, 398, 399, 222, 224, 106, 44, 306, 372, 184, 127]",15
2750,"[0, 1, 2, 384, 71, 397, 334, 398, 399, 159, 106, 370, 178, 123, 190]",15
2751,"[0, 1, 2, 3, 259, 256, 395, 397, 398, 399, 289, 176, 51, 52, 183, 64, 198, 199, 329, 206, 337, 339, 87, 360, 106, 381, 383]",27
2752,"[1, 2, 71, 397, 398, 399, 222, 106, 365, 178, 372, 316]",12
2753,"[0, 1, 2, 3, 256, 266, 395, 397, 398, 399, 159, 289, 303, 52, 190, 64, 329, 339, 87, 106, 365, 370, 373, 123]",24
2754,"[0, 1, 2, 266, 397, 398, 399, 149, 27, 178, 182, 185, 212, 222, 352, 106, 109, 240, 372, 245, 127]",21
2755,"[1, 2, 3, 71, 139, 397, 398, 399, 339, 222, 106, 368, 178]",13
2756,"[1, 2, 3, 71, 139, 397, 398, 399, 339, 222, 106, 368, 178]",13
2757,"[0, 1, 2, 3, 384, 391, 397, 398, 399, 279, 157, 37, 178, 56, 316, 190, 321, 71, 201, 77, 334, 339, 100, 106, 365]",25
2758,"[0, 1, 2, 3, 138, 139, 397, 398, 399, 43, 178, 320, 71, 329, 222, 101, 102, 106, 365, 368, 372]",21
2759,"[1, 2, 3, 71, 397, 398, 399, 339, 106, 365, 369, 178, 374, 316]",14
2760,"[256, 1, 2, 3, 259, 387, 64, 329, 395, 397, 398, 399, 208, 87, 222, 289, 52, 372]",18
2761,"[0, 1, 3, 329, 397, 398, 399, 222, 106, 372]",10
2762,"[0, 1, 2, 329, 266, 397, 398, 399, 339, 214, 222, 224, 106, 306, 184]",15
2763,"[0, 1, 3, 262, 329, 138, 266, 397, 398, 399, 339, 222, 224, 106, 44, 306, 245, 184]",18
2764,"[0, 1, 2, 3, 196, 266, 139, 397, 398, 399, 339, 85, 106, 368, 178]",15
2765,"[0, 1, 2, 3, 266, 397, 398, 399, 159, 33, 178, 190, 193, 196, 71, 339, 346, 106, 365, 237, 368, 241, 370, 123]",24
2766,"[0, 1, 2, 3, 397, 398, 399, 276, 150, 159, 37, 169, 329, 75, 206, 91, 92, 222, 372]",19
2767,"[0, 1, 2, 3, 397, 398, 399, 276, 150, 159, 37, 169, 44, 306, 184, 329, 75, 206, 91, 92, 222, 224, 106, 372]",24
2768,"[0, 1, 2, 3, 384, 266, 397, 398, 399, 43, 309, 61, 321, 196, 71, 199, 75, 331, 334, 339, 94, 222, 106, 365, 368]",25
2769,"[0, 1, 2, 3, 397, 398, 399, 178, 185, 71, 329, 333, 207, 80, 339, 348, 106, 364, 365, 109, 368, 374, 383]",23
2770,"[0, 1, 2, 3, 262, 138, 266, 397, 398, 399, 44, 306, 182, 184, 185, 329, 339, 212, 222, 224, 352, 106, 240, 245]",24
2771,"[0, 1, 2, 3, 71, 266, 139, 397, 398, 399, 339, 92, 222, 37, 106, 368, 178]",17
2772,"[0, 1, 2, 3, 260, 397, 398, 399, 278, 44, 309, 184, 67, 329, 77, 80, 337, 222, 106, 365, 372, 118]",22
2773,"[0, 1, 2, 138, 397, 398, 399, 27, 37, 182, 185, 314, 80, 339, 212, 92, 222, 352, 106, 240, 245]",21
2774,"[0, 1, 2, 3, 262, 138, 266, 397, 398, 399, 27, 309, 182, 185, 61, 199, 71, 212, 222, 352, 106, 368, 240, 372, 245]",25
2775,"[0, 1, 2, 3, 256, 259, 395, 397, 398, 399, 289, 52, 64, 329, 87, 348, 222, 350, 358, 232, 106, 365, 109, 243, 372, 374]",26
2776,"[0, 1, 2, 3, 71, 397, 398, 399, 273, 339, 220, 222, 352, 356, 106, 178]",16
2777,"[0, 1, 2, 3, 260, 71, 74, 397, 206, 399, 398, 279, 25, 368, 176, 370, 178, 190]",18
2778,"[0, 1, 2, 3, 137, 397, 398, 399, 157, 37, 176, 178, 183, 198, 71, 199, 74, 337, 339, 222, 106, 369, 374, 383]",24
2779,"[0, 1, 2, 3, 259, 138, 397, 398, 399, 33, 303, 184, 193, 329, 339, 87, 346, 106, 237, 241]",20
2780,"[1, 2, 3, 71, 397, 398, 399, 159, 106, 365, 369, 178, 370, 374, 123, 316]",16
2781,"[0, 1, 2, 3, 266, 397, 398, 399, 284, 33, 37, 178, 190, 193, 71, 202, 339, 346, 92, 106, 237, 368, 241]",23
2782,"[0, 1, 2, 266, 139, 397, 270, 399, 398, 283, 159, 80, 217, 222, 226, 106, 365, 116, 372]",19
2783,"[0, 1, 2, 3, 397, 398, 399, 33, 178, 190, 62, 193, 71, 329, 207, 339, 346, 348, 106, 365, 109, 237, 368, 241, 374]",25
2784,"[1, 2, 3, 71, 397, 398, 399, 339, 106, 369, 178, 374]",12
2785,"[0, 1, 2, 3, 387, 397, 398, 399, 26, 287, 65, 71, 210, 222, 106, 367, 240, 372, 119]",19
2786,"[0, 1, 2, 3, 139, 397, 398, 399, 154, 178, 316, 320, 71, 339, 344, 222, 356, 106, 365, 368]",20
2787,"[0, 1, 2, 128, 71, 72, 266, 397, 398, 399, 18, 339, 170, 106, 178, 310, 190]",17
2788,"[0, 1, 3, 397, 398, 399, 162, 37, 298, 44, 306, 184, 329, 336, 92, 222, 351, 224, 106, 372]",20
2789,"[0, 1, 2, 3, 198, 71, 74, 397, 206, 398, 399, 337, 368, 178, 370, 183, 190, 383]",18
2790,"[0, 1, 2, 3, 389, 266, 141, 397, 399, 398, 25, 44, 306, 184, 321, 329, 331, 222, 224, 106, 372]",21
2791,"[0, 1, 2, 3, 266, 397, 398, 399, 157, 37, 178, 316, 196, 71, 76, 339, 106, 365, 369, 374]",20
2792,"[0, 1, 65, 3, 397, 398, 399, 339, 222, 287, 101, 106, 43, 365, 302, 47, 52]",17
2793,"[1, 2, 3, 71, 397, 398, 399, 339, 356, 106, 365, 178, 316]",13
2794,"[0, 1, 2, 266, 397, 206, 399, 398, 222, 169, 170, 106, 236, 372]",14
2795,"[0, 1, 2, 262, 266, 138, 12, 397, 398, 399, 159, 178, 186, 190, 71, 229, 106, 370, 245, 246, 123]",21
2796,"[0, 1, 2, 3, 266, 139, 397, 398, 399, 45, 178, 185, 71, 329, 339, 348, 220, 222, 106, 365, 109, 368, 372, 374]",24
2797,"[0, 1, 2, 71, 266, 397, 398, 399, 92, 222, 37, 106, 368, 178, 372]",15
2798,"[0, 1, 2, 320, 139, 397, 398, 399, 339, 85, 154, 222, 106, 368, 178]",15
2799,"[0, 1, 397, 398, 399, 211, 88, 159, 106, 303, 370, 118, 183, 123]",14
2800,"[0, 1, 2, 320, 71, 329, 138, 139, 397, 398, 399, 22, 222, 106, 368, 178, 372]",17
2801,"[0, 1, 2, 3, 397, 398, 399, 16, 150, 36, 178, 71, 339, 222, 357, 106, 367, 368, 119]",19
2802,"[0, 1, 2, 3, 397, 398, 399, 44, 306, 182, 184, 185, 329, 212, 222, 224, 352, 106, 107, 240, 372, 245]",22
2803,"[0, 1, 2, 3, 385, 259, 260, 138, 266, 397, 398, 399, 279, 44, 306, 308, 182, 184, 185, 200, 329, 331, 212, 87, 222, 352, 224, 358, 106, 365, 372, 245]",32
2804,"[0, 1, 2, 3, 138, 397, 398, 399, 309, 182, 185, 61, 71, 80, 339, 212, 222, 352, 106, 368, 240, 245]",22
2805,"[0, 1, 2, 3, 397, 398, 399, 37, 178, 316, 196, 71, 339, 92, 222, 356, 106, 236, 365]",19
2806,"[0, 1, 3, 71, 393, 266, 329, 397, 398, 399, 89, 107, 368, 372, 309, 373, 61]",17
2807,"[0, 1, 3, 329, 138, 397, 398, 399, 80, 222, 224, 106, 372, 184, 317]",15
2808,"[0, 1, 2, 3, 329, 138, 397, 398, 399, 80, 222, 224, 106, 178, 372, 184, 317]",17
2809,"[0, 1, 2, 397, 398, 399, 273, 156, 38, 178, 190, 62, 71, 328, 207, 339, 97, 106, 369, 125]",20
2810,"[0, 2, 3, 71, 139, 397, 398, 399, 355, 356, 365, 368, 178]",13
2811,"[0, 1, 2, 3, 397, 398, 399, 161, 37, 303, 193, 196, 329, 86, 346, 92, 222, 351, 106, 372]",20
2812,"[0, 1, 2, 3, 397, 398, 399, 159, 306, 182, 184, 185, 317, 198, 329, 212, 222, 224, 352, 106, 240, 115, 372, 245]",24
2813,"[0, 1, 2, 3, 397, 398, 399, 178, 58, 190, 71, 331, 206, 97, 98, 368, 369, 370, 246, 125]",20
2814,"[0, 1, 257, 3, 266, 397, 398, 399, 159, 292, 71, 80, 222, 106, 365, 368, 116, 372, 248]",19
2815,"[0, 1, 2, 3, 385, 384, 260, 9, 138, 397, 398, 399, 276, 279, 25, 178, 308, 200, 329, 74, 331, 222, 106, 365, 372]",25
2816,"[0, 1, 2, 3, 390, 265, 397, 398, 399, 157, 306, 182, 184, 317, 193, 329, 331, 80, 82, 214, 92, 222, 224, 106, 372]",25
2817,"[1, 2, 71, 397, 398, 399, 339, 222, 106, 236, 365, 368, 178]",13
2818,"[0, 1, 2, 3, 266, 397, 398, 399, 283, 306, 182, 184, 185, 317, 196, 329, 203, 77, 339, 212, 352, 224, 106, 367, 240, 245]",26
2819,"[0, 1, 2, 133, 69, 327, 71, 139, 397, 398, 399, 81, 20, 222, 106, 368, 178, 372]",18
2820,"[0, 1, 2, 3, 266, 397, 398, 399, 150, 37, 43, 178, 339, 85, 92, 357, 101, 106, 365, 368]",20
2821,"[0, 1, 2, 3, 397, 398, 399, 273, 156, 38, 299, 174, 178, 311, 56, 58, 190, 71, 339, 97, 106, 365, 369, 125]",24
2822,"[0, 1, 2, 3, 138, 397, 398, 399, 302, 47, 178, 58, 316, 71, 329, 344, 222, 106, 236, 365, 368, 372]",22
2823,"[0, 1, 2, 3, 266, 139, 11, 397, 398, 399, 50, 178, 181, 185, 60, 71, 332, 207, 344, 220, 222, 227, 360, 106, 364, 236, 368, 372, 380]",29
2824,"[0, 1, 2, 3, 395, 397, 398, 399, 150, 23, 52, 64, 329, 339, 222, 357, 232, 106, 236, 240]",20
2825,"[0, 1, 2, 3, 8, 138, 397, 398, 399, 27, 156, 28, 289, 169, 184, 329, 222, 351, 106, 236, 372, 376, 249]",23
2826,"[0, 1, 2, 3, 391, 266, 397, 398, 399, 37, 178, 316, 71, 92, 222, 356, 357, 100, 106, 236, 365, 240, 372]",23
2827,"[0, 1, 2, 3, 266, 139, 397, 398, 399, 28, 156, 157, 289, 37, 169, 61, 327, 71, 348, 222, 106, 236, 372, 376, 249]",25
2828,"[1, 2, 3, 139, 397, 398, 143, 16, 399, 159, 36, 37, 50, 178, 190, 71, 339, 106, 364, 368, 370, 123]",22
2829,"[0, 1, 3, 7, 329, 138, 397, 398, 399, 222, 224, 106, 306, 381, 372, 184, 317]",17
2830,"[0, 1, 2, 3, 259, 266, 138, 397, 398, 399, 19, 22, 283, 29, 43, 302, 47, 178, 196, 71, 329, 331, 339, 222, 101, 106, 236, 365, 368]",29
2831,"[0, 1, 2, 3, 128, 139, 397, 398, 399, 178, 316, 327, 71, 344, 222, 106, 236, 365, 368, 372]",20
2832,"[0, 1, 3, 138, 266, 397, 398, 399, 279, 162, 298, 184, 317, 329, 89, 222, 224, 106, 365, 372]",20
2833,"[0, 1, 2, 3, 266, 397, 398, 399, 157, 37, 170, 178, 316, 71, 76, 83, 339, 106, 365, 369, 374, 381]",22
2834,"[0, 1, 2, 3, 139, 397, 398, 399, 178, 58, 60, 320, 71, 332, 339, 227, 360, 106, 364, 365, 368, 380]",22
2835,"[0, 1, 3, 329, 138, 397, 398, 399, 279, 222, 224, 162, 298, 106, 365, 372, 184, 317]",18
2836,"[0, 1, 2, 3, 266, 397, 398, 399, 25, 178, 53, 58, 316, 193, 71, 330, 339, 101, 106, 365]",20
2837,"[0, 1, 2, 3, 262, 266, 139, 397, 398, 399, 159, 40, 300, 178, 71, 80, 87, 343, 365, 380, 126]",21
2838,"[128, 1, 2, 3, 71, 329, 397, 398, 399, 339, 348, 106, 365, 109, 368, 178, 374, 190]",18
2839,"[1, 2, 3, 391, 71, 397, 398, 399, 222, 100, 106, 236, 365, 178, 372, 58, 316]",17
2840,"[0, 1, 2, 3, 397, 398, 399, 306, 182, 184, 185, 317, 329, 331, 80, 339, 212, 224, 352, 106, 240, 245]",22
2841,"[1, 2, 3, 6, 71, 328, 397, 398, 399, 339, 106, 369, 178, 374, 125, 190]",16
2842,"[1, 2, 3, 71, 397, 398, 399, 339, 106, 365, 369, 178, 374, 316]",14
2843,"[0, 1, 2, 3, 262, 266, 139, 397, 398, 399, 159, 306, 182, 184, 185, 317, 329, 80, 212, 222, 224, 352, 106, 365, 240, 372, 245, 126]",28
2844,"[0, 1, 2, 266, 138, 139, 397, 395, 399, 398, 178, 320, 326, 71, 329, 331, 222, 102, 106, 368, 372]",21
2845,"[0, 1, 2, 3, 128, 266, 138, 397, 398, 399, 16, 283, 36, 178, 196, 71, 329, 331, 332, 339, 106, 368, 112]",23
2846,"[0, 1, 2, 3, 266, 397, 398, 399, 20, 157, 37, 178, 69, 327, 71, 329, 76, 339, 348, 356, 106, 365, 109, 368, 374]",25
2847,"[0, 1, 2, 3, 259, 133, 138, 266, 139, 395, 397, 399, 398, 43, 178, 180, 320, 194, 326, 71, 329, 331, 222, 101, 106, 236, 365, 368, 372]",29
2848,"[0, 1, 2, 385, 266, 138, 397, 398, 399, 277, 279, 27, 162, 182, 185, 322, 212, 222, 352, 358, 106, 365, 372, 245]",24
2849,"[0, 1, 2, 3, 138, 397, 398, 399, 279, 162, 39, 298, 178, 190, 71, 206, 343, 365, 368, 369, 370]",21
2850,"[0, 1, 138, 397, 398, 399, 279, 222, 162, 298, 106, 236, 365, 372]",14
2851,"[0, 1, 2, 196, 266, 397, 398, 399, 339, 283, 106, 368, 190]",13
2852,"[0, 1, 2, 3, 266, 397, 398, 399, 150, 283, 43, 176, 306, 184, 317, 196, 329, 339, 224, 106, 365]",21
2853,"[1, 2, 3, 71, 268, 397, 398, 399, 339, 86, 33, 106, 364, 237, 368, 178, 190]",17
2854,"[0, 1, 2, 3, 397, 398, 399, 273, 38, 299, 174, 178, 311, 56, 58, 190, 71, 339, 97, 106, 365, 369, 373, 125]",24
2855,"[1, 2, 3, 71, 397, 398, 399, 339, 356, 106, 365, 178, 316]",13
2856,"[0, 1, 2, 3, 130, 397, 398, 399, 37, 171, 299, 178, 53, 193, 71, 330, 76, 339, 83, 346, 94, 101, 106, 369, 246, 374]",26
2857,"[0, 1, 2, 3, 259, 394, 139, 397, 398, 399, 43, 178, 320, 71, 339, 222, 101, 106, 236, 365, 368]",21
2858,"[1, 2, 3, 8, 397, 398, 399, 28, 156, 289, 169, 178, 71, 222, 102, 106, 236, 368, 372, 376, 249]",21
2859,"[0, 1, 2, 3, 259, 256, 258, 395, 139, 397, 398, 399, 52, 64, 329, 208, 87, 222, 106, 372]",20
2860,"[0, 1, 2, 3, 131, 264, 397, 398, 399, 146, 30, 44, 306, 182, 183, 184, 185, 317, 67, 198, 329, 204, 212, 88, 222, 224, 352, 106, 240, 372, 245, 383]",32
2861,"[0, 1, 2, 3, 397, 398, 399, 299, 174, 178, 311, 56, 316, 190, 321, 71, 328, 75, 331, 80, 339, 106, 107, 365]",24
2862,"[0, 1, 2, 3, 257, 393, 266, 397, 398, 399, 25, 161, 306, 184, 317, 199, 329, 331, 78, 80, 211, 222, 224, 106, 112, 372]",26
2863,"[0, 1, 2, 3, 259, 133, 266, 138, 139, 397, 398, 399, 43, 178, 180, 320, 194, 71, 329, 331, 222, 101, 106, 236, 365, 368, 372]",27
2864,"[0, 1, 2, 3, 139, 11, 268, 398, 399, 397, 178, 50, 181, 60, 71, 80, 81, 339, 344, 360, 106, 364, 368, 114, 115, 247, 380]",27
2865,"[0, 1, 3, 199, 329, 396, 397, 398, 399, 222, 224, 106, 298, 306, 372, 184, 317, 127]",18
2866,"[0, 1, 2, 3, 6, 266, 138, 397, 398, 399, 178, 190, 71, 328, 339, 214, 106, 369, 374, 249, 125]",21
2867,"[0, 1, 2, 3, 128, 266, 397, 398, 399, 45, 178, 190, 71, 329, 339, 348, 106, 365, 109, 368, 372, 374]",22
2868,"[0, 1, 2, 3, 267, 397, 398, 399, 273, 278, 38, 176, 306, 308, 184, 315, 317, 329, 77, 337, 219, 224, 372, 245, 373, 381]",26
2869,"[0, 1, 2, 3, 130, 397, 398, 399, 159, 171, 178, 58, 190, 321, 71, 75, 331, 80, 339, 106, 107, 369, 370, 374, 246]",25
2870,"[0, 1, 2, 3, 257, 266, 397, 398, 399, 25, 161, 51, 309, 61, 71, 74, 78, 80, 368, 112, 372]",21
2871,"[0, 1, 2, 3, 71, 202, 397, 398, 399, 339, 284, 356, 357, 106, 365, 240, 178, 316]",18
2872,"[0, 1, 2, 3, 266, 139, 397, 398, 399, 44, 306, 50, 184, 317, 329, 80, 222, 224, 106, 364, 365, 372]",22
2873,"[0, 1, 2, 3, 128, 397, 398, 399, 20, 178, 316, 69, 327, 71, 332, 344, 222, 106, 236, 365, 112, 368, 372]",23
2874,"[0, 1, 2, 3, 397, 398, 399, 278, 37, 178, 71, 76, 83, 339, 106, 369, 116, 374, 381]",19
2875,"[0, 1, 2, 3, 265, 397, 398, 143, 399, 161, 37, 303, 193, 329, 208, 86, 346, 92, 222, 351, 106, 372]",22
2876,"[0, 1, 2, 3, 397, 398, 399, 159, 178, 58, 321, 71, 328, 331, 75, 80, 106, 107, 369, 370, 374]",21
2877,"[0, 1, 2, 3, 384, 397, 398, 399, 178, 309, 182, 61, 321, 71, 75, 331, 77, 334, 80, 339, 345, 91, 94, 106, 112, 368, 382]",27
2878,"[0, 1, 2, 203, 397, 206, 399, 398, 28, 222, 289, 169, 106, 236, 372, 381]",16
2879,"[0, 1, 2, 3, 329, 138, 397, 398, 399, 279, 222, 298, 106, 365, 178, 372]",16
2880,"[0, 1, 2, 3, 139, 397, 398, 399, 157, 37, 178, 316, 71, 81, 339, 83, 106, 365, 369, 374]",20
2881,"[0, 1, 2, 3, 265, 266, 267, 397, 398, 143, 399, 37, 329, 208, 86, 89, 92, 222, 106, 242, 372]",21
2882,"[0, 1, 2, 3, 6, 266, 396, 397, 398, 399, 178, 185, 71, 207, 339, 222, 356, 106, 236, 369, 125]",21
2883,"[0, 1, 2, 385, 260, 264, 397, 398, 399, 27, 162, 182, 183, 185, 67, 198, 329, 212, 88, 222, 352, 106, 240, 113, 372, 245, 383]",27
2884,"[0, 1, 2, 3, 385, 138, 397, 398, 399, 306, 182, 184, 185, 317, 322, 329, 222, 224, 352, 106, 365, 372, 245]",23
2885,"[1, 2, 259, 3, 71, 397, 398, 399, 222, 101, 102, 106, 43, 236, 365, 368, 178, 372]",18
2886,"[0, 1, 2, 3, 6, 71, 397, 398, 399, 339, 106, 369, 178, 381, 374, 125]",16
2887,"[0, 1, 2, 3, 329, 267, 396, 397, 398, 399, 222, 224, 162, 106, 306, 372, 184, 317]",18
2888,"[0, 1, 3, 329, 138, 397, 398, 399, 279, 222, 224, 106, 298, 365, 306, 372, 184, 317]",18
2889,"[0, 1, 2, 3, 329, 267, 331, 397, 398, 399, 80, 222, 224, 106, 306, 372, 184, 317]",18
2890,"[0, 1, 2, 3, 11, 139, 397, 398, 399, 50, 178, 181, 185, 60, 71, 207, 344, 222, 360, 106, 364, 236, 368, 372, 380]",25
2891,"[0, 1, 2, 3, 397, 398, 399, 306, 182, 184, 185, 317, 329, 331, 80, 339, 212, 222, 352, 224, 106, 240, 245]",23
2892,"[0, 1, 2, 3, 266, 139, 397, 398, 399, 44, 50, 306, 182, 184, 185, 317, 329, 80, 212, 222, 224, 352, 106, 364, 365, 240, 372, 245]",28
2893,"[0, 1, 2, 3, 197, 319, 267, 397, 398, 399, 80, 159, 163, 106, 370, 123, 191]",17
2894,"[0, 1, 2, 3, 389, 262, 266, 139, 397, 398, 399, 156, 178, 50, 71, 80, 106, 364, 365, 370, 380]",21
2895,"[0, 1, 3, 259, 397, 398, 399, 210, 339, 222, 101, 358, 106, 43, 365, 48]",16
2896,"[0, 1, 2, 3, 265, 397, 398, 143, 399, 28, 289, 37, 169, 329, 203, 206, 86, 92, 222, 106, 372]",21
2897,"[0, 1, 2, 3, 261, 138, 397, 398, 399, 159, 178, 316, 190, 71, 80, 339, 106, 365, 370, 123]",20
2898,"[0, 1, 2, 3, 138, 266, 267, 397, 398, 399, 178, 306, 184, 329, 80, 222, 224, 100, 106, 372, 373, 249]",22
2899,"[0, 1, 2, 3, 397, 398, 399, 279, 299, 174, 178, 53, 311, 56, 316, 193, 71, 201, 330, 339, 101, 106, 365, 368]",24
2900,"[0, 1, 2, 3, 256, 397, 398, 399, 287, 33, 306, 184, 65, 329, 339, 220, 224, 106, 364, 237]",20
2901,"[1, 2, 3, 397, 398, 399, 339, 85, 101, 106, 43, 365, 368, 178]",14
2902,"[0, 1, 2, 3, 259, 397, 398, 399, 176, 306, 51, 184, 185, 329, 212, 222, 224, 101, 230, 106, 240, 372]",22
2903,"[0, 1, 2, 3, 265, 397, 398, 143, 399, 28, 289, 37, 169, 306, 184, 329, 203, 206, 86, 92, 222, 224, 106, 372]",24
2904,"[0, 1, 2, 3, 265, 397, 398, 143, 399, 161, 37, 303, 306, 184, 193, 329, 86, 346, 92, 222, 351, 224, 106, 372]",24
2905,"[0, 1, 2, 266, 267, 397, 270, 398, 80, 399, 154, 222, 106, 236, 365, 372, 373]",17
2906,"[0, 1, 2, 3, 267, 396, 397, 398, 270, 399, 273, 43, 176, 184, 329, 339, 222, 106, 365, 242, 373, 252]",22
2907,"[1, 2, 3, 391, 71, 397, 398, 399, 222, 356, 100, 106, 236, 365, 178, 372, 316]",17
2908,"[0, 1, 3, 260, 389, 198, 329, 397, 398, 399, 339, 88, 222, 162, 106, 183, 184]",17
2909,"[0, 1, 2, 3, 130, 9, 138, 397, 398, 399, 171, 178, 190, 70, 71, 206, 214, 97, 235, 368, 369, 370, 246, 125]",24
2910,"[1, 2, 3, 261, 71, 329, 397, 398, 399, 339, 348, 222, 106, 236, 365, 368, 178]",17
2911,"[1, 2, 3, 387, 10, 13, 397, 398, 399, 26, 283, 37, 325, 71, 222, 234, 106, 367, 372, 119]",20
2912,"[0, 1, 2, 3, 266, 397, 398, 399, 20, 159, 178, 316, 196, 69, 327, 328, 71, 106, 365, 369, 370, 374, 123]",23
2913,"[0, 1, 2, 3, 266, 139, 397, 398, 399, 20, 157, 37, 50, 178, 190, 69, 327, 71, 339, 106, 364, 365, 368]",23
2914,"[0, 1, 2, 3, 397, 398, 399, 299, 178, 53, 58, 316, 193, 71, 330, 339, 344, 346, 222, 101, 106, 365, 368]",23
2915,"[0, 2, 3, 196, 71, 73, 266, 139, 397, 398, 399, 81, 356, 106, 365, 178, 316]",17
2916,"[0, 1, 2, 3, 138, 266, 139, 397, 398, 399, 178, 320, 71, 329, 73, 331, 339, 222, 356, 106, 236, 365, 368]",23
2917,"[0, 1, 3, 71, 266, 139, 397, 398, 399, 80, 222, 106, 364, 365, 368, 50, 372]",17
2918,"[0, 1, 2, 3, 329, 201, 397, 398, 399, 208, 339, 349, 95, 229, 106, 381]",16
2919,"[256, 1, 2, 3, 259, 387, 10, 395, 13, 398, 397, 399, 26, 283, 37, 52, 64, 325, 71, 329, 339, 87, 234, 106]",24
2920,"[0, 1, 2, 3, 134, 138, 266, 397, 398, 399, 28, 289, 169, 173, 178, 203, 222, 357, 106, 236, 365, 372]",22
2921,"[1, 2, 3, 71, 397, 398, 399, 339, 106, 365, 369, 178, 374, 316]",14
2922,"[0, 1, 2, 3, 397, 398, 399, 176, 178, 51, 58, 190, 71, 328, 74, 339, 97, 106, 365, 369, 125]",21
2923,"[0, 1, 2, 3, 385, 392, 267, 397, 398, 399, 273, 23, 156, 161, 38, 178, 190, 193, 71, 339, 106, 364, 368, 241, 373]",25
2924,"[0, 1, 2, 3, 8, 138, 267, 397, 398, 399, 156, 28, 289, 169, 302, 47, 184, 329, 222, 106, 236, 372, 376, 249]",24
2925,"[0, 1, 2, 3, 138, 397, 398, 399, 92, 222, 37, 106, 365, 372]",14
2926,"[0, 1, 2, 3, 397, 398, 399, 299, 177, 178, 53, 58, 60, 193, 71, 330, 339, 346, 101, 360, 106, 364, 365, 368, 374, 380]",26
2927,"[1, 2, 329, 397, 398, 399, 339, 224, 106, 306, 184, 317]",12
2928,"[0, 1, 2, 3, 256, 259, 9, 138, 395, 397, 398, 399, 300, 177, 52, 64, 70, 329, 206, 339, 214, 87, 360, 106, 235, 365, 374]",27
2929,"[1, 2, 3, 71, 397, 398, 399, 339, 106, 365, 368, 369, 178, 316]",14
2930,"[0, 1, 2, 3, 138, 139, 397, 398, 399, 23, 178, 50, 185, 71, 207, 339, 222, 223, 106, 364, 236, 368]",22
2931,"[0, 1, 2, 3, 266, 139, 397, 398, 399, 159, 178, 50, 190, 196, 71, 339, 106, 364, 368, 370, 250, 123]",22
2932,"[0, 1, 3, 329, 266, 139, 397, 398, 399, 80, 339, 222, 106, 44, 364, 365, 50, 184]",18
2933,"[0, 1, 2, 3, 396, 397, 398, 399, 273, 156, 43, 176, 184, 185, 329, 73, 207, 339, 222, 106, 365, 242, 252]",23
2934,"[0, 1, 2, 3, 392, 266, 139, 397, 398, 399, 44, 50, 184, 200, 329, 80, 336, 222, 361, 106, 364, 365, 238, 372, 376, 249]",26
2935,"[0, 1, 2, 3, 138, 139, 397, 398, 399, 302, 47, 50, 61, 71, 329, 339, 348, 222, 106, 364, 236, 368]",22
2936,"[0, 1, 2, 3, 260, 389, 397, 398, 399, 162, 183, 184, 198, 329, 86, 88, 222, 351, 106, 372]",20
2937,"[0, 1, 2, 3, 138, 397, 398, 399, 273, 23, 156, 38, 178, 63, 71, 77, 80, 339, 223, 106, 368, 373]",22
2938,"[0, 1, 2, 3, 397, 398, 399, 299, 178, 58, 190, 71, 330, 339, 346, 101, 102, 106, 365, 368, 375]",21
2939,"[0, 1, 2, 266, 139, 397, 398, 399, 23, 178, 63, 320, 71, 331, 77, 339, 222, 223, 106, 368]",20
2940,"[0, 1, 2, 3, 128, 71, 397, 398, 399, 344, 222, 106, 45, 365, 178, 372, 316]",17
2941,"[1, 2, 133, 71, 397, 398, 399, 339, 222, 106, 368, 178]",12
2942,"[1, 2, 397, 14, 399, 398, 339, 106, 299, 190]",10
2943,"[0, 1, 2, 3, 266, 138, 267, 397, 139, 399, 398, 37, 309, 61, 71, 76, 80, 339, 355, 100, 106, 368, 373, 376, 249]",25
2944,"[0, 1, 2, 3, 139, 397, 398, 399, 150, 284, 178, 71, 202, 339, 85, 357, 106, 368, 240, 247, 123]",21
2945,"[0, 1, 2, 3, 392, 138, 139, 397, 398, 399, 165, 184, 200, 329, 80, 339, 355, 361, 106, 238, 376]",21
2946,"[0, 1, 2, 3, 262, 266, 139, 397, 398, 399, 285, 40, 178, 50, 71, 80, 87, 97, 106, 364, 365, 369, 380, 125]",24
2947,"[1, 2, 3, 71, 397, 398, 399, 339, 344, 222, 106, 236, 365, 178, 58, 316]",16
2948,"[0, 1, 2, 3, 71, 138, 397, 398, 399, 80, 339, 222, 298, 106, 368, 309, 61, 127]",18
2949,"[0, 1, 2, 3, 256, 259, 395, 268, 397, 398, 399, 150, 28, 284, 158, 52, 64, 329, 202, 339, 86, 87, 222, 357, 106, 236, 240]",27
2950,"[0, 1, 2, 138, 397, 398, 399, 177, 178, 316, 71, 339, 214, 344, 222, 106, 236, 365, 368, 374]",20
2951,"[0, 1, 65, 3, 256, 329, 138, 139, 397, 398, 399, 339, 287, 106]",14
2952,"[0, 1, 2, 3, 128, 138, 397, 398, 399, 19, 22, 302, 47, 178, 71, 329, 339, 106, 368, 250]",20
2953,"[0, 1, 2, 3, 397, 398, 399, 22, 150, 178, 71, 339, 357, 106, 367, 368, 240, 119, 250]",19
2954,"[1, 2, 3, 71, 397, 398, 399, 339, 222, 356, 106, 236, 368, 178]",14
2955,"[0, 1, 2, 3, 71, 329, 73, 397, 398, 399, 277, 348, 159, 356, 368, 178, 123]",17
2956,"[0, 1, 2, 3, 266, 138, 397, 398, 399, 43, 302, 47, 178, 71, 329, 331, 339, 101, 106, 236, 365, 368]",22
2957,"[0, 1, 2, 71, 397, 398, 399, 273, 339, 156, 38, 106, 365, 178, 373, 316, 190]",17
2958,"[1, 2, 71, 397, 398, 399, 339, 106, 368, 178]",10
2959,"[1, 2, 3, 71, 139, 397, 398, 399, 339, 85, 222, 106, 368, 178, 247, 123]",16
2960,"[0, 1, 2, 3, 266, 138, 267, 397, 398, 399, 280, 184, 329, 204, 80, 339, 222, 100, 106, 373, 249]",21
2961,"[0, 1, 2, 3, 397, 398, 399, 20, 159, 178, 190, 193, 69, 327, 71, 329, 339, 348, 106, 364, 368, 241, 370, 123]",24
2962,"[0, 1, 2, 262, 392, 266, 397, 398, 271, 399, 20, 282, 159, 178, 190, 69, 327, 71, 329, 339, 348, 99, 106, 365, 368, 370, 245, 123]",28
2963,"[0, 1, 2, 3, 392, 139, 12, 396, 397, 399, 398, 273, 43, 176, 184, 200, 329, 339, 355, 361, 106, 365, 238, 242, 376]",25
2964,"[0, 1, 2, 3, 9, 138, 397, 398, 399, 178, 316, 70, 71, 74, 339, 214, 106, 235, 109, 365, 369, 116]",22
2965,"[0, 1, 2, 320, 71, 139, 397, 398, 399, 339, 222, 106, 236, 368, 178]",15
2966,"[1, 2, 71, 397, 398, 399, 159, 106, 365, 178, 123, 316]",12
2967,"[0, 1, 2, 266, 268, 397, 398, 399, 20, 23, 37, 178, 63, 69, 327, 71, 76, 77, 339, 86, 106, 368]",22
2968,"[0, 1, 2, 265, 397, 398, 143, 399, 37, 177, 178, 316, 321, 71, 339, 86, 344, 92, 222, 106, 236, 365, 374]",23
2969,"[0, 1, 2, 69, 327, 71, 397, 398, 399, 20, 222, 102, 106, 236, 368, 178, 372]",17
2970,"[1, 2, 71, 397, 398, 399, 339, 222, 102, 106, 236, 368, 178]",13
2971,"[0, 1, 2, 3, 138, 139, 397, 398, 399, 309, 61, 71, 200, 80, 222, 355, 361, 106, 368, 372, 376]",21
2972,"[0, 1, 2, 3, 9, 138, 397, 398, 399, 178, 316, 70, 71, 74, 339, 214, 222, 106, 235, 236, 109, 365, 369, 116, 374]",25
2973,"[0, 1, 2, 3, 384, 397, 398, 399, 178, 316, 190, 71, 331, 206, 80, 92, 106, 365, 368, 370]",20
2974,"[0, 1, 2, 3, 389, 266, 397, 398, 399, 273, 156, 38, 170, 178, 56, 316, 190, 71, 328, 339, 106, 365, 373]",23
2975,"[0, 1, 2, 3, 71, 139, 268, 397, 398, 399, 80, 339, 106, 365, 368, 178, 374, 247]",18
2976,"[0, 1, 2, 3, 138, 12, 397, 398, 399, 277, 298, 184, 322, 329, 80, 339, 222, 106, 127]",19
2977,"[1, 2, 3, 71, 397, 398, 399, 339, 222, 106, 236, 365, 178, 58, 316]",15
2978,"[0, 1, 2, 3, 266, 139, 397, 398, 399, 280, 28, 50, 329, 204, 80, 208, 222, 106, 364, 365, 372, 251]",22
2979,"[0, 1, 2, 3, 138, 266, 10, 139, 398, 399, 16, 397, 36, 178, 320, 71, 329, 331, 339, 88, 222, 106, 368]",23
2980,"[0, 1, 2, 3, 8, 397, 398, 399, 20, 28, 156, 289, 169, 184, 69, 327, 71, 329, 222, 106, 236, 368, 372, 376, 249]",25
2981,"[0, 1, 2, 3, 71, 397, 398, 399, 339, 222, 106, 365, 178, 56, 316, 381]",16
2982,"[0, 1, 2, 3, 320, 71, 139, 397, 206, 399, 398, 339, 360, 106, 365, 368, 178, 58]",18
2983,"[0, 1, 2, 384, 397, 398, 399, 276, 159, 178, 316, 190, 71, 75, 331, 80, 92, 106, 365, 370]",20
2984,"[0, 1, 2, 3, 256, 259, 395, 397, 398, 399, 23, 284, 169, 52, 63, 64, 329, 202, 77, 206, 339, 87, 222, 106, 236]",25
2985,"[0, 1, 2, 139, 267, 397, 398, 399, 37, 76, 80, 339, 222, 355, 106, 236, 373, 376, 249]",19
2986,"[0, 1, 2, 3, 256, 266, 395, 397, 398, 399, 303, 52, 190, 64, 329, 339, 348, 106, 112, 370, 381]",21
2987,"[0, 1, 2, 3, 266, 139, 268, 397, 398, 399, 20, 37, 178, 69, 327, 71, 76, 80, 339, 102, 106, 368, 247]",23
2988,"[0, 1, 2, 3, 385, 138, 397, 398, 399, 276, 277, 298, 313, 329, 331, 208, 349, 222, 106, 365, 372, 127]",22
2989,"[0, 1, 2, 3, 71, 266, 397, 398, 399, 339, 92, 37, 102, 106, 367, 368, 178, 119]",18
2990,"[0, 1, 2, 71, 328, 266, 397, 398, 399, 339, 106, 369, 178, 381, 125, 190]",16
2991,"[0, 1, 2, 3, 390, 10, 139, 397, 398, 399, 162, 178, 71, 81, 88, 222, 226, 106, 368, 372]",20
2992,"[0, 1, 2, 3, 389, 266, 267, 138, 397, 398, 399, 23, 156, 161, 170, 303, 178, 308, 190, 63, 193, 67, 71, 77, 207, 339, 346, 106, 364, 368, 241, 373, 245]",33
2993,"[0, 1, 2, 138, 12, 397, 398, 399, 277, 178, 314, 58, 190, 322, 71, 80, 106, 370, 252]",19
2994,"[0, 1, 385, 3, 329, 138, 331, 397, 398, 399, 276, 277, 222, 106, 365, 372, 184]",17
2995,"[0, 1, 2, 3, 329, 267, 204, 397, 398, 399, 80, 280, 222, 106, 372, 373, 184, 249]",18
2996,"[0, 1, 2, 3, 266, 139, 268, 397, 398, 399, 25, 178, 53, 193, 71, 329, 80, 339, 348, 222, 101, 106, 365, 368, 247]",25
2997,"[0, 1, 2, 3, 138, 397, 398, 399, 48, 178, 58, 71, 329, 210, 339, 222, 106, 236, 365, 368, 240]",21
2998,"[0, 1, 2, 3, 266, 139, 397, 398, 399, 280, 28, 44, 50, 184, 329, 204, 80, 339, 222, 106, 364, 365, 251]",23
2999,"[0, 1, 3, 329, 397, 398, 399, 222, 106, 107, 372, 184]",12
3000,"[0, 1, 2, 3, 71, 266, 397, 398, 399, 339, 106, 365, 369, 178, 316, 381]",16
3001,"[0, 1, 2, 3, 266, 397, 398, 399, 25, 178, 53, 58, 193, 71, 339, 101, 106, 365, 368]",19
3002,"[0, 1, 2, 3, 329, 267, 204, 397, 398, 399, 80, 339, 280, 222, 106, 373, 184, 249]",18
3003,"[0, 1, 2, 3, 128, 266, 138, 397, 398, 399, 19, 22, 302, 47, 178, 71, 329, 331, 332, 339, 222, 106, 112, 368, 250]",25
3004,"[0, 1, 2, 3, 138, 397, 398, 399, 43, 302, 47, 178, 71, 329, 339, 222, 106, 236, 365, 368]",20
3005,"[1, 2, 3, 71, 397, 398, 399, 339, 222, 106, 236, 365, 178, 58, 316]",15
3006,"[0, 1, 2, 3, 139, 268, 397, 398, 399, 284, 178, 71, 202, 80, 339, 85, 222, 106, 368, 247]",20
3007,"[0, 1, 2, 3, 384, 397, 398, 399, 159, 178, 316, 321, 71, 328, 75, 331, 80, 92, 106, 107, 365, 369, 370]",23
3008,"[0, 1, 2, 3, 384, 397, 398, 399, 159, 178, 316, 190, 321, 71, 331, 75, 79, 80, 339, 92, 106, 107, 364, 365, 369, 370]",26
3009,"[1, 2, 3, 71, 397, 398, 399, 339, 106, 368, 369, 178]",12
3010,"[0, 1, 2, 3, 257, 397, 398, 399, 287, 302, 48, 178, 184, 65, 329, 80, 222, 106, 241, 372, 373, 249]",22
3011,"[0, 1, 2, 3, 329, 266, 397, 398, 399, 208, 339, 349, 95, 106, 381]",15
3012,"[0, 1, 2, 3, 266, 397, 398, 399, 278, 176, 51, 309, 61, 71, 74, 339, 349, 222, 95, 106, 112, 368]",22
3013,"[1, 2, 3, 71, 397, 398, 399, 339, 222, 106, 365, 178, 58, 316]",14
3014,"[0, 1, 2, 71, 266, 396, 397, 398, 207, 399, 339, 222, 106, 365, 178, 185, 316]",17
3015,"[0, 1, 2, 3, 390, 10, 139, 397, 398, 399, 162, 178, 71, 81, 88, 222, 226, 106, 368, 372]",20
3016,"[0, 1, 3, 266, 139, 397, 398, 399, 50, 329, 80, 208, 222, 106, 364, 108, 365, 372, 378]",19
3017,"[0, 1, 2, 266, 397, 398, 399, 37, 169, 177, 178, 316, 71, 206, 339, 92, 222, 106, 365, 374]",20
3018,"[0, 1, 2, 3, 7, 139, 397, 398, 399, 272, 178, 316, 71, 81, 339, 226, 106, 365, 369, 114]",20
3019,"[0, 1, 3, 71, 266, 139, 397, 398, 399, 80, 222, 106, 364, 365, 368, 50, 372]",17
3020,"[1, 2, 3, 71, 397, 398, 399, 339, 222, 106, 43, 365]",12
3021,"[0, 1, 2, 3, 71, 397, 206, 398, 399, 339, 169, 106, 365, 369, 178, 316]",16
3022,"[0, 1, 2, 3, 385, 134, 138, 266, 397, 398, 399, 276, 277, 279, 287, 298, 173, 302, 48, 178, 65, 322, 329, 331, 222, 106, 365, 241]",28
3023,"[0, 2, 3, 71, 73, 266, 329, 397, 398, 399, 277, 348, 356, 368, 178]",15
3024,"[0, 1, 2, 3, 321, 329, 397, 398, 399, 86, 349, 222, 95, 224, 106, 306, 184]",17
3025,"[0, 1, 2, 71, 138, 266, 397, 398, 399, 339, 23, 106, 175, 368, 178, 190]",16
3026,"[0, 1, 2, 3, 137, 12, 396, 397, 399, 398, 150, 43, 184, 185, 329, 207, 339, 222, 106, 365, 242, 252]",22
3027,"[0, 1, 256, 3, 138, 139, 11, 266, 268, 399, 398, 397, 287, 302, 47, 65, 329, 331, 80, 339, 106, 247]",22
3028,"[0, 1, 2, 3, 266, 397, 398, 399, 277, 177, 178, 316, 71, 73, 339, 356, 106, 365, 374]",19
3029,"[0, 1, 2, 3, 9, 138, 397, 398, 399, 157, 178, 316, 190, 70, 71, 328, 206, 214, 94, 106, 235, 365, 368, 370]",24
3030,"[0, 1, 2, 71, 266, 397, 398, 399, 222, 106, 365, 177, 178, 374, 316]",15
3031,"[0, 1, 2, 3, 138, 397, 398, 399, 48, 178, 58, 71, 329, 210, 339, 222, 106, 365, 368, 240]",20
3032,"[0, 1, 2, 3, 266, 139, 11, 396, 397, 399, 398, 23, 178, 185, 71, 207, 339, 222, 106, 368]",20
3033,"[0, 1, 2, 3, 329, 267, 397, 398, 399, 339, 222, 224, 106, 306, 184, 381]",16
3034,"[0, 1, 2, 3, 8, 397, 398, 399, 20, 156, 28, 289, 169, 184, 69, 327, 71, 329, 222, 106, 236, 368, 376, 249]",24
3035,"[0, 1, 2, 385, 138, 397, 398, 399, 276, 279, 284, 34, 169, 298, 322, 331, 206, 222, 359, 232, 106, 365]",22
3036,"[0, 1, 2, 385, 389, 264, 139, 397, 398, 399, 308, 183, 67, 198, 200, 329, 222, 355, 361, 106, 245, 376, 383]",23
3037,"[0, 1, 2, 3, 384, 9, 397, 398, 399, 283, 159, 37, 178, 316, 190, 321, 71, 328, 76, 206, 80, 339, 106, 365, 368, 370]",26
3038,"[0, 1, 2, 266, 397, 206, 399, 398, 284, 222, 34, 359, 232, 169, 106, 381]",16
3039,"[0, 1, 2, 3, 266, 139, 397, 398, 399, 184, 200, 329, 80, 222, 355, 361, 106, 365, 376]",19
3040,"[0, 1, 2, 3, 266, 139, 397, 398, 399, 184, 200, 329, 80, 222, 355, 361, 106, 365, 376]",19
3041,"[0, 1, 3, 264, 329, 397, 398, 399, 339, 92, 222, 37, 106, 184, 127]",15
3042,"[1, 2, 3, 10, 397, 14, 207, 398, 399, 339, 88, 220, 106, 299, 183, 185, 190, 383]",18
3043,"[0, 1, 2, 3, 131, 259, 256, 258, 395, 139, 397, 398, 399, 292, 193, 329, 87, 222, 106]",19
3044,"[0, 2, 71, 266, 397, 398, 399, 277, 106, 365, 178, 316, 62]",13
3045,"[0, 1, 2, 3, 329, 266, 397, 398, 399, 208, 88, 92, 349, 222, 95, 37, 106, 304]",18
3046,"[0, 1, 2, 3, 266, 397, 398, 399, 278, 37, 296, 176, 178, 316, 71, 76, 339, 83, 106, 107, 365, 369, 116, 381]",24
3047,"[0, 1, 2, 3, 7, 11, 139, 268, 398, 399, 272, 397, 178, 71, 206, 80, 81, 339, 360, 106, 365, 368, 114, 247]",24
3048,"[0, 1, 2, 3, 397, 398, 399, 276, 279, 159, 178, 56, 316, 190, 71, 201, 75, 339, 106, 365]",20
3049,"[0, 1, 2, 3, 133, 266, 397, 398, 399, 33, 161, 37, 178, 180, 190, 193, 194, 71, 339, 346, 92, 229, 106, 364, 237, 368, 241]",27
3050,"[1, 2, 3, 259, 71, 397, 398, 399, 16, 222, 36, 101, 106, 43, 365, 368, 178]",17
3051,"[0, 1, 2, 139, 397, 398, 399, 32, 33, 178, 320, 71, 329, 210, 339, 348, 222, 106, 365, 368, 251]",21
3052,"[0, 1, 2, 3, 389, 262, 266, 139, 397, 398, 399, 156, 178, 71, 80, 106, 365, 370, 380]",19
3053,"[256, 1, 2, 3, 259, 387, 395, 397, 398, 399, 26, 193, 71, 329, 339, 87, 346, 106, 368]",19
3054,"[0, 1, 2, 3, 256, 266, 395, 397, 398, 399, 296, 303, 176, 190, 193, 329, 339, 346, 348, 106, 112, 370, 381]",23
3055,"[0, 1, 2, 3, 138, 397, 398, 399, 178, 316, 190, 71, 328, 74, 83, 339, 214, 106, 365, 369, 116]",21
3056,"[0, 1, 2, 3, 266, 11, 139, 268, 398, 399, 397, 20, 37, 178, 69, 327, 71, 76, 80, 339, 102, 106, 368, 247]",24
3057,"[0, 1, 2, 3, 11, 139, 268, 397, 399, 398, 19, 22, 178, 190, 71, 80, 339, 106, 368, 370, 247, 250]",22
3058,"[0, 1, 2, 3, 329, 397, 398, 399, 349, 222, 95, 106, 107, 184]",14
3059,"[0, 1, 2, 3, 138, 11, 139, 268, 397, 399, 398, 287, 302, 47, 52, 184, 65, 71, 329, 80, 339, 222, 106, 236, 368, 247]",26
3060,"[0, 1, 2, 3, 384, 266, 139, 397, 398, 399, 276, 159, 184, 321, 200, 329, 75, 339, 222, 351, 355, 361, 106, 107, 376]",25
3061,"[0, 1, 2, 69, 327, 71, 397, 398, 399, 20, 222, 102, 106, 46, 175, 368, 178]",17
3062,"[1, 2, 3, 10, 397, 398, 399, 156, 291, 178, 198, 71, 329, 339, 88, 222, 106, 236, 368]",19
3063,"[0, 1, 2, 3, 256, 259, 266, 395, 268, 397, 398, 399, 23, 152, 284, 37, 169, 63, 193, 329, 202, 77, 206, 339, 87, 92, 222, 106, 112]",29
3064,"[0, 1, 2, 3, 8, 138, 397, 398, 399, 28, 156, 287, 289, 169, 302, 47, 52, 317, 65, 329, 222, 224, 106, 376, 249]",25
3065,"[0, 1, 2, 389, 71, 328, 266, 397, 398, 399, 339, 106, 170, 365, 178, 373, 316, 190]",18
3066,"[1, 2, 3, 71, 397, 398, 399, 339, 222, 106, 365, 369, 178, 316]",14
3067,"[0, 1, 2, 3, 389, 266, 397, 398, 399, 279, 170, 178, 56, 316, 190, 71, 328, 201, 339, 106, 365, 373]",22
3068,"[0, 1, 2, 69, 327, 71, 266, 76, 397, 398, 399, 339, 20, 23, 37, 106, 368, 178]",18
3069,"[0, 1, 2, 3, 388, 266, 397, 398, 399, 37, 169, 304, 184, 325, 329, 206, 88, 217, 92, 222, 359, 106]",22
3070,"[0, 1, 2, 3, 137, 266, 397, 398, 399, 278, 25, 176, 178, 51, 58, 316, 190, 199, 328, 71, 74, 331, 339, 106, 365, 112]",26
3071,"[0, 1, 2, 3, 397, 398, 399, 37, 296, 176, 178, 315, 316, 71, 76, 339, 83, 227, 106, 107, 365, 369, 381]",23
3072,"[0, 1, 2, 3, 198, 200, 329, 139, 397, 398, 399, 339, 184, 222, 355, 361, 106, 376]",18
3073,"[1, 2, 71, 106, 397, 398, 399, 178, 339]",9
3074,"[0, 1, 2, 3, 266, 397, 398, 399, 19, 22, 37, 169, 178, 191, 71, 206, 80, 339, 92, 222, 106, 368, 250]",23
3075,"[0, 1, 2, 3, 397, 398, 399, 283, 159, 37, 184, 186, 325, 329, 207, 80, 86, 349, 222, 95, 106, 365, 126]",23
3076,"[0, 1, 2, 3, 266, 397, 398, 399, 37, 304, 178, 316, 71, 339, 88, 92, 222, 98, 106, 365]",20
3077,"[1, 2, 3, 329, 397, 398, 399, 208, 222, 352, 106, 240]",12
3078,"[0, 1, 2, 3, 137, 266, 139, 397, 398, 399, 278, 25, 283, 159, 37, 176, 51, 184, 325, 199, 200, 329, 331, 89, 222, 224, 355, 361, 106, 376]",30
3079,"[0, 1, 2, 3, 392, 138, 139, 397, 398, 399, 276, 283, 162, 37, 304, 184, 67, 325, 200, 329, 80, 222, 355, 361, 106, 365, 376]",27
3080,"[0, 1, 2, 3, 137, 266, 397, 398, 399, 278, 25, 283, 159, 37, 176, 51, 184, 325, 199, 329, 89, 349, 222, 95, 224, 106]",26
3081,"[0, 1, 2, 3, 389, 397, 398, 399, 153, 37, 178, 316, 321, 71, 331, 339, 92, 222, 106, 365, 377]",21
3082,"[0, 1, 2, 3, 267, 139, 11, 268, 397, 399, 398, 283, 37, 178, 62, 325, 71, 207, 80, 339, 222, 106, 365, 368, 374, 247]",26
3083,"[0, 1, 2, 3, 138, 397, 270, 398, 399, 276, 283, 162, 37, 304, 184, 67, 325, 329, 91, 349, 222, 95, 106, 365]",24
3084,"[0, 1, 2, 3, 71, 138, 12, 397, 398, 207, 80, 399, 106, 370, 178, 380, 125, 190]",18
3085,"[0, 1, 2, 3, 266, 139, 11, 268, 397, 399, 398, 37, 178, 71, 80, 339, 85, 92, 222, 106, 368, 247]",22
3086,"[0, 1, 2, 260, 138, 139, 397, 270, 398, 399, 276, 283, 162, 37, 304, 67, 325, 81, 88, 91, 222, 106, 365]",23
3087,"[0, 1, 2, 3, 71, 266, 397, 398, 399, 339, 153, 92, 37, 106, 368, 178, 377]",17
3088,"[0, 1, 2, 3, 259, 266, 139, 397, 398, 399, 283, 37, 303, 306, 183, 184, 196, 325, 329, 81, 339, 88, 222, 224, 228, 101, 106, 118]",28
3089,"[0, 1, 2, 3, 266, 11, 139, 268, 398, 399, 397, 283, 37, 178, 190, 325, 71, 329, 76, 80, 339, 348, 106, 365, 368, 247]",26
3090,"[1, 2, 387, 325, 71, 397, 398, 399, 26, 283, 222, 37, 106, 368]",14
3091,"[0, 1, 3, 262, 266, 138, 397, 398, 399, 283, 37, 306, 184, 186, 325, 73, 329, 207, 339, 86, 217, 222, 224, 106, 245, 126]",26
3092,"[0, 1, 2, 3, 260, 137, 139, 397, 398, 399, 162, 37, 176, 309, 61, 62, 71, 200, 199, 74, 336, 339, 92, 222, 351, 355, 361, 106, 238, 368, 376, 249]",32
3093,"[0, 1, 2, 3, 128, 266, 397, 398, 399, 18, 178, 310, 190, 71, 72, 205, 206, 106, 368, 370, 248]",21
3094,"[0, 1, 2, 3, 139, 397, 398, 399, 283, 37, 43, 306, 184, 62, 325, 200, 329, 339, 224, 355, 361, 106, 365, 238, 376]",25
3095,"[0, 1, 2, 3, 266, 139, 397, 398, 399, 283, 159, 37, 43, 178, 320, 325, 71, 339, 222, 106, 365, 368, 114]",23
3096,"[0, 1, 2, 3, 139, 397, 398, 399, 283, 37, 184, 314, 62, 325, 329, 80, 339, 92, 222, 355, 106, 238]",22
3097,"[0, 1, 2, 3, 138, 266, 397, 398, 399, 23, 283, 37, 170, 178, 63, 325, 71, 77, 80, 339, 223, 106, 368]",23
3098,"[0, 1, 2, 3, 256, 266, 395, 397, 398, 399, 161, 37, 178, 193, 329, 339, 92, 222, 106, 112]",20
3099,"[0, 1, 2, 3, 397, 398, 399, 283, 37, 178, 325, 71, 332, 344, 345, 222, 106, 364, 112, 368]",20
3100,"[0, 1, 2, 3, 138, 266, 397, 398, 399, 23, 283, 33, 37, 170, 178, 190, 63, 325, 71, 77, 339, 223, 229, 106, 364, 237, 368, 241, 114]",29
3101,"[1, 2, 3, 397, 398, 399, 283, 37, 177, 178, 58, 325, 71, 206, 339, 106, 365, 368, 374]",19
3102,"[0, 193, 2, 3, 71, 397, 398, 399, 153, 101, 365, 368, 178, 53, 377, 316]",16
3103,"[0, 1, 2, 3, 397, 398, 399, 279, 283, 37, 174, 176, 178, 51, 183, 311, 56, 316, 325, 71, 201, 337, 339, 222, 106, 365, 383]",27
3104,"[0, 1, 2, 3, 131, 397, 398, 399, 283, 37, 44, 306, 184, 325, 198, 329, 339, 222, 352, 224, 106, 240, 383]",23
3105,"[1, 2, 325, 71, 397, 398, 399, 339, 283, 222, 37, 102, 106, 368, 178, 375]",16
3106,"[0, 1, 3, 325, 329, 397, 398, 399, 80, 283, 222, 224, 37, 106, 306, 184]",16
3107,"[0, 1, 2, 3, 389, 262, 266, 139, 397, 398, 399, 278, 154, 292, 37, 304, 80, 220, 92, 222, 355, 106, 365, 116, 245]",25
3108,"[0, 1, 74, 397, 398, 399, 150, 106, 43, 365, 176, 370]",12
3109,"[0, 1, 259, 325, 138, 12, 397, 398, 399, 346, 283, 222, 37, 106, 303]",15
3110,"[0, 1, 2, 3, 261, 397, 398, 399, 283, 284, 29, 37, 305, 178, 325, 71, 329, 202, 339, 348, 222, 106, 368]",23
3111,"[0, 1, 2, 3, 258, 266, 10, 139, 397, 398, 399, 16, 283, 156, 159, 291, 36, 37, 304, 178, 183, 325, 198, 71, 329, 339, 88, 220, 222, 226, 106, 368, 383]",33
3112,"[0, 1, 2, 3, 397, 398, 399, 153, 283, 284, 37, 177, 178, 312, 325, 71, 202, 339, 344, 222, 106, 368, 369, 377]",24
3113,"[0, 1, 2, 71, 397, 398, 399, 80, 106, 178, 370, 190]",12
3114,"[1, 2, 3, 133, 394, 10, 397, 398, 399, 283, 156, 291, 37, 178, 183, 325, 198, 71, 329, 78, 339, 88, 220, 222, 106, 368, 383]",27
3115,"[1, 2, 3, 325, 71, 397, 398, 399, 339, 283, 222, 37, 106, 43, 365, 368, 178, 114]",18
3116,"[0, 1, 2, 3, 256, 266, 397, 398, 399, 283, 33, 37, 306, 184, 325, 329, 331, 210, 339, 224, 229, 106, 364, 237, 241, 114]",26
3117,"[0, 1, 2, 3, 128, 71, 138, 266, 12, 397, 398, 399, 18, 40, 361, 106, 178]",17
3118,"[0, 1, 2, 3, 137, 397, 398, 399, 283, 37, 176, 178, 183, 190, 325, 71, 199, 73, 333, 337, 339, 214, 230, 106]",24
3119,"[1, 2, 3, 8, 397, 398, 399, 16, 283, 28, 156, 289, 36, 37, 169, 178, 325, 71, 222, 102, 106, 368, 117, 376, 249]",25
3120,"[0, 1, 3, 199, 71, 267, 397, 398, 399, 80, 222, 106, 368, 309, 373, 249, 61]",17
3121,"[0, 1, 2, 3, 261, 391, 266, 267, 397, 398, 399, 29, 305, 178, 316, 190, 71, 339, 100, 106, 365, 368, 370, 373, 249]",25
3122,"[0, 1, 2, 325, 71, 266, 397, 398, 399, 339, 283, 37, 106, 178]",14
3123,"[1, 2, 3, 321, 329, 397, 398, 399, 86, 222, 106, 184]",12
3124,"[0, 1, 2, 3, 258, 10, 139, 397, 398, 399, 283, 156, 291, 37, 306, 183, 184, 185, 325, 198, 329, 339, 88, 220, 222, 224, 226, 106, 383]",29
3125,"[0, 1, 3, 71, 267, 397, 398, 399, 339, 222, 106, 368, 373, 249, 61]",15
3126,"[0, 1, 2, 3, 7, 266, 139, 397, 398, 399, 272, 178, 314, 316, 71, 328, 81, 83, 92, 226, 106, 107, 365, 368, 370, 114, 382]",27
3127,"[0, 1, 2, 3, 258, 392, 265, 266, 397, 398, 399, 23, 283, 156, 291, 178, 183, 198, 71, 329, 339, 220, 222, 223, 226, 106, 368, 383]",28
3128,"[0, 1, 2, 3, 9, 393, 267, 397, 398, 399, 15, 37, 296, 309, 61, 321, 71, 331, 80, 339, 92, 222, 106, 235, 240, 368, 373]",27
3129,"[0, 1, 2, 3, 199, 76, 397, 398, 399, 339, 222, 37, 106, 127]",14
3130,"[0, 1, 2, 3, 392, 266, 397, 398, 399, 23, 283, 37, 170, 178, 315, 190, 325, 71, 339, 223, 229, 106, 364, 368, 241, 114, 381]",27
3131,"[0, 1, 2, 3, 256, 395, 397, 398, 399, 159, 161, 321, 193, 329, 331, 75, 80, 339, 229, 106, 107, 365, 112, 374]",24
3132,"[0, 1, 2, 3, 257, 138, 12, 397, 398, 399, 184, 314, 329, 339, 222, 361, 106, 252, 381]",19
3133,"[0, 1, 2, 3, 7, 392, 139, 397, 398, 399, 272, 33, 178, 190, 71, 329, 81, 339, 348, 226, 99, 229, 106, 364, 365, 237, 368, 241, 370, 114]",30
3134,"[0, 1, 257, 3, 329, 397, 398, 399, 339, 222, 106, 184, 249]",13
3135,"[0, 1, 2, 3, 266, 397, 398, 399, 283, 37, 45, 178, 307, 58, 190, 319, 325, 339, 106, 365, 368, 372, 375]",23
3136,"[0, 1, 2, 3, 266, 139, 397, 398, 399, 50, 329, 80, 208, 222, 229, 106, 364, 108, 365, 376, 378, 382]",22
3137,"[0, 1, 2, 266, 397, 398, 399, 20, 283, 37, 178, 307, 319, 325, 69, 327, 76, 339, 106, 368, 375]",21
3138,"[0, 1, 2, 3, 266, 397, 398, 399, 283, 37, 170, 174, 178, 311, 56, 315, 190, 325, 71, 328, 339, 106, 365, 381]",24
3139,"[1, 2, 3, 71, 10, 397, 398, 399, 339, 88, 220, 222, 106, 368, 178, 183, 383]",17
3140,"[0, 1, 2, 3, 266, 397, 398, 399, 283, 37, 45, 174, 177, 178, 311, 56, 325, 71, 332, 206, 339, 344, 227, 106, 365, 368, 369]",27
3141,"[0, 1, 2, 3, 138, 397, 398, 399, 283, 37, 178, 325, 71, 74, 339, 83, 214, 106, 116]",19
3142,"[0, 1, 2, 3, 395, 397, 398, 399, 156, 182, 55, 184, 186, 62, 329, 207, 339, 91, 222, 106]",20
3143,"[0, 1, 2, 3, 266, 11, 139, 397, 398, 399, 268, 178, 71, 80, 339, 222, 106, 365, 368, 374, 247]",21
3144,"[0, 1, 2, 3, 8, 266, 139, 397, 398, 399, 44, 50, 184, 313, 329, 204, 80, 222, 106, 364, 365, 118]",22
3145,"[0, 1, 2, 3, 266, 397, 398, 399, 37, 166, 43, 178, 307, 319, 71, 76, 339, 106, 365, 368, 114, 117, 375]",23
3146,"[0, 1, 2, 3, 266, 11, 139, 397, 398, 399, 268, 396, 156, 177, 178, 185, 71, 332, 207, 80, 339, 222, 227, 106, 368, 369, 247]",27
3147,"[0, 1, 2, 3, 266, 139, 397, 398, 399, 28, 284, 157, 158, 289, 169, 178, 53, 321, 325, 329, 76, 206, 208, 86, 89, 92, 222, 106, 107]",29
3148,"[0, 1, 2, 3, 7, 397, 398, 399, 272, 153, 178, 190, 71, 81, 339, 226, 106, 365, 368, 370, 114, 374, 377]",23
3149,"[0, 1, 2, 3, 266, 397, 398, 399, 153, 37, 178, 312, 316, 325, 71, 339, 92, 106, 365, 368, 377]",21
3150,"[0, 1, 2, 3, 8, 138, 12, 397, 398, 399, 277, 34, 313, 314, 322, 71, 204, 80, 222, 106, 368, 118, 252]",23
3151,"[0, 1, 2, 3, 264, 8, 329, 204, 397, 398, 399, 92, 222, 37, 106, 118, 184, 313]",18
3152,"[0, 1, 2, 3, 266, 397, 398, 399, 277, 29, 45, 178, 58, 316, 62, 322, 71, 339, 222, 106, 365, 368, 372, 376]",24
3153,"[0, 1, 2, 3, 392, 266, 397, 398, 399, 23, 178, 190, 71, 339, 223, 229, 106, 364, 368, 241, 114, 381]",22
3154,"[0, 1, 2, 3, 266, 138, 397, 398, 399, 178, 316, 71, 74, 83, 339, 214, 106, 365, 368, 116, 249]",21
3155,"[0, 1, 2, 71, 397, 398, 399, 80, 106, 178, 370]",11
3156,"[0, 1, 2, 3, 7, 397, 398, 399, 272, 153, 178, 190, 71, 81, 339, 226, 106, 365, 368, 114, 370, 374, 376, 377, 382]",25
3157,"[0, 1, 2, 3, 266, 397, 398, 399, 33, 306, 184, 320, 329, 331, 339, 224, 229, 106, 364, 237, 241, 114]",22
3158,"[0, 1, 2, 3, 266, 139, 397, 398, 399, 28, 284, 158, 289, 169, 178, 53, 329, 206, 208, 222, 106, 107, 121]",23
3159,"[0, 1, 2, 3, 266, 11, 139, 397, 398, 399, 268, 277, 178, 62, 71, 80, 339, 220, 222, 106, 365, 368, 374, 247]",24
3160,"[0, 1, 2, 3, 329, 333, 397, 398, 399, 222, 106, 107, 364, 184, 382]",15
3161,"[0, 1, 2, 3, 8, 138, 12, 397, 398, 399, 277, 184, 313, 314, 322, 329, 204, 80, 339, 222, 106, 118, 252]",23
3162,"[0, 1, 2, 258, 387, 10, 395, 139, 397, 398, 399, 150, 26, 284, 71, 222, 226, 232, 234, 106]",20
3163,"[0, 1, 2, 3, 9, 138, 397, 398, 399, 17, 157, 70, 329, 333, 208, 339, 213, 214, 106, 235, 364, 382]",22
3164,"[0, 1, 2, 3, 257, 9, 393, 397, 398, 399, 15, 296, 309, 61, 74, 80, 339, 214, 222, 106, 235, 240, 368, 376]",24
3165,"[0, 1, 2, 3, 71, 397, 206, 398, 80, 399, 106, 368, 178, 370, 374, 125, 190]",17
3166,"[1, 2, 3, 322, 199, 397, 398, 399, 339, 277, 222, 106, 368, 309, 252, 61]",16
3167,"[0, 1, 2, 3, 7, 8, 396, 397, 398, 399, 272, 28, 289, 169, 41, 61, 71, 81, 348, 222, 226, 106, 236, 368, 114, 376, 249, 382]",28
3168,"[0, 1, 2, 266, 397, 398, 399, 277, 283, 37, 178, 56, 62, 325, 71, 328, 339, 220, 106]",19
3169,"[0, 1, 2, 3, 266, 11, 268, 397, 398, 399, 37, 178, 59, 80, 339, 92, 222, 106, 368, 247]",20
3170,"[0, 1, 2, 3, 259, 8, 397, 398, 399, 159, 303, 184, 313, 329, 339, 222, 228, 106, 118]",19
3171,"[0, 1, 2, 3, 322, 329, 266, 139, 397, 398, 399, 80, 277, 222, 106, 365, 184, 252]",18
3172,"[0, 1, 2, 3, 258, 133, 266, 397, 398, 399, 281, 283, 43, 175, 304, 178, 180, 194, 69, 71, 329, 339, 217, 222, 359, 104, 106, 235, 365, 368]",30
3173,"[0, 1, 2, 71, 202, 397, 398, 399, 339, 284, 222, 106, 368, 178, 375]",15
3174,"[0, 1, 2, 3, 266, 397, 398, 399, 37, 169, 178, 56, 58, 316, 325, 71, 328, 206, 339, 222, 106, 365, 368]",23
3175,"[0, 1, 2, 3, 138, 397, 398, 399, 157, 178, 190, 70, 71, 76, 333, 98, 106, 369, 370, 246, 376, 125]",22
3176,"[0, 1, 2, 3, 133, 266, 10, 397, 398, 399, 277, 25, 281, 156, 291, 175, 178, 180, 183, 194, 198, 71, 329, 88, 220, 222, 106, 235, 368, 383]",30
3177,"[0, 1, 322, 138, 12, 397, 398, 399, 80, 277, 222, 106]",12
3178,"[0, 1, 2, 3, 397, 398, 399, 272, 283, 37, 299, 174, 178, 311, 56, 190, 325, 198, 71, 77, 337, 339, 106, 365, 374, 381, 383]",27
3179,"[0, 1, 2, 3, 67, 329, 138, 397, 398, 333, 399, 222, 162, 106, 364, 365, 184, 382]",18
3180,"[0, 1, 2, 266, 267, 396, 397, 398, 399, 156, 178, 316, 71, 207, 222, 351, 106, 365, 368]",19
3181,"[0, 1, 2, 3, 320, 139, 268, 397, 14, 399, 80, 398, 339, 151, 106, 178, 247]",17
3182,"[0, 1, 2, 3, 268, 397, 398, 399, 177, 178, 71, 332, 80, 339, 227, 106, 368, 369, 247]",19
3183,"[0, 1, 2, 3, 7, 11, 268, 397, 398, 399, 272, 178, 71, 80, 339, 375, 106, 368, 114, 247, 376, 382]",22
3184,"[0, 1, 2, 3, 8, 329, 266, 204, 397, 398, 399, 339, 222, 106, 109, 118, 184, 313]",18
3185,"[0, 1, 2, 3, 138, 397, 398, 399, 278, 157, 309, 61, 70, 199, 94, 222, 106, 368, 376, 249]",20
3186,"[0, 1, 2, 3, 258, 266, 395, 10, 397, 398, 399, 273, 69, 71, 329, 331, 339, 214, 226, 359, 232, 234, 106]",23
3187,"[0, 2, 3, 71, 397, 398, 399, 153, 365, 303, 368, 178, 316, 377, 252]",15
3188,"[0, 1, 2, 3, 262, 266, 397, 398, 399, 277, 177, 178, 58, 60, 62, 71, 332, 206, 339, 220, 227, 360, 106, 365, 368, 369, 245]",27
3189,"[1, 2, 71, 397, 398, 399, 222, 106, 368, 178, 375]",11
3190,"[0, 1, 2, 9, 139, 397, 398, 399, 284, 28, 157, 289, 169, 197, 70, 222, 106, 235, 121]",19
3191,"[0, 1, 2, 3, 386, 258, 10, 397, 398, 399, 144, 277, 156, 291, 178, 183, 64, 69, 198, 71, 329, 88, 220, 222, 359, 106, 368, 383]",28
3192,"[0, 1, 2, 3, 258, 266, 10, 395, 397, 398, 399, 273, 277, 156, 284, 291, 183, 184, 69, 198, 329, 331, 214, 88, 220, 222, 226, 359, 232, 106, 383]",31
3193,"[0, 1, 2, 397, 398, 207, 399, 106, 43, 365, 370, 62]",12
3194,"[0, 1, 3, 198, 329, 266, 141, 397, 398, 399, 337, 25, 222, 106, 184, 383]",16
3195,"[0, 1, 2, 3, 392, 266, 267, 11, 397, 398, 399, 271, 23, 178, 71, 222, 106, 368, 373]",19
3196,"[0, 1, 2, 3, 138, 266, 139, 397, 398, 399, 154, 184, 186, 329, 331, 333, 80, 81, 222, 106, 364, 365, 382]",23
3197,"[0, 1, 2, 3, 321, 325, 71, 328, 397, 398, 399, 339, 37, 106, 178, 374, 56]",17
3198,"[0, 1, 2, 3, 7, 392, 266, 397, 398, 399, 148, 149, 33, 178, 190, 196, 71, 329, 339, 348, 99, 106, 364, 365, 237, 368, 241, 370, 114, 374]",30
3199,"[0, 1, 2, 3, 329, 139, 397, 206, 398, 399, 284, 222, 169, 106, 107, 184]",16
3200,"[0, 1, 2, 3, 258, 266, 395, 10, 397, 398, 399, 273, 277, 283, 284, 156, 291, 37, 183, 190, 69, 198, 325, 329, 331, 339, 214, 88, 220, 359, 232, 106, 368, 383]",34
3201,"[0, 1, 2, 266, 397, 398, 399, 304, 178, 190, 71, 339, 88, 89, 217, 92, 106, 370, 374, 125]",20
3202,"[0, 1, 2, 3, 322, 329, 267, 77, 397, 399, 398, 277, 150, 222, 106, 367, 373, 184, 252]",19
3203,"[0, 1, 2, 3, 256, 139, 397, 398, 399, 174, 178, 56, 316, 71, 328, 339, 355, 361, 106, 365, 238, 368, 374]",23
3204,"[0, 1, 2, 3, 261, 266, 397, 398, 399, 284, 29, 37, 169, 305, 178, 325, 71, 329, 202, 206, 348, 222, 106, 368]",24
3205,"[0, 1, 2, 390, 266, 139, 397, 398, 399, 162, 36, 37, 178, 327, 71, 76, 222, 106, 368]",19
3206,"[1, 2, 3, 322, 329, 397, 398, 399, 277, 222, 184, 252]",12
3207,"[0, 1, 2, 3, 266, 397, 398, 399, 284, 37, 169, 178, 58, 316, 325, 71, 202, 206, 222, 106, 365, 368]",22
3208,"[0, 1, 2, 3, 266, 139, 397, 398, 399, 37, 43, 178, 71, 329, 76, 81, 339, 226, 104, 106, 365, 368, 375]",23
3209,"[0, 1, 2, 3, 266, 397, 398, 399, 36, 37, 169, 43, 178, 325, 71, 329, 206, 222, 102, 104, 106, 365, 368]",23
3210,"[0, 1, 2, 3, 384, 259, 391, 266, 397, 398, 399, 174, 178, 311, 56, 316, 71, 331, 77, 334, 222, 98, 100, 106, 365, 368, 249]",27
3211,"[0, 1, 2, 3, 396, 397, 270, 399, 398, 298, 43, 184, 329, 77, 222, 106, 365, 367, 242, 382]",20
3212,"[0, 1, 2, 3, 133, 394, 139, 10, 397, 398, 399, 277, 156, 291, 178, 183, 198, 71, 329, 81, 88, 345, 220, 349, 222, 226, 106, 364, 368, 383]",30
3213,"[0, 1, 2, 3, 325, 262, 138, 266, 397, 398, 399, 80, 92, 222, 37, 106, 365, 245]",18
3214,"[0, 1, 2, 3, 391, 139, 397, 398, 399, 178, 316, 71, 81, 339, 345, 349, 226, 100, 106, 364, 365, 368, 374]",23
3215,"[0, 1, 3, 329, 397, 270, 399, 77, 398, 222, 106, 43, 365, 367, 242, 184]",16
3216,"[0, 1, 2, 3, 266, 267, 11, 397, 398, 399, 283, 156, 35, 37, 178, 60, 62, 196, 71, 207, 222, 106, 365, 109, 368, 373]",26
3217,"[0, 1, 2, 3, 71, 265, 397, 206, 398, 399, 86, 217, 106, 368, 304, 178, 370, 190]",18
3218,"[0, 1, 2, 3, 391, 266, 397, 398, 399, 304, 178, 190, 71, 339, 83, 88, 98, 106, 107, 370, 374]",21
3219,"[0, 1, 2, 3, 329, 397, 398, 399, 156, 222, 106, 240, 184]",13
3220,"[0, 1, 2, 3, 6, 391, 266, 397, 398, 399, 25, 178, 316, 193, 71, 328, 82, 100, 106, 365, 368, 370, 374]",23
3221,"[0, 1, 2, 3, 71, 397, 270, 399, 398, 83, 91, 222, 159, 106, 107, 369, 178, 374]",18
3222,"[0, 1, 2, 3, 397, 398, 399, 284, 177, 178, 58, 60, 71, 202, 206, 339, 106, 365, 109, 368]",20
3223,"[0, 1, 2, 3, 266, 11, 268, 397, 398, 399, 25, 283, 37, 178, 190, 325, 71, 80, 339, 106, 365, 368, 374, 247]",24
3224,"[0, 1, 2, 3, 262, 138, 266, 139, 397, 398, 399, 284, 289, 169, 197, 71, 206, 80, 222, 106, 365, 245]",22
3225,"[0, 1, 2, 3, 325, 198, 329, 397, 398, 399, 92, 222, 159, 291, 37, 106, 115]",17
3226,"[0, 1, 2, 3, 391, 266, 397, 398, 399, 279, 174, 178, 311, 56, 316, 190, 325, 71, 328, 201, 331, 339, 88, 100, 106, 365, 368]",27
3227,"[0, 1, 2, 258, 71, 395, 397, 398, 399, 222, 226, 36, 106, 368, 178, 255]",16
3228,"[0, 1, 2, 3, 7, 139, 397, 398, 399, 153, 165, 178, 316, 71, 73, 81, 345, 349, 222, 226, 356, 106, 364, 365, 368, 114, 377]",27
3229,"[0, 1, 2, 3, 139, 268, 397, 398, 399, 178, 59, 80, 81, 345, 349, 222, 226, 106, 364, 368, 247]",21
3230,"[0, 1, 2, 3, 391, 265, 138, 397, 270, 398, 399, 283, 37, 178, 58, 190, 325, 71, 339, 98, 106, 365]",22
3231,"[0, 1, 2, 3, 329, 397, 398, 399, 156, 222, 106, 240, 184]",13
3232,"[0, 1, 2, 3, 266, 397, 398, 399, 276, 283, 37, 166, 45, 178, 185, 58, 190, 325, 71, 207, 339, 106, 365, 368, 372, 117, 375]",27
3233,"[0, 1, 2, 3, 69, 327, 392, 329, 395, 397, 398, 399, 20, 222, 106, 112]",16
3234,"[0, 1, 2, 3, 11, 268, 397, 398, 399, 36, 178, 190, 71, 80, 339, 106, 368, 370, 247]",19
3235,"[0, 1, 2, 3, 261, 7, 397, 398, 399, 178, 316, 190, 71, 339, 106, 365, 368, 370, 373]",19
3236,"[0, 1, 2, 3, 258, 11, 395, 268, 397, 399, 398, 71, 80, 222, 226, 106, 236, 368, 247, 255]",20
3237,"[0, 1, 2, 3, 322, 134, 71, 329, 266, 397, 398, 399, 222, 106, 240, 184, 252]",17
3238,"[1, 2, 3, 329, 397, 398, 399, 222, 104, 106, 43, 365, 368, 178, 59]",15
3239,"[0, 1, 2, 397, 398, 399, 161, 299, 177, 178, 193, 71, 344, 346, 222, 106, 368, 369, 374, 252]",20
3240,"[0, 2, 3, 397, 398, 399, 153, 282, 165, 166, 178, 71, 329, 73, 348, 356, 368, 243, 373, 377]",20
3241,"[0, 1, 2, 3, 392, 397, 398, 399, 278, 298, 176, 178, 51, 190, 199, 71, 339, 229, 106, 364, 368, 241, 114]",23
3242,"[0, 1, 2, 3, 266, 397, 398, 399, 156, 43, 184, 62, 325, 329, 207, 91, 92, 222, 106]",19
3243,"[0, 1, 2, 3, 259, 397, 398, 399, 279, 156, 303, 308, 184, 62, 191, 197, 329, 207, 222, 106, 365, 245, 118, 121]",24
3244,"[1, 2, 3, 71, 10, 397, 398, 399, 88, 222, 36, 102, 106, 368, 178, 183, 185, 383]",18
3245,"[0, 1, 3, 329, 397, 398, 399, 80, 222, 106, 373, 184, 249]",13
3246,"[1, 2, 71, 397, 398, 399, 222, 106, 365, 368, 178, 316]",12
3247,"[0, 1, 2, 71, 397, 398, 399, 222, 106, 365, 368, 178, 373, 316]",14
3248,"[0, 1, 2, 3, 258, 329, 204, 397, 398, 399, 27, 30, 222, 351, 226, 106, 184, 249]",18
3249,"[0, 1, 2, 3, 266, 397, 398, 399, 279, 177, 178, 56, 185, 60, 71, 201, 206, 207, 339, 351, 106, 365, 368, 369, 374]",25
3250,"[0, 1, 2, 3, 320, 198, 329, 139, 397, 398, 399, 222, 159, 291, 106, 44, 115, 184]",18
3251,"[0, 1, 3, 7, 329, 397, 398, 399, 222, 170, 106, 44, 373, 184]",14
3252,"[0, 1, 257, 3, 329, 266, 397, 398, 399, 184, 222, 159, 292, 106, 44, 116, 248]",17
3253,"[0, 1, 2, 3, 138, 397, 398, 399, 159, 178, 71, 200, 80, 336, 87, 106, 373, 249, 380, 125]",20
3254,"[0, 1, 193, 138, 12, 397, 398, 399, 222, 161, 106]",11
3255,"[0, 1, 2, 3, 71, 139, 397, 398, 399, 29, 222, 106, 365, 109, 368, 305, 178, 381]",18
3256,"[1, 2, 71, 397, 398, 399, 222, 106, 365, 368, 178, 316]",12
3257,"[1, 2, 3, 259, 391, 71, 397, 398, 399, 222, 98, 106, 109, 368, 178, 374]",16
3258,"[1, 2, 3, 397, 398, 399, 213, 222, 106, 43, 365, 255]",12
3259,"[0, 1, 2, 3, 384, 256, 392, 266, 397, 398, 399, 282, 159, 52, 190, 64, 200, 329, 334, 80, 339, 348, 99, 106, 370, 249]",26
3260,"[0, 1, 2, 3, 8, 397, 398, 399, 280, 159, 34, 37, 325, 329, 204, 80, 336, 215, 222, 106, 373, 118, 376, 249]",24
3261,"[0, 1, 2, 3, 392, 397, 398, 399, 156, 178, 190, 71, 332, 339, 106, 112, 368, 373, 120]",19
3262,"[1, 2, 3, 71, 397, 398, 399, 222, 106, 109, 365, 368, 178, 374, 316]",15
3263,"[1, 2, 3, 71, 139, 397, 206, 398, 399, 145, 222, 360, 106, 368, 177, 178, 369, 374]",18
3264,"[0, 1, 2, 3, 392, 137, 138, 397, 398, 399, 176, 178, 198, 71, 329, 339, 214, 230, 106, 368]",20
3265,"[0, 1, 2, 71, 392, 202, 397, 398, 399, 284, 222, 106, 368, 178]",14
3266,"[0, 1, 2, 3, 320, 193, 329, 138, 139, 12, 397, 398, 399, 222, 159, 161, 106, 314]",18
3267,"[0, 1, 3, 393, 329, 267, 397, 398, 399, 208, 156, 222, 106, 373]",14
3268,"[0, 1, 385, 3, 259, 384, 200, 329, 397, 398, 399, 276, 222, 106, 44, 238, 308]",17
3269,"[0, 1, 2, 3, 133, 7, 397, 398, 399, 303, 178, 190, 71, 207, 81, 339, 87, 349, 226, 106, 364, 368, 241, 114]",24
3270,"[0, 1, 2, 71, 328, 138, 397, 398, 399, 339, 214, 106, 368, 369, 178, 190]",16
3271,"[0, 1, 2, 3, 391, 138, 397, 398, 399, 283, 37, 178, 56, 190, 325, 71, 328, 339, 214, 98, 106, 365, 368, 369]",24
3272,"[1, 2, 3, 71, 397, 398, 399, 222, 106, 365, 368, 177, 178, 369, 374, 58]",16
3273,"[0, 2, 391, 71, 397, 398, 399, 156, 98, 106, 368, 369, 178, 373, 120]",15
3274,"[0, 1, 193, 3, 329, 138, 12, 397, 398, 399, 222, 159, 161, 106, 314]",15
3275,"[0, 1, 2, 3, 385, 266, 396, 397, 398, 399, 156, 178, 58, 316, 71, 207, 222, 106, 365, 368]",20
3276,"[0, 1, 2, 3, 257, 329, 397, 398, 207, 208, 399, 156, 94, 222, 159, 106, 51, 62]",18
3277,"[0, 1, 2, 3, 138, 12, 397, 398, 399, 18, 159, 303, 178, 181, 310, 314, 190, 71, 106, 365, 377, 124]",22
3278,"[0, 1, 256, 3, 64, 397, 398, 399, 345, 222, 361, 106, 364, 52, 54]",15
3279,"[0, 1, 2, 3, 256, 266, 397, 398, 399, 52, 54, 64, 322, 329, 331, 208, 222, 361, 106]",19
3280,"[0, 1, 2, 3, 7, 397, 398, 399, 166, 178, 307, 190, 71, 329, 104, 106, 368, 369, 114, 117, 375]",21
3281,"[1, 2, 3, 71, 139, 397, 398, 399, 145, 222, 106, 368, 369, 178]",14
3282,"[0, 1, 2, 3, 386, 5, 262, 266, 397, 14, 399, 398, 149, 186, 323, 71, 201, 214, 222, 229, 106, 368, 245, 379]",24
3283,"[0, 1, 2, 3, 256, 397, 398, 399, 37, 178, 52, 64, 321, 322, 325, 71, 339, 86, 106, 365, 368, 374]",22
3284,"[0, 1, 2, 3, 8, 329, 397, 398, 399, 222, 34, 106, 44, 383]",14
3285,"[0, 1, 2, 71, 397, 398, 399, 80, 339, 159, 106, 178, 190]",13
3286,"[0, 1, 2, 71, 72, 397, 398, 399, 80, 208, 18, 83, 343, 106, 178, 370, 310, 252]",18
3287,"[0, 1, 257, 3, 329, 397, 398, 399, 150, 222, 224, 106, 43, 365, 317]",15
3288,"[0, 1, 3, 7, 329, 266, 397, 398, 399, 278, 157, 94, 222, 296, 106, 44, 381, 127]",18
3289,"[0, 1, 2, 3, 397, 398, 399, 37, 178, 190, 321, 325, 71, 339, 86, 106, 368, 369, 374]",19
3290,"[0, 1, 3, 259, 329, 138, 12, 397, 398, 399, 87, 222, 159, 106, 44, 314]",16
3291,"[0, 1, 2, 3, 395, 397, 398, 399, 144, 22, 281, 288, 178, 71, 329, 342, 222, 232, 106, 368, 380]",21
3292,"[0, 1, 2, 3, 139, 397, 398, 399, 145, 284, 285, 178, 71, 202, 345, 222, 106, 365, 368]",19
3293,"[0, 1, 2, 3, 71, 10, 397, 206, 398, 399, 88, 222, 169, 106, 368, 178]",16
3294,"[0, 1, 2, 3, 139, 397, 398, 399, 145, 148, 285, 178, 71, 329, 339, 345, 348, 349, 355, 106, 368]",21
3295,"[0, 1, 3, 329, 397, 398, 399, 336, 80, 222, 159, 106, 44]",13
3296,"[0, 1, 2, 3, 386, 5, 7, 266, 397, 14, 399, 398, 149, 278, 157, 161, 296, 193, 323, 71, 201, 329, 222, 94, 229, 106, 236, 368, 376, 379, 381, 127]",32
3297,"[0, 1, 2, 3, 71, 397, 398, 399, 80, 222, 159, 106, 368, 369, 178, 374]",16
3298,"[0, 1, 2, 3, 267, 397, 398, 399, 156, 169, 46, 175, 178, 71, 206, 207, 222, 102, 106, 368, 127]",21
3299,"[0, 1, 3, 329, 397, 398, 399, 336, 80, 222, 159, 106, 44]",13
3300,"[0, 1, 2, 3, 329, 201, 397, 398, 399, 336, 80, 222, 159, 229, 106, 44]",16
3301,"[0, 1, 2, 3, 391, 7, 266, 397, 398, 399, 296, 170, 178, 316, 190, 69, 71, 76, 339, 100, 106, 365, 368, 370, 381, 127]",26
3302,"[0, 1, 2, 3, 389, 267, 395, 397, 398, 399, 156, 54, 317, 329, 224, 106, 365, 112, 370, 373]",20
3303,"[1, 2, 3, 71, 397, 398, 399, 345, 285, 222, 106, 368, 369, 178]",14
3304,"[0, 1, 2, 3, 329, 204, 397, 398, 399, 336, 80, 215, 222, 159, 106, 118, 249]",17
3305,"[0, 1, 2, 3, 71, 329, 397, 398, 399, 16, 345, 222, 36, 104, 106, 364, 368, 178]",18
3306,"[0, 1, 2, 3, 139, 397, 398, 399, 87, 29, 222, 106, 368, 305, 178]",15
3307,"[0, 1, 2, 3, 257, 391, 393, 139, 397, 398, 399, 145, 156, 170, 178, 51, 316, 199, 71, 331, 222, 100, 106, 365, 368]",25
3308,"[0, 1, 2, 3, 71, 139, 397, 398, 399, 145, 339, 345, 106, 364, 365, 368, 178, 316]",18
3309,"[0, 1, 2, 3, 267, 397, 398, 399, 156, 169, 46, 175, 178, 71, 206, 207, 222, 102, 106, 368, 127]",21
3310,"[0, 1, 2, 71, 266, 397, 398, 399, 16, 222, 159, 36, 106, 368, 178]",15
3311,"[0, 1, 2, 3, 256, 397, 398, 399, 277, 178, 52, 54, 64, 71, 204, 345, 220, 222, 106, 364, 368]",21
3312,"[0, 1, 2, 3, 71, 266, 397, 398, 399, 277, 222, 106, 368, 369, 178, 374, 62]",17
3313,"[0, 1, 2, 71, 8, 397, 398, 399, 222, 106, 365, 368, 178, 316]",14
3314,"[0, 1, 2, 3, 137, 138, 266, 397, 398, 399, 176, 178, 179, 190, 71, 329, 337, 339, 214, 249, 230, 106, 368, 369, 121]",25
3315,"[0, 1, 2, 137, 138, 266, 397, 398, 399, 176, 178, 190, 71, 337, 339, 214, 249, 230, 106, 121]",20
3316,"[0, 1, 2, 3, 138, 397, 398, 399, 159, 161, 314, 317, 201, 219, 222, 224, 229, 106, 249, 382]",20
3317,"[0, 1, 2, 3, 71, 266, 267, 396, 397, 398, 399, 339, 351, 106, 368, 178, 374]",17
3318,"[0, 1, 2, 3, 69, 71, 397, 206, 399, 398, 282, 222, 169, 106, 365, 368, 178]",17
3319,"[1, 2, 3, 139, 397, 398, 399, 16, 29, 159, 36, 305, 178, 190, 71, 339, 106, 368, 370, 123]",20
3320,"[0, 1, 2, 3, 262, 266, 139, 397, 398, 399, 277, 29, 177, 178, 305, 62, 71, 206, 339, 360, 106, 368, 245, 374]",24
3321,"[0, 1, 2, 3, 394, 395, 397, 398, 399, 284, 178, 180, 194, 71, 329, 202, 222, 106, 235, 368]",20
3322,"[0, 1, 2, 3, 71, 10, 397, 398, 399, 82, 87, 222, 106, 365, 368, 178, 316]",17
3323,"[0, 1, 2, 3, 137, 397, 398, 399, 161, 43, 44, 55, 193, 71, 329, 333, 222, 106, 364, 236, 365, 116, 376, 382]",24
3324,"[1, 2, 71, 397, 398, 399, 222, 106, 365, 368, 178, 316]",12
3325,"[0, 1, 2, 3, 71, 397, 398, 399, 349, 222, 95, 106, 368, 369, 178, 374]",16
3326,"[0, 1, 2, 3, 194, 139, 397, 398, 399, 345, 29, 222, 106, 364, 368, 305, 178, 180]",18
3327,"[0, 1, 2, 3, 193, 71, 329, 138, 397, 398, 399, 222, 161, 106, 44, 236, 376]",17
3328,"[0, 1, 2, 3, 386, 5, 7, 266, 139, 397, 398, 399, 144, 18, 149, 27, 170, 323, 71, 329, 212, 218, 222, 106, 368, 372, 373]",27
3329,"[256, 1, 2, 3, 64, 329, 397, 398, 399, 277, 220, 222, 106, 52, 54]",15
3330,"[1, 2, 3, 71, 329, 397, 398, 399, 222, 104, 106]",11
3331,"[0, 1, 2, 3, 7, 266, 397, 398, 399, 161, 170, 44, 193, 71, 329, 222, 106, 236, 373, 376]",20
3332,"[0, 1, 2, 3, 256, 397, 398, 399, 277, 37, 178, 52, 64, 321, 325, 71, 204, 339, 86, 220, 106, 365, 368]",23
3333,"[0, 1, 2, 3, 71, 139, 397, 398, 399, 145, 349, 222, 95, 106, 365, 368, 178, 316]",18
3334,"[0, 1, 2, 391, 266, 267, 396, 397, 398, 399, 178, 316, 71, 207, 222, 351, 100, 106, 365, 368]",20
3335,"[0, 1, 2, 71, 397, 398, 271, 399, 156, 222, 106, 365, 368, 178, 373, 316]",16
3336,"[0, 1, 2, 3, 257, 397, 398, 399, 278, 159, 37, 44, 314, 315, 325, 71, 329, 336, 80, 222, 106, 236, 373, 376, 249, 381]",26
3337,"[0, 1, 2, 71, 329, 266, 267, 397, 398, 399, 339, 348, 106, 368, 178, 373, 190]",17
3338,"[0, 1, 2, 71, 266, 267, 396, 397, 398, 399, 222, 351, 365, 368, 178, 316]",16
3339,"[1, 2, 3, 329, 395, 397, 398, 399, 106, 112, 368, 178, 190]",13
3340,"[0, 1, 193, 3, 71, 329, 138, 12, 397, 398, 399, 222, 161, 106, 236, 44]",16
3341,"[0, 1, 2, 3, 138, 397, 398, 399, 178, 181, 310, 190, 71, 79, 339, 106, 365, 370, 124]",19
3342,"[0, 1, 2, 3, 321, 325, 71, 397, 398, 399, 83, 86, 343, 222, 37, 178, 374]",17
3343,"[0, 1, 2, 3, 386, 5, 262, 266, 267, 397, 398, 399, 144, 149, 161, 193, 323, 71, 329, 201, 222, 229, 106, 368, 245, 376]",26
3344,"[0, 1, 2, 3, 138, 139, 12, 397, 398, 399, 161, 44, 193, 71, 329, 218, 222, 106, 236]",19
3345,"[1, 2, 3, 329, 397, 398, 399, 339, 104, 106, 368, 178]",12
3346,"[0, 1, 2, 3, 391, 139, 397, 398, 399, 145, 37, 178, 316, 321, 325, 71, 86, 222, 100, 106, 365, 368]",22
3347,"[0, 1, 2, 3, 71, 139, 397, 398, 399, 355, 106, 365, 368, 370, 178, 374, 316]",17
3348,"[0, 1, 2, 3, 266, 267, 139, 396, 397, 398, 399, 29, 305, 178, 71, 222, 351, 106, 365, 368]",20
3349,"[0, 1, 2, 3, 320, 329, 138, 139, 12, 397, 398, 399, 151, 222, 159, 161, 106, 314]",18
3350,"[0, 1, 2, 3, 138, 12, 397, 398, 399, 17, 159, 289, 161, 169, 54, 314, 197, 206, 213, 88, 222, 106]",22
3351,"[0, 1, 2, 3, 139, 397, 398, 399, 277, 159, 44, 314, 71, 329, 336, 80, 218, 220, 222, 106, 236, 373, 249]",23
3352,"[0, 1, 2, 3, 256, 397, 398, 399, 277, 282, 159, 178, 52, 54, 190, 64, 71, 204, 80, 339, 220, 106, 365, 368, 370]",25
3353,"[0, 1, 2, 3, 325, 266, 397, 206, 399, 398, 222, 37, 101, 169, 106, 368, 178, 121]",18
3354,"[0, 1, 2, 3, 397, 398, 399, 159, 289, 169, 306, 54, 317, 197, 206, 80, 88, 222, 224, 106]",20
3355,"[256, 1, 2, 3, 64, 71, 204, 397, 398, 399, 339, 277, 220, 106, 52]",15
3356,"[0, 1, 2, 3, 266, 267, 397, 398, 399, 54, 184, 313, 71, 329, 331, 339, 106, 236, 368]",19
3357,"[0, 1, 2, 3, 71, 397, 398, 399, 80, 159, 106, 368, 178, 374, 190]",15
3358,"[0, 1, 2, 3, 139, 397, 398, 399, 156, 178, 183, 185, 198, 329, 222, 355, 106, 368, 383]",19
3359,"[0, 1, 2, 3, 266, 267, 397, 398, 399, 159, 171, 306, 317, 62, 207, 80, 336, 222, 224, 106, 373, 377]",22
3360,"[0, 1, 2, 3, 262, 266, 139, 397, 398, 399, 282, 154, 29, 305, 178, 71, 329, 348, 222, 368, 243, 245]",22
3361,"[0, 1, 3, 266, 139, 397, 398, 399, 29, 222, 159, 305]",12
3362,"[1, 2, 3, 71, 397, 398, 399, 23, 222, 101, 368, 178, 121]",13
3363,"[0, 1, 3, 71, 397, 398, 399, 80, 336, 222, 159, 106, 368, 373, 249]",15
3364,"[0, 1, 2, 3, 391, 266, 139, 397, 398, 399, 145, 170, 178, 186, 316, 71, 222, 100, 106, 365, 368, 373]",22
3365,"[0, 1, 3, 259, 71, 200, 329, 397, 398, 399, 87, 222, 236, 44, 118]",15
3366,"[0, 1, 2, 193, 199, 393, 201, 331, 397, 398, 399, 156, 222, 161, 229, 106, 376]",17
3367,"[0, 1, 2, 3, 71, 202, 139, 397, 398, 399, 145, 146, 284, 285, 222, 365, 368, 178]",18
3368,"[0, 1, 2, 3, 194, 266, 139, 397, 398, 399, 25, 29, 222, 368, 305, 178, 180]",17
3369,"[0, 1, 2, 3, 397, 398, 399, 146, 30, 170, 178, 54, 313, 190, 71, 329, 74, 204, 339, 348, 106, 368]",22
3370,"[0, 1, 2, 3, 193, 201, 138, 397, 398, 399, 151, 222, 159, 161, 229, 106, 376, 314]",18
3371,"[0, 1, 2, 3, 386, 266, 397, 398, 399, 144, 161, 193, 198, 71, 329, 201, 222, 229, 115, 373, 376]",21
3372,"[0, 1, 2, 3, 259, 386, 139, 397, 398, 399, 144, 277, 27, 314, 71, 200, 329, 74, 212, 87, 218, 220, 222, 228, 118]",25
3373,"[0, 1, 2, 3, 7, 71, 266, 397, 398, 399, 25, 222, 101, 368, 178, 114, 121]",17
3374,"[0, 1, 2, 3, 71, 8, 139, 397, 398, 399, 145, 222, 365, 368, 178, 316]",16
3375,"[0, 1, 2, 3, 266, 397, 398, 399, 273, 283, 37, 303, 190, 325, 71, 331, 339, 357, 101, 106, 368, 118, 121]",23
3376,"[0, 1, 2, 3, 262, 266, 267, 397, 398, 399, 161, 44, 193, 71, 329, 201, 222, 229, 106, 236, 245, 376]",22
3377,"[0, 1, 2, 3, 259, 385, 267, 397, 398, 271, 399, 156, 300, 178, 190, 62, 207, 339, 106, 368]",20
3378,"[0, 1, 2, 266, 397, 398, 399, 178, 316, 190, 321, 325, 70, 71, 328, 329, 76, 339, 217, 89, 92, 352, 106, 107, 365, 368]",26
3379,"[0, 1, 2, 3, 71, 329, 397, 398, 399, 80, 106, 370, 178, 179, 310, 124]",16
3380,"[0, 1, 2, 3, 259, 139, 397, 398, 399, 278, 44, 320, 71, 200, 329, 87, 222, 228, 236, 118]",20
3381,"[0, 1, 2, 71, 74, 397, 398, 399, 339, 106, 368, 178, 371, 246, 190]",15
3382,"[0, 1, 2, 3, 71, 329, 201, 397, 398, 399, 80, 222, 229, 106, 236, 44]",16
3383,"[0, 1, 2, 3, 71, 397, 398, 399, 222, 159, 106, 368, 369, 178, 374]",15
3384,"[0, 1, 2, 3, 259, 397, 398, 399, 303, 178, 180, 185, 194, 71, 222, 101, 368, 118, 121, 126]",20
3385,"[1, 2, 3, 329, 395, 397, 398, 399, 222, 368, 178]",11
3386,"[0, 1, 2, 3, 397, 398, 399, 277, 214, 220, 222, 224, 228, 306, 314]",15
3387,"[0, 1, 2, 3, 256, 392, 139, 397, 398, 399, 178, 52, 54, 64, 71, 329, 81, 348, 220, 350, 222, 226, 368, 243, 372]",25
3388,"[0, 1, 2, 3, 71, 329, 266, 397, 398, 399, 277, 89, 220, 222, 107, 236, 44, 314]",18
3389,"[0, 1, 2, 3, 71, 267, 139, 397, 398, 399, 222, 355, 236, 127]",14
3390,"[0, 1, 2, 3, 134, 71, 329, 266, 267, 397, 398, 399, 222, 236, 44, 368, 373]",17
3391,"[1, 2, 3, 71, 329, 395, 397, 398, 399, 222, 102, 46, 175, 368, 178]",15
3392,"[0, 1, 2, 3, 71, 329, 397, 398, 399, 80, 277, 220, 222, 106, 236, 44, 314]",17
3393,"[0, 1, 2, 3, 259, 392, 266, 397, 398, 399, 37, 303, 178, 325, 71, 329, 348, 222, 101, 368, 118, 121]",22
3394,"[1, 2, 3, 329, 395, 397, 398, 399, 222, 368, 178]",11
3395,"[0, 1, 2, 389, 397, 398, 399, 277, 220, 222, 43, 365, 245, 314]",14
3396,"[0, 1, 2, 3, 266, 397, 398, 399, 272, 277, 170, 44, 314, 198, 71, 329, 331, 220, 222, 236, 115, 381]",22
3397,"[0, 1, 2, 3, 392, 137, 393, 397, 398, 399, 178, 54, 313, 190, 71, 329, 339, 348, 106, 235, 368]",21
3398,"[0, 1, 2, 3, 325, 71, 329, 397, 398, 399, 86, 222, 37, 43, 236, 44, 365, 245]",18
3399,"[1, 2, 3, 391, 71, 397, 398, 399, 222, 100, 106, 365, 368, 178, 374, 316]",16
3400,"[0, 1, 2, 71, 8, 397, 398, 399, 222, 106, 365, 368, 178, 316]",14
3401,"[0, 1, 2, 3, 384, 71, 397, 398, 399, 334, 159, 106, 365, 368, 178, 374, 316, 190]",18
3402,"[0, 1, 3, 196, 71, 329, 266, 397, 398, 399, 283, 222, 37, 236, 44]",15
3403,"[1, 2, 3, 71, 329, 267, 397, 398, 207, 399, 222, 236, 368, 184, 127]",15
3404,"[0, 1, 2, 3, 397, 398, 399, 170, 178, 179, 190, 198, 71, 329, 339, 106, 370, 115, 381]",19
3405,"[0, 1, 2, 3, 71, 329, 266, 267, 397, 398, 399, 222, 236, 44, 368, 241, 373, 252]",18
3406,"[0, 1, 3, 259, 325, 71, 329, 397, 398, 399, 222, 37, 44, 236, 303, 118, 121]",17
3407,"[0, 1, 2, 3, 391, 266, 397, 398, 399, 178, 179, 190, 71, 329, 207, 339, 343, 89, 106, 107, 370, 380]",22
3408,"[0, 1, 2, 3, 139, 397, 398, 399, 145, 282, 156, 285, 159, 170, 178, 71, 345, 365, 109, 251, 368, 373, 123]",23
3409,"[1, 2, 3, 71, 397, 398, 79, 399, 339, 106, 365, 368, 370, 178, 181, 190]",16
3410,"[0, 1, 2, 71, 397, 206, 398, 399, 360, 169, 106, 109, 368, 177, 178, 369, 374, 190]",18
3411,"[0, 1, 2, 3, 139, 397, 398, 399, 278, 177, 178, 71, 206, 222, 360, 109, 368, 369, 374]",19
3412,"[0, 1, 2, 3, 393, 267, 397, 398, 399, 44, 51, 62, 71, 329, 207, 222, 236, 242, 373]",19
3413,"[0, 1, 2, 3, 71, 329, 331, 397, 398, 399, 278, 222, 236, 44]",14
3414,"[0, 1, 2, 3, 384, 71, 329, 397, 398, 334, 399, 339, 159, 106, 178, 179, 190]",17
3415,"[0, 1, 2, 3, 384, 138, 139, 397, 398, 399, 159, 165, 184, 314, 218, 220, 222, 106, 376]",19
3416,"[1, 2, 3, 71, 329, 397, 398, 399, 348, 222, 101, 236, 368, 184, 121, 61]",16
3417,"[1, 2, 3, 71, 328, 397, 398, 399, 339, 106, 368, 369, 178, 374, 190]",15
3418,"[0, 1, 3, 329, 395, 397, 398, 399, 28, 158, 222, 357]",12
3419,"[0, 1, 2, 266, 267, 397, 398, 399, 283, 156, 37, 178, 316, 60, 190, 62, 67, 196, 71, 207, 106, 365, 368, 373]",24
3420,"[1, 2, 3, 139, 397, 398, 399, 145, 285, 159, 178, 190, 71, 339, 345, 106, 365, 368, 370, 123]",20
3421,"[1, 2, 71, 330, 268, 397, 398, 399, 209, 339, 293, 106, 368, 178, 190]",15
3422,"[0, 1, 2, 3, 71, 329, 266, 397, 398, 399, 346, 222, 299, 44, 236, 112]",16
3423,"[0, 1, 2, 3, 384, 386, 266, 139, 11, 397, 398, 399, 144, 37, 174, 178, 314, 321, 71, 329, 331, 222, 226, 107, 247]",25
3424,"[0, 1, 2, 3, 71, 329, 397, 398, 79, 399, 339, 106, 107, 365, 370, 178, 181, 190]",18
3425,"[1, 2, 3, 71, 397, 398, 399, 222, 109, 368, 178, 374]",12
3426,"[0, 1, 2, 3, 322, 71, 139, 397, 398, 399, 339, 106, 368, 177, 178, 369, 249, 190]",18
3427,"[0, 1, 2, 3, 262, 266, 139, 397, 398, 399, 154, 177, 178, 71, 222, 360, 109, 368, 369, 245, 373]",21
3428,"[0, 1, 3, 71, 329, 397, 398, 399, 222, 236, 44, 365, 245]",13
3429,"[1, 2, 3, 198, 329, 397, 398, 399, 222, 368, 178]",11
3430,"[0, 1, 3, 71, 329, 397, 398, 399, 222, 107, 44, 236]",12
3431,"[0, 1, 2, 262, 391, 138, 266, 139, 397, 398, 399, 178, 190, 71, 80, 339, 343, 106, 365, 368, 245]",21
3432,"[0, 1, 2, 3, 262, 392, 266, 139, 397, 398, 399, 145, 277, 282, 285, 178, 62, 71, 329, 339, 345, 348, 106, 368, 243, 245]",26
3433,"[0, 1, 2, 3, 329, 201, 397, 398, 399, 346, 222, 159, 229, 299]",14
3434,"[0, 1, 2, 3, 71, 329, 397, 398, 399, 339, 38, 106, 107, 109, 368, 370, 178, 190]",18
3435,"[0, 1, 2, 3, 71, 329, 138, 201, 397, 398, 399, 346, 222, 229, 299, 236, 44, 365]",18
3436,"[0, 1, 2, 3, 5, 71, 329, 397, 398, 399, 222, 236, 45, 366, 44, 372]",16
3437,"[1, 2, 3, 71, 397, 398, 399, 106, 109, 368, 178, 370]",12
3438,"[1, 2, 3, 71, 139, 397, 398, 399, 222, 236, 368, 178]",12
3439,"[0, 1, 2, 71, 397, 398, 399, 339, 277, 106, 365, 368, 370, 178, 190, 62]",16
3440,"[0, 1, 2, 3, 266, 267, 139, 397, 398, 271, 399, 145, 285, 159, 178, 316, 71, 351, 106, 365, 368, 123]",22
3441,"[1, 2, 3, 198, 71, 392, 329, 397, 398, 399, 339, 348, 106, 368, 178, 373]",16
3442,"[0, 1, 3, 7, 71, 329, 397, 398, 207, 399, 222, 236, 44, 185]",14
3443,"[0, 1, 3, 262, 266, 138, 139, 397, 398, 399, 44, 71, 329, 80, 222, 106, 236, 365, 245]",19
3444,"[1, 2, 3, 71, 329, 397, 398, 399, 159, 368, 178, 179, 123]",13
3445,"[0, 1, 2, 3, 7, 71, 329, 397, 398, 207, 399, 40, 303, 178, 179, 185, 380]",17
3446,"[1, 2, 71, 397, 398, 399, 222, 102, 46, 175, 368, 178, 375]",13
3447,"[0, 1, 257, 3, 329, 397, 398, 399, 25, 222]",10
3448,"[0, 1, 257, 3, 71, 329, 397, 398, 399, 25, 222, 236, 44]",13
3449,"[1, 397, 398, 399, 222]",5
3450,"[1, 2, 3, 71, 397, 398, 399, 222, 106, 368, 178]",11
3451,"[1, 2, 3, 71, 329, 397, 398, 399, 222, 44, 236, 45, 372]",13
3452,"[1, 2, 3, 329, 397, 398, 399, 373, 222]",9
3453,"[1, 2, 3, 71, 397, 398, 399, 222, 106, 109, 368, 178]",12
3454,"[1, 2, 71, 397, 398, 399, 222, 368, 178, 250]",10
3455,"[1, 2, 3, 71, 139, 397, 398, 399, 145, 345, 285, 222, 106, 365, 368, 178, 316]",17
3456,"[1, 2, 71, 397, 398, 399, 339, 106, 365, 368, 178, 370, 190]",13
3457,"[1, 2, 3, 71, 329, 397, 398, 399, 339, 106, 368, 178, 179, 190]",14
3458,"[1, 2, 3, 71, 329, 395, 397, 398, 399, 222, 102, 46, 175, 368, 178, 375]",16
3459,"[0, 1, 3, 7, 71, 329, 397, 398, 207, 399, 222, 236, 44, 185]",14
3460,"[0, 1, 3, 329, 395, 397, 398, 399, 28, 158, 222]",11
3461,"[0, 1, 2, 3, 71, 329, 74, 139, 138, 397, 398, 399, 214, 348, 222, 368, 178]",17
3462,"[0, 1, 2, 3, 327, 71, 329, 139, 397, 398, 399, 222, 104]",13
3463,"[0, 1, 2, 3, 267, 139, 397, 398, 399, 145, 285, 159, 178, 316, 71, 106, 365, 368, 120, 123]",20
3464,"[1, 2, 3, 71, 329, 397, 398, 399, 339, 106, 370, 179, 178, 190]",14
3465,"[1, 2, 71, 397, 398, 399, 339, 106, 368, 177, 178, 369]",12
3466,"[1, 2, 3, 71, 329, 395, 397, 398, 399, 222, 368, 178]",12
3467,"[256, 1, 2, 3, 64, 71, 397, 398, 399, 339, 220, 106, 365, 368, 370, 178, 52, 190]",18
3468,"[0, 1, 2, 3, 138, 397, 398, 399, 299, 44, 71, 329, 331, 80, 346, 219, 222, 106, 236, 365, 376]",21
3469,"[0, 1, 2, 397, 398, 399, 339, 156, 106, 368, 178, 190]",12
3470,"[0, 1, 2, 3, 259, 71, 267, 397, 398, 399, 222, 106, 303, 368, 178, 118, 120, 121]",18
3471,"[1, 2, 3, 71, 397, 398, 79, 399, 339, 106, 365, 370, 178, 190]",14
3472,"[1, 2, 3, 71, 397, 398, 399, 339, 106, 109, 365, 368, 178, 316]",14
3473,"[0, 1, 2, 3, 71, 393, 397, 398, 79, 399, 339, 156, 106, 365, 178, 370, 190]",17
3474,"[1, 2, 71, 397, 398, 399, 222, 106, 365, 368, 178, 316]",12
3475,"[0, 1, 3, 71, 329, 397, 398, 399, 222, 43, 236, 44, 365]",13
3476,"[1, 2, 71, 392, 329, 397, 398, 399, 339, 348, 106, 368, 178, 190]",14
3477,"[1, 2, 3, 71, 328, 397, 398, 399, 339, 106, 109, 368, 178, 190]",14
3478,"[0, 1, 2, 3, 257, 139, 397, 398, 399, 145, 285, 159, 178, 71, 199, 335, 365, 368, 123]",19
3479,"[0, 1, 2, 3, 7, 71, 329, 138, 397, 398, 207, 399, 159, 106, 178, 179, 370, 123]",18
3480,"[1, 2, 3, 71, 328, 397, 398, 399, 159, 106, 109, 365, 368, 370, 178, 123, 316]",17
3481,"[0, 1, 7, 138, 397, 398, 207, 399, 222, 106]",10
3482,"[0, 1, 2, 3, 7, 264, 71, 138, 329, 397, 398, 207, 399, 40, 235, 178, 179, 380]",18
3483,"[0, 1, 2, 3, 71, 329, 266, 397, 398, 399, 346, 222, 299, 236, 44, 374]",16
3484,"[1, 2, 3, 329, 395, 397, 398, 399, 222, 368, 178]",11
3485,"[1, 2, 71, 397, 398, 399, 222, 106, 365, 368, 178, 316]",12
3486,"[0, 1, 2, 3, 139, 397, 398, 399, 145, 178, 316, 325, 71, 329, 86, 92, 222, 106, 107, 365, 368]",21
3487,"[1, 2, 391, 71, 397, 398, 399, 344, 222, 100, 106, 365, 368, 178, 372, 316]",16
3488,"[0, 1, 2, 138, 74, 397, 398, 399, 80, 336, 219, 28, 158, 222, 106, 365, 178]",17
3489,"[0, 1, 256, 3, 139, 333, 397, 398, 399, 81, 220, 222, 364, 382]",14
3490,"[0, 1, 2, 3, 267, 397, 398, 399, 18, 178, 310, 325, 71, 72, 329, 208, 86, 92, 222, 107, 109, 246]",22
3491,"[0, 1, 2, 3, 138, 139, 397, 398, 399, 177, 178, 71, 337, 214, 344, 222, 368, 369, 121]",19
3492,"[0, 1, 2, 3, 387, 139, 397, 398, 399, 26, 190, 327, 71, 339, 101, 106, 368, 370, 121]",19
3493,"[1, 2, 397, 398, 399, 368, 178, 222]",8
3494,"[1, 2, 259, 3, 397, 398, 399, 46, 175, 303, 178, 71, 222, 101, 102, 368, 118, 375, 121]",19
3495,"[0, 1, 2, 3, 71, 329, 397, 398, 399, 222, 34, 44, 45, 236, 372]",15
3496,"[1, 2, 3, 71, 329, 397, 398, 399, 222, 106, 44, 236, 373]",13
3497,"[0, 1, 2, 3, 257, 139, 397, 398, 399, 145, 285, 178, 316, 71, 199, 335, 222, 106, 365, 368]",20
3498,"[0, 1, 138, 397, 398, 399, 219, 222, 106, 365]",10
3499,"[1, 2, 3, 139, 397, 398, 399, 222, 368, 178]",10
3500,"[1, 2, 3, 71, 139, 397, 398, 399, 339, 106, 368, 177, 178, 369]",14
3501,"[0, 1, 2, 3, 71, 9, 329, 397, 398, 399, 339, 348, 296, 170, 106, 368, 178, 190]",18
3502,"[0, 1, 2, 71, 9, 397, 398, 399, 339, 296, 106, 178, 190]",13
3503,"[0, 1, 3, 262, 138, 266, 139, 397, 398, 399, 44, 71, 329, 80, 222, 106, 236, 365, 245]",19
3504,"[0, 1, 2, 3, 262, 392, 266, 139, 397, 398, 399, 145, 282, 178, 71, 329, 339, 348, 106, 368, 243, 245]",22
3505,"[0, 1, 257, 266, 397, 398, 399, 25, 222, 112]",10
3506,"[0, 1, 2, 3, 391, 71, 397, 398, 399, 339, 156, 100, 106, 365, 368, 178, 372, 316]",18
3507,"[0, 1, 2, 3, 262, 266, 397, 398, 399, 154, 165, 170, 177, 178, 71, 211, 222, 360, 368, 369, 245]",21
3508,"[1, 2, 3, 71, 397, 398, 399, 222, 106, 109, 368, 178]",12
3509,"[0, 1, 2, 138, 397, 398, 399, 29, 178, 310, 190, 71, 339, 219, 362, 106, 365, 370, 124]",19
3510,"[0, 1, 2, 3, 384, 71, 397, 398, 399, 334, 339, 159, 296, 106, 109, 368, 178]",17
3511,"[0, 1, 2, 3, 71, 329, 397, 398, 399, 222, 107, 236, 45, 372]",14
3512,"[1, 3, 71, 236, 397, 398, 399, 222]",8
3513,"[1, 3, 69, 397, 365, 399, 398, 222]",8
3514,"[0, 1, 2, 3, 386, 71, 329, 266, 397, 398, 399, 144, 212, 27, 222]",15
3515,"[0, 1, 2, 3, 71, 397, 398, 399, 339, 156, 349, 106, 109, 368, 113, 178, 311]",17
3516,"[0, 1, 3, 71, 138, 397, 398, 399, 222, 106, 236]",11
3517,"[0, 1, 2, 3, 71, 138, 397, 398, 399, 339, 214, 106, 368, 370, 178, 56, 190]",17
3518,"[0, 1, 3, 71, 397, 398, 399, 80, 222, 106, 236]",11
3519,"[0, 1, 2, 3, 71, 138, 397, 398, 399, 346, 222, 299, 236, 365]",14
3520,"[0, 1, 2, 3, 392, 397, 398, 399, 33, 178, 52, 64, 71, 329, 81, 348, 222, 226, 237, 368]",20
3521,"[0, 1, 2, 71, 8, 140, 397, 206, 399, 398, 222, 360, 365, 368, 178]",15
3522,"[0, 1, 2, 3, 71, 397, 398, 399, 222, 236, 373, 376]",12
3523,"[0, 1, 3, 71, 397, 398, 399, 80, 222, 106]",10
3524,"[0, 1, 2, 3, 266, 397, 398, 399, 38, 178, 179, 190, 71, 329, 339, 89, 106, 107, 370]",19
3525,"[1, 2, 71, 397, 398, 399, 222, 102, 46, 175, 368, 178, 375]",13
3526,"[0, 1, 2, 3, 139, 397, 398, 399, 145, 285, 159, 177, 178, 190, 71, 339, 355, 106, 368, 369, 370, 123]",22
3527,"[0, 1, 2, 259, 397, 398, 399, 222, 228, 170, 45, 303, 372, 118, 315]",15
3528,"[0, 1, 2, 71, 329, 397, 398, 399, 88, 222, 169, 106, 236, 368, 184]",15
3529,"[0, 1, 2, 3, 193, 138, 397, 398, 399, 215, 346, 222, 161, 106, 299, 303, 249]",17
3530,"[1, 2, 3, 71, 397, 398, 399, 349, 222, 109, 368, 178, 311]",13
3531,"[0, 1, 2, 3, 139, 397, 398, 399, 16, 36, 43, 178, 71, 329, 81, 222, 226, 101, 104, 365, 368]",21
3532,"[0, 1, 2, 3, 259, 397, 398, 399, 169, 303, 184, 71, 329, 88, 222, 236, 368, 118, 121]",19
3533,"[0, 1, 2, 3, 71, 397, 398, 399, 222, 33, 106, 236, 373]",13
3534,"[0, 1, 2, 256, 395, 397, 398, 399, 159, 358, 106, 300, 365, 370, 373, 123]",16
3535,"[0, 1, 106, 43, 365, 397, 399, 398, 222]",9
3536,"[0, 1, 2, 139, 397, 398, 399, 222, 355, 106, 368, 178]",12
3537,"[1, 2, 3, 69, 71, 397, 398, 399, 16, 339, 36, 106, 365, 368, 178, 370, 190]",17
3538,"[0, 1, 2, 3, 386, 264, 9, 266, 397, 398, 399, 144, 272, 299, 198, 71, 329, 207, 346, 222, 115]",21
3539,"[0, 1, 2, 3, 266, 139, 397, 398, 399, 145, 291, 178, 51, 53, 316, 193, 71, 330, 335, 222, 101, 106, 365, 368]",24
3540,"[0, 1, 2, 3, 71, 329, 397, 398, 399, 159, 178, 179, 373, 123]",14
3541,"[0, 1, 2, 3, 71, 329, 266, 397, 398, 399, 89, 159, 106, 107, 109, 370, 178, 123]",18
3542,"[0, 1, 2, 71, 8, 397, 398, 399, 222, 106, 365, 368, 178, 316]",14
3543,"[0, 1, 2, 3, 385, 71, 397, 398, 399, 346, 222, 43, 236, 299, 365, 242]",16
3544,"[1, 2, 3, 71, 139, 397, 398, 399, 145, 222, 368, 177, 178, 369]",14
3545,"[1, 2, 3, 71, 397, 398, 399, 339, 170, 106, 368, 178, 381, 190]",14
3546,"[1, 2, 3, 69, 71, 397, 398, 399, 222, 106, 236, 365, 368, 178]",14
3547,"[1, 2, 3, 397, 398, 399, 33, 177, 178, 52, 64, 71, 339, 106, 237, 240, 369, 368, 376]",19
3548,"[0, 1, 2, 3, 259, 139, 397, 398, 399, 155, 44, 303, 178, 184, 320, 71, 329, 222, 106, 236, 118]",21
3549,"[384, 1, 2, 3, 386, 321, 70, 71, 329, 397, 398, 399, 144, 222]",14
3550,"[1, 2, 3, 386, 71, 329, 397, 398, 399, 144, 346, 222, 299]",13
3551,"[0, 1, 2, 71, 392, 329, 138, 397, 398, 399, 339, 214, 348, 106, 368, 178]",16
3552,"[1, 2, 3, 71, 397, 398, 399, 339, 33, 106, 237, 240, 376]",13
3553,"[1, 2, 71, 397, 398, 399, 339, 106, 178, 190]",10
3554,"[0, 1, 2, 3, 384, 397, 398, 399, 151, 161, 299, 303, 314, 193, 331, 334, 215, 346, 222, 249]",20
3555,"[1, 2, 3, 329, 395, 397, 398, 399, 339, 106, 368, 178]",12
3556,"[0, 1, 3, 71, 397, 398, 399, 80, 219, 222, 106, 236, 365]",13
3557,"[0, 1, 2, 397, 398, 399, 80, 219, 222, 106, 365, 373]",12
3558,"[1, 2, 3, 71, 329, 397, 398, 399, 339, 170, 106, 236, 368, 184]",14
3559,"[1, 2, 3, 71, 397, 398, 399, 16, 88, 222, 36, 368, 178, 371]",14
3560,"[0, 1, 3, 71, 393, 397, 398, 399, 156, 222, 106, 236]",12
3561,"[0, 1, 2, 3, 64, 71, 138, 397, 398, 399, 222, 175, 240, 368, 178, 52, 376]",17
3562,"[0, 1, 2, 3, 138, 397, 398, 399, 170, 178, 190, 71, 329, 337, 339, 214, 348, 106, 368, 121, 381]",21
3563,"[0, 1, 2, 3, 386, 71, 329, 266, 397, 398, 399, 144, 212, 27, 222, 45, 372, 374]",18
3564,"[0, 1, 2, 3, 391, 139, 397, 398, 399, 299, 178, 316, 71, 344, 88, 346, 222, 355, 100, 106, 365, 368, 242, 371, 372, 377]",26
3565,"[1, 2, 3, 71, 397, 398, 399, 222, 106, 109, 368, 178]",12
3566,"[0, 1, 3, 71, 397, 398, 399, 278, 222, 106, 236, 115]",12
3567,"[0, 1, 3, 71, 397, 398, 399, 222, 106, 43, 236, 365]",12
3568,"[0, 1, 2, 3, 393, 397, 398, 399, 156, 159, 161, 299, 303, 193, 215, 346, 94, 222, 106, 249]",20
3569,"[0, 1, 2, 3, 138, 139, 397, 398, 399, 151, 178, 314, 320, 329, 74, 80, 222, 106, 365]",19
3570,"[1, 2, 71, 397, 398, 399, 222, 106, 365, 368, 178, 316]",12
3571,"[1, 2, 259, 3, 71, 397, 398, 399, 222, 106, 303, 368, 178, 118, 121]",15
3572,"[1, 2, 3, 329, 397, 398, 399, 339, 101, 104, 106, 43, 365, 368, 178]",15
3573,"[0, 1, 2, 3, 397, 398, 399, 299, 177, 178, 190, 69, 71, 339, 346, 106, 365, 368, 369]",19
3574,"[0, 1, 2, 3, 257, 199, 71, 139, 397, 398, 335, 399, 145, 285, 222, 106, 368, 178]",18
3575,"[1, 2, 3, 69, 397, 398, 399, 222, 106, 365, 368, 178]",12
3576,"[1, 2, 106, 397, 398, 399, 373, 222]",8
3577,"[1, 2, 3, 71, 397, 398, 399, 222, 368, 178]",10
3578,"[0, 1, 2, 3, 69, 397, 398, 399, 346, 222, 299, 365, 368, 178]",14
3579,"[1, 2, 3, 259, 71, 392, 329, 397, 398, 399, 348, 222, 106, 303, 368, 178, 118, 121]",18
3580,"[0, 1, 2, 3, 71, 397, 398, 399, 80, 346, 222, 106, 299, 236, 368, 178]",16
3581,"[0, 1, 2, 3, 259, 71, 397, 206, 399, 398, 222, 169, 106, 303, 368, 178, 118, 121]",18
3582,"[0, 1, 2, 3, 71, 138, 397, 398, 399, 80, 346, 219, 222, 106, 299, 236, 365]",17
3583,"[0, 1, 2, 3, 71, 397, 398, 399, 222, 106, 43, 236, 45, 365, 372]",15
3584,"[1, 2, 3, 71, 397, 398, 399, 346, 222, 106, 299, 236]",12
3585,"[1, 2, 3, 69, 71, 397, 398, 399, 222, 106, 365, 368, 177, 178, 369]",15
3586,"[0, 1, 2, 71, 266, 397, 398, 399, 339, 88, 106, 365, 368, 178, 370, 316, 190]",17
3587,"[1, 2, 3, 71, 329, 397, 398, 399, 339, 106, 178, 179, 370, 190]",14
3588,"[0, 1, 2, 71, 8, 140, 397, 398, 399, 222, 106, 365, 368, 178, 316]",15
3589,"[0, 1, 2, 7, 71, 138, 397, 398, 207, 399, 339, 106, 365, 368, 370, 178, 316, 190]",18
3590,"[1, 2, 3, 71, 397, 398, 399, 339, 106, 109, 178, 370, 190]",13
3591,"[1, 2, 3, 71, 139, 397, 398, 399, 145, 339, 106, 365, 368, 178, 316]",15
3592,"[0, 1, 3, 262, 71, 138, 266, 397, 398, 399, 80, 222, 106, 236, 365, 245]",16
3593,"[1, 2, 3, 71, 329, 395, 397, 398, 399, 222, 106, 368, 178, 250]",14
3594,"[1, 2, 3, 71, 139, 397, 398, 399, 145, 222, 106, 365, 368, 178, 316]",15
3595,"[0, 1, 3, 71, 138, 74, 397, 398, 399, 214, 222, 106, 236]",13
3596,"[0, 1, 2, 3, 71, 138, 267, 397, 398, 399, 346, 222, 106, 299, 236, 365]",16
3597,"[0, 1, 2, 3, 71, 8, 140, 397, 398, 399, 222, 106, 109, 365, 368, 178, 316]",17
3598,"[0, 1, 2, 262, 266, 138, 397, 398, 399, 80, 346, 222, 106, 299, 365, 245]",16
3599,"[0, 1, 3, 71, 138, 397, 398, 399, 80, 219, 222, 106, 236, 365]",14
3600,"[0, 1, 2, 3, 259, 266, 397, 398, 399, 283, 37, 303, 196, 71, 222, 106, 236, 373, 118, 121]",20
3601,"[0, 1, 2, 3, 259, 71, 397, 206, 399, 398, 222, 169, 106, 303, 368, 178, 118, 121]",18
3602,"[1, 2, 3, 71, 329, 397, 398, 399, 339, 170, 106, 236, 368, 184]",14
3603,"[64, 1, 2, 3, 71, 397, 398, 399, 339, 33, 106, 237, 240, 52, 376]",15
3604,"[1, 2, 3, 71, 329, 397, 398, 399, 339, 106, 178, 370, 179, 190]",14
3605,"[0, 1, 2, 71, 266, 397, 398, 399, 339, 88, 106, 368, 370, 178, 190]",15
3606,"[0, 1, 2, 71, 397, 206, 399, 398, 222, 360, 169, 106, 365, 368, 178]",15
3607,"[0, 1, 3, 262, 71, 138, 266, 397, 398, 399, 80, 222, 106, 236, 365, 245]",16
3608,"[1, 2, 71, 397, 398, 399, 339, 106, 178, 370, 190]",11
3609,"[1, 2, 3, 193, 397, 398, 399, 215, 346, 222, 161, 299, 303, 249]",14
3610,"[0, 1, 2, 3, 397, 398, 399, 159, 163, 106, 365, 112, 370, 373, 245, 123, 190, 319]",18
3611,"[1, 2, 3, 392, 397, 398, 399, 33, 178, 52, 64, 71, 329, 348, 222, 106, 237, 240, 368, 376]",20
3612,"[1, 2, 3, 71, 397, 398, 399, 346, 222, 106, 299, 236]",12
3613,"[0, 1, 2, 7, 71, 397, 398, 207, 399, 339, 106, 365, 368, 178, 370, 185, 316, 190]",18
3614,"[1, 2, 3, 71, 397, 398, 399, 346, 222, 106, 299, 236]",12
3615,"[0, 1, 2, 3, 268, 397, 398, 399, 293, 170, 178, 190, 71, 330, 81, 209, 339, 349, 226, 106, 364, 368, 381]",23
3616,"[0, 1, 2, 3, 329, 397, 398, 399, 81, 339, 226, 101, 104, 106, 43, 365, 368, 178]",18
3617,"[0, 1, 2, 71, 392, 329, 397, 398, 399, 339, 156, 348, 106, 368, 178, 190]",16
3618,"[1, 2, 71, 397, 398, 399, 16, 222, 36, 106, 368, 178]",12
3619,"[0, 1, 3, 71, 137, 74, 397, 398, 399, 222, 230, 106, 236, 176]",14
3620,"[0, 1, 3, 71, 138, 267, 397, 398, 399, 222, 106, 236, 365]",13
3621,"[1, 3, 69, 106, 397, 365, 398, 399, 222]",9
3622,"[1, 2, 3, 71, 139, 397, 398, 399, 145, 222, 106, 365, 368, 178, 316]",15
3623,"[0, 1, 138, 397, 398, 399, 219, 222, 106, 365]",10
3624,"[0, 1, 2, 71, 397, 398, 399, 156, 222, 106, 365, 368, 178, 316]",14
3625,"[0, 1, 3, 198, 71, 329, 266, 397, 398, 399, 222, 106, 236, 109]",14
3626,"[0, 1, 3, 71, 397, 398, 399, 222, 358, 106, 236]",11
3627,"[1, 2, 106, 397, 398, 399, 373, 156, 222]",9
3628,"[0, 1, 2, 3, 71, 138, 267, 397, 398, 399, 346, 222, 106, 299, 236, 365]",16
3629,"[0, 1, 2, 3, 69, 397, 398, 399, 346, 222, 106, 299, 365, 368, 178]",15
3630,"[0, 1, 2, 3, 71, 397, 398, 399, 81, 222, 226, 106, 109, 368, 178]",15
3631,"[0, 1, 3, 71, 138, 397, 398, 399, 219, 222, 106, 236, 365]",13
3632,"[0, 1, 2, 71, 137, 74, 397, 398, 399, 339, 94, 230, 106, 176, 178, 246, 190]",17
3633,"[0, 1, 2, 3, 262, 266, 397, 398, 399, 154, 177, 178, 71, 222, 360, 106, 368, 369, 245]",19
3634,"[1, 3, 71, 106, 236, 397, 398, 399, 222]",9
3635,"[0, 1, 3, 71, 266, 397, 398, 399, 25, 222, 106, 43, 236, 365, 242]",15
3636,"[1, 2, 71, 397, 398, 399, 222, 102, 106, 46, 175, 368, 178, 375]",14
3637,"[0, 1, 2, 3, 256, 71, 397, 398, 399, 156, 222, 165, 358, 106, 236, 52, 373, 184]",18
3638,"[0, 1, 2, 3, 266, 139, 397, 398, 399, 155, 44, 178, 184, 320, 198, 71, 329, 222, 106, 236, 109]",21
3639,"[1, 2, 3, 71, 139, 397, 398, 399, 145, 222, 106, 368, 177, 178, 369]",15
3640,"[0, 1, 2, 3, 259, 268, 397, 398, 399, 293, 303, 178, 71, 330, 81, 209, 222, 226, 106, 368, 118, 121]",22
3641,"[0, 1, 2, 266, 397, 398, 399, 339, 106, 368, 370, 178, 190]",13
3642,"[0, 1, 2, 3, 386, 7, 71, 329, 397, 398, 207, 144, 399, 346, 222, 106, 299, 185]",18
3643,"[0, 1, 2, 3, 7, 71, 397, 398, 207, 399, 346, 222, 106, 299, 236, 185]",16
3644,"[0, 1, 2, 3, 262, 266, 138, 139, 397, 398, 399, 165, 184, 80, 220, 222, 106, 365, 245]",19
3645,"[1, 2, 71, 397, 398, 399, 222, 106, 368, 178]",10
3646,"[1, 2, 3, 71, 139, 397, 398, 399, 145, 339, 106, 365, 368, 178, 316]",15
3647,"[0, 1, 2, 71, 397, 206, 398, 16, 399, 339, 36, 169, 106, 368, 370, 178, 190]",17
3648,"[0, 1, 2, 71, 137, 74, 397, 398, 399, 339, 94, 230, 106, 176, 178, 370, 246, 190]",18
3649,"[1, 2, 3, 259, 71, 392, 329, 397, 398, 399, 348, 222, 106, 303, 368, 178, 118, 121]",18
3650,"[0, 1, 3, 71, 138, 397, 398, 399, 219, 222, 106, 365]",12
3651,"[1, 2, 3, 391, 71, 397, 398, 399, 347, 222, 106, 109, 368, 178]",14
3652,"[1, 2, 3, 329, 395, 397, 398, 399, 222, 106, 368, 178]",12
3653,"[1, 2, 71, 397, 398, 399, 339, 106, 370, 178, 190]",11
3654,"[0, 1, 2, 71, 397, 398, 399, 339, 346, 106, 299, 368, 177, 178, 369, 190]",16
3655,"[0, 1, 2, 3, 71, 266, 397, 398, 399, 25, 346, 222, 106, 43, 236, 299, 365, 242]",18
3656,"[1, 2, 3, 259, 71, 397, 398, 399, 222, 106, 303, 368, 178, 118, 121, 250]",16
3657,"[0, 1, 2, 3, 64, 71, 138, 397, 398, 399, 222, 106, 175, 240, 368, 178, 52, 376]",18
3658,"[0, 1, 2, 138, 397, 398, 399, 219, 156, 222, 106, 365, 373]",13
3659,"[128, 1, 2, 3, 71, 72, 397, 398, 399, 208, 18, 222, 106, 109, 178, 310]",16
3660,"[0, 1, 2, 397, 398, 399, 346, 222, 106, 299, 368, 178]",12
3661,"[1, 2, 3, 71, 329, 395, 397, 398, 399, 222, 106, 368, 178, 250]",14
3662,"[0, 1, 2, 3, 262, 266, 397, 398, 399, 282, 154, 178, 71, 329, 348, 222, 106, 368, 243, 245]",20
3663,"[0, 1, 2, 71, 138, 397, 398, 399, 339, 106, 365, 178, 190]",13
3664,"[0, 1, 2, 3, 262, 138, 266, 139, 397, 398, 399, 299, 71, 80, 346, 222, 106, 236, 365, 245]",20
3665,"[1, 2, 3, 71, 329, 395, 397, 398, 399, 222, 106, 368, 178]",13
3666,"[1, 2, 3, 71, 397, 398, 399, 222, 106, 109, 178]",11
3667,"[0, 1, 2, 3, 262, 392, 266, 139, 397, 398, 399, 145, 282, 291, 299, 178, 71, 329, 330, 346, 348, 222, 101, 106, 368, 243, 245]",27
3668,"[0, 1, 3, 71, 138, 397, 398, 399, 219, 222, 106, 236, 365]",13
3669,"[0, 1, 2, 71, 397, 206, 398, 399, 222, 169, 106, 368, 178]",13
3670,"[0, 1, 2, 3, 198, 71, 329, 397, 398, 399, 80, 346, 222, 106, 299, 236, 368, 178]",18
3671,"[0, 1, 2, 3, 71, 397, 398, 399, 346, 159, 106, 299, 109, 368, 178, 370, 123, 190]",18
3672,"[0, 1, 2, 387, 71, 397, 398, 399, 273, 339, 26, 357, 106, 368, 370, 190]",16
3673,"[0, 1, 2, 397, 206, 398, 399, 222, 169, 106, 368, 178]",12
3674,"[1, 2, 71, 397, 398, 399, 222, 106, 368, 178]",10
3675,"[1, 2, 3, 198, 71, 329, 397, 398, 399, 222, 106, 236, 368, 184]",14
3676,"[0, 1, 2, 3, 262, 138, 266, 139, 397, 398, 399, 151, 178, 314, 320, 329, 74, 80, 222, 106, 365, 245]",22
3677,"[1, 2, 3, 71, 139, 397, 398, 399, 145, 222, 106, 365, 368, 178, 316]",15
3678,"[0, 1, 2, 3, 139, 397, 398, 399, 145, 156, 285, 159, 178, 67, 71, 123, 365, 109, 368, 373, 251]",21
3679,"[0, 1, 2, 3, 397, 398, 399, 299, 178, 316, 71, 344, 346, 222, 106, 365, 368, 242, 377]",19
3680,"[1, 2, 71, 397, 398, 399, 222, 106, 236, 368, 178]",11
3681,"[0, 1, 2, 3, 329, 395, 397, 398, 399, 81, 222, 226, 106, 368, 178]",15
3682,"[0, 1, 3, 7, 71, 329, 397, 398, 207, 399, 222, 106, 44, 236]",14
3683,"[0, 1, 2, 3, 71, 266, 139, 397, 398, 399, 222, 106, 368, 177, 178, 369]",16
3684,"[1, 2, 3, 259, 71, 397, 398, 399, 222, 106, 303, 368, 178, 118, 121]",15
3685,"[0, 1, 3, 198, 71, 329, 397, 398, 399, 222, 106, 236, 44]",13
3686,"[1, 2, 3, 71, 139, 397, 398, 399, 222, 106, 368, 178]",12
3687,"[1, 2, 3, 259, 397, 398, 399, 46, 303, 175, 178, 71, 222, 101, 102, 106, 368, 118, 375, 121]",20
3688,"[1, 2, 71, 397, 398, 399, 344, 222, 106, 365, 368, 178, 316]",13
3689,"[1, 2, 3, 71, 329, 397, 398, 399, 339, 106, 178, 370, 179, 190]",14
3690,"[0, 1, 2, 3, 386, 71, 329, 138, 267, 397, 398, 399, 144, 346, 222, 106, 299, 365]",18
3691,"[1, 2, 3, 71, 397, 398, 399, 106, 109, 370, 178, 190]",12
3692,"[0, 1, 2, 3, 386, 7, 71, 329, 397, 398, 207, 144, 399, 212, 27, 222, 106]",17
3693,"[1, 2, 3, 71, 397, 398, 399, 222, 106, 109, 368, 178]",12
3694,"[0, 1, 2, 3, 138, 397, 398, 399, 40, 303, 178, 179, 71, 329, 331, 87, 219, 365, 376, 380]",20
3695,"[1, 2, 3, 71, 329, 397, 398, 399, 222, 104, 106, 43, 365]",13
3696,"[0, 1, 2, 3, 139, 397, 398, 399, 145, 285, 159, 291, 299, 177, 178, 190, 71, 330, 339, 346, 101, 106, 368, 369, 370, 123]",26
3697,"[0, 1, 2, 392, 137, 397, 398, 399, 176, 178, 190, 71, 329, 74, 339, 348, 230, 106, 368]",19
3698,"[1, 2, 3, 71, 139, 397, 398, 399, 222, 106, 368, 177, 178, 369]",14
3699,"[0, 1, 3, 266, 141, 397, 398, 399, 25, 222, 106, 43, 365, 242]",14
3700,"[0, 1, 2, 3, 256, 397, 398, 399, 156, 165, 44, 52, 184, 71, 329, 222, 358, 106, 236, 373]",20
3701,"[1, 2, 33, 8, 106, 397, 398, 399, 222]",9
3702,"[0, 1, 2, 71, 266, 397, 398, 399, 222, 106, 365, 368, 178, 316]",14
3703,"[0, 1, 198, 329, 106, 397, 398, 399, 222]",9
3704,"[1, 2, 3, 71, 139, 397, 398, 399, 145, 285, 159, 106, 365, 368, 178, 123, 316]",17
3705,"[256, 1, 64, 3, 397, 398, 399, 220, 222, 106, 52]",11
3706,"[0, 1, 2, 392, 137, 397, 398, 399, 176, 178, 190, 71, 329, 74, 339, 348, 230, 106, 368]",19
3707,"[0, 1, 2, 3, 71, 266, 139, 397, 398, 399, 145, 222, 42, 106, 368, 178, 314]",17
3708,"[0, 1, 2, 3, 71, 139, 397, 398, 399, 145, 81, 222, 226, 106, 365, 368, 178, 316]",18
3709,"[1, 2, 3, 71, 397, 398, 399, 222, 106, 109, 365, 368, 178, 316]",14
3710,"[0, 1, 3, 71, 329, 138, 397, 398, 399, 219, 222, 106, 44, 236, 365]",15
3711,"[256, 1, 2, 3, 64, 71, 397, 398, 399, 220, 222, 106, 368, 177, 178, 369, 52]",17
3712,"[0, 1, 3, 262, 138, 266, 139, 397, 398, 399, 44, 71, 329, 80, 222, 106, 236, 365, 245]",19
3713,"[0, 1, 2, 3, 71, 329, 138, 397, 398, 399, 219, 106, 365, 370, 179, 178, 190]",17
3714,"[1, 2, 3, 71, 329, 395, 397, 398, 399, 222, 102, 106, 46, 175, 368, 178, 375]",17
3715,"[0, 1, 2, 3, 138, 266, 139, 397, 398, 399, 29, 286, 178, 181, 310, 314, 190, 71, 74, 79, 80, 208, 339, 362, 106, 365, 124]",27
3716,"[0, 1, 2, 3, 259, 266, 397, 398, 399, 283, 156, 37, 44, 303, 196, 71, 329, 222, 106, 236, 373, 118, 121]",23
3717,"[1, 2, 3, 71, 329, 397, 398, 399, 16, 222, 36, 104, 106, 43, 365, 368, 178]",17
3718,"[0, 1, 2, 3, 384, 386, 262, 5, 266, 397, 14, 399, 398, 149, 321, 323, 70, 71, 222, 106, 245, 379]",22
3719,"[1, 2, 71, 397, 398, 399, 222, 106, 368, 177, 178, 369]",12
3720,"[0, 1, 2, 3, 8, 329, 397, 398, 399, 222, 33, 296, 106]",13
3721,"[0, 1, 2, 3, 71, 266, 397, 398, 399, 222, 106, 109, 178]",13
3722,"[0, 1, 2, 262, 8, 266, 138, 139, 397, 398, 399, 33, 314, 74, 80, 222, 106, 365, 245]",19
3723,"[1, 2, 3, 397, 398, 399, 159, 178, 52, 190, 64, 71, 339, 106, 123, 365, 109, 368, 370, 251]",20
3724,"[1, 2, 3, 71, 328, 397, 398, 399, 339, 106, 109, 368, 178, 190]",14
3725,"[1, 2, 3, 386, 323, 5, 71, 397, 14, 398, 399, 212, 149, 27, 222, 106, 379]",17
3726,"[0, 1, 2, 3, 397, 398, 399, 156, 285, 178, 316, 67, 71, 345, 222, 100, 106, 365, 368, 373]",20
3727,"[0, 1, 2, 3, 67, 71, 329, 397, 398, 399, 156, 159, 178, 179, 373, 123]",16
3728,"[0, 1, 2, 3, 67, 71, 139, 397, 398, 399, 156, 222, 106, 368, 177, 178, 369, 373]",18
3729,"[1, 2, 3, 71, 397, 398, 399, 339, 106, 109, 370, 178, 190]",13
3730,"[0, 1, 2, 3, 71, 397, 206, 398, 399, 345, 285, 222, 169, 106, 365, 368, 178, 316]",18
3731,"[0, 1, 3, 329, 395, 397, 398, 399, 273, 222, 357, 106]",12
3732,"[0, 1, 3, 329, 397, 398, 399, 222, 106, 43, 44, 365]",12
3733,"[1, 2, 3, 71, 397, 398, 399, 222, 106, 109, 178]",11
3734,"[1, 2, 3, 71, 397, 398, 399, 222, 106, 109, 365, 368, 178, 316]",14
3735,"[1, 2, 3, 329, 397, 398, 399, 346, 222, 106, 299]",11
3736,"[0, 1, 2, 3, 329, 138, 397, 398, 399, 346, 219, 222, 106, 299, 44, 365]",16
3737,"[1, 2, 3, 71, 397, 398, 399, 178, 222]",9
3738,"[0, 1, 2, 3, 8, 329, 397, 398, 399, 222, 33, 296, 106, 44]",14
3739,"[0, 1, 2, 3, 71, 266, 397, 398, 399, 222, 106, 365, 368, 178, 316]",15
3740,"[0, 1, 2, 3, 262, 138, 266, 139, 397, 398, 399, 299, 314, 317, 329, 74, 80, 346, 222, 224, 106, 365, 245]",23
3741,"[1, 2, 3, 329, 397, 398, 399, 156, 222, 106, 44, 373]",12
3742,"[0, 1, 2, 7, 71, 397, 398, 207, 399, 339, 159, 106, 370, 178, 185, 123, 190]",17
3743,"[0, 1, 3, 329, 138, 397, 398, 399, 219, 222, 106, 44, 365]",13
3744,"[0, 1, 2, 71, 392, 137, 74, 329, 397, 398, 399, 348, 222, 230, 106, 176, 368, 178]",18
3745,"[1, 2, 71, 397, 398, 399, 339, 106, 365, 109, 368, 370, 178, 251, 190]",15
3746,"[0, 1, 2, 71, 266, 397, 398, 399, 222, 106, 365, 368, 178, 316]",14
3747,"[0, 1, 2, 71, 329, 397, 398, 399, 273, 150, 222, 357, 106, 236, 368, 184]",16
3748,"[0, 1, 2, 3, 262, 138, 266, 139, 397, 398, 399, 299, 186, 329, 331, 80, 346, 222, 106, 365, 245]",21
3749,"[0, 1, 3, 259, 329, 397, 398, 399, 222, 106, 44, 303, 118]",13
3750,"[0, 1, 2, 71, 137, 74, 397, 398, 399, 339, 94, 230, 106, 176, 178, 246, 190]",17
3751,"[1, 2, 3, 71, 329, 397, 398, 399, 222, 104, 106]",11
3752,"[0, 1, 2, 3, 71, 138, 331, 397, 398, 399, 87, 219, 365, 303, 178, 376, 380]",17
3753,"[0, 1, 2, 3, 128, 67, 71, 397, 398, 399, 156, 222, 106, 365, 368, 178, 373, 316]",18
3754,"[1, 2, 3, 71, 397, 398, 399, 337, 222, 32, 106, 109, 178]",13
3755,"[0, 1, 2, 3, 128, 392, 397, 398, 399, 156, 178, 190, 67, 71, 329, 339, 348, 106, 368, 373]",20
3756,"[0, 1, 2, 3, 329, 138, 331, 397, 398, 399, 346, 219, 222, 106, 299, 44, 365, 376]",18
3757,"[1, 2, 3, 69, 71, 397, 398, 399, 222, 106, 365, 109, 368, 178, 251]",15
3758,"[0, 1, 3, 71, 138, 397, 398, 399, 219, 222, 106, 365, 368]",13
3759,"[0, 1, 2, 3, 329, 76, 397, 398, 399, 86, 346, 222, 296, 106, 299, 44, 236]",17
3760,"[0, 1, 2, 3, 329, 397, 398, 399, 80, 346, 222, 106, 299, 44]",14
3761,"[0, 1, 2, 397, 398, 399, 159, 299, 178, 190, 71, 339, 346, 106, 123, 365, 109, 368, 370, 251]",20
3762,"[0, 1, 2, 3, 138, 397, 398, 399, 156, 317, 329, 331, 219, 222, 224, 106, 236, 365, 373, 376]",20
3763,"[0, 1, 3, 329, 395, 397, 398, 399, 273, 150, 222, 357, 106]",13
3764,"[0, 1, 3, 329, 138, 267, 397, 398, 399, 222, 106, 44, 365]",13
3765,"[0, 1, 2, 67, 71, 397, 398, 399, 156, 159, 178, 373, 123]",13
3766,"[320, 1, 2, 3, 329, 139, 397, 398, 399, 222, 106, 44, 236, 178]",14
3767,"[0, 1, 2, 71, 138, 397, 398, 399, 219, 106, 365, 370, 178, 190]",14
3768,"[0, 1, 2, 71, 139, 397, 398, 399, 81, 222, 226, 106, 368, 178]",14
3769,"[0, 1, 386, 3, 323, 5, 71, 266, 397, 14, 398, 399, 149, 25, 222, 106, 368, 379]",18
3770,"[0, 1, 2, 3, 71, 266, 397, 398, 399, 349, 285, 222, 106, 42, 236, 178, 314]",17
3771,"[0, 1, 2, 3, 64, 71, 397, 398, 399, 150, 222, 357, 106, 52]",14
3772,"[1, 2, 3, 71, 329, 397, 398, 207, 399, 222, 106, 236, 368, 184]",14
3773,"[0, 1, 2, 3, 71, 328, 397, 398, 399, 337, 339, 159, 32, 106, 109, 178, 190]",17
3774,"[0, 1, 2, 3, 329, 76, 397, 398, 399, 86, 156, 222, 296, 106, 373]",15
3775,"[0, 1, 3, 262, 329, 266, 138, 139, 397, 398, 399, 80, 222, 106, 44, 365, 236, 245]",18
3776,"[0, 1, 2, 3, 386, 5, 7, 397, 14, 398, 399, 149, 299, 185, 323, 71, 207, 80, 346, 222, 106, 368, 379]",23
3777,"[0, 1, 2, 71, 266, 397, 398, 399, 222, 106, 365, 368, 178, 316]",14
3778,"[0, 1, 2, 3, 395, 397, 398, 399, 156, 159, 300, 317, 190, 329, 224, 106, 365, 370, 373, 245, 123]",21
3779,"[1, 2, 3, 329, 397, 398, 399, 156, 222, 106, 44, 236, 373]",13
3780,"[0, 1, 2, 3, 259, 266, 397, 398, 399, 283, 156, 37, 44, 303, 196, 329, 222, 224, 106, 236, 373, 118, 121]",23
3781,"[0, 1, 2, 3, 71, 266, 397, 398, 399, 222, 106, 109, 178]",13
3782,"[1, 2, 71, 397, 398, 399, 222, 102, 106, 46, 175, 368, 178, 375]",14
3783,"[0, 1, 3, 397, 398, 399, 222, 224, 106, 43, 365, 317]",12
3784,"[0, 1, 2, 3, 71, 139, 397, 398, 399, 81, 222, 106, 236, 368, 178]",15
3785,"[1, 2, 3, 71, 397, 398, 399, 339, 106, 365, 178, 181, 190]",13
3786,"[0, 1, 3, 329, 397, 398, 399, 222, 106, 44, 236, 115, 381]",13
3787,"[0, 1, 2, 71, 139, 397, 398, 399, 81, 339, 226, 106, 368, 178, 190]",15
3788,"[0, 1, 3, 196, 329, 266, 397, 398, 399, 283, 222, 224, 37, 106, 43, 44, 365]",17
3789,"[0, 1, 2, 7, 71, 397, 398, 399, 80, 339, 106, 365, 368, 178, 370, 185, 316, 190]",18
3790,"[0, 1, 2, 3, 397, 398, 399, 285, 296, 178, 316, 71, 76, 86, 349, 222, 106, 236, 365, 368]",20
3791,"[1, 2, 3, 71, 139, 397, 398, 399, 222, 106, 368, 178]",12
3792,"[1, 2, 71, 397, 398, 399, 344, 222, 106, 365, 368, 178, 316]",13
3793,"[0, 1, 2, 3, 71, 397, 398, 399, 339, 159, 106, 365, 178, 181, 190]",15
3794,"[1, 2, 71, 397, 398, 399, 222, 106, 368, 178, 250]",11
3795,"[1, 2, 3, 71, 397, 398, 399, 106, 109, 370, 178, 190]",12
3796,"[1, 2, 3, 71, 397, 398, 399, 349, 285, 222, 106, 236, 365, 368, 178, 316]",16
3797,"[1, 2, 3, 71, 397, 398, 399, 222, 106, 109, 368, 178]",12
3798,"[0, 1, 2, 71, 8, 397, 398, 399, 222, 106, 236, 365, 368, 178, 316]",15
3799,"[0, 1, 2, 3, 259, 71, 138, 397, 398, 399, 339, 222, 106, 300, 236, 365, 178]",17
3800,"[1, 2, 3, 71, 139, 397, 398, 399, 339, 222, 106, 368, 177, 178, 369]",15
3801,"[1, 2, 71, 397, 398, 399, 339, 106, 370, 178, 190]",11
3802,"[0, 1, 2, 71, 397, 398, 399, 273, 339, 150, 357, 106, 368, 370, 190]",15
3803,"[192, 1, 2, 3, 329, 397, 398, 399, 88, 222, 224, 289, 169, 106, 236, 54, 317]",17
3804,"[1, 2, 3, 71, 397, 398, 399, 222, 106, 236, 112, 368, 178]",13
3805,"[0, 1, 2, 3, 397, 398, 399, 212, 27, 222, 224, 106, 45, 381, 115, 372, 317]",17
3806,"[1, 2, 3, 71, 397, 398, 399, 222, 102, 106, 236, 46, 175, 112, 368, 178]",16
3807,"[0, 1, 3, 329, 138, 331, 397, 398, 399, 219, 222, 106, 44, 365, 376]",15
3808,"[0, 1, 2, 3, 262, 266, 138, 139, 397, 398, 399, 299, 44, 186, 329, 201, 331, 80, 346, 222, 229, 106, 236, 365, 245]",25
3809,"[0, 1, 2, 3, 71, 397, 398, 399, 222, 159, 106, 109, 178]",13
3810,"[192, 1, 2, 3, 329, 397, 398, 399, 88, 222, 289, 169, 106, 54]",14
3811,"[1, 2, 3, 71, 397, 398, 399, 339, 106, 109, 178, 370, 190]",13
3812,"[1, 2, 3, 71, 139, 397, 398, 399, 344, 222, 106, 236, 368, 177, 178, 369]",16
3813,"[0, 1, 2, 262, 266, 139, 397, 398, 399, 178, 186, 320, 329, 331, 80, 222, 106, 365, 245]",19
3814,"[0, 1, 2, 3, 259, 71, 266, 397, 398, 399, 339, 106, 300, 368, 370, 178, 190]",17
3815,"[0, 1, 2, 3, 397, 398, 399, 156, 159, 44, 178, 71, 329, 222, 358, 106, 236, 368, 373]",19
3816,"[192, 1, 2, 3, 71, 329, 397, 398, 399, 222, 289, 169, 106, 236, 44, 368]",16
3817,"[0, 1, 2, 3, 266, 139, 397, 398, 399, 283, 156, 37, 177, 178, 60, 196, 71, 222, 106, 236, 368, 369]",22
3818,"[0, 1, 2, 3, 386, 5, 397, 398, 399, 144, 149, 27, 159, 323, 71, 329, 336, 80, 212, 222, 106]",21
3819,"[0, 1, 2, 3, 139, 397, 398, 399, 145, 285, 159, 42, 299, 177, 178, 190, 193, 71, 82, 339, 346, 349, 106, 368, 369, 370, 123]",27
3820,"[0, 1, 2, 3, 266, 397, 398, 399, 283, 37, 43, 44, 299, 196, 71, 201, 329, 346, 222, 229, 106, 236, 365, 368]",24
3821,"[0, 1, 2, 262, 201, 266, 139, 397, 398, 399, 80, 346, 222, 229, 106, 299, 365, 245]",18
3822,"[1, 2, 3, 71, 139, 397, 398, 399, 145, 349, 285, 159, 365, 109, 251, 368, 178, 123]",18
3823,"[0, 1, 2, 262, 266, 139, 397, 398, 399, 28, 158, 289, 169, 178, 54, 192, 80, 88, 222, 106, 236, 365, 245, 251]",24
3824,"[0, 1, 2, 3, 386, 397, 398, 399, 144, 27, 170, 45, 71, 329, 212, 222, 106, 115, 372, 381]",20
3825,"[1, 2, 3, 71, 397, 398, 399, 222, 106, 368, 178]",11
3826,"[0, 1, 2, 3, 261, 71, 266, 397, 398, 399, 222, 106, 236, 368, 177, 178, 369]",17
3827,"[0, 1, 2, 3, 138, 397, 398, 399, 27, 314, 71, 331, 212, 219, 222, 106, 236, 365, 376, 252]",20
3828,"[0, 1, 262, 266, 139, 397, 398, 399, 80, 222, 106, 365, 245]",13
3829,"[1, 2, 71, 397, 398, 399, 222, 106, 368, 178, 250]",11
3830,"[0, 1, 2, 3, 266, 139, 397, 398, 399, 145, 178, 51, 316, 71, 335, 81, 222, 226, 106, 236, 365, 368]",22
3831,"[0, 1, 2, 3, 137, 267, 397, 398, 399, 283, 176, 178, 190, 71, 74, 339, 94, 230, 106, 370, 246]",21
3832,"[1, 2, 3, 71, 139, 397, 398, 399, 145, 345, 285, 222, 106, 236, 365, 368, 178, 316]",18
3833,"[0, 1, 2, 71, 397, 398, 399, 346, 222, 106, 299, 368, 178]",13
3834,"[1, 2, 3, 71, 201, 397, 398, 399, 279, 222, 106, 109, 365, 368, 178, 316]",16
3835,"[0, 1, 2, 3, 71, 266, 397, 398, 399, 222, 106, 236, 365, 368, 369, 178, 316]",17
3836,"[0, 1, 2, 3, 261, 262, 266, 397, 398, 399, 282, 154, 178, 71, 329, 348, 222, 106, 236, 368, 243, 245]",22
3837,"[0, 1, 3, 397, 398, 399, 222, 106, 170, 368, 115, 61, 381]",13
3838,"[0, 1, 2, 3, 266, 139, 397, 398, 399, 80, 212, 27, 222, 106, 365, 368, 61]",17
3839,"[0, 1, 2, 3, 257, 201, 397, 398, 399, 25, 346, 222, 229, 106, 299, 368, 61]",17
3840,"[0, 1, 3, 138, 397, 398, 399, 219, 222, 106, 365, 368, 314, 252, 61]",15
3841,"[1, 2, 3, 261, 71, 397, 398, 399, 222, 106, 368, 177, 178, 369]",14
3842,"[0, 1, 2, 3, 266, 139, 397, 398, 399, 29, 178, 181, 310, 190, 71, 333, 79, 80, 339, 362, 106, 365, 370, 124]",24
3843,"[0, 1, 2, 3, 384, 139, 397, 398, 399, 145, 159, 296, 178, 316, 71, 77, 222, 106, 236, 365, 368]",21
3844,"[0, 1, 2, 71, 392, 137, 74, 329, 397, 398, 399, 348, 222, 230, 106, 176, 368, 178]",18
3845,"[1, 2, 3, 261, 71, 394, 397, 398, 399, 222, 106, 236, 368, 178]",14
3846,"[0, 1, 2, 3, 133, 392, 137, 11, 397, 398, 399, 176, 178, 71, 329, 74, 339, 348, 222, 230, 106, 236, 368]",23
3847,"[0, 1, 2, 3, 138, 267, 397, 398, 399, 144, 299, 329, 201, 346, 222, 229, 106, 236, 365, 368]",20
3848,"[1, 2, 3, 198, 71, 329, 397, 398, 399, 222, 102, 106, 236, 368, 178]",15
3849,"[1, 3, 261, 106, 236, 397, 398, 399, 222]",9
3850,"[1, 2, 3, 194, 329, 395, 397, 398, 399, 222, 106, 235, 236, 180]",14
3851,"[0, 1, 2, 3, 71, 201, 139, 397, 398, 399, 81, 279, 222, 226, 106, 109, 368, 178]",18
3852,"[0, 1, 2, 3, 137, 397, 398, 399, 176, 178, 71, 74, 206, 339, 94, 222, 230, 106, 368, 246]",20
3853,"[0, 1, 3, 259, 397, 398, 399, 222, 106, 303, 368, 118, 61]",13
3854,"[1, 2, 71, 397, 398, 399, 222, 106, 368, 178]",10
3855,"[1, 2, 71, 397, 398, 399, 16, 222, 36, 106, 236, 368, 178]",13
3856,"[1, 2, 3, 397, 398, 399, 159, 33, 178, 190, 71, 339, 346, 106, 364, 365, 109, 237, 368, 241, 370, 251, 123]",23
3857,"[0, 1, 2, 3, 321, 71, 397, 398, 399, 86, 222, 106, 43, 365, 368, 61]",16
3858,"[0, 1, 2, 3, 397, 398, 399, 159, 299, 178, 316, 190, 71, 330, 101, 106, 109, 365, 368, 370, 123]",21
3859,"[0, 1, 2, 3, 138, 267, 397, 398, 399, 299, 61, 71, 201, 346, 222, 229, 106, 365, 368]",19
3860,"[0, 1, 2, 3, 198, 71, 329, 397, 398, 399, 346, 222, 106, 299, 236, 368, 178]",17
3861,"[0, 1, 256, 3, 139, 397, 398, 399, 81, 222, 226, 106, 238]",13
3862,"[1, 2, 3, 71, 201, 397, 398, 399, 279, 222, 106, 109, 368, 178]",14
3863,"[0, 1, 2, 3, 259, 384, 397, 398, 399, 159, 33, 296, 177, 178, 71, 77, 334, 87, 222, 106, 236, 237, 368, 241, 369]",25
3864,"[0, 1, 2, 3, 397, 398, 399, 27, 159, 45, 61, 71, 80, 336, 212, 222, 106, 368, 372]",19
3865,"[1, 2, 3, 71, 397, 398, 399, 222, 33, 106, 364, 237, 236, 368, 178]",15
3866,"[1, 2, 194, 71, 397, 398, 399, 222, 106, 235, 368, 178, 180]",13
3867,"[1, 2, 3, 71, 139, 397, 398, 399, 145, 222, 106, 236, 368, 177, 178, 369]",16
3868,"[0, 1, 2, 71, 329, 397, 398, 399, 273, 150, 222, 357, 106, 236, 368, 184]",16
3869,"[1, 2, 71, 397, 398, 399, 222, 106, 236, 368, 178]",11
3870,"[0, 1, 2, 3, 71, 139, 397, 398, 399, 81, 222, 226, 106, 43, 365, 368, 178]",17
3871,"[0, 1, 2, 3, 262, 266, 139, 397, 398, 399, 299, 184, 201, 329, 80, 346, 222, 229, 106, 236, 365, 245]",22
3872,"[0, 1, 2, 3, 384, 71, 201, 397, 398, 399, 334, 279, 222, 159, 106, 109, 368, 178]",18
3873,"[1, 2, 71, 392, 329, 397, 398, 399, 348, 222, 106, 236, 368, 178]",14
3874,"[1, 2, 3, 71, 397, 398, 399, 222, 106, 236, 365, 368, 369, 178, 374, 316]",16
3875,"[1, 2, 3, 198, 71, 329, 397, 398, 399, 222, 106, 236, 368, 184]",14
3876,"[0, 1, 2, 3, 397, 398, 399, 16, 159, 36, 169, 178, 190, 69, 71, 206, 339, 106, 365, 368, 370, 123]",22
3877,"[1, 3, 259, 397, 398, 399, 87, 222, 33, 106, 364, 237, 241]",13
3878,"[1, 2, 3, 71, 397, 398, 399, 16, 222, 36, 106, 43, 236, 365, 368, 178]",16
3879,"[1, 2, 3, 71, 392, 329, 397, 398, 399, 348, 222, 106, 364, 236, 368, 178]",16
3880,"[0, 1, 2, 3, 7, 267, 397, 398, 399, 21, 152, 178, 185, 190, 66, 71, 329, 80, 339, 106, 365, 370]",22
3881,"[0, 1, 2, 3, 201, 331, 397, 398, 399, 151, 346, 222, 229, 106, 299, 314]",16
3882,"[0, 1, 138, 397, 398, 399, 219, 222, 106, 365, 314, 252]",12
3883,"[0, 1, 2, 3, 137, 266, 397, 398, 399, 165, 176, 315, 61, 74, 222, 230, 106, 368, 381]",19
3884,"[0, 1, 3, 199, 138, 397, 398, 399, 219, 222, 106, 365, 368, 309, 314, 252, 61]",17
3885,"[1, 2, 3, 71, 397, 206, 398, 399, 339, 106, 365, 368, 370, 178, 316, 190]",16
3886,"[0, 1, 2, 3, 266, 397, 398, 399, 165, 178, 316, 71, 220, 222, 106, 236, 365, 368, 369, 374]",20
3887,"[1, 2, 3, 199, 397, 398, 399, 212, 27, 222, 106, 45, 368, 372, 309, 61]",16
3888,"[128, 1, 2, 3, 397, 398, 399, 18, 152, 178, 310, 190, 66, 71, 72, 329, 339, 106, 365, 370]",20
3889,"[1, 2, 3, 71, 397, 398, 399, 222, 106, 236, 368, 369, 178, 374]",14
3890,"[0, 1, 2, 3, 262, 392, 266, 139, 397, 398, 399, 145, 282, 299, 178, 71, 329, 346, 348, 222, 106, 368, 243, 245]",24
3891,"[1, 2, 3, 71, 397, 398, 399, 344, 222, 106, 236, 365, 368, 369, 178, 374, 316]",17
3892,"[0, 1, 2, 3, 137, 397, 398, 399, 152, 176, 178, 66, 71, 329, 74, 339, 222, 94, 230, 106, 365, 246]",22
3893,"[0, 1, 2, 3, 71, 139, 397, 398, 399, 145, 156, 222, 106, 236, 365, 368, 178, 316]",18
3894,"[0, 1, 2, 3, 397, 398, 399, 276, 156, 159, 178, 52, 309, 61, 319, 199, 222, 358, 106, 368, 373]",21
3895,"[1, 2, 3, 69, 71, 397, 398, 399, 222, 106, 236, 365, 368, 178]",14
3896,"[1, 2, 3, 71, 139, 397, 398, 399, 145, 159, 106, 365, 368, 178, 123, 316]",16
3897,"[1, 2, 201, 397, 398, 399, 346, 222, 229, 106, 299]",11
3898,"[0, 1, 2, 3, 397, 398, 399, 27, 159, 45, 178, 309, 61, 319, 199, 212, 222, 358, 106, 368, 372]",21
3899,"[0, 1, 2, 3, 71, 8, 201, 397, 398, 399, 279, 222, 106, 109, 365, 368, 178, 316]",18
3900,"[0, 1, 2, 3, 133, 392, 137, 11, 397, 398, 399, 176, 178, 71, 329, 74, 339, 348, 222, 230, 106, 236, 368]",23
3901,"[0, 1, 2, 3, 266, 397, 398, 399, 165, 178, 190, 71, 339, 220, 106, 368, 369, 370, 374]",19
3902,"[0, 1, 2, 3, 266, 267, 397, 398, 399, 154, 283, 156, 37, 165, 177, 178, 60, 196, 69, 71, 73, 222, 106, 236, 365, 368, 369, 373]",28
3903,"[0, 1, 2, 3, 267, 139, 397, 398, 399, 145, 156, 165, 178, 316, 71, 73, 222, 106, 236, 365, 368, 373]",22
3904,"[1, 2, 3, 71, 397, 398, 399, 222, 106, 43, 236, 365]",12
3905,"[0, 1, 2, 3, 329, 138, 397, 398, 399, 27, 156, 219, 222, 106, 365, 373, 184, 252]",18
3906,"[0, 1, 2, 3, 262, 392, 266, 139, 397, 398, 399, 145, 282, 299, 178, 71, 329, 346, 348, 222, 106, 368, 243, 245]",24
3907,"[1, 2, 3, 71, 397, 398, 399, 222, 106, 236, 365, 368, 369, 178, 374, 316]",16
3908,"[0, 1, 2, 3, 71, 397, 398, 399, 81, 222, 226, 106, 43, 365, 368, 178]",16
3909,"[1, 2, 106, 397, 398, 399, 373, 156, 222]",9
3910,"[0, 1, 2, 3, 71, 137, 74, 397, 206, 399, 398, 339, 94, 222, 106, 368, 178, 246]",18
3911,"[1, 2, 3, 71, 201, 397, 398, 399, 279, 222, 106, 109, 365, 368, 178, 316]",16
3912,"[0, 1, 3, 262, 266, 138, 139, 397, 398, 399, 309, 314, 61, 199, 74, 80, 222, 106, 365, 368, 245]",21
3913,"[1, 2, 3, 71, 139, 397, 398, 399, 145, 222, 106, 236, 365, 368, 178, 316]",16
3914,"[0, 1, 2, 3, 321, 397, 398, 399, 86, 222, 106, 43, 365, 368, 61]",15
3915,"[1, 2, 3, 71, 397, 398, 399, 16, 222, 36, 106, 43, 236, 365, 368, 178]",16
3916,"[1, 2, 3, 397, 398, 399, 28, 158, 289, 169, 178, 54, 184, 192, 329, 88, 222, 106, 236]",19
3917,"[0, 1, 2, 3, 71, 266, 397, 206, 398, 399, 344, 220, 222, 165, 365, 368, 178, 316]",18
3918,"[0, 1, 2, 3, 329, 138, 201, 397, 398, 399, 22, 346, 222, 229, 106, 299, 236, 365]",18
3919,"[0, 1, 3, 71, 138, 397, 398, 399, 219, 222, 106, 365]",12
3920,"[0, 1, 3, 196, 266, 397, 398, 399, 283, 222, 37, 106, 43, 365, 368, 242, 51, 61]",18
3921,"[0, 1, 2, 3, 201, 331, 397, 398, 399, 151, 346, 222, 229, 106, 299, 314]",16
3922,"[0, 1, 2, 3, 266, 397, 398, 399, 165, 178, 316, 71, 220, 222, 106, 236, 365, 368, 369, 374]",20
3923,"[1, 2, 3, 198, 71, 329, 397, 398, 399, 222, 102, 106, 236, 46, 175, 368, 178]",17
3924,"[0, 1, 2, 3, 137, 397, 398, 399, 152, 178, 66, 71, 329, 74, 339, 94, 222, 106, 365, 246]",20
3925,"[0, 1, 3, 259, 199, 74, 397, 398, 399, 222, 228, 106, 303, 368, 309, 118, 61]",17
3926,"[0, 1, 2, 3, 138, 267, 397, 398, 399, 21, 152, 178, 190, 66, 71, 329, 219, 106, 365, 370]",20
3927,"[1, 2, 71, 329, 397, 398, 399, 348, 222, 106, 236, 368, 184, 61]",14
3928,"[0, 1, 2, 3, 262, 392, 266, 397, 398, 399, 154, 282, 178, 69, 71, 329, 348, 222, 106, 365, 368, 243, 245]",23
3929,"[1, 2, 3, 71, 333, 397, 79, 398, 399, 339, 159, 106, 365, 370, 178, 123, 190]",17
3930,"[0, 1, 2, 71, 397, 398, 399, 81, 339, 222, 226, 106, 368, 178]",14
3931,"[0, 1, 2, 3, 198, 71, 329, 397, 398, 399, 346, 222, 106, 299, 236, 368, 178]",17
3932,"[1, 2, 3, 69, 71, 397, 398, 399, 222, 106, 365, 368, 177, 178, 369]",15
3933,"[0, 1, 2, 3, 329, 397, 398, 399, 222, 106, 45, 115, 372, 184, 381]",15
3934,"[0, 1, 2, 3, 321, 70, 71, 329, 266, 75, 397, 398, 399, 22, 222, 106]",16
3935,"[0, 1, 2, 3, 262, 138, 266, 139, 397, 398, 399, 151, 299, 314, 201, 74, 80, 346, 222, 229, 106, 365, 245]",23
3936,"[0, 1, 256, 3, 397, 398, 399, 150, 222, 357, 106, 238]",12
3937,"[1, 3, 69, 106, 365, 398, 399, 397, 222]",9
3938,"[0, 1, 2, 3, 69, 71, 397, 398, 399, 339, 346, 222, 106, 299, 365, 368, 178]",17
3939,"[1, 2, 3, 391, 71, 139, 397, 398, 399, 145, 222, 100, 106, 365, 368, 178, 316]",17
3940,"[0, 1, 2, 3, 133, 392, 11, 397, 398, 399, 178, 71, 329, 74, 339, 348, 222, 106, 368]",19
3941,"[0, 1, 2, 3, 137, 397, 398, 399, 178, 190, 71, 74, 206, 339, 94, 106, 368, 370, 246]",19
3942,"[0, 1, 2, 3, 266, 267, 397, 398, 399, 279, 165, 178, 71, 201, 220, 222, 106, 109, 246]",19
3943,"[0, 1, 2, 3, 139, 397, 398, 399, 277, 43, 51, 184, 314, 329, 218, 220, 222, 106, 365, 242]",20
3944,"[0, 1, 2, 3, 71, 201, 397, 398, 399, 81, 279, 222, 226, 106, 109, 368, 178]",17
3945,"[0, 1, 2, 3, 397, 398, 399, 156, 159, 178, 309, 61, 319, 199, 222, 358, 106, 368, 373]",19
3946,"[0, 1, 2, 3, 66, 71, 329, 138, 397, 398, 399, 214, 152, 219, 365, 178, 380]",17
3947,"[1, 2, 3, 71, 139, 397, 206, 399, 398, 145, 222, 360, 106, 365, 368, 178]",16
3948,"[0, 1, 2, 3, 71, 138, 397, 398, 399, 339, 222, 106, 365, 369, 178, 374]",16
3949,"[256, 1, 2, 3, 397, 398, 399, 222, 106, 238, 368, 59]",12
3950,"[0, 1, 2, 3, 397, 398, 399, 156, 178, 308, 316, 71, 73, 207, 222, 356, 106, 365, 368, 373, 245]",21
3951,"[1, 2, 3, 71, 139, 397, 398, 399, 145, 222, 106, 365, 368, 178, 316]",15
3952,"[1, 2, 3, 397, 398, 399, 159, 33, 178, 190, 71, 329, 339, 348, 106, 365, 237, 109, 368, 251, 370, 123]",22
3953,"[1, 2, 3, 133, 11, 397, 398, 399, 159, 178, 190, 71, 329, 339, 348, 106, 365, 109, 251, 368, 370, 123]",22
3954,"[0, 1, 2, 3, 257, 201, 397, 398, 399, 25, 222, 229, 298, 106, 368, 61, 127]",17
3955,"[1, 2, 139, 11, 397, 398, 399, 284, 222, 106]",10
3956,"[0, 1, 2, 3, 262, 138, 266, 139, 397, 398, 399, 298, 184, 201, 329, 80, 222, 229, 106, 365, 245, 127]",22
3957,"[1, 2, 71, 397, 398, 399, 222, 102, 106, 368, 178]",11
3958,"[1, 2, 3, 71, 333, 397, 79, 399, 398, 339, 83, 106, 365, 370, 178, 125, 190]",17
3959,"[1, 2, 3, 71, 397, 398, 399, 222, 106, 368, 369, 178, 374]",13
3960,"[0, 1, 2, 3, 7, 397, 398, 399, 152, 178, 185, 190, 66, 71, 329, 207, 80, 339, 106, 365, 370]",21
3961,"[1, 2, 3, 69, 71, 397, 398, 399, 222, 106, 365, 368, 178, 59]",14
3962,"[1, 2, 3, 199, 139, 397, 398, 399, 222, 355, 106, 238, 368, 309, 61, 62]",16
3963,"[1, 2, 3, 259, 329, 397, 398, 399, 87, 222, 33, 106, 237, 241]",14
3964,"[1, 2, 3, 71, 397, 398, 399, 222, 106, 365, 368, 178, 316]",13
3965,"[256, 1, 2, 3, 386, 64, 71, 199, 329, 397, 398, 399, 144, 222, 106, 238, 368, 117]",18
3966,"[0, 1, 3, 259, 199, 397, 398, 399, 222, 106, 303, 368, 309, 118, 61]",15
3967,"[0, 1, 2, 3, 256, 71, 397, 398, 399, 81, 222, 226, 166, 106, 238, 368, 375]",17
3968,"[0, 1, 2, 71, 397, 206, 398, 399, 222, 166, 169, 106, 368, 178, 117, 375]",16
3969,"[1, 2, 3, 391, 71, 397, 398, 399, 222, 100, 106, 109, 365, 368, 178, 316]",16
3970,"[1, 2, 3, 259, 71, 397, 398, 399, 87, 222, 33, 106, 237, 303, 241]",15
3971,"[0, 1, 2, 71, 74, 397, 398, 399, 339, 222, 106, 368, 178]",13
3972,"[0, 1, 2, 3, 259, 266, 139, 397, 398, 399, 145, 178, 51, 316, 71, 335, 81, 344, 222, 226, 106, 365, 368]",23
3973,"[1, 2, 3, 71, 397, 206, 398, 399, 339, 106, 365, 368, 178, 370, 316, 190]",16
3974,"[0, 1, 2, 3, 391, 397, 398, 399, 279, 159, 178, 316, 71, 201, 339, 222, 100, 106, 109, 365, 368]",21
3975,"[0, 1, 2, 3, 138, 266, 139, 397, 398, 399, 178, 190, 71, 333, 79, 80, 339, 106, 365, 370]",20
3976,"[0, 1, 2, 3, 259, 397, 398, 399, 159, 33, 303, 178, 71, 206, 87, 222, 360, 106, 365, 237, 109, 368, 241, 251]",24
3977,"[0, 1, 2, 3, 71, 266, 397, 398, 399, 220, 222, 165, 106, 368, 369, 178, 374]",17
3978,"[1, 2, 3, 69, 71, 397, 398, 399, 222, 106, 365, 109, 368, 178, 251]",15
3979,"[0, 1, 2, 71, 137, 74, 397, 398, 399, 222, 230, 106, 176, 368, 178]",15
3980,"[0, 1, 2, 71, 397, 398, 399, 346, 222, 166, 102, 106, 299, 368, 178, 117, 375]",17
3981,"[1, 2, 3, 259, 71, 397, 398, 399, 222, 33, 106, 237, 303, 368, 241, 178]",16
3982,"[0, 1, 2, 3, 266, 397, 398, 399, 170, 309, 61, 199, 222, 106, 368, 115, 374, 119, 381]",19
3983,"[1, 2, 259, 3, 139, 397, 398, 399, 145, 177, 178, 71, 206, 222, 360, 106, 368, 369, 374]",19
3984,"[1, 2, 259, 3, 71, 397, 398, 399, 87, 222, 33, 106, 237, 303, 368, 241, 178]",17
3985,"[1, 2, 3, 71, 267, 397, 398, 399, 339, 21, 152, 106, 365, 370, 178, 316, 190]",17
3986,"[0, 1, 397, 398, 399, 273, 339, 357, 106, 370, 190]",11
3987,"[0, 1, 2, 3, 256, 262, 71, 266, 397, 398, 399, 16, 84, 222, 36, 106, 238, 178]",18
3988,"[1, 2, 3, 71, 201, 397, 398, 399, 279, 222, 106, 109, 365, 368, 178, 316]",16
3989,"[0, 1, 2, 3, 138, 397, 398, 399, 279, 156, 178, 308, 71, 339, 222, 106, 368, 242, 373, 245, 377]",21
3990,"[1, 2, 133, 71, 397, 398, 399, 222, 106, 368, 178]",11
3991,"[0, 1, 2, 329, 397, 398, 399, 273, 222, 357, 106, 184]",12
3992,"[1, 2, 3, 71, 201, 397, 398, 399, 279, 222, 106, 109, 368, 177, 178, 369, 374]",17
3993,"[1, 2, 3, 69, 71, 397, 398, 399, 222, 106, 236, 365, 368]",13
3994,"[0, 1, 2, 3, 69, 71, 139, 397, 398, 399, 81, 222, 226, 106, 365, 368, 178]",17
3995,"[0, 1, 2, 194, 71, 139, 397, 398, 399, 81, 222, 226, 106, 235, 368, 178, 180]",17
3996,"[0, 1, 2, 3, 397, 398, 399, 299, 46, 175, 178, 69, 71, 346, 222, 102, 106, 365, 368, 375]",20
3997,"[0, 1, 2, 3, 266, 397, 398, 399, 178, 69, 71, 329, 348, 222, 106, 365, 109, 368, 251]",19
3998,"[0, 1, 2, 3, 139, 397, 398, 399, 145, 148, 279, 282, 156, 159, 178, 308, 71, 329, 348, 368, 245, 373, 123]",23
3999,"[1, 2, 3, 391, 71, 397, 398, 399, 100, 106, 109, 365, 368, 370, 178, 316, 190]",17
4000,"[0, 1, 2, 3, 137, 74, 397, 398, 399, 156, 222, 230, 106, 176, 368, 373, 61]",17
4001,"[0, 1, 3, 199, 329, 397, 398, 399, 222, 38, 106, 107, 368, 309, 61]",15
4002,"[1, 3, 198, 329, 106, 397, 398, 399, 222]",9
4003,"[0, 1, 2, 262, 329, 266, 139, 397, 398, 399, 222, 159, 106, 178, 245, 126]",16
4004,"[0, 1, 3, 199, 138, 397, 398, 399, 222, 106, 365, 368, 309, 61]",14
4005,"[0, 1, 2, 3, 128, 396, 397, 398, 399, 177, 178, 316, 190, 71, 80, 339, 106, 365, 368, 369, 370, 374]",22
4006,"[1, 2, 3, 71, 397, 398, 399, 344, 222, 106, 368, 369, 178, 374]",14
4007,"[1, 2, 3, 71, 397, 398, 399, 344, 222, 106, 368, 177, 178, 369, 242, 374, 377]",17
4008,"[0, 1, 329, 397, 398, 399, 222, 38, 106, 107]",10
4009,"[1, 2, 3, 391, 71, 397, 398, 399, 339, 100, 106, 109, 365, 368, 370, 178, 316, 190]",18
4010,"[0, 1, 2, 71, 394, 139, 397, 398, 399, 222, 355, 106, 368, 178]",14
4011,"[1, 2, 3, 391, 71, 201, 397, 398, 399, 279, 222, 100, 106, 109, 365, 368, 178, 316]",18
4012,"[0, 1, 2, 3, 138, 139, 397, 398, 399, 222, 355, 106, 368, 61]",14
4013,"[1, 2, 3, 391, 71, 397, 398, 399, 152, 159, 100, 106, 365, 368, 178, 123, 316]",17
4014,"[0, 1, 2, 3, 266, 139, 397, 398, 399, 272, 22, 170, 198, 329, 331, 222, 355, 106, 110, 115, 117]",21
4015,"[0, 1, 2, 3, 138, 397, 398, 399, 156, 222, 106, 368, 61]",13
4016,"[0, 1, 2, 3, 139, 397, 398, 399, 145, 159, 177, 178, 316, 71, 355, 365, 368, 369, 374, 123]",20
4017,"[1, 3, 106, 397, 398, 399, 368, 61, 222]",9
4018,"[1, 2, 106, 397, 398, 399, 368, 178, 222]",9
4019,"[0, 1, 3, 397, 398, 399, 222, 106, 365, 367, 368, 61]",12
4020,"[0, 1, 2, 3, 397, 398, 399, 159, 169, 178, 190, 69, 206, 339, 106, 365, 368, 370, 123]",19
4021,"[1, 2, 71, 397, 398, 399, 222, 106, 368, 178]",10
4022,"[0, 1, 3, 329, 397, 398, 399, 80, 22, 222, 106, 110, 117]",13
4023,"[0, 1, 2, 3, 397, 398, 399, 159, 299, 178, 316, 190, 71, 330, 344, 101, 106, 109, 365, 368, 370, 123]",22
4024,"[0, 1, 138, 106, 397, 398, 399, 222]",8
4025,"[256, 1, 322, 3, 106, 397, 398, 399, 222]",9
4026,"[0, 1, 2, 266, 139, 397, 398, 399, 222, 159, 163, 106, 119, 313, 126]",15
4027,"[0, 1, 2, 3, 329, 139, 397, 398, 399, 80, 22, 222, 355, 106, 110, 117]",16
4028,"[0, 1, 2, 3, 384, 259, 391, 397, 398, 399, 279, 159, 178, 311, 71, 201, 334, 83, 349, 222, 98, 106, 109]",23
4029,"[1, 3, 106, 397, 398, 399, 368, 61, 222]",9
4030,"[0, 1, 384, 3, 138, 397, 398, 399, 222, 106, 368, 376, 314, 61]",14
4031,"[0, 1, 2, 3, 391, 9, 267, 397, 398, 399, 21, 152, 178, 190, 321, 71, 339, 83, 98, 106, 107, 365, 370]",23
4032,"[0, 1, 2, 3, 384, 138, 397, 398, 399, 28, 289, 169, 314, 61, 203, 222, 106, 368, 376]",19
4033,"[1, 2, 329, 397, 398, 399, 144, 222, 106, 368, 178]",11
4034,"[0, 1, 2, 3, 266, 139, 397, 398, 399, 214, 222, 159, 355, 106, 368, 186, 61, 126]",18
4035,"[0, 1, 2, 3, 384, 391, 393, 397, 398, 399, 279, 159, 296, 178, 311, 316, 321, 71, 201, 75, 334, 349, 94, 222, 100, 106, 109, 365, 368]",29
4036,"[0, 1, 2, 3, 266, 397, 398, 399, 272, 28, 158, 289, 169, 178, 61, 198, 329, 331, 203, 222, 106, 368]",22
4037,"[0, 1, 2, 3, 139, 397, 398, 399, 80, 222, 355, 106, 368, 61]",14
4038,"[0, 1, 3, 329, 397, 398, 399, 156, 159, 106, 43, 365, 370, 242, 182, 184, 123, 190]",18
4039,"[0, 1, 2, 3, 71, 397, 206, 398, 399, 222, 169, 106, 365, 368, 369, 178, 316]",17
4040,"[0, 1, 2, 3, 128, 392, 397, 398, 399, 148, 284, 178, 71, 329, 202, 332, 348, 222, 106, 368]",20
4041,"[0, 1, 2, 3, 138, 139, 397, 398, 399, 222, 355, 106, 368, 61]",14
4042,"[0, 1, 2, 3, 200, 329, 266, 392, 139, 397, 398, 399, 80, 222, 355, 106, 184]",17
4043,"[0, 1, 3, 266, 139, 397, 398, 399, 222, 106, 368, 61]",12
4044,"[0, 1, 2, 3, 139, 397, 398, 271, 399, 145, 156, 178, 316, 71, 222, 106, 365, 368, 373]",19
4045,"[1, 2, 3, 139, 397, 398, 399, 145, 282, 159, 178, 190, 71, 329, 339, 348, 106, 123, 365, 109, 368, 370, 251]",23
4046,"[0, 1, 3, 397, 398, 399, 80, 219, 222, 106, 365, 368, 61]",13
4047,"[0, 1, 2, 3, 256, 395, 139, 397, 398, 399, 222, 355, 106, 300, 368, 245, 61]",17
4048,"[0, 1, 2, 3, 385, 138, 139, 397, 398, 399, 277, 222, 355, 106, 365, 368, 61]",17
4049,"[1, 2, 329, 397, 398, 399, 144, 222, 106, 368, 178]",11
4050,"[0, 1, 2, 264, 266, 397, 398, 399, 272, 28, 158, 178, 198, 329, 75, 214, 222, 106, 115]",19
4051,"[0, 1, 2, 258, 329, 266, 397, 398, 399, 89, 154, 222, 38, 359, 106, 107, 178]",17
4052,"[1, 2, 3, 71, 397, 398, 399, 222, 106, 43, 365, 368]",12
4053,"[1, 2, 71, 397, 398, 399, 222, 106, 368, 178]",10
4054,"[1, 2, 71, 397, 398, 399, 16, 222, 36, 106, 368, 178]",12
4055,"[0, 1, 2, 71, 138, 397, 398, 399, 339, 278, 222, 106, 368, 178]",14
4056,"[0, 1, 2, 194, 71, 394, 397, 398, 399, 339, 345, 222, 106, 235, 364, 368, 178, 180]",18
4057,"[1, 2, 3, 71, 397, 398, 399, 344, 222, 106, 368, 369, 178, 374]",14
4058,"[1, 2, 3, 391, 71, 397, 398, 399, 339, 152, 222, 100, 106, 365, 368, 178, 316]",17
4059,"[0, 1, 397, 398, 399, 80, 219, 222, 106, 365]",10
4060,"[0, 1, 385, 322, 138, 397, 398, 399, 277, 222, 361, 106, 365, 238]",14
4061,"[0, 1, 2, 3, 266, 139, 397, 398, 399, 283, 37, 184, 196, 329, 203, 222, 224, 355, 106]",19
4062,"[1, 2, 3, 71, 397, 398, 399, 339, 152, 159, 106, 365, 370, 178, 123, 316, 190]",17
4063,"[1, 2, 3, 69, 71, 329, 397, 398, 399, 339, 348, 222, 106, 365, 109, 368, 178, 251]",18
4064,"[0, 1, 2, 3, 139, 397, 398, 399, 145, 159, 177, 178, 316, 71, 199, 75, 335, 222, 106, 365, 368, 369, 374]",23
4065,"[1, 2, 3, 71, 397, 206, 398, 399, 339, 106, 365, 368, 370, 178, 316, 190]",16
4066,"[0, 1, 385, 3, 329, 397, 398, 399, 159, 106, 43, 365, 242, 370, 184, 123, 190]",17
4067,"[0, 1, 2, 3, 397, 398, 399, 43, 46, 175, 178, 71, 345, 222, 102, 106, 364, 365, 368, 375]",20
4068,"[0, 1, 2, 3, 71, 266, 397, 206, 398, 399, 222, 360, 106, 368, 369, 178, 374]",17
4069,"[0, 1, 2, 3, 71, 139, 397, 398, 399, 145, 159, 355, 365, 368, 178, 123, 316]",17
4070,"[1, 2, 3, 391, 71, 397, 206, 398, 399, 339, 100, 106, 365, 368, 370, 178, 316, 190]",18
4071,"[1, 2, 259, 3, 200, 329, 397, 398, 399, 208, 87, 346, 222, 33, 106, 237, 303, 241]",18
4072,"[0, 1, 2, 258, 329, 266, 397, 398, 399, 89, 154, 222, 38, 359, 106, 107, 178]",17
4073,"[1, 2, 71, 397, 398, 399, 222, 106, 368, 178, 250]",11
4074,"[1, 2, 3, 71, 397, 398, 399, 222, 106, 365, 109, 368, 369, 178, 374, 251]",16
4075,"[0, 2, 3, 262, 391, 71, 266, 138, 397, 398, 399, 80, 83, 152, 98, 106, 365, 178]",18
4076,"[0, 1, 2, 3, 389, 397, 398, 399, 18, 159, 178, 310, 190, 71, 72, 333, 79, 339, 220, 106, 365, 370, 123]",23
4077,"[0, 1, 2, 3, 69, 71, 267, 397, 398, 399, 154, 222, 106, 365, 109, 368, 178, 251]",18
4078,"[0, 1, 2, 3, 266, 139, 397, 398, 399, 45, 46, 175, 178, 190, 71, 339, 218, 102, 106, 368, 369, 370, 372, 374, 375]",25
4079,"[0, 1, 2, 3, 71, 397, 206, 398, 399, 222, 169, 106, 365, 368, 369, 178, 374, 316]",18
4080,"[0, 1, 2, 71, 138, 397, 398, 399, 339, 222, 106, 368, 178]",13
4081,"[1, 2, 3, 71, 397, 398, 399, 222, 106, 365, 368, 178, 316]",13
4082,"[256, 1, 2, 3, 394, 397, 398, 399, 222, 106, 238]",11
4083,"[0, 1, 397, 398, 399, 273, 339, 150, 357, 106, 370, 190]",12
4084,"[0, 1, 2, 3, 128, 392, 397, 398, 399, 148, 284, 178, 71, 329, 202, 332, 348, 222, 106, 368]",20
4085,"[1, 2, 3, 139, 397, 398, 399, 222, 355, 106]",10
4086,"[0, 1, 2, 3, 397, 398, 399, 152, 156, 159, 178, 190, 71, 80, 339, 83, 219, 106, 365, 370, 249, 123, 125]",23
4087,"[0, 1, 2, 3, 397, 398, 399, 159, 178, 316, 190, 71, 336, 344, 106, 109, 365, 368, 370, 123, 382]",21
4088,"[0, 1, 2, 3, 259, 133, 8, 140, 397, 398, 399, 33, 303, 178, 71, 200, 87, 222, 106, 237, 368, 241]",22
4089,"[0, 1, 395, 397, 398, 399, 222, 106, 300, 365, 245]",11
4090,"[0, 1, 2, 71, 394, 139, 397, 398, 399, 222, 355, 106, 368, 178]",14
4091,"[0, 1, 3, 71, 138, 397, 398, 399, 80, 222, 106, 365]",12
4092,"[0, 1, 2, 3, 266, 139, 397, 398, 399, 145, 38, 177, 178, 316, 71, 329, 89, 222, 106, 107, 365, 368, 369]",23
4093,"[0, 1, 2, 397, 398, 399, 273, 150, 222, 34, 357, 232, 105, 106]",14
4094,"[0, 1, 2, 389, 139, 397, 398, 399, 220, 222, 163, 106]",12
4095,"[0, 1, 2, 3, 385, 138, 139, 397, 398, 399, 222, 355, 361, 106, 365]",15
4096,"[1, 106, 397, 398, 399, 222]",6
4097,"[0, 1, 2, 3, 7, 264, 138, 267, 139, 397, 398, 399, 184, 198, 329, 214, 222, 355, 106]",19
4098,"[1, 2, 3, 139, 397, 398, 399, 222, 355, 106]",10
4099,"[0, 1, 2, 329, 266, 139, 397, 398, 399, 81, 89, 222, 106, 107]",14
4100,"[256, 1, 2, 3, 386, 329, 397, 398, 399, 144, 222, 361, 106, 238, 117]",15
4101,"[0, 1, 2, 3, 69, 71, 397, 398, 399, 345, 222, 106, 364, 365, 368, 178]",16
4102,"[1, 2, 3, 391, 71, 397, 398, 399, 339, 83, 152, 98, 106, 365, 370, 178, 190]",17
4103,"[1, 2, 258, 329, 397, 398, 399, 154, 222, 232, 106, 178]",12
4104,"[0, 1, 2, 138, 397, 398, 399, 80, 156, 222, 106, 365]",12
4105,"[0, 1, 2, 3, 266, 139, 397, 398, 399, 277, 165, 177, 178, 71, 206, 218, 220, 222, 368, 369]",20
4106,"[0, 1, 2, 3, 397, 398, 399, 46, 175, 178, 69, 71, 336, 222, 102, 106, 365, 368, 375, 382]",20
4107,"[0, 1, 2, 3, 198, 71, 329, 397, 398, 399, 336, 222, 106, 236, 368, 382]",16
4108,"[0, 1, 2, 3, 397, 398, 399, 177, 178, 71, 336, 344, 222, 106, 368, 369, 242, 377, 382]",19
4109,"[1, 2, 106, 139, 397, 398, 399, 81, 222]",9
4110,"[1, 2, 3, 71, 397, 398, 399, 222, 106, 109, 365, 368, 177, 178, 369, 316]",16
4111,"[0, 1, 2, 3, 259, 397, 398, 399, 273, 150, 33, 303, 71, 200, 87, 222, 357, 106, 237, 368, 241]",21
4112,"[0, 1, 2, 3, 139, 397, 398, 399, 145, 284, 177, 178, 71, 202, 206, 222, 360, 106, 368, 369]",20
4113,"[0, 1, 2, 3, 262, 138, 266, 397, 398, 399, 152, 159, 178, 190, 71, 80, 83, 106, 365, 370, 123, 125]",22
4114,"[0, 1, 2, 397, 398, 399, 159, 178, 190, 71, 329, 336, 339, 348, 106, 368, 370, 123, 382]",19
4115,"[0, 1, 2, 3, 391, 266, 139, 397, 398, 399, 277, 279, 165, 178, 316, 71, 201, 206, 218, 220, 222, 100, 106, 109, 365]",25
4116,"[0, 1, 2, 138, 139, 397, 398, 399, 80, 81, 222, 106, 365]",13
4117,"[0, 1, 2, 3, 71, 397, 206, 399, 398, 339, 278, 222, 106, 365, 368, 178, 316]",17
4118,"[0, 1, 2, 3, 69, 71, 138, 397, 206, 398, 399, 156, 222, 106, 365, 368, 178, 373]",18
4119,"[1, 2, 3, 391, 397, 398, 399, 159, 178, 316, 190, 71, 339, 100, 106, 109, 365, 370, 123]",19
4120,"[1, 2, 106, 397, 398, 399, 222, 159]",8
4121,"[0, 1, 2, 3, 397, 398, 399, 156, 29, 305, 178, 69, 71, 222, 106, 365, 109, 368, 373, 251]",20
4122,"[0, 1, 2, 3, 397, 398, 399, 279, 169, 177, 178, 71, 201, 206, 222, 106, 365, 109, 368, 369]",20
4123,"[0, 1, 2, 3, 256, 137, 397, 398, 399, 22, 176, 51, 319, 329, 74, 73, 206, 222, 358, 106, 365, 110, 117]",23
4124,"[0, 1, 2, 3, 384, 397, 398, 399, 279, 159, 178, 71, 201, 77, 206, 334, 83, 222, 106, 109, 365]",21
4125,"[0, 1, 2, 138, 139, 397, 398, 399, 336, 81, 222, 298, 106, 365, 127]",15
4126,"[0, 1, 2, 3, 329, 138, 139, 397, 398, 399, 222, 355, 106, 365, 184]",15
4127,"[0, 1, 2, 3, 384, 391, 397, 398, 399, 279, 159, 178, 316, 71, 201, 77, 206, 334, 222, 100, 106, 109, 365]",23
4128,"[0, 1, 2, 3, 397, 398, 270, 399, 284, 178, 316, 71, 202, 206, 222, 106, 365, 368, 369, 374]",20
4129,"[1, 2, 3, 139, 397, 398, 399, 222, 355, 106]",10
4130,"[256, 1, 2, 3, 71, 397, 206, 398, 399, 222, 102, 361, 106, 365, 238, 368, 375]",17
4131,"[0, 1, 2, 3, 256, 262, 266, 397, 398, 399, 16, 36, 169, 71, 206, 84, 222, 106, 238]",19
4132,"[0, 1, 2, 8, 138, 397, 206, 399, 80, 398, 150, 222, 169, 106, 365, 313]",16
4133,"[256, 1, 2, 3, 71, 397, 206, 398, 399, 222, 106, 365, 238]",13
4134,"[0, 1, 2, 3, 384, 397, 398, 399, 276, 159, 178, 316, 190, 321, 71, 75, 333, 334, 79, 77, 339, 106, 107, 365, 370]",25
4135,"[0, 1, 2, 3, 259, 385, 138, 139, 397, 398, 399, 276, 22, 298, 308, 329, 75, 206, 336, 81, 222, 106, 365, 110, 117, 127]",26
4136,"[0, 1, 2, 3, 139, 397, 398, 399, 22, 62, 329, 80, 219, 222, 355, 106, 365, 110, 117]",19
4137,"[1, 3, 69, 397, 206, 399, 398, 29, 222, 106, 365, 305]",12
4138,"[0, 1, 2, 3, 266, 139, 397, 270, 399, 398, 178, 71, 206, 218, 222, 106, 365, 368, 369, 374]",20
4139,"[0, 1, 2, 3, 7, 264, 138, 267, 139, 397, 398, 399, 22, 62, 198, 329, 206, 214, 222, 355, 106, 365, 110, 117]",24
4140,"[1, 2, 3, 71, 201, 397, 206, 398, 399, 279, 222, 106, 109, 365, 368, 178, 316]",17
4141,"[0, 1, 2, 3, 128, 397, 398, 399, 177, 178, 316, 190, 71, 332, 206, 80, 339, 219, 106, 365, 368, 112, 370]",23
4142,"[0, 1, 198, 7, 329, 138, 267, 397, 398, 399, 222, 106]",12
4143,"[0, 1, 2, 329, 266, 397, 398, 399, 89, 222, 38, 359, 106, 107]",14
4144,"[0, 1, 2, 3, 266, 139, 397, 398, 399, 38, 298, 309, 325, 329, 336, 81, 89, 222, 106, 107, 118]",21
4145,"[1, 2, 3, 71, 333, 398, 79, 397, 399, 339, 106, 365, 178, 370, 316, 190]",16
4146,"[0, 1, 2, 198, 7, 8, 329, 138, 267, 397, 206, 398, 399, 150, 222, 169, 106, 313]",18
4147,"[0, 1, 2, 3, 266, 139, 397, 398, 399, 145, 25, 178, 316, 71, 335, 344, 222, 106, 365, 368]",20
4148,"[1, 2, 3, 71, 139, 397, 206, 399, 398, 145, 222, 106, 365, 109, 368, 178]",16
4149,"[1, 2, 3, 259, 71, 200, 397, 398, 399, 87, 346, 222, 106, 368, 241, 178]",16
4150,"[0, 1, 2, 3, 393, 266, 138, 139, 397, 398, 399, 145, 175, 178, 317, 71, 206, 335, 222, 106, 365, 368]",22
4151,"[0, 1, 2, 3, 139, 397, 398, 399, 22, 329, 206, 80, 81, 219, 222, 106, 365, 110, 117]",19
4152,"[0, 1, 2, 3, 393, 266, 139, 397, 398, 399, 145, 178, 190, 71, 329, 206, 335, 339, 348, 106, 365, 109, 368, 370, 251]",25
4153,"[0, 1, 2, 3, 257, 397, 398, 399, 278, 222, 106, 368, 373, 61]",14
4154,"[1, 2, 3, 397, 206, 398, 399, 150, 222, 169, 106, 368, 61]",13
4155,"[0, 1, 2, 3, 391, 397, 398, 399, 176, 178, 308, 316, 71, 206, 222, 100, 106, 109, 365, 245]",20
4156,"[0, 1, 2, 3, 262, 266, 139, 397, 398, 399, 154, 282, 29, 305, 178, 69, 71, 329, 206, 218, 348, 222, 106, 365, 109, 368, 245, 251]",28
4157,"[0, 1, 2, 3, 138, 267, 397, 398, 399, 178, 312, 185, 62, 71, 206, 207, 339, 222, 356, 106, 365, 368]",22
4158,"[1, 2, 3, 329, 397, 398, 399, 222, 359, 106, 184]",11
4159,"[0, 1, 2, 3, 10, 397, 398, 399, 284, 289, 169, 178, 53, 71, 202, 206, 88, 222, 102, 106, 365, 368, 375]",23
4160,"[0, 1, 2, 3, 257, 139, 397, 398, 399, 298, 51, 61, 336, 81, 212, 222, 230, 106, 368]",19
4161,"[1, 2, 3, 139, 397, 206, 399, 336, 81, 398, 222, 298, 106, 365, 368, 61]",16
4162,"[0, 1, 2, 3, 138, 397, 206, 399, 398, 150, 222, 169, 106, 365, 368, 61]",16
4163,"[1, 2, 3, 71, 137, 139, 397, 206, 399, 398, 145, 222, 168, 106, 365, 368, 178, 316]",18
4164,"[0, 1, 2, 3, 137, 139, 397, 398, 399, 145, 156, 168, 178, 316, 67, 71, 206, 222, 106, 365, 373]",21
4165,"[1, 2, 3, 69, 71, 397, 398, 399, 339, 29, 222, 106, 365, 368, 305, 178]",16
4166,"[0, 1, 2, 3, 266, 397, 398, 399, 178, 311, 316, 71, 339, 349, 222, 106, 109, 365, 368]",19
4167,"[0, 1, 2, 3, 138, 397, 398, 399, 150, 169, 309, 61, 199, 206, 80, 339, 222, 106, 365, 368]",20
4168,"[0, 1, 2, 3, 329, 138, 139, 397, 398, 399, 336, 81, 222, 298, 106, 236, 365, 184]",18
4169,"[0, 1, 3, 329, 138, 397, 398, 399, 80, 222, 106, 365, 184]",13
4170,"[0, 1, 3, 266, 11, 139, 268, 397, 399, 80, 398, 339, 222, 159, 106, 247]",16
4171,"[0, 1, 2, 3, 138, 139, 397, 398, 399, 80, 222, 355, 106, 365, 368, 61]",16
4172,"[0, 1, 2, 384, 397, 398, 399, 276, 282, 159, 178, 71, 329, 75, 334, 339, 348, 222, 106, 365, 109, 368, 251]",23
4173,"[1, 2, 71, 329, 397, 206, 399, 398, 339, 348, 106, 365, 368, 370, 178, 190]",16
4174,"[0, 1, 2, 3, 395, 139, 397, 398, 399, 300, 176, 309, 182, 199, 339, 222, 355, 106, 365, 245]",20
4175,"[1, 2, 194, 133, 71, 397, 398, 399, 222, 106, 368, 178, 180]",13
4176,"[1, 2, 3, 71, 10, 397, 398, 399, 88, 222, 102, 106, 368, 178, 375]",15
4177,"[0, 1, 2, 3, 266, 397, 398, 399, 29, 305, 178, 69, 71, 339, 87, 222, 106, 365, 109, 368, 374, 251]",22
4178,"[2, 3, 66, 391, 71, 329, 397, 398, 399, 100, 106, 365, 178, 316]",14
4179,"[1, 2, 3, 397, 398, 399, 19, 178, 190, 69, 71, 206, 339, 84, 106, 365, 368, 370, 250]",19
4180,"[0, 1, 256, 3, 202, 397, 398, 399, 339, 277, 284, 222, 106, 52, 54]",15
4181,"[0, 1, 2, 329, 266, 397, 398, 399, 222, 106, 107, 242]",12
4182,"[0, 1, 2, 3, 139, 397, 398, 399, 309, 61, 199, 74, 336, 339, 219, 222, 355, 106, 365, 368]",20
4183,"[0, 1, 2, 3, 257, 138, 10, 397, 398, 399, 278, 178, 71, 339, 88, 222, 101, 106, 368, 121]",20
4184,"[0, 1, 2, 3, 389, 138, 139, 397, 398, 399, 277, 298, 309, 61, 199, 207, 336, 81, 222, 106, 365, 238, 368]",23
4185,"[0, 1, 2, 3, 71, 397, 206, 398, 399, 339, 222, 106, 365, 369, 178, 316]",16
4186,"[1, 2, 3, 71, 397, 398, 399, 19, 339, 84, 222, 106, 43, 365, 368, 178, 250]",17
4187,"[0, 1, 3, 199, 395, 397, 398, 399, 222, 106, 300, 368, 309, 61]",14
4188,"[1, 2, 3, 71, 201, 397, 398, 399, 339, 279, 349, 222, 106, 109, 365, 178, 311, 316]",18
4189,"[0, 1, 2, 3, 262, 266, 138, 139, 397, 398, 399, 309, 314, 61, 199, 331, 80, 222, 355, 106, 365, 368, 245]",23
4190,"[0, 1, 2, 3, 139, 397, 398, 399, 29, 305, 178, 320, 69, 71, 222, 106, 236, 365, 368]",19
4191,"[0, 1, 2, 3, 133, 71, 329, 202, 397, 398, 399, 339, 284, 222, 104, 106, 368, 178]",18
4192,"[0, 1, 2, 3, 384, 7, 266, 397, 398, 399, 159, 178, 311, 316, 71, 77, 206, 334, 339, 345, 222, 106, 109, 365]",24
4193,"[0, 1, 2, 3, 264, 138, 397, 398, 399, 150, 169, 309, 198, 199, 329, 206, 339, 214, 222, 106]",20
4194,"[0, 1, 3, 199, 397, 398, 399, 278, 222, 106, 115, 309, 381]",13
4195,"[0, 1, 320, 3, 198, 329, 139, 397, 398, 399, 222, 106, 236, 373]",14
4196,"[1, 2, 3, 198, 71, 329, 397, 398, 143, 16, 399, 222, 36, 106, 368, 178, 373]",17
4197,"[1, 2, 3, 139, 397, 398, 399, 145, 178, 71, 329, 339, 348, 222, 106, 365, 109, 368, 251]",19
4198,"[1, 2, 3, 391, 71, 397, 398, 399, 345, 100, 106, 109, 365, 370, 178, 311, 316, 190]",18
4199,"[0, 1, 2, 3, 397, 398, 399, 43, 178, 312, 185, 314, 316, 71, 222, 106, 365, 368, 242, 377]",20
4200,"[0, 2, 3, 133, 71, 329, 139, 397, 398, 399, 145, 348, 58, 368, 178, 185, 314]",17
4201,"[1, 2, 3, 71, 329, 397, 398, 399, 339, 222, 104, 106, 368, 178]",14
4202,"[0, 1, 2, 3, 71, 266, 397, 398, 399, 339, 222, 106, 365, 368, 369, 178]",16
4203,"[0, 1, 2, 3, 71, 74, 397, 398, 399, 339, 345, 222, 106, 109, 365, 178, 311, 316]",18
4204,"[0, 1, 2, 3, 198, 7, 199, 329, 397, 206, 207, 398, 399, 150, 222, 169, 106, 309]",18
4205,"[1, 2, 3, 69, 71, 397, 398, 399, 339, 29, 222, 106, 365, 368, 305, 178]",16
4206,"[0, 1, 2, 138, 139, 397, 398, 399, 80, 81, 336, 339, 219, 222, 298, 106, 365]",17
4207,"[0, 1, 2, 3, 266, 12, 397, 398, 399, 277, 174, 178, 190, 71, 206, 339, 102, 234, 106, 365, 238, 368, 369, 370, 241, 375]",26
4208,"[0, 1, 2, 3, 266, 12, 397, 398, 399, 277, 174, 178, 71, 339, 222, 106, 109, 365, 238, 368, 369, 241]",22
4209,"[0, 1, 256, 3, 266, 397, 398, 399, 277, 284, 37, 52, 54, 325, 202, 204, 339, 220, 222, 106]",20
4210,"[256, 1, 2, 3, 397, 398, 399, 277, 178, 52, 54, 64, 71, 339, 220, 222, 102, 106, 368, 375]",20
4211,"[0, 1, 2, 3, 139, 397, 398, 399, 29, 305, 178, 320, 69, 71, 222, 106, 236, 365, 368]",19
4212,"[0, 1, 2, 3, 199, 266, 138, 139, 397, 398, 399, 80, 222, 355, 106, 365, 309]",17
4213,"[0, 1, 2, 3, 325, 329, 266, 397, 398, 399, 144, 222, 37, 104, 106, 368, 178]",17
4214,"[1, 2, 3, 194, 133, 71, 329, 394, 397, 398, 399, 222, 104, 106, 368, 178, 180]",17
4215,"[0, 1, 2, 9, 393, 12, 397, 398, 399, 282, 296, 178, 71, 329, 331, 80, 339, 348, 222, 106, 235, 365, 109, 368, 251]",25
4216,"[0, 1, 2, 3, 266, 139, 397, 398, 399, 25, 178, 198, 71, 329, 81, 222, 226, 106, 236, 368, 373]",21
4217,"[0, 1, 2, 3, 265, 139, 397, 398, 399, 339, 86, 217, 222, 355, 106, 236, 304]",17
4218,"[0, 1, 2, 3, 10, 397, 398, 399, 284, 178, 71, 202, 339, 88, 222, 102, 106, 368, 375]",19
4219,"[0, 1, 2, 3, 329, 139, 397, 398, 399, 336, 81, 22, 222, 298, 106, 236, 110, 117]",18
4220,"[1, 2, 3, 71, 397, 398, 399, 339, 345, 222, 106, 109, 365, 368, 178, 311, 316]",17
4221,"[0, 1, 2, 138, 75, 397, 270, 206, 399, 398, 276, 222, 169, 106, 365]",15
4222,"[0, 1, 2, 199, 266, 75, 139, 397, 398, 399, 222, 355, 106, 112, 308]",15
4223,"[1, 2, 3, 71, 10, 397, 398, 399, 88, 222, 102, 106, 368, 178, 375]",15
4224,"[0, 1, 2, 3, 266, 397, 270, 399, 398, 276, 29, 165, 305, 178, 69, 71, 339, 220, 222, 106, 365, 109, 368, 374, 251]",25
4225,"[1, 2, 106, 139, 397, 398, 399, 81, 222]",9
4226,"[0, 1, 258, 3, 266, 139, 395, 397, 398, 399, 190, 329, 331, 206, 339, 226, 104, 106, 365, 370, 255]",21
4227,"[0, 1, 2, 321, 384, 259, 397, 398, 399, 222, 159, 37, 106, 107, 298, 303, 114, 118]",18
4228,"[0, 1, 2, 3, 266, 397, 270, 398, 399, 165, 178, 312, 316, 71, 220, 222, 106, 365, 368]",19
4229,"[1, 2, 3, 133, 71, 397, 398, 207, 399, 339, 222, 106, 236, 368, 178]",15
4230,"[0, 1, 2, 3, 131, 262, 266, 139, 397, 398, 399, 150, 28, 158, 169, 71, 206, 222, 106, 245]",20
4231,"[0, 1, 2, 3, 9, 137, 397, 398, 399, 37, 178, 51, 311, 316, 71, 339, 345, 222, 106, 235, 107, 109, 365]",23
4232,"[0, 1, 2, 3, 391, 266, 139, 397, 398, 399, 178, 311, 316, 71, 328, 339, 345, 222, 355, 100, 361, 106, 109, 365]",24
4233,"[0, 1, 2, 3, 397, 398, 399, 19, 169, 43, 178, 71, 206, 339, 84, 222, 106, 365, 368, 250]",20
4234,"[0, 1, 2, 3, 139, 397, 398, 399, 298, 184, 329, 222, 355, 228, 106, 236, 114, 118, 381]",19
4235,"[0, 1, 2, 3, 257, 391, 397, 398, 399, 276, 178, 311, 316, 71, 337, 339, 345, 222, 100, 106, 109, 365, 115]",23
4236,"[0, 1, 2, 198, 7, 329, 266, 397, 206, 398, 272, 399, 150, 214, 222, 169, 170, 106]",18
4237,"[0, 1, 2, 196, 266, 397, 398, 399, 283, 222, 37, 106, 43, 365, 242]",15
4238,"[0, 1, 2, 3, 137, 266, 139, 397, 270, 399, 398, 145, 25, 168, 178, 316, 71, 339, 218, 222, 106, 365, 368]",23
4239,"[0, 1, 2, 3, 71, 138, 139, 397, 398, 399, 339, 156, 222, 106, 236, 368, 178]",17
4240,"[0, 1, 2, 3, 71, 138, 139, 397, 398, 399, 339, 156, 222, 106, 236, 368, 178]",17
4241,"[1, 2, 3, 397, 270, 398, 399, 178, 316, 71, 339, 344, 222, 106, 236, 365, 368, 369, 374]",19
4242,"[0, 1, 2, 389, 262, 266, 138, 139, 397, 398, 399, 277, 220, 222, 355, 106, 365, 245]",18
4243,"[0, 1, 2, 196, 266, 77, 398, 397, 399, 339, 283, 222, 37, 106, 43, 365, 367]",17
4244,"[0, 1, 2, 257, 73, 139, 397, 398, 399, 336, 81, 339, 278, 222, 298, 106, 315, 381]",18
4245,"[0, 1, 2, 3, 257, 397, 398, 399, 278, 156, 37, 178, 315, 316, 71, 73, 339, 222, 106, 365, 368, 381]",22
4246,"[0, 1, 2, 3, 397, 398, 399, 156, 178, 316, 67, 71, 206, 339, 222, 106, 365, 368, 373]",19
4247,"[0, 1, 2, 3, 385, 329, 138, 397, 398, 399, 222, 106, 365, 238, 178]",15
4248,"[0, 1, 2, 3, 8, 137, 139, 140, 397, 398, 399, 145, 168, 178, 71, 222, 106, 236, 365, 368]",20
4249,"[0, 1, 3, 329, 138, 139, 266, 397, 398, 399, 339, 222, 159, 106, 236, 302, 47]",17
4250,"[0, 1, 2, 321, 397, 398, 399, 20, 86, 222, 106, 234]",12
4251,"[0, 1, 2, 3, 77, 398, 397, 399, 339, 222, 106, 367]",12
4252,"[0, 1, 2, 3, 256, 386, 138, 397, 398, 399, 277, 287, 302, 47, 71, 329, 339, 222, 228, 106, 236, 238, 117]",23
4253,"[1, 2, 3, 71, 200, 397, 206, 399, 398, 339, 106, 365, 368, 241, 370, 178, 190]",17
4254,"[0, 1, 2, 389, 262, 137, 266, 138, 139, 397, 398, 399, 277, 156, 207, 222, 106, 365, 245, 126]",20
4255,"[0, 1, 2, 3, 385, 71, 138, 10, 397, 398, 399, 339, 88, 156, 222, 106, 368, 178]",18
4256,"[0, 1, 2, 70, 73, 74, 329, 76, 397, 398, 399, 20, 222, 106, 107, 234]",16
4257,"[1, 2, 3, 71, 137, 139, 397, 398, 399, 145, 339, 222, 168, 106, 236, 368, 178]",17
4258,"[0, 1, 2, 3, 384, 12, 397, 398, 399, 159, 178, 316, 190, 321, 71, 331, 77, 334, 106, 107, 109, 365, 370]",23
4259,"[0, 1, 2, 3, 138, 397, 398, 399, 28, 158, 169, 178, 309, 54, 74, 206, 80, 336, 339, 219, 222, 106, 365, 118]",24
4260,"[0, 2, 3, 266, 12, 397, 270, 398, 399, 277, 25, 174, 178, 316, 66, 71, 329, 106, 365, 238, 241]",21
4261,"[128, 1, 2, 3, 71, 392, 332, 397, 398, 399, 339, 222, 106, 236, 368, 178]",16
4262,"[0, 1, 2, 3, 138, 139, 397, 270, 399, 398, 276, 178, 320, 71, 329, 339, 222, 106, 236, 365, 109, 368, 369, 374, 251]",25
4263,"[0, 1, 2, 396, 397, 398, 399, 156, 222, 351, 106]",11
4264,"[0, 1, 2, 3, 139, 397, 398, 399, 145, 284, 169, 178, 71, 202, 206, 339, 222, 106, 236, 365, 368]",21
4265,"[0, 1, 2, 71, 139, 397, 398, 399, 81, 222, 226, 106, 368, 178, 59]",15
4266,"[0, 1, 2, 3, 12, 397, 398, 399, 159, 178, 316, 190, 71, 331, 206, 339, 106, 109, 365, 370]",20
4267,"[0, 1, 2, 389, 262, 266, 138, 397, 398, 399, 277, 159, 169, 54, 206, 88, 222, 106, 365, 238, 116, 245]",22
4268,"[0, 1, 3, 389, 262, 266, 138, 397, 398, 399, 277, 159, 184, 329, 222, 106, 365, 238, 116, 245]",20
4269,"[0, 1, 3, 198, 329, 138, 397, 398, 399, 222, 106, 236, 302, 47]",14
4270,"[0, 1, 2, 3, 256, 387, 266, 10, 397, 398, 399, 277, 26, 159, 33, 48, 178, 57, 65, 71, 210, 339, 222, 234, 106, 238]",26
4271,"[0, 1, 2, 3, 138, 397, 398, 399, 178, 316, 71, 74, 206, 337, 339, 214, 222, 106, 109, 365, 368, 121]",22
4272,"[0, 1, 2, 3, 192, 197, 397, 398, 399, 210, 339, 222, 224, 33, 106, 52, 185]",17
4273,"[1, 2, 3, 137, 139, 397, 398, 399, 145, 168, 178, 190, 71, 329, 206, 339, 348, 106, 365, 368, 370]",21
4274,"[0, 1, 2, 3, 391, 9, 393, 12, 397, 398, 399, 159, 296, 178, 316, 190, 71, 331, 333, 79, 100, 106, 235, 365, 370]",25
4275,"[0, 1, 2, 3, 266, 397, 270, 398, 399, 178, 316, 71, 206, 339, 222, 106, 365, 112, 369, 374]",20
4276,"[0, 1, 2, 3, 138, 397, 398, 399, 178, 316, 71, 74, 337, 339, 214, 222, 106, 109, 365, 368, 121]",21
4277,"[0, 2, 3, 137, 266, 139, 397, 398, 399, 145, 25, 160, 168, 174, 178, 71, 355, 368, 241, 371]",20
4278,"[0, 1, 2, 3, 397, 398, 399, 284, 29, 169, 305, 178, 69, 71, 202, 206, 339, 85, 222, 106, 365, 368]",22
4279,"[0, 1, 2, 3, 266, 397, 398, 399, 29, 305, 178, 53, 193, 69, 71, 201, 329, 339, 348, 222, 229, 101, 106, 365, 368]",25
4280,"[0, 1, 2, 3, 329, 397, 398, 399, 222, 38, 232, 106, 236, 178, 184]",15
4281,"[1, 2, 3, 66, 71, 329, 397, 206, 398, 399, 339, 106, 365, 178, 370, 316, 190]",17
4282,"[0, 1, 2, 3, 137, 397, 398, 399, 156, 37, 178, 316, 190, 71, 206, 339, 106, 365, 368, 370, 373]",21
4283,"[0, 1, 2, 138, 139, 397, 398, 399, 219, 222, 163, 106, 301, 302, 365, 47, 314, 252]",18
4284,"[0, 1, 2, 3, 71, 397, 206, 399, 398, 339, 222, 102, 169, 106, 43, 365, 368, 178]",18
4285,"[0, 1, 2, 266, 397, 398, 335, 80, 399, 339, 222, 106, 45, 372]",14
4286,"[0, 1, 2, 3, 71, 202, 397, 398, 399, 339, 284, 222, 106, 365, 109, 368, 178]",17
4287,"[0, 1, 2, 3, 397, 398, 399, 178, 316, 190, 71, 333, 206, 79, 337, 339, 106, 365, 370, 121]",20
4288,"[0, 1, 2, 397, 398, 399, 20, 25, 222, 234, 106, 176]",12
4289,"[0, 1, 321, 397, 398, 399, 222, 37, 106, 107]",10
4290,"[0, 1, 2, 3, 137, 266, 139, 397, 398, 399, 145, 283, 37, 168, 178, 60, 321, 196, 71, 339, 86, 222, 106, 107, 365, 368]",26
4291,"[0, 1, 2, 3, 9, 12, 397, 398, 399, 159, 296, 178, 316, 190, 321, 66, 71, 329, 75, 331, 106, 365, 370]",23
4292,"[0, 2, 3, 66, 71, 329, 138, 331, 397, 270, 398, 399, 106, 365, 178, 316]",16
4293,"[0, 1, 2, 321, 329, 397, 398, 399, 222, 37, 106, 107, 178]",13
4294,"[1, 2, 259, 3, 387, 71, 200, 397, 398, 399, 339, 87, 26, 222, 106, 368, 241]",17
4295,"[0, 1, 2, 3, 139, 11, 268, 398, 399, 397, 178, 180, 194, 71, 206, 80, 339, 222, 106, 365, 368, 247]",22
4296,"[0, 1, 3, 329, 138, 397, 398, 399, 339, 22, 219, 222, 106, 365, 110, 117]",16
4297,"[0, 1, 2, 3, 397, 270, 399, 398, 276, 284, 178, 71, 202, 339, 344, 222, 106, 365, 109, 368, 369, 374]",22
4298,"[0, 1, 2, 3, 138, 397, 270, 399, 398, 276, 287, 302, 47, 178, 71, 329, 339, 222, 228, 106, 236, 365, 109, 368, 369, 374, 119, 251]",28
4299,"[1, 2, 3, 387, 71, 397, 398, 399, 26, 222, 106, 43, 365, 368]",14
4300,"[0, 1, 2, 3, 138, 139, 397, 398, 399, 301, 302, 47, 178, 312, 71, 329, 339, 222, 106, 368, 250]",21
4301,"[0, 1, 2, 3, 397, 398, 399, 159, 178, 190, 321, 71, 75, 206, 339, 106, 365, 109, 368, 370]",20
4302,"[0, 2, 3, 71, 137, 266, 139, 397, 398, 399, 145, 168, 365, 368, 178]",15
4303,"[0, 1, 3, 329, 331, 397, 398, 399, 222, 106, 236, 308, 184]",13
4304,"[0, 1, 2, 3, 262, 138, 266, 397, 398, 399, 28, 158, 289, 169, 178, 309, 54, 191, 206, 339, 222, 106, 365, 245, 118]",25
4305,"[0, 1, 2, 3, 256, 138, 397, 398, 399, 277, 287, 59, 71, 329, 339, 222, 228, 106, 238, 368]",20
4306,"[0, 1, 397, 398, 399, 80, 339, 222, 106, 365]",10
4307,"[0, 1, 2, 3, 137, 138, 139, 397, 398, 399, 145, 287, 168, 178, 71, 329, 339, 348, 222, 228, 106, 368]",22
4308,"[0, 1, 2, 3, 69, 329, 138, 397, 398, 399, 339, 29, 222, 106, 365, 302, 47, 305]",18
4309,"[0, 1, 2, 3, 397, 398, 399, 29, 165, 45, 305, 178, 69, 71, 339, 220, 222, 106, 365, 368, 372]",21
4310,"[0, 1, 2, 3, 262, 266, 397, 398, 399, 154, 282, 178, 69, 71, 339, 345, 222, 106, 364, 365, 109, 368, 245, 374, 251]",25
4311,"[0, 1, 2, 3, 329, 397, 398, 399, 278, 228, 106, 45, 370, 372, 184, 190]",16
4312,"[0, 1, 2, 3, 137, 139, 397, 398, 399, 145, 176, 177, 178, 71, 199, 74, 339, 344, 222, 230, 106, 365, 368, 369]",24
4313,"[0, 1, 2, 3, 137, 138, 139, 397, 398, 399, 145, 168, 178, 320, 71, 329, 339, 347, 222, 106, 365, 109, 368, 374, 251]",25
4314,"[1, 2, 3, 397, 398, 399, 29, 305, 178, 69, 71, 329, 206, 339, 348, 222, 106, 365, 368]",19
4315,"[0, 1, 2, 3, 266, 138, 139, 397, 398, 399, 25, 175, 178, 312, 71, 206, 339, 222, 98, 355, 106, 365, 368, 116]",24
4316,"[0, 1, 2, 3, 71, 266, 397, 398, 399, 339, 276, 222, 365, 109, 368, 178, 374, 251]",18
4317,"[0, 1, 2, 201, 397, 78, 399, 80, 398, 222, 161, 229, 106]",13
4318,"[0, 1, 2, 3, 262, 266, 397, 398, 399, 178, 190, 71, 333, 206, 79, 339, 106, 365, 240, 369, 370, 246, 125]",23
4319,"[0, 1, 2, 3, 11, 139, 268, 398, 399, 397, 160, 178, 190, 71, 206, 80, 339, 106, 365, 368, 370, 371, 247]",23
4320,"[0, 1, 2, 3, 266, 397, 398, 399, 178, 311, 316, 71, 339, 349, 222, 106, 109, 365, 368]",19
4321,"[0, 1, 2, 3, 128, 397, 398, 399, 177, 178, 190, 71, 80, 339, 106, 365, 368, 369, 370, 374]",20
4322,"[0, 1, 2, 320, 133, 71, 329, 138, 139, 397, 398, 399, 339, 222, 106, 368, 178]",17
4323,"[0, 1, 2, 3, 138, 139, 397, 398, 399, 19, 178, 190, 320, 69, 71, 329, 339, 84, 106, 365, 368, 370, 250]",23
4324,"[0, 1, 2, 3, 391, 138, 267, 397, 398, 399, 21, 178, 190, 66, 71, 329, 98, 106, 365, 370]",20
4325,"[0, 1, 2, 3, 259, 397, 398, 399, 284, 33, 178, 71, 200, 202, 339, 87, 222, 106, 237, 368, 241]",21
4326,"[0, 1, 2, 3, 329, 138, 201, 397, 398, 399, 339, 222, 229, 106, 184]",15
4327,"[1, 2, 3, 71, 137, 139, 397, 398, 399, 145, 339, 222, 168, 106, 365, 368, 178, 316]",18
4328,"[1, 2, 3, 71, 397, 398, 399, 339, 222, 106, 365, 109, 368, 178, 374, 312, 251]",17
4329,"[1, 2, 3, 69, 71, 397, 398, 399, 339, 29, 222, 102, 106, 365, 368, 305, 178]",17
4330,"[0, 1, 2, 3, 262, 391, 266, 267, 397, 398, 399, 21, 152, 178, 190, 66, 71, 329, 80, 98, 106, 365, 370]",23
4331,"[0, 1, 2, 3, 266, 397, 398, 399, 279, 156, 177, 178, 67, 71, 201, 339, 344, 222, 106, 109, 368, 369, 373, 374, 249]",25
4332,"[1, 2, 3, 66, 71, 329, 397, 398, 399, 339, 152, 222, 106, 365, 368, 178, 316]",17
4333,"[0, 1, 2, 71, 329, 138, 397, 398, 399, 16, 339, 222, 287, 36, 228, 106, 368, 178]",18
4334,"[0, 1, 2, 3, 393, 329, 397, 398, 399, 20, 214, 156, 222, 106, 234, 236, 308, 184]",18
4335,"[1, 2, 3, 69, 71, 397, 398, 399, 339, 222, 106, 365, 109, 368, 178, 251]",16
4336,"[0, 1, 2, 393, 139, 397, 398, 399, 214, 156, 222, 163, 106, 301, 302, 47, 308]",17
4337,"[0, 1, 2, 73, 266, 331, 397, 398, 399, 89, 220, 222, 106, 185]",14
4338,"[0, 1, 2, 7, 397, 398, 399, 156, 37, 170, 198, 201, 329, 339, 222, 229, 106, 107, 373, 127]",20
4339,"[0, 1, 2, 3, 257, 397, 398, 399, 22, 329, 203, 77, 337, 339, 88, 222, 106, 110, 367, 117]",20
4340,"[0, 1, 2, 7, 397, 398, 399, 20, 156, 37, 170, 198, 329, 339, 222, 106, 107, 234, 373, 127]",20
4341,"[0, 1, 2, 3, 256, 138, 139, 397, 398, 143, 16, 399, 277, 36, 320, 71, 329, 339, 222, 106, 238, 368]",22
4342,"[0, 1, 393, 106, 397, 398, 399, 156, 222]",9
4343,"[0, 1, 329, 266, 397, 398, 399, 222, 106, 107, 112]",11
4344,"[0, 1, 262, 138, 266, 75, 397, 270, 398, 399, 276, 222, 106, 365, 245]",15
4345,"[0, 1, 2, 384, 329, 77, 398, 399, 397, 222, 106, 178]",12
4346,"[0, 1, 2, 3, 71, 266, 397, 398, 399, 344, 106, 109, 368, 178, 370, 190]",16
4347,"[0, 1, 3, 262, 329, 266, 397, 398, 399, 80, 19, 22, 222, 106, 365, 110, 245, 117]",18
4348,"[0, 1, 258, 3, 259, 200, 139, 397, 398, 399, 87, 222, 106, 241]",14
4349,"[0, 1, 2, 3, 138, 139, 397, 398, 143, 16, 399, 36, 178, 320, 198, 71, 329, 339, 222, 106, 368]",21
4350,"[0, 1, 2, 3, 71, 138, 139, 397, 398, 399, 339, 222, 355, 106, 175, 368, 178, 312]",18
4351,"[0, 1, 2, 3, 397, 398, 399, 28, 158, 159, 289, 169, 178, 309, 54, 191, 206, 80, 336, 339, 222, 351, 106, 118]",24
4352,"[0, 1, 397, 398, 399, 80, 339, 222, 106, 365]",10
4353,"[0, 1, 3, 266, 138, 397, 398, 399, 283, 37, 41, 53, 309, 186, 196, 339, 222, 106, 236, 118]",20
4354,"[0, 1, 2, 3, 266, 397, 398, 270, 399, 276, 178, 316, 71, 329, 339, 211, 222, 106, 107, 365, 112, 369, 374]",23
4355,"[0, 1, 3, 7, 397, 398, 399, 156, 37, 170, 184, 198, 329, 222, 106, 107, 236, 373, 127]",19
4356,"[0, 1, 2, 384, 77, 398, 399, 397, 339, 222, 106, 45, 372]",13
4357,"[0, 1, 2, 73, 266, 331, 397, 398, 399, 89, 220, 222, 106, 372, 185]",15
4358,"[1, 2, 3, 71, 397, 270, 399, 398, 339, 276, 344, 222, 106, 236, 368, 369, 178, 374]",18
4359,"[0, 1, 2, 3, 138, 139, 397, 398, 399, 19, 178, 190, 320, 69, 71, 329, 339, 84, 106, 365, 368, 370, 250]",23
4360,"[0, 1, 2, 3, 385, 138, 397, 398, 399, 156, 160, 303, 178, 190, 71, 200, 339, 106, 364, 368, 241, 370, 371]",23
4361,"[0, 1, 329, 266, 397, 398, 399, 222, 106, 107, 112, 372]",12
4362,"[0, 1, 2, 3, 9, 397, 398, 399, 178, 190, 71, 75, 206, 339, 106, 107, 368, 370, 251]",19
4363,"[0, 1, 2, 3, 266, 139, 397, 398, 399, 284, 296, 169, 43, 178, 71, 206, 339, 222, 102, 106, 236, 365, 368]",23
4364,"[0, 1, 2, 3, 71, 266, 10, 397, 398, 399, 88, 222, 102, 106, 368, 178, 372]",17
4365,"[0, 1, 258, 3, 259, 200, 139, 397, 398, 399, 339, 87, 222, 106, 364, 241]",16
4366,"[0, 1, 2, 3, 138, 139, 397, 398, 143, 16, 399, 36, 178, 320, 198, 71, 329, 339, 222, 106, 368]",21
4367,"[0, 1, 2, 7, 9, 393, 397, 398, 399, 159, 37, 296, 198, 329, 222, 106, 235, 107, 372, 373, 127]",21
4368,"[0, 1, 2, 262, 266, 138, 139, 397, 270, 399, 398, 276, 28, 289, 169, 54, 191, 197, 75, 206, 339, 88, 222, 106, 365, 245]",26
4369,"[0, 1, 2, 71, 397, 398, 399, 339, 222, 287, 228, 106, 236, 302, 47, 368, 178]",17
4370,"[1, 106, 397, 398, 399, 339, 222]",7
4371,"[0, 1, 2, 3, 266, 397, 398, 399, 279, 156, 178, 316, 71, 201, 339, 222, 106, 109, 365, 249]",20
4372,"[0, 1, 2, 3, 266, 397, 398, 399, 29, 305, 178, 69, 71, 329, 339, 348, 222, 106, 236, 365, 368]",21
4373,"[0, 1, 2, 3, 259, 397, 398, 399, 48, 65, 71, 200, 210, 339, 87, 222, 106, 364, 368, 241, 240]",21
4374,"[1, 3, 329, 397, 398, 399, 106, 370, 184, 190]",10
4375,"[0, 1, 2, 3, 261, 266, 397, 398, 399, 25, 154, 29, 305, 178, 69, 71, 329, 81, 339, 219, 348, 222, 106, 236, 365, 368, 382]",27
4376,"[0, 1, 2, 3, 138, 139, 397, 398, 399, 17, 19, 276, 178, 312, 186, 71, 329, 339, 222, 356, 106, 237, 368, 250]",24
4377,"[0, 1, 2, 3, 397, 398, 399, 156, 37, 178, 316, 71, 76, 339, 222, 352, 106, 365, 240, 373]",20
4378,"[0, 1, 2, 3, 259, 266, 397, 398, 399, 276, 25, 178, 71, 339, 219, 222, 106, 236, 365, 109, 368, 369, 374, 251, 382]",25
4379,"[1, 2, 3, 71, 397, 398, 399, 339, 19, 84, 222, 106, 43, 365, 368, 178, 250]",17
4380,"[0, 1, 2, 3, 266, 397, 398, 399, 276, 178, 312, 71, 339, 222, 106, 236, 237, 365, 109, 368, 374, 251]",22
4381,"[0, 1, 2, 3, 71, 201, 397, 398, 399, 339, 279, 344, 156, 222, 106, 109, 368, 178]",18
4382,"[0, 1, 262, 9, 266, 138, 139, 75, 270, 399, 398, 397, 339, 276, 222, 106, 365, 245]",18
4383,"[0, 1, 2, 3, 9, 138, 397, 398, 399, 178, 316, 190, 71, 75, 333, 79, 214, 106, 107, 365, 370]",21
4384,"[0, 1, 2, 3, 262, 9, 266, 138, 139, 397, 270, 398, 399, 276, 28, 289, 169, 178, 309, 54, 191, 197, 75, 206, 339, 222, 106, 365, 245, 118]",30
4385,"[0, 1, 2, 3, 256, 387, 138, 397, 398, 399, 277, 26, 302, 47, 308, 71, 329, 339, 222, 106, 238, 245]",22
4386,"[0, 1, 2, 3, 256, 138, 139, 397, 398, 399, 277, 301, 302, 47, 308, 188, 71, 329, 339, 222, 106, 236, 238, 245]",24
4387,"[0, 1, 2, 3, 9, 138, 266, 267, 397, 270, 398, 139, 399, 276, 21, 152, 178, 316, 66, 71, 329, 75, 90, 106, 365]",25
4388,"[0, 1, 2, 3, 397, 398, 399, 279, 165, 178, 315, 316, 71, 201, 339, 222, 106, 109, 365, 368]",20
4389,"[0, 1, 2, 3, 329, 140, 397, 398, 399, 339, 284, 156, 222, 106, 236, 178, 184]",17
4390,"[0, 1, 2, 393, 397, 78, 398, 80, 399, 156, 222, 161, 106, 372]",14
4391,"[0, 1, 2, 3, 261, 139, 397, 398, 399, 150, 284, 29, 169, 305, 178, 307, 69, 71, 206, 339, 85, 222, 357, 106, 365, 368, 369, 240]",28
4392,"[0, 1, 2, 3, 393, 140, 397, 398, 399, 25, 156, 284, 170, 178, 329, 339, 222, 106, 108]",19
4393,"[0, 1, 2, 7, 266, 138, 397, 398, 399, 33, 37, 198, 329, 339, 345, 222, 106, 107, 109, 373, 127]",21
4394,"[0, 1, 2, 3, 391, 267, 397, 398, 399, 21, 152, 178, 316, 190, 66, 71, 329, 80, 347, 98, 106, 365, 370]",23
4395,"[0, 1, 2, 3, 139, 397, 398, 399, 145, 276, 159, 178, 71, 75, 80, 339, 344, 222, 106, 236, 368]",21
4396,"[0, 1, 2, 320, 133, 71, 329, 138, 139, 397, 398, 399, 339, 222, 106, 236, 368, 178]",18
4397,"[0, 1, 2, 71, 138, 397, 398, 399, 339, 222, 352, 106, 236, 240, 368, 178, 373]",17
4398,"[0, 1, 198, 7, 329, 266, 138, 397, 398, 399, 339, 222, 106, 109, 373]",15
4399,"[0, 2, 3, 69, 327, 71, 137, 266, 139, 397, 398, 399, 145, 20, 344, 168, 368, 178]",18
4400,"[0, 1, 2, 3, 137, 266, 139, 397, 398, 399, 145, 168, 178, 71, 339, 222, 106, 236, 368]",19
4401,"[1, 106, 397, 398, 399, 339, 222]",7
4402,"[0, 1, 2, 3, 257, 397, 398, 399, 278, 159, 178, 181, 316, 190, 71, 333, 79, 337, 339, 106, 365, 370, 115, 123]",24
4403,"[0, 1, 2, 389, 397, 398, 399, 80, 339, 345, 220, 222, 33, 106, 365, 185]",16
4404,"[0, 1, 2, 3, 139, 397, 398, 399, 150, 284, 169, 178, 180, 53, 186, 194, 71, 202, 206, 339, 222, 357, 106, 236, 240, 368]",26
4405,"[0, 1, 2, 3, 385, 266, 397, 398, 399, 20, 178, 316, 69, 327, 71, 339, 344, 222, 106, 109, 365, 368]",22
4406,"[0, 1, 2, 3, 262, 266, 397, 398, 399, 178, 316, 66, 71, 329, 339, 222, 352, 106, 365, 240]",20
4407,"[0, 1, 3, 389, 397, 398, 399, 144, 19, 159, 164, 185, 186, 64, 71, 199, 329, 214, 90, 222, 106, 236, 368, 372, 126]",25
4408,"[0, 1, 2, 3, 137, 266, 139, 397, 398, 399, 145, 146, 285, 30, 168, 178, 316, 71, 204, 339, 212, 88, 218, 222, 106, 365, 368, 240]",28
4409,"[0, 1, 2, 71, 138, 397, 398, 399, 339, 222, 352, 106, 236, 368, 240, 178]",16
4410,"[0, 1, 2, 3, 138, 395, 139, 269, 397, 143, 16, 399, 398, 36, 308, 320, 71, 329, 339, 222, 106, 245]",22
4411,"[0, 1, 2, 3, 259, 138, 139, 397, 398, 399, 300, 301, 302, 47, 178, 188, 71, 329, 339, 222, 106, 236, 365, 109, 368, 369, 251]",27
4412,"[0, 1, 2, 385, 266, 138, 139, 397, 398, 399, 277, 279, 298, 299, 346, 222, 106, 365, 238, 372]",20
4413,"[0, 1, 2, 3, 71, 266, 397, 398, 399, 339, 222, 106, 368, 178, 53, 186, 59]",17
4414,"[0, 1, 2, 397, 398, 399, 339, 346, 222, 159, 106, 299, 126]",13
4415,"[0, 1, 2, 3, 138, 397, 398, 399, 144, 19, 164, 299, 64, 199, 329, 339, 90, 346, 222, 106, 236, 368]",22
4416,"[0, 1, 2, 3, 392, 138, 139, 397, 398, 399, 145, 282, 163, 302, 47, 178, 51, 71, 329, 335, 339, 348, 222, 106, 236, 368]",26
4417,"[0, 1, 2, 393, 139, 397, 398, 399, 272, 163, 301, 302, 47, 178, 188, 199, 329, 331, 339, 341, 222, 106, 119]",23
4418,"[0, 1, 2, 3, 138, 139, 397, 398, 399, 145, 178, 320, 71, 329, 339, 222, 106, 236, 365, 109, 368, 251]",22
4419,"[0, 1, 2, 3, 261, 397, 398, 399, 178, 307, 71, 339, 221, 222, 232, 106, 112, 369, 368, 240]",20
4420,"[0, 1, 2, 3, 138, 397, 398, 399, 159, 178, 311, 316, 190, 71, 339, 214, 349, 106, 109, 365, 370, 123]",22
4421,"[0, 1, 2, 3, 397, 398, 399, 33, 178, 71, 339, 221, 222, 106, 364, 237, 236, 240, 368, 112, 376]",21
4422,"[0, 1, 257, 3, 329, 397, 398, 399, 339, 222, 106, 236, 51, 184]",14
4423,"[0, 1, 2, 3, 397, 398, 399, 144, 19, 33, 164, 64, 199, 73, 329, 76, 339, 345, 222, 106, 107, 236, 368]",23
4424,"[0, 1, 2, 3, 138, 397, 398, 399, 159, 178, 311, 316, 190, 71, 214, 349, 106, 109, 365, 370, 123]",21
4425,"[0, 1, 2, 384, 266, 77, 398, 334, 399, 397, 339, 88, 345, 222, 159, 33, 106]",17
4426,"[0, 1, 2, 3, 259, 397, 14, 398, 399, 339, 222, 106, 45, 303, 372, 118, 61]",17
4427,"[0, 1, 2, 3, 259, 138, 139, 397, 398, 399, 178, 320, 71, 329, 339, 344, 222, 106, 236, 368, 369]",21
4428,"[0, 1, 2, 3, 384, 397, 334, 14, 398, 77, 399, 345, 222, 159, 33, 106, 372, 61]",18
4429,"[1, 2, 3, 71, 76, 397, 398, 399, 339, 106, 365, 370, 178, 316, 190]",15
4430,"[0, 1, 2, 3, 262, 266, 397, 398, 399, 144, 288, 33, 64, 199, 329, 339, 345, 222, 106, 236, 368, 245]",22
4431,"[0, 1, 2, 3, 261, 329, 138, 139, 397, 398, 399, 17, 339, 222, 106, 188]",16
4432,"[0, 1, 2, 397, 398, 399, 278, 165, 177, 178, 315, 71, 339, 222, 106, 236, 368, 374, 381]",19
4433,"[0, 1, 2, 3, 259, 71, 397, 398, 399, 339, 344, 222, 365, 368, 178, 373, 316]",17
4434,"[1, 2, 3, 329, 397, 398, 399, 339, 222, 224, 106, 236, 53, 184, 186, 317]",16
4435,"[0, 1, 2, 3, 259, 266, 139, 397, 398, 399, 25, 156, 37, 178, 71, 76, 81, 339, 222, 365, 109, 368, 116, 251]",24
4436,"[0, 1, 2, 3, 261, 71, 397, 398, 399, 339, 222, 106, 236, 45, 368, 178, 372]",17
4437,"[1, 2, 3, 71, 329, 397, 398, 399, 339, 222, 101, 104, 106, 43, 236, 365, 368]",17
4438,"[0, 1, 2, 3, 397, 398, 399, 170, 178, 316, 190, 66, 71, 329, 339, 106, 365, 370, 373]",19
4439,"[1, 2, 3, 397, 398, 399, 279, 178, 311, 71, 201, 339, 344, 345, 349, 222, 106, 365, 109, 368]",20
4440,"[0, 1, 2, 3, 391, 138, 397, 398, 399, 279, 159, 178, 316, 190, 66, 71, 329, 98, 106, 365, 370, 123]",22
4441,"[0, 1, 2, 3, 391, 7, 266, 397, 398, 399, 178, 311, 316, 71, 339, 345, 349, 222, 100, 106, 109, 365]",22
4442,"[0, 1, 2, 3, 266, 397, 398, 399, 159, 178, 186, 316, 66, 71, 329, 330, 344, 101, 365, 123]",20
4443,"[0, 1, 2, 3, 266, 397, 398, 399, 291, 299, 178, 186, 71, 330, 339, 344, 346, 222, 101, 106, 365, 368]",22
4444,"[0, 1, 2, 3, 138, 139, 269, 398, 399, 16, 397, 163, 36, 302, 47, 178, 53, 186, 71, 329, 339, 222, 106, 368]",24
4445,"[0, 1, 2, 3, 261, 266, 397, 398, 399, 282, 178, 71, 329, 339, 348, 222, 106, 236, 368]",19
4446,"[1, 2, 71, 397, 398, 399, 339, 222, 106, 368, 178]",11
4447,"[0, 1, 2, 3, 138, 139, 397, 14, 399, 398, 28, 284, 289, 169, 178, 61, 191, 197, 80, 339, 222, 106, 365, 251]",24
4448,"[0, 1, 2, 3, 261, 138, 139, 397, 398, 399, 17, 178, 184, 188, 61, 69, 71, 329, 339, 348, 222, 106, 236, 368]",24
4449,"[0, 1, 2, 3, 201, 73, 329, 76, 397, 14, 398, 399, 339, 222, 229, 106, 107, 61]",18
4450,"[0, 1, 2, 3, 259, 266, 139, 397, 398, 399, 300, 178, 190, 71, 206, 81, 339, 102, 106, 365, 368, 369, 370]",23
4451,"[0, 1, 2, 394, 397, 398, 399, 150, 284, 178, 71, 202, 206, 339, 222, 357, 106, 236, 365, 368]",20
4452,"[1, 2, 3, 397, 398, 399, 285, 159, 178, 51, 190, 71, 329, 206, 335, 348, 106, 365, 368, 370, 123]",21
4453,"[0, 1, 2, 3, 265, 266, 397, 14, 143, 398, 399, 146, 280, 61, 339, 89, 222, 106, 372]",19
4454,"[0, 1, 2, 3, 138, 139, 397, 398, 399, 178, 183, 320, 71, 329, 207, 339, 222, 102, 106, 368, 383]",21
4455,"[0, 1, 2, 3, 261, 266, 397, 398, 399, 299, 178, 186, 71, 329, 330, 339, 346, 348, 222, 101, 106, 368, 126]",23
4456,"[0, 1, 2, 393, 397, 398, 207, 399, 146, 339, 280, 222, 106, 372]",14
4457,"[0, 1, 397, 398, 399, 339, 222, 170, 106, 373]",10
4458,"[0, 1, 2, 3, 138, 397, 398, 399, 302, 47, 178, 53, 186, 61, 71, 329, 339, 348, 222, 106, 236, 368]",22
4459,"[0, 1, 2, 329, 138, 139, 397, 398, 399, 17, 339, 222, 224, 106, 236, 188, 317]",17
4460,"[0, 1, 2, 3, 266, 397, 398, 399, 270, 170, 178, 311, 316, 71, 339, 344, 345, 222, 106, 109, 365, 368, 373, 249]",24
4461,"[0, 1, 2, 3, 384, 12, 397, 14, 398, 399, 159, 178, 61, 329, 331, 77, 334, 80, 339, 222, 106, 249]",22
4462,"[1, 2, 3, 261, 71, 397, 398, 399, 339, 222, 102, 106, 236, 368, 178]",15
4463,"[0, 1, 2, 3, 393, 139, 397, 14, 399, 272, 398, 284, 28, 289, 169, 178, 61, 191, 197, 207, 339, 222, 106]",23
4464,"[0, 1, 2, 3, 395, 397, 398, 399, 150, 284, 71, 329, 202, 339, 222, 357, 102, 106, 236, 368]",20
4465,"[0, 1, 2, 3, 384, 12, 397, 398, 399, 151, 159, 178, 314, 329, 331, 77, 334, 339, 222, 106]",20
4466,"[0, 1, 2, 3, 385, 397, 14, 398, 399, 339, 222, 361, 106, 373, 61]",15
4467,"[0, 1, 2, 3, 138, 139, 397, 14, 399, 398, 17, 163, 301, 313, 188, 61, 80, 339, 341, 222, 106, 365, 119]",23
4468,"[0, 1, 2, 3, 397, 398, 399, 150, 284, 178, 311, 71, 202, 339, 345, 222, 357, 106, 109, 365, 368]",21
4469,"[0, 1, 2, 3, 138, 266, 139, 397, 14, 399, 398, 283, 37, 314, 61, 196, 80, 339, 218, 219, 222, 106, 365, 373, 376, 249]",26
4470,"[0, 1, 2, 71, 202, 397, 398, 399, 339, 150, 284, 222, 357, 106, 236, 365, 368, 178]",18
4471,"[0, 1, 2, 3, 138, 395, 139, 397, 398, 399, 163, 302, 47, 178, 308, 59, 329, 339, 222, 106, 368, 245]",22
4472,"[0, 1, 2, 3, 128, 389, 137, 138, 397, 398, 399, 159, 177, 178, 190, 71, 72, 206, 220, 106, 365, 368, 370, 123, 126]",25
4473,"[0, 1, 2, 259, 139, 397, 398, 399, 339, 218, 222, 106, 303, 118, 183]",15
4474,"[0, 1, 2, 71, 397, 398, 399, 339, 222, 232, 106, 236, 365, 109, 240, 368, 178, 251]",18
4475,"[0, 1, 2, 3, 7, 392, 266, 397, 398, 399, 178, 71, 329, 339, 348, 222, 106, 364, 236, 240, 368, 376]",22
4476,"[0, 1, 2, 3, 266, 397, 398, 399, 299, 178, 186, 71, 330, 339, 88, 346, 222, 101, 106, 365, 368, 371, 126]",23
4477,"[0, 1, 2, 3, 201, 138, 329, 397, 398, 399, 80, 339, 222, 229, 106, 236, 365, 184]",18
4478,"[0, 1, 2, 3, 385, 266, 139, 397, 398, 399, 45, 184, 329, 339, 218, 222, 361, 106, 238, 372]",20
4479,"[0, 1, 2, 3, 266, 139, 397, 398, 399, 279, 178, 316, 71, 201, 81, 339, 344, 345, 349, 222, 106, 364, 109, 365]",24
4480,"[0, 1, 2, 3, 266, 397, 398, 399, 33, 296, 178, 71, 339, 222, 106, 364, 236, 237, 240, 368, 376]",21
4481,"[0, 1, 2, 138, 139, 397, 398, 399, 284, 28, 289, 169, 191, 197, 80, 339, 222, 106, 365, 251]",20
4482,"[0, 1, 2, 3, 138, 395, 397, 398, 399, 166, 302, 47, 307, 308, 71, 329, 339, 222, 106, 236, 368, 369, 245, 375]",24
4483,"[0, 2, 3, 71, 266, 330, 397, 398, 399, 346, 291, 101, 299, 368, 178, 186]",16
4484,"[0, 1, 2, 3, 391, 138, 397, 398, 399, 159, 178, 316, 190, 66, 71, 329, 74, 206, 214, 100, 106, 365, 370, 123]",24
4485,"[0, 1, 385, 397, 398, 399, 339, 222, 361, 106, 238]",11
4486,"[0, 1, 2, 3, 397, 398, 399, 170, 178, 311, 315, 316, 71, 73, 339, 344, 345, 222, 106, 109, 365, 368, 381]",23
4487,"[0, 1, 2, 3, 261, 397, 398, 399, 282, 29, 174, 305, 178, 71, 329, 339, 348, 222, 97, 106, 368, 241]",22
4488,"[0, 1, 2, 3, 260, 259, 266, 139, 397, 398, 399, 25, 178, 327, 71, 81, 339, 222, 106, 236, 365, 109, 368, 369, 251, 383]",26
4489,"[1, 3, 397, 206, 399, 398, 339, 106, 365, 370, 53, 186, 190]",13
4490,"[0, 1, 2, 3, 259, 138, 397, 398, 399, 282, 300, 302, 47, 178, 71, 329, 339, 348, 222, 106, 236, 109, 368, 369, 251]",25
4491,"[0, 1, 2, 3, 392, 266, 397, 398, 399, 150, 169, 44, 178, 184, 61, 198, 71, 329, 206, 80, 339, 348, 222, 357, 106, 236, 365, 368, 240]",29
4492,"[0, 1, 2, 3, 138, 266, 139, 397, 398, 399, 17, 37, 295, 47, 188, 196, 198, 329, 80, 208, 339, 222, 224, 96, 106, 236, 365, 372]",28
4493,"[0, 1, 2, 3, 259, 397, 398, 399, 144, 278, 303, 191, 64, 197, 199, 329, 337, 339, 211, 88, 222, 106, 236, 365, 368, 118]",26
4494,"[0, 1, 2, 3, 259, 385, 397, 398, 399, 28, 289, 169, 178, 191, 192, 197, 71, 339, 87, 222, 361, 106, 372, 121]",24
4495,"[0, 1, 2, 3, 320, 128, 71, 72, 139, 397, 398, 399, 339, 222, 106, 236, 368, 178]",18
4496,"[0, 1, 2, 3, 268, 397, 398, 399, 150, 30, 159, 178, 313, 190, 71, 206, 80, 357, 106, 365, 368, 240, 370, 247, 123]",25
4497,"[0, 1, 2, 266, 267, 397, 398, 399, 339, 156, 220, 222, 170, 106, 373, 185, 62]",17
4498,"[0, 1, 2, 3, 393, 397, 398, 399, 272, 178, 181, 190, 71, 333, 206, 79, 207, 83, 212, 230, 106, 365, 369, 370, 125]",25
4499,"[0, 1, 2, 3, 397, 398, 399, 150, 159, 178, 311, 190, 71, 345, 357, 106, 365, 109, 368, 240, 370, 123]",22
4500,"[0, 1, 2, 3, 393, 266, 267, 397, 398, 399, 272, 299, 184, 329, 207, 339, 212, 89, 346, 222, 224, 230, 106, 236, 372]",25
4501,"[0, 1, 385, 259, 331, 397, 398, 399, 339, 87, 222, 106, 308]",13
4502,"[1, 2, 3, 261, 71, 329, 397, 398, 399, 339, 282, 348, 222, 106, 109, 368, 178, 251]",18
4503,"[0, 1, 393, 267, 397, 398, 399, 339, 212, 222, 230, 106, 51, 373, 185]",15
4504,"[0, 1, 2, 3, 8, 266, 140, 397, 398, 399, 178, 311, 316, 71, 339, 345, 222, 106, 109, 365, 368]",21
4505,"[0, 1, 2, 3, 138, 269, 398, 399, 16, 397, 291, 36, 178, 198, 71, 329, 80, 339, 222, 106, 365, 368]",22
4506,"[1, 2, 71, 397, 398, 399, 339, 344, 222, 106, 236, 365, 368, 178]",14
4507,"[0, 1, 2, 3, 261, 138, 397, 398, 399, 159, 178, 190, 71, 329, 206, 106, 365, 368, 370, 250, 123]",21
4508,"[0, 1, 2, 3, 391, 138, 397, 398, 399, 159, 178, 181, 316, 190, 71, 333, 206, 79, 214, 100, 106, 365, 370, 123]",24
4509,"[1, 2, 3, 329, 397, 398, 399, 17, 339, 213, 222, 106, 178]",13
4510,"[0, 1, 2, 3, 397, 398, 399, 276, 178, 311, 62, 71, 207, 339, 345, 222, 106, 365, 109, 368, 373]",21
4511,"[0, 1, 138, 266, 397, 398, 399, 80, 339, 219, 222, 106, 365, 372]",14
4512,"[0, 1, 2, 3, 397, 398, 399, 273, 38, 178, 316, 62, 190, 66, 71, 329, 206, 207, 339, 106, 365, 370, 373]",23
4513,"[0, 1, 2, 3, 138, 139, 269, 397, 399, 16, 17, 398, 36, 301, 178, 53, 186, 188, 71, 329, 339, 222, 106, 368]",24
4514,"[0, 1, 2, 138, 139, 397, 398, 399, 163, 301, 302, 47, 313, 188, 80, 339, 341, 222, 106, 365, 119]",21
4515,"[0, 1, 2, 3, 387, 138, 395, 397, 398, 399, 26, 308, 182, 188, 71, 329, 339, 222, 106, 236, 245]",21
4516,"[1, 2, 3, 71, 329, 397, 398, 399, 339, 222, 101, 104, 106, 43, 365, 368, 178, 250]",18
4517,"[0, 1, 2, 397, 398, 399, 339, 212, 27, 222, 159, 106, 115, 185]",14
4518,"[0, 1, 2, 3, 138, 397, 398, 399, 273, 23, 159, 38, 178, 190, 71, 206, 106, 364, 365, 368, 370, 373, 123]",23
4519,"[0, 1, 2, 384, 260, 266, 397, 398, 399, 160, 38, 196, 325, 329, 339, 89, 91, 92, 222, 106, 107, 372]",22
4520,"[0, 1, 2, 3, 138, 397, 398, 399, 144, 299, 64, 199, 329, 80, 339, 346, 222, 106, 236, 365, 368]",21
4521,"[0, 1, 321, 3, 75, 331, 397, 398, 399, 145, 339, 151, 222, 159, 106, 314]",16
4522,"[1, 2, 139, 397, 398, 399, 339, 341, 222, 163, 106, 301, 302, 47, 119, 188]",16
4523,"[0, 1, 2, 3, 397, 398, 399, 150, 285, 159, 178, 190, 71, 329, 206, 348, 357, 106, 365, 240, 368, 370, 123]",23
4524,"[0, 1, 2, 3, 392, 397, 398, 399, 150, 291, 44, 178, 184, 61, 198, 71, 329, 80, 339, 348, 222, 357, 106, 236, 365, 368, 240]",27
4525,"[0, 1, 2, 267, 397, 398, 207, 399, 339, 220, 222, 165, 106, 373, 185, 62]",16
4526,"[1, 2, 3, 71, 76, 397, 206, 399, 398, 339, 106, 365, 368, 178, 370, 190]",16
4527,"[0, 1, 2, 3, 397, 14, 398, 399, 287, 299, 302, 52, 53, 186, 190, 206, 339, 106, 365, 370]",20
4528,"[0, 1, 2, 3, 397, 398, 399, 150, 178, 71, 339, 222, 356, 357, 106, 236, 365, 109, 368, 240, 251]",21
4529,"[0, 1, 2, 3, 259, 397, 398, 399, 273, 156, 38, 178, 51, 316, 71, 207, 339, 222, 106, 365, 368, 373]",22
4530,"[0, 1, 2, 3, 71, 266, 397, 398, 399, 339, 345, 222, 106, 364, 109, 365, 178, 316]",18
4531,"[0, 1, 2, 393, 397, 398, 399, 27, 159, 296, 183, 185, 339, 212, 88, 222, 106, 115, 383]",19
4532,"[0, 1, 2, 138, 266, 139, 397, 398, 399, 161, 292, 299, 193, 339, 346, 222, 229, 106, 365, 373, 249]",21
4533,"[0, 1, 393, 397, 398, 207, 399, 273, 339, 156, 222, 38, 106, 51, 373]",15
4534,"[0, 1, 2, 3, 261, 263, 138, 139, 397, 398, 399, 29, 295, 305, 189, 319, 329, 339, 222, 106]",20
4535,"[0, 1, 2, 257, 266, 138, 397, 398, 399, 80, 339, 346, 219, 222, 106, 299, 365, 249]",18
4536,"[0, 1, 2, 3, 259, 138, 266, 139, 397, 398, 399, 17, 37, 178, 188, 325, 71, 329, 339, 222, 106, 236, 365, 109, 368, 369, 251]",27
4537,"[0, 1, 2, 3, 259, 266, 397, 398, 399, 20, 300, 178, 190, 69, 327, 71, 206, 339, 102, 106, 365, 368, 369, 370]",24
4538,"[0, 2, 71, 8, 140, 397, 398, 399, 365, 368, 178]",11
4539,"[0, 1, 2, 3, 397, 398, 399, 273, 156, 38, 178, 51, 184, 329, 207, 339, 222, 106, 236, 373]",20
4540,"[0, 2, 71, 266, 397, 270, 399, 398, 23, 223, 368, 178, 116]",13
4541,"[0, 1, 2, 3, 266, 267, 397, 398, 399, 165, 178, 185, 316, 66, 71, 329, 206, 339, 88, 220, 222, 106, 365, 368]",24
4542,"[0, 1, 2, 3, 7, 266, 397, 398, 399, 270, 278, 159, 178, 316, 190, 71, 74, 206, 106, 109, 365, 370, 123]",23
4543,"[0, 1, 2, 3, 263, 138, 139, 268, 397, 398, 399, 30, 306, 184, 313, 329, 80, 339, 222, 224, 106, 236, 247]",23
4544,"[0, 1, 2, 3, 266, 397, 270, 399, 398, 25, 178, 71, 339, 88, 222, 356, 106, 365, 368, 371, 116]",21
4545,"[0, 1, 397, 398, 399, 339, 86, 222, 351, 106, 372]",11
4546,"[0, 1, 2, 3, 391, 267, 397, 398, 399, 37, 165, 178, 185, 316, 71, 76, 206, 339, 220, 222, 100, 106, 365, 373]",24
4547,"[0, 1, 2, 3, 262, 266, 138, 397, 398, 399, 149, 28, 289, 169, 178, 186, 191, 192, 323, 197, 331, 207, 80, 339, 222, 106, 365, 245, 251]",29
4548,"[0, 1, 2, 3, 266, 397, 398, 399, 156, 170, 178, 316, 71, 206, 339, 222, 106, 109, 365, 368, 249]",21
4549,"[0, 1, 2, 3, 397, 398, 399, 161, 299, 174, 184, 193, 329, 339, 346, 222, 229, 230, 106, 236, 372, 249]",22
4550,"[0, 1, 2, 3, 138, 266, 139, 397, 270, 398, 399, 276, 178, 316, 190, 66, 71, 329, 206, 91, 106, 365, 370]",23
4551,"[0, 1, 2, 389, 266, 397, 398, 399, 278, 27, 45, 185, 192, 197, 339, 212, 220, 222, 106, 372]",20
4552,"[0, 1, 2, 3, 133, 134, 262, 266, 397, 398, 399, 33, 178, 195, 71, 339, 222, 106, 364, 237, 236, 240, 368, 245, 376]",25
4553,"[0, 1, 2, 3, 329, 266, 397, 398, 399, 339, 222, 159, 106, 236, 53, 184, 186, 188]",18
4554,"[0, 1, 2, 3, 385, 397, 398, 399, 156, 168, 170, 178, 71, 339, 222, 106, 236, 365, 368]",19
4555,"[0, 1, 2, 3, 393, 397, 398, 399, 272, 279, 28, 289, 162, 169, 178, 308, 191, 192, 197, 71, 331, 207, 339, 222, 106, 372, 373]",27
4556,"[0, 1, 2, 3, 266, 397, 398, 399, 159, 33, 188, 71, 339, 222, 106, 364, 236, 237, 240, 368, 376]",21
4557,"[0, 1, 2, 3, 138, 267, 397, 398, 399, 30, 165, 178, 313, 185, 71, 206, 339, 220, 222, 106, 236, 365, 368]",23
4558,"[0, 1, 2, 3, 397, 398, 399, 284, 178, 180, 53, 186, 194, 71, 202, 339, 221, 222, 232, 106, 236, 240, 112, 368]",24
4559,"[0, 1, 2, 138, 12, 397, 398, 399, 80, 339, 212, 27, 222, 361, 106, 365, 185]",17
4560,"[0, 1, 2, 3, 261, 139, 397, 398, 399, 150, 284, 29, 305, 178, 71, 202, 339, 222, 357, 102, 106, 236, 240, 368]",24
4561,"[0, 1, 2, 3, 259, 266, 397, 398, 399, 20, 178, 69, 327, 71, 339, 222, 106, 236, 365, 109, 368, 369, 251]",23
4562,"[0, 1, 2, 3, 260, 266, 397, 398, 399, 144, 160, 64, 196, 325, 199, 329, 339, 89, 91, 92, 222, 106, 236, 368]",24
4563,"[0, 1, 2, 138, 397, 398, 399, 28, 289, 169, 178, 186, 191, 192, 197, 331, 207, 80, 339, 222, 106, 365, 251]",23
4564,"[0, 1, 2, 393, 267, 397, 398, 399, 272, 279, 161, 162, 299, 308, 193, 331, 78, 207, 80, 339, 346, 222, 229, 106, 373, 249]",26
4565,"[0, 1, 2, 3, 133, 138, 266, 397, 398, 399, 287, 37, 178, 53, 186, 325, 71, 329, 78, 339, 92, 222, 228, 106, 236, 368]",26
4566,"[0, 1, 2, 3, 261, 266, 139, 397, 398, 399, 25, 29, 305, 178, 71, 339, 222, 355, 106, 236, 368, 116]",22
4567,"[1, 2, 71, 397, 206, 398, 399, 159, 106, 365, 178, 370, 123, 316, 190]",15
4568,"[0, 1, 2, 3, 137, 267, 397, 398, 399, 37, 165, 178, 185, 316, 190, 71, 76, 206, 339, 220, 106, 365, 370]",23
4569,"[1, 2, 3, 261, 71, 397, 398, 399, 339, 29, 222, 106, 368, 305, 178]",15
4570,"[0, 1, 384, 138, 397, 270, 399, 398, 339, 276, 91, 222, 106, 365]",14
4571,"[0, 1, 2, 3, 139, 397, 398, 399, 150, 284, 159, 178, 190, 71, 202, 357, 106, 365, 109, 240, 368, 370, 123]",23
4572,"[0, 1, 2, 3, 261, 139, 397, 398, 399, 150, 284, 29, 305, 178, 71, 329, 202, 206, 339, 348, 222, 357, 106, 236, 365, 240, 368]",27
4573,"[0, 1, 2, 265, 138, 12, 397, 398, 399, 283, 28, 289, 169, 178, 314, 191, 192, 321, 197, 80, 339, 217, 222, 361, 106, 365, 376]",27
4574,"[0, 1, 2, 3, 138, 266, 10, 267, 398, 399, 397, 37, 302, 47, 178, 183, 185, 325, 71, 329, 339, 88, 92, 222, 102, 106, 368, 383]",28
4575,"[0, 1, 2, 3, 138, 266, 139, 395, 398, 399, 397, 37, 178, 320, 325, 71, 329, 339, 344, 92, 222, 106, 109, 365, 368, 255]",26
4576,"[0, 1, 2, 3, 264, 266, 397, 398, 399, 145, 37, 178, 323, 329, 75, 331, 339, 92, 222, 106]",20
4577,"[0, 1, 2, 3, 261, 263, 136, 392, 138, 266, 139, 397, 398, 399, 283, 29, 44, 305, 178, 61, 69, 71, 329, 339, 217, 222, 223, 106, 236, 368]",30
4578,"[0, 1, 2, 3, 266, 267, 138, 10, 398, 399, 397, 25, 165, 178, 185, 71, 339, 88, 220, 222, 106, 368]",22
4579,"[0, 1, 2, 3, 385, 266, 397, 398, 399, 156, 165, 170, 178, 316, 71, 339, 211, 222, 106, 109, 365]",21
4580,"[0, 1, 2, 3, 257, 6, 391, 393, 397, 398, 399, 272, 25, 168, 178, 179, 190, 71, 106, 369, 370, 374, 125]",23
4581,"[0, 1, 2, 393, 267, 397, 398, 399, 272, 28, 289, 169, 178, 308, 54, 191, 192, 197, 199, 331, 75, 339, 88, 222, 106]",25
4582,"[0, 1, 2, 192, 197, 397, 398, 399, 339, 28, 222, 289, 230, 169, 106, 174, 178, 191]",18
4583,"[0, 1, 2, 3, 259, 138, 139, 397, 398, 399, 163, 300, 301, 302, 47, 178, 71, 329, 339, 222, 106, 236, 109, 368, 369, 251]",26
4584,"[0, 1, 2, 3, 262, 266, 397, 398, 399, 284, 308, 71, 202, 339, 84, 222, 102, 232, 106, 236, 368, 240, 245]",23
4585,"[0, 1, 2, 3, 138, 266, 397, 398, 399, 16, 36, 37, 302, 47, 178, 308, 325, 71, 329, 339, 222, 106, 236, 112, 245]",25
4586,"[0, 1, 2, 8, 393, 267, 397, 398, 399, 272, 28, 289, 33, 169, 178, 308, 185, 191, 192, 199, 75, 339, 222, 106]",24
4587,"[0, 1, 2, 3, 128, 138, 397, 398, 399, 177, 178, 60, 190, 71, 72, 206, 106, 235, 365, 368, 370, 123]",22
4588,"[0, 1, 2, 3, 259, 265, 397, 398, 399, 144, 283, 303, 329, 77, 337, 339, 217, 222, 228, 106, 236, 368, 118]",23
4589,"[0, 1, 2, 3, 138, 266, 139, 397, 398, 399, 283, 301, 302, 47, 304, 308, 182, 59, 188, 329, 339, 222, 106, 112, 368, 245]",26
4590,"[0, 1, 2, 3, 397, 270, 398, 399, 276, 159, 178, 316, 190, 71, 74, 77, 337, 106, 109, 365, 370, 123]",22
4591,"[0, 1, 2, 3, 259, 6, 138, 397, 398, 399, 300, 302, 47, 178, 316, 71, 329, 339, 221, 222, 106, 236, 365, 368, 369]",25
4592,"[0, 1, 2, 3, 385, 134, 262, 392, 266, 397, 398, 399, 282, 156, 33, 165, 170, 178, 181, 71, 329, 333, 79, 339, 211, 348, 222, 106, 364, 237, 236, 240, 368, 243, 245, 376]",36
4593,"[0, 1, 2, 3, 388, 261, 266, 397, 398, 399, 283, 29, 37, 305, 178, 59, 71, 339, 85, 92, 221, 222, 232, 106, 368, 240, 112]",27
4594,"[0, 1, 2, 3, 128, 392, 138, 397, 398, 399, 148, 302, 47, 178, 71, 72, 329, 339, 348, 222, 106, 236, 368]",23
4595,"[0, 1, 2, 266, 397, 398, 399, 159, 178, 316, 71, 336, 219, 106, 365, 114, 115, 123, 382]",19
4596,"[0, 1, 2, 3, 385, 266, 397, 398, 399, 156, 159, 165, 178, 181, 316, 190, 71, 333, 206, 79, 211, 106, 235, 365, 370, 376, 123]",27
4597,"[0, 1, 2, 3, 388, 392, 138, 139, 397, 398, 399, 283, 157, 37, 170, 306, 184, 70, 200, 329, 80, 339, 219, 222, 224, 355, 106, 107, 236, 365, 373, 376, 249]",33
4598,"[0, 1, 2, 3, 388, 266, 397, 398, 399, 146, 283, 285, 159, 37, 168, 178, 316, 71, 331, 339, 92, 221, 222, 232, 106, 236, 365, 112, 368, 240]",30
4599,"[0, 1, 2, 3, 392, 138, 139, 397, 270, 398, 144, 399, 18, 19, 276, 146, 30, 159, 162, 164, 64, 67, 199, 200, 329, 75, 204, 339, 87, 90, 222, 355, 106, 236, 365, 368, 372, 376]",38
4600,"[0, 1, 2, 3, 388, 10, 267, 397, 398, 399, 150, 283, 284, 37, 178, 183, 185, 71, 202, 339, 88, 222, 357, 102, 106, 368, 375, 383]",28
4601,"[0, 1, 2, 3, 259, 266, 397, 398, 399, 20, 25, 37, 170, 178, 69, 327, 71, 76, 339, 344, 222, 365, 368]",23
4602,"[0, 1, 2, 386, 265, 138, 266, 139, 397, 398, 399, 144, 283, 301, 302, 47, 304, 178, 188, 329, 339, 217, 222, 106, 236, 368]",26
4603,"[0, 1, 2, 258, 388, 9, 140, 397, 398, 399, 154, 283, 284, 37, 331, 339, 214, 222, 106, 107, 252]",21
4604,"[0, 1, 2, 3, 388, 266, 268, 397, 398, 399, 283, 162, 37, 178, 180, 313, 194, 71, 206, 80, 339, 92, 221, 222, 232, 106, 236, 365, 112, 240, 368, 247]",32
4605,"[0, 1, 2, 388, 73, 331, 267, 397, 398, 399, 339, 214, 283, 222, 37, 106, 185, 252]",18
4606,"[0, 1, 2, 3, 388, 397, 398, 399, 150, 283, 285, 159, 289, 37, 168, 169, 178, 53, 71, 331, 339, 222, 223, 357, 106, 236, 368]",27
4607,"[0, 1, 2, 3, 139, 397, 398, 399, 272, 37, 62, 325, 331, 339, 92, 222, 355, 361, 106, 238, 115]",21
4608,"[0, 1, 2, 3, 391, 266, 397, 398, 399, 38, 39, 178, 181, 190, 71, 329, 73, 76, 206, 79, 339, 211, 343, 89, 106, 107, 365, 369, 370]",29
4609,"[0, 1, 2, 3, 388, 263, 138, 139, 397, 398, 399, 283, 37, 305, 306, 184, 198, 329, 207, 80, 222, 106, 236, 365, 372]",25
4610,"[0, 1, 2, 3, 388, 397, 398, 399, 283, 37, 178, 185, 316, 71, 339, 222, 352, 106, 109, 365, 240, 373]",22
4611,"[0, 1, 2, 3, 259, 388, 266, 397, 398, 399, 20, 25, 283, 37, 178, 69, 327, 71, 339, 222, 106, 236, 365, 368, 369]",25
4612,"[0, 1, 2, 3, 388, 393, 266, 139, 267, 397, 398, 399, 272, 25, 283, 37, 170, 174, 308, 185, 62, 199, 222, 355, 358, 361, 106, 235, 238, 372, 245, 373]",32
4613,"[0, 1, 2, 3, 388, 397, 398, 399, 283, 37, 178, 185, 316, 71, 339, 222, 352, 106, 109, 365, 240, 368, 373]",23
4614,"[0, 1, 2, 388, 266, 139, 397, 398, 399, 283, 37, 298, 331, 81, 339, 214, 349, 222, 95, 351, 106, 252]",22
4615,"[0, 1, 2, 3, 388, 261, 8, 397, 398, 399, 283, 29, 37, 305, 178, 53, 54, 71, 339, 222, 106, 364, 365, 236, 368]",25
4616,"[0, 1, 2, 3, 388, 266, 139, 397, 398, 399, 25, 283, 285, 29, 159, 37, 168, 178, 316, 71, 331, 335, 339, 87, 222, 355, 106, 365, 368]",29
4617,"[0, 1, 2, 3, 397, 398, 399, 146, 150, 284, 30, 159, 289, 169, 178, 53, 311, 313, 190, 71, 329, 202, 206, 339, 348, 357, 106, 365, 368, 370, 123]",31
4618,"[0, 1, 2, 3, 266, 267, 397, 398, 399, 146, 23, 30, 45, 178, 313, 71, 206, 339, 212, 220, 222, 223, 106, 236, 365, 368, 240, 116, 372]",29
4619,"[0, 1, 2, 3, 263, 138, 139, 269, 397, 399, 398, 36, 305, 306, 178, 71, 329, 339, 88, 222, 356, 106, 368, 242, 371, 377]",26
4620,"[0, 1, 2, 3, 397, 398, 399, 38, 298, 306, 184, 329, 73, 76, 339, 349, 222, 95, 224, 106, 107, 236, 127]",23
4621,"[0, 1, 2, 138, 397, 398, 399, 283, 159, 37, 298, 170, 325, 80, 336, 339, 219, 349, 222, 95, 106, 107, 365, 373, 376, 249, 127]",27
4622,"[0, 1, 2, 3, 393, 266, 267, 397, 398, 399, 272, 25, 283, 37, 170, 306, 308, 184, 185, 325, 199, 329, 92, 222, 224, 106, 235, 372, 373]",29
4623,"[0, 1, 2, 3, 263, 19, 283, 31, 288, 37, 295, 305, 306, 308, 64, 325, 71, 329, 339, 92, 106, 110, 112, 368, 380, 390, 136, 138, 395, 139, 397, 398, 399, 144, 199, 209, 222, 236, 245]",39
4624,"[0, 1, 2, 3, 132, 134, 262, 392, 266, 397, 398, 399, 148, 178, 71, 329, 339, 217, 348, 222, 223, 106, 364, 236, 240, 368, 243, 245, 376]",29
4625,"[0, 1, 2, 3, 257, 393, 266, 267, 397, 398, 399, 272, 283, 156, 37, 309, 199, 331, 339, 92, 222, 106, 112, 373, 381]",25
4626,"[0, 1, 2, 3, 266, 397, 398, 270, 399, 283, 156, 37, 178, 314, 316, 325, 71, 339, 92, 222, 106, 109, 365, 373]",24
4627,"[0, 1, 2, 3, 259, 6, 397, 398, 399, 178, 71, 206, 80, 339, 221, 222, 106, 236, 365, 369, 374, 125]",22
4628,"[0, 1, 2, 9, 266, 397, 398, 399, 283, 157, 37, 298, 325, 70, 329, 73, 76, 339, 211, 89, 349, 222, 95, 106, 107, 127]",26
4629,"[0, 1, 2, 3, 261, 397, 398, 399, 154, 283, 29, 37, 305, 178, 325, 327, 71, 339, 92, 222, 106, 236, 365, 109, 368, 251]",26
4630,"[0, 1, 2, 3, 388, 138, 266, 139, 397, 398, 399, 283, 285, 159, 163, 37, 168, 302, 47, 177, 178, 68, 325, 71, 329, 331, 339, 92, 222, 106, 236, 365, 368, 374, 119]",35
4631,"[0, 1, 2, 266, 397, 398, 399, 283, 37, 178, 316, 71, 76, 339, 222, 106, 107, 365, 368]",19
4632,"[0, 1, 3, 134, 266, 397, 398, 399, 283, 33, 37, 325, 331, 339, 217, 92, 222, 106, 364, 237, 240, 376]",22
4633,"[0, 1, 2, 3, 391, 138, 397, 398, 399, 283, 285, 159, 37, 168, 178, 316, 71, 331, 339, 214, 92, 222, 100, 106, 236, 365, 368]",27
4634,"[0, 1, 2, 397, 398, 399, 283, 37, 170, 45, 183, 315, 322, 77, 337, 339, 92, 222, 351, 106, 372, 252, 381, 383]",24
4635,"[0, 1, 2, 71, 397, 398, 399, 90, 40, 365, 369, 178, 51, 381]",14
4636,"[0, 1, 2, 3, 257, 389, 262, 138, 266, 139, 397, 398, 399, 283, 159, 292, 37, 170, 45, 306, 184, 322, 329, 339, 92, 222, 351, 224, 229, 106, 365, 116, 245, 372, 252]",35
4637,"[0, 1, 2, 3, 259, 388, 6, 266, 138, 397, 398, 399, 37, 300, 302, 47, 178, 316, 196, 71, 329, 339, 221, 222, 106, 236, 365, 368, 369]",29
4638,"[0, 1, 2, 3, 266, 138, 397, 398, 399, 17, 150, 43, 71, 329, 331, 339, 222, 101, 104, 106, 236, 365]",22
4639,"[0, 1, 2, 3, 385, 397, 398, 399, 144, 279, 161, 162, 201, 329, 334, 78, 80, 339, 222, 229, 361, 106, 236, 117]",24
4640,"[0, 1, 2, 3, 138, 397, 398, 399, 27, 30, 159, 162, 184, 190, 329, 207, 80, 219, 351, 106, 365, 370, 373, 123, 252]",25
4641,"[0, 1, 2, 3, 261, 139, 397, 398, 399, 178, 71, 81, 339, 344, 345, 222, 106, 364, 365, 236, 368]",21
4642,"[0, 1, 2, 3, 263, 139, 397, 398, 399, 305, 306, 178, 53, 186, 71, 329, 339, 348, 222, 106, 236, 368]",22
4643,"[0, 1, 2, 3, 266, 139, 397, 398, 399, 20, 285, 159, 168, 178, 51, 316, 69, 327, 71, 199, 335, 81, 339, 345, 222, 106, 364, 365, 236, 368]",30
4644,"[0, 1, 2, 3, 392, 139, 397, 398, 399, 20, 178, 69, 327, 71, 329, 206, 81, 339, 88, 345, 348, 222, 356, 106, 364, 365, 236, 368, 242, 371, 377]",31
4645,"[0, 1, 2, 3, 390, 263, 136, 395, 139, 397, 398, 399, 27, 47, 305, 306, 178, 308, 329, 339, 222, 106, 236, 112, 245]",25
4646,"[0, 1, 2, 3, 390, 263, 136, 139, 397, 398, 399, 27, 168, 47, 305, 306, 178, 71, 331, 339, 222, 106, 236, 365, 368]",25
4647,"[1, 2, 3, 397, 398, 399, 43, 178, 307, 319, 71, 329, 206, 339, 85, 222, 101, 104, 106, 365, 368]",21
4648,"[0, 1, 2, 3, 264, 265, 266, 397, 398, 399, 143, 283, 157, 37, 321, 323, 70, 76, 339, 217, 91, 220, 222, 106, 107]",25
4649,"[0, 1, 2, 3, 266, 139, 397, 398, 399, 150, 283, 284, 157, 178, 53, 311, 186, 70, 71, 202, 76, 339, 222, 357, 106, 236, 240, 368]",28
4650,"[0, 1, 2, 3, 261, 397, 398, 399, 178, 71, 339, 344, 345, 222, 106, 364, 365, 236, 368]",19
4651,"[0, 1, 2, 322, 201, 138, 12, 397, 398, 399, 80, 339, 222, 229, 106, 311, 62]",17
4652,"[0, 1, 2, 397, 398, 399, 283, 45, 304, 321, 196, 325, 70, 75, 76, 217, 92, 220, 222, 106, 372]",21
4653,"[0, 1, 2, 3, 266, 267, 397, 398, 399, 283, 37, 178, 307, 183, 185, 319, 325, 71, 339, 85, 221, 222, 232, 106, 107, 368, 240, 112, 383]",29
4654,"[0, 1, 2, 3, 128, 138, 139, 397, 398, 399, 17, 163, 301, 178, 71, 329, 208, 339, 222, 106, 236, 109, 368, 251]",24
4655,"[0, 1, 2, 3, 266, 397, 398, 399, 283, 37, 171, 178, 316, 325, 71, 339, 88, 221, 222, 356, 232, 106, 107, 236, 365, 240, 112, 368, 371, 377]",30
4656,"[1, 2, 3, 259, 6, 397, 398, 399, 300, 178, 190, 71, 206, 339, 85, 221, 106, 365, 368, 369, 370]",21
4657,"[1, 2, 3, 71, 333, 206, 79, 399, 398, 397, 339, 106, 365, 178, 370, 181, 190]",17
4658,"[0, 1, 2, 3, 259, 6, 138, 139, 397, 398, 399, 17, 301, 178, 316, 71, 329, 339, 221, 222, 106, 236, 365, 368, 369]",25
4659,"[0, 1, 2, 130, 69, 327, 71, 397, 398, 399, 20, 345, 159, 171, 364, 178, 246, 123]",18
4660,"[0, 1, 2, 3, 262, 392, 266, 267, 139, 397, 398, 399, 282, 178, 183, 185, 71, 329, 206, 339, 348, 222, 355, 361, 106, 365, 238, 368, 243, 245, 383]",31
4661,"[0, 1, 2, 327, 266, 397, 398, 399, 339, 89, 154, 222, 230, 106, 174]",15
4662,"[0, 1, 2, 3, 263, 266, 139, 397, 398, 399, 19, 283, 37, 305, 178, 57, 191, 64, 196, 199, 71, 331, 80, 209, 339, 222, 96, 106, 236, 110, 368]",31
4663,"[0, 1, 2, 384, 393, 266, 9, 397, 398, 399, 272, 25, 39, 178, 308, 185, 190, 199, 71, 206, 343, 106, 235, 365, 112, 369, 370, 123]",28
4664,"[0, 1, 2, 266, 267, 397, 398, 399, 45, 178, 185, 190, 71, 206, 339, 220, 106, 365, 369, 370, 372, 126]",22
4665,"[0, 1, 2, 201, 331, 397, 398, 399, 339, 222, 229, 106]",12
4666,"[0, 1, 2, 3, 397, 398, 399, 147, 44, 178, 185, 198, 71, 329, 207, 80, 222, 96, 106, 236, 365, 368, 372]",23
4667,"[0, 2, 71, 202, 397, 398, 399, 284, 289, 357, 106, 365, 368, 178, 53, 311, 316]",17
4668,"[0, 1, 2, 3, 266, 397, 398, 399, 159, 178, 181, 190, 71, 333, 206, 79, 83, 106, 365, 370, 123]",21
4669,"[1, 2, 3, 71, 331, 397, 206, 398, 399, 339, 283, 106, 365, 368, 178, 370, 316, 190]",18
4670,"[0, 1, 2, 3, 261, 138, 139, 269, 398, 399, 16, 17, 397, 36, 178, 190, 71, 329, 206, 339, 106, 365, 368, 370]",24
4671,"[0, 1, 2, 266, 397, 398, 399, 28, 289, 169, 176, 178, 315, 191, 192, 197, 199, 74, 77, 337, 339, 222, 106, 121, 383]",25
4672,"[0, 1, 2, 397, 398, 399, 146, 280, 162, 178, 53, 60, 71, 204, 360, 364, 109, 368, 251, 380]",20
4673,"[0, 1, 2, 3, 397, 398, 399, 33, 302, 47, 178, 71, 339, 222, 223, 106, 364, 237, 236, 240, 368, 376]",22
4674,"[0, 1, 2, 3, 262, 264, 265, 138, 266, 397, 398, 399, 143, 149, 311, 62, 323, 80, 217, 222, 106, 365, 372, 245]",24
4675,"[0, 1, 2, 388, 266, 397, 398, 399, 37, 73, 201, 329, 76, 339, 89, 92, 222, 229, 106, 107]",20
4676,"[0, 1, 2, 3, 269, 397, 399, 16, 398, 147, 154, 36, 178, 71, 329, 339, 88, 350, 222, 96, 356, 106, 368, 242, 371, 377]",26
4677,"[0, 1, 2, 3, 261, 266, 397, 398, 399, 150, 37, 178, 71, 339, 92, 222, 357, 106, 236, 365, 368]",21
4678,"[0, 1, 2, 327, 138, 397, 398, 399, 339, 279, 154, 222, 106, 298, 365, 114]",16
4679,"[0, 1, 2, 3, 259, 262, 266, 138, 12, 397, 398, 399, 149, 311, 62, 323, 80, 339, 346, 220, 222, 106, 365, 245]",24
4680,"[0, 1, 2, 397, 398, 399, 147, 44, 178, 71, 329, 206, 339, 222, 96, 106, 236, 365, 368]",19
4681,"[0, 1, 2, 388, 266, 397, 398, 399, 154, 37, 327, 329, 73, 76, 339, 89, 92, 222, 106, 107]",20
4682,"[0, 1, 2, 259, 266, 397, 398, 399, 25, 29, 160, 299, 178, 71, 329, 330, 206, 339, 87, 346, 348, 222, 101, 106, 365, 368]",26
4683,"[0, 1, 2, 3, 139, 397, 398, 399, 277, 165, 178, 316, 71, 339, 212, 218, 220, 222, 106, 365, 240]",21
4684,"[0, 1, 2, 3, 388, 393, 267, 397, 398, 399, 161, 37, 296, 309, 199, 201, 78, 207, 80, 339, 222, 229, 106, 373, 382]",25
4685,"[0, 1, 2, 3, 266, 397, 398, 399, 144, 279, 159, 198, 329, 331, 334, 339, 222, 106, 236, 117, 127]",21
4686,"[0, 1, 2, 385, 322, 327, 397, 398, 399, 339, 279, 154, 222, 106, 298]",15
4687,"[0, 1, 2, 3, 397, 398, 399, 28, 159, 289, 169, 178, 191, 192, 196, 197, 329, 80, 339, 222, 106, 121]",22
4688,"[0, 1, 2, 3, 388, 397, 398, 399, 144, 161, 37, 296, 193, 199, 329, 201, 78, 334, 80, 339, 222, 229, 106, 236, 117, 373, 249, 382]",28
4689,"[1, 2, 71, 397, 206, 399, 398, 339, 106, 365, 368, 178, 370, 190]",14
4690,"[0, 1, 2, 3, 138, 139, 395, 397, 398, 399, 43, 178, 307, 319, 320, 71, 329, 206, 339, 85, 222, 101, 104, 106, 365, 368, 255]",27
4691,"[0, 1, 2, 266, 397, 398, 399, 161, 183, 315, 193, 201, 77, 337, 339, 222, 229, 106, 249, 381, 382]",21
4692,"[0, 1, 2, 3, 266, 397, 398, 270, 399, 25, 159, 38, 178, 190, 71, 76, 206, 339, 106, 109, 365, 370, 373, 123]",24
4693,"[1, 2, 397, 398, 399, 159, 178, 60, 190, 71, 206, 339, 360, 106, 123, 364, 365, 109, 368, 370, 251, 380]",22
4694,"[0, 1, 2, 3, 138, 139, 395, 397, 398, 399, 178, 316, 320, 71, 329, 206, 339, 222, 106, 109, 365, 368, 255]",23
4695,"[0, 1, 2, 3, 6, 397, 398, 399, 277, 165, 45, 178, 71, 206, 339, 220, 222, 106, 109, 365, 369, 372, 374, 125]",24
4696,"[0, 1, 2, 3, 138, 397, 398, 399, 159, 184, 314, 190, 325, 329, 80, 337, 92, 106, 370, 373, 376, 123]",22
4697,"[0, 1, 2, 3, 259, 392, 266, 397, 398, 399, 274, 295, 303, 178, 71, 329, 331, 339, 348, 222, 106, 236, 368, 118, 121]",25
4698,"[0, 1, 2, 257, 389, 138, 266, 397, 398, 399, 154, 292, 327, 339, 222, 229, 106, 365, 248]",19
4699,"[0, 1, 2, 3, 385, 266, 397, 398, 399, 146, 162, 184, 322, 67, 329, 204, 339, 89, 220, 222, 224, 106]",22
4700,"[0, 1, 2, 3, 259, 138, 397, 398, 399, 274, 295, 44, 303, 178, 71, 329, 339, 222, 106, 236, 368, 118, 121]",23
4701,"[0, 1, 2, 199, 266, 331, 397, 398, 399, 339, 214, 89, 220, 222, 106]",15
4702,"[0, 1, 3, 134, 263, 139, 397, 398, 399, 339, 217, 222, 33, 106, 364, 237, 240, 376]",18
4703,"[0, 1, 2, 3, 134, 392, 138, 139, 397, 398, 399, 287, 163, 302, 47, 178, 71, 329, 339, 217, 348, 222, 106, 364, 236, 240, 368, 376]",28
4704,"[0, 1, 2, 3, 259, 6, 266, 139, 397, 398, 399, 284, 37, 178, 316, 325, 71, 202, 206, 339, 83, 221, 222, 357, 106, 107, 236, 365, 368, 369, 240]",31
4705,"[0, 1, 2, 71, 329, 138, 397, 78, 399, 398, 339, 222, 106, 236, 368, 178]",16
4706,"[0, 1, 2, 71, 329, 138, 397, 206, 398, 399, 339, 106, 365, 368, 370, 190]",16
4707,"[0, 1, 2, 3, 388, 261, 266, 139, 397, 398, 399, 37, 178, 320, 71, 206, 339, 222, 106, 236, 365, 368]",22
4708,"[0, 1, 2, 3, 259, 6, 266, 138, 139, 397, 398, 399, 17, 37, 178, 188, 316, 196, 71, 329, 331, 339, 221, 222, 106, 236, 365, 368, 369]",29
4709,"[0, 1, 2, 3, 392, 138, 139, 397, 398, 399, 291, 178, 61, 320, 198, 329, 207, 80, 339, 222, 106, 365, 368]",23
4710,"[0, 1, 2, 3, 384, 7, 266, 397, 398, 399, 145, 159, 161, 37, 184, 193, 329, 201, 75, 339, 91, 222, 229, 106, 107, 236, 249, 382]",28
4711,"[0, 1, 2, 3, 266, 397, 398, 399, 37, 170, 178, 190, 196, 71, 206, 336, 339, 219, 106, 365, 370, 373, 382]",23
4712,"[0, 1, 2, 3, 266, 267, 397, 398, 399, 25, 285, 159, 168, 178, 185, 316, 71, 335, 339, 220, 222, 106, 236, 365, 368]",25
4713,"[0, 1, 2, 138, 397, 206, 399, 80, 398, 339, 220, 222, 106, 365]",14
4714,"[0, 1, 2, 196, 325, 71, 75, 397, 398, 399, 90, 40, 365, 369, 178, 374]",16
4715,"[0, 1, 2, 3, 139, 397, 398, 399, 28, 289, 169, 178, 184, 191, 329, 339, 222, 355, 106]",19
4716,"[0, 1, 2, 3, 392, 139, 397, 398, 399, 285, 159, 168, 178, 320, 71, 329, 206, 339, 348, 222, 106, 236, 365, 368]",24
4717,"[0, 1, 384, 75, 397, 398, 399, 145, 339, 91, 222, 159, 37, 106, 107]",15
4718,"[0, 1, 2, 3, 259, 138, 397, 398, 399, 303, 178, 71, 339, 222, 102, 233, 106, 236, 368, 118, 121]",21
4719,"[1, 2, 3, 71, 397, 398, 399, 339, 285, 222, 159, 168, 106, 236, 365, 368, 178, 316]",18
4720,"[0, 1, 2, 3, 266, 397, 398, 399, 150, 37, 178, 325, 71, 206, 339, 222, 357, 106, 109, 365]",20
4721,"[0, 1, 2, 3, 138, 397, 398, 399, 285, 159, 168, 178, 71, 339, 222, 233, 106, 236, 365, 368]",20
4722,"[1, 2, 3, 259, 71, 394, 397, 398, 399, 339, 222, 106, 236, 303, 368, 178, 118, 121]",18
4723,"[0, 1, 2, 3, 259, 138, 397, 398, 399, 178, 71, 206, 339, 214, 222, 106, 236, 365, 369, 252]",20
4724,"[0, 1, 2, 3, 134, 266, 397, 398, 399, 25, 159, 33, 299, 178, 190, 71, 330, 206, 339, 217, 346, 101, 106, 364, 365, 109, 251, 240, 368, 370, 237, 376, 123]",33
4725,"[0, 1, 2, 3, 261, 266, 138, 397, 398, 399, 283, 178, 57, 71, 339, 214, 222, 106, 368]",19
4726,"[0, 1, 2, 384, 325, 75, 397, 398, 399, 80, 145, 220, 222, 37, 106, 45, 372]",17
4727,"[0, 1, 2, 3, 384, 397, 398, 399, 144, 45, 64, 325, 199, 329, 334, 220, 92, 222, 106, 107, 372]",21
4728,"[0, 1, 2, 3, 392, 266, 139, 397, 398, 399, 150, 284, 37, 178, 325, 71, 329, 202, 206, 339, 88, 348, 92, 222, 356, 357, 106, 236, 365, 240, 368, 371]",32
4729,"[0, 1, 2, 3, 266, 397, 398, 399, 25, 178, 316, 71, 206, 339, 222, 106, 109, 365, 368]",19
4730,"[1, 2, 3, 261, 71, 329, 397, 398, 399, 339, 348, 222, 106, 236, 368, 178]",16
4731,"[0, 1, 2, 3, 71, 266, 397, 398, 399, 159, 106, 109, 370, 178, 185, 123, 125, 190]",18
4732,"[0, 1, 2, 266, 397, 398, 399, 145, 161, 37, 201, 75, 80, 339, 92, 349, 222, 351, 95, 229, 106, 382]",22
4733,"[0, 1, 2, 3, 139, 397, 398, 399, 145, 151, 37, 178, 314, 320, 329, 75, 331, 339, 92, 222, 106]",21
4734,"[0, 1, 2, 3, 397, 398, 399, 274, 27, 295, 178, 316, 71, 206, 339, 222, 106, 109, 365, 368]",20
4735,"[1, 2, 6, 71, 397, 206, 398, 399, 339, 222, 106, 365, 178, 371, 246, 374, 125]",17
4736,"[0, 1, 2, 3, 266, 138, 139, 397, 398, 399, 17, 34, 163, 37, 301, 308, 182, 188, 65, 196, 329, 206, 339, 342, 216, 222, 106, 365, 112, 245]",30
4737,"[0, 1, 2, 138, 397, 398, 399, 80, 207, 339, 222, 106, 365]",13
4738,"[0, 1, 2, 201, 397, 398, 207, 399, 339, 349, 222, 95, 229, 106, 373, 62]",16
4739,"[0, 1, 2, 266, 138, 139, 397, 398, 399, 17, 34, 163, 37, 301, 178, 188, 316, 65, 196, 71, 329, 339, 222, 106, 236, 365, 368]",27
4740,"[0, 1, 2, 3, 329, 75, 397, 398, 399, 145, 92, 220, 222, 37, 106, 45, 372, 184]",18
4741,"[0, 1, 2, 3, 397, 398, 399, 144, 19, 164, 38, 64, 70, 199, 329, 75, 76, 334, 339, 220, 222, 106, 107, 117]",24
4742,"[0, 1, 2, 3, 261, 138, 266, 139, 397, 398, 399, 17, 37, 301, 178, 188, 196, 71, 329, 339, 222, 106, 236, 368]",24
4743,"[0, 1, 2, 3, 266, 397, 398, 399, 276, 284, 37, 178, 316, 71, 202, 339, 88, 92, 222, 356, 106, 236, 237, 365, 368, 371]",26
4744,"[0, 1, 2, 3, 266, 397, 398, 399, 284, 285, 159, 37, 168, 178, 316, 71, 202, 339, 345, 92, 222, 106, 236, 365, 368, 370]",26
4745,"[1, 2, 71, 329, 397, 398, 399, 339, 348, 222, 106, 236, 368, 370, 178]",15
4746,"[0, 1, 2, 267, 397, 398, 399, 339, 212, 222, 358, 106, 45, 185, 186]",15
4747,"[0, 1, 2, 3, 134, 139, 397, 398, 399, 33, 178, 71, 329, 339, 217, 222, 355, 106, 365, 237, 368, 370]",22
4748,"[0, 1, 2, 266, 12, 397, 398, 399, 337, 339, 277, 220, 222, 228, 106, 45]",16
4749,"[0, 1, 2, 3, 6, 139, 397, 398, 399, 178, 71, 339, 222, 355, 106, 109, 371, 246, 374, 125]",20
4750,"[0, 1, 2, 3, 138, 139, 397, 398, 399, 178, 316, 320, 71, 329, 339, 222, 106, 109, 365, 368, 370]",21
4751,"[0, 1, 2, 3, 139, 397, 398, 399, 159, 178, 181, 190, 71, 206, 79, 339, 83, 355, 106, 365, 370, 123]",22
4752,"[0, 1, 2, 3, 134, 397, 398, 399, 153, 33, 71, 205, 339, 340, 217, 222, 233, 106, 236, 237, 240, 368, 370, 376]",24
4753,"[1, 2, 3, 259, 397, 398, 399, 37, 178, 316, 71, 76, 339, 222, 106, 365, 368, 370, 373]",19
4754,"[0, 1, 2, 3, 397, 398, 399, 274, 27, 285, 295, 178, 316, 71, 328, 339, 345, 222, 106, 236, 365, 368, 370]",23
4755,"[1, 2, 3, 259, 71, 397, 398, 399, 339, 222, 106, 236, 365, 368, 369, 178, 316]",17
4756,"[0, 1, 2, 3, 261, 266, 397, 398, 399, 150, 37, 178, 325, 71, 339, 344, 222, 357, 106, 236, 365, 368]",22
4757,"[0, 1, 2, 265, 139, 397, 398, 399, 38, 178, 320, 196, 70, 329, 74, 339, 92, 222, 106, 107]",20
4758,"[0, 1, 2, 3, 259, 266, 138, 397, 398, 399, 153, 32, 41, 178, 71, 74, 332, 339, 340, 222, 95, 227, 233, 106, 236, 365, 368, 369, 370]",29
4759,"[0, 1, 2, 3, 261, 138, 139, 397, 398, 399, 29, 305, 178, 320, 71, 329, 339, 222, 106, 236, 365, 368, 370]",23
4760,"[0, 1, 2, 3, 394, 138, 397, 398, 399, 283, 178, 180, 308, 57, 194, 71, 339, 222, 106, 236, 368, 245]",22
4761,"[0, 1, 2, 201, 139, 140, 397, 398, 399, 339, 345, 349, 222, 229, 106, 370]",16
4762,"[0, 1, 3, 71, 331, 75, 397, 398, 12, 399, 145, 91, 92, 222, 159, 37, 106, 372]",18
4763,"[0, 1, 2, 3, 266, 12, 141, 398, 399, 397, 145, 25, 159, 37, 184, 329, 331, 75, 207, 91, 92, 222, 106, 236, 372]",25
4764,"[0, 1, 2, 3, 266, 397, 398, 399, 144, 19, 161, 164, 201, 329, 334, 339, 90, 349, 222, 95, 229, 106, 236, 117, 249, 382]",26
4765,"[1, 2, 3, 259, 71, 397, 398, 399, 339, 83, 222, 37, 106, 178, 370, 373]",16
4766,"[0, 1, 2, 384, 9, 397, 398, 399, 145, 283, 159, 296, 75, 77, 80, 339, 220, 222, 230, 106]",20
4767,"[0, 1, 2, 3, 138, 266, 397, 398, 399, 286, 43, 312, 315, 71, 338, 339, 222, 101, 106, 236, 365]",21
4768,"[0, 1, 2, 3, 138, 139, 397, 398, 399, 163, 301, 302, 178, 316, 188, 190, 65, 71, 328, 329, 206, 106, 109, 365, 368]",25
4769,"[0, 1, 2, 3, 261, 262, 135, 138, 266, 139, 397, 398, 399, 154, 29, 163, 37, 301, 302, 47, 305, 178, 188, 65, 196, 71, 329, 339, 222, 106, 368, 370, 245]",33
4770,"[0, 1, 2, 3, 128, 265, 397, 398, 143, 399, 159, 178, 316, 190, 321, 325, 71, 72, 205, 206, 339, 86, 106, 365, 368, 370, 123]",27
4771,"[0, 1, 2, 3, 266, 269, 398, 399, 16, 397, 274, 27, 36, 37, 295, 43, 178, 196, 71, 329, 339, 222, 101, 106, 365, 368]",26
4772,"[0, 1, 2, 384, 9, 397, 398, 399, 145, 283, 296, 45, 75, 77, 80, 220, 222, 230, 106, 372]",20
4773,"[0, 1, 2, 201, 138, 397, 398, 399, 339, 214, 349, 222, 95, 229, 106, 372]",16
4774,"[0, 1, 2, 3, 266, 138, 397, 398, 399, 178, 63, 71, 339, 214, 222, 95, 102, 233, 106, 236, 112, 368, 372]",23
4775,"[0, 1, 2, 139, 397, 398, 399, 339, 222, 352, 106, 372]",12
4776,"[0, 1, 71, 138, 397, 398, 399, 338, 339, 283, 222, 286, 356, 106, 372, 57]",16
4777,"[0, 1, 2, 3, 138, 397, 398, 270, 399, 276, 321, 329, 75, 207, 339, 91, 222, 106, 236, 365, 372]",21
4778,"[0, 1, 2, 266, 397, 398, 399, 159, 33, 174, 178, 190, 196, 71, 206, 83, 106, 365, 370, 123]",20
4779,"[0, 1, 2, 3, 266, 397, 398, 399, 174, 73, 329, 76, 207, 339, 89, 222, 230, 106, 107, 236, 372]",21
4780,"[0, 1, 2, 3, 259, 391, 138, 266, 397, 398, 399, 278, 32, 178, 316, 71, 339, 341, 222, 100, 106, 236, 365, 368, 369, 372]",26
4781,"[0, 1, 2, 3, 261, 71, 397, 398, 399, 274, 339, 222, 295, 106, 236, 368, 178, 372]",18
4782,"[0, 1, 2, 3, 138, 397, 398, 399, 285, 159, 168, 178, 316, 71, 339, 345, 222, 233, 106, 236, 365, 368, 372]",23
4783,"[0, 1, 2, 3, 199, 393, 329, 267, 397, 398, 399, 339, 220, 222, 106, 372, 373, 184]",18
4784,"[0, 1, 2, 3, 138, 266, 397, 398, 399, 178, 308, 71, 339, 214, 222, 106, 368, 372, 245]",19
4785,"[0, 1, 2, 71, 397, 398, 399, 339, 23, 222, 223, 233, 106, 236, 368, 178, 372]",17
4786,"[0, 1, 2, 3, 138, 397, 398, 399, 178, 183, 185, 71, 339, 222, 233, 106, 368, 372, 383]",19
4787,"[1, 2, 71, 397, 398, 399, 339, 222, 106, 178, 370]",11
4788,"[0, 1, 2, 263, 266, 139, 397, 398, 399, 27, 178, 71, 331, 339, 222, 106, 236, 368, 370]",19
4789,"[0, 1, 2, 3, 138, 397, 398, 399, 153, 291, 41, 178, 198, 71, 72, 329, 205, 207, 80, 208, 339, 340, 222, 95, 102, 233, 106, 236, 365, 368, 372]",31
4790,"[0, 1, 3, 261, 266, 138, 397, 398, 399, 305, 71, 339, 341, 89, 222, 356, 106, 236, 368, 370]",20
4791,"[0, 1, 2, 3, 325, 329, 266, 397, 398, 399, 339, 222, 37, 170, 106, 236, 372, 381]",18
4792,"[0, 1, 2, 3, 267, 397, 398, 399, 145, 21, 39, 178, 190, 71, 75, 206, 343, 106, 365, 369, 374]",21
4793,"[0, 1, 2, 3, 329, 73, 331, 397, 398, 399, 339, 222, 170, 106, 236, 372, 315, 381]",18
4794,"[0, 1, 2, 138, 397, 398, 399, 144, 19, 312, 71, 329, 339, 341, 222, 356, 106, 368, 372]",19
4795,"[0, 1, 3, 329, 397, 398, 399, 339, 222, 106, 236, 45, 367, 372, 185]",15
4796,"[0, 1, 2, 71, 397, 398, 399, 339, 345, 222, 106, 364, 365, 368, 178, 370, 316]",17
4797,"[0, 1, 2, 3, 139, 397, 398, 399, 33, 174, 329, 207, 339, 222, 97, 355, 106, 236, 372]",19
4798,"[0, 1, 2, 71, 397, 398, 399, 336, 339, 219, 222, 106, 365, 368, 178, 370, 316, 382]",18
4799,"[0, 1, 2, 3, 266, 397, 398, 399, 284, 285, 159, 37, 168, 178, 316, 325, 71, 202, 339, 222, 106, 236, 365, 368, 372]",25
4800,"[0, 1, 2, 3, 266, 397, 398, 399, 25, 156, 170, 201, 329, 339, 349, 222, 95, 229, 106, 236, 372]",21
4801,"[0, 1, 2, 3, 384, 265, 266, 397, 398, 143, 399, 37, 329, 77, 334, 89, 92, 222, 106, 236, 372]",21
4802,"[0, 1, 2, 266, 397, 398, 399, 37, 178, 71, 329, 339, 92, 348, 222, 106, 236, 368, 370]",19
4803,"[0, 1, 2, 3, 261, 262, 135, 266, 138, 139, 397, 398, 399, 17, 154, 301, 178, 188, 71, 329, 331, 339, 342, 216, 222, 106, 368, 370, 245]",29
4804,"[0, 1, 2, 71, 397, 398, 399, 336, 339, 219, 222, 106, 365, 368, 178, 370, 316, 382]",18
4805,"[0, 1, 2, 3, 259, 266, 138, 397, 398, 399, 178, 316, 71, 338, 339, 341, 214, 222, 100, 233, 106, 236, 365, 368, 369, 372]",26
4806,"[0, 1, 2, 3, 266, 139, 397, 398, 399, 25, 159, 178, 181, 190, 196, 71, 206, 79, 355, 106, 365, 370, 123, 125]",24
4807,"[0, 1, 2, 267, 397, 398, 207, 399, 339, 220, 222, 106, 372, 185, 62]",15
4808,"[0, 1, 2, 3, 265, 397, 398, 143, 399, 37, 45, 184, 329, 339, 86, 92, 220, 222, 106, 372]",20
4809,"[0, 1, 2, 3, 266, 139, 397, 398, 399, 25, 37, 178, 316, 190, 196, 71, 76, 206, 339, 355, 106, 365, 368, 370, 373]",25
4810,"[0, 1, 2, 392, 139, 397, 398, 399, 17, 178, 188, 71, 329, 339, 348, 222, 106, 236, 368, 370]",20
4811,"[0, 1, 2, 3, 385, 329, 397, 398, 399, 339, 156, 220, 222, 170, 106, 236, 45, 372]",18
4812,"[0, 1, 2, 3, 138, 397, 398, 399, 286, 43, 71, 338, 339, 222, 356, 101, 106, 236, 365, 372]",20
4813,"[0, 1, 2, 138, 397, 398, 399, 144, 286, 178, 71, 329, 338, 339, 222, 356, 106, 368, 372]",19
4814,"[0, 1, 2, 3, 266, 139, 397, 398, 399, 25, 45, 329, 339, 220, 222, 355, 106, 236, 372]",19
4815,"[0, 1, 2, 3, 384, 138, 397, 398, 270, 144, 399, 19, 276, 329, 331, 339, 90, 222, 106, 365, 372]",21
4816,"[0, 1, 2, 3, 384, 9, 266, 397, 398, 399, 144, 145, 19, 159, 161, 37, 296, 329, 201, 75, 77, 339, 90, 91, 92, 222, 229, 106, 372, 252, 382]",31
4817,"[0, 1, 325, 9, 266, 331, 73, 397, 398, 399, 339, 222, 37, 106, 372]",15
4818,"[0, 1, 2, 3, 397, 398, 399, 33, 178, 71, 336, 339, 222, 106, 364, 365, 237, 240, 368, 370, 376, 382]",22
4819,"[0, 1, 2, 3, 267, 397, 398, 399, 285, 159, 168, 178, 185, 186, 316, 62, 71, 339, 220, 222, 106, 365, 368, 372]",24
4820,"[0, 1, 2, 3, 385, 260, 266, 138, 397, 398, 399, 279, 33, 308, 322, 329, 207, 339, 222, 106, 236, 365, 372, 245, 373]",25
4821,"[0, 1, 2, 3, 329, 139, 397, 398, 207, 399, 339, 222, 355, 106, 236, 372, 185, 62]",18
4822,"[1, 2, 201, 397, 398, 399, 339, 222, 229, 106, 372]",11
4823,"[0, 1, 2, 3, 385, 266, 397, 398, 399, 156, 292, 170, 329, 201, 339, 222, 229, 106, 236, 372, 373]",21
4824,"[0, 1, 2, 3, 134, 262, 266, 138, 397, 398, 399, 147, 23, 33, 178, 71, 339, 222, 223, 96, 106, 364, 237, 240, 368, 372, 245, 376]",28
4825,"[0, 1, 2, 3, 397, 398, 399, 23, 178, 71, 339, 89, 222, 223, 106, 238, 368, 372, 121]",19
4826,"[0, 1, 2, 3, 261, 397, 398, 399, 150, 178, 71, 329, 339, 348, 350, 222, 357, 106, 368, 243, 372]",21
4827,"[0, 1, 2, 139, 397, 398, 399, 159, 178, 190, 71, 206, 339, 355, 106, 365, 370, 371, 246, 123]",20
4828,"[0, 1, 2, 3, 390, 138, 397, 398, 399, 44, 178, 198, 71, 329, 207, 80, 89, 222, 106, 236, 365, 368, 372, 117]",24
4829,"[1, 2, 71, 397, 398, 399, 159, 178, 371, 246, 123]",11
4830,"[0, 1, 2, 3, 260, 71, 138, 203, 397, 206, 398, 399, 339, 106, 365, 368, 370, 190]",18
4831,"[0, 1, 2, 3, 390, 138, 269, 397, 399, 16, 398, 276, 36, 178, 71, 329, 339, 88, 89, 222, 356, 106, 237, 368, 371, 372]",26
4832,"[0, 1, 2, 138, 266, 139, 397, 398, 399, 287, 33, 163, 301, 302, 47, 178, 316, 71, 329, 331, 339, 222, 106, 365, 368, 370]",26
4833,"[1, 2, 3, 329, 397, 398, 399, 339, 222, 106, 178, 372, 184]",13
4834,"[0, 1, 2, 3, 128, 266, 397, 398, 399, 145, 159, 178, 316, 190, 71, 331, 75, 206, 339, 106, 365, 368, 370, 252]",24
4835,"[0, 1, 2, 329, 138, 397, 398, 399, 144, 339, 19, 341, 222, 356, 106, 368, 372, 312]",18
4836,"[0, 1, 2, 3, 397, 398, 399, 285, 159, 168, 178, 316, 71, 336, 339, 219, 222, 106, 365, 368, 372, 382]",22
4837,"[0, 1, 3, 325, 71, 9, 266, 331, 73, 13, 398, 399, 397, 339, 222, 37, 106, 372]",18
4838,"[0, 1, 2, 138, 266, 394, 139, 397, 398, 399, 287, 33, 163, 37, 301, 302, 47, 178, 180, 194, 196, 71, 329, 331, 339, 222, 106, 368, 372]",29
4839,"[0, 1, 2, 3, 266, 139, 268, 397, 398, 399, 17, 30, 178, 313, 60, 190, 196, 71, 206, 80, 339, 360, 106, 364, 365, 109, 368, 370, 247, 251, 380]",31
4840,"[0, 1, 2, 3, 259, 266, 138, 139, 397, 398, 399, 37, 178, 316, 320, 196, 71, 329, 339, 222, 106, 365, 368, 369, 372]",25
4841,"[0, 1, 3, 325, 7, 329, 266, 397, 398, 399, 339, 86, 92, 222, 37, 106, 236, 372]",18
4842,"[0, 1, 2, 3, 128, 71, 138, 397, 398, 399, 339, 222, 106, 109, 368, 178, 372, 251]",18
4843,"[1, 2, 3, 261, 71, 397, 398, 399, 339, 29, 222, 106, 365, 368, 305, 178, 372]",17
4844,"[0, 1, 2, 3, 266, 397, 398, 399, 17, 289, 165, 296, 169, 176, 178, 315, 197, 329, 74, 339, 213, 222, 94, 106, 372]",25
4845,"[0, 1, 3, 325, 329, 397, 398, 399, 339, 86, 92, 222, 37, 106, 236, 372]",16
4846,"[0, 1, 2, 325, 71, 266, 397, 398, 399, 339, 222, 37, 106, 365, 368, 178, 370, 316]",18
4847,"[0, 1, 2, 3, 138, 269, 397, 399, 16, 398, 147, 36, 43, 178, 71, 329, 339, 222, 96, 101, 106, 365, 368, 372]",24
4848,"[0, 1, 2, 3, 71, 138, 397, 398, 399, 339, 222, 102, 106, 368, 178, 372]",16
4849,"[1, 2, 3, 201, 329, 397, 398, 399, 339, 222, 161, 229, 106, 236, 372, 249, 382]",17
4850,"[0, 1, 2, 391, 266, 397, 398, 399, 37, 178, 190, 325, 71, 206, 339, 83, 343, 106, 365, 369, 370, 374]",22
4851,"[0, 1, 2, 3, 266, 267, 397, 398, 399, 21, 37, 178, 325, 71, 339, 222, 106, 370, 374, 125]",20
4852,"[0, 1, 2, 3, 10, 139, 397, 398, 399, 17, 178, 183, 185, 71, 339, 342, 216, 88, 222, 106, 368, 372, 383]",23
4853,"[0, 1, 266, 331, 397, 398, 399, 339, 214, 27, 222, 106, 370]",13
4854,"[0, 1, 2, 3, 138, 397, 398, 399, 147, 285, 159, 168, 178, 316, 71, 328, 339, 222, 96, 106, 365, 368, 370]",23
4855,"[0, 1, 2, 3, 384, 397, 398, 399, 144, 145, 19, 159, 37, 45, 325, 329, 75, 77, 90, 91, 220, 92, 222, 106, 372]",25
4856,"[0, 1, 2, 266, 138, 139, 397, 398, 399, 37, 178, 320, 196, 71, 329, 339, 222, 106, 370]",19
4857,"[0, 1, 2, 256, 397, 398, 399, 339, 212, 222, 357, 106, 178, 372]",14
4858,"[0, 1, 2, 3, 139, 397, 398, 399, 17, 279, 178, 316, 190, 71, 328, 201, 206, 106, 365, 368]",20
4859,"[0, 1, 2, 266, 397, 398, 399, 165, 40, 178, 314, 71, 73, 331, 83, 343, 365, 369, 374]",19
4860,"[0, 1, 2, 3, 266, 397, 398, 399, 285, 159, 37, 168, 178, 316, 196, 71, 339, 222, 106, 365, 368, 370]",22
4861,"[0, 1, 2, 3, 329, 266, 397, 398, 399, 339, 220, 222, 106, 236, 45, 372, 309, 118]",18
4862,"[0, 1, 2, 3, 138, 397, 398, 399, 285, 159, 168, 178, 316, 71, 339, 222, 106, 365, 368, 372]",20
4863,"[0, 1, 2, 3, 261, 139, 397, 398, 399, 17, 29, 305, 178, 71, 339, 222, 106, 365, 368, 370]",20
4864,"[0, 1, 2, 3, 392, 266, 397, 398, 399, 276, 37, 165, 178, 196, 71, 329, 339, 88, 348, 222, 356, 106, 237, 368, 370, 371]",26
4865,"[1, 2, 3, 329, 397, 398, 399, 339, 222, 170, 106, 236, 372, 381]",14
4866,"[0, 1, 71, 138, 397, 398, 399, 339, 341, 222, 106, 368, 372, 312]",14
4867,"[0, 1, 2, 3, 329, 266, 397, 398, 399, 339, 88, 220, 222, 106, 45, 372, 184]",17
4868,"[0, 1, 2, 3, 266, 397, 398, 399, 296, 176, 184, 186, 201, 74, 329, 339, 94, 222, 229, 106, 372]",21
4869,"[0, 1, 2, 3, 266, 138, 397, 398, 399, 178, 183, 185, 315, 71, 338, 339, 85, 222, 106, 368, 372, 383]",22
4870,"[0, 1, 2, 3, 384, 397, 398, 399, 145, 159, 37, 329, 201, 75, 77, 339, 91, 92, 222, 229, 106, 236, 372]",23
4871,"[0, 1, 2, 3, 139, 397, 398, 399, 37, 178, 320, 329, 80, 339, 86, 92, 222, 106, 236, 372]",20
4872,"[0, 1, 2, 3, 261, 266, 138, 139, 397, 398, 399, 29, 305, 178, 320, 71, 329, 331, 339, 222, 106, 365, 368, 372]",24
4873,"[0, 1, 2, 201, 266, 397, 398, 399, 339, 92, 222, 229, 37, 106, 372]",15
4874,"[0, 1, 2, 71, 138, 397, 398, 399, 339, 222, 233, 106, 365, 368, 370, 178, 316]",17
4875,"[0, 1, 2, 3, 259, 266, 138, 139, 397, 398, 399, 37, 178, 316, 320, 325, 71, 329, 331, 339, 83, 222, 106, 365, 368, 369, 370]",27
4876,"[0, 1, 2, 3, 259, 266, 138, 139, 397, 398, 399, 37, 300, 178, 190, 320, 325, 71, 329, 331, 206, 339, 83, 106, 365, 368, 369, 370]",28
4877,"[1, 2, 3, 71, 397, 398, 399, 339, 222, 37, 106, 178, 370, 373]",14
4878,"[0, 1, 2, 3, 329, 266, 331, 201, 397, 398, 399, 339, 222, 229, 165, 106, 236, 372]",18
4879,"[0, 1, 2, 392, 138, 397, 398, 399, 178, 71, 329, 339, 348, 350, 222, 106, 368, 243, 372]",19
4880,"[0, 1, 2, 3, 266, 397, 398, 399, 284, 285, 159, 37, 168, 178, 316, 196, 71, 202, 339, 222, 106, 365, 372]",23
4881,"[0, 1, 2, 266, 397, 398, 399, 37, 178, 196, 325, 71, 336, 339, 219, 222, 106, 372, 374, 125, 382]",21
4882,"[0, 1, 3, 261, 71, 138, 397, 398, 399, 339, 222, 106, 368, 370]",14
4883,"[0, 1, 2, 3, 138, 397, 398, 399, 285, 159, 168, 178, 312, 71, 339, 341, 222, 106, 365, 368, 372]",21
4884,"[0, 1, 2, 3, 259, 390, 138, 397, 398, 399, 286, 37, 178, 316, 325, 71, 332, 339, 83, 341, 89, 222, 356, 106, 365, 368, 369, 372]",28
4885,"[0, 1, 2, 3, 384, 397, 398, 399, 145, 159, 37, 329, 75, 77, 339, 91, 92, 220, 222, 106, 236, 372]",22
4886,"[0, 1, 3, 397, 398, 399, 153, 33, 72, 205, 338, 339, 340, 212, 89, 222, 106, 364, 237, 238, 240, 371, 372, 376]",24
4887,"[0, 1, 2, 71, 397, 398, 399, 339, 27, 222, 106, 365, 368, 370, 178, 316]",16
4888,"[0, 1, 2, 138, 397, 398, 399, 44, 178, 61, 71, 329, 339, 348, 222, 106, 236, 368, 372]",19
4889,"[1, 2, 3, 71, 329, 397, 398, 399, 339, 348, 30, 222, 106, 368, 178, 370, 313]",17
4890,"[0, 1, 2, 3, 261, 138, 397, 398, 399, 147, 29, 305, 178, 194, 71, 339, 222, 96, 106, 109, 368, 372]",22
4891,"[0, 1, 2, 196, 71, 266, 397, 398, 399, 336, 339, 219, 222, 37, 106, 178, 370, 382]",18
4892,"[0, 1, 2, 3, 385, 260, 266, 138, 397, 398, 399, 279, 45, 322, 329, 339, 220, 222, 106, 236, 365, 112, 370, 372]",24
4893,"[0, 2, 138, 139, 397, 398, 399, 287, 33, 163, 301, 302, 178, 316, 71, 329, 106, 365, 368]",19
4894,"[0, 1, 2, 3, 329, 266, 397, 398, 399, 339, 25, 222, 106, 236, 178, 372]",16
4895,"[0, 1, 2, 71, 139, 397, 206, 399, 398, 159, 355, 106, 365, 178, 370, 123, 190]",17
4896,"[1, 2, 3, 397, 398, 399, 159, 33, 178, 190, 71, 206, 339, 106, 364, 237, 109, 365, 240, 368, 370, 251, 376, 123]",24
4897,"[0, 1, 2, 3, 9, 266, 397, 398, 399, 37, 170, 325, 329, 331, 339, 222, 106, 236, 372, 381]",20
4898,"[0, 1, 2, 71, 397, 398, 399, 339, 27, 222, 106, 368, 178, 372]",14
4899,"[0, 1, 2, 3, 397, 398, 399, 161, 185, 329, 201, 207, 339, 222, 229, 106, 236, 372, 373, 249, 382]",21
4900,"[0, 1, 2, 3, 394, 138, 397, 398, 399, 178, 180, 312, 194, 71, 339, 341, 222, 106, 368, 372]",20
4901,"[0, 1, 2, 3, 259, 138, 266, 397, 398, 399, 178, 315, 316, 71, 339, 222, 233, 106, 365, 368, 369, 372]",22
4902,"[0, 1, 2, 3, 259, 385, 397, 398, 399, 156, 178, 71, 83, 339, 222, 106, 369, 370, 116, 373]",20
4903,"[0, 1, 2, 3, 71, 138, 397, 398, 399, 339, 222, 106, 364, 240, 370, 376]",16
4904,"[0, 1, 2, 3, 385, 397, 398, 399, 144, 19, 156, 161, 329, 201, 339, 90, 222, 229, 106, 372, 249, 382]",22
4905,"[0, 1, 2, 71, 266, 397, 398, 399, 339, 92, 222, 37, 106, 365, 368, 370, 178, 316]",18
4906,"[0, 1, 3, 266, 397, 398, 399, 165, 296, 176, 315, 329, 74, 339, 94, 222, 106, 236, 372, 126]",20
4907,"[0, 1, 2, 3, 266, 397, 398, 399, 165, 296, 176, 315, 201, 74, 329, 339, 222, 94, 229, 106, 236, 372, 126]",23
4908,"[0, 1, 2, 3, 397, 398, 399, 144, 19, 37, 45, 329, 80, 339, 86, 90, 92, 220, 222, 106, 372]",21
4909,"[0, 1, 3, 9, 266, 397, 398, 399, 37, 325, 329, 331, 339, 214, 222, 106, 236, 372, 252]",19
4910,"[0, 1, 2, 257, 139, 397, 398, 399, 272, 178, 315, 62, 320, 329, 73, 337, 339, 222, 106, 372, 381]",21
4911,"[0, 1, 2, 3, 397, 398, 399, 159, 178, 181, 190, 71, 206, 79, 336, 81, 339, 226, 106, 365, 370, 123, 382]",23
4912,"[1, 2, 3, 397, 398, 399, 276, 165, 178, 316, 71, 339, 88, 222, 356, 106, 237, 365, 368, 371, 372]",21
4913,"[0, 1, 2, 3, 261, 397, 398, 399, 284, 29, 305, 178, 71, 202, 339, 222, 106, 365, 368, 372]",20
4914,"[0, 1, 2, 3, 397, 398, 399, 165, 184, 185, 329, 207, 339, 214, 222, 106, 372, 373, 252]",19
4915,"[0, 1, 2, 263, 266, 397, 398, 399, 305, 178, 60, 190, 196, 71, 206, 339, 96, 106, 365, 368, 370]",21
4916,"[0, 1, 2, 3, 261, 266, 138, 269, 397, 398, 399, 29, 159, 36, 305, 178, 315, 190, 71, 329, 206, 339, 106, 365, 368, 370, 123]",27
4917,"[0, 1, 2, 71, 266, 397, 398, 399, 339, 92, 222, 37, 106, 370, 178]",15
4918,"[0, 1, 2, 3, 266, 267, 397, 398, 399, 21, 159, 178, 190, 71, 206, 214, 106, 365, 123, 252]",20
4919,"[0, 1, 2, 3, 263, 397, 398, 399, 165, 305, 178, 316, 71, 339, 88, 222, 96, 356, 106, 365, 368, 371, 372]",23
4920,"[0, 1, 2, 3, 266, 397, 398, 399, 272, 37, 184, 315, 196, 329, 73, 337, 339, 220, 222, 224, 106, 115, 372, 381]",24
4921,"[0, 1, 2, 3, 329, 266, 397, 398, 399, 212, 214, 27, 220, 222, 106, 236, 372, 252]",18
4922,"[0, 1, 2, 3, 393, 267, 397, 398, 399, 184, 185, 190, 329, 206, 207, 220, 106, 365, 373]",19
4923,"[0, 1, 2, 3, 71, 138, 397, 398, 399, 339, 222, 106, 365, 368, 369, 178, 370]",17
4924,"[0, 1, 2, 3, 266, 397, 270, 399, 272, 398, 27, 170, 329, 77, 337, 339, 212, 220, 222, 106, 236, 372]",22
4925,"[0, 1, 3, 196, 329, 331, 397, 398, 399, 339, 222, 106, 236, 372]",14
4926,"[0, 1, 2, 3, 397, 398, 399, 291, 178, 198, 329, 207, 80, 339, 222, 106, 365, 368, 372]",19
4927,"[0, 1, 2, 392, 266, 139, 397, 398, 399, 284, 37, 178, 196, 71, 329, 339, 348, 222, 106, 368, 370]",21
4928,"[0, 1, 2, 3, 392, 138, 140, 268, 398, 399, 397, 30, 162, 44, 178, 313, 61, 71, 329, 80, 339, 222, 106, 236, 368, 370, 247]",27
4929,"[0, 1, 2, 3, 138, 397, 398, 399, 291, 178, 198, 71, 329, 207, 80, 339, 222, 102, 106, 365, 368, 372]",22
4930,"[0, 1, 2, 3, 9, 397, 398, 399, 161, 70, 329, 201, 76, 339, 222, 229, 106, 107, 236, 372, 249, 382]",22
4931,"[0, 1, 2, 3, 261, 138, 266, 139, 397, 398, 399, 17, 29, 34, 163, 301, 305, 178, 188, 65, 71, 329, 331, 339, 222, 106, 365, 368, 370]",29
4932,"[0, 1, 2, 3, 194, 71, 138, 397, 398, 399, 339, 222, 106, 109, 368, 178, 372]",17
4933,"[0, 1, 2, 3, 138, 397, 398, 399, 37, 178, 316, 71, 329, 339, 222, 106, 365, 368, 370, 373]",20
4934,"[0, 1, 2, 390, 138, 397, 398, 399, 178, 71, 339, 341, 89, 222, 356, 102, 106, 368, 372]",19
4935,"[0, 1, 2, 3, 266, 397, 398, 399, 29, 159, 170, 178, 181, 310, 315, 190, 71, 73, 206, 79, 339, 362, 106, 365, 370, 123, 124, 381]",28
4936,"[0, 1, 2, 73, 266, 201, 397, 398, 399, 339, 222, 229, 170, 106, 372, 315, 381]",17
4937,"[0, 1, 2, 3, 138, 266, 397, 398, 399, 178, 315, 71, 329, 339, 348, 350, 222, 233, 106, 364, 240, 368, 243, 372, 376, 381]",26
4938,"[0, 1, 2, 3, 260, 268, 397, 398, 399, 162, 293, 178, 313, 71, 330, 209, 339, 222, 231, 106, 368, 370]",22
4939,"[0, 1, 2, 3, 130, 260, 266, 397, 398, 399, 147, 275, 285, 159, 168, 42, 178, 316, 71, 208, 337, 339, 222, 350, 103, 231, 106, 365, 368, 372]",30
4940,"[0, 1, 2, 3, 137, 138, 393, 397, 398, 399, 278, 27, 176, 329, 339, 212, 214, 220, 222, 106, 236, 372]",22
4941,"[0, 1, 2, 3, 329, 331, 397, 398, 207, 399, 339, 222, 106, 236, 308, 373, 245, 185]",18
4942,"[0, 1, 2, 3, 260, 397, 398, 399, 43, 178, 59, 71, 339, 222, 101, 231, 106, 365, 368, 370]",20
4943,"[0, 1, 2, 3, 196, 329, 331, 397, 398, 207, 399, 339, 222, 106, 236, 372, 373, 185]",18
4944,"[0, 1, 2, 3, 391, 9, 266, 267, 397, 398, 399, 145, 21, 165, 178, 190, 70, 71, 331, 75, 206, 80, 343, 106, 365, 370]",26
4945,"[1, 2, 3, 71, 397, 398, 399, 339, 222, 37, 106, 368, 369, 178, 373, 374]",16
4946,"[1, 2, 3, 261, 69, 397, 398, 399, 339, 348, 222, 106, 368, 178, 372, 61]",16
4947,"[0, 1, 2, 3, 397, 398, 399, 279, 159, 178, 190, 71, 201, 206, 106, 365, 371, 246, 123, 382, 127]",21
4948,"[0, 1, 2, 3, 260, 261, 397, 398, 399, 29, 305, 178, 194, 71, 339, 222, 231, 106, 109, 368, 372]",21
4949,"[0, 1, 2, 320, 71, 139, 397, 398, 399, 360, 364, 109, 60, 368, 178, 251, 380]",17
4950,"[0, 1, 2, 3, 139, 397, 398, 399, 284, 37, 178, 190, 71, 202, 206, 339, 106, 365, 368, 370, 371, 373, 246]",23
4951,"[0, 1, 2, 3, 263, 139, 397, 398, 399, 165, 178, 316, 71, 339, 88, 222, 356, 106, 365, 368, 371, 372]",22
4952,"[0, 1, 2, 3, 137, 138, 397, 398, 399, 161, 176, 309, 199, 329, 73, 201, 336, 339, 214, 222, 229, 106, 236, 372, 382]",25
4953,"[1, 2, 3, 261, 397, 398, 399, 29, 305, 178, 71, 329, 339, 348, 350, 222, 106, 368, 243, 372]",20
4954,"[0, 1, 2, 3, 71, 138, 397, 398, 399, 339, 222, 106, 365, 368, 369, 178, 372, 316]",18
4955,"[0, 1, 2, 3, 263, 392, 139, 397, 398, 399, 285, 159, 168, 172, 305, 306, 178, 71, 329, 339, 348, 222, 106, 368, 370]",25
4956,"[0, 1, 2, 3, 397, 398, 399, 296, 184, 185, 190, 329, 76, 206, 212, 86, 230, 106, 365, 373]",20
4957,"[0, 1, 3, 71, 73, 138, 397, 398, 399, 339, 214, 222, 106, 372]",14
4958,"[0, 1, 2, 3, 130, 260, 138, 397, 398, 399, 147, 275, 178, 311, 316, 71, 208, 339, 350, 222, 231, 103, 106, 365, 368, 370]",26
4959,"[0, 1, 2, 3, 267, 139, 397, 398, 399, 21, 284, 178, 71, 202, 339, 222, 106, 368, 370]",19
4960,"[0, 1, 2, 3, 266, 396, 397, 398, 399, 279, 159, 178, 190, 193, 196, 71, 201, 206, 229, 106, 365, 368, 371, 246, 123, 382, 127]",27
4961,"[0, 1, 2, 3, 393, 266, 397, 398, 399, 272, 37, 296, 185, 329, 339, 89, 92, 222, 106, 236, 372, 373]",22
4962,"[0, 1, 2, 3, 266, 397, 398, 399, 156, 37, 170, 45, 184, 67, 196, 329, 339, 222, 224, 106, 372, 381]",22
4963,"[0, 1, 2, 266, 331, 397, 398, 399, 212, 277, 27, 222, 165, 106, 45, 372]",16
4964,"[0, 65, 2, 71, 329, 138, 139, 397, 398, 399, 17, 106, 301, 365, 368, 178, 316, 188]",18
4965,"[0, 1, 2, 3, 266, 397, 398, 399, 23, 33, 178, 315, 71, 339, 222, 223, 233, 106, 364, 237, 368]",21
4966,"[1, 2, 3, 261, 71, 397, 398, 399, 339, 222, 106, 368, 178, 370, 59]",15
4967,"[0, 1, 2, 3, 260, 397, 398, 399, 33, 178, 327, 71, 339, 222, 106, 364, 365, 237, 368, 370, 383]",21
4968,"[0, 1, 2, 392, 139, 397, 398, 399, 284, 178, 71, 329, 202, 339, 348, 222, 106, 368, 370]",19
4969,"[0, 1, 2, 3, 388, 266, 397, 398, 399, 154, 327, 329, 80, 339, 86, 217, 222, 106, 236, 249]",20
4970,"[0, 1, 2, 3, 261, 138, 266, 397, 398, 399, 29, 305, 178, 194, 71, 339, 222, 106, 109, 368, 381]",21
4971,"[0, 1, 2, 3, 257, 393, 266, 397, 398, 399, 170, 176, 329, 339, 222, 106, 236, 116, 381]",19
4972,"[0, 1, 2, 266, 12, 397, 398, 399, 145, 277, 27, 159, 322, 75, 339, 212, 222, 351, 106, 252]",20
4973,"[0, 1, 2, 3, 391, 266, 138, 397, 398, 399, 153, 285, 159, 168, 41, 178, 315, 316, 71, 339, 222, 100, 233, 106, 365, 368, 370]",27
4974,"[0, 1, 2, 391, 397, 398, 399, 159, 178, 190, 71, 199, 331, 206, 343, 106, 235, 365, 370]",19
4975,"[0, 1, 2, 3, 397, 398, 399, 161, 37, 38, 304, 196, 325, 329, 201, 331, 336, 339, 92, 222, 229, 106, 107, 236, 382]",25
4976,"[0, 1, 2, 3, 397, 398, 399, 279, 27, 159, 178, 181, 316, 190, 71, 328, 201, 206, 106, 365, 368, 123]",22
4977,"[0, 1, 2, 3, 327, 329, 74, 77, 398, 399, 397, 337, 339, 154, 222, 106, 236]",17
4978,"[0, 1, 2, 388, 266, 397, 398, 399, 37, 178, 196, 71, 339, 83, 343, 222, 106, 369, 370, 374, 125]",21
4979,"[0, 1, 2, 3, 6, 138, 139, 397, 398, 399, 287, 33, 163, 178, 316, 65, 71, 329, 332, 339, 221, 222, 106, 365, 368, 369, 370]",27
4980,"[0, 1, 2, 3, 138, 397, 398, 399, 303, 190, 71, 206, 339, 106, 365, 368, 370, 118, 121]",19
4981,"[1, 2, 3, 261, 71, 397, 398, 399, 339, 29, 222, 106, 365, 368, 305, 178]",16
4982,"[0, 1, 2, 3, 6, 397, 398, 399, 178, 185, 71, 339, 221, 222, 106, 368, 369, 370, 373]",19
4983,"[0, 1, 2, 258, 69, 71, 397, 398, 399, 339, 222, 359, 106, 368, 369, 178, 374]",17
4984,"[0, 1, 2, 3, 390, 138, 397, 398, 399, 285, 159, 168, 178, 71, 339, 89, 222, 106, 365, 368]",20
4985,"[0, 1, 2, 71, 8, 140, 397, 398, 399, 339, 222, 106, 365, 368, 370, 178, 316]",17
4986,"[0, 1, 2, 3, 266, 139, 397, 398, 399, 159, 37, 178, 320, 329, 80, 339, 91, 92, 222, 106, 236, 372]",22
4987,"[0, 1, 2, 3, 397, 398, 399, 159, 168, 298, 178, 179, 190, 71, 206, 219, 106, 365, 369, 370, 123, 125, 382]",23
4988,"[0, 1, 2, 71, 329, 138, 397, 398, 399, 339, 348, 222, 106, 44, 236, 368, 178, 61]",18
4989,"[0, 1, 2, 3, 385, 329, 201, 397, 398, 399, 339, 156, 222, 229, 106, 236, 372]",17
4990,"[0, 1, 3, 68, 261, 391, 397, 398, 399, 339, 343, 29, 222, 106, 305, 370]",16
4991,"[0, 1, 2, 3, 138, 397, 398, 399, 286, 178, 71, 338, 339, 85, 222, 356, 102, 106, 112, 368, 372]",21
4992,"[0, 1, 2, 3, 266, 397, 398, 399, 154, 159, 327, 329, 331, 80, 339, 222, 106, 236, 249]",19
4993,"[0, 1, 2, 71, 138, 397, 398, 399, 339, 222, 106, 365, 368, 370, 178, 316]",16
4994,"[0, 1, 3, 71, 138, 397, 398, 399, 339, 222, 33, 106, 364, 237, 372]",15
4995,"[0, 1, 2, 3, 388, 266, 397, 398, 399, 279, 37, 304, 178, 196, 71, 201, 339, 217, 222, 106, 368, 372, 125]",23
4996,"[0, 1, 2, 3, 329, 397, 398, 399, 339, 156, 222, 106, 236, 45, 372]",15
4997,"[1, 2, 3, 71, 397, 398, 399, 339, 156, 222, 37, 106, 368, 369, 178, 374]",16
4998,"[0, 1, 2, 3, 392, 138, 397, 398, 399, 153, 41, 178, 181, 71, 329, 339, 348, 222, 233, 106, 364, 368]",22
4999,"[0, 1, 2, 71, 139, 397, 398, 399, 17, 339, 222, 106, 365, 368, 178, 370, 316]",17
5000,"[0, 1, 2, 3, 261, 138, 269, 397, 399, 398, 29, 286, 159, 36, 305, 178, 190, 71, 329, 206, 338, 339, 85, 356, 106, 365, 368, 370, 123]",29
5001,"[0, 1, 2, 266, 139, 397, 398, 399, 339, 92, 222, 355, 37, 38, 106, 367, 373]",17
5002,"[1, 2, 3, 397, 398, 399, 159, 178, 181, 190, 71, 206, 79, 339, 106, 365, 368, 370, 123]",19
5003,"[0, 1, 2, 3, 266, 138, 397, 398, 399, 285, 159, 168, 178, 315, 316, 71, 339, 222, 233, 106, 365, 368, 372]",23
5004,"[0, 1, 2, 3, 68, 329, 397, 398, 399, 144, 19, 339, 343, 222, 106, 112, 372]",17
5005,"[0, 1, 2, 3, 266, 139, 397, 398, 399, 285, 159, 37, 168, 178, 316, 71, 339, 92, 222, 355, 106, 365, 368]",23
5006,"[0, 1, 2, 3, 266, 10, 397, 398, 399, 178, 59, 315, 71, 339, 88, 222, 106, 368, 372, 117, 381]",21
5007,"[0, 1, 2, 3, 266, 397, 398, 399, 285, 159, 37, 168, 178, 316, 196, 71, 339, 217, 222, 106, 365, 368]",22
5008,"[0, 1, 2, 266, 397, 398, 399, 40, 178, 183, 315, 62, 71, 73, 333, 337, 83, 343, 88, 365, 125, 246, 374, 381, 383]",25
5009,"[384, 1, 2, 3, 397, 398, 399, 145, 283, 329, 75, 77, 334, 91, 222, 230, 106, 236, 372]",19
5010,"[0, 1, 2, 320, 329, 139, 397, 398, 399, 339, 156, 222, 106, 178, 372]",15
5011,"[0, 1, 2, 3, 137, 266, 397, 398, 399, 144, 18, 308, 329, 331, 339, 89, 222, 106, 372, 245]",20
5012,"[0, 1, 2, 3, 257, 266, 397, 398, 399, 25, 284, 170, 329, 202, 339, 222, 106, 236, 381]",19
5013,"[0, 1, 2, 3, 384, 397, 398, 399, 38, 70, 329, 339, 91, 222, 106, 236, 367, 372, 373]",19
5014,"[0, 1, 2, 3, 266, 397, 398, 399, 156, 284, 37, 178, 71, 202, 331, 339, 222, 106, 368, 370]",20
5015,"[0, 1, 2, 3, 257, 266, 397, 398, 399, 277, 25, 165, 45, 183, 315, 62, 322, 329, 77, 337, 222, 351, 106, 236, 372, 252, 381, 383]",28
5016,"[0, 1, 2, 3, 266, 397, 398, 399, 37, 38, 183, 184, 62, 196, 329, 77, 337, 339, 222, 224, 106, 367, 372, 373, 381, 383]",26
5017,"[0, 1, 2, 3, 138, 397, 398, 399, 43, 178, 59, 71, 339, 222, 101, 233, 106, 365, 368, 370, 117]",21
5018,"[0, 1, 2, 3, 138, 397, 398, 399, 285, 159, 168, 178, 316, 71, 329, 339, 222, 106, 365, 368, 370]",21
5019,"[0, 1, 2, 138, 139, 397, 398, 399, 163, 301, 302, 178, 188, 71, 329, 339, 222, 106, 368, 370, 371, 246]",22
5020,"[0, 1, 2, 3, 6, 138, 397, 398, 399, 286, 178, 316, 71, 338, 339, 221, 222, 356, 106, 365, 368, 369]",22
5021,"[0, 1, 2, 201, 397, 398, 399, 339, 222, 229, 298, 106, 372, 373, 127]",15
5022,"[0, 1, 2, 3, 390, 138, 397, 398, 399, 178, 71, 339, 341, 89, 222, 356, 106, 365, 368, 369, 370]",21
5023,"[0, 1, 2, 3, 6, 397, 398, 399, 178, 310, 316, 71, 332, 339, 343, 221, 222, 106, 365, 368, 369, 372]",22
5024,"[0, 1, 2, 3, 9, 266, 397, 398, 399, 37, 45, 184, 186, 322, 70, 329, 75, 331, 80, 339, 92, 222, 351, 106, 107, 372, 252, 126]",28
5025,"[0, 1, 2, 3, 327, 329, 266, 397, 398, 399, 339, 154, 222, 106, 236, 372, 373, 249]",18
5026,"[0, 1, 2, 3, 71, 138, 397, 398, 399, 339, 222, 106, 364, 368, 370]",15
5027,"[0, 1, 2, 3, 266, 397, 398, 399, 29, 159, 178, 310, 190, 71, 206, 79, 362, 106, 365, 370, 373, 249, 123, 124]",24
5028,"[0, 1, 2, 3, 257, 266, 397, 398, 399, 277, 278, 25, 165, 45, 183, 315, 62, 322, 329, 77, 337, 339, 222, 351, 106, 236, 372, 252, 381, 383]",30
5029,"[0, 1, 2, 3, 138, 397, 398, 399, 291, 178, 185, 198, 71, 329, 80, 339, 222, 102, 106, 365, 368, 372]",22
5030,"[0, 1, 2, 3, 266, 397, 398, 399, 28, 289, 37, 169, 299, 178, 329, 339, 346, 92, 222, 100, 106, 236, 372, 121]",24
5031,"[0, 1, 2, 3, 128, 71, 138, 397, 398, 399, 339, 222, 106, 109, 368, 178, 251]",17
5032,"[0, 1, 2, 3, 194, 394, 205, 398, 397, 399, 339, 222, 286, 106, 112, 178, 180, 310]",18
5033,"[0, 1, 2, 3, 138, 139, 397, 398, 399, 17, 29, 163, 301, 305, 178, 188, 65, 71, 329, 339, 222, 106, 365, 368]",24
5034,"[0, 1, 2, 3, 393, 397, 398, 399, 156, 38, 298, 306, 184, 201, 329, 76, 339, 222, 224, 229, 106, 372, 373, 127]",24
5035,"[0, 1, 2, 3, 392, 138, 397, 398, 399, 287, 165, 48, 178, 65, 71, 329, 210, 339, 88, 348, 222, 356, 228, 106, 364, 368, 370, 371]",28
5036,"[0, 1, 2, 3, 138, 397, 398, 399, 287, 165, 48, 178, 316, 65, 71, 329, 210, 339, 88, 222, 356, 228, 106, 364, 365, 368, 371, 372]",28
5037,"[0, 1, 2, 3, 138, 397, 398, 399, 153, 29, 305, 178, 194, 71, 208, 339, 340, 222, 233, 106, 109, 368]",22
5038,"[0, 1, 2, 3, 258, 268, 397, 398, 399, 284, 178, 69, 71, 329, 202, 80, 339, 348, 222, 359, 106, 368, 370, 247]",24
5039,"[0, 1, 2, 3, 391, 392, 140, 268, 398, 399, 397, 44, 178, 61, 71, 329, 80, 339, 343, 222, 106, 236, 368, 370, 247]",25
5040,"[0, 1, 2, 3, 260, 266, 397, 398, 399, 29, 305, 178, 315, 71, 339, 222, 231, 106, 365, 368, 370]",21
5041,"[0, 1, 2, 3, 260, 392, 266, 397, 398, 399, 291, 178, 185, 315, 61, 198, 329, 207, 80, 339, 222, 231, 106, 365, 368, 372]",26
5042,"[0, 1, 2, 3, 397, 398, 399, 38, 321, 70, 329, 76, 339, 212, 222, 230, 106, 236, 367, 373]",20
5043,"[0, 1, 2, 3, 266, 397, 398, 399, 144, 18, 37, 298, 196, 201, 329, 339, 222, 229, 106, 372, 127]",21
5044,"[0, 1, 2, 71, 392, 329, 205, 398, 397, 399, 339, 348, 222, 286, 106, 368, 178, 310]",18
5045,"[0, 1, 2, 3, 266, 397, 398, 399, 150, 37, 299, 329, 201, 339, 346, 92, 222, 229, 101, 106, 236, 372]",22
5046,"[0, 1, 2, 3, 139, 397, 398, 399, 156, 37, 178, 316, 190, 71, 206, 81, 339, 226, 106, 365, 368, 370]",22
5047,"[0, 1, 2, 3, 9, 137, 397, 398, 399, 154, 325, 70, 327, 329, 75, 331, 80, 339, 222, 106, 236, 372]",22
5048,"[0, 1, 2, 3, 258, 397, 398, 399, 284, 156, 37, 178, 190, 69, 71, 202, 206, 339, 359, 106, 365, 368, 370, 371, 246]",25
5049,"[0, 1, 2, 3, 397, 398, 399, 159, 45, 196, 329, 74, 339, 214, 92, 222, 106, 236, 372]",19
5050,"[0, 1, 2, 320, 71, 329, 138, 139, 397, 398, 399, 159, 368, 178, 371, 246, 123]",17
5051,"[0, 1, 2, 3, 329, 201, 267, 397, 398, 399, 339, 220, 222, 229, 106, 236, 372]",17
5052,"[0, 1, 2, 3, 388, 264, 266, 397, 398, 399, 37, 45, 323, 196, 329, 81, 339, 222, 226, 106, 236, 114, 372]",23
5053,"[0, 1, 2, 3, 138, 139, 397, 398, 399, 29, 305, 178, 320, 71, 329, 339, 222, 106, 365, 368]",20
5054,"[0, 1, 3, 138, 397, 398, 399, 18, 24, 168, 68, 71, 339, 343, 222, 106, 112, 368, 372]",19
5055,"[0, 1, 2, 3, 6, 138, 139, 397, 398, 399, 163, 300, 301, 302, 47, 178, 316, 188, 65, 71, 329, 332, 339, 221, 222, 106, 365, 368, 369]",29
5056,"[0, 1, 2, 3, 259, 6, 138, 139, 397, 398, 399, 163, 300, 301, 302, 47, 178, 59, 188, 190, 65, 71, 329, 206, 339, 221, 106, 365, 368, 369, 370, 117]",32
5057,"[0, 1, 2, 397, 398, 399, 147, 339, 222, 96, 106, 368, 370, 117, 59]",15
5058,"[0, 1, 2, 138, 397, 398, 399, 286, 178, 59, 71, 338, 339, 222, 356, 106, 368, 372, 117]",19
5059,"[0, 1, 2, 3, 329, 397, 398, 399, 339, 219, 222, 38, 106, 236, 367, 372, 373, 382]",18
5060,"[0, 1, 2, 3, 389, 397, 398, 399, 185, 201, 329, 207, 339, 222, 229, 106, 236, 372, 373]",19
5061,"[0, 1, 2, 71, 397, 398, 399, 338, 339, 85, 222, 223, 106, 368, 178, 372]",16
5062,"[0, 1, 2, 390, 71, 138, 397, 398, 399, 339, 89, 222, 102, 106, 368, 178, 372]",17
5063,"[0, 1, 2, 3, 8, 140, 397, 398, 399, 28, 169, 184, 60, 329, 332, 206, 339, 222, 106, 372]",20
5064,"[0, 1, 2, 3, 71, 138, 397, 398, 399, 339, 222, 106, 43, 365, 368, 372]",16
5065,"[0, 1, 2, 390, 138, 397, 398, 399, 144, 178, 329, 339, 341, 89, 222, 356, 106, 368, 372]",19
5066,"[0, 1, 2, 3, 261, 397, 398, 399, 18, 29, 305, 178, 61, 68, 69, 339, 343, 348, 222, 106, 368, 372]",22
5067,"[0, 1, 2, 266, 138, 139, 397, 398, 399, 159, 178, 60, 320, 196, 71, 329, 109, 251, 368, 123]",20
5068,"[0, 1, 2, 3, 397, 398, 399, 18, 44, 178, 61, 68, 198, 71, 329, 80, 339, 343, 348, 222, 106, 236, 365, 368, 372]",25
5069,"[0, 1, 2, 266, 139, 397, 398, 399, 33, 37, 174, 322, 201, 339, 92, 222, 97, 355, 229, 361, 106, 372, 252, 382]",24
5070,"[0, 1, 2, 3, 71, 266, 397, 398, 399, 339, 222, 159, 106, 109, 368, 370, 178]",17
5071,"[0, 1, 2, 71, 266, 77, 206, 398, 399, 337, 397, 343, 159, 106, 365, 178, 123, 190]",18
5072,"[0, 1, 2, 3, 393, 266, 267, 397, 398, 399, 272, 37, 296, 45, 309, 185, 322, 329, 207, 339, 88, 220, 92, 222, 351, 106, 236, 370, 118, 252]",30
5073,"[0, 1, 2, 3, 138, 139, 397, 398, 399, 17, 29, 301, 305, 178, 188, 65, 71, 329, 339, 344, 222, 106, 365, 368, 370]",25
5074,"[0, 1, 2, 3, 263, 266, 139, 268, 397, 398, 399, 159, 172, 305, 306, 178, 315, 190, 71, 206, 80, 106, 109, 365, 251, 368, 370, 247, 123, 381]",30
5075,"[0, 1, 2, 3, 263, 137, 266, 139, 397, 398, 399, 159, 168, 172, 305, 306, 178, 315, 190, 71, 77, 206, 106, 365, 368, 370, 123, 381]",28
5076,"[0, 1, 2, 3, 329, 397, 398, 207, 399, 339, 88, 222, 106, 236, 45, 372, 373, 185]",18
5077,"[0, 1, 2, 3, 138, 397, 398, 399, 156, 287, 33, 37, 178, 185, 316, 65, 71, 329, 207, 339, 222, 106, 365, 368, 370]",25
5078,"[0, 1, 2, 327, 264, 266, 77, 398, 397, 399, 337, 339, 154, 30, 222, 106, 372]",17
5079,"[0, 1, 2, 3, 8, 140, 397, 398, 399, 178, 316, 71, 339, 222, 106, 109, 365, 368, 370]",19
5080,"[0, 1, 2, 3, 388, 266, 396, 397, 398, 399, 159, 161, 37, 304, 178, 190, 193, 196, 71, 206, 217, 229, 106, 109, 365, 368, 370, 249, 123, 252, 382]",31
5081,"[0, 1, 2, 3, 8, 140, 397, 398, 399, 146, 280, 33, 162, 178, 190, 71, 204, 206, 106, 364, 365, 237, 109, 368, 370, 251]",26
5082,"[0, 1, 2, 397, 398, 399, 159, 161, 299, 178, 190, 71, 206, 83, 343, 346, 106, 365, 368, 370, 249, 123]",22
5083,"[0, 1, 2, 3, 9, 266, 137, 397, 398, 399, 277, 45, 186, 325, 70, 329, 75, 331, 80, 339, 88, 222, 106, 236, 238, 372, 126]",27
5084,"[0, 1, 2, 3, 388, 9, 397, 398, 399, 277, 37, 45, 304, 306, 184, 196, 70, 329, 339, 214, 217, 92, 222, 224, 106, 107, 238, 372]",28
5085,"[0, 1, 2, 201, 204, 397, 398, 399, 146, 339, 280, 222, 162, 229, 106]",15
5086,"[0, 1, 2, 260, 268, 397, 398, 399, 293, 178, 71, 330, 209, 339, 222, 231, 106, 368, 370]",19
5087,"[0, 1, 2, 3, 256, 138, 397, 398, 399, 286, 178, 194, 322, 71, 338, 339, 85, 222, 356, 106, 109, 112, 368, 372]",24
5088,"[0, 1, 2, 3, 137, 138, 397, 398, 399, 168, 176, 178, 316, 71, 74, 338, 339, 85, 222, 106, 365, 368, 372]",23
5089,"[0, 1, 2, 266, 139, 397, 398, 399, 277, 284, 28, 289, 33, 37, 169, 174, 178, 339, 88, 92, 222, 97, 228, 106, 238, 372, 376]",27
5090,"[0, 1, 2, 392, 139, 397, 398, 399, 284, 178, 71, 329, 202, 339, 348, 222, 106, 368, 369, 370, 374]",21
5091,"[0, 1, 2, 260, 268, 397, 398, 399, 293, 178, 71, 330, 78, 209, 339, 222, 231, 106, 368, 372]",20
5092,"[1, 2, 3, 269, 397, 399, 398, 276, 36, 165, 178, 71, 329, 339, 222, 356, 106, 237, 368, 242, 372, 377, 250]",23
5093,"[0, 1, 2, 3, 138, 267, 269, 397, 398, 399, 36, 43, 178, 71, 329, 339, 220, 222, 233, 106, 365, 368, 242, 372, 250]",25
5094,"[0, 1, 2, 3, 139, 397, 398, 399, 274, 146, 178, 311, 316, 71, 201, 204, 81, 339, 222, 226, 106, 109, 365, 368, 370]",25
5095,"[0, 1, 2, 3, 9, 266, 137, 397, 398, 399, 186, 325, 70, 329, 201, 75, 331, 339, 222, 229, 106, 236, 372, 126]",24
5096,"[0, 1, 2, 3, 9, 266, 137, 397, 398, 399, 144, 64, 325, 70, 201, 329, 331, 75, 339, 222, 229, 106, 372, 126]",24
5097,"[0, 1, 2, 3, 128, 9, 266, 137, 397, 398, 399, 178, 186, 316, 190, 325, 70, 71, 75, 331, 206, 80, 106, 365, 368, 370]",26
5098,"[0, 1, 2, 138, 139, 397, 398, 399, 17, 163, 301, 178, 180, 188, 65, 194, 71, 329, 339, 222, 106, 368, 372]",23
5099,"[0, 1, 2, 3, 397, 398, 399, 17, 28, 289, 165, 169, 170, 178, 315, 329, 73, 208, 339, 213, 88, 222, 228, 106, 372, 381]",26
5100,"[0, 1, 2, 3, 8, 140, 397, 398, 399, 146, 280, 162, 178, 190, 66, 71, 329, 204, 206, 339, 83, 343, 106, 365, 370, 374, 125]",27
5101,"[1, 2, 71, 330, 268, 397, 398, 399, 209, 339, 222, 293, 106, 368, 370, 178]",16
5102,"[0, 1, 2, 3, 397, 398, 399, 277, 170, 45, 315, 329, 73, 339, 222, 106, 236, 238, 372, 381]",20
5103,"[0, 1, 2, 3, 138, 266, 10, 397, 398, 399, 178, 183, 185, 59, 71, 207, 338, 339, 85, 88, 222, 106, 368, 372, 117]",25
5104,"[0, 1, 2, 3, 9, 266, 137, 397, 398, 399, 159, 186, 325, 70, 201, 329, 331, 75, 339, 222, 229, 106, 236, 372, 126]",25
5105,"[0, 1, 2, 3, 266, 397, 398, 399, 146, 154, 162, 327, 329, 204, 339, 88, 222, 106, 236, 372]",20
5106,"[0, 1, 2, 3, 138, 139, 397, 398, 399, 17, 29, 163, 301, 305, 178, 188, 65, 69, 71, 329, 339, 344, 222, 106, 365, 368, 370]",27
5107,"[0, 1, 2, 3, 263, 266, 10, 397, 398, 399, 178, 59, 315, 71, 339, 85, 88, 222, 226, 106, 368, 372, 117]",23
5108,"[0, 1, 2, 3, 8, 140, 397, 398, 399, 146, 274, 280, 162, 178, 316, 71, 201, 204, 339, 222, 106, 109, 365, 368, 370]",25
5109,"[0, 1, 2, 3, 259, 71, 397, 398, 399, 339, 222, 233, 106, 303, 368, 241, 178, 372]",18
5110,"[0, 1, 2, 3, 139, 397, 398, 399, 156, 284, 37, 178, 311, 185, 71, 207, 339, 222, 357, 106, 368, 370]",22
5111,"[0, 1, 2, 3, 263, 392, 397, 398, 399, 168, 176, 178, 71, 329, 74, 339, 348, 222, 226, 106, 368, 369, 370, 374]",24
5112,"[0, 1, 2, 3, 263, 397, 398, 399, 146, 274, 159, 178, 181, 311, 316, 190, 71, 328, 201, 331, 204, 206, 226, 106, 109, 365, 368, 123]",28
5113,"[0, 1, 2, 3, 138, 397, 398, 399, 156, 37, 178, 185, 316, 71, 329, 207, 339, 222, 106, 365, 368, 370]",22
5114,"[0, 1, 2, 3, 397, 398, 399, 170, 306, 184, 315, 201, 329, 339, 222, 224, 229, 106, 372, 381]",20
5115,"[0, 1, 2, 3, 266, 397, 398, 399, 284, 29, 305, 178, 69, 71, 202, 331, 339, 214, 344, 222, 106, 365, 368, 372]",24
5116,"[0, 1, 2, 3, 138, 397, 398, 399, 44, 178, 312, 61, 71, 329, 339, 341, 89, 348, 222, 106, 236, 238, 368, 372, 121]",25
5117,"[0, 1, 2, 392, 397, 398, 399, 178, 311, 71, 329, 339, 348, 222, 357, 106, 368, 369, 370, 374]",20
5118,"[0, 1, 2, 3, 266, 12, 397, 398, 399, 144, 277, 45, 64, 329, 339, 222, 106, 238, 372]",19
5119,"[0, 1, 2, 3, 397, 398, 399, 178, 71, 338, 339, 85, 89, 222, 106, 238, 368, 372, 121]",19
5120,"[0, 1, 2, 3, 139, 397, 398, 399, 274, 146, 178, 311, 316, 71, 201, 204, 81, 339, 349, 222, 95, 226, 106, 109, 365, 368, 370]",27
5121,"[0, 1, 2, 3, 264, 138, 397, 398, 399, 178, 198, 71, 329, 338, 339, 85, 220, 222, 102, 106, 108, 368, 372, 253]",24
5122,"[0, 1, 2, 129, 261, 397, 398, 399, 274, 27, 172, 178, 71, 78, 339, 222, 103, 106, 368, 372]",20
5123,"[0, 1, 2, 3, 266, 11, 138, 397, 398, 399, 44, 178, 61, 71, 329, 339, 348, 222, 106, 236, 368, 370]",22
5124,"[0, 1, 2, 3, 392, 266, 397, 398, 399, 284, 29, 305, 178, 69, 71, 329, 202, 331, 339, 348, 222, 106, 365, 368, 369, 372, 374]",27
5125,"[0, 1, 2, 3, 137, 266, 393, 397, 398, 399, 283, 157, 176, 309, 196, 199, 201, 329, 76, 339, 214, 222, 94, 229, 106, 235, 236, 372, 382]",29
5126,"[0, 1, 2, 263, 136, 397, 398, 399, 159, 295, 47, 305, 178, 190, 71, 331, 206, 208, 96, 226, 106, 109, 365, 251, 368, 370, 123]",27
5127,"[0, 1, 2, 3, 329, 201, 139, 397, 398, 399, 339, 277, 218, 222, 229, 106, 236, 372]",18
5128,"[0, 1, 2, 3, 138, 266, 139, 397, 398, 399, 274, 146, 163, 301, 302, 178, 311, 315, 188, 316, 65, 71, 201, 329, 204, 339, 222, 106, 109, 365, 368, 370, 381]",33
5129,"[0, 1, 2, 3, 322, 329, 397, 398, 399, 339, 277, 156, 222, 106, 236, 238, 372, 252]",18
5130,"[0, 1, 2, 3, 388, 266, 139, 397, 398, 399, 37, 168, 176, 178, 316, 71, 339, 218, 222, 106, 365, 368, 372]",23
5131,"[0, 1, 2, 3, 397, 398, 399, 146, 274, 150, 159, 299, 178, 311, 190, 71, 201, 331, 204, 206, 346, 101, 106, 109, 365, 368, 123]",27
5132,"[0, 1, 3, 137, 266, 393, 397, 398, 399, 283, 157, 176, 196, 71, 76, 339, 214, 94, 222, 106, 235, 372]",22
5133,"[0, 1, 2, 3, 138, 139, 397, 398, 399, 178, 316, 320, 71, 329, 339, 222, 106, 365, 368, 369, 370]",21
5134,"[0, 1, 2, 3, 266, 397, 398, 399, 25, 159, 178, 310, 183, 315, 62, 190, 71, 331, 333, 206, 337, 106, 365, 370, 123, 124, 381, 383]",28
5135,"[0, 1, 2, 3, 137, 266, 397, 398, 399, 277, 176, 308, 329, 339, 214, 222, 106, 236, 238, 372, 245]",21
5136,"[0, 1, 2, 3, 138, 397, 398, 399, 286, 194, 71, 338, 339, 85, 222, 356, 106, 109, 112, 368, 372]",21
5137,"[0, 1, 2, 71, 138, 397, 398, 399, 339, 222, 102, 106, 108, 368, 178, 372, 253]",17
5138,"[0, 1, 2, 3, 138, 397, 398, 399, 147, 29, 305, 178, 194, 69, 71, 339, 222, 96, 106, 365, 109, 368, 372]",23
5139,"[0, 1, 2, 3, 138, 139, 397, 398, 399, 146, 274, 162, 178, 311, 320, 71, 201, 329, 339, 222, 106, 368, 370]",23
5140,"[0, 1, 2, 3, 9, 266, 397, 398, 399, 157, 159, 168, 178, 179, 186, 190, 66, 70, 71, 329, 75, 331, 76, 206, 80, 343, 106, 107, 365, 370]",30
5141,"[0, 1, 2, 3, 391, 138, 397, 398, 399, 146, 274, 153, 162, 41, 178, 311, 316, 71, 201, 339, 222, 100, 233, 106, 365, 368, 370]",27
5142,"[0, 1, 3, 69, 266, 138, 397, 398, 399, 339, 222, 106, 365, 45, 368, 305, 370]",17
5143,"[0, 1, 2, 3, 133, 397, 398, 399, 27, 168, 176, 178, 58, 316, 71, 339, 222, 103, 106, 365, 368, 372]",22
5144,"[0, 1, 2, 3, 385, 266, 397, 398, 399, 146, 162, 185, 322, 67, 329, 339, 89, 222, 106, 236, 372, 373]",22
5145,"[0, 1, 2, 3, 397, 398, 399, 298, 329, 201, 336, 339, 212, 222, 229, 230, 106, 236, 372, 382]",20
5146,"[0, 1, 2, 3, 266, 397, 398, 399, 40, 168, 178, 179, 66, 196, 71, 329, 333, 83, 214, 343, 365, 368]",22
5147,"[0, 1, 2, 3, 9, 266, 397, 398, 399, 306, 51, 184, 185, 315, 190, 199, 329, 75, 206, 88, 224, 106, 365, 370, 373, 123]",26
5148,"[0, 1, 2, 3, 138, 266, 267, 397, 398, 399, 286, 178, 180, 194, 71, 338, 339, 222, 356, 106, 112, 368, 372]",23
5149,"[0, 1, 2, 3, 7, 266, 397, 398, 399, 277, 306, 184, 329, 339, 222, 224, 106, 238, 372]",19
5150,"[0, 1, 2, 3, 397, 398, 399, 27, 307, 59, 319, 339, 85, 222, 106, 112, 368, 370, 117]",19
5151,"[0, 1, 2, 3, 139, 397, 398, 399, 17, 154, 29, 305, 178, 69, 71, 339, 222, 96, 106, 365, 368, 370]",22
5152,"[1, 2, 3, 392, 12, 397, 398, 399, 276, 165, 178, 71, 329, 339, 348, 222, 356, 106, 237, 368, 369, 370, 374]",23
5153,"[0, 1, 266, 397, 398, 399, 339, 214, 222, 106, 372]",11
5154,"[1, 2, 3, 329, 397, 398, 399, 339, 222, 106, 236, 178, 372]",13
5155,"[0, 1, 2, 3, 138, 397, 398, 399, 286, 43, 71, 338, 339, 89, 222, 356, 106, 365, 238, 372]",20
5156,"[0, 1, 3, 259, 329, 397, 398, 399, 339, 214, 222, 355, 106, 236, 372]",15
5157,"[0, 1, 2, 196, 71, 266, 331, 397, 398, 399, 159, 123, 109, 368, 178, 251, 60]",17
5158,"[0, 1, 2, 3, 139, 397, 398, 399, 17, 154, 29, 305, 178, 59, 69, 71, 339, 85, 222, 96, 106, 365, 368, 370]",24
5159,"[0, 1, 2, 259, 256, 388, 266, 397, 398, 399, 28, 289, 37, 169, 178, 311, 339, 212, 88, 222, 355, 228, 357, 106, 372]",25
5160,"[0, 1, 2, 3, 139, 397, 398, 399, 17, 159, 168, 176, 178, 190, 71, 331, 206, 106, 365, 368, 370, 123]",22
5161,"[0, 1, 3, 259, 397, 398, 399, 338, 339, 85, 87, 222, 106, 303, 241, 372]",16
5162,"[1, 2, 3, 392, 11, 397, 398, 399, 178, 71, 329, 339, 348, 222, 106, 368, 369, 370, 374]",19
5163,"[0, 1, 3, 259, 329, 74, 397, 398, 399, 339, 222, 355, 165, 106, 236, 372, 315]",17
5164,"[0, 1, 2, 3, 259, 266, 397, 398, 399, 284, 168, 176, 178, 311, 316, 71, 202, 331, 339, 222, 355, 357, 106, 235, 365, 368, 372]",27
5165,"[1, 2, 259, 3, 329, 204, 397, 398, 399, 146, 339, 88, 222, 162, 355, 106, 236, 372]",18
5166,"[0, 1, 2, 3, 259, 388, 256, 266, 397, 398, 399, 28, 289, 37, 169, 178, 311, 329, 339, 212, 217, 222, 355, 228, 357, 106, 236, 372]",28
5167,"[0, 1, 2, 3, 259, 397, 398, 399, 146, 280, 28, 30, 178, 306, 311, 184, 329, 204, 339, 222, 224, 355, 357, 106, 372]",25
5168,"[0, 1, 2, 3, 259, 397, 398, 399, 270, 298, 185, 201, 329, 336, 339, 222, 355, 229, 106, 236, 372, 373, 382]",23
5169,"[1, 2, 3, 71, 76, 397, 398, 399, 339, 156, 222, 37, 106, 365, 368, 178, 316]",17
5170,"[0, 1, 2, 259, 392, 138, 397, 398, 399, 178, 71, 329, 339, 348, 222, 355, 106, 368, 369, 372, 374]",21
5171,"[0, 1, 2, 3, 259, 266, 138, 397, 398, 399, 144, 178, 312, 71, 329, 339, 341, 222, 355, 106, 112, 368, 372]",23
5172,"[0, 1, 2, 3, 384, 259, 388, 9, 397, 398, 399, 144, 157, 159, 37, 298, 304, 64, 329, 201, 75, 76, 336, 339, 91, 222, 355, 229, 106, 107, 372, 382]",32
5173,"[0, 1, 2, 3, 259, 392, 138, 397, 142, 399, 398, 275, 147, 303, 178, 181, 71, 329, 332, 333, 79, 339, 348, 222, 231, 106, 368, 241, 369, 372, 374]",31
5174,"[1, 2, 3, 259, 397, 398, 399, 178, 194, 69, 71, 339, 222, 355, 106, 109, 365, 368, 372]",19
5175,"[0, 1, 2, 3, 139, 397, 398, 399, 277, 283, 29, 303, 329, 339, 87, 222, 355, 361, 106, 236, 238, 376]",22
5176,"[0, 1, 2, 3, 259, 138, 266, 267, 397, 398, 399, 168, 176, 178, 71, 339, 220, 222, 355, 106, 365, 368, 372]",23
5177,"[0, 1, 2, 3, 391, 138, 397, 398, 399, 168, 176, 178, 316, 71, 339, 222, 100, 106, 365, 368, 370]",21
5178,"[0, 1, 2, 3, 259, 264, 139, 397, 398, 399, 17, 178, 188, 65, 198, 329, 339, 220, 222, 355, 106, 368, 372]",23
5179,"[0, 1, 2, 3, 259, 138, 266, 269, 397, 398, 399, 276, 36, 165, 178, 71, 329, 339, 222, 355, 356, 106, 237, 368, 242, 372, 377, 250]",28
5180,"[1, 2, 3, 397, 398, 399, 168, 178, 179, 190, 66, 71, 329, 206, 339, 83, 343, 106, 365, 368, 370]",21
5181,"[1, 2, 3, 66, 71, 329, 331, 397, 398, 399, 159, 106, 368, 178, 123]",15
5182,"[0, 1, 2, 3, 259, 397, 398, 399, 146, 274, 162, 178, 311, 71, 201, 339, 219, 222, 355, 106, 368, 372, 125, 382]",24
5183,"[0, 1, 2, 3, 259, 8, 392, 10, 397, 398, 399, 178, 71, 329, 339, 88, 348, 222, 355, 106, 364, 368, 369, 370, 374]",25
5184,"[0, 1, 2, 3, 138, 266, 139, 397, 398, 399, 287, 159, 33, 163, 168, 302, 176, 178, 315, 316, 65, 71, 329, 331, 106, 365, 368, 123, 381]",29
5185,"[0, 1, 2, 3, 259, 128, 138, 397, 398, 399, 178, 71, 338, 339, 85, 222, 355, 233, 106, 109, 368, 372, 251]",23
5186,"[0, 1, 2, 3, 259, 138, 397, 398, 399, 144, 178, 71, 329, 339, 89, 222, 355, 106, 238, 368, 372, 121]",22
5187,"[0, 1, 2, 3, 266, 141, 397, 399, 398, 277, 25, 296, 176, 306, 183, 184, 315, 329, 74, 337, 339, 222, 224, 106, 238, 372]",26
5188,"[0, 1, 2, 3, 259, 385, 138, 266, 397, 398, 399, 146, 162, 45, 185, 67, 329, 339, 89, 222, 355, 106, 236, 365, 372, 373]",26
5189,"[0, 1, 2, 3, 138, 397, 398, 399, 153, 71, 208, 338, 339, 340, 85, 222, 102, 233, 106, 108, 112, 368, 372, 253]",24
5190,"[0, 1, 2, 3, 265, 266, 139, 397, 398, 399, 283, 29, 37, 303, 185, 329, 339, 87, 222, 355, 361, 106, 236, 372, 373]",25
5191,"[0, 1, 2, 3, 384, 259, 388, 9, 266, 397, 398, 399, 277, 157, 159, 37, 304, 186, 329, 75, 76, 339, 217, 91, 222, 355, 106, 107, 236, 238, 372]",31
5192,"[0, 1, 2, 9, 266, 397, 398, 399, 178, 190, 71, 75, 206, 106, 123, 365, 109, 368, 370, 251]",20
5193,"[0, 1, 2, 3, 385, 397, 398, 399, 156, 298, 201, 329, 336, 339, 222, 229, 106, 236, 372, 382]",20
5194,"[0, 1, 2, 3, 266, 397, 398, 399, 159, 168, 178, 179, 190, 66, 71, 199, 329, 206, 214, 106, 235, 365, 370, 252]",24
5195,"[0, 1, 2, 3, 259, 138, 266, 139, 397, 398, 399, 29, 305, 178, 315, 320, 69, 71, 329, 339, 222, 355, 106, 365, 368, 372]",26
5196,"[0, 1, 2, 3, 138, 269, 398, 399, 397, 153, 29, 159, 36, 305, 178, 190, 69, 71, 329, 331, 206, 208, 338, 340, 85, 233, 106, 365, 368, 370, 250, 123]",32
5197,"[1, 2, 259, 3, 71, 397, 398, 399, 339, 222, 355, 106, 364, 365, 368, 178]",16
5198,"[1, 2, 3, 71, 397, 398, 399, 146, 339, 222, 162, 106, 365, 368, 178, 311, 316, 190]",18
5199,"[0, 1, 2, 388, 266, 397, 398, 399, 37, 298, 45, 304, 196, 201, 336, 339, 222, 229, 106, 367, 372, 382]",22
5200,"[0, 1, 2, 3, 8, 266, 397, 398, 399, 178, 66, 71, 329, 331, 339, 222, 106, 364, 368]",19
5201,"[0, 1, 2, 259, 388, 266, 397, 398, 399, 37, 304, 185, 196, 339, 217, 222, 355, 106, 372, 373]",20
5202,"[0, 1, 2, 3, 139, 397, 398, 399, 283, 156, 37, 303, 178, 316, 190, 71, 328, 76, 206, 339, 355, 361, 106, 365, 368, 370]",26
5203,"[0, 1, 2, 3, 259, 138, 266, 397, 398, 399, 37, 178, 312, 316, 71, 339, 83, 341, 92, 222, 355, 106, 365, 368, 369, 372]",26
5204,"[0, 1, 2, 3, 259, 397, 398, 399, 146, 285, 168, 176, 178, 316, 71, 339, 219, 222, 355, 106, 365, 368, 372, 382]",24
5205,"[1, 2, 3, 71, 397, 398, 399, 146, 339, 222, 106, 365, 368, 178, 311, 316, 190]",17
5206,"[0, 1, 2, 259, 266, 397, 398, 399, 339, 277, 214, 222, 355, 164, 106, 372, 252]",17
5207,"[0, 1, 2, 3, 259, 397, 398, 399, 178, 311, 183, 329, 337, 339, 222, 355, 357, 106, 372]",19
5208,"[0, 1, 2, 3, 384, 259, 388, 137, 266, 265, 397, 398, 399, 157, 32, 164, 296, 321, 75, 339, 86, 91, 222, 351, 355, 106, 107, 236, 372]",29
5209,"[1, 2, 259, 201, 397, 398, 399, 339, 222, 355, 229, 106]",12
5210,"[1, 2, 71, 397, 398, 399, 339, 222, 106, 368, 178]",11
5211,"[0, 1, 3, 259, 388, 9, 266, 397, 398, 399, 37, 304, 61, 339, 214, 217, 348, 222, 355, 106, 372, 252]",22
5212,"[0, 1, 2, 9, 266, 397, 398, 399, 159, 178, 190, 71, 331, 75, 206, 219, 106, 365, 368, 370, 123, 382]",22
5213,"[0, 1, 2, 3, 138, 266, 267, 397, 398, 399, 178, 316, 71, 339, 222, 233, 106, 365, 368, 369, 372]",21
5214,"[0, 1, 2, 3, 139, 397, 398, 399, 159, 178, 190, 71, 328, 331, 206, 355, 361, 106, 365, 238, 368, 370, 374, 376, 123]",25
5215,"[0, 1, 2, 3, 262, 139, 397, 398, 399, 159, 40, 168, 178, 179, 190, 66, 71, 329, 331, 206, 83, 343, 99, 355, 361, 233, 106, 365, 238, 368, 370, 376, 123]",33
5216,"[0, 1, 2, 3, 259, 266, 397, 398, 399, 156, 170, 178, 62, 67, 196, 71, 339, 83, 222, 355, 106, 368, 369]",23
5217,"[0, 1, 2, 3, 259, 266, 138, 267, 139, 398, 399, 397, 145, 178, 71, 339, 220, 222, 355, 106, 365, 368]",22
5218,"[1, 2, 3, 201, 397, 398, 399, 339, 348, 222, 164, 229, 106, 372, 61]",15
5219,"[0, 1, 2, 3, 258, 266, 139, 397, 398, 399, 154, 29, 305, 178, 60, 196, 71, 339, 222, 359, 106, 365, 368, 372]",24
5220,"[0, 1, 2, 3, 259, 138, 266, 139, 397, 398, 399, 145, 37, 300, 178, 307, 59, 315, 190, 319, 320, 71, 329, 206, 339, 83, 85, 92, 106, 365, 368, 370, 117, 381]",34
5221,"[0, 1, 2, 3, 259, 263, 139, 397, 398, 399, 43, 178, 307, 59, 319, 71, 329, 339, 85, 222, 355, 101, 104, 106, 365, 368, 117]",27
5222,"[0, 1, 2, 3, 392, 138, 266, 11, 139, 397, 399, 398, 45, 305, 178, 312, 61, 71, 339, 341, 89, 222, 106, 368, 372]",25
5223,"[0, 1, 3, 265, 266, 397, 398, 399, 159, 37, 38, 61, 321, 196, 325, 70, 329, 336, 339, 348, 92, 222, 106, 107, 235, 372]",26
5224,"[0, 1, 2, 3, 265, 266, 397, 398, 399, 159, 37, 185, 61, 321, 196, 325, 70, 329, 336, 339, 92, 348, 222, 106, 107, 235, 372, 373]",28
5225,"[0, 1, 2, 3, 138, 139, 397, 398, 399, 145, 178, 316, 71, 339, 222, 233, 106, 365, 368, 372]",20
5226,"[0, 1, 2, 3, 385, 9, 266, 137, 141, 398, 397, 399, 25, 159, 164, 185, 75, 339, 92, 222, 106, 235, 372, 373]",24
5227,"[0, 1, 2, 3, 7, 9, 266, 397, 398, 399, 277, 157, 32, 61, 331, 339, 348, 222, 94, 352, 230, 106, 238, 372]",24
5228,"[0, 1, 2, 3, 138, 266, 397, 398, 399, 277, 45, 303, 190, 71, 206, 339, 106, 365, 368, 370, 118, 121]",22
5229,"[0, 1, 2, 3, 384, 388, 390, 9, 267, 397, 398, 399, 159, 37, 178, 316, 190, 321, 69, 325, 71, 328, 75, 206, 217, 91, 220, 106, 365, 368, 370]",31
5230,"[0, 1, 2, 3, 128, 138, 139, 397, 398, 399, 17, 171, 301, 178, 316, 188, 65, 71, 329, 332, 339, 222, 106, 365, 112, 368, 372]",27
5231,"[0, 1, 2, 3, 138, 10, 139, 397, 398, 399, 287, 33, 163, 164, 178, 65, 71, 329, 339, 88, 222, 106, 368, 372]",24
5232,"[0, 1, 2, 3, 259, 256, 387, 8, 266, 138, 267, 397, 398, 399, 26, 52, 64, 71, 204, 339, 220, 222, 355, 106, 240, 376]",26
5233,"[0, 1, 2, 3, 128, 130, 397, 398, 399, 164, 178, 316, 71, 332, 339, 222, 106, 365, 368, 372]",20
5234,"[1, 2, 3, 259, 397, 398, 399, 290, 178, 312, 316, 326, 71, 203, 339, 222, 355, 100, 106, 365, 368]",21
5235,"[0, 1, 2, 3, 386, 259, 397, 398, 399, 156, 170, 62, 71, 201, 339, 222, 355, 229, 106, 368, 372]",21
5236,"[0, 1, 2, 3, 8, 266, 140, 397, 398, 399, 156, 170, 44, 186, 71, 329, 331, 339, 222, 106, 236, 372, 381]",23
5237,"[0, 1, 2, 3, 139, 397, 398, 399, 33, 37, 174, 178, 190, 71, 206, 83, 214, 343, 355, 361, 238, 368, 370, 376]",24
5238,"[0, 1, 2, 3, 385, 259, 138, 397, 398, 399, 146, 277, 44, 45, 67, 329, 339, 222, 355, 106, 365]",21
5239,"[0, 1, 2, 3, 397, 398, 399, 274, 164, 178, 183, 329, 208, 337, 339, 222, 106, 108, 372]",19
5240,"[0, 1, 2, 3, 138, 266, 267, 397, 398, 399, 153, 290, 178, 312, 316, 326, 71, 203, 332, 338, 339, 340, 85, 222, 95, 100, 233, 106, 365, 368, 372]",31
5241,"[1, 2, 71, 329, 269, 397, 398, 399, 339, 222, 36, 106, 368, 178, 372, 250]",16
5242,"[1, 2, 397, 398, 399, 339, 277, 222, 106, 45, 372]",11
5243,"[0, 1, 2, 3, 138, 396, 397, 398, 399, 164, 44, 178, 312, 71, 329, 339, 341, 219, 222, 106, 236, 368, 372, 374]",24
5244,"[0, 1, 2, 3, 9, 266, 397, 398, 399, 277, 159, 164, 45, 309, 325, 329, 75, 76, 339, 91, 222, 106, 236, 368, 372, 116]",26
5245,"[0, 1, 2, 3, 266, 397, 398, 399, 283, 159, 162, 178, 190, 71, 206, 339, 88, 106, 365, 368, 370, 246]",22
5246,"[0, 1, 2, 3, 397, 398, 399, 178, 71, 339, 83, 343, 219, 222, 106, 368, 369, 374, 382]",19
5247,"[0, 1, 2, 3, 257, 138, 397, 270, 399, 398, 159, 162, 292, 170, 54, 329, 339, 214, 91, 222, 106, 236, 365, 113, 116, 372, 381]",27
5248,"[0, 1, 2, 3, 391, 138, 266, 139, 397, 398, 399, 145, 170, 178, 316, 320, 71, 329, 339, 222, 100, 106, 365, 368, 372, 381]",26
5249,"[0, 1, 2, 3, 259, 138, 266, 139, 397, 398, 399, 287, 33, 163, 178, 60, 65, 196, 71, 329, 339, 222, 355, 106, 365, 368]",26
5250,"[0, 1, 2, 3, 266, 396, 397, 398, 399, 274, 164, 296, 298, 176, 183, 329, 201, 208, 337, 339, 222, 229, 106, 108, 372]",25
5251,"[0, 1, 2, 3, 131, 266, 138, 267, 397, 398, 399, 17, 277, 283, 43, 182, 55, 312, 71, 339, 341, 213, 89, 222, 106, 365, 238, 368, 242, 372]",30
5252,"[0, 1, 2, 3, 137, 266, 12, 397, 398, 399, 277, 159, 37, 44, 45, 306, 321, 196, 199, 329, 331, 75, 339, 222, 224, 106, 235, 372]",28
5253,"[1, 2, 259, 3, 71, 397, 398, 399, 339, 83, 343, 222, 355, 106, 369, 178, 374]",17
5254,"[0, 1, 2, 3, 256, 397, 398, 399, 28, 289, 164, 169, 44, 45, 306, 311, 184, 329, 339, 88, 222, 224, 352, 228, 357, 106, 367, 372]",28
5255,"[0, 1, 2, 3, 392, 139, 397, 398, 399, 284, 289, 178, 71, 72, 329, 202, 339, 348, 222, 359, 106, 368, 369, 372, 374]",25
5256,"[0, 1, 2, 3, 138, 139, 396, 397, 398, 399, 17, 301, 45, 178, 188, 65, 329, 336, 339, 212, 222, 106, 368, 372, 374]",25
5257,"[0, 1, 2, 385, 137, 266, 397, 398, 399, 159, 164, 185, 67, 75, 339, 222, 106, 372, 373]",19
5258,"[0, 1, 2, 3, 384, 9, 266, 397, 398, 399, 61, 70, 329, 201, 76, 339, 91, 348, 222, 229, 106, 107, 236, 372, 126]",25
5259,"[0, 1, 2, 3, 397, 398, 399, 156, 29, 286, 159, 37, 178, 310, 190, 71, 331, 206, 339, 214, 362, 106, 365, 368, 370, 123, 124]",27
5260,"[0, 1, 2, 3, 257, 9, 266, 12, 279, 25, 37, 304, 306, 321, 73, 329, 75, 331, 80, 339, 106, 372, 381, 388, 393, 137, 141, 397, 398, 399, 156, 159, 170, 184, 186, 196, 199, 222, 224, 235]",40
5261,"[0, 1, 2, 138, 139, 397, 398, 399, 17, 301, 178, 307, 59, 188, 319, 65, 71, 329, 339, 85, 222, 106, 368, 117]",24
5262,"[0, 1, 2, 3, 259, 71, 137, 397, 398, 399, 339, 156, 222, 355, 168, 106, 368, 178]",18
5263,"[0, 1, 2, 3, 259, 392, 138, 139, 397, 398, 399, 17, 276, 34, 163, 301, 178, 312, 188, 65, 71, 329, 339, 348, 222, 98, 355, 356, 106, 237, 368, 369, 242, 377]",34
5264,"[0, 1, 2, 3, 139, 397, 398, 399, 286, 159, 174, 178, 190, 322, 71, 331, 206, 339, 83, 343, 351, 355, 361, 106, 365, 238, 368, 370, 123, 252]",30
5265,"[0, 1, 2, 259, 138, 139, 397, 398, 399, 17, 163, 301, 178, 188, 65, 71, 329, 339, 222, 355, 106, 365, 368]",23
5266,"[0, 1, 2, 3, 138, 397, 398, 270, 399, 276, 184, 185, 329, 75, 339, 222, 106, 365, 372, 373]",20
5267,"[0, 1, 3, 137, 74, 329, 397, 398, 399, 339, 214, 94, 222, 164, 106, 235, 372, 184]",18
5268,"[0, 1, 2, 3, 259, 131, 139, 397, 398, 399, 283, 324, 329, 201, 81, 339, 345, 349, 222, 355, 229, 106]",22
5269,"[0, 1, 2, 71, 397, 398, 399, 339, 150, 346, 222, 101, 106, 299, 365, 368, 178, 251]",18
5270,"[0, 1, 2, 3, 139, 397, 398, 399, 17, 43, 178, 59, 71, 339, 85, 222, 106, 365, 368, 117]",20
5271,"[0, 1, 2, 3, 128, 266, 138, 269, 397, 399, 398, 286, 36, 178, 312, 71, 329, 338, 339, 341, 222, 356, 106, 368, 372, 250]",26
5272,"[0, 1, 2, 194, 71, 139, 397, 398, 399, 17, 339, 222, 106, 109, 368, 178, 372]",17
5273,"[0, 1, 2, 3, 9, 397, 398, 399, 159, 178, 190, 71, 331, 75, 76, 206, 79, 106, 365, 370]",20
5274,"[0, 1, 2, 3, 71, 140, 397, 398, 399, 81, 339, 345, 222, 226, 106, 368, 369, 178]",18
5275,"[0, 1, 2, 385, 9, 138, 397, 398, 399, 146, 277, 159, 162, 308, 185, 190, 67, 331, 206, 361, 106, 365, 238, 370, 373, 123]",26
5276,"[0, 1, 2, 3, 258, 397, 398, 399, 276, 284, 178, 316, 190, 69, 71, 328, 73, 202, 339, 88, 222, 356, 359, 106, 237, 365, 368, 242, 371, 377]",30
5277,"[0, 2, 71, 331, 397, 398, 399, 83, 343, 159, 178]",11
5278,"[0, 1, 2, 3, 7, 266, 397, 398, 399, 277, 159, 308, 184, 199, 329, 339, 222, 106, 115, 372]",20
5279,"[0, 1, 2, 3, 256, 262, 266, 267, 282, 287, 33, 301, 302, 52, 64, 71, 329, 331, 106, 109, 365, 368, 370, 376, 123, 134, 138, 139, 397, 398, 399, 159, 163, 178, 190, 204, 206, 240, 251]",39
5280,"[0, 1, 2, 3, 397, 398, 399, 283, 29, 299, 303, 178, 316, 71, 339, 87, 88, 346, 222, 106, 365, 368, 242, 371, 372, 377]",26
5281,"[0, 1, 2, 71, 202, 331, 397, 398, 399, 284, 159, 357, 368, 178, 311, 123]",16
5282,"[0, 1, 2, 3, 266, 397, 398, 399, 164, 298, 176, 184, 201, 329, 337, 339, 222, 351, 228, 229, 106, 372, 382]",23
5283,"[1, 2, 3, 71, 201, 397, 398, 399, 274, 339, 222, 106, 365, 368, 178, 316]",16
5284,"[0, 1, 2, 9, 266, 397, 398, 399, 178, 190, 71, 75, 206, 106, 109, 365, 251, 368, 370, 123]",20
5285,"[0, 1, 2, 3, 392, 266, 138, 267, 397, 398, 399, 178, 71, 329, 338, 339, 85, 220, 348, 222, 106, 368, 369, 372, 383]",25
5286,"[0, 1, 2, 3, 8, 397, 398, 399, 146, 284, 178, 311, 313, 71, 202, 204, 339, 222, 357, 106, 365, 368, 372]",23
5287,"[0, 1, 2, 3, 9, 397, 398, 399, 277, 159, 164, 45, 184, 325, 329, 339, 91, 222, 106, 372]",20
5288,"[0, 1, 3, 397, 398, 399, 339, 222, 95, 164, 106, 112, 372, 63]",14
5289,"[0, 1, 2, 71, 329, 397, 398, 399, 338, 339, 85, 222, 233, 106, 44, 236, 368, 178]",18
5290,"[1, 2, 3, 71, 397, 206, 79, 399, 398, 339, 83, 343, 106, 365, 370, 178, 190]",17
5291,"[1, 2, 3, 133, 392, 267, 397, 398, 399, 178, 71, 329, 336, 339, 219, 220, 348, 222, 106, 368, 369, 127]",22
5292,"[0, 1, 3, 137, 266, 141, 397, 399, 398, 25, 164, 184, 196, 70, 329, 331, 339, 222, 106, 107, 372]",21
5293,"[1, 2, 3, 71, 397, 206, 398, 399, 339, 106, 365, 368, 178, 370, 374, 190]",16
5294,"[0, 1, 2, 3, 397, 398, 399, 190, 198, 71, 329, 206, 338, 339, 85, 233, 106, 365, 368, 370]",20
5295,"[0, 1, 2, 9, 266, 137, 397, 398, 399, 164, 199, 201, 75, 339, 92, 222, 229, 106, 235, 372, 382]",21
5296,"[0, 1, 2, 9, 266, 397, 398, 270, 399, 159, 164, 70, 199, 201, 75, 339, 91, 222, 229, 106, 372, 382]",22
5297,"[0, 1, 3, 266, 141, 397, 398, 336, 399, 339, 212, 25, 157, 222, 32, 230, 106, 372]",18
5298,"[1, 2, 3, 71, 139, 397, 398, 399, 145, 339, 222, 106, 365, 368, 178, 316]",16
5299,"[0, 1, 2, 3, 266, 138, 397, 398, 399, 44, 329, 80, 339, 214, 89, 222, 224, 106, 365, 112]",20
5300,"[0, 1, 2, 3, 259, 133, 256, 8, 138, 139, 268, 267, 398, 397, 399, 17, 293, 301, 178, 52, 188, 64, 65, 71, 329, 330, 209, 339, 348, 222, 355, 106, 240, 368, 376]",35
5301,"[1, 2, 397, 398, 399, 339, 222, 164, 106, 372, 373, 185]",12
5302,"[0, 1, 2, 3, 261, 263, 136, 139, 267, 397, 398, 399, 27, 47, 305, 306, 178, 182, 71, 339, 220, 222, 106, 368, 242, 372]",26
5303,"[0, 1, 2, 3, 266, 138, 267, 397, 398, 399, 153, 178, 314, 71, 208, 338, 339, 340, 88, 220, 222, 356, 233, 106, 365, 368, 371, 372]",28
5304,"[0, 1, 2, 3, 138, 139, 397, 398, 399, 17, 301, 178, 188, 316, 65, 71, 329, 339, 88, 222, 356, 106, 365, 368, 371, 372]",26
5305,"[0, 1, 2, 257, 201, 397, 398, 399, 146, 339, 279, 25, 222, 229, 106, 372, 315, 381]",18
5306,"[1, 2, 3, 397, 398, 399, 285, 159, 290, 168, 178, 316, 326, 71, 339, 349, 222, 106, 365, 368]",20
5307,"[0, 1, 2, 3, 138, 266, 267, 397, 398, 399, 153, 285, 159, 290, 168, 41, 178, 326, 71, 339, 220, 349, 222, 233, 106, 365, 368]",27
5308,"[0, 1, 2, 3, 129, 260, 391, 397, 398, 399, 285, 29, 159, 290, 168, 178, 316, 326, 71, 339, 349, 222, 231, 106, 365, 368, 372]",27
5309,"[1, 2, 3, 397, 398, 399, 290, 42, 178, 307, 59, 190, 319, 326, 71, 203, 206, 339, 85, 100, 106, 365, 368, 370, 117]",25
5310,"[0, 1, 3, 131, 9, 266, 397, 398, 399, 25, 283, 157, 159, 164, 75, 76, 339, 91, 94, 222, 106, 372]",22
5311,"[0, 1, 2, 3, 138, 139, 10, 397, 398, 399, 17, 295, 301, 178, 307, 59, 188, 319, 65, 71, 329, 339, 85, 88, 222, 106, 368, 117]",28
5312,"[0, 1, 2, 3, 388, 266, 397, 398, 399, 37, 38, 165, 178, 185, 316, 196, 71, 76, 339, 88, 222, 356, 106, 365, 368, 371, 372, 373]",28
5313,"[0, 1, 2, 3, 138, 11, 139, 397, 398, 399, 29, 305, 178, 63, 71, 339, 222, 95, 106, 109, 368, 251]",22
5314,"[0, 1, 2, 3, 266, 397, 398, 399, 165, 178, 316, 71, 74, 339, 88, 222, 356, 106, 365, 368, 371]",21
5315,"[1, 2, 3, 71, 397, 206, 79, 399, 398, 83, 343, 106, 365, 370, 178, 190]",16
5316,"[0, 1, 2, 3, 139, 12, 397, 398, 399, 284, 164, 178, 311, 71, 331, 339, 222, 357, 106, 372]",20
5317,"[0, 1, 2, 3, 71, 266, 397, 206, 398, 399, 368, 178, 186, 190, 126]",15
5318,"[0, 1, 2, 3, 389, 137, 138, 397, 398, 399, 185, 186, 317, 339, 222, 224, 229, 106, 365, 372, 373, 126]",22
5319,"[0, 1, 2, 3, 258, 266, 397, 398, 399, 178, 60, 196, 69, 71, 207, 339, 222, 359, 106, 365, 368, 372]",22
5320,"[0, 1, 2, 3, 131, 137, 12, 397, 398, 399, 283, 164, 178, 326, 329, 75, 331, 339, 222, 106, 240, 372]",22
5321,"[0, 1, 2, 3, 138, 139, 397, 398, 399, 17, 145, 301, 178, 316, 188, 65, 71, 329, 339, 222, 106, 365, 368]",23
5322,"[0, 1, 2, 3, 266, 397, 398, 399, 277, 164, 45, 317, 337, 339, 222, 224, 228, 106, 372, 249]",20
5323,"[0, 1, 2, 331, 397, 398, 399, 146, 339, 277, 279, 222, 164, 106, 45, 372, 308]",17
5324,"[0, 1, 2, 3, 131, 266, 139, 397, 398, 399, 283, 284, 164, 38, 178, 311, 185, 196, 76, 339, 222, 357, 106, 372, 373]",25
5325,"[0, 1, 3, 266, 397, 398, 399, 339, 277, 222, 233, 106, 43, 365, 368]",15
5326,"[0, 1, 2, 3, 138, 266, 139, 397, 398, 399, 145, 170, 178, 316, 320, 196, 71, 329, 83, 339, 222, 106, 365, 368, 381]",25
5327,"[0, 1, 2, 3, 138, 266, 267, 397, 398, 399, 290, 178, 312, 316, 326, 71, 203, 338, 339, 85, 220, 222, 100, 106, 365, 368, 372]",27
5328,"[0, 1, 2, 131, 71, 138, 266, 397, 398, 399, 17, 339, 213, 283, 222, 106]",16
5329,"[0, 1, 2, 201, 397, 398, 399, 339, 156, 222, 164, 229, 170, 106, 372, 62]",16
5330,"[0, 1, 2, 3, 263, 10, 267, 269, 398, 399, 397, 36, 305, 178, 306, 183, 71, 329, 339, 88, 222, 106, 368, 250, 383]",25
5331,"[0, 1, 2, 3, 266, 139, 397, 398, 399, 283, 178, 190, 71, 331, 206, 91, 355, 361, 106, 365, 368, 370, 123]",23
5332,"[1, 2, 3, 139, 397, 398, 399, 29, 159, 305, 178, 316, 190, 71, 328, 331, 206, 106, 365, 368, 370, 123]",22
5333,"[0, 1, 2, 3, 259, 266, 397, 398, 399, 279, 280, 30, 178, 190, 71, 204, 339, 214, 222, 355, 106, 368, 370]",23
5334,"[1, 2, 3, 71, 139, 397, 398, 399, 145, 339, 222, 106, 365, 368, 178, 316]",16
5335,"[0, 1, 2, 3, 138, 139, 397, 398, 399, 145, 159, 163, 178, 316, 190, 71, 328, 329, 331, 206, 106, 365, 368, 370, 123]",25
5336,"[0, 1, 2, 3, 133, 138, 266, 268, 267, 139, 399, 398, 17, 397, 293, 301, 178, 185, 188, 65, 198, 71, 329, 330, 80, 209, 339, 348, 222, 106, 365, 368, 127]",33
5337,"[0, 1, 2, 194, 71, 138, 397, 398, 399, 339, 222, 233, 106, 109, 368, 178]",16
5338,"[0, 1, 2, 3, 390, 267, 397, 398, 399, 284, 164, 178, 311, 316, 69, 71, 202, 339, 220, 222, 357, 106, 365, 368, 372]",25
5339,"[0, 1, 2, 3, 7, 266, 138, 267, 139, 397, 398, 399, 284, 164, 170, 178, 180, 320, 198, 71, 329, 80, 339, 220, 222, 106, 365, 368, 372, 381, 127]",31
5340,"[0, 1, 2, 3, 138, 397, 398, 399, 146, 147, 178, 307, 59, 319, 71, 336, 339, 212, 85, 222, 96, 106, 368, 117, 249]",25
5341,"[0, 1, 2, 196, 201, 266, 397, 398, 399, 339, 222, 164, 229, 106, 373, 185]",16
5342,"[0, 1, 2, 3, 397, 398, 399, 147, 178, 198, 71, 329, 80, 339, 222, 96, 106, 365, 368]",19
5343,"[0, 1, 2, 3, 260, 139, 397, 398, 399, 145, 178, 56, 316, 190, 71, 328, 339, 222, 231, 106, 365, 368]",22
5344,"[0, 1, 384, 388, 70, 9, 266, 76, 397, 398, 399, 339, 91, 157, 222, 37, 106, 304]",18
5345,"[0, 1, 2, 196, 266, 397, 398, 399, 339, 277, 25, 222, 106, 45, 372]",15
5346,"[0, 1, 2, 3, 266, 397, 398, 399, 170, 178, 56, 312, 316, 71, 328, 339, 222, 106, 365, 368, 381]",21
5347,"[0, 1, 2, 3, 138, 266, 397, 398, 399, 147, 178, 312, 316, 71, 339, 220, 222, 96, 106, 365, 368]",21
5348,"[0, 1, 2, 128, 266, 138, 397, 398, 399, 153, 178, 71, 338, 339, 340, 85, 222, 95, 233, 106, 368]",21
5349,"[0, 1, 2, 3, 261, 263, 136, 266, 139, 397, 398, 399, 27, 47, 305, 306, 178, 194, 71, 339, 222, 106, 364, 109, 368, 373]",26
5350,"[0, 1, 2, 3, 266, 139, 397, 398, 399, 145, 170, 178, 315, 71, 339, 222, 106, 368, 371, 246, 381]",21
5351,"[0, 1, 2, 3, 131, 12, 397, 398, 399, 283, 164, 199, 201, 331, 339, 222, 229, 106, 235, 382]",20
5352,"[0, 1, 2, 3, 266, 138, 397, 398, 399, 277, 178, 71, 339, 89, 222, 106, 364, 238, 368, 241]",20
5353,"[0, 1, 2, 3, 139, 397, 398, 399, 145, 283, 303, 178, 71, 339, 222, 355, 361, 106, 368, 372, 125]",21
5354,"[0, 1, 2, 3, 138, 139, 397, 398, 399, 163, 164, 178, 307, 59, 319, 327, 71, 329, 336, 339, 212, 85, 222, 106, 368, 117, 249]",27
5355,"[1, 2, 3, 139, 397, 398, 399, 274, 284, 164, 178, 311, 329, 208, 339, 222, 357, 106, 108]",19
5356,"[0, 1, 2, 3, 256, 259, 392, 8, 266, 267, 397, 398, 399, 280, 282, 30, 52, 64, 329, 331, 204, 339, 348, 220, 222, 355, 106, 112, 369]",29
5357,"[0, 1, 2, 266, 397, 398, 399, 339, 212, 157, 222, 32, 230, 106, 373, 376]",16
5358,"[1, 2, 3, 71, 397, 398, 399, 339, 222, 106, 368, 369, 178, 374]",14
5359,"[0, 1, 2, 3, 138, 266, 397, 398, 399, 144, 153, 41, 178, 198, 71, 329, 80, 339, 222, 233, 106, 365, 368]",23
5360,"[0, 1, 2, 3, 137, 397, 398, 399, 277, 278, 44, 45, 306, 196, 70, 329, 331, 339, 222, 224, 106, 107, 238, 372]",24
5361,"[0, 1, 2, 3, 128, 138, 266, 397, 398, 399, 147, 178, 60, 316, 196, 71, 72, 205, 339, 222, 96, 106, 365, 368]",24
5362,"[0, 1, 2, 3, 71, 266, 397, 398, 399, 339, 278, 222, 106, 364, 365, 368, 178]",17
5363,"[0, 1, 2, 3, 128, 397, 398, 399, 284, 159, 178, 71, 72, 202, 331, 332, 205, 359, 106, 365, 368, 123]",22
5364,"[0, 1, 2, 137, 266, 397, 398, 399, 277, 164, 165, 45, 51, 331, 75, 339, 222, 106, 235, 238, 372]",21
5365,"[0, 1, 329, 265, 397, 398, 399, 339, 92, 222, 37, 106, 107]",13
5366,"[0, 1, 2, 138, 397, 142, 398, 399, 147, 275, 154, 164, 178, 71, 332, 339, 222, 350, 96, 102, 106, 108, 368, 253]",24
5367,"[0, 1, 2, 3, 266, 139, 397, 398, 399, 145, 178, 322, 196, 71, 339, 83, 87, 222, 351, 355, 361, 106, 238, 368, 376, 252]",26
5368,"[0, 1, 2, 3, 259, 267, 139, 397, 398, 399, 145, 159, 300, 178, 190, 71, 331, 206, 106, 365, 368, 370, 371, 246, 123]",25
5369,"[0, 1, 384, 3, 388, 266, 397, 14, 270, 399, 398, 339, 86, 222, 159, 164, 106, 304]",18
5370,"[1, 2, 3, 329, 397, 398, 399, 339, 277, 222, 224, 164, 106, 44, 45, 306, 372]",17
5371,"[0, 1, 2, 3, 329, 397, 398, 399, 208, 274, 339, 277, 222, 106, 107, 108, 45, 372]",18
5372,"[0, 1, 3, 266, 397, 398, 399, 339, 277, 222, 164, 233, 106, 368, 373, 183, 185, 383]",18
5373,"[0, 1, 2, 384, 385, 388, 397, 398, 399, 339, 86, 222, 164, 106, 42, 304]",16
5374,"[0, 1, 2, 3, 128, 266, 138, 397, 398, 399, 159, 171, 178, 60, 190, 196, 71, 329, 331, 332, 205, 206, 339, 106, 363, 365, 112, 368, 370, 123]",30
5375,"[0, 1, 2, 3, 267, 397, 398, 399, 178, 316, 190, 71, 328, 206, 339, 220, 106, 109, 365, 368, 370, 374]",22
5376,"[0, 1, 2, 3, 9, 137, 12, 397, 398, 399, 274, 164, 325, 199, 329, 201, 75, 331, 208, 339, 222, 229, 106, 235, 108, 382]",26
5377,"[0, 1, 2, 201, 266, 397, 398, 399, 339, 222, 229, 106, 186, 126]",14
5378,"[0, 1, 2, 267, 397, 398, 399, 339, 277, 220, 222, 106, 45, 372]",14
5379,"[0, 1, 2, 266, 138, 397, 398, 399, 164, 178, 196, 326, 329, 74, 339, 222, 106, 107, 240]",19
5380,"[0, 1, 2, 3, 392, 397, 398, 399, 280, 30, 52, 64, 329, 204, 339, 348, 222, 106, 369]",19
5381,"[0, 1, 2, 3, 128, 263, 266, 397, 398, 399, 305, 178, 306, 56, 316, 190, 71, 72, 328, 205, 207, 339, 222, 106, 365, 368]",26
5382,"[0, 1, 2, 3, 138, 12, 397, 398, 399, 147, 156, 164, 165, 178, 314, 71, 339, 222, 96, 102, 106, 108, 368, 374, 376, 253]",26
5383,"[0, 1, 2, 3, 138, 266, 12, 397, 267, 399, 398, 156, 164, 165, 44, 178, 185, 314, 61, 71, 329, 339, 220, 348, 222, 106, 236, 368, 373, 374, 376]",31
5384,"[0, 1, 2, 3, 128, 138, 397, 398, 399, 153, 41, 178, 198, 71, 329, 80, 339, 340, 222, 95, 102, 233, 106, 108, 365, 368, 253]",27
5385,"[0, 1, 3, 71, 266, 138, 267, 397, 398, 399, 339, 222, 106, 364, 368, 190]",16
5386,"[0, 1, 2, 3, 9, 266, 137, 397, 398, 399, 274, 277, 159, 164, 45, 325, 329, 75, 80, 208, 339, 222, 106, 108, 372]",25
5387,"[0, 1, 2, 3, 266, 396, 397, 398, 399, 298, 44, 306, 184, 201, 329, 337, 339, 222, 224, 229, 106, 121, 382]",23
5388,"[0, 1, 2, 3, 128, 266, 139, 397, 398, 399, 159, 170, 178, 56, 315, 316, 320, 71, 72, 328, 331, 205, 106, 365, 368, 123, 381]",27
5389,"[0, 1, 2, 3, 131, 397, 398, 399, 283, 156, 164, 38, 176, 327, 329, 76, 339, 213, 222, 106]",20
5390,"[0, 1, 2, 3, 390, 138, 266, 267, 397, 398, 399, 164, 170, 178, 316, 60, 196, 69, 71, 329, 339, 220, 222, 106, 365, 368, 381]",27
5391,"[0, 1, 2, 3, 390, 392, 266, 267, 139, 397, 398, 399, 278, 284, 289, 178, 190, 69, 71, 72, 329, 202, 339, 348, 220, 222, 359, 106, 365, 368, 369]",31
5392,"[0, 1, 2, 3, 392, 266, 138, 397, 398, 399, 43, 178, 71, 329, 339, 348, 222, 106, 365, 368, 369, 373]",22
5393,"[0, 1, 2, 3, 138, 266, 267, 397, 398, 399, 44, 178, 182, 190, 71, 329, 339, 220, 222, 106, 236, 112, 368]",23
5394,"[0, 1, 2, 67, 201, 76, 397, 398, 399, 339, 156, 222, 164, 229, 38, 106, 185, 382]",18
5395,"[0, 1, 2, 3, 138, 266, 267, 269, 398, 399, 144, 397, 22, 178, 71, 329, 339, 89, 220, 222, 106, 238, 368, 121]",24
5396,"[0, 1, 2, 3, 266, 397, 398, 399, 30, 178, 190, 196, 324, 71, 339, 83, 88, 345, 222, 106, 364, 369, 246, 374]",24
5397,"[0, 1, 2, 266, 397, 398, 399, 339, 89, 222, 159, 106, 45, 372, 190, 126]",16
5398,"[0, 1, 2, 324, 397, 398, 399, 339, 345, 156, 222, 106, 364]",13
5399,"[0, 1, 2, 3, 6, 397, 398, 399, 159, 168, 178, 190, 71, 328, 73, 206, 214, 220, 106, 365, 368, 370, 371, 246, 123, 125]",26
5400,"[1, 2, 269, 398, 399, 397, 159, 36, 178, 190, 71, 329, 206, 106, 365, 368, 370, 250, 123]",19
5401,"[0, 1, 2, 9, 266, 137, 397, 398, 399, 146, 159, 164, 325, 75, 204, 339, 88, 222, 106]",19
5402,"[0, 1, 2, 3, 258, 397, 398, 399, 178, 316, 190, 69, 71, 339, 222, 359, 106, 365, 368, 369]",20
5403,"[0, 1, 2, 384, 388, 266, 397, 398, 399, 25, 164, 304, 199, 201, 75, 339, 86, 222, 229, 106, 382]",21
5404,"[0, 1, 2, 329, 138, 266, 397, 398, 399, 339, 157, 222, 32, 164, 106, 107, 178]",17
5405,"[0, 1, 2, 266, 204, 397, 398, 399, 336, 146, 339, 88, 222, 106, 127]",15
5406,"[0, 1, 2, 3, 258, 6, 137, 266, 397, 398, 399, 168, 178, 190, 69, 71, 339, 93, 222, 359, 232, 106, 240, 368, 371, 246, 125]",27
5407,"[0, 1, 2, 3, 12, 397, 398, 399, 276, 165, 178, 190, 71, 339, 214, 222, 356, 106, 237, 242, 377]",21
5408,"[0, 1, 2, 3, 392, 397, 398, 399, 146, 156, 162, 178, 185, 314, 190, 324, 71, 329, 339, 345, 348, 222, 106, 364, 368, 369, 243, 373, 376, 249]",30
5409,"[0, 1, 2, 321, 201, 10, 397, 398, 399, 339, 92, 222, 159, 229, 106, 382]",16
5410,"[0, 1, 2, 3, 131, 266, 138, 10, 267, 398, 399, 397, 17, 283, 71, 339, 213, 88, 220, 222, 233, 106, 368]",23
5411,"[0, 1, 2, 3, 128, 138, 139, 397, 398, 399, 17, 34, 163, 301, 178, 56, 316, 188, 65, 71, 72, 328, 329, 332, 205, 77, 339, 222, 106, 365, 368]",31
5412,"[0, 1, 2, 3, 133, 138, 139, 268, 396, 398, 399, 397, 17, 34, 163, 293, 301, 178, 188, 65, 71, 329, 330, 209, 339, 348, 222, 106, 368, 374]",30
5413,"[0, 1, 2, 201, 397, 398, 399, 339, 214, 222, 229, 298, 106, 382]",14
5414,"[0, 1, 2, 3, 266, 139, 397, 398, 399, 178, 52, 60, 190, 320, 64, 196, 71, 339, 222, 106, 365, 368]",22
5415,"[0, 1, 2, 3, 138, 266, 397, 398, 399, 164, 170, 178, 311, 314, 315, 62, 329, 339, 222, 106, 238, 368, 381]",23
5416,"[0, 1, 2, 3, 138, 266, 397, 398, 399, 146, 164, 170, 178, 185, 314, 59, 315, 71, 329, 339, 222, 106, 368, 373, 117, 376, 249, 381]",28
5417,"[0, 1, 2, 3, 266, 10, 397, 398, 399, 159, 164, 45, 321, 196, 339, 217, 92, 222, 224, 106, 372]",21
5418,"[0, 1, 2, 3, 384, 388, 266, 397, 398, 399, 146, 25, 164, 304, 71, 75, 204, 339, 86, 88, 222, 106]",22
5419,"[0, 1, 2, 3, 266, 139, 397, 398, 399, 284, 289, 52, 64, 72, 74, 331, 204, 202, 339, 222, 359, 106, 365]",23
5420,"[0, 1, 2, 3, 397, 398, 399, 146, 285, 168, 42, 178, 190, 71, 336, 337, 339, 214, 222, 229, 106, 368]",22
5421,"[0, 1, 2, 3, 138, 397, 398, 399, 178, 190, 71, 73, 339, 88, 222, 356, 233, 106, 365, 368, 371]",21
5422,"[0, 1, 2, 3, 201, 266, 397, 398, 399, 274, 339, 222, 164, 229, 298, 106, 108, 382]",18
5423,"[0, 1, 2, 3, 128, 138, 266, 10, 397, 398, 399, 153, 41, 178, 180, 183, 195, 71, 335, 339, 340, 88, 222, 95, 233, 106, 368, 373, 383]",29
5424,"[0, 1, 3, 266, 75, 397, 398, 399, 274, 339, 25, 222, 106, 108]",14
5425,"[0, 1, 2, 3, 266, 138, 267, 397, 398, 399, 178, 60, 316, 196, 71, 339, 88, 220, 222, 106, 365, 368, 371]",23
5426,"[0, 1, 2, 3, 258, 391, 397, 398, 399, 178, 316, 69, 71, 339, 88, 222, 100, 359, 106, 365, 368, 371, 372]",23
5427,"[0, 1, 2, 3, 385, 393, 266, 397, 398, 399, 272, 274, 279, 162, 42, 45, 308, 331, 339, 222, 106, 108, 372]",23
5428,"[0, 1, 2, 3, 264, 266, 138, 267, 139, 397, 399, 398, 17, 34, 163, 301, 178, 59, 188, 190, 65, 198, 71, 329, 80, 339, 222, 361, 106, 107, 365, 238, 368, 117, 381]",35
5429,"[0, 1, 2, 3, 258, 128, 397, 398, 399, 178, 59, 190, 69, 71, 205, 206, 339, 88, 359, 106, 365, 368, 370, 371, 117]",25
5430,"[0, 1, 2, 3, 385, 393, 266, 397, 398, 399, 272, 274, 279, 162, 298, 42, 308, 329, 201, 331, 208, 339, 222, 229, 106, 108, 382]",27
5431,"[0, 1, 2, 3, 266, 397, 398, 399, 274, 277, 164, 165, 45, 329, 331, 80, 208, 339, 222, 106, 108, 238, 372]",23
5432,"[0, 1, 2, 3, 131, 385, 393, 266, 397, 398, 399, 272, 279, 283, 162, 164, 42, 45, 308, 331, 339, 222, 106, 372]",24
5433,"[0, 1, 2, 3, 131, 397, 398, 399, 278, 283, 45, 196, 329, 80, 339, 222, 106, 107, 372]",19
5434,"[0, 1, 2, 3, 397, 398, 399, 156, 164, 298, 185, 71, 201, 339, 222, 229, 106, 368, 373, 382]",20
5435,"[0, 1, 2, 3, 256, 138, 139, 267, 397, 398, 399, 17, 301, 180, 188, 65, 194, 329, 335, 339, 222, 106, 107, 109]",24
5436,"[0, 1, 2, 3, 397, 142, 398, 399, 274, 147, 275, 277, 164, 174, 197, 332, 339, 222, 231, 106, 108, 121]",22
5437,"[0, 1, 2, 138, 266, 139, 397, 398, 399, 163, 170, 59, 329, 339, 222, 106, 368, 117, 381]",19
5438,"[0, 1, 2, 3, 260, 329, 397, 398, 399, 208, 339, 156, 222, 32, 106, 381]",16
5439,"[0, 1, 2, 3, 266, 397, 398, 399, 282, 168, 298, 174, 178, 53, 190, 71, 75, 106, 365, 368, 370, 121, 123, 382]",24
5440,"[0, 1, 3, 71, 266, 138, 267, 397, 398, 399, 339, 220, 222, 106, 368, 182]",16
5441,"[0, 1, 2, 3, 138, 139, 266, 397, 398, 399, 163, 164, 170, 178, 60, 316, 196, 71, 329, 339, 222, 106, 365, 368, 381]",25
5442,"[1, 2, 3, 392, 397, 398, 399, 43, 178, 190, 71, 329, 339, 348, 222, 106, 365, 368, 369, 243]",20
5443,"[0, 1, 2, 3, 131, 266, 12, 397, 398, 399, 283, 164, 298, 201, 331, 339, 214, 222, 229, 106, 382]",21
5444,"[0, 1, 2, 3, 139, 397, 398, 399, 17, 301, 178, 59, 188, 190, 65, 198, 71, 329, 339, 222, 106, 107, 368, 117]",24
5445,"[0, 1, 2, 3, 266, 397, 398, 399, 277, 151, 45, 314, 329, 339, 222, 106, 107, 372, 376]",19
5446,"[0, 1, 2, 201, 266, 397, 398, 399, 339, 222, 229, 298, 106, 186, 382]",15
5447,"[0, 1, 2, 3, 256, 139, 397, 398, 399, 156, 284, 164, 178, 185, 71, 327, 339, 222, 352, 357, 106, 368, 373]",23
5448,"[0, 1, 266, 397, 398, 399, 339, 222, 233, 106, 368, 190]",12
5449,"[1, 2, 3, 392, 10, 397, 398, 399, 178, 53, 71, 329, 339, 88, 348, 222, 106, 368, 369]",19
5450,"[0, 1, 2, 3, 390, 267, 397, 398, 399, 277, 154, 178, 56, 316, 69, 71, 328, 339, 222, 106, 365, 238, 368]",23
5451,"[0, 1, 2, 266, 139, 397, 398, 399, 339, 214, 284, 222, 164, 106, 178]",15
5452,"[1, 2, 3, 396, 269, 398, 399, 397, 36, 45, 178, 71, 329, 336, 339, 212, 222, 106, 368, 374, 250]",21
5453,"[0, 1, 2, 3, 264, 138, 397, 398, 399, 144, 277, 178, 185, 198, 71, 329, 332, 339, 89, 222, 106, 368]",22
5454,"[0, 1, 2, 3, 390, 266, 397, 398, 399, 277, 278, 284, 159, 178, 69, 71, 202, 235, 365, 238, 368, 123]",22
5455,"[0, 1, 2, 3, 10, 397, 398, 399, 150, 29, 303, 178, 190, 71, 200, 339, 87, 88, 346, 222, 101, 106, 365, 368]",24
5456,"[0, 1, 2, 3, 266, 138, 12, 397, 398, 399, 146, 44, 178, 314, 71, 329, 339, 222, 106, 236, 368, 373, 374, 376, 249]",25
5457,"[0, 1, 2, 389, 138, 266, 267, 397, 398, 399, 273, 339, 214, 220, 222, 159, 106, 126]",18
5458,"[0, 1, 2, 3, 128, 138, 397, 398, 399, 178, 316, 71, 332, 77, 339, 222, 233, 106, 365, 368]",20
5459,"[0, 384, 2, 321, 71, 75, 397, 398, 399, 83, 343, 159, 100, 178, 246]",15
5460,"[1, 2, 3, 397, 398, 399, 276, 178, 312, 316, 71, 339, 222, 106, 237, 365, 368, 242, 377]",19
5461,"[0, 1, 2, 3, 260, 139, 397, 398, 399, 284, 32, 164, 297, 178, 324, 81, 339, 345, 222, 226, 106, 119]",22
5462,"[0, 1, 2, 3, 390, 138, 266, 267, 397, 398, 399, 153, 154, 29, 305, 178, 69, 71, 332, 339, 89, 220, 222, 361, 106, 365, 368]",27
5463,"[0, 1, 2, 3, 6, 397, 398, 399, 276, 159, 174, 178, 312, 190, 322, 71, 206, 106, 237, 365, 368, 370, 242, 371, 246, 377, 123, 125]",28
5464,"[0, 1, 2, 3, 131, 397, 398, 399, 283, 164, 298, 316, 329, 201, 339, 214, 222, 229, 106, 382]",20
5465,"[0, 1, 2, 3, 131, 397, 398, 399, 283, 159, 164, 298, 185, 316, 329, 201, 339, 222, 229, 106, 382]",21
5466,"[0, 1, 2, 3, 138, 266, 12, 397, 398, 399, 144, 178, 314, 71, 329, 339, 222, 106, 368, 373, 374, 376]",22
5467,"[0, 1, 2, 3, 131, 138, 397, 398, 399, 283, 162, 45, 67, 329, 339, 222, 106, 365, 372]",19
5468,"[0, 1, 2, 3, 131, 9, 266, 397, 398, 399, 277, 283, 159, 164, 165, 45, 316, 325, 329, 75, 331, 80, 339, 222, 106, 238, 372]",27
5469,"[0, 1, 2, 3, 128, 261, 266, 138, 397, 398, 399, 153, 41, 178, 52, 64, 71, 339, 340, 222, 95, 233, 106, 365, 368]",25
5470,"[0, 1, 3, 71, 138, 397, 398, 399, 339, 222, 164, 106, 368]",13
5471,"[0, 1, 2, 3, 137, 139, 396, 397, 398, 399, 164, 174, 316, 322, 329, 339, 222, 355, 361, 106, 238, 373, 376]",23
5472,"[0, 1, 2, 3, 266, 397, 398, 399, 276, 159, 178, 312, 71, 336, 339, 222, 229, 106, 237, 368, 372, 125]",22
5473,"[0, 1, 3, 131, 196, 329, 266, 397, 398, 399, 339, 283, 222, 106, 316, 126]",16
5474,"[0, 1, 2, 3, 266, 397, 398, 399, 277, 280, 164, 165, 45, 315, 71, 337, 339, 219, 222, 106, 372]",21
5475,"[0, 1, 2, 3, 131, 266, 12, 397, 398, 399, 277, 25, 283, 159, 164, 45, 316, 329, 331, 339, 222, 106, 235, 372]",24
5476,"[0, 1, 2, 3, 128, 264, 266, 138, 397, 398, 399, 277, 153, 164, 178, 198, 71, 329, 339, 84, 340, 222, 95, 102, 233, 106, 238, 368]",28
5477,"[0, 1, 2, 3, 264, 138, 397, 398, 399, 178, 180, 194, 198, 71, 329, 335, 339, 222, 361, 106, 109, 368]",22
5478,"[0, 1, 2, 3, 397, 398, 335, 399, 339, 24, 222, 106, 43, 365, 368, 178]",16
5479,"[0, 1, 2, 3, 266, 139, 397, 398, 399, 17, 43, 178, 188, 60, 190, 65, 196, 71, 339, 220, 222, 106, 107, 365, 368, 242]",26
5480,"[0, 1, 2, 3, 266, 12, 397, 398, 399, 153, 178, 71, 208, 339, 340, 222, 233, 106, 368, 374]",20
5481,"[0, 1, 2, 3, 138, 266, 397, 398, 399, 178, 59, 71, 339, 211, 222, 106, 368, 117, 126]",19
5482,"[0, 1, 2, 8, 139, 11, 397, 398, 399, 178, 56, 316, 190, 71, 328, 339, 222, 106, 365, 368, 247]",21
5483,"[0, 1, 2, 3, 257, 266, 397, 398, 399, 159, 176, 178, 51, 310, 190, 71, 206, 106, 365, 369, 370, 123, 124]",23
5484,"[0, 1, 2, 8, 139, 11, 397, 398, 399, 178, 190, 71, 206, 339, 83, 343, 100, 106, 365, 370, 246, 247]",22
5485,"[0, 1, 2, 3, 138, 397, 398, 399, 275, 43, 178, 180, 194, 69, 71, 335, 339, 222, 233, 106, 365, 109, 368]",23
5486,"[0, 1, 2, 3, 71, 138, 266, 397, 398, 399, 339, 84, 222, 164, 102, 106, 368, 178]",18
5487,"[0, 1, 2, 3, 392, 138, 266, 12, 267, 398, 399, 397, 178, 311, 62, 71, 329, 339, 220, 348, 222, 106, 368, 369, 374]",25
5488,"[1, 2, 6, 71, 397, 206, 399, 398, 339, 106, 365, 370, 178, 371, 246, 125, 190]",17
5489,"[0, 1, 266, 397, 398, 399, 339, 214, 222, 164, 106]",11
5490,"[0, 1, 2, 3, 139, 397, 398, 399, 29, 305, 178, 316, 320, 71, 206, 339, 93, 222, 226, 106, 365, 238, 112, 368]",24
5491,"[0, 1, 2, 3, 131, 266, 10, 397, 398, 399, 25, 283, 176, 185, 321, 339, 222, 106, 373]",19
5492,"[0, 1, 2, 3, 138, 266, 139, 397, 398, 399, 29, 305, 178, 316, 60, 196, 71, 339, 222, 361, 106, 365, 368]",23
5493,"[0, 1, 2, 3, 137, 266, 397, 398, 399, 278, 164, 51, 185, 186, 71, 74, 207, 339, 214, 219, 222, 106, 368, 373, 252]",25
5494,"[0, 1, 2, 3, 6, 139, 397, 398, 399, 159, 178, 320, 71, 93, 368, 112, 371, 374, 246, 123, 125]",21
5495,"[0, 1, 2, 3, 137, 266, 397, 398, 399, 28, 168, 178, 60, 71, 339, 222, 106, 235, 368]",19
5496,"[0, 1, 2, 3, 6, 266, 397, 398, 399, 273, 150, 161, 168, 298, 178, 190, 193, 71, 75, 206, 351, 356, 229, 101, 106, 365, 368, 370, 246, 123, 125]",31
5497,"[128, 1, 2, 3, 71, 397, 206, 398, 399, 339, 222, 106, 365, 368, 178]",15
5498,"[0, 1, 3, 131, 266, 397, 398, 399, 273, 150, 283, 159, 161, 168, 298, 193, 339, 222, 351, 229, 101, 106]",22
5499,"[0, 1, 2, 3, 266, 397, 398, 399, 159, 178, 190, 71, 206, 214, 106, 365, 370, 374, 123]",19
5500,"[0, 1, 2, 3, 322, 131, 139, 397, 398, 399, 339, 283, 222, 355, 164, 361, 106, 178]",18
5501,"[0, 1, 384, 3, 131, 9, 266, 137, 397, 398, 399, 283, 159, 164, 296, 321, 196, 75, 76, 339, 91, 222, 106]",23
5502,"[0, 1, 2, 3, 128, 139, 397, 398, 399, 17, 171, 178, 188, 316, 65, 71, 332, 77, 206, 339, 222, 106, 107, 365, 368, 112]",26
5503,"[0, 1, 2, 3, 128, 397, 398, 399, 280, 30, 171, 178, 71, 332, 204, 206, 339, 83, 343, 222, 100, 106, 365, 112, 246]",25
5504,"[1, 2, 3, 71, 397, 398, 399, 339, 222, 102, 106, 368, 178, 311, 62]",15
5505,"[1, 2, 3, 71, 11, 139, 397, 398, 399, 339, 222, 106, 368, 178]",14
5506,"[0, 1, 2, 3, 266, 138, 267, 269, 398, 399, 397, 277, 159, 36, 43, 178, 190, 71, 329, 206, 106, 365, 368, 370, 242, 250, 123]",27
5507,"[0, 1, 2, 3, 266, 397, 398, 399, 168, 298, 178, 190, 71, 75, 206, 83, 343, 106, 365, 370, 374, 123]",22
5508,"[0, 1, 2, 3, 128, 266, 397, 398, 399, 159, 171, 172, 178, 181, 316, 190, 71, 332, 77, 206, 207, 106, 365, 112, 368, 370, 123]",27
5509,"[0, 1, 2, 3, 128, 138, 397, 398, 399, 147, 178, 316, 71, 332, 77, 206, 208, 339, 222, 96, 106, 365, 368]",23
5510,"[0, 1, 2, 3, 131, 266, 397, 398, 399, 339, 283, 222, 106, 373]",14
5511,"[0, 1, 2, 3, 266, 10, 397, 398, 399, 27, 159, 178, 190, 71, 206, 207, 88, 106, 365, 368, 370, 118, 123]",23
5512,"[0, 1, 2, 3, 397, 398, 399, 178, 312, 316, 190, 192, 197, 71, 206, 339, 349, 95, 100, 106, 365, 368, 370]",23
5513,"[0, 1, 2, 3, 6, 397, 398, 399, 154, 284, 178, 71, 202, 206, 339, 222, 106, 365, 368, 369, 374, 125]",22
5514,"[0, 1, 2, 3, 266, 397, 14, 399, 398, 28, 298, 60, 201, 74, 339, 222, 229, 106, 382]",19
5515,"[0, 1, 2, 3, 71, 139, 397, 398, 399, 17, 159, 106, 107, 365, 368, 178, 123, 316]",18
5516,"[0, 1, 2, 392, 266, 138, 139, 397, 398, 399, 170, 178, 320, 71, 329, 339, 348, 222, 106, 368, 369, 243, 381]",23
5517,"[0, 1, 2, 3, 266, 397, 14, 398, 399, 273, 150, 29, 159, 164, 299, 303, 327, 200, 339, 87, 346, 222, 101, 361, 106, 373]",26
5518,"[0, 1, 2, 3, 392, 266, 11, 397, 398, 399, 178, 71, 329, 206, 207, 339, 348, 222, 106, 365, 368, 369, 243]",23
5519,"[0, 1, 2, 3, 266, 138, 397, 398, 399, 311, 190, 62, 71, 206, 339, 361, 106, 365, 238, 368, 370]",21
5520,"[0, 1, 3, 131, 266, 397, 398, 399, 339, 214, 283, 222, 106]",13
5521,"[0, 1, 2, 3, 392, 139, 397, 398, 399, 43, 178, 320, 71, 329, 339, 348, 222, 106, 365, 368, 369, 243]",22
5522,"[0, 1, 2, 3, 390, 138, 139, 397, 398, 399, 17, 277, 163, 301, 178, 188, 316, 60, 65, 69, 71, 329, 206, 339, 344, 222, 106, 107, 365, 368]",30
5523,"[0, 1, 2, 3, 8, 266, 139, 397, 398, 399, 178, 50, 316, 71, 339, 214, 222, 106, 364, 365, 368, 247]",22
5524,"[0, 1, 2, 3, 259, 8, 266, 139, 397, 398, 399, 145, 159, 300, 178, 190, 71, 214, 106, 235, 370, 123]",22
5525,"[0, 1, 2, 263, 136, 397, 398, 399, 27, 164, 47, 178, 180, 195, 71, 332, 335, 339, 222, 106, 368]",21
5526,"[0, 1, 2, 3, 393, 138, 266, 397, 398, 399, 18, 279, 164, 44, 175, 178, 308, 310, 317, 322, 71, 72, 329, 205, 339, 214, 222, 224, 106, 236, 368, 372]",32
5527,"[0, 1, 2, 138, 269, 398, 397, 399, 18, 36, 175, 178, 310, 317, 71, 72, 329, 205, 339, 222, 106, 368, 250]",23
5528,"[0, 1, 2, 3, 266, 139, 397, 398, 399, 170, 43, 178, 320, 71, 339, 222, 106, 365, 368]",19
5529,"[0, 1, 2, 3, 385, 266, 397, 14, 399, 398, 156, 164, 298, 185, 196, 201, 339, 222, 229, 106, 382]",21
5530,"[0, 1, 2, 3, 266, 11, 138, 397, 398, 399, 159, 178, 60, 190, 196, 71, 206, 106, 365, 368, 370, 123]",22
5531,"[0, 1, 2, 3, 325, 329, 397, 398, 399, 80, 339, 156, 222, 355, 230, 106, 107, 373]",18
5532,"[0, 1, 2, 3, 133, 266, 138, 268, 397, 10, 398, 399, 293, 178, 194, 71, 330, 78, 206, 80, 209, 339, 88, 222, 233, 106, 365, 368]",28
5533,"[0, 1, 2, 3, 138, 397, 398, 399, 33, 164, 178, 56, 316, 71, 328, 329, 339, 222, 106, 364, 237, 365, 368, 119]",24
5534,"[0, 1, 2, 3, 390, 266, 138, 267, 397, 398, 399, 277, 45, 305, 178, 316, 69, 71, 339, 220, 222, 106, 365, 368]",24
5535,"[0, 1, 2, 3, 397, 398, 399, 159, 178, 190, 71, 206, 214, 106, 365, 369, 370, 374, 123]",19
5536,"[0, 1, 2, 3, 397, 398, 399, 276, 284, 178, 312, 192, 197, 71, 202, 206, 339, 222, 100, 106, 237, 365]",22
5537,"[0, 1, 2, 3, 264, 397, 398, 399, 178, 198, 71, 329, 80, 339, 222, 361, 106, 365, 368]",19
5538,"[0, 1, 2, 3, 397, 398, 399, 159, 178, 56, 316, 190, 71, 328, 206, 214, 103, 106, 365, 112, 368, 370, 123]",23
5539,"[0, 1, 2, 3, 266, 139, 397, 398, 399, 145, 178, 190, 71, 206, 106, 235, 365, 370, 123]",19
5540,"[0, 1, 2, 3, 392, 10, 397, 398, 399, 284, 178, 71, 329, 202, 206, 339, 88, 348, 222, 106, 365, 368, 369, 243]",24
5541,"[0, 1, 3, 71, 76, 397, 398, 399, 339, 156, 222, 38, 106]",13
5542,"[0, 1, 2, 3, 71, 397, 398, 399, 339, 222, 164, 106, 45, 372]",14
5543,"[0, 1, 2, 3, 397, 398, 399, 277, 164, 48, 178, 185, 187, 329, 339, 222, 106, 238, 240]",19
5544,"[0, 1, 2, 3, 138, 10, 397, 398, 399, 44, 175, 178, 317, 71, 329, 206, 339, 88, 222, 106, 236, 365, 368]",23
5545,"[0, 1, 3, 71, 397, 398, 399, 339, 222, 161, 164, 106]",12
5546,"[0, 1, 2, 3, 389, 266, 10, 397, 398, 399, 190, 321, 75, 206, 207, 92, 106, 365, 368, 370, 373, 123]",22
5547,"[0, 1, 2, 3, 128, 71, 266, 397, 206, 398, 399, 339, 278, 222, 106, 365, 368, 178]",18
5548,"[0, 1, 2, 3, 138, 140, 397, 398, 399, 146, 170, 178, 56, 313, 316, 71, 328, 206, 339, 222, 106, 365, 368]",23
5549,"[0, 1, 2, 3, 71, 266, 397, 398, 399, 339, 217, 91, 222, 164, 106, 57, 379]",17
5550,"[0, 1, 3, 71, 397, 398, 399, 339, 156, 222, 164, 106, 185]",13
5551,"[0, 1, 2, 3, 266, 139, 397, 398, 399, 17, 301, 174, 178, 188, 60, 65, 196, 71, 207, 339, 222, 106, 107, 365, 368, 121]",26
5552,"[0, 1, 2, 3, 260, 397, 398, 399, 276, 153, 32, 178, 316, 190, 71, 206, 339, 345, 356, 106, 364, 237, 365, 368, 370, 377, 252]",27
5553,"[0, 1, 3, 71, 397, 398, 399, 339, 156, 222, 164, 106, 368, 185]",14
5554,"[0, 1, 2, 3, 256, 138, 269, 397, 398, 16, 399, 18, 36, 317, 71, 329, 339, 220, 222, 106, 240, 372, 376, 250]",24
5555,"[1, 2, 3, 392, 397, 398, 399, 279, 178, 308, 71, 329, 339, 214, 348, 222, 224, 106, 368, 369, 243]",21
5556,"[0, 1, 2, 3, 397, 398, 399, 164, 168, 298, 178, 71, 336, 339, 88, 222, 229, 106, 368, 114]",20
5557,"[0, 1, 2, 3, 138, 266, 397, 142, 398, 399, 275, 174, 178, 59, 71, 332, 206, 339, 222, 231, 106, 365, 368, 117, 121]",25
5558,"[0, 1, 2, 3, 138, 266, 397, 398, 399, 146, 178, 56, 313, 316, 71, 328, 339, 222, 233, 106, 365, 368]",22
5559,"[0, 1, 2, 3, 260, 266, 397, 398, 399, 30, 32, 164, 53, 57, 71, 339, 214, 345, 222, 106, 364, 368, 373]",23
5560,"[0, 1, 2, 3, 390, 138, 397, 398, 399, 274, 286, 164, 71, 207, 208, 339, 89, 222, 106, 108, 368, 127]",22
5561,"[0, 1, 2, 6, 266, 139, 397, 398, 399, 17, 178, 188, 65, 71, 206, 207, 339, 222, 106, 107, 365, 368, 371, 246, 125]",25
5562,"[0, 1, 2, 3, 266, 138, 397, 142, 399, 398, 146, 275, 159, 178, 313, 60, 190, 196, 71, 332, 206, 106, 365, 368, 370, 123]",26
5563,"[0, 1, 2, 3, 397, 398, 399, 18, 339, 222, 106, 174, 368, 178, 372, 121]",16
5564,"[0, 1, 2, 3, 266, 397, 398, 399, 25, 185, 71, 329, 80, 339, 222, 106, 107, 368, 373]",19
5565,"[0, 1, 2, 3, 259, 393, 138, 397, 398, 399, 164, 303, 178, 71, 200, 339, 346, 222, 231, 106, 368]",21
5566,"[0, 1, 2, 3, 138, 397, 398, 399, 146, 175, 178, 313, 317, 71, 339, 222, 106, 365, 368]",19
5567,"[0, 1, 2, 3, 266, 139, 397, 398, 399, 17, 29, 305, 178, 59, 188, 190, 65, 71, 207, 339, 87, 106, 107, 238, 368, 370, 117]",27
5568,"[1, 2, 3, 71, 397, 398, 399, 339, 211, 357, 106, 368, 370, 116, 120, 190]",16
5569,"[0, 1, 2, 3, 384, 266, 397, 398, 399, 298, 196, 71, 201, 339, 222, 229, 106, 368, 382]",19
5570,"[0, 1, 2, 3, 138, 266, 397, 398, 399, 146, 178, 314, 59, 71, 206, 339, 222, 233, 106, 365, 368, 117, 373, 376, 249]",25
5571,"[0, 1, 2, 3, 139, 11, 397, 398, 399, 39, 177, 178, 71, 206, 339, 344, 222, 106, 365, 368, 374]",21
5572,"[0, 1, 266, 397, 398, 399, 339, 222, 164, 106]",10
5573,"[0, 1, 2, 3, 71, 137, 75, 397, 398, 399, 80, 339, 222, 159, 106, 368, 373]",17
5574,"[0, 1, 2, 202, 139, 397, 398, 399, 208, 339, 284, 222, 164, 359, 106]",15
5575,"[0, 1, 2, 3, 138, 397, 398, 399, 144, 178, 314, 317, 71, 329, 339, 222, 106, 368, 373, 376]",20
5576,"[0, 1, 2, 3, 391, 266, 139, 397, 398, 399, 17, 29, 305, 178, 56, 188, 316, 65, 71, 328, 207, 339, 222, 100, 106, 107, 365, 368, 372]",29
5577,"[0, 1, 2, 71, 138, 397, 206, 398, 399, 339, 222, 233, 106, 365, 368, 178]",16
5578,"[0, 1, 2, 3, 320, 259, 329, 139, 397, 398, 399, 339, 87, 222, 164, 106, 178, 373]",18
5579,"[0, 1, 2, 3, 138, 397, 398, 399, 44, 45, 178, 183, 317, 71, 329, 339, 222, 106, 236, 368]",20
5580,"[0, 1, 2, 3, 391, 136, 266, 139, 397, 398, 399, 17, 153, 47, 178, 316, 60, 196, 71, 332, 206, 207, 339, 344, 222, 100, 106, 107, 365, 368, 377]",31
5581,"[1, 2, 3, 71, 201, 397, 398, 399, 339, 222, 164, 229, 106, 368]",14
5582,"[0, 1, 2, 138, 266, 397, 398, 399, 159, 178, 56, 316, 190, 71, 328, 206, 106, 365, 368, 370, 123]",21
5583,"[0, 1, 2, 3, 128, 261, 138, 397, 398, 399, 153, 41, 174, 178, 180, 194, 69, 71, 335, 339, 340, 222, 95, 233, 106, 109, 368, 121]",28
5584,"[0, 1, 2, 3, 137, 266, 397, 398, 399, 146, 25, 159, 51, 71, 75, 80, 339, 222, 228, 106, 235, 368]",22
5585,"[0, 1, 2, 3, 397, 398, 399, 164, 298, 45, 71, 201, 339, 222, 229, 106, 367, 368, 382]",19
5586,"[0, 1, 2, 3, 138, 397, 398, 399, 146, 175, 178, 180, 314, 317, 195, 71, 335, 339, 222, 106, 368, 373, 376, 249]",24
5587,"[0, 1, 2, 3, 388, 138, 397, 398, 399, 18, 37, 44, 175, 178, 71, 329, 339, 222, 357, 106, 236, 368, 372, 120]",24
5588,"[0, 1, 2, 397, 398, 399, 159, 36, 39, 178, 190, 71, 329, 206, 106, 365, 368, 369, 370, 250, 123]",21
5589,"[0, 1, 2, 3, 11, 139, 397, 398, 399, 39, 178, 56, 316, 71, 328, 339, 222, 106, 365, 368, 369]",21
5590,"[0, 1, 2, 3, 138, 266, 10, 397, 398, 399, 272, 275, 159, 178, 190, 69, 71, 200, 87, 88, 233, 106, 365, 368, 370, 123]",26
5591,"[0, 1, 2, 3, 259, 397, 398, 399, 31, 161, 164, 298, 201, 339, 87, 222, 229, 106, 373, 376, 382]",21
5592,"[0, 1, 2, 3, 139, 397, 398, 399, 284, 31, 161, 298, 201, 202, 339, 222, 229, 106, 376, 382]",20
5593,"[0, 1, 2, 3, 397, 398, 399, 146, 178, 56, 313, 316, 71, 328, 339, 88, 222, 106, 365, 368, 114]",21
5594,"[0, 1, 2, 3, 392, 138, 139, 140, 397, 398, 399, 174, 178, 320, 71, 329, 210, 339, 348, 222, 106, 368, 369, 243, 121]",25
5595,"[0, 1, 2, 3, 266, 397, 398, 399, 25, 45, 186, 71, 329, 206, 80, 339, 220, 222, 106, 107, 365, 368, 372]",23
5596,"[0, 1, 2, 3, 9, 266, 397, 398, 399, 278, 285, 168, 178, 190, 71, 75, 206, 81, 349, 106, 365, 370, 123]",23
5597,"[0, 1, 2, 3, 71, 266, 397, 398, 399, 339, 153, 221, 222, 170, 106, 112, 178, 377]",18
5598,"[0, 1, 2, 3, 263, 136, 266, 11, 139, 397, 398, 399, 29, 47, 305, 178, 316, 60, 196, 71, 332, 206, 207, 339, 344, 222, 361, 106, 365, 368]",30
5599,"[0, 1, 2, 3, 385, 266, 397, 398, 399, 146, 156, 164, 185, 196, 339, 222, 228, 361, 106, 238, 113]",21
5600,"[0, 1, 2, 3, 392, 138, 396, 397, 398, 399, 178, 71, 329, 207, 339, 348, 222, 350, 106, 368, 369, 243, 372, 127]",24
5601,"[0, 1, 2, 3, 321, 389, 71, 266, 397, 398, 207, 80, 399, 339, 222, 106, 368, 373]",18
5602,"[0, 1, 2, 3, 138, 266, 397, 398, 399, 174, 178, 60, 196, 71, 206, 339, 344, 222, 106, 365, 368, 121]",22
5603,"[0, 1, 2, 266, 397, 398, 399, 278, 280, 30, 159, 178, 190, 71, 204, 206, 106, 365, 368, 370, 371, 246, 123]",23
5604,"[0, 1, 2, 3, 322, 71, 266, 397, 398, 399, 339, 222, 106, 43, 365, 368, 178]",17
5605,"[0, 1, 2, 3, 266, 138, 139, 397, 398, 399, 159, 163, 296, 301, 178, 71, 329, 207, 83, 216, 368, 369, 371, 246, 123]",25
5606,"[0, 1, 2, 3, 266, 138, 397, 398, 399, 146, 178, 313, 71, 329, 206, 339, 348, 222, 233, 106, 365, 368, 369, 243]",24
5607,"[0, 1, 2, 3, 131, 266, 397, 398, 399, 336, 339, 277, 214, 283, 222, 106, 249]",17
5608,"[0, 1, 2, 3, 194, 71, 397, 398, 399, 146, 339, 222, 106, 109, 368, 178, 249]",17
5609,"[1, 2, 71, 397, 206, 399, 398, 339, 83, 343, 222, 100, 106, 365, 178, 246]",16
5610,"[0, 1, 2, 71, 328, 266, 397, 206, 398, 399, 339, 222, 106, 365, 368, 178, 56]",17
5611,"[1, 2, 3, 69, 71, 328, 139, 397, 398, 399, 339, 222, 106, 365, 368, 178, 56, 316]",18
5612,"[0, 1, 2, 3, 131, 138, 397, 398, 399, 17, 18, 146, 283, 165, 317, 339, 213, 222, 106, 372, 249]",21
5613,"[0, 1, 2, 3, 385, 397, 398, 399, 146, 339, 156, 222, 164, 228, 168, 106, 179, 185]",18
5614,"[0, 385, 2, 3, 259, 397, 398, 399, 156, 296, 300, 178, 185, 71, 83, 216, 100, 369, 246]",19
5615,"[0, 1, 2, 3, 391, 266, 140, 397, 398, 399, 146, 39, 170, 178, 313, 60, 316, 196, 71, 339, 222, 100, 106, 365, 368, 369, 372]",27
5616,"[0, 1, 2, 3, 259, 266, 397, 398, 399, 284, 296, 170, 300, 178, 190, 71, 202, 206, 83, 339, 216, 100, 106, 365, 369, 370, 246]",27
5617,"[0, 1, 385, 3, 397, 398, 399, 339, 156, 222, 164, 106, 368, 185]",14
5618,"[0, 1, 385, 3, 71, 397, 398, 399, 339, 156, 222, 164, 106, 185]",14
5619,"[0, 1, 2, 3, 320, 71, 329, 139, 397, 398, 399, 339, 214, 222, 164, 106, 178]",17
5620,"[0, 1, 2, 3, 71, 266, 74, 204, 397, 398, 399, 339, 278, 280, 222, 30, 106, 45]",18
5621,"[0, 1, 2, 3, 266, 397, 398, 399, 339, 277, 214, 222, 106, 368, 376, 249, 314]",17
5622,"[0, 1, 2, 3, 139, 397, 398, 399, 29, 164, 298, 303, 71, 200, 201, 339, 87, 222, 355, 229, 106, 382]",22
5623,"[0, 1, 2, 266, 138, 397, 398, 399, 178, 180, 194, 71, 335, 339, 89, 222, 106, 109, 238, 368]",20
5624,"[0, 1, 2, 266, 138, 139, 397, 398, 399, 178, 60, 320, 196, 71, 329, 339, 222, 106, 365, 368]",20
5625,"[1, 2, 3, 71, 397, 398, 399, 146, 339, 222, 164, 102, 106, 46, 368, 178, 249, 317]",18
5626,"[1, 2, 3, 389, 71, 397, 270, 398, 399, 339, 222, 102, 106, 368, 178, 184]",16
5627,"[0, 1, 3, 9, 266, 137, 397, 398, 399, 25, 159, 296, 51, 71, 75, 76, 339, 94, 222, 106]",20
5628,"[0, 1, 2, 3, 137, 266, 397, 398, 399, 278, 159, 168, 178, 190, 71, 206, 83, 343, 106, 235, 365, 370, 123]",23
5629,"[0, 1, 2, 3, 391, 138, 266, 397, 398, 399, 164, 178, 52, 316, 60, 64, 196, 71, 339, 222, 100, 233, 106, 365, 368, 372]",26
5630,"[0, 1, 2, 3, 131, 201, 397, 398, 399, 339, 277, 283, 222, 229, 298, 106, 382]",17
5631,"[0, 1, 2, 3, 128, 6, 266, 397, 398, 399, 284, 170, 178, 71, 72, 202, 205, 206, 339, 222, 106, 365, 368, 125]",24
1,"[0, 2, 3, 389, 268, 397, 398, 399, 293, 43, 178, 192, 322, 329, 86, 104, 106, 365, 116]",19
2,"[0, 1, 2, 196, 73, 266, 397, 398, 399, 86, 90, 92, 157, 235, 368, 178, 380, 62]",18
3,"[0, 1, 2, 3, 138, 397, 398, 399, 284, 289, 294, 40, 173, 178, 183, 198, 71, 329, 202, 213, 106, 365, 368, 255]",24
4,"[0, 1, 2, 3, 138, 397, 398, 399, 294, 40, 169, 173, 178, 71, 80, 213, 88, 90, 219, 106, 235, 365, 368, 380, 255]",25
5,"[0, 1, 2, 3, 389, 390, 265, 268, 397, 398, 399, 293, 178, 321, 322, 329, 92, 106, 107, 116, 380]",21
6,"[0, 2, 296, 265, 397, 398, 399, 84, 24]",9
7,"[0, 1, 384, 3, 388, 391, 265, 139, 397, 398, 399, 143, 145, 285, 70, 76, 86, 217, 90, 94, 235, 380]",22
8,"[0, 1, 2, 3, 265, 266, 397, 398, 399, 25, 178, 51, 329, 80, 90, 348, 106, 235, 116, 380]",20
9,"[0, 1, 2, 321, 390, 331, 397, 398, 399, 25, 92, 107, 365, 178, 308, 245, 372, 380]",18
10,"[0, 1, 2, 329, 397, 398, 399, 294, 40, 106, 107, 365, 368, 178]",14
11,"[2, 3, 195, 329, 397, 398, 399, 178]",8
12,"[0, 1, 2, 3, 390, 397, 398, 399, 28, 294, 40, 173, 178, 71, 331, 213, 92, 106, 107, 365, 368, 251, 255]",23
13,"[0, 1, 2, 3, 258, 138, 139, 397, 398, 399, 40, 49, 178, 321, 71, 80, 90, 219, 93, 106, 235, 365, 368, 242, 249, 380]",26
14,"[0, 1, 2, 3, 7, 264, 137, 267, 268, 397, 398, 399, 293, 185, 329, 207, 80, 90, 106, 115]",20
15,"[0, 1, 2, 3, 266, 268, 397, 398, 399, 146, 293, 178, 52, 311, 314, 62, 64, 196, 329, 358, 123, 380]",22
16,"[0, 1, 2, 138, 397, 398, 399, 294, 40, 178, 198, 71, 329, 90, 232, 106, 365, 368, 242]",19
17,"[0, 1, 2, 3, 196, 321, 72, 393, 74, 397, 398, 399, 90, 92, 160, 354, 107, 304]",18
18,"[0, 1, 2, 3, 262, 138, 266, 397, 398, 399, 287, 48, 52, 53, 65, 80, 90, 364, 365]",19
19,"[0, 2, 3, 329, 266, 397, 398, 399, 80, 25, 348, 178, 51]",13
20,"[0, 1, 3, 138, 397, 398, 399, 80, 90, 219, 354, 291, 294, 40, 106, 235, 365, 380]",18
21,"[0, 1, 2, 3, 266, 138, 397, 398, 271, 399, 25, 287, 294, 40, 48, 52, 181, 310, 65, 321, 208, 90, 106, 365, 123, 380]",26
22,"[0, 1, 2, 65, 388, 384, 265, 329, 397, 398, 399, 217, 90, 287, 107, 48, 52]",17
23,"[0, 1, 2, 3, 199, 71, 397, 398, 399, 17, 86, 90, 287, 295, 301, 368]",16
24,"[0, 1, 2, 3, 321, 261, 329, 397, 398, 399, 144, 273, 88, 90, 160, 107, 305, 380]",18
