worker_id,loss,class,skipped
0,1.800686240196228,2,False
0,2.5396065711975098,2,False
0,4.722042560577393,2,False
0,1.866560935974121,1,False
0,2.053849697113037,2,False
0,1.089277744293213,2,False
0,4.424527168273926,1,False
0,3.993163824081421,1,False
0,3.255859375,2,False
0,2.124763011932373,0,False
0,1.413886547088623,0,False
0,1.1867690086364746,2,False
0,1.8519721031188965,1,False
0,1.6812313795089722,1,False
0,1.412001609802246,0,False
0,5.580843925476074,2,False
0,6.115780830383301,1,False
0,2.811220169067383,1,False
0,3.5587239265441895,0,False
0,2.7695422172546387,2,False
0,3.911588430404663,2,False
0,0.7463455200195312,0,False
0,6.133506774902344,2,False
0,3.055382490158081,2,False
0,1.4971578121185303,0,False
0,2.8526856899261475,1,False
0,1.4108822345733643,0,False
0,2.95699405670166,2,False
0,2.904451608657837,0,False
0,2.4532675743103027,0,False
0,2.4681942462921143,1,False
0,4.760311603546143,2,False
0,3.013148307800293,0,False
0,2.652820348739624,1,False
0,2.1743674278259277,1,False
0,1.781090497970581,2,False
0,3.6108665466308594,0,False
0,2.956341505050659,0,False
0,2.259819507598877,1,False
0,2.3743128776550293,1,False
0,1.65773344039917,2,False
0,2.2849953174591064,0,False
0,6.2596845626831055,1,False
0,1.8471415042877197,1,False
0,1.425595760345459,0,False
0,4.020227909088135,1,False
0,4.525765419006348,1,False
0,1.2989909648895264,1,False
0,1.104058861732483,0,False
0,3.270606517791748,1,False
0,1.5563504695892334,2,False
0,0.887468159198761,0,False
0,1.0342220067977905,0,False
0,1.9789707660675049,1,False
0,2.043962001800537,1,False
0,2.8299381732940674,2,False
0,1.3834563493728638,2,False
0,3.1137919425964355,0,False
0,6.4889092445373535,1,False
0,2.0101683139801025,1,False
0,1.7132846117019653,1,False
0,3.950955390930176,2,False
0,3.3992042541503906,1,False
0,4.9663166999816895,2,False
0,3.236055612564087,0,False
0,4.131645679473877,2,False
0,1.7655301094055176,2,False
0,1.351015329360962,2,False
0,3.7185709476470947,1,False
0,3.5236687660217285,0,False
0,1.7688982486724854,2,False
0,9.027698516845703,1,False
0,2.5709452629089355,0,False
0,1.7763097286224365,1,False
0,1.5858204364776611,0,False
0,3.9420127868652344,2,False
0,4.911766529083252,1,False
0,3.4743192195892334,1,False
0,1.9974040985107422,2,False
0,3.883908271789551,0,False
0,1.4592804908752441,0,False
0,7.152684211730957,0,False
0,2.8744149208068848,1,False
0,2.7874252796173096,2,False
0,2.588689088821411,1,False
0,4.504241943359375,0,False
0,3.1539196968078613,0,False
0,4.3160786628723145,2,False
0,3.4017245769500732,0,False
0,2.6509158611297607,0,False
0,4.5487895011901855,0,False
0,2.7741386890411377,1,False
0,6.057656288146973,2,False
0,1.9742138385772705,0,False
0,2.000847816467285,1,False
0,2.9749112129211426,0,False
0,3.5628256797790527,2,False
0,2.009343385696411,2,False
0,4.0929131507873535,0,False
0,1.7239338159561157,2,False
0,3.156196355819702,2,False
0,0.8836808204650879,0,False
0,1.2435141801834106,0,False
0,1.6618821620941162,1,False
0,1.6680324077606201,2,False
0,5.804564952850342,2,False
0,3.525322675704956,2,False
0,2.1522393226623535,1,False
0,3.051121711730957,2,False
0,2.0879406929016113,2,False
0,3.787893295288086,1,False
0,5.170158386230469,2,False
0,2.2102832794189453,1,False
0,3.009800434112549,1,False
0,3.993140697479248,0,False
0,1.319281816482544,0,False
0,3.5002682209014893,2,False
0,1.1740047931671143,0,False
0,2.154008388519287,1,False
0,1.1157135963439941,0,False
0,1.26060950756073,2,False
0,4.847036361694336,0,False
0,1.8361297845840454,2,False
0,5.0529351234436035,2,False
0,2.7798571586608887,1,False
0,3.3875796794891357,1,False
0,0.7841742038726807,0,False
0,6.189605712890625,2,False
0,5.761552333831787,1,False
0,2.869225025177002,1,False
0,1.6459929943084717,2,False
0,1.3872206211090088,2,False
0,2.1605191230773926,0,False
0,3.3449044227600098,1,False
0,3.417898416519165,2,False
0,2.3512179851531982,2,False
0,3.983424663543701,1,False
0,1.723486304283142,0,False
0,4.270639419555664,0,False
0,1.8449058532714844,1,False
0,2.071706533432007,1,False
0,1.5929434299468994,2,False
0,4.137980937957764,1,False
0,6.074168682098389,0,False
0,2.6957216262817383,0,False
0,3.215862274169922,0,False
0,2.5740675926208496,0,False
0,0.970499575138092,0,False
0,2.046774387359619,0,False
0,4.0644001960754395,1,False
0,2.6950223445892334,0,False
0,5.982087135314941,2,False
0,1.5493258237838745,2,False
0,1.372387170791626,0,False
0,0.9157699346542358,0,False
0,1.6525529623031616,2,False
0,5.051527976989746,0,False
0,2.6894707679748535,1,False
0,1.515625,2,False
0,6.08774471282959,1,False
0,1.7535544633865356,1,False
0,1.2813787460327148,0,False
0,2.9741268157958984,0,False
0,2.416557788848877,1,False
0,2.8184425830841064,0,False
0,3.0828089714050293,0,False
0,2.3075759410858154,2,False
0,2.6059131622314453,1,False
0,1.6225428581237793,1,False
0,2.005768299102783,0,False
0,4.176325798034668,2,False
0,4.028629302978516,2,False
0,2.5680582523345947,0,False
0,1.837139368057251,2,False
0,4.352084159851074,1,False
0,3.858157157897949,1,False
0,1.9242252111434937,1,False
0,3.244408130645752,0,False
0,3.0121495723724365,2,False
0,1.9462778568267822,1,False
0,1.6828129291534424,2,False
0,4.416425704956055,0,False
0,2.1237683296203613,1,False
0,5.226763725280762,2,False
0,1.8946205377578735,0,False
0,3.981003761291504,2,False
0,3.6832261085510254,0,False
0,2.4829025268554688,2,False
0,2.4056992530822754,1,False
0,0.8649483919143677,0,False
0,1.168278455734253,1,False
0,1.439590573310852,0,False
0,1.8320761919021606,0,False
0,3.1475017070770264,1,False
0,1.5415480136871338,0,False
0,2.654947519302368,2,False
0,2.2465744018554688,2,False
0,3.4894418716430664,2,False
0,3.2337684631347656,0,False
0,1.979835033416748,0,False
0,5.590555191040039,2,False
0,1.0022923946380615,2,False
0,2.2445712089538574,1,False
0,1.88260817527771,0,False
0,4.357707977294922,2,False
0,1.9649542570114136,1,False
0,1.6950626373291016,2,False
0,3.797581195831299,1,False
0,3.58720064163208,2,False
0,1.9770771265029907,0,False
0,1.773242712020874,1,False
0,1.4393770694732666,0,False
0,2.3864526748657227,2,False
0,2.1551156044006348,2,False
0,2.4817135334014893,2,False
0,3.0620131492614746,2,False
0,1.2798185348510742,0,False
0,3.8777918815612793,1,False
0,1.1702313423156738,0,False
0,1.7918424606323242,1,False
0,4.979893684387207,1,False
0,2.612863540649414,0,False
0,1.6009902954101562,1,False
0,1.4299348592758179,1,False
0,3.845536231994629,2,False
0,5.002346515655518,0,False
0,1.7114965915679932,2,False
0,6.77564001083374,0,False
0,2.6739649772644043,1,False
0,4.535020351409912,1,False
0,3.03025221824646,0,False
0,1.6688748598098755,1,False
0,1.7361235618591309,2,False
0,1.02318274974823,1,False
0,2.1093950271606445,1,False
0,1.5830461978912354,2,False
0,5.503568649291992,0,False
0,3.864055871963501,1,False
0,2.80709171295166,0,False
0,1.3280792236328125,0,False
0,3.7042689323425293,2,False
0,1.167825698852539,0,False
0,1.4526183605194092,0,False
0,3.184309959411621,2,False
0,4.22402286529541,1,False
0,4.432484149932861,0,False
0,1.6313536167144775,0,False
0,2.6583802700042725,0,False
0,1.8544955253601074,0,False
0,1.4471250772476196,2,False
0,2.2229743003845215,2,False
0,2.9210028648376465,1,False
0,2.2435131072998047,2,False
0,3.4384140968322754,1,False
0,1.423037052154541,1,False
0,3.041959047317505,2,False
0,1.085299015045166,2,False
0,1.1607121229171753,2,False
0,4.326962947845459,1,False
0,1.3268235921859741,1,False
0,1.0695679187774658,2,False
0,1.239059329032898,2,False
0,1.3386175632476807,1,False
0,1.9760053157806396,0,False
0,1.7373502254486084,2,False
0,5.302907943725586,2,False
0,2.9955737590789795,1,False
0,2.992297887802124,0,False
0,6.066807746887207,1,False
0,1.2542808055877686,2,False
0,4.611553192138672,1,False
0,1.7641774415969849,2,False
0,1.7176700830459595,1,False
0,1.346565842628479,1,False
0,1.6417572498321533,1,False
0,5.341444492340088,0,False
0,2.696521282196045,1,False
0,2.3750901222229004,0,False
0,2.0849852561950684,0,False
0,2.180591106414795,2,False
0,2.6217544078826904,0,False
0,7.221656799316406,1,False
0,1.6001032590866089,2,False
0,1.7395869493484497,1,False
0,1.837103009223938,0,False
0,2.129711866378784,1,False
0,3.1791961193084717,1,False
0,1.8868896961212158,2,False
0,1.3979275226593018,0,False
0,4.843770980834961,0,False
0,2.6337971687316895,2,False
0,2.7420201301574707,2,False
0,3.6768243312835693,1,False
0,1.459511637687683,1,False
0,2.6839356422424316,2,False
0,1.9127118587493896,2,False
0,1.877004861831665,0,False
0,5.489321708679199,1,False
0,1.996624231338501,0,False
0,1.5041465759277344,0,False
0,1.5817523002624512,2,False
0,1.9921283721923828,1,False
0,2.988435745239258,0,False
0,2.396517276763916,1,False
0,2.007023811340332,1,False
0,1.2906711101531982,2,False
0,1.1433041095733643,2,False
0,1.3125581741333008,2,False
0,2.0055713653564453,2,False
0,0.993240475654602,2,False
0,2.7716095447540283,1,False
0,4.780187606811523,1,False
0,2.351217269897461,0,False
0,4.206723213195801,2,False
0,1.5886985063552856,1,False
0,1.3606724739074707,0,False
0,2.1141459941864014,0,False
0,1.4502406120300293,1,False
0,6.229892730712891,0,False
0,2.4070966243743896,2,False
0,5.290750980377197,0,False
0,2.5527944564819336,2,False
0,3.225172519683838,2,False
0,5.65211296081543,2,False
0,6.459506988525391,1,False
0,4.367841720581055,2,False
0,1.8287019729614258,0,False
0,2.1895434856414795,0,False
0,7.270009994506836,0,False
0,2.1359052658081055,0,False
0,2.76591420173645,1,False
0,2.4936394691467285,1,False
0,3.003709554672241,2,False
0,5.785806179046631,2,False
0,5.57172155380249,0,False
0,2.746035099029541,1,False
0,5.410850524902344,0,False
0,4.188567161560059,1,False
0,1.0695604085922241,0,False
0,8.714279174804688,1,False
0,1.988795518875122,1,False
0,2.3569769859313965,1,False
0,1.7954707145690918,0,False
0,2.2624573707580566,0,False
0,2.0296945571899414,1,False
0,4.438957214355469,1,False
0,2.5795843601226807,2,False
0,2.4733219146728516,1,False
0,2.5562074184417725,2,False
0,5.520476818084717,2,False
0,1.1833254098892212,1,False
0,2.409654378890991,0,False
0,2.26641845703125,1,False
0,3.9769375324249268,0,False
0,2.400611400604248,2,False
0,1.5185257196426392,0,False
0,3.9221904277801514,2,False
0,1.4357783794403076,1,False
0,3.5244884490966797,2,False
0,2.3590307235717773,2,False
0,1.928572177886963,1,False
0,5.726762771606445,1,False
0,1.8151466846466064,2,False
0,2.2063100337982178,1,False
0,7.915763854980469,0,False
0,2.582688808441162,2,False
0,3.5912322998046875,1,False
0,2.299032211303711,1,False
0,2.848273754119873,1,False
0,1.9144548177719116,1,False
0,1.8552465438842773,0,False
0,5.794388771057129,1,False
0,0.6224702596664429,2,False
0,1.2691255807876587,0,False
0,2.294132709503174,1,False
0,2.493440628051758,2,False
0,1.361973524093628,0,False
0,2.932548761367798,1,False
0,5.589898109436035,0,False
0,5.748326301574707,1,False
0,2.0758047103881836,1,False
0,2.036397933959961,1,False
0,0.800597071647644,2,False
0,3.635474681854248,1,False
0,2.8762805461883545,2,False
0,1.7831324338912964,1,False
0,3.4458792209625244,1,False
0,4.646489143371582,2,False
0,0.7351957559585571,2,False
0,1.3557114601135254,1,False
0,1.1380486488342285,2,False
0,5.354928493499756,0,False
0,5.254193305969238,0,False
0,3.4713573455810547,2,False
0,1.591934084892273,0,False
0,2.4926071166992188,0,False
0,2.0339910984039307,0,False
0,1.7378991842269897,0,False
0,3.390536308288574,1,False
0,1.968470573425293,0,False
0,1.5385173559188843,0,False
0,5.0141496658325195,0,False
0,3.121584415435791,1,False
0,2.3246941566467285,2,False
0,1.4727554321289062,2,False
0,3.8925633430480957,1,False
0,3.5837864875793457,1,False
0,2.45090913772583,1,False
0,4.296220779418945,0,False
0,5.2974371910095215,1,False
0,5.297436714172363,1,False
0,5.235576152801514,2,False
0,2.2464189529418945,2,False
0,2.0080947875976562,2,False
0,2.401062488555908,2,False
0,4.315823554992676,2,False
0,4.781310558319092,0,False
0,4.546782493591309,1,False
0,1.8214651346206665,2,False
0,2.288640022277832,2,False
0,3.166935920715332,0,False
0,3.454366683959961,0,False
0,5.863984107971191,0,False
0,2.409453868865967,0,False
0,2.3224525451660156,2,False
0,4.923676013946533,0,False
0,4.932283401489258,0,False
0,2.973958730697632,0,False
0,2.4671518802642822,0,False
0,2.4080731868743896,2,False
0,4.045414447784424,0,False
0,2.197756767272949,0,False
0,2.173887252807617,2,False
0,4.348718166351318,1,False
0,4.130889892578125,0,False
0,1.7849359512329102,2,False
1,1.7152732610702515,2,False
3,2.7664737701416016,0,False
2,2.5176749229431152,0,False
2,1.9618031978607178,1,False
1,1.3599090576171875,2,False
0,3.6769394874572754,1,False
3,1.2834596633911133,2,False
1,1.2648171186447144,1,False
3,1.6278291940689087,2,False
0,1.0921990871429443,2,False
2,2.590618848800659,2,False
1,4.11699104309082,1,False
2,4.410913467407227,0,False
0,4.937786102294922,1,False
3,4.413852214813232,0,False
3,3.7672200202941895,2,False
0,1.0462586879730225,2,False
1,6.082259178161621,0,False
2,5.659267425537109,0,False
2,1.3740382194519043,0,False
1,4.455045223236084,2,False
3,5.529265403747559,0,False
0,5.5225677490234375,0,False
3,2.0219621658325195,1,False
0,1.5658321380615234,2,False
2,3.7138917446136475,1,False
1,3.1136903762817383,1,False
0,4.216609001159668,1,False
2,2.474761962890625,1,False
1,1.9122612476348877,2,False
3,2.7233376502990723,1,False
3,1.2789816856384277,2,False
1,4.699456691741943,2,False
0,2.452308416366577,1,False
2,2.4758121967315674,0,False
3,1.8274669647216797,2,False
2,1.5718567371368408,1,False
0,2.9383084774017334,1,False
1,5.4295148849487305,1,False
2,2.4983839988708496,0,False
3,4.699581623077393,0,False
1,2.900509834289551,1,False
0,5.571799278259277,1,False
3,1.5131741762161255,2,False
2,3.0731470584869385,0,False
1,3.4120891094207764,1,False
0,2.131500244140625,2,False
2,2.4380853176116943,0,False
1,1.7969393730163574,0,False
3,2.627878427505493,1,False
0,3.7677345275878906,1,False
0,3.6368041038513184,2,False
3,1.1689422130584717,1,False
2,2.228766441345215,0,False
1,7.989378452301025,1,False
0,2.2408664226531982,1,False
2,2.5466959476470947,1,False
3,2.4250125885009766,0,False
1,5.230265140533447,0,False
1,2.2364017963409424,1,False
0,3.8440022468566895,1,False
2,2.494001865386963,1,False
3,3.142390251159668,2,False
3,2.4244236946105957,0,False
1,2.25710391998291,0,False
2,2.268017292022705,0,False
0,1.790213704109192,2,False
3,2.225290298461914,0,False
1,1.8073034286499023,0,False
0,5.142301082611084,0,False
2,2.3938629627227783,2,False
2,6.051358699798584,1,False
3,1.2978259325027466,0,False
0,1.944333791732788,2,False
1,4.365706443786621,1,False
1,0.6268472671508789,2,False
2,1.698343276977539,2,False
0,3.15971302986145,0,False
3,3.6160316467285156,1,False
1,2.972384452819824,1,False
0,2.393763780593872,2,False
2,1.3171805143356323,1,False
3,1.1359362602233887,2,False
1,1.9647339582443237,1,False
3,4.272188186645508,2,False
2,4.280231952667236,0,False
0,3.1674370765686035,2,False
2,5.580777168273926,2,False
3,2.1139700412750244,0,False
0,1.7463401556015015,2,False
1,2.40846586227417,0,False
0,1.5263392925262451,0,False
2,2.1118054389953613,2,False
1,2.006286144256592,0,False
3,1.5093153715133667,2,False
0,1.2532782554626465,2,False
1,1.9529674053192139,2,False
2,2.360124111175537,0,False
3,1.4588894844055176,0,False
3,2.5066962242126465,1,False
0,2.879525899887085,1,False
2,1.851925253868103,2,False
1,2.1297740936279297,1,False
3,3.5209012031555176,0,False
0,1.999098300933838,0,False
2,2.6055023670196533,1,False
1,4.82522439956665,0,False
2,4.729654312133789,0,False
3,2.1498751640319824,0,False
1,2.8982701301574707,1,False
0,4.027634620666504,0,False
1,2.549877166748047,2,False
3,2.3146286010742188,0,False
0,3.356140613555908,1,False
2,2.2019591331481934,0,False
1,2.503307819366455,1,False
0,2.9018945693969727,0,False
2,4.493473052978516,1,False
3,1.0945183038711548,2,False
2,2.2891883850097656,1,False
0,1.7393460273742676,2,False
3,2.224216938018799,1,False
1,1.5618149042129517,2,False
1,2.243227481842041,2,False
3,1.7017948627471924,2,False
2,4.911921501159668,1,False
0,6.42329740524292,1,False
0,1.3881536722183228,2,False
3,1.940169095993042,2,False
2,2.187885046005249,1,False
1,1.7197306156158447,0,False
1,3.5069222450256348,1,False
3,3.5497353076934814,2,False
0,2.4336907863616943,1,False
2,1.4009761810302734,2,False
2,2.03688383102417,0,False
0,2.1414194107055664,2,False
3,0.6996586918830872,2,False
1,2.271857261657715,0,False
0,1.2657766342163086,2,False
3,1.502313256263733,1,False
1,3.773466110229492,0,False
2,2.155517339706421,0,False
2,3.307969093322754,1,False
1,1.5603615045547485,0,False
0,2.5937395095825195,0,False
3,1.842677116394043,0,False
3,1.3526761531829834,2,False
1,4.404818534851074,1,False
0,2.8075928688049316,2,False
2,3.155017852783203,2,False
1,1.6198769807815552,2,False
2,2.479412317276001,1,False
3,1.41255784034729,2,False
0,3.190782070159912,1,False
3,1.3176662921905518,0,False
1,2.3281455039978027,0,False
2,1.542609453201294,2,False
0,1.1939619779586792,0,False
3,3.361967086791992,2,False
0,2.831944465637207,1,False
1,1.763201355934143,2,False
2,2.8870527744293213,0,False
3,0.5287072658538818,2,False
0,2.7664318084716797,1,False
2,1.8967715501785278,2,False
1,1.956924557685852,0,False
1,5.451842784881592,0,False
0,2.8926138877868652,1,False
3,2.0737807750701904,2,False
2,2.0483405590057373,0,False
3,1.81917405128479,0,False
2,1.3886504173278809,2,False
1,1.7592332363128662,2,False
0,1.4815058708190918,2,False
0,2.2068755626678467,0,False
3,2.2249889373779297,2,False
1,4.573960781097412,1,False
2,2.199026107788086,0,False
1,3.0719170570373535,1,False
0,4.583276271820068,1,False
2,3.7593538761138916,2,False
3,5.0063886642456055,0,False
0,2.558748245239258,1,False
2,2.032846450805664,1,False
3,4.132991790771484,0,False
1,2.3539445400238037,1,False
1,1.8764169216156006,2,False
0,3.088603973388672,1,False
3,1.6188147068023682,2,False
2,1.6064872741699219,2,False
3,2.199151039123535,0,False
1,2.218600034713745,1,False
0,5.3063201904296875,1,False
2,0.9208353757858276,2,False
2,1.9531352519989014,2,False
0,4.519341468811035,1,False
3,4.163701057434082,0,False
1,2.102246046066284,1,False
3,2.9815616607666016,1,False
1,6.009988307952881,0,False
2,1.6138379573822021,2,False
0,2.550321102142334,0,False
3,2.896677255630493,0,False
2,1.8839901685714722,1,False
1,2.7470622062683105,2,False
0,2.066742181777954,2,False
0,5.916651725769043,1,False
2,2.4770255088806152,0,False
3,2.7617154121398926,0,False
1,5.28303337097168,1,False
1,1.7896277904510498,2,False
3,2.2964773178100586,2,False
0,1.5383164882659912,2,False
2,1.5522462129592896,2,False
3,3.856477737426758,1,False
0,0.5298260450363159,2,False
2,6.083320617675781,0,False
1,3.0938360691070557,0,False
2,3.987481117248535,0,False
1,1.653153657913208,2,False
0,1.8387970924377441,1,False
3,3.8452796936035156,0,False
3,1.3146541118621826,2,False
1,4.975898742675781,1,False
2,1.775851845741272,0,False
0,2.1405115127563477,0,False
0,3.0613439083099365,0,False
1,2.3904380798339844,1,False
3,2.788505792617798,1,False
2,1.654488444328308,2,False
0,4.131797790527344,0,False
2,2.5742766857147217,1,False
1,2.9509739875793457,1,False
3,1.7497376203536987,0,False
1,1.7403991222381592,2,False
0,3.9041662216186523,0,False
3,5.042088508605957,0,False
2,3.470796823501587,0,False
2,2.0653910636901855,1,False
1,2.2691526412963867,1,False
3,4.5336503982543945,0,False
0,6.0103559494018555,0,False
0,2.1324191093444824,0,False
2,1.2350832223892212,2,False
1,1.5917766094207764,2,False
3,1.608364224433899,2,False
3,1.8752985000610352,1,False
2,4.472657680511475,1,False
0,2.0430991649627686,0,False
1,5.767297267913818,1,False
0,6.050027847290039,1,False
2,2.4670581817626953,1,False
3,4.516104221343994,2,False
1,2.218374729156494,1,False
3,2.4671308994293213,1,False
1,1.3235986232757568,2,False
2,1.814497947692871,2,False
0,1.497190237045288,0,False
1,1.676377534866333,0,False
0,1.7616755962371826,2,False
2,2.5292627811431885,1,False
3,4.619882583618164,0,False
3,2.1757049560546875,2,False
2,4.770988941192627,0,False
0,2.623839855194092,2,False
1,2.603752851486206,0,False
2,1.8798153400421143,1,False
0,2.337104558944702,0,False
1,1.554478645324707,0,False
3,1.97366201877594,0,False
1,2.9794154167175293,1,False
0,1.2353863716125488,2,False
2,6.902412414550781,1,False
3,2.6044788360595703,0,False
3,2.529449939727783,1,False
1,5.035199165344238,1,False
2,1.7460726499557495,2,False
0,2.5514214038848877,0,False
3,4.9204630851745605,1,False
2,4.223268985748291,1,False
1,2.020366668701172,1,False
0,1.876886248588562,2,False
0,2.4895591735839844,1,False
1,2.1706323623657227,0,False
2,5.299549579620361,1,False
3,1.8170404434204102,2,False
2,5.80030632019043,1,False
0,2.1521520614624023,0,False
3,1.753489375114441,0,False
1,1.401067852973938,2,False
3,2.004692554473877,2,False
2,1.6625272035598755,2,False
0,2.480684280395508,0,False
1,1.6791000366210938,2,False
0,2.861210823059082,1,False
1,1.7213382720947266,2,False
3,2.8444414138793945,0,False
2,1.5712039470672607,2,False
2,1.7194499969482422,2,False
3,1.7721452713012695,2,False
1,2.527263641357422,1,False
0,1.4668301343917847,0,False
0,1.9674643278121948,1,False
2,6.280985355377197,1,False
3,2.4144349098205566,2,False
1,3.250062942504883,1,False
0,1.9767892360687256,2,False
2,3.0714504718780518,0,False
3,3.0330684185028076,0,False
1,3.3487026691436768,2,False
3,2.0296454429626465,1,False
1,1.2204924821853638,1,False
0,1.8350398540496826,0,False
2,1.3359357118606567,2,False
3,2.1242265701293945,0,False
0,6.39657735824585,1,False
2,2.319103240966797,2,False
1,1.0987340211868286,2,False
1,6.716489791870117,1,False
3,1.8526339530944824,2,False
0,3.1736297607421875,2,False
2,1.5446465015411377,2,False
1,1.1987229585647583,0,False
2,1.7777913808822632,0,False
3,2.5251364707946777,1,False
0,2.206601858139038,0,False
2,3.9121932983398438,2,False
3,1.695967197418213,1,False
1,3.0864462852478027,0,False
0,1.9438698291778564,0,False
2,2.4915268421173096,1,False
1,1.1577372550964355,2,False
3,2.247342348098755,1,False
0,3.3555197715759277,1,False
0,1.5286470651626587,2,False
2,1.656834363937378,0,False
3,1.6332345008850098,0,False
1,1.1440818309783936,2,False
2,2.814757823944092,2,False
0,0.5854725241661072,0,False
3,1.43394935131073,2,False
1,1.5352977514266968,2,False
1,2.4540390968322754,0,False
0,3.643110752105713,0,False
3,1.834559679031372,0,False
2,0.6888551115989685,2,False
0,1.0743043422698975,0,False
3,2.1415014266967773,0,False
1,3.695072889328003,0,False
2,3.1121952533721924,1,False
1,1.3728446960449219,2,False
2,2.0110437870025635,0,False
3,2.1534817218780518,0,False
0,1.6650710105895996,2,False
1,4.443836212158203,1,False
0,1.5704467296600342,2,False
2,1.7432572841644287,2,False
3,1.6069140434265137,2,False
2,1.481550931930542,0,False
1,1.219719409942627,2,False
3,2.005388021469116,1,False
0,3.127929210662842,0,False
2,2.591195583343506,1,False
3,2.7108004093170166,1,False
0,2.4871230125427246,1,False
1,1.869520902633667,1,False
1,1.767090082168579,0,False
0,2.81549072265625,1,False
3,2.0731406211853027,0,False
2,2.4999613761901855,2,False
1,1.6880472898483276,2,False
0,1.5056822299957275,1,False
3,2.19431209564209,0,False
2,1.6610286235809326,0,False
2,4.439780235290527,1,False
3,0.994453489780426,2,False
1,1.7752054929733276,0,False
0,4.200286865234375,0,False
2,5.300239562988281,1,False
3,1.9126942157745361,0,False
1,1.7319568395614624,2,False
0,1.1192653179168701,2,False
1,2.7306771278381348,1,False
0,1.7764612436294556,2,False
3,1.9387946128845215,1,False
2,1.2989106178283691,2,False
1,3.0183277130126953,2,False
2,2.9380135536193848,2,False
0,2.6731183528900146,0,False
3,2.3794517517089844,0,False
3,2.7778849601745605,1,False
0,1.6437790393829346,0,False
2,3.013871431350708,1,False
1,2.3933181762695312,1,False
1,1.540194034576416,1,False
0,2.107179880142212,0,False
2,2.9797024726867676,1,False
3,2.0111098289489746,2,False
3,4.091286659240723,1,False
0,2.724463701248169,1,False
2,1.8641072511672974,1,False
1,1.586063027381897,0,False
1,1.5929536819458008,0,False
3,5.349225044250488,1,False
2,4.853273391723633,0,False
0,1.9250465631484985,0,False
0,2.0554094314575195,0,False
3,2.182755947113037,1,False
2,1.9864003658294678,2,False
1,1.6891289949417114,2,False
2,3.5469040870666504,1,False
3,1.306599497795105,2,False
1,5.1470947265625,2,False
0,1.943346381187439,0,False
2,1.7539466619491577,1,False
3,1.4658308029174805,1,False
0,2.0573482513427734,1,False
1,1.0249965190887451,2,False
0,1.2414026260375977,0,False
1,2.8863525390625,1,False
2,1.8613923788070679,0,False
3,2.2901053428649902,1,False
3,1.1990017890930176,2,False
2,6.258858680725098,1,False
0,1.7394144535064697,2,False
1,2.193953037261963,0,False
0,1.6236371994018555,2,False
3,0.8649120926856995,2,False
1,2.561009407043457,2,False
2,1.5175409317016602,0,False
3,0.9715467095375061,1,False
1,1.537683129310608,2,False
2,1.4621691703796387,2,False
0,2.2848825454711914,1,False
0,1.1864845752716064,2,False
2,3.444633960723877,0,False
1,3.13991641998291,1,False
3,0.7069852352142334,2,False
0,4.737679481506348,0,False
1,2.1098179817199707,2,False
3,4.030762672424316,0,False
2,2.3620762825012207,1,False
2,2.2583518028259277,1,False
0,2.2979044914245605,1,False
3,4.049503326416016,0,False
1,2.026167869567871,0,False
1,3.63179349899292,0,False
0,3.068877696990967,1,False
2,2.8760218620300293,2,False
3,3.246722459793091,0,False
3,2.6990420818328857,2,False
0,2.082486152648926,2,False
2,2.4925785064697266,0,False
1,3.5931191444396973,0,False
2,1.4633259773254395,2,False
1,3.0511837005615234,0,False
3,1.4010287523269653,0,False
0,1.6610212326049805,2,False
0,3.6739885807037354,1,False
3,3.813089370727539,1,False
1,4.862298011779785,2,False
2,3.767152786254883,1,False
0,1.5262994766235352,0,False
3,3.4435598850250244,0,False
2,1.489778757095337,0,False
1,2.047635078430176,1,False
0,3.660708427429199,0,False
2,1.8810021877288818,2,False
3,1.879641056060791,0,False
1,1.1193126440048218,0,False
0,2.6873693466186523,0,False
1,5.560201644897461,1,False
3,1.1767879724502563,0,False
2,6.455354690551758,1,False
2,4.644752502441406,1,False
1,4.005219459533691,0,False
0,3.3133702278137207,2,False
3,2.042288303375244,0,False
3,4.082417964935303,1,False
2,3.8598456382751465,1,False
1,1.9833086729049683,2,False
0,1.5673483610153198,2,False
1,7.957247257232666,1,False
3,4.925620079040527,0,False
2,2.867936611175537,1,False
0,2.0882177352905273,0,False
1,1.2004088163375854,0,False
3,1.9316613674163818,0,False
0,3.8645949363708496,1,False
2,2.9137251377105713,2,False
2,1.2335270643234253,2,False
3,1.5926133394241333,2,False
0,7.050510883331299,0,False
1,2.0417933464050293,0,False
1,1.3909145593643188,2,False
0,1.798875331878662,1,False
2,1.8638648986816406,1,False
3,5.0426459312438965,0,False
3,2.770451307296753,1,False
1,3.6575942039489746,0,False
0,1.84322190284729,0,False
2,0.8366772532463074,2,False
1,0.9901185035705566,2,False
2,1.7822685241699219,0,False
3,1.2778197526931763,2,False
0,2.1843113899230957,1,False
2,1.7809150218963623,1,False
3,4.938823699951172,1,False
1,2.724173069000244,2,False
0,1.4555308818817139,2,False
1,3.634422540664673,1,False
3,2.879674196243286,2,False
2,2.777421474456787,2,False
0,4.985138893127441,1,False
1,6.472662925720215,1,False
0,4.048581123352051,0,False
3,1.0339850187301636,2,False
2,4.098498821258545,2,False
2,1.1662641763687134,0,False
0,0.969180703163147,0,False
1,5.508752822875977,0,False
3,2.9122719764709473,0,False
3,2.2289788722991943,1,False
1,3.20371150970459,1,False
0,2.6031243801116943,1,False
2,2.5349555015563965,2,False
2,1.3168467283248901,0,False
3,1.878138542175293,2,False
1,6.075867176055908,1,False
0,2.499929904937744,1,False
0,1.169234275817871,0,False
1,1.3558614253997803,0,False
2,2.725388526916504,2,False
3,1.3134465217590332,2,False
3,4.6919331550598145,2,False
1,5.127997398376465,1,False
2,5.214656352996826,1,False
0,2.349789619445801,1,False
0,3.468870162963867,1,False
2,2.1950507164001465,2,False
3,1.5721962451934814,0,False
1,1.5178942680358887,2,False
1,2.908322811126709,0,False
0,4.302202224731445,1,False
2,2.3318371772766113,2,False
3,1.9482070207595825,2,False
1,2.3209917545318604,1,False
2,2.1775665283203125,1,False
3,0.8109581470489502,2,False
0,1.6915321350097656,2,False
3,3.0465545654296875,1,False
1,5.889862060546875,1,False
0,1.8448556661605835,0,False
2,2.13787579536438,0,False
0,2.681640148162842,0,False
3,2.3700690269470215,0,False
1,2.091123580932617,0,False
2,1.9425853490829468,1,False
1,1.4641728401184082,2,False
0,2.6498656272888184,2,False
3,2.726252794265747,1,False
2,2.234393358230591,0,False
1,2.629380941390991,1,False
3,1.5073574781417847,0,False
2,3.3857827186584473,0,False
0,1.8043185472488403,0,False
3,1.5846606492996216,2,False
1,4.639201641082764,1,False
0,0.7583484649658203,2,False
2,2.1436374187469482,2,False
2,2.1114954948425293,0,False
0,5.176906585693359,1,False
3,0.7157778739929199,2,False
1,5.829133033752441,2,False
3,3.87603759765625,1,False
1,2.2450079917907715,2,False
2,3.6432394981384277,1,False
0,2.5492093563079834,1,False
3,2.044265031814575,2,False
1,2.6031582355499268,0,False
2,0.6924698352813721,2,False
0,6.357093811035156,1,False
0,2.9126973152160645,2,False
3,3.011209011077881,1,False
1,1.7579535245895386,2,False
2,3.4857819080352783,1,False
1,1.9879679679870605,1,False
0,6.8152360916137695,1,False
3,1.5196678638458252,0,False
2,3.733430862426758,1,False
1,1.5134787559509277,1,False
2,1.7011346817016602,0,False
0,3.515170097351074,2,False
3,3.1672191619873047,0,False
2,2.7939438819885254,0,False
3,0.988082230091095,2,False
0,1.3737587928771973,2,False
1,2.2648534774780273,2,False
0,2.602412462234497,2,False
1,2.455873489379883,1,False
3,1.9604299068450928,2,False
2,4.4340057373046875,1,False
1,1.3069367408752441,2,False
3,2.0756447315216064,2,False
0,2.5092852115631104,0,False
2,2.319523572921753,2,False
2,1.9670565128326416,1,False
3,3.328599452972412,1,False
1,1.3538833856582642,0,False
0,3.312150001525879,0,False
1,2.6089301109313965,0,False
0,3.476490020751953,1,False
2,2.0337891578674316,0,False
3,1.050901174545288,0,False
1,2.080705404281616,2,False
3,2.377267360687256,0,False
2,3.0650761127471924,0,False
0,2.9180984497070312,0,False
1,5.852883338928223,1,False
0,4.139347076416016,1,False
2,3.4879441261291504,0,False
3,4.246291160583496,0,False
2,2.4513630867004395,0,False
0,2.459752082824707,2,False
3,1.2002397775650024,2,False
1,1.4104605913162231,2,False
1,1.6572649478912354,2,False
0,2.074448823928833,2,False
2,2.831514358520508,0,False
3,1.9360876083374023,0,False
2,5.124873161315918,0,False
1,1.7339085340499878,1,False
3,1.7860713005065918,0,False
0,2.650893449783325,2,False
0,2.9561197757720947,2,False
2,2.069960832595825,2,False
3,2.5546376705169678,0,False
1,3.4287595748901367,2,False
2,2.0052947998046875,1,False
3,1.545917272567749,0,False
1,1.9003562927246094,1,False
0,2.0687179565429688,2,False
2,5.034208297729492,2,False
0,2.9751482009887695,0,False
3,2.4380757808685303,0,False
1,4.359658241271973,1,False
1,2.947357654571533,0,False
3,1.945685625076294,2,False
2,5.017334938049316,1,False
0,3.1666321754455566,2,False
0,2.585873603820801,1,False
2,2.596328020095825,2,False
1,1.772262454032898,0,False
3,1.2808804512023926,0,False
0,4.617877960205078,2,False
3,4.616429805755615,0,False
1,2.0197196006774902,2,False
2,5.099020481109619,0,False
3,4.98094367980957,1,False
1,1.377151608467102,2,False
2,1.6314960718154907,0,False
0,3.5631608963012695,1,False
0,3.1180293560028076,1,False
2,4.635186195373535,1,False
1,1.5850224494934082,0,False
3,1.2478842735290527,0,False
3,4.510739326477051,1,False
2,5.017930030822754,1,False
0,0.888498067855835,2,False
1,2.0116965770721436,1,False
2,4.22031307220459,1,False
1,1.437804937362671,1,False
3,0.9340507388114929,0,False
0,1.527035117149353,2,False
0,3.1680102348327637,2,False
2,4.467388153076172,1,False
1,2.1226511001586914,0,False
3,0.7085251808166504,2,False
1,2.1831088066101074,0,False
3,4.780792236328125,0,False
0,2.717721462249756,1,False
2,3.007133722305298,2,False
0,2.69342303276062,1,False
2,1.9856419563293457,1,False
1,3.658601999282837,1,False
3,2.932107925415039,1,False
1,1.513920545578003,1,False
3,3.3251965045928955,0,False
2,2.8352808952331543,2,False
0,1.752187967300415,0,False
1,1.6080198287963867,2,False
2,2.4265904426574707,0,False
0,1.5941208600997925,0,False
3,2.2551846504211426,0,False
0,2.6918060779571533,1,False
3,1.0425848960876465,0,False
2,3.683676242828369,1,False
1,1.49546217918396,0,False
1,3.4275858402252197,1,False
0,0.7510654330253601,0,False
3,4.109610080718994,1,False
2,1.856316328048706,0,False
1,2.0833139419555664,1,False
3,0.8726757168769836,0,False
2,2.8907084465026855,2,False
0,2.8282101154327393,1,False
1,1.5177597999572754,0,False
0,1.184759259223938,0,False
3,0.9998524188995361,2,False
2,2.6791012287139893,1,False
0,3.541779041290283,1,False
2,2.7950356006622314,2,False
3,2.6182456016540527,1,False
1,1.7299885749816895,0,False
2,6.027960300445557,1,False
0,2.2805252075195312,2,False
3,2.380283832550049,1,False
1,0.9906732439994812,0,False
1,1.906716227531433,2,False
0,1.4376081228256226,2,False
2,2.894150495529175,2,False
3,5.782883644104004,1,False
2,2.6830835342407227,1,False
0,0.9192031621932983,2,False
3,1.3326876163482666,2,False
1,4.7991943359375,1,False
1,1.755225419998169,2,False
0,1.8247075080871582,1,False
2,3.0160694122314453,1,False
3,2.506821393966675,0,False
3,2.2170863151550293,2,False
2,1.4207903146743774,0,False
1,2.292617082595825,1,False
0,1.7025017738342285,2,False
1,6.7436137199401855,1,False
2,2.2296435832977295,1,False
0,2.9839298725128174,2,False
3,1.9874202013015747,2,False
1,1.0069832801818848,2,False
3,1.1411857604980469,2,False
2,1.6653296947479248,0,False
0,4.864589691162109,1,False
1,0.8033713102340698,2,False
3,5.818774223327637,1,False
2,5.166865825653076,2,False
0,5.208123683929443,2,False
3,2.3710429668426514,1,False
0,1.3946473598480225,0,False
2,4.062299728393555,1,False
1,2.113685131072998,2,False
1,1.6382527351379395,0,False
2,1.3390147686004639,0,False
0,2.7894115447998047,1,False
3,1.0610573291778564,0,False
1,5.375755786895752,1,False
3,2.4072179794311523,2,False
0,2.5484070777893066,0,False
2,5.159409999847412,2,False
3,3.635748863220215,1,False
0,1.7719404697418213,2,False
1,0.9328999519348145,2,False
2,4.81736946105957,1,False
0,6.3382568359375,1,False
3,0.7257826328277588,2,False
1,3.267652750015259,1,False
2,2.0771894454956055,2,False
0,2.1471142768859863,0,False
1,3.192932605743408,0,False
3,1.0231982469558716,0,False
2,1.7759580612182617,0,False
2,0.8818972110748291,2,False
3,2.095238208770752,0,False
0,3.370079517364502,2,False
1,1.819185733795166,2,False
1,3.9316394329071045,2,False
2,1.0263594388961792,2,False
3,4.975943565368652,1,False
0,0.9157516360282898,0,False
1,3.9351089000701904,1,False
0,2.0717051029205322,2,False
2,4.052947044372559,0,False
3,4.5739030838012695,0,False
2,1.7478313446044922,2,False
0,2.5849850177764893,2,False
3,1.3183128833770752,0,False
1,5.844217300415039,0,False
1,3.446654796600342,1,False
0,1.194998860359192,2,False
2,3.5531530380249023,1,False
3,2.1771466732025146,0,False
2,2.686952829360962,1,False
3,1.2781057357788086,2,False
0,3.0424253940582275,1,False
1,2.35332989692688,0,False
3,2.4124128818511963,0,False
1,1.4490500688552856,0,False
2,2.092252492904663,0,False
0,4.997971534729004,1,False
2,1.6666898727416992,2,False
3,2.297372817993164,0,False
1,2.249643087387085,1,False
0,4.600874900817871,0,False
2,2.5176641941070557,1,False
0,3.1633639335632324,2,False
1,1.6305636167526245,1,False
3,2.3695425987243652,1,False
1,2.9435601234436035,2,False
3,1.2339768409729004,2,False
0,2.876492500305176,1,False
2,2.2979490756988525,2,False
1,3.6151633262634277,1,False
3,1.1728185415267944,2,False
2,3.0290868282318115,1,False
0,1.3966662883758545,1,False
3,3.33512020111084,1,False
2,2.949705123901367,0,False
0,2.831056594848633,1,False
1,1.4979984760284424,0,False
0,2.4637672901153564,2,False
3,2.0542056560516357,1,False
1,3.567113161087036,0,False
2,2.0965628623962402,2,False
2,2.1567230224609375,2,False
3,2.352414846420288,2,False
0,3.7360410690307617,0,False
1,1.6247081756591797,0,False
1,1.8994311094284058,2,False
0,1.5646122694015503,2,False
3,1.3462190628051758,0,False
2,2.7945075035095215,2,False
0,2.0104990005493164,0,False
2,2.289536952972412,0,False
3,2.46262264251709,2,False
1,5.814385414123535,0,False
2,2.6601295471191406,1,False
1,1.983428716659546,1,False
3,7.340334892272949,1,False
0,2.7099244594573975,0,False
3,2.688086986541748,1,False
0,3.5469794273376465,2,False
1,2.7748923301696777,1,False
2,1.825001835823059,0,False
1,2.8638765811920166,1,False
3,0.7588655352592468,2,False
0,2.3737056255340576,1,False
2,2.4338324069976807,2,False
2,1.4077188968658447,2,False
3,1.8790873289108276,1,False
0,1.8830478191375732,0,False
1,5.1850762367248535,1,False
0,1.6002781391143799,0,False
2,6.538418769836426,2,False
1,2.2730329036712646,0,False
3,2.302579402923584,2,False
3,1.4985531568527222,0,False
1,2.307403087615967,0,False
0,2.8816399574279785,1,False
2,2.2316317558288574,1,False
2,2.1145083904266357,2,False
3,1.2366280555725098,2,False
1,2.9211232662200928,0,False
0,2.3481359481811523,1,False
0,1.801921010017395,0,False
2,1.5772634744644165,1,False
3,2.1640093326568604,1,False
1,2.1879024505615234,0,False
2,1.9892240762710571,1,False
0,2.6629867553710938,1,False
1,1.5236306190490723,2,False
3,1.4829626083374023,2,False
3,2.8492116928100586,2,False
2,1.6068636178970337,0,False
0,4.417394161224365,0,False
1,2.502488136291504,2,False
3,5.47164249420166,1,False
2,2.252821445465088,0,False
1,2.4411792755126953,0,False
0,1.7209320068359375,1,False
0,3.756412982940674,1,False
1,1.5746021270751953,0,False
2,2.1497340202331543,0,False
3,1.889682650566101,1,False
2,1.313157558441162,2,False
0,1.8588809967041016,2,False
1,5.370944023132324,1,False
3,1.734264850616455,1,False
0,1.703276515007019,2,False
2,1.5176416635513306,2,False
1,2.7719011306762695,0,False
3,1.9727226495742798,2,False
1,2.3299429416656494,0,False
3,1.3643662929534912,2,False
0,1.2704625129699707,0,False
2,2.620898723602295,1,False
2,2.096775770187378,2,False
3,2.991354465484619,2,False
0,3.4622836112976074,1,False
1,1.4129314422607422,0,False
3,2.491283655166626,1,False
1,1.9700472354888916,0,False
0,1.77946937084198,1,False
2,2.380035877227783,2,False
1,1.383028268814087,1,False
0,2.1451973915100098,2,False
2,1.7667182683944702,1,False
3,2.6080822944641113,0,False
0,2.34618878364563,1,False
3,2.5458145141601562,0,False
2,1.6364266872406006,2,False
1,1.8133049011230469,2,False
2,2.5394904613494873,0,False
0,1.7723004817962646,2,False
3,3.7419190406799316,0,False
1,1.8872854709625244,0,False
3,1.4943108558654785,0,False
2,1.6689350605010986,0,False
0,1.517202377319336,2,False
1,1.8900192975997925,1,False
3,2.8963093757629395,1,False
1,2.139756202697754,2,False
0,3.847097873687744,2,False
2,1.7454341650009155,1,False
2,3.2591774463653564,1,False
3,5.045384883880615,1,False
0,4.116353988647461,1,False
1,5.370450496673584,0,False
2,1.9725598096847534,2,False
0,1.5570268630981445,0,False
3,1.964883804321289,2,False
1,2.5070016384124756,1,False
1,3.811898708343506,2,False
0,1.1308972835540771,1,False
3,2.420332670211792,2,False
2,2.1424098014831543,2,False
3,2.7787551879882812,1,False
0,2.1217846870422363,1,False
2,2.5573315620422363,1,False
1,2.1567459106445312,1,False
1,1.5134918689727783,2,False
2,2.3007876873016357,1,False
0,5.470337390899658,1,False
3,4.747905731201172,1,False
2,2.276825428009033,2,False
1,1.9432027339935303,2,False
3,1.3706083297729492,0,False
0,1.965876817703247,2,False
2,2.183060884475708,0,False
3,3.724658966064453,1,False
0,6.091705799102783,1,False
1,4.368804454803467,1,False
0,1.9885640144348145,0,False
3,3.2732596397399902,0,False
2,2.4727511405944824,1,False
1,1.7503936290740967,2,False
1,1.8291696310043335,2,False
0,2.410766124725342,2,False
3,1.979521632194519,0,False
2,4.920462131500244,1,False
2,1.7695963382720947,2,False
0,3.4156575202941895,1,False
1,1.7437541484832764,0,False
3,2.4279770851135254,0,False
0,3.077007293701172,1,False
3,5.221195220947266,1,False
2,2.156582832336426,2,False
1,2.2842626571655273,0,False
3,1.4583319425582886,0,False
2,1.6458238363265991,2,False
1,1.9724409580230713,1,False
0,2.443943500518799,0,False
3,2.0401358604431152,0,False
2,1.7427486181259155,2,False
0,1.4328124523162842,2,False
1,1.9438436031341553,2,False
2,2.710857391357422,2,False
3,2.366682767868042,1,False
0,0.9723471403121948,0,False
1,5.220063209533691,1,False
0,4.148286819458008,1,False
1,3.0182712078094482,2,False
2,1.4897851943969727,2,False
3,2.5929312705993652,0,False
1,2.6872198581695557,1,False
0,5.633330821990967,1,False
3,2.2560367584228516,0,False
2,2.2881476879119873,0,False
3,2.313767910003662,1,False
2,1.7760474681854248,2,False
1,1.3587175607681274,2,False
0,1.3653804063796997,0,False
3,2.569772243499756,1,False
1,1.9615751504898071,2,False
2,4.296011924743652,2,False
0,1.2677638530731201,0,False
2,2.319734573364258,2,False
0,0.9826030731201172,2,False
3,2.165571689605713,2,False
1,2.1299564838409424,0,False
3,2.2838735580444336,1,False
0,3.861340045928955,1,False
2,3.218620777130127,0,False
1,3.598721981048584,0,False
0,2.844036817550659,1,False
1,1.5915639400482178,0,False
2,7.656516075134277,1,False
3,2.676497459411621,0,False
3,3.366286277770996,1,False
0,1.780928373336792,2,False
1,1.392047643661499,0,False
2,1.1590614318847656,0,False
2,1.3903508186340332,2,False
3,0.6716415882110596,0,False
1,2.01926851272583,2,False
0,3.6407670974731445,0,False
1,1.635725498199463,2,False
3,1.488250494003296,0,False
0,2.1589834690093994,0,False
2,4.081896781921387,2,False
1,1.7920796871185303,0,False
3,2.9899935722351074,1,False
2,4.864676475524902,0,False
0,1.580744981765747,2,False
2,1.3338868618011475,2,False
3,1.94231116771698,0,False
0,2.7861886024475098,1,False
1,1.8850430250167847,2,False
3,4.479621887207031,1,False
2,2.2542130947113037,2,False
0,2.2304153442382812,0,False
1,1.9149036407470703,1,False
1,2.134113073348999,1,False
0,4.512126922607422,1,False
3,1.5252662897109985,0,False
2,1.9860632419586182,0,False
1,1.582439661026001,2,False
3,1.1327507495880127,2,False
2,1.706613540649414,2,False
0,2.4383645057678223,1,False
2,1.2016289234161377,2,False
1,4.320102214813232,1,False
3,5.012994766235352,0,False
0,1.7853119373321533,2,False
2,1.780400037765503,0,False
3,2.475186347961426,0,False
0,2.303575038909912,0,False
1,1.6074583530426025,0,False
2,2.6042661666870117,1,False
0,1.4438214302062988,2,False
3,6.308663368225098,1,False
1,2.966301918029785,0,False
2,1.3976593017578125,2,False
0,3.3686046600341797,0,False
1,2.6967685222625732,1,False
3,3.0024359226226807,1,False
1,2.235726833343506,2,False
3,1.5860753059387207,2,False
2,4.866996765136719,1,False
0,2.1304173469543457,0,False
0,3.3358712196350098,1,False
3,1.8272093534469604,0,False
2,5.014952659606934,1,False
1,1.5252363681793213,0,False
1,1.5691163539886475,1,False
2,1.7528092861175537,2,False
3,2.1543803215026855,0,False
0,4.019706726074219,1,False
0,3.9147591590881348,1,False
2,1.9951319694519043,2,False
1,1.9560649394989014,0,False
3,4.957030773162842,1,False
0,3.627389907836914,1,False
3,4.270697116851807,0,False
1,1.6035000085830688,2,False
2,1.80328369140625,0,False
3,1.575552225112915,0,False
0,3.3620543479919434,1,False
2,2.332188606262207,0,False
1,3.39353609085083,1,False
0,2.3585634231567383,1,False
2,2.035041332244873,2,False
1,1.5718249082565308,2,False
3,2.2025644779205322,2,False
3,4.060099124908447,1,False
0,1.1811479330062866,2,False
1,1.6323695182800293,0,False
2,4.304539203643799,0,False
2,2.031630516052246,0,False
1,3.27242374420166,1,False
0,6.3310160636901855,0,False
3,1.8226227760314941,0,False
2,3.1907129287719727,2,False
1,3.230823516845703,1,False
3,1.4345896244049072,2,False
0,1.140703797340393,2,False
0,2.438627243041992,0,False
2,2.340360641479492,1,False
1,5.046453475952148,0,False
3,2.1880922317504883,0,False
0,4.764402866363525,2,False
2,1.928686499595642,0,False
1,2.5633914470672607,0,False
3,2.224642038345337,0,False
1,2.31740140914917,1,False
0,2.455568790435791,1,False
2,2.1385974884033203,0,False
3,2.9414756298065186,0,False
3,0.7347428798675537,2,False
2,5.672287940979004,1,False
1,3.4050536155700684,1,False
0,1.6638269424438477,2,False
0,1.2385156154632568,2,False
1,2.463932514190674,1,False
3,1.1554197072982788,2,False
2,3.9995155334472656,1,False
3,2.0808587074279785,0,False
2,2.175206184387207,0,False
1,2.5488460063934326,2,False
0,2.5339322090148926,0,False
3,2.593771457672119,1,False
1,2.0790090560913086,0,False
2,1.2507069110870361,0,False
0,1.8201135396957397,0,False
1,0.9149118661880493,2,False
3,1.4716911315917969,0,False
2,3.151014566421509,2,False
0,2.0321476459503174,0,False
2,1.2952789068222046,2,False
0,1.9687753915786743,2,False
1,1.325843095779419,2,False
3,2.1118741035461426,2,False
0,6.51253604888916,1,False
2,2.714557647705078,1,False
3,2.42838716506958,2,False
1,1.272672414779663,0,False
1,3.5130457878112793,2,False
3,1.6669901609420776,0,False
0,2.3787424564361572,0,False
2,3.8162195682525635,2,False
3,3.065980911254883,1,False
1,2.6102828979492188,1,False
0,1.939073920249939,0,False
2,2.507906436920166,1,False
2,1.1384079456329346,2,False
3,2.9302854537963867,0,False
1,1.4853307008743286,2,False
0,4.426276206970215,1,False
2,1.7373732328414917,2,False
3,5.449865818023682,1,False
0,3.0095038414001465,2,False
1,6.069797039031982,0,False
0,1.5490374565124512,2,False
2,2.0148112773895264,1,False
1,2.4525046348571777,2,False
3,2.330244541168213,2,False
2,5.273669242858887,0,False
0,1.527496337890625,2,False
3,1.9520128965377808,0,False
1,2.2675790786743164,1,False
3,1.5117238759994507,2,False
0,3.198052406311035,2,False
2,5.070009231567383,0,False
1,1.2322386503219604,0,False
1,4.747910022735596,1,False
0,2.7834348678588867,2,False
3,2.2229676246643066,0,False
2,1.0284682512283325,2,False
1,1.2782326936721802,2,False
3,1.6192948818206787,2,False
2,3.0198373794555664,1,False
0,1.5023380517959595,2,False
0,4.967141151428223,0,False
3,3.8150582313537598,1,False
2,2.4968245029449463,1,False
1,2.611279249191284,2,False
2,2.1979269981384277,1,False
0,3.1183817386627197,1,False
1,5.348926067352295,0,False
3,2.1534435749053955,0,False
2,1.1627541780471802,1,False
0,2.107949733734131,0,False
1,1.761880874633789,2,False
3,2.279355049133301,1,False
1,1.6348085403442383,1,False
0,2.6706933975219727,1,False
3,2.374155044555664,1,False
2,1.9517035484313965,2,False
0,1.5260412693023682,0,False
2,4.283947944641113,1,False
3,1.5241327285766602,0,False
1,2.316087484359741,1,False
1,2.0425291061401367,1,False
2,5.577825546264648,2,False
3,2.615116834640503,1,False
0,2.151946544647217,2,False
0,1.8036086559295654,0,False
3,4.926792621612549,0,False
1,1.69480299949646,2,False
2,2.1141011714935303,1,False
0,2.5067481994628906,1,False
2,5.610255718231201,0,False
3,1.130340337753296,0,False
1,1.7873048782348633,2,False
3,2.3446481227874756,0,False
0,5.571256160736084,1,False
2,1.8132612705230713,2,False
1,1.8296699523925781,0,False
0,2.0874547958374023,2,False
2,4.404679298400879,0,False
3,3.3745105266571045,1,False
1,2.7223570346832275,1,False
1,1.5088005065917969,0,False
0,2.462675094604492,1,False
3,1.701707363128662,0,False
2,2.9197843074798584,1,False
3,3.252774715423584,1,False
0,1.085886001586914,0,False
2,2.699915885925293,2,False
1,1.356584072113037,2,False
1,5.448636054992676,0,False
3,1.9181313514709473,1,False
2,5.098429203033447,0,False
0,1.5982428789138794,2,False
3,1.7104631662368774,2,False
2,2.258934497833252,1,False
0,3.2937517166137695,0,False
1,0.9730386137962341,2,False
0,5.320798873901367,1,False
2,2.9171054363250732,1,False
3,1.6198747158050537,0,False
1,0.9703158140182495,0,False
0,2.2635834217071533,0,False
1,2.114932060241699,0,False
2,5.482821464538574,0,False
3,1.9037106037139893,1,False
2,6.953186988830566,0,False
1,5.571516513824463,2,False
0,2.597142457962036,0,False
3,1.9301202297210693,0,False
3,3.0903148651123047,2,False
0,0.8509098887443542,2,False
1,4.248269081115723,2,False
2,4.256768226623535,1,False
1,1.803810477256775,2,False
3,3.5979483127593994,2,False
2,1.653753399848938,2,False
0,3.617820978164673,1,False
1,2.087334394454956,2,False
0,1.7942354679107666,0,False
3,1.8684961795806885,2,False
2,5.424407958984375,0,False
3,1.2581539154052734,2,False
2,3.2581119537353516,1,False
1,4.165369987487793,2,False
0,1.2548191547393799,2,False
0,3.126920223236084,2,False
2,1.6510916948318481,2,False
1,2.363755226135254,2,False
3,2.5731167793273926,1,False
0,1.7449061870574951,2,False
1,4.49276065826416,0,False
2,2.555518388748169,1,False
3,1.4424450397491455,0,False
1,2.862945795059204,2,False
3,2.154367685317993,0,False
0,5.305112838745117,0,False
2,1.8813073635101318,0,False
1,3.026118040084839,1,False
3,1.870384693145752,2,False
2,2.1561055183410645,1,False
0,1.7883083820343018,1,False
3,2.5785088539123535,1,False
0,1.8115626573562622,0,False
1,3.949702024459839,1,False
2,2.202084541320801,0,False
3,2.1668410301208496,1,False
0,2.585338592529297,2,False
1,2.1700403690338135,0,False
2,8.282878875732422,1,False
1,1.750131607055664,0,False
0,4.6540608406066895,1,False
2,1.6707382202148438,2,False
3,2.4038593769073486,1,False
2,1.9189409017562866,2,False
0,2.6948554515838623,1,False
3,2.13036847114563,2,False
1,1.9395219087600708,0,False
0,3.3886618614196777,1,False
1,2.9667792320251465,0,False
3,1.3084903955459595,0,False
2,1.9939435720443726,0,False
0,3.469449043273926,1,False
1,1.2460811138153076,2,False
2,1.8334662914276123,2,False
3,2.074398994445801,2,False
1,2.78641939163208,1,False
3,2.6878628730773926,0,False
2,2.0256423950195312,0,False
0,2.1946098804473877,2,False
3,2.2547197341918945,2,False
1,4.455988883972168,0,False
2,1.8097282648086548,0,False
0,2.483461618423462,1,False
3,3.767561674118042,1,False
0,1.9745371341705322,2,False
1,2.276336669921875,1,False
2,3.190945625305176,2,False
0,1.740712285041809,2,False
1,2.255587339401245,1,False
2,3.8463215827941895,1,False
3,2.3928494453430176,0,False
1,1.9747563600540161,1,False
2,1.7850481271743774,0,False
0,4.25642728805542,0,False
3,1.75046968460083,0,False
3,2.282095193862915,1,False
1,2.377310276031494,1,False
0,2.1092185974121094,2,False
2,2.2340259552001953,0,False
2,2.7209692001342773,1,False
3,2.2523908615112305,2,False
1,4.445955753326416,0,False
0,1.8078655004501343,2,False
0,2.129443645477295,0,False
1,3.042240858078003,1,False
2,3.176948308944702,1,False
3,2.315037727355957,1,False
2,2.04268479347229,2,False
3,1.8960394859313965,2,False
0,1.809462070465088,2,False
1,2.333341598510742,0,False
0,1.7354280948638916,1,False
2,2.305819511413574,1,False
3,1.7748899459838867,2,False
1,3.688129425048828,1,False
1,1.9972162246704102,0,False
0,1.76210355758667,2,False
2,1.4843116998672485,0,False
3,1.9640042781829834,0,False
3,2.1452856063842773,1,False
0,3.7919321060180664,1,False
1,3.183384418487549,1,False
2,2.8797335624694824,2,False
2,2.120521068572998,1,False
3,2.333268642425537,2,False
1,2.9926140308380127,2,False
0,2.9517312049865723,1,False
1,2.0267529487609863,2,False
0,1.8277356624603271,0,False
2,1.477969765663147,2,False
3,3.2934327125549316,0,False
0,2.830317497253418,2,False
2,1.9255857467651367,0,False
1,2.4298596382141113,0,False
3,1.7925809621810913,0,False
2,2.418369770050049,2,False
3,1.457986831665039,0,False
0,2.711561441421509,0,False
1,2.054377317428589,0,False
2,2.767652988433838,2,False
1,1.5960454940795898,2,False
3,2.14766526222229,2,False
0,1.5913164615631104,2,False
0,2.5812270641326904,2,False
1,1.5891218185424805,2,False
3,1.2229548692703247,2,False
2,1.2315611839294434,0,False
1,2.77620792388916,1,False
3,2.3333704471588135,0,False
0,2.053067684173584,0,False
2,3.6802330017089844,0,False
2,1.726813793182373,2,False
0,1.6215276718139648,2,False
3,1.6304330825805664,2,False
1,1.8161193132400513,0,False
0,2.7979884147644043,2,False
3,2.281964063644409,0,False
2,2.1962523460388184,0,False
1,2.1519179344177246,2,False
0,2.300905466079712,1,False
3,5.787503719329834,1,False
1,2.63216495513916,0,False
2,1.8140076398849487,0,False
0,1.5614120960235596,0,False
2,2.1413333415985107,0,False
1,2.1875112056732178,2,False
3,2.766348361968994,2,False
3,1.7967222929000854,1,False
1,2.188631534576416,0,False
2,2.998976707458496,1,False
0,2.186429977416992,2,False
3,2.072676658630371,1,False
0,1.8068745136260986,1,False
1,6.765501976013184,1,False
2,3.664606809616089,1,False
3,2.248417615890503,1,False
1,3.149732828140259,2,False
2,2.1569583415985107,0,False
0,1.5448442697525024,0,False
2,5.884337902069092,0,False
0,2.5292863845825195,2,False
1,5.279891014099121,0,False
3,2.2841553688049316,0,False
0,2.0997376441955566,1,False
2,2.6305694580078125,1,False
1,6.311417102813721,1,False
3,5.3867878913879395,0,False
0,4.402581214904785,0,False
2,5.9668450355529785,2,False
3,2.9997148513793945,0,False
1,1.9059975147247314,0,False
1,1.17746901512146,2,False
0,1.8934879302978516,2,False
3,1.5546557903289795,2,False
2,4.436482906341553,1,False
1,2.63484787940979,1,False
0,1.8898587226867676,1,False
2,2.72542142868042,1,False
3,1.6722068786621094,0,False
3,2.5236167907714844,2,False
1,4.788906574249268,1,False
0,0.9145333766937256,2,False
2,3.756577730178833,1,False
3,4.184734344482422,1,False
1,1.2849600315093994,2,False
0,2.34494948387146,2,False
2,1.69230318069458,0,False
3,1.1140468120574951,2,False
1,2.0059421062469482,2,False
0,6.659759521484375,1,False
2,1.8298105001449585,0,False
2,3.538087844848633,2,False
0,5.5187273025512695,1,False
3,3.098423480987549,1,False
1,2.373448371887207,0,False
2,6.559942245483398,0,False
1,1.3664007186889648,0,False
0,8.32481861114502,1,False
3,3.0920724868774414,2,False
0,4.078094959259033,1,False
1,2.8093204498291016,1,False
3,2.6596221923828125,0,False
2,4.019468784332275,1,False
0,3.3226075172424316,0,False
3,3.7790212631225586,0,False
2,1.4563097953796387,2,False
1,1.194257140159607,2,False
1,2.9162769317626953,1,False
3,1.8230708837509155,2,False
2,1.8575470447540283,0,False
0,4.565881729125977,1,False
1,2.3782005310058594,2,False
3,1.566603183746338,2,False
0,2.779418468475342,1,False
2,2.293092727661133,2,False
1,2.2997732162475586,2,False
3,3.599400520324707,1,False
0,2.0933520793914795,2,False
2,2.788668632507324,1,False
2,1.8352861404418945,0,False
0,2.5760459899902344,1,False
3,2.2828922271728516,0,False
1,2.9618430137634277,1,False
2,2.0029866695404053,1,False
3,1.9486885070800781,2,False
0,3.0560073852539062,1,False
1,5.457676887512207,0,False
1,2.109025478363037,1,False
3,1.885008692741394,0,False
0,1.232405662536621,2,False
2,1.614351749420166,0,False
1,1.7591474056243896,2,False
3,1.8723347187042236,0,False
2,1.2515290975570679,2,False
0,3.032528877258301,2,False
1,3.0419936180114746,2,False
0,5.49016809463501,1,False
2,4.649969100952148,0,False
3,2.4373559951782227,0,False
2,3.258922815322876,1,False
1,3.2256808280944824,0,False
3,3.9623475074768066,1,False
0,1.2755060195922852,2,False
0,2.7142419815063477,0,False
2,1.3331618309020996,2,False
1,1.658198356628418,1,False
3,3.9611167907714844,1,False
1,1.8380054235458374,0,False
3,2.892604351043701,1,False
0,5.026800155639648,2,False
2,3.694780111312866,1,False
1,2.6201300621032715,1,False
3,2.269637107849121,1,False
2,2.729747772216797,1,False
0,1.6105129718780518,2,False
0,3.43990421295166,1,False
1,3.6872591972351074,1,False
3,1.0318405628204346,0,False
2,2.511772394180298,1,False
0,1.0533815622329712,0,False
1,2.426501750946045,2,False
3,1.8834114074707031,2,False
2,0.75630784034729,0,False
3,1.3416810035705566,2,False
2,1.26564359664917,0,False
0,4.8860039710998535,0,False
1,1.2781927585601807,0,False
2,2.985405683517456,2,False
0,3.462414264678955,1,False
3,1.8430103063583374,2,False
1,1.7473745346069336,2,False
1,1.7776572704315186,2,False
2,1.8195322751998901,0,False
0,2.1320924758911133,2,False
3,2.0399670600891113,0,False
1,1.1568324565887451,2,False
0,2.507925510406494,1,False
2,1.7630376815795898,2,False
3,1.2457959651947021,0,False
1,1.753786563873291,0,False
3,2.4696030616760254,0,False
2,1.0180974006652832,0,False
0,1.13637375831604,0,False
0,1.369844675064087,0,False
1,3.160269260406494,0,False
2,6.187522888183594,1,False
3,1.6853140592575073,0,False
0,2.3611936569213867,2,False
1,1.6117351055145264,0,False
3,2.0913584232330322,1,False
2,2.1214442253112793,1,False
0,1.4809436798095703,1,False
2,1.5423040390014648,0,False
1,2.2059731483459473,1,False
3,3.5707104206085205,0,False
0,4.815434455871582,1,False
2,3.2604165077209473,0,False
3,2.4958677291870117,0,False
1,2.0887341499328613,2,False
0,1.6616322994232178,0,False
1,1.272096872329712,0,False
2,2.8621339797973633,1,False
3,4.047653675079346,0,False
0,2.8018646240234375,1,False
1,2.5287890434265137,2,False
2,1.6282316446304321,2,False
3,1.9688013792037964,1,False
3,0.9258087873458862,0,False
1,2.314513683319092,1,False
0,2.5867552757263184,1,False
2,4.044724464416504,1,False
3,2.242100715637207,1,False
2,1.5359084606170654,1,False
1,1.3008402585983276,2,False
0,2.6460723876953125,1,False
0,2.7121639251708984,2,False
3,2.9109420776367188,0,False
2,4.763689994812012,1,False
1,1.9183549880981445,1,False
0,1.4589338302612305,1,False
2,1.833766222000122,1,False
1,2.083420753479004,2,False
3,1.035024881362915,0,False
1,2.3369877338409424,1,False
0,1.9487061500549316,1,False
2,2.187983512878418,1,False
3,3.5767714977264404,1,False
2,2.1196279525756836,2,False
1,2.338228702545166,0,False
0,3.065343141555786,0,False
3,2.2432892322540283,0,False
1,1.588347315788269,1,False
3,1.6924388408660889,0,False
2,1.442263126373291,0,False
0,1.939889907836914,1,False
1,1.2387970685958862,0,False
0,1.4656121730804443,0,False
2,6.599590301513672,1,False
3,1.3834593296051025,2,False
2,3.5143957138061523,1,False
3,1.577883243560791,2,False
0,1.3861668109893799,0,False
1,1.5845036506652832,2,False
0,0.3767772912979126,0,False
2,2.3406982421875,1,False
1,5.677022457122803,1,False
3,1.9823708534240723,0,False
3,1.6751642227172852,2,False
2,4.638713836669922,1,False
1,2.6454670429229736,1,False
0,5.616220474243164,1,False
0,1.4250019788742065,2,False
1,4.384914398193359,2,False
2,1.4286991357803345,0,False
3,1.7880687713623047,2,False
2,1.6377553939819336,1,False
3,2.866260051727295,1,False
0,2.2912840843200684,2,False
1,2.126559257507324,2,False
1,2.6399967670440674,2,False
3,2.0136096477508545,2,False
0,1.2466418743133545,0,False
2,1.4897527694702148,0,False
0,2.222076892852783,2,False
2,2.110447645187378,2,False
1,4.7738165855407715,2,False
3,3.752610683441162,1,False
0,2.508411407470703,0,False
3,1.7262996435165405,0,False
2,1.885326862335205,0,False
1,1.3856738805770874,2,False
0,2.333468198776245,2,False
2,5.284017562866211,1,False
1,3.2978339195251465,1,False
3,3.8618791103363037,1,False
0,1.4537423849105835,2,False
3,2.525886058807373,1,False
1,1.868397831916809,0,False
2,2.643045425415039,2,False
2,1.0818955898284912,2,False
1,2.296044111251831,2,False
0,1.8702834844589233,0,False
3,2.2931318283081055,2,False
3,2.346949338912964,2,False
1,7.909087181091309,1,False
2,3.257906198501587,0,False
0,1.7041782140731812,1,False
2,3.4969165325164795,2,False
1,2.174609661102295,2,False
0,0.955466628074646,0,False
3,2.4961001873016357,2,False
0,1.260129690170288,0,False
3,3.862654685974121,1,False
2,1.2373427152633667,2,False
1,1.892899513244629,1,False
2,2.0433595180511475,0,False
3,1.941685438156128,1,False
0,1.4329453706741333,1,False
1,1.5018532276153564,1,False
3,5.016047477722168,2,False
1,1.8345905542373657,2,False
2,1.6605794429779053,1,False
0,1.8780596256256104,1,False
0,1.3115167617797852,2,False
1,1.5982201099395752,2,False
2,4.482534408569336,2,False
3,1.6119846105575562,0,False
2,1.3557807207107544,0,False
1,1.1149933338165283,0,False
0,2.501992702484131,2,False
3,1.3853957653045654,2,False
0,1.1312596797943115,0,False
1,1.6470444202423096,0,False
3,0.9093620777130127,2,False
2,2.026646614074707,1,False
2,2.6128456592559814,0,False
0,3.1137330532073975,1,False
3,4.865281105041504,2,False
1,1.667556881904602,0,False
3,3.3674256801605225,1,False
1,2.2507619857788086,0,False
2,3.7493155002593994,1,False
0,4.361297607421875,2,False
1,1.160635232925415,0,False
3,3.476593494415283,1,False
2,1.9844695329666138,2,False
0,1.6576595306396484,1,False
2,2.1345419883728027,2,False
1,1.5439321994781494,1,False
0,2.4260094165802,0,False
3,2.72086238861084,1,False
3,4.26677131652832,1,False
0,2.8219094276428223,1,False
2,1.7955669164657593,1,False
1,0.7566488981246948,2,False
1,3.2687008380889893,1,False
0,3.279873847961426,0,False
3,3.912285327911377,1,False
2,1.513734221458435,0,False
3,2.678412437438965,2,False
0,1.948164939880371,2,False
2,1.6220707893371582,0,False
1,1.6125502586364746,2,False
1,3.491140127182007,1,False
3,1.1383123397827148,2,False
2,1.6628730297088623,2,False
0,1.5670604705810547,0,False
2,1.9690624475479126,1,False
1,1.8036048412322998,0,False
0,1.3716126680374146,2,False
3,1.6617261171340942,0,False
2,2.0871009826660156,2,False
3,2.2608771324157715,0,False
1,2.813525676727295,1,False
0,1.573976993560791,0,False
2,3.5898056030273438,2,False
0,2.2776834964752197,1,False
1,1.5200427770614624,0,False
3,2.3739120960235596,2,False
1,2.025660514831543,0,False
3,2.4275407791137695,2,False
2,1.0820318460464478,2,False
0,2.7162818908691406,0,False
0,2.976593255996704,1,False
3,2.1312177181243896,2,False
2,2.526179790496826,2,False
1,2.3545637130737305,1,False
0,0.9147799015045166,2,False
3,2.541358709335327,0,False
1,2.4502079486846924,2,False
2,2.1343960762023926,1,False
2,2.596911668777466,2,False
1,0.8716710805892944,1,False
0,1.8470467329025269,0,False
3,2.677889823913574,1,False
1,2.973158359527588,1,False
0,2.778377056121826,2,False
3,2.381412982940674,2,False
2,1.382053017616272,1,False
0,1.2605383396148682,0,False
1,4.16607141494751,0,False
2,2.385464906692505,1,False
3,4.842498302459717,2,False
1,2.952810287475586,1,False
3,5.785682678222656,2,False
0,5.779812812805176,1,False
2,3.5852465629577637,1,False
2,1.7407293319702148,2,False
3,0.8228108882904053,0,False
1,1.664088487625122,1,False
0,2.0347087383270264,2,False
3,1.7539479732513428,2,False
2,2.3232007026672363,2,False
1,2.7841901779174805,0,False
0,3.3717637062072754,0,False
0,3.772970199584961,0,False
3,1.2945740222930908,0,False
1,5.029530048370361,1,False
2,2.554394245147705,0,False
3,1.7665146589279175,0,False
2,2.406557321548462,2,False
1,3.0102386474609375,0,False
0,2.710453987121582,2,False
3,2.199083089828491,2,False
2,1.619155764579773,0,False
0,2.4427945613861084,1,False
1,2.128046751022339,0,False
1,2.9990358352661133,1,False
0,2.066545248031616,2,False
2,1.0542504787445068,0,False
3,1.5594720840454102,2,False
1,1.0523000955581665,0,False
3,5.21143102645874,1,False
0,5.462774276733398,1,False
2,2.5821590423583984,1,False
0,1.3190624713897705,2,False
2,2.7242777347564697,1,False
3,2.406102418899536,1,False
1,5.482041835784912,1,False
3,2.4058046340942383,1,False
2,5.416659355163574,2,False
0,3.2748336791992188,1,False
1,2.9366869926452637,0,False
1,1.8555818796157837,0,False
3,2.3247451782226562,0,False
0,1.3749499320983887,2,False
2,2.3482911586761475,1,False
2,2.6828978061676025,0,False
1,6.434678077697754,1,False
0,2.7358388900756836,0,False
3,2.280585289001465,2,False
1,2.02502703666687,2,False
2,2.5196471214294434,1,False
3,1.849165678024292,2,False
0,1.5406484603881836,1,False
0,2.4115493297576904,1,False
3,1.2496387958526611,2,False
1,1.3573461771011353,2,False
2,3.0338191986083984,0,False
0,4.758217811584473,1,False
2,2.0300393104553223,0,False
3,1.1298936605453491,0,False
1,1.1485800743103027,0,False
2,4.976723670959473,1,False
3,2.653794288635254,1,False
0,3.457674741744995,2,False
1,2.1768360137939453,2,False
1,1.601114273071289,2,False
3,3.002628803253174,2,False
2,1.5870492458343506,0,False
0,1.7856611013412476,2,False
1,1.4204801321029663,0,False
3,1.1795806884765625,0,False
0,4.538238525390625,1,False
2,1.8623228073120117,0,False
1,1.9672638177871704,2,False
2,0.8055033683776855,0,False
3,3.1836419105529785,0,False
0,3.059506416320801,1,False
0,1.5683341026306152,2,False
1,2.4900267124176025,0,False
3,1.8760974407196045,1,False
2,5.265138149261475,1,False
0,5.298295021057129,1,False
3,1.1954598426818848,2,False
2,5.247686386108398,2,False
1,4.8386406898498535,2,False
2,2.304248094558716,0,False
0,0.9522545337677002,0,False
3,4.005180358886719,2,False
1,2.9714431762695312,1,False
2,0.9341490268707275,2,False
1,1.7115873098373413,2,False
0,2.298820734024048,1,False
3,3.5326285362243652,0,False
1,2.1511919498443604,1,False
3,2.332308292388916,1,False
2,2.072321653366089,0,False
0,2.431879997253418,1,False
3,1.609054684638977,0,False
1,3.6554722785949707,1,False
0,1.4697785377502441,1,False
2,1.8795866966247559,2,False
3,2.561566114425659,0,False
2,1.1274915933609009,0,False
1,3.5014448165893555,1,False
0,2.5609421730041504,0,False
0,1.3943099975585938,2,False
2,1.4550073146820068,0,False
3,0.9466652274131775,0,False
1,2.192521095275879,2,False
1,0.8287596702575684,0,False
0,2.7780518531799316,1,False
2,2.8919379711151123,2,False
3,1.0170376300811768,0,False
0,3.001909017562866,0,False
3,1.9900641441345215,0,False
1,1.8140789270401,0,False
2,2.4555740356445312,0,False
0,1.7127890586853027,0,False
2,1.1260191202163696,0,False
3,1.6851279735565186,0,False
1,2.5289306640625,2,False
1,2.093928813934326,0,False
2,4.892697334289551,2,False
3,2.0963351726531982,2,False
0,3.4936954975128174,0,False
1,1.963250756263733,2,False
2,1.3361316919326782,0,False
0,3.718163013458252,1,False
3,4.858095645904541,1,False
1,0.7939390540122986,0,False
0,1.539338231086731,0,False
3,1.663892149925232,2,False
2,1.7260935306549072,0,False
3,2.0764615535736084,2,False
0,5.718599796295166,2,False
2,2.450806140899658,2,False
1,2.221126079559326,2,False
0,1.7991868257522583,1,False
3,5.463279724121094,1,False
1,5.564521312713623,1,False
2,1.5979225635528564,2,False
1,1.6033341884613037,0,False
3,5.737127304077148,1,False
0,3.6659128665924072,0,False
2,1.3968873023986816,2,False
1,2.4122655391693115,1,False
2,3.1191930770874023,1,False
0,2.412018060684204,2,False
3,2.327526092529297,0,False
0,2.647268295288086,2,False
1,3.130708694458008,1,False
2,2.1984848976135254,2,False
3,1.4306590557098389,0,False
1,2.763953685760498,1,False
3,5.265549659729004,1,False
2,1.8353147506713867,2,False
0,1.7251578569412231,0,False
0,5.582998275756836,1,False
2,1.983703851699829,1,False
1,1.2798057794570923,1,False
3,1.6171562671661377,2,False
1,1.7523781061172485,1,False
3,1.7806190252304077,0,False
2,0.8693766593933105,2,False
0,3.5781731605529785,0,False
1,3.3608269691467285,1,False
0,1.5489928722381592,0,False
2,1.9426239728927612,0,False
3,1.8326823711395264,0,False
2,3.504554271697998,1,False
1,0.929459273815155,2,False
3,1.75650954246521,2,False
0,1.906785249710083,1,False
3,2.34189772605896,2,False
1,1.994189977645874,1,False
2,2.7151074409484863,1,False
0,2.349072217941284,2,False
1,1.7173099517822266,1,False
2,2.085848569869995,2,False
3,2.2426419258117676,2,False
0,2.345395565032959,1,False
0,3.54252290725708,1,False
3,2.7406625747680664,0,False
1,2.6744728088378906,1,False
2,1.811519980430603,2,False
1,3.112363815307617,1,False
3,2.3723206520080566,0,False
2,2.6225156784057617,1,False
0,3.060608386993408,1,False
3,1.2275643348693848,2,False
1,1.6119990348815918,0,False
0,2.068115472793579,2,False
2,2.682907819747925,1,False
0,1.8880021572113037,2,False
2,6.086483955383301,1,False
3,2.148252487182617,2,False
1,1.8413317203521729,2,False
2,1.6380033493041992,2,False
1,2.4329888820648193,0,False
0,1.844809889793396,0,False
3,4.726926803588867,1,False
2,1.8040428161621094,2,False
1,2.3974263668060303,0,False
3,2.295517921447754,2,False
0,1.9270015954971313,2,False
1,1.5040483474731445,2,False
0,5.305421829223633,0,False
3,1.9960074424743652,2,False
2,2.880547523498535,1,False
0,1.5026116371154785,0,False
3,2.230409622192383,1,False
2,1.7403751611709595,0,False
1,2.0339577198028564,2,False
0,2.626721143722534,1,False
3,2.437297821044922,1,False
1,3.2948808670043945,1,False
2,2.436528205871582,2,False
1,5.079658508300781,2,False
3,2.0013809204101562,1,False
2,2.911317825317383,0,False
0,1.9458611011505127,1,False
0,1.531671404838562,0,False
3,2.655148983001709,1,False
2,2.7035627365112305,0,False
1,2.0269999504089355,0,False
1,2.5133612155914307,0,False
3,1.9421989917755127,0,False
0,3.3940601348876953,2,False
2,1.9293853044509888,2,False
2,1.8919939994812012,0,False
1,2.2461564540863037,0,False
0,2.193286418914795,1,False
3,1.9310370683670044,2,False
3,3.519754409790039,1,False
1,2.0984506607055664,0,False
2,2.715996503829956,1,False
0,4.71071720123291,1,False
3,0.9128146171569824,0,False
2,2.9956130981445312,1,False
0,3.020707607269287,1,False
1,2.8039021492004395,0,False
1,3.0577661991119385,2,False
0,2.257915735244751,1,False
2,3.0265965461730957,2,False
3,2.232419729232788,0,False
3,3.1480603218078613,1,False
1,2.484250545501709,1,False
0,2.0262417793273926,1,False
2,2.2841577529907227,2,False
0,1.3277246952056885,2,False
1,4.936272621154785,0,False
3,2.431464195251465,2,False
2,2.33370304107666,2,False
1,1.3816806077957153,1,False
2,2.838261127471924,1,False
0,2.4546940326690674,0,False
3,3.7796616554260254,1,False
3,1.8750842809677124,0,False
2,1.104293942451477,0,False
1,2.9540891647338867,2,False
0,2.0021309852600098,1,False
3,0.9417434334754944,0,False
0,4.437185287475586,2,False
2,2.1085495948791504,2,False
1,2.159663677215576,0,False
2,2.079284906387329,2,False
0,2.785250186920166,2,False
3,2.8564116954803467,1,False
1,2.656933546066284,1,False
2,2.0342326164245605,2,False
3,1.6422569751739502,1,False
0,3.735966920852661,1,False
1,2.120272159576416,1,False
0,1.958390712738037,2,False
3,1.8890118598937988,0,False
1,2.0584754943847656,2,False
2,2.48586368560791,2,False
1,2.219487428665161,0,False
3,2.4371273517608643,2,False
0,2.9614248275756836,1,False
2,2.2130520343780518,0,False
0,3.375570297241211,1,False
2,2.293320655822754,2,False
1,2.3380653858184814,0,False
3,3.972303867340088,1,False
2,2.806809663772583,1,False
0,2.7126688957214355,0,False
3,1.74879789352417,1,False
1,2.636096477508545,1,False
2,3.9031248092651367,2,False
0,1.8230063915252686,2,False
1,1.8224104642868042,0,False
3,2.754290819168091,1,False
1,1.600983738899231,1,False
2,1.9110453128814697,0,False
3,1.5816428661346436,2,False
0,2.5947933197021484,1,False
2,1.3960593938827515,0,False
1,1.4570138454437256,2,False
3,1.3914837837219238,2,False
0,2.0050413608551025,0,False
3,1.6007027626037598,0,False
1,1.9343152046203613,0,False
2,1.6201903820037842,0,False
0,1.9699153900146484,1,False
3,1.7728872299194336,2,False
2,2.7984859943389893,0,False
1,2.147834539413452,0,False
0,2.1950318813323975,0,False
1,2.3671603202819824,0,False
2,4.184504508972168,1,False
0,4.893370628356934,0,False
3,2.6358492374420166,0,False
3,3.431096076965332,0,False
2,1.981143593788147,1,False
0,2.348773956298828,0,False
1,2.0041608810424805,0,False
1,1.7653578519821167,2,False
0,1.3959883451461792,0,False
3,2.4984006881713867,1,False
2,4.128713607788086,2,False
0,1.776331901550293,0,False
3,1.3558714389801025,2,False
1,9.207741737365723,1,False
2,1.2400472164154053,2,False
0,3.3199503421783447,1,False
3,2.2714169025421143,1,False
1,4.643286228179932,1,False
2,1.3614437580108643,2,False
2,1.7460920810699463,1,False
3,0.8118308186531067,2,False
1,2.4576170444488525,1,False
0,3.852045774459839,1,False
2,3.1413447856903076,1,False
0,3.2993900775909424,1,False
1,2.9739508628845215,0,False
3,2.3624000549316406,2,False
3,5.247387886047363,2,False
2,3.362549066543579,0,False
0,1.7115956544876099,0,False
1,2.310619592666626,0,False
1,1.2157224416732788,0,False
0,1.4032716751098633,2,False
2,2.6035995483398438,0,False
3,2.3963024616241455,2,False
3,2.8932156562805176,0,False
1,3.3047447204589844,2,False
0,2.4375052452087402,0,False
2,2.770613670349121,1,False
3,3.441481351852417,1,False
1,4.937734127044678,1,False
0,2.2240219116210938,2,False
2,0.6080021858215332,2,False
2,2.4197463989257812,1,False
1,2.0647830963134766,2,False
3,1.8502445220947266,1,False
0,1.452928066253662,0,False
1,1.6563607454299927,0,False
0,1.7888866662979126,0,False
2,0.9900285601615906,0,False
3,1.0563015937805176,2,False
0,1.3774816989898682,2,False
3,2.045778512954712,0,False
2,1.72639799118042,1,False
1,1.4782493114471436,2,False
0,1.1510584354400635,2,False
2,1.5921006202697754,2,False
1,1.4347481727600098,2,False
3,2.770890235900879,1,False
1,2.358642101287842,2,False
2,2.088463306427002,0,False
3,0.6660097241401672,2,False
0,2.6344716548919678,1,False
3,1.5165517330169678,2,False
1,2.3716471195220947,2,False
0,2.4473655223846436,1,False
2,3.1777310371398926,2,False
3,2.9925825595855713,0,False
1,1.6976125240325928,1,False
2,5.590494155883789,2,False
0,2.1905221939086914,0,False
1,1.2167543172836304,2,False
2,0.8548290729522705,2,False
0,1.8784440755844116,0,False
3,2.2942371368408203,1,False
3,2.914172410964966,0,False
2,2.389406442642212,1,False
0,2.3336830139160156,0,False
1,2.0570449829101562,1,False
3,2.529479742050171,2,False
0,1.596940279006958,0,False
2,3.0328357219696045,1,False
1,2.269896984100342,1,False
2,1.5866351127624512,0,False
3,1.765961766242981,0,False
0,3.408876895904541,2,False
1,6.100387096405029,0,False
0,3.1566712856292725,0,False
3,3.264007329940796,0,False
1,2.1427206993103027,1,False
2,1.7762566804885864,0,False
3,5.4674072265625,2,False
1,2.518519878387451,2,False
2,1.7318408489227295,0,False
0,2.783643960952759,0,False
0,1.8054293394088745,0,False
2,1.8758877515792847,0,False
3,5.050361156463623,1,False
1,2.244002342224121,0,False
2,2.197234630584717,0,False
3,2.4157161712646484,0,False
0,2.5079193115234375,0,False
1,5.0435380935668945,1,False
2,1.786470651626587,1,False
3,2.172757148742676,2,False
0,2.8562941551208496,0,False
1,1.6069092750549316,0,False
1,1.2410054206848145,2,False
0,1.7769743204116821,0,False
2,2.7664647102355957,0,False
3,2.472783088684082,1,False
1,1.4801650047302246,2,False
3,1.705830454826355,1,False
0,3.392312526702881,2,False
2,2.992004871368408,1,False
1,0.8695252537727356,0,False
3,3.6557650566101074,1,False
2,5.157581329345703,1,False
0,1.7059228420257568,2,False
0,1.9838967323303223,1,False
1,1.9359979629516602,2,False
2,2.403857946395874,1,False
3,3.2282137870788574,0,False
3,1.4748661518096924,2,False
2,1.2391822338104248,2,False
0,4.003851890563965,1,False
1,3.6025495529174805,2,False
0,2.919186592102051,0,False
2,1.7328996658325195,0,False
1,5.61528205871582,1,False
3,2.967031955718994,1,False
2,2.183884620666504,1,False
1,2.1871957778930664,1,False
3,2.2324414253234863,0,False
0,1.7987991571426392,2,False
3,2.4225592613220215,0,False
1,1.470687985420227,2,False
2,0.9988242387771606,2,False
0,1.740520715713501,1,False
0,1.8907650709152222,0,False
1,0.8241528868675232,2,False
3,2.9756484031677246,1,False
2,2.724879741668701,1,False
2,3.1134603023529053,1,False
0,3.7830610275268555,0,False
1,5.333097457885742,1,False
3,2.0593061447143555,0,False
3,1.8110510110855103,2,False
2,2.035421371459961,2,False
0,1.5071721076965332,2,False
1,2.3414177894592285,2,False
0,2.1045539379119873,0,False
2,3.0847740173339844,1,False
1,1.8659106492996216,0,False
3,2.9355685710906982,1,False
0,1.8798259496688843,0,False
1,2.010235548019409,1,False
3,1.3916196823120117,0,False
2,1.442527174949646,0,False
3,1.815529704093933,0,False
2,2.9107918739318848,1,False
1,1.8672322034835815,1,False
0,1.2986658811569214,1,False
3,1.1801784038543701,2,False
0,2.3569977283477783,2,False
1,3.0026514530181885,2,False
2,1.68732750415802,2,False
2,2.431507110595703,1,False
1,1.4709967374801636,2,False
3,2.1852097511291504,0,False
0,2.5258631706237793,1,False
2,3.3644518852233887,2,False
0,2.3369688987731934,2,False
1,2.8672056198120117,2,False
3,1.9843627214431763,1,False
3,1.8177099227905273,2,False
0,1.6435072422027588,1,False
2,2.541172981262207,1,False
1,2.7611124515533447,1,False
1,2.4653382301330566,1,False
2,2.4126429557800293,2,False
0,3.1416916847229004,1,False
3,2.3878540992736816,0,False
3,1.114509105682373,0,False
1,3.2699174880981445,1,False
2,1.308524489402771,2,False
0,2.0732152462005615,0,False
0,1.470008373260498,2,False
1,2.5964877605438232,0,False
3,1.8206818103790283,0,False
2,1.7017964124679565,0,False
1,3.568253517150879,0,False
0,2.2367630004882812,1,False
2,0.8650321364402771,2,False
3,0.6990606784820557,0,False
0,1.8529192209243774,2,False
2,1.3154640197753906,2,False
1,2.532733201980591,0,False
3,5.096376419067383,2,False
2,1.7084481716156006,2,False
3,2.4592180252075195,2,False
0,1.7163348197937012,1,False
1,1.777475118637085,1,False
2,2.283994674682617,2,False
1,1.825282096862793,2,False
3,5.392742156982422,1,False
0,1.699184536933899,1,False
0,1.2204806804656982,2,False
3,2.480680227279663,1,False
1,5.407045841217041,2,False
2,1.3801214694976807,1,False
1,1.901902675628662,2,False
3,3.536250352859497,2,False
0,1.5131604671478271,2,False
2,3.6516494750976562,1,False
0,2.0291271209716797,0,False
2,0.9023380875587463,0,False
1,1.6240253448486328,2,False
3,1.765538215637207,0,False
0,2.2688324451446533,1,False
1,4.18086576461792,1,False
2,2.223647356033325,0,False
3,1.627039909362793,0,False
0,3.6167922019958496,1,False
2,6.234034538269043,1,False
3,2.4232401847839355,1,False
1,3.7268197536468506,1,False
1,1.676045298576355,1,False
2,1.8548493385314941,0,False
0,1.7660129070281982,2,False
3,1.5126299858093262,1,False
1,4.8913493156433105,2,False
2,1.499677062034607,2,False
3,1.8575198650360107,0,False
0,1.9242514371871948,2,False
3,2.770944356918335,0,False
1,2.641216278076172,2,False
2,3.0688297748565674,1,False
0,1.7751227617263794,2,False
3,3.050401210784912,2,False
0,1.744220495223999,2,False
1,2.835897207260132,1,False
2,1.780320167541504,0,False
0,2.711839199066162,1,False
1,2.0427963733673096,0,False
2,1.7946535348892212,1,False
3,2.619560480117798,0,False
0,2.7159347534179688,0,False
3,2.7093005180358887,1,False
2,4.32476806640625,1,False
1,1.0158101320266724,0,False
1,1.5268669128417969,2,False
3,3.934910774230957,2,False
2,1.710693359375,2,False
0,1.6836152076721191,2,False
1,1.3232733011245728,2,False
0,1.5486899614334106,0,False
2,1.5734825134277344,2,False
3,4.213790416717529,2,False
1,1.7450592517852783,0,False
3,2.8400285243988037,0,False
2,2.337818145751953,1,False
0,1.8382128477096558,0,False
1,1.4238439798355103,1,False
3,1.9158138036727905,2,False
0,0.8250798583030701,0,False
2,2.308568239212036,2,False
0,1.5929189920425415,2,False
2,1.798379898071289,2,False
1,1.806708574295044,2,False
3,1.6675963401794434,0,False
1,1.805894136428833,2,False
2,1.2939047813415527,2,False
0,2.1538825035095215,2,False
3,2.28892183303833,1,False
0,1.4026466608047485,0,False
3,0.8743187189102173,2,False
2,3.4075820446014404,1,False
1,1.875375509262085,0,False
1,1.7658650875091553,0,False
3,1.5616772174835205,0,False
0,1.8407536745071411,0,False
2,1.7812097072601318,0,False
3,1.9194376468658447,2,False
0,2.426621913909912,2,False
2,1.2340123653411865,2,False
1,4.0338592529296875,1,False
1,1.6243293285369873,1,False
3,2.0465941429138184,2,False
2,1.8365421295166016,0,False
0,1.9992462396621704,1,False
2,1.9600762128829956,2,False
1,1.9704452753067017,0,False
0,1.8071238994598389,0,False
3,1.756113886833191,1,False
0,1.6632155179977417,2,False
1,1.5280637741088867,2,False
2,3.8055295944213867,1,False
3,1.759765863418579,1,False
2,1.9612929821014404,1,False
3,2.4047324657440186,2,False
0,2.9540858268737793,1,False
1,1.690334439277649,1,False
1,1.8030064105987549,1,False
3,1.2727439403533936,0,False
2,2.6829159259796143,1,False
0,2.2584431171417236,1,False
0,3.0079431533813477,2,False
3,2.1991374492645264,2,False
2,0.9298021793365479,2,False
1,1.953852653503418,0,False
0,2.088780403137207,2,False
2,1.8289172649383545,1,False
1,2.163516044616699,1,False
3,2.022996425628662,0,False
1,3.0875096321105957,1,False
3,1.7238554954528809,0,False
0,3.03094744682312,1,False
2,3.0198240280151367,1,False
2,1.434217929840088,0,False
1,1.6428775787353516,0,False
3,2.0748772621154785,1,False
0,2.6539411544799805,0,False
3,1.578069806098938,2,False
2,1.4674856662750244,2,False
0,3.1908092498779297,1,False
1,2.424591541290283,2,False
1,2.277623176574707,1,False
0,2.575300693511963,2,False
2,1.9136384725570679,0,False
3,2.8502094745635986,1,False
2,2.703343152999878,1,False
1,2.0655128955841064,1,False
0,1.447331190109253,0,False
3,2.3722870349884033,0,False
1,3.253343343734741,2,False
3,2.0242691040039062,0,False
0,1.9195634126663208,0,False
2,3.0567681789398193,1,False
1,2.749732255935669,1,False
2,3.9477908611297607,0,False
3,2.439317464828491,2,False
0,3.627924680709839,2,False
2,2.1302294731140137,0,False
1,1.9522217512130737,2,False
3,1.8345580101013184,2,False
0,2.035163640975952,1,False
2,2.4440696239471436,2,False
0,1.4104478359222412,0,False
3,2.6017467975616455,1,False
1,1.5408941507339478,2,False
3,1.4557116031646729,0,False
2,2.0837931632995605,1,False
1,1.9547609090805054,1,False
0,2.0791752338409424,2,False
1,2.826462507247925,0,False
0,1.8408856391906738,0,False
3,1.8746986389160156,1,False
2,2.8004798889160156,1,False
2,2.744659423828125,2,False
0,2.5783586502075195,0,False
3,2.358029842376709,0,False
1,2.4283225536346436,0,False
1,2.00335693359375,0,False
2,5.712686538696289,2,False
0,1.1800953149795532,0,False
3,2.8780980110168457,1,False
1,1.3282185792922974,2,False
0,2.444040060043335,2,False
2,1.5184391736984253,1,False
3,1.4606847763061523,0,False
1,1.6665799617767334,2,False
3,2.7010586261749268,1,False
2,1.813375473022461,0,False
0,2.5242128372192383,1,False
3,1.0589790344238281,0,False
2,1.6855483055114746,1,False
0,1.92328941822052,0,False
1,2.0778043270111084,1,False
3,2.205632209777832,0,False
1,1.4092165231704712,2,False
0,1.7837836742401123,0,False
2,2.3843934535980225,1,False
2,1.0915056467056274,0,False
1,2.264585494995117,0,False
0,1.5479722023010254,2,False
3,2.0787768363952637,2,False
1,3.0324416160583496,2,False
3,3.359182834625244,2,False
2,3.021141767501831,1,False
0,1.0920114517211914,0,False
1,2.447969436645508,0,False
0,3.054905414581299,0,False
3,2.4643783569335938,0,False
2,1.515099287033081,1,False
1,2.210462808609009,0,False
3,2.6027817726135254,1,False
0,2.011857032775879,1,False
2,1.9854331016540527,0,False
2,2.131972312927246,0,False
0,1.802194595336914,2,False
3,2.40895938873291,2,False
1,2.760200023651123,1,False
3,0.964463472366333,0,False
0,1.5225567817687988,2,False
2,2.687007427215576,0,False
1,3.8668644428253174,2,False
0,1.5545636415481567,0,False
3,1.425947666168213,0,False
1,4.336869239807129,1,False
2,4.413763046264648,1,False
1,1.763609766960144,0,False
0,1.715442419052124,0,False
2,2.163926601409912,0,False
3,3.286996841430664,1,False
1,1.5446925163269043,1,False
2,1.801029086112976,1,False
3,0.5963822603225708,2,False
0,1.4957592487335205,2,False
1,1.507103443145752,0,False
0,1.792905330657959,0,False
3,2.0168256759643555,2,False
2,1.3189408779144287,2,False
0,1.9658548831939697,1,False
2,2.105648994445801,2,False
3,2.489750385284424,0,False
1,2.3551526069641113,0,False
0,1.5390093326568604,1,False
3,1.4263699054718018,2,False
2,2.377513885498047,2,False
1,3.1050353050231934,1,False
2,1.8331067562103271,0,False
3,1.9411773681640625,1,False
1,1.6910045146942139,2,False
0,1.9196021556854248,0,False
1,1.9686294794082642,0,False
0,1.474409580230713,0,False
2,1.970823884010315,0,False
3,2.089402198791504,1,False
1,2.01934552192688,0,False
3,2.191213369369507,0,False
2,1.3948322534561157,0,False
0,1.936164379119873,0,False
2,3.9611244201660156,1,False
0,0.8503010272979736,2,False
1,5.634794235229492,2,False
3,2.084750175476074,0,False
0,2.585909843444824,1,False
3,1.7105801105499268,0,False
2,3.71048641204834,1,False
1,3.6819424629211426,2,False
1,1.8519666194915771,2,False
2,1.899428129196167,2,False
3,2.9805331230163574,1,False
0,4.9558305740356445,2,False
0,2.0059733390808105,2,False
3,2.4687998294830322,1,False
1,6.802356719970703,1,False
2,4.667232513427734,1,False
2,1.4450793266296387,2,False
1,2.6829330921173096,2,False
3,2.297717571258545,0,False
0,4.702361106872559,1,False
3,1.8586362600326538,2,False
2,2.1796419620513916,1,False
1,1.6221331357955933,1,False
0,1.8019297122955322,2,False
0,1.0357098579406738,2,False
1,1.6000748872756958,1,False
2,2.2636468410491943,0,False
3,2.6090474128723145,1,False
0,1.088470458984375,2,False
2,2.71260666847229,1,False
1,2.1572232246398926,1,False
3,1.9334882497787476,2,False
2,2.985299587249756,2,False
3,2.9091622829437256,0,False
0,2.5286340713500977,0,False
1,2.612757921218872,1,False
3,1.4280900955200195,1,False
0,2.6610255241394043,0,False
1,0.9145939946174622,0,False
2,2.367414951324463,0,False
3,2.982041358947754,1,False
2,3.7357866764068604,2,False
0,1.8494877815246582,1,False
1,2.727890968322754,1,False
1,2.1395020484924316,2,False
2,1.3354874849319458,2,False
3,0.8864791989326477,0,False
0,6.90205717086792,1,False
1,2.6874403953552246,2,False
0,1.5445588827133179,2,False
3,3.190109968185425,1,False
2,1.2972129583358765,2,False
2,2.207857370376587,2,False
1,1.876010537147522,2,False
3,2.6105504035949707,2,False
0,1.613439679145813,2,False
3,1.7897957563400269,0,False
0,2.1035451889038086,1,False
2,1.553364872932434,0,False
1,4.565553188323975,2,False
2,2.9626810550689697,1,False
0,1.228652000427246,2,False
1,1.6714262962341309,0,False
3,1.5332648754119873,2,False
1,1.824397087097168,2,False
0,2.256629705429077,1,False
3,5.2614641189575195,1,False
2,4.9102091789245605,1,False
3,2.0986557006835938,2,False
2,2.4598090648651123,0,False
1,2.8546485900878906,1,False
0,2.4088313579559326,1,False
1,2.403974771499634,1,False
0,2.9047231674194336,1,False
2,5.313804626464844,0,False
3,1.687882423400879,0,False
2,1.5947980880737305,0,False
1,6.299932479858398,1,False
3,1.6331498622894287,2,False
0,3.07315993309021,1,False
2,1.308567762374878,0,False
0,2.6606945991516113,1,False
3,1.9083960056304932,0,False
1,1.904428243637085,2,False
0,1.165824055671692,2,False
3,2.367335796356201,1,False
2,1.0728710889816284,0,False
1,2.474524974822998,1,False
1,2.8495349884033203,1,False
2,2.617156505584717,2,False
0,2.437840461730957,2,False
3,1.2624000310897827,2,False
3,4.872501850128174,0,False
2,1.326927661895752,2,False
0,2.44663405418396,0,False
1,1.1649255752563477,2,False
0,2.9511027336120605,0,False
3,2.0480682849884033,0,False
1,2.6725242137908936,2,False
2,2.6536307334899902,1,False
2,1.821174144744873,0,False
0,2.7516212463378906,1,False
1,2.4172935485839844,1,False
3,1.0622234344482422,0,False
3,2.078507423400879,0,False
0,1.6585667133331299,2,False
1,1.815720558166504,0,False
2,1.475127935409546,2,False
1,1.2945034503936768,2,False
0,1.7427531480789185,0,False
3,4.411063194274902,1,False
2,1.1905044317245483,2,False
3,1.7136417627334595,1,False
2,1.7087645530700684,0,False
1,2.0174100399017334,2,False
0,3.6033401489257812,1,False
3,1.2585066556930542,2,False
1,1.2975263595581055,2,False
0,2.484550714492798,1,False
2,2.01594877243042,2,False
3,1.8938822746276855,0,False
1,1.9879437685012817,1,False
2,2.1532139778137207,2,False
0,2.9383578300476074,0,False
1,2.5826735496520996,1,False
0,0.7844344973564148,2,False
3,2.0318093299865723,0,False
2,1.832076072692871,1,False
2,2.988525390625,0,False
0,2.490135669708252,1,False
1,1.5828304290771484,2,False
3,4.912303924560547,0,False
2,5.898393154144287,0,False
0,2.358358383178711,0,False
3,3.0771021842956543,2,False
1,3.4351253509521484,0,False
2,1.9807114601135254,1,False
1,1.1267658472061157,2,False
0,1.5866258144378662,2,False
3,2.9849319458007812,1,False
2,2.8392562866210938,1,False
1,2.6434943675994873,1,False
0,1.9945355653762817,1,False
3,1.8800636529922485,2,False
3,2.5464489459991455,0,False
1,5.262590408325195,2,False
2,1.768568992614746,0,False
0,2.8782782554626465,2,False
1,2.4111084938049316,0,False
2,2.0776424407958984,1,False
0,5.590169906616211,1,False
3,3.3533506393432617,0,False
0,2.233116865158081,1,False
3,1.9839329719543457,1,False
2,1.9238353967666626,2,False
1,1.3925566673278809,2,False
1,1.3632533550262451,2,False
2,1.744852066040039,2,False
0,1.665867805480957,1,False
3,2.8400936126708984,0,False
2,0.719599723815918,2,False
3,2.1703736782073975,1,False
1,1.9773690700531006,0,False
0,1.8412742614746094,1,False
1,3.649158477783203,1,False
2,2.834367275238037,2,False
3,1.8158090114593506,1,False
0,2.501352310180664,1,False
1,1.935347318649292,0,False
2,3.973361015319824,1,False
3,2.909343957901001,2,False
0,1.4396188259124756,2,False
0,4.856700897216797,0,False
1,2.5677475929260254,0,False
3,1.5051082372665405,2,False
2,2.062852144241333,2,False
1,3.6857223510742188,1,False
3,1.4031181335449219,2,False
0,1.5705724954605103,2,False
2,5.467819690704346,1,False
2,3.639469623565674,1,False
3,1.352594256401062,0,False
0,1.7930454015731812,2,False
1,2.8253564834594727,1,False
0,1.1479617357254028,0,False
2,0.9249153137207031,2,False
1,1.864231824874878,1,False
3,1.3558533191680908,2,False
3,2.3445522785186768,0,False
1,1.690590739250183,0,False
2,3.284170389175415,1,False
0,1.3791037797927856,0,False
3,3.2733237743377686,0,False
2,1.0123012065887451,2,False
0,1.7100138664245605,0,False
1,4.082980632781982,1,False
0,3.8980228900909424,0,False
1,0.7464982867240906,2,False
2,2.1172244548797607,0,False
3,4.629214286804199,2,False
3,2.863668203353882,0,False
2,3.4081621170043945,0,False
0,1.716571569442749,1,False
1,2.68611478805542,0,False
3,4.805904388427734,0,False
0,1.2674705982208252,2,False
2,1.6880218982696533,0,False
1,3.5381317138671875,1,False
3,1.8117387294769287,2,False
2,1.630647897720337,0,False
0,4.824519634246826,1,False
1,3.5987555980682373,1,False
1,3.7107906341552734,1,False
3,1.5339443683624268,2,False
2,2.6296238899230957,1,False
0,2.597078800201416,0,False
3,3.569146156311035,1,False
1,6.272451877593994,1,False
0,0.7857972383499146,2,False
2,1.415521264076233,2,False
1,2.999427318572998,0,False
3,1.2435455322265625,0,False
2,1.3129512071609497,1,False
0,1.8794487714767456,2,False
0,1.3704476356506348,0,False
1,5.840249061584473,1,False
2,2.803325653076172,1,False
3,1.8858668804168701,2,False
3,2.1975274085998535,2,False
2,2.265735626220703,0,False
0,2.826395034790039,2,False
1,1.4378876686096191,0,False
0,4.020809173583984,2,False
1,1.9845771789550781,1,False
2,3.070941686630249,1,False
3,1.6800765991210938,1,False
0,3.699204683303833,0,False
3,1.6900660991668701,0,False
1,1.617982268333435,2,False
2,1.2504775524139404,2,False
1,1.1517233848571777,2,False
0,2.3463358879089355,1,False
3,2.58811616897583,1,False
2,2.966278553009033,1,False
3,5.0931220054626465,2,False
1,2.7172751426696777,0,False
0,3.5185370445251465,1,False
2,1.3558076620101929,0,False
2,2.225693702697754,1,False
1,4.737278938293457,2,False
3,1.4105520248413086,0,False
0,3.1031126976013184,1,False
0,0.8862773180007935,2,False
1,1.77235746383667,2,False
2,1.6246496438980103,2,False
3,2.0164406299591064,0,False
3,5.631160736083984,1,False
2,1.5347208976745605,0,False
0,2.074610710144043,0,False
1,2.216279983520508,1,False
1,2.68860125541687,1,False
0,1.593712568283081,1,False
2,2.603543758392334,0,False
3,1.8243434429168701,0,False
1,2.863105058670044,2,False
0,2.560305118560791,0,False
3,1.106224775314331,2,False
2,5.349621772766113,1,False
1,5.494086265563965,1,False
3,2.3619139194488525,2,False
0,1.2746386528015137,0,False
2,2.4669365882873535,1,False
1,1.451866865158081,0,False
2,1.9032258987426758,1,False
3,1.442936658859253,2,False
0,2.259749412536621,1,False
0,2.059687614440918,2,False
2,2.1821022033691406,0,False
1,2.2799251079559326,2,False
3,2.2799885272979736,2,False
3,5.6868791580200195,1,False
0,1.5757560729980469,2,False
2,2.40335750579834,1,False
1,1.8998618125915527,2,False
1,1.6128571033477783,0,False
0,2.384915351867676,2,False
2,1.9764121770858765,0,False
3,0.990951418876648,2,False
3,1.814486026763916,2,False
0,1.8504173755645752,0,False
1,2.0531184673309326,0,False
2,2.2939271926879883,0,False
1,2.352620840072632,0,False
0,1.9066716432571411,2,False
2,2.0848307609558105,2,False
3,1.268580436706543,0,False
3,2.5698330402374268,0,False
1,2.5592868328094482,0,False
2,1.3587720394134521,2,False
0,4.741415977478027,1,False
0,5.2121663093566895,1,False
2,2.5859060287475586,1,False
3,1.1595604419708252,2,False
1,2.2833614349365234,1,False
2,1.3748040199279785,2,False
3,1.2479066848754883,0,False
0,3.2487072944641113,2,False
1,2.027944803237915,1,False
3,2.1724250316619873,2,False
1,5.772211074829102,1,False
0,1.8852596282958984,1,False
2,1.2394241094589233,0,False
0,2.6969358921051025,1,False
3,1.6232713460922241,0,False
1,2.409198522567749,1,False
2,2.060270071029663,2,False
2,5.594183921813965,1,False
3,1.6852054595947266,0,False
1,1.793485403060913,1,False
0,2.1093697547912598,2,False
3,2.140094757080078,2,False
1,1.9368737936019897,2,False
2,3.0147337913513184,0,False
0,1.7641783952713013,2,False
1,1.579871654510498,2,False
0,1.9745436906814575,0,False
2,1.6814849376678467,0,False
3,2.0899271965026855,0,False
3,3.187736988067627,1,False
0,1.6399455070495605,0,False
2,2.079918384552002,0,False
1,2.061847686767578,0,False
1,3.1247570514678955,1,False
0,1.0834639072418213,2,False
2,1.9127047061920166,0,False
3,2.074091911315918,0,False
2,4.3689751625061035,1,False
1,2.154270887374878,0,False
0,2.539893388748169,0,False
3,1.570178747177124,0,False
3,3.2038209438323975,1,False
2,3.623675584793091,0,False
0,1.8775578737258911,2,False
1,2.150733232498169,2,False
1,1.9679934978485107,1,False
3,5.389055252075195,1,False
2,4.384523391723633,1,False
0,4.950117111206055,2,False
0,0.8639916181564331,2,False
1,2.069739818572998,1,False
3,1.5150760412216187,2,False
2,3.890676498413086,2,False
3,1.7503697872161865,0,False
2,1.5107653141021729,2,False
0,4.982665538787842,1,False
1,1.0162286758422852,0,False
3,1.9610340595245361,1,False
0,3.2966220378875732,1,False
2,1.603664755821228,0,False
1,5.149291038513184,1,False
0,3.1334524154663086,1,False
1,2.347024440765381,1,False
2,1.6994547843933105,1,False
3,1.5514696836471558,0,False
3,1.32735276222229,1,False
2,2.493574619293213,1,False
0,2.4988720417022705,0,False
1,1.5916225910186768,2,False
3,1.4370012283325195,2,False
1,2.0037460327148438,2,False
2,1.3961108922958374,2,False
0,2.7653706073760986,0,False
1,5.113250255584717,1,False
0,1.5416970252990723,0,False
3,1.675286054611206,2,False
2,1.2386164665222168,0,False
2,1.637605905532837,2,False
0,2.3484983444213867,1,False
1,5.503211975097656,1,False
3,4.822750091552734,1,False
1,2.200666666030884,2,False
0,0.9247320890426636,2,False
2,1.7954390048980713,2,False
3,4.481820106506348,0,False
0,4.239976406097412,1,False
2,1.773883581161499,0,False
3,1.4286235570907593,2,False
1,4.855517387390137,2,False
1,1.7350268363952637,0,False
3,1.4142512083053589,1,False
2,2.4984874725341797,1,False
0,1.7227864265441895,0,False
2,3.676814079284668,1,False
1,1.6901227235794067,0,False
3,5.878593444824219,1,False
0,1.2686140537261963,0,False
2,3.7537877559661865,1,False
3,1.987364411354065,1,False
1,1.5767269134521484,0,False
0,2.469881772994995,1,False
0,2.4786343574523926,0,False
2,1.7247869968414307,0,False
1,1.2035201787948608,0,False
3,2.120192050933838,1,False
0,1.8926420211791992,0,False
1,2.8428702354431152,1,False
2,3.6859424114227295,0,False
3,2.640662908554077,0,False
3,1.6038224697113037,2,False
2,2.3854522705078125,1,False
0,1.808821678161621,0,False
1,2.3940610885620117,0,False
2,1.8397369384765625,0,False
1,6.21299409866333,1,False
0,1.608708143234253,0,False
3,3.4094574451446533,0,False
2,4.425379753112793,0,False
0,1.3348217010498047,1,False
3,1.681915521621704,2,False
1,1.769538402557373,0,False
2,2.5980873107910156,2,False
3,3.9011752605438232,0,False
0,2.992523670196533,1,False
1,0.9382058382034302,2,False
1,1.455814003944397,2,False
0,3.7595009803771973,0,False
2,2.1416966915130615,0,False
3,1.8610132932662964,0,False
0,1.9143171310424805,0,False
1,2.602802038192749,0,False
3,5.5558671951293945,1,False
2,3.166445016860962,0,False
2,3.9226222038269043,1,False
1,2.7474889755249023,1,False
3,2.0778350830078125,2,False
0,2.5839951038360596,1,False
0,4.922657489776611,2,False
2,1.6004055738449097,1,False
3,1.623175024986267,1,False
1,3.713197946548462,1,False
2,1.684727430343628,0,False
1,1.1631487607955933,0,False
0,5.768678665161133,2,False
3,3.985041618347168,0,False
3,2.4051408767700195,1,False
2,2.2029757499694824,1,False
0,1.2714626789093018,2,False
1,0.7469125986099243,2,False
2,3.7331743240356445,0,False
0,5.99819278717041,1,False
1,1.9714460372924805,2,False
3,1.322630763053894,2,False
0,1.6211953163146973,1,False
3,3.8596456050872803,2,False
1,3.9596691131591797,2,False
2,0.6831886768341064,0,False
0,2.0009260177612305,0,False
1,1.389855146408081,0,False
2,1.8541065454483032,2,False
3,2.676248550415039,0,False
2,2.200601577758789,2,False
3,2.1736819744110107,2,False
1,2.438061237335205,2,False
0,2.0022265911102295,1,False
3,1.0145955085754395,2,False
0,1.7510693073272705,2,False
2,2.6296167373657227,0,False
1,4.85007381439209,2,False
1,2.6953251361846924,1,False
2,4.100492000579834,0,False
3,2.274630069732666,1,False
0,3.2951836585998535,0,False
2,5.051434516906738,2,False
1,4.8982648849487305,1,False
0,0.6444198489189148,2,False
3,1.7068992853164673,2,False
0,1.9495999813079834,2,False
1,3.468214988708496,1,False
3,0.6198185682296753,2,False
2,1.9026328325271606,2,False
3,3.8125228881835938,1,False
0,1.1743539571762085,2,False
1,2.15437388420105,2,False
2,2.8802342414855957,0,False
1,2.2809841632843018,2,False
2,2.436016798019409,1,False
0,3.234103202819824,0,False
3,3.2086589336395264,1,False
3,2.511194944381714,2,False
1,1.4872368574142456,1,False
0,3.4860117435455322,1,False
2,5.0565338134765625,2,False
0,1.7097257375717163,2,False
3,2.3791072368621826,2,False
2,3.390174388885498,0,False
1,6.704023361206055,1,False
3,4.742944717407227,1,False
1,3.0576446056365967,1,False
2,1.2300636768341064,2,False
0,3.181347370147705,0,False
2,2.9206461906433105,1,False
0,0.866809606552124,0,False
3,0.944705605506897,2,False
1,0.9529075026512146,2,False
0,3.346813440322876,1,False
3,4.186179161071777,1,False
1,4.270665168762207,1,False
2,1.8606709241867065,2,False
0,3.126441478729248,0,False
1,2.0831947326660156,2,False
3,1.4669339656829834,2,False
2,2.9164791107177734,0,False
3,1.3552072048187256,2,False
0,1.2271044254302979,1,False
2,3.9559550285339355,2,False
1,0.7153854370117188,2,False
1,2.6568219661712646,1,False
0,3.329301595687866,0,False
2,3.0753180980682373,0,False
3,1.780402660369873,2,False
1,5.647149562835693,1,False
2,1.0108182430267334,0,False
3,1.8157377243041992,0,False
0,2.1175618171691895,1,False
2,3.622495412826538,1,False
3,3.3734593391418457,0,False
0,1.7376210689544678,2,False
1,1.7753477096557617,2,False
1,1.8924952745437622,1,False
3,2.0815083980560303,2,False
0,6.749775409698486,1,False
2,6.025852680206299,1,False
2,2.1437973976135254,1,False
0,1.235727310180664,0,False
1,1.2821263074874878,0,False
3,1.4314196109771729,0,False
3,2.7162346839904785,1,False
1,2.841704845428467,1,False
0,3.980569839477539,2,False
2,1.8896455764770508,0,False
1,4.338083267211914,1,False
0,3.4728407859802246,1,False
2,1.7610070705413818,0,False
3,2.0105292797088623,2,False
1,2.2632670402526855,1,False
3,2.9920477867126465,0,False
2,4.038459777832031,2,False
0,1.2779879570007324,0,False
0,2.754479169845581,1,False
2,1.1325929164886475,0,False
3,1.4656832218170166,2,False
1,1.5034804344177246,1,False
2,3.480368137359619,1,False
1,2.6916158199310303,1,False
3,6.466673851013184,1,False
0,2.1655054092407227,2,False
1,1.226959228515625,0,False
3,1.336923360824585,2,False
0,2.2716219425201416,0,False
2,5.3473968505859375,0,False
3,1.491094946861267,1,False
2,1.5396653413772583,0,False
1,1.0555953979492188,0,False
0,1.0562434196472168,0,False
0,1.135711908340454,0,False
2,1.1806765794754028,2,False
1,1.626516580581665,2,False
3,4.152857303619385,1,False
3,1.363788366317749,0,False
2,2.559326410293579,1,False
1,1.4155837297439575,2,False
0,2.7873706817626953,1,False
3,1.7421348094940186,2,False
0,2.1222915649414062,2,False
2,6.503644943237305,1,False
1,1.869701623916626,1,False
1,1.9345804452896118,2,False
0,2.14198637008667,2,False
2,2.1028499603271484,1,False
3,2.052828311920166,2,False
0,2.087989091873169,2,False
1,1.8990123271942139,0,False
3,0.846693217754364,2,False
2,3.835817337036133,0,False
0,2.4337596893310547,2,False
3,1.6930407285690308,2,False
1,1.5176966190338135,2,False
2,1.8042857646942139,2,False
2,0.8338067531585693,1,False
0,2.6446263790130615,1,False
1,2.070647954940796,1,False
3,2.0059709548950195,2,False
3,1.2588986158370972,0,False
1,1.4384657144546509,1,False
2,7.286352634429932,1,False
0,1.944810390472412,0,False
3,2.4822020530700684,1,False
1,2.018143892288208,2,False
0,1.539860725402832,0,False
2,2.913977861404419,1,False
1,0.8193293213844299,0,False
0,4.3260498046875,0,False
2,3.2780935764312744,0,False
3,1.249703049659729,0,False
0,2.2986056804656982,1,False
1,3.7681164741516113,1,False
3,2.7217862606048584,0,False
2,2.0326719284057617,1,False
1,1.7830833196640015,2,False
2,2.7918481826782227,0,False
3,5.563589096069336,1,False
0,2.03580379486084,0,False
3,1.3081438541412354,2,False
1,3.247174024581909,2,False
0,2.8356423377990723,0,False
2,3.259896993637085,0,False
3,2.8102874755859375,1,False
1,4.200218200683594,0,False
2,2.1371355056762695,2,False
0,2.0759713649749756,0,False
1,2.4095749855041504,2,False
3,2.214866876602173,2,False
0,4.253557205200195,1,False
2,1.3333673477172852,2,False
2,2.036808490753174,1,False
0,2.6730685234069824,1,False
3,4.334377765655518,1,False
1,1.719252109527588,0,False
0,3.2438344955444336,2,False
1,1.3133354187011719,0,False
2,1.0993554592132568,0,False
3,2.311439275741577,0,False
3,1.9230915307998657,0,False
1,2.787968635559082,1,False
0,0.8958162665367126,2,False
2,3.3872616291046143,1,False
0,2.2313475608825684,1,False
2,1.5368553400039673,2,False
1,2.3178305625915527,2,False
3,1.4924914836883545,2,False
2,2.1899678707122803,1,False
1,2.829709053039551,1,False
3,0.9941599369049072,2,False
0,3.08886456489563,0,False
0,0.9563925862312317,2,False
3,1.614234447479248,1,False
1,1.4068955183029175,0,False
2,0.9889578223228455,2,False
2,2.6688766479492188,0,False
0,2.004765748977661,1,False
3,1.0849348306655884,2,False
1,5.061954498291016,0,False
0,0.6224956512451172,0,False
3,1.536219596862793,2,False
1,2.785282611846924,2,False
2,2.060267925262451,0,False
0,2.458371639251709,2,False
2,1.3894968032836914,0,False
3,2.7312984466552734,2,False
1,2.874863624572754,0,False
2,2.2507143020629883,2,False
3,1.495929479598999,1,False
0,2.1853761672973633,1,False
1,2.4463906288146973,2,False
3,1.5463886260986328,1,False
2,3.8578853607177734,0,False
0,2.0315842628479004,2,False
1,1.6698590517044067,0,False
1,1.7095534801483154,2,False
3,1.9802830219268799,2,False
2,2.267199993133545,0,False
0,3.2983694076538086,1,False
0,2.703939437866211,1,False
2,2.0457515716552734,0,False
3,1.3036421537399292,0,False
1,2.4923596382141113,1,False
1,1.6330384016036987,2,False
3,3.9714672565460205,1,False
2,2.140986442565918,1,False
0,2.744208335876465,1,False
3,1.8916902542114258,2,False
1,2.452636480331421,0,False
0,1.459592342376709,2,False
2,1.8597139120101929,0,False
0,1.9132063388824463,0,False
2,2.4636526107788086,2,False
1,1.544426679611206,0,False
3,2.9403462409973145,0,False
3,2.0738749504089355,1,False
0,1.7618436813354492,0,False
1,0.9460839629173279,2,False
2,2.348001480102539,1,False
2,1.6601277589797974,2,False
1,1.0829205513000488,0,False
3,0.7127178907394409,0,False
0,3.1433491706848145,2,False
2,1.737025260925293,2,False
3,1.8450076580047607,1,False
1,2.051276445388794,1,False
0,2.099158525466919,2,False
2,2.144986629486084,0,False
0,2.113490343093872,1,False
1,1.6108207702636719,0,False
3,2.271162509918213,1,False
0,2.713834285736084,2,False
1,1.5149164199829102,2,False
3,1.2782649993896484,2,False
2,1.4537382125854492,0,False
0,1.8768954277038574,0,False
3,2.99517560005188,2,False
1,4.2950239181518555,1,False
2,2.9620375633239746,1,False
0,1.8517720699310303,2,False
3,1.7641642093658447,0,False
2,1.7055684328079224,2,False
1,4.331297397613525,2,False
0,2.167442798614502,0,False
1,1.4517598152160645,0,False
3,0.9410234689712524,2,False
2,1.8428083658218384,0,False
2,2.767868757247925,1,False
0,2.9695792198181152,2,False
1,0.9420031309127808,0,False
3,1.9762319326400757,2,False
2,2.273493528366089,1,False
0,4.597383975982666,0,False
3,1.7855627536773682,1,False
1,3.016024112701416,1,False
0,1.7380532026290894,2,False
2,0.9392431974411011,0,False
1,2.3214921951293945,1,False
3,2.441882371902466,2,False
0,2.0952413082122803,2,False
1,3.7326745986938477,1,False
3,1.8212237358093262,0,False
2,1.2339094877243042,2,False
2,1.756008267402649,0,False
0,2.606830358505249,1,False
1,1.6684329509735107,2,False
3,1.7583374977111816,0,False
1,2.562434673309326,1,False
3,1.2344961166381836,0,False
2,3.357285976409912,1,False
0,1.8702471256256104,1,False
2,2.0537607669830322,1,False
0,3.6078782081604004,1,False
1,0.9365267753601074,2,False
3,1.409009575843811,0,False
3,1.3008382320404053,0,False
2,2.433147668838501,1,False
0,1.3828644752502441,2,False
1,5.990945339202881,1,False
0,1.795492172241211,2,False
1,4.790281295776367,1,False
3,1.2353935241699219,0,False
2,4.8191142082214355,2,False
0,2.0468666553497314,2,False
1,2.5308945178985596,2,False
3,2.2694525718688965,2,False
2,1.5306450128555298,2,False
0,1.5335193872451782,0,False
1,2.1204395294189453,2,False
3,3.6509885787963867,1,False
2,6.774335861206055,2,False
0,2.009769916534424,2,False
1,1.6752150058746338,0,False
3,2.0699119567871094,0,False
2,2.2296857833862305,2,False
1,1.1611950397491455,0,False
2,2.867705821990967,1,False
3,2.6046864986419678,1,False
0,1.9289448261260986,2,False
3,4.308664321899414,1,False
2,2.038240671157837,0,False
0,0.8015077114105225,0,False
1,1.8271980285644531,0,False
0,3.6258745193481445,1,False
2,1.764040231704712,0,False
1,3.8662962913513184,1,False
3,2.8597464561462402,1,False
1,3.549598217010498,1,False
0,2.086353302001953,2,False
3,2.8748183250427246,2,False
2,2.4049620628356934,0,False
2,1.7214503288269043,1,False
1,4.598711013793945,1,False
3,2.7926414012908936,1,False
0,2.137375593185425,2,False
3,1.890589714050293,2,False
0,1.7942910194396973,0,False
1,2.3333628177642822,0,False
2,1.7024693489074707,0,False
3,1.4599312543869019,2,False
0,1.718508243560791,1,False
1,4.424870014190674,1,False
2,2.825164318084717,1,False
3,4.6579203605651855,1,False
0,2.8936121463775635,1,False
2,1.7343389987945557,0,False
1,1.6786434650421143,0,False
1,1.6766176223754883,1,False
0,1.891873836517334,2,False
3,2.454186201095581,2,False
2,2.5216963291168213,2,False
2,2.2941548824310303,1,False
0,1.039624571800232,0,False
1,0.952412486076355,2,False
3,1.4453004598617554,0,False
2,2.9495301246643066,1,False
1,2.4879446029663086,1,False
0,0.8482151031494141,0,False
3,1.9745440483093262,0,False
0,2.661804437637329,1,False
2,1.7877602577209473,0,False
3,1.798946738243103,2,False
1,3.413046360015869,1,False
2,1.5690033435821533,2,False
1,2.9760560989379883,2,False
0,1.315610647201538,0,False
3,1.4556183815002441,0,False
3,2.2865777015686035,2,False
2,5.535375595092773,1,False
0,1.3178203105926514,0,False
1,1.2384486198425293,0,False
1,2.071120262145996,2,False
3,1.8700082302093506,0,False
2,2.310590982437134,1,False
0,1.1937443017959595,0,False
1,1.751262903213501,2,False
2,1.5592284202575684,2,False
0,2.1631593704223633,1,False
3,3.2524025440216064,1,False
2,2.2381420135498047,2,False
0,1.7483274936676025,2,False
3,2.1225574016571045,2,False
1,5.556999206542969,1,False
3,2.456174850463867,1,False
1,2.690934181213379,1,False
2,2.505563974380493,1,False
0,1.594264268875122,0,False
2,2.015409469604492,1,False
1,3.195988655090332,1,False
0,2.474355697631836,2,False
3,2.029010534286499,2,False
2,4.104251384735107,2,False
3,2.349555492401123,1,False
0,1.3411483764648438,0,False
1,2.8139216899871826,1,False
0,5.393652439117432,1,False
1,1.6212074756622314,2,False
2,1.7793004512786865,0,False
3,1.0259610414505005,0,False
2,2.27327299118042,2,False
3,2.0009498596191406,2,False
1,1.2148280143737793,0,False
0,2.0533151626586914,2,False
0,2.5918924808502197,1,False
1,2.645763397216797,1,False
2,2.4339420795440674,1,False
3,1.6227829456329346,0,False
2,2.2308359146118164,1,False
0,2.266613006591797,1,False
1,1.5971837043762207,2,False
3,1.718928575515747,0,False
0,1.3047423362731934,1,False
1,3.583399772644043,1,False
3,1.1634588241577148,0,False
2,2.092625141143799,0,False
2,0.9038808345794678,2,False
3,2.4019412994384766,1,False
0,3.2863926887512207,1,False
1,2.4957008361816406,2,False
1,1.792144775390625,0,False
0,1.1290072202682495,0,False
2,1.9384427070617676,2,False
3,1.2649160623550415,0,False
3,2.144744634628296,2,False
2,1.8713405132293701,0,False
0,2.5151772499084473,2,False
1,0.46364927291870117,2,False
1,1.7650089263916016,1,False
2,2.114384174346924,0,False
3,1.6211540699005127,2,False
0,1.4578611850738525,2,False
1,1.8497856855392456,2,False
2,2.1112003326416016,2,False
0,1.8190977573394775,0,False
3,2.1239709854125977,1,False
3,1.3333086967468262,0,False
0,1.1167309284210205,0,False
1,3.10858416557312,1,False
2,1.3709629774093628,2,False
2,0.8340875506401062,2,False
3,1.1833090782165527,0,False
0,2.144016742706299,0,False
1,1.3783066272735596,0,False
2,2.2386865615844727,2,False
1,2.417109489440918,2,False
0,3.2367968559265137,1,False
3,1.3031705617904663,0,False
2,3.399165153503418,2,False
0,2.250126600265503,1,False
3,2.586223840713501,1,False
1,1.306560754776001,0,False
1,4.132462501525879,1,False
2,1.296689510345459,0,False
3,5.503044605255127,1,False
0,2.094602584838867,2,False
0,1.7310012578964233,2,False
1,1.0774939060211182,0,False
3,2.7187790870666504,2,False
2,1.5795762538909912,0,False
3,2.112278699874878,2,False
0,1.4425510168075562,0,False
1,1.551749587059021,2,False
2,1.3726791143417358,0,False
2,2.7265465259552,2,False
0,1.7311385869979858,2,False
1,1.419201135635376,0,False
3,1.3790764808654785,0,False
2,1.0905556678771973,2,False
3,3.1727752685546875,1,False
0,1.4179097414016724,0,False
1,2.4347312450408936,1,False
1,2.17057728767395,1,False
3,1.9023483991622925,0,False
2,2.0284855365753174,2,False
0,2.520115852355957,1,False
1,4.811933994293213,0,False
2,0.9015069007873535,0,False
0,1.9992682933807373,1,False
3,1.9121489524841309,2,False
3,1.995365858078003,1,False
0,5.313465595245361,1,False
1,6.981947898864746,1,False
2,4.717607498168945,0,False
0,1.4166029691696167,0,False
1,2.332261562347412,1,False
3,2.951082706451416,0,False
2,2.336799144744873,2,False
2,5.063034534454346,1,False
0,2.1778769493103027,2,False
3,4.527611255645752,1,False
1,1.6010233163833618,1,False
3,2.523879051208496,2,False
2,1.117417812347412,0,False
0,3.9334492683410645,0,False
1,2.3038010597229004,1,False
2,2.484501838684082,1,False
1,0.952773928642273,2,False
3,1.987818956375122,2,False
0,1.2628259658813477,0,False
2,1.7474955320358276,2,False
3,1.6095054149627686,0,False
0,1.1141676902770996,1,False
1,3.167527914047241,2,False
0,1.9942079782485962,0,False
1,1.8745019435882568,1,False
2,2.297499179840088,0,False
3,1.1449000835418701,0,False
1,2.0173873901367188,1,False
0,1.95730721950531,2,False
3,4.088748455047607,2,False
2,0.94284987449646,1,False
0,1.1308746337890625,2,False
2,1.9519526958465576,0,False
3,1.0417680740356445,0,False
1,4.290602207183838,1,False
3,2.0572221279144287,1,False
1,1.5978480577468872,2,False
2,1.3272452354431152,0,False
0,1.0342004299163818,0,False
2,3.035583257675171,0,False
3,2.6573333740234375,1,False
1,1.2662535905838013,0,False
0,2.1230008602142334,0,False
2,2.0263149738311768,1,False
3,1.7759567499160767,2,False
1,2.427255868911743,1,False
0,1.9116389751434326,2,False
0,2.5888493061065674,1,False
2,1.5312597751617432,2,False
1,1.3595263957977295,0,False
3,1.2012451887130737,2,False
3,1.2565944194793701,2,False
0,2.591303825378418,2,False
1,1.467022180557251,1,False
2,1.8764618635177612,1,False
1,1.6862444877624512,1,False
0,1.791106104850769,2,False
2,2.4584438800811768,2,False
3,1.4268741607666016,0,False
0,1.4214811325073242,2,False
2,1.539823055267334,1,False
3,2.0752601623535156,2,False
1,3.6463780403137207,1,False
1,1.587651014328003,1,False
3,2.504251480102539,1,False
2,1.2294498682022095,0,False
0,2.3310341835021973,1,False
3,1.817681908607483,1,False
1,1.185202717781067,2,False
0,2.692173957824707,1,False
2,1.4082854986190796,1,False
3,2.4457693099975586,0,False
0,5.634951591491699,1,False
1,1.8191787004470825,0,False
2,1.7433933019638062,2,False
0,2.505296230316162,1,False
2,2.3535733222961426,1,False
1,2.7292373180389404,1,False
3,1.8740901947021484,0,False
3,1.7123630046844482,2,False
2,1.7722785472869873,1,False
0,3.9890425205230713,1,False
1,2.7089340686798096,2,False
1,1.7700623273849487,2,False
2,1.4302101135253906,2,False
0,1.4249215126037598,0,False
3,1.9041483402252197,0,False
2,2.8662638664245605,1,False
1,1.7256561517715454,0,False
3,1.4439905881881714,2,False
0,1.3404713869094849,2,False
0,0.9011203050613403,2,False
3,3.4902334213256836,1,False
2,1.0536729097366333,0,False
1,2.2601776123046875,2,False
1,1.0265755653381348,0,False
0,2.2983853816986084,1,False
3,1.6957736015319824,2,False
2,2.3522918224334717,1,False
1,1.8539297580718994,1,False
0,2.2246742248535156,1,False
2,1.3588335514068604,0,False
3,1.7596821784973145,0,False
0,4.2065629959106445,2,False
1,1.8370513916015625,0,False
3,2.342986822128296,1,False
2,2.224621534347534,0,False
3,2.5353145599365234,1,False
0,1.8625843524932861,0,False
2,3.944537878036499,0,False
1,2.6514577865600586,2,False
2,5.5430827140808105,1,False
0,2.323779582977295,0,False
1,1.9063597917556763,0,False
3,2.0968148708343506,1,False
2,1.3785464763641357,2,False
3,1.488981008529663,1,False
1,1.4346882104873657,0,False
0,1.7529568672180176,2,False
1,1.5147123336791992,0,False
2,3.212383985519409,1,False
0,1.5810836553573608,2,False
3,1.9126032590866089,2,False
2,1.2197991609573364,0,False
1,1.7870028018951416,0,False
3,1.4086202383041382,0,False
0,2.3908424377441406,2,False
2,2.327686309814453,2,False
1,2.881892204284668,0,False
3,2.320935010910034,1,False
0,2.3776557445526123,1,False
0,2.4423294067382812,1,False
3,2.4217615127563477,1,False
2,1.2493709325790405,0,False
1,3.0208332538604736,1,False
0,1.7999634742736816,2,False
2,2.8780152797698975,2,False
1,2.7625904083251953,2,False
3,1.5331788063049316,0,False
1,1.2984106540679932,0,False
3,1.067659616470337,0,False
2,2.341970682144165,2,False
0,1.6946759223937988,2,False
1,2.53928804397583,1,False
0,0.9653050899505615,0,False
3,0.9746838212013245,2,False
2,1.555363655090332,0,False
3,1.5948724746704102,0,False
2,1.0690646171569824,2,False
1,1.5258989334106445,2,False
0,1.4015283584594727,0,False
0,2.7168467044830322,2,False
3,2.5218629837036133,2,False
1,2.247621536254883,1,False
2,1.435257077217102,0,False
0,4.376978397369385,1,False
2,1.7551734447479248,0,False
3,1.4924342632293701,0,False
1,1.1116549968719482,0,False
2,1.3949828147888184,0,False
1,2.5306243896484375,1,False
0,2.4378316402435303,2,False
3,1.1729724407196045,2,False
1,2.1039538383483887,2,False
3,4.266961574554443,1,False
2,2.752758264541626,2,False
0,1.755467414855957,0,False
1,3.1900031566619873,1,False
3,2.4755897521972656,2,False
0,2.2146782875061035,2,False
2,1.932485580444336,2,False
2,1.9966022968292236,2,False
1,1.6469693183898926,0,False
0,1.373831033706665,0,False
3,1.719065546989441,0,False
0,2.9047064781188965,2,False
2,1.421799898147583,1,False
3,1.8681812286376953,1,False
1,2.316838264465332,1,False
3,3.048126697540283,2,False
2,2.4218950271606445,1,False
0,1.7287949323654175,1,False
1,1.640472173690796,0,False
0,1.8886092901229858,2,False
3,2.631622314453125,1,False
1,1.9484676122665405,0,False
2,1.3478049039840698,0,False
2,2.1332714557647705,1,False
1,1.4059228897094727,0,False
3,1.8067572116851807,0,False
0,1.9366645812988281,0,False
2,2.0085580348968506,2,False
0,1.491155982017517,2,False
1,2.2310807704925537,2,False
3,1.8674176931381226,1,False
3,2.2367591857910156,1,False
1,3.732809543609619,1,False
0,1.5206596851348877,0,False
2,1.8692636489868164,1,False
3,0.9941880702972412,0,False
2,2.2466530799865723,2,False
0,1.9321883916854858,0,False
1,1.3934056758880615,0,False
1,1.578452229499817,2,False
3,1.3927488327026367,0,False
2,2.454054355621338,2,False
0,1.7700204849243164,2,False
3,2.8532421588897705,1,False
2,1.9317960739135742,2,False
1,1.757851004600525,0,False
0,1.4622756242752075,0,False
2,2.928487539291382,2,False
3,2.6262731552124023,1,False
1,1.721111536026001,0,False
0,3.2239465713500977,1,False
0,2.0982046127319336,0,False
2,1.8980364799499512,0,False
3,1.3224756717681885,0,False
1,3.5096335411071777,0,False
3,2.533525228500366,2,False
0,3.6321141719818115,1,False
1,1.8094350099563599,0,False
2,2.65712833404541,1,False
0,2.7394461631774902,1,False
2,1.8716938495635986,0,False
3,1.936174750328064,0,False
1,1.6681216955184937,2,False
0,3.4257025718688965,0,False
1,1.7479255199432373,0,False
2,2.8311855792999268,1,False
3,2.0667338371276855,2,False
2,1.6552023887634277,2,False
1,1.7298145294189453,0,False
0,1.8167959451675415,0,False
3,1.0136382579803467,0,False
2,2.668513298034668,1,False
1,2.122802495956421,2,False
3,1.7261677980422974,1,False
0,2.126004934310913,1,False
2,2.1876301765441895,2,False
1,1.8049681186676025,0,False
0,4.304340362548828,1,False
3,1.8636679649353027,2,False
0,2.4138643741607666,1,False
2,1.3711118698120117,2,False
1,1.7711095809936523,0,False
3,2.29402232170105,2,False
3,3.115572214126587,2,False
0,1.6967992782592773,0,False
1,2.810537338256836,1,False
2,1.7919028997421265,2,False
3,1.871564269065857,2,False
0,1.442755103111267,2,False
1,1.9977902173995972,1,False
2,1.007797360420227,0,False
1,1.9719842672348022,2,False
0,2.800788402557373,1,False
2,1.7690248489379883,2,False
3,1.8091082572937012,0,False
1,1.8733375072479248,2,False
2,2.6460344791412354,1,False
3,3.045523166656494,1,False
0,2.4131360054016113,2,False
2,1.5960866212844849,2,False
0,2.0910143852233887,2,False
1,1.9206347465515137,2,False
3,0.8900985717773438,0,False
1,2.600785255432129,1,False
2,2.312122344970703,2,False
0,2.1279265880584717,1,False
3,2.094416618347168,2,False
3,1.499340534210205,2,False
0,1.3263665437698364,0,False
1,2.366194248199463,2,False
2,2.1664438247680664,2,False
0,1.8483436107635498,0,False
2,1.8165401220321655,2,False
3,1.5975359678268433,2,False
1,2.560988664627075,1,False
0,2.4090054035186768,1,False
1,2.1439967155456543,0,False
3,2.3772361278533936,1,False
2,1.51200532913208,0,False
3,2.4242842197418213,1,False
2,4.384481430053711,1,False
0,2.599165201187134,2,False
1,2.133695363998413,1,False
1,1.5880831480026245,2,False
3,2.1992781162261963,2,False
2,1.7906845808029175,0,False
0,0.936034083366394,0,False
2,1.5278841257095337,0,False
0,2.4823989868164062,1,False
3,1.6994318962097168,0,False
1,1.6700786352157593,1,False
0,1.9351143836975098,2,False
1,1.221078634262085,2,False
2,5.567832946777344,1,False
3,2.277340888977051,1,False
3,2.4119930267333984,1,False
0,1.7178435325622559,0,False
1,2.0687029361724854,2,False
2,1.107753872871399,0,False
1,2.048037528991699,1,False
0,1.6810747385025024,2,False
3,2.080125331878662,1,False
2,1.2365189790725708,0,False
2,2.1172122955322266,2,False
3,0.8179409503936768,0,False
1,3.158559560775757,1,False
0,1.3331718444824219,0,False
2,2.605471134185791,1,False
3,0.9148541688919067,0,False
1,2.408259391784668,2,False
0,2.7268755435943604,1,False
3,1.6619311571121216,0,False
1,2.805145502090454,1,False
0,2.3018031120300293,1,False
2,2.2854177951812744,2,False
2,2.158830165863037,1,False
0,1.899721622467041,1,False
3,1.609599232673645,2,False
1,1.2464537620544434,0,False
0,2.5661556720733643,1,False
1,2.4750421047210693,1,False
3,1.3483784198760986,0,False
2,1.3526852130889893,0,False
0,2.8433353900909424,1,False
1,1.3925946950912476,0,False
2,1.6392288208007812,1,False
3,0.8373335599899292,0,False
0,2.26863694190979,0,False
1,2.2374422550201416,1,False
2,1.5483204126358032,0,False
3,3.261979579925537,2,False
2,1.8521666526794434,2,False
3,2.506789207458496,1,False
0,1.616709589958191,2,False
1,2.0894980430603027,0,False
2,2.2514607906341553,0,False
1,2.5853984355926514,1,False
3,1.4257831573486328,2,False
0,3.6798126697540283,1,False
3,1.9329450130462646,1,False
2,1.9955008029937744,1,False
0,2.90696120262146,1,False
1,1.3322341442108154,0,False
2,2.9897518157958984,1,False
3,1.9511818885803223,0,False
1,0.479990154504776,0,False
0,1.36179780960083,0,False
0,1.7838354110717773,2,False
1,1.3158155679702759,0,False
3,2.032773971557617,2,False
2,2.3671789169311523,0,False
1,2.22733736038208,1,False
0,1.1584404706954956,0,False
2,2.0434112548828125,1,False
3,2.2685298919677734,2,False
3,1.4403090476989746,0,False
1,1.9707226753234863,1,False
0,2.750511646270752,2,False
2,1.8512122631072998,2,False
2,3.9559972286224365,1,False
1,2.8001623153686523,0,False
3,0.9983315467834473,0,False
0,1.7983694076538086,0,False
3,2.5227904319763184,1,False
2,1.9553323984146118,0,False
0,1.2666969299316406,0,False
1,1.117231845855713,0,False
0,2.220346450805664,1,False
2,1.6804274320602417,2,False
1,1.5589712858200073,0,False
3,2.010133981704712,2,False
0,1.5339224338531494,1,False
1,1.1297485828399658,0,False
2,2.5669946670532227,2,False
3,1.4757771492004395,0,False
3,3.1737918853759766,2,False
2,2.028083324432373,1,False
1,1.291865587234497,2,False
0,2.2615714073181152,1,False
2,1.7451050281524658,1,False
3,1.0878546237945557,2,False
1,1.938132405281067,1,False
0,2.865999698638916,1,False
0,3.9326138496398926,1,False
2,2.5473480224609375,1,False
1,2.812516689300537,1,False
3,2.206385612487793,2,False
3,1.8634469509124756,1,False
2,2.89607572555542,2,False
0,1.7058091163635254,0,False
1,2.3685109615325928,2,False
0,1.6355550289154053,0,False
2,2.3282413482666016,2,False
1,1.3778291940689087,0,False
3,0.7191591262817383,0,False
0,1.9253188371658325,1,False
1,3.012937068939209,0,False
2,1.8135019540786743,1,False
3,6.154385566711426,1,False
1,1.6010810136795044,0,False
0,1.567823886871338,2,False
2,2.4169766902923584,0,False
3,2.2384533882141113,0,False
1,2.092616558074951,2,False
3,1.154226303100586,0,False
2,2.0279381275177,1,False
0,1.144303321838379,0,False
0,1.413413643836975,0,False
3,1.7726246118545532,2,False
2,1.1991424560546875,0,False
1,2.0203816890716553,0,False
3,2.6359853744506836,1,False
0,1.6352943181991577,2,False
1,1.7393450736999512,0,False
2,1.4380183219909668,0,False
2,1.09425950050354,2,False
3,2.245570659637451,1,False
1,2.0635180473327637,1,False
0,1.9620392322540283,1,False
0,1.0176997184753418,2,False
2,4.557917594909668,1,False
1,2.599595069885254,1,False
3,1.2168811559677124,2,False
3,2.45491099357605,0,False
1,0.49644559621810913,0,False
0,2.2324836254119873,0,False
2,1.7629451751708984,0,False
2,2.7789559364318848,2,False
3,1.7943341732025146,1,False
1,2.3518078327178955,1,False
0,2.137021064758301,2,False
3,3.8285927772521973,2,False
0,1.7775050401687622,2,False
2,1.1091523170471191,0,False
1,2.063551425933838,2,False
2,1.4570634365081787,2,False
0,2.3864924907684326,2,False
1,3.669248342514038,1,False
3,2.959965467453003,1,False
3,1.2220849990844727,2,False
1,2.2213191986083984,0,False
2,1.9916476011276245,2,False
0,2.223158121109009,2,False
2,2.5461196899414062,0,False
1,1.7914851903915405,1,False
0,2.089677095413208,0,False
3,0.9976540207862854,2,False
3,2.2535576820373535,2,False
1,4.849895000457764,1,False
0,2.0441529750823975,2,False
2,1.6754751205444336,0,False
0,1.1795406341552734,2,False
3,2.13731050491333,2,False
2,2.880516529083252,1,False
1,1.8675471544265747,2,False
2,2.1556131839752197,2,False
0,1.981633186340332,2,False
3,0.4661601483821869,0,False
1,5.28725528717041,1,False
1,1.9463526010513306,2,False
0,3.7702436447143555,1,False
3,1.045163869857788,2,False
2,2.837508201599121,2,False
2,1.322829008102417,2,False
1,2.2639670372009277,2,False
0,1.3150548934936523,2,False
3,2.62576961517334,1,False
1,1.4214953184127808,0,False
2,1.8558557033538818,0,False
3,2.2186546325683594,0,False
0,1.6905076503753662,0,False
1,1.6908283233642578,1,False
0,4.5861639976501465,1,False
2,1.420119285583496,0,False
3,1.5094330310821533,1,False
0,1.8999663591384888,1,False
2,1.7219692468643188,2,False
3,2.7712345123291016,1,False
1,5.871016025543213,1,False
0,2.085543155670166,1,False
2,2.6467418670654297,0,False
1,1.9895415306091309,2,False
3,1.6918139457702637,1,False
2,2.192302703857422,0,False
0,1.2753119468688965,0,False
1,3.3749501705169678,1,False
3,1.5838240385055542,2,False
2,2.2621164321899414,2,False
0,3.284848928451538,2,False
1,2.0709619522094727,1,False
3,5.46367073059082,2,False
2,1.806485891342163,0,False
3,1.727513074874878,2,False
1,3.7054851055145264,1,False
0,1.9895193576812744,2,False
2,2.6773433685302734,0,False
0,2.480835437774658,1,False
1,2.6984543800354004,1,False
3,1.1144132614135742,0,False
3,2.6385154724121094,1,False
1,2.4006099700927734,0,False
2,2.2172107696533203,2,False
0,1.6245869398117065,0,False
0,5.2384748458862305,1,False
3,1.1478943824768066,0,False
2,1.663029670715332,0,False
1,1.2417285442352295,0,False
3,1.4396319389343262,0,False
2,4.547950744628906,1,False
0,2.3468000888824463,2,False
1,2.779475688934326,1,False
2,2.0304243564605713,1,False
1,1.553852915763855,0,False
0,2.3494057655334473,2,False
3,2.6516261100769043,2,False
1,2.0450141429901123,1,False
3,1.6786682605743408,2,False
2,1.0113754272460938,2,False
0,3.836270332336426,2,False
0,2.1723546981811523,0,False
2,2.2615017890930176,0,False
1,1.4120804071426392,0,False
3,2.4380626678466797,2,False
2,2.072636604309082,2,False
0,1.9255894422531128,2,False
1,2.2054858207702637,2,False
3,1.6545562744140625,1,False
2,3.7054121494293213,1,False
0,2.0027832984924316,1,False
3,1.8611114025115967,0,False
1,3.853046178817749,1,False
1,1.6357240676879883,0,False
0,3.897653579711914,1,False
3,2.028636932373047,1,False
2,2.8442769050598145,1,False
0,1.2437362670898438,2,False
2,1.9907054901123047,1,False
3,2.792234420776367,1,False
1,1.739591360092163,2,False
3,1.7630871534347534,2,False
1,2.6288397312164307,0,False
0,1.5065827369689941,0,False
2,2.0226683616638184,0,False
1,1.1675405502319336,2,False
0,2.3005166053771973,1,False
3,1.9434747695922852,1,False
2,2.398081064224243,1,False
0,2.379164218902588,2,False
1,1.6944921016693115,0,False
2,1.4782568216323853,2,False
3,1.6591097116470337,1,False
3,2.1003456115722656,2,False
0,1.5688843727111816,0,False
1,1.7427096366882324,2,False
2,1.6023352146148682,2,False
3,2.1803090572357178,1,False
0,2.1939568519592285,2,False
2,2.2034687995910645,2,False
1,3.846277952194214,1,False
1,1.7140922546386719,1,False
3,4.1739959716796875,1,False
2,1.1956861019134521,1,False
0,2.8908884525299072,2,False
2,3.222102165222168,1,False
3,2.1660048961639404,1,False
0,4.1761088371276855,2,False
1,2.005983352661133,2,False
2,1.7851861715316772,0,False
1,0.8944795727729797,2,False
3,2.536773681640625,1,False
0,1.6126887798309326,2,False
0,2.2324891090393066,1,False
1,2.4272923469543457,2,False
2,2.2049202919006348,2,False
3,2.8542165756225586,1,False
1,4.877852439880371,1,False
3,1.0931944847106934,2,False
2,1.800614595413208,2,False
0,2.7569782733917236,1,False
1,2.0067124366760254,2,False
3,2.493652820587158,2,False
0,2.3529114723205566,2,False
2,2.5362327098846436,2,False
0,1.911325454711914,2,False
3,2.742591619491577,2,False
2,1.9642693996429443,1,False
1,2.5559005737304688,0,False
2,1.519455909729004,0,False
1,1.2915301322937012,2,False
0,2.535722255706787,0,False
3,2.26582670211792,0,False
3,2.7043538093566895,2,False
2,2.8282811641693115,1,False
1,3.0580673217773438,1,False
0,2.1973416805267334,0,False
2,1.5000338554382324,1,False
0,3.7539873123168945,2,False
1,2.6816651821136475,1,False
3,2.0668721199035645,0,False
0,1.498479962348938,1,False
1,0.8768526911735535,0,False
2,2.376796007156372,0,False
3,1.954758882522583,1,False
0,2.509265661239624,0,False
3,1.122815728187561,2,False
1,2.1893486976623535,0,False
2,2.8235137462615967,2,False
2,1.243135690689087,2,False
3,1.2824958562850952,0,False
0,2.061795234680176,1,False
1,2.272808074951172,0,False
3,1.1180609464645386,2,False
1,2.915632724761963,0,False
2,1.0234695672988892,0,False
0,4.383490562438965,1,False
3,2.511322498321533,0,False
2,2.2592389583587646,0,False
1,3.2249531745910645,1,False
0,2.1031246185302734,0,False
1,0.977152407169342,2,False
2,2.507451057434082,0,False
0,5.81834077835083,1,False
3,1.664613127708435,0,False
3,2.4370696544647217,0,False
0,2.4689924716949463,0,False
1,2.153686761856079,1,False
2,2.6642005443573,1,False
0,2.0888428688049316,0,False
3,1.575925588607788,0,False
1,2.842137098312378,0,False
2,1.617041826248169,1,False
1,1.6555030345916748,1,False
2,2.184412956237793,0,False
3,2.9780797958374023,0,False
0,2.939568281173706,0,False
0,0.977319061756134,2,False
2,1.8117480278015137,0,False
1,1.2545506954193115,0,False
3,1.808419108390808,2,False
2,1.2440476417541504,2,False
1,1.0653259754180908,2,False
3,2.119249105453491,2,False
0,4.024927616119385,2,False
3,3.0611252784729004,1,False
0,2.200937509536743,1,False
1,2.287691354751587,0,False
2,4.032266616821289,0,False
1,1.5536162853240967,0,False
2,1.9842089414596558,1,False
0,2.0877017974853516,2,False
3,1.46059250831604,1,False
1,1.4203813076019287,1,False
3,1.8772883415222168,0,False
0,1.9531928300857544,2,False
2,2.2334752082824707,1,False
0,2.369149684906006,1,False
3,1.5676565170288086,1,False
2,1.6609644889831543,2,False
1,1.2510064840316772,0,False
0,1.1210863590240479,2,False
1,2.4197475910186768,1,False
3,4.034076690673828,1,False
2,1.5713778734207153,1,False
1,1.4034678936004639,2,False
2,2.911282777786255,2,False
3,2.1455564498901367,1,False
0,1.8865704536437988,2,False
1,1.6705079078674316,1,False
2,1.7133816480636597,2,False
0,2.4309964179992676,2,False
3,2.6626763343811035,1,False
1,2.3740432262420654,0,False
0,1.9034173488616943,1,False
2,3.5550382137298584,1,False
3,2.061163902282715,2,False
1,2.103578567504883,0,False
0,3.7819201946258545,2,False
2,2.515451192855835,0,False
3,2.39662504196167,1,False
3,2.0163424015045166,2,False
0,2.201068878173828,0,False
1,2.2155230045318604,0,False
2,2.610485315322876,0,False
2,3.2867302894592285,0,False
0,2.370758533477783,0,False
3,1.6561357975006104,0,False
1,4.903071880340576,2,False
2,1.6518126726150513,2,False
3,3.464085102081299,1,False
0,1.2324483394622803,0,False
1,2.7555484771728516,0,False
2,2.232656955718994,1,False
1,2.3797214031219482,2,False
3,0.8808847069740295,2,False
0,3.0622544288635254,1,False
0,1.578022837638855,0,False
1,2.2918543815612793,1,False
2,2.003970146179199,2,False
3,2.1473352909088135,1,False
3,2.1249284744262695,1,False
1,1.4723899364471436,2,False
0,2.6384804248809814,1,False
2,2.4897689819335938,0,False
0,3.9416627883911133,1,False
1,1.320725917816162,2,False
2,1.4578533172607422,1,False
3,2.627086877822876,0,False
0,1.7522790431976318,1,False
2,2.977776050567627,1,False
3,0.758512556552887,0,False
1,3.2223410606384277,1,False
1,2.1040701866149902,0,False
2,1.92422616481781,0,False
0,4.274343013763428,1,False
3,1.854797124862671,1,False
3,2.364978790283203,0,False
1,1.9352266788482666,2,False
2,2.402937173843384,2,False
0,1.2145472764968872,0,False
1,1.8980921506881714,2,False
0,1.849810242652893,1,False
2,1.767622709274292,0,False
3,0.9978041052818298,0,False
3,1.8205983638763428,2,False
1,2.826969623565674,1,False
0,0.3272508382797241,0,False
2,2.8326892852783203,1,False
3,2.5223238468170166,2,False
1,1.3591678142547607,0,False
2,1.6609808206558228,0,False
0,2.0332844257354736,0,False
1,2.084709644317627,1,False
3,1.251815676689148,0,False
2,2.3697705268859863,1,False
0,2.5839622020721436,1,False
3,1.1790153980255127,2,False
0,3.783529281616211,2,False
2,0.9062636494636536,0,False
1,1.692379117012024,1,False
1,2.477325439453125,0,False
2,1.390505075454712,0,False
3,2.0692381858825684,1,False
0,3.365276336669922,2,False
1,3.5051724910736084,1,False
0,1.2290353775024414,0,False
3,1.1450135707855225,2,False
2,2.259376049041748,0,False
0,1.6710141897201538,0,False
1,1.067594289779663,0,False
2,2.4887237548828125,1,False
3,1.3443852663040161,1,False
0,1.6495351791381836,2,False
2,1.8247344493865967,1,False
1,1.7304291725158691,0,False
3,0.8063716888427734,0,False
0,2.4935872554779053,0,False
3,1.771257996559143,2,False
1,2.4270524978637695,0,False
2,2.7922303676605225,2,False
2,1.8184814453125,2,False
0,1.5960508584976196,0,False
3,1.4317584037780762,2,False
1,0.9206767678260803,2,False
3,4.702888011932373,2,False
2,1.550585150718689,1,False
1,2.0898008346557617,2,False
0,0.888116717338562,2,False
3,2.490326404571533,0,False
1,1.5727202892303467,0,False
0,2.2990875244140625,2,False
2,1.3968864679336548,0,False
1,2.0156121253967285,1,False
0,1.3415805101394653,2,False
3,1.800208330154419,0,False
2,4.1533589363098145,1,False
2,1.9634681940078735,0,False
1,3.0560379028320312,2,False
0,0.9423795342445374,2,False
3,4.034423351287842,1,False
0,1.634546160697937,0,False
3,1.5478901863098145,0,False
2,3.740778923034668,2,False
1,1.2768677473068237,2,False
0,1.9510643482208252,1,False
2,1.7264642715454102,1,False
3,4.195025444030762,1,False
1,1.9570063352584839,2,False
3,1.0611348152160645,2,False
1,1.883424997329712,1,False
2,4.808420658111572,1,False
0,1.7818316221237183,0,False
0,1.6565806865692139,2,False
1,1.2556264400482178,0,False
3,1.7172855138778687,1,False
2,2.2524328231811523,2,False
1,1.0120553970336914,2,False
0,1.4946281909942627,2,False
3,2.993105411529541,2,False
2,1.86434006690979,0,False
2,1.3163814544677734,2,False
0,3.8129501342773438,2,False
1,2.3467588424682617,2,False
3,1.9990249872207642,2,False
2,3.273845672607422,0,False
3,0.888832151889801,2,False
0,1.7167460918426514,0,False
1,1.430156946182251,1,False
1,2.160412311553955,0,False
0,0.9180627465248108,2,False
2,2.2668185234069824,0,False
3,2.4117684364318848,2,False
1,2.3308351039886475,0,False
0,2.531926155090332,2,False
2,3.639289379119873,0,False
3,4.038140296936035,1,False
0,2.0471980571746826,2,False
3,0.7621294260025024,1,False
2,1.8026024103164673,0,False
1,1.6749303340911865,1,False
1,1.1061042547225952,2,False
0,3.74886417388916,0,False
3,1.364171028137207,1,False
2,1.2968591451644897,0,False
2,1.7413755655288696,0,False
0,2.7747840881347656,1,False
1,1.9444113969802856,2,False
3,1.9436922073364258,2,False
0,3.6972689628601074,1,False
2,4.5609283447265625,0,False
3,1.5151996612548828,0,False
1,3.001676082611084,0,False
3,2.221432685852051,1,False
0,2.0964319705963135,1,False
2,1.337659239768982,0,False
1,2.8831586837768555,1,False
0,2.167281150817871,0,False
1,1.5235921144485474,2,False
2,2.929778575897217,0,False
3,2.802696943283081,2,False
3,1.8496208190917969,2,False
1,3.0286684036254883,0,False
2,1.2117509841918945,2,False
0,1.0238806009292603,0,False
2,2.204298734664917,2,False
1,1.6187299489974976,0,False
0,2.5409510135650635,1,False
3,0.9260246157646179,1,False
0,2.861690044403076,1,False
1,5.2776689529418945,1,False
3,2.164613723754883,0,False
2,4.843272686004639,1,False
2,1.9177076816558838,2,False
0,1.4714207649230957,1,False
1,2.4282500743865967,0,False
3,1.9818731546401978,0,False
2,1.7166036367416382,2,False
0,2.624650716781616,2,False
3,2.8142528533935547,1,False
1,1.449005126953125,2,False
1,1.5407936573028564,1,False
3,0.8577348589897156,1,False
2,1.4133691787719727,1,False
0,2.766225576400757,1,False
1,4.274889945983887,2,False
0,2.06729793548584,2,False
3,5.824878692626953,2,False
2,1.2416017055511475,0,False
0,1.755625605583191,1,False
3,2.1727943420410156,1,False
1,1.7584805488586426,0,False
2,1.1875081062316895,2,False
0,1.940848708152771,0,False
2,2.1352615356445312,1,False
1,1.7767114639282227,1,False
3,3.3732352256774902,0,False
3,2.5989010334014893,0,False
0,1.918893575668335,1,False
2,0.985169529914856,1,False
1,1.653571367263794,1,False
2,2.3798394203186035,0,False
0,1.3546767234802246,2,False
3,2.329162359237671,2,False
1,1.4161723852157593,0,False
0,3.774202585220337,1,False
2,4.810920238494873,1,False
1,2.2816362380981445,2,False
3,3.1867270469665527,2,False
2,1.7331562042236328,1,False
0,1.6894071102142334,1,False
3,3.703460931777954,0,False
1,1.4913337230682373,0,False
3,1.225519061088562,2,False
0,2.2797467708587646,0,False
1,3.1407365798950195,1,False
2,2.7283639907836914,2,False
0,2.3496179580688477,2,False
2,1.276550054550171,2,False
1,1.8357455730438232,0,False
3,4.9704718589782715,1,False
1,4.252266883850098,1,False
2,1.2157862186431885,2,False
0,4.096909999847412,1,False
3,2.027662515640259,1,False
3,1.3805665969848633,0,False
2,2.157376289367676,1,False
0,5.027554512023926,2,False
1,2.0181612968444824,1,False
3,2.0654170513153076,2,False
1,3.0088143348693848,2,False
2,3.668654680252075,2,False
0,3.27626895904541,1,False
0,1.430873155593872,2,False
1,2.2865238189697266,0,False
3,2.4930419921875,1,False
2,2.5604209899902344,1,False
2,1.6265840530395508,2,False
3,2.0379104614257812,1,False
1,1.6697707176208496,1,False
0,2.416879892349243,1,False
1,0.9229320287704468,2,False
0,1.1664113998413086,0,False
3,2.134686231613159,1,False
2,1.7565206289291382,0,False
0,1.9355144500732422,0,False
1,2.909517288208008,0,False
2,1.3090908527374268,0,False
3,2.3389596939086914,0,False
1,2.92777419090271,2,False
3,2.1436421871185303,0,False
2,2.3454413414001465,0,False
0,2.2947113513946533,0,False
0,1.973470687866211,0,False
2,2.327610969543457,1,False
3,0.7304741144180298,0,False
1,1.3468302488327026,2,False
2,2.866338014602661,2,False
1,3.209242820739746,1,False
3,1.7450894117355347,0,False
0,2.2834384441375732,0,False
0,2.1394639015197754,0,False
1,1.2541747093200684,1,False
3,1.307176947593689,0,False
2,2.3507466316223145,0,False
1,2.122500419616699,0,False
3,3.609241247177124,2,False
2,3.9756338596343994,1,False
0,2.1139323711395264,2,False
0,2.094883680343628,1,False
1,1.7258915901184082,0,False
2,2.188302993774414,2,False
3,1.4157880544662476,2,False
3,1.7774107456207275,2,False
0,1.1166801452636719,2,False
2,3.0918877124786377,0,False
1,2.2860820293426514,0,False
2,1.387457251548767,2,False
0,2.61301851272583,0,False
3,3.533519744873047,1,False
1,3.5530052185058594,2,False
1,3.789578914642334,2,False
0,1.9343831539154053,2,False
3,2.9222798347473145,0,False
2,1.775586485862732,2,False
3,2.381099224090576,1,False
1,3.539611339569092,1,False
0,1.348010540008545,2,False
2,2.0222511291503906,1,False
0,4.486110210418701,1,False
1,2.175227642059326,1,False
2,1.873887538909912,0,False
3,2.062058925628662,0,False
0,1.5797524452209473,2,False
3,2.424285888671875,2,False
2,3.3507587909698486,1,False
1,3.8269588947296143,1,False
1,1.2593978643417358,0,False
0,1.776977300643921,0,False
2,2.2473413944244385,2,False
3,2.2313153743743896,0,False
3,1.3448457717895508,0,False
0,3.853421926498413,1,False
2,3.6949844360351562,1,False
1,1.9422258138656616,2,False
0,1.9294847249984741,2,False
2,1.4981023073196411,0,False
3,3.309138298034668,1,False
1,2.3965611457824707,2,False
3,2.606278896331787,0,False
1,3.5426254272460938,1,False
0,1.774211049079895,0,False
2,2.045058488845825,2,False
2,3.8410446643829346,1,False
0,2.2920339107513428,1,False
1,1.4217054843902588,0,False
3,2.014498710632324,1,False
1,1.7687797546386719,2,False
3,1.9334716796875,2,False
2,5.104489326477051,1,False
0,2.5461716651916504,0,False
3,1.4882968664169312,2,False
0,2.2503137588500977,0,False
2,2.06528639793396,0,False
1,4.17335319519043,1,False
0,2.6988513469696045,0,False
2,3.4633119106292725,1,False
1,1.2896382808685303,2,False
3,2.554215431213379,1,False
3,1.1906176805496216,2,False
0,1.3893415927886963,0,False
1,0.9634605646133423,0,False
2,2.5550553798675537,1,False
1,3.5996553897857666,0,False
3,0.9559584856033325,0,False
2,5.644955635070801,1,False
0,3.0339131355285645,0,False
2,2.1335198879241943,1,False
0,1.2042653560638428,0,False
3,2.031020164489746,2,False
1,2.6728200912475586,1,False
2,3.0617287158966064,1,False
1,4.302152633666992,2,False
0,5.367894172668457,1,False
3,1.0263323783874512,2,False
2,2.8559436798095703,2,False
0,2.7566051483154297,1,False
1,5.330567359924316,1,False
3,3.0361766815185547,1,False
0,1.8134164810180664,1,False
3,5.277914047241211,1,False
1,1.6848937273025513,2,False
2,3.209897994995117,1,False
1,1.3730897903442383,2,False
2,1.243248462677002,2,False
0,1.3231459856033325,0,False
3,1.6580662727355957,2,False
1,1.000058650970459,0,False
0,2.043671131134033,2,False
3,3.269670248031616,2,False
2,4.79884672164917,1,False
1,2.0702695846557617,0,False
2,1.1277440786361694,2,False
3,1.3836838006973267,2,False
0,1.891723394393921,0,False
2,2.348994255065918,0,False
1,1.2505433559417725,2,False
3,2.0126113891601562,2,False
0,5.028654098510742,1,False
1,2.0473997592926025,0,False
3,2.2209126949310303,2,False
2,1.298532247543335,0,False
0,1.684784173965454,2,False
2,3.086200475692749,0,False
1,1.7436914443969727,0,False
3,0.9592390656471252,0,False
0,3.141561985015869,1,False
0,1.7327851057052612,0,False
2,3.4872219562530518,1,False
3,1.5696001052856445,2,False
1,1.6101200580596924,2,False
0,2.1180968284606934,0,False
1,2.5742664337158203,1,False
3,3.4432215690612793,2,False
2,6.377502918243408,1,False
1,1.5725739002227783,0,False
2,2.8646459579467773,0,False
3,6.516739845275879,1,False
0,1.8159098625183105,2,False
2,1.3744438886642456,0,False
0,3.463954448699951,2,False
3,1.2874526977539062,2,False
1,3.1963980197906494,1,False
2,2.1579904556274414,0,False
0,2.0294227600097656,1,False
3,5.322855472564697,1,False
1,6.263523578643799,1,False
3,2.5509252548217773,2,False
1,5.904975414276123,1,False
0,1.7857074737548828,2,False
2,1.6711560487747192,2,False
2,1.4181219339370728,0,False
0,1.4774754047393799,0,False
1,1.960715413093567,1,False
3,2.2478582859039307,2,False
1,2.5326004028320312,0,False
3,2.300809383392334,1,False
0,2.453597068786621,1,False
2,2.0839905738830566,0,False
2,2.3856801986694336,0,False
3,3.183783769607544,1,False
1,3.650536298751831,0,False
0,3.480229377746582,1,False
2,1.289292335510254,2,False
0,1.3149168491363525,2,False
1,5.751003742218018,1,False
3,2.2358474731445312,1,False
3,3.213809013366699,1,False
1,2.3221218585968018,0,False
2,1.8808910846710205,0,False
0,2.910851240158081,1,False
3,2.977954864501953,2,False
2,2.097745895385742,2,False
1,1.2401996850967407,0,False
0,1.223294973373413,2,False
2,0.6636272072792053,0,False
0,2.348679542541504,2,False
3,2.2161900997161865,0,False
1,1.9875915050506592,0,False
0,2.77553129196167,0,False
2,1.3642213344573975,0,False
1,2.269986867904663,1,False
3,1.9030689001083374,2,False
3,5.525181293487549,0,False
1,2.0771121978759766,1,False
2,2.4213333129882812,2,False
0,2.946474075317383,1,False
2,3.451521396636963,1,False
0,1.3268318176269531,1,False
1,1.2365658283233643,0,False
3,2.2677340507507324,0,False
0,2.7953310012817383,0,False
1,1.886739730834961,2,False
3,1.4488078355789185,0,False
2,2.660851001739502,1,False
0,3.6127378940582275,2,False
2,2.788822889328003,0,False
3,3.1714324951171875,1,False
1,1.6337130069732666,2,False
0,2.871781349182129,1,False
2,5.416536331176758,1,False
1,1.3116077184677124,2,False
3,3.3157899379730225,1,False
1,2.245871067047119,0,False
0,2.3487253189086914,1,False
3,1.3649790287017822,0,False
2,2.251338481903076,1,False
0,1.539970874786377,0,False
3,2.5850918292999268,1,False
1,5.190716743469238,0,False
2,1.876470923423767,2,False
2,3.398430824279785,2,False
3,3.0247907638549805,1,False
1,1.8419936895370483,0,False
0,1.3846259117126465,2,False
3,2.5105507373809814,2,False
1,2.6652309894561768,2,False
2,1.2061409950256348,0,False
0,2.013400077819824,2,False
1,2.39414644241333,1,False
3,1.4173033237457275,0,False
2,1.3891282081604004,0,False
0,3.645704507827759,0,False
1,1.115837574005127,2,False
2,2.1640138626098633,2,False
0,1.5435583591461182,1,False
3,3.0974059104919434,1,False
1,1.251695990562439,2,False
3,1.8734265565872192,0,False
2,2.372905969619751,1,False
0,2.0376267433166504,2,False
3,0.963219165802002,0,False
2,1.3697056770324707,2,False
0,3.2123446464538574,1,False
1,2.1129322052001953,0,False
3,1.4250948429107666,2,False
0,0.46164485812187195,2,False
1,1.6764318943023682,1,False
2,4.74613094329834,1,False
2,2.2581491470336914,0,False
3,1.4444754123687744,0,False
1,5.290269374847412,1,False
0,1.6060088872909546,2,False
3,1.2567057609558105,2,False
1,1.8218053579330444,0,False
2,1.7150877714157104,2,False
0,3.3167173862457275,0,False
1,1.2732080221176147,2,False
0,1.9385493993759155,1,False
3,6.482666492462158,1,False
2,4.806332111358643,2,False
1,1.7018260955810547,2,False
3,2.560964345932007,1,False
2,1.278607964515686,1,False
0,1.6611826419830322,1,False
0,2.2355589866638184,0,False
3,3.663156032562256,1,False
2,4.273954391479492,0,False
1,1.7347455024719238,2,False
0,6.1599884033203125,1,False
1,1.7441123723983765,2,False
3,2.4702835083007812,2,False
2,1.707249402999878,0,False
1,2.426011562347412,0,False
3,2.144541025161743,2,False
2,2.245131492614746,1,False
0,1.6412837505340576,0,False
3,1.2239651679992676,2,False
2,2.4332375526428223,1,False
0,2.704677104949951,1,False
1,4.0928802490234375,0,False
1,2.458449602127075,1,False
2,1.749670147895813,0,False
0,2.1177451610565186,2,False
3,3.21601939201355,1,False
2,2.237962007522583,2,False
1,2.79510498046875,2,False
0,1.5701649188995361,2,False
3,0.8941366076469421,0,False
2,1.8182458877563477,0,False
3,3.040976047515869,0,False
0,1.708743929862976,2,False
1,5.474550247192383,2,False
3,5.80463171005249,0,False
1,4.939810276031494,1,False
2,2.7855653762817383,1,False
0,1.0760235786437988,0,False
1,1.8989572525024414,2,False
3,3.078472852706909,1,False
0,2.4973654747009277,1,False
2,2.1269288063049316,2,False
0,2.6318745613098145,1,False
2,2.1389245986938477,0,False
1,2.582524538040161,1,False
3,3.580202579498291,0,False
0,6.278067588806152,1,False
3,2.1388559341430664,2,False
1,0.43026649951934814,0,False
2,1.9306843280792236,0,False
3,2.166651487350464,2,False
0,1.0176091194152832,2,False
2,4.48922061920166,1,False
1,3.2319648265838623,1,False
0,1.6773349046707153,2,False
2,7.749744892120361,1,False
3,1.3137694597244263,2,False
1,2.2100987434387207,0,False
1,1.1103243827819824,2,False
3,2.181194305419922,2,False
2,2.544865131378174,0,False
0,1.6901073455810547,0,False
1,1.6335140466690063,2,False
3,3.6545662879943848,1,False
0,4.931082248687744,1,False
2,1.99504554271698,2,False
3,1.6822599172592163,1,False
1,3.7045438289642334,1,False
2,6.467129707336426,1,False
0,2.1593050956726074,2,False
1,1.5577574968338013,0,False
3,1.3729339838027954,2,False
2,1.6245449781417847,1,False
0,1.7324748039245605,1,False
3,1.9084208011627197,0,False
2,1.9912753105163574,2,False
0,2.0414657592773438,1,False
1,2.0264828205108643,1,False
0,1.598931908607483,1,False
2,1.161998987197876,2,False
3,2.355973720550537,0,False
1,2.151285171508789,2,False
3,2.286680221557617,2,False
2,2.050056219100952,0,False
1,0.8624495267868042,0,False
0,4.716673851013184,2,False
1,2.3994836807250977,2,False
2,2.1210596561431885,0,False
0,2.7529752254486084,0,False
3,1.8203530311584473,2,False
1,1.2920632362365723,0,False
3,3.0051374435424805,2,False
2,2.962930202484131,1,False
0,1.8551228046417236,0,False
0,1.242095708847046,0,False
3,1.4597355127334595,0,False
2,1.8504488468170166,0,False
1,2.440178155899048,0,False
0,1.6149595975875854,1,False
2,1.2509000301361084,2,False
1,2.0877206325531006,0,False
3,1.8731207847595215,1,False
3,2.5393319129943848,2,False
0,2.3145251274108887,1,False
2,1.9051803350448608,1,False
1,4.388240814208984,0,False
2,1.718069314956665,2,False
0,1.2022488117218018,0,False
1,1.8466522693634033,0,False
3,1.3491394519805908,2,False
1,2.1032087802886963,2,False
3,1.7191162109375,0,False
0,2.0176262855529785,2,False
2,4.341652870178223,1,False
3,3.5787572860717773,2,False
1,3.349836826324463,2,False
0,2.22312068939209,2,False
2,2.20481014251709,1,False
2,1.1580616235733032,2,False
0,1.4454087018966675,0,False
1,2.1536314487457275,1,False
3,3.650266170501709,1,False
1,1.6744019985198975,0,False
3,2.5375871658325195,1,False
2,1.2710226774215698,0,False
0,2.1611151695251465,2,False
3,2.4760828018188477,0,False
2,1.6362218856811523,2,False
0,2.28839111328125,1,False
1,2.3948631286621094,1,False
2,2.7841086387634277,1,False
3,4.486541271209717,2,False
0,4.156162738800049,1,False
1,2.3047962188720703,2,False
3,1.7686913013458252,2,False
1,1.772975206375122,0,False
2,4.317348480224609,0,False
0,7.913322925567627,1,False
3,1.7794950008392334,1,False
1,2.1609158515930176,2,False
2,2.451303720474243,1,False
0,1.3111416101455688,0,False
2,1.9803122282028198,0,False
0,2.1559629440307617,1,False
3,5.322824478149414,2,False
1,2.1400482654571533,1,False
0,2.771333694458008,0,False
3,1.2315937280654907,0,False
1,2.7751967906951904,1,False
2,1.9871721267700195,0,False
2,1.172223448753357,0,False
3,2.352928638458252,2,False
0,4.332766056060791,1,False
1,2.3144454956054688,1,False
2,2.2674930095672607,2,False
3,5.989388465881348,0,False
1,2.5428552627563477,2,False
0,2.520540714263916,0,False
1,1.944249153137207,1,False
2,2.2604682445526123,1,False
0,2.240476131439209,1,False
3,2.0105035305023193,2,False
3,2.175583839416504,1,False
1,1.504361629486084,1,False
0,2.7833547592163086,1,False
2,5.209953308105469,1,False
0,2.92095685005188,0,False
3,2.9202182292938232,1,False
1,1.5534096956253052,2,False
2,2.3008081912994385,2,False
2,2.2400741577148438,0,False
1,1.3754223585128784,0,False
0,2.2022738456726074,0,False
3,1.3051549196243286,0,False
0,2.344766139984131,1,False
1,3.2817153930664062,0,False
3,2.299384117126465,2,False
2,2.597421884536743,1,False
0,2.7065491676330566,2,False
3,2.1517386436462402,2,False
2,1.766113519668579,2,False
1,2.2276268005371094,0,False
0,1.5411591529846191,0,False
2,1.7826061248779297,2,False
3,1.6033282279968262,0,False
1,2.01460337638855,2,False
1,2.2067692279815674,0,False
3,2.147770404815674,1,False
0,3.690305233001709,0,False
2,2.754046678543091,1,False
1,0.991818904876709,2,False
0,1.6538605690002441,1,False
2,2.2948427200317383,0,False
3,1.639886736869812,2,False
2,1.6670787334442139,2,False
3,2.0255978107452393,2,False
1,2.421201705932617,1,False
0,1.8642843961715698,2,False
3,1.670322060585022,2,False
0,1.6695873737335205,2,False
2,2.2519450187683105,0,False
1,2.0196542739868164,1,False
3,3.399165153503418,0,False
0,1.4891257286071777,2,False
2,2.0144524574279785,0,False
1,1.7572225332260132,1,False
0,1.4977550506591797,0,False
1,2.2745907306671143,1,False
2,1.7105495929718018,1,False
3,1.754016637802124,0,False
3,1.8457173109054565,0,False
2,2.5838239192962646,2,False
1,1.3767292499542236,2,False
0,2.324310779571533,1,False
1,2.1352498531341553,1,False
3,2.0914974212646484,1,False
0,2.667238235473633,0,False
2,4.31352424621582,0,False
2,2.5235695838928223,1,False
0,4.948279857635498,2,False
3,1.6252957582473755,0,False
1,1.819175362586975,2,False
0,1.6348565816879272,2,False
2,3.903686046600342,0,False
1,2.5320096015930176,0,False
3,2.308363437652588,0,False
2,1.9910645484924316,0,False
3,2.077817440032959,2,False
0,4.7715163230896,1,False
1,2.088465690612793,0,False
2,1.9932775497436523,0,False
1,1.5751733779907227,0,False
0,1.5542151927947998,0,False
3,2.0562210083007812,2,False
0,1.7919020652770996,2,False
1,0.6457246541976929,2,False
3,2.100719690322876,1,False
2,1.4938851594924927,2,False
1,2.6480765342712402,1,False
2,3.4700727462768555,2,False
3,1.3741837739944458,2,False
0,4.412136554718018,1,False
0,1.9572513103485107,0,False
2,1.840919852256775,2,False
1,1.439258337020874,2,False
3,1.6071481704711914,1,False
1,5.0495381355285645,0,False
2,1.6728146076202393,2,False
3,2.123133897781372,2,False
0,1.9742273092269897,1,False
0,1.4354242086410522,0,False
2,2.5441555976867676,1,False
1,4.111841201782227,2,False
3,2.67744779586792,0,False
1,1.3900142908096313,0,False
2,1.570026159286499,1,False
0,1.6731680631637573,2,False
3,1.6177433729171753,2,False
2,2.1409528255462646,1,False
3,2.107252359390259,1,False
0,1.564347743988037,0,False
1,1.6930186748504639,2,False
1,2.5638937950134277,2,False
3,1.5843807458877563,1,False
2,2.6113548278808594,0,False
0,2.2335848808288574,1,False
1,1.8421516418457031,0,False
3,3.7890703678131104,1,False
0,2.8567960262298584,1,False
2,1.447075366973877,1,False
0,1.8600620031356812,0,False
2,2.032858371734619,1,False
3,3.1637392044067383,2,False
1,4.018387317657471,1,False
2,1.5630977153778076,0,False
1,1.5019654035568237,2,False
3,1.9270786046981812,0,False
0,2.0996618270874023,0,False
2,2.125194549560547,2,False
0,1.427198886871338,0,False
1,1.4762251377105713,0,False
3,3.777594804763794,2,False
2,1.1855947971343994,0,False
3,1.9092577695846558,1,False
0,2.7046163082122803,1,False
1,1.9003980159759521,2,False
3,2.186781883239746,1,False
2,2.2625324726104736,0,False
1,1.184082269668579,2,False
0,1.8544259071350098,1,False
3,1.5962879657745361,1,False
2,2.827791213989258,2,False
1,2.700601100921631,1,False
0,2.3875694274902344,1,False
1,2.266606330871582,0,False
0,2.8047664165496826,2,False
2,2.586839199066162,1,False
3,1.5846797227859497,2,False
3,0.7663507461547852,2,False
1,1.448274850845337,2,False
2,2.2914528846740723,1,False
0,2.415708541870117,0,False
0,4.444764137268066,1,False
2,1.5508980751037598,0,False
1,2.0030393600463867,2,False
3,2.0574235916137695,1,False
1,2.477628231048584,0,False
2,1.4569151401519775,2,False
0,1.7829372882843018,0,False
3,1.6000946760177612,2,False
3,1.9103199243545532,1,False
2,4.712104797363281,1,False
1,2.0303597450256348,2,False
0,2.6473758220672607,0,False
2,1.812469720840454,1,False
1,2.4416120052337646,0,False
3,3.4340996742248535,0,False
0,5.282290935516357,0,False
3,1.6537598371505737,0,False
1,1.7715606689453125,0,False
0,2.2057580947875977,1,False
2,5.619326591491699,1,False
2,6.75373649597168,1,False
1,1.7943463325500488,0,False
0,2.0792157649993896,1,False
3,3.061434030532837,2,False
2,2.1721410751342773,1,False
3,1.8423339128494263,1,False
0,4.2924041748046875,1,False
1,1.493560791015625,0,False
0,1.8775203227996826,0,False
2,1.9777264595031738,0,False
1,1.5959649085998535,1,False
3,2.0328807830810547,0,False
3,1.4440311193466187,0,False
1,1.6779286861419678,2,False
0,1.973235845565796,2,False
2,1.3035975694656372,2,False
3,2.053133487701416,2,False
2,0.6233874559402466,0,False
0,1.4797213077545166,2,False
1,1.8413066864013672,2,False
0,1.831369400024414,1,False
3,1.7787318229675293,2,False
1,1.8605985641479492,1,False
2,2.3177366256713867,0,False
1,1.4020429849624634,2,False
0,2.008854389190674,2,False
3,2.214426040649414,1,False
2,1.926386833190918,0,False
3,2.206885814666748,0,False
0,2.3655965328216553,2,False
2,2.026737689971924,0,False
1,3.394698143005371,1,False
0,2.447067975997925,1,False
3,4.861814498901367,2,False
2,3.390371322631836,1,False
1,0.7952650785446167,2,False
1,4.2723588943481445,2,False
0,2.066801071166992,1,False
2,2.596613883972168,1,False
3,3.3120646476745605,0,False
1,1.9093542098999023,2,False
3,2.2557320594787598,1,False
2,1.057138442993164,2,False
0,2.574606418609619,0,False
0,1.528949499130249,0,False
1,2.2328357696533203,1,False
3,2.337249994277954,1,False
2,3.57854962348938,1,False
1,2.120043992996216,0,False
0,2.6311280727386475,0,False
3,2.0146291255950928,0,False
2,4.806021690368652,1,False
1,2.024082660675049,2,False
2,2.8071377277374268,2,False
0,2.185350179672241,2,False
3,1.7696974277496338,2,False
0,3.32485294342041,0,False
2,2.1923768520355225,2,False
3,1.863983392715454,0,False
1,1.0697226524353027,0,False
1,2.5687851905822754,1,False
0,2.113596200942993,1,False
3,2.16174054145813,0,False
2,3.397186040878296,1,False
1,2.303267002105713,0,False
3,2.0575878620147705,1,False
2,3.4025988578796387,1,False
0,2.222646713256836,2,False
3,4.606624603271484,1,False
1,4.990462303161621,1,False
0,4.13749885559082,1,False
2,2.2040843963623047,1,False
0,1.5365633964538574,1,False
3,1.5852928161621094,0,False
1,1.9344841241836548,1,False
2,1.0896763801574707,2,False
2,2.1639695167541504,0,False
3,1.7337594032287598,2,False
0,1.7224942445755005,2,False
1,2.39359712600708,0,False
2,1.8474297523498535,1,False
0,1.9408491849899292,2,False
3,4.417444705963135,1,False
1,1.9030115604400635,0,False
0,2.5286412239074707,1,False
2,3.521028518676758,2,False
1,1.712153434753418,1,False
3,4.168351650238037,2,False
0,2.37497615814209,0,False
1,2.059884548187256,1,False
2,2.0223026275634766,1,False
3,1.3401038646697998,2,False
2,1.7061333656311035,1,False
0,1.1723439693450928,2,False
3,1.5914368629455566,1,False
1,4.4597272872924805,1,False
2,1.6457819938659668,0,False
1,1.1943540573120117,0,False
3,1.4114329814910889,0,False
0,2.496877670288086,0,False
0,1.8113470077514648,0,False
1,2.191542148590088,1,False
3,1.669123649597168,0,False
2,2.3071234226226807,0,False
2,2.4242050647735596,2,False
0,1.6854007244110107,1,False
1,2.0232722759246826,1,False
3,2.1462349891662598,1,False
2,2.354964017868042,0,False
1,1.8828380107879639,1,False
3,3.048663854598999,1,False
0,4.318360805511475,0,False
2,1.667732834815979,0,False
3,1.9839892387390137,2,False
1,1.960068941116333,1,False
0,1.6533374786376953,0,False
0,2.1450114250183105,2,False
2,1.511913537979126,0,False
1,2.1019973754882812,1,False
3,1.7874023914337158,2,False
3,3.2975828647613525,2,False
2,3.235750675201416,0,False
1,3.2423527240753174,1,False
0,1.9216763973236084,1,False
1,0.9727726578712463,2,False
3,2.681025505065918,2,False
0,1.6631399393081665,2,False
2,2.30527400970459,2,False
2,1.611968755722046,2,False
3,2.3614814281463623,0,False
0,2.1298625469207764,0,False
1,1.4293322563171387,2,False
1,1.3161847591400146,0,False
2,2.3601162433624268,1,False
0,3.836866855621338,0,False
3,4.122518062591553,1,False
2,2.876628875732422,1,False
1,1.2647310495376587,0,False
0,1.459567666053772,0,False
3,1.2069902420043945,0,False
3,1.0237394571304321,2,False
2,1.3294389247894287,2,False
1,4.085632801055908,1,False
0,4.887257099151611,2,False
3,2.137242317199707,2,False
0,1.3425061702728271,2,False
2,1.5257765054702759,0,False
1,3.2598800659179688,0,False
1,1.8373674154281616,2,False
2,2.0032031536102295,2,False
3,1.5977001190185547,0,False
0,2.22287917137146,2,False
3,1.5763590335845947,2,False
0,1.3298618793487549,2,False
1,1.8180241584777832,2,False
2,1.6075283288955688,2,False
0,1.286468267440796,0,False
3,3.64237642288208,1,False
2,1.74341881275177,1,False
1,2.2822532653808594,0,False
1,3.8148491382598877,2,False
2,2.3094711303710938,2,False
0,6.1519670486450195,1,False
3,2.6432583332061768,0,False
0,2.0025558471679688,1,False
3,2.472766876220703,0,False
1,5.068270206451416,1,False
2,1.8659780025482178,1,False
1,2.3343276977539062,2,False
2,1.8995156288146973,1,False
3,2.092541217803955,0,False
0,2.9876441955566406,0,False
0,1.763787865638733,0,False
1,2.148940086364746,2,False
2,1.7742924690246582,2,False
3,3.9911890029907227,1,False
1,2.4720094203948975,0,False
3,1.712815761566162,2,False
2,3.4733896255493164,2,False
0,1.3861877918243408,2,False
3,1.9325002431869507,2,False
0,3.8879690170288086,1,False
2,2.2221202850341797,0,False
1,1.7906899452209473,0,False
2,3.5821053981781006,2,False
0,3.154560089111328,2,False
1,3.278038740158081,0,False
3,1.6743556261062622,1,False
2,2.213618278503418,2,False
3,1.9468958377838135,0,False
0,1.4430941343307495,2,False
1,3.27400803565979,0,False
2,1.6428310871124268,0,False
1,3.80944561958313,2,False
3,1.3881397247314453,2,False
0,5.469996452331543,1,False
0,1.299482822418213,2,False
1,2.326864242553711,1,False
3,1.6193063259124756,2,False
2,5.515004634857178,1,False
0,1.8822026252746582,1,False
2,1.3914884328842163,0,False
1,3.210723400115967,1,False
3,1.4382190704345703,2,False
0,1.6339761018753052,2,False
3,1.9073097705841064,0,False
2,1.7064296007156372,2,False
1,3.8575332164764404,1,False
2,1.618751883506775,2,False
0,3.473508596420288,2,False
1,1.0935320854187012,2,False
3,2.036433219909668,2,False
1,2.8454251289367676,0,False
0,1.9570575952529907,2,False
3,1.2750641107559204,0,False
2,2.2118937969207764,1,False
2,1.1883211135864258,0,False
1,2.3078839778900146,1,False
3,2.8228261470794678,1,False
0,5.150245666503906,0,False
2,1.7967262268066406,1,False
0,3.316343069076538,1,False
1,1.9091123342514038,0,False
3,1.7903591394424438,2,False
3,2.8352982997894287,2,False
1,1.7846732139587402,2,False
0,2.983981132507324,1,False
2,2.535292863845825,1,False
0,2.524484157562256,1,False
1,1.2965906858444214,2,False
2,2.057054042816162,1,False
3,2.804929733276367,0,False
3,4.904271602630615,0,False
2,1.5510778427124023,1,False
0,1.9170448780059814,0,False
1,1.6448522806167603,2,False
3,4.81205415725708,0,False
1,2.308720350265503,2,False
2,1.8893041610717773,2,False
0,1.8503127098083496,1,False
1,1.9192651510238647,0,False
2,1.8911141157150269,0,False
0,3.9867424964904785,0,False
3,1.996299147605896,2,False
2,3.766408681869507,2,False
3,3.6831302642822266,2,False
0,1.1479171514511108,0,False
1,1.8996798992156982,1,False
3,1.4782798290252686,2,False
2,5.366739749908447,0,False
1,1.8640955686569214,2,False
0,1.9243472814559937,1,False
2,1.5408908128738403,0,False
0,1.5779149532318115,0,False
1,1.7777273654937744,0,False
3,2.523954391479492,0,False
3,2.834317684173584,1,False
2,2.312260627746582,2,False
0,0.9059703350067139,2,False
1,1.4797637462615967,0,False
0,2.2527682781219482,2,False
1,3.294302463531494,2,False
3,2.119006872177124,0,False
2,2.4503884315490723,1,False
3,1.5374295711517334,1,False
2,1.029274582862854,2,False
1,0.9498807191848755,2,False
0,1.7169880867004395,1,False
1,1.9180647134780884,1,False
2,1.9445171356201172,1,False
3,1.686885952949524,2,False
0,2.2680790424346924,1,False
1,2.306518793106079,1,False
3,2.111363172531128,2,False
2,2.5300891399383545,0,False
0,2.2613251209259033,0,False
3,1.4913820028305054,2,False
0,1.4699279069900513,0,False
2,2.1092023849487305,0,False
1,2.006443738937378,2,False
1,5.245300769805908,0,False
0,2.262319564819336,1,False
3,1.6322988271713257,2,False
2,1.6222182512283325,2,False
3,1.5201051235198975,1,False
0,1.8377408981323242,2,False
2,4.4019694328308105,0,False
1,2.137627601623535,1,False
0,2.244297981262207,0,False
1,3.5165557861328125,1,False
3,3.5571391582489014,1,False
2,1.4060943126678467,1,False
3,1.4226398468017578,1,False
1,1.9427905082702637,0,False
2,2.1366894245147705,0,False
0,3.4584803581237793,0,False
3,2.9523510932922363,0,False
2,2.7070627212524414,1,False
1,2.3632707595825195,0,False
0,2.0240478515625,1,False
3,1.9095282554626465,1,False
1,2.6464767456054688,1,False
0,3.662043333053589,1,False
2,2.1428933143615723,1,False
2,1.4754377603530884,1,False
0,4.297253131866455,0,False
3,1.4011539220809937,2,False
1,2.3564705848693848,2,False
2,1.5569103956222534,2,False
3,1.6403350830078125,2,False
0,4.877402305603027,0,False
1,5.2629523277282715,0,False
1,2.4134750366210938,1,False
0,1.8736003637313843,0,False
2,2.0726046562194824,0,False
3,2.8245632648468018,2,False
2,1.891731858253479,2,False
1,3.1771397590637207,1,False
3,2.072702646255493,2,False
0,4.12501335144043,2,False
3,1.9756057262420654,1,False
2,2.5873382091522217,1,False
0,2.649275064468384,0,False
1,1.7738330364227295,0,False
0,4.062201976776123,1,False
1,3.024739980697632,0,False
3,1.324620246887207,0,False
2,3.688206672668457,1,False
0,1.6686559915542603,2,False
2,1.8485090732574463,0,False
1,2.1132473945617676,2,False
3,2.3978335857391357,0,False
0,2.107069492340088,1,False
2,2.589933395385742,1,False
3,3.584151029586792,0,False
1,1.889127254486084,1,False
2,1.307871699333191,2,False
0,3.523073673248291,0,False
1,1.4405969381332397,2,False
3,2.6215648651123047,0,False
1,1.791251540184021,1,False
3,1.341277837753296,0,False
2,1.0949487686157227,2,False
0,1.745187520980835,2,False
1,2.2407093048095703,0,False
3,3.79457426071167,0,False
2,2.3745288848876953,1,False
0,6.20706033706665,0,False
0,4.353519439697266,2,False
3,2.32021164894104,1,False
1,1.4446160793304443,2,False
2,2.450505495071411,1,False
0,4.3313069343566895,0,False
1,3.7649717330932617,2,False
3,1.787282109260559,0,False
2,2.29140305519104,0,False
3,2.371636390686035,2,False
0,2.0393824577331543,2,False
2,1.3350319862365723,2,False
1,2.0592448711395264,2,False
3,2.1615219116210938,1,False
0,1.9270820617675781,1,False
2,2.0644350051879883,0,False
1,1.848278522491455,1,False
2,1.5862035751342773,1,False
3,1.7357014417648315,0,False
1,2.180290460586548,2,False
0,1.7176415920257568,1,False
0,3.3861074447631836,1,False
3,1.4122388362884521,0,False
2,2.2313928604125977,1,False
1,2.0147864818573,2,False
1,1.0180397033691406,2,False
0,2.1080989837646484,2,False
2,2.0292482376098633,0,False
3,1.5078033208847046,2,False
1,1.2334702014923096,2,False
0,1.7888065576553345,1,False
3,1.257434606552124,2,False
2,1.7323455810546875,0,False
0,2.0484302043914795,1,False
2,3.1915650367736816,2,False
1,1.7189509868621826,0,False
3,1.6420148611068726,0,False
0,2.589771270751953,0,False
2,1.8413443565368652,1,False
3,1.802506446838379,0,False
1,4.05174446105957,2,False
0,2.2211740016937256,0,False
1,1.6379156112670898,2,False
3,2.120677947998047,1,False
2,6.076414108276367,1,False
1,2.131225347518921,0,False
2,3.9428701400756836,1,False
3,4.679750442504883,1,False
0,1.7507953643798828,1,False
1,2.7239017486572266,2,False
2,2.579163074493408,0,False
3,4.340219020843506,2,False
0,3.7178115844726562,1,False
0,2.763458013534546,1,False
1,3.230942726135254,1,False
2,2.1730799674987793,1,False
3,1.6023062467575073,0,False
1,4.1558074951171875,1,False
2,2.1101651191711426,0,False
3,2.296762466430664,2,False
0,1.2906757593154907,0,False
0,4.713885307312012,1,False
3,1.6566126346588135,0,False
2,5.110710620880127,0,False
1,4.670293807983398,0,False
2,1.1877222061157227,2,False
1,1.2824232578277588,1,False
3,6.143855094909668,1,False
0,1.3950785398483276,2,False
2,2.0954625606536865,0,False
1,1.6626969575881958,2,False
0,1.9715707302093506,1,False
3,1.2356438636779785,2,False
3,3.7304680347442627,1,False
0,1.7734240293502808,1,False
1,4.215744972229004,1,False
2,4.542494773864746,2,False
1,1.1098908185958862,2,False
0,4.0802106857299805,1,False
2,1.9036885499954224,2,False
3,1.7427372932434082,2,False
2,2.0138344764709473,2,False
1,1.7791078090667725,1,False
3,2.3473801612854004,0,False
0,2.5852770805358887,0,False
2,1.3749490976333618,0,False
3,1.9304096698760986,1,False
0,1.8521593809127808,1,False
1,1.233114242553711,2,False
0,0.9748938083648682,2,False
2,2.3079442977905273,1,False
1,1.7115416526794434,0,False
3,1.932736873626709,2,False
2,2.080662727355957,1,False
3,1.2745397090911865,2,False
1,1.4488424062728882,0,False
0,1.996963620185852,2,False
2,5.203963756561279,0,False
0,2.6702961921691895,1,False
3,2.080122470855713,2,False
1,2.692335367202759,0,False
1,1.9395864009857178,1,False
0,2.2086129188537598,1,False
2,1.760221242904663,2,False
3,1.7949761152267456,0,False
0,2.060986042022705,0,False
3,1.7244596481323242,2,False
2,2.2290940284729004,1,False
1,1.5122718811035156,1,False
0,1.8791462182998657,0,False
3,1.8146003484725952,0,False
2,1.5027536153793335,0,False
1,1.407575011253357,2,False
0,2.320598602294922,0,False
2,2.2661516666412354,1,False
1,2.433610439300537,1,False
3,5.331707000732422,0,False
2,1.9746381044387817,0,False
1,1.828801155090332,0,False
0,1.304335594177246,0,False
3,2.053774833679199,2,False
3,2.353475332260132,1,False
2,1.796492099761963,2,False
0,2.825316905975342,2,False
1,1.5987532138824463,2,False
2,1.0579736232757568,2,False
0,2.3553948402404785,0,False
1,2.2074947357177734,0,False
3,1.4142212867736816,1,False
0,2.8836281299591064,0,False
3,5.961023807525635,1,False
1,3.747941017150879,1,False
2,1.2494194507598877,2,False
3,0.46504709124565125,2,False
1,3.6327145099639893,0,False
2,1.866907000541687,2,False
0,2.3764100074768066,1,False
3,2.266850233078003,0,False
2,2.5122499465942383,0,False
0,2.0429344177246094,1,False
1,1.7687422037124634,2,False
0,1.8972184658050537,0,False
2,3.6211462020874023,1,False
3,1.5650160312652588,0,False
1,1.378892421722412,0,False
2,2.643092393875122,0,False
1,3.2574634552001953,1,False
3,6.010221481323242,1,False
0,0.422086626291275,2,False
2,2.3553221225738525,0,False
1,2.7265851497650146,2,False
0,4.7827863693237305,2,False
3,4.284784317016602,1,False
0,2.2323520183563232,0,False
2,4.828308582305908,2,False
1,2.224865436553955,2,False
3,1.8171415328979492,2,False
3,2.7367959022521973,0,False
0,3.766535758972168,0,False
1,2.01324462890625,2,False
2,3.67868971824646,1,False
2,2.5954294204711914,1,False
3,2.508784770965576,2,False
0,1.3133043050765991,0,False
1,2.335270881652832,0,False
0,4.459653377532959,1,False
3,2.272601366043091,1,False
2,2.6348986625671387,0,False
1,4.458117485046387,2,False
1,3.9827523231506348,2,False
2,6.0988616943359375,0,False
3,2.1280465126037598,0,False
0,2.6294972896575928,0,False
0,1.5441374778747559,0,False
2,1.518351435661316,0,False
1,3.886655330657959,2,False
3,2.008573055267334,2,False
1,2.535296678543091,2,False
0,1.9688512086868286,0,False
2,1.7134709358215332,2,False
3,1.5024447441101074,2,False
0,5.815452575683594,1,False
2,2.4098961353302,2,False
3,2.5713024139404297,0,False
1,4.895127773284912,2,False
0,1.3895286321640015,0,False
1,2.011301279067993,0,False
3,1.8149000406265259,0,False
2,1.5979418754577637,2,False
2,1.1838129758834839,2,False
0,2.383601665496826,1,False
3,2.0116443634033203,0,False
1,0.670188307762146,2,False
0,1.0219578742980957,2,False
3,1.15288507938385,2,False
2,2.2478275299072266,2,False
1,0.8456194996833801,2,False
1,4.904682159423828,0,False
2,2.238335132598877,1,False
3,1.5652008056640625,1,False
0,2.049701690673828,1,False
1,1.802534818649292,0,False
2,5.403621673583984,1,False
0,2.0024142265319824,1,False
3,1.7625917196273804,0,False
3,2.711825370788574,0,False
1,0.7710621953010559,2,False
2,2.5605692863464355,0,False
0,2.855098009109497,0,False
1,3.9822211265563965,1,False
0,1.6610338687896729,2,False
3,3.6272644996643066,0,False
2,1.2776747941970825,1,False
3,2.3805432319641113,0,False
0,1.0450506210327148,0,False
2,2.0177741050720215,0,False
1,0.9617162346839905,2,False
1,1.4464352130889893,2,False
3,2.121006488800049,2,False
2,1.9974002838134766,2,False
0,0.7788516879081726,2,False
1,1.542791485786438,2,False
3,2.3504488468170166,1,False
0,1.516991138458252,1,False
2,2.414073944091797,1,False
2,1.9222221374511719,2,False
1,1.5694599151611328,2,False
0,2.3878142833709717,2,False
3,2.141547679901123,1,False
1,1.91217041015625,0,False
2,2.5123353004455566,1,False
0,3.350538730621338,0,False
3,7.613247871398926,1,False
2,2.0560977458953857,0,False
3,3.3078343868255615,1,False
1,2.2079949378967285,1,False
0,2.249720573425293,1,False
3,2.3138835430145264,1,False
0,1.9091897010803223,0,False
1,2.0102715492248535,1,False
2,1.8837825059890747,0,False
1,2.3341283798217773,1,False
3,2.309131383895874,0,False
2,1.8594436645507812,1,False
0,1.0336670875549316,2,False
2,7.4207916259765625,1,False
0,1.603684902191162,2,False
1,2.1069884300231934,1,False
3,2.2079415321350098,1,False
3,2.624631881713867,1,False
1,2.3665032386779785,0,False
0,4.471628665924072,2,False
2,2.3883426189422607,1,False
0,2.0542349815368652,1,False
3,1.603812575340271,0,False
1,4.090873718261719,1,False
2,3.1504194736480713,1,False
1,2.6372666358947754,0,False
3,1.9024605751037598,2,False
0,2.244870662689209,2,False
2,2.5578224658966064,0,False
0,2.995516777038574,2,False
2,3.662811279296875,1,False
3,1.881880283355713,1,False
1,2.2912702560424805,1,False
3,1.6425687074661255,2,False
2,4.000063896179199,2,False
1,5.005518913269043,2,False
0,4.5956830978393555,1,False
0,3.377459764480591,0,False
1,4.139249801635742,1,False
2,2.4378244876861572,0,False
3,1.198441505432129,2,False
3,3.3513267040252686,1,False
2,1.6221179962158203,1,False
1,2.03188157081604,1,False
0,2.4513087272644043,1,False
2,1.628035306930542,2,False
1,1.9305932521820068,2,False
3,1.3549596071243286,1,False
0,1.9540092945098877,2,False
3,2.6744909286499023,0,False
0,1.7983824014663696,0,False
2,1.721238136291504,0,False
1,3.576416254043579,2,False
3,2.437933921813965,0,False
1,1.478596568107605,0,False
0,2.1692726612091064,1,False
2,1.5164117813110352,1,False
2,1.8928184509277344,0,False
0,2.2251832485198975,0,False
3,1.4680142402648926,2,False
1,2.302814483642578,1,False
1,2.129305839538574,0,False
2,4.698543548583984,2,False
3,2.418858289718628,2,False
0,5.375402927398682,0,False
3,1.0545012950897217,2,False
0,2.890202760696411,1,False
2,1.9200392961502075,0,False
1,1.0384376049041748,2,False
2,3.120293617248535,1,False
0,3.8445584774017334,1,False
1,1.7170240879058838,2,False
3,2.2637979984283447,0,False
1,1.4495995044708252,2,False
0,4.494206428527832,1,False
3,3.20094633102417,2,False
2,2.4418582916259766,2,False
3,3.073946237564087,0,False
0,2.772109031677246,2,False
2,2.6189842224121094,1,False
1,2.2087154388427734,0,False
1,2.2334353923797607,0,False
2,1.1542301177978516,0,False
3,3.615424633026123,2,False
0,3.7384400367736816,1,False
2,2.325887680053711,1,False
0,1.263613224029541,0,False
1,3.438615322113037,2,False
3,4.070437431335449,1,False
0,2.371095657348633,0,False
2,2.6847500801086426,1,False
3,2.229790210723877,2,False
1,2.4143149852752686,0,False
1,1.9057731628417969,0,False
0,1.6065943241119385,2,False
2,3.4996190071105957,2,False
3,2.508878231048584,2,False
3,1.5328586101531982,2,False
2,7.510623455047607,1,False
0,2.387932777404785,0,False
1,1.7627620697021484,0,False
3,1.9672541618347168,1,False
0,1.1988989114761353,2,False
2,1.1897766590118408,0,False
1,2.522231101989746,1,False
0,3.283405065536499,1,False
1,6.09718132019043,1,False
2,3.2791428565979004,0,False
3,0.6233860850334167,2,False
0,2.4166250228881836,0,False
2,1.5973060131072998,2,False
3,2.209713935852051,1,False
1,2.3517508506774902,1,False
1,1.0386911630630493,1,False
2,2.7837393283843994,2,False
3,0.8534911274909973,2,False
0,2.1866064071655273,0,False
0,1.9198323488235474,1,False
3,1.8217618465423584,1,False
2,5.558858871459961,1,False
1,4.837580680847168,2,False
2,1.6961034536361694,0,False
3,1.7461971044540405,1,False
0,4.353896141052246,1,False
1,2.1066040992736816,1,False
1,1.390615463256836,0,False
0,1.6733152866363525,0,False
3,1.722151756286621,0,False
2,2.5777530670166016,0,False
2,2.753335475921631,0,False
3,1.5706517696380615,0,False
0,2.765268087387085,2,False
1,3.1832504272460938,1,False
3,1.4602210521697998,2,False
0,4.507606029510498,2,False
1,2.756129741668701,0,False
2,2.128598928451538,1,False
1,3.5206825733184814,1,False
2,2.77667498588562,0,False
3,1.5955392122268677,1,False
0,0.8688542246818542,2,False
1,3.111582040786743,0,False
0,3.5079240798950195,1,False
3,2.0438973903656006,1,False
2,1.9772098064422607,1,False
1,4.686765670776367,0,False
0,1.8128291368484497,2,False
2,1.531650424003601,2,False
3,2.4583799839019775,0,False
0,3.8243179321289062,0,False
2,1.917362093925476,1,False
1,1.0364223718643188,0,False
3,4.424118995666504,1,False
3,2.5588858127593994,1,False
0,1.8869664669036865,0,False
2,3.017272472381592,0,False
1,1.367620587348938,1,False
3,3.485976457595825,2,False
1,0.955672025680542,1,False
0,2.4015684127807617,0,False
2,2.3170623779296875,2,False
1,2.954704999923706,2,False
3,1.8903156518936157,1,False
2,2.865407943725586,2,False
0,5.647314548492432,1,False
