step,node_ids,num_nodes
1,"[0, 74, 84, 20, 23, 29, 97, 98, 99, 53]",10
2,"[0, 96, 97, 98, 99, 70, 77, 84, 91]",9
3,"[0, 74, 19, 29, 33, 97, 99, 98, 37, 38]",10
4,"[0, 97, 98, 99, 37, 74]",6
5,"[0, 70, 74, 77, 16, 23, 91, 29, 97, 98, 99, 53, 57]",13
6,"[0, 70, 74, 84, 20, 23, 29, 96, 97, 98, 99, 57]",12
7,"[0, 74, 19, 29, 33, 97, 99, 98, 37, 38, 44]",11
8,"[0, 33, 97, 98, 99, 38, 7, 91, 29]",9
9,"[0, 70, 8, 77, 16, 83, 20, 26, 91, 97, 98, 99]",12
10,"[0, 97, 98, 99, 70, 74, 77, 16, 91]",9
11,"[0, 97, 98, 99, 91]",5
12,"[0, 97, 98, 99, 70, 74, 77, 16, 91]",9
13,"[0, 70, 74, 77, 16, 83, 20, 91, 97, 98, 99]",11
14,"[0, 64, 77, 84, 20, 91, 96, 97, 98, 99]",10
15,"[0, 64, 74, 13, 18, 29, 97, 98, 99, 42]",10
16,"[0, 97, 98, 99, 37, 74, 91]",7
17,"[0, 70, 74, 23, 29, 97, 98, 99, 53, 57]",10
18,"[0, 97, 98, 99, 74, 42, 13, 18, 29]",9
19,"[0, 97, 98, 99, 77, 84, 91]",7
20,"[0, 97, 98, 99, 77, 84, 91]",7
21,"[0, 70, 74, 77, 84, 23, 91, 29, 96, 97, 98, 99, 57]",13
22,"[0, 33, 97, 98, 99, 38, 7, 91, 29]",9
23,"[0, 74, 77, 19, 29, 33, 97, 99, 98, 37, 38]",11
24,"[0, 97, 98, 99, 91]",5
25,"[0, 70, 74, 84, 20, 23, 29, 96, 97, 98, 99, 53]",12
26,"[0, 74, 77, 19, 29, 33, 97, 99, 98, 37, 38]",11
27,"[0, 97, 98, 99, 42, 74, 13, 18, 29]",9
28,"[0, 70, 74, 84, 20, 23, 29, 96, 97, 98, 99, 53]",12
29,"[0, 74, 19, 29, 33, 97, 99, 98, 37, 38, 44]",11
30,"[0, 70, 74, 77, 16, 83, 91, 97, 98, 99]",10
31,"[0, 97, 98, 3, 99, 37, 74, 23]",8
32,"[0, 70, 74, 84, 20, 23, 29, 96, 97, 98, 99, 53]",12
33,"[0, 74, 19, 29, 33, 97, 99, 98, 37, 38, 44]",11
34,"[0, 64, 70, 77, 13, 18, 84, 32, 97, 98, 99, 42]",12
35,"[0, 32, 64, 97, 99, 98, 42, 13, 18]",9
36,"[0, 70, 74, 77, 16, 83, 20, 91, 97, 98, 99]",11
37,"[0, 70, 76, 77, 16, 83, 20, 26, 91, 97, 98, 99]",12
38,"[0, 70, 12, 77, 16, 83, 20, 91, 29, 97, 98, 99, 58]",13
39,"[0, 74, 77, 19, 29, 33, 97, 99, 98, 37, 38]",11
40,"[0, 70, 74, 77, 16, 20, 91, 97, 98, 99]",10
41,"[0, 32, 64, 97, 99, 98, 42, 13, 18]",9
42,"[0, 97, 98, 99, 70, 77, 84, 91]",8
43,"[0, 97, 98, 99, 74, 42, 13, 18, 29]",9
44,"[0, 7, 77, 91, 29, 33, 97, 98, 99, 38, 41]",11
45,"[0, 70, 12, 77, 16, 83, 20, 91, 29, 97, 98, 99, 58]",13
46,"[0, 74, 77, 19, 29, 33, 97, 99, 98, 37, 38]",11
47,"[0, 97, 98, 99, 38, 91, 29]",7
48,"[0, 74, 19, 29, 33, 97, 99, 98, 37, 38]",10
49,"[0, 6, 74, 77, 20, 23, 91, 29, 97, 98, 99, 53]",12
50,"[0, 70, 77, 16, 83, 20, 91, 97, 98, 99]",10
51,"[0, 74, 77, 19, 29, 33, 97, 99, 98, 37, 38]",11
52,"[0, 96, 97, 98, 99, 77, 84, 91]",8
53,"[0, 74, 19, 29, 33, 97, 99, 98, 37, 38]",10
54,"[0, 64, 70, 74, 23, 29, 97, 98, 99, 57]",10
55,"[0, 97, 98, 99, 6, 77, 20, 84, 91]",9
56,"[0, 97, 98, 99, 38, 91, 29]",7
57,"[0, 97, 98, 99, 70, 74, 53, 23, 29]",9
58,"[0, 74, 19, 29, 33, 97, 99, 98, 37, 38]",10
59,"[0, 97, 32, 64, 99, 98, 70]",7
60,"[0, 32, 64, 97, 99, 98, 42, 13, 18]",9
61,"[0, 97, 98, 99, 70, 16, 20]",7
62,"[0, 97, 98, 99, 70, 77, 84, 91]",8
63,"[0, 74, 19, 29, 33, 97, 99, 98, 37, 38, 44]",11
64,"[0, 97, 2, 98, 99, 70, 16, 84]",8
65,"[0, 97, 98, 99, 6, 77, 20, 84, 91]",9
66,"[0, 97, 64, 96, 98, 99, 84]",7
67,"[0, 97, 98, 99, 38, 29]",6
68,"[0, 74, 11, 19, 29, 33, 97, 99, 98, 37, 38]",11
69,"[0, 74, 84, 23, 29, 96, 97, 98, 99, 57]",10
70,"[0, 74, 77, 19, 29, 33, 97, 99, 98, 37, 38]",11
71,"[0, 74, 11, 77, 87, 29, 93, 32, 97, 98, 99, 37, 38]",13
72,"[0, 74, 13, 18, 23, 29, 97, 98, 99, 42, 57]",11
73,"[0, 97, 98, 99, 70, 77, 16, 83, 91]",9
74,"[0, 74, 19, 87, 29, 33, 97, 99, 98, 37, 38, 43, 44]",13
75,"[0, 97, 32, 99, 98, 70, 16, 84, 20]",9
76,"[0, 74, 19, 29, 33, 97, 99, 98, 37, 38, 44]",11
77,"[0, 74, 19, 29, 33, 97, 99, 98, 37, 38, 43, 44]",12
78,"[0, 69, 70, 77, 16, 20, 84, 91, 97, 98, 99]",11
79,"[0, 70, 74, 16, 84, 20, 23, 29, 97, 98, 99, 57]",12
80,"[0, 64, 70, 74, 23, 29, 97, 98, 99, 53]",10
81,"[0, 96, 97, 98, 99, 70, 77, 84, 91]",9
82,"[0, 14, 91, 32, 97, 98, 99, 37, 43, 44]",10
83,"[0, 97, 98, 99, 38, 43, 44, 19, 29]",9
84,"[0, 77, 19, 29, 32, 97, 98, 99, 37, 38]",10
85,"[0, 64, 13, 18, 26, 32, 97, 98, 99, 42]",10
86,"[0, 97, 64, 98, 99, 77, 84, 91]",8
87,"[0, 97, 98, 99, 74, 84, 23, 57, 29]",9
88,"[0, 96, 97, 98, 99, 70, 77, 84, 91]",9
89,"[0, 64, 13, 18, 84, 20, 32, 97, 98, 99, 41, 42]",12
90,"[0, 70, 74, 77, 16, 83, 20, 91, 97, 98, 99]",11
91,"[0, 97, 64, 99, 98, 42, 13, 18]",8
92,"[0, 97, 96, 98, 99, 70, 77, 84, 91]",9
93,"[0, 74, 19, 29, 30, 33, 97, 99, 98, 37, 38, 43, 44]",13
94,"[0, 32, 97, 99, 98, 42, 13, 18]",8
95,"[0, 64, 74, 13, 18, 23, 29, 97, 98, 99, 42, 57]",12
96,"[0, 70, 74, 77, 16, 20, 91, 97, 98, 99]",10
97,"[0, 32, 97, 98, 99, 37, 73, 13, 87]",9
98,"[0, 70, 74, 84, 23, 29, 97, 98, 99, 57]",10
99,"[0, 70, 77, 16, 19, 20, 83, 91, 97, 98, 99, 46]",12
100,"[0, 70, 74, 77, 16, 20, 91, 97, 98, 99]",10
101,"[0, 64, 97, 98, 99, 77, 84, 91]",8
102,"[0, 70, 74, 77, 16, 83, 84, 20, 23, 29, 97, 98, 99, 57]",14
103,"[0, 32, 64, 97, 99, 98, 42, 13, 18]",9
104,"[0, 3, 23, 90, 29, 32, 97, 98, 99, 37]",10
105,"[0, 70, 74, 77, 16, 83, 20, 91, 97, 98, 99]",11
106,"[0, 64, 97, 98, 99, 74, 23, 57, 29]",9
107,"[0, 64, 32, 97, 99, 98, 42, 13, 18]",9
108,"[0, 74, 19, 87, 29, 33, 97, 99, 98, 37, 38, 44]",12
109,"[0, 64, 70, 74, 77, 13, 18, 84, 23, 29, 97, 98, 99, 42, 57]",15
110,"[0, 64, 70, 77, 13, 18, 84, 20, 32, 97, 98, 99, 42]",13
111,"[0, 19, 87, 29, 30, 33, 97, 98, 99, 37, 38, 43, 44]",13
112,"[0, 96, 97, 98, 99, 70, 77, 84, 91]",9
113,"[0, 32, 64, 97, 99, 98, 42, 13, 18]",9
114,"[0, 19, 87, 29, 30, 97, 98, 99, 37, 38, 43, 44]",12
115,"[0, 87, 29, 97, 98, 99, 37, 38, 43, 44]",10
116,"[0, 74, 77, 13, 18, 83, 29, 97, 98, 99, 42]",11
117,"[0, 97, 98, 99, 38, 29]",6
118,"[0, 74, 14, 19, 87, 91, 29, 33, 97, 99, 98, 37, 38]",13
119,"[0, 64, 70, 77, 13, 18, 84, 32, 97, 98, 99, 42]",12
120,"[0, 97, 96, 98, 99, 70, 77, 84, 91]",9
121,"[0, 70, 74, 77, 23, 91, 29, 97, 98, 99, 53, 57]",12
122,"[0, 19, 87, 29, 30, 97, 98, 99, 37, 38, 43, 44]",12
123,"[0, 70, 77, 16, 83, 20, 26, 91, 97, 98, 99]",11
124,"[0, 97, 2, 98, 99, 70, 77, 84, 91]",9
125,"[0, 74, 19, 87, 29, 33, 97, 99, 98, 37, 38, 43, 44]",13
126,"[0, 64, 3, 73, 29, 97, 98, 99, 46, 49, 50, 55]",12
127,"[0, 70, 74, 84, 20, 23, 29, 97, 98, 99, 57]",11
128,"[0, 97, 32, 64, 99, 98, 42, 13, 18]",9
129,"[0, 97, 2, 98, 99, 70, 77, 84, 91]",9
130,"[0, 32, 97, 98, 99, 37, 38, 19, 29]",9
131,"[0, 70, 77, 19, 83, 97, 98, 99, 46, 55]",10
132,"[0, 32, 97, 98, 99, 37, 38, 19, 29]",9
133,"[0, 64, 2, 74, 84, 20, 23, 29, 32, 97, 98, 99, 57]",13
134,"[0, 97, 98, 99, 70, 77, 84, 91]",8
135,"[0, 70, 77, 16, 83, 19, 97, 98, 99, 46, 55]",11
136,"[0, 64, 70, 74, 23, 29, 97, 98, 99, 57]",10
137,"[0, 32, 97, 99, 98, 6, 77, 20, 91]",9
138,"[0, 74, 19, 87, 29, 33, 97, 99, 98, 37, 38, 44]",12
139,"[0, 70, 74, 23, 29, 32, 97, 98, 99, 57]",10
140,"[0, 70, 74, 77, 23, 91, 29, 97, 98, 99, 57]",11
141,"[0, 64, 70, 77, 13, 18, 84, 32, 97, 96, 99, 98, 42]",13
142,"[0, 70, 74, 84, 20, 23, 29, 97, 98, 99, 57]",11
143,"[0, 97, 2, 98, 99, 70, 77, 84, 91]",9
144,"[0, 97, 2, 64, 98, 99, 84]",7
145,"[0, 74, 77, 19, 29, 33, 97, 99, 98, 37, 38]",11
146,"[0, 70, 74, 23, 29, 32, 97, 98, 99, 57]",10
147,"[0, 70, 74, 77, 16, 83, 20, 91, 97, 98, 99]",11
148,"[0, 97, 98, 99, 77, 83]",6
149,"[0, 97, 98, 99, 70, 77, 91]",7
150,"[0, 74, 19, 87, 29, 33, 97, 99, 98, 37, 38, 43, 44]",13
151,"[0, 70, 74, 84, 20, 23, 29, 97, 98, 99, 57]",11
152,"[0, 19, 87, 29, 30, 97, 98, 99, 37, 38, 43, 44]",12
153,"[0, 64, 13, 18, 84, 20, 32, 97, 98, 99, 42]",11
154,"[0, 96, 97, 98, 99, 70, 77, 84, 91]",9
155,"[0, 32, 98, 97, 99, 37, 53]",7
156,"[0, 97, 98, 99, 70, 16, 20]",7
157,"[0, 97, 32, 64, 99, 98, 70]",7
158,"[0, 70, 74, 77, 83, 23, 91, 97, 98, 99, 53]",11
159,"[0, 97, 98, 99, 70, 77, 84, 91]",8
160,"[0, 97, 32, 64, 99, 98, 70]",7
161,"[0, 70, 74, 77, 23, 91, 29, 97, 98, 99, 53, 57]",12
162,"[0, 97, 98, 99, 37, 38, 87, 29]",8
163,"[0, 64, 70, 77, 13, 18, 84, 32, 97, 98, 99, 42]",12
164,"[0, 97, 98, 99, 77, 84, 91]",7
165,"[0, 73, 87, 29, 32, 97, 98, 99, 37, 49]",10
166,"[0, 97, 2, 98, 99, 77, 84, 91]",8
167,"[0, 87, 29, 97, 98, 99, 37, 38, 43, 44]",10
168,"[0, 64, 2, 74, 84, 20, 23, 29, 32, 97, 98, 99, 57]",13
169,"[0, 64, 13, 18, 84, 32, 97, 96, 99, 98, 42]",11
170,"[0, 97, 98, 99, 38, 43, 44, 19, 29]",9
171,"[0, 97, 98, 32, 99, 37, 43, 44, 29]",9
172,"[0, 19, 87, 29, 33, 97, 98, 99, 37, 38, 43, 44]",12
173,"[0, 32, 97, 98, 99, 37, 38, 19, 29]",9
174,"[0, 97, 98, 99, 70, 77, 83, 20]",8
175,"[0, 97, 98, 99, 38, 43, 44, 19, 29]",9
176,"[0, 97, 98, 99, 70, 77, 84, 91]",8
177,"[0, 97, 2, 98, 99, 70, 84]",7
178,"[0, 97, 2, 98, 99, 70, 77, 84, 91]",9
179,"[0, 97, 98, 99, 70, 74, 84, 20, 23]",9
180,"[0, 70, 74, 77, 23, 91, 29, 97, 98, 99, 57]",11
181,"[0, 97, 96, 98, 99, 70, 84]",7
182,"[0, 64, 13, 18, 26, 32, 97, 98, 99, 42]",10
183,"[0, 77, 87, 29, 93, 32, 97, 98, 99, 37, 38]",11
184,"[0, 74, 77, 19, 29, 97, 98, 99, 37, 38, 43, 44]",12
185,"[0, 74, 19, 87, 29, 33, 97, 99, 98, 37, 38, 43, 44]",13
186,"[0, 97, 98, 99, 77, 83]",6
187,"[0, 70, 74, 23, 29, 32, 97, 98, 99, 57]",10
188,"[0, 97, 98, 99, 77, 83, 20]",7
189,"[0, 64, 70, 74, 23, 29, 97, 98, 99, 57]",10
190,"[0, 97, 98, 99, 70, 74, 23, 57, 29]",9
191,"[0, 74, 77, 83, 84, 20, 23, 29, 97, 98, 99, 57]",12
192,"[0, 97, 98, 99, 37, 38, 74, 87, 29]",9
193,"[0, 77, 19, 29, 32, 97, 98, 99, 37, 38, 43, 44]",12
194,"[0, 97, 98, 99, 20]",5
195,"[0, 97, 2, 64, 98, 99, 84]",7
196,"[0, 70, 74, 84, 20, 23, 29, 97, 98, 99, 57]",11
197,"[0, 74, 11, 19, 29, 33, 97, 99, 98, 37, 38, 44]",12
198,"[0, 64, 2, 74, 23, 29, 97, 98, 99, 57]",10
199,"[0, 70, 74, 77, 83, 23, 97, 98, 99, 57]",10
200,"[0, 32, 97, 98, 99, 37, 38, 87, 29]",9
201,"[0, 64, 70, 77, 13, 18, 84, 32, 97, 98, 99, 42]",12
202,"[0, 97, 2, 98, 99, 70, 77, 84, 91]",9
203,"[0, 97, 2, 98, 99, 70, 77, 84, 91]",9
204,"[0, 70, 74, 77, 16, 83, 84, 20, 23, 97, 98, 99]",12
205,"[0, 70, 74, 77, 23, 91, 29, 97, 98, 99, 57]",11
206,"[0, 64, 70, 74, 23, 29, 97, 98, 99, 57]",10
207,"[0, 74, 14, 19, 87, 91, 29, 33, 97, 99, 98, 37, 38]",13
208,"[0, 70, 77, 16, 83, 20, 84, 91, 97, 98, 99, 49]",12
209,"[0, 70, 74, 77, 23, 91, 29, 97, 98, 99, 57]",11
210,"[0, 64, 74, 84, 20, 23, 29, 32, 97, 98, 99, 57]",12
211,"[0, 97, 98, 99, 70, 84]",6
212,"[0, 3, 23, 90, 29, 32, 97, 98, 99, 37]",10
213,"[0, 70, 77, 19, 83, 97, 98, 99, 46, 55]",10
214,"[0, 74, 77, 19, 29, 33, 97, 99, 98, 37, 38, 43, 44]",13
215,"[0, 74, 13, 18, 23, 29, 97, 98, 99, 42, 57]",11
216,"[0, 70, 74, 23, 29, 32, 97, 98, 99, 57]",10
217,"[0, 19, 87, 29, 30, 97, 98, 99, 37, 38, 43, 44]",12
218,"[0, 70, 74, 77, 83, 84, 20, 23, 97, 98, 99, 57]",12
219,"[0, 97, 64, 98, 99, 84, 20]",7
220,"[0, 97, 98, 99, 37, 38, 87, 29]",8
221,"[0, 74, 77, 83, 84, 20, 23, 29, 97, 98, 99, 57]",12
222,"[0, 70, 74, 77, 23, 91, 29, 97, 98, 99, 53, 57]",12
223,"[0, 74, 14, 19, 87, 91, 29, 33, 97, 99, 98, 37, 38]",13
224,"[0, 64, 2, 97, 98, 99, 84, 20]",8
225,"[0, 97, 32, 99, 98, 70, 84, 20]",8
226,"[0, 97, 2, 98, 99, 70, 84]",7
227,"[0, 64, 70, 77, 13, 18, 84, 32, 97, 98, 99, 42]",12
228,"[0, 70, 74, 77, 23, 91, 29, 97, 98, 99, 57]",11
229,"[0, 69, 70, 77, 16, 20, 84, 91, 97, 98, 99]",11
230,"[0, 19, 87, 29, 30, 33, 97, 98, 99, 37, 38, 43, 44]",13
231,"[0, 74, 19, 29, 33, 97, 99, 98, 37, 38, 43, 44]",12
232,"[0, 32, 97, 98, 99, 37, 13, 87, 55]",9
233,"[0, 70, 74, 77, 23, 91, 97, 98, 99, 57]",10
234,"[0, 70, 10, 77, 83, 20, 91, 97, 34, 98, 99]",11
235,"[0, 70, 74, 77, 16, 83, 20, 91, 97, 98, 99]",11
236,"[0, 70, 74, 84, 20, 23, 29, 97, 98, 99, 57]",11
237,"[0, 19, 29, 30, 97, 98, 99, 38, 43, 44]",10
238,"[0, 97, 98, 99, 70, 16, 84]",7
239,"[0, 97, 98, 99, 70, 16, 20, 84]",8
240,"[0, 32, 97, 98, 99, 37, 38, 19, 29]",9
241,"[0, 64, 70, 74, 23, 29, 97, 98, 99, 57]",10
242,"[0, 70, 74, 23, 26, 29, 32, 97, 98, 99, 57]",11
243,"[0, 70, 74, 16, 84, 20, 23, 29, 97, 98, 99, 57]",12
244,"[0, 97, 98, 99, 70, 77, 84, 91]",8
245,"[0, 97, 98, 3, 99, 37, 74, 23, 90]",9
246,"[0, 32, 97, 98, 99, 37, 38, 29]",8
247,"[0, 32, 97, 99, 98, 70, 77, 91]",8
248,"[0, 32, 64, 97, 99, 98, 42, 13, 18]",9
249,"[0, 97, 2, 64, 98, 99, 84]",7
250,"[0, 74, 19, 87, 29, 33, 97, 99, 98, 37, 38, 44]",12
251,"[0, 64, 2, 74, 23, 29, 97, 98, 99, 57]",10
252,"[0, 64, 32, 97, 99, 98, 42, 13, 18]",9
253,"[0, 74, 19, 87, 29, 33, 97, 99, 98, 37, 38, 44]",12
254,"[0, 74, 77, 19, 29, 33, 97, 99, 98, 37, 38]",11
255,"[0, 74, 19, 29, 33, 97, 99, 98, 37, 38, 43, 44]",12
256,"[0, 70, 74, 16, 84, 20, 23, 29, 97, 98, 99, 57]",12
257,"[0, 64, 70, 74, 23, 29, 97, 98, 99, 57]",10
258,"[0, 70, 74, 76, 77, 16, 20, 91, 97, 98, 99]",11
259,"[0, 97, 98, 99, 70, 74, 23, 57, 29]",9
260,"[0, 64, 3, 73, 90, 29, 97, 98, 99, 46, 49, 55]",12
261,"[0, 33, 32, 98, 97, 37, 99, 53, 87]",9
262,"[0, 64, 13, 18, 19, 84, 20, 32, 97, 98, 99, 42]",12
263,"[0, 97, 98, 99, 38, 43, 44, 19, 29]",9
264,"[0, 70, 12, 77, 16, 83, 20, 91, 97, 98, 99, 58]",12
265,"[0, 96, 97, 98, 99, 70, 77, 84, 91]",9
266,"[0, 74, 19, 87, 29, 33, 97, 99, 98, 37, 38, 44]",12
267,"[0, 74, 19, 29, 33, 97, 99, 98, 37, 38, 43, 44]",12
268,"[0, 19, 29, 30, 97, 98, 99, 38, 43, 44]",10
269,"[0, 97, 98, 99, 38, 43, 44, 19, 29]",9
270,"[0, 97, 32, 64, 99, 98, 70]",7
271,"[0, 70, 77, 16, 19, 20, 83, 91, 97, 98, 99, 46]",12
272,"[0, 70, 74, 77, 16, 23, 91, 29, 97, 98, 99, 57]",12
273,"[0, 97, 98, 99, 70, 77, 16, 91]",8
274,"[0, 97, 98, 32, 99, 37, 29]",7
275,"[0, 32, 64, 97, 99, 98, 42, 13, 18]",9
276,"[0, 2, 70, 77, 16, 84, 91, 97, 98, 99]",10
277,"[0, 74, 77, 19, 29, 33, 97, 99, 98, 37, 38, 43, 44]",13
278,"[0, 64, 74, 13, 18, 23, 29, 32, 97, 96, 99, 98, 42, 57]",14
279,"[0, 70, 77, 16, 19, 83, 97, 98, 99, 46, 55]",11
280,"[0, 97, 98, 99, 70, 74, 23, 57, 29]",9
281,"[0, 70, 74, 77, 16, 83, 84, 20, 23, 97, 98, 99, 57]",13
282,"[0, 70, 74, 77, 16, 23, 91, 29, 97, 98, 99, 57]",12
283,"[0, 97, 98, 99, 37, 38, 11, 29]",8
284,"[0, 97, 98, 99, 70, 77, 84, 91]",8
285,"[0, 70, 74, 16, 84, 20, 23, 29, 97, 98, 99, 57]",12
286,"[0, 97, 98, 99, 38, 19, 29]",7
287,"[0, 65, 70, 77, 16, 83, 20, 93, 97, 34, 99, 98]",12
288,"[0, 97, 98, 99, 37, 74, 43, 44, 94]",9
289,"[0, 64, 74, 13, 18, 29, 32, 97, 98, 99, 42]",11
290,"[0, 74, 19, 87, 29, 33, 97, 99, 98, 37, 38, 44]",12
291,"[0, 64, 70, 74, 23, 29, 97, 98, 99, 57]",10
292,"[0, 74, 19, 29, 97, 98, 99, 37, 38, 43, 44]",11
293,"[0, 74, 19, 29, 33, 97, 99, 98, 37, 38, 43, 44]",12
294,"[0, 70, 74, 77, 16, 83, 84, 20, 23, 97, 98, 99, 57]",13
295,"[0, 70, 74, 76, 77, 16, 20, 91, 97, 98, 99]",11
296,"[0, 32, 64, 97, 99, 98, 42, 13, 18]",9
297,"[0, 97, 98, 99, 70, 77, 16, 84, 91]",9
298,"[0, 64, 70, 16, 84, 20, 93, 32, 97, 98, 99]",11
299,"[0, 74, 19, 29, 97, 98, 99, 37, 38, 43, 44]",11
300,"[0, 97, 98, 99, 70, 16, 84]",7
301,"[0, 97, 98, 3, 99, 37, 74, 23, 90]",9
302,"[0, 70, 74, 16, 84, 20, 23, 29, 97, 98, 99, 57]",12
303,"[0, 97, 98, 99, 70, 77, 16, 84, 91]",9
304,"[0, 19, 87, 29, 30, 97, 98, 99, 37, 38, 43, 44]",12
305,"[0, 32, 97, 98, 99, 70, 16, 84, 20]",9
306,"[0, 70, 74, 77, 16, 23, 91, 29, 97, 98, 99, 57]",12
307,"[0, 74, 77, 19, 29, 33, 97, 99, 98, 37, 38]",11
308,"[0, 64, 2, 70, 74, 16, 23, 29, 97, 98, 99, 57]",12
309,"[0, 97, 98, 99, 77, 84, 91]",7
310,"[0, 97, 98, 99, 70, 77, 16, 83, 20]",9
311,"[0, 74, 19, 29, 33, 97, 99, 98, 37, 38, 43, 44]",12
312,"[0, 97, 98, 99, 70, 77, 16, 91]",8
313,"[0, 97, 98, 99, 70, 77, 16, 84, 91]",9
314,"[0, 97, 98, 99, 70, 16, 84]",7
315,"[0, 70, 74, 77, 16, 23, 91, 97, 98, 99, 57]",11
316,"[0, 97, 98, 99, 38, 43, 44, 19, 29]",9
317,"[0, 64, 70, 74, 16, 23, 29, 97, 98, 99, 57]",11
318,"[0, 97, 98, 99, 37, 74, 43, 44]",8
319,"[0, 70, 77, 16, 19, 83, 97, 98, 99, 46, 55]",11
320,"[0, 32, 97, 98, 99, 37, 38, 19, 29]",9
321,"[0, 70, 74, 16, 23, 29, 93, 97, 98, 99, 35, 46, 57]",13
322,"[0, 97, 98, 99, 70, 16, 20, 84]",8
323,"[0, 64, 70, 13, 16, 18, 32, 96, 97, 99, 98, 42]",12
324,"[0, 19, 29, 33, 97, 98, 99, 38, 43, 44]",10
325,"[0, 74, 77, 19, 29, 97, 98, 99, 37, 38, 43, 44]",12
326,"[0, 33, 32, 98, 97, 37, 99, 53]",8
327,"[0, 70, 74, 77, 16, 23, 91, 97, 98, 99, 57]",11
328,"[0, 64, 74, 13, 18, 29, 32, 97, 98, 99, 42]",11
329,"[0, 74, 19, 29, 33, 97, 99, 98, 37, 38, 43, 44]",12
330,"[0, 74, 77, 19, 29, 97, 98, 99, 37, 38, 43, 44]",12
331,"[0, 11, 77, 87, 29, 93, 32, 97, 98, 99, 37, 38]",12
332,"[0, 74, 19, 29, 30, 33, 97, 99, 98, 37, 38, 43, 44]",13
333,"[0, 70, 74, 16, 23, 29, 32, 97, 98, 99, 57]",11
334,"[0, 32, 97, 98, 99, 70, 16]",7
335,"[0, 70, 74, 77, 16, 83, 20, 91, 97, 98, 99]",11
336,"[0, 64, 13, 18, 84, 32, 97, 98, 99, 42]",10
337,"[0, 74, 19, 29, 97, 98, 99, 37, 38, 43, 44]",11
338,"[0, 70, 74, 16, 23, 29, 97, 98, 99, 57]",10
339,"[0, 64, 2, 70, 74, 16, 23, 29, 97, 98, 99, 57]",12
340,"[0, 64, 73, 77, 19, 29, 97, 98, 99, 49, 55]",11
341,"[0, 97, 98, 99, 70, 16, 84]",7
342,"[0, 32, 64, 97, 99, 98, 42, 13, 18]",9
343,"[0, 32, 97, 98, 99, 37, 38, 29]",8
344,"[0, 32, 2, 64, 97, 98, 70, 99, 16]",9
345,"[0, 64, 98, 97, 99, 84, 20]",7
346,"[0, 70, 74, 77, 16, 23, 91, 97, 98, 99, 57]",11
347,"[0, 70, 77, 16, 84, 20, 91, 97, 98, 99]",10
348,"[0, 70, 74, 77, 16, 23, 91, 29, 97, 98, 99, 57]",12
349,"[0, 64, 70, 74, 13, 16, 18, 23, 29, 96, 97, 98, 99, 42, 57]",15
350,"[0, 97, 98, 99, 70, 16, 84, 55]",8
351,"[0, 70, 74, 16, 23, 29, 97, 98, 99, 57]",10
352,"[0, 70, 74, 10, 76, 77, 16, 20, 91, 97, 98, 99]",12
353,"[0, 70, 77, 16, 20, 84, 91, 97, 98, 99]",10
354,"[0, 70, 74, 16, 84, 20, 23, 97, 98, 99, 57]",11
355,"[0, 64, 70, 74, 16, 23, 29, 97, 98, 99, 57]",11
356,"[0, 32, 64, 97, 98, 99, 19, 84, 20]",9
357,"[0, 64, 70, 13, 16, 18, 32, 97, 98, 99, 42]",11
358,"[0, 97, 32, 98, 99, 37, 29]",7
359,"[0, 64, 2, 97, 98, 99, 84, 20]",8
360,"[0, 70, 74, 16, 23, 26, 29, 32, 97, 98, 99, 57]",12
361,"[0, 70, 74, 77, 16, 23, 91, 97, 98, 99, 57]",11
362,"[0, 97, 98, 99, 70, 16, 20, 84]",8
363,"[0, 70, 74, 16, 23, 29, 97, 98, 99, 57]",10
364,"[0, 74, 19, 29, 33, 97, 99, 98, 37, 38, 43, 44]",12
365,"[0, 70, 74, 77, 16, 83, 84, 20, 23, 97, 98, 99]",12
366,"[0, 97, 98, 99, 70, 74, 16, 23]",8
367,"[0, 70, 77, 16, 19, 20, 83, 91, 97, 98, 99, 46]",12
368,"[0, 32, 97, 98, 99, 37, 38, 29]",8
369,"[0, 70, 74, 16, 23, 32, 97, 98, 99, 57]",10
370,"[0, 70, 77, 16, 83, 20, 84, 97, 98, 99, 55]",11
371,"[0, 74, 19, 29, 33, 97, 99, 98, 37, 38, 44]",11
372,"[0, 74, 77, 19, 29, 33, 97, 99, 98, 37, 38, 43, 44]",13
373,"[0, 19, 87, 29, 33, 97, 98, 99, 37, 38, 43, 44]",12
374,"[0, 74, 77, 19, 29, 33, 97, 99, 98, 37, 38, 43, 44]",13
375,"[0, 74, 19, 29, 33, 97, 99, 98, 37, 38, 43, 44]",12
376,"[0, 70, 74, 16, 23, 29, 32, 97, 98, 99, 57]",11
377,"[0, 19, 29, 33, 97, 98, 99, 38, 43, 44]",10
378,"[0, 74, 77, 19, 29, 33, 97, 99, 98, 37, 38, 43, 44]",13
379,"[0, 64, 70, 74, 16, 23, 29, 97, 98, 99, 57]",11
380,"[0, 70, 74, 10, 76, 77, 16, 83, 20, 91, 97, 98, 99]",13
381,"[0, 77, 19, 29, 97, 98, 99, 38, 43, 44]",10
382,"[0, 70, 77, 16, 19, 83, 97, 98, 99, 46, 55]",11
383,"[0, 77, 19, 29, 32, 97, 98, 99, 37, 38]",10
384,"[0, 70, 77, 13, 18, 32, 97, 98, 99, 42]",10
385,"[0, 97, 32, 64, 98, 99, 70, 16]",8
386,"[0, 70, 74, 16, 23, 26, 29, 32, 97, 98, 99, 57]",12
387,"[0, 97, 98, 99, 70, 16, 84, 20]",8
388,"[0, 70, 74, 77, 16, 20, 23, 91, 97, 98, 99, 57]",12
389,"[0, 97, 98, 99, 70, 77, 16, 84, 91]",9
390,"[0, 97, 98, 99, 70, 77, 16, 83, 20]",9
391,"[0, 97, 98, 99, 70, 77, 16, 84, 91]",9
392,"[0, 70, 10, 12, 77, 16, 83, 20, 91, 97, 98, 99, 58]",13
393,"[0, 97, 98, 99, 37, 74]",6
394,"[0, 97, 98, 99, 70, 74, 16, 23, 57]",9
395,"[0, 70, 74, 77, 16, 83, 20, 23, 97, 98, 99]",11
396,"[0, 74, 19, 29, 33, 97, 99, 98, 37, 38, 43, 44]",12
397,"[0, 70, 8, 74, 76, 77, 16, 83, 20, 91, 97, 98, 99]",13
398,"[0, 74, 19, 29, 33, 97, 99, 98, 37, 38]",10
399,"[0, 97, 98, 99, 70, 16, 84, 20]",8
400,"[0, 74, 19, 87, 29, 33, 97, 99, 98, 37, 38, 44]",12
401,"[0, 64, 70, 13, 18, 26, 32, 97, 98, 99, 42]",11
402,"[0, 74, 19, 29, 33, 97, 99, 98, 37, 38, 43, 44]",12
403,"[0, 70, 74, 16, 84, 20, 23, 97, 98, 99, 57]",11
404,"[0, 70, 8, 77, 16, 83, 20, 26, 91, 97, 98, 99]",12
405,"[0, 97, 32, 64, 2, 98, 70, 99, 16]",9
406,"[0, 70, 74, 10, 76, 77, 16, 20, 91, 97, 98, 99]",12
407,"[0, 70, 74, 77, 16, 83, 20, 23, 97, 98, 99]",11
408,"[0, 74, 77, 19, 29, 33, 97, 99, 98, 37, 38]",11
409,"[0, 70, 77, 16, 20, 26, 91, 32, 97, 98, 99]",11
410,"[0, 74, 19, 29, 33, 97, 99, 98, 37, 38, 43, 44]",12
411,"[0, 74, 19, 29, 33, 97, 99, 98, 37, 38, 43, 44]",12
412,"[0, 74, 19, 29, 33, 97, 99, 98, 37, 38, 43, 44]",12
413,"[0, 97, 32, 64, 98, 99, 70, 16]",8
414,"[0, 70, 74, 77, 16, 83, 84, 20, 23, 97, 98, 99]",12
415,"[0, 70, 10, 77, 83, 20, 91, 97, 34, 98, 99]",11
416,"[0, 74, 19, 29, 33, 97, 99, 98, 37, 38, 43, 44]",12
417,"[0, 97, 98, 99, 70, 77, 16, 83, 20]",9
418,"[0, 74, 19, 29, 33, 97, 99, 98, 37, 38, 43, 44]",12
419,"[0, 70, 74, 16, 23, 29, 32, 97, 98, 99, 57]",11
420,"[0, 97, 98, 99, 70, 16, 84, 20]",8
421,"[0, 74, 11, 19, 29, 33, 97, 99, 98, 37, 38, 44]",12
422,"[0, 97, 98, 99, 70, 77, 16, 83, 20]",9
423,"[0, 70, 74, 13, 18, 23, 29, 97, 98, 99, 42, 57]",12
424,"[0, 32, 64, 97, 98, 99, 6, 84, 20]",9
425,"[0, 74, 19, 87, 29, 33, 97, 99, 98, 37, 38, 44]",12
426,"[0, 97, 98, 99, 37, 74, 43, 44, 94]",9
427,"[0, 74, 11, 19, 87, 29, 33, 98, 99, 97, 37, 38, 44]",13
428,"[0, 70, 74, 77, 16, 23, 91, 97, 98, 99, 57]",11
429,"[0, 77, 19, 29, 32, 33, 97, 98, 99, 37, 38]",11
430,"[0, 70, 74, 16, 23, 29, 32, 97, 98, 99, 57]",11
431,"[0, 97, 32, 98, 99, 37, 29]",7
432,"[0, 97, 32, 64, 99, 98, 70, 16]",8
433,"[0, 70, 74, 77, 16, 20, 23, 91, 97, 98, 99]",11
434,"[0, 64, 70, 13, 16, 18, 32, 97, 98, 99, 42]",11
435,"[0, 70, 74, 16, 23, 29, 32, 97, 98, 99, 57]",11
436,"[0, 70, 13, 18, 26, 32, 97, 98, 99, 42]",10
437,"[0, 97, 98, 99, 70, 77, 16, 83, 20]",9
438,"[0, 97, 98, 99, 70, 77, 16, 83, 20]",9
439,"[0, 70, 74, 16, 23, 32, 97, 98, 99, 57]",10
440,"[0, 74, 77, 19, 29, 33, 97, 99, 98, 37, 38, 43, 44]",13
441,"[0, 97, 98, 99, 70, 74, 16, 20, 23]",9
442,"[0, 97, 98, 99, 70, 77, 16, 84, 91]",9
443,"[0, 97, 98, 99, 37, 74, 53, 29]",8
444,"[0, 74, 77, 19, 29, 33, 97, 99, 98, 37, 38, 43, 44]",13
445,"[0, 77, 19, 29, 32, 97, 98, 99, 37, 38, 43, 44]",12
446,"[0, 32, 64, 97, 99, 98, 70, 16]",8
447,"[0, 70, 74, 16, 84, 20, 23, 97, 98, 99]",10
448,"[0, 32, 97, 99, 98, 70, 16]",7
449,"[0, 97, 98, 99, 70, 74, 16, 20, 23]",9
450,"[0, 97, 98, 99, 70, 77, 16, 84, 91]",9
451,"[0, 70, 77, 16, 19, 83, 97, 98, 99, 46, 55]",11
452,"[0, 97, 32, 98, 99, 70, 16, 84, 20]",9
453,"[0, 97, 98, 99, 70, 16, 20, 84]",8
454,"[0, 97, 64, 98, 99, 20, 84]",7
455,"[0, 70, 74, 16, 23, 29, 32, 97, 98, 99, 57]",11
456,"[0, 97, 98, 99, 70, 77, 16, 84, 91]",9
457,"[0, 97, 98, 99, 70, 77, 16, 20, 91]",9
458,"[0, 70, 74, 77, 16, 23, 91, 97, 98, 99]",10
459,"[0, 70, 74, 16, 23, 29, 32, 97, 98, 99, 57]",11
460,"[0, 70, 74, 13, 18, 23, 29, 97, 98, 99, 42, 57]",12
461,"[0, 64, 70, 13, 18, 26, 32, 97, 98, 99, 42]",11
462,"[0, 70, 74, 77, 16, 83, 23, 97, 98, 99]",10
463,"[0, 70, 77, 16, 83, 20, 91, 97, 98, 99]",10
464,"[0, 74, 11, 19, 29, 33, 97, 98, 99, 37, 38, 43, 44]",13
465,"[0, 97, 98, 99, 70, 77, 16, 84, 91]",9
466,"[0, 64, 2, 70, 74, 16, 23, 29, 97, 98, 99, 57]",12
467,"[0, 97, 98, 99, 70, 77, 16, 20, 91]",9
468,"[0, 32, 64, 97, 2, 99, 70, 98, 16]",9
469,"[0, 11, 77, 87, 29, 93, 32, 97, 98, 99, 37, 38]",12
470,"[0, 70, 74, 16, 23, 26, 29, 32, 97, 98, 99, 57]",12
471,"[0, 64, 70, 13, 18, 32, 97, 98, 99, 42]",10
472,"[0, 97, 98, 99, 70, 74, 16, 23, 57]",9
473,"[0, 64, 70, 74, 77, 13, 18, 23, 29, 96, 97, 98, 99, 42, 57]",15
474,"[0, 77, 19, 29, 32, 97, 98, 99, 37, 38]",10
475,"[0, 64, 70, 77, 16, 19, 83, 97, 98, 99, 46, 47]",12
476,"[0, 64, 74, 13, 18, 23, 29, 97, 98, 99, 42, 57]",12
477,"[0, 32, 64, 97, 2, 99, 70, 98, 16]",9
478,"[0, 19, 29, 33, 97, 98, 99, 38, 43, 44]",10
479,"[0, 97, 98, 99, 70, 74, 16, 23, 57]",9
480,"[0, 97, 98, 99, 70, 16, 20, 84]",8
481,"[0, 74, 77, 19, 29, 97, 98, 99, 37, 38, 43, 44]",12
482,"[0, 70, 74, 77, 16, 23, 91, 29, 97, 98, 99, 57]",12
483,"[0, 64, 70, 13, 16, 18, 32, 97, 98, 99, 42]",11
484,"[0, 74, 19, 29, 33, 97, 99, 98, 37, 38]",10
485,"[0, 74, 77, 19, 29, 97, 98, 99, 37, 38]",10
486,"[0, 70, 74, 16, 84, 20, 23, 97, 98, 99]",10
487,"[0, 97, 98, 99, 69, 70, 77, 16, 20]",9
488,"[0, 74, 11, 19, 29, 33, 97, 98, 99, 37, 38, 43, 44]",13
489,"[0, 74, 77, 19, 29, 33, 97, 99, 98, 37, 38, 43, 44]",13
490,"[0, 64, 70, 13, 16, 18, 32, 97, 98, 99, 42]",11
491,"[0, 97, 98, 99, 70, 74, 16, 23, 57]",9
492,"[0, 97, 98, 99, 70, 77, 16, 83, 20]",9
493,"[0, 74, 11, 19, 29, 33, 97, 98, 99, 37, 38, 44]",12
494,"[0, 97, 98, 99, 70, 16, 84, 20]",8
495,"[0, 74, 77, 19, 29, 33, 97, 99, 98, 37, 38, 43, 44]",13
496,"[0, 64, 13, 18, 84, 20, 32, 97, 98, 99, 42, 48, 50]",13
497,"[0, 74, 19, 29, 33, 97, 99, 98, 37, 38, 43, 44]",12
498,"[0, 69, 70, 77, 16, 83, 20, 97, 98, 99]",10
499,"[0, 77, 19, 29, 32, 97, 98, 99, 37, 38]",10
500,"[0, 64, 2, 70, 74, 16, 23, 29, 97, 98, 99, 57]",12
501,"[0, 97, 98, 99, 37, 74, 53]",7
502,"[0, 97, 98, 99, 70, 16, 20, 84]",8
503,"[0, 70, 77, 16, 20, 84, 91, 97, 98, 99]",10
504,"[0, 32, 64, 97, 98, 99, 70, 16]",8
505,"[0, 70, 74, 16, 23, 29, 32, 97, 98, 99, 57]",11
506,"[0, 97, 98, 99, 73, 13, 49, 55, 29]",9
507,"[0, 70, 13, 16, 18, 32, 97, 98, 99, 42]",10
508,"[0, 70, 74, 77, 16, 20, 23, 91, 97, 98, 99]",11
509,"[0, 74, 11, 19, 29, 33, 97, 99, 98, 37, 38]",11
510,"[0, 74, 19, 29, 33, 97, 99, 98, 37, 38, 43, 44]",12
511,"[0, 74, 77, 33, 98, 99, 97, 37, 43, 44, 53]",11
512,"[0, 74, 77, 19, 29, 33, 97, 99, 98, 37, 38]",11
513,"[0, 70, 12, 77, 16, 83, 20, 91, 95, 97, 98, 99, 58]",13
514,"[0, 70, 74, 16, 23, 29, 93, 97, 98, 35, 99, 46, 57]",13
515,"[0, 70, 74, 77, 16, 83, 84, 20, 23, 97, 98, 99]",12
516,"[0, 97, 32, 98, 99, 37, 29]",7
517,"[0, 64, 2, 70, 74, 16, 23, 97, 98, 99, 57]",11
518,"[0, 32, 98, 99, 97, 70, 74, 16, 23]",9
519,"[0, 74, 19, 29, 33, 97, 99, 98, 37, 38, 44]",11
520,"[0, 97, 98, 99, 37, 74, 43, 44, 94]",9
521,"[0, 70, 74, 77, 16, 23, 91, 97, 98, 99]",10
522,"[0, 97, 98, 99, 70, 16, 84, 55]",8
523,"[0, 70, 74, 77, 16, 83, 84, 20, 23, 97, 98, 99]",12
524,"[0, 97, 98, 99, 70, 74, 16, 20, 23]",9
525,"[0, 97, 98, 99, 70, 16, 84, 20]",8
526,"[0, 32, 97, 98, 99, 37, 73, 13, 29]",9
527,"[0, 74, 11, 19, 87, 29, 33, 97, 98, 99, 37, 38, 44]",13
528,"[0, 97, 98, 3, 99, 37, 74, 23]",8
529,"[0, 70, 74, 16, 84, 20, 23, 97, 98, 99]",10
530,"[0, 70, 74, 77, 16, 20, 23, 91, 97, 98, 99]",11
531,"[0, 97, 98, 99, 70, 74, 16, 20, 23]",9
532,"[0, 74, 11, 77, 19, 29, 33, 97, 99, 98, 37, 38, 43, 44]",14
533,"[0, 97, 98, 99, 70, 16, 84, 55]",8
534,"[0, 74, 11, 19, 29, 33, 97, 99, 98, 37, 38]",11
535,"[0, 70, 74, 13, 16, 18, 23, 29, 97, 98, 99, 42, 57]",13
536,"[0, 77, 19, 29, 32, 97, 98, 99, 37, 38, 43, 44]",12
537,"[0, 32, 64, 97, 98, 99, 70, 16]",8
538,"[0, 64, 2, 70, 13, 16, 18, 32, 97, 98, 99, 42]",12
539,"[0, 97, 98, 99, 70, 16, 20, 84]",8
540,"[0, 74, 77, 19, 29, 33, 97, 99, 98, 37, 38, 43, 44]",13
541,"[0, 97, 32, 98, 99, 37, 29]",7
542,"[0, 97, 98, 99, 70, 77, 16, 83, 20]",9
543,"[0, 32, 97, 98, 99, 37, 13, 87, 55]",9
544,"[0, 74, 77, 19, 29, 33, 97, 99, 98, 37, 38, 43, 44]",13
545,"[0, 97, 98, 99, 70, 74, 16, 20, 23]",9
546,"[0, 64, 2, 70, 74, 16, 23, 29, 97, 98, 99, 57]",12
547,"[0, 74, 77, 19, 29, 33, 97, 99, 98, 37, 38, 43, 44]",13
548,"[0, 70, 8, 77, 16, 19, 20, 83, 91, 97, 98, 99, 46]",13
549,"[0, 74, 19, 29, 33, 97, 99, 98, 37, 38, 43, 44]",12
550,"[0, 19, 29, 32, 97, 98, 99, 37, 38, 43, 44]",11
551,"[0, 97, 98, 99, 37, 74, 53, 29]",8
552,"[0, 70, 10, 77, 16, 19, 20, 83, 91, 97, 98, 99, 46]",13
553,"[0, 70, 74, 16, 23, 29, 32, 97, 98, 99, 57]",11
554,"[0, 19, 29, 33, 97, 98, 99, 38, 43, 44]",10
555,"[0, 97, 64, 98, 99, 84, 20]",7
556,"[0, 32, 98, 97, 99, 70, 16]",7
557,"[0, 74, 77, 19, 29, 33, 97, 99, 98, 37, 38, 43, 44]",13
558,"[0, 32, 97, 98, 99, 37, 43, 44, 29]",9
559,"[0, 97, 98, 99, 70, 77, 16, 84, 91]",9
560,"[0, 64, 2, 70, 74, 16, 23, 97, 98, 99, 57]",11
561,"[0, 97, 98, 99, 70, 77, 16, 83, 20]",9
562,"[0, 77, 19, 29, 33, 97, 98, 99, 37, 38, 43, 44]",12
563,"[0, 70, 77, 16, 20, 84, 91, 97, 98, 99]",10
564,"[0, 32, 97, 98, 99, 37, 53, 87]",8
565,"[0, 97, 64, 98, 99, 84, 20]",7
566,"[0, 70, 74, 10, 76, 77, 16, 83, 20, 91, 97, 98, 99]",13
567,"[0, 97, 98, 99, 70, 77, 16, 83, 91]",9
568,"[0, 97, 98, 99, 70, 74, 16, 20, 23]",9
569,"[0, 97, 32, 64, 2, 99, 70, 98, 16]",9
570,"[0, 97, 32, 98, 99, 37, 87]",7
571,"[0, 74, 19, 29, 33, 97, 99, 98, 37, 38, 43, 44]",12
572,"[0, 74, 19, 29, 33, 97, 99, 98, 37, 38, 43, 44]",12
573,"[0, 74, 77, 19, 29, 33, 97, 99, 98, 37, 38, 43, 44]",13
574,"[0, 70, 74, 16, 84, 20, 23, 97, 98, 99]",10
575,"[0, 97, 98, 99, 70, 16, 20, 84, 55]",9
576,"[0, 97, 98, 99, 69, 70, 77, 16, 20]",9
577,"[0, 70, 74, 16, 84, 20, 23, 97, 98, 99, 57]",11
578,"[0, 70, 74, 77, 16, 83, 23, 97, 98, 99]",10
579,"[0, 97, 98, 99, 70, 16, 84, 20]",8
580,"[0, 97, 98, 99, 70, 74, 16, 23, 57]",9
581,"[0, 33, 97, 98, 99, 38, 19, 29]",8
582,"[0, 19, 29, 32, 97, 98, 99, 37, 38, 43, 44]",11
583,"[0, 97, 98, 99, 70, 74, 16, 20, 23]",9
584,"[0, 70, 74, 77, 16, 83, 20, 23, 97, 98, 99]",11
585,"[0, 97, 98, 99, 70, 74, 16, 23, 57]",9
586,"[0, 97, 98, 99, 38, 19, 29]",7
587,"[0, 70, 77, 16, 83, 20, 84, 97, 98, 99]",10
588,"[0, 97, 98, 99, 69, 70, 77, 16, 20]",9
589,"[0, 97, 98, 99, 70, 74, 16, 20, 23]",9
590,"[0, 70, 74, 77, 16, 23, 91, 97, 98, 99]",10
591,"[0, 32, 64, 98, 97, 99, 20, 84, 26]",9
592,"[0, 70, 74, 77, 16, 83, 20, 23, 97, 98, 99]",11
593,"[0, 97, 32, 64, 2, 99, 70, 98]",8
594,"[0, 70, 74, 77, 16, 83, 20, 23, 97, 98, 99]",11
595,"[0, 74, 19, 29, 97, 98, 99, 37, 38, 43, 44]",11
596,"[0, 70, 77, 16, 20, 84, 91, 97, 98, 99]",10
597,"[0, 70, 74, 77, 16, 23, 91, 97, 98, 99, 57]",11
598,"[0, 70, 74, 77, 16, 23, 91, 97, 98, 99]",10
599,"[0, 70, 74, 77, 16, 83, 84, 20, 23, 97, 98, 99]",12
600,"[0, 74, 11, 77, 19, 29, 33, 98, 97, 99, 37, 38]",12
601,"[0, 97, 98, 64, 99, 73, 49, 55, 29]",9
602,"[0, 97, 98, 99, 70, 74, 16, 23, 57]",9
603,"[0, 74, 19, 29, 33, 97, 99, 98, 37, 38, 43, 44]",12
604,"[0, 97, 64, 98, 99, 84, 20]",7
605,"[0, 97, 98, 99, 37, 38, 74, 19, 29]",9
606,"[0, 97, 98, 99, 70, 77, 16, 20, 91]",9
607,"[0, 70, 74, 23, 26, 29, 32, 97, 98, 99, 57]",11
608,"[0, 70, 74, 77, 16, 83, 84, 20, 23, 97, 98, 99]",12
609,"[0, 70, 74, 23, 29, 32, 97, 98, 99, 57]",10
610,"[0, 97, 98, 99, 70, 16, 84, 20]",8
611,"[0, 74, 77, 19, 29, 97, 98, 99, 37, 38, 43, 44]",12
612,"[0, 97, 98, 99, 70, 77, 16, 84, 91]",9
613,"[0, 70, 77, 16, 19, 83, 91, 97, 98, 99, 46, 55]",12
614,"[0, 70, 8, 77, 16, 19, 20, 83, 91, 97, 98, 99, 46]",13
615,"[0, 97, 32, 64, 99, 98, 70]",7
616,"[0, 97, 98, 99, 70, 77, 16, 83, 20]",9
617,"[0, 32, 97, 99, 98, 70, 42, 13, 18]",9
618,"[0, 74, 77, 19, 29, 33, 97, 99, 98, 37, 38, 43, 44]",13
619,"[0, 97, 98, 99, 69, 70, 77, 16, 20]",9
620,"[0, 70, 74, 23, 26, 29, 32, 97, 98, 99, 57]",11
621,"[0, 77, 19, 29, 32, 97, 98, 99, 37, 38]",10
622,"[0, 97, 98, 99, 37, 74, 91]",7
623,"[0, 97, 32, 98, 99, 37, 29]",7
624,"[0, 97, 98, 99, 70, 74, 16, 20, 23]",9
625,"[0, 74, 77, 19, 29, 33, 97, 99, 98, 37, 38, 43, 44]",13
626,"[0, 70, 8, 74, 77, 16, 83, 20, 91, 97, 98, 99]",12
627,"[0, 70, 77, 16, 83, 20, 84, 97, 98, 99, 55]",11
628,"[0, 70, 74, 77, 23, 91, 29, 97, 98, 99, 57]",11
629,"[0, 97, 98, 99, 70, 74, 16, 20, 23]",9
630,"[0, 74, 19, 29, 33, 97, 99, 98, 37, 38, 43, 44]",12
631,"[0, 74, 77, 94, 97, 98, 35, 99, 37, 43, 44]",11
632,"[0, 64, 70, 77, 16, 19, 83, 97, 98, 99, 46, 47]",12
633,"[0, 19, 29, 33, 97, 98, 99, 38, 43, 44]",10
634,"[0, 97, 98, 99, 20, 84]",6
635,"[0, 64, 97, 99, 98, 74, 23, 57, 29]",9
636,"[0, 70, 74, 23, 29, 93, 97, 98, 35, 99, 46, 57]",12
637,"[0, 77, 93, 33, 97, 35, 98, 37, 99, 43, 44, 46]",12
638,"[0, 19, 29, 33, 97, 98, 99, 38, 43, 44]",10
639,"[0, 97, 98, 99, 70, 74, 23, 57, 29]",9
640,"[0, 74, 77, 19, 29, 33, 97, 99, 98, 37, 38, 43, 44]",13
641,"[0, 70, 74, 76, 77, 16, 83, 20, 91, 97, 98, 99]",12
642,"[0, 70, 10, 77, 83, 20, 91, 97, 34, 98, 99]",11
643,"[0, 32, 2, 64, 97, 99, 70, 98]",8
644,"[0, 97, 98, 99, 70, 74, 77, 23, 91]",9
645,"[0, 97, 98, 99, 70, 77, 84, 91]",8
646,"[0, 97, 98, 99, 70, 74, 20, 23]",8
647,"[0, 70, 74, 23, 26, 29, 32, 97, 98, 99, 57]",11
648,"[0, 97, 98, 99, 37, 74, 53]",7
649,"[0, 19, 29, 33, 97, 98, 99, 38, 43, 44]",10
650,"[0, 74, 19, 29, 33, 97, 99, 98, 37, 38, 43, 44]",12
651,"[0, 64, 70, 13, 18, 32, 97, 98, 99, 42]",10
652,"[0, 19, 29, 33, 97, 98, 99, 38, 43, 44]",10
653,"[0, 97, 98, 99, 74, 77, 83, 23]",8
654,"[0, 97, 98, 99, 70, 74, 23, 57, 29]",9
655,"[0, 32, 64, 97, 99, 98, 19, 84, 20]",9
656,"[0, 97, 98, 99, 70, 74, 23, 57]",8
657,"[0, 64, 2, 70, 74, 23, 29, 97, 98, 99, 57]",11
658,"[0, 97, 98, 99, 70, 77, 83, 20]",8
659,"[0, 97, 98, 99, 37, 74, 53]",7
660,"[0, 70, 74, 77, 23, 91, 97, 98, 99, 57]",10
661,"[0, 70, 74, 23, 29, 32, 97, 98, 99, 57]",10
662,"[0, 97, 98, 99, 70, 77, 84, 91]",8
663,"[0, 97, 98, 99, 70, 77, 84, 91]",8
664,"[0, 32, 97, 99, 98, 70, 74, 23, 57]",9
665,"[0, 97, 98, 99, 74, 20, 23]",7
666,"[0, 97, 98, 99, 69, 70, 77, 16, 20]",9
667,"[0, 32, 97, 98, 99, 37, 53, 29]",8
668,"[0, 97, 98, 99, 77, 83, 20]",7
669,"[0, 97, 98, 99, 74, 77, 83, 20, 23]",9
670,"[0, 74, 19, 29, 33, 97, 99, 98, 37, 38]",10
671,"[0, 74, 11, 77, 19, 29, 33, 98, 99, 97, 37, 38]",12
672,"[0, 64, 70, 13, 18, 32, 97, 98, 99, 42]",10
673,"[0, 64, 2, 70, 74, 23, 29, 97, 98, 99, 57]",11
674,"[0, 97, 98, 99, 77, 83, 20]",7
675,"[0, 70, 74, 77, 16, 83, 20, 91, 97, 98, 99]",11
676,"[0, 32, 97, 98, 99, 37, 13, 55]",8
677,"[0, 64, 2, 70, 74, 23, 29, 97, 98, 99, 57]",11
678,"[0, 74, 19, 29, 33, 97, 99, 98, 37, 38, 43, 44]",12
679,"[0, 8, 11, 87, 29, 97, 98, 99, 37, 38, 57]",11
680,"[0, 97, 98, 99, 70, 84, 55]",7
681,"[0, 74, 77, 19, 29, 33, 97, 99, 98, 37, 38, 43, 44]",13
682,"[0, 97, 98, 99, 37, 74, 53]",7
683,"[0, 97, 98, 99, 37, 74, 53, 29]",8
684,"[0, 74, 19, 29, 33, 97, 99, 98, 37, 38, 43, 44]",12
685,"[0, 32, 98, 99, 97, 70, 74, 23, 57]",9
686,"[0, 32, 97, 99, 98, 70, 74, 23, 57]",9
687,"[0, 97, 98, 99, 74, 20, 23]",7
688,"[0, 74, 19, 29, 33, 97, 99, 98, 37, 38, 43, 44]",12
689,"[0, 97, 98, 99, 74, 77, 83, 20, 23]",9
690,"[0, 74, 19, 87, 29, 33, 97, 99, 98, 37, 38, 43, 44]",13
691,"[0, 74, 77, 19, 29, 33, 97, 99, 98, 37, 38, 43, 44]",13
692,"[0, 97, 98, 99, 70, 74, 23, 57]",8
693,"[0, 97, 32, 98, 99, 37, 53]",7
694,"[0, 70, 74, 23, 29, 32, 97, 98, 99, 57]",10
695,"[0, 32, 98, 97, 99, 37, 53]",7
696,"[0, 70, 74, 76, 77, 16, 83, 20, 91, 97, 98, 99]",12
697,"[0, 97, 98, 99, 84, 20]",6
698,"[0, 74, 77, 83, 84, 20, 23, 97, 98, 99]",10
699,"[0, 32, 98, 97, 99, 70, 16, 20]",8
700,"[0, 74, 19, 29, 33, 97, 99, 98, 37, 38, 44]",11
701,"[0, 97, 98, 99, 69, 70, 77, 16, 20]",9
702,"[0, 97, 98, 99, 70, 74, 20, 23]",8
703,"[0, 74, 19, 29, 33, 97, 99, 98, 37, 38, 43, 44]",12
704,"[0, 97, 32, 99, 98, 70]",6
705,"[0, 74, 77, 19, 29, 33, 97, 99, 98, 37, 38, 43, 44]",13
706,"[0, 97, 98, 99, 70, 77, 20, 84, 91]",9
707,"[0, 97, 98, 99, 84, 20]",6
708,"[0, 97, 98, 99, 70, 74, 23, 57]",8
709,"[0, 97, 32, 64, 99, 98, 70]",7
710,"[0, 70, 77, 16, 83, 84, 97, 98, 99, 55]",10
711,"[0, 70, 74, 76, 77, 16, 20, 91, 97, 98, 99]",11
712,"[0, 74, 11, 19, 87, 29, 33, 97, 99, 98, 37, 38, 44]",13
713,"[0, 70, 77, 16, 83, 84, 97, 98, 99, 55]",10
714,"[0, 97, 98, 99, 70, 77, 20, 84, 91]",9
715,"[0, 97, 98, 99, 70, 74, 23, 57]",8
716,"[0, 64, 70, 77, 16, 83, 84, 97, 98, 99, 50]",11
717,"[0, 70, 74, 23, 29, 32, 97, 98, 99, 57]",10
718,"[0, 70, 74, 13, 18, 23, 29, 97, 98, 99, 42, 57]",12
719,"[0, 33, 32, 98, 97, 37, 99, 53]",8
720,"[0, 97, 98, 99, 74, 23]",6
721,"[0, 64, 74, 13, 18, 23, 29, 97, 98, 99, 42, 57]",12
722,"[0, 64, 13, 18, 84, 20, 32, 97, 98, 99, 42, 48, 50]",13
723,"[0, 74, 19, 29, 33, 97, 99, 98, 37, 38, 43, 44]",12
724,"[0, 74, 19, 29, 33, 97, 99, 98, 37, 38, 43, 44]",12
725,"[0, 19, 29, 33, 97, 98, 99, 38, 43, 44]",10
726,"[0, 32, 98, 99, 97, 74, 23, 57]",8
727,"[0, 70, 74, 23, 26, 29, 32, 97, 98, 99, 57]",11
728,"[0, 74, 77, 19, 29, 33, 97, 99, 98, 37, 38, 43, 44]",13
729,"[0, 74, 77, 83, 84, 20, 23, 97, 98, 99]",10
730,"[0, 97, 64, 98, 99, 84, 20]",7
731,"[0, 97, 98, 99, 70, 16, 84, 20]",8
732,"[0, 97, 98, 99, 70, 16, 84, 20]",8
733,"[0, 97, 98, 99, 74, 77, 83, 20, 23]",9
734,"[0, 97, 98, 99, 70, 74, 77, 23, 91]",9
735,"[0, 64, 70, 13, 18, 32, 97, 96, 99, 98, 42]",11
736,"[0, 32, 2, 64, 97, 99, 70, 98]",8
737,"[0, 74, 19, 29, 33, 97, 99, 98, 37, 38, 43, 44]",12
738,"[0, 19, 29, 32, 97, 98, 99, 37, 38, 43, 44]",11
739,"[0, 70, 10, 77, 16, 19, 20, 83, 91, 97, 98, 99, 46]",13
740,"[0, 77, 19, 29, 32, 97, 98, 99, 37, 38]",10
741,"[0, 97, 32, 99, 98, 37, 53, 29]",8
742,"[0, 74, 77, 94, 97, 98, 35, 99, 37, 43, 44]",11
743,"[0, 97, 98, 99, 70, 74, 16, 20, 23]",9
744,"[0, 70, 74, 13, 18, 23, 29, 97, 98, 99, 42, 57]",12
745,"[0, 97, 98, 99, 37, 74, 43, 44, 53]",9
746,"[0, 97, 98, 99, 74, 20, 23]",7
747,"[0, 97, 32, 64, 2, 99, 70, 98]",8
748,"[0, 97, 64, 98, 99, 84, 20]",7
749,"[0, 97, 98, 99, 74, 77, 83, 23]",8
750,"[0, 70, 10, 77, 16, 20, 91, 97, 98, 99]",10
751,"[0, 70, 74, 23, 26, 29, 32, 97, 98, 99, 57]",11
752,"[0, 97, 32, 64, 99, 98, 70]",7
753,"[0, 64, 98, 97, 99, 20, 84]",7
754,"[0, 97, 98, 99, 20, 84]",6
755,"[0, 97, 98, 99, 70, 74, 16, 20, 23]",9
756,"[0, 97, 98, 99, 74, 23, 57]",7
757,"[0, 97, 32, 64, 2, 99, 70, 98]",8
758,"[0, 97, 98, 99, 37, 74, 53, 29]",8
759,"[0, 74, 19, 29, 33, 97, 99, 98, 37, 38, 44]",11
760,"[0, 74, 77, 19, 29, 33, 97, 99, 98, 37, 38, 43, 44]",13
761,"[0, 97, 98, 99, 74, 77, 83, 20, 23]",9
762,"[0, 70, 74, 77, 23, 91, 97, 98, 99, 57]",10
763,"[0, 74, 77, 29, 97, 98, 35, 99, 37, 38, 43, 44]",12
764,"[0, 69, 70, 77, 16, 19, 97, 98, 99, 46, 55]",11
765,"[0, 74, 11, 77, 19, 29, 33, 98, 97, 99, 37, 38, 43, 44]",14
766,"[0, 97, 98, 99, 70, 74, 16, 23]",8
767,"[0, 97, 98, 99, 70, 84, 20]",7
768,"[0, 70, 74, 23, 93, 97, 98, 35, 99, 46, 57]",11
769,"[0, 64, 69, 70, 77, 16, 83, 84, 97, 98, 99, 50]",12
770,"[0, 32, 98, 97, 99, 37, 53]",7
771,"[0, 70, 74, 16, 84, 20, 23, 97, 98, 99]",10
772,"[0, 97, 98, 99, 77, 84, 91]",7
773,"[0, 70, 77, 16, 83, 20, 84, 97, 98, 99]",10
774,"[0, 64, 2, 70, 74, 23, 29, 97, 98, 99, 57]",11
775,"[0, 70, 74, 77, 23, 91, 97, 98, 99, 57]",10
776,"[0, 97, 98, 99, 70, 74, 77, 23, 91]",9
777,"[0, 70, 74, 77, 23, 91, 97, 98, 99, 57]",10
778,"[0, 64, 13, 18, 84, 20, 32, 97, 98, 99, 42, 48]",12
779,"[0, 97, 98, 99, 70, 77, 83, 91]",8
780,"[0, 97, 98, 99, 70, 74, 16, 20, 23]",9
781,"[0, 70, 74, 77, 16, 83, 20, 23, 97, 98, 99]",11
782,"[0, 32, 97, 98, 99, 37, 78, 23, 56]",9
783,"[0, 70, 74, 77, 16, 83, 84, 20, 23, 97, 98, 99]",12
784,"[0, 97, 98, 99, 37, 74, 53]",7
785,"[0, 97, 32, 98, 99, 37, 43, 44, 29]",9
786,"[0, 97, 98, 99, 70, 77, 16, 83, 20]",9
787,"[0, 64, 2, 70, 6, 84, 20, 32, 97, 98, 99]",11
788,"[0, 19, 29, 30, 97, 98, 99, 38, 43, 44]",10
789,"[0, 33, 32, 98, 97, 37, 99, 53]",8
790,"[0, 77, 19, 29, 32, 97, 98, 99, 37, 38, 43, 44]",12
791,"[0, 97, 98, 99, 38, 43, 44, 19, 29]",9
792,"[0, 19, 29, 32, 97, 98, 99, 37, 38, 43, 44]",11
793,"[0, 74, 77, 29, 97, 98, 35, 99, 37, 38, 43, 44]",12
794,"[0, 64, 2, 13, 18, 32, 97, 98, 99, 42]",10
795,"[0, 64, 74, 13, 18, 23, 29, 96, 97, 98, 99, 42, 57]",13
796,"[0, 32, 97, 99, 98, 70, 74, 23, 57]",9
797,"[0, 97, 98, 99, 70, 77, 16, 83, 84]",9
798,"[0, 19, 29, 33, 97, 98, 99, 38, 43, 44]",10
799,"[0, 74, 11, 19, 29, 33, 98, 97, 99, 37, 38, 43, 44]",13
800,"[0, 65, 69, 70, 77, 16, 93, 97, 34, 98, 99]",11
801,"[0, 70, 74, 77, 16, 83, 84, 20, 23, 97, 98, 99]",12
802,"[0, 70, 76, 77, 16, 20, 91, 97, 98, 99]",10
803,"[0, 97, 32, 99, 98, 84, 20]",7
804,"[0, 97, 98, 99, 70, 77, 20, 84, 91]",9
805,"[0, 74, 19, 29, 33, 97, 99, 98, 37, 38, 43, 44]",12
806,"[0, 97, 98, 99, 38, 43, 44, 19, 29]",9
807,"[0, 97, 98, 99, 69, 70, 77, 16, 20]",9
808,"[0, 70, 74, 77, 16, 83, 84, 20, 23, 97, 98, 99]",12
809,"[0, 70, 74, 77, 16, 83, 23, 97, 98, 99]",10
810,"[0, 69, 70, 77, 16, 83, 20, 97, 98, 99]",10
811,"[0, 70, 77, 16, 20, 84, 29, 96, 32, 97, 98, 99]",12
812,"[0, 64, 73, 77, 19, 29, 97, 98, 99, 49, 55]",11
813,"[0, 97, 32, 64, 99, 98, 70]",7
814,"[0, 32, 97, 98, 99, 37, 23, 56]",8
815,"[0, 97, 98, 99, 38, 19, 29]",7
816,"[0, 70, 74, 23, 29, 32, 97, 98, 99, 57]",10
817,"[0, 64, 2, 70, 74, 23, 29, 97, 98, 99, 57]",11
818,"[0, 97, 98, 99, 77, 20, 84, 91]",8
819,"[0, 97, 98, 99, 70, 16, 84, 20]",8
820,"[0, 97, 98, 99, 37, 74, 53]",7
821,"[0, 97, 32, 64, 2, 99, 70, 98]",8
822,"[0, 97, 98, 99, 69, 70, 77, 16, 20]",9
823,"[0, 77, 19, 29, 32, 97, 98, 99, 37, 38]",10
824,"[0, 74, 77, 19, 29, 33, 97, 99, 98, 37, 38, 43, 44]",13
825,"[0, 32, 64, 98, 97, 99, 19, 20, 84]",9
826,"[0, 19, 29, 30, 33, 97, 98, 99, 38, 43, 44]",11
827,"[0, 74, 19, 29, 33, 97, 99, 98, 37, 38, 43, 44]",12
828,"[0, 70, 74, 77, 83, 20, 23, 97, 98, 99]",10
829,"[0, 97, 98, 99, 70, 74, 16, 20, 23]",9
830,"[0, 97, 98, 99, 37, 74, 43, 44]",8
831,"[0, 97, 98, 99, 77, 20, 84, 91]",8
832,"[0, 97, 98, 99, 70, 16, 20, 84]",8
833,"[0, 97, 32, 64, 2, 99, 70, 98]",8
834,"[0, 32, 97, 98, 99, 37, 38, 19, 29]",9
835,"[0, 19, 29, 32, 97, 98, 99, 37, 38, 43, 44]",11
836,"[0, 74, 19, 29, 33, 97, 99, 98, 37, 38, 43, 44]",12
837,"[0, 32, 97, 99, 98, 70, 74, 23, 57]",9
838,"[0, 77, 19, 29, 32, 97, 98, 99, 37, 38]",10
839,"[0, 97, 98, 99, 77, 20, 91]",7
840,"[0, 74, 19, 29, 33, 97, 99, 98, 37, 38, 43, 44]",12
841,"[0, 97, 98, 99, 70, 74, 23, 57]",8
842,"[0, 70, 74, 77, 16, 83, 20, 23, 97, 98, 99]",11
843,"[0, 97, 98, 99, 37, 74, 53]",7
844,"[0, 97, 98, 99, 37, 74, 53]",7
845,"[0, 70, 74, 10, 76, 77, 16, 83, 20, 91, 97, 98, 99]",13
846,"[0, 97, 98, 99, 77, 20, 91]",7
847,"[0, 64, 2, 70, 74, 77, 83, 23, 29, 97, 98, 99, 57]",13
848,"[0, 74, 11, 19, 29, 33, 97, 98, 99, 37, 38, 44]",12
849,"[0, 64, 70, 13, 18, 32, 97, 98, 99, 42]",10
850,"[0, 70, 77, 16, 83, 84, 97, 98, 99, 55]",10
851,"[0, 97, 98, 99, 70, 74, 23, 57]",8
852,"[0, 70, 74, 77, 16, 83, 20, 23, 97, 98, 99]",11
853,"[0, 97, 98, 99, 70, 16, 84, 20]",8
854,"[0, 97, 98, 99, 70, 74, 16, 23, 57]",9
855,"[0, 74, 77, 19, 29, 33, 97, 99, 98, 37, 38, 43, 44]",13
856,"[0, 70, 74, 77, 16, 83, 23, 97, 98, 99]",10
857,"[0, 97, 98, 99, 37, 74, 43, 44, 53]",9
858,"[0, 97, 98, 99, 70, 16, 20, 84]",8
859,"[0, 64, 2, 99, 97, 98, 74, 23, 57]",9
860,"[0, 70, 74, 13, 18, 23, 29, 97, 98, 99, 42, 57]",12
861,"[0, 70, 10, 77, 16, 19, 91, 97, 34, 99, 98, 46]",12
862,"[0, 97, 98, 99, 70, 74, 16, 23]",8
863,"[0, 70, 74, 16, 23, 32, 97, 98, 99, 57]",10
864,"[0, 97, 64, 99, 2, 98, 74, 23, 57]",9
865,"[0, 97, 98, 99, 70, 74, 16, 23]",8
866,"[0, 74, 19, 29, 33, 97, 99, 98, 37, 38, 43, 44]",12
867,"[0, 8, 11, 87, 29, 97, 98, 99, 37, 38, 57]",11
868,"[0, 97, 98, 99, 70, 74, 16, 23]",8
869,"[0, 97, 98, 99, 70, 77, 16, 83]",8
870,"[0, 74, 19, 29, 33, 97, 99, 98, 37, 38, 43, 44]",12
871,"[0, 32, 97, 98, 99, 37, 53, 87]",8
872,"[0, 32, 97, 98, 99, 37, 13, 55]",8
873,"[0, 70, 77, 16, 83, 84, 97, 98, 99, 55]",10
874,"[0, 97, 98, 99, 70, 74, 16, 20, 23]",9
875,"[0, 70, 74, 10, 77, 16, 83, 20, 91, 97, 98, 99]",12
876,"[0, 97, 98, 99, 69, 70, 77, 16, 20]",9
877,"[0, 70, 77, 16, 83, 84, 97, 98, 99, 55]",10
878,"[0, 32, 98, 99, 97, 70, 74, 23, 57]",9
879,"[0, 97, 64, 98, 99, 84, 20]",7
880,"[0, 97, 98, 99, 70, 16, 20, 84]",8
881,"[0, 70, 74, 13, 18, 23, 29, 97, 98, 99, 42, 57]",12
882,"[0, 97, 64, 98, 99, 84, 20]",7
883,"[0, 97, 98, 99, 37, 74, 91]",7
884,"[0, 74, 19, 29, 33, 97, 99, 98, 37, 38, 43, 44]",12
885,"[0, 33, 97, 98, 99, 37, 43, 44, 77]",9
886,"[0, 64, 70, 13, 18, 32, 97, 96, 99, 98, 42]",11
887,"[0, 74, 11, 77, 19, 29, 33, 98, 99, 97, 37, 38, 43, 44]",14
888,"[0, 70, 10, 77, 16, 19, 20, 83, 91, 97, 98, 99, 46]",13
889,"[0, 70, 77, 16, 19, 20, 83, 97, 98, 99, 46]",11
890,"[0, 32, 98, 97, 99, 37, 53]",7
891,"[0, 74, 11, 77, 19, 29, 33, 97, 99, 98, 37, 38]",12
892,"[0, 32, 97, 99, 98, 70, 74, 23, 57]",9
893,"[0, 65, 69, 70, 77, 16, 93, 97, 34, 98, 99]",11
894,"[0, 97, 98, 99, 70, 74, 16, 20, 23]",9
895,"[0, 97, 98, 99, 70, 74, 16, 20, 23]",9
896,"[0, 97, 98, 99, 70, 16, 20]",7
897,"[0, 64, 2, 74, 77, 83, 23, 29, 97, 98, 99, 57]",12
898,"[0, 70, 16, 20, 93, 96, 32, 34, 98, 97, 99]",11
899,"[0, 97, 32, 98, 99, 37, 53, 29]",8
900,"[0, 97, 32, 99, 98, 70]",6
901,"[0, 74, 77, 19, 29, 33, 97, 99, 98, 37, 38, 43, 44]",13
902,"[0, 70, 16, 20, 93, 96, 32, 34, 98, 97, 99]",11
903,"[0, 74, 19, 29, 33, 97, 99, 98, 37, 38, 43, 44]",12
904,"[0, 97, 98, 99, 70, 74, 16, 23]",8
905,"[0, 74, 19, 29, 33, 97, 99, 98, 37, 38, 43, 44]",12
906,"[0, 70, 74, 77, 16, 83, 20, 23, 97, 98, 99]",11
907,"[0, 70, 74, 77, 16, 83, 20, 23, 97, 98, 99]",11
908,"[0, 97, 98, 99, 37, 74, 29]",7
909,"[0, 32, 97, 99, 98, 37, 8, 23, 56]",9
910,"[0, 97, 98, 99, 70, 74, 16, 20, 23]",9
911,"[0, 74, 77, 19, 29, 33, 97, 99, 98, 37, 38]",11
912,"[0, 70, 74, 77, 83, 23, 97, 98, 99, 57]",10
913,"[0, 70, 74, 10, 77, 16, 83, 20, 91, 97, 98, 99]",12
914,"[0, 32, 98, 97, 99, 37, 53]",7
915,"[0, 65, 69, 70, 77, 16, 93, 97, 34, 98, 99]",11
916,"[0, 64, 2, 74, 77, 83, 23, 97, 98, 99, 57]",11
917,"[0, 64, 97, 99, 98, 74, 77, 83, 23]",9
918,"[0, 64, 73, 13, 29, 97, 98, 99, 49, 55]",10
919,"[0, 97, 98, 99, 37, 74, 11, 44, 43]",9
920,"[0, 97, 98, 99, 37, 74, 11, 91]",8
921,"[0, 97, 32, 64, 2, 99, 70, 98]",8
922,"[0, 64, 70, 13, 18, 32, 96, 97, 99, 98, 42]",11
923,"[0, 74, 11, 19, 29, 33, 97, 98, 99, 37, 38]",11
924,"[0, 32, 98, 97, 99, 37, 53, 87]",8
925,"[0, 65, 69, 70, 12, 77, 16, 20, 93, 95, 97, 34, 99, 98, 58]",15
926,"[0, 64, 69, 70, 77, 16, 84, 97, 98, 99, 50]",11
927,"[0, 32, 98, 99, 97, 70, 16, 20]",8
928,"[0, 32, 2, 64, 97, 99, 70, 98]",8
929,"[0, 97, 98, 99, 37, 74, 43, 44, 53]",9
930,"[0, 70, 74, 77, 83, 23, 97, 98, 99, 57]",10
931,"[0, 32, 2, 64, 97, 99, 70, 98]",8
932,"[0, 74, 19, 29, 33, 97, 99, 98, 37, 38, 43, 44]",12
933,"[0, 97, 32, 64, 99, 98]",6
934,"[0, 97, 98, 99, 74, 77, 83, 20, 23]",9
935,"[0, 33, 32, 98, 97, 37, 99, 53]",8
936,"[0, 97, 98, 99, 70, 74, 23]",7
937,"[0, 97, 32, 99, 98, 70]",6
938,"[0, 32, 98, 99, 97, 74, 23]",7
939,"[0, 74, 19, 29, 33, 97, 99, 98, 37, 38, 43, 44]",12
940,"[0, 8, 74, 78, 23, 97, 98, 99, 37, 56]",10
941,"[0, 97, 98, 99, 70, 74, 16, 20, 23]",9
942,"[0, 97, 98, 99, 70, 74, 16, 23]",8
943,"[0, 74, 77, 19, 29, 33, 97, 35, 99, 37, 38, 98, 43, 44]",14
944,"[0, 97, 98, 99, 77, 83, 20, 84]",8
945,"[0, 97, 98, 99, 74, 77, 83, 20, 23]",9
946,"[0, 65, 69, 70, 77, 16, 93, 97, 34, 99, 98]",11
947,"[0, 74, 11, 77, 19, 29, 33, 98, 97, 99, 37, 38]",12
948,"[0, 97, 98, 99, 69, 70, 77, 16, 20]",9
949,"[0, 97, 98, 99, 77, 83]",6
950,"[0, 64, 2, 74, 23, 29, 97, 98, 99, 57]",10
951,"[0, 74, 19, 29, 33, 97, 99, 98, 37, 38, 43, 44]",12
952,"[0, 97, 98, 99, 74, 20, 23]",7
953,"[0, 97, 98, 99, 70, 74, 16, 23]",8
954,"[0, 97, 64, 98, 99, 20, 84]",7
955,"[0, 74, 11, 77, 19, 29, 33, 98, 99, 97, 37, 38]",12
956,"[0, 97, 98, 99, 84, 20]",6
957,"[0, 97, 98, 99, 70, 74, 16, 20, 23]",9
958,"[0, 97, 98, 99, 77, 83, 84, 55]",8
959,"[0, 97, 98, 99, 37, 38, 74, 11, 29]",9
960,"[0, 70, 74, 23, 26, 29, 32, 97, 98, 99, 57]",11
961,"[0, 32, 98, 99, 97, 74, 23]",7
962,"[0, 74, 11, 19, 29, 33, 98, 99, 97, 37, 38]",11
963,"[0, 32, 98, 99, 97, 74, 23]",7
964,"[0, 32, 64, 98, 97, 99, 20, 84, 26]",9
965,"[0, 97, 98, 99, 70, 74, 16, 20, 23]",9
966,"[0, 97, 98, 99, 74, 20, 23]",7
967,"[0, 70, 74, 16, 84, 20, 23, 97, 98, 99]",10
968,"[0, 64, 98, 97, 99, 84, 20]",7
969,"[0, 97, 98, 99, 70, 16, 20, 84]",8
970,"[0, 8, 74, 78, 23, 97, 98, 99, 37, 43, 44, 56]",12
971,"[0, 97, 32, 64, 99, 98, 70]",7
972,"[0, 97, 98, 99, 84, 20]",6
973,"[0, 64, 6, 13, 18, 84, 20, 32, 97, 98, 99, 42]",12
974,"[0, 97, 98, 99, 43, 44]",6
975,"[0, 32, 98, 99, 97, 74, 23, 57]",8
976,"[0, 97, 98, 99, 70, 16, 20]",7
977,"[0, 74, 19, 29, 33, 97, 99, 98, 37, 38, 43, 44]",12
978,"[0, 70, 74, 76, 77, 16, 83, 20, 91, 97, 98, 99]",12
979,"[0, 64, 97, 99, 98, 74, 77, 83, 23]",9
980,"[0, 97, 98, 99, 74, 20, 23]",7
981,"[0, 70, 77, 16, 19, 91, 97, 34, 98, 99, 46]",11
982,"[0, 64, 70, 13, 18, 32, 96, 97, 98, 99, 42, 50]",12
983,"[0, 97, 98, 99, 84, 20]",6
984,"[0, 64, 97, 99, 98, 74, 77, 83, 23]",9
985,"[0, 97, 98, 99, 74, 77, 83, 20, 23]",9
986,"[0, 97, 98, 99, 37, 74, 53, 94]",8
987,"[0, 74, 77, 19, 29, 33, 97, 99, 98, 37, 38, 43, 44]",13
988,"[0, 69, 70, 77, 16, 20, 84, 97, 98, 99, 55]",11
989,"[0, 97, 98, 99, 84, 20]",6
990,"[0, 97, 98, 99, 69, 70, 77, 20]",8
991,"[0, 74, 23, 29, 97, 98, 99, 37, 43, 44, 53]",11
992,"[0, 64, 2, 74, 77, 83, 23, 97, 98, 99, 57]",11
993,"[0, 97, 98, 99, 70, 16, 84, 20]",8
994,"[0, 97, 98, 99, 77, 83, 84, 55]",8
995,"[0, 97, 98, 99, 74, 20, 23]",7
996,"[0, 97, 98, 99, 37, 74, 53, 29]",8
997,"[0, 97, 98, 99, 20, 84]",6
998,"[0, 74, 77, 29, 97, 98, 35, 99, 37, 38, 43, 44]",12
999,"[0, 74, 11, 77, 19, 29, 33, 98, 99, 97, 37, 38]",12
1000,"[0, 97, 98, 99, 77, 46, 83, 19]",8
1001,"[0, 97, 98, 99, 37, 74, 23, 56]",8
1002,"[0, 97, 98, 99, 69, 70, 77, 16, 20]",9
1003,"[0, 64, 2, 70, 74, 77, 83, 23, 97, 98, 99, 57]",12
1004,"[0, 70, 74, 76, 77, 16, 83, 20, 91, 97, 98, 99]",12
1005,"[0, 70, 74, 13, 18, 23, 29, 97, 98, 99, 42, 57]",12
1006,"[0, 97, 98, 99, 74, 77, 83, 20, 23]",9
1007,"[0, 97, 98, 99, 74, 77, 83, 20, 23]",9
1008,"[0, 74, 19, 29, 33, 97, 99, 98, 37, 38]",10
1009,"[0, 97, 98, 99, 74, 77, 83, 20, 23]",9
1010,"[0, 97, 98, 99, 74, 20, 23]",7
1011,"[0, 74, 11, 19, 29, 33, 98, 99, 97, 37, 38]",11
1012,"[0, 97, 98, 99, 77, 83, 20, 84, 55]",9
1013,"[0, 97, 98, 99, 74, 77, 83, 20, 23]",9
1014,"[0, 74, 11, 19, 29, 33, 97, 98, 99, 37, 38]",11
1015,"[0, 70, 74, 23, 93, 97, 98, 99, 35, 46, 57]",11
1016,"[0, 74, 19, 29, 33, 97, 99, 98, 37, 38, 43, 44]",12
1017,"[0, 74, 19, 29, 33, 97, 99, 98, 37, 38]",10
1018,"[0, 74, 29, 97, 98, 99, 37, 38, 43, 44]",10
1019,"[0, 32, 98, 99, 97, 70, 74, 23, 57]",9
1020,"[0, 70, 74, 23, 26, 29, 32, 97, 98, 99, 57]",11
1021,"[0, 97, 98, 99, 37, 71, 74, 11, 44]",9
1022,"[0, 97, 98, 99, 74, 77, 83, 20, 23]",9
1023,"[0, 97, 98, 99, 37, 74, 53]",7
1024,"[0, 74, 19, 29, 33, 97, 99, 98, 37, 38, 43, 44]",12
1025,"[0, 70, 74, 23, 29, 93, 97, 98, 35, 99, 46, 57]",12
1026,"[0, 97, 98, 99, 37, 38, 74, 29]",8
1027,"[0, 64, 2, 70, 74, 23, 97, 98, 99, 57]",10
1028,"[0, 74, 19, 29, 33, 97, 99, 98, 37, 38, 44]",11
1029,"[0, 97, 98, 99, 37, 74, 43, 44, 53]",9
1030,"[0, 97, 98, 99, 37, 74, 53, 29]",8
1031,"[0, 70, 74, 76, 77, 16, 83, 20, 91, 97, 98, 99]",12
1032,"[0, 70, 74, 77, 16, 83, 20, 23, 97, 98, 99]",11
1033,"[0, 97, 98, 99, 74, 23, 57]",7
1034,"[0, 64, 69, 70, 77, 19, 83, 97, 98, 99, 46, 47]",12
1035,"[0, 97, 98, 99, 74, 77, 83, 20, 23]",9
1036,"[0, 97, 98, 99, 84, 20]",6
1037,"[0, 97, 98, 99, 37, 74, 43, 44]",8
1038,"[0, 70, 77, 19, 20, 83, 97, 98, 99, 46]",10
1039,"[0, 97, 98, 99, 69, 70, 77, 20]",8
1040,"[0, 97, 98, 99, 37, 74, 53, 94]",8
1041,"[0, 70, 74, 23, 26, 29, 32, 97, 98, 99, 57]",11
1042,"[0, 32, 98, 99, 97, 74, 77, 83, 23]",9
1043,"[0, 97, 98, 99, 77, 46, 83, 19, 20]",9
1044,"[0, 97, 98, 99, 74, 77, 83, 20, 23]",9
1045,"[0, 70, 8, 77, 16, 83, 20, 26, 91, 97, 98, 99]",12
1046,"[0, 32, 97, 99, 98, 70, 77, 91]",8
1047,"[0, 97, 98, 99, 70, 74, 23, 57]",8
1048,"[0, 97, 98, 99, 37, 74, 53, 55, 29]",9
1049,"[0, 74, 19, 29, 33, 97, 99, 98, 37, 38]",10
1050,"[0, 64, 2, 70, 74, 23, 29, 97, 98, 99, 57]",11
1051,"[0, 70, 74, 23, 26, 29, 32, 97, 98, 99, 57]",11
1052,"[0, 74, 19, 29, 33, 97, 99, 98, 37, 38]",10
1053,"[0, 97, 98, 99, 69, 70, 77, 16, 20]",9
1054,"[0, 70, 74, 23, 29, 93, 97, 98, 35, 99, 46, 57]",12
1055,"[0, 74, 19, 29, 33, 97, 99, 98, 37, 38, 43, 44]",12
1056,"[0, 97, 98, 99, 37, 38, 74, 29]",8
1057,"[0, 97, 98, 99, 74, 77, 83, 20, 23]",9
1058,"[0, 97, 98, 99, 74, 77, 83, 20, 23]",9
1059,"[0, 74, 19, 29, 33, 97, 99, 98, 37, 38, 43, 44]",12
1060,"[0, 97, 98, 99, 37, 74, 53, 88, 29]",9
1061,"[0, 97, 98, 99, 74, 29]",6
1062,"[0, 97, 98, 99, 70, 74, 23, 57, 29]",9
1063,"[0, 70, 74, 13, 18, 23, 29, 97, 98, 99, 42, 57]",12
1064,"[0, 70, 74, 23, 26, 29, 32, 97, 98, 99, 57]",11
1065,"[0, 70, 74, 77, 16, 83, 20, 23, 97, 98, 99]",11
1066,"[0, 97, 98, 99, 37, 74, 43, 44]",8
1067,"[0, 70, 74, 76, 77, 16, 83, 20, 91, 97, 98, 99]",12
1068,"[0, 97, 98, 99, 74, 20, 23]",7
1069,"[0, 97, 98, 99, 74, 77, 83, 20, 23]",9
1070,"[0, 97, 98, 99, 84, 20, 55]",7
1071,"[0, 97, 98, 99, 69, 70, 77, 20]",8
1072,"[0, 97, 98, 99, 70, 77, 20, 84, 91]",9
1073,"[0, 97, 98, 99, 84, 20]",6
1074,"[0, 97, 98, 99, 69, 70, 77, 20]",8
1075,"[0, 74, 19, 29, 33, 97, 99, 98, 37, 38, 43, 44]",12
1076,"[0, 64, 2, 70, 74, 23, 97, 98, 99, 57]",10
1077,"[0, 97, 98, 99, 37, 74, 94]",7
1078,"[0, 97, 98, 99, 70, 74, 23, 57]",8
1079,"[0, 32, 97, 99, 98, 70, 77, 91]",8
1080,"[0, 70, 74, 23, 26, 29, 32, 97, 98, 99, 57]",11
1081,"[0, 97, 98, 99, 77, 83, 20, 84]",8
1082,"[0, 70, 74, 77, 16, 83, 20, 91, 97, 98, 99]",11
1083,"[0, 97, 98, 99, 20, 84]",6
1084,"[0, 97, 98, 99, 77, 46, 19, 20, 83]",9
1085,"[0, 74, 19, 29, 33, 97, 99, 98, 37, 38, 43, 44]",12
1086,"[0, 97, 98, 99, 37, 38, 74, 29]",8
1087,"[0, 97, 98, 99, 70, 74, 77, 83, 23]",9
1088,"[0, 74, 77, 29, 33, 98, 97, 99, 37, 43, 44]",11
1089,"[0, 32, 98, 99, 97, 74, 23, 57]",8
1090,"[0, 74, 19, 29, 33, 97, 99, 98, 37, 38, 43, 44]",12
1091,"[0, 70, 10, 77, 16, 83, 97, 98, 99, 48, 50, 52]",12
1092,"[0, 32, 97, 99, 98, 70, 77, 91]",8
1093,"[0, 97, 64, 98, 99, 84, 20]",7
1094,"[0, 64, 2, 70, 74, 23, 29, 97, 98, 99, 57]",11
1095,"[0, 97, 98, 99, 37, 74, 94]",7
1096,"[0, 70, 77, 16, 19, 26, 91, 97, 98, 34, 99, 46]",12
1097,"[0, 70, 74, 23, 29, 93, 97, 98, 35, 99, 46, 57]",12
1098,"[0, 74, 77, 19, 83, 23, 97, 98, 99, 46]",10
1099,"[0, 97, 98, 99, 74, 29]",6
1100,"[0, 97, 98, 99, 37, 74, 43, 44]",8
1101,"[0, 64, 70, 13, 18, 32, 97, 98, 99, 42]",10
1102,"[0, 97, 98, 99, 74, 77, 83, 20, 23]",9
1103,"[0, 97, 98, 99, 77, 83, 84, 55]",8
1104,"[0, 70, 74, 23, 26, 29, 32, 97, 98, 99, 57]",11
1105,"[0, 70, 74, 77, 16, 83, 26, 91, 97, 98, 99]",11
1106,"[0, 97, 98, 99, 70, 74, 16, 20, 23]",9
1107,"[0, 70, 74, 76, 77, 16, 83, 20, 91, 97, 98, 99]",12
1108,"[0, 97, 98, 99, 69, 70, 77, 20]",8
1109,"[0, 74, 19, 29, 33, 97, 99, 98, 37, 38]",10
1110,"[0, 74, 19, 29, 33, 97, 99, 98, 37, 38]",10
1111,"[0, 70, 74, 23, 93, 97, 98, 35, 99, 46, 57]",11
1112,"[0, 74, 13, 18, 29, 33, 97, 99, 98, 37, 38, 42]",12
1113,"[0, 74, 77, 97, 98, 35, 99, 37, 43, 44, 53]",11
1114,"[0, 97, 98, 99, 37, 74, 43, 44, 53]",9
1115,"[0, 97, 98, 99, 37, 74, 11]",7
1116,"[0, 97, 98, 99, 37, 74, 43, 44]",8
1117,"[0, 70, 10, 77, 16, 20, 91, 97, 98, 99]",10
1118,"[0, 70, 74, 23, 29, 93, 97, 98, 35, 99, 46, 57]",12
1119,"[0, 97, 98, 99, 74, 77, 83, 20, 23]",9
1120,"[0, 70, 74, 77, 16, 83, 26, 91, 97, 98, 99]",11
1121,"[0, 97, 98, 99, 77, 46, 83, 19]",8
1122,"[0, 97, 98, 99, 37, 74, 53]",7
1123,"[0, 97, 98, 99, 69, 70, 77, 20]",8
1124,"[0, 97, 98, 99, 74, 77, 83, 20, 23]",9
1125,"[0, 97, 98, 99, 74, 77, 83, 20, 23]",9
1126,"[0, 74, 77, 19, 83, 23, 97, 98, 99, 46]",10
1127,"[0, 97, 98, 99, 37, 74, 53, 29]",8
1128,"[0, 97, 98, 99, 70, 74, 23, 57]",8
1129,"[0, 97, 98, 99, 74, 77, 83, 20, 23]",9
1130,"[0, 97, 98, 99, 70, 74, 23]",7
1131,"[0, 70, 74, 77, 16, 83, 26, 91, 97, 98, 99]",11
1132,"[0, 70, 74, 13, 18, 23, 29, 97, 98, 99, 42, 57]",12
1133,"[0, 97, 98, 99, 37, 74, 43, 44]",8
1134,"[0, 70, 74, 77, 83, 20, 23, 97, 98, 99]",10
1135,"[0, 97, 98, 99, 37, 74, 53, 88, 29]",9
1136,"[0, 97, 98, 99, 74, 77, 83, 20, 23]",9
1137,"[0, 97, 98, 99, 74, 20, 23]",7
1138,"[0, 74, 13, 18, 19, 29, 33, 97, 99, 98, 37, 38, 42]",13
1139,"[0, 64, 2, 70, 74, 23, 29, 97, 98, 99, 57]",11
1140,"[0, 70, 74, 23, 93, 29, 97, 98, 35, 99, 46, 57]",12
1141,"[0, 97, 98, 99, 37, 38, 74, 29]",8
1142,"[0, 97, 98, 99, 37, 74, 11]",7
1143,"[0, 64, 69, 70, 77, 19, 97, 98, 99, 46, 47]",11
1144,"[0, 97, 98, 99, 37, 38, 74, 11, 29]",9
1145,"[0, 74, 77, 83, 29, 93, 97, 98, 35, 99, 46, 53]",12
1146,"[0, 74, 77, 19, 83, 23, 97, 98, 99, 46]",10
1147,"[0, 97, 98, 99, 74, 77, 83, 20, 23]",9
1148,"[0, 74, 19, 29, 33, 97, 99, 98, 37, 38, 43, 44]",12
1149,"[0, 69, 70, 77, 19, 20, 97, 98, 99, 46]",10
1150,"[0, 97, 98, 99, 37, 74]",6
1151,"[0, 64, 2, 70, 74, 23, 29, 97, 98, 99, 57]",11
1152,"[0, 97, 98, 99, 84, 20]",6
1153,"[0, 70, 77, 16, 19, 20, 83, 91, 97, 98, 99, 46]",12
1154,"[0, 97, 98, 99, 37, 74, 53]",7
1155,"[0, 64, 2, 70, 74, 23, 29, 97, 98, 99, 57]",11
1156,"[0, 97, 98, 99, 70, 74, 23, 57]",8
1157,"[0, 97, 98, 99, 74, 23]",6
1158,"[0, 64, 2, 70, 74, 23, 29, 97, 98, 99, 57]",11
1159,"[0, 97, 98, 99, 37, 74]",6
1160,"[0, 97, 98, 99, 37, 74, 43, 44, 53]",9
1161,"[0, 97, 98, 99, 77, 83, 20, 84, 55]",9
1162,"[0, 70, 8, 77, 16, 83, 20, 26, 91, 97, 98, 99]",12
1163,"[0, 70, 74, 77, 16, 83, 26, 91, 97, 98, 99]",11
1164,"[0, 74, 19, 29, 33, 97, 99, 98, 37, 38, 43, 44]",12
1165,"[0, 97, 98, 99, 74, 83, 53, 29]",8
1166,"[0, 97, 98, 99, 74, 43, 44, 29]",8
1167,"[0, 70, 77, 16, 19, 20, 91, 97, 98, 99, 46]",11
1168,"[0, 97, 98, 99, 74, 77, 83, 20, 23]",9
1169,"[0, 97, 98, 99, 77, 83, 20, 84]",8
1170,"[0, 97, 98, 99, 37, 74, 11, 53, 29]",9
1171,"[0, 70, 74, 23, 93, 29, 97, 98, 35, 99, 46, 57]",12
1172,"[0, 97, 98, 99, 74, 77, 83, 20, 23]",9
1173,"[0, 97, 98, 99, 77, 46, 19, 20, 91]",9
1174,"[0, 74, 77, 19, 83, 23, 97, 98, 99, 46]",10
1175,"[0, 97, 98, 99, 74, 77, 83, 20, 23]",9
1176,"[0, 74, 77, 97, 98, 35, 99, 37, 43, 44, 53]",11
1177,"[0, 64, 2, 70, 74, 23, 29, 97, 98, 99, 57]",11
1178,"[0, 97, 98, 99, 74, 77, 83, 20, 23]",9
1179,"[0, 97, 98, 99, 70, 74, 23, 57]",8
1180,"[0, 70, 76, 77, 16, 20, 26, 91, 97, 98, 99]",11
1181,"[0, 32, 98, 99, 97, 74, 77, 83, 23]",9
1182,"[0, 74, 83, 97, 98, 99, 37, 43, 44, 53]",10
1183,"[0, 64, 2, 70, 74, 23, 97, 98, 99, 57]",10
1184,"[0, 74, 19, 29, 33, 97, 99, 98, 37, 38, 43, 44]",12
1185,"[0, 70, 74, 23, 93, 29, 97, 98, 35, 99, 46, 57]",12
1186,"[0, 97, 98, 99, 20, 84]",6
1187,"[0, 97, 98, 99, 37, 74, 53, 23, 29]",9
1188,"[0, 97, 98, 99, 74, 77, 83, 20, 23]",9
1189,"[0, 97, 98, 99, 74, 77, 83, 20, 23]",9
1190,"[0, 70, 74, 23, 26, 29, 32, 97, 98, 99, 57]",11
1191,"[0, 97, 98, 99, 37, 74, 91]",7
1192,"[0, 97, 98, 99, 37, 74, 94]",7
1193,"[0, 74, 83, 29, 97, 98, 99, 43, 44, 53]",10
1194,"[0, 74, 83, 97, 98, 99, 37, 43, 44, 53]",10
1195,"[0, 70, 74, 23, 29, 93, 97, 98, 35, 99, 46, 57]",12
1196,"[0, 70, 74, 13, 18, 23, 29, 97, 98, 99, 42, 57]",12
1197,"[0, 97, 98, 99, 70, 74, 77, 83, 23]",9
1198,"[0, 74, 11, 83, 94, 97, 98, 99, 37, 43, 44, 53]",12
1199,"[0, 70, 74, 76, 77, 16, 83, 20, 91, 97, 98, 99]",12
1200,"[0, 32, 97, 99, 98, 70, 74, 23, 57]",9
1201,"[0, 70, 74, 77, 23, 91, 97, 98, 99, 57]",10
1202,"[0, 64, 69, 70, 77, 19, 83, 84, 97, 98, 99, 46, 50]",13
1203,"[0, 97, 98, 99, 69, 70, 77, 20]",8
1204,"[0, 97, 98, 99, 37, 74, 53, 88, 29]",9
1205,"[0, 97, 98, 99, 70, 74, 23, 57]",8
1206,"[0, 70, 8, 74, 77, 16, 83, 26, 91, 97, 98, 99]",12
1207,"[0, 70, 74, 23, 93, 29, 97, 98, 35, 99, 46, 57]",12
1208,"[0, 70, 74, 13, 18, 23, 29, 97, 98, 99, 42, 57]",12
1209,"[0, 74, 83, 97, 98, 99, 37, 43, 44, 53]",10
1210,"[0, 70, 74, 13, 18, 23, 29, 97, 98, 99, 42, 57]",12
1211,"[0, 97, 98, 99, 70, 74, 23, 57, 29]",9
1212,"[0, 74, 83, 97, 98, 99, 37, 43, 44, 53]",10
1213,"[0, 70, 8, 77, 16, 83, 20, 26, 91, 97, 98, 99]",12
1214,"[0, 70, 77, 16, 83, 92, 32, 97, 98, 99]",10
1215,"[0, 74, 13, 18, 29, 97, 98, 99, 37, 38, 42]",11
1216,"[0, 97, 98, 99, 70, 77, 16, 20, 91]",9
1217,"[0, 70, 77, 16, 19, 26, 91, 97, 98, 34, 99, 46]",12
1218,"[0, 70, 74, 23, 29, 32, 97, 98, 99, 57]",10
1219,"[0, 97, 98, 99, 74, 83, 53, 29]",8
1220,"[0, 74, 83, 29, 97, 98, 99, 37, 53, 55]",10
1221,"[0, 70, 74, 23, 93, 29, 97, 98, 35, 99, 46, 57]",12
1222,"[0, 74, 77, 13, 18, 83, 29, 97, 98, 99, 42]",11
1223,"[0, 74, 83, 94, 97, 98, 99, 37, 43, 44, 53]",11
1224,"[0, 32, 97, 99, 98, 70, 77, 91]",8
1225,"[0, 74, 77, 83, 33, 97, 99, 98, 37, 43, 44, 53]",12
1226,"[0, 70, 74, 77, 16, 83, 26, 91, 97, 98, 99]",11
1227,"[0, 97, 98, 99, 70, 74, 23, 57]",8
1228,"[0, 70, 74, 77, 16, 26, 91, 97, 98, 99]",10
1229,"[0, 70, 76, 77, 16, 83, 20, 26, 91, 97, 98, 99]",12
1230,"[0, 70, 74, 76, 77, 16, 83, 20, 91, 97, 98, 99]",12
1231,"[0, 97, 98, 99, 70, 74, 23, 57, 29]",9
1232,"[0, 69, 70, 77, 19, 20, 97, 98, 99, 46]",10
1233,"[0, 70, 77, 16, 19, 20, 83, 91, 97, 98, 99, 46]",12
1234,"[0, 74, 83, 97, 98, 99, 37, 43, 44, 53]",10
1235,"[0, 97, 98, 99, 74, 20, 23]",7
1236,"[0, 97, 98, 99, 70, 74, 20, 23]",8
1237,"[0, 74, 77, 13, 83, 91, 29, 97, 98, 99, 44]",11
1238,"[0, 70, 74, 77, 16, 26, 91, 97, 98, 99]",10
1239,"[0, 97, 98, 99, 74, 20, 23]",7
1240,"[0, 97, 98, 99, 74, 77, 83, 53, 29]",9
1241,"[0, 70, 74, 23, 29, 93, 97, 98, 35, 99, 46, 57]",12
1242,"[0, 32, 97, 99, 98, 70, 42, 13, 18]",9
1243,"[0, 74, 83, 29, 97, 98, 99, 43, 44, 53]",10
1244,"[0, 69, 70, 77, 19, 20, 83, 97, 98, 99, 46]",11
1245,"[0, 70, 10, 77, 16, 19, 20, 83, 91, 97, 98, 99, 46]",13
1246,"[0, 70, 8, 74, 77, 16, 83, 26, 91, 97, 98, 99]",12
1247,"[0, 97, 98, 99, 20, 84]",6
1248,"[0, 97, 98, 99, 70, 74, 20, 23]",8
1249,"[0, 97, 98, 99, 70, 74, 23, 57]",8
1250,"[0, 70, 10, 77, 16, 19, 20, 83, 91, 97, 98, 99, 46]",13
1251,"[0, 74, 77, 13, 18, 83, 29, 97, 98, 99, 42]",11
1252,"[0, 97, 98, 99, 37, 74, 83, 53]",8
1253,"[0, 74, 77, 13, 18, 83, 29, 93, 97, 98, 35, 99, 42, 46]",14
1254,"[0, 97, 98, 99, 74, 23, 57]",7
1255,"[0, 74, 19, 29, 33, 97, 99, 98, 37, 38, 43, 44]",12
1256,"[0, 70, 76, 77, 16, 83, 20, 26, 91, 97, 98, 99]",12
1257,"[0, 70, 74, 23, 26, 29, 32, 97, 98, 99, 57]",11
1258,"[0, 74, 77, 83, 29, 97, 98, 99, 45, 53]",10
1259,"[0, 70, 74, 23, 29, 93, 97, 98, 35, 99, 46, 57]",12
1260,"[0, 71, 74, 83, 94, 97, 98, 99, 37, 43, 44, 53]",12
1261,"[0, 97, 98, 99, 74, 43, 44, 29]",8
1262,"[0, 70, 74, 23, 93, 29, 97, 98, 35, 99, 46, 57]",12
1263,"[0, 70, 74, 23, 26, 29, 32, 97, 98, 99, 57]",11
1264,"[0, 33, 98, 97, 99, 37, 74, 77, 29]",9
1265,"[0, 70, 76, 77, 16, 83, 20, 26, 91, 97, 98, 99]",12
1266,"[0, 74, 77, 13, 18, 19, 83, 29, 33, 97, 99, 98, 37, 38, 42]",15
1267,"[0, 70, 74, 23, 26, 29, 32, 97, 98, 99, 57]",11
1268,"[0, 70, 74, 23, 26, 29, 32, 97, 98, 99, 57]",11
1269,"[0, 97, 98, 99, 74, 77, 83, 20, 23]",9
1270,"[0, 74, 83, 23, 29, 97, 98, 99, 43, 44, 53]",11
1271,"[0, 74, 77, 83, 29, 97, 98, 35, 99, 37, 43, 44, 53]",13
1272,"[0, 97, 98, 99, 70, 74, 23]",7
1273,"[0, 97, 98, 99, 77, 46, 83, 19, 20]",9
1274,"[0, 70, 74, 19, 23, 29, 97, 98, 99, 46]",10
1275,"[0, 70, 8, 76, 77, 16, 83, 20, 26, 91, 97, 98, 99]",13
1276,"[0, 70, 74, 23, 29, 93, 97, 98, 99, 35, 46, 57]",12
1277,"[0, 97, 98, 99, 77, 83, 91]",7
1278,"[0, 70, 74, 23, 93, 29, 97, 98, 35, 99, 46, 57]",12
1279,"[0, 97, 98, 99, 70, 74, 46, 19, 23]",9
1280,"[0, 97, 98, 99, 37, 74, 91]",7
1281,"[0, 97, 98, 99, 20, 84]",6
1282,"[0, 70, 76, 77, 16, 83, 20, 26, 91, 97, 98, 99]",12
1283,"[0, 97, 98, 99, 70, 74, 23, 57]",8
1284,"[0, 74, 77, 13, 18, 83, 97, 98, 99, 42]",10
1285,"[0, 69, 70, 77, 19, 20, 83, 97, 98, 99, 46]",11
1286,"[0, 70, 8, 74, 77, 16, 83, 26, 91, 97, 98, 99]",12
1287,"[0, 70, 74, 23, 29, 93, 97, 98, 35, 99, 46, 57]",12
1288,"[0, 70, 10, 77, 16, 19, 91, 97, 34, 98, 99, 46, 50, 52]",14
1289,"[0, 74, 77, 29, 33, 97, 98, 99, 37, 43, 44]",11
1290,"[0, 64, 97, 99, 2, 98, 74, 23, 57]",9
1291,"[0, 97, 98, 99, 70, 74, 23, 57, 29]",9
1292,"[0, 74, 77, 83, 29, 93, 97, 98, 35, 99]",10
1293,"[0, 70, 74, 23, 26, 29, 32, 97, 98, 99, 57]",11
1294,"[0, 70, 74, 23, 29, 32, 97, 98, 99, 57]",10
1295,"[0, 70, 74, 23, 29, 93, 97, 98, 99, 35, 46, 57]",12
1296,"[0, 97, 98, 99, 70, 74, 23, 57]",8
1297,"[0, 70, 74, 76, 77, 16, 83, 20, 91, 97, 98, 99]",12
1298,"[0, 74, 83, 88, 29, 97, 98, 99, 43, 44, 53]",11
1299,"[0, 71, 74, 83, 94, 97, 98, 99, 37, 44, 53, 59]",12
1300,"[0, 97, 98, 99, 70, 74, 46, 19, 23]",9
1301,"[0, 97, 98, 99, 74, 20, 23, 57]",8
1302,"[0, 97, 98, 99, 74, 20, 23]",7
1303,"[0, 70, 74, 77, 16, 26, 91, 97, 98, 99]",10
1304,"[0, 97, 98, 99, 37, 74, 42, 13, 18]",9
1305,"[0, 70, 74, 77, 16, 83, 26, 91, 97, 98, 99]",11
1306,"[0, 70, 8, 74, 77, 16, 83, 26, 91, 97, 98, 99]",12
1307,"[0, 97, 98, 99, 70, 74, 23, 57, 29]",9
1308,"[0, 70, 74, 77, 23, 91, 29, 97, 98, 99, 57]",11
1309,"[0, 74, 77, 83, 29, 97, 98, 99, 43, 44]",10
1310,"[0, 7, 13, 83, 91, 97, 98, 99, 37, 42]",10
1311,"[0, 70, 74, 23, 93, 29, 97, 98, 99, 35, 46, 57]",12
1312,"[0, 97, 98, 99, 70, 74, 23, 57, 29]",9
1313,"[0, 70, 77, 16, 20, 26, 91, 97, 98, 99]",10
1314,"[0, 70, 74, 23, 26, 29, 32, 97, 98, 99, 57]",11
1315,"[0, 33, 97, 98, 99, 37, 74, 77, 29]",9
1316,"[0, 70, 74, 23, 29, 93, 97, 98, 99, 35, 46, 57]",12
1317,"[0, 74, 13, 77, 18, 83, 29, 97, 98, 99, 42]",11
1318,"[0, 74, 13, 18, 23, 29, 97, 98, 99, 42, 57]",11
1319,"[0, 74, 14, 83, 29, 97, 98, 99, 37, 53]",10
1320,"[0, 74, 77, 13, 18, 83, 91, 97, 98, 99, 37, 42]",12
1321,"[0, 70, 74, 23, 29, 93, 97, 98, 35, 99, 46, 53]",12
1322,"[0, 70, 74, 23, 93, 29, 97, 98, 35, 99, 46, 57]",12
1323,"[0, 97, 98, 99, 74, 23, 57]",7
1324,"[0, 70, 77, 16, 19, 83, 26, 91, 97, 34, 98, 99, 46]",13
1325,"[0, 97, 98, 99, 37, 74, 77, 83, 91]",9
1326,"[0, 97, 98, 99, 74, 29]",6
1327,"[0, 97, 98, 99, 70, 74, 23, 57]",8
1328,"[0, 97, 98, 99, 70, 74, 23, 57, 29]",9
1329,"[0, 70, 74, 77, 16, 26, 91, 97, 98, 99]",10
1330,"[0, 74, 77, 13, 18, 83, 29, 97, 98, 99, 42]",11
1331,"[0, 74, 83, 29, 97, 98, 99, 43, 44, 53]",10
1332,"[0, 97, 98, 99, 37, 74, 91]",7
1333,"[0, 32, 98, 99, 97, 8, 20]",7
1334,"[0, 70, 74, 19, 23, 29, 97, 98, 99, 46]",10
1335,"[0, 74, 11, 83, 94, 97, 98, 99, 37, 53]",10
1336,"[0, 70, 74, 23, 29, 93, 97, 98, 35, 99, 46, 57]",12
1337,"[0, 1, 70, 74, 77, 23, 29, 97, 98, 99, 57]",11
1338,"[0, 74, 77, 83, 29, 93, 97, 98, 35, 99, 45, 46, 53]",13
1339,"[0, 97, 98, 99, 37, 7, 42, 13]",8
1340,"[0, 97, 98, 99, 74, 83, 53, 29]",8
1341,"[0, 70, 8, 74, 77, 16, 83, 26, 91, 97, 98, 99]",12
1342,"[0, 97, 98, 99, 70, 74, 16, 91]",8
1343,"[0, 7, 77, 13, 29, 97, 98, 99, 37, 38, 41, 42]",12
1344,"[0, 70, 74, 23, 29, 93, 97, 98, 35, 99, 46, 57]",12
1345,"[0, 70, 74, 23, 29, 93, 97, 98, 35, 99, 46, 57]",12
1346,"[0, 97, 98, 99, 70, 74, 23, 57]",8
1347,"[0, 97, 98, 99, 70, 74, 23, 57, 29]",9
1348,"[0, 97, 98, 99, 74, 83, 53, 29]",8
1349,"[0, 97, 98, 99, 70, 74, 23, 57, 29]",9
1350,"[0, 74, 77, 13, 18, 83, 29, 97, 98, 99, 42]",11
1351,"[0, 70, 74, 23, 26, 29, 32, 97, 98, 99, 57]",11
1352,"[0, 97, 98, 99, 70, 74, 23, 57]",8
1353,"[0, 97, 98, 99, 70, 74, 23, 57, 29]",9
1354,"[0, 70, 77, 83, 19, 97, 98, 99, 46, 55]",10
1355,"[0, 70, 8, 74, 77, 16, 83, 26, 91, 97, 98, 99]",12
1356,"[0, 70, 77, 16, 20, 26, 91, 97, 98, 99]",10
1357,"[0, 70, 77, 16, 20, 26, 91, 97, 98, 99]",10
1358,"[0, 70, 8, 76, 77, 16, 83, 20, 26, 91, 97, 98, 99]",13
1359,"[0, 74, 83, 29, 97, 98, 99, 43, 44, 53]",10
1360,"[0, 74, 14, 83, 29, 97, 98, 99, 37, 53]",10
1361,"[0, 97, 98, 99, 70, 74, 16, 26, 91]",9
1362,"[0, 97, 98, 99, 70, 74, 23, 57, 29]",9
1363,"[0, 97, 98, 99, 37, 74, 91]",7
1364,"[0, 97, 98, 99, 70, 74, 46, 19, 23]",9
1365,"[0, 70, 74, 19, 23, 29, 97, 98, 99, 46]",10
1366,"[0, 70, 77, 16, 19, 83, 26, 97, 34, 98, 99, 46]",12
1367,"[0, 74, 77, 13, 18, 83, 29, 97, 98, 99, 42]",11
1368,"[0, 74, 77, 13, 18, 83, 97, 98, 99, 42]",10
1369,"[0, 74, 77, 13, 18, 83, 93, 29, 97, 98, 35, 99, 42]",13
1370,"[0, 97, 98, 99, 74, 29]",6
1371,"[0, 97, 98, 99, 70, 74, 16, 91]",8
1372,"[0, 7, 13, 83, 91, 97, 98, 99, 37, 42]",10
1373,"[0, 74, 77, 13, 18, 83, 91, 29, 97, 98, 99, 42]",12
1374,"[0, 97, 98, 99, 37, 74, 91]",7
1375,"[0, 70, 74, 23, 29, 93, 97, 98, 35, 99, 46, 57]",12
1376,"[0, 74, 77, 13, 18, 83, 91, 29, 97, 98, 99, 42]",12
1377,"[0, 70, 74, 23, 29, 97, 98, 99, 53, 57]",10
1378,"[0, 74, 77, 13, 18, 83, 29, 97, 98, 99, 42]",11
1379,"[0, 70, 77, 16, 19, 83, 26, 91, 97, 34, 99, 98, 46]",13
1380,"[0, 70, 77, 16, 20, 26, 91, 97, 98, 99]",10
1381,"[0, 70, 74, 76, 77, 16, 83, 20, 91, 97, 98, 99]",12
1382,"[0, 74, 77, 13, 18, 83, 91, 97, 98, 99, 42]",11
1383,"[0, 70, 8, 77, 16, 83, 20, 26, 91, 97, 98, 99]",12
1384,"[0, 97, 98, 99, 70, 74, 23, 57, 29]",9
1385,"[0, 97, 98, 99, 74, 29]",6
1386,"[0, 70, 8, 74, 77, 16, 83, 26, 91, 97, 98, 99]",12
1387,"[0, 74, 11, 83, 94, 97, 98, 99, 37, 53]",10
1388,"[0, 70, 8, 74, 77, 16, 83, 26, 91, 97, 98, 99]",12
1389,"[0, 97, 98, 99, 37, 7, 42, 13]",8
1390,"[0, 70, 74, 77, 16, 26, 91, 97, 98, 99]",10
1391,"[0, 97, 98, 99, 70, 74, 23, 57]",8
1392,"[0, 74, 77, 13, 83, 29, 97, 98, 99, 44, 53]",11
1393,"[0, 74, 77, 83, 29, 93, 97, 98, 35, 99, 46]",11
1394,"[0, 97, 98, 99, 74, 44, 13, 91, 29]",9
1395,"[0, 70, 8, 77, 16, 19, 83, 26, 91, 97, 34, 99, 98, 46]",14
1396,"[0, 74, 77, 13, 18, 83, 29, 97, 98, 99, 42]",11
1397,"[0, 74, 13, 83, 29, 97, 98, 99, 44, 53]",10
1398,"[0, 97, 98, 99, 70, 74, 23, 57, 29]",9
1399,"[0, 70, 74, 77, 16, 26, 91, 97, 98, 99]",10
1400,"[0, 97, 98, 99, 42, 13, 77, 83]",8
1401,"[0, 97, 98, 99, 70, 74, 16, 26, 91]",9
1402,"[0, 70, 74, 23, 29, 93, 97, 98, 35, 99, 46, 57]",12
1403,"[0, 97, 98, 99, 70, 74, 16, 91]",8
1404,"[0, 97, 98, 99, 20, 84]",6
1405,"[0, 74, 77, 13, 18, 83, 91, 29, 97, 98, 99, 42]",12
1406,"[0, 97, 98, 99, 70, 74, 16, 91]",8
1407,"[0, 97, 98, 99, 70, 74, 23, 57]",8
1408,"[0, 74, 77, 13, 18, 83, 29, 97, 98, 99, 42]",11
1409,"[0, 70, 8, 74, 77, 16, 26, 91, 97, 98, 99]",11
1410,"[0, 97, 98, 99, 84, 55]",6
1411,"[0, 74, 77, 13, 83, 29, 97, 98, 99, 44]",10
1412,"[0, 70, 8, 77, 16, 19, 83, 26, 91, 97, 34, 99, 98, 46]",14
1413,"[0, 70, 74, 77, 16, 83, 26, 91, 97, 98, 99]",11
1414,"[0, 70, 74, 77, 16, 91, 92, 97, 98, 99]",10
1415,"[0, 70, 74, 23, 29, 93, 97, 98, 35, 99, 46, 57]",12
1416,"[0, 70, 74, 23, 93, 29, 97, 98, 35, 99, 46, 57]",12
1417,"[0, 97, 98, 99, 70, 74, 23, 57, 29]",9
1418,"[0, 70, 76, 77, 16, 83, 20, 26, 91, 97, 98, 99]",12
1419,"[0, 70, 74, 77, 23, 94, 97, 98, 99, 57]",10
1420,"[0, 70, 77, 16, 19, 20, 83, 91, 97, 98, 99, 46]",12
1421,"[0, 70, 77, 16, 19, 26, 91, 97, 34, 98, 99, 46]",12
1422,"[0, 70, 74, 23, 29, 93, 97, 98, 99, 35, 46, 57]",12
1423,"[0, 97, 98, 99, 70, 74, 23, 57]",8
1424,"[0, 70, 74, 23, 93, 29, 97, 98, 35, 99, 46, 57]",12
1425,"[0, 97, 98, 99, 37, 74, 83, 53, 94]",9
1426,"[0, 97, 98, 99, 74, 23, 57]",7
1427,"[0, 70, 74, 23, 26, 29, 97, 98, 99, 57]",10
1428,"[0, 97, 98, 99, 70, 74, 23, 57, 29]",9
1429,"[0, 97, 98, 99, 77, 83, 91]",7
1430,"[0, 97, 98, 99, 74, 29]",6
1431,"[0, 74, 77, 13, 18, 83, 29, 97, 98, 99, 42]",11
1432,"[0, 97, 98, 99, 74, 29]",6
1433,"[0, 70, 74, 19, 23, 29, 97, 98, 99, 46]",10
1434,"[0, 70, 74, 13, 18, 23, 29, 97, 98, 99, 42, 57]",12
1435,"[0, 74, 13, 83, 29, 97, 98, 99, 44, 53]",10
1436,"[0, 74, 77, 13, 18, 83, 91, 29, 97, 98, 99, 42]",12
1437,"[0, 97, 98, 99, 70, 74, 23]",7
1438,"[0, 70, 77, 19, 20, 83, 97, 98, 99, 46]",10
1439,"[0, 74, 13, 18, 19, 91, 29, 30, 97, 98, 99, 37, 38, 42]",14
1440,"[0, 97, 98, 99, 70, 74, 23, 57, 29]",9
1441,"[0, 70, 8, 74, 77, 16, 83, 26, 91, 97, 98, 99]",12
1442,"[0, 70, 8, 77, 16, 83, 20, 26, 91, 97, 98, 99]",12
1443,"[0, 70, 74, 77, 16, 26, 91, 97, 98, 99]",10
1444,"[0, 64, 2, 70, 74, 23, 29, 97, 98, 99, 57]",11
1445,"[0, 7, 13, 83, 91, 97, 98, 99, 37, 42]",10
1446,"[0, 74, 13, 18, 29, 93, 97, 98, 35, 99, 42]",11
1447,"[0, 70, 74, 77, 16, 26, 91, 97, 98, 99]",10
1448,"[0, 97, 98, 99, 70, 74, 23, 57]",8
1449,"[0, 70, 74, 23, 29, 93, 97, 98, 99, 35, 46, 57]",12
1450,"[0, 97, 98, 99, 74, 83, 53, 23, 29]",9
1451,"[0, 97, 98, 99, 70, 74, 23, 57, 29]",9
1452,"[0, 70, 74, 23, 29, 93, 97, 98, 35, 99, 46, 57]",12
1453,"[0, 70, 77, 16, 20, 26, 91, 97, 98, 99]",10
1454,"[0, 97, 98, 99, 74, 42, 13, 18, 29]",9
1455,"[0, 70, 74, 77, 16, 26, 91, 97, 98, 99]",10
1456,"[0, 97, 98, 99, 74, 83, 53, 29]",8
1457,"[0, 70, 77, 16, 19, 26, 91, 97, 34, 98, 99, 46]",12
1458,"[0, 71, 74, 83, 94, 97, 98, 99, 37, 44, 53, 59]",12
1459,"[0, 70, 74, 23, 93, 29, 97, 98, 99, 35, 46, 57]",12
1460,"[0, 70, 74, 77, 16, 26, 91, 97, 98, 99]",10
1461,"[0, 70, 77, 16, 19, 83, 26, 91, 97, 34, 99, 98, 46]",13
1462,"[0, 70, 74, 23, 93, 29, 97, 98, 35, 99, 46, 57]",12
1463,"[0, 70, 8, 76, 77, 16, 83, 20, 26, 91, 97, 98, 99]",13
1464,"[0, 74, 13, 77, 18, 83, 29, 97, 98, 99, 42]",11
1465,"[0, 97, 98, 99, 70, 74, 23, 57]",8
1466,"[0, 97, 98, 99, 70, 74, 23, 57, 26]",9
1467,"[0, 70, 74, 23, 93, 29, 97, 98, 99, 35, 46, 57]",12
1468,"[0, 70, 74, 23, 29, 93, 97, 98, 99, 35, 46, 57]",12
1469,"[0, 97, 98, 99, 74, 29]",6
1470,"[0, 74, 77, 29, 33, 98, 97, 99, 37, 43, 44]",11
1471,"[0, 74, 83, 29, 97, 98, 99, 43, 44, 53]",10
1472,"[0, 70, 8, 74, 77, 16, 83, 26, 91, 97, 98, 99]",12
1473,"[0, 97, 98, 99, 70, 74, 46, 19, 23]",9
1474,"[0, 70, 74, 76, 77, 16, 20, 91, 97, 98, 99]",11
1475,"[0, 74, 13, 83, 29, 97, 98, 99, 44, 53]",10
1476,"[0, 70, 74, 77, 16, 91, 92, 93, 29, 97, 98, 35, 99, 46]",14
1477,"[0, 70, 74, 23, 29, 32, 97, 98, 99, 57]",10
1478,"[0, 70, 74, 77, 16, 26, 91, 97, 98, 99]",10
1479,"[0, 70, 74, 77, 16, 26, 91, 97, 98, 99]",10
1480,"[0, 74, 77, 13, 18, 83, 93, 29, 97, 98, 35, 99, 42]",13
1481,"[0, 70, 74, 13, 18, 23, 29, 97, 98, 99, 42, 57]",12
1482,"[0, 97, 98, 99, 74, 83, 53, 29]",8
1483,"[0, 7, 77, 13, 83, 97, 98, 99, 37, 42]",10
1484,"[0, 97, 98, 99, 70, 74, 77, 16, 91]",9
1485,"[0, 74, 13, 18, 23, 29, 97, 98, 99, 42, 57]",11
1486,"[0, 70, 74, 23, 93, 29, 97, 98, 35, 99, 46, 57]",12
1487,"[0, 74, 77, 13, 18, 83, 91, 29, 97, 98, 99, 42]",12
1488,"[0, 97, 98, 99, 74, 83, 53, 29]",8
1489,"[0, 74, 83, 29, 97, 98, 99, 43, 44, 53]",10
1490,"[0, 70, 74, 23, 29, 93, 97, 98, 35, 99, 46, 57]",12
1491,"[0, 70, 8, 74, 77, 16, 83, 26, 91, 97, 98, 99]",12
1492,"[0, 70, 74, 23, 93, 29, 97, 98, 35, 99, 46, 57]",12
1493,"[0, 32, 97, 99, 98, 8, 20]",7
1494,"[0, 70, 8, 74, 77, 16, 83, 26, 91, 97, 98, 99]",12
1495,"[0, 70, 74, 23, 29, 93, 97, 98, 35, 99, 46, 57]",12
1496,"[0, 69, 70, 77, 16, 92, 29, 93, 97, 98, 35, 99]",12
1497,"[0, 70, 74, 77, 16, 26, 91, 97, 98, 99]",10
1498,"[0, 97, 98, 99, 74, 83, 53, 29]",8
1499,"[0, 70, 74, 23, 29, 93, 97, 98, 35, 99, 46, 57]",12
1500,"[0, 97, 98, 99, 74, 83, 53, 29]",8
1501,"[0, 64, 2, 70, 74, 23, 29, 97, 98, 99, 57]",11
1502,"[0, 70, 8, 74, 77, 16, 26, 91, 97, 98, 99]",11
1503,"[0, 70, 77, 16, 19, 83, 26, 91, 97, 34, 99, 98, 46]",13
1504,"[0, 70, 74, 23, 93, 29, 97, 98, 35, 99, 46, 57]",12
1505,"[0, 74, 77, 83, 29, 93, 97, 98, 35, 99, 46]",11
1506,"[0, 97, 98, 99, 70, 74, 23, 57, 29]",9
1507,"[0, 97, 98, 99, 70, 74, 77, 16, 91]",9
1508,"[0, 70, 8, 76, 77, 16, 83, 20, 26, 91, 97, 98, 99]",13
1509,"[0, 97, 98, 99, 70, 74, 23, 57, 29]",9
1510,"[0, 97, 98, 99, 74, 44, 13, 91, 29]",9
1511,"[0, 70, 74, 23, 29, 93, 97, 98, 35, 99, 46, 57]",12
1512,"[0, 74, 14, 83, 29, 97, 98, 99, 37, 53]",10
1513,"[0, 74, 13, 18, 29, 93, 97, 98, 35, 99, 42, 46]",12
1514,"[0, 70, 77, 19, 83, 97, 98, 99, 46, 55]",10
1515,"[0, 97, 98, 99, 74, 91, 29]",7
1516,"[0, 97, 98, 99, 70, 74, 46, 19, 23]",9
1517,"[0, 70, 74, 23, 26, 29, 32, 97, 98, 99, 57]",11
1518,"[0, 70, 74, 23, 93, 29, 97, 98, 35, 99, 46, 57]",12
1519,"[0, 74, 77, 13, 18, 83, 91, 29, 97, 98, 99, 42]",12
1520,"[0, 97, 98, 99, 37, 7, 42, 13]",8
1521,"[0, 97, 98, 99, 74, 77, 83, 53, 29]",9
1522,"[0, 70, 74, 77, 16, 26, 91, 97, 98, 99]",10
1523,"[0, 97, 98, 99, 70, 74, 23, 57, 29]",9
1524,"[0, 97, 98, 99, 70, 74, 16, 91]",8
1525,"[0, 70, 74, 77, 23, 94, 97, 98, 99, 57]",10
1526,"[0, 74, 77, 13, 83, 29, 97, 98, 99, 43, 44, 53]",12
1527,"[0, 97, 98, 99, 70, 74, 46, 19, 23]",9
1528,"[0, 74, 77, 13, 18, 83, 29, 93, 97, 98, 35, 99, 42]",13
1529,"[0, 97, 98, 99, 37, 74, 83, 53, 94]",9
1530,"[0, 74, 77, 13, 18, 83, 91, 97, 98, 99, 42]",11
1531,"[0, 74, 77, 13, 18, 83, 93, 29, 97, 98, 35, 99, 42]",13
1532,"[0, 97, 98, 99, 70, 74, 23, 26, 29]",9
1533,"[0, 70, 74, 77, 16, 83, 26, 91, 97, 98, 99]",11
1534,"[0, 74, 77, 13, 18, 83, 29, 97, 98, 99, 42, 43, 44]",13
1535,"[0, 70, 74, 77, 16, 83, 26, 91, 97, 98, 99]",11
1536,"[0, 97, 98, 99, 70, 84, 55]",7
1537,"[0, 74, 77, 13, 18, 83, 91, 29, 97, 98, 99, 42]",12
1538,"[0, 70, 74, 77, 16, 26, 91, 97, 98, 99]",10
1539,"[0, 70, 74, 23, 93, 29, 97, 98, 35, 99, 46, 57]",12
1540,"[0, 97, 98, 99, 74, 77, 83, 91, 29]",9
1541,"[0, 74, 11, 14, 83, 94, 97, 98, 99, 37, 53]",11
1542,"[0, 70, 74, 23, 93, 29, 97, 98, 35, 99, 46, 57]",12
1543,"[0, 70, 77, 16, 19, 20, 83, 91, 97, 98, 99, 46]",12
1544,"[0, 70, 74, 23, 29, 93, 97, 98, 99, 35, 46, 57]",12
1545,"[0, 70, 74, 76, 77, 16, 20, 91, 97, 98, 99]",11
1546,"[0, 71, 74, 83, 29, 97, 98, 99, 44, 53]",10
1547,"[0, 70, 77, 16, 19, 26, 91, 97, 98, 99, 46]",11
1548,"[0, 97, 98, 99, 70, 74, 23, 29]",8
1549,"[0, 97, 98, 99, 74, 29]",6
1550,"[0, 74, 13, 77, 18, 83, 29, 97, 98, 99, 42]",11
1551,"[0, 97, 98, 99, 70, 74, 16, 26, 91]",9
1552,"[0, 70, 77, 19, 20, 83, 97, 98, 99, 46]",10
1553,"[0, 70, 74, 23, 29, 97, 98, 99, 53, 57]",10
1554,"[0, 70, 8, 76, 77, 16, 83, 20, 26, 91, 97, 98, 99]",13
1555,"[0, 97, 98, 99, 74, 83, 53, 29]",8
1556,"[0, 97, 98, 99, 20, 84]",6
1557,"[0, 70, 74, 23, 93, 29, 97, 98, 35, 99, 46, 57]",12
1558,"[0, 74, 13, 18, 23, 29, 97, 98, 99, 42, 57]",11
1559,"[0, 97, 98, 99, 70, 74, 16, 26, 91]",9
1560,"[0, 74, 77, 83, 29, 97, 98, 99, 43, 44, 53]",11
1561,"[0, 70, 74, 23, 29, 93, 97, 98, 35, 99, 46, 57]",12
1562,"[0, 70, 77, 16, 19, 83, 26, 91, 97, 34, 99, 98, 46]",13
1563,"[0, 97, 98, 99, 77, 83, 91]",7
1564,"[0, 70, 77, 16, 19, 26, 91, 97, 98, 99, 46]",11
1565,"[0, 74, 13, 83, 29, 97, 98, 99, 44, 45, 53]",11
1566,"[0, 74, 13, 83, 29, 97, 98, 99, 44, 53]",10
1567,"[0, 70, 74, 77, 16, 91, 92, 97, 98, 99]",10
1568,"[0, 97, 98, 99, 70, 74, 23, 57, 29]",9
1569,"[0, 74, 77, 13, 18, 83, 19, 91, 29, 30, 97, 98, 99, 37, 38, 42]",16
1570,"[0, 97, 98, 99, 70, 74, 23, 57]",8
1571,"[0, 97, 98, 99, 70, 74, 16, 91]",8
1572,"[0, 70, 8, 74, 77, 16, 83, 26, 91, 97, 98, 99]",12
1573,"[0, 97, 98, 99, 74, 83, 53, 88, 29]",9
1574,"[0, 70, 74, 76, 77, 16, 83, 20, 91, 97, 98, 99]",12
1575,"[0, 97, 98, 99, 74, 83, 53, 29]",8
1576,"[0, 70, 74, 23, 93, 29, 97, 98, 35, 99, 46, 57]",12
1577,"[0, 97, 98, 99, 74, 83, 53, 29]",8
1578,"[0, 70, 74, 13, 18, 23, 29, 97, 98, 99, 42, 57]",12
1579,"[0, 70, 8, 74, 77, 16, 83, 26, 91, 97, 98, 99]",12
1580,"[0, 70, 74, 23, 93, 29, 97, 98, 35, 99, 46, 57]",12
1581,"[0, 97, 98, 99, 70, 74, 23, 57]",8
1582,"[0, 74, 77, 13, 18, 83, 91, 29, 97, 98, 99, 42]",12
1583,"[0, 97, 98, 99, 70, 74, 23, 29]",8
1584,"[0, 7, 77, 13, 83, 91, 97, 98, 99, 37, 42]",11
1585,"[0, 74, 77, 13, 18, 83, 91, 29, 97, 98, 99, 42]",12
1586,"[0, 97, 98, 99, 70, 74, 16, 91]",8
1587,"[0, 97, 98, 99, 70, 74, 23, 57, 29]",9
1588,"[0, 97, 98, 99, 70, 74, 23, 26, 29]",9
1589,"[0, 70, 74, 19, 23, 29, 97, 98, 99, 46]",10
1590,"[0, 70, 74, 23, 29, 93, 97, 98, 35, 99, 46, 57]",12
1591,"[0, 70, 74, 23, 93, 29, 97, 98, 99, 35, 46, 57]",12
1592,"[0, 74, 77, 13, 18, 83, 29, 93, 97, 98, 35, 99, 42]",13
1593,"[0, 97, 98, 99, 74, 83, 53, 29]",8
1594,"[0, 70, 77, 16, 20, 26, 91, 97, 98, 99]",10
1595,"[0, 70, 77, 16, 19, 83, 26, 91, 97, 34, 99, 98, 46]",13
1596,"[0, 74, 83, 29, 97, 98, 99, 43, 44, 53]",10
1597,"[0, 97, 98, 99, 74, 23]",6
1598,"[0, 70, 74, 77, 16, 26, 91, 97, 98, 99]",10
1599,"[0, 70, 74, 77, 16, 26, 91, 97, 98, 99]",10
1600,"[0, 64, 70, 74, 13, 16, 91, 29, 97, 98, 99, 42]",12
1601,"[0, 70, 74, 77, 16, 26, 91, 97, 98, 99]",10
1602,"[0, 70, 76, 77, 16, 20, 26, 91, 97, 98, 99]",11
1603,"[0, 97, 98, 99, 74, 83, 53, 29]",8
1604,"[0, 70, 74, 77, 16, 26, 91, 97, 98, 99]",10
1605,"[0, 70, 74, 23, 93, 29, 97, 98, 35, 99, 46, 57]",12
1606,"[0, 70, 8, 77, 16, 19, 83, 26, 91, 97, 34, 98, 99, 46]",14
1607,"[0, 69, 70, 10, 77, 16, 22, 26, 97, 98, 99, 47, 52]",13
1608,"[0, 70, 74, 77, 16, 26, 91, 97, 98, 99]",10
1609,"[0, 97, 98, 99, 70, 74, 23, 29]",8
1610,"[0, 97, 98, 99, 70, 74, 23, 29]",8
1611,"[0, 97, 98, 99, 74, 23, 57]",7
1612,"[0, 70, 74, 23, 29, 93, 97, 98, 35, 99, 46, 57]",12
1613,"[0, 74, 13, 18, 91, 29, 97, 98, 99, 42]",10
1614,"[0, 74, 77, 13, 18, 83, 91, 29, 97, 98, 99, 42]",12
1615,"[0, 74, 77, 13, 18, 83, 29, 97, 98, 99, 42]",11
1616,"[0, 97, 98, 99, 74, 23, 57]",7
1617,"[0, 70, 10, 16, 19, 26, 97, 34, 98, 99, 46]",11
1618,"[0, 70, 8, 74, 77, 16, 83, 26, 91, 97, 98, 99]",12
1619,"[0, 74, 13, 83, 29, 97, 98, 99, 44, 53]",10
1620,"[0, 70, 74, 23, 93, 29, 97, 98, 35, 99, 46, 57]",12
1621,"[0, 70, 8, 76, 77, 16, 83, 20, 26, 91, 97, 98, 99]",13
1622,"[0, 97, 98, 99, 70, 74, 16, 91]",8
1623,"[0, 97, 98, 99, 42, 13, 77, 83]",8
1624,"[0, 70, 74, 77, 16, 26, 91, 97, 98, 99]",10
1625,"[0, 97, 98, 99, 37, 7, 42, 13]",8
1626,"[0, 97, 98, 99, 74, 23, 57]",7
1627,"[0, 97, 98, 99, 37, 74, 91]",7
1628,"[0, 97, 98, 99, 74, 83, 53, 29]",8
1629,"[0, 74, 13, 83, 29, 97, 98, 99, 44, 53]",10
1630,"[0, 70, 74, 23, 29, 93, 97, 98, 35, 99, 46, 57]",12
1631,"[0, 97, 98, 99, 70, 74, 23, 57, 29]",9
1632,"[0, 70, 8, 74, 77, 16, 83, 26, 91, 97, 98, 99]",12
1633,"[0, 74, 77, 13, 18, 83, 91, 29, 97, 98, 99, 42]",12
1634,"[0, 32, 97, 99, 98, 8, 20]",7
1635,"[0, 70, 74, 23, 26, 29, 32, 97, 98, 99, 57]",11
1636,"[0, 7, 13, 83, 91, 97, 98, 99, 37, 42]",10
1637,"[0, 97, 98, 99, 70, 74, 23, 57, 29]",9
1638,"[0, 97, 98, 99, 74, 44, 13, 29]",8
1639,"[0, 70, 74, 77, 16, 26, 91, 97, 98, 99]",10
1640,"[0, 70, 10, 77, 16, 19, 83, 26, 91, 97, 34, 98, 99, 46]",14
1641,"[0, 70, 8, 74, 10, 77, 16, 83, 26, 91, 97, 98, 99]",13
1642,"[0, 70, 74, 77, 16, 26, 91, 97, 98, 99]",10
1643,"[0, 70, 8, 74, 77, 16, 83, 26, 91, 97, 98, 99]",12
1644,"[0, 97, 98, 99, 74, 83, 53, 29]",8
1645,"[0, 70, 8, 77, 16, 19, 83, 26, 91, 97, 98, 99, 46]",13
1646,"[0, 74, 77, 13, 18, 83, 97, 98, 99, 42]",10
1647,"[0, 97, 98, 99, 37, 74, 91]",7
1648,"[0, 70, 74, 77, 16, 26, 91, 97, 98, 99]",10
1649,"[0, 70, 74, 77, 16, 26, 91, 97, 98, 99]",10
1650,"[0, 70, 74, 77, 16, 91, 92, 97, 98, 99]",10
1651,"[0, 70, 74, 77, 16, 83, 26, 91, 97, 98, 99]",11
1652,"[0, 74, 13, 77, 18, 83, 97, 98, 99, 42]",10
1653,"[0, 64, 70, 74, 13, 16, 91, 29, 97, 98, 99, 42]",12
1654,"[0, 74, 77, 13, 18, 83, 29, 97, 98, 99, 42]",11
1655,"[0, 70, 74, 23, 29, 93, 97, 98, 35, 99, 46, 57]",12
1656,"[0, 70, 74, 23, 29, 93, 97, 98, 35, 99, 46, 57]",12
1657,"[0, 74, 13, 83, 29, 97, 98, 99, 44, 53]",10
1658,"[0, 97, 98, 99, 74, 83, 53, 29]",8
1659,"[0, 70, 74, 77, 16, 26, 91, 97, 98, 99]",10
1660,"[0, 70, 8, 74, 77, 16, 83, 26, 91, 97, 98, 99]",12
1661,"[0, 70, 74, 23, 93, 29, 97, 98, 35, 99, 46, 57]",12
1662,"[0, 70, 74, 77, 16, 26, 91, 97, 98, 99]",10
1663,"[0, 74, 77, 13, 83, 91, 29, 97, 98, 99, 44]",11
1664,"[0, 70, 8, 74, 77, 16, 83, 26, 91, 97, 98, 99]",12
1665,"[0, 74, 13, 18, 29, 93, 97, 98, 35, 99, 42]",11
1666,"[0, 7, 77, 13, 83, 91, 97, 98, 99, 37, 42]",11
1667,"[0, 70, 8, 74, 77, 16, 83, 26, 91, 97, 98, 99]",12
1668,"[0, 97, 98, 99, 74, 83, 53, 88, 29]",9
1669,"[0, 97, 98, 99, 37, 74, 91]",7
1670,"[0, 70, 10, 77, 16, 19, 26, 91, 97, 98, 99, 46]",12
1671,"[0, 74, 77, 13, 18, 83, 91, 29, 97, 98, 99, 42]",12
1672,"[0, 97, 98, 99, 70, 74, 23, 29]",8
1673,"[0, 74, 77, 13, 18, 83, 93, 29, 97, 98, 35, 99, 42]",13
1674,"[0, 97, 98, 99, 74, 83, 53, 29]",8
1675,"[0, 97, 98, 99, 74, 23, 29]",7
1676,"[0, 70, 74, 77, 16, 26, 91, 97, 98, 99]",10
1677,"[0, 97, 98, 99, 77, 83, 91]",7
1678,"[0, 70, 74, 77, 16, 26, 91, 97, 98, 99]",10
1679,"[0, 74, 13, 18, 91, 29, 97, 98, 99, 42]",10
1680,"[0, 74, 13, 83, 29, 97, 98, 99, 44, 53]",10
1681,"[0, 70, 74, 77, 16, 19, 83, 91, 97, 34, 99, 98, 46]",13
1682,"[0, 97, 98, 99, 37, 74, 83, 53, 94]",9
1683,"[0, 70, 74, 77, 16, 83, 26, 91, 97, 98, 99]",11
1684,"[0, 70, 74, 19, 23, 29, 97, 98, 99, 46]",10
1685,"[0, 70, 16, 19, 26, 97, 34, 98, 99, 46]",10
1686,"[0, 70, 74, 77, 16, 26, 91, 97, 98, 99]",10
1687,"[0, 97, 98, 99, 74, 83, 53, 29]",8
1688,"[0, 70, 77, 16, 19, 83, 26, 91, 97, 34, 98, 99, 46]",13
1689,"[0, 97, 98, 99, 37, 74, 91]",7
1690,"[0, 74, 77, 83, 93, 29, 97, 98, 35, 99, 46]",11
1691,"[0, 70, 74, 77, 16, 26, 91, 97, 98, 99]",10
1692,"[0, 70, 74, 77, 16, 26, 91, 97, 98, 99]",10
1693,"[0, 97, 98, 99, 70, 74, 23, 29]",8
1694,"[0, 70, 74, 23, 29, 93, 97, 98, 35, 99, 46, 57]",12
1695,"[0, 70, 74, 76, 77, 16, 20, 91, 97, 98, 99]",11
1696,"[0, 69, 70, 74, 77, 19, 83, 23, 97, 98, 99, 46]",12
1697,"[0, 70, 74, 23, 93, 29, 97, 98, 99, 35, 46, 57]",12
1698,"[0, 97, 98, 99, 70, 74, 23, 57, 29]",9
1699,"[0, 97, 98, 99, 70, 74, 23, 29]",8
1700,"[0, 7, 13, 83, 91, 97, 98, 99, 37, 42]",10
1701,"[0, 97, 98, 99, 74, 83, 53, 29]",8
1702,"[0, 70, 77, 16, 19, 83, 26, 91, 97, 98, 99, 46]",12
1703,"[0, 64, 2, 70, 74, 23, 29, 97, 98, 99, 57]",11
1704,"[0, 97, 98, 99, 70, 74, 23, 29]",8
1705,"[0, 74, 77, 13, 83, 91, 29, 97, 98, 99, 44]",11
1706,"[0, 74, 83, 29, 97, 98, 99, 43, 44, 53]",10
1707,"[0, 70, 74, 23, 26, 29, 32, 97, 98, 99, 57]",11
1708,"[0, 70, 74, 13, 18, 29, 97, 98, 99, 42]",10
1709,"[0, 70, 74, 13, 18, 23, 29, 97, 98, 99, 42, 57]",12
1710,"[0, 70, 74, 23, 29, 93, 97, 98, 35, 99, 46, 57]",12
1711,"[0, 70, 77, 16, 19, 26, 91, 97, 34, 98, 99, 46]",12
1712,"[0, 97, 98, 99, 70, 74, 16, 91]",8
1713,"[0, 32, 97, 99, 98, 8, 20]",7
1714,"[0, 70, 74, 77, 16, 26, 91, 97, 98, 99]",10
1715,"[0, 97, 98, 99, 42, 13, 77, 83]",8
1716,"[0, 69, 70, 10, 77, 16, 22, 26, 97, 98, 99, 47, 52]",13
1717,"[0, 70, 74, 76, 77, 16, 20, 91, 97, 98, 99]",11
1718,"[0, 74, 77, 13, 18, 83, 91, 29, 97, 98, 99, 42]",12
1719,"[0, 97, 98, 99, 74, 77, 91, 92]",8
1720,"[0, 74, 13, 18, 29, 93, 97, 98, 35, 99, 42]",11
1721,"[0, 70, 74, 19, 23, 29, 97, 98, 99, 46]",10
1722,"[0, 70, 74, 23, 93, 29, 97, 98, 35, 99, 46, 57]",12
1723,"[0, 97, 98, 99, 70, 74, 16, 26, 91]",9
1724,"[0, 97, 98, 99, 70, 74, 16, 26, 91]",9
1725,"[0, 70, 8, 74, 77, 16, 83, 26, 91, 97, 98, 99]",12
1726,"[0, 97, 98, 99, 70, 74, 23, 26, 29]",9
1727,"[0, 97, 98, 99, 74, 83, 53, 29]",8
1728,"[0, 70, 74, 77, 16, 26, 91, 97, 98, 99]",10
1729,"[0, 97, 98, 99, 74, 44, 13, 29]",8
1730,"[0, 74, 13, 18, 19, 91, 29, 30, 97, 98, 99, 37, 38, 42]",14
1731,"[0, 70, 8, 76, 77, 16, 83, 20, 26, 91, 97, 98, 99]",13
1732,"[0, 70, 74, 77, 16, 26, 91, 97, 98, 99]",10
1733,"[0, 70, 74, 23, 29, 93, 97, 98, 35, 99, 46, 57]",12
1734,"[0, 70, 8, 77, 16, 19, 83, 26, 91, 97, 98, 99, 46]",13
1735,"[0, 74, 77, 13, 18, 83, 29, 97, 98, 99, 42, 43, 44]",13
1736,"[0, 70, 74, 23, 29, 93, 97, 98, 35, 99, 46, 57]",12
1737,"[0, 70, 74, 77, 16, 83, 26, 91, 97, 98, 99]",11
1738,"[0, 97, 98, 99, 70, 74, 23, 29]",8
1739,"[0, 70, 74, 77, 16, 83, 26, 91, 97, 98, 99]",11
1740,"[0, 70, 74, 77, 16, 26, 91, 97, 98, 99]",10
1741,"[0, 70, 76, 77, 16, 83, 20, 26, 91, 97, 98, 99]",12
1742,"[0, 97, 98, 99, 74, 23, 29]",7
1743,"[0, 74, 13, 83, 29, 97, 98, 99, 44, 53]",10
1744,"[0, 70, 74, 23, 29, 93, 97, 98, 35, 99, 46, 57]",12
1745,"[0, 74, 77, 13, 18, 83, 91, 29, 97, 98, 99, 42]",12
1746,"[0, 97, 98, 99, 74, 77, 91, 92]",8
1747,"[0, 97, 98, 99, 74, 83, 53, 29]",8
1748,"[0, 74, 77, 13, 18, 83, 29, 97, 98, 99, 42]",11
1749,"[0, 74, 77, 13, 18, 83, 91, 29, 97, 98, 99, 42]",12
1750,"[0, 74, 13, 18, 91, 29, 97, 98, 99, 42]",10
1751,"[0, 74, 13, 18, 91, 29, 97, 98, 99, 42]",10
1752,"[0, 97, 98, 99, 74, 23, 57]",7
1753,"[0, 70, 77, 16, 19, 20, 91, 97, 98, 99, 46]",11
1754,"[0, 70, 74, 23, 93, 29, 97, 98, 99, 35, 46, 57]",12
1755,"[0, 70, 74, 77, 16, 26, 91, 97, 98, 99]",10
1756,"[0, 97, 98, 99, 74, 83, 53, 29]",8
1757,"[0, 97, 98, 99, 74, 83, 53, 29]",8
1758,"[0, 97, 98, 99, 74, 44, 13, 91, 29]",9
1759,"[0, 70, 74, 23, 26, 29, 32, 97, 98, 99, 57]",11
1760,"[0, 70, 74, 23, 29, 93, 97, 98, 35, 99, 46]",11
1761,"[0, 70, 77, 16, 19, 26, 91, 97, 34, 99, 98, 46]",12
1762,"[0, 70, 74, 77, 16, 26, 91, 97, 98, 99]",10
1763,"[0, 70, 8, 74, 77, 16, 83, 26, 91, 97, 98, 99]",12
1764,"[0, 97, 98, 99, 74, 83, 53, 29]",8
1765,"[0, 97, 98, 99, 70, 74, 23, 29]",8
1766,"[0, 74, 77, 13, 18, 83, 91, 29, 97, 98, 99, 42]",12
1767,"[0, 97, 98, 99, 74, 20, 23, 29]",8
1768,"[0, 70, 77, 16, 19, 20, 91, 97, 98, 99, 46]",11
1769,"[0, 97, 98, 99, 70, 74, 23, 57, 29]",9
1770,"[0, 97, 98, 99, 74, 20, 23, 57]",8
1771,"[0, 70, 77, 16, 19, 26, 91, 29, 97, 34, 98, 99, 46]",13
1772,"[0, 70, 74, 23, 29, 93, 97, 98, 35, 99, 46, 57]",12
1773,"[0, 97, 98, 99, 74, 20, 23, 57]",8
1774,"[0, 70, 74, 23, 93, 29, 97, 98, 35, 99, 46, 57]",12
1775,"[0, 97, 98, 99, 70, 74, 16, 26, 91]",9
1776,"[0, 97, 98, 99, 70, 74, 23, 26, 29]",9
1777,"[0, 70, 74, 23, 93, 29, 97, 98, 35, 99, 46, 57]",12
1778,"[0, 69, 70, 77, 83, 84, 97, 98, 99, 55]",10
1779,"[0, 74, 77, 13, 18, 83, 29, 33, 97, 99, 98, 37, 42]",13
1780,"[0, 97, 98, 99, 74, 77, 83, 20, 23]",9
1781,"[0, 70, 74, 19, 23, 29, 97, 98, 99, 46]",10
1782,"[0, 70, 74, 77, 16, 26, 91, 97, 98, 99]",10
1783,"[0, 97, 98, 99, 70, 74, 20, 23, 29]",9
1784,"[0, 97, 98, 99, 74, 91, 29]",7
1785,"[0, 97, 98, 99, 70, 74, 23, 29]",8
1786,"[0, 97, 98, 99, 74, 45, 83, 53, 29]",9
1787,"[0, 71, 74, 11, 14, 83, 94, 97, 98, 99, 37, 43, 44, 53]",14
1788,"[0, 74, 77, 83, 29, 97, 98, 35, 99, 37, 44, 53]",12
1789,"[0, 70, 74, 77, 16, 26, 91, 97, 98, 99]",10
1790,"[0, 70, 74, 77, 16, 26, 91, 97, 98, 99]",10
1791,"[0, 74, 13, 18, 93, 29, 97, 98, 35, 99, 42]",11
1792,"[0, 70, 8, 74, 77, 16, 83, 26, 91, 97, 98, 99]",12
1793,"[0, 70, 76, 77, 16, 83, 20, 26, 91, 97, 98, 99]",12
1794,"[0, 74, 77, 13, 18, 83, 91, 29, 97, 98, 99, 42]",12
1795,"[0, 97, 98, 99, 20, 84]",6
1796,"[0, 70, 74, 23, 93, 29, 97, 98, 35, 99, 46, 57]",12
1797,"[0, 97, 98, 99, 74, 44, 13, 29]",8
1798,"[0, 97, 98, 99, 70, 74, 53, 23, 29]",9
1799,"[0, 71, 74, 83, 29, 97, 98, 99, 44, 53]",10
1800,"[0, 70, 74, 77, 16, 26, 91, 97, 98, 99]",10
1801,"[0, 97, 98, 99, 74, 76, 77, 20, 91]",9
1802,"[0, 70, 74, 23, 29, 93, 97, 98, 35, 99, 46, 57]",12
1803,"[0, 70, 74, 77, 16, 83, 26, 91, 97, 98, 99]",11
1804,"[0, 70, 74, 77, 16, 26, 91, 97, 98, 99]",10
1805,"[0, 70, 74, 77, 16, 83, 26, 91, 97, 98, 99]",11
1806,"[0, 70, 77, 16, 19, 26, 91, 97, 98, 99, 46]",11
1807,"[0, 97, 98, 99, 70, 74, 53, 23, 29]",9
1808,"[0, 74, 13, 18, 93, 29, 97, 98, 35, 99, 42]",11
1809,"[0, 70, 74, 77, 16, 26, 91, 97, 98, 99]",10
1810,"[0, 97, 98, 99, 42, 13, 77, 83, 91]",9
1811,"[0, 69, 70, 74, 77, 83, 20, 23, 97, 98, 99]",11
1812,"[0, 70, 77, 16, 19, 26, 91, 97, 34, 99, 98, 46]",12
1813,"[0, 70, 74, 77, 16, 26, 91, 97, 98, 99]",10
1814,"[0, 97, 98, 99, 70, 74, 23, 29]",8
1815,"[0, 70, 74, 77, 16, 26, 91, 97, 98, 99]",10
1816,"[0, 97, 98, 99, 74, 20, 23, 57]",8
1817,"[0, 70, 74, 13, 18, 23, 29, 97, 98, 99, 42, 57]",12
1818,"[0, 70, 74, 13, 18, 23, 29, 97, 98, 99, 42, 57]",12
1819,"[0, 70, 74, 77, 16, 83, 26, 91, 97, 98, 99]",11
1820,"[0, 97, 98, 99, 70, 74, 23, 26, 29]",9
1821,"[0, 70, 74, 77, 16, 26, 91, 97, 98, 99]",10
1822,"[0, 70, 74, 77, 16, 83, 26, 91, 97, 98, 99]",11
1823,"[0, 70, 77, 16, 19, 26, 91, 97, 34, 99, 98, 46]",12
1824,"[0, 74, 77, 83, 20, 23, 29, 97, 98, 99]",10
1825,"[0, 97, 98, 99, 74, 77, 91, 92]",8
1826,"[0, 97, 98, 99, 74, 91]",6
1827,"[0, 97, 98, 99, 74, 83, 53, 29]",8
1828,"[0, 74, 13, 83, 29, 97, 98, 99, 44, 45, 53]",11
1829,"[0, 97, 98, 99, 74, 83, 53, 88, 29]",9
1830,"[0, 97, 98, 99, 70, 74, 23, 29]",8
1831,"[0, 97, 98, 99, 74, 23, 29]",7
1832,"[0, 97, 98, 99, 74, 23, 29]",7
1833,"[0, 74, 13, 18, 29, 93, 97, 98, 35, 99, 42]",11
1834,"[0, 70, 74, 23, 93, 29, 97, 98, 35, 99, 46, 57]",12
1835,"[0, 70, 74, 77, 16, 26, 91, 97, 98, 99]",10
1836,"[0, 97, 98, 99, 70, 74, 23, 26, 29]",9
1837,"[0, 97, 98, 99, 70, 74, 23, 29]",8
1838,"[0, 97, 98, 99, 74, 83, 53, 29]",8
1839,"[0, 70, 74, 77, 16, 19, 83, 91, 97, 34, 99, 98, 46]",13
1840,"[0, 97, 98, 99, 74, 83, 53, 29]",8
1841,"[0, 74, 77, 13, 18, 83, 91, 29, 97, 98, 99, 42]",12
1842,"[0, 7, 13, 83, 91, 97, 98, 99, 37, 42]",10
1843,"[0, 97, 98, 99, 70, 74, 23, 57, 29]",9
1844,"[0, 74, 13, 18, 19, 91, 29, 30, 97, 98, 99, 37, 38, 42]",14
1845,"[0, 97, 98, 99, 20, 84]",6
1846,"[0, 74, 77, 13, 18, 83, 91, 29, 97, 98, 99, 42]",12
1847,"[0, 70, 8, 76, 77, 16, 83, 20, 26, 91, 97, 98, 99]",13
1848,"[0, 74, 13, 18, 91, 29, 97, 98, 99, 42]",10
1849,"[0, 74, 13, 18, 91, 29, 97, 98, 99, 42]",10
1850,"[0, 97, 98, 99, 70, 74, 23, 57, 29]",9
1851,"[0, 74, 77, 13, 83, 29, 97, 98, 99, 44, 45, 53]",12
1852,"[0, 70, 8, 74, 77, 16, 83, 26, 91, 97, 98, 99]",12
1853,"[0, 32, 97, 99, 98, 8, 20]",7
1854,"[0, 70, 74, 77, 16, 26, 91, 97, 98, 99]",10
1855,"[0, 64, 2, 70, 74, 23, 29, 97, 98, 99, 57]",11
1856,"[0, 74, 77, 13, 83, 91, 29, 97, 98, 99, 44]",11
1857,"[0, 70, 74, 77, 16, 26, 91, 92, 97, 98, 99]",11
1858,"[0, 70, 74, 23, 26, 29, 32, 97, 98, 99, 57]",11
1859,"[0, 74, 13, 18, 91, 29, 97, 98, 99, 42]",10
1860,"[0, 74, 77, 13, 18, 83, 91, 29, 97, 98, 99, 42]",12
1861,"[0, 74, 13, 83, 29, 97, 98, 99, 44, 53]",10
1862,"[0, 97, 98, 99, 74, 23, 57]",7
1863,"[0, 74, 13, 18, 91, 29, 97, 98, 99, 42]",10
1864,"[0, 74, 83, 29, 97, 98, 99, 43, 44, 45, 53]",11
1865,"[0, 70, 8, 77, 16, 19, 83, 26, 91, 97, 98, 99, 46]",13
1866,"[0, 70, 74, 23, 29, 93, 97, 98, 35, 99, 46, 57]",12
1867,"[0, 64, 69, 70, 74, 77, 13, 83, 97, 98, 99, 42, 51]",13
1868,"[0, 74, 77, 83, 29, 97, 98, 35, 99, 37, 44, 53]",12
1869,"[0, 97, 98, 99, 70, 46, 16, 19, 26]",9
1870,"[0, 70, 74, 77, 16, 26, 91, 97, 98, 99]",10
1871,"[0, 70, 74, 23, 29, 93, 97, 98, 35, 99, 46, 57]",12
1872,"[0, 70, 74, 77, 16, 26, 91, 97, 98, 99]",10
1873,"[0, 74, 76, 77, 83, 20, 91, 97, 98, 99]",10
1874,"[0, 69, 70, 74, 77, 19, 23, 97, 98, 99, 46]",11
1875,"[0, 74, 11, 83, 94, 97, 98, 99, 37, 43, 44, 53]",12
1876,"[0, 74, 77, 13, 18, 83, 91, 29, 97, 98, 99, 42]",12
1877,"[0, 70, 8, 74, 77, 16, 83, 26, 91, 97, 98, 99]",12
1878,"[0, 97, 98, 99, 37, 74, 91]",7
1879,"[0, 74, 13, 83, 29, 97, 98, 99, 44, 53]",10
1880,"[0, 97, 98, 99, 70, 74, 23, 57, 29]",9
1881,"[0, 97, 98, 99, 70, 74, 23, 29]",8
1882,"[0, 97, 98, 99, 70, 74, 16, 26, 91]",9
1883,"[0, 70, 74, 77, 16, 26, 91, 97, 98, 99]",10
1884,"[0, 97, 98, 35, 99, 74, 46, 93, 29]",9
1885,"[0, 70, 74, 77, 16, 26, 91, 97, 98, 99]",10
1886,"[0, 7, 13, 83, 91, 97, 98, 99, 37, 42]",10
1887,"[0, 70, 74, 77, 16, 26, 91, 97, 98, 99]",10
1888,"[0, 97, 98, 99, 74, 83, 53, 29]",8
1889,"[0, 70, 74, 19, 23, 29, 97, 98, 99, 46]",10
1890,"[0, 97, 98, 99, 70, 74, 23, 57, 29]",9
1891,"[0, 70, 74, 77, 16, 26, 91, 97, 98, 99]",10
1892,"[0, 97, 98, 99, 74, 76, 77, 20, 91]",9
1893,"[0, 74, 13, 18, 91, 29, 97, 98, 99, 42]",10
1894,"[0, 97, 98, 99, 74, 44, 13, 29]",8
1895,"[0, 70, 74, 77, 16, 83, 26, 91, 97, 98, 99]",11
1896,"[0, 74, 77, 83, 29, 97, 98, 35, 99, 37, 44, 53]",12
1897,"[0, 97, 98, 99, 74, 44, 13, 29]",8
1898,"[0, 97, 98, 99, 77, 46, 19, 20, 91]",9
1899,"[0, 97, 98, 99, 74, 77, 91, 92]",8
1900,"[0, 74, 76, 77, 83, 20, 91, 97, 98, 99]",10
1901,"[0, 97, 98, 99, 70, 74, 23, 29]",8
1902,"[0, 70, 8, 76, 77, 16, 83, 20, 26, 91, 97, 98, 99]",13
1903,"[0, 74, 13, 18, 29, 93, 97, 98, 35, 99, 42]",11
1904,"[0, 74, 77, 13, 18, 83, 91, 29, 97, 98, 99, 42]",12
1905,"[0, 97, 98, 99, 70, 74, 23, 57, 29]",9
1906,"[0, 97, 98, 99, 74, 44, 13, 29]",8
1907,"[0, 74, 13, 18, 91, 29, 97, 98, 99, 42]",10
1908,"[0, 74, 77, 83, 29, 97, 98, 35, 99, 37, 44, 53]",12
1909,"[0, 70, 77, 16, 19, 26, 91, 97, 98, 99, 46]",11
1910,"[0, 70, 74, 23, 93, 29, 97, 98, 35, 99, 46, 57]",12
1911,"[0, 70, 74, 23, 93, 29, 97, 98, 35, 99, 46, 57]",12
1912,"[0, 97, 98, 99, 70, 74, 23, 57, 29]",9
1913,"[0, 70, 74, 77, 16, 26, 91, 97, 98, 99]",10
1914,"[0, 70, 74, 77, 16, 26, 91, 97, 98, 99]",10
1915,"[0, 97, 98, 99, 74, 44, 13, 91, 29]",9
1916,"[0, 70, 77, 16, 19, 26, 91, 29, 97, 34, 98, 99, 46]",13
1917,"[0, 70, 74, 19, 23, 29, 97, 98, 99, 46]",10
1918,"[0, 74, 77, 13, 83, 29, 97, 98, 99, 44, 45, 53]",12
1919,"[0, 74, 13, 18, 91, 29, 97, 98, 99, 42]",10
1920,"[0, 70, 8, 74, 77, 16, 83, 26, 91, 97, 98, 99]",12
1921,"[0, 70, 74, 77, 16, 26, 91, 97, 98, 99]",10
1922,"[0, 69, 70, 10, 77, 16, 22, 26, 97, 98, 99, 47, 52]",13
1923,"[0, 70, 74, 77, 16, 26, 91, 97, 98, 99]",10
1924,"[0, 97, 98, 99, 70, 74, 23, 57, 29]",9
1925,"[0, 97, 98, 99, 70, 74, 23, 57, 29]",9
1926,"[0, 97, 98, 99, 74, 83, 53, 29]",8
1927,"[0, 70, 74, 77, 16, 83, 26, 91, 97, 98, 99]",11
1928,"[0, 64, 97, 99, 98, 42, 74, 13, 91]",9
1929,"[0, 74, 13, 18, 91, 29, 97, 98, 99, 42]",10
1930,"[0, 74, 77, 13, 83, 91, 29, 97, 98, 99, 44]",11
1931,"[0, 97, 98, 99, 70, 74, 16, 26, 91]",9
1932,"[0, 70, 77, 16, 19, 26, 91, 97, 98, 99, 46]",11
1933,"[0, 97, 98, 99, 70, 74, 23, 26, 29]",9
1934,"[0, 7, 77, 13, 83, 91, 97, 98, 99, 37, 42]",11
1935,"[0, 70, 74, 77, 16, 26, 91, 97, 98, 99]",10
1936,"[0, 97, 98, 99, 70, 74, 23, 57, 29]",9
1937,"[0, 70, 74, 77, 16, 26, 91, 97, 98, 99]",10
1938,"[0, 97, 98, 99, 77, 46, 19, 20, 91]",9
1939,"[0, 70, 74, 77, 16, 26, 91, 97, 98, 99]",10
1940,"[0, 74, 77, 13, 18, 83, 91, 29, 97, 98, 99, 42]",12
1941,"[0, 70, 74, 77, 16, 26, 91, 97, 98, 99]",10
1942,"[0, 97, 98, 99, 74, 44, 13, 91, 29]",9
1943,"[0, 70, 74, 77, 16, 83, 26, 91, 97, 98, 99]",11
1944,"[0, 70, 74, 23, 29, 93, 97, 98, 99, 35, 46, 57]",12
1945,"[0, 97, 98, 99, 74, 83, 53, 29]",8
1946,"[0, 97, 98, 99, 74, 83, 53, 29]",8
1947,"[0, 70, 8, 74, 77, 16, 83, 26, 91, 97, 98, 99]",12
1948,"[0, 97, 98, 99, 70, 74, 16, 26, 91]",9
1949,"[0, 97, 98, 99, 74, 44, 13, 91, 29]",9
1950,"[0, 70, 76, 77, 16, 83, 20, 26, 91, 97, 98, 99]",12
1951,"[0, 97, 98, 99, 70, 74, 23, 29]",8
1952,"[0, 70, 74, 77, 16, 26, 91, 97, 98, 99]",10
1953,"[0, 74, 13, 29, 97, 98, 99, 44, 45, 53]",10
1954,"[0, 70, 74, 77, 16, 26, 91, 97, 98, 99]",10
1955,"[0, 97, 98, 99, 74, 23, 57]",7
1956,"[0, 70, 74, 77, 16, 26, 91, 97, 98, 99]",10
1957,"[0, 97, 98, 99, 70, 74, 23, 57, 29]",9
1958,"[0, 97, 98, 99, 42, 77, 13, 83, 91]",9
1959,"[0, 70, 8, 77, 16, 19, 83, 26, 91, 97, 98, 99, 46]",13
1960,"[0, 74, 13, 83, 91, 29, 97, 98, 99, 44]",10
1961,"[0, 97, 98, 99, 70, 74, 23, 57, 29]",9
1962,"[0, 70, 74, 77, 16, 26, 91, 97, 98, 99]",10
1963,"[0, 97, 98, 99, 91]",5
1964,"[0, 97, 98, 99, 74, 44, 13, 91, 29]",9
1965,"[0, 97, 98, 99, 74, 77, 20, 91]",8
1966,"[0, 64, 2, 70, 74, 23, 29, 97, 98, 99, 57]",11
1967,"[0, 74, 13, 18, 91, 29, 97, 98, 99, 42]",10
1968,"[0, 70, 8, 74, 77, 16, 83, 26, 91, 97, 98, 99]",12
1969,"[0, 97, 98, 99, 74, 44, 13, 91, 29]",9
1970,"[0, 97, 98, 99, 74, 77, 91, 92]",8
1971,"[0, 70, 74, 77, 16, 26, 91, 97, 98, 99]",10
1972,"[0, 74, 77, 13, 18, 83, 91, 29, 97, 98, 99, 42]",12
1973,"[0, 97, 98, 99, 74, 44, 13, 91, 29]",9
1974,"[0, 70, 74, 77, 16, 26, 91, 97, 98, 99]",10
1975,"[0, 70, 74, 77, 16, 26, 91, 97, 98, 99]",10
1976,"[0, 70, 8, 74, 77, 16, 83, 26, 91, 97, 98, 99]",12
1977,"[0, 74, 13, 18, 91, 29, 97, 98, 99, 42]",10
1978,"[0, 70, 8, 74, 77, 16, 83, 26, 91, 97, 98, 99]",12
1979,"[0, 97, 98, 99, 74, 83, 53, 29]",8
1980,"[0, 70, 77, 16, 19, 26, 91, 97, 98, 99, 46]",11
1981,"[0, 70, 74, 13, 18, 23, 29, 97, 98, 99, 42, 57]",12
1982,"[0, 97, 98, 99, 70, 74, 23, 29]",8
1983,"[0, 70, 74, 77, 16, 26, 91, 97, 98, 99]",10
1984,"[0, 77, 83, 19, 20, 91, 97, 98, 99, 46]",10
1985,"[0, 70, 74, 77, 16, 26, 91, 92, 97, 98, 99]",11
1986,"[0, 97, 98, 99, 74, 91]",6
1987,"[0, 69, 70, 10, 77, 16, 22, 26, 97, 98, 99, 47, 52]",13
1988,"[0, 74, 77, 13, 83, 91, 29, 97, 98, 99, 44]",11
1989,"[0, 97, 98, 99, 70, 46, 16, 19, 26]",9
1990,"[0, 74, 77, 83, 29, 97, 98, 35, 99, 37, 44, 45, 53]",13
1991,"[0, 70, 74, 77, 16, 83, 26, 91, 97, 98, 99]",11
1992,"[0, 70, 77, 16, 19, 26, 91, 97, 98, 99, 46]",11
1993,"[0, 70, 8, 76, 77, 16, 83, 20, 26, 91, 97, 98, 99]",13
1994,"[0, 97, 98, 99, 70, 74, 23, 29]",8
1995,"[0, 69, 70, 74, 10, 77, 16, 83, 22, 26, 97, 98, 99, 51]",14
1996,"[0, 97, 98, 99, 74, 91]",6
1997,"[0, 70, 74, 77, 16, 26, 91, 97, 98, 99]",10
1998,"[0, 70, 8, 74, 77, 16, 83, 26, 91, 97, 98, 99]",12
1999,"[0, 97, 98, 99, 74, 44, 13, 91, 29]",9
2000,"[0, 97, 98, 99, 42, 74, 13, 18, 29]",9
2001,"[0, 70, 74, 77, 16, 26, 91, 97, 98, 99]",10
2002,"[0, 70, 77, 16, 19, 26, 91, 97, 98, 99, 46]",11
2003,"[0, 97, 98, 99, 74, 77, 91, 92]",8
2004,"[0, 32, 97, 99, 98, 8]",6
2005,"[0, 97, 98, 99, 74, 44, 13, 29]",8
2006,"[0, 70, 74, 77, 16, 26, 91, 97, 98, 99]",10
2007,"[0, 74, 13, 18, 91, 29, 97, 98, 99, 42]",10
2008,"[0, 97, 98, 99, 74, 91]",6
2009,"[0, 70, 74, 77, 16, 26, 91, 97, 98, 99]",10
2010,"[0, 97, 98, 99, 74, 44, 13, 91, 29]",9
2011,"[0, 69, 70, 74, 77, 19, 83, 23, 97, 98, 99, 46]",12
2012,"[0, 70, 74, 77, 16, 26, 91, 97, 98, 99]",10
2013,"[0, 70, 74, 77, 16, 83, 26, 91, 97, 98, 99]",11
2014,"[0, 64, 69, 70, 74, 77, 13, 83, 97, 98, 99, 42, 51]",13
2015,"[0, 74, 13, 18, 91, 29, 97, 98, 99, 42]",10
2016,"[0, 70, 74, 77, 16, 26, 91, 97, 98, 99]",10
2017,"[0, 74, 77, 13, 18, 19, 83, 91, 29, 30, 97, 98, 99, 37, 38, 42]",16
2018,"[0, 7, 77, 13, 83, 91, 97, 98, 99, 37, 42]",11
2019,"[0, 70, 74, 23, 29, 93, 97, 98, 35, 99, 46, 57]",12
2020,"[0, 70, 74, 77, 16, 26, 91, 97, 98, 99]",10
2021,"[0, 70, 74, 77, 16, 26, 91, 97, 98, 99]",10
2022,"[0, 74, 13, 18, 91, 29, 97, 98, 99, 42]",10
2023,"[0, 70, 74, 77, 16, 83, 26, 91, 97, 98, 99]",11
2024,"[0, 70, 74, 77, 16, 83, 26, 91, 97, 98, 99]",11
2025,"[0, 70, 74, 77, 16, 83, 26, 91, 97, 98, 99]",11
2026,"[0, 70, 74, 23, 29, 93, 97, 98, 35, 99, 46, 57]",12
2027,"[0, 70, 76, 77, 16, 83, 20, 26, 91, 97, 98, 99]",12
2028,"[0, 74, 13, 83, 29, 97, 98, 99, 44, 53]",10
2029,"[0, 97, 98, 99, 74, 83, 53, 29]",8
2030,"[0, 7, 77, 13, 83, 91, 97, 98, 99, 37, 42]",11
2031,"[0, 70, 74, 77, 16, 26, 91, 97, 98, 99]",10
2032,"[0, 70, 74, 23, 93, 29, 97, 98, 35, 99, 46, 57]",12
2033,"[0, 97, 98, 99, 74, 77, 91, 92]",8
2034,"[0, 97, 98, 99, 70, 74, 23, 57, 29]",9
2035,"[0, 7, 77, 13, 83, 91, 97, 98, 99, 37, 42]",11
2036,"[0, 74, 77, 13, 83, 91, 29, 97, 98, 99, 44]",11
2037,"[0, 70, 74, 77, 16, 26, 91, 97, 98, 99]",10
2038,"[0, 70, 74, 23, 93, 29, 97, 98, 99, 35, 46, 57]",12
2039,"[0, 97, 98, 99, 70, 74, 23, 57]",8
2040,"[0, 70, 74, 77, 16, 83, 26, 91, 97, 98, 99]",11
2041,"[0, 97, 98, 99, 74, 91]",6
2042,"[0, 97, 98, 99, 70, 74, 16, 26, 91]",9
2043,"[0, 70, 74, 77, 16, 26, 91, 97, 98, 99]",10
2044,"[0, 74, 11, 14, 83, 29, 97, 98, 99, 37, 43, 44, 53]",13
2045,"[0, 97, 98, 99, 74, 83, 53, 29]",8
2046,"[0, 70, 74, 77, 16, 26, 91, 97, 98, 99]",10
2047,"[0, 97, 98, 99, 70, 74, 23, 57, 29]",9
2048,"[0, 74, 77, 13, 18, 83, 91, 29, 97, 98, 99, 42]",12
2049,"[0, 97, 98, 99, 74, 91]",6
2050,"[0, 74, 13, 18, 91, 29, 97, 98, 99, 42]",10
2051,"[0, 70, 77, 16, 20, 26, 91, 97, 98, 99]",10
2052,"[0, 70, 74, 77, 16, 26, 91, 97, 98, 99]",10
2053,"[0, 74, 13, 83, 29, 97, 98, 99, 44, 53]",10
2054,"[0, 74, 77, 13, 83, 29, 97, 98, 99, 44, 45, 53]",12
2055,"[0, 70, 76, 77, 16, 83, 20, 26, 91, 97, 98, 99]",12
2056,"[0, 70, 77, 16, 19, 26, 91, 97, 98, 99, 46]",11
2057,"[0, 74, 77, 13, 83, 91, 29, 97, 98, 99, 44]",11
2058,"[0, 97, 98, 99, 70, 74, 23, 57, 29]",9
2059,"[0, 97, 98, 99, 70, 74, 23, 29]",8
2060,"[0, 97, 98, 99, 74, 42, 13, 18, 29]",9
2061,"[0, 74, 77, 83, 29, 97, 98, 99, 43, 44, 45, 53]",12
2062,"[0, 70, 74, 77, 16, 26, 91, 97, 98, 99]",10
2063,"[0, 74, 13, 18, 91, 29, 97, 98, 99, 42]",10
2064,"[0, 70, 74, 77, 16, 83, 26, 91, 97, 98, 99]",11
2065,"[0, 70, 77, 16, 26, 91, 97, 98, 99, 52]",10
2066,"[0, 74, 13, 18, 91, 29, 97, 98, 99, 42]",10
2067,"[0, 70, 74, 77, 16, 83, 26, 91, 97, 98, 99]",11
2068,"[0, 97, 98, 99, 74, 83, 53, 29]",8
2069,"[0, 74, 13, 83, 91, 29, 97, 98, 99, 44]",10
2070,"[0, 74, 13, 83, 29, 97, 98, 99, 44, 53]",10
2071,"[0, 70, 74, 23, 93, 29, 97, 98, 35, 99, 46, 57]",12
2072,"[0, 97, 98, 99, 74, 77, 91, 92]",8
2073,"[0, 97, 98, 99, 74, 83, 53, 29]",8
2074,"[0, 70, 77, 16, 19, 26, 91, 97, 98, 99, 46]",11
2075,"[0, 97, 98, 35, 99, 74, 46, 93, 29]",9
2076,"[0, 70, 74, 77, 16, 26, 91, 97, 98, 99]",10
2077,"[0, 70, 77, 16, 19, 26, 91, 29, 97, 98, 99, 46]",12
2078,"[0, 74, 13, 18, 91, 29, 97, 98, 99, 42]",10
2079,"[0, 97, 98, 99, 84, 20]",6
2080,"[0, 97, 98, 99, 74, 77, 91, 92]",8
2081,"[0, 70, 74, 77, 16, 26, 91, 97, 98, 99]",10
2082,"[0, 97, 98, 99, 70, 74, 23, 29]",8
2083,"[0, 70, 76, 77, 16, 83, 20, 26, 91, 97, 98, 99]",12
2084,"[0, 74, 13, 18, 91, 29, 97, 98, 99, 42]",10
2085,"[0, 70, 74, 77, 16, 26, 91, 97, 98, 99]",10
2086,"[0, 74, 13, 18, 91, 29, 97, 98, 99, 42]",10
2087,"[0, 97, 98, 99, 74, 91]",6
2088,"[0, 74, 13, 18, 91, 29, 97, 98, 99, 42]",10
2089,"[0, 74, 13, 18, 29, 93, 97, 98, 35, 99, 42]",11
2090,"[0, 70, 74, 77, 16, 83, 26, 91, 97, 98, 99]",11
2091,"[0, 74, 77, 19, 91, 97, 34, 99, 98, 46, 50]",11
2092,"[0, 97, 98, 99, 70, 74, 23, 57, 29]",9
2093,"[0, 97, 98, 99, 74, 23, 57]",7
2094,"[0, 64, 74, 13, 77, 91, 92, 97, 98, 99, 42]",11
2095,"[0, 70, 74, 77, 16, 26, 91, 97, 98, 99]",10
2096,"[0, 74, 77, 83, 29, 97, 98, 35, 99, 37, 44, 53]",12
2097,"[0, 70, 74, 77, 16, 26, 91, 97, 98, 99]",10
2098,"[0, 70, 74, 77, 16, 26, 91, 97, 98, 99]",10
2099,"[0, 74, 13, 18, 91, 29, 97, 98, 99, 42]",10
2100,"[0, 70, 74, 77, 16, 83, 26, 91, 97, 98, 99]",11
2101,"[0, 70, 74, 77, 16, 26, 91, 97, 98, 99]",10
2102,"[0, 97, 98, 99, 70, 74, 23, 29]",8
2103,"[0, 70, 74, 77, 16, 26, 91, 97, 98, 99]",10
2104,"[0, 70, 74, 77, 16, 26, 91, 97, 98, 99]",10
2105,"[0, 97, 98, 99, 74, 91]",6
2106,"[0, 97, 98, 99, 42, 13, 77, 83, 91]",9
2107,"[0, 70, 74, 77, 16, 26, 91, 97, 98, 99]",10
2108,"[0, 97, 98, 99, 84, 20]",6
2109,"[0, 97, 98, 99, 74, 77, 91, 92]",8
2110,"[0, 74, 13, 18, 91, 29, 97, 98, 99, 42]",10
2111,"[0, 70, 74, 77, 16, 26, 91, 97, 98, 99]",10
2112,"[0, 97, 98, 99, 42, 13, 77, 83, 91]",9
2113,"[0, 74, 13, 83, 29, 97, 98, 99, 44, 53]",10
2114,"[0, 70, 74, 77, 16, 26, 91, 97, 98, 99]",10
2115,"[0, 69, 70, 74, 77, 19, 23, 97, 98, 99, 46]",11
2116,"[0, 70, 74, 77, 16, 83, 26, 91, 97, 98, 99]",11
2117,"[0, 74, 76, 77, 83, 20, 91, 97, 98, 99]",10
2118,"[0, 70, 74, 77, 16, 26, 91, 97, 98, 99]",10
2119,"[0, 74, 13, 83, 29, 97, 98, 99, 44, 53]",10
2120,"[0, 70, 74, 77, 16, 26, 91, 97, 98, 99]",10
2121,"[0, 74, 77, 13, 18, 83, 91, 29, 97, 98, 99, 42]",12
2122,"[0, 74, 13, 83, 91, 29, 97, 98, 99, 44]",10
2123,"[0, 74, 13, 18, 91, 29, 97, 98, 99, 42]",10
2124,"[0, 70, 74, 77, 16, 26, 91, 97, 98, 99]",10
2125,"[0, 70, 74, 77, 16, 83, 26, 91, 97, 98, 99]",11
2126,"[0, 97, 98, 99, 74, 83, 53, 88, 29]",9
2127,"[0, 70, 74, 13, 18, 23, 29, 97, 98, 99, 42, 57]",12
2128,"[0, 70, 74, 77, 16, 26, 91, 97, 98, 99]",10
2129,"[0, 70, 8, 74, 77, 16, 83, 26, 91, 97, 98, 99]",12
2130,"[0, 74, 13, 18, 91, 29, 97, 98, 99, 42]",10
2131,"[0, 97, 98, 99, 74, 77, 91, 92]",8
2132,"[0, 74, 77, 13, 18, 83, 91, 29, 97, 98, 99, 42]",12
2133,"[0, 70, 74, 77, 16, 26, 91, 97, 98, 99]",10
2134,"[0, 97, 98, 99, 70, 74, 23, 57, 29]",9
2135,"[0, 70, 74, 23, 29, 93, 97, 98, 35, 99, 46, 57]",12
2136,"[0, 97, 98, 99, 70, 74, 23, 29]",8
2137,"[0, 74, 76, 77, 83, 20, 91, 97, 98, 99]",10
2138,"[0, 70, 77, 16, 19, 26, 91, 97, 98, 99, 46]",11
2139,"[0, 70, 74, 77, 16, 26, 91, 97, 98, 99]",10
2140,"[0, 97, 98, 99, 74, 83, 53, 29]",8
2141,"[0, 97, 98, 99, 74, 83, 53, 29]",8
2142,"[0, 70, 74, 77, 16, 83, 26, 91, 97, 98, 99]",11
2143,"[0, 74, 77, 83, 29, 97, 98, 35, 99, 37, 44, 53]",12
2144,"[0, 74, 13, 18, 91, 29, 97, 98, 99, 42]",10
2145,"[0, 74, 77, 19, 83, 23, 29, 97, 98, 99, 46]",11
2146,"[0, 70, 74, 23, 93, 29, 97, 98, 35, 99, 46]",11
2147,"[0, 70, 74, 77, 16, 83, 26, 91, 97, 98, 99]",11
2148,"[0, 74, 13, 18, 29, 93, 97, 98, 35, 99, 42]",11
2149,"[0, 70, 74, 77, 16, 83, 26, 91, 97, 98, 99]",11
2150,"[0, 70, 74, 23, 29, 93, 97, 98, 35, 99, 46, 57]",12
2151,"[0, 74, 13, 18, 19, 91, 29, 30, 97, 98, 99, 37, 38, 42]",14
2152,"[0, 70, 74, 77, 16, 26, 91, 97, 98, 99]",10
2153,"[0, 97, 98, 99, 70, 74, 16, 26, 91]",9
2154,"[0, 74, 77, 19, 91, 97, 34, 99, 98, 46, 50]",11
2155,"[0, 70, 74, 77, 16, 26, 91, 97, 98, 99]",10
2156,"[0, 70, 74, 77, 16, 26, 91, 97, 98, 99]",10
2157,"[0, 74, 13, 18, 91, 29, 97, 98, 99, 42]",10
2158,"[0, 97, 98, 99, 70, 74, 23, 29]",8
2159,"[0, 70, 74, 23, 93, 29, 97, 98, 35, 99, 46]",11
2160,"[0, 97, 98, 99, 74, 23, 29]",7
2161,"[0, 70, 74, 77, 16, 26, 91, 97, 98, 99]",10
2162,"[0, 64, 74, 77, 13, 91, 92, 97, 98, 99, 42]",11
2163,"[0, 74, 13, 18, 91, 29, 97, 98, 99, 42]",10
2164,"[0, 97, 98, 99, 74, 83, 53, 29]",8
2165,"[0, 74, 13, 18, 91, 29, 97, 98, 99, 42]",10
2166,"[0, 74, 13, 18, 91, 29, 97, 98, 99, 42]",10
2167,"[0, 70, 8, 74, 77, 16, 83, 26, 91, 97, 98, 99]",12
2168,"[0, 97, 98, 99, 70, 46, 16, 19, 26]",9
2169,"[0, 97, 98, 99, 74, 20, 23]",7
2170,"[0, 74, 77, 13, 83, 29, 97, 98, 99, 44, 53]",11
2171,"[0, 71, 74, 83, 29, 97, 98, 99, 44, 53]",10
2172,"[0, 70, 74, 77, 16, 26, 91, 97, 98, 99]",10
2173,"[0, 70, 77, 16, 19, 26, 91, 29, 97, 98, 99, 46]",12
2174,"[0, 97, 98, 99, 74, 83, 91, 29]",8
2175,"[0, 70, 74, 23, 93, 29, 97, 98, 35, 99, 46]",11
2176,"[0, 70, 74, 12, 77, 16, 26, 91, 97, 98, 99]",11
2177,"[0, 70, 77, 16, 19, 26, 91, 97, 98, 99, 46]",11
2178,"[0, 74, 77, 19, 83, 23, 97, 98, 99, 46]",10
2179,"[0, 97, 98, 99, 74, 20, 23]",7
2180,"[0, 74, 77, 13, 83, 29, 97, 98, 99, 44, 45, 53]",12
2181,"[0, 70, 74, 77, 16, 26, 91, 97, 98, 99]",10
2182,"[0, 74, 13, 18, 91, 29, 97, 98, 99, 42]",10
2183,"[0, 74, 13, 83, 91, 29, 97, 98, 99, 44]",10
2184,"[0, 74, 13, 18, 91, 29, 97, 98, 99, 42]",10
2185,"[0, 70, 77, 16, 19, 26, 97, 98, 99, 46, 50]",11
2186,"[0, 97, 98, 99, 74, 44, 13, 91, 29]",9
2187,"[0, 70, 74, 77, 16, 26, 91, 97, 98, 99]",10
2188,"[0, 70, 74, 77, 16, 83, 26, 91, 97, 98, 99]",11
2189,"[0, 69, 70, 74, 77, 20, 23, 97, 98, 99]",10
2190,"[0, 97, 98, 99, 74, 20, 23]",7
2191,"[0, 97, 98, 35, 99, 74, 46, 29, 93]",9
2192,"[0, 74, 11, 14, 83, 29, 97, 98, 99, 37, 43, 44, 53]",13
2193,"[0, 70, 74, 77, 16, 83, 26, 91, 97, 98, 99]",11
2194,"[0, 97, 98, 99, 70, 74, 23, 29]",8
2195,"[0, 70, 74, 77, 16, 26, 91, 97, 98, 99]",10
2196,"[0, 64, 74, 77, 13, 91, 92, 97, 98, 99, 42]",11
2197,"[0, 70, 74, 77, 16, 26, 91, 97, 98, 99]",10
2198,"[0, 74, 13, 83, 29, 97, 98, 99, 44, 45, 53]",11
2199,"[0, 97, 98, 99, 74, 45, 83, 53, 29]",9
2200,"[0, 74, 77, 83, 29, 97, 98, 35, 99, 37, 44, 53]",12
2201,"[0, 70, 74, 77, 16, 26, 91, 97, 98, 99]",10
2202,"[0, 97, 98, 99, 70, 74, 23, 29]",8
2203,"[0, 97, 98, 99, 37, 74, 44, 13, 91]",9
2204,"[0, 70, 74, 77, 16, 26, 91, 97, 98, 99]",10
2205,"[0, 70, 74, 77, 16, 26, 91, 97, 98, 99]",10
2206,"[0, 97, 98, 99, 74, 20, 23, 29]",8
2207,"[0, 69, 70, 77, 91, 92, 97, 98, 99, 52]",10
2208,"[0, 97, 98, 99, 70, 74, 23, 29]",8
2209,"[0, 74, 77, 13, 83, 29, 97, 98, 99, 44, 53]",11
2210,"[0, 97, 98, 99, 77, 46, 19, 20, 91]",9
2211,"[0, 97, 98, 99, 74, 83, 53, 29]",8
2212,"[0, 70, 74, 77, 16, 26, 91, 97, 98, 99]",10
2213,"[0, 74, 77, 83, 29, 97, 98, 99, 45, 53]",10
2214,"[0, 64, 97, 99, 98, 74, 23, 29]",8
2215,"[0, 70, 74, 77, 16, 26, 91, 97, 98, 99]",10
2216,"[0, 97, 98, 99, 74, 77, 50, 20, 91]",9
2217,"[0, 74, 13, 18, 91, 29, 97, 98, 99, 42]",10
2218,"[0, 97, 98, 99, 74, 77, 83, 53, 29]",9
2219,"[0, 70, 74, 77, 16, 26, 91, 97, 98, 99]",10
2220,"[0, 74, 13, 18, 91, 29, 97, 98, 99, 42]",10
2221,"[0, 70, 74, 77, 16, 26, 91, 97, 98, 99]",10
2222,"[0, 70, 74, 77, 16, 26, 91, 97, 98, 99]",10
2223,"[0, 70, 74, 77, 16, 83, 26, 91, 97, 98, 99]",11
2224,"[0, 70, 74, 23, 29, 93, 97, 98, 35, 99, 46, 57]",12
2225,"[0, 97, 98, 99, 70, 74, 23, 57, 29]",9
2226,"[0, 97, 98, 99, 74, 77, 91]",7
2227,"[0, 74, 77, 83, 19, 91, 97, 98, 34, 99, 46]",11
2228,"[0, 70, 74, 77, 16, 26, 91, 97, 98, 99]",10
2229,"[0, 97, 98, 99, 74, 44, 13, 29]",8
2230,"[0, 70, 74, 77, 16, 26, 91, 97, 98, 99]",10
2231,"[0, 70, 74, 77, 16, 83, 26, 91, 97, 98, 99]",11
2232,"[0, 97, 98, 99, 74, 77, 91, 92]",8
2233,"[0, 97, 98, 99, 74, 42, 13, 18, 29]",9
2234,"[0, 74, 76, 77, 83, 20, 91, 97, 98, 99]",10
2235,"[0, 70, 74, 77, 16, 26, 91, 97, 98, 99]",10
2236,"[0, 97, 98, 35, 99, 74, 46, 29, 93]",9
2237,"[0, 70, 74, 77, 16, 83, 26, 91, 97, 98, 99]",11
2238,"[0, 97, 98, 99, 74, 44, 13, 91, 29]",9
2239,"[0, 70, 74, 77, 16, 83, 26, 91, 97, 98, 99]",11
2240,"[0, 97, 98, 99, 42, 13, 83, 91]",8
2241,"[0, 32, 98, 99, 97, 8, 77, 83, 20]",9
2242,"[0, 97, 98, 99, 74, 44, 13, 29]",8
2243,"[0, 70, 77, 16, 19, 26, 91, 97, 98, 99, 46]",11
2244,"[0, 70, 74, 77, 16, 83, 26, 91, 97, 98, 99]",11
2245,"[0, 97, 98, 99, 70, 74, 23, 26, 29]",9
2246,"[0, 97, 98, 99, 74, 91, 29]",7
2247,"[0, 70, 76, 77, 16, 83, 20, 26, 91, 97, 98, 99]",12
2248,"[0, 97, 98, 99, 74, 83, 53, 29]",8
2249,"[0, 70, 74, 77, 16, 26, 91, 97, 98, 99]",10
2250,"[0, 97, 98, 99, 74, 20, 23, 29]",8
2251,"[0, 97, 98, 99, 74, 83, 53, 29]",8
2252,"[0, 69, 70, 77, 91, 92, 97, 98, 99, 52]",10
2253,"[0, 74, 77, 19, 83, 91, 97, 34, 99, 98, 46]",11
2254,"[0, 70, 74, 77, 16, 26, 91, 97, 98, 99]",10
2255,"[0, 70, 74, 77, 16, 26, 91, 97, 98, 99]",10
2256,"[0, 97, 98, 99, 42, 13, 83, 91]",8
2257,"[0, 70, 8, 74, 77, 16, 83, 26, 91, 97, 98, 99]",12
2258,"[0, 70, 74, 77, 16, 26, 91, 97, 98, 99]",10
2259,"[0, 74, 76, 77, 83, 20, 91, 97, 98, 99]",10
2260,"[0, 70, 74, 77, 16, 83, 26, 91, 97, 98, 99]",11
2261,"[0, 70, 8, 74, 77, 16, 83, 26, 91, 97, 98, 99]",12
2262,"[0, 74, 13, 18, 19, 91, 29, 30, 97, 98, 99, 37, 38, 42]",14
2263,"[0, 97, 98, 99, 74, 83, 53, 29]",8
2264,"[0, 70, 74, 23, 29, 93, 97, 98, 99, 35, 46]",11
2265,"[0, 74, 13, 18, 91, 29, 97, 98, 99, 42]",10
2266,"[0, 97, 98, 99, 70, 74, 16, 26, 91]",9
2267,"[0, 70, 74, 77, 16, 26, 91, 97, 98, 99]",10
2268,"[0, 74, 13, 18, 29, 93, 97, 98, 35, 99, 42, 46]",12
2269,"[0, 74, 13, 18, 91, 29, 97, 98, 99, 42]",10
2270,"[0, 70, 74, 77, 16, 83, 26, 91, 97, 98, 99]",11
2271,"[0, 97, 98, 99, 70, 74, 23, 29]",8
2272,"[0, 97, 98, 99, 74, 77, 20, 91]",8
2273,"[0, 70, 74, 77, 16, 26, 91, 97, 98, 99]",10
2274,"[0, 70, 77, 16, 19, 26, 91, 97, 98, 99, 46]",11
2275,"[0, 74, 13, 18, 91, 29, 97, 98, 99, 42]",10
2276,"[0, 97, 98, 99, 74, 83, 53, 29]",8
2277,"[0, 70, 8, 74, 77, 16, 83, 26, 91, 97, 98, 99]",12
2278,"[0, 97, 98, 99, 70, 74, 23, 29]",8
2279,"[0, 70, 74, 77, 16, 26, 91, 97, 98, 99]",10
2280,"[0, 70, 74, 77, 16, 26, 91, 97, 98, 99]",10
2281,"[0, 74, 13, 18, 91, 29, 97, 98, 99, 42]",10
2282,"[0, 97, 98, 99, 70, 74, 16, 26, 91]",9
2283,"[0, 97, 98, 99, 42, 13, 77, 83, 91]",9
2284,"[0, 97, 98, 35, 99, 74, 46, 93, 29]",9
2285,"[0, 70, 74, 77, 16, 83, 26, 91, 97, 98, 99]",11
2286,"[0, 74, 11, 14, 83, 29, 97, 98, 99, 37, 43, 44, 53]",13
2287,"[0, 70, 74, 77, 16, 26, 91, 97, 98, 99]",10
2288,"[0, 70, 74, 77, 16, 26, 91, 97, 98, 99]",10
2289,"[0, 74, 13, 18, 91, 29, 97, 98, 99, 42]",10
2290,"[0, 74, 77, 19, 91, 97, 34, 99, 98, 46]",10
2291,"[0, 97, 98, 99, 42, 74, 13, 18, 29]",9
2292,"[0, 97, 98, 99, 74, 44, 13, 91, 29]",9
2293,"[0, 70, 74, 77, 16, 26, 91, 97, 98, 99]",10
2294,"[0, 97, 98, 99, 74, 44, 13, 29]",8
2295,"[0, 97, 98, 99, 70, 74, 16, 26, 91]",9
2296,"[0, 97, 98, 99, 74, 83, 53, 29]",8
2297,"[0, 70, 77, 16, 19, 26, 91, 97, 98, 99, 46]",11
2298,"[0, 64, 74, 13, 77, 91, 92, 97, 98, 99, 42]",11
2299,"[0, 70, 74, 77, 16, 26, 91, 97, 98, 99]",10
2300,"[0, 74, 77, 19, 83, 91, 97, 98, 34, 99, 46]",11
2301,"[0, 70, 74, 77, 16, 26, 91, 97, 98, 99]",10
2302,"[0, 74, 77, 13, 18, 83, 91, 29, 97, 98, 99, 42]",12
2303,"[0, 70, 74, 77, 16, 26, 91, 97, 98, 99]",10
2304,"[0, 97, 98, 99, 74, 44, 13, 29]",8
2305,"[0, 97, 98, 99, 70, 74, 16, 26, 91]",9
2306,"[0, 70, 74, 77, 16, 26, 91, 97, 98, 99]",10
2307,"[0, 74, 13, 18, 91, 29, 97, 98, 99, 42]",10
2308,"[0, 70, 74, 77, 16, 26, 91, 97, 98, 99]",10
2309,"[0, 97, 98, 99, 70, 74, 23, 57, 29]",9
2310,"[0, 97, 98, 99, 74, 20, 23]",7
2311,"[0, 97, 98, 99, 74, 83, 53, 88, 29]",9
2312,"[0, 70, 74, 77, 16, 26, 91, 97, 98, 99]",10
2313,"[0, 70, 74, 77, 16, 26, 91, 97, 98, 99]",10
2314,"[0, 74, 76, 77, 83, 20, 91, 97, 98, 99]",10
2315,"[0, 69, 70, 74, 77, 19, 83, 23, 97, 98, 99, 46]",12
2316,"[0, 70, 74, 77, 16, 26, 91, 97, 98, 99]",10
2317,"[0, 97, 98, 99, 77, 46, 19, 20, 91]",9
2318,"[0, 97, 98, 99, 74, 77, 83, 53, 29]",9
2319,"[0, 97, 98, 99, 74, 77, 91]",7
2320,"[0, 74, 76, 77, 83, 20, 91, 97, 98, 99]",10
2321,"[0, 69, 70, 74, 77, 83, 20, 23, 97, 98, 99]",11
2322,"[0, 97, 98, 99, 74, 77, 91, 92]",8
2323,"[0, 70, 74, 23, 29, 93, 97, 98, 35, 99, 46]",11
2324,"[0, 74, 77, 13, 83, 29, 97, 98, 99, 44, 45, 53]",12
2325,"[0, 97, 98, 99, 70, 74, 16, 26, 91]",9
2326,"[0, 97, 98, 99, 74, 77, 91, 92]",8
2327,"[0, 70, 74, 77, 16, 26, 91, 97, 98, 99]",10
2328,"[0, 97, 98, 99, 74, 83, 53, 29]",8
2329,"[0, 74, 13, 18, 91, 29, 97, 98, 99, 42]",10
2330,"[0, 70, 74, 77, 16, 26, 91, 97, 98, 99]",10
2331,"[0, 97, 98, 99, 70, 74, 23, 29]",8
2332,"[0, 97, 98, 99, 74, 91, 29]",7
2333,"[0, 70, 74, 77, 16, 83, 26, 91, 97, 98, 99]",11
2334,"[0, 97, 98, 99, 74, 44, 13, 91, 29]",9
2335,"[0, 74, 13, 18, 91, 29, 97, 98, 99, 42]",10
2336,"[0, 97, 98, 99, 70, 46, 16, 19, 26]",9
2337,"[0, 97, 98, 99, 74, 20, 23, 29]",8
2338,"[0, 74, 13, 18, 91, 29, 97, 98, 99, 42]",10
2339,"[0, 74, 13, 29, 97, 98, 99, 44, 45, 53]",10
2340,"[0, 74, 13, 18, 91, 29, 97, 98, 99, 42]",10
2341,"[0, 97, 98, 99, 74, 45, 53, 29]",8
2342,"[0, 97, 98, 35, 99, 74, 46, 93, 29]",9
2343,"[0, 97, 98, 99, 74, 44, 13, 91, 29]",9
2344,"[0, 97, 98, 99, 74, 23, 29]",7
2345,"[0, 70, 8, 74, 77, 16, 26, 91, 97, 98, 99]",11
2346,"[0, 74, 77, 83, 88, 29, 97, 98, 99, 45, 53]",11
2347,"[0, 70, 74, 77, 16, 26, 91, 97, 98, 99]",10
2348,"[0, 70, 74, 77, 16, 26, 91, 97, 98, 99]",10
2349,"[0, 70, 8, 74, 77, 16, 83, 26, 91, 97, 98, 99]",12
2350,"[0, 97, 98, 99, 74, 20, 23]",7
2351,"[0, 70, 74, 77, 16, 26, 91, 97, 98, 99]",10
2352,"[0, 70, 74, 77, 16, 26, 91, 97, 98, 99]",10
2353,"[0, 70, 77, 16, 19, 26, 91, 97, 98, 99, 46]",11
2354,"[0, 70, 74, 23, 29, 93, 97, 98, 35, 99, 46]",11
2355,"[0, 97, 98, 99, 74, 77, 83, 91, 92]",9
2356,"[0, 97, 98, 99, 84, 20]",6
2357,"[0, 64, 97, 99, 98, 74, 23, 29]",8
2358,"[0, 74, 13, 83, 29, 97, 98, 99, 44, 53]",10
2359,"[0, 70, 74, 23, 93, 29, 97, 98, 99, 35, 38, 46]",12
2360,"[0, 70, 74, 77, 16, 26, 91, 97, 98, 99]",10
2361,"[0, 97, 98, 99, 70, 74, 23, 29]",8
2362,"[0, 70, 74, 77, 16, 26, 91, 97, 98, 99]",10
2363,"[0, 97, 98, 99, 74, 46, 19, 23]",8
2364,"[0, 70, 77, 16, 19, 26, 91, 97, 98, 99, 46]",11
2365,"[0, 71, 74, 83, 29, 97, 98, 99, 44, 53]",10
2366,"[0, 70, 8, 74, 77, 16, 83, 26, 91, 97, 98, 99]",12
2367,"[0, 70, 74, 77, 16, 26, 91, 92, 97, 98, 99]",11
2368,"[0, 97, 98, 99, 74, 44, 13, 29]",8
2369,"[0, 97, 98, 99, 74, 83, 53, 29]",8
2370,"[0, 97, 98, 99, 70, 74, 23, 29]",8
2371,"[0, 97, 98, 99, 70, 74, 23, 26, 29]",9
2372,"[0, 97, 98, 99, 74, 77, 91, 92]",8
2373,"[0, 70, 74, 77, 16, 26, 91, 97, 98, 99]",10
2374,"[0, 70, 74, 13, 18, 23, 29, 97, 98, 99, 42]",11
2375,"[0, 97, 98, 99, 70, 74, 23, 29]",8
2376,"[0, 74, 13, 18, 91, 29, 97, 98, 99, 42]",10
2377,"[0, 70, 74, 23, 29, 93, 97, 98, 35, 99, 46]",11
2378,"[0, 97, 98, 99, 74, 20, 23]",7
2379,"[0, 97, 98, 99, 74, 20, 23]",7
2380,"[0, 74, 77, 19, 83, 23, 97, 98, 99, 46]",10
2381,"[0, 97, 98, 99, 74, 20, 23, 29]",8
2382,"[0, 97, 98, 99, 91]",5
2383,"[0, 74, 77, 83, 29, 97, 98, 99, 45, 53]",10
2384,"[0, 97, 98, 99, 74, 83, 53, 29]",8
2385,"[0, 70, 74, 77, 16, 83, 26, 91, 97, 98, 99]",11
2386,"[0, 70, 77, 16, 19, 26, 91, 97, 98, 99, 46]",11
2387,"[0, 97, 98, 99, 74, 44, 13, 91, 29]",9
2388,"[0, 70, 8, 74, 77, 16, 83, 26, 91, 97, 98, 99]",12
2389,"[0, 97, 98, 99, 70, 74, 23, 29]",8
2390,"[0, 97, 98, 99, 74, 44, 13, 91, 29]",9
2391,"[0, 74, 13, 29, 97, 98, 99, 44, 45, 53]",10
2392,"[0, 70, 74, 77, 16, 26, 91, 97, 98, 99]",10
2393,"[0, 70, 74, 77, 16, 26, 91, 97, 98, 99]",10
2394,"[0, 74, 13, 18, 91, 29, 97, 98, 99, 42]",10
2395,"[0, 74, 13, 18, 91, 29, 97, 98, 99, 42]",10
2396,"[0, 70, 74, 77, 16, 26, 91, 97, 98, 99]",10
2397,"[0, 70, 74, 77, 16, 26, 91, 97, 98, 99]",10
2398,"[0, 97, 98, 99, 74, 91]",6
2399,"[0, 74, 13, 18, 91, 29, 97, 98, 99, 42]",10
2400,"[0, 70, 74, 77, 16, 83, 26, 91, 97, 98, 99]",11
2401,"[0, 74, 77, 19, 91, 97, 34, 99, 98, 46]",10
2402,"[0, 70, 74, 77, 16, 26, 91, 97, 98, 99]",10
2403,"[0, 97, 98, 99, 70, 74, 23, 29]",8
2404,"[0, 74, 13, 29, 97, 98, 99, 44, 45, 53]",10
2405,"[0, 97, 98, 99, 70, 74, 23, 29]",8
2406,"[0, 97, 98, 99, 70, 74, 23, 29]",8
2407,"[0, 70, 74, 77, 16, 26, 91, 97, 98, 99]",10
2408,"[0, 70, 74, 77, 16, 83, 26, 91, 97, 98, 99]",11
2409,"[0, 74, 13, 18, 91, 29, 97, 98, 99, 42]",10
2410,"[0, 74, 11, 14, 83, 29, 97, 98, 99, 37, 43, 44, 53]",13
2411,"[0, 74, 13, 18, 91, 29, 97, 98, 99, 42]",10
2412,"[0, 70, 8, 74, 77, 16, 83, 26, 91, 97, 98, 99]",12
2413,"[0, 97, 98, 99, 70, 74, 23, 29]",8
2414,"[0, 70, 74, 77, 16, 83, 26, 91, 97, 98, 99]",11
2415,"[0, 70, 74, 77, 16, 83, 26, 91, 97, 98, 99]",11
2416,"[0, 97, 98, 99, 74, 83, 53, 29]",8
2417,"[0, 74, 77, 83, 19, 91, 97, 98, 99, 34, 46]",11
2418,"[0, 97, 98, 99, 74, 44, 13, 91, 29]",9
2419,"[0, 70, 74, 77, 16, 26, 91, 97, 98, 99]",10
2420,"[0, 70, 74, 77, 16, 26, 91, 97, 98, 99]",10
2421,"[0, 97, 64, 99, 98, 74, 23, 29]",8
2422,"[0, 97, 98, 99, 74, 20, 23]",7
2423,"[0, 69, 70, 74, 77, 19, 83, 23, 97, 98, 99, 46]",12
2424,"[0, 70, 74, 77, 16, 83, 26, 91, 97, 98, 99]",11
2425,"[0, 97, 98, 99, 74, 77, 91]",7
2426,"[0, 97, 98, 99, 74, 77, 91]",7
2427,"[0, 70, 74, 77, 16, 26, 91, 97, 98, 99]",10
2428,"[0, 74, 13, 18, 91, 29, 97, 98, 99, 42]",10
2429,"[0, 70, 8, 74, 77, 16, 83, 26, 91, 97, 98, 99]",12
2430,"[0, 97, 98, 99, 42, 74, 13, 18, 29]",9
2431,"[0, 97, 98, 99, 74, 44, 13, 29]",8
2432,"[0, 70, 8, 74, 77, 16, 83, 26, 91, 97, 98, 99]",12
2433,"[0, 70, 74, 77, 16, 26, 91, 97, 98, 99]",10
2434,"[0, 70, 74, 77, 16, 26, 91, 97, 98, 99]",10
2435,"[0, 97, 98, 99, 74, 44, 13, 29]",8
2436,"[0, 70, 74, 77, 16, 26, 91, 97, 98, 99]",10
2437,"[0, 64, 74, 77, 13, 91, 92, 97, 98, 99, 42]",11
2438,"[0, 97, 98, 99, 74, 77, 91, 92]",8
2439,"[0, 97, 98, 99, 74, 77, 91, 92]",8
2440,"[0, 97, 98, 99, 74, 45, 53, 29]",8
2441,"[0, 70, 74, 77, 16, 26, 91, 97, 98, 99]",10
2442,"[0, 97, 98, 99, 70, 74, 16, 26, 91]",9
2443,"[0, 70, 74, 77, 16, 26, 91, 97, 98, 99]",10
2444,"[0, 74, 77, 83, 88, 29, 32, 97, 98, 99, 37, 53]",12
2445,"[0, 97, 98, 99, 74, 44, 13, 91, 29]",9
2446,"[0, 97, 98, 99, 91]",5
2447,"[0, 70, 74, 77, 16, 26, 91, 97, 98, 99]",10
2448,"[0, 70, 74, 77, 16, 83, 26, 91, 97, 98, 99]",11
2449,"[0, 74, 13, 18, 91, 29, 97, 98, 99, 42]",10
2450,"[0, 97, 98, 99, 74, 77, 20, 91]",8
2451,"[0, 97, 98, 99, 74, 42, 13, 18, 29]",9
2452,"[0, 70, 74, 23, 29, 93, 97, 98, 35, 99, 38, 46]",12
2453,"[0, 97, 98, 99, 74, 23, 29]",7
2454,"[0, 97, 98, 99, 74, 77, 91, 92]",8
2455,"[0, 70, 74, 77, 16, 26, 91, 97, 98, 99]",10
2456,"[0, 97, 98, 99, 42, 74, 13, 18, 29]",9
2457,"[0, 97, 98, 99, 42, 74, 13, 18, 29]",9
2458,"[0, 97, 98, 99, 70, 16, 50, 52, 26]",9
2459,"[0, 70, 8, 74, 77, 16, 83, 26, 91, 97, 98, 99]",12
2460,"[0, 97, 98, 99, 74, 91, 29]",7
2461,"[0, 70, 77, 16, 19, 26, 91, 29, 97, 98, 99, 46]",12
2462,"[0, 70, 77, 16, 19, 26, 91, 97, 98, 99, 46]",11
2463,"[0, 70, 74, 23, 93, 29, 97, 98, 35, 99, 46]",11
2464,"[0, 74, 13, 18, 29, 97, 98, 99, 42, 43, 44]",11
2465,"[0, 74, 77, 83, 29, 97, 98, 99, 45, 53]",10
2466,"[0, 97, 98, 99, 74, 77, 91]",7
2467,"[0, 97, 98, 99, 74, 83, 53, 29]",8
2468,"[0, 74, 77, 19, 83, 23, 97, 98, 99, 46]",10
2469,"[0, 97, 98, 99, 74, 83, 53, 88, 29]",9
2470,"[0, 70, 74, 23, 93, 29, 97, 98, 35, 99, 46]",11
2471,"[0, 97, 98, 99, 74, 77, 91]",7
2472,"[0, 74, 13, 29, 97, 98, 99, 44, 45, 53]",10
2473,"[0, 70, 74, 77, 16, 26, 91, 97, 98, 99]",10
2474,"[0, 97, 98, 99, 70, 74, 23, 29]",8
2475,"[0, 70, 74, 77, 16, 26, 91, 97, 98, 99]",10
2476,"[0, 74, 13, 18, 91, 29, 97, 98, 99, 42]",10
2477,"[0, 70, 74, 77, 16, 83, 26, 91, 97, 98, 99]",11
2478,"[0, 70, 74, 77, 16, 26, 91, 97, 98, 99]",10
2479,"[0, 70, 74, 77, 16, 83, 26, 91, 97, 98, 99]",11
2480,"[0, 74, 77, 83, 29, 97, 98, 99, 45, 53]",10
2481,"[0, 97, 98, 35, 99, 74, 46, 93, 29]",9
2482,"[0, 97, 98, 99, 74, 91]",6
2483,"[0, 97, 98, 99, 74, 83, 53, 29]",8
2484,"[0, 70, 74, 77, 16, 26, 91, 97, 98, 99]",10
2485,"[0, 70, 74, 77, 16, 26, 91, 97, 98, 99]",10
2486,"[0, 70, 74, 13, 18, 23, 29, 97, 98, 99, 42]",11
2487,"[0, 71, 74, 14, 83, 29, 94, 97, 98, 99, 44, 53]",12
2488,"[0, 70, 77, 16, 26, 91, 29, 97, 98, 99, 50, 52]",12
2489,"[0, 74, 13, 18, 91, 29, 97, 98, 99, 42]",10
2490,"[0, 69, 70, 74, 77, 83, 20, 23, 29, 97, 98, 99]",12
2491,"[0, 70, 74, 77, 16, 26, 91, 97, 98, 99]",10
2492,"[0, 97, 98, 99, 74, 23, 29]",7
2493,"[0, 70, 74, 77, 16, 26, 91, 97, 98, 99]",10
2494,"[0, 70, 74, 77, 16, 83, 26, 91, 97, 98, 99]",11
2495,"[0, 74, 77, 83, 29, 97, 98, 99, 45, 53]",10
2496,"[0, 70, 77, 16, 19, 26, 91, 29, 97, 98, 99, 46]",12
2497,"[0, 97, 98, 99, 74, 77, 83, 20, 91]",9
2498,"[0, 74, 13, 18, 91, 29, 97, 98, 99, 42]",10
2499,"[0, 97, 98, 99, 74, 23, 29]",7
2500,"[0, 74, 13, 18, 91, 29, 97, 98, 99, 42]",10
2501,"[0, 70, 77, 16, 26, 91, 92, 97, 98, 99, 52]",11
2502,"[0, 70, 74, 77, 16, 83, 26, 91, 97, 98, 99]",11
2503,"[0, 70, 74, 77, 16, 26, 91, 97, 98, 99]",10
2504,"[0, 70, 74, 23, 93, 29, 97, 98, 35, 99, 38, 46]",12
2505,"[0, 70, 74, 77, 16, 26, 91, 97, 98, 99]",10
2506,"[0, 74, 77, 83, 29, 97, 98, 35, 99, 37, 44, 53]",12
2507,"[0, 97, 98, 99, 74, 20, 23]",7
2508,"[0, 97, 98, 99, 74, 20, 23]",7
2509,"[0, 74, 77, 13, 83, 29, 97, 98, 99, 44, 45, 53]",12
2510,"[0, 97, 98, 99, 74, 45, 83, 53, 29]",9
2511,"[0, 74, 13, 18, 83, 91, 97, 98, 99, 37, 42]",11
2512,"[0, 97, 98, 99, 74, 91, 29]",7
2513,"[0, 74, 77, 13, 18, 83, 91, 97, 98, 99, 42]",11
2514,"[0, 74, 14, 83, 29, 97, 98, 99, 37, 53]",10
2515,"[0, 77, 19, 97, 98, 99, 46, 49, 50, 57]",10
2516,"[0, 97, 98, 99, 74, 20, 23]",7
2517,"[0, 74, 13, 18, 91, 29, 97, 98, 99, 42]",10
2518,"[0, 74, 13, 18, 91, 29, 97, 98, 99, 42]",10
2519,"[0, 97, 98, 99, 74, 83, 53, 29]",8
2520,"[0, 97, 98, 99, 84, 20]",6
2521,"[0, 97, 98, 99, 74, 45, 53, 29]",8
2522,"[0, 70, 74, 77, 16, 26, 91, 97, 98, 99]",10
2523,"[0, 70, 74, 77, 16, 26, 91, 97, 98, 99]",10
2524,"[0, 97, 98, 99, 74, 91, 29]",7
2525,"[0, 70, 77, 16, 19, 20, 91, 97, 98, 99, 46, 50]",12
2526,"[0, 74, 77, 83, 29, 97, 98, 35, 99, 37, 44, 53]",12
2527,"[0, 97, 98, 99, 74, 23, 29]",7
2528,"[0, 70, 74, 77, 16, 83, 26, 91, 97, 98, 99]",11
2529,"[0, 97, 98, 99, 74, 20, 23]",7
2530,"[0, 70, 74, 77, 16, 83, 26, 91, 97, 98, 99]",11
2531,"[0, 70, 74, 77, 16, 20, 91, 97, 98, 99]",10
2532,"[0, 70, 74, 77, 16, 83, 26, 91, 97, 98, 99]",11
2533,"[0, 70, 74, 77, 16, 26, 91, 97, 98, 99]",10
2534,"[0, 70, 74, 77, 16, 83, 26, 91, 97, 98, 99]",11
2535,"[0, 70, 74, 77, 16, 26, 97, 98, 99, 50]",10
2536,"[0, 69, 70, 74, 77, 20, 23, 29, 97, 98, 99]",11
2537,"[0, 70, 74, 77, 16, 83, 26, 91, 97, 98, 99]",11
2538,"[0, 97, 98, 99, 74, 77, 20, 91]",8
2539,"[0, 70, 74, 23, 88, 29, 93, 97, 98, 99, 35, 38, 46]",13
2540,"[0, 74, 23, 29, 93, 97, 98, 99, 35, 38, 46]",11
2541,"[0, 97, 98, 99, 74, 46, 19, 23]",8
2542,"[0, 70, 74, 77, 16, 26, 91, 97, 98, 99, 50]",11
2543,"[0, 97, 98, 99, 74, 83, 53, 29]",8
2544,"[0, 97, 98, 99, 74, 83, 91, 29]",8
2545,"[0, 97, 98, 99, 74, 20, 23]",7
2546,"[0, 69, 70, 74, 77, 16, 20, 91, 97, 98, 99, 50]",12
2547,"[0, 70, 74, 77, 16, 83, 26, 91, 97, 98, 99]",11
2548,"[0, 74, 13, 83, 29, 97, 98, 99, 44, 53]",10
2549,"[0, 74, 13, 18, 91, 29, 97, 98, 99, 42, 44]",11
2550,"[0, 97, 98, 99, 74, 23, 29]",7
2551,"[0, 70, 74, 77, 16, 26, 91, 97, 98, 99, 50]",11
2552,"[0, 97, 98, 99, 74, 77, 50, 20, 91]",9
2553,"[0, 97, 98, 99, 74, 77, 91]",7
2554,"[0, 64, 97, 99, 98, 74, 23]",7
2555,"[0, 97, 98, 99, 74, 20, 23]",7
2556,"[0, 70, 74, 77, 16, 83, 26, 91, 97, 98, 99]",11
2557,"[0, 74, 77, 19, 91, 97, 34, 99, 98, 46, 50]",11
2558,"[0, 74, 13, 83, 29, 97, 98, 99, 44, 53]",10
2559,"[0, 64, 97, 99, 98, 74, 23, 29]",8
2560,"[0, 70, 74, 77, 16, 83, 26, 91, 97, 98, 99]",11
2561,"[0, 97, 98, 99, 74, 46, 19, 23]",8
2562,"[0, 70, 74, 77, 16, 83, 26, 91, 97, 98, 99]",11
2563,"[0, 70, 74, 77, 16, 26, 91, 97, 98, 99]",10
2564,"[0, 70, 74, 77, 16, 26, 91, 97, 98, 99]",10
2565,"[0, 70, 74, 77, 16, 83, 26, 91, 97, 98, 99]",11
2566,"[0, 97, 98, 99, 44, 13, 91]",7
2567,"[0, 97, 98, 99, 69, 70, 77, 91]",8
2568,"[0, 71, 74, 14, 83, 94, 97, 98, 99, 37, 44, 53]",12
2569,"[0, 74, 13, 83, 29, 97, 98, 99, 44, 53]",10
2570,"[0, 97, 98, 99, 74, 44, 13, 91, 29]",9
2571,"[0, 97, 98, 99, 74, 23]",6
2572,"[0, 74, 77, 83, 29, 97, 98, 35, 99, 37, 44, 53]",12
2573,"[0, 97, 98, 35, 99, 74, 46, 93, 29]",9
2574,"[0, 74, 77, 13, 18, 83, 91, 97, 98, 99, 42]",11
2575,"[0, 97, 98, 99, 74, 77, 20, 91]",8
2576,"[0, 70, 74, 77, 16, 26, 91, 97, 98, 99]",10
2577,"[0, 97, 98, 99, 74, 46, 19, 23]",8
2578,"[0, 69, 70, 74, 77, 16, 26, 97, 98, 99, 50]",11
2579,"[0, 70, 74, 77, 16, 83, 26, 91, 97, 98, 99]",11
2580,"[0, 32, 97, 99, 98, 74, 23, 26, 29]",9
2581,"[0, 69, 70, 77, 16, 26, 91, 97, 98, 99, 49]",11
2582,"[0, 74, 77, 83, 91, 29, 97, 98, 35, 99, 37, 44]",12
2583,"[0, 70, 74, 77, 16, 26, 91, 97, 98, 99]",10
2584,"[0, 64, 97, 99, 98, 74, 23, 29]",8
2585,"[0, 97, 98, 99, 74, 77, 91]",7
2586,"[0, 97, 98, 99, 91]",5
2587,"[0, 97, 98, 99, 74, 20, 23, 29]",8
2588,"[0, 70, 74, 77, 16, 26, 91, 97, 98, 99, 50]",11
2589,"[0, 74, 77, 13, 83, 29, 97, 98, 99, 44, 45, 53]",12
2590,"[0, 97, 98, 99, 91]",5
2591,"[0, 97, 98, 99, 74, 20, 23]",7
2592,"[0, 97, 98, 99, 74, 46, 19, 23]",8
2593,"[0, 97, 98, 99, 43, 44, 83, 53]",8
2594,"[0, 97, 98, 99, 74, 77, 20, 23, 29]",9
2595,"[0, 74, 77, 83, 91, 29, 97, 98, 35, 99, 37, 44, 53]",13
2596,"[0, 70, 74, 77, 16, 20, 91, 97, 98, 99, 50]",11
2597,"[0, 70, 74, 77, 16, 26, 91, 97, 98, 99]",10
2598,"[0, 70, 74, 77, 16, 26, 97, 98, 99, 50]",10
2599,"[0, 74, 77, 19, 23, 97, 98, 99, 44, 46]",10
2600,"[0, 97, 98, 34, 99, 74, 46, 19]",8
2601,"[0, 77, 83, 91, 97, 98, 35, 99, 37, 44]",10
2602,"[0, 97, 98, 99, 74, 23, 29]",7
2603,"[0, 97, 98, 99, 74, 77, 83, 23, 29]",9
2604,"[0, 70, 74, 77, 16, 26, 91, 97, 98, 99]",10
2605,"[0, 64, 70, 74, 13, 18, 23, 29, 97, 98, 99, 42]",12
2606,"[0, 70, 74, 77, 16, 26, 97, 98, 99, 50]",10
2607,"[0, 69, 70, 74, 77, 20, 23, 97, 98, 99]",10
2608,"[0, 97, 98, 99, 70, 74, 16, 26]",8
2609,"[0, 74, 77, 83, 23, 29, 93, 97, 98, 35, 99, 38, 46]",13
2610,"[0, 97, 98, 99, 74, 83, 53, 29]",8
2611,"[0, 97, 98, 99, 74, 83, 53, 29]",8
2612,"[0, 97, 98, 99, 74, 20, 23]",7
2613,"[0, 97, 98, 99, 70, 74, 16, 26]",8
2614,"[0, 74, 13, 18, 91, 29, 97, 98, 99, 42]",10
2615,"[0, 74, 77, 13, 83, 91, 29, 97, 98, 99, 44]",11
2616,"[0, 64, 74, 77, 83, 23, 29, 97, 98, 99]",10
2617,"[0, 3, 74, 14, 83, 23, 97, 98, 99, 37, 43, 44, 53]",13
2618,"[0, 97, 98, 99, 74, 20, 23]",7
2619,"[0, 64, 74, 77, 13, 18, 83, 23, 29, 97, 98, 99, 42]",13
2620,"[0, 97, 98, 99, 74, 77, 20, 91]",8
2621,"[0, 97, 98, 99, 69, 70, 77, 20]",8
2622,"[0, 97, 98, 99, 70, 74, 23, 29]",8
2623,"[0, 97, 98, 99, 37, 74, 83, 53, 29]",9
2624,"[0, 97, 98, 99, 74, 83, 53, 29]",8
2625,"[0, 74, 23, 29, 93, 97, 98, 35, 99, 38, 46]",11
2626,"[0, 97, 98, 99, 37, 74, 91]",7
2627,"[0, 74, 77, 83, 29, 97, 98, 35, 99, 37, 44, 45, 53]",13
2628,"[0, 97, 98, 99, 74, 83, 53, 29]",8
2629,"[0, 70, 74, 77, 16, 26, 91, 97, 98, 99, 50]",11
2630,"[0, 70, 74, 77, 16, 26, 91, 97, 98, 99]",10
2631,"[0, 70, 77, 16, 19, 26, 91, 97, 98, 99, 46, 50]",12
2632,"[0, 71, 74, 83, 29, 97, 98, 99, 43, 44, 53]",11
2633,"[0, 74, 77, 83, 29, 97, 98, 35, 99, 37, 44, 53]",12
2634,"[0, 70, 74, 77, 16, 26, 91, 97, 98, 99, 50]",11
2635,"[0, 74, 13, 18, 91, 29, 97, 98, 99, 42]",10
2636,"[0, 70, 77, 16, 19, 26, 97, 98, 99, 46, 50]",11
2637,"[0, 70, 74, 77, 83, 23, 29, 97, 98, 99]",10
2638,"[0, 74, 77, 13, 18, 83, 91, 97, 98, 99, 37, 42]",12
2639,"[0, 97, 98, 99, 74, 23]",6
2640,"[0, 74, 13, 18, 91, 29, 97, 98, 99, 42]",10
2641,"[0, 97, 98, 99, 74, 83, 53, 29]",8
2642,"[0, 70, 74, 77, 16, 26, 91, 97, 98, 99]",10
2643,"[0, 74, 77, 83, 91, 29, 97, 98, 35, 99, 37, 44]",12
2644,"[0, 97, 98, 99, 74, 77, 83, 91, 29]",9
2645,"[0, 97, 98, 99, 44, 13, 83, 91]",8
2646,"[0, 74, 14, 83, 29, 97, 98, 99, 37, 43, 44, 53]",12
2647,"[0, 74, 77, 83, 29, 97, 98, 35, 99, 37, 44, 53]",12
2648,"[0, 97, 98, 99, 74, 77, 20, 91]",8
2649,"[0, 97, 98, 99, 74, 23, 29]",7
2650,"[0, 74, 13, 18, 83, 91, 97, 98, 99, 37, 42]",11
2651,"[0, 74, 77, 83, 91, 29, 97, 98, 35, 99, 37, 44]",12
2652,"[0, 97, 98, 99, 70, 74, 16, 26]",8
2653,"[0, 70, 74, 77, 16, 83, 26, 91, 97, 98, 99]",11
2654,"[0, 64, 74, 13, 77, 91, 97, 98, 99, 42]",10
2655,"[0, 97, 98, 99, 70, 74, 23, 29]",8
2656,"[0, 97, 98, 99, 42, 74, 13, 18, 29]",9
2657,"[0, 74, 13, 83, 29, 97, 98, 99, 44, 53]",10
2658,"[0, 97, 98, 99, 74, 77, 50, 20, 91]",9
2659,"[0, 97, 98, 99, 74, 83, 53, 29]",8
2660,"[0, 70, 74, 77, 16, 26, 91, 97, 98, 99]",10
2661,"[0, 97, 98, 99, 74, 20, 23]",7
2662,"[0, 97, 98, 99, 74, 20, 23, 29]",8
2663,"[0, 97, 98, 99, 74, 46, 19, 23]",8
2664,"[0, 70, 74, 77, 16, 26, 91, 97, 98, 99]",10
2665,"[0, 70, 74, 77, 16, 83, 26, 91, 97, 98, 99]",11
2666,"[0, 97, 98, 99, 74, 46, 19, 23]",8
2667,"[0, 70, 74, 77, 16, 83, 26, 91, 97, 98, 99]",11
2668,"[0, 69, 70, 77, 19, 97, 98, 99, 46, 49, 50, 57]",12
2669,"[0, 70, 77, 16, 19, 20, 91, 97, 98, 99, 46, 50]",12
2670,"[0, 70, 74, 77, 16, 26, 91, 97, 98, 99]",10
2671,"[0, 97, 98, 99, 70, 74, 23, 88, 29]",9
2672,"[0, 70, 74, 77, 83, 23, 29, 97, 98, 99]",10
2673,"[0, 74, 77, 83, 91, 29, 97, 98, 35, 99, 37, 44]",12
2674,"[0, 97, 98, 99, 74, 77, 83, 23, 29]",9
2675,"[0, 70, 74, 77, 16, 83, 26, 91, 97, 98, 99]",11
2676,"[0, 70, 74, 13, 18, 23, 29, 97, 98, 99, 42]",11
2677,"[0, 97, 98, 99, 74, 83, 91, 29]",8
2678,"[0, 97, 98, 99, 74, 83, 53, 88, 29]",9
2679,"[0, 97, 98, 99, 74, 91, 29]",7
2680,"[0, 70, 74, 77, 16, 26, 91, 97, 98, 99, 50]",11
2681,"[0, 69, 70, 77, 19, 97, 98, 99, 46, 50, 52]",11
2682,"[0, 74, 13, 18, 91, 29, 97, 98, 99, 42]",10
2683,"[0, 70, 74, 77, 16, 26, 91, 97, 98, 99, 50]",11
2684,"[0, 64, 70, 74, 13, 18, 23, 29, 97, 98, 99, 42]",12
2685,"[0, 97, 98, 99, 74, 20, 23]",7
2686,"[0, 70, 74, 77, 16, 26, 91, 97, 98, 99]",10
2687,"[0, 64, 74, 13, 77, 91, 97, 98, 99, 42]",10
2688,"[0, 74, 77, 83, 23, 26, 29, 97, 98, 99]",10
2689,"[0, 70, 74, 77, 16, 26, 91, 97, 98, 99]",10
2690,"[0, 70, 74, 77, 16, 26, 91, 97, 98, 99, 50]",11
2691,"[0, 97, 98, 99, 74, 45, 53, 29]",8
2692,"[0, 70, 74, 77, 16, 20, 91, 97, 98, 99, 50]",11
2693,"[0, 97, 98, 99, 74, 20, 23, 29]",8
2694,"[0, 70, 74, 77, 16, 26, 91, 97, 98, 99]",10
2695,"[0, 69, 70, 74, 77, 20, 23, 29, 97, 98, 99]",11
2696,"[0, 74, 13, 83, 29, 97, 98, 99, 44, 45, 53]",11
2697,"[0, 74, 76, 77, 20, 91, 97, 98, 99, 50]",10
2698,"[0, 97, 98, 99, 74, 42, 13, 18, 29]",9
2699,"[0, 74, 77, 83, 29, 97, 98, 35, 99, 37, 44, 53]",12
2700,"[0, 97, 98, 99, 74, 77, 91]",7
2701,"[0, 70, 77, 16, 19, 26, 97, 98, 99, 46, 50]",11
2702,"[0, 70, 77, 16, 19, 26, 91, 97, 98, 99, 46, 50]",12
2703,"[0, 70, 74, 77, 16, 83, 26, 91, 97, 98, 99]",11
2704,"[0, 97, 98, 99, 74, 83, 53, 29]",8
2705,"[0, 70, 74, 77, 16, 26, 91, 97, 98, 99]",10
2706,"[0, 70, 74, 77, 16, 26, 91, 97, 98, 99]",10
2707,"[0, 97, 98, 99, 74, 76, 77, 20, 91]",9
2708,"[0, 97, 98, 99, 74, 83, 53, 29]",8
2709,"[0, 97, 98, 99, 44, 13, 91]",7
2710,"[0, 70, 74, 77, 16, 83, 26, 91, 97, 98, 99]",11
2711,"[0, 70, 74, 23, 93, 29, 97, 98, 35, 99, 46, 53]",12
2712,"[0, 70, 74, 77, 16, 26, 91, 97, 98, 99]",10
2713,"[0, 70, 74, 77, 16, 26, 91, 97, 98, 99]",10
2714,"[0, 70, 74, 77, 16, 26, 91, 97, 98, 99]",10
2715,"[0, 74, 13, 18, 91, 29, 97, 98, 99, 42]",10
2716,"[0, 74, 77, 83, 29, 97, 98, 35, 99, 37, 44, 53]",12
2717,"[0, 97, 98, 99, 74, 45, 53, 29]",8
2718,"[0, 97, 98, 35, 99, 74, 46, 29, 93]",9
2719,"[0, 70, 74, 23, 29, 93, 97, 98, 35, 99, 46, 53]",12
2720,"[0, 74, 77, 13, 83, 29, 97, 98, 99, 44, 45, 53]",12
2721,"[0, 97, 98, 99, 74, 77, 91, 92]",8
2722,"[0, 97, 98, 99, 74, 77, 83, 91, 29]",9
2723,"[0, 70, 74, 77, 16, 26, 91, 97, 98, 99]",10
2724,"[0, 70, 74, 77, 16, 26, 91, 97, 98, 99]",10
2725,"[0, 70, 74, 77, 16, 26, 91, 97, 98, 99]",10
2726,"[0, 74, 13, 18, 91, 29, 97, 98, 99, 42]",10
2727,"[0, 74, 13, 83, 91, 29, 97, 98, 99, 44]",10
2728,"[0, 70, 74, 77, 16, 26, 91, 97, 98, 99]",10
2729,"[0, 70, 77, 16, 26, 91, 29, 97, 98, 99, 50, 52]",12
2730,"[0, 70, 74, 77, 16, 26, 91, 97, 98, 99]",10
2731,"[0, 70, 74, 77, 16, 83, 26, 91, 97, 98, 99]",11
2732,"[0, 97, 98, 99, 74, 91, 29]",7
2733,"[0, 70, 74, 77, 16, 26, 91, 97, 98, 99, 51]",11
2734,"[0, 70, 74, 77, 16, 26, 91, 97, 98, 99]",10
2735,"[0, 70, 74, 77, 16, 26, 91, 97, 98, 99]",10
2736,"[0, 70, 74, 77, 16, 26, 91, 97, 98, 99]",10
2737,"[0, 70, 74, 77, 16, 83, 26, 91, 97, 98, 99]",11
2738,"[0, 70, 74, 77, 16, 26, 91, 97, 98, 99]",10
2739,"[0, 70, 74, 77, 16, 26, 91, 97, 98, 99]",10
2740,"[0, 70, 74, 77, 16, 26, 91, 97, 98, 99, 50]",11
2741,"[0, 70, 74, 77, 16, 26, 91, 97, 98, 99]",10
2742,"[0, 97, 98, 99, 74, 45, 83, 53, 29]",9
2743,"[0, 70, 74, 77, 16, 83, 26, 91, 97, 98, 99]",11
2744,"[0, 74, 13, 83, 91, 29, 97, 98, 99, 44]",10
2745,"[0, 64, 74, 77, 13, 91, 97, 98, 99, 42]",10
2746,"[0, 70, 74, 77, 16, 26, 91, 97, 98, 99]",10
2747,"[0, 74, 77, 83, 91, 29, 97, 98, 35, 99, 37, 44]",12
2748,"[0, 97, 98, 99, 74, 23, 29]",7
2749,"[0, 70, 74, 77, 16, 26, 91, 97, 98, 99]",10
2750,"[0, 97, 98, 99, 74, 77, 20, 91]",8
2751,"[0, 97, 98, 99, 74, 91, 29]",7
2752,"[0, 70, 77, 16, 19, 26, 91, 97, 98, 99, 46, 50]",12
2753,"[0, 70, 74, 77, 16, 26, 91, 97, 98, 99]",10
2754,"[0, 74, 13, 18, 91, 29, 97, 98, 99, 42]",10
2755,"[0, 70, 74, 77, 16, 26, 91, 97, 98, 99]",10
2756,"[0, 70, 74, 77, 16, 83, 26, 91, 97, 98, 99]",11
2757,"[0, 70, 74, 77, 16, 26, 91, 97, 98, 99]",10
2758,"[0, 70, 74, 77, 16, 26, 91, 97, 98, 99]",10
2759,"[0, 70, 74, 77, 16, 83, 26, 91, 97, 98, 99]",11
2760,"[0, 74, 77, 83, 91, 29, 97, 98, 99, 45, 53]",11
2761,"[0, 74, 13, 18, 91, 29, 97, 98, 99, 42, 51]",11
2762,"[0, 70, 74, 77, 16, 26, 91, 97, 98, 99, 51]",11
2763,"[0, 70, 74, 77, 16, 26, 91, 97, 98, 99]",10
2764,"[0, 70, 74, 77, 16, 26, 91, 97, 98, 99]",10
2765,"[0, 70, 74, 77, 16, 26, 91, 97, 98, 99]",10
2766,"[0, 74, 77, 19, 91, 97, 98, 99, 46, 50]",10
2767,"[0, 74, 13, 18, 91, 29, 97, 98, 99, 42]",10
2768,"[0, 97, 98, 99, 74, 23, 29]",7
2769,"[0, 97, 98, 99, 74, 91, 29]",7
2770,"[0, 70, 74, 77, 16, 26, 91, 97, 98, 99]",10
2771,"[0, 74, 13, 18, 91, 29, 97, 98, 99, 42]",10
2772,"[0, 97, 98, 99, 74, 83, 53, 88, 29]",9
2773,"[0, 74, 77, 19, 91, 97, 98, 99, 46, 50]",10
2774,"[0, 74, 13, 18, 91, 29, 97, 98, 99, 42]",10
2775,"[0, 69, 70, 77, 16, 19, 26, 91, 97, 98, 99, 46]",12
2776,"[0, 70, 74, 77, 16, 26, 91, 97, 98, 99, 50]",11
2777,"[0, 97, 98, 99, 74, 77, 91]",7
2778,"[0, 74, 14, 83, 29, 94, 97, 98, 99, 43, 44, 53]",12
2779,"[0, 74, 13, 18, 91, 29, 97, 98, 99, 42]",10
2780,"[0, 97, 98, 99, 74, 45, 83, 53, 29]",9
2781,"[0, 74, 13, 83, 91, 29, 97, 98, 99, 44]",10
2782,"[0, 97, 98, 99, 42, 74, 13, 18, 29]",9
2783,"[0, 70, 74, 77, 16, 26, 91, 97, 98, 99]",10
2784,"[0, 70, 74, 77, 16, 26, 91, 97, 98, 99]",10
2785,"[0, 70, 74, 77, 16, 26, 91, 97, 98, 99]",10
2786,"[0, 70, 74, 77, 16, 26, 91, 97, 98, 99]",10
2787,"[0, 64, 2, 74, 83, 23, 29, 97, 98, 99]",10
2788,"[0, 70, 74, 77, 16, 26, 91, 97, 98, 99]",10
2789,"[0, 74, 77, 83, 29, 32, 97, 98, 99, 37, 45, 53]",12
2790,"[0, 70, 77, 16, 19, 26, 91, 97, 98, 99, 46]",11
2791,"[0, 70, 74, 77, 16, 26, 91, 97, 98, 99]",10
2792,"[0, 97, 98, 99, 74, 45, 83, 53, 29]",9
2793,"[0, 70, 74, 77, 16, 83, 26, 91, 97, 98, 99]",11
2794,"[0, 74, 76, 77, 20, 22, 91, 97, 98, 99]",10
2795,"[0, 97, 98, 99, 74, 42, 13, 18, 29]",9
2796,"[0, 70, 74, 77, 16, 83, 26, 91, 97, 98, 99]",11
2797,"[0, 97, 98, 99, 74, 77, 91, 92]",8
2798,"[0, 97, 98, 99, 74, 77, 91]",7
2799,"[0, 97, 98, 99, 74, 91, 29]",7
2800,"[0, 70, 74, 77, 16, 26, 91, 97, 98, 99]",10
2801,"[0, 69, 70, 74, 77, 23, 29, 97, 98, 99]",10
2802,"[0, 74, 13, 18, 91, 29, 97, 98, 99, 42]",10
2803,"[0, 97, 98, 99, 74, 76, 77, 20, 91]",9
2804,"[0, 97, 98, 99, 74, 42, 13, 18, 29]",9
2805,"[0, 70, 74, 77, 16, 83, 26, 91, 97, 98, 99]",11
2806,"[0, 70, 74, 77, 16, 26, 91, 97, 98, 99]",10
2807,"[0, 70, 74, 77, 16, 26, 91, 97, 98, 99]",10
2808,"[0, 70, 77, 16, 19, 26, 91, 29, 97, 98, 99, 46]",12
2809,"[0, 70, 74, 77, 16, 26, 91, 97, 98, 99]",10
2810,"[0, 70, 74, 77, 16, 26, 91, 97, 98, 99]",10
2811,"[0, 97, 98, 99, 77, 52, 91]",7
2812,"[0, 97, 98, 99, 77, 52, 91]",7
2813,"[0, 97, 98, 99, 74, 76, 77, 20, 91]",9
2814,"[0, 70, 74, 77, 16, 26, 91, 97, 98, 99]",10
2815,"[0, 70, 74, 77, 16, 26, 91, 97, 98, 99]",10
2816,"[0, 70, 74, 77, 16, 83, 26, 91, 97, 98, 99]",11
2817,"[0, 70, 74, 77, 16, 26, 91, 97, 98, 99, 50]",11
2818,"[0, 97, 98, 99, 42, 74, 13, 18, 29]",9
2819,"[0, 97, 98, 99, 74, 83, 53, 29]",8
2820,"[0, 97, 98, 99, 74, 83, 53, 29]",8
2821,"[0, 97, 98, 99, 74, 77, 91]",7
2822,"[0, 97, 98, 99, 74, 23, 29]",7
2823,"[0, 70, 77, 16, 19, 26, 91, 97, 98, 99, 46, 50]",12
2824,"[0, 74, 77, 83, 29, 97, 98, 99, 45, 53]",10
2825,"[0, 97, 98, 99, 74, 42, 13, 18, 29]",9
2826,"[0, 74, 77, 83, 29, 97, 98, 99, 45, 53]",10
2827,"[0, 97, 98, 99, 74, 45, 83, 53, 29]",9
2828,"[0, 70, 74, 77, 16, 26, 91, 97, 98, 99]",10
2829,"[0, 70, 74, 77, 16, 26, 91, 97, 98, 99, 50]",11
2830,"[0, 74, 83, 29, 97, 98, 99, 43, 44, 53]",10
2831,"[0, 74, 77, 83, 91, 29, 97, 98, 35, 99, 37, 44]",12
2832,"[0, 70, 74, 77, 16, 26, 91, 97, 98, 99]",10
2833,"[0, 70, 74, 77, 16, 83, 26, 91, 97, 98, 99]",11
2834,"[0, 70, 74, 77, 16, 26, 91, 97, 98, 99]",10
2835,"[0, 70, 74, 77, 16, 26, 91, 97, 98, 99]",10
2836,"[0, 97, 98, 99, 77, 52, 91]",7
2837,"[0, 70, 74, 77, 16, 26, 91, 97, 98, 99]",10
2838,"[0, 69, 70, 77, 16, 26, 97, 98, 99, 50, 52]",11
2839,"[0, 74, 13, 18, 91, 29, 97, 98, 99, 42]",10
2840,"[0, 70, 74, 77, 16, 26, 91, 97, 98, 99]",10
2841,"[0, 70, 74, 77, 16, 26, 91, 97, 98, 99]",10
2842,"[0, 97, 98, 99, 74, 42, 13, 91, 29]",9
2843,"[0, 70, 74, 77, 16, 83, 26, 91, 97, 98, 99]",11
2844,"[0, 97, 98, 99, 74, 42, 13, 91, 29]",9
2845,"[0, 97, 98, 99, 42, 74, 13, 91, 29]",9
2846,"[0, 74, 13, 83, 87, 91, 29, 97, 98, 99, 37, 42]",12
2847,"[0, 69, 70, 77, 16, 19, 26, 97, 98, 99, 46, 49, 50]",13
2848,"[0, 70, 74, 77, 16, 26, 91, 97, 98, 99]",10
2849,"[0, 70, 74, 77, 16, 26, 91, 97, 98, 99, 50]",11
2850,"[0, 97, 98, 99, 74, 45, 83, 53, 29]",9
2851,"[0, 70, 74, 77, 16, 26, 91, 97, 98, 99]",10
2852,"[0, 70, 74, 77, 16, 26, 91, 97, 98, 99, 50]",11
2853,"[0, 69, 70, 77, 16, 19, 26, 91, 97, 98, 99, 46]",12
2854,"[0, 97, 98, 99, 74, 42, 13, 18, 29]",9
2855,"[0, 74, 13, 83, 29, 97, 98, 99, 44, 53]",10
2856,"[0, 70, 74, 77, 16, 26, 91, 97, 98, 99, 50]",11
2857,"[0, 70, 74, 77, 16, 83, 26, 91, 97, 98, 99]",11
2858,"[0, 97, 98, 99, 74, 83, 53, 88, 29]",9
2859,"[0, 69, 70, 77, 16, 19, 26, 91, 97, 98, 99, 46, 50]",13
2860,"[0, 69, 70, 77, 16, 26, 91, 29, 97, 98, 99, 50, 52]",13
2861,"[0, 70, 74, 77, 16, 26, 91, 97, 98, 99]",10
2862,"[0, 70, 74, 77, 16, 26, 91, 97, 98, 99]",10
2863,"[0, 70, 74, 77, 16, 83, 26, 91, 97, 98, 99]",11
2864,"[0, 69, 70, 77, 16, 19, 26, 91, 97, 98, 99, 46, 50]",13
2865,"[0, 97, 98, 99, 74, 42, 13, 91, 29]",9
2866,"[0, 70, 74, 77, 16, 26, 91, 97, 98, 99]",10
2867,"[0, 70, 77, 16, 19, 26, 91, 29, 97, 98, 99, 46]",12
2868,"[0, 70, 74, 77, 16, 83, 26, 91, 97, 98, 99]",11
2869,"[0, 70, 74, 77, 16, 26, 91, 97, 98, 99]",10
2870,"[0, 97, 98, 99, 74, 45, 83, 53, 29]",9
2871,"[0, 70, 74, 77, 16, 26, 91, 97, 98, 99]",10
2872,"[0, 74, 77, 83, 29, 97, 98, 99, 45, 53]",10
2873,"[0, 70, 77, 16, 20, 26, 91, 97, 98, 99, 50]",11
2874,"[0, 74, 83, 91, 29, 97, 98, 99, 45, 53]",10
2875,"[0, 70, 74, 77, 16, 83, 26, 91, 97, 98, 99]",11
2876,"[0, 70, 74, 77, 16, 83, 26, 91, 97, 98, 99]",11
2877,"[0, 69, 70, 77, 16, 19, 26, 91, 97, 98, 99, 46, 50]",13
2878,"[0, 70, 74, 77, 16, 83, 26, 91, 97, 98, 99]",11
2879,"[0, 97, 98, 99, 74, 42, 13, 91, 29]",9
2880,"[0, 97, 98, 99, 74, 77, 91]",7
2881,"[0, 74, 77, 83, 29, 97, 98, 99, 45, 53]",10
2882,"[0, 70, 74, 77, 16, 26, 91, 97, 98, 99]",10
2883,"[0, 74, 13, 83, 29, 97, 98, 99, 44, 45, 53]",11
2884,"[0, 70, 74, 77, 16, 83, 26, 91, 97, 98, 99]",11
2885,"[0, 70, 74, 77, 16, 26, 91, 97, 98, 99]",10
2886,"[0, 70, 74, 77, 16, 26, 91, 97, 98, 99]",10
2887,"[0, 74, 13, 29, 32, 97, 98, 99, 37, 42]",10
2888,"[0, 69, 70, 74, 77, 16, 26, 91, 97, 98, 99, 50]",12
2889,"[0, 70, 74, 77, 16, 26, 91, 97, 98, 99]",10
2890,"[0, 97, 98, 99, 77, 52, 91]",7
2891,"[0, 69, 70, 74, 77, 16, 26, 91, 97, 98, 99]",11
2892,"[0, 97, 98, 99, 77, 52, 91]",7
2893,"[0, 97, 98, 99, 74, 45, 83, 53, 29]",9
2894,"[0, 97, 98, 99, 70, 74, 23, 29]",8
2895,"[0, 70, 74, 77, 16, 26, 91, 97, 98, 99, 50]",11
2896,"[0, 74, 13, 83, 91, 29, 97, 98, 99, 42]",10
2897,"[0, 97, 98, 99, 37, 74, 83, 53, 29]",9
2898,"[0, 70, 74, 77, 16, 26, 91, 97, 98, 99]",10
2899,"[0, 97, 98, 99, 74, 91, 29]",7
2900,"[0, 70, 74, 77, 16, 26, 91, 97, 98, 99]",10
2901,"[0, 97, 98, 99, 74, 20, 23, 29]",8
2902,"[0, 70, 74, 77, 16, 83, 26, 91, 97, 98, 99]",11
2903,"[0, 97, 98, 99, 74, 83, 53, 29]",8
2904,"[0, 74, 13, 29, 32, 97, 98, 99, 37, 42]",10
2905,"[0, 70, 74, 77, 16, 83, 26, 91, 97, 98, 99]",11
2906,"[0, 70, 74, 77, 16, 26, 91, 97, 98, 99]",10
2907,"[0, 69, 70, 77, 16, 19, 26, 97, 98, 99, 46, 50]",12
2908,"[0, 97, 98, 99, 74, 91, 29]",7
2909,"[0, 97, 98, 99, 74, 83, 53, 29]",8
2910,"[0, 69, 70, 77, 16, 19, 20, 91, 97, 98, 99, 46, 50]",13
2911,"[0, 97, 98, 99, 74, 91, 29]",7
2912,"[0, 70, 74, 77, 16, 83, 26, 91, 97, 98, 99]",11
2913,"[0, 70, 74, 77, 16, 26, 91, 97, 98, 99, 50]",11
2914,"[0, 70, 74, 77, 16, 26, 91, 97, 98, 99]",10
2915,"[0, 97, 98, 99, 74, 45, 83, 53, 29]",9
2916,"[0, 70, 74, 77, 16, 26, 91, 97, 98, 99]",10
2917,"[0, 97, 98, 99, 74, 83, 53, 29]",8
2918,"[0, 74, 13, 83, 91, 29, 97, 98, 99, 42]",10
2919,"[0, 97, 98, 99, 42, 74, 13, 29]",8
2920,"[0, 74, 13, 83, 91, 29, 97, 98, 99, 44]",10
2921,"[0, 70, 74, 77, 16, 26, 91, 97, 98, 99]",10
2922,"[0, 97, 98, 99, 74, 44, 77, 23]",8
2923,"[0, 70, 74, 77, 16, 26, 91, 97, 98, 99]",10
2924,"[0, 74, 77, 83, 91, 29, 97, 98, 35, 99, 37, 44]",12
2925,"[0, 69, 70, 74, 77, 16, 26, 91, 97, 98, 99]",11
2926,"[0, 97, 98, 99, 42, 74, 13, 91, 29]",9
2927,"[0, 97, 98, 99, 70, 74, 23, 29]",8
2928,"[0, 69, 70, 77, 16, 26, 97, 98, 99, 49, 50, 52]",12
2929,"[0, 70, 74, 77, 16, 26, 91, 97, 98, 99]",10
2930,"[0, 70, 74, 77, 16, 83, 26, 91, 97, 98, 99]",11
2931,"[0, 69, 70, 74, 77, 16, 26, 97, 98, 99]",10
2932,"[0, 70, 74, 77, 16, 26, 91, 97, 98, 99]",10
2933,"[0, 97, 98, 99, 44, 13, 83, 91]",8
2934,"[0, 70, 74, 77, 16, 83, 26, 91, 97, 98, 99]",11
2935,"[0, 74, 13, 83, 29, 97, 98, 99, 44, 53]",10
2936,"[0, 70, 76, 77, 16, 20, 26, 91, 97, 98, 99, 50]",12
2937,"[0, 70, 77, 16, 19, 26, 91, 97, 98, 99, 46, 50]",12
2938,"[0, 74, 83, 23, 29, 32, 97, 98, 99, 37, 53]",11
2939,"[0, 97, 98, 99, 74, 20, 23]",7
2940,"[0, 70, 74, 77, 16, 26, 91, 97, 98, 99]",10
2941,"[0, 71, 74, 14, 83, 29, 94, 97, 98, 99, 43, 44, 53]",13
2942,"[0, 69, 70, 77, 16, 19, 26, 91, 97, 98, 99, 46]",12
2943,"[0, 97, 98, 99, 74, 20, 23]",7
2944,"[0, 69, 70, 74, 77, 16, 26, 91, 97, 98, 99, 50]",12
2945,"[0, 70, 74, 77, 16, 26, 91, 97, 98, 99]",10
2946,"[0, 70, 77, 16, 26, 91, 97, 98, 99, 52]",10
2947,"[0, 70, 74, 77, 16, 26, 91, 97, 98, 99]",10
2948,"[0, 97, 98, 99, 74, 77, 20, 91]",8
2949,"[0, 74, 13, 83, 91, 29, 97, 98, 99, 42]",10
2950,"[0, 70, 74, 77, 16, 26, 91, 97, 98, 99]",10
2951,"[0, 74, 13, 83, 29, 97, 98, 99, 44, 45, 53]",11
2952,"[0, 70, 74, 77, 16, 83, 26, 91, 97, 98, 99]",11
2953,"[0, 97, 98, 99, 77, 46, 19, 20, 91]",9
2954,"[0, 64, 74, 77, 13, 83, 22, 91, 97, 98, 99, 42]",12
2955,"[0, 97, 98, 99, 74, 77, 20, 91]",8
2956,"[0, 70, 74, 77, 16, 26, 91, 97, 98, 99]",10
2957,"[0, 74, 13, 23, 29, 93, 97, 98, 35, 99, 42, 46]",12
2958,"[0, 70, 74, 77, 16, 26, 91, 97, 98, 99]",10
2959,"[0, 97, 98, 99, 74, 83, 91, 29]",8
2960,"[0, 97, 98, 99, 70, 74, 16, 26]",8
2961,"[0, 70, 74, 77, 16, 26, 91, 97, 98, 99]",10
2962,"[0, 70, 74, 77, 16, 26, 91, 97, 98, 99]",10
2963,"[0, 70, 74, 77, 16, 26, 91, 97, 98, 99]",10
2964,"[0, 97, 98, 99, 74, 45, 83, 53, 29]",9
2965,"[0, 70, 74, 77, 16, 26, 91, 97, 98, 99]",10
2966,"[0, 74, 13, 83, 91, 29, 97, 98, 99, 42]",10
2967,"[0, 97, 98, 99, 70, 74, 16, 26]",8
2968,"[0, 97, 98, 99, 74, 83, 53, 29]",8
2969,"[0, 97, 98, 99, 74, 83, 53, 29]",8
2970,"[0, 74, 13, 83, 91, 29, 97, 98, 99, 42]",10
2971,"[0, 69, 70, 77, 16, 20, 26, 91, 97, 98, 99]",11
2972,"[0, 69, 70, 74, 77, 16, 26, 91, 97, 98, 99]",11
2973,"[0, 70, 74, 77, 16, 26, 91, 97, 98, 99]",10
2974,"[0, 97, 98, 99, 74, 20, 23]",7
2975,"[0, 74, 13, 83, 91, 29, 97, 98, 99, 42]",10
2976,"[0, 74, 13, 83, 91, 29, 97, 98, 99, 42]",10
2977,"[0, 74, 13, 83, 91, 29, 97, 98, 99, 42]",10
2978,"[0, 74, 77, 83, 23, 29, 97, 98, 99, 45, 53]",11
2979,"[0, 70, 74, 77, 16, 26, 91, 97, 98, 99]",10
2980,"[0, 69, 70, 77, 16, 19, 26, 91, 97, 98, 99, 46]",12
2981,"[0, 74, 13, 83, 91, 29, 97, 98, 99, 42]",10
2982,"[0, 70, 74, 77, 16, 26, 91, 97, 98, 99]",10
2983,"[0, 74, 77, 19, 97, 34, 99, 98, 46, 50]",10
2984,"[0, 70, 74, 77, 16, 26, 91, 97, 98, 99]",10
2985,"[0, 74, 13, 83, 87, 91, 29, 97, 98, 99, 37, 42]",12
2986,"[0, 74, 11, 83, 29, 97, 98, 99, 37, 43, 44, 53]",12
2987,"[0, 97, 98, 99, 84, 20]",6
2988,"[0, 70, 74, 77, 16, 83, 26, 91, 97, 98, 99]",11
2989,"[0, 97, 98, 99, 74, 20, 23]",7
2990,"[0, 70, 74, 77, 16, 26, 91, 97, 98, 99]",10
2991,"[0, 97, 98, 99, 74, 42, 13, 29]",8
2992,"[0, 70, 74, 77, 16, 22, 26, 91, 97, 98, 99]",11
2993,"[0, 70, 74, 77, 16, 26, 91, 97, 98, 99]",10
2994,"[0, 70, 74, 77, 16, 26, 91, 97, 98, 99]",10
2995,"[0, 74, 13, 83, 91, 29, 97, 98, 99, 42]",10
2996,"[0, 69, 70, 77, 16, 20, 26, 91, 97, 98, 99]",11
2997,"[0, 70, 74, 77, 16, 83, 26, 91, 97, 98, 99]",11
2998,"[0, 97, 98, 99, 84, 20]",6
2999,"[0, 70, 74, 77, 16, 22, 26, 91, 97, 98, 99]",11
3000,"[0, 97, 98, 99, 74, 77, 83, 53, 29]",9
3001,"[0, 70, 74, 77, 16, 83, 26, 91, 97, 98, 99]",11
3002,"[0, 97, 98, 99, 74, 83, 53, 91, 29]",9
3003,"[0, 70, 74, 77, 16, 83, 26, 91, 97, 98, 99]",11
3004,"[0, 74, 13, 83, 91, 29, 97, 98, 99, 42]",10
3005,"[0, 97, 98, 99, 74, 83, 53, 29]",8
3006,"[0, 74, 13, 83, 91, 29, 97, 98, 99, 42]",10
3007,"[0, 70, 74, 77, 16, 22, 26, 91, 97, 98, 99]",11
3008,"[0, 97, 32, 98, 99, 37, 74, 91, 29]",9
3009,"[0, 70, 74, 77, 16, 26, 91, 97, 98, 99]",10
3010,"[0, 70, 74, 77, 16, 26, 91, 97, 98, 99]",10
3011,"[0, 97, 98, 99, 74, 83, 53, 29]",8
3012,"[0, 69, 70, 77, 16, 20, 26, 91, 97, 98, 99, 50]",12
3013,"[0, 69, 70, 74, 77, 16, 26, 97, 98, 99]",10
3014,"[0, 74, 14, 83, 29, 94, 97, 98, 99, 53]",10
3015,"[0, 70, 74, 77, 16, 26, 91, 97, 98, 99]",10
3016,"[0, 70, 77, 16, 19, 26, 97, 98, 99, 46, 50]",11
3017,"[0, 70, 74, 77, 16, 83, 26, 91, 97, 98, 99]",11
3018,"[0, 70, 74, 77, 16, 26, 91, 97, 98, 99]",10
3019,"[0, 70, 74, 77, 16, 26, 91, 97, 98, 99]",10
3020,"[0, 97, 98, 99, 74, 83, 53, 29]",8
3021,"[0, 70, 74, 77, 16, 26, 91, 97, 98, 99]",10
3022,"[0, 74, 13, 83, 91, 29, 97, 98, 99, 44]",10
3023,"[0, 74, 77, 19, 91, 97, 98, 99, 46, 50]",10
3024,"[0, 97, 98, 99, 74, 42, 13, 91, 29]",9
3025,"[0, 69, 70, 77, 16, 20, 26, 91, 97, 98, 99]",11
3026,"[0, 70, 74, 77, 16, 26, 91, 97, 98, 99]",10
3027,"[0, 74, 13, 83, 29, 97, 98, 99, 44, 45, 53]",11
3028,"[0, 97, 98, 99, 74, 83, 53, 29]",8
3029,"[0, 70, 74, 77, 16, 26, 91, 97, 98, 99]",10
3030,"[0, 70, 74, 77, 16, 26, 91, 97, 98, 99]",10
3031,"[0, 70, 74, 77, 16, 26, 91, 97, 98, 99]",10
3032,"[0, 74, 13, 83, 29, 97, 98, 99, 44, 53]",10
3033,"[0, 74, 13, 83, 91, 29, 97, 98, 99, 42]",10
3034,"[0, 70, 74, 77, 16, 26, 91, 97, 98, 99]",10
3035,"[0, 74, 13, 83, 91, 29, 97, 98, 99, 37, 42]",11
3036,"[0, 74, 13, 83, 29, 97, 98, 99, 44, 45, 53]",11
3037,"[0, 97, 98, 99, 74, 83, 53, 29]",8
3038,"[0, 74, 14, 83, 29, 97, 98, 99, 37, 43, 44, 53]",12
3039,"[0, 70, 74, 77, 16, 26, 91, 97, 98, 99]",10
3040,"[0, 70, 74, 77, 16, 26, 91, 97, 98, 99]",10
3041,"[0, 70, 77, 16, 83, 26, 91, 97, 98, 99, 52]",11
3042,"[0, 74, 77, 19, 97, 34, 99, 98, 46, 50]",10
3043,"[0, 69, 70, 74, 77, 16, 26, 91, 97, 98, 99]",11
3044,"[0, 70, 74, 77, 16, 26, 91, 97, 98, 99]",10
3045,"[0, 70, 74, 77, 16, 26, 91, 97, 98, 99]",10
3046,"[0, 74, 13, 83, 91, 29, 97, 98, 99, 42]",10
3047,"[0, 97, 98, 99, 74, 23]",6
3048,"[0, 69, 70, 74, 77, 16, 26, 97, 98, 99]",10
3049,"[0, 70, 74, 77, 16, 26, 91, 97, 98, 99]",10
3050,"[0, 69, 70, 77, 16, 26, 91, 97, 98, 99, 50, 52]",12
3051,"[0, 70, 74, 77, 16, 26, 91, 97, 98, 99]",10
3052,"[0, 97, 98, 99, 37, 74, 83, 53, 29]",9
3053,"[0, 70, 74, 77, 16, 26, 91, 97, 98, 99]",10
3054,"[0, 97, 98, 99, 84, 20]",6
3055,"[0, 97, 98, 99, 74, 20, 23]",7
3056,"[0, 74, 13, 83, 91, 29, 97, 98, 99, 42]",10
3057,"[0, 97, 98, 99, 74, 23, 29]",7
3058,"[0, 97, 98, 99, 74, 20, 23]",7
3059,"[0, 70, 74, 77, 16, 26, 91, 97, 98, 99]",10
3060,"[0, 70, 74, 77, 16, 26, 91, 97, 98, 99]",10
3061,"[0, 74, 23, 29, 93, 97, 98, 35, 99, 38, 46]",11
3062,"[0, 70, 74, 77, 16, 22, 26, 91, 97, 98, 99]",11
3063,"[0, 69, 70, 74, 77, 16, 26, 97, 98, 99]",10
3064,"[0, 97, 98, 99, 74, 83, 53, 29]",8
3065,"[0, 70, 74, 77, 16, 26, 91, 97, 98, 99]",10
3066,"[0, 97, 98, 99, 74, 83, 53, 29]",8
3067,"[0, 70, 74, 77, 16, 83, 26, 91, 97, 98, 99]",11
3068,"[0, 69, 70, 74, 77, 16, 26, 97, 98, 99]",10
3069,"[0, 74, 13, 83, 91, 29, 97, 98, 99, 37, 42]",11
3070,"[0, 70, 74, 77, 16, 26, 91, 97, 98, 99]",10
3071,"[0, 74, 13, 83, 91, 29, 97, 98, 99, 42]",10
3072,"[0, 70, 77, 16, 19, 26, 97, 98, 99, 46, 50]",11
3073,"[0, 97, 98, 99, 84, 20]",6
3074,"[0, 70, 74, 77, 16, 26, 91, 97, 98, 99]",10
3075,"[0, 74, 13, 83, 91, 29, 32, 97, 98, 99, 37, 42]",12
3076,"[0, 74, 13, 29, 32, 97, 98, 99, 37, 42]",10
3077,"[0, 97, 98, 99, 74, 23, 29]",7
3078,"[0, 97, 98, 99, 70, 74, 16, 26]",8
3079,"[0, 97, 98, 99, 74, 23, 29]",7
3080,"[0, 70, 74, 77, 16, 26, 91, 97, 98, 99]",10
3081,"[0, 97, 98, 99, 74, 83, 53, 29]",8
3082,"[0, 70, 74, 77, 16, 26, 91, 97, 98, 99]",10
3083,"[0, 64, 74, 77, 13, 83, 91, 97, 98, 99, 42]",11
3084,"[0, 69, 70, 74, 77, 16, 26, 97, 98, 99, 50]",11
3085,"[0, 69, 70, 77, 16, 19, 26, 91, 97, 98, 99, 46]",12
3086,"[0, 70, 74, 77, 16, 26, 91, 97, 98, 99]",10
3087,"[0, 69, 70, 77, 16, 19, 26, 91, 97, 98, 99, 46]",12
3088,"[0, 70, 74, 77, 16, 26, 91, 97, 98, 99]",10
3089,"[0, 74, 13, 83, 29, 97, 98, 99, 44, 45, 53]",11
3090,"[0, 97, 98, 99, 74, 77, 20, 91]",8
3091,"[0, 97, 98, 99, 74, 23]",6
3092,"[0, 70, 74, 77, 16, 26, 91, 97, 98, 99]",10
3093,"[0, 70, 74, 77, 16, 26, 91, 97, 98, 99]",10
3094,"[0, 70, 74, 77, 16, 26, 91, 97, 98, 99]",10
3095,"[0, 74, 13, 87, 91, 29, 97, 98, 99, 37, 42]",11
3096,"[0, 70, 74, 77, 16, 83, 26, 91, 97, 98, 99]",11
3097,"[0, 74, 13, 83, 91, 29, 97, 98, 99, 42]",10
3098,"[0, 69, 70, 74, 77, 16, 26, 97, 98, 99]",10
3099,"[0, 74, 13, 83, 29, 97, 98, 99, 44, 45, 53]",11
3100,"[0, 74, 13, 83, 29, 97, 98, 99, 44, 45, 53]",11
3101,"[0, 74, 13, 83, 91, 29, 97, 98, 99, 44]",10
3102,"[0, 69, 70, 77, 16, 19, 26, 91, 97, 98, 99, 46]",12
3103,"[0, 70, 74, 77, 16, 20, 91, 97, 98, 99]",10
3104,"[0, 69, 70, 74, 77, 16, 26, 91, 97, 98, 99]",11
3105,"[0, 70, 74, 77, 16, 26, 91, 97, 98, 99]",10
3106,"[0, 97, 98, 99, 74, 42, 13, 29]",8
3107,"[0, 74, 23, 29, 93, 97, 98, 99, 35, 38, 46]",11
3108,"[0, 69, 70, 74, 77, 16, 26, 91, 97, 98, 99]",11
3109,"[0, 69, 70, 74, 77, 16, 26, 91, 97, 98, 99]",11
3110,"[0, 74, 13, 83, 91, 29, 97, 98, 99, 42]",10
3111,"[0, 70, 74, 77, 16, 22, 26, 91, 97, 98, 99]",11
3112,"[0, 69, 70, 77, 16, 19, 26, 91, 97, 98, 99, 46]",12
3113,"[0, 97, 98, 99, 74, 83, 91, 29]",8
3114,"[0, 70, 74, 77, 16, 26, 91, 97, 98, 99]",10
3115,"[0, 97, 98, 99, 74, 44, 77, 20, 23]",9
3116,"[0, 97, 64, 99, 98, 74, 83, 23]",8
3117,"[0, 97, 98, 99, 74, 83, 91, 29]",8
3118,"[0, 69, 70, 77, 16, 20, 26, 91, 97, 98, 99]",11
3119,"[0, 70, 77, 16, 26, 91, 97, 98, 99, 52]",10
3120,"[0, 70, 74, 77, 16, 26, 91, 97, 98, 99]",10
3121,"[0, 74, 13, 83, 91, 29, 97, 98, 99, 42]",10
3122,"[0, 97, 98, 99, 74, 83, 53, 29]",8
3123,"[0, 69, 70, 74, 77, 16, 26, 91, 97, 98, 99]",11
3124,"[0, 74, 13, 83, 29, 97, 98, 99, 44, 53]",10
3125,"[0, 97, 98, 99, 44, 13, 91]",7
3126,"[0, 70, 74, 77, 16, 26, 91, 97, 98, 99]",10
3127,"[0, 97, 98, 99, 74, 91, 29]",7
3128,"[0, 97, 98, 99, 42, 74, 13, 91, 29]",9
3129,"[0, 74, 13, 83, 91, 29, 97, 98, 99, 44]",10
3130,"[0, 97, 98, 99, 74, 29]",6
3131,"[0, 97, 98, 99, 74, 42, 13, 83, 91]",9
3132,"[0, 69, 70, 74, 77, 20, 91, 97, 98, 99]",10
3133,"[0, 69, 70, 77, 16, 26, 97, 98, 99, 49, 50, 52]",12
3134,"[0, 69, 70, 74, 77, 16, 26, 97, 98, 99]",10
3135,"[0, 74, 13, 83, 91, 29, 97, 98, 99, 42]",10
3136,"[0, 97, 98, 99, 37, 74, 91, 29]",8
3137,"[0, 69, 70, 77, 16, 20, 26, 91, 97, 98, 99, 50]",12
3138,"[0, 97, 98, 99, 74, 20, 23]",7
3139,"[0, 69, 70, 74, 77, 16, 26, 91, 97, 98, 99, 50]",12
3140,"[0, 70, 74, 77, 16, 26, 91, 97, 98, 99]",10
3141,"[0, 69, 70, 74, 77, 16, 26, 97, 98, 99, 50]",11
3142,"[0, 70, 74, 77, 16, 26, 91, 97, 98, 99]",10
3143,"[0, 69, 70, 77, 16, 19, 26, 97, 98, 99, 46, 50]",12
3144,"[0, 70, 74, 77, 16, 26, 91, 97, 98, 99]",10
3145,"[0, 70, 74, 77, 16, 26, 91, 97, 98, 99]",10
3146,"[0, 70, 77, 16, 19, 26, 91, 97, 98, 99, 46, 50]",12
3147,"[0, 70, 74, 77, 16, 83, 26, 91, 97, 98, 99]",11
3148,"[0, 74, 83, 29, 32, 97, 98, 99, 37, 53]",10
3149,"[0, 70, 77, 16, 19, 20, 91, 97, 98, 99, 46]",11
3150,"[0, 69, 70, 74, 77, 16, 26, 97, 98, 99]",10
3151,"[0, 70, 74, 77, 16, 26, 91, 97, 98, 99]",10
3152,"[0, 97, 98, 99, 70, 74, 16, 26]",8
3153,"[0, 70, 74, 77, 16, 22, 26, 91, 97, 98, 99]",11
3154,"[0, 69, 70, 74, 77, 16, 26, 91, 97, 98, 99]",11
3155,"[0, 69, 70, 74, 77, 16, 26, 91, 97, 98, 99]",11
3156,"[0, 97, 98, 99, 74, 20, 23]",7
3157,"[0, 74, 23, 29, 93, 97, 98, 35, 99, 38, 46]",11
3158,"[0, 70, 74, 77, 16, 26, 91, 97, 98, 99]",10
3159,"[0, 70, 74, 77, 16, 83, 26, 91, 97, 98, 99]",11
3160,"[0, 97, 98, 99, 74, 76, 77, 20, 91]",9
3161,"[0, 70, 74, 77, 16, 83, 26, 91, 97, 98, 99]",11
3162,"[0, 69, 70, 77, 16, 19, 26, 91, 97, 98, 99, 46]",12
3163,"[0, 69, 70, 74, 77, 16, 26, 91, 97, 98, 99]",11
3164,"[0, 70, 74, 77, 16, 22, 26, 91, 97, 98, 99]",11
3165,"[0, 74, 13, 83, 29, 97, 98, 99, 44, 53]",10
3166,"[0, 74, 83, 29, 32, 97, 98, 99, 37, 53]",10
3167,"[0, 70, 74, 77, 16, 26, 91, 97, 98, 99]",10
3168,"[0, 70, 74, 77, 16, 26, 91, 97, 98, 99]",10
3169,"[0, 70, 74, 77, 16, 22, 26, 91, 97, 98, 99]",11
3170,"[0, 70, 74, 77, 16, 22, 26, 91, 97, 98, 99]",11
3171,"[0, 69, 70, 74, 77, 16, 26, 97, 98, 99]",10
3172,"[0, 70, 74, 77, 16, 26, 91, 97, 98, 99]",10
3173,"[0, 97, 98, 99, 74, 20, 23]",7
3174,"[0, 74, 13, 23, 87, 29, 32, 97, 98, 99, 37, 42]",12
3175,"[0, 74, 13, 83, 91, 29, 97, 98, 99, 42]",10
3176,"[0, 74, 13, 83, 91, 29, 97, 98, 99, 42]",10
3177,"[0, 97, 98, 99, 74, 20, 23]",7
3178,"[0, 74, 13, 83, 91, 29, 97, 98, 99, 44]",10
3179,"[0, 69, 70, 74, 77, 16, 26, 91, 97, 98, 99]",11
3180,"[0, 97, 98, 99, 74, 20, 23]",7
3181,"[0, 69, 70, 74, 77, 16, 26, 91, 97, 98, 99]",11
3182,"[0, 69, 70, 74, 77, 16, 26, 97, 98, 99]",10
3183,"[0, 70, 74, 77, 16, 26, 91, 97, 98, 99]",10
3184,"[0, 74, 13, 83, 91, 29, 97, 98, 99, 42]",10
3185,"[0, 74, 13, 83, 91, 29, 97, 98, 99, 37, 42]",11
3186,"[0, 97, 98, 99, 74, 83, 53, 29]",8
3187,"[0, 70, 74, 77, 16, 26, 91, 97, 98, 99]",10
3188,"[0, 97, 98, 99, 74, 23]",6
3189,"[0, 97, 98, 99, 74, 83, 53, 29]",8
3190,"[0, 74, 13, 83, 29, 97, 98, 99, 44, 53]",10
3191,"[0, 97, 98, 99, 74, 83, 53, 29]",8
3192,"[0, 69, 70, 74, 77, 16, 26, 91, 97, 98, 99]",11
3193,"[0, 70, 74, 77, 16, 83, 26, 91, 97, 98, 99]",11
3194,"[0, 74, 13, 83, 29, 97, 98, 99, 44, 53]",10
3195,"[0, 74, 13, 83, 87, 91, 97, 98, 99, 37, 42]",11
3196,"[0, 70, 77, 16, 26, 91, 97, 98, 99, 52]",10
3197,"[0, 70, 74, 77, 16, 26, 91, 97, 98, 99]",10
3198,"[0, 69, 70, 74, 77, 16, 26, 91, 97, 98, 99]",11
3199,"[0, 97, 98, 99, 74, 83, 53, 29]",8
3200,"[0, 97, 98, 99, 74, 83, 91, 29]",8
3201,"[0, 97, 98, 99, 44, 13, 91]",7
3202,"[0, 69, 70, 77, 16, 26, 91, 97, 98, 99, 50, 52]",12
3203,"[0, 69, 70, 74, 77, 16, 26, 91, 97, 98, 99]",11
3204,"[0, 69, 70, 77, 16, 19, 26, 91, 97, 98, 99, 46]",12
3205,"[0, 70, 77, 16, 19, 26, 91, 97, 98, 99, 46, 50]",12
3206,"[0, 69, 70, 74, 77, 16, 26, 97, 98, 99]",10
3207,"[0, 97, 98, 99, 74, 91, 29]",7
3208,"[0, 69, 70, 77, 16, 19, 26, 97, 98, 99, 46, 50]",12
3209,"[0, 97, 98, 99, 74, 83, 53, 29]",8
3210,"[0, 70, 77, 16, 19, 20, 91, 97, 98, 99, 46, 50]",12
3211,"[0, 97, 98, 99, 74, 91, 29]",7
3212,"[0, 70, 74, 77, 16, 26, 91, 97, 98, 99]",10
3213,"[0, 70, 74, 77, 16, 20, 91, 97, 98, 99]",10
3214,"[0, 69, 70, 74, 77, 16, 26, 91, 97, 98, 99, 50]",12
3215,"[0, 97, 98, 99, 74, 83, 53, 29]",8
3216,"[0, 69, 70, 77, 16, 20, 26, 91, 97, 98, 99, 50]",12
3217,"[0, 69, 70, 74, 77, 16, 26, 97, 98, 99]",10
3218,"[0, 70, 74, 77, 16, 26, 91, 97, 98, 99]",10
3219,"[0, 70, 74, 77, 16, 20, 91, 97, 98, 99]",10
3220,"[0, 69, 70, 74, 77, 16, 26, 97, 98, 99, 50]",11
3221,"[0, 69, 70, 77, 16, 20, 26, 91, 97, 98, 99]",11
3222,"[0, 70, 74, 77, 16, 26, 91, 97, 98, 99]",10
3223,"[0, 70, 74, 77, 16, 26, 91, 97, 98, 99]",10
3224,"[0, 97, 98, 99, 42, 74, 13, 91, 29]",9
3225,"[0, 74, 13, 83, 91, 29, 97, 98, 99, 42]",10
3226,"[0, 74, 23, 93, 29, 97, 98, 35, 99, 38, 46]",11
3227,"[0, 69, 70, 74, 77, 16, 26, 97, 98, 99]",10
3228,"[0, 70, 74, 77, 16, 26, 91, 97, 98, 99]",10
3229,"[0, 74, 13, 83, 91, 29, 32, 97, 98, 99, 37, 42]",12
3230,"[0, 70, 74, 77, 16, 83, 26, 91, 97, 98, 99]",11
3231,"[0, 74, 13, 83, 91, 29, 97, 98, 99, 37, 42]",11
3232,"[0, 74, 13, 83, 91, 29, 97, 98, 99, 44]",10
3233,"[0, 69, 70, 74, 77, 16, 26, 97, 98, 99]",10
3234,"[0, 74, 13, 83, 91, 29, 97, 98, 99, 44]",10
3235,"[0, 70, 74, 77, 16, 26, 91, 97, 98, 99]",10
3236,"[0, 70, 74, 77, 16, 26, 91, 97, 98, 99]",10
3237,"[0, 97, 98, 99, 74, 83, 53, 29]",8
3238,"[0, 74, 13, 83, 29, 97, 98, 99, 44, 45, 53]",11
3239,"[0, 70, 77, 16, 19, 26, 97, 98, 99, 46, 50]",11
3240,"[0, 97, 98, 99, 70, 74, 16, 26]",8
3241,"[0, 97, 98, 99, 74, 42, 13, 29]",8
3242,"[0, 70, 77, 16, 22, 26, 91, 97, 98, 99, 52]",11
3243,"[0, 74, 13, 83, 91, 29, 97, 98, 99, 42]",10
3244,"[0, 69, 70, 74, 77, 16, 26, 97, 98, 99]",10
3245,"[0, 97, 32, 98, 99, 37, 74, 91, 29]",9
3246,"[0, 74, 13, 83, 91, 29, 97, 98, 99, 42]",10
3247,"[0, 69, 70, 77, 16, 20, 26, 91, 97, 98, 99]",11
3248,"[0, 70, 74, 77, 16, 26, 91, 97, 98, 99]",10
3249,"[0, 74, 13, 83, 91, 29, 97, 98, 99, 42]",10
3250,"[0, 69, 70, 74, 77, 16, 26, 97, 98, 99]",10
3251,"[0, 69, 70, 74, 77, 16, 26, 91, 97, 98, 99]",11
3252,"[0, 70, 74, 77, 16, 83, 26, 91, 97, 98, 99]",11
3253,"[0, 69, 70, 77, 16, 26, 97, 98, 99, 49, 50, 52]",12
3254,"[0, 69, 70, 77, 16, 19, 26, 91, 97, 98, 99, 46]",12
3255,"[0, 69, 70, 77, 16, 20, 26, 91, 97, 98, 99, 50]",12
3256,"[0, 70, 74, 77, 16, 26, 91, 97, 98, 99]",10
3257,"[0, 70, 74, 77, 16, 26, 91, 97, 98, 99]",10
3258,"[0, 74, 13, 83, 91, 29, 97, 98, 99, 42]",10
3259,"[0, 70, 74, 77, 16, 26, 91, 97, 98, 99]",10
3260,"[0, 70, 77, 16, 19, 26, 97, 98, 99, 46, 50]",11
3261,"[0, 97, 98, 99, 74, 83, 53, 29]",8
3262,"[0, 97, 98, 99, 84, 20]",6
3263,"[0, 69, 70, 74, 77, 16, 26, 91, 97, 98, 99]",11
3264,"[0, 97, 98, 99, 37, 74, 83, 53, 29]",9
3265,"[0, 97, 98, 99, 74, 77, 46, 50, 19]",9
3266,"[0, 64, 74, 77, 13, 22, 91, 97, 98, 99, 42]",11
3267,"[0, 74, 14, 83, 29, 97, 98, 99, 37, 43, 44, 53]",12
3268,"[0, 70, 74, 77, 16, 26, 91, 97, 98, 99]",10
3269,"[0, 97, 98, 99, 74, 83, 91, 29]",8
3270,"[0, 74, 13, 83, 91, 29, 97, 98, 99, 42]",10
3271,"[0, 70, 74, 77, 16, 26, 91, 97, 98, 99]",10
3272,"[0, 97, 98, 99, 42, 74, 13, 29]",8
3273,"[0, 70, 74, 77, 16, 26, 91, 97, 98, 99]",10
3274,"[0, 69, 70, 74, 77, 16, 26, 97, 98, 99, 50]",11
3275,"[0, 69, 70, 74, 77, 16, 26, 91, 97, 98, 99]",11
3276,"[0, 70, 74, 77, 16, 26, 91, 97, 98, 99]",10
3277,"[0, 70, 74, 77, 16, 26, 91, 97, 98, 99]",10
3278,"[0, 74, 13, 83, 29, 97, 98, 99, 44, 45, 53]",11
3279,"[0, 70, 74, 77, 16, 26, 91, 97, 98, 99]",10
3280,"[0, 69, 70, 77, 16, 19, 26, 91, 97, 98, 99, 46]",12
3281,"[0, 69, 70, 74, 77, 16, 26, 97, 98, 99]",10
3282,"[0, 70, 77, 16, 19, 26, 97, 98, 99, 46, 50]",11
3283,"[0, 70, 74, 77, 16, 26, 91, 97, 98, 99]",10
3284,"[0, 74, 13, 83, 91, 29, 97, 98, 99, 42]",10
3285,"[0, 74, 13, 83, 91, 29, 97, 98, 99, 42]",10
3286,"[0, 70, 77, 16, 19, 26, 91, 97, 98, 99, 46, 50]",12
3287,"[0, 97, 98, 99, 74, 23, 29]",7
3288,"[0, 97, 98, 99, 74, 83, 53, 29]",8
3289,"[0, 70, 74, 77, 16, 26, 91, 97, 98, 99]",10
3290,"[0, 70, 74, 77, 16, 26, 91, 97, 98, 99]",10
3291,"[0, 70, 74, 77, 16, 26, 91, 97, 98, 99]",10
3292,"[0, 97, 98, 99, 74, 83, 53, 29]",8
3293,"[0, 69, 70, 74, 77, 16, 26, 91, 97, 98, 99]",11
3294,"[0, 97, 98, 99, 74, 20, 23]",7
3295,"[0, 97, 98, 99, 20, 84]",6
3296,"[0, 70, 74, 77, 16, 26, 91, 97, 98, 99]",10
3297,"[0, 97, 98, 99, 74, 83, 53, 29]",8
3298,"[0, 74, 13, 83, 29, 97, 98, 99, 44, 53]",10
3299,"[0, 97, 98, 99, 74, 83, 53, 29]",8
3300,"[0, 74, 23, 93, 29, 97, 98, 35, 99, 46]",10
3301,"[0, 69, 70, 77, 16, 19, 26, 91, 97, 98, 99, 46]",12
3302,"[0, 69, 70, 74, 77, 16, 26, 97, 98, 99]",10
3303,"[0, 97, 98, 99, 74, 23]",6
3304,"[0, 97, 98, 99, 74, 83, 53, 29]",8
3305,"[0, 74, 13, 83, 29, 97, 98, 99, 44, 53]",10
3306,"[0, 70, 74, 77, 16, 26, 91, 97, 98, 99]",10
3307,"[0, 69, 70, 77, 16, 20, 26, 91, 97, 98, 99, 50]",12
3308,"[0, 70, 77, 16, 19, 26, 91, 97, 98, 99, 46, 50]",12
3309,"[0, 69, 70, 74, 77, 16, 26, 91, 97, 98, 99]",11
3310,"[0, 70, 74, 77, 16, 26, 91, 97, 98, 99]",10
3311,"[0, 70, 74, 77, 16, 26, 91, 97, 98, 99]",10
3312,"[0, 69, 70, 74, 77, 16, 26, 91, 97, 98, 99]",11
3313,"[0, 70, 74, 77, 16, 26, 91, 97, 98, 99]",10
3314,"[0, 70, 74, 77, 16, 26, 91, 97, 98, 99]",10
3315,"[0, 70, 74, 77, 16, 26, 91, 97, 98, 99]",10
3316,"[0, 70, 74, 77, 16, 26, 91, 97, 98, 99]",10
3317,"[0, 70, 74, 77, 16, 26, 91, 97, 98, 99]",10
3318,"[0, 97, 98, 99, 74, 83, 53, 29]",8
3319,"[0, 70, 77, 16, 83, 26, 91, 97, 98, 99, 52]",11
3320,"[0, 70, 74, 77, 16, 22, 26, 91, 97, 98, 99]",11
3321,"[0, 69, 70, 77, 16, 26, 97, 98, 99, 49, 50, 52]",12
3322,"[0, 70, 74, 77, 16, 83, 26, 91, 97, 98, 99]",11
3323,"[0, 70, 74, 77, 16, 26, 91, 97, 98, 99]",10
3324,"[0, 97, 98, 99, 74, 20, 23]",7
3325,"[0, 97, 98, 99, 44, 13, 83, 91]",8
3326,"[0, 74, 13, 83, 91, 29, 32, 97, 98, 99, 37, 42]",12
3327,"[0, 70, 74, 77, 16, 26, 91, 97, 98, 99]",10
3328,"[0, 74, 13, 23, 87, 29, 32, 97, 98, 99, 37, 42]",12
3329,"[0, 69, 70, 74, 77, 16, 26, 91, 97, 98, 99]",11
3330,"[0, 69, 70, 77, 16, 19, 26, 91, 97, 98, 99, 46]",12
3331,"[0, 69, 70, 74, 77, 20, 91, 97, 98, 99]",10
3332,"[0, 74, 77, 13, 83, 91, 29, 97, 98, 99, 37, 42]",12
3333,"[0, 70, 74, 77, 16, 26, 91, 97, 98, 99]",10
3334,"[0, 69, 70, 74, 77, 16, 26, 97, 98, 99]",10
3335,"[0, 74, 23, 29, 93, 97, 98, 35, 99, 46, 53]",11
3336,"[0, 70, 74, 77, 16, 26, 91, 97, 98, 99]",10
3337,"[0, 74, 13, 83, 29, 97, 98, 99, 44, 53]",10
3338,"[0, 97, 98, 99, 74, 23]",6
3339,"[0, 70, 77, 16, 83, 26, 91, 97, 98, 99, 52]",11
3340,"[0, 70, 74, 77, 16, 26, 91, 97, 98, 99]",10
3341,"[0, 97, 98, 99, 74, 83, 53, 29]",8
3342,"[0, 70, 74, 77, 16, 26, 91, 97, 98, 99]",10
3343,"[0, 69, 70, 74, 77, 16, 26, 97, 98, 99]",10
3344,"[0, 70, 74, 77, 16, 26, 91, 97, 98, 99]",10
3345,"[0, 97, 32, 98, 99, 37, 74, 91, 29]",9
3346,"[0, 97, 98, 99, 74, 83, 53, 91, 29]",9
3347,"[0, 70, 77, 16, 20, 26, 91, 97, 98, 99]",10
3348,"[0, 97, 98, 99, 74, 83, 53, 29]",8
3349,"[0, 70, 74, 77, 16, 26, 91, 97, 98, 99]",10
3350,"[0, 70, 74, 77, 16, 26, 91, 97, 98, 99]",10
3351,"[0, 97, 98, 99, 74, 83, 53, 29]",8
3352,"[0, 69, 70, 74, 77, 16, 26, 91, 97, 98, 99]",11
3353,"[0, 97, 98, 99, 74, 83, 53, 91, 29]",9
3354,"[0, 97, 98, 99, 74, 83, 53, 29]",8
3355,"[0, 69, 70, 74, 77, 16, 26, 97, 98, 99]",10
3356,"[0, 32, 97, 98, 99, 37, 74, 91, 29]",9
3357,"[0, 97, 98, 99, 74, 83, 53, 29]",8
3358,"[0, 74, 13, 83, 91, 29, 97, 98, 99, 42]",10
3359,"[0, 97, 98, 99, 74, 77, 83, 53, 29]",9
3360,"[0, 97, 98, 99, 74, 83, 91, 29]",8
3361,"[0, 74, 11, 83, 29, 97, 98, 99, 37, 43, 44, 53]",12
3362,"[0, 74, 13, 83, 91, 29, 97, 98, 99, 37, 42]",11
3363,"[0, 69, 70, 77, 16, 19, 26, 91, 29, 97, 98, 99, 46]",13
3364,"[0, 97, 98, 99, 74, 77, 83, 53, 29]",9
3365,"[0, 69, 70, 77, 16, 19, 26, 97, 98, 99, 46, 50]",12
3366,"[0, 70, 74, 77, 16, 26, 91, 97, 98, 99]",10
3367,"[0, 97, 98, 99, 74, 44, 77, 20, 23]",9
3368,"[0, 97, 98, 99, 74, 83, 53, 29]",8
3369,"[0, 97, 98, 99, 74, 83, 91, 29]",8
3370,"[0, 97, 98, 99, 84, 20]",6
3371,"[0, 69, 70, 77, 16, 19, 26, 97, 98, 99, 46, 50]",12
3372,"[0, 69, 70, 77, 16, 19, 26, 91, 97, 98, 99, 46]",12
3373,"[0, 70, 74, 77, 16, 26, 91, 97, 98, 99]",10
3374,"[0, 97, 98, 99, 74, 20, 23]",7
3375,"[0, 70, 74, 77, 16, 26, 91, 97, 98, 99]",10
3376,"[0, 74, 13, 29, 32, 97, 98, 99, 37, 42]",10
3377,"[0, 69, 70, 77, 16, 19, 26, 91, 97, 98, 99, 46]",12
3378,"[0, 97, 98, 99, 70, 74, 16, 26]",8
3379,"[0, 70, 74, 77, 16, 22, 26, 91, 97, 98, 99]",11
3380,"[0, 69, 70, 74, 77, 16, 26, 91, 97, 98, 99]",11
3381,"[0, 74, 13, 23, 29, 32, 97, 98, 99, 37, 42]",11
3382,"[0, 69, 70, 74, 77, 16, 26, 91, 97, 98, 99]",11
3383,"[0, 69, 70, 77, 16, 26, 91, 29, 97, 98, 99, 50, 52]",13
3384,"[0, 97, 98, 99, 74, 44, 77, 20, 23]",9
3385,"[0, 74, 13, 83, 91, 29, 97, 98, 99, 44]",10
3386,"[0, 70, 74, 77, 16, 26, 91, 97, 98, 99]",10
3387,"[0, 70, 74, 77, 16, 26, 91, 97, 98, 99]",10
3388,"[0, 97, 98, 99, 74, 77, 83, 53, 29]",9
3389,"[0, 69, 70, 77, 16, 19, 26, 91, 97, 98, 99, 46]",12
3390,"[0, 74, 13, 83, 91, 29, 32, 97, 98, 99, 37, 42]",12
3391,"[0, 74, 13, 83, 91, 29, 97, 98, 99, 37, 42]",11
3392,"[0, 69, 70, 77, 16, 20, 26, 91, 97, 98, 99]",11
3393,"[0, 74, 13, 83, 91, 29, 97, 98, 99, 37, 42]",11
3394,"[0, 70, 74, 77, 16, 26, 91, 97, 98, 99]",10
3395,"[0, 70, 74, 77, 16, 26, 91, 97, 98, 99]",10
3396,"[0, 97, 98, 99, 70, 74, 16, 26]",8
3397,"[0, 70, 74, 77, 16, 26, 91, 97, 98, 99]",10
3398,"[0, 69, 70, 74, 77, 16, 26, 91, 97, 98, 99, 50]",12
3399,"[0, 74, 13, 29, 32, 97, 98, 99, 37, 42]",10
3400,"[0, 69, 70, 77, 16, 20, 26, 91, 97, 98, 99]",11
3401,"[0, 70, 77, 16, 26, 91, 97, 98, 99, 52]",10
3402,"[0, 74, 13, 83, 91, 29, 97, 98, 99, 37, 42]",11
3403,"[0, 70, 74, 77, 16, 83, 26, 91, 97, 98, 99]",11
3404,"[0, 74, 13, 83, 91, 29, 97, 98, 99, 42]",10
3405,"[0, 70, 77, 16, 19, 20, 91, 97, 98, 99, 46, 50]",12
3406,"[0, 74, 13, 83, 91, 29, 97, 98, 99, 37, 42]",11
3407,"[0, 70, 74, 77, 16, 26, 91, 97, 98, 99]",10
3408,"[0, 97, 98, 99, 74, 23, 29]",7
3409,"[0, 97, 98, 99, 20, 84, 55]",7
3410,"[0, 70, 74, 77, 16, 26, 91, 97, 98, 99]",10
3411,"[0, 97, 98, 99, 74, 83, 53, 29]",8
3412,"[0, 70, 77, 16, 19, 20, 91, 97, 98, 99, 46]",11
3413,"[0, 69, 70, 74, 77, 16, 26, 97, 98, 99]",10
3414,"[0, 70, 74, 23, 29, 93, 97, 98, 35, 99, 46]",11
3415,"[0, 69, 70, 74, 77, 16, 20, 91, 97, 98, 99]",11
3416,"[0, 70, 74, 77, 16, 26, 91, 97, 98, 99]",10
3417,"[0, 69, 70, 77, 16, 20, 26, 91, 97, 98, 99]",11
3418,"[0, 69, 70, 74, 77, 16, 26, 91, 97, 98, 99, 50]",12
3419,"[0, 74, 77, 83, 23, 91, 29, 32, 97, 98, 99, 37, 53]",13
3420,"[0, 70, 74, 77, 16, 22, 26, 91, 97, 98, 99]",11
3421,"[0, 70, 74, 77, 16, 26, 91, 97, 98, 99]",10
3422,"[0, 70, 74, 77, 16, 26, 91, 97, 98, 99]",10
3423,"[0, 97, 98, 99, 74, 83, 53, 29]",8
3424,"[0, 69, 70, 77, 16, 19, 26, 91, 97, 98, 99, 46, 50]",13
3425,"[0, 69, 70, 77, 16, 20, 26, 91, 97, 98, 99, 50]",12
3426,"[0, 74, 83, 29, 32, 97, 98, 99, 37, 53]",10
3427,"[0, 74, 13, 87, 23, 29, 32, 97, 98, 99, 37, 42]",12
3428,"[0, 69, 70, 74, 77, 16, 26, 91, 97, 98, 99]",11
3429,"[0, 70, 74, 77, 16, 26, 91, 97, 98, 99]",10
3430,"[0, 74, 13, 29, 32, 97, 98, 99, 37, 42]",10
3431,"[0, 70, 74, 77, 16, 26, 91, 97, 98, 99]",10
3432,"[0, 70, 77, 16, 19, 26, 91, 97, 98, 99, 46, 50]",12
3433,"[0, 70, 74, 77, 16, 26, 91, 97, 98, 99]",10
3434,"[0, 74, 13, 83, 87, 91, 29, 97, 98, 99, 37, 42]",12
3435,"[0, 70, 74, 77, 16, 26, 91, 97, 98, 99]",10
3436,"[0, 70, 74, 77, 16, 26, 91, 97, 98, 99]",10
3437,"[0, 64, 74, 77, 13, 22, 91, 97, 98, 99, 42]",11
3438,"[0, 69, 70, 77, 16, 19, 26, 97, 98, 99, 46, 50]",12
3439,"[0, 74, 77, 13, 83, 91, 29, 97, 98, 99, 37, 42]",12
3440,"[0, 70, 74, 77, 16, 26, 91, 97, 98, 99]",10
3441,"[0, 97, 98, 99, 74, 77, 83, 91]",8
3442,"[0, 74, 83, 29, 32, 97, 98, 99, 37, 53]",10
3443,"[0, 74, 13, 87, 23, 29, 32, 97, 98, 99, 37, 42]",12
3444,"[0, 97, 98, 99, 74, 77, 83, 53, 29]",9
3445,"[0, 74, 77, 19, 91, 97, 98, 99, 46, 50]",10
3446,"[0, 70, 74, 77, 16, 26, 91, 97, 98, 99]",10
3447,"[0, 70, 74, 77, 16, 26, 91, 97, 98, 99]",10
3448,"[0, 70, 74, 77, 16, 22, 26, 91, 97, 98, 99]",11
3449,"[0, 70, 77, 16, 19, 26, 97, 98, 99, 46, 50]",11
3450,"[0, 74, 13, 83, 91, 29, 32, 97, 98, 99, 37, 42]",12
3451,"[0, 70, 74, 77, 16, 26, 91, 97, 98, 99]",10
3452,"[0, 70, 74, 77, 16, 26, 91, 97, 98, 99]",10
3453,"[0, 97, 98, 99, 74, 20, 23]",7
3454,"[0, 74, 13, 83, 29, 97, 98, 99, 44, 53]",10
3455,"[0, 70, 74, 77, 16, 26, 91, 97, 98, 99]",10
3456,"[0, 70, 74, 77, 16, 20, 91, 97, 98, 99]",10
3457,"[0, 69, 70, 74, 77, 16, 26, 91, 97, 98, 99, 50]",12
3458,"[0, 74, 13, 83, 91, 29, 97, 98, 99, 37, 42]",11
3459,"[0, 69, 70, 74, 77, 16, 26, 91, 97, 98, 99]",11
3460,"[0, 74, 13, 23, 87, 29, 32, 97, 98, 99, 37, 42]",12
3461,"[0, 69, 70, 74, 77, 16, 26, 97, 98, 99]",10
3462,"[0, 97, 98, 99, 74, 77, 83, 53, 29]",9
3463,"[0, 69, 70, 77, 16, 19, 26, 91, 97, 98, 99, 46]",12
3464,"[0, 97, 98, 99, 74, 77, 46, 50, 19]",9
3465,"[0, 70, 74, 77, 16, 26, 91, 97, 98, 99]",10
3466,"[0, 97, 98, 99, 74, 83, 91, 29]",8
3467,"[0, 74, 13, 87, 23, 29, 32, 97, 98, 99, 37, 42]",12
3468,"[0, 64, 74, 13, 77, 22, 91, 97, 98, 99, 42]",11
3469,"[0, 69, 70, 74, 77, 16, 26, 97, 98, 99]",10
3470,"[0, 97, 98, 99, 74, 83, 53, 29]",8
3471,"[0, 69, 70, 74, 77, 16, 26, 91, 97, 98, 99]",11
3472,"[0, 70, 77, 16, 26, 91, 97, 98, 99, 52]",10
3473,"[0, 74, 13, 23, 29, 32, 97, 98, 99, 37, 42]",11
3474,"[0, 69, 70, 74, 77, 16, 26, 97, 98, 99]",10
3475,"[0, 70, 77, 16, 19, 26, 91, 97, 98, 99, 46, 50]",12
3476,"[0, 97, 98, 99, 77, 52, 91]",7
3477,"[0, 69, 70, 74, 77, 16, 26, 97, 98, 99]",10
3478,"[0, 70, 74, 77, 16, 22, 26, 91, 97, 98, 99]",11
3479,"[0, 69, 70, 74, 77, 16, 26, 91, 97, 98, 99]",11
3480,"[0, 74, 13, 83, 87, 91, 29, 97, 98, 99, 37, 42]",12
3481,"[0, 69, 70, 74, 77, 16, 26, 97, 98, 99]",10
3482,"[0, 70, 77, 16, 26, 91, 97, 98, 99, 52]",10
3483,"[0, 69, 70, 77, 16, 19, 26, 91, 97, 98, 99, 46]",12
3484,"[0, 97, 98, 99, 74, 77, 83, 91]",8
3485,"[0, 69, 70, 74, 77, 16, 26, 91, 97, 98, 99]",11
3486,"[0, 70, 74, 77, 16, 22, 26, 91, 97, 98, 99]",11
3487,"[0, 97, 98, 99, 74, 20, 23]",7
3488,"[0, 69, 70, 74, 77, 16, 26, 91, 97, 98, 99]",11
3489,"[0, 70, 74, 77, 16, 22, 26, 91, 97, 98, 99]",11
3490,"[0, 97, 98, 99, 74, 83, 53, 29]",8
3491,"[0, 97, 98, 99, 74, 83, 53, 91, 29]",9
3492,"[0, 70, 74, 77, 16, 26, 91, 97, 98, 99]",10
3493,"[0, 97, 98, 99, 84, 20, 55]",7
3494,"[0, 70, 77, 16, 19, 26, 91, 97, 98, 99, 46]",11
3495,"[0, 97, 98, 99, 74, 83, 53, 91, 29]",9
3496,"[0, 97, 98, 99, 74, 83, 53, 29]",8
3497,"[0, 69, 70, 77, 16, 20, 26, 91, 97, 98, 99, 50]",12
3498,"[0, 70, 74, 77, 16, 22, 26, 91, 97, 98, 99]",11
3499,"[0, 74, 13, 83, 91, 29, 97, 98, 99, 37, 42]",11
3500,"[0, 97, 98, 99, 74, 20, 23]",7
3501,"[0, 97, 98, 99, 74, 83, 53, 29]",8
3502,"[0, 97, 98, 99, 74, 77, 83, 53, 29]",9
3503,"[0, 97, 98, 99, 74, 77, 83, 53, 29]",9
3504,"[0, 97, 98, 99, 74, 77, 83, 53, 29]",9
3505,"[0, 97, 98, 99, 74, 83, 53, 29]",8
3506,"[0, 69, 70, 74, 77, 16, 26, 91, 97, 98, 99]",11
3507,"[0, 74, 13, 83, 91, 29, 97, 98, 99, 42]",10
3508,"[0, 70, 74, 77, 16, 26, 91, 97, 98, 99]",10
3509,"[0, 70, 74, 77, 16, 26, 91, 97, 98, 99]",10
3510,"[0, 70, 77, 16, 19, 26, 97, 98, 99, 46, 50]",11
3511,"[0, 69, 70, 77, 16, 19, 26, 91, 97, 98, 99, 46]",12
3512,"[0, 97, 98, 99, 74, 83, 53, 29]",8
3513,"[0, 97, 98, 99, 74, 20, 23]",7
3514,"[0, 70, 74, 77, 16, 26, 91, 97, 98, 99]",10
3515,"[0, 69, 70, 74, 77, 16, 26, 97, 98, 99]",10
3516,"[0, 69, 70, 77, 16, 19, 26, 97, 98, 99, 46, 50]",12
3517,"[0, 74, 77, 13, 83, 91, 29, 97, 98, 99, 42]",11
3518,"[0, 74, 13, 29, 32, 97, 98, 99, 37, 42]",10
3519,"[0, 69, 70, 74, 77, 16, 26, 97, 98, 99]",10
3520,"[0, 69, 70, 74, 77, 16, 26, 97, 98, 99]",10
3521,"[0, 74, 13, 83, 91, 29, 97, 98, 99, 37, 42]",11
3522,"[0, 97, 98, 99, 70, 74, 16, 26]",8
3523,"[0, 69, 70, 77, 16, 20, 26, 91, 97, 98, 99]",11
3524,"[0, 69, 70, 74, 77, 16, 26, 97, 98, 99]",10
3525,"[0, 97, 98, 99, 44, 13, 83, 91]",8
3526,"[0, 74, 23, 29, 93, 32, 97, 98, 35, 99, 37, 46, 53]",13
3527,"[0, 69, 70, 77, 16, 20, 26, 91, 97, 98, 99]",11
3528,"[0, 74, 13, 83, 91, 29, 97, 98, 99, 44]",10
3529,"[0, 69, 70, 74, 77, 16, 26, 97, 98, 99]",10
3530,"[0, 97, 98, 99, 69, 70, 74, 77]",8
3531,"[0, 70, 74, 23, 93, 29, 97, 98, 35, 99, 46]",11
3532,"[0, 69, 70, 77, 16, 26, 97, 98, 99, 49, 50, 52]",12
3533,"[0, 69, 70, 77, 16, 19, 26, 97, 98, 99, 46, 50]",12
3534,"[0, 69, 70, 74, 77, 16, 26, 91, 97, 98, 99]",11
3535,"[0, 97, 98, 99, 74, 83, 91, 29]",8
3536,"[0, 74, 13, 87, 23, 29, 32, 97, 98, 99, 37, 42]",12
3537,"[0, 69, 70, 74, 77, 16, 20, 91, 97, 98, 99]",11
3538,"[0, 70, 74, 77, 16, 26, 91, 97, 98, 99]",10
3539,"[0, 32, 97, 98, 99, 37, 74, 91, 29]",9
3540,"[0, 70, 74, 77, 16, 22, 26, 91, 97, 98, 99]",11
3541,"[0, 70, 74, 77, 16, 26, 91, 97, 98, 99]",10
3542,"[0, 69, 70, 74, 77, 16, 26, 91, 97, 98, 99, 50]",12
3543,"[0, 74, 13, 83, 91, 29, 97, 98, 99, 42]",10
3544,"[0, 70, 74, 77, 16, 26, 91, 97, 98, 99]",10
3545,"[0, 69, 70, 77, 16, 19, 26, 97, 98, 99, 46, 50]",12
3546,"[0, 74, 13, 29, 32, 97, 98, 99, 37, 42]",10
3547,"[0, 70, 77, 16, 20, 26, 91, 97, 98, 99]",10
3548,"[0, 97, 98, 99, 74, 83, 53, 29]",8
3549,"[0, 69, 70, 77, 16, 19, 26, 91, 97, 98, 99, 46, 50]",13
3550,"[0, 70, 74, 77, 16, 26, 91, 97, 98, 99]",10
3551,"[0, 69, 70, 74, 77, 20, 91, 97, 98, 99]",10
3552,"[0, 70, 74, 77, 16, 26, 91, 97, 98, 99]",10
3553,"[0, 97, 98, 99, 74, 83, 53, 29]",8
3554,"[0, 70, 77, 16, 19, 26, 97, 98, 99, 46, 50]",11
3555,"[0, 70, 74, 77, 16, 26, 91, 97, 98, 99]",10
3556,"[0, 70, 74, 77, 16, 26, 91, 97, 98, 99]",10
3557,"[0, 74, 13, 83, 91, 29, 32, 97, 98, 99, 37, 42]",12
3558,"[0, 70, 74, 77, 16, 26, 91, 97, 98, 99]",10
3559,"[0, 70, 77, 16, 19, 26, 91, 97, 98, 99, 46, 50]",12
3560,"[0, 69, 70, 77, 16, 19, 26, 91, 97, 98, 99, 46]",12
3561,"[0, 74, 13, 83, 91, 29, 97, 98, 99, 42]",10
3562,"[0, 97, 98, 99, 74, 42, 13, 91, 29]",9
3563,"[0, 69, 70, 74, 77, 16, 26, 97, 98, 99]",10
3564,"[0, 69, 70, 77, 16, 26, 91, 29, 97, 98, 99, 50, 52]",13
3565,"[0, 74, 13, 23, 87, 29, 32, 97, 98, 99, 37, 42]",12
3566,"[0, 69, 70, 77, 16, 20, 26, 91, 97, 98, 99, 50]",12
3567,"[0, 97, 98, 99, 20, 84]",6
3568,"[0, 97, 98, 99, 74, 23]",6
3569,"[0, 97, 98, 99, 77, 46, 19, 20, 91]",9
3570,"[0, 74, 13, 29, 32, 97, 98, 99, 37, 42]",10
3571,"[0, 70, 74, 77, 16, 26, 91, 97, 98, 99]",10
3572,"[0, 70, 74, 77, 16, 26, 91, 97, 98, 99]",10
3573,"[0, 97, 98, 99, 74, 23]",6
3574,"[0, 97, 98, 99, 74, 83, 53, 29]",8
3575,"[0, 70, 74, 77, 16, 26, 91, 97, 98, 99]",10
3576,"[0, 70, 74, 77, 16, 26, 91, 97, 98, 99]",10
3577,"[0, 70, 77, 16, 20, 26, 91, 97, 98, 99]",10
3578,"[0, 74, 13, 83, 29, 97, 98, 99, 44, 53]",10
3579,"[0, 97, 98, 99, 74, 77, 83, 91]",8
3580,"[0, 74, 11, 83, 29, 97, 98, 99, 37, 43, 44, 53]",12
3581,"[0, 97, 98, 99, 74, 83, 53, 29]",8
3582,"[0, 70, 74, 77, 16, 26, 91, 97, 98, 99]",10
3583,"[0, 70, 74, 77, 16, 26, 91, 97, 98, 99]",10
3584,"[0, 74, 13, 83, 91, 29, 32, 97, 98, 99, 37, 42]",12
3585,"[0, 69, 70, 77, 16, 20, 26, 91, 97, 98, 99]",11
3586,"[0, 74, 83, 29, 32, 97, 98, 99, 37, 53]",10
3587,"[0, 69, 70, 74, 77, 16, 26, 97, 98, 99, 50]",11
3588,"[0, 70, 74, 77, 16, 26, 91, 97, 98, 99]",10
3589,"[0, 70, 74, 77, 16, 26, 91, 97, 98, 99]",10
3590,"[0, 74, 77, 83, 23, 91, 29, 32, 97, 98, 99, 37, 53]",13
3591,"[0, 69, 70, 77, 16, 19, 26, 91, 97, 98, 99, 46, 50]",13
3592,"[0, 70, 74, 77, 16, 26, 91, 97, 98, 99]",10
3593,"[0, 97, 98, 99, 70, 74, 16, 26]",8
3594,"[0, 97, 98, 99, 74, 83, 53, 29]",8
3595,"[0, 74, 77, 83, 29, 32, 97, 98, 99, 37, 53]",11
3596,"[0, 70, 74, 77, 16, 26, 91, 97, 98, 99]",10
3597,"[0, 74, 13, 83, 91, 29, 97, 98, 99, 42]",10
3598,"[0, 70, 74, 77, 16, 26, 91, 97, 98, 99]",10
3599,"[0, 97, 98, 99, 74, 77, 83, 91]",8
3600,"[0, 70, 77, 16, 19, 20, 91, 97, 98, 99, 46, 50]",12
3601,"[0, 97, 98, 99, 74, 77, 83, 53, 29]",9
3602,"[0, 97, 98, 99, 74, 83, 53, 29]",8
3603,"[0, 97, 98, 99, 20, 84]",6
3604,"[0, 69, 70, 77, 16, 19, 26, 91, 97, 98, 99, 46]",12
3605,"[0, 69, 70, 77, 16, 20, 26, 91, 97, 98, 99]",11
3606,"[0, 69, 70, 74, 77, 16, 26, 91, 97, 98, 99]",11
3607,"[0, 97, 98, 99, 70, 74, 16, 26]",8
3608,"[0, 70, 74, 77, 16, 26, 91, 97, 98, 99]",10
3609,"[0, 74, 77, 83, 29, 32, 97, 98, 99, 37, 53]",11
3610,"[0, 69, 70, 77, 16, 19, 26, 91, 29, 97, 98, 99, 46]",13
3611,"[0, 70, 74, 77, 16, 26, 91, 97, 98, 99]",10
3612,"[0, 70, 74, 77, 16, 26, 91, 97, 98, 99]",10
3613,"[0, 69, 70, 77, 16, 20, 26, 91, 97, 98, 99, 50]",12
3614,"[0, 97, 98, 99, 74, 23]",6
3615,"[0, 70, 74, 77, 16, 26, 91, 97, 98, 99]",10
3616,"[0, 69, 70, 77, 16, 20, 26, 91, 97, 98, 99]",11
3617,"[0, 74, 77, 13, 83, 91, 29, 97, 98, 99, 42]",11
3618,"[0, 69, 70, 77, 16, 20, 26, 91, 97, 98, 99]",11
3619,"[0, 97, 98, 99, 74, 83, 53, 29]",8
3620,"[0, 97, 98, 99, 74, 20, 23]",7
3621,"[0, 69, 70, 77, 16, 19, 26, 97, 98, 99, 46, 50]",12
3622,"[0, 69, 70, 77, 16, 19, 26, 97, 98, 99, 46, 50]",12
3623,"[0, 64, 74, 77, 13, 22, 91, 97, 98, 99, 42]",11
3624,"[0, 74, 77, 19, 91, 97, 98, 99, 46, 50]",10
3625,"[0, 97, 98, 99, 74, 83, 53, 29]",8
3626,"[0, 70, 74, 77, 16, 26, 91, 97, 98, 99]",10
3627,"[0, 70, 74, 77, 16, 26, 91, 97, 98, 99]",10
3628,"[0, 97, 98, 99, 74, 83, 53, 29]",8
3629,"[0, 70, 74, 77, 16, 26, 91, 97, 98, 99]",10
3630,"[0, 69, 70, 77, 16, 26, 91, 29, 97, 98, 99, 50, 52]",13
3631,"[0, 69, 70, 77, 16, 19, 26, 97, 98, 99, 46, 50]",12
3632,"[0, 69, 70, 74, 77, 16, 26, 91, 97, 98, 99]",11
3633,"[0, 69, 70, 74, 77, 16, 26, 91, 97, 98, 99]",11
3634,"[0, 97, 98, 99, 74, 77, 83, 91]",8
3635,"[0, 74, 13, 91, 29, 97, 98, 99, 37, 42]",10
3636,"[0, 70, 74, 77, 16, 26, 91, 97, 98, 99]",10
3637,"[0, 70, 77, 16, 26, 91, 97, 98, 99, 52]",10
3638,"[0, 70, 74, 77, 16, 26, 91, 97, 98, 99]",10
3639,"[0, 70, 77, 16, 19, 26, 91, 97, 98, 99, 46, 50]",12
3640,"[0, 97, 98, 99, 74, 77, 83, 53, 29]",9
3641,"[0, 70, 74, 77, 16, 26, 91, 97, 98, 99]",10
3642,"[0, 69, 70, 74, 77, 16, 26, 91, 97, 98, 99]",11
3643,"[0, 97, 98, 99, 74, 83, 53, 29]",8
3644,"[0, 74, 13, 83, 91, 29, 97, 98, 99, 42]",10
3645,"[0, 97, 98, 99, 70, 74, 16, 26]",8
3646,"[0, 69, 70, 77, 16, 20, 26, 91, 97, 98, 99]",11
3647,"[0, 70, 74, 77, 16, 26, 91, 97, 98, 99]",10
3648,"[0, 69, 70, 74, 77, 16, 26, 97, 98, 99]",10
3649,"[0, 97, 98, 99, 70, 74, 16, 26]",8
3650,"[0, 70, 74, 77, 16, 26, 91, 97, 98, 99]",10
3651,"[0, 97, 98, 99, 74, 83, 53, 29]",8
3652,"[0, 69, 70, 74, 77, 16, 26, 97, 98, 99]",10
3653,"[0, 69, 70, 74, 77, 16, 26, 97, 98, 99]",10
3654,"[0, 69, 70, 74, 77, 20, 91, 97, 98, 99]",10
3655,"[0, 69, 70, 77, 16, 19, 26, 91, 97, 98, 99, 46, 50]",13
3656,"[0, 97, 98, 99, 84, 20, 55]",7
3657,"[0, 69, 70, 77, 16, 19, 26, 97, 98, 99, 46, 50]",12
3658,"[0, 70, 74, 77, 16, 26, 91, 97, 98, 99]",10
3659,"[0, 74, 13, 83, 91, 29, 97, 98, 99, 42]",10
3660,"[0, 32, 97, 98, 99, 37, 74, 91, 29]",9
3661,"[0, 74, 13, 83, 29, 97, 98, 99, 44, 53]",10
3662,"[0, 74, 77, 13, 83, 91, 29, 97, 98, 99, 42]",11
3663,"[0, 70, 77, 16, 20, 26, 91, 97, 98, 99]",10
3664,"[0, 97, 98, 99, 74, 20, 23]",7
3665,"[0, 70, 74, 77, 16, 26, 91, 97, 98, 99]",10
3666,"[0, 74, 77, 83, 29, 32, 97, 98, 99, 37, 53]",11
3667,"[0, 97, 98, 99, 74, 77, 83, 91]",8
3668,"[0, 97, 98, 99, 74, 83, 53, 29]",8
3669,"[0, 74, 13, 29, 32, 97, 98, 99, 37, 42]",10
3670,"[0, 70, 74, 77, 16, 26, 91, 97, 98, 99]",10
3671,"[0, 69, 70, 77, 16, 19, 26, 91, 97, 98, 99, 46, 50]",13
3672,"[0, 70, 74, 77, 16, 26, 91, 97, 98, 99]",10
3673,"[0, 70, 77, 16, 20, 26, 91, 97, 98, 99]",10
3674,"[0, 97, 98, 99, 74, 83, 53, 29]",8
3675,"[0, 74, 13, 87, 23, 29, 32, 97, 98, 99, 37, 42]",12
3676,"[0, 97, 98, 99, 44, 13, 83, 91]",8
3677,"[0, 74, 11, 83, 29, 97, 98, 99, 37, 43, 44, 53]",12
3678,"[0, 70, 74, 77, 16, 26, 91, 97, 98, 99]",10
3679,"[0, 69, 70, 77, 16, 19, 26, 97, 98, 99, 46, 50]",12
3680,"[0, 97, 98, 99, 74, 83, 53, 29]",8
3681,"[0, 74, 13, 87, 23, 29, 32, 97, 98, 99, 37, 42]",12
3682,"[0, 74, 13, 29, 32, 97, 98, 99, 37, 42]",10
3683,"[0, 70, 77, 16, 19, 26, 91, 97, 98, 99, 46, 50]",12
3684,"[0, 74, 13, 23, 87, 29, 32, 97, 98, 99, 37, 42]",12
3685,"[0, 97, 98, 99, 74, 77, 83, 53, 29]",9
3686,"[0, 69, 70, 74, 77, 16, 26, 97, 98, 99]",10
3687,"[0, 97, 98, 99, 77, 46, 19, 20, 91]",9
3688,"[0, 97, 98, 99, 74, 42, 13, 91, 29]",9
3689,"[0, 70, 74, 77, 16, 26, 91, 97, 98, 99]",10
3690,"[0, 97, 98, 99, 74, 77, 83, 53, 29]",9
3691,"[0, 69, 70, 74, 77, 16, 26, 91, 97, 98, 99, 50]",12
3692,"[0, 69, 70, 74, 77, 16, 26, 97, 98, 99]",10
3693,"[0, 70, 74, 77, 16, 26, 91, 97, 98, 99]",10
3694,"[0, 69, 70, 74, 77, 16, 26, 91, 97, 98, 99, 50]",12
3695,"[0, 97, 98, 99, 74, 83, 91, 29]",8
3696,"[0, 70, 74, 77, 16, 26, 91, 97, 98, 99]",10
3697,"[0, 74, 13, 87, 23, 29, 32, 97, 98, 99, 37, 42]",12
3698,"[0, 74, 13, 83, 91, 29, 97, 98, 99, 44]",10
3699,"[0, 69, 70, 74, 77, 16, 26, 97, 98, 99]",10
3700,"[0, 70, 74, 77, 16, 26, 91, 97, 98, 99]",10
3701,"[0, 69, 70, 74, 77, 20, 91, 97, 98, 99]",10
3702,"[0, 70, 74, 77, 16, 26, 91, 97, 98, 99]",10
3703,"[0, 97, 98, 99, 74, 77, 83, 53, 29]",9
3704,"[0, 74, 13, 83, 91, 29, 32, 97, 98, 99, 37, 42]",12
3705,"[0, 69, 70, 77, 16, 19, 26, 91, 97, 98, 99, 46]",12
3706,"[0, 97, 98, 99, 74, 83, 53, 29]",8
3707,"[0, 69, 70, 74, 77, 16, 26, 97, 98, 99]",10
3708,"[0, 69, 70, 77, 16, 19, 26, 97, 98, 99, 46, 50]",12
3709,"[0, 69, 70, 77, 16, 20, 26, 91, 97, 98, 99, 50]",12
3710,"[0, 69, 70, 74, 77, 16, 26, 97, 98, 99]",10
3711,"[0, 97, 98, 99, 74, 44, 77, 20, 23]",9
3712,"[0, 69, 70, 74, 77, 16, 26, 91, 97, 98, 99]",11
3713,"[0, 74, 13, 23, 29, 32, 97, 98, 99, 37, 42]",11
3714,"[0, 74, 13, 83, 91, 29, 32, 97, 98, 99, 37, 42]",12
3715,"[0, 97, 98, 99, 77, 83, 52, 91]",8
3716,"[0, 69, 70, 77, 16, 19, 26, 91, 97, 98, 99, 46, 50]",13
3717,"[0, 74, 13, 83, 87, 91, 29, 97, 98, 99, 37, 42]",12
3718,"[0, 70, 77, 16, 19, 20, 91, 97, 98, 99, 46, 50]",12
3719,"[0, 69, 70, 74, 77, 16, 26, 91, 97, 98, 99]",11
3720,"[0, 97, 98, 99, 74, 83, 91, 29]",8
3721,"[0, 70, 74, 23, 93, 29, 97, 98, 35, 99, 46]",11
3722,"[0, 70, 74, 77, 16, 26, 91, 97, 98, 99]",10
3723,"[0, 69, 70, 77, 16, 20, 26, 91, 97, 98, 99]",11
3724,"[0, 70, 74, 77, 16, 26, 91, 97, 98, 99]",10
3725,"[0, 70, 77, 16, 20, 26, 91, 97, 98, 99]",10
3726,"[0, 74, 13, 91, 29, 97, 98, 99, 37, 42]",10
3727,"[0, 70, 74, 77, 16, 26, 91, 97, 98, 99]",10
3728,"[0, 97, 98, 99, 74, 23]",6
3729,"[0, 69, 70, 74, 77, 16, 26, 97, 98, 99]",10
3730,"[0, 74, 23, 29, 93, 97, 98, 35, 99, 46, 53]",11
3731,"[0, 74, 77, 83, 23, 91, 29, 32, 97, 98, 99, 37, 53]",13
3732,"[0, 70, 74, 77, 16, 26, 91, 97, 98, 99]",10
3733,"[0, 97, 98, 99, 74, 77, 83, 91]",8
3734,"[0, 97, 98, 99, 74, 44, 77, 20, 23]",9
3735,"[0, 74, 13, 83, 91, 29, 97, 98, 99, 37, 42]",11
3736,"[0, 70, 74, 77, 16, 26, 91, 97, 98, 99]",10
3737,"[0, 74, 13, 83, 29, 97, 98, 99, 44, 53]",10
3738,"[0, 69, 70, 74, 77, 16, 26, 97, 98, 99]",10
3739,"[0, 69, 70, 77, 16, 26, 97, 98, 99, 49, 50, 52]",12
3740,"[0, 70, 74, 77, 16, 26, 91, 97, 98, 99]",10
3741,"[0, 70, 74, 77, 16, 26, 91, 97, 98, 99]",10
3742,"[0, 70, 74, 77, 16, 26, 91, 97, 98, 99]",10
3743,"[0, 97, 98, 99, 74, 77, 91]",7
3744,"[0, 70, 74, 77, 16, 26, 91, 97, 98, 99]",10
3745,"[0, 97, 98, 99, 74, 83, 53, 91, 29]",9
3746,"[0, 70, 74, 77, 16, 22, 26, 91, 97, 98, 99]",11
3747,"[0, 97, 98, 99, 77, 83, 52, 91]",8
3748,"[0, 97, 98, 99, 42, 74, 13, 91, 29]",9
3749,"[0, 74, 13, 23, 29, 32, 97, 98, 99, 37, 42]",11
3750,"[0, 97, 98, 99, 74, 83, 53, 29]",8
3751,"[0, 69, 70, 74, 77, 16, 26, 97, 98, 99]",10
3752,"[0, 97, 98, 99, 77, 46, 19, 20, 91]",9
3753,"[0, 70, 74, 77, 16, 26, 91, 97, 98, 99]",10
3754,"[0, 69, 70, 77, 16, 19, 26, 97, 98, 99, 46, 50]",12
3755,"[0, 97, 98, 99, 74, 83, 53, 29]",8
3756,"[0, 69, 70, 74, 77, 16, 26, 91, 97, 98, 99]",11
3757,"[0, 74, 14, 83, 29, 94, 97, 98, 99, 53]",10
3758,"[0, 69, 70, 77, 16, 26, 91, 29, 97, 98, 99, 50, 52]",13
3759,"[0, 70, 74, 77, 16, 26, 91, 97, 98, 99]",10
3760,"[0, 70, 77, 16, 19, 20, 91, 97, 98, 99, 46, 50]",12
3761,"[0, 97, 98, 99, 20, 84, 55]",7
3762,"[0, 97, 98, 99, 74, 77, 83, 91]",8
3763,"[0, 97, 98, 99, 74, 83, 53, 29]",8
3764,"[0, 97, 98, 99, 77, 20, 91]",7
3765,"[0, 97, 98, 99, 74, 77, 83, 91]",8
3766,"[0, 70, 74, 77, 16, 26, 91, 97, 98, 99]",10
3767,"[0, 97, 98, 99, 74, 83, 53, 29]",8
3768,"[0, 70, 74, 77, 16, 26, 91, 97, 98, 99]",10
3769,"[0, 70, 74, 77, 16, 26, 91, 97, 98, 99]",10
3770,"[0, 70, 74, 77, 16, 26, 91, 97, 98, 99]",10
3771,"[0, 74, 77, 83, 29, 32, 97, 98, 99, 37, 53]",11
3772,"[0, 97, 98, 99, 74, 42, 13, 91, 29]",9
3773,"[0, 74, 13, 83, 29, 97, 98, 99, 44, 53]",10
3774,"[0, 69, 70, 77, 16, 19, 26, 91, 97, 98, 99, 46, 50]",13
3775,"[0, 97, 98, 99, 74, 77, 83, 53, 29]",9
3776,"[0, 97, 98, 99, 74, 77, 83, 53, 29]",9
3777,"[0, 97, 98, 99, 77, 83, 52, 91]",8
3778,"[0, 69, 70, 74, 77, 16, 26, 91, 97, 98, 99]",11
3779,"[0, 70, 74, 77, 16, 26, 91, 97, 98, 99]",10
3780,"[0, 97, 98, 99, 77, 83, 52, 91]",8
3781,"[0, 74, 13, 23, 29, 32, 97, 98, 99, 37, 42]",11
3782,"[0, 74, 13, 23, 87, 29, 32, 97, 98, 99, 37, 42]",12
3783,"[0, 74, 13, 87, 23, 29, 32, 97, 98, 99, 37, 42]",12
3784,"[0, 70, 74, 77, 16, 26, 91, 97, 98, 99]",10
3785,"[0, 74, 13, 83, 91, 29, 97, 98, 99, 42]",10
3786,"[0, 74, 13, 91, 29, 97, 98, 99, 37, 42]",10
3787,"[0, 74, 13, 23, 29, 32, 97, 98, 99, 37, 42]",11
3788,"[0, 97, 98, 99, 74, 29]",6
3789,"[0, 97, 98, 99, 74, 20, 23]",7
3790,"[0, 74, 11, 83, 29, 97, 98, 99, 37, 43, 44, 53]",12
3791,"[0, 70, 74, 77, 16, 26, 91, 97, 98, 99]",10
3792,"[0, 70, 74, 77, 16, 26, 91, 97, 98, 99]",10
3793,"[0, 69, 70, 77, 16, 19, 26, 91, 29, 97, 98, 99, 46]",13
3794,"[0, 74, 13, 83, 29, 97, 98, 99, 44, 53]",10
3795,"[0, 97, 98, 99, 74, 44, 77, 20, 23]",9
3796,"[0, 69, 70, 74, 77, 16, 26, 97, 98, 99, 50]",11
3797,"[0, 70, 74, 77, 16, 26, 91, 97, 98, 99]",10
3798,"[0, 69, 70, 77, 16, 20, 26, 91, 97, 98, 99]",11
3799,"[0, 97, 98, 99, 74, 83, 53, 29]",8
3800,"[0, 69, 70, 74, 77, 20, 91, 97, 98, 99]",10
3801,"[0, 70, 74, 77, 16, 26, 91, 97, 98, 99]",10
3802,"[0, 70, 74, 77, 16, 26, 91, 97, 98, 99]",10
3803,"[0, 69, 70, 77, 16, 20, 26, 91, 97, 98, 99, 50]",12
3804,"[0, 69, 70, 74, 77, 16, 26, 91, 97, 98, 99]",11
3805,"[0, 97, 98, 99, 74, 83, 53, 29]",8
3806,"[0, 70, 77, 16, 19, 26, 91, 97, 98, 99, 46, 50]",12
3807,"[0, 69, 70, 74, 77, 16, 26, 97, 98, 99]",10
3808,"[0, 74, 13, 83, 87, 91, 29, 97, 98, 99, 37, 42]",12
3809,"[0, 74, 77, 13, 83, 91, 29, 97, 98, 99, 37, 42]",12
3810,"[0, 69, 70, 74, 77, 16, 26, 97, 98, 99]",10
3811,"[0, 74, 13, 23, 87, 29, 32, 97, 98, 99, 37, 42]",12
3812,"[0, 69, 70, 74, 77, 16, 26, 91, 97, 98, 99]",11
3813,"[0, 74, 77, 83, 91, 29, 97, 98, 35, 99, 37, 44]",12
3814,"[0, 64, 74, 13, 77, 83, 91, 97, 98, 99, 42]",11
3815,"[0, 70, 74, 77, 16, 26, 91, 97, 98, 99]",10
3816,"[0, 74, 13, 87, 23, 29, 32, 97, 98, 99, 37, 42]",12
3817,"[0, 97, 98, 99, 74, 83, 53, 91, 29]",9
3818,"[0, 74, 13, 23, 29, 32, 97, 98, 99, 37, 42]",11
3819,"[0, 70, 74, 77, 16, 26, 91, 97, 98, 99]",10
3820,"[0, 97, 98, 99, 74, 83, 53, 29]",8
3821,"[0, 97, 98, 99, 74, 77, 83, 53, 29]",9
3822,"[0, 74, 13, 83, 91, 29, 97, 98, 99, 37, 42]",11
3823,"[0, 69, 70, 74, 77, 16, 26, 97, 98, 99]",10
3824,"[0, 70, 74, 77, 16, 26, 91, 97, 98, 99]",10
3825,"[0, 74, 13, 23, 29, 32, 97, 98, 99, 37, 42]",11
3826,"[0, 74, 77, 19, 91, 97, 98, 99, 46, 50]",10
3827,"[0, 70, 74, 77, 16, 26, 91, 97, 98, 99]",10
3828,"[0, 97, 98, 99, 74, 77, 83, 53, 29]",9
3829,"[0, 69, 70, 77, 16, 19, 26, 91, 97, 98, 99, 46]",12
3830,"[0, 69, 70, 77, 16, 19, 26, 97, 98, 99, 46, 50]",12
3831,"[0, 69, 70, 77, 16, 26, 29, 97, 98, 99, 49, 50, 52]",13
3832,"[0, 70, 74, 23, 93, 29, 97, 98, 35, 99, 46]",11
3833,"[0, 69, 70, 74, 77, 16, 26, 91, 97, 98, 99, 50]",12
3834,"[0, 97, 98, 99, 74, 20, 23]",7
3835,"[0, 69, 70, 77, 16, 19, 26, 91, 29, 97, 98, 99, 46]",13
3836,"[0, 70, 77, 16, 26, 91, 97, 98, 99, 52]",10
3837,"[0, 70, 77, 16, 20, 26, 91, 97, 98, 99]",10
3838,"[0, 70, 74, 77, 16, 22, 26, 91, 97, 98, 99]",11
3839,"[0, 97, 98, 99, 44, 13, 83, 91]",8
3840,"[0, 69, 70, 74, 77, 20, 91, 97, 98, 99]",10
3841,"[0, 97, 98, 99, 74, 83, 53, 29]",8
3842,"[0, 97, 98, 99, 74, 44, 77, 23]",8
3843,"[0, 69, 70, 77, 16, 19, 26, 97, 98, 99, 46, 50]",12
3844,"[0, 70, 74, 77, 16, 26, 91, 97, 98, 99]",10
3845,"[0, 97, 98, 99, 74, 83, 53, 29]",8
3846,"[0, 97, 98, 99, 74, 83, 53, 29]",8
3847,"[0, 70, 74, 77, 16, 26, 91, 97, 98, 99]",10
3848,"[0, 70, 74, 77, 16, 26, 91, 97, 98, 99]",10
3849,"[0, 69, 70, 77, 16, 19, 26, 91, 97, 98, 99, 46, 50]",13
3850,"[0, 70, 74, 77, 16, 26, 91, 97, 98, 99]",10
3851,"[0, 70, 74, 77, 16, 26, 91, 97, 98, 99]",10
3852,"[0, 74, 77, 83, 29, 32, 97, 98, 99, 37, 53]",11
3853,"[0, 69, 70, 74, 77, 16, 26, 91, 97, 98, 99]",11
3854,"[0, 97, 98, 99, 84, 20]",6
3855,"[0, 97, 98, 99, 74, 83, 53, 29]",8
3856,"[0, 74, 23, 29, 93, 97, 98, 35, 99, 46]",10
3857,"[0, 74, 13, 23, 91, 29, 97, 98, 99, 37, 42]",11
3858,"[0, 70, 74, 77, 16, 26, 91, 97, 98, 99]",10
3859,"[0, 69, 70, 77, 16, 20, 26, 91, 97, 98, 99]",11
3860,"[0, 97, 98, 99, 69, 70, 77, 20, 91]",9
3861,"[0, 97, 98, 99, 74, 77, 83, 91]",8
3862,"[0, 70, 74, 77, 16, 26, 91, 97, 98, 99]",10
3863,"[0, 97, 98, 99, 70, 74, 16, 26]",8
3864,"[0, 69, 70, 77, 16, 19, 26, 91, 29, 97, 98, 99, 46]",13
3865,"[0, 97, 98, 99, 74, 77, 91]",7
3866,"[0, 70, 74, 77, 16, 26, 91, 97, 98, 99]",10
3867,"[0, 74, 23, 91, 29, 32, 97, 98, 99, 37]",10
3868,"[0, 69, 70, 74, 77, 16, 26, 97, 98, 99]",10
3869,"[0, 69, 70, 77, 16, 20, 26, 91, 97, 98, 99, 50]",12
3870,"[0, 69, 70, 74, 77, 16, 26, 97, 98, 99]",10
3871,"[0, 69, 70, 77, 16, 19, 26, 97, 98, 99, 46, 50]",12
3872,"[0, 74, 13, 83, 91, 29, 97, 98, 99, 37, 42]",11
3873,"[0, 70, 74, 77, 16, 26, 91, 97, 98, 99]",10
3874,"[0, 74, 13, 91, 29, 97, 98, 99, 37, 42]",10
3875,"[0, 70, 77, 16, 20, 26, 91, 97, 98, 99]",10
3876,"[0, 69, 70, 74, 77, 16, 26, 97, 98, 99]",10
3877,"[0, 74, 13, 83, 91, 29, 97, 98, 99, 44]",10
3878,"[0, 69, 70, 77, 16, 19, 26, 91, 97, 98, 99, 46, 50]",13
3879,"[0, 70, 77, 16, 19, 26, 91, 97, 98, 99, 46, 50]",12
3880,"[0, 70, 74, 77, 16, 26, 91, 97, 98, 99]",10
3881,"[0, 97, 98, 99, 74, 44, 77, 20, 23]",9
3882,"[0, 70, 77, 16, 20, 26, 91, 97, 98, 99]",10
3883,"[0, 69, 70, 74, 77, 16, 26, 97, 98, 99]",10
3884,"[0, 70, 74, 77, 16, 26, 91, 97, 98, 99]",10
3885,"[0, 97, 98, 99, 74, 83, 91, 29]",8
3886,"[0, 69, 70, 77, 16, 19, 26, 97, 98, 99, 46, 50]",12
3887,"[0, 70, 74, 77, 16, 26, 91, 97, 98, 99]",10
3888,"[0, 74, 13, 91, 29, 97, 98, 99, 37, 42]",10
3889,"[0, 97, 98, 99, 69, 70, 77, 20, 91]",9
3890,"[0, 74, 13, 83, 91, 29, 32, 97, 98, 99, 37, 42]",12
3891,"[0, 74, 77, 83, 23, 91, 29, 32, 97, 98, 99, 37, 53]",13
3892,"[0, 70, 74, 77, 16, 26, 91, 97, 98, 99]",10
3893,"[0, 69, 70, 74, 77, 16, 26, 91, 97, 98, 99, 50]",12
3894,"[0, 69, 70, 74, 77, 16, 26, 97, 98, 99]",10
3895,"[0, 70, 74, 77, 16, 26, 91, 97, 98, 99]",10
3896,"[0, 97, 98, 99, 74, 23]",6
3897,"[0, 74, 13, 83, 23, 91, 29, 32, 97, 98, 99, 37, 42]",13
3898,"[0, 70, 74, 77, 16, 26, 91, 97, 98, 99]",10
3899,"[0, 70, 74, 77, 16, 26, 91, 97, 98, 99]",10
3900,"[0, 97, 98, 99, 74, 77, 91]",7
3901,"[0, 70, 74, 77, 16, 26, 91, 97, 98, 99]",10
3902,"[0, 69, 70, 74, 77, 16, 26, 91, 97, 98, 99]",11
3903,"[0, 97, 98, 99, 74, 83, 53, 29]",8
3904,"[0, 97, 98, 99, 74, 77, 83, 91]",8
3905,"[0, 69, 70, 77, 16, 26, 91, 29, 97, 98, 99, 50, 52]",13
3906,"[0, 69, 70, 74, 77, 16, 26, 91, 97, 98, 99]",11
3907,"[0, 69, 70, 77, 16, 19, 26, 97, 98, 99, 46, 50]",12
3908,"[0, 69, 70, 77, 16, 19, 26, 97, 98, 99, 46, 50]",12
3909,"[0, 74, 77, 83, 29, 32, 97, 98, 99, 37, 53]",11
3910,"[0, 69, 70, 77, 16, 19, 26, 91, 97, 98, 99, 46]",12
3911,"[0, 97, 98, 99, 77, 46, 19, 20, 91]",9
3912,"[0, 97, 98, 99, 74, 77, 91]",7
3913,"[0, 97, 98, 99, 74, 83, 91, 29]",8
3914,"[0, 97, 98, 99, 74, 83, 53, 29]",8
3915,"[0, 70, 74, 77, 16, 26, 91, 97, 98, 99]",10
3916,"[0, 74, 13, 83, 29, 97, 98, 99, 44, 53]",10
3917,"[0, 70, 74, 77, 16, 22, 26, 91, 97, 98, 99]",11
3918,"[0, 70, 77, 16, 20, 26, 91, 97, 98, 99]",10
3919,"[0, 74, 13, 91, 29, 97, 98, 99, 37, 42]",10
3920,"[0, 74, 13, 83, 29, 97, 98, 99, 44, 45, 53]",11
3921,"[0, 97, 98, 99, 69, 70, 77, 20, 91]",9
3922,"[0, 97, 98, 99, 74, 83, 53, 29]",8
3923,"[0, 64, 74, 77, 13, 22, 91, 97, 98, 99, 42]",11
3924,"[0, 74, 13, 83, 91, 29, 97, 98, 99, 37, 42]",11
3925,"[0, 69, 70, 74, 77, 20, 91, 97, 98, 99]",10
3926,"[0, 69, 70, 74, 77, 16, 26, 97, 98, 99]",10
3927,"[0, 70, 74, 77, 16, 22, 26, 91, 97, 98, 99]",11
3928,"[0, 97, 98, 99, 74, 83, 91, 29]",8
3929,"[0, 70, 74, 77, 16, 26, 91, 97, 98, 99]",10
3930,"[0, 69, 70, 77, 16, 19, 26, 91, 97, 98, 99, 46, 50]",13
3931,"[0, 97, 98, 99, 74, 77, 83, 53, 29]",9
3932,"[0, 70, 74, 77, 16, 26, 91, 97, 98, 99]",10
3933,"[0, 74, 77, 83, 23, 29, 32, 97, 98, 99, 37, 53]",12
3934,"[0, 69, 70, 77, 16, 20, 26, 91, 97, 98, 99, 50]",12
3935,"[0, 70, 74, 77, 16, 26, 91, 97, 98, 99]",10
3936,"[0, 69, 70, 74, 77, 16, 26, 97, 98, 99]",10
3937,"[0, 74, 13, 83, 91, 29, 97, 98, 99, 44]",10
3938,"[0, 69, 70, 74, 77, 16, 26, 97, 98, 99]",10
3939,"[0, 74, 13, 87, 23, 29, 32, 97, 98, 99, 37, 42]",12
3940,"[0, 70, 74, 77, 16, 26, 91, 97, 98, 99]",10
3941,"[0, 74, 13, 87, 23, 29, 32, 97, 98, 99, 37, 42]",12
3942,"[0, 74, 13, 83, 87, 91, 29, 97, 98, 99, 37, 42]",12
3943,"[0, 97, 98, 99, 74, 83, 53, 29]",8
3944,"[0, 70, 74, 77, 16, 26, 91, 97, 98, 99]",10
3945,"[0, 70, 77, 16, 19, 26, 97, 98, 99, 46, 50]",11
3946,"[0, 70, 77, 16, 19, 26, 91, 97, 98, 99, 46, 50]",12
3947,"[0, 97, 98, 99, 70, 74, 16, 26]",8
3948,"[0, 74, 77, 13, 83, 91, 29, 97, 98, 99, 37, 42]",12
3949,"[0, 97, 98, 99, 74, 77, 83, 91]",8
3950,"[0, 70, 74, 77, 16, 26, 91, 97, 98, 99]",10
3951,"[0, 97, 98, 99, 69, 70, 77, 20, 91]",9
3952,"[0, 97, 98, 99, 42, 74, 13, 91, 29]",9
3953,"[0, 69, 70, 77, 16, 19, 26, 97, 98, 99, 46, 50]",12
3954,"[0, 97, 98, 99, 69, 70, 77, 20, 91]",9
3955,"[0, 74, 13, 83, 23, 91, 29, 32, 97, 98, 99, 37, 42]",13
3956,"[0, 74, 23, 93, 29, 32, 97, 98, 35, 99, 37, 46]",12
3957,"[0, 69, 70, 74, 77, 16, 26, 97, 98, 99]",10
3958,"[0, 69, 70, 74, 77, 20, 91, 97, 98, 99]",10
3959,"[0, 74, 13, 83, 91, 29, 97, 98, 99, 37, 42]",11
3960,"[0, 97, 98, 99, 74, 20, 23]",7
3961,"[0, 97, 98, 99, 74, 77, 83, 53, 29]",9
3962,"[0, 69, 70, 77, 16, 20, 26, 91, 97, 98, 99, 50]",12
3963,"[0, 69, 70, 74, 77, 16, 26, 91, 97, 98, 99, 50]",12
3964,"[0, 97, 98, 99, 20]",5
3965,"[0, 70, 77, 16, 20, 26, 91, 97, 98, 99]",10
3966,"[0, 69, 70, 74, 77, 16, 26, 97, 98, 99]",10
3967,"[0, 97, 98, 99, 74, 83, 53, 29]",8
3968,"[0, 97, 98, 99, 77, 52, 91]",7
3969,"[0, 69, 70, 77, 16, 19, 26, 91, 97, 98, 99, 46, 50]",13
3970,"[0, 70, 74, 77, 16, 26, 91, 97, 98, 99]",10
3971,"[0, 97, 98, 99, 74, 77, 83, 91]",8
3972,"[0, 70, 74, 77, 16, 26, 91, 97, 98, 99]",10
3973,"[0, 69, 70, 74, 77, 16, 26, 91, 97, 98, 99]",11
3974,"[0, 69, 70, 74, 77, 16, 26, 91, 97, 98, 99]",11
3975,"[0, 97, 98, 99, 74, 23]",6
3976,"[0, 69, 70, 74, 77, 16, 26, 91, 97, 98, 99]",11
3977,"[0, 74, 13, 83, 91, 29, 97, 98, 99, 37, 42]",11
3978,"[0, 97, 98, 99, 77, 52, 91]",7
3979,"[0, 97, 98, 99, 74, 77, 83, 53, 29]",9
3980,"[0, 97, 98, 99, 74, 20, 23]",7
3981,"[0, 74, 13, 91, 29, 97, 98, 99, 37, 42]",10
3982,"[0, 70, 74, 77, 16, 26, 91, 97, 98, 99]",10
3983,"[0, 69, 70, 77, 16, 20, 26, 91, 97, 98, 99]",11
3984,"[0, 70, 77, 16, 26, 91, 97, 98, 99, 52]",10
3985,"[0, 74, 77, 19, 91, 97, 98, 99, 46, 50]",10
3986,"[0, 69, 70, 74, 77, 16, 26, 97, 98, 99]",10
3987,"[0, 70, 74, 77, 16, 26, 91, 97, 98, 99]",10
3988,"[0, 97, 98, 99, 74, 77, 83, 53, 29]",9
3989,"[0, 74, 13, 23, 29, 32, 97, 98, 99, 37, 42]",11
3990,"[0, 97, 98, 99, 74, 83, 53, 29]",8
3991,"[0, 69, 70, 77, 16, 19, 26, 91, 97, 98, 99, 46]",12
3992,"[0, 97, 98, 99, 74, 83, 53, 29]",8
3993,"[0, 70, 74, 77, 16, 26, 91, 97, 98, 99]",10
3994,"[0, 74, 83, 23, 91, 29, 97, 98, 99, 53]",10
3995,"[0, 69, 70, 77, 16, 19, 26, 91, 29, 97, 98, 99, 46]",13
3996,"[0, 74, 13, 87, 23, 29, 32, 97, 98, 99, 37, 42]",12
3997,"[0, 70, 74, 77, 16, 26, 91, 97, 98, 99]",10
3998,"[0, 70, 74, 77, 16, 26, 91, 97, 98, 99]",10
3999,"[0, 97, 98, 99, 74, 77, 91]",7
4000,"[0, 97, 98, 99, 74, 44, 77, 20, 23]",9
4001,"[0, 70, 74, 77, 16, 26, 91, 97, 98, 99]",10
4002,"[0, 97, 98, 99, 74, 20, 23]",7
4003,"[0, 70, 74, 77, 16, 26, 91, 97, 98, 99]",10
4004,"[0, 70, 77, 16, 20, 26, 91, 97, 98, 99]",10
4005,"[0, 70, 77, 16, 19, 26, 91, 97, 98, 99, 46, 50]",12
4006,"[0, 70, 77, 16, 19, 26, 91, 97, 98, 99, 46, 50]",12
4007,"[0, 69, 70, 74, 77, 16, 26, 97, 98, 99]",10
4008,"[0, 69, 70, 74, 77, 16, 26, 91, 97, 98, 99]",11
4009,"[0, 69, 70, 74, 77, 16, 26, 97, 98, 99]",10
4010,"[0, 74, 13, 23, 29, 32, 97, 98, 99, 37, 42]",11
4011,"[0, 74, 13, 83, 91, 29, 97, 98, 99, 42]",10
4012,"[0, 69, 70, 77, 16, 26, 97, 98, 99, 49, 50, 52]",12
4013,"[0, 70, 74, 77, 16, 26, 91, 97, 98, 99]",10
4014,"[0, 74, 11, 83, 29, 97, 98, 99, 37, 43, 44, 53]",12
4015,"[0, 70, 74, 77, 16, 26, 91, 97, 98, 99]",10
4016,"[0, 97, 98, 99, 74, 83, 53, 91, 29]",9
4017,"[0, 70, 77, 16, 19, 26, 91, 97, 98, 99, 46, 50]",12
4018,"[0, 70, 74, 77, 16, 26, 91, 97, 98, 99, 50]",11
4019,"[0, 97, 98, 99, 20, 84]",6
4020,"[0, 69, 70, 74, 77, 16, 26, 91, 97, 98, 99]",11
4021,"[0, 69, 70, 77, 16, 19, 26, 91, 97, 98, 99, 46, 50]",13
4022,"[0, 70, 74, 77, 16, 26, 91, 97, 98, 99]",10
4023,"[0, 74, 14, 83, 29, 94, 97, 98, 99, 53]",10
4024,"[0, 74, 13, 23, 87, 29, 32, 97, 98, 99, 37, 42]",12
4025,"[0, 70, 74, 77, 16, 26, 91, 97, 98, 99]",10
4026,"[0, 70, 74, 23, 29, 93, 97, 98, 35, 99, 46]",11
4027,"[0, 97, 98, 99, 74, 83, 53, 29]",8
4028,"[0, 97, 98, 99, 74, 83, 53, 29]",8
4029,"[0, 70, 74, 77, 16, 26, 91, 97, 98, 99]",10
4030,"[0, 69, 70, 74, 77, 16, 26, 97, 98, 99]",10
4031,"[0, 97, 98, 99, 74, 83, 53, 29]",8
4032,"[0, 70, 74, 77, 16, 26, 91, 97, 98, 99]",10
4033,"[0, 70, 74, 77, 16, 26, 91, 97, 98, 99]",10
4034,"[0, 69, 70, 74, 77, 16, 26, 97, 98, 99]",10
4035,"[0, 69, 70, 74, 77, 16, 26, 91, 97, 98, 99]",11
4036,"[0, 74, 23, 91, 29, 32, 97, 98, 99, 37]",10
4037,"[0, 70, 74, 77, 16, 26, 91, 97, 98, 99]",10
4038,"[0, 74, 77, 83, 23, 87, 91, 29, 32, 97, 98, 99, 37, 53]",14
4039,"[0, 74, 13, 23, 29, 32, 97, 98, 99, 37, 42]",11
4040,"[0, 70, 74, 77, 16, 26, 91, 97, 98, 99]",10
4041,"[0, 74, 13, 83, 23, 91, 29, 32, 97, 98, 99, 37, 42]",13
4042,"[0, 70, 74, 77, 16, 26, 91, 97, 98, 99]",10
4043,"[0, 74, 13, 83, 91, 29, 32, 97, 98, 99, 37, 42]",12
4044,"[0, 97, 98, 99, 44, 13, 83, 91]",8
4045,"[0, 74, 13, 23, 29, 32, 97, 98, 99, 37, 42]",11
4046,"[0, 69, 70, 77, 16, 20, 26, 91, 97, 98, 99]",11
4047,"[0, 97, 98, 99, 74, 23]",6
4048,"[0, 70, 77, 16, 19, 26, 97, 98, 99, 46, 50]",11
4049,"[0, 69, 70, 74, 77, 16, 26, 91, 97, 98, 99]",11
4050,"[0, 69, 70, 74, 77, 16, 26, 97, 98, 99]",10
4051,"[0, 70, 74, 77, 16, 26, 91, 97, 98, 99]",10
4052,"[0, 74, 13, 23, 29, 32, 97, 98, 99, 37, 42]",11
4053,"[0, 74, 13, 23, 29, 32, 97, 98, 99, 37, 42]",11
4054,"[0, 74, 13, 23, 29, 32, 97, 98, 99, 37, 42]",11
4055,"[0, 70, 74, 77, 16, 26, 91, 97, 98, 99]",10
4056,"[0, 97, 98, 99, 69, 70, 77, 20, 91]",9
4057,"[0, 70, 74, 77, 16, 26, 91, 97, 98, 99]",10
4058,"[0, 64, 74, 77, 13, 22, 91, 97, 98, 99, 42]",11
4059,"[0, 69, 70, 77, 16, 26, 91, 29, 97, 98, 99, 50, 52]",13
4060,"[0, 97, 98, 99, 74, 77, 91]",7
4061,"[0, 74, 14, 83, 29, 94, 97, 98, 99, 53]",10
4062,"[0, 69, 70, 74, 77, 16, 26, 97, 98, 99]",10
4063,"[0, 70, 77, 16, 19, 26, 91, 97, 98, 99, 46, 50]",12
4064,"[0, 97, 98, 99, 20, 84]",6
4065,"[0, 97, 98, 99, 74, 83, 53, 91, 29]",9
4066,"[0, 69, 70, 74, 77, 20, 91, 97, 98, 99]",10
4067,"[0, 70, 74, 77, 16, 26, 91, 97, 98, 99]",10
4068,"[0, 97, 98, 99, 74, 77, 91]",7
4069,"[0, 97, 98, 99, 74, 77, 91]",7
4070,"[0, 69, 70, 74, 77, 20, 91, 97, 98, 99]",10
4071,"[0, 74, 83, 23, 91, 29, 97, 98, 99, 53]",10
4072,"[0, 70, 74, 77, 16, 26, 91, 97, 98, 99]",10
4073,"[0, 74, 23, 91, 29, 32, 97, 98, 99, 37]",10
4074,"[0, 97, 98, 99, 74, 83, 53, 29]",8
4075,"[0, 74, 13, 83, 23, 91, 29, 97, 98, 99, 37, 42]",12
4076,"[0, 69, 70, 74, 77, 16, 26, 97, 98, 99]",10
4077,"[0, 70, 74, 77, 16, 22, 26, 91, 97, 98, 99]",11
4078,"[0, 69, 70, 74, 77, 16, 26, 91, 97, 98, 99]",11
4079,"[0, 74, 77, 83, 23, 29, 97, 98, 99, 53]",10
4080,"[0, 70, 74, 77, 16, 26, 91, 97, 98, 99]",10
4081,"[0, 97, 98, 99, 69, 70, 77, 20, 91]",9
4082,"[0, 74, 77, 13, 83, 91, 29, 97, 98, 99, 37, 42]",12
4083,"[0, 70, 77, 16, 26, 91, 97, 98, 99, 52]",10
4084,"[0, 70, 77, 16, 19, 26, 91, 97, 98, 99, 46, 50]",12
4085,"[0, 97, 98, 99, 74, 83, 53, 29]",8
4086,"[0, 97, 98, 99, 74, 83, 53, 29]",8
4087,"[0, 69, 70, 77, 20, 91, 97, 98, 99, 50]",10
4088,"[0, 69, 70, 77, 16, 19, 26, 91, 97, 98, 99, 46, 50]",13
4089,"[0, 70, 74, 77, 16, 26, 91, 97, 98, 99]",10
4090,"[0, 97, 98, 99, 74, 20, 23]",7
4091,"[0, 97, 98, 99, 74, 77, 83, 91]",8
4092,"[0, 97, 98, 99, 74, 23]",6
4093,"[0, 97, 98, 99, 69, 70, 74, 77, 91]",9
4094,"[0, 69, 70, 77, 16, 19, 26, 97, 98, 99, 46, 50]",12
4095,"[0, 74, 13, 91, 29, 97, 98, 99, 37, 42]",10
4096,"[0, 74, 77, 19, 91, 97, 98, 99, 46, 50]",10
4097,"[0, 74, 77, 13, 83, 23, 91, 29, 97, 98, 99, 37, 42]",13
4098,"[0, 74, 13, 83, 29, 97, 98, 99, 44, 53]",10
4099,"[0, 69, 70, 74, 77, 16, 26, 97, 98, 99]",10
4100,"[0, 74, 13, 83, 23, 91, 29, 32, 97, 98, 99, 37, 42]",13
4101,"[0, 97, 98, 99, 74, 83, 53, 29]",8
4102,"[0, 97, 98, 99, 74, 77, 83, 91]",8
4103,"[0, 69, 70, 74, 77, 16, 26, 97, 98, 99]",10
4104,"[0, 69, 70, 77, 16, 26, 97, 98, 99, 49, 50, 52]",12
4105,"[0, 97, 98, 99, 74, 77, 91]",7
4106,"[0, 74, 13, 83, 91, 29, 97, 98, 99, 42]",10
4107,"[0, 97, 98, 99, 69, 70, 74, 77]",8
4108,"[0, 97, 98, 99, 74, 77, 91]",7
4109,"[0, 70, 74, 77, 16, 26, 91, 97, 98, 99]",10
4110,"[0, 74, 77, 83, 91, 29, 97, 98, 35, 99, 37, 44]",12
4111,"[0, 70, 77, 16, 19, 26, 91, 97, 98, 99, 46, 50]",12
4112,"[0, 97, 98, 99, 74, 77, 91]",7
4113,"[0, 74, 23, 29, 93, 32, 97, 98, 35, 99, 37, 46]",12
4114,"[0, 69, 70, 74, 77, 16, 26, 91, 97, 98, 99]",11
4115,"[0, 97, 98, 99, 74, 44, 77, 20, 23]",9
4116,"[0, 97, 98, 99, 74, 20, 23]",7
4117,"[0, 97, 98, 99, 69, 70, 74, 77]",8
4118,"[0, 69, 70, 74, 77, 16, 26, 91, 97, 98, 99, 50]",12
4119,"[0, 97, 98, 99, 74, 77, 91]",7
4120,"[0, 74, 77, 83, 23, 29, 97, 98, 99, 53]",10
4121,"[0, 70, 74, 23, 29, 93, 97, 98, 35, 99, 46]",11
4122,"[0, 74, 13, 83, 23, 91, 29, 32, 97, 98, 99, 37, 42]",13
4123,"[0, 74, 13, 23, 91, 29, 32, 97, 98, 99, 37, 42]",12
4124,"[0, 97, 98, 99, 74, 83, 53, 29]",8
4125,"[0, 97, 98, 99, 74, 20, 23]",7
4126,"[0, 69, 70, 77, 16, 20, 26, 91, 97, 98, 99, 50]",12
4127,"[0, 69, 70, 77, 16, 20, 26, 91, 97, 98, 99]",11
4128,"[0, 70, 74, 77, 16, 26, 91, 97, 98, 99]",10
4129,"[0, 70, 74, 77, 16, 26, 91, 97, 98, 99]",10
4130,"[0, 97, 98, 99, 74, 83, 53, 29]",8
4131,"[0, 74, 13, 83, 91, 29, 97, 98, 99, 44]",10
4132,"[0, 70, 74, 77, 16, 26, 91, 97, 98, 99]",10
4133,"[0, 70, 77, 16, 20, 26, 91, 97, 98, 99]",10
4134,"[0, 74, 13, 83, 29, 97, 98, 99, 44, 45, 53]",11
4135,"[0, 97, 98, 99, 69, 70, 74, 77, 91]",9
4136,"[0, 97, 98, 99, 46, 19, 20]",7
4137,"[0, 97, 98, 99, 74, 83, 53, 29]",8
4138,"[0, 69, 70, 77, 16, 20, 26, 91, 97, 98, 99, 50]",12
4139,"[0, 97, 98, 99, 74, 77, 91]",7
4140,"[0, 97, 98, 99, 69, 70, 77, 20, 91]",9
4141,"[0, 74, 13, 23, 87, 29, 32, 97, 98, 99, 37, 42]",12
4142,"[0, 74, 83, 29, 97, 98, 99, 37, 43, 44, 53]",11
4143,"[0, 74, 77, 83, 23, 87, 91, 29, 32, 97, 98, 99, 37, 53]",14
4144,"[0, 97, 98, 99, 69, 70, 74, 77]",8
4145,"[0, 69, 70, 77, 16, 19, 26, 91, 29, 97, 98, 99, 46]",13
4146,"[0, 97, 98, 99, 69, 70, 74, 77]",8
4147,"[0, 69, 70, 74, 77, 16, 26, 97, 98, 99, 50]",11
4148,"[0, 70, 74, 77, 16, 26, 91, 97, 98, 99]",10
4149,"[0, 69, 70, 77, 16, 19, 26, 91, 29, 97, 98, 99, 46]",13
4150,"[0, 70, 77, 16, 20, 26, 91, 97, 98, 99]",10
4151,"[0, 97, 98, 99, 74, 77, 91]",7
4152,"[0, 97, 98, 99, 74, 77, 91]",7
4153,"[0, 70, 74, 77, 16, 26, 91, 97, 98, 99]",10
4154,"[0, 32, 97, 98, 99, 37, 74, 23, 29]",9
4155,"[0, 97, 98, 99, 37, 74, 83, 91, 29]",9
4156,"[0, 97, 98, 99, 77, 83, 52, 91]",8
4157,"[0, 97, 98, 99, 69, 70, 74, 77, 91]",9
4158,"[0, 97, 98, 99, 74, 23]",6
4159,"[0, 74, 77, 83, 23, 29, 32, 97, 98, 99, 37, 53]",12
4160,"[0, 69, 70, 77, 16, 19, 26, 97, 98, 99, 46, 50]",12
4161,"[0, 97, 98, 99, 74, 77, 83, 53, 29]",9
4162,"[0, 97, 98, 99, 74, 83, 53, 29]",8
4163,"[0, 69, 70, 77, 16, 19, 26, 91, 97, 98, 99, 46]",12
4164,"[0, 70, 74, 77, 16, 26, 91, 97, 98, 99]",10
4165,"[0, 69, 70, 77, 16, 19, 26, 97, 98, 99, 46, 50]",12
4166,"[0, 97, 98, 99, 74, 83, 53, 29]",8
4167,"[0, 74, 13, 83, 87, 91, 29, 97, 98, 99, 37, 42]",12
4168,"[0, 70, 74, 77, 16, 26, 91, 97, 98, 99]",10
4169,"[0, 69, 70, 74, 77, 16, 26, 97, 98, 99]",10
4170,"[0, 69, 70, 74, 77, 16, 26, 91, 97, 98, 99, 50]",12
4171,"[0, 74, 13, 23, 87, 29, 32, 97, 98, 99, 37, 42]",12
4172,"[0, 97, 98, 99, 74]",5
4173,"[0, 97, 98, 99, 74, 83, 53, 29]",8
4174,"[0, 97, 98, 99, 44, 77, 13, 83, 91]",9
4175,"[0, 97, 98, 99, 69, 70, 74, 77]",8
4176,"[0, 97, 98, 99, 69, 70, 74, 77]",8
4177,"[0, 74, 13, 83, 23, 91, 29, 32, 97, 98, 99, 37, 42]",13
4178,"[0, 97, 98, 99, 74, 29]",6
4179,"[0, 74, 13, 91, 29, 97, 98, 99, 37, 42]",10
4180,"[0, 97, 98, 99, 74, 77, 91]",7
4181,"[0, 74, 23, 91, 29, 32, 97, 98, 99, 37]",10
4182,"[0, 69, 70, 74, 77, 16, 26, 97, 98, 99, 50]",11
4183,"[0, 97, 98, 99, 74, 77, 91]",7
4184,"[0, 97, 98, 99, 74, 77, 83, 91]",8
4185,"[0, 97, 98, 99, 74, 77, 91]",7
4186,"[0, 97, 98, 99, 77, 20, 91]",7
4187,"[0, 97, 98, 99, 77, 83, 52, 91]",8
4188,"[0, 74, 13, 23, 87, 29, 32, 97, 98, 99, 37, 42]",12
4189,"[0, 70, 77, 16, 20, 26, 91, 97, 98, 99]",10
4190,"[0, 70, 74, 77, 16, 26, 91, 97, 98, 99]",10
4191,"[0, 74, 13, 87, 23, 29, 32, 97, 98, 99, 37, 42]",12
4192,"[0, 69, 70, 77, 16, 19, 26, 91, 97, 98, 99, 46, 50]",13
4193,"[0, 69, 70, 77, 16, 19, 26, 91, 29, 97, 98, 99, 46]",13
4194,"[0, 69, 70, 77, 16, 19, 26, 97, 98, 99, 46, 50]",12
4195,"[0, 69, 70, 77, 16, 19, 26, 91, 97, 98, 99, 46, 50]",13
4196,"[0, 97, 98, 99, 70, 74, 16, 26]",8
4197,"[0, 69, 70, 77, 16, 19, 26, 97, 98, 99, 46, 50]",12
4198,"[0, 97, 98, 99, 74, 77, 91]",7
4199,"[0, 97, 98, 99, 74, 42, 13, 91, 29]",9
4200,"[0, 70, 74, 77, 16, 26, 91, 97, 98, 99]",10
4201,"[0, 74, 13, 87, 23, 29, 32, 97, 98, 99, 37, 42]",12
4202,"[0, 97, 98, 99, 74, 77, 91]",7
4203,"[0, 97, 98, 99, 74, 83, 53, 29]",8
4204,"[0, 97, 98, 99, 74, 44, 77, 20, 23]",9
4205,"[0, 70, 74, 77, 16, 26, 91, 97, 98, 99]",10
4206,"[0, 69, 70, 77, 16, 19, 26, 97, 98, 99, 46, 50]",12
4207,"[0, 97, 98, 99, 74, 44, 77, 20, 23]",9
4208,"[0, 97, 98, 99, 74, 20, 23]",7
4209,"[0, 97, 98, 99, 74, 77, 83, 91]",8
4210,"[0, 97, 98, 99, 74, 77, 91]",7
4211,"[0, 74, 83, 23, 91, 29, 97, 98, 99, 53]",10
4212,"[0, 69, 70, 77, 16, 19, 26, 91, 97, 98, 99, 46, 50]",13
4213,"[0, 74, 13, 23, 87, 29, 32, 97, 98, 99, 37, 42]",12
4214,"[0, 97, 98, 99, 74, 23]",6
4215,"[0, 97, 98, 99, 74, 83, 53, 29]",8
4216,"[0, 97, 98, 99, 74, 77, 83, 91]",8
4217,"[0, 74, 13, 91, 29, 97, 98, 99, 37, 42]",10
4218,"[0, 97, 98, 99, 74, 77, 91]",7
4219,"[0, 69, 70, 77, 16, 19, 26, 91, 97, 98, 99, 46]",12
4220,"[0, 97, 98, 99, 74, 77, 91]",7
4221,"[0, 70, 74, 77, 16, 26, 91, 97, 98, 99]",10
4222,"[0, 69, 70, 77, 16, 19, 26, 97, 98, 99, 46, 50]",12
4223,"[0, 69, 70, 74, 77, 16, 26, 97, 98, 99]",10
4224,"[0, 97, 98, 99, 74, 77, 91]",7
4225,"[0, 64, 74, 13, 77, 22, 91, 97, 98, 99, 42]",11
4226,"[0, 97, 98, 99, 69, 70, 74, 77]",8
4227,"[0, 97, 98, 99, 74, 77, 91]",7
4228,"[0, 97, 98, 99, 69, 70, 74, 77]",8
4229,"[0, 97, 98, 99, 74, 77, 91]",7
4230,"[0, 97, 98, 99, 74, 83, 53, 29]",8
4231,"[0, 69, 70, 77, 16, 19, 26, 97, 98, 99, 46, 50]",12
4232,"[0, 69, 70, 74, 77, 16, 26, 97, 98, 99]",10
4233,"[0, 97, 98, 99, 70, 74, 16, 26]",8
4234,"[0, 69, 70, 77, 16, 20, 26, 91, 97, 98, 99, 50]",12
4235,"[0, 97, 98, 99, 69, 70, 74, 77]",8
4236,"[0, 97, 98, 99, 74, 83, 53, 29]",8
4237,"[0, 97, 98, 99, 74, 77, 22, 91]",8
4238,"[0, 97, 98, 99, 74, 77, 91]",7
4239,"[0, 74, 13, 83, 23, 91, 29, 97, 98, 99, 37, 42]",12
4240,"[0, 69, 70, 77, 16, 20, 26, 91, 97, 98, 99, 50]",12
4241,"[0, 69, 70, 77, 16, 19, 26, 97, 98, 99, 46, 50]",12
4242,"[0, 97, 98, 99, 69, 70, 74, 77, 91]",9
4243,"[0, 74, 13, 23, 91, 29, 32, 97, 98, 99, 37, 42]",12
4244,"[0, 97, 98, 99, 74, 83, 53, 29]",8
4245,"[0, 97, 98, 99, 74, 77, 91]",7
4246,"[0, 74, 23, 29, 93, 32, 97, 98, 35, 99, 37, 46]",12
4247,"[0, 69, 70, 74, 77, 16, 26, 91, 97, 98, 99, 50]",12
4248,"[0, 97, 98, 99, 69, 70, 77, 20, 91]",9
4249,"[0, 97, 98, 99, 74, 77, 91]",7
4250,"[0, 97, 98, 99, 74, 77, 91]",7
4251,"[0, 97, 98, 99, 69, 70, 74, 77]",8
4252,"[0, 97, 98, 99, 74, 77, 91]",7
4253,"[0, 97, 98, 99, 74, 77, 91]",7
4254,"[0, 97, 98, 99, 69, 70, 74, 77]",8
4255,"[0, 97, 98, 99, 74, 83, 53, 29]",8
4256,"[0, 97, 98, 99, 77, 20, 91]",7
4257,"[0, 69, 70, 74, 77, 16, 26, 97, 98, 99]",10
4258,"[0, 70, 77, 16, 19, 26, 91, 97, 98, 99, 46, 50]",12
4259,"[0, 70, 77, 16, 20, 26, 91, 97, 98, 99]",10
4260,"[0, 97, 98, 99, 37, 74, 83, 91, 29]",9
4261,"[0, 97, 98, 99, 74, 23]",6
4262,"[0, 97, 98, 99, 69, 70, 74, 77, 91]",9
4263,"[0, 69, 70, 77, 16, 19, 26, 91, 29, 97, 98, 99, 46]",13
4264,"[0, 74, 13, 23, 29, 32, 97, 98, 99, 37, 42]",11
4265,"[0, 74, 13, 83, 87, 91, 29, 97, 98, 99, 37, 42]",12
4266,"[0, 97, 34, 98, 99, 74, 20, 23]",8
4267,"[0, 74, 23, 91, 29, 32, 97, 98, 99, 37]",10
4268,"[0, 97, 98, 99, 77, 52, 91]",7
4269,"[0, 97, 98, 99, 74, 77, 91]",7
4270,"[0, 70, 74, 23, 93, 29, 97, 98, 99, 35, 46]",11
4271,"[0, 97, 98, 99, 74, 77, 91]",7
4272,"[0, 74, 83, 29, 97, 98, 99, 37, 43, 44, 53]",11
4273,"[0, 69, 70, 77, 16, 19, 26, 91, 97, 98, 99, 46, 50]",13
4274,"[0, 97, 98, 99, 74, 42, 13, 91, 29]",9
4275,"[0, 97, 98, 99, 74, 23, 29]",7
4276,"[0, 69, 70, 77, 16, 19, 26, 91, 29, 97, 98, 99, 46, 50]",14
4277,"[0, 69, 70, 77, 16, 19, 26, 97, 98, 99, 46, 50]",12
4278,"[0, 70, 77, 16, 20, 26, 91, 97, 98, 99]",10
4279,"[0, 97, 98, 99, 74, 77, 91]",7
4280,"[0, 74, 13, 87, 23, 29, 32, 97, 98, 99, 37, 42]",12
4281,"[0, 97, 98, 99, 69, 70, 77, 20, 91]",9
4282,"[0, 97, 98, 99, 74, 77, 91]",7
4283,"[0, 74, 13, 83, 91, 29, 97, 98, 99, 44]",10
4284,"[0, 97, 98, 99, 74, 29]",6
4285,"[0, 69, 70, 77, 16, 26, 29, 97, 98, 99, 49, 50, 52]",13
4286,"[0, 97, 98, 99, 74, 77, 91]",7
4287,"[0, 97, 98, 99, 74, 77, 91]",7
4288,"[0, 97, 98, 99, 69, 70, 74, 77]",8
4289,"[0, 97, 98, 99, 69, 70, 74, 77]",8
4290,"[0, 74, 77, 83, 23, 29, 32, 97, 98, 99, 37, 53]",12
4291,"[0, 97, 98, 99, 74, 77, 91]",7
4292,"[0, 97, 98, 99, 74, 77, 91]",7
4293,"[0, 74, 77, 83, 87, 23, 91, 29, 32, 97, 98, 99, 37, 53]",14
4294,"[0, 97, 98, 99, 44, 77, 13, 83, 91]",9
4295,"[0, 74, 13, 83, 23, 91, 29, 32, 97, 98, 99, 37, 42]",13
4296,"[0, 74, 13, 23, 29, 32, 97, 98, 99, 37, 42]",11
4297,"[0, 74, 13, 87, 23, 29, 32, 97, 98, 99, 37, 42]",12
4298,"[0, 97, 98, 99, 74, 83, 53, 29]",8
4299,"[0, 97, 98, 99, 74, 83, 53, 29]",8
4300,"[0, 69, 70, 74, 77, 16, 26, 91, 97, 98, 99, 50]",12
4301,"[0, 97, 98, 99, 42, 74, 13, 91, 29]",9
4302,"[0, 97, 98, 99, 74, 77, 91]",7
4303,"[0, 74, 77, 83, 23, 29, 97, 98, 99, 53]",10
4304,"[0, 74, 13, 83, 23, 91, 29, 32, 97, 98, 99, 37, 42]",13
4305,"[0, 97, 98, 99, 74, 83, 53, 23, 29]",9
4306,"[0, 97, 98, 99, 74, 77, 91]",7
4307,"[0, 97, 98, 99, 74, 77, 83, 53, 29]",9
4308,"[0, 74, 14, 83, 29, 94, 97, 98, 99, 53]",10
4309,"[0, 97, 98, 99, 74, 77, 91]",7
4310,"[0, 97, 98, 99, 74, 77, 91]",7
4311,"[0, 97, 98, 99, 74, 83, 53, 29]",8
4312,"[0, 74, 13, 83, 29, 97, 98, 99, 44, 53]",10
4313,"[0, 74, 13, 23, 91, 29, 97, 98, 99, 37, 42]",11
4314,"[0, 97, 98, 99, 74, 83, 91, 29]",8
4315,"[0, 97, 98, 99, 69, 70, 77, 20, 91]",9
4316,"[0, 69, 70, 77, 16, 26, 91, 29, 97, 98, 99, 50, 52]",13
4317,"[0, 70, 77, 16, 19, 26, 91, 97, 98, 99, 46, 50]",12
4318,"[0, 69, 70, 74, 77, 20, 91, 97, 98, 99]",10
4319,"[0, 97, 98, 99, 69, 70, 74, 77]",8
4320,"[0, 97, 98, 99, 74, 77, 91]",7
4321,"[0, 69, 70, 77, 16, 20, 26, 91, 97, 98, 99, 50]",12
4322,"[0, 69, 70, 77, 19, 91, 97, 98, 99, 46, 50]",11
4323,"[0, 97, 98, 99, 74, 77, 91]",7
4324,"[0, 69, 70, 77, 16, 19, 26, 97, 98, 99, 46, 50]",12
4325,"[0, 69, 70, 77, 19, 91, 97, 98, 99, 46, 50]",11
4326,"[0, 97, 98, 99, 77, 83, 52, 91]",8
4327,"[0, 97, 98, 99, 69, 70, 74, 77]",8
4328,"[0, 97, 98, 99, 74, 77, 91]",7
4329,"[0, 74, 13, 83, 29, 97, 98, 99, 44, 45, 53]",11
4330,"[0, 97, 98, 99, 74, 29]",6
4331,"[0, 74, 13, 23, 91, 29, 97, 98, 99, 37, 42]",11
4332,"[0, 97, 98, 99, 74, 77, 91]",7
4333,"[0, 69, 70, 77, 20, 91, 97, 98, 99, 50]",10
4334,"[0, 32, 98, 97, 99, 37, 74, 23, 29]",9
4335,"[0, 74, 13, 23, 87, 29, 32, 97, 98, 99, 37, 42]",12
4336,"[0, 97, 98, 99, 69, 70, 74, 77, 91]",9
4337,"[0, 97, 98, 99, 69, 70, 74, 77, 91]",9
4338,"[0, 74, 23, 91, 29, 32, 97, 98, 99, 37]",10
4339,"[0, 74, 77, 19, 91, 97, 98, 99, 46, 50]",10
4340,"[0, 74, 13, 23, 29, 32, 97, 98, 99, 37, 42]",11
4341,"[0, 97, 98, 99, 20, 84]",6
4342,"[0, 97, 98, 99, 77, 52, 91]",7
4343,"[0, 74, 13, 23, 91, 29, 97, 98, 99, 37, 42]",11
4344,"[0, 97, 98, 99, 69, 70, 74, 77]",8
4345,"[0, 69, 70, 74, 77, 20, 91, 97, 98, 99]",10
4346,"[0, 97, 98, 99, 69, 70, 74, 77, 50]",9
4347,"[0, 97, 98, 99, 46, 19, 20]",7
4348,"[0, 70, 77, 16, 20, 26, 91, 97, 98, 99]",10
4349,"[0, 97, 98, 99, 74, 77, 83, 91]",8
4350,"[0, 97, 98, 99, 74, 77, 91]",7
4351,"[0, 97, 98, 99, 74, 77, 83, 53, 29]",9
4352,"[0, 97, 98, 99, 74, 77, 91]",7
4353,"[0, 97, 98, 99, 46, 19, 20]",7
4354,"[0, 97, 98, 99, 69, 70, 74, 77]",8
4355,"[0, 74, 77, 83, 23, 29, 32, 97, 98, 99, 37, 53]",12
4356,"[0, 97, 98, 99, 74, 77, 91]",7
4357,"[0, 74, 77, 83, 23, 29, 97, 98, 99, 53]",10
4358,"[0, 97, 98, 99, 74, 77, 83, 91]",8
4359,"[0, 69, 70, 77, 16, 19, 26, 97, 98, 99, 46, 50]",12
4360,"[0, 74, 13, 83, 23, 91, 29, 32, 97, 98, 99, 37, 42]",13
4361,"[0, 69, 70, 74, 77, 20, 91, 97, 98, 99]",10
4362,"[0, 97, 98, 99, 74, 20, 23]",7
4363,"[0, 74, 13, 87, 23, 29, 32, 97, 98, 99, 37, 42]",12
4364,"[0, 69, 70, 77, 16, 19, 26, 91, 29, 97, 98, 99, 46]",13
4365,"[0, 97, 98, 99, 74, 77, 91]",7
4366,"[0, 64, 74, 77, 13, 22, 91, 97, 98, 99, 42]",11
4367,"[0, 97, 98, 99, 74, 77, 91]",7
4368,"[0, 70, 77, 16, 20, 26, 91, 97, 98, 99]",10
4369,"[0, 70, 77, 16, 20, 26, 91, 97, 98, 99]",10
4370,"[0, 74, 13, 83, 23, 91, 29, 32, 97, 98, 99, 37, 42]",13
4371,"[0, 74, 23, 91, 29, 32, 97, 98, 99, 37]",10
4372,"[0, 69, 70, 74, 77, 20, 91, 97, 98, 99]",10
4373,"[0, 97, 98, 99, 74, 77, 91]",7
4374,"[0, 97, 98, 99, 74, 77, 91]",7
4375,"[0, 97, 98, 99, 69, 70, 74, 77]",8
4376,"[0, 70, 77, 16, 19, 26, 91, 97, 98, 99, 46, 50]",12
4377,"[0, 97, 98, 99, 44, 77, 13, 83, 91]",9
4378,"[0, 97, 98, 99, 74, 77, 91]",7
4379,"[0, 74, 13, 23, 87, 29, 32, 97, 98, 99, 37, 42]",12
4380,"[0, 97, 98, 99, 74, 77, 83, 91]",8
4381,"[0, 97, 98, 99, 74, 77, 91]",7
4382,"[0, 69, 70, 77, 16, 20, 26, 91, 97, 98, 99, 50]",12
4383,"[0, 69, 70, 77, 19, 97, 98, 99, 46, 50]",10
4384,"[0, 97, 98, 99, 74, 77, 91]",7
4385,"[0, 32, 98, 97, 99, 37, 74, 23, 29]",9
4386,"[0, 74, 13, 23, 29, 32, 97, 98, 99, 37, 42]",11
4387,"[0, 97, 98, 99, 74, 23, 29]",7
4388,"[0, 74, 77, 83, 23, 87, 91, 29, 32, 97, 98, 99, 37, 53]",14
4389,"[0, 97, 98, 99, 74, 29]",6
4390,"[0, 74, 13, 83, 23, 91, 29, 32, 97, 98, 99, 37, 42]",13
4391,"[0, 97, 98, 99, 74, 83, 53, 29]",8
4392,"[0, 97, 98, 99, 69, 70, 74, 77, 91]",9
4393,"[0, 97, 98, 99, 74, 20, 23]",7
4394,"[0, 74, 13, 23, 91, 29, 97, 98, 99, 37, 42]",11
4395,"[0, 74, 23, 91, 29, 32, 97, 98, 99, 37]",10
4396,"[0, 69, 70, 74, 77, 16, 26, 91, 97, 98, 99, 50]",12
4397,"[0, 97, 98, 99, 74, 77, 91]",7
4398,"[0, 97, 98, 99, 74, 77, 91]",7
4399,"[0, 97, 98, 99, 74, 83, 53, 29]",8
4400,"[0, 97, 98, 99, 74, 77, 22, 91]",8
4401,"[0, 97, 98, 99, 37, 74, 83, 91, 29]",9
4402,"[0, 69, 70, 77, 20, 91, 97, 98, 99, 50]",10
4403,"[0, 97, 98, 99, 74, 77, 91]",7
4404,"[0, 97, 98, 99, 69, 70, 74, 77]",8
4405,"[0, 69, 70, 77, 29, 97, 98, 99, 49, 50, 52]",11
4406,"[0, 74, 83, 29, 97, 98, 99, 37, 43, 44, 53]",11
4407,"[0, 97, 98, 99, 74, 77, 91]",7
4408,"[0, 97, 98, 99, 69, 70, 74, 77, 91]",9
4409,"[0, 69, 70, 77, 16, 19, 26, 97, 98, 99, 46, 50]",12
4410,"[0, 74, 13, 23, 91, 29, 97, 98, 99, 37, 42]",11
4411,"[0, 97, 98, 99, 69, 70, 74, 77]",8
4412,"[0, 97, 34, 99, 98, 74, 20, 23]",8
4413,"[0, 97, 98, 99, 74, 77, 91]",7
4414,"[0, 97, 98, 99, 74, 44, 77, 20, 23]",9
4415,"[0, 97, 98, 99, 69, 70, 74, 77]",8
4416,"[0, 74, 13, 23, 91, 29, 97, 98, 99, 37, 42]",11
4417,"[0, 97, 98, 99, 74, 83, 53, 29]",8
4418,"[0, 69, 70, 77, 16, 19, 26, 91, 29, 97, 98, 99, 46, 50]",14
4419,"[0, 74, 23, 29, 93, 32, 97, 98, 35, 99, 37, 46]",12
4420,"[0, 97, 98, 99, 69, 70, 74, 77]",8
4421,"[0, 69, 70, 77, 16, 19, 26, 97, 98, 99, 46, 50]",12
4422,"[0, 97, 98, 99, 69, 70, 74, 77]",8
4423,"[0, 97, 98, 99, 74, 77, 91]",7
4424,"[0, 69, 70, 77, 16, 19, 26, 97, 98, 99, 46, 50]",12
4425,"[0, 97, 98, 99, 77, 20, 91]",7
4426,"[0, 97, 98, 99, 74, 77, 91]",7
4427,"[0, 97, 98, 99, 69, 70, 74, 77]",8
4428,"[0, 69, 70, 77, 16, 19, 26, 91, 97, 98, 99, 46]",12
4429,"[0, 74, 13, 87, 23, 29, 32, 97, 98, 99, 37, 42]",12
4430,"[0, 70, 77, 16, 20, 26, 91, 97, 98, 99]",10
4431,"[0, 97, 98, 99, 77, 83, 52, 91]",8
4432,"[0, 97, 98, 99, 69, 70, 77, 20, 91]",9
4433,"[0, 97, 98, 99, 74, 77, 91]",7
4434,"[0, 97, 98, 99, 74, 77, 91]",7
4435,"[0, 74, 13, 23, 29, 32, 97, 98, 99, 37, 42]",11
4436,"[0, 97, 98, 99, 42, 74, 13, 91, 29]",9
4437,"[0, 97, 98, 99, 74, 83, 53, 29]",8
4438,"[0, 69, 70, 77, 16, 26, 91, 29, 97, 98, 99, 50, 52]",13
4439,"[0, 97, 98, 99, 74, 77, 91]",7
4440,"[0, 97, 98, 99, 74, 77, 91]",7
4441,"[0, 97, 98, 99, 69, 70, 77, 20, 91]",9
4442,"[0, 74, 13, 83, 91, 29, 97, 98, 99, 44]",10
4443,"[0, 97, 98, 99, 69, 70, 74, 77, 50]",9
4444,"[0, 97, 98, 99, 74]",5
4445,"[0, 97, 98, 99, 74, 77, 91]",7
4446,"[0, 74, 13, 83, 29, 97, 98, 99, 44, 53]",10
4447,"[0, 97, 98, 99, 74, 77, 91]",7
4448,"[0, 97, 98, 99, 74, 77, 91]",7
4449,"[0, 97, 98, 99, 74, 23]",6
4450,"[0, 97, 98, 99, 74, 77, 91]",7
4451,"[0, 97, 98, 99, 74, 77, 91]",7
4452,"[0, 74, 77, 19, 91, 97, 98, 99, 46, 50]",10
4453,"[0, 97, 98, 99, 74, 83, 53, 29]",8
4454,"[0, 97, 98, 99, 77, 52, 91]",7
4455,"[0, 74, 13, 23, 29, 32, 97, 98, 99, 37, 42]",11
4456,"[0, 97, 98, 99, 42, 74, 13, 91, 29]",9
4457,"[0, 97, 98, 99, 69, 70, 74, 77, 91]",9
4458,"[0, 97, 98, 99, 74, 29]",6
4459,"[0, 97, 98, 99, 74, 77, 83, 91]",8
4460,"[0, 74, 13, 87, 23, 29, 32, 97, 98, 99, 37, 42]",12
4461,"[0, 69, 70, 74, 77, 16, 26, 91, 97, 98, 99, 50]",12
4462,"[0, 97, 98, 99, 74, 77, 91]",7
4463,"[0, 97, 98, 99, 74, 83, 91, 29]",8
4464,"[0, 74, 13, 23, 29, 32, 97, 98, 99, 37, 42]",11
4465,"[0, 97, 98, 99, 74, 83, 53, 29]",8
4466,"[0, 74, 13, 23, 91, 29, 97, 98, 99, 37, 42]",11
4467,"[0, 69, 70, 77, 20, 91, 97, 98, 99, 50]",10
4468,"[0, 74, 14, 83, 29, 94, 97, 98, 99, 53]",10
4469,"[0, 97, 98, 99, 74, 23]",6
4470,"[0, 97, 98, 99, 74, 77, 91]",7
4471,"[0, 97, 98, 99, 69, 70, 74, 77, 91]",9
4472,"[0, 97, 98, 99, 69, 70, 74, 77]",8
4473,"[0, 97, 98, 99, 69, 70, 74, 77]",8
4474,"[0, 69, 70, 77, 16, 19, 26, 91, 97, 98, 99, 46, 50]",13
4475,"[0, 74, 83, 23, 91, 29, 97, 98, 99, 53]",10
4476,"[0, 97, 98, 99, 74, 77, 91]",7
4477,"[0, 69, 70, 77, 19, 91, 97, 98, 99, 46, 50]",11
4478,"[0, 74, 13, 83, 29, 97, 98, 99, 44, 45, 53]",11
4479,"[0, 70, 77, 16, 19, 26, 91, 97, 98, 99, 46, 50]",12
4480,"[0, 97, 98, 99, 74, 77, 91]",7
4481,"[0, 97, 98, 99, 69, 70, 74, 77]",8
4482,"[0, 97, 98, 99, 74, 83, 53, 29]",8
4483,"[0, 97, 98, 99, 74, 77, 91]",7
4484,"[0, 97, 98, 99, 69, 70, 74, 77]",8
4485,"[0, 97, 98, 99, 74, 83, 53, 23, 29]",9
4486,"[0, 74, 13, 23, 91, 29, 32, 97, 98, 99, 37, 42]",12
4487,"[0, 97, 98, 99, 74, 83, 53, 29]",8
4488,"[0, 74, 13, 83, 23, 87, 91, 29, 97, 98, 99, 37, 42]",13
4489,"[0, 69, 70, 77, 20, 91, 97, 98, 99, 50]",10
4490,"[0, 97, 98, 99, 69, 70, 77, 20, 91]",9
4491,"[0, 97, 98, 99, 74, 77, 91]",7
4492,"[0, 97, 98, 99, 84, 20]",6
4493,"[0, 70, 74, 23, 93, 29, 97, 98, 35, 99, 46]",11
4494,"[0, 97, 98, 99, 69, 70, 74, 77]",8
4495,"[0, 97, 98, 99, 74, 83, 53, 29]",8
4496,"[0, 97, 98, 99, 77, 52, 91]",7
4497,"[0, 69, 70, 77, 16, 19, 26, 91, 97, 98, 99, 46, 50]",13
4498,"[0, 69, 70, 77, 19, 97, 98, 99, 46, 50]",10
4499,"[0, 70, 77, 16, 19, 26, 91, 97, 98, 99, 46, 50]",12
4500,"[0, 97, 98, 99, 69, 70, 74, 77]",8
4501,"[0, 74, 23, 91, 29, 32, 97, 98, 99, 37]",10
4502,"[0, 74, 13, 83, 23, 87, 91, 29, 97, 98, 99, 37, 42]",13
4503,"[0, 97, 98, 99, 69, 70, 74, 77, 91]",9
4504,"[0, 69, 70, 77, 16, 26, 91, 29, 97, 98, 99, 50, 52]",13
4505,"[0, 97, 98, 99, 74, 83, 53, 29]",8
4506,"[0, 69, 70, 77, 20, 91, 97, 98, 99, 50]",10
4507,"[0, 97, 98, 99, 69, 70, 74, 77]",8
4508,"[0, 74, 13, 23, 29, 32, 97, 98, 99, 37, 42]",11
4509,"[0, 74, 13, 83, 29, 97, 98, 99, 44, 53]",10
4510,"[0, 97, 98, 99, 69, 70, 74, 77]",8
4511,"[0, 97, 98, 99, 74, 29]",6
4512,"[0, 97, 98, 99, 74, 42, 13, 91, 29]",9
4513,"[0, 74, 13, 83, 23, 91, 29, 32, 97, 98, 99, 37, 42]",13
4514,"[0, 74, 13, 23, 87, 29, 32, 97, 98, 99, 37, 42]",12
4515,"[0, 97, 98, 99, 74, 20, 23]",7
4516,"[0, 97, 98, 99, 74, 77, 91]",7
4517,"[0, 97, 98, 99, 77, 52, 91]",7
4518,"[0, 69, 70, 77, 16, 19, 26, 91, 97, 98, 99, 46]",12
4519,"[0, 97, 98, 99, 74, 83, 53, 29]",8
4520,"[0, 74, 13, 23, 91, 29, 32, 97, 98, 99, 37, 42]",12
4521,"[0, 97, 98, 99, 74, 23]",6
4522,"[0, 97, 98, 99, 69, 70, 74, 77]",8
4523,"[0, 97, 98, 99, 74, 83, 53, 29]",8
4524,"[0, 97, 98, 99, 77, 52, 91]",7
4525,"[0, 97, 98, 99, 74, 77, 91]",7
4526,"[0, 70, 77, 16, 19, 26, 97, 98, 99, 46, 50]",11
4527,"[0, 74, 13, 87, 23, 29, 32, 97, 98, 99, 37, 42]",12
4528,"[0, 97, 98, 99, 74, 77, 91]",7
4529,"[0, 70, 77, 16, 19, 26, 91, 97, 98, 99, 46, 50]",12
4530,"[0, 74, 13, 83, 23, 91, 29, 32, 97, 98, 99, 37, 42]",13
4531,"[0, 97, 98, 99, 77, 20, 91]",7
4532,"[0, 74, 77, 83, 23, 87, 91, 29, 32, 97, 98, 99, 37, 53]",14
4533,"[0, 97, 98, 99, 74, 77, 91]",7
4534,"[0, 97, 98, 99, 69, 70, 74, 77]",8
4535,"[0, 97, 98, 99, 74, 77, 91]",7
4536,"[0, 97, 98, 99, 74, 83, 53, 29]",8
4537,"[0, 97, 98, 99, 77, 52, 91]",7
4538,"[0, 97, 98, 99, 69, 70, 74, 77, 91]",9
4539,"[0, 97, 98, 99, 74, 77, 91]",7
4540,"[0, 74, 13, 23, 91, 29, 97, 98, 99, 37, 42]",11
4541,"[0, 97, 98, 99, 74]",5
4542,"[0, 97, 98, 99, 84, 20]",6
4543,"[0, 69, 70, 77, 16, 20, 26, 91, 97, 98, 99, 50]",12
4544,"[0, 69, 70, 77, 19, 97, 98, 99, 46, 50]",10
4545,"[0, 97, 98, 99, 74, 83, 91, 29]",8
4546,"[0, 97, 98, 99, 74, 83, 53, 29]",8
4547,"[0, 69, 70, 74, 77, 20, 91, 97, 98, 99]",10
4548,"[0, 97, 98, 99, 74, 20, 23]",7
4549,"[0, 97, 98, 99, 74, 77, 91]",7
4550,"[0, 74, 14, 83, 29, 97, 98, 99, 37, 43, 44, 53]",12
4551,"[0, 97, 98, 99, 69, 70, 77, 20, 91]",9
4552,"[0, 97, 98, 99, 69, 70, 74, 77, 50]",9
4553,"[0, 70, 74, 23, 93, 29, 97, 98, 35, 99, 46]",11
4554,"[0, 69, 70, 77, 16, 19, 26, 91, 29, 97, 98, 99, 46, 50]",14
4555,"[0, 97, 98, 99, 69, 70, 74, 77]",8
4556,"[0, 97, 98, 99, 74, 77, 83, 91]",8
4557,"[0, 74, 77, 83, 23, 29, 97, 98, 99, 53]",10
4558,"[0, 97, 98, 99, 74, 83, 53, 29]",8
4559,"[0, 74, 13, 23, 29, 32, 97, 98, 99, 37, 42]",11
4560,"[0, 74, 83, 23, 91, 29, 97, 98, 99, 37]",10
4561,"[0, 97, 98, 99, 74, 77, 91]",7
4562,"[0, 69, 70, 77, 19, 97, 98, 99, 46, 50]",10
4563,"[0, 97, 98, 99, 74, 77, 91]",7
4564,"[0, 97, 98, 99, 74, 77, 91]",7
4565,"[0, 97, 98, 99, 74, 77, 83, 91]",8
4566,"[0, 97, 98, 99, 74, 77, 91]",7
4567,"[0, 74, 13, 23, 87, 29, 32, 97, 98, 99, 37, 42]",12
4568,"[0, 97, 98, 99, 74, 77, 91]",7
4569,"[0, 74, 13, 83, 29, 97, 98, 99, 44, 45, 53]",11
4570,"[0, 69, 70, 77, 16, 19, 26, 97, 98, 99, 46, 50]",12
4571,"[0, 69, 70, 77, 20, 91, 97, 98, 99, 50]",10
4572,"[0, 97, 98, 99, 74, 23]",6
4573,"[0, 74, 13, 23, 91, 29, 97, 98, 99, 37, 42]",11
4574,"[0, 97, 98, 99, 74, 77, 91]",7
4575,"[0, 97, 98, 99, 74, 23, 29]",7
4576,"[0, 97, 98, 99, 74, 77, 91]",7
4577,"[0, 97, 98, 99, 74, 77, 91]",7
4578,"[0, 74, 23, 93, 29, 32, 97, 98, 35, 99, 37, 46]",12
4579,"[0, 74, 23, 91, 29, 32, 97, 98, 99, 37]",10
4580,"[0, 70, 77, 16, 19, 26, 91, 97, 98, 99, 46, 50]",12
4581,"[0, 97, 98, 99, 69, 70, 74, 77]",8
4582,"[0, 32, 98, 97, 99, 37, 74, 23, 29]",9
4583,"[0, 69, 70, 74, 77, 20, 91, 97, 98, 99]",10
4584,"[0, 69, 70, 77, 20, 91, 97, 98, 99, 50]",10
4585,"[0, 97, 98, 99, 74, 44, 77, 20, 23]",9
4586,"[0, 97, 98, 99, 74, 77, 91]",7
4587,"[0, 97, 98, 99, 69, 70, 77, 20, 91]",9
4588,"[0, 64, 74, 13, 77, 22, 91, 97, 98, 99, 42]",11
4589,"[0, 97, 98, 99, 69, 70, 74, 77]",8
4590,"[0, 70, 77, 16, 20, 26, 91, 97, 98, 99]",10
4591,"[0, 70, 77, 16, 20, 26, 91, 97, 98, 99]",10
4592,"[0, 97, 98, 99, 74, 77, 91]",7
4593,"[0, 74, 13, 23, 29, 32, 97, 98, 99, 37, 42]",11
4594,"[0, 97, 98, 99, 69, 70, 74, 77]",8
4595,"[0, 97, 98, 99, 69, 70, 77, 20, 91]",9
4596,"[0, 97, 98, 99, 74, 77, 91]",7
4597,"[0, 97, 98, 99, 69, 70, 74, 77, 91]",9
4598,"[0, 97, 98, 99, 74, 83, 53, 29]",8
4599,"[0, 69, 70, 77, 20, 91, 97, 98, 99, 50]",10
4600,"[0, 97, 98, 99, 44, 13, 91]",7
4601,"[0, 74, 13, 23, 87, 29, 32, 97, 98, 99, 37, 42]",12
4602,"[0, 97, 98, 99, 74, 83, 53, 23, 29]",9
4603,"[0, 69, 70, 74, 77, 91, 97, 98, 99, 50]",10
4604,"[0, 74, 13, 83, 23, 91, 29, 32, 97, 98, 99, 37, 42]",13
4605,"[0, 97, 98, 99, 69, 70, 74, 77]",8
4606,"[0, 97, 98, 99, 74, 77, 91]",7
4607,"[0, 69, 70, 77, 19, 91, 97, 98, 99, 46, 50]",11
4608,"[0, 74, 83, 23, 91, 29, 97, 98, 99, 53]",10
4609,"[0, 97, 98, 99, 74, 77, 91]",7
4610,"[0, 97, 98, 99, 69, 70, 74, 77]",8
4611,"[0, 97, 98, 99, 74, 77, 91]",7
4612,"[0, 97, 98, 99, 74, 77, 91]",7
4613,"[0, 97, 98, 99, 69, 70, 74, 77, 50]",9
4614,"[0, 70, 77, 16, 20, 26, 91, 97, 98, 99]",10
4615,"[0, 97, 98, 99, 69, 70, 74, 77]",8
4616,"[0, 97, 98, 99, 74, 77, 91]",7
4617,"[0, 97, 98, 99, 74, 83, 53, 29]",8
4618,"[0, 97, 98, 99, 74, 77, 91]",7
4619,"[0, 97, 98, 99, 46, 19, 20]",7
4620,"[0, 69, 70, 77, 19, 97, 98, 99, 46, 50]",10
4621,"[0, 97, 98, 99, 74, 77, 83, 91]",8
4622,"[0, 69, 70, 77, 29, 97, 98, 99, 49, 50, 52]",11
4623,"[0, 74, 13, 23, 91, 29, 97, 98, 99, 37, 42]",11
4624,"[0, 69, 70, 77, 19, 91, 97, 98, 99, 46, 50]",11
4625,"[0, 69, 70, 77, 16, 19, 26, 91, 97, 98, 99, 46, 50]",13
4626,"[0, 97, 98, 99, 74, 77, 91]",7
4627,"[0, 74, 14, 83, 29, 94, 97, 98, 99, 53]",10
4628,"[0, 97, 98, 99, 74, 77, 91]",7
4629,"[0, 97, 98, 99, 74, 77, 91]",7
4630,"[0, 74, 13, 83, 91, 29, 97, 98, 99, 44]",10
4631,"[0, 74, 13, 23, 91, 29, 97, 98, 99, 37, 42]",11
4632,"[0, 69, 70, 77, 16, 19, 26, 91, 29, 97, 98, 99, 46, 50]",14
4633,"[0, 69, 70, 77, 16, 19, 26, 29, 97, 98, 99, 46, 50]",13
4634,"[0, 97, 98, 99, 74, 29]",6
4635,"[0, 97, 98, 99, 74, 83, 53, 29]",8
4636,"[0, 97, 98, 99, 74, 77, 91]",7
4637,"[0, 97, 98, 99, 74, 29]",6
4638,"[0, 97, 98, 99, 74, 77, 91]",7
4639,"[0, 97, 98, 99, 69, 70, 74, 77]",8
4640,"[0, 97, 98, 99, 74, 77, 91]",7
4641,"[0, 97, 98, 99, 69, 70, 74, 77]",8
4642,"[0, 32, 97, 98, 99, 37, 74, 23, 29]",9
4643,"[0, 97, 98, 99, 74, 77, 91]",7
4644,"[0, 74, 13, 87, 23, 29, 32, 97, 98, 99, 37, 42]",12
4645,"[0, 97, 98, 99, 74, 77, 91]",7
4646,"[0, 97, 98, 99, 74, 44, 77, 20, 23]",9
4647,"[0, 97, 98, 99, 74, 42, 13, 91, 29]",9
4648,"[0, 74, 77, 19, 91, 97, 98, 99, 46, 50]",10
4649,"[0, 97, 98, 99, 74, 77, 91]",7
4650,"[0, 69, 70, 77, 16, 19, 26, 91, 29, 97, 98, 99, 46]",13
4651,"[0, 97, 98, 99, 77, 52, 91]",7
4652,"[0, 97, 98, 99, 74, 77, 91]",7
4653,"[0, 97, 98, 99, 74, 77, 91]",7
4654,"[0, 97, 98, 99, 74, 77, 91]",7
4655,"[0, 74, 23, 91, 29, 32, 97, 98, 99, 37]",10
4656,"[0, 74, 13, 23, 87, 29, 32, 97, 98, 99, 37, 42]",12
4657,"[0, 97, 98, 99, 74, 77, 91]",7
4658,"[0, 69, 70, 77, 16, 20, 26, 91, 97, 98, 99, 50]",12
4659,"[0, 74, 23, 93, 29, 32, 97, 98, 35, 99, 37, 46]",12
4660,"[0, 74, 77, 83, 23, 87, 91, 29, 32, 97, 98, 99, 37, 53]",14
4661,"[0, 70, 77, 16, 20, 26, 91, 97, 98, 99]",10
4662,"[0, 97, 98, 99, 44, 13, 91]",7
4663,"[0, 69, 70, 77, 16, 19, 26, 29, 97, 98, 99, 46, 50]",13
4664,"[0, 97, 98, 99, 77, 50, 20, 91]",8
4665,"[0, 69, 70, 77, 16, 19, 26, 91, 29, 97, 98, 99, 46, 50]",14
4666,"[0, 97, 98, 99, 74, 29]",6
4667,"[0, 97, 98, 99, 20, 84]",6
4668,"[0, 97, 98, 99, 69, 70, 74, 77]",8
4669,"[0, 70, 77, 16, 20, 26, 91, 97, 98, 99]",10
4670,"[0, 97, 98, 99, 74, 77, 91]",7
4671,"[0, 64, 74, 77, 13, 83, 91, 97, 98, 99, 42]",11
4672,"[0, 97, 98, 99, 74, 77, 83, 91]",8
4673,"[0, 69, 70, 77, 19, 97, 98, 99, 46, 50]",10
4674,"[0, 97, 98, 99, 42, 74, 13, 91, 29]",9
4675,"[0, 74, 13, 23, 29, 32, 97, 98, 99, 37, 42]",11
4676,"[0, 97, 98, 99, 74, 77, 91]",7
4677,"[0, 69, 70, 77, 19, 91, 97, 98, 99, 46, 50]",11
4678,"[0, 97, 98, 99, 74, 83, 53, 29]",8
4679,"[0, 74, 13, 83, 23, 87, 91, 29, 97, 98, 99, 37, 42]",13
4680,"[0, 69, 70, 77, 19, 91, 97, 98, 99, 46, 50]",11
4681,"[0, 97, 98, 99, 74, 77, 91]",7
4682,"[0, 97, 98, 99, 74, 77, 91]",7
4683,"[0, 97, 98, 99, 69, 70, 74, 77]",8
4684,"[0, 97, 98, 99, 74, 77, 91]",7
4685,"[0, 97, 98, 99, 74, 77, 91]",7
4686,"[0, 97, 98, 99, 74, 77, 91]",7
4687,"[0, 97, 98, 99, 69, 70, 77, 20, 91]",9
4688,"[0, 97, 98, 99, 69, 70, 74, 77]",8
4689,"[0, 74, 77, 83, 23, 29, 97, 98, 99, 53]",10
4690,"[0, 97, 98, 99, 77, 20, 91]",7
4691,"[0, 74, 13, 87, 23, 29, 32, 97, 98, 99, 37, 42]",12
4692,"[0, 97, 98, 99, 74, 83, 53, 29]",8
4693,"[0, 97, 98, 99, 74, 77, 91]",7
4694,"[0, 74, 83, 23, 91, 29, 97, 98, 99, 53]",10
4695,"[0, 69, 70, 77, 16, 19, 26, 97, 98, 99, 46, 49, 50]",13
4696,"[0, 74, 23, 91, 29, 32, 97, 98, 99, 37]",10
4697,"[0, 97, 98, 99, 74, 77, 83, 91]",8
4698,"[0, 97, 98, 99, 74, 77, 91]",7
4699,"[0, 69, 70, 77, 19, 97, 98, 99, 46, 50]",10
4700,"[0, 97, 98, 99, 69, 70, 74, 77]",8
4701,"[0, 74, 13, 23, 91, 29, 97, 98, 99, 37, 42]",11
4702,"[0, 74, 77, 20, 23, 97, 34, 99, 98, 44]",10
4703,"[0, 97, 98, 99, 69, 70, 74, 77]",8
4704,"[0, 74, 14, 83, 29, 94, 97, 98, 99, 53]",10
4705,"[0, 97, 98, 99, 74, 77, 83, 91]",8
4706,"[0, 97, 98, 99, 74, 77, 91]",7
4707,"[0, 70, 74, 23, 29, 93, 97, 98, 35, 99, 46]",11
4708,"[0, 97, 98, 99, 74, 83, 53, 23, 29]",9
4709,"[0, 74, 77, 19, 91, 97, 98, 99, 46, 50]",10
4710,"[0, 32, 97, 98, 99, 37, 74, 23, 29]",9
4711,"[0, 97, 98, 99, 74, 77, 91]",7
4712,"[0, 97, 98, 99, 74]",5
4713,"[0, 97, 98, 99, 42, 74, 13, 91, 29]",9
4714,"[0, 74, 13, 23, 91, 29, 97, 98, 99, 37, 42]",11
4715,"[0, 97, 98, 99, 74, 77, 91]",7
4716,"[0, 97, 98, 99, 74, 29]",6
4717,"[0, 97, 98, 99, 74, 77, 91]",7
4718,"[0, 74, 13, 83, 91, 29, 97, 98, 99, 44]",10
4719,"[0, 32, 97, 98, 99, 37, 74, 23, 29]",9
4720,"[0, 97, 98, 99, 77, 20, 91]",7
4721,"[0, 74, 13, 23, 29, 32, 97, 98, 99, 37, 42]",11
4722,"[0, 74, 13, 23, 29, 32, 97, 98, 99, 37, 42]",11
4723,"[0, 74, 13, 23, 87, 29, 32, 97, 98, 99, 37, 42]",12
4724,"[0, 74, 13, 23, 91, 29, 97, 98, 99, 37, 42]",11
4725,"[0, 70, 77, 16, 20, 26, 91, 97, 98, 99]",10
4726,"[0, 97, 98, 99, 74, 83, 53, 29]",8
4727,"[0, 97, 98, 99, 74]",5
4728,"[0, 97, 98, 99, 74, 77, 91]",7
4729,"[0, 97, 98, 99, 69, 70, 74, 77]",8
4730,"[0, 97, 98, 99, 74, 77, 91]",7
4731,"[0, 74, 13, 23, 29, 32, 97, 98, 99, 37, 42]",11
4732,"[0, 74, 13, 23, 91, 29, 97, 98, 99, 37, 42]",11
4733,"[0, 74, 13, 83, 29, 97, 98, 99, 44, 53]",10
4734,"[0, 97, 98, 99, 74, 77, 91]",7
4735,"[0, 69, 70, 77, 16, 19, 26, 91, 97, 98, 99, 46, 50]",13
4736,"[0, 69, 70, 77, 91, 29, 97, 98, 99, 49, 50, 52]",12
4737,"[0, 97, 98, 99, 74, 77, 91]",7
4738,"[0, 69, 70, 77, 20, 91, 97, 98, 99, 50]",10
4739,"[0, 69, 70, 74, 77, 20, 91, 97, 98, 99]",10
4740,"[0, 97, 98, 99, 69, 70, 74, 77]",8
4741,"[0, 97, 98, 99, 74, 77, 91]",7
4742,"[0, 69, 70, 77, 20, 91, 97, 98, 99, 50]",10
4743,"[0, 97, 98, 99, 69, 70, 77, 20, 91]",9
4744,"[0, 97, 98, 99, 77, 83, 52, 91]",8
4745,"[0, 97, 98, 99, 74, 23]",6
4746,"[0, 97, 98, 99, 69, 70, 74, 77, 91]",9
4747,"[0, 74, 13, 23, 91, 29, 97, 98, 99, 37, 42]",11
4748,"[0, 97, 98, 99, 46, 19, 20]",7
4749,"[0, 97, 98, 99, 74, 83, 53, 29]",8
4750,"[0, 97, 98, 99, 74, 77, 91]",7
4751,"[0, 74, 13, 83, 29, 97, 98, 99, 44, 45, 53]",11
4752,"[0, 97, 98, 99, 74, 20, 23]",7
4753,"[0, 97, 98, 99, 74, 77, 91]",7
4754,"[0, 69, 70, 74, 77, 91, 97, 98, 99, 50]",10
4755,"[0, 69, 70, 77, 16, 19, 26, 91, 29, 97, 98, 99, 46, 50]",14
4756,"[0, 97, 98, 99, 74, 77, 91]",7
4757,"[0, 97, 98, 99, 69, 70, 74, 77, 50]",9
4758,"[0, 97, 98, 99, 74, 77, 91]",7
4759,"[0, 97, 98, 99, 74, 77, 91]",7
4760,"[0, 97, 98, 99, 74, 83, 53, 29]",8
4761,"[0, 97, 98, 99, 74, 83, 53, 29]",8
4762,"[0, 97, 98, 99, 69, 70, 74, 77, 50]",9
4763,"[0, 74, 13, 83, 23, 91, 29, 32, 97, 98, 99, 37, 42]",13
4764,"[0, 97, 98, 99, 74, 23]",6
4765,"[0, 97, 98, 99, 69, 70, 74, 77, 91]",9
4766,"[0, 97, 98, 99, 69, 70, 74, 77]",8
4767,"[0, 97, 98, 99, 74, 83, 53, 29]",8
4768,"[0, 97, 98, 99, 74, 83, 53, 29]",8
4769,"[0, 74, 13, 83, 23, 91, 29, 32, 97, 98, 99, 37, 42]",13
4770,"[0, 74, 13, 87, 23, 29, 32, 97, 98, 99, 37, 42]",12
4771,"[0, 69, 70, 77, 19, 91, 97, 98, 99, 46, 50]",11
4772,"[0, 97, 98, 99, 74, 77, 91]",7
4773,"[0, 74, 83, 29, 97, 98, 99, 37, 43, 44, 53]",11
4774,"[0, 97, 98, 99, 74, 83, 53, 29]",8
4775,"[0, 74, 83, 23, 91, 29, 97, 98, 99, 37]",10
4776,"[0, 97, 98, 99, 69, 70, 74, 77]",8
4777,"[0, 69, 70, 74, 77, 20, 91, 97, 98, 99]",10
4778,"[0, 69, 70, 77, 19, 91, 97, 98, 99, 46, 50]",11
4779,"[0, 97, 98, 99, 74, 77, 91]",7
4780,"[0, 97, 98, 99, 74, 83, 91, 29]",8
4781,"[0, 69, 70, 77, 16, 19, 26, 91, 97, 98, 99, 46, 50]",13
4782,"[0, 97, 98, 99, 74, 20, 23]",7
4783,"[0, 70, 77, 16, 19, 26, 91, 97, 98, 99, 46, 50]",12
4784,"[0, 97, 98, 99, 74, 77, 91]",7
4785,"[0, 97, 98, 99, 74, 77, 91]",7
4786,"[0, 69, 70, 77, 20, 91, 97, 98, 99, 50]",10
4787,"[0, 97, 98, 99, 77, 83, 52, 91]",8
4788,"[0, 97, 98, 99, 74, 77, 91]",7
4789,"[0, 97, 98, 99, 74, 77, 91]",7
4790,"[0, 97, 98, 99, 74, 77, 22, 91]",8
4791,"[0, 69, 70, 77, 16, 19, 26, 91, 29, 97, 98, 99, 46]",13
4792,"[0, 69, 70, 77, 19, 91, 97, 98, 99, 46, 50]",11
4793,"[0, 97, 98, 99, 74, 29]",6
4794,"[0, 97, 98, 99, 74, 23, 29]",7
4795,"[0, 97, 98, 99, 74, 77, 91]",7
4796,"[0, 97, 98, 99, 74, 44, 77, 20, 23]",9
4797,"[0, 69, 70, 77, 29, 97, 98, 99, 49, 50, 52]",11
4798,"[0, 97, 98, 99, 74, 77, 91]",7
4799,"[0, 97, 98, 99, 69, 70, 74, 77]",8
4800,"[0, 74, 13, 23, 91, 29, 32, 97, 98, 99, 37, 42]",12
4801,"[0, 97, 98, 99, 69, 70, 74, 77]",8
4802,"[0, 74, 23, 91, 29, 32, 97, 98, 99, 37]",10
4803,"[0, 74, 13, 23, 29, 32, 97, 98, 99, 37, 42]",11
4804,"[0, 97, 98, 99, 69, 70, 74, 77]",8
4805,"[0, 97, 98, 99, 74, 23, 29]",7
4806,"[0, 69, 70, 77, 16, 19, 26, 91, 97, 98, 99, 46, 50]",13
4807,"[0, 74, 77, 83, 23, 29, 97, 98, 99, 53]",10
4808,"[0, 74, 13, 83, 23, 91, 29, 32, 97, 98, 99, 37, 42]",13
4809,"[0, 70, 77, 16, 19, 26, 91, 97, 98, 99, 46, 50]",12
4810,"[0, 74, 14, 83, 29, 94, 97, 98, 99, 53]",10
4811,"[0, 97, 98, 99, 74, 77, 91]",7
4812,"[0, 97, 98, 99, 20, 84]",6
4813,"[0, 74, 13, 23, 29, 32, 97, 98, 99, 37, 42]",11
4814,"[0, 69, 70, 77, 16, 20, 26, 91, 97, 98, 99, 50]",12
4815,"[0, 97, 98, 99, 74, 77, 91]",7
4816,"[0, 97, 98, 99, 74, 29]",6
4817,"[0, 69, 70, 74, 77, 91, 97, 98, 99, 50]",10
4818,"[0, 97, 98, 99, 74, 23]",6
4819,"[0, 69, 70, 77, 19, 97, 98, 99, 46, 50]",10
4820,"[0, 97, 98, 99, 74, 77, 91]",7
4821,"[0, 97, 98, 99, 74, 83, 91, 29]",8
4822,"[0, 74, 13, 23, 91, 29, 97, 98, 99, 37, 42]",11
4823,"[0, 97, 98, 99, 74]",5
4824,"[0, 97, 98, 99, 74, 83, 53, 29]",8
4825,"[0, 97, 98, 99, 74, 77, 91]",7
4826,"[0, 97, 98, 99, 74, 77, 91]",7
4827,"[0, 97, 98, 99, 74, 77, 83, 91]",8
4828,"[0, 97, 98, 99, 77, 83, 52, 91]",8
4829,"[0, 97, 98, 99, 44, 13, 91]",7
4830,"[0, 97, 98, 99, 74, 77, 91]",7
4831,"[0, 69, 70, 77, 16, 19, 26, 91, 29, 97, 98, 99, 46, 50]",14
4832,"[0, 74, 13, 83, 23, 91, 29, 32, 97, 98, 99, 37, 42]",13
4833,"[0, 74, 77, 83, 23, 87, 91, 29, 32, 97, 98, 99, 37, 53]",14
4834,"[0, 69, 70, 74, 77, 20, 91, 97, 98, 99]",10
4835,"[0, 97, 98, 99, 74, 77, 91]",7
4836,"[0, 97, 98, 99, 74, 77, 91]",7
4837,"[0, 97, 98, 99, 74, 77, 91]",7
4838,"[0, 74, 13, 83, 29, 97, 98, 99, 44, 45, 53]",11
4839,"[0, 97, 98, 99, 42, 74, 13, 91, 29]",9
4840,"[0, 97, 98, 99, 74, 77, 91]",7
4841,"[0, 97, 98, 99, 69, 70, 74, 77]",8
4842,"[0, 97, 98, 99, 74, 20, 23]",7
4843,"[0, 97, 98, 99, 77, 20, 91]",7
4844,"[0, 69, 70, 77, 16, 19, 26, 91, 29, 97, 98, 99, 46, 50]",14
4845,"[0, 74, 13, 87, 23, 91, 29, 97, 98, 99, 37, 42]",12
4846,"[0, 97, 98, 99, 74, 77, 91]",7
4847,"[0, 69, 70, 77, 19, 91, 97, 98, 99, 46, 50]",11
4848,"[0, 69, 70, 77, 16, 19, 26, 97, 98, 99, 46, 49, 50]",13
4849,"[0, 97, 98, 99, 74, 83, 53, 29]",8
4850,"[0, 97, 98, 99, 74, 77, 91]",7
4851,"[0, 74, 13, 83, 29, 97, 98, 99, 44, 53]",10
4852,"[0, 97, 98, 99, 69, 70, 74, 77, 50]",9
4853,"[0, 97, 98, 99, 74, 77, 91]",7
4854,"[0, 97, 98, 99, 69, 70, 74, 77]",8
4855,"[0, 97, 98, 99, 74, 77, 91]",7
4856,"[0, 97, 98, 99, 74, 77, 91]",7
4857,"[0, 97, 98, 99, 74, 77, 83, 91]",8
4858,"[0, 97, 98, 99, 74, 29]",6
4859,"[0, 70, 77, 16, 20, 26, 91, 97, 98, 99]",10
4860,"[0, 97, 98, 99, 69, 70, 74, 77]",8
4861,"[0, 74, 13, 87, 23, 29, 32, 97, 98, 99, 37, 42]",12
4862,"[0, 97, 98, 99, 69, 70, 74, 77]",8
4863,"[0, 97, 98, 99, 74, 77, 91]",7
4864,"[0, 97, 98, 99, 69, 70, 77, 20, 91]",9
4865,"[0, 97, 98, 99, 69, 70, 74, 77]",8
4866,"[0, 97, 98, 99, 74, 77, 91]",7
4867,"[0, 97, 98, 99, 74, 83, 53, 29]",8
4868,"[0, 74, 13, 23, 91, 29, 97, 98, 99, 37, 42]",11
4869,"[0, 97, 98, 99, 74, 77, 91]",7
4870,"[0, 97, 98, 99, 74, 29]",6
4871,"[0, 74, 13, 83, 91, 29, 97, 98, 99, 44]",10
4872,"[0, 64, 74, 13, 77, 83, 91, 97, 98, 99, 42]",11
4873,"[0, 69, 70, 77, 19, 91, 97, 98, 99, 46, 50]",11
4874,"[0, 97, 98, 99, 74, 77, 91]",7
4875,"[0, 97, 98, 99, 74, 83, 53, 29]",8
4876,"[0, 69, 70, 77, 16, 19, 26, 91, 29, 97, 98, 99, 46]",13
4877,"[0, 74, 77, 20, 23, 97, 98, 34, 99, 44]",10
4878,"[0, 74, 13, 87, 23, 29, 32, 97, 98, 99, 37, 42]",12
4879,"[0, 97, 98, 99, 74, 83, 53, 23, 29]",9
4880,"[0, 97, 98, 99, 77, 50, 20, 91]",8
4881,"[0, 97, 98, 99, 74, 77, 91]",7
4882,"[0, 69, 70, 77, 19, 91, 97, 98, 99, 46, 50]",11
4883,"[0, 97, 98, 99, 69, 70, 77, 20, 91]",9
4884,"[0, 69, 70, 77, 91, 29, 97, 98, 99, 49, 50, 52]",12
4885,"[0, 97, 98, 99, 74, 77, 91]",7
4886,"[0, 97, 98, 99, 74, 83, 53, 29]",8
4887,"[0, 69, 70, 77, 29, 97, 98, 99, 49, 50, 52]",11
4888,"[0, 97, 98, 99, 74, 83, 53, 29]",8
4889,"[0, 97, 98, 99, 74, 83, 53, 29]",8
4890,"[0, 70, 74, 23, 93, 29, 97, 98, 35, 99, 46]",11
4891,"[0, 70, 77, 16, 19, 26, 91, 97, 98, 99, 46, 50]",12
4892,"[0, 69, 70, 77, 16, 20, 26, 91, 97, 98, 99, 50]",12
4893,"[0, 97, 98, 99, 69, 70, 74, 77]",8
4894,"[0, 69, 70, 77, 19, 97, 98, 99, 46, 50]",10
4895,"[0, 97, 98, 99, 69, 70, 77, 20, 91]",9
4896,"[0, 97, 98, 99, 74]",5
4897,"[0, 97, 98, 99, 74, 77, 91]",7
4898,"[0, 97, 98, 99, 74, 20, 23]",7
4899,"[0, 97, 98, 99, 74, 77, 91]",7
4900,"[0, 97, 98, 99, 74, 77, 91]",7
4901,"[0, 97, 98, 99, 74, 77, 91]",7
4902,"[0, 97, 98, 99, 74, 83, 53, 29]",8
4903,"[0, 97, 98, 99, 74, 77, 91]",7
4904,"[0, 74, 13, 23, 29, 32, 97, 98, 99, 37, 42]",11
4905,"[0, 97, 98, 99, 74, 77, 83, 91]",8
4906,"[0, 74, 23, 91, 29, 32, 97, 98, 99, 37]",10
4907,"[0, 70, 74, 23, 93, 29, 97, 98, 99, 35, 46]",11
4908,"[0, 69, 70, 77, 19, 91, 97, 98, 99, 46, 50]",11
4909,"[0, 69, 70, 74, 77, 20, 91, 97, 98, 99]",10
4910,"[0, 97, 98, 99, 69, 70, 74, 77, 91]",9
4911,"[0, 70, 77, 16, 20, 26, 91, 97, 98, 99]",10
4912,"[0, 69, 70, 74, 77, 91, 97, 98, 99, 50]",10
4913,"[0, 97, 98, 99, 74, 77, 91]",7
4914,"[0, 74, 83, 29, 97, 98, 99, 37, 43, 44, 53]",11
4915,"[0, 97, 98, 99, 42, 74, 13, 23, 29]",9
4916,"[0, 74, 13, 23, 91, 29, 97, 98, 99, 37, 42]",11
4917,"[0, 74, 23, 91, 29, 32, 97, 98, 99, 37]",10
4918,"[0, 97, 98, 99, 77, 52, 91]",7
4919,"[0, 97, 98, 99, 77, 83, 52, 91]",8
4920,"[0, 97, 98, 99, 74, 77, 83, 91]",8
4921,"[0, 97, 98, 99, 74, 77, 91]",7
4922,"[0, 74, 13, 23, 87, 29, 32, 97, 98, 99, 37, 42]",12
4923,"[0, 97, 98, 99, 74, 77, 91]",7
4924,"[0, 97, 98, 99, 69, 70, 74, 77, 91]",9
4925,"[0, 97, 98, 99, 74, 77, 91]",7
4926,"[0, 74, 13, 87, 23, 29, 32, 97, 98, 99, 37, 42, 57]",13
4927,"[0, 97, 98, 99, 74, 77, 91]",7
4928,"[0, 97, 98, 99, 74, 77, 91]",7
4929,"[0, 69, 70, 77, 19, 91, 97, 98, 99, 46, 50]",11
4930,"[0, 70, 77, 16, 20, 26, 91, 97, 98, 99]",10
4931,"[0, 69, 70, 74, 77, 91, 97, 98, 99, 50]",10
4932,"[0, 74, 13, 23, 91, 29, 97, 98, 99, 37, 42]",11
4933,"[0, 97, 98, 99, 74, 83, 53, 29]",8
4934,"[0, 97, 98, 99, 37, 74, 23, 91, 29]",9
4935,"[0, 97, 98, 99, 74, 77, 91]",7
4936,"[0, 74, 77, 83, 23, 91, 29, 97, 98, 99, 53]",11
4937,"[0, 97, 98, 99, 74, 77, 91]",7
4938,"[0, 97, 98, 99, 74, 77, 91]",7
4939,"[0, 69, 70, 77, 16, 19, 26, 29, 97, 98, 99, 46, 50]",13
4940,"[0, 32, 97, 98, 99, 37, 74, 23, 29]",9
4941,"[0, 97, 98, 99, 20]",5
4942,"[0, 97, 98, 99, 74, 77, 91]",7
4943,"[0, 69, 70, 77, 16, 20, 26, 91, 97, 98, 99, 50]",12
4944,"[0, 74, 13, 23, 91, 29, 32, 97, 98, 99, 37, 42]",12
4945,"[0, 97, 98, 99, 74, 42, 13, 91, 29]",9
4946,"[0, 97, 98, 99, 74, 77, 22, 91]",8
4947,"[0, 69, 70, 77, 16, 19, 26, 91, 97, 98, 99, 46, 50]",13
4948,"[0, 74, 13, 23, 29, 32, 97, 98, 99, 37, 42]",11
4949,"[0, 97, 98, 99, 74, 77, 50, 91]",8
4950,"[0, 74, 77, 20, 23, 29, 97, 98, 99, 34]",10
4951,"[0, 69, 70, 77, 91, 29, 97, 98, 99, 50, 52]",11
4952,"[0, 97, 98, 99, 74, 29]",6
4953,"[0, 97, 98, 99, 74, 77, 91]",7
4954,"[0, 97, 98, 99, 74, 77, 83, 91]",8
4955,"[0, 97, 98, 99, 74, 77, 91]",7
4956,"[0, 32, 97, 98, 99, 37, 74, 23, 29]",9
4957,"[0, 69, 70, 77, 16, 20, 26, 91, 97, 98, 99, 50]",12
4958,"[0, 69, 70, 77, 16, 19, 26, 97, 98, 99, 46, 49, 50]",13
4959,"[0, 97, 98, 99, 74, 77, 91]",7
4960,"[0, 74, 13, 23, 29, 32, 97, 98, 99, 37, 42]",11
4961,"[0, 70, 77, 16, 20, 26, 91, 97, 98, 99, 50]",11
4962,"[0, 97, 98, 99, 74, 77, 91]",7
4963,"[0, 97, 98, 99, 20, 84]",6
4964,"[0, 64, 74, 77, 13, 83, 91, 97, 98, 99, 42]",11
4965,"[0, 97, 98, 99, 74, 77, 91]",7
4966,"[0, 97, 98, 99, 74, 29]",6
4967,"[0, 97, 98, 99, 74, 77, 91]",7
4968,"[0, 97, 98, 99, 74, 77, 83, 91]",8
4969,"[0, 97, 98, 99, 74, 77, 91]",7
4970,"[0, 70, 77, 16, 20, 26, 91, 97, 98, 99]",10
4971,"[0, 97, 98, 99, 74, 77, 91]",7
4972,"[0, 97, 98, 99, 74, 77, 50, 91]",8
4973,"[0, 74, 13, 18, 23, 29, 32, 97, 98, 99, 37, 42]",12
4974,"[0, 74, 13, 23, 87, 29, 32, 97, 98, 99, 37, 42]",12
4975,"[0, 69, 70, 77, 19, 91, 97, 98, 99, 46, 50]",11
4976,"[0, 97, 98, 99, 74, 83, 53, 23, 29]",9
4977,"[0, 69, 70, 77, 16, 19, 26, 91, 97, 98, 99, 46, 50]",13
4978,"[0, 97, 98, 99, 74, 77, 83, 91]",8
4979,"[0, 74, 13, 23, 91, 29, 32, 97, 98, 99, 37, 42]",12
4980,"[0, 97, 98, 99, 74, 77, 91]",7
4981,"[0, 97, 98, 99, 74, 77, 91]",7
4982,"[0, 97, 98, 99, 74, 29]",6
4983,"[0, 97, 98, 99, 74, 77, 83, 91]",8
4984,"[0, 97, 98, 99, 74, 77, 91]",7
4985,"[0, 97, 98, 99, 74, 77, 91]",7
4986,"[0, 97, 98, 99, 74, 77, 83, 91]",8
4987,"[0, 97, 98, 99, 74, 77, 83, 91]",8
4988,"[0, 97, 98, 99, 74, 77, 91]",7
4989,"[0, 97, 98, 99, 74, 77, 91]",7
4990,"[0, 97, 98, 99, 74, 77, 91]",7
4991,"[0, 69, 70, 77, 19, 91, 97, 98, 99, 46, 50]",11
4992,"[0, 97, 98, 99, 74, 77, 20, 91]",8
4993,"[0, 97, 98, 99, 74, 77, 91]",7
4994,"[0, 97, 98, 99, 74, 77, 50, 91]",8
4995,"[0, 97, 98, 99, 77, 52, 91]",7
4996,"[0, 74, 13, 18, 23, 29, 32, 97, 98, 99, 37, 42]",12
4997,"[0, 74, 87, 23, 91, 29, 32, 97, 98, 99, 37, 53]",12
4998,"[0, 97, 98, 99, 74, 77, 91]",7
4999,"[0, 74, 13, 83, 29, 97, 98, 99, 44, 53]",10
5000,"[0, 97, 98, 99, 74, 77, 91]",7
5001,"[0, 97, 98, 99, 77, 52, 91]",7
5002,"[0, 97, 98, 99, 74, 77, 91]",7
5003,"[0, 97, 98, 99, 74, 83, 91, 29]",8
5004,"[0, 97, 98, 99, 74, 23, 29]",7
5005,"[0, 74, 13, 18, 23, 87, 29, 32, 97, 98, 99, 37, 42]",13
5006,"[0, 69, 70, 77, 16, 19, 26, 91, 97, 98, 99, 46, 50]",13
5007,"[0, 74, 23, 91, 29, 32, 97, 98, 99, 37]",10
5008,"[0, 70, 77, 16, 20, 26, 91, 97, 98, 99]",10
5009,"[0, 97, 98, 99, 74, 77, 83, 91]",8
5010,"[0, 69, 70, 77, 19, 91, 97, 98, 99, 46]",10
5011,"[0, 74, 13, 18, 23, 91, 29, 32, 97, 98, 99, 37, 42]",13
5012,"[0, 74, 13, 18, 87, 23, 29, 32, 97, 98, 99, 37, 42]",13
5013,"[0, 97, 98, 99, 69, 70, 74, 77, 91]",9
5014,"[0, 97, 98, 99, 74, 77, 83, 91]",8
5015,"[0, 70, 77, 16, 20, 26, 91, 97, 98, 99, 50]",11
5016,"[0, 97, 98, 99, 74, 77, 91]",7
5017,"[0, 97, 98, 99, 74, 77, 83, 91]",8
5018,"[0, 97, 98, 99, 74, 83, 53, 29]",8
5019,"[0, 97, 98, 99, 44, 13, 91]",7
5020,"[0, 69, 70, 77, 19, 91, 97, 98, 99, 46, 50]",11
5021,"[0, 70, 77, 16, 20, 26, 91, 97, 98, 99]",10
5022,"[0, 97, 98, 99, 77, 46, 19, 91, 29]",9
5023,"[0, 74, 13, 18, 23, 91, 29, 97, 98, 99, 37, 42]",12
5024,"[0, 97, 98, 99, 69, 70, 77, 20]",8
5025,"[0, 97, 98, 99, 74, 77, 91]",7
5026,"[0, 74, 23, 91, 29, 32, 97, 98, 99, 37]",10
5027,"[0, 74, 13, 18, 23, 29, 32, 97, 98, 99, 37, 42]",12
5028,"[0, 97, 34, 99, 98, 74, 20, 23]",8
5029,"[0, 97, 98, 99, 74, 77, 91]",7
5030,"[0, 97, 98, 99, 74, 77, 83, 91]",8
5031,"[0, 97, 98, 99, 74]",5
5032,"[0, 69, 70, 77, 16, 20, 26, 91, 97, 98, 99, 50]",12
5033,"[0, 70, 77, 16, 20, 26, 91, 97, 98, 99]",10
5034,"[0, 97, 98, 99, 74, 77, 83, 91]",8
5035,"[0, 97, 98, 99, 74, 77, 91]",7
5036,"[0, 69, 70, 77, 19, 91, 97, 98, 99, 46, 50]",11
5037,"[0, 97, 98, 99, 74, 77, 91]",7
5038,"[0, 97, 98, 99, 74, 77, 91]",7
5039,"[0, 97, 98, 99, 74, 83, 53, 29]",8
5040,"[0, 97, 98, 99, 74, 77, 83, 91]",8
5041,"[0, 97, 98, 99, 74, 77, 91]",7
5042,"[0, 70, 77, 16, 20, 26, 91, 97, 98, 99]",10
5043,"[0, 70, 74, 23, 93, 29, 97, 98, 35, 99, 46]",11
5044,"[0, 97, 98, 99, 74, 44, 13, 91, 29]",9
5045,"[0, 97, 98, 99, 34, 74, 20, 23]",8
5046,"[0, 69, 70, 77, 19, 91, 29, 97, 98, 99, 46, 49]",12
5047,"[0, 97, 98, 99, 74, 77, 91]",7
5048,"[0, 74, 13, 18, 23, 91, 29, 97, 98, 99, 37, 42]",12
5049,"[0, 97, 98, 99, 77, 52, 91]",7
5050,"[0, 74, 13, 18, 23, 29, 97, 98, 99, 42]",10
5051,"[0, 97, 98, 99, 74, 77, 83, 91]",8
5052,"[0, 74, 13, 18, 87, 23, 29, 32, 97, 98, 99, 37, 42]",13
5053,"[0, 97, 98, 99, 74, 91, 29]",7
5054,"[0, 74, 13, 18, 23, 91, 29, 97, 98, 99, 37, 42]",12
5055,"[0, 97, 98, 99, 74, 83, 53, 29]",8
5056,"[0, 74, 77, 83, 23, 91, 29, 97, 98, 99, 53]",11
5057,"[0, 97, 98, 99, 74, 29]",6
5058,"[0, 97, 98, 99, 74, 83, 53, 29]",8
5059,"[0, 70, 77, 16, 20, 26, 91, 97, 98, 99, 50]",11
5060,"[0, 97, 98, 99, 74, 77, 83, 91]",8
5061,"[0, 69, 70, 77, 29, 97, 98, 99, 50, 52]",10
5062,"[0, 97, 98, 99, 74, 77, 83, 91]",8
5063,"[0, 69, 70, 77, 16, 19, 26, 91, 97, 98, 99, 46, 50]",13
5064,"[0, 74, 83, 23, 29, 32, 97, 98, 99, 37, 53]",11
5065,"[0, 97, 98, 99, 74, 77, 83, 91]",8
5066,"[0, 69, 70, 77, 19, 91, 97, 98, 99, 46, 50]",11
5067,"[0, 97, 98, 99, 69, 70, 74, 77, 50]",9
5068,"[0, 97, 98, 99, 74, 83, 53, 29]",8
5069,"[0, 69, 70, 77, 19, 91, 97, 98, 99, 46, 50]",11
5070,"[0, 97, 98, 99, 74, 77, 20, 91]",8
5071,"[0, 97, 98, 99, 74, 77, 20, 91]",8
5072,"[0, 97, 98, 99, 74, 77, 91]",7
5073,"[0, 70, 77, 16, 20, 26, 91, 97, 98, 99]",10
5074,"[0, 74, 13, 14, 83, 29, 94, 97, 98, 99, 44, 53]",12
5075,"[0, 74, 13, 18, 23, 91, 29, 97, 98, 99, 37, 42]",12
5076,"[0, 97, 98, 99, 74, 77, 91]",7
5077,"[0, 69, 70, 77, 19, 97, 98, 99, 46, 49, 50]",11
5078,"[0, 69, 70, 74, 77, 91, 97, 98, 99, 50]",10
5079,"[0, 97, 98, 99, 74, 77, 91]",7
5080,"[0, 69, 70, 77, 16, 19, 26, 91, 97, 98, 99, 46, 50]",13
5081,"[0, 69, 70, 77, 19, 91, 97, 98, 99, 46, 50]",11
5082,"[0, 74, 13, 18, 23, 91, 29, 32, 97, 98, 99, 37, 42]",13
5083,"[0, 74, 13, 18, 91, 29, 97, 98, 99, 37, 42]",11
5084,"[0, 74, 13, 18, 23, 29, 32, 97, 98, 99, 37, 42]",12
5085,"[0, 74, 11, 83, 29, 97, 98, 99, 37, 43, 44, 53]",12
5086,"[0, 74, 23, 93, 29, 32, 97, 98, 35, 99, 37, 46]",12
5087,"[0, 74, 13, 23, 87, 91, 29, 97, 98, 99, 37, 42]",12
5088,"[0, 97, 98, 99, 69, 70, 77, 20, 91]",9
5089,"[0, 97, 98, 99, 74, 83, 53, 29]",8
5090,"[0, 74, 13, 18, 91, 29, 97, 98, 99, 42]",10
5091,"[0, 97, 98, 99, 74, 83, 53, 29]",8
5092,"[0, 97, 98, 99, 74, 77, 91]",7
5093,"[0, 74, 13, 18, 23, 91, 29, 97, 98, 99, 37, 42]",12
5094,"[0, 69, 70, 77, 16, 19, 26, 91, 29, 97, 98, 99, 46, 49]",14
5095,"[0, 97, 98, 99, 74, 77, 91]",7
5096,"[0, 97, 98, 99, 77, 52, 91]",7
5097,"[0, 97, 98, 99, 74, 23]",6
5098,"[0, 97, 34, 98, 99, 74, 20, 23]",8
5099,"[0, 97, 98, 99, 74, 77, 91]",7
5100,"[0, 97, 98, 99, 74, 23, 29]",7
5101,"[0, 97, 98, 99, 74, 83, 53, 29]",8
5102,"[0, 69, 70, 77, 16, 20, 26, 91, 97, 98, 99, 50]",12
5103,"[0, 97, 98, 99, 74, 77, 83, 91]",8
5104,"[0, 74, 13, 18, 23, 91, 29, 97, 98, 99, 37, 42]",12
5105,"[0, 74, 13, 18, 23, 29, 32, 97, 98, 99, 37, 42]",12
5106,"[0, 74, 23, 29, 93, 32, 97, 98, 35, 99, 37, 46]",12
5107,"[0, 97, 98, 99, 74, 77, 91]",7
5108,"[0, 97, 98, 99, 74, 77, 91]",7
5109,"[0, 97, 98, 99, 74, 20, 23]",7
5110,"[0, 69, 70, 77, 19, 91, 97, 98, 99, 46, 50]",11
5111,"[0, 97, 98, 99, 69, 70, 74, 77, 50]",9
5112,"[0, 97, 98, 99, 69, 70, 77, 20]",8
5113,"[0, 74, 13, 18, 23, 87, 29, 32, 97, 98, 99, 37, 42]",13
5114,"[0, 97, 98, 99, 77, 20, 91]",7
5115,"[0, 74, 13, 18, 23, 91, 29, 97, 98, 99, 37, 42]",12
5116,"[0, 74, 13, 23, 91, 29, 32, 97, 98, 99, 37, 42]",12
5117,"[0, 97, 98, 99, 74, 77, 91]",7
5118,"[0, 97, 98, 99, 74, 77, 91]",7
5119,"[0, 64, 74, 77, 13, 83, 91, 97, 98, 99, 42]",11
5120,"[0, 97, 98, 99, 74, 83, 91, 29]",8
5121,"[0, 74, 13, 18, 23, 91, 29, 32, 97, 98, 99, 37, 42]",13
5122,"[0, 69, 70, 77, 19, 97, 98, 99, 46, 49, 50]",11
5123,"[0, 69, 70, 77, 16, 20, 26, 91, 97, 98, 99, 50]",12
5124,"[0, 97, 98, 99, 74, 77, 91]",7
5125,"[0, 74, 13, 83, 29, 97, 98, 99, 44, 45, 53]",11
5126,"[0, 97, 98, 99, 74, 77, 83, 91]",8
5127,"[0, 74, 13, 18, 23, 29, 32, 97, 98, 99, 37, 42]",12
5128,"[0, 69, 70, 77, 29, 97, 98, 99, 50, 52]",10
5129,"[0, 97, 98, 99, 74, 77, 50, 91]",8
5130,"[0, 97, 98, 99, 74, 77, 91]",7
5131,"[0, 74, 87, 23, 91, 29, 32, 97, 98, 99, 37, 53]",12
5132,"[0, 97, 98, 99, 74, 77, 91]",7
5133,"[0, 74, 13, 18, 91, 29, 97, 98, 99, 42]",10
5134,"[0, 97, 98, 99, 74, 77, 91]",7
5135,"[0, 69, 70, 77, 19, 91, 97, 98, 99, 46]",10
5136,"[0, 69, 70, 77, 16, 19, 26, 91, 97, 98, 99, 46, 50]",13
5137,"[0, 69, 70, 77, 19, 97, 98, 99, 46, 49, 50]",11
5138,"[0, 74, 13, 14, 83, 29, 94, 97, 98, 99, 44, 53]",12
5139,"[0, 74, 13, 18, 23, 29, 97, 98, 99, 42]",10
5140,"[0, 97, 98, 99, 74, 77, 91]",7
5141,"[0, 74, 77, 83, 23, 91, 29, 97, 98, 99, 53]",11
5142,"[0, 97, 98, 99, 74, 77, 91]",7
5143,"[0, 74, 13, 18, 23, 29, 32, 97, 98, 99, 37, 42]",12
5144,"[0, 69, 70, 77, 19, 91, 29, 97, 98, 99, 46, 49]",12
5145,"[0, 97, 98, 99, 74, 77, 91]",7
5146,"[0, 97, 98, 99, 74, 77, 91]",7
5147,"[0, 97, 98, 99, 74, 77, 83, 91]",8
5148,"[0, 97, 98, 99, 74, 77, 91]",7
5149,"[0, 97, 98, 99, 74, 77, 91]",7
5150,"[0, 97, 98, 99, 74, 23, 29]",7
5151,"[0, 69, 70, 77, 19, 91, 97, 98, 99, 46, 50]",11
5152,"[0, 70, 77, 16, 20, 26, 91, 97, 98, 99]",10
5153,"[0, 74, 13, 18, 23, 29, 32, 97, 98, 99, 37, 42]",12
5154,"[0, 97, 98, 99, 74, 77, 91]",7
5155,"[0, 97, 98, 99, 74, 83, 53, 23, 29]",9
5156,"[0, 32, 97, 98, 99, 37, 74, 23, 29]",9
5157,"[0, 97, 98, 99, 74, 77, 91]",7
5158,"[0, 97, 98, 99, 74, 77, 20, 91]",8
5159,"[0, 70, 77, 16, 20, 26, 91, 97, 98, 99, 50]",11
5160,"[0, 97, 98, 99, 77, 46, 19, 91, 29]",9
5161,"[0, 97, 98, 99, 74, 44, 13, 91, 29]",9
5162,"[0, 69, 70, 77, 16, 19, 26, 91, 97, 98, 99, 46, 50]",13
5163,"[0, 97, 98, 99, 74, 77, 91]",7
5164,"[0, 74, 13, 18, 23, 91, 29, 97, 98, 99, 37, 42]",12
5165,"[0, 97, 98, 99, 69, 70, 74, 77, 91]",9
5166,"[0, 97, 98, 99, 74, 77, 91]",7
5167,"[0, 97, 98, 99, 74, 77, 20, 91]",8
5168,"[0, 97, 98, 99, 74, 77, 83, 91]",8
5169,"[0, 97, 98, 99, 74, 77, 83, 53, 29]",9
5170,"[0, 74, 13, 18, 23, 91, 29, 97, 98, 99, 37, 42]",12
5171,"[0, 97, 98, 99, 74, 83, 53, 29]",8
5172,"[0, 69, 70, 77, 19, 91, 97, 98, 99, 46, 50]",11
5173,"[0, 74, 13, 18, 87, 23, 29, 32, 97, 98, 99, 37, 42]",13
5174,"[0, 97, 98, 99, 74, 23]",6
5175,"[0, 97, 98, 99, 74, 77, 91]",7
5176,"[0, 74, 13, 18, 23, 91, 29, 97, 98, 99, 37, 42]",12
5177,"[0, 97, 98, 99, 74, 77, 83, 91]",8
5178,"[0, 97, 98, 99, 74, 77, 91]",7
5179,"[0, 69, 70, 77, 19, 91, 97, 98, 99, 46, 50]",11
5180,"[0, 97, 98, 99, 74, 83, 53, 29]",8
5181,"[0, 97, 98, 99, 74, 77, 83, 91]",8
5182,"[0, 97, 98, 99, 74, 83, 53, 29]",8
5183,"[0, 97, 98, 99, 74, 77, 91]",7
5184,"[0, 97, 98, 99, 74, 77, 91]",7
5185,"[0, 97, 98, 99, 74, 29]",6
5186,"[0, 97, 98, 99, 74, 91, 29]",7
5187,"[0, 97, 98, 99, 74, 23, 29]",7
5188,"[0, 74, 13, 18, 23, 87, 29, 32, 97, 98, 99, 37, 42]",13
5189,"[0, 97, 98, 99, 74, 77, 83, 91]",8
5190,"[0, 74, 13, 18, 23, 29, 32, 97, 98, 99, 37, 42]",12
5191,"[0, 74, 13, 18, 23, 29, 93, 97, 98, 35, 99, 42, 46]",13
5192,"[0, 74, 13, 18, 23, 29, 32, 97, 98, 99, 37, 42]",12
5193,"[0, 74, 13, 18, 91, 29, 97, 98, 99, 37, 42]",11
5194,"[0, 97, 98, 99, 74, 77, 83, 91]",8
5195,"[0, 97, 98, 99, 74]",5
5196,"[0, 70, 77, 16, 20, 26, 91, 97, 98, 99, 50]",11
5197,"[0, 69, 70, 77, 91, 29, 97, 98, 99, 50, 52]",11
5198,"[0, 69, 70, 77, 19, 91, 29, 97, 98, 99, 46, 49]",12
5199,"[0, 97, 98, 99, 74, 77, 83, 91]",8
5200,"[0, 74, 23, 91, 29, 32, 97, 98, 99, 37]",10
5201,"[0, 69, 70, 74, 77, 91, 97, 98, 99, 50]",10
5202,"[0, 97, 98, 99, 74, 77, 91]",7
5203,"[0, 97, 98, 99, 74, 77, 91]",7
5204,"[0, 97, 34, 99, 98, 74, 20, 23]",8
5205,"[0, 97, 98, 99, 74, 77, 91]",7
5206,"[0, 97, 98, 99, 74, 77, 91]",7
5207,"[0, 97, 98, 99, 74, 77, 91]",7
5208,"[0, 97, 98, 99, 77, 83, 52, 91]",8
5209,"[0, 97, 98, 99, 74, 77, 83, 91]",8
5210,"[0, 97, 98, 99, 74, 77, 83, 91]",8
5211,"[0, 97, 98, 99, 74, 29]",6
5212,"[0, 74, 13, 18, 87, 23, 29, 32, 97, 98, 99, 37, 42]",13
5213,"[0, 70, 77, 16, 20, 26, 91, 97, 98, 99]",10
5214,"[0, 69, 70, 77, 16, 20, 26, 91, 97, 98, 99, 50]",12
5215,"[0, 74, 11, 83, 29, 97, 98, 99, 37, 43, 44, 53]",12
5216,"[0, 97, 98, 99, 74, 77, 83, 91]",8
5217,"[0, 97, 98, 99, 74, 77, 83, 91]",8
5218,"[0, 97, 98, 99, 74, 77, 91]",7
5219,"[0, 69, 70, 77, 19, 91, 97, 98, 99, 46, 50]",11
5220,"[0, 97, 98, 99, 74, 77, 83, 91]",8
5221,"[0, 70, 77, 16, 20, 26, 91, 97, 98, 99]",10
5222,"[0, 70, 77, 16, 20, 26, 91, 97, 98, 99]",10
5223,"[0, 74, 13, 87, 23, 91, 29, 97, 98, 99, 37, 42]",12
5224,"[0, 97, 98, 99, 74, 29]",6
5225,"[0, 97, 98, 99, 74, 77, 83, 91]",8
5226,"[0, 97, 98, 99, 74, 29]",6
5227,"[0, 97, 98, 99, 84, 20]",6
5228,"[0, 69, 70, 77, 19, 91, 97, 98, 99, 46, 50]",11
5229,"[0, 97, 98, 99, 74, 77, 91]",7
5230,"[0, 97, 98, 99, 74, 77, 83, 91]",8
5231,"[0, 97, 98, 99, 77, 52, 91]",7
5232,"[0, 97, 98, 99, 74, 83, 53, 29]",8
5233,"[0, 97, 98, 99, 77, 20, 91]",7
5234,"[0, 97, 98, 99, 34, 74, 20, 23]",8
5235,"[0, 97, 98, 99, 74, 77, 91]",7
5236,"[0, 97, 98, 99, 74, 77, 83, 91]",8
5237,"[0, 69, 70, 77, 19, 91, 97, 98, 99, 46, 50]",11
5238,"[0, 69, 70, 77, 16, 19, 26, 91, 97, 98, 99, 46, 50]",13
5239,"[0, 97, 98, 99, 74, 83, 53, 29]",8
5240,"[0, 97, 98, 99, 91]",5
5241,"[0, 97, 98, 99, 74, 77, 83, 91]",8
5242,"[0, 97, 98, 99, 74, 77, 91]",7
5243,"[0, 97, 98, 99, 77, 50, 20, 91]",8
5244,"[0, 74, 13, 18, 23, 91, 29, 97, 98, 99, 37, 42]",12
5245,"[0, 97, 98, 99, 77, 52, 91]",7
5246,"[0, 97, 98, 99, 74, 77, 91]",7
5247,"[0, 69, 70, 77, 19, 91, 97, 98, 99, 46, 50]",11
5248,"[0, 97, 98, 99, 74, 77, 91]",7
5249,"[0, 97, 98, 99, 77, 52, 57, 91]",8
5250,"[0, 32, 97, 98, 99, 37, 74, 23, 29]",9
5251,"[0, 97, 98, 99, 74, 77, 83, 91]",8
5252,"[0, 32, 98, 97, 99, 37, 74, 23, 29]",9
5253,"[0, 97, 98, 99, 74, 29]",6
5254,"[0, 97, 98, 99, 77, 20, 91]",7
5255,"[0, 97, 98, 99, 74, 77, 91]",7
5256,"[0, 97, 98, 99, 74, 77, 91]",7
5257,"[0, 97, 98, 99, 74, 77, 91]",7
5258,"[0, 74, 23, 29, 93, 32, 97, 98, 35, 99, 37, 46]",12
5259,"[0, 97, 98, 99, 74, 20, 23]",7
5260,"[0, 69, 70, 77, 19, 97, 98, 99, 46, 49, 50]",11
5261,"[0, 97, 98, 99, 74, 29]",6
5262,"[0, 97, 98, 99, 74, 77, 83, 91]",8
5263,"[0, 64, 74, 77, 13, 83, 91, 97, 98, 99, 42]",11
5264,"[0, 97, 98, 99, 74, 83, 53, 29]",8
5265,"[0, 97, 98, 99, 74, 77, 91]",7
5266,"[0, 70, 77, 16, 20, 26, 91, 97, 98, 99, 50]",11
5267,"[0, 74, 13, 18, 23, 91, 29, 32, 97, 98, 99, 37, 42]",13
5268,"[0, 69, 70, 77, 19, 91, 29, 97, 98, 99, 46]",11
5269,"[0, 97, 98, 99, 74, 77, 91]",7
5270,"[0, 69, 70, 77, 19, 91, 97, 98, 99, 46, 50]",11
5271,"[0, 97, 98, 99, 74, 77, 83, 91]",8
5272,"[0, 69, 70, 77, 19, 91, 97, 98, 99, 46, 50]",11
5273,"[0, 69, 70, 74, 77, 91, 97, 98, 99, 50]",10
5274,"[0, 97, 98, 99, 74, 77, 83, 91]",8
5275,"[0, 97, 98, 99, 74, 77, 91]",7
5276,"[0, 97, 98, 99, 77, 83, 52, 91]",8
5277,"[0, 97, 98, 99, 74, 77, 91]",7
5278,"[0, 97, 98, 99, 74, 77, 91]",7
5279,"[0, 97, 98, 99, 74, 44, 13, 91, 29]",9
5280,"[0, 97, 98, 99, 74, 77, 50, 91]",8
5281,"[0, 97, 98, 99, 74, 23, 29]",7
5282,"[0, 97, 98, 99, 74, 77, 91]",7
5283,"[0, 97, 98, 99, 74, 83, 53, 23, 29]",9
5284,"[0, 97, 98, 99, 77, 20, 91]",7
5285,"[0, 74, 13, 18, 23, 29, 97, 98, 99, 42]",10
5286,"[0, 74, 13, 18, 23, 91, 29, 97, 98, 99, 37, 42]",12
5287,"[0, 97, 98, 99, 74, 83, 53, 29]",8
5288,"[0, 97, 98, 99, 74]",5
5289,"[0, 97, 98, 99, 74, 77, 91]",7
5290,"[0, 97, 98, 99, 74, 77, 91]",7
5291,"[0, 97, 98, 99, 77, 52, 91]",7
5292,"[0, 97, 98, 99, 77, 52, 91]",7
5293,"[0, 97, 98, 99, 74, 77, 91]",7
5294,"[0, 69, 70, 77, 19, 91, 97, 98, 99, 46, 50]",11
5295,"[0, 97, 98, 99, 77, 46, 19, 91]",8
5296,"[0, 97, 98, 99, 74, 77, 91]",7
5297,"[0, 97, 98, 99, 74, 83, 53, 29]",8
5298,"[0, 97, 98, 99, 74, 77, 91]",7
5299,"[0, 74, 13, 18, 23, 29, 93, 97, 98, 35, 99, 42, 46]",13
5300,"[0, 97, 98, 99, 42, 13, 83, 91]",8
5301,"[0, 97, 98, 99, 74, 77, 91]",7
5302,"[0, 97, 98, 99, 74, 77, 91]",7
5303,"[0, 97, 98, 99, 84, 20]",6
5304,"[0, 97, 98, 99, 74]",5
5305,"[0, 69, 70, 77, 19, 91, 97, 98, 99, 46, 50]",11
5306,"[0, 97, 98, 99, 42, 77, 13, 83, 91]",9
5307,"[0, 97, 98, 99, 77, 50, 20, 91]",8
5308,"[0, 74, 13, 18, 23, 87, 29, 32, 97, 98, 99, 37, 42, 57]",14
5309,"[0, 97, 98, 99, 74, 77, 91]",7
5310,"[0, 74, 13, 18, 87, 23, 29, 32, 97, 98, 99, 37, 42]",13
5311,"[0, 74, 13, 18, 23, 91, 29, 97, 98, 99, 37, 42]",12
5312,"[0, 74, 13, 23, 87, 91, 29, 97, 98, 99, 37, 42]",12
5313,"[0, 74, 77, 83, 23, 29, 97, 98, 99, 53]",10
5314,"[0, 69, 70, 77, 19, 97, 98, 99, 46, 49, 50]",11
5315,"[0, 69, 70, 77, 16, 20, 26, 91, 97, 98, 99, 50]",12
5316,"[0, 69, 70, 77, 19, 91, 97, 98, 99, 46, 50]",11
5317,"[0, 70, 77, 16, 20, 26, 91, 97, 98, 99]",10
5318,"[0, 97, 98, 99, 74, 23, 29]",7
5319,"[0, 69, 70, 77, 16, 19, 26, 91, 29, 97, 98, 99, 46, 49]",14
5320,"[0, 69, 70, 77, 16, 20, 26, 91, 97, 98, 99, 50]",12
5321,"[0, 97, 98, 99, 74, 77, 83, 91]",8
5322,"[0, 97, 98, 99, 74, 77, 83, 91]",8
5323,"[0, 74, 13, 18, 23, 29, 32, 97, 98, 99, 37, 42]",12
5324,"[0, 97, 98, 99, 74, 77, 91]",7
5325,"[0, 74, 13, 18, 23, 91, 29, 97, 98, 99, 37, 42]",12
5326,"[0, 97, 98, 99, 74, 91, 29]",7
5327,"[0, 70, 77, 16, 20, 26, 91, 97, 98, 99]",10
5328,"[0, 69, 70, 77, 16, 19, 26, 91, 97, 98, 99, 46, 50]",13
5329,"[0, 97, 98, 99, 74, 77, 91]",7
5330,"[0, 97, 98, 99, 74, 77, 91]",7
5331,"[0, 74, 13, 83, 29, 97, 98, 99, 44, 45, 53]",11
5332,"[0, 97, 98, 99, 74, 83, 53, 29]",8
5333,"[0, 69, 70, 77, 16, 19, 26, 91, 97, 98, 99, 46, 50]",13
5334,"[0, 97, 98, 99, 74, 23]",6
5335,"[0, 97, 98, 99, 74, 77, 83, 91]",8
5336,"[0, 97, 98, 99, 74, 20, 23]",7
5337,"[0, 97, 98, 99, 74, 77, 91]",7
5338,"[0, 74, 23, 91, 29, 32, 97, 98, 99, 37]",10
5339,"[0, 74, 13, 18, 23, 91, 29, 97, 98, 99, 37, 42]",12
5340,"[0, 70, 77, 16, 20, 26, 91, 97, 98, 99, 50]",11
5341,"[0, 97, 98, 99, 74, 77, 20, 91]",8
5342,"[0, 70, 77, 16, 20, 26, 91, 97, 98, 99]",10
5343,"[0, 74, 13, 18, 23, 29, 32, 97, 98, 99, 37, 42]",12
5344,"[0, 97, 98, 99, 77, 52, 57, 91]",8
5345,"[0, 97, 98, 99, 77, 46, 19, 91, 29]",9
5346,"[0, 97, 98, 99, 74, 77, 83, 91]",8
5347,"[0, 74, 13, 18, 23, 91, 29, 97, 98, 99, 37, 42]",12
5348,"[0, 74, 13, 18, 87, 23, 29, 32, 97, 98, 99, 37, 42, 57]",14
5349,"[0, 69, 70, 77, 19, 91, 97, 98, 99, 46, 50]",11
5350,"[0, 97, 98, 99, 74, 77, 83, 91]",8
5351,"[0, 74, 13, 18, 23, 29, 32, 97, 98, 99, 37, 42]",12
5352,"[0, 97, 98, 99, 74, 77, 83, 91]",8
5353,"[0, 97, 98, 99, 74, 91, 29]",7
5354,"[0, 97, 98, 99, 74, 77, 91]",7
5355,"[0, 74, 13, 18, 23, 29, 32, 97, 98, 99, 37, 42]",12
5356,"[0, 97, 98, 99, 74, 77, 83, 91]",8
5357,"[0, 97, 98, 99, 74, 23]",6
5358,"[0, 74, 13, 14, 83, 29, 94, 97, 98, 99, 44, 53]",12
5359,"[0, 97, 98, 99, 74, 77, 83, 91]",8
5360,"[0, 97, 98, 99, 74, 23, 29]",7
5361,"[0, 97, 98, 99, 74, 77, 91]",7
5362,"[0, 74, 77, 83, 29, 97, 98, 99, 43, 44, 53]",11
5363,"[0, 97, 98, 99, 74, 77, 91]",7
5364,"[0, 97, 98, 99, 74, 77, 91]",7
5365,"[0, 97, 98, 99, 74, 77, 91]",7
5366,"[0, 74, 13, 18, 23, 29, 32, 97, 98, 99, 37, 42]",12
5367,"[0, 97, 98, 99, 74, 77, 91]",7
5368,"[0, 69, 70, 77, 29, 97, 98, 99, 50, 52]",10
5369,"[0, 97, 98, 99, 74, 77, 83, 91]",8
5370,"[0, 74, 13, 18, 87, 23, 29, 32, 97, 98, 99, 37, 42, 57]",14
5371,"[0, 97, 98, 99, 74, 77, 91]",7
5372,"[0, 97, 98, 99, 91]",5
5373,"[0, 97, 98, 99, 74, 23, 29]",7
5374,"[0, 97, 98, 99, 74, 77, 91]",7
5375,"[0, 74, 13, 18, 23, 91, 29, 97, 98, 99, 37, 42]",12
5376,"[0, 97, 98, 99, 69, 70, 77, 20]",8
5377,"[0, 70, 77, 16, 20, 26, 91, 97, 98, 99]",10
5378,"[0, 97, 98, 99, 74, 77, 83, 91]",8
5379,"[0, 97, 98, 99, 77, 50, 52, 91, 29]",9
5380,"[0, 70, 77, 16, 20, 26, 91, 97, 98, 99, 50]",11
5381,"[0, 97, 98, 99, 74, 77, 83, 91]",8
5382,"[0, 69, 70, 77, 19, 91, 97, 98, 99, 46, 50]",11
5383,"[0, 97, 98, 99, 74, 77, 91]",7
5384,"[0, 97, 98, 99, 74, 77, 83, 91]",8
5385,"[0, 74, 77, 83, 23, 91, 29, 97, 98, 99, 53]",11
5386,"[0, 69, 70, 77, 19, 91, 97, 98, 99, 46, 50]",11
5387,"[0, 97, 98, 99, 74, 77, 91]",7
5388,"[0, 69, 70, 74, 77, 91, 97, 98, 99, 50]",10
5389,"[0, 69, 70, 77, 19, 91, 97, 98, 99, 46, 50]",11
5390,"[0, 97, 98, 99, 74, 77, 83, 91]",8
5391,"[0, 74, 13, 18, 23, 91, 29, 97, 98, 99, 37, 42]",12
5392,"[0, 97, 98, 99, 74, 77, 91]",7
5393,"[0, 97, 98, 99, 74, 77, 91]",7
5394,"[0, 97, 98, 99, 74, 83, 53, 23, 29]",9
5395,"[0, 74, 83, 29, 97, 98, 99, 37, 43, 44, 53]",11
5396,"[0, 97, 98, 99, 74, 77, 83, 91]",8
5397,"[0, 32, 98, 97, 99, 37, 74, 23, 29]",9
5398,"[0, 97, 98, 99, 74, 77, 20, 91]",8
5399,"[0, 74, 87, 23, 91, 29, 32, 97, 98, 99, 37, 53]",12
5400,"[0, 74, 13, 18, 87, 23, 29, 32, 97, 98, 99, 37, 42, 57]",14
5401,"[0, 97, 98, 99, 74, 23, 29]",7
5402,"[0, 69, 70, 77, 19, 91, 97, 98, 99, 46, 50]",11
5403,"[0, 97, 98, 99, 74, 77, 83, 91]",8
5404,"[0, 97, 98, 99, 77, 46, 19, 91, 29]",9
5405,"[0, 97, 98, 99, 74, 77, 91]",7
5406,"[0, 97, 98, 99, 74, 77, 91]",7
5407,"[0, 97, 98, 99, 37, 74, 23, 91, 29]",9
5408,"[0, 69, 70, 77, 19, 91, 97, 98, 99, 46, 50]",11
5409,"[0, 97, 98, 99, 74, 77, 91]",7
5410,"[0, 97, 98, 99, 74, 23, 29]",7
5411,"[0, 74, 77, 83, 23, 29, 97, 98, 99, 53]",10
5412,"[0, 69, 70, 77, 19, 91, 97, 98, 99, 46, 50]",11
5413,"[0, 69, 70, 77, 19, 91, 97, 98, 99, 46, 50]",11
5414,"[0, 97, 98, 99, 74, 77, 83, 91]",8
5415,"[0, 97, 98, 99, 77, 52, 91]",7
5416,"[0, 97, 98, 99, 74, 77, 83, 91]",8
5417,"[0, 74, 13, 18, 23, 91, 29, 97, 98, 99, 37, 42]",12
5418,"[0, 97, 98, 99, 74, 77, 83, 91]",8
5419,"[0, 74, 13, 18, 23, 91, 29, 97, 98, 99, 37, 42]",12
5420,"[0, 97, 98, 99, 74, 77, 83, 91]",8
5421,"[0, 97, 98, 99, 74, 77, 91]",7
5422,"[0, 97, 98, 99, 37, 74, 91, 29]",8
5423,"[0, 97, 98, 99, 74, 77, 91]",7
5424,"[0, 97, 98, 99, 42, 77, 13, 83, 91]",9
5425,"[0, 97, 98, 99, 74, 77, 91]",7
5426,"[0, 74, 13, 23, 87, 91, 29, 97, 98, 99, 37, 42]",12
5427,"[0, 97, 98, 99, 74, 77, 83, 91]",8
5428,"[0, 69, 70, 77, 19, 91, 97, 98, 99, 46, 50]",11
5429,"[0, 74, 77, 83, 23, 29, 97, 98, 99, 53]",10
5430,"[0, 69, 70, 77, 19, 91, 97, 98, 99, 46, 50]",11
5431,"[0, 74, 13, 18, 23, 87, 29, 32, 97, 98, 99, 37, 42, 57]",14
5432,"[0, 97, 98, 99, 77, 50, 52, 91, 29]",9
5433,"[0, 74, 13, 18, 23, 29, 32, 97, 98, 99, 37, 42]",12
5434,"[0, 74, 13, 18, 23, 91, 29, 97, 98, 99, 37, 42]",12
5435,"[0, 69, 70, 74, 77, 91, 97, 98, 99, 50]",10
5436,"[0, 97, 98, 99, 77, 20, 91]",7
5437,"[0, 97, 98, 99, 74, 83, 53, 29]",8
5438,"[0, 97, 98, 99, 77, 52, 91]",7
5439,"[0, 69, 70, 77, 16, 20, 26, 91, 97, 98, 99, 50]",12
5440,"[0, 97, 98, 99, 74, 77, 91]",7
5441,"[0, 74, 23, 91, 29, 32, 97, 98, 99, 37]",10
5442,"[0, 74, 13, 18, 23, 87, 29, 32, 97, 98, 99, 37, 42, 57]",14
5443,"[0, 97, 98, 99, 74, 77, 91]",7
5444,"[0, 74, 13, 83, 29, 97, 98, 99, 44, 45, 53]",11
5445,"[0, 97, 98, 99, 74, 77, 83, 91]",8
5446,"[0, 74, 23, 87, 91, 29, 32, 97, 98, 99, 37, 53]",12
5447,"[0, 97, 98, 99, 74, 77, 91]",7
5448,"[0, 97, 98, 99, 74, 77, 50, 91]",8
5449,"[0, 74, 77, 83, 23, 91, 29, 97, 98, 99, 53]",11
5450,"[0, 74, 77, 83, 29, 97, 98, 99, 43, 44, 53]",11
5451,"[0, 69, 70, 10, 77, 16, 83, 22, 26, 97, 98, 99]",12
5452,"[0, 97, 98, 99, 74, 77, 91]",7
5453,"[0, 74, 13, 18, 23, 29, 32, 97, 98, 99, 37, 42]",12
5454,"[0, 97, 98, 99, 74, 77, 91]",7
5455,"[0, 97, 98, 99, 74, 77, 91]",7
5456,"[0, 74, 13, 14, 83, 29, 94, 97, 98, 99, 44, 53]",12
5457,"[0, 74, 13, 18, 23, 91, 29, 97, 98, 99, 37, 42]",12
5458,"[0, 97, 98, 99, 74, 77, 91]",7
5459,"[0, 97, 98, 99, 74, 77, 91]",7
5460,"[0, 74, 83, 29, 97, 98, 99, 37, 43, 44, 53]",11
5461,"[0, 74, 13, 18, 87, 23, 29, 32, 97, 98, 99, 37, 42, 57]",14
5462,"[0, 97, 98, 99, 91]",5
5463,"[0, 32, 97, 98, 99, 37, 74, 23, 29]",9
5464,"[0, 97, 98, 99, 69, 70, 77, 20]",8
5465,"[0, 70, 77, 16, 20, 26, 91, 97, 98, 99]",10
5466,"[0, 97, 98, 99, 74, 77, 91]",7
5467,"[0, 69, 70, 77, 19, 29, 97, 98, 99, 46, 49, 50]",12
5468,"[0, 97, 98, 99, 74, 77, 91]",7
5469,"[0, 97, 98, 99, 74, 77, 91]",7
5470,"[0, 74, 77, 83, 23, 29, 97, 98, 99, 53]",10
5471,"[0, 74, 13, 18, 23, 91, 29, 97, 98, 99, 37, 42]",12
5472,"[0, 97, 98, 99, 74, 83, 53, 29]",8
5473,"[0, 74, 13, 18, 23, 91, 29, 97, 98, 99, 37, 42]",12
5474,"[0, 74, 23, 91, 29, 32, 97, 98, 99, 37]",10
5475,"[0, 97, 98, 99, 74, 77, 91]",7
5476,"[0, 97, 98, 99, 74, 77, 83, 91]",8
5477,"[0, 97, 98, 99, 74, 77, 91]",7
5478,"[0, 97, 98, 99, 74, 23]",6
5479,"[0, 70, 77, 16, 20, 26, 91, 97, 98, 99]",10
5480,"[0, 70, 77, 16, 20, 26, 91, 97, 98, 99]",10
5481,"[0, 97, 98, 99, 74, 44, 13, 91, 29]",9
5482,"[0, 97, 98, 99, 74, 77, 91]",7
5483,"[0, 32, 97, 98, 99, 37, 74, 23, 29]",9
5484,"[0, 97, 98, 99, 74, 77, 91]",7
5485,"[0, 69, 70, 77, 19, 91, 97, 98, 99, 46, 50]",11
5486,"[0, 74, 13, 18, 23, 91, 29, 97, 98, 99, 37, 42]",12
5487,"[0, 69, 70, 77, 16, 19, 26, 91, 29, 97, 98, 99, 46, 50]",14
5488,"[0, 74, 13, 18, 23, 93, 29, 97, 98, 35, 99, 42, 46]",13
5489,"[0, 97, 98, 99, 74, 77, 91]",7
5490,"[0, 97, 98, 99, 20, 84]",6
5491,"[0, 97, 98, 99, 74, 77, 83, 91]",8
5492,"[0, 70, 77, 16, 20, 26, 91, 97, 98, 99, 50]",11
5493,"[0, 97, 98, 99, 74]",5
5494,"[0, 69, 70, 77, 19, 91, 29, 97, 98, 99, 46]",11
5495,"[0, 64, 74, 13, 77, 91, 97, 98, 99, 42]",10
5496,"[0, 97, 98, 99, 74, 77, 83, 91]",8
5497,"[0, 97, 98, 99, 37, 74, 91, 29]",8
5498,"[0, 74, 13, 18, 23, 91, 29, 32, 97, 98, 99, 37, 42]",13
5499,"[0, 97, 98, 99, 74]",5
5500,"[0, 74, 13, 18, 23, 87, 29, 32, 97, 98, 99, 37, 42, 57]",14
5501,"[0, 97, 98, 99, 74, 77, 83, 91]",8
5502,"[0, 97, 98, 99, 77, 83, 52, 91]",8
5503,"[0, 97, 98, 99, 74, 20, 23]",7
5504,"[0, 97, 98, 99, 74, 77, 91]",7
5505,"[0, 97, 98, 99, 74, 23]",6
5506,"[0, 97, 98, 99, 74, 77, 91]",7
5507,"[0, 70, 77, 16, 20, 26, 91, 97, 98, 99]",10
5508,"[0, 97, 98, 99, 77, 52, 91]",7
5509,"[0, 11, 13, 83, 91, 97, 98, 99, 37, 42]",10
5510,"[0, 70, 77, 16, 20, 26, 91, 97, 98, 99]",10
5511,"[0, 97, 98, 99, 74, 20, 23]",7
5512,"[0, 69, 70, 77, 19, 91, 97, 98, 99, 46, 50]",11
5513,"[0, 97, 98, 99, 74, 23, 29]",7
5514,"[0, 97, 98, 99, 77, 50, 20, 91]",8
5515,"[0, 69, 70, 77, 16, 19, 26, 97, 98, 99, 46, 49, 50]",13
5516,"[0, 97, 98, 99, 74, 77, 20, 91]",8
5517,"[0, 97, 98, 99, 74, 77, 83, 91]",8
5518,"[0, 97, 98, 99, 74, 77, 91]",7
5519,"[0, 97, 98, 99, 74, 77, 83, 91]",8
5520,"[0, 97, 98, 99, 74, 77, 91]",7
5521,"[0, 97, 98, 99, 74, 77, 91]",7
5522,"[0, 97, 98, 99, 74, 77, 83, 91]",8
5523,"[0, 97, 98, 99, 74, 77, 91]",7
5524,"[0, 74, 23, 29, 93, 32, 97, 98, 35, 99, 37, 46]",12
5525,"[0, 97, 98, 99, 74, 77, 83, 91]",8
5526,"[0, 69, 70, 77, 16, 20, 26, 91, 97, 98, 99, 50]",12
5527,"[0, 69, 70, 77, 19, 91, 97, 98, 99, 46, 50]",11
5528,"[0, 97, 98, 99, 74, 83, 53, 29]",8
5529,"[0, 74, 13, 18, 23, 91, 29, 97, 98, 99, 37, 42]",12
5530,"[0, 97, 98, 99, 74, 77, 83, 91]",8
5531,"[0, 97, 98, 99, 74, 77, 83, 91]",8
5532,"[0, 74, 13, 18, 23, 29, 32, 97, 98, 99, 37, 42]",12
5533,"[0, 97, 98, 99, 74, 83, 91, 29]",8
5534,"[0, 97, 98, 99, 74, 83, 53, 29]",8
5535,"[0, 69, 70, 74, 77, 91, 97, 98, 99, 50]",10
5536,"[0, 74, 13, 18, 23, 29, 32, 97, 98, 99, 37, 42]",12
5537,"[0, 69, 70, 77, 16, 19, 26, 91, 29, 97, 98, 99, 46]",13
5538,"[0, 97, 98, 99, 74, 77, 20, 91]",8
5539,"[0, 97, 98, 99, 74, 77, 91]",7
5540,"[0, 69, 70, 77, 19, 91, 97, 98, 99, 46]",10
5541,"[0, 97, 98, 99, 74, 77, 91]",7
5542,"[0, 97, 98, 99, 74, 77, 91]",7
5543,"[0, 69, 70, 77, 29, 97, 98, 99, 50, 52]",10
5544,"[0, 74, 13, 18, 23, 87, 29, 32, 97, 98, 99, 37, 42]",13
5545,"[0, 97, 98, 99, 74, 23, 29]",7
5546,"[0, 69, 70, 77, 16, 20, 26, 91, 97, 98, 99, 50]",12
5547,"[0, 97, 98, 99, 74, 77, 83, 91]",8
5548,"[0, 97, 98, 99, 74, 77, 91]",7
5549,"[0, 69, 70, 77, 19, 91, 97, 98, 99, 46, 50]",11
5550,"[0, 69, 70, 77, 16, 20, 26, 91, 97, 98, 99, 50]",12
5551,"[0, 69, 70, 77, 19, 91, 29, 97, 98, 99, 46]",11
5552,"[0, 97, 98, 99, 77, 52, 91]",7
5553,"[0, 70, 77, 16, 20, 26, 91, 97, 98, 99]",10
5554,"[0, 74, 13, 18, 23, 29, 32, 97, 98, 99, 37, 42]",12
5555,"[0, 74, 77, 83, 23, 29, 97, 98, 99, 53]",10
5556,"[0, 11, 13, 83, 91, 97, 98, 99, 37, 42]",10
5557,"[0, 69, 70, 77, 16, 20, 26, 91, 97, 98, 99, 50]",12
5558,"[0, 97, 98, 99, 42, 13, 77, 83, 91]",9
5559,"[0, 64, 74, 77, 13, 83, 91, 97, 98, 99, 42]",11
5560,"[0, 97, 98, 99, 74, 77, 83, 91]",8
5561,"[0, 69, 70, 77, 19, 91, 97, 98, 99, 46, 50]",11
5562,"[0, 74, 13, 18, 23, 91, 29, 32, 97, 98, 99, 37, 42]",13
5563,"[0, 97, 98, 99, 74, 77, 83, 91]",8
5564,"[0, 69, 70, 77, 19, 91, 97, 98, 99, 46, 50]",11
5565,"[0, 74, 13, 18, 23, 91, 29, 97, 98, 99, 37, 42]",12
5566,"[0, 70, 77, 16, 20, 26, 91, 97, 98, 99]",10
5567,"[0, 74, 77, 83, 23, 29, 97, 98, 99, 53]",10
5568,"[0, 97, 98, 99, 74, 77, 83, 91]",8
5569,"[0, 74, 13, 18, 23, 87, 29, 32, 97, 98, 99, 37, 42]",13
5570,"[0, 97, 98, 99, 74, 77, 83, 91]",8
5571,"[0, 74, 77, 83, 23, 91, 29, 97, 98, 99, 53]",11
5572,"[0, 32, 98, 97, 99, 37, 74, 23, 29]",9
5573,"[0, 97, 98, 99, 74, 83, 53, 29]",8
5574,"[0, 97, 98, 99, 74, 91, 29]",7
5575,"[0, 69, 70, 77, 19, 91, 97, 98, 99, 46, 50]",11
5576,"[0, 69, 70, 77, 19, 91, 97, 98, 99, 46, 50]",11
5577,"[0, 97, 98, 99, 74]",5
5578,"[0, 97, 98, 99, 77, 52, 91]",7
5579,"[0, 69, 70, 77, 19, 91, 97, 98, 99, 46, 50]",11
5580,"[0, 97, 98, 99, 74, 77, 83, 53, 29]",9
5581,"[0, 97, 98, 99, 74, 23, 29]",7
5582,"[0, 69, 70, 77, 19, 91, 97, 98, 99, 46, 50]",11
5583,"[0, 70, 77, 16, 20, 26, 91, 97, 98, 99]",10
5584,"[0, 74, 13, 18, 23, 87, 29, 32, 97, 98, 99, 37, 42, 57]",14
5585,"[0, 97, 98, 99, 20, 84]",6
5586,"[0, 97, 98, 99, 37, 74, 23, 91, 29]",9
5587,"[0, 97, 98, 99, 77, 52, 91]",7
5588,"[0, 97, 98, 99, 74, 83, 53, 29]",8
5589,"[0, 74, 13, 18, 23, 87, 29, 32, 97, 98, 99, 37, 42, 57]",14
5590,"[0, 97, 98, 99, 74, 77, 91]",7
5591,"[0, 97, 98, 99, 74, 20, 23]",7
5592,"[0, 97, 98, 99, 74, 77, 91]",7
5593,"[0, 97, 98, 99, 74, 77, 91]",7
5594,"[0, 69, 70, 77, 29, 97, 98, 99, 50, 52]",10
5595,"[0, 97, 98, 99, 74, 77, 91]",7
5596,"[0, 97, 98, 99, 74, 77, 20, 91]",8
5597,"[0, 69, 70, 77, 19, 91, 97, 98, 99, 46, 50]",11
5598,"[0, 97, 98, 99, 74, 77, 91]",7
5599,"[0, 74, 13, 18, 23, 29, 32, 97, 98, 99, 37, 42]",12
5600,"[0, 69, 70, 77, 16, 19, 26, 91, 29, 97, 98, 99, 46, 50]",14
5601,"[0, 97, 98, 99, 74, 77, 83, 91]",8
5602,"[0, 74, 13, 18, 23, 93, 29, 97, 98, 35, 99, 42, 46]",13
5603,"[0, 97, 98, 99, 74, 77, 91]",7
5604,"[0, 74, 13, 18, 23, 29, 32, 97, 98, 99, 37, 42]",12
5605,"[0, 69, 70, 77, 19, 91, 97, 98, 99, 46, 50]",11
5606,"[0, 74, 23, 29, 93, 32, 97, 98, 35, 99, 37, 46]",12
5607,"[0, 69, 70, 74, 77, 91, 97, 98, 99, 50]",10
5608,"[0, 74, 13, 18, 23, 91, 29, 97, 98, 99, 37, 42]",12
5609,"[0, 97, 98, 99, 74, 77, 83, 91]",8
5610,"[0, 97, 98, 99, 74, 23, 29]",7
5611,"[0, 97, 98, 99, 74, 77, 91]",7
5612,"[0, 97, 98, 99, 74, 77, 91]",7
5613,"[0, 69, 70, 77, 16, 19, 26, 97, 98, 99, 46, 49, 50]",13
5614,"[0, 97, 98, 99, 74, 23]",6
5615,"[0, 97, 98, 99, 74, 77, 91]",7
5616,"[0, 97, 98, 99, 74, 77, 91]",7
5617,"[0, 97, 98, 99, 74, 77, 50, 91]",8
5618,"[0, 97, 98, 99, 74, 77, 83, 91]",8
5619,"[0, 74, 13, 18, 23, 91, 29, 97, 98, 99, 37, 42]",12
5620,"[0, 69, 70, 77, 16, 20, 26, 91, 97, 98, 99, 50]",12
5621,"[0, 97, 98, 99, 74, 77, 91]",7
5622,"[0, 97, 98, 99, 77, 50, 20, 91]",8
5623,"[0, 97, 98, 99, 77, 46, 19, 91, 29]",9
5624,"[0, 69, 70, 77, 16, 20, 26, 91, 97, 98, 99, 50]",12
5625,"[0, 97, 98, 99, 74, 77, 91]",7
5626,"[0, 97, 98, 99, 74, 44, 13, 91, 29]",9
5627,"[0, 97, 98, 99, 74, 77, 83, 91]",8
5628,"[0, 97, 98, 99, 74, 77, 83, 91]",8
5629,"[0, 97, 98, 99, 74, 77, 91]",7
5630,"[0, 97, 98, 99, 74, 77, 83, 91]",8
5631,"[0, 97, 98, 99, 74, 77, 91]",7
5632,"[0, 97, 98, 99, 74, 77, 91]",7
5633,"[0, 97, 98, 99, 74, 77, 91]",7
5634,"[0, 74, 13, 18, 87, 23, 29, 32, 97, 98, 99, 37, 42, 57]",14
5635,"[0, 97, 98, 99, 74, 77, 91]",7
5636,"[0, 74, 13, 14, 83, 29, 94, 97, 98, 99, 44, 53]",12
5637,"[0, 74, 83, 29, 97, 98, 99, 37, 43, 44, 53]",11
5638,"[0, 74, 13, 18, 23, 91, 29, 97, 98, 99, 37, 42]",12
5639,"[0, 97, 98, 99, 74, 77, 91]",7
5640,"[0, 97, 98, 99, 74, 77, 83, 91]",8
5641,"[0, 97, 98, 99, 69, 70, 77, 20]",8
5642,"[0, 97, 98, 99, 74, 23]",6
5643,"[0, 97, 98, 99, 74, 77, 91]",7
5644,"[0, 74, 23, 87, 91, 29, 32, 97, 98, 99, 37, 53]",12
5645,"[0, 97, 98, 99, 74, 77, 83, 91]",8
5646,"[0, 97, 98, 99, 74, 77, 91]",7
5647,"[0, 74, 13, 87, 23, 91, 29, 97, 98, 99, 37, 42]",12
5648,"[0, 74, 23, 91, 29, 32, 97, 98, 99, 37]",10
5649,"[0, 70, 77, 16, 20, 26, 91, 97, 98, 99]",10
5650,"[0, 97, 98, 99, 74, 77, 91]",7
5651,"[0, 97, 98, 99, 74, 77, 91]",7
5652,"[0, 74, 13, 18, 23, 29, 32, 97, 98, 99, 37, 42]",12
5653,"[0, 74, 13, 18, 23, 91, 29, 97, 98, 99, 37, 42]",12
5654,"[0, 97, 98, 99, 74, 77, 91]",7
5655,"[0, 97, 98, 99, 74, 77, 83, 91]",8
5656,"[0, 97, 98, 99, 74, 77, 20, 91]",8
5657,"[0, 97, 98, 99, 74, 77, 91]",7
5658,"[0, 74, 77, 83, 29, 97, 98, 99, 43, 44, 53]",11
5659,"[0, 97, 98, 99, 37, 74, 91, 29]",8
5660,"[0, 97, 98, 99, 74, 77, 91]",7
5661,"[0, 97, 98, 99, 34, 74, 20, 23]",8
5662,"[0, 97, 98, 99, 74, 77, 91]",7
5663,"[0, 97, 98, 99, 74, 29]",6
5664,"[0, 97, 98, 99, 74, 77, 91]",7
5665,"[0, 69, 70, 77, 19, 29, 97, 98, 99, 46, 50]",11
5666,"[0, 97, 98, 99, 74, 23, 29]",7
5667,"[0, 69, 70, 77, 16, 20, 26, 91, 29, 97, 98, 99, 50]",13
5668,"[0, 69, 70, 77, 19, 91, 97, 98, 99, 46, 50]",11
5669,"[0, 97, 98, 99, 74, 77, 91]",7
5670,"[0, 70, 77, 16, 20, 26, 91, 97, 98, 99]",10
5671,"[0, 32, 98, 97, 99, 37, 74, 23, 29]",9
5672,"[0, 69, 70, 77, 16, 19, 26, 91, 29, 97, 98, 99, 46]",13
5673,"[0, 74, 23, 91, 29, 32, 97, 98, 99, 37]",10
5674,"[0, 69, 70, 77, 19, 91, 97, 98, 99, 46, 50]",11
5675,"[0, 69, 70, 10, 77, 16, 83, 22, 26, 97, 98, 99]",12
5676,"[0, 97, 98, 99, 74, 77, 83, 91]",8
5677,"[0, 70, 77, 16, 20, 26, 91, 97, 98, 99, 50]",11
5678,"[0, 74, 13, 18, 87, 23, 29, 32, 97, 98, 99, 37, 42, 57]",14
5679,"[0, 97, 98, 99, 91]",5
5680,"[0, 97, 98, 99, 74, 83, 53, 29]",8
5681,"[0, 74, 13, 18, 23, 91, 29, 97, 98, 99, 37, 42]",12
5682,"[0, 97, 98, 99, 77, 46, 19, 91]",8
5683,"[0, 97, 98, 99, 74, 77, 91]",7
5684,"[0, 97, 98, 99, 37, 74, 91, 29]",8
5685,"[0, 97, 98, 99, 74, 77, 83, 91]",8
5686,"[0, 97, 98, 99, 74, 83, 53, 29]",8
5687,"[0, 97, 98, 99, 74, 77, 91]",7
5688,"[0, 97, 98, 99, 74, 77, 83, 91]",8
5689,"[0, 97, 98, 99, 74, 77, 91]",7
5690,"[0, 97, 98, 99, 74, 77, 83, 91]",8
5691,"[0, 70, 77, 16, 20, 26, 91, 97, 98, 99]",10
5692,"[0, 97, 98, 99, 77, 83, 52, 91]",8
5693,"[0, 97, 98, 99, 74, 77, 91]",7
5694,"[0, 74, 13, 83, 29, 97, 98, 99, 44, 45, 53]",11
5695,"[0, 74, 13, 18, 23, 91, 29, 97, 98, 99, 37, 42]",12
5696,"[0, 69, 70, 74, 77, 91, 97, 98, 99, 50]",10
5697,"[0, 74, 13, 18, 23, 91, 29, 97, 98, 99, 37, 42]",12
5698,"[0, 69, 70, 77, 91, 29, 97, 98, 99, 50, 52]",11
5699,"[0, 97, 98, 99, 74, 77, 91]",7
5700,"[0, 97, 98, 99, 74, 77, 83, 91]",8
5701,"[0, 97, 98, 99, 74, 77, 83, 91]",8
5702,"[0, 97, 98, 99, 74, 23]",6
5703,"[0, 97, 98, 99, 74, 77, 52, 91]",8
5704,"[0, 97, 98, 99, 74, 91, 29]",7
5705,"[0, 97, 98, 99, 74, 77, 20, 91]",8
5706,"[0, 97, 98, 99, 69, 70, 77, 20]",8
5707,"[0, 97, 98, 99, 74, 23, 29]",7
5708,"[0, 97, 98, 99, 74, 77, 91]",7
5709,"[0, 69, 70, 77, 19, 91, 97, 98, 99, 46, 50]",11
5710,"[0, 70, 77, 16, 20, 26, 91, 97, 98, 99]",10
5711,"[0, 74, 13, 18, 23, 91, 29, 97, 98, 99, 37, 42]",12
5712,"[0, 74, 87, 23, 91, 29, 32, 97, 98, 99, 37, 53]",12
5713,"[0, 69, 70, 77, 19, 91, 97, 98, 99, 46, 50]",11
5714,"[0, 70, 77, 16, 20, 26, 91, 97, 98, 99]",10
5715,"[0, 97, 98, 99, 74, 77, 91]",7
5716,"[0, 69, 70, 77, 16, 20, 26, 91, 97, 98, 99, 50]",12
5717,"[0, 97, 98, 99, 74, 77, 91]",7
5718,"[0, 97, 98, 99, 34, 74, 20, 23]",8
5719,"[0, 97, 98, 99, 74, 77, 83, 91]",8
5720,"[0, 97, 98, 99, 74, 77, 91]",7
5721,"[0, 69, 70, 77, 29, 97, 98, 99, 50, 52]",10
5722,"[0, 97, 98, 99, 74, 77, 83, 91]",8
5723,"[0, 97, 98, 99, 74, 77, 83, 91]",8
5724,"[0, 74, 77, 83, 23, 29, 97, 98, 99, 53]",10
5725,"[0, 97, 98, 99, 77, 46, 19, 91]",8
5726,"[0, 97, 98, 99, 74, 77, 91]",7
5727,"[0, 97, 98, 99, 74, 77, 91]",7
5728,"[0, 97, 98, 99, 74, 77, 91]",7
5729,"[0, 32, 98, 97, 99, 37, 74, 23, 29]",9
5730,"[0, 69, 70, 77, 16, 19, 26, 91, 29, 97, 98, 99, 46]",13
5731,"[0, 69, 70, 77, 19, 91, 97, 98, 99, 46, 50]",11
5732,"[0, 74, 13, 18, 23, 91, 29, 97, 98, 99, 37, 42]",12
5733,"[0, 74, 13, 18, 23, 91, 29, 97, 98, 99, 37, 42]",12
5734,"[0, 97, 98, 99, 74, 77, 91]",7
5735,"[0, 69, 70, 77, 16, 20, 26, 91, 29, 97, 98, 99]",12
5736,"[0, 69, 70, 77, 19, 91, 97, 98, 99, 46, 50]",11
5737,"[0, 74, 77, 83, 23, 91, 29, 97, 98, 99, 53]",11
5738,"[0, 69, 70, 74, 77, 91, 97, 98, 99, 50]",10
5739,"[0, 69, 70, 77, 16, 19, 26, 91, 29, 97, 98, 99, 46, 50]",14
5740,"[0, 69, 70, 77, 19, 91, 29, 97, 98, 99, 46]",11
5741,"[0, 97, 98, 99, 74, 77, 83, 53, 29]",9
5742,"[0, 97, 98, 99, 42, 77, 13, 83, 91]",9
5743,"[0, 97, 98, 99, 74, 77, 91]",7
5744,"[0, 74, 13, 18, 23, 91, 29, 97, 98, 99, 37, 42]",12
5745,"[0, 69, 70, 77, 19, 29, 97, 98, 99, 46]",10
5746,"[0, 97, 98, 99, 74, 77, 91]",7
5747,"[0, 11, 77, 13, 83, 91, 97, 98, 99, 37, 42]",11
5748,"[0, 97, 98, 99, 74, 77, 91]",7
5749,"[0, 97, 98, 99, 74, 77, 50, 91]",8
5750,"[0, 97, 98, 99, 74, 44, 13, 91, 29]",9
5751,"[0, 74, 77, 83, 23, 29, 97, 98, 99, 53]",10
5752,"[0, 97, 98, 99, 74, 77, 91]",7
5753,"[0, 97, 98, 99, 74, 77, 83, 91]",8
5754,"[0, 97, 98, 99, 37, 74, 91, 29]",8
5755,"[0, 74, 77, 83, 29, 97, 98, 99, 43, 44, 53]",11
5756,"[0, 97, 98, 99, 74, 77, 83, 91]",8
5757,"[0, 97, 98, 99, 74, 77, 91]",7
5758,"[0, 74, 23, 29, 93, 32, 97, 98, 99, 35, 37, 46]",12
5759,"[0, 70, 77, 16, 20, 26, 91, 97, 98, 99]",10
5760,"[0, 97, 98, 99, 74, 77, 91]",7
5761,"[0, 74, 13, 18, 23, 91, 29, 97, 98, 99, 37, 42]",12
5762,"[0, 70, 77, 16, 20, 26, 91, 97, 98, 99, 50]",11
5763,"[0, 97, 98, 99, 74, 77, 91]",7
5764,"[0, 70, 77, 16, 20, 26, 91, 97, 98, 99]",10
5765,"[0, 97, 98, 99, 74, 77, 91]",7
5766,"[0, 97, 98, 99, 74, 23]",6
5767,"[0, 64, 74, 77, 13, 91, 97, 98, 99, 42]",10
5768,"[0, 74, 13, 87, 23, 91, 29, 97, 98, 99, 37, 42]",12
5769,"[0, 74, 13, 18, 23, 29, 32, 97, 98, 99, 37, 42]",12
5770,"[0, 97, 98, 99, 74, 83, 53, 29]",8
5771,"[0, 74, 13, 18, 87, 23, 29, 32, 97, 98, 99, 37, 42, 57]",14
5772,"[0, 97, 98, 34, 99, 20, 84]",7
5773,"[0, 74, 13, 18, 23, 91, 29, 97, 98, 99, 37, 42]",12
5774,"[0, 74, 13, 18, 23, 93, 29, 97, 98, 35, 99, 42, 46]",13
5775,"[0, 97, 98, 99, 77, 52, 91]",7
5776,"[0, 70, 77, 16, 20, 26, 91, 97, 98, 99, 50]",11
5777,"[0, 70, 74, 77, 16, 20, 91, 97, 98, 99]",10
5778,"[0, 97, 98, 99, 74, 77, 83, 53, 29]",9
5779,"[0, 69, 70, 77, 19, 91, 97, 98, 99, 46, 50]",11
5780,"[0, 74, 23, 91, 29, 32, 97, 98, 99, 37]",10
5781,"[0, 74, 13, 18, 87, 23, 29, 32, 97, 98, 99, 37, 42]",13
5782,"[0, 97, 98, 99, 74, 23, 29]",7
5783,"[0, 97, 98, 99, 74, 77, 83, 91]",8
5784,"[0, 97, 98, 99, 74, 77, 83, 91]",8
5785,"[0, 69, 70, 77, 19, 91, 97, 98, 99, 46]",10
5786,"[0, 97, 98, 99, 74, 77, 91]",7
5787,"[0, 97, 98, 99, 74, 77, 83, 91]",8
5788,"[0, 97, 98, 99, 74, 83, 53, 29]",8
5789,"[0, 97, 98, 99, 74, 77, 83, 91]",8
5790,"[0, 74, 13, 83, 29, 97, 98, 99, 44, 45, 53]",11
5791,"[0, 97, 98, 99, 74, 23, 29]",7
5792,"[0, 97, 98, 99, 74, 77, 91]",7
5793,"[0, 70, 77, 16, 20, 26, 91, 97, 98, 99]",10
5794,"[0, 97, 98, 99, 74, 29]",6
5795,"[0, 97, 98, 99, 74, 77, 91]",7
5796,"[0, 74, 13, 18, 23, 87, 29, 32, 97, 98, 99, 37, 42, 57]",14
5797,"[0, 74, 13, 18, 23, 29, 32, 97, 98, 99, 37, 42]",12
5798,"[0, 97, 98, 99, 91]",5
5799,"[0, 97, 98, 99, 74, 77, 91]",7
5800,"[0, 97, 98, 99, 74, 77, 91]",7
5801,"[0, 97, 98, 99, 74, 77, 91]",7
5802,"[0, 97, 98, 99, 74, 77, 83, 91]",8
5803,"[0, 97, 98, 99, 74, 77, 83, 91]",8
5804,"[0, 74, 13, 18, 87, 23, 29, 32, 97, 98, 99, 37, 42, 57]",14
5805,"[0, 74, 13, 18, 87, 23, 29, 32, 97, 98, 99, 37, 42]",13
5806,"[0, 97, 98, 99, 74, 77, 91]",7
5807,"[0, 69, 70, 77, 19, 91, 97, 98, 99, 46, 49, 50]",12
5808,"[0, 97, 98, 99, 74]",5
5809,"[0, 74, 13, 87, 23, 29, 32, 97, 98, 99, 37, 42, 57]",13
5810,"[0, 69, 70, 77, 19, 29, 97, 98, 99, 46, 50]",11
5811,"[0, 97, 98, 99, 74, 77, 91]",7
5812,"[0, 97, 98, 99, 77, 52, 91]",7
5813,"[0, 70, 77, 16, 20, 26, 91, 97, 98, 99]",10
5814,"[0, 69, 70, 77, 19, 91, 97, 98, 99, 46]",10
5815,"[0, 97, 98, 99, 74, 83, 53, 29]",8
5816,"[0, 97, 98, 99, 74, 77, 91]",7
5817,"[0, 97, 98, 99, 74, 77, 83, 91]",8
5818,"[0, 74, 13, 18, 23, 91, 29, 97, 98, 99, 37, 42]",12
5819,"[0, 69, 70, 77, 19, 91, 97, 98, 99, 46, 50]",11
5820,"[0, 97, 98, 99, 74, 77, 83, 91]",8
5821,"[0, 97, 98, 99, 74, 77, 91]",7
5822,"[0, 97, 98, 99, 74, 77, 83, 91]",8
5823,"[0, 97, 98, 99, 74, 77, 83, 91]",8
5824,"[0, 69, 70, 74, 77, 91, 97, 98, 99, 50]",10
5825,"[0, 97, 98, 99, 74, 77, 91]",7
5826,"[0, 97, 98, 99, 34, 74, 20, 23]",8
5827,"[0, 69, 70, 10, 77, 16, 83, 22, 26, 97, 98, 99]",12
5828,"[0, 97, 98, 99, 74, 77, 83, 91]",8
5829,"[0, 70, 77, 16, 20, 26, 91, 97, 98, 99, 50]",11
5830,"[0, 69, 70, 77, 91, 29, 97, 98, 99, 50, 52]",11
5831,"[0, 97, 98, 99, 77, 46, 19, 91]",8
5832,"[0, 70, 77, 16, 83, 20, 26, 91, 97, 98, 99]",11
5833,"[0, 97, 98, 99, 74, 77, 91]",7
5834,"[0, 74, 13, 14, 83, 29, 94, 97, 98, 99, 44, 53]",12
5835,"[0, 97, 98, 99, 74, 77, 83, 91]",8
5836,"[0, 74, 23, 91, 29, 32, 97, 98, 99, 37]",10
5837,"[0, 97, 98, 99, 77, 46, 19, 91, 29]",9
5838,"[0, 97, 98, 99, 74, 77, 91]",7
5839,"[0, 97, 98, 99, 74, 77, 91]",7
5840,"[0, 97, 98, 99, 37, 74, 91, 29]",8
5841,"[0, 74, 13, 18, 23, 91, 29, 97, 98, 99, 37, 42]",12
5842,"[0, 97, 98, 99, 77, 52, 91]",7
5843,"[0, 97, 98, 99, 37, 74, 23, 91, 29]",9
5844,"[0, 97, 98, 99, 77, 52, 91]",7
5845,"[0, 97, 98, 99, 74, 77, 91]",7
5846,"[0, 97, 98, 99, 74, 77, 83, 91]",8
5847,"[0, 74, 83, 29, 97, 98, 99, 37, 43, 44, 53]",11
5848,"[0, 74, 13, 18, 23, 91, 29, 32, 97, 98, 99, 37, 42]",13
5849,"[0, 74, 23, 91, 29, 32, 97, 98, 99, 37]",10
5850,"[0, 74, 13, 18, 23, 29, 32, 97, 98, 99, 37, 42]",12
5851,"[0, 97, 98, 99, 74, 77, 91]",7
5852,"[0, 74, 13, 18, 23, 87, 29, 32, 97, 98, 99, 37, 42, 57]",14
5853,"[0, 97, 98, 99, 74, 77, 91]",7
5854,"[0, 74, 13, 18, 23, 91, 29, 97, 98, 99, 37, 42]",12
5855,"[0, 97, 98, 99, 74, 77, 91]",7
5856,"[0, 97, 98, 99, 74, 77, 83, 91]",8
5857,"[0, 97, 98, 99, 91]",5
5858,"[0, 97, 98, 99, 42, 13, 77, 83, 91]",9
5859,"[0, 97, 98, 99, 74, 77, 91]",7
5860,"[0, 97, 34, 98, 99, 74, 20, 23]",8
5861,"[0, 97, 98, 99, 77, 52, 91]",7
5862,"[0, 97, 98, 99, 74, 77, 91]",7
5863,"[0, 70, 77, 16, 20, 26, 91, 97, 98, 99]",10
5864,"[0, 97, 98, 34, 99, 84, 20]",7
5865,"[0, 74, 13, 18, 23, 87, 29, 32, 97, 98, 99, 37, 42]",13
5866,"[0, 97, 98, 99, 74, 77, 91]",7
5867,"[0, 97, 98, 99, 74, 77, 91]",7
5868,"[0, 97, 98, 99, 74, 77, 91]",7
5869,"[0, 97, 98, 99, 74, 91, 29]",7
5870,"[0, 97, 98, 99, 37, 74, 91, 29]",8
5871,"[0, 74, 13, 18, 23, 87, 29, 32, 97, 98, 99, 37, 42, 57]",14
5872,"[0, 97, 98, 99, 74, 77, 91]",7
5873,"[0, 69, 70, 77, 19, 91, 97, 98, 99, 46, 50]",11
5874,"[0, 97, 98, 99, 77, 46, 19, 91, 29]",9
5875,"[0, 69, 70, 77, 16, 19, 26, 91, 29, 97, 98, 99, 46, 50]",14
5876,"[0, 97, 98, 99, 74, 77, 91]",7
5877,"[0, 97, 98, 99, 74, 77, 91]",7
5878,"[0, 69, 70, 74, 77, 91, 97, 98, 99, 50]",10
5879,"[0, 97, 98, 99, 74, 77, 91]",7
5880,"[0, 97, 98, 99, 74, 77, 83, 91]",8
5881,"[0, 74, 83, 29, 97, 98, 99, 37, 43, 44, 53]",11
5882,"[0, 97, 98, 99, 74, 77, 91]",7
5883,"[0, 69, 70, 77, 16, 20, 26, 91, 97, 98, 99, 50]",12
5884,"[0, 74, 13, 18, 23, 91, 29, 97, 98, 99, 37, 42]",12
5885,"[0, 97, 98, 99, 74, 77, 91]",7
5886,"[0, 69, 70, 77, 19, 91, 97, 98, 99, 46, 50]",11
5887,"[0, 74, 13, 18, 23, 91, 29, 32, 97, 98, 99, 37, 42]",13
5888,"[0, 69, 70, 77, 19, 91, 97, 98, 99, 46, 50]",11
5889,"[0, 97, 98, 99, 74, 77, 83, 91]",8
5890,"[0, 74, 77, 83, 23, 29, 97, 98, 99, 53]",10
5891,"[0, 97, 98, 99, 74, 77, 91]",7
5892,"[0, 97, 98, 99, 77, 52, 91]",7
5893,"[0, 69, 70, 77, 19, 91, 97, 98, 99, 46, 50]",11
5894,"[0, 69, 70, 77, 19, 29, 97, 98, 99, 46, 49, 50]",12
5895,"[0, 70, 74, 77, 16, 20, 91, 97, 98, 99]",10
5896,"[0, 97, 98, 99, 77, 46, 19, 91]",8
5897,"[0, 74, 13, 18, 23, 29, 93, 97, 98, 35, 99, 42, 46]",13
5898,"[0, 74, 13, 18, 23, 91, 29, 97, 98, 99, 37, 42]",12
5899,"[0, 97, 98, 99, 74, 23]",6
5900,"[0, 97, 98, 99, 74, 77, 83, 91]",8
5901,"[0, 74, 13, 18, 87, 23, 29, 32, 97, 98, 99, 37, 42, 57]",14
5902,"[0, 97, 98, 99, 37, 74, 23, 91, 29]",9
5903,"[0, 74, 13, 23, 91, 29, 97, 98, 99, 37, 42]",11
5904,"[0, 32, 98, 97, 99, 37, 74, 23, 29]",9
5905,"[0, 97, 98, 99, 74, 77, 91]",7
5906,"[0, 97, 98, 99, 69, 70, 77, 20]",8
5907,"[0, 11, 13, 83, 91, 97, 98, 99, 37, 42]",10
5908,"[0, 97, 98, 99, 74, 44, 13, 91, 29]",9
5909,"[0, 69, 70, 77, 19, 91, 29, 97, 98, 99, 46, 50]",12
5910,"[0, 97, 98, 99, 74, 77, 91]",7
5911,"[0, 74, 23, 91, 29, 32, 97, 98, 99, 37]",10
5912,"[0, 97, 98, 99, 74, 77, 91]",7
5913,"[0, 74, 13, 18, 23, 91, 29, 97, 98, 99, 37, 42]",12
5914,"[0, 74, 13, 23, 87, 91, 29, 97, 98, 99, 37, 42]",12
5915,"[0, 97, 98, 99, 74, 77, 91]",7
5916,"[0, 97, 98, 99, 74, 77, 83, 91]",8
5917,"[0, 97, 98, 99, 74, 77, 52, 91]",8
5918,"[0, 70, 77, 16, 20, 26, 91, 97, 98, 99]",10
5919,"[0, 69, 70, 77, 19, 91, 97, 98, 99, 46, 50]",11
5920,"[0, 97, 98, 99, 74, 83, 53, 29]",8
5921,"[0, 70, 77, 16, 20, 26, 91, 97, 98, 99]",10
5922,"[0, 97, 98, 99, 74, 77, 83, 91]",8
5923,"[0, 97, 98, 99, 74, 77, 83, 91]",8
5924,"[0, 74, 77, 83, 23, 91, 29, 97, 98, 99, 53]",11
5925,"[0, 97, 98, 99, 74, 77, 83, 91]",8
5926,"[0, 97, 98, 99, 74, 77, 83, 91]",8
5927,"[0, 74, 77, 83, 23, 29, 97, 98, 99, 53]",10
5928,"[0, 74, 13, 18, 23, 29, 32, 97, 98, 99, 37, 42]",12
5929,"[0, 69, 70, 77, 16, 20, 26, 91, 97, 98, 99, 50]",12
5930,"[0, 69, 70, 77, 19, 91, 97, 98, 99, 46, 50]",11
5931,"[0, 97, 98, 99, 74, 83, 53, 29]",8
5932,"[0, 97, 98, 99, 74, 77, 83, 91]",8
5933,"[0, 97, 98, 99, 37, 74, 23, 91, 29]",9
5934,"[0, 97, 98, 99, 74, 77, 91]",7
5935,"[0, 97, 98, 99, 77, 83, 52, 91]",8
5936,"[0, 97, 98, 99, 37, 74, 91, 29]",8
5937,"[0, 97, 98, 99, 74, 77, 91]",7
5938,"[0, 74, 13, 18, 23, 87, 29, 32, 97, 98, 99, 37, 42, 57]",14
5939,"[0, 97, 98, 99, 74, 77, 83, 91]",8
5940,"[0, 97, 98, 99, 74, 77, 91]",7
5941,"[0, 97, 98, 99, 74, 77, 91]",7
5942,"[0, 97, 98, 99, 74, 77, 83, 91]",8
5943,"[0, 70, 10, 77, 16, 83, 26, 97, 98, 99, 52]",11
5944,"[0, 97, 98, 99, 74, 77, 91]",7
5945,"[0, 97, 98, 99, 74, 23]",6
5946,"[0, 97, 98, 99, 74, 83, 53, 29]",8
5947,"[0, 97, 98, 99, 74, 77, 91]",7
5948,"[0, 97, 98, 99, 74, 77, 83, 53, 29]",9
5949,"[0, 74, 13, 18, 23, 29, 32, 97, 98, 99, 37, 42]",12
5950,"[0, 97, 98, 99, 37, 74, 91, 29]",8
5951,"[0, 97, 98, 99, 74, 77, 91]",7
5952,"[0, 69, 70, 77, 16, 20, 26, 91, 29, 97, 98, 99]",12
5953,"[0, 97, 98, 99, 74, 77, 83, 91]",8
5954,"[0, 70, 77, 16, 20, 26, 91, 97, 98, 99]",10
5955,"[0, 97, 98, 99, 74, 77, 83, 91]",8
5956,"[0, 74, 13, 23, 91, 29, 32, 97, 98, 99, 37, 42]",12
5957,"[0, 74, 13, 18, 23, 91, 29, 97, 98, 99, 37, 42]",12
5958,"[0, 69, 70, 77, 19, 91, 29, 97, 98, 99, 46]",11
5959,"[0, 69, 70, 77, 19, 91, 97, 98, 99, 46, 50]",11
5960,"[0, 69, 70, 77, 16, 19, 26, 91, 29, 97, 98, 99, 46]",13
5961,"[0, 69, 70, 74, 77, 91, 97, 98, 99, 50]",10
5962,"[0, 97, 98, 99, 74, 77, 91]",7
5963,"[0, 69, 70, 77, 29, 97, 98, 99, 50, 52]",10
5964,"[0, 70, 77, 16, 20, 26, 91, 97, 98, 99, 50]",11
5965,"[0, 74, 23, 87, 91, 29, 32, 97, 98, 99, 37, 53]",12
5966,"[0, 69, 70, 77, 19, 91, 97, 98, 99, 46, 50]",11
5967,"[0, 97, 98, 99, 74, 29]",6
5968,"[0, 70, 77, 16, 20, 26, 91, 97, 98, 99]",10
5969,"[0, 69, 70, 74, 77, 91, 97, 98, 99, 50]",10
5970,"[0, 74, 23, 91, 29, 32, 97, 98, 99, 37]",10
5971,"[0, 69, 70, 77, 91, 29, 97, 98, 99, 50, 52]",11
5972,"[0, 74, 23, 91, 29, 32, 97, 98, 99, 37]",10
5973,"[0, 97, 98, 99, 74, 77, 91]",7
5974,"[0, 97, 98, 99, 74, 77, 83, 91]",8
5975,"[0, 97, 98, 99, 77, 52, 91]",7
5976,"[0, 70, 77, 16, 20, 26, 91, 97, 98, 99]",10
5977,"[0, 97, 98, 99, 74, 77, 83, 91]",8
5978,"[0, 64, 74, 77, 13, 91, 97, 98, 99, 42]",10
5979,"[0, 97, 98, 99, 74, 23, 29]",7
5980,"[0, 74, 13, 83, 29, 97, 98, 99, 44, 45, 53]",11
5981,"[0, 74, 13, 18, 23, 87, 29, 32, 97, 98, 99, 37, 42, 57]",14
5982,"[0, 70, 77, 16, 20, 26, 91, 97, 98, 99, 50]",11
5983,"[0, 97, 98, 99, 74, 77, 83, 91]",8
5984,"[0, 70, 77, 16, 20, 26, 91, 97, 98, 99, 50]",11
5985,"[0, 97, 98, 99, 42, 77, 13, 83, 91]",9
5986,"[0, 32, 98, 97, 99, 37, 74, 23, 29]",9
5987,"[0, 74, 13, 14, 83, 29, 94, 97, 98, 99, 44, 53]",12
5988,"[0, 97, 98, 99, 74, 77, 91]",7
5989,"[0, 97, 98, 99, 74, 77, 91]",7
5990,"[0, 97, 98, 99, 74, 77, 83, 53, 29]",9
5991,"[0, 97, 98, 99, 74]",5
5992,"[0, 69, 70, 77, 19, 29, 97, 98, 99, 46]",10
5993,"[0, 69, 70, 77, 19, 91, 97, 98, 99, 46, 50]",11
5994,"[0, 97, 98, 99, 74, 77, 91]",7
5995,"[0, 74, 23, 29, 93, 32, 97, 98, 99, 35, 37, 46]",12
5996,"[0, 97, 98, 99, 74, 77, 83, 91]",8
5997,"[0, 97, 98, 99, 74, 77, 91]",7
5998,"[0, 97, 34, 98, 99, 74, 20, 23]",8
5999,"[0, 70, 74, 77, 16, 20, 91, 97, 98, 99]",10
6000,"[0, 74, 13, 18, 87, 23, 29, 32, 97, 98, 99, 37, 42]",13
6001,"[0, 74, 13, 18, 23, 91, 29, 32, 97, 98, 99, 37, 42]",13
6002,"[0, 74, 87, 23, 91, 29, 32, 97, 98, 99, 37, 53]",12
6003,"[0, 97, 98, 99, 74, 77, 91]",7
6004,"[0, 69, 70, 77, 19, 91, 29, 97, 98, 99, 46]",11
6005,"[0, 97, 98, 99, 74, 77, 83, 91]",8
6006,"[0, 97, 98, 99, 74, 23, 29]",7
6007,"[0, 70, 77, 16, 20, 26, 91, 97, 98, 99]",10
6008,"[0, 70, 77, 16, 20, 26, 91, 97, 98, 99]",10
6009,"[0, 97, 98, 99, 77, 52, 91, 29]",8
6010,"[0, 69, 70, 74, 77, 91, 97, 98, 99, 50]",10
6011,"[0, 97, 98, 99, 74, 77, 91]",7
6012,"[0, 74, 13, 87, 23, 91, 29, 97, 98, 99, 37, 42]",12
6013,"[0, 70, 74, 23, 29, 93, 97, 98, 35, 99, 46]",11
6014,"[0, 97, 98, 99, 74, 77, 91]",7
6015,"[0, 97, 98, 99, 77, 52, 91]",7
6016,"[0, 32, 98, 97, 99, 37, 74, 23, 29]",9
6017,"[0, 97, 98, 99, 74, 77, 83, 91]",8
6018,"[0, 74, 13, 18, 23, 29, 32, 97, 98, 99, 37, 42]",12
6019,"[0, 70, 77, 16, 20, 26, 91, 97, 98, 99]",10
6020,"[0, 97, 98, 99, 74, 77, 83, 91]",8
6021,"[0, 70, 77, 16, 20, 26, 91, 97, 98, 99]",10
6022,"[0, 69, 70, 77, 19, 91, 97, 98, 99, 46]",10
6023,"[0, 97, 98, 99, 77, 46, 19, 91, 29]",9
6024,"[0, 97, 98, 99, 74, 77, 83, 91]",8
6025,"[0, 69, 70, 12, 77, 19, 26, 91, 29, 97, 98, 99, 46]",13
6026,"[0, 97, 98, 99, 74, 77, 83, 91]",8
6027,"[0, 97, 98, 99, 37, 74, 83, 53, 29]",9
6028,"[0, 74, 13, 18, 87, 23, 29, 32, 97, 98, 99, 37, 42, 57]",14
6029,"[0, 97, 98, 99, 74, 77, 91]",7
6030,"[0, 97, 98, 99, 77, 46, 19, 91, 29]",9
6031,"[0, 97, 98, 99, 74, 77, 91]",7
6032,"[0, 69, 70, 77, 16, 20, 26, 91, 97, 98, 99, 50]",12
6033,"[0, 74, 13, 23, 29, 32, 97, 98, 99, 37, 42]",11
6034,"[0, 74, 13, 23, 87, 91, 29, 32, 97, 98, 99, 37, 42]",13
6035,"[0, 97, 98, 99, 42, 13, 77, 83]",8
6036,"[0, 74, 13, 23, 29, 32, 97, 98, 99, 37, 42]",11
6037,"[0, 97, 98, 99, 42, 77, 13, 83, 91]",9
6038,"[0, 74, 13, 83, 29, 97, 98, 99, 44, 45, 53]",11
6039,"[0, 74, 13, 18, 23, 29, 32, 97, 98, 99, 37, 42]",12
6040,"[0, 69, 70, 77, 19, 29, 97, 98, 99, 46]",10
6041,"[0, 74, 13, 18, 87, 23, 29, 32, 97, 98, 99, 37, 42, 57]",14
6042,"[0, 70, 77, 16, 83, 20, 26, 91, 97, 98, 99]",11
6043,"[0, 70, 74, 77, 16, 20, 91, 97, 98, 99]",10
6044,"[0, 97, 98, 99, 77, 46, 19, 91]",8
6045,"[0, 70, 77, 16, 20, 26, 91, 29, 97, 98, 99]",11
6046,"[0, 97, 98, 99, 74, 77, 91]",7
6047,"[0, 97, 98, 99, 74, 77, 91]",7
6048,"[0, 97, 98, 99, 74, 77, 83, 91]",8
6049,"[0, 74, 13, 18, 23, 87, 29, 32, 97, 98, 99, 37, 42]",13
6050,"[0, 97, 98, 99, 74, 77, 83, 91]",8
6051,"[0, 70, 77, 16, 20, 26, 91, 97, 98, 99]",10
6052,"[0, 97, 98, 99, 74, 77, 83, 91]",8
6053,"[0, 97, 98, 99, 74, 77, 91]",7
6054,"[0, 97, 98, 99, 70, 10, 16, 52, 26]",9
6055,"[0, 97, 98, 99, 34, 74, 20, 23]",8
6056,"[0, 97, 98, 99, 74, 77, 91]",7
6057,"[0, 97, 98, 99, 74, 77, 91]",7
6058,"[0, 74, 13, 18, 23, 87, 29, 32, 97, 98, 99, 37, 42, 57]",14
6059,"[0, 11, 77, 13, 83, 97, 98, 99, 37, 42]",10
6060,"[0, 70, 77, 16, 20, 26, 91, 29, 97, 98, 99]",11
6061,"[0, 70, 77, 16, 20, 26, 91, 97, 98, 99]",10
6062,"[0, 97, 98, 99, 74, 77, 91]",7
6063,"[0, 70, 77, 16, 20, 26, 91, 97, 98, 99]",10
6064,"[0, 97, 98, 99, 77, 46, 19, 91, 29]",9
6065,"[0, 97, 98, 99, 74, 77, 91]",7
6066,"[0, 74, 13, 23, 91, 29, 97, 98, 99, 42, 57]",11
6067,"[0, 70, 10, 77, 16, 83, 26, 97, 98, 99, 52]",11
6068,"[0, 97, 98, 99, 74, 77, 91]",7
6069,"[0, 97, 98, 99, 74, 77, 91]",7
6070,"[0, 97, 98, 99, 77, 46, 19, 91, 29]",9
6071,"[0, 74, 23, 29, 93, 32, 97, 98, 35, 99, 37, 46]",12
6072,"[0, 97, 98, 99, 77, 46, 19, 91, 29]",9
6073,"[0, 69, 70, 77, 19, 91, 97, 98, 99, 46]",10
6074,"[0, 97, 98, 99, 74, 23]",6
6075,"[0, 97, 98, 99, 74, 77, 83, 91]",8
6076,"[0, 69, 70, 77, 19, 91, 97, 98, 99, 46, 50]",11
6077,"[0, 97, 98, 99, 74, 77, 83, 91]",8
6078,"[0, 97, 98, 99, 74, 77, 91]",7
6079,"[0, 69, 70, 77, 78, 20, 32, 97, 98, 99]",10
6080,"[0, 97, 98, 99, 74, 77, 91]",7
6081,"[0, 74, 13, 14, 83, 29, 94, 97, 98, 99, 44, 53]",12
6082,"[0, 69, 70, 77, 19, 91, 29, 97, 98, 99, 46]",11
6083,"[0, 97, 98, 99, 37, 74, 23, 91, 29]",9
6084,"[0, 97, 98, 99, 74, 77, 91]",7
6085,"[0, 97, 98, 99, 74, 23]",6
6086,"[0, 11, 13, 77, 83, 97, 98, 99, 37, 42]",10
6087,"[0, 97, 98, 99, 74, 77, 83, 91]",8
6088,"[0, 70, 77, 16, 20, 26, 91, 97, 98, 99, 50]",11
6089,"[0, 74, 13, 83, 29, 97, 98, 99, 44, 53]",10
6090,"[0, 97, 98, 99, 74, 53, 23, 91, 29]",9
6091,"[0, 69, 70, 77, 19, 91, 29, 97, 98, 99, 46]",11
6092,"[0, 70, 10, 77, 16, 83, 26, 97, 98, 99, 52]",11
6093,"[0, 97, 98, 99, 74, 77, 91]",7
6094,"[0, 97, 98, 99, 74, 77, 91]",7
6095,"[0, 97, 98, 99, 77, 52, 91]",7
6096,"[0, 97, 98, 99, 74, 77, 91]",7
6097,"[0, 74, 13, 18, 23, 29, 32, 97, 98, 99, 37, 42]",12
6098,"[0, 70, 74, 13, 18, 23, 29, 97, 98, 99, 42]",11
6099,"[0, 97, 98, 99, 74, 77, 91]",7
6100,"[0, 97, 98, 99, 74, 77, 91]",7
6101,"[0, 97, 98, 99, 74, 23, 29]",7
6102,"[0, 74, 13, 23, 29, 32, 97, 98, 99, 37, 42]",11
6103,"[0, 97, 98, 99, 74, 77, 91]",7
6104,"[0, 70, 77, 16, 20, 26, 91, 97, 98, 99, 50]",11
6105,"[0, 97, 98, 99, 77, 91]",6
6106,"[0, 97, 98, 99, 74, 77, 83, 91]",8
6107,"[0, 74, 13, 23, 87, 29, 32, 97, 98, 99, 37, 42, 57]",13
6108,"[0, 32, 97, 98, 99, 37, 74, 23, 29]",9
6109,"[0, 97, 98, 99, 74, 77, 91]",7
6110,"[0, 74, 13, 18, 23, 87, 29, 32, 97, 98, 99, 37, 42]",13
6111,"[0, 74, 23, 91, 29, 32, 97, 98, 99, 37]",10
6112,"[0, 74, 23, 29, 93, 32, 97, 98, 35, 99, 37, 46]",12
6113,"[0, 97, 98, 99, 74, 77, 83, 91]",8
6114,"[0, 97, 98, 99, 74, 77, 91]",7
6115,"[0, 97, 98, 99, 74, 77, 91]",7
6116,"[0, 97, 98, 99, 74, 77, 83, 91]",8
6117,"[0, 74, 23, 91, 29, 32, 97, 98, 99, 37, 53]",11
6118,"[0, 69, 70, 77, 19, 91, 29, 97, 98, 99, 46]",11
6119,"[0, 69, 70, 77, 19, 91, 29, 97, 98, 99, 46, 50]",12
6120,"[0, 70, 77, 16, 20, 26, 91, 32, 97, 98, 99]",11
6121,"[0, 97, 98, 99, 74, 77, 83, 91]",8
6122,"[0, 32, 97, 98, 99, 37, 74, 23, 29]",9
6123,"[0, 97, 98, 99, 74, 77, 91]",7
6124,"[0, 74, 13, 18, 91, 29, 97, 98, 99, 42]",10
6125,"[0, 74, 77, 83, 23, 29, 97, 98, 99, 53]",10
6126,"[0, 32, 98, 97, 99, 37, 74, 23, 29]",9
6127,"[0, 74, 13, 23, 29, 32, 97, 98, 99, 37, 42]",11
6128,"[0, 97, 98, 99, 74, 77, 91]",7
6129,"[0, 97, 98, 99, 74, 83, 53, 29]",8
6130,"[0, 74, 13, 18, 23, 91, 29, 97, 98, 99, 37, 42]",12
6131,"[0, 69, 70, 77, 19, 91, 97, 98, 99, 46, 50]",11
6132,"[0, 74, 23, 93, 29, 32, 97, 98, 35, 99, 37, 46]",12
6133,"[0, 97, 98, 99, 74, 77, 91]",7
6134,"[0, 70, 77, 16, 20, 26, 91, 29, 97, 98, 99]",11
6135,"[0, 97, 98, 99, 74, 77, 83, 91]",8
6136,"[0, 74, 23, 91, 29, 32, 97, 98, 99, 37]",10
6137,"[0, 97, 98, 99, 77, 52, 91]",7
6138,"[0, 97, 98, 99, 74, 77, 83, 91]",8
6139,"[0, 69, 70, 77, 19, 91, 29, 97, 98, 99, 46]",11
6140,"[0, 97, 98, 99, 74, 77, 83, 91]",8
6141,"[0, 74, 13, 18, 23, 87, 29, 32, 97, 98, 99, 37, 42, 57]",14
6142,"[0, 12, 77, 19, 26, 91, 29, 97, 98, 99, 46]",11
6143,"[0, 97, 98, 99, 74, 77, 91]",7
6144,"[0, 69, 70, 77, 19, 91, 29, 97, 98, 99, 46]",11
6145,"[0, 97, 98, 99, 77, 52, 91]",7
6146,"[0, 32, 97, 98, 99, 37, 74, 23, 29]",9
6147,"[0, 97, 98, 99, 74, 77, 83, 91]",8
6148,"[0, 74, 13, 87, 23, 29, 32, 97, 98, 99, 37, 42]",12
6149,"[0, 70, 74, 23, 93, 29, 97, 98, 99, 35, 46]",11
6150,"[0, 69, 70, 77, 19, 29, 97, 98, 99, 46]",10
6151,"[0, 97, 98, 99, 74, 77, 91]",7
6152,"[0, 97, 98, 99, 77, 83, 52, 91]",8
6153,"[0, 97, 98, 99, 74, 77, 91]",7
6154,"[0, 69, 70, 77, 19, 91, 29, 97, 98, 99, 46]",11
6155,"[0, 69, 70, 77, 19, 91, 97, 98, 99, 46, 49, 50]",12
6156,"[0, 69, 70, 77, 19, 91, 29, 97, 98, 99, 46, 50]",12
6157,"[0, 97, 98, 99, 74, 77, 91]",7
6158,"[0, 74, 13, 87, 23, 29, 32, 97, 98, 99, 37, 42, 57]",13
6159,"[0, 69, 70, 77, 19, 91, 97, 98, 99, 46, 50]",11
6160,"[0, 69, 70, 74, 77, 91, 97, 98, 99, 50]",10
6161,"[0, 70, 74, 23, 29, 93, 97, 98, 35, 99, 46]",11
6162,"[0, 97, 98, 99, 74, 77, 91]",7
6163,"[0, 97, 98, 99, 74, 77, 91]",7
6164,"[0, 97, 98, 99, 77, 46, 19, 91]",8
6165,"[0, 97, 98, 99, 77, 52, 57, 91, 29]",9
6166,"[0, 70, 77, 16, 20, 26, 91, 97, 98, 99, 50]",11
6167,"[0, 74, 23, 91, 29, 32, 97, 98, 99, 37, 53]",11
6168,"[0, 69, 70, 77, 19, 91, 97, 98, 99, 46, 50]",11
6169,"[0, 74, 13, 23, 29, 32, 97, 98, 99, 37, 42]",11
6170,"[0, 12, 77, 19, 26, 91, 29, 97, 98, 99, 46]",11
6171,"[0, 32, 98, 97, 99, 37, 74, 23, 29]",9
6172,"[0, 70, 10, 77, 16, 83, 26, 97, 98, 99, 52]",11
6173,"[0, 97, 98, 99, 77, 52, 91]",7
6174,"[0, 97, 98, 99, 74, 77, 83, 91]",8
6175,"[0, 74, 13, 23, 91, 29, 97, 98, 99, 42, 57]",11
6176,"[0, 97, 98, 99, 74, 77, 83, 91]",8
6177,"[0, 70, 77, 16, 20, 26, 91, 97, 98, 99]",10
6178,"[0, 74, 13, 23, 29, 32, 97, 98, 99, 37, 42]",11
6179,"[0, 97, 98, 99, 74, 23]",6
6180,"[0, 70, 77, 16, 20, 26, 91, 97, 98, 99]",10
6181,"[0, 97, 98, 99, 74, 83, 53, 29]",8
6182,"[0, 69, 70, 77, 19, 91, 29, 97, 98, 99, 46]",11
6183,"[0, 70, 77, 16, 20, 26, 91, 97, 98, 99]",10
6184,"[0, 97, 98, 99, 74]",5
6185,"[0, 32, 97, 98, 99, 37, 74, 23, 29]",9
6186,"[0, 69, 70, 77, 16, 20, 26, 91, 97, 98, 99, 50]",12
6187,"[0, 70, 77, 16, 20, 26, 91, 97, 98, 99]",10
6188,"[0, 97, 98, 99, 69, 70, 74, 77, 91]",9
6189,"[0, 97, 98, 99, 74, 77, 91]",7
6190,"[0, 97, 98, 99, 74, 77, 91]",7
6191,"[0, 74, 23, 29, 93, 32, 97, 98, 35, 99, 37, 46]",12
6192,"[0, 97, 98, 99, 74, 77, 91]",7
6193,"[0, 97, 98, 99, 74, 77, 83, 91]",8
6194,"[0, 74, 13, 83, 29, 97, 98, 99, 44, 53]",10
6195,"[0, 97, 98, 99, 74, 77, 83, 91]",8
6196,"[0, 69, 70, 77, 16, 20, 26, 91, 29, 97, 98, 99]",12
6197,"[0, 97, 98, 99, 74, 77, 83, 91]",8
6198,"[0, 97, 98, 99, 74, 77, 91]",7
6199,"[0, 97, 98, 99, 74, 77, 91]",7
6200,"[0, 97, 98, 99, 74, 77, 83, 91]",8
6201,"[0, 97, 34, 98, 99, 74, 20, 23]",8
6202,"[0, 69, 70, 77, 19, 91, 29, 97, 98, 99, 46, 50]",12
6203,"[0, 74, 23, 29, 93, 32, 97, 98, 35, 99, 37, 46]",12
6204,"[0, 97, 98, 99, 74, 77, 91]",7
6205,"[0, 70, 77, 16, 20, 26, 91, 97, 98, 99]",10
6206,"[0, 70, 77, 16, 20, 26, 91, 97, 98, 99]",10
6207,"[0, 97, 98, 99, 74, 77, 91]",7
6208,"[0, 97, 98, 99, 74, 77, 83, 91]",8
6209,"[0, 74, 13, 23, 87, 29, 32, 97, 98, 99, 37, 42, 57]",13
6210,"[0, 74, 23, 93, 29, 32, 97, 98, 35, 99, 37, 46]",12
6211,"[0, 69, 70, 77, 19, 91, 29, 97, 98, 99, 46]",11
6212,"[0, 70, 74, 13, 23, 29, 97, 98, 99, 42]",10
6213,"[0, 74, 13, 18, 87, 23, 29, 32, 97, 98, 99, 37, 42]",13
6214,"[0, 74, 23, 91, 29, 32, 97, 98, 99, 37]",10
6215,"[0, 97, 98, 99, 74, 77, 83, 91]",8
6216,"[0, 97, 98, 99, 70, 10, 16, 52, 26]",9
6217,"[0, 97, 98, 99, 74, 77, 91]",7
6218,"[0, 69, 70, 77, 19, 91, 97, 98, 99, 46, 50]",11
6219,"[0, 69, 70, 77, 19, 91, 29, 97, 98, 99, 46]",11
6220,"[0, 97, 98, 99, 74, 77, 83, 91]",8
6221,"[0, 74, 13, 14, 83, 29, 94, 97, 98, 99, 44, 53]",12
6222,"[0, 74, 23, 91, 29, 32, 97, 98, 99, 37, 53]",11
6223,"[0, 69, 70, 77, 19, 91, 97, 98, 99, 46, 50]",11
6224,"[0, 32, 97, 98, 99, 37, 74, 23, 29]",9
6225,"[0, 97, 98, 99, 74, 23, 29]",7
6226,"[0, 69, 70, 77, 19, 29, 97, 98, 99, 46]",10
6227,"[0, 74, 13, 23, 87, 29, 32, 97, 98, 99, 37, 42, 57]",13
6228,"[0, 70, 10, 77, 16, 83, 26, 97, 98, 99, 52]",11
6229,"[0, 70, 77, 16, 20, 26, 91, 97, 98, 99]",10
6230,"[0, 74, 13, 18, 23, 29, 32, 97, 98, 99, 37, 42, 57]",13
6231,"[0, 97, 98, 99, 74, 77, 91]",7
6232,"[0, 97, 98, 99, 74, 77, 91]",7
6233,"[0, 97, 98, 99, 74, 23]",6
6234,"[0, 69, 70, 77, 16, 20, 26, 91, 29, 97, 98, 99, 50]",13
6235,"[0, 74, 13, 87, 23, 29, 32, 97, 98, 99, 37, 42, 57]",13
6236,"[0, 69, 70, 77, 19, 91, 29, 97, 98, 99, 46]",11
6237,"[0, 97, 98, 99, 74, 77, 91]",7
6238,"[0, 97, 98, 99, 42, 13, 77, 83]",8
6239,"[0, 70, 74, 23, 29, 93, 97, 98, 35, 99, 46, 57]",12
6240,"[0, 97, 98, 99, 74, 77, 91]",7
6241,"[0, 97, 98, 99, 74, 77, 83, 91]",8
6242,"[0, 69, 70, 77, 19, 91, 29, 97, 98, 99, 46]",11
6243,"[0, 97, 98, 99, 77, 83, 52, 57, 91]",9
6244,"[0, 69, 70, 77, 78, 20, 32, 97, 98, 99]",10
6245,"[0, 74, 13, 18, 23, 91, 29, 97, 98, 99, 37, 42]",12
6246,"[0, 97, 98, 99, 74, 77, 91]",7
6247,"[0, 70, 77, 16, 20, 26, 91, 97, 98, 99, 50]",11
6248,"[0, 97, 98, 99, 77, 46, 19, 91, 29]",9
6249,"[0, 74, 13, 23, 87, 29, 32, 97, 98, 99, 37, 42]",12
6250,"[0, 97, 98, 99, 74, 77, 91]",7
6251,"[0, 69, 70, 77, 19, 91, 97, 98, 99, 46]",10
6252,"[0, 70, 74, 77, 16, 20, 91, 97, 98, 99]",10
6253,"[0, 32, 98, 97, 99, 37, 74, 23, 29]",9
6254,"[0, 97, 98, 99, 74, 77, 83, 91]",8
6255,"[0, 74, 13, 18, 87, 23, 29, 32, 97, 98, 99, 37, 42]",13
6256,"[0, 97, 98, 99, 74, 77, 91]",7
6257,"[0, 11, 13, 83, 91, 97, 98, 99, 37, 42]",10
6258,"[0, 74, 13, 87, 23, 91, 29, 32, 97, 98, 99, 37, 42, 57]",14
6259,"[0, 97, 98, 99, 74, 77, 83, 91]",8
6260,"[0, 97, 98, 99, 37, 74, 83, 53, 29]",9
6261,"[0, 74, 23, 91, 29, 32, 97, 98, 99, 37]",10
6262,"[0, 97, 98, 99, 69, 70, 77, 91, 29]",9
6263,"[0, 74, 13, 18, 23, 29, 32, 97, 98, 99, 37, 42]",12
6264,"[0, 70, 77, 16, 20, 26, 91, 97, 98, 99]",10
6265,"[0, 11, 77, 13, 83, 97, 98, 99, 37, 42]",10
6266,"[0, 97, 98, 99, 74, 77, 83, 91]",8
6267,"[0, 97, 98, 99, 74, 77, 83, 91]",8
6268,"[0, 97, 98, 99, 74, 77, 91]",7
6269,"[0, 74, 77, 83, 23, 91, 29, 97, 98, 99, 53]",11
6270,"[0, 97, 98, 99, 77, 52, 91]",7
6271,"[0, 97, 98, 99, 74, 77, 91]",7
6272,"[0, 32, 98, 97, 99, 37, 74, 23, 29]",9
6273,"[0, 97, 98, 99, 74, 77, 83, 91]",8
6274,"[0, 69, 70, 77, 19, 91, 97, 98, 99, 46, 50]",11
6275,"[0, 97, 98, 99, 74, 77, 91]",7
6276,"[0, 74, 13, 87, 23, 29, 32, 97, 98, 99, 37, 42, 57]",13
6277,"[0, 32, 98, 99, 97, 8, 20]",7
6278,"[0, 69, 70, 77, 19, 91, 97, 98, 99, 46, 50]",11
6279,"[0, 74, 13, 18, 91, 29, 97, 98, 99, 42]",10
6280,"[0, 97, 98, 99, 37, 74, 23, 91, 29]",9
6281,"[0, 74, 13, 18, 23, 87, 29, 32, 97, 98, 99, 37, 42, 57]",14
6282,"[0, 69, 70, 77, 16, 20, 26, 91, 29, 97, 98, 99, 50]",13
6283,"[0, 74, 13, 23, 29, 32, 97, 98, 99, 37, 42]",11
6284,"[0, 32, 98, 97, 99, 37, 74, 23, 29]",9
6285,"[0, 97, 98, 99, 74, 77, 91]",7
6286,"[0, 97, 98, 99, 74, 77, 91]",7
6287,"[0, 74, 13, 83, 29, 97, 98, 99, 44, 53]",10
6288,"[0, 69, 70, 77, 19, 29, 97, 98, 99, 46]",10
6289,"[0, 97, 98, 99, 70, 10, 16, 52, 26]",9
6290,"[0, 97, 98, 99, 74, 77, 91]",7
6291,"[0, 97, 98, 99, 74, 77, 91]",7
6292,"[0, 70, 77, 16, 20, 26, 91, 97, 98, 99, 50]",11
6293,"[0, 74, 13, 18, 23, 87, 29, 32, 97, 98, 99, 37, 42, 57]",14
6294,"[0, 74, 77, 83, 23, 29, 97, 98, 99, 53]",10
6295,"[0, 69, 70, 77, 19, 91, 97, 98, 99, 46, 50]",11
6296,"[0, 74, 13, 18, 23, 87, 29, 32, 97, 98, 99, 37, 42]",13
6297,"[0, 11, 13, 77, 83, 97, 98, 99, 37, 42]",10
6298,"[0, 97, 98, 99, 74, 77, 83, 91]",8
6299,"[0, 97, 98, 99, 74, 77, 91]",7
6300,"[0, 74, 13, 18, 23, 29, 32, 97, 98, 99, 37, 42]",12
6301,"[0, 74, 13, 18, 23, 29, 32, 97, 98, 99, 37, 42, 57]",13
6302,"[0, 97, 98, 99, 69, 70, 77, 91, 29]",9
6303,"[0, 69, 70, 77, 16, 20, 26, 91, 97, 98, 99, 50]",12
6304,"[0, 97, 98, 99, 74, 77, 83, 91]",8
6305,"[0, 11, 77, 13, 83, 97, 98, 99, 37, 42]",10
6306,"[0, 74, 13, 18, 23, 91, 29, 97, 98, 99, 42, 57]",12
6307,"[0, 97, 98, 99, 74, 77, 91]",7
6308,"[0, 74, 13, 83, 29, 97, 98, 99, 44, 53]",10
6309,"[0, 74, 13, 23, 87, 91, 29, 32, 97, 98, 99, 37, 42, 57]",14
6310,"[0, 69, 70, 77, 19, 91, 29, 97, 98, 99, 46, 50]",12
6311,"[0, 69, 70, 77, 19, 91, 29, 97, 98, 99, 46, 50]",12
6312,"[0, 74, 13, 23, 29, 32, 97, 98, 99, 37, 42]",11
6313,"[0, 97, 98, 99, 74, 77, 91]",7
6314,"[0, 69, 70, 77, 78, 20, 32, 97, 98, 99]",10
6315,"[0, 70, 77, 16, 20, 26, 91, 97, 98, 99]",10
6316,"[0, 32, 98, 99, 97, 8, 20]",7
6317,"[0, 69, 70, 77, 19, 91, 29, 97, 98, 99, 46, 50]",12
6318,"[0, 74, 13, 18, 23, 87, 29, 32, 97, 98, 99, 37, 42]",13
6319,"[0, 69, 70, 74, 77, 91, 97, 98, 99, 50]",10
6320,"[0, 69, 70, 77, 19, 91, 97, 98, 99, 46, 50]",11
6321,"[0, 74, 23, 29, 93, 32, 97, 98, 35, 99, 37, 46]",12
6322,"[0, 97, 98, 99, 74, 77, 91]",7
6323,"[0, 70, 77, 16, 20, 26, 91, 97, 98, 99]",10
6324,"[0, 74, 13, 83, 29, 97, 98, 99, 44, 53]",10
6325,"[0, 97, 98, 99, 74, 77, 91]",7
6326,"[0, 69, 70, 77, 19, 91, 29, 97, 98, 99, 46]",11
6327,"[0, 69, 70, 77, 19, 91, 29, 97, 98, 99, 46]",11
6328,"[0, 97, 98, 99, 74, 77, 83, 91]",8
6329,"[0, 69, 70, 77, 19, 91, 29, 97, 98, 99, 46]",11
6330,"[0, 74, 13, 18, 23, 29, 32, 97, 98, 99, 37, 42, 57]",13
6331,"[0, 70, 77, 16, 20, 26, 91, 97, 98, 99]",10
6332,"[0, 97, 98, 99, 74, 77, 91]",7
6333,"[0, 74, 23, 93, 29, 97, 98, 35, 99, 46]",10
6334,"[0, 97, 98, 99, 74, 77, 91]",7
6335,"[0, 74, 23, 91, 29, 32, 97, 98, 99, 37]",10
6336,"[0, 97, 98, 99, 77, 46, 19, 91, 29]",9
6337,"[0, 74, 77, 83, 23, 91, 29, 97, 98, 99, 53]",11
6338,"[0, 97, 98, 99, 74, 77, 83, 91]",8
6339,"[0, 74, 13, 14, 83, 29, 94, 97, 98, 99, 44, 53]",12
6340,"[0, 70, 74, 23, 93, 29, 97, 98, 99, 35, 46, 57]",12
6341,"[0, 97, 98, 99, 74, 77, 91]",7
6342,"[0, 74, 23, 91, 29, 32, 97, 98, 99, 37]",10
6343,"[0, 70, 10, 77, 16, 83, 26, 97, 98, 99, 52]",11
6344,"[0, 32, 98, 97, 99, 37, 74, 23, 29]",9
6345,"[0, 97, 98, 99, 42, 13, 77, 83]",8
6346,"[0, 74, 13, 18, 23, 87, 29, 32, 97, 98, 99, 37, 42, 57]",14
6347,"[0, 70, 77, 16, 20, 26, 91, 97, 98, 99]",10
6348,"[0, 97, 98, 99, 77, 46, 19, 91, 29]",9
6349,"[0, 97, 98, 99, 74, 77, 83, 91]",8
6350,"[0, 74, 23, 91, 29, 32, 97, 98, 99, 37, 53]",11
6351,"[0, 74, 13, 18, 23, 29, 32, 97, 98, 99, 37, 42, 57]",13
6352,"[0, 69, 70, 77, 16, 20, 26, 91, 97, 98, 99, 50]",12
6353,"[0, 97, 98, 99, 74, 77, 83, 91]",8
6354,"[0, 97, 98, 99, 70, 10, 16, 52, 26]",9
6355,"[0, 97, 98, 99, 74, 77, 91]",7
6356,"[0, 69, 70, 77, 19, 91, 97, 98, 99, 46, 50]",11
6357,"[0, 70, 10, 77, 16, 82, 83, 26, 97, 98, 99, 52]",12
6358,"[0, 32, 98, 97, 99, 37, 74, 23, 29]",9
6359,"[0, 69, 70, 77, 19, 91, 97, 98, 99, 46, 49, 50]",12
6360,"[0, 97, 98, 99, 74, 23, 29]",7
6361,"[0, 74, 23, 91, 29, 32, 97, 98, 99, 37, 53]",11
6362,"[0, 97, 98, 99, 74, 77, 50, 91]",8
6363,"[0, 70, 74, 23, 29, 93, 97, 98, 35, 99, 46]",11
6364,"[0, 69, 70, 77, 19, 91, 29, 97, 98, 99, 46]",11
6365,"[0, 97, 98, 99, 74, 77, 83, 91]",8
6366,"[0, 74, 23, 93, 29, 32, 97, 98, 35, 99, 37, 46]",12
6367,"[0, 97, 98, 99, 74, 77, 91]",7
6368,"[0, 97, 98, 99, 74, 77, 91]",7
6369,"[0, 97, 98, 99, 74, 77, 91]",7
6370,"[0, 74, 13, 18, 23, 29, 32, 97, 98, 99, 37, 42]",12
6371,"[0, 97, 98, 99, 77, 52, 91]",7
6372,"[0, 11, 13, 83, 91, 97, 98, 99, 37, 42]",10
6373,"[0, 97, 98, 99, 74, 77, 91]",7
6374,"[0, 97, 98, 99, 74, 77, 83, 91]",8
6375,"[0, 70, 74, 77, 16, 20, 91, 97, 98, 99]",10
6376,"[0, 97, 98, 99, 74, 77, 91]",7
6377,"[0, 32, 97, 98, 99, 37, 74, 23, 29]",9
6378,"[0, 70, 10, 77, 16, 83, 26, 97, 98, 99, 52]",11
6379,"[0, 74, 13, 18, 23, 29, 32, 97, 98, 99, 37, 42]",12
6380,"[0, 32, 98, 97, 99, 37, 74, 23, 29]",9
6381,"[0, 97, 98, 99, 74, 23]",6
6382,"[0, 69, 70, 77, 19, 91, 29, 97, 98, 99, 46]",11
6383,"[0, 97, 98, 99, 74, 77, 91]",7
6384,"[0, 97, 98, 99, 74, 77, 91]",7
6385,"[0, 97, 98, 99, 77, 52, 91]",7
6386,"[0, 69, 70, 77, 19, 91, 97, 98, 99, 46, 50]",11
6387,"[0, 97, 98, 99, 74, 77, 91]",7
6388,"[0, 97, 98, 99, 77, 83, 52, 91]",8
6389,"[0, 70, 77, 16, 20, 26, 91, 97, 98, 99, 50]",11
6390,"[0, 11, 13, 77, 83, 97, 98, 99, 37, 42]",10
6391,"[0, 70, 77, 16, 20, 26, 91, 97, 98, 99]",10
6392,"[0, 97, 98, 99, 74, 83, 53, 29]",8
6393,"[0, 74, 13, 23, 87, 29, 32, 97, 98, 99, 37, 42, 57]",13
6394,"[0, 97, 98, 99, 74, 83, 53, 29]",8
6395,"[0, 97, 98, 99, 37, 74, 23, 91, 29]",9
6396,"[0, 97, 98, 99, 74, 77, 91]",7
6397,"[0, 74, 13, 18, 23, 87, 29, 32, 97, 98, 99, 37, 42, 57]",14
6398,"[0, 74, 13, 18, 23, 29, 32, 97, 98, 99, 37, 42]",12
6399,"[0, 97, 98, 99, 74, 77, 91]",7
6400,"[0, 69, 70, 77, 19, 91, 97, 98, 99, 46]",10
6401,"[0, 69, 70, 77, 19, 91, 29, 97, 98, 99, 46]",11
6402,"[0, 97, 98, 99, 74, 77, 83, 91]",8
6403,"[0, 70, 77, 16, 20, 26, 91, 97, 98, 99]",10
6404,"[0, 74, 13, 18, 23, 87, 29, 32, 97, 98, 99, 37, 42, 57]",14
6405,"[0, 97, 98, 99, 74, 77, 91]",7
6406,"[0, 97, 98, 99, 74, 77, 91]",7
6407,"[0, 97, 98, 99, 74, 77, 83, 91]",8
6408,"[0, 74, 13, 87, 23, 29, 32, 97, 98, 99, 37, 42, 57]",13
6409,"[0, 74, 77, 83, 23, 29, 97, 98, 99, 53]",10
6410,"[0, 97, 98, 99, 74, 77, 83, 91]",8
6411,"[0, 97, 98, 99, 77, 46, 50, 19, 91]",9
6412,"[0, 12, 77, 19, 26, 91, 29, 97, 98, 99, 46]",11
6413,"[0, 97, 98, 99, 74, 77, 91]",7
6414,"[0, 97, 98, 99, 74, 77, 83, 91]",8
6415,"[0, 97, 98, 99, 77, 52, 57, 91, 29]",9
6416,"[0, 74, 13, 18, 91, 29, 97, 98, 99, 42]",10
6417,"[0, 69, 70, 77, 16, 20, 26, 91, 97, 98, 99, 50]",12
6418,"[0, 70, 77, 16, 20, 26, 91, 97, 98, 99]",10
6419,"[0, 97, 98, 99, 74, 77, 83, 91]",8
6420,"[0, 97, 98, 99, 74, 77, 83, 91]",8
6421,"[0, 97, 98, 99, 74, 77, 83, 91]",8
6422,"[0, 70, 74, 13, 18, 23, 29, 97, 98, 99, 42, 57]",12
6423,"[0, 97, 98, 99, 74, 77, 83, 91]",8
6424,"[0, 97, 98, 99, 34, 74, 20, 23]",8
6425,"[0, 74, 13, 18, 23, 87, 29, 32, 97, 98, 99, 37, 42]",13
6426,"[0, 69, 70, 77, 19, 29, 97, 98, 99, 46, 49, 50]",12
6427,"[0, 97, 98, 99, 74, 77, 83, 91]",8
6428,"[0, 74, 13, 23, 87, 29, 32, 97, 98, 99, 37, 42, 57]",13
6429,"[0, 97, 98, 99, 74, 77, 91]",7
6430,"[0, 97, 98, 99, 74, 23]",6
6431,"[0, 97, 98, 99, 77, 52, 91]",7
6432,"[0, 69, 70, 77, 16, 20, 26, 91, 97, 98, 99, 50]",12
6433,"[0, 74, 13, 23, 29, 32, 97, 98, 99, 37, 42, 57]",12
6434,"[0, 69, 70, 77, 19, 91, 29, 97, 98, 99, 46, 49]",12
6435,"[0, 74, 13, 18, 23, 29, 32, 97, 98, 99, 37, 42]",12
6436,"[0, 97, 98, 99, 74, 77, 91]",7
6437,"[0, 69, 70, 77, 16, 20, 26, 91, 97, 98, 99, 50]",12
6438,"[0, 97, 98, 99, 74, 77, 91]",7
6439,"[0, 97, 98, 99, 74, 77, 91]",7
6440,"[0, 32, 97, 98, 99, 37, 74, 23, 29]",9
6441,"[0, 69, 70, 74, 77, 91, 97, 98, 99, 50]",10
6442,"[0, 69, 70, 77, 16, 20, 26, 91, 29, 97, 98, 99, 50]",13
6443,"[0, 74, 77, 83, 91, 29, 97, 98, 99, 37]",10
6444,"[0, 97, 98, 99, 74]",5
6445,"[0, 97, 98, 99, 74, 77, 83, 91]",8
6446,"[0, 64, 74, 13, 77, 83, 91, 97, 98, 99, 42]",11
6447,"[0, 97, 98, 99, 74, 77, 91]",7
6448,"[0, 69, 70, 77, 91, 29, 97, 98, 99, 50, 52]",11
6449,"[0, 32, 98, 97, 99, 37, 74, 23, 29]",9
6450,"[0, 70, 77, 16, 20, 26, 91, 97, 98, 99]",10
6451,"[0, 32, 97, 98, 99, 37, 74, 23, 29]",9
6452,"[0, 69, 70, 77, 19, 91, 97, 98, 99, 46, 50]",11
6453,"[0, 32, 34, 98, 99, 97, 8, 20]",8
6454,"[0, 74, 13, 87, 23, 29, 32, 97, 98, 99, 37, 42, 57]",13
6455,"[0, 74, 13, 18, 87, 23, 29, 32, 97, 98, 99, 37, 42, 57]",14
6456,"[0, 97, 98, 99, 74, 77, 91]",7
6457,"[0, 97, 98, 99, 74, 77, 83, 91]",8
6458,"[0, 32, 97, 98, 99, 37, 74, 23, 29]",9
6459,"[0, 69, 70, 77, 19, 91, 97, 98, 99, 46, 50]",11
6460,"[0, 74, 23, 91, 29, 32, 97, 98, 99, 37]",10
6461,"[0, 97, 98, 99, 74, 77, 91]",7
6462,"[0, 97, 98, 99, 74, 77, 91]",7
6463,"[0, 74, 13, 87, 23, 91, 29, 32, 97, 98, 99, 37, 42]",13
6464,"[0, 69, 70, 77, 16, 20, 26, 91, 97, 98, 99, 50]",12
6465,"[0, 97, 98, 99, 74, 20, 23]",7
6466,"[0, 69, 70, 77, 19, 91, 97, 98, 99, 46, 50]",11
6467,"[0, 32, 98, 97, 99, 37, 74, 23, 29]",9
6468,"[0, 97, 98, 99, 74, 77, 91]",7
6469,"[0, 97, 98, 99, 74, 77, 91]",7
6470,"[0, 69, 70, 77, 19, 91, 97, 98, 99, 46, 50]",11
6471,"[0, 97, 98, 99, 70, 10, 16, 52, 26]",9
6472,"[0, 74, 13, 18, 23, 91, 29, 97, 98, 99, 37, 42]",12
6473,"[0, 97, 98, 99, 74, 77, 91]",7
6474,"[0, 97, 98, 99, 74, 77, 91]",7
6475,"[0, 64, 74, 77, 13, 83, 91, 97, 98, 99, 42]",11
6476,"[0, 74, 13, 18, 23, 29, 32, 97, 98, 99, 37, 42]",12
6477,"[0, 97, 98, 99, 74, 77, 91]",7
6478,"[0, 97, 98, 99, 69, 70, 74, 77]",8
6479,"[0, 69, 70, 77, 19, 91, 97, 98, 99, 46, 50]",11
6480,"[0, 69, 70, 77, 19, 91, 97, 98, 99, 46, 50]",11
6481,"[0, 70, 77, 16, 20, 26, 91, 97, 98, 99]",10
6482,"[0, 74, 13, 18, 91, 29, 97, 98, 99, 42]",10
6483,"[0, 74, 13, 18, 23, 29, 32, 97, 98, 99, 37, 42, 57]",13
6484,"[0, 69, 70, 77, 16, 20, 26, 91, 97, 98, 99, 50]",12
6485,"[0, 97, 98, 99, 74, 23, 29]",7
6486,"[0, 97, 98, 99, 74, 77, 83, 91]",8
6487,"[0, 97, 98, 99, 74, 77, 91]",7
6488,"[0, 74, 11, 83, 29, 97, 98, 99, 37, 53]",10
6489,"[0, 74, 13, 18, 23, 29, 32, 97, 98, 99, 37, 42, 57]",13
6490,"[0, 74, 77, 83, 23, 91, 29, 97, 98, 99, 53]",11
6491,"[0, 74, 77, 83, 23, 29, 32, 97, 98, 99, 37, 53]",12
6492,"[0, 74, 13, 14, 83, 29, 94, 97, 98, 99, 44, 53]",12
6493,"[0, 69, 70, 77, 19, 91, 29, 97, 98, 99, 46, 49]",12
6494,"[0, 97, 98, 99, 74, 77, 91]",7
6495,"[0, 97, 98, 99, 37, 74, 23, 91, 29]",9
6496,"[0, 69, 70, 74, 77, 91, 97, 98, 99, 50]",10
6497,"[0, 97, 98, 99, 74, 23]",6
6498,"[0, 97, 98, 99, 74, 77, 91]",7
6499,"[0, 97, 98, 99, 74, 77, 83, 91]",8
6500,"[0, 97, 98, 99, 69, 70, 74, 77, 91]",9
6501,"[0, 97, 98, 99, 74, 77, 91]",7
6502,"[0, 97, 98, 99, 77, 46, 50, 19, 91]",9
6503,"[0, 97, 98, 99, 74, 20, 23]",7
6504,"[0, 74, 13, 18, 23, 29, 32, 97, 98, 99, 37, 42]",12
6505,"[0, 97, 98, 99, 74, 77, 91]",7
6506,"[0, 97, 98, 99, 74, 77, 91]",7
6507,"[0, 97, 98, 99, 74, 83, 53, 29]",8
6508,"[0, 97, 98, 99, 74, 77, 91]",7
6509,"[0, 69, 70, 77, 16, 20, 26, 91, 97, 98, 99, 50]",12
6510,"[0, 97, 98, 99, 74, 77, 20, 91]",8
6511,"[0, 97, 98, 99, 77, 83, 52, 91]",8
6512,"[0, 97, 98, 99, 74, 77, 91]",7
6513,"[0, 11, 13, 83, 91, 97, 98, 99, 37, 42]",10
6514,"[0, 69, 70, 77, 19, 97, 98, 99, 46, 49, 50]",11
6515,"[0, 74, 77, 13, 18, 83, 87, 23, 91, 29, 32, 97, 98, 99, 37, 42]",16
6516,"[0, 97, 98, 99, 74, 77, 91]",7
6517,"[0, 69, 70, 77, 19, 91, 97, 98, 99, 46, 50]",11
6518,"[0, 69, 70, 74, 77, 91, 97, 98, 99, 50]",10
6519,"[0, 69, 70, 77, 19, 91, 97, 98, 99, 46, 50]",11
6520,"[0, 97, 98, 99, 74, 77, 91]",7
6521,"[0, 74, 13, 18, 23, 87, 29, 32, 97, 98, 99, 37, 42]",13
6522,"[0, 97, 98, 99, 77, 52, 91]",7
6523,"[0, 97, 98, 99, 74, 77, 91]",7
6524,"[0, 69, 70, 77, 19, 91, 97, 98, 99, 46, 50]",11
6525,"[0, 97, 98, 99, 74, 77, 91]",7
6526,"[0, 97, 98, 99, 69, 70, 77, 20]",8
6527,"[0, 97, 98, 99, 74, 77, 91]",7
6528,"[0, 32, 98, 97, 99, 37, 74, 23, 29]",9
6529,"[0, 97, 98, 99, 74, 77, 91]",7
6530,"[0, 97, 98, 99, 74, 77, 83, 91]",8
6531,"[0, 69, 70, 77, 91, 29, 97, 98, 99, 50, 52]",11
6532,"[0, 97, 98, 99, 74, 77, 91]",7
6533,"[0, 97, 98, 99, 74, 77, 91]",7
6534,"[0, 74, 13, 87, 23, 91, 29, 32, 97, 98, 99, 37, 42, 57]",14
6535,"[0, 70, 74, 13, 18, 23, 29, 97, 98, 99, 42, 57]",12
6536,"[0, 70, 74, 23, 29, 93, 97, 98, 35, 99, 46]",11
6537,"[0, 69, 70, 77, 19, 91, 29, 97, 98, 99, 46, 49]",12
6538,"[0, 97, 98, 99, 74, 77, 91]",7
6539,"[0, 97, 98, 99, 74, 77, 91]",7
6540,"[0, 32, 97, 98, 99, 37, 74, 23, 29]",9
6541,"[0, 74, 23, 93, 29, 32, 97, 98, 35, 99, 37, 46]",12
6542,"[0, 97, 98, 99, 74, 77, 91]",7
6543,"[0, 74, 13, 23, 87, 29, 32, 97, 98, 99, 37, 42, 57]",13
6544,"[0, 74, 23, 91, 29, 32, 97, 98, 99, 37, 53]",11
6545,"[0, 97, 98, 99, 77, 52, 91]",7
6546,"[0, 97, 98, 99, 74, 77, 91]",7
6547,"[0, 69, 70, 77, 19, 91, 97, 98, 99, 46, 50]",11
6548,"[0, 97, 98, 99, 37, 74, 83, 91, 29]",9
6549,"[0, 97, 98, 99, 69, 70, 77, 91, 29]",9
6550,"[0, 97, 98, 99, 74, 83, 53, 23, 29]",9
6551,"[0, 32, 97, 98, 99, 37, 74, 23, 29]",9
6552,"[0, 97, 98, 99, 74, 83, 53, 23, 29]",9
6553,"[0, 74, 13, 18, 23, 29, 32, 97, 98, 99, 37, 42, 57]",13
6554,"[0, 74, 13, 18, 23, 29, 32, 97, 98, 99, 37, 42, 57]",13
6555,"[0, 74, 13, 83, 29, 97, 98, 99, 44, 53]",10
6556,"[0, 69, 70, 77, 16, 20, 26, 91, 97, 98, 99, 50]",12
6557,"[0, 70, 77, 16, 20, 26, 91, 97, 98, 99]",10
6558,"[0, 70, 77, 16, 20, 26, 91, 97, 98, 99]",10
6559,"[0, 74, 13, 18, 23, 87, 29, 32, 97, 98, 99, 37, 42, 57]",14
6560,"[0, 74, 13, 18, 23, 87, 29, 32, 97, 98, 99, 37, 42]",13
6561,"[0, 97, 98, 99, 74, 77, 91]",7
6562,"[0, 69, 70, 77, 19, 97, 98, 99, 46, 49, 50]",11
6563,"[0, 97, 98, 99, 74, 77, 91]",7
6564,"[0, 97, 98, 99, 74, 77, 91]",7
6565,"[0, 97, 98, 99, 74, 77, 91]",7
6566,"[0, 97, 98, 99, 69, 70, 74, 77]",8
6567,"[0, 69, 70, 77, 19, 91, 29, 97, 98, 99, 46]",11
6568,"[0, 97, 98, 99, 74, 77, 91]",7
6569,"[0, 97, 98, 99, 74, 77, 91]",7
6570,"[0, 74, 13, 83, 29, 97, 98, 99, 44, 53]",10
6571,"[0, 97, 98, 99, 74, 77, 91]",7
6572,"[0, 70, 77, 16, 20, 26, 91, 97, 98, 99]",10
6573,"[0, 97, 98, 99, 74, 44, 77, 23, 29]",9
6574,"[0, 97, 98, 99, 69, 70, 74, 77, 91]",9
6575,"[0, 74, 13, 18, 23, 29, 32, 97, 98, 99, 37, 42, 57]",13
6576,"[0, 97, 98, 99, 74, 77, 91]",7
6577,"[0, 97, 98, 99, 74, 77, 91]",7
6578,"[0, 97, 98, 99, 74, 77, 91]",7
6579,"[0, 70, 77, 16, 20, 26, 91, 97, 98, 99, 50]",11
6580,"[0, 74, 13, 18, 23, 29, 32, 97, 98, 99, 37, 42]",12
6581,"[0, 74, 13, 18, 87, 23, 29, 32, 97, 98, 99, 37, 42]",13
6582,"[0, 69, 70, 77, 16, 20, 26, 91, 97, 98, 99, 50]",12
6583,"[0, 97, 98, 99, 74, 77, 91]",7
6584,"[0, 11, 13, 77, 83, 97, 98, 99, 37, 42]",10
6585,"[0, 69, 70, 77, 19, 91, 97, 98, 99, 46, 50]",11
6586,"[0, 69, 70, 77, 19, 91, 97, 98, 99, 46, 50]",11
6587,"[0, 97, 98, 99, 74, 77, 91]",7
6588,"[0, 69, 70, 77, 19, 91, 97, 98, 99, 46, 50]",11
6589,"[0, 32, 97, 98, 99, 37, 74, 23, 29]",9
6590,"[0, 11, 13, 83, 91, 97, 98, 99, 37, 42]",10
6591,"[0, 97, 98, 99, 70, 10, 16, 52, 26]",9
6592,"[0, 70, 74, 23, 93, 29, 97, 98, 35, 99, 46, 57]",12
6593,"[0, 97, 98, 99, 74, 77, 91]",7
6594,"[0, 70, 77, 16, 20, 26, 91, 97, 98, 99]",10
6595,"[0, 69, 70, 77, 19, 91, 97, 98, 99, 46, 50]",11
6596,"[0, 69, 70, 77, 16, 20, 26, 91, 97, 98, 99, 50]",12
6597,"[0, 74, 23, 91, 29, 32, 97, 98, 99, 37, 53]",11
6598,"[0, 97, 98, 99, 74, 77, 91]",7
6599,"[0, 97, 98, 99, 69, 70, 77, 20, 91]",9
6600,"[0, 11, 77, 13, 83, 97, 98, 99, 37, 42]",10
6601,"[0, 74, 13, 14, 83, 29, 94, 97, 98, 99, 44, 53]",12
6602,"[0, 97, 98, 99, 69, 70, 77, 20, 91]",9
6603,"[0, 74, 77, 83, 91, 29, 97, 98, 99, 37]",10
6604,"[0, 97, 98, 99, 74, 77, 91]",7
6605,"[0, 74, 23, 91, 29, 32, 97, 98, 99, 37, 53]",11
6606,"[0, 74, 13, 18, 23, 87, 29, 32, 97, 98, 99, 37, 42, 57]",14
6607,"[0, 69, 70, 77, 19, 91, 97, 98, 99, 46, 50]",11
6608,"[0, 97, 98, 99, 74, 77, 91]",7
6609,"[0, 74, 77, 83, 23, 29, 32, 97, 98, 99, 37, 53]",12
6610,"[0, 70, 74, 23, 93, 29, 97, 98, 99, 35, 46]",11
6611,"[0, 69, 70, 74, 77, 91, 97, 98, 99, 50]",10
6612,"[0, 74, 13, 23, 29, 32, 97, 98, 99, 37, 42]",11
6613,"[0, 11, 13, 77, 83, 97, 98, 99, 37, 42]",10
6614,"[0, 97, 98, 99, 74, 77, 91]",7
6615,"[0, 64, 74, 77, 13, 83, 91, 97, 98, 99, 42]",11
6616,"[0, 97, 98, 99, 77, 83, 52, 91]",8
6617,"[0, 97, 98, 99, 74, 77, 91]",7
6618,"[0, 70, 77, 16, 20, 26, 91, 97, 98, 99]",10
6619,"[0, 74, 13, 83, 29, 97, 98, 99, 44, 53]",10
6620,"[0, 69, 70, 77, 19, 91, 97, 98, 99, 46, 50]",11
6621,"[0, 97, 98, 99, 74, 20, 23]",7
6622,"[0, 69, 70, 77, 19, 97, 98, 99, 46, 49, 50]",11
6623,"[0, 97, 98, 99, 74, 77, 91]",7
6624,"[0, 74, 13, 23, 29, 32, 97, 98, 99, 37, 42, 57]",12
6625,"[0, 97, 98, 99, 74, 77, 91]",7
6626,"[0, 70, 77, 16, 20, 26, 91, 97, 98, 99]",10
6627,"[0, 69, 70, 74, 77, 91, 97, 98, 99, 50]",10
6628,"[0, 69, 70, 77, 19, 91, 97, 98, 99, 46, 50]",11
6629,"[0, 97, 98, 99, 70, 10, 16, 52, 26]",9
6630,"[0, 74, 13, 87, 23, 91, 29, 32, 97, 98, 99, 37, 42]",13
6631,"[0, 74, 13, 23, 87, 29, 32, 97, 98, 99, 37, 42, 57]",13
6632,"[0, 97, 98, 99, 74, 77, 91]",7
6633,"[0, 32, 97, 98, 99, 37, 74, 23, 29]",9
6634,"[0, 97, 98, 99, 69, 70, 77, 20]",8
6635,"[0, 97, 98, 99, 74, 77, 91]",7
6636,"[0, 97, 98, 99, 74, 77, 91]",7
6637,"[0, 97, 98, 99, 74, 77, 91]",7
6638,"[0, 74, 13, 18, 23, 29, 32, 97, 98, 99, 37, 42]",12
6639,"[0, 70, 77, 16, 20, 26, 91, 97, 98, 99, 50]",11
6640,"[0, 97, 98, 99, 37, 74, 91, 29]",8
6641,"[0, 97, 98, 99, 74, 77, 91]",7
6642,"[0, 11, 13, 83, 91, 97, 98, 99, 37, 42]",10
6643,"[0, 32, 97, 98, 99, 37, 74, 23, 29]",9
6644,"[0, 97, 98, 99, 70, 10, 16, 52, 26]",9
6645,"[0, 74, 13, 18, 23, 29, 32, 97, 98, 99, 37, 42]",12
6646,"[0, 97, 98, 99, 74, 77, 91]",7
6647,"[0, 32, 97, 98, 99, 37, 74, 23, 29]",9
6648,"[0, 74, 13, 87, 23, 29, 32, 97, 98, 99, 37, 42, 57]",13
6649,"[0, 97, 98, 99, 74, 83, 53, 23, 29]",9
6650,"[0, 97, 98, 99, 74, 77, 91]",7
6651,"[0, 97, 98, 99, 74, 77, 91]",7
6652,"[0, 74, 13, 18, 87, 23, 29, 32, 97, 98, 99, 37, 42, 57]",14
6653,"[0, 97, 98, 99, 69, 70, 74, 77, 91]",9
6654,"[0, 69, 70, 77, 19, 91, 29, 97, 98, 99, 46, 49]",12
6655,"[0, 70, 77, 16, 20, 26, 91, 97, 98, 99]",10
6656,"[0, 74, 13, 18, 23, 91, 29, 97, 98, 99, 37, 42]",12
6657,"[0, 69, 70, 77, 91, 29, 97, 98, 99, 50, 52]",11
6658,"[0, 97, 98, 99, 77, 46, 50, 19, 91]",9
6659,"[0, 32, 97, 98, 99, 37, 74, 23, 29]",9
6660,"[0, 97, 98, 99, 74, 77, 91]",7
6661,"[0, 69, 70, 77, 19, 91, 97, 98, 99, 46, 50]",11
6662,"[0, 97, 98, 99, 74, 77, 91]",7
6663,"[0, 97, 98, 99, 74, 77, 91]",7
6664,"[0, 32, 98, 97, 99, 37, 74, 23, 29]",9
6665,"[0, 69, 70, 77, 19, 91, 29, 97, 98, 99, 46]",11
6666,"[0, 97, 98, 99, 74, 77, 91]",7
6667,"[0, 97, 98, 99, 74, 77, 91]",7
6668,"[0, 74, 13, 87, 23, 29, 32, 97, 98, 99, 37, 42]",12
6669,"[0, 97, 98, 99, 74, 77, 91]",7
6670,"[0, 69, 70, 77, 19, 91, 97, 98, 99, 46, 50]",11
6671,"[0, 69, 70, 77, 16, 20, 26, 91, 97, 98, 99, 50]",12
6672,"[0, 69, 70, 77, 16, 20, 26, 91, 97, 98, 99, 50]",12
6673,"[0, 97, 98, 99, 74, 77, 91]",7
6674,"[0, 97, 98, 99, 74, 77, 91]",7
6675,"[0, 70, 77, 16, 20, 26, 91, 97, 98, 99]",10
6676,"[0, 97, 98, 99, 74, 77, 91]",7
6677,"[0, 11, 13, 83, 91, 97, 98, 99, 37, 42]",10
6678,"[0, 69, 70, 77, 19, 29, 97, 98, 99, 46, 49, 50]",12
6679,"[0, 69, 70, 77, 19, 91, 97, 98, 99, 46, 50]",11
6680,"[0, 74, 13, 18, 23, 29, 32, 97, 98, 99, 37, 42, 57]",13
6681,"[0, 97, 98, 99, 74, 77, 91]",7
6682,"[0, 97, 98, 99, 69, 70, 77, 91, 29]",9
6683,"[0, 97, 98, 99, 74, 20, 23]",7
6684,"[0, 97, 98, 99, 74, 77, 20, 91]",8
6685,"[0, 32, 97, 98, 99, 37, 74, 23, 29]",9
6686,"[0, 97, 98, 99, 74, 77, 91]",7
6687,"[0, 69, 70, 77, 19, 91, 97, 98, 99, 46, 50]",11
6688,"[0, 97, 98, 99, 77, 52, 91]",7
6689,"[0, 97, 98, 99, 74, 77, 91]",7
6690,"[0, 97, 98, 99, 69, 70, 74, 77]",8
6691,"[0, 70, 74, 23, 93, 29, 97, 98, 35, 99, 46, 57]",12
6692,"[0, 69, 70, 77, 19, 91, 97, 98, 99, 46, 50]",11
6693,"[0, 70, 74, 13, 18, 23, 29, 97, 98, 99, 42, 57]",12
6694,"[0, 97, 98, 99, 69, 70, 74, 77, 91]",9
6695,"[0, 69, 70, 77, 19, 91, 97, 98, 99, 46, 50]",11
6696,"[0, 69, 70, 77, 19, 91, 97, 98, 99, 46, 50]",11
6697,"[0, 69, 70, 77, 16, 20, 26, 91, 97, 98, 99, 50]",12
6698,"[0, 97, 98, 99, 74, 77, 83, 91]",8
6699,"[0, 32, 98, 97, 99, 37, 74, 23, 29]",9
6700,"[0, 69, 70, 77, 16, 19, 26, 91, 29, 97, 98, 99, 46, 50]",14
6701,"[0, 74, 13, 18, 91, 29, 97, 98, 99, 42]",10
6702,"[0, 97, 98, 99, 77, 83, 52, 91]",8
6703,"[0, 97, 98, 99, 74, 83, 53, 29]",8
6704,"[0, 74, 13, 87, 23, 29, 32, 97, 98, 99, 37, 42]",12
6705,"[0, 97, 98, 99, 74, 77, 91]",7
6706,"[0, 74, 13, 18, 23, 87, 29, 32, 97, 98, 99, 37, 42]",13
6707,"[0, 69, 70, 77, 19, 91, 97, 98, 99, 46, 50]",11
6708,"[0, 74, 77, 83, 23, 91, 29, 97, 98, 99, 53]",11
6709,"[0, 97, 98, 99, 74, 77, 91]",7
6710,"[0, 74, 13, 23, 87, 91, 29, 32, 97, 98, 99, 37, 42, 57]",14
6711,"[0, 97, 98, 99, 74, 77, 91]",7
6712,"[0, 69, 70, 77, 19, 91, 97, 98, 99, 46, 50]",11
6713,"[0, 69, 70, 77, 16, 20, 26, 91, 97, 98, 99, 50]",12
6714,"[0, 32, 34, 98, 97, 99, 8, 20]",8
6715,"[0, 97, 98, 99, 74, 77, 91]",7
6716,"[0, 97, 98, 99, 74, 77, 91]",7
6717,"[0, 97, 98, 99, 74, 77, 91]",7
6718,"[0, 97, 98, 99, 74, 77, 91]",7
6719,"[0, 97, 98, 99, 74, 77, 91]",7
6720,"[0, 74, 23, 91, 29, 32, 97, 98, 99, 37, 53]",11
6721,"[0, 97, 98, 99, 74, 23, 29]",7
6722,"[0, 69, 70, 77, 19, 91, 97, 98, 99, 46, 50]",11
6723,"[0, 97, 98, 99, 74, 77, 83, 91]",8
6724,"[0, 97, 98, 99, 74, 77, 91]",7
6725,"[0, 74, 13, 18, 23, 29, 32, 97, 98, 99, 37, 42, 57]",13
6726,"[0, 74, 13, 23, 29, 32, 97, 98, 99, 37, 42, 57]",12
6727,"[0, 97, 98, 99, 74, 77, 91]",7
6728,"[0, 74, 13, 18, 23, 87, 29, 32, 97, 98, 99, 37, 42]",13
6729,"[0, 97, 98, 99, 77, 52, 91]",7
6730,"[0, 74, 11, 83, 29, 97, 98, 99, 37, 53]",10
6731,"[0, 74, 23, 29, 93, 32, 97, 98, 35, 99, 37, 46]",12
6732,"[0, 97, 98, 99, 74, 77, 91]",7
6733,"[0, 97, 98, 99, 74, 77, 91]",7
6734,"[0, 97, 98, 99, 74]",5
6735,"[0, 97, 98, 99, 74, 77, 83, 91]",8
6736,"[0, 69, 70, 77, 16, 20, 26, 91, 97, 98, 99, 50]",12
6737,"[0, 97, 98, 99, 74, 23]",6
6738,"[0, 69, 70, 77, 19, 91, 29, 97, 98, 99, 46]",11
6739,"[0, 97, 98, 99, 74, 44, 77, 23, 29]",9
6740,"[0, 70, 77, 16, 20, 26, 91, 97, 98, 99]",10
6741,"[0, 97, 98, 99, 74, 77, 91]",7
6742,"[0, 74, 23, 91, 29, 32, 97, 98, 99, 37]",10
6743,"[0, 11, 77, 13, 83, 97, 98, 99, 37, 42]",10
6744,"[0, 97, 98, 99, 69, 70, 74, 77]",8
6745,"[0, 97, 98, 99, 74, 83, 53, 29]",8
6746,"[0, 69, 70, 77, 16, 20, 26, 91, 97, 98, 99, 50]",12
6747,"[0, 97, 98, 99, 74, 77, 91]",7
6748,"[0, 74, 13, 18, 23, 29, 32, 97, 98, 99, 37, 42]",12
6749,"[0, 74, 13, 83, 29, 97, 98, 99, 44, 53]",10
6750,"[0, 97, 98, 99, 74, 77, 91]",7
6751,"[0, 97, 98, 99, 74, 77, 91]",7
6752,"[0, 69, 70, 77, 16, 20, 26, 91, 97, 98, 99, 50]",12
6753,"[0, 74, 13, 18, 91, 29, 97, 98, 99, 42]",10
6754,"[0, 69, 70, 77, 19, 91, 29, 97, 98, 99, 46]",11
6755,"[0, 97, 98, 99, 70, 10, 16, 52, 26]",9
6756,"[0, 97, 98, 99, 77, 52, 91]",7
6757,"[0, 97, 98, 99, 74, 77, 91]",7
6758,"[0, 69, 70, 77, 19, 91, 97, 98, 99, 46, 50]",11
6759,"[0, 97, 98, 99, 37, 74, 91, 29]",8
6760,"[0, 97, 98, 99, 74, 77, 83, 91]",8
6761,"[0, 70, 74, 13, 18, 23, 29, 97, 98, 99, 42, 57]",12
6762,"[0, 74, 23, 91, 29, 32, 97, 98, 99, 37]",10
6763,"[0, 69, 70, 74, 77, 91, 97, 98, 99, 50]",10
6764,"[0, 97, 98, 99, 74, 77, 91]",7
6765,"[0, 97, 98, 99, 69, 70, 74, 77]",8
6766,"[0, 74, 11, 83, 29, 97, 98, 99, 37, 53]",10
6767,"[0, 69, 70, 77, 16, 20, 26, 91, 97, 98, 99, 50]",12
6768,"[0, 97, 98, 99, 74, 77, 91]",7
6769,"[0, 74, 13, 23, 29, 32, 97, 98, 99, 37, 42]",11
6770,"[0, 97, 98, 99, 74, 77, 91]",7
6771,"[0, 69, 70, 77, 19, 91, 97, 98, 99, 46, 50]",11
6772,"[0, 74, 13, 18, 23, 87, 29, 32, 97, 98, 99, 37, 42]",13
6773,"[0, 11, 13, 83, 91, 97, 98, 99, 37, 42]",10
6774,"[0, 97, 98, 99, 70, 10, 16, 52, 26]",9
6775,"[0, 69, 70, 77, 16, 20, 26, 91, 97, 98, 99, 50]",12
6776,"[0, 97, 98, 99, 74, 77, 91]",7
6777,"[0, 97, 98, 99, 69, 70, 74, 77, 91]",9
6778,"[0, 69, 70, 77, 19, 91, 97, 98, 99, 46, 50]",11
6779,"[0, 97, 98, 99, 74, 77, 91]",7
6780,"[0, 97, 98, 99, 74, 23, 29]",7
6781,"[0, 97, 98, 99, 74, 77, 91]",7
6782,"[0, 97, 98, 99, 74, 77, 91]",7
6783,"[0, 74, 13, 18, 23, 29, 32, 97, 98, 99, 37, 42]",12
6784,"[0, 69, 70, 77, 16, 19, 26, 91, 29, 97, 98, 99, 46, 50]",14
6785,"[0, 97, 98, 99, 69, 70, 77, 20]",8
6786,"[0, 97, 98, 99, 74, 77, 91]",7
6787,"[0, 32, 97, 98, 99, 37, 74, 23, 29]",9
6788,"[0, 74, 23, 91, 29, 32, 97, 98, 99, 37, 53]",11
6789,"[0, 97, 98, 99, 74, 77, 83, 91]",8
6790,"[0, 69, 70, 77, 19, 91, 29, 97, 98, 99, 46]",11
6791,"[0, 74, 13, 83, 29, 97, 98, 99, 44, 53]",10
6792,"[0, 97, 98, 99, 74, 77, 91]",7
6793,"[0, 69, 70, 77, 19, 91, 97, 98, 99, 46, 50]",11
6794,"[0, 97, 98, 99, 74, 77, 91]",7
6795,"[0, 74, 77, 83, 23, 91, 29, 97, 98, 99, 53]",11
6796,"[0, 97, 98, 99, 74, 77, 91]",7
6797,"[0, 97, 98, 99, 74, 77, 91]",7
6798,"[0, 97, 98, 99, 74, 77, 91]",7
6799,"[0, 70, 74, 23, 29, 93, 97, 98, 35, 99, 46]",11
6800,"[0, 97, 98, 99, 77, 52, 91]",7
6801,"[0, 97, 98, 99, 74, 77, 91]",7
6802,"[0, 97, 98, 99, 74, 77, 91]",7
6803,"[0, 69, 70, 77, 19, 91, 97, 98, 99, 46, 50]",11
6804,"[0, 70, 77, 16, 20, 26, 91, 97, 98, 99]",10
6805,"[0, 74, 13, 87, 23, 29, 32, 97, 98, 99, 37, 42]",12
6806,"[0, 69, 70, 77, 19, 91, 97, 98, 99, 46, 50]",11
6807,"[0, 74, 13, 18, 23, 29, 32, 97, 98, 99, 37, 42]",12
6808,"[0, 32, 98, 97, 99, 37, 74, 23, 29]",9
6809,"[0, 97, 98, 99, 74, 77, 91]",7
6810,"[0, 69, 70, 77, 29, 97, 98, 99, 50, 52]",10
6811,"[0, 11, 77, 13, 83, 97, 98, 99, 37, 42]",10
6812,"[0, 32, 97, 98, 99, 37, 74, 23, 29]",9
6813,"[0, 97, 98, 99, 74, 20, 23]",7
6814,"[0, 70, 77, 16, 20, 26, 91, 97, 98, 99]",10
6815,"[0, 97, 98, 99, 74, 77, 91]",7
6816,"[0, 74, 13, 23, 87, 29, 32, 97, 98, 99, 37, 42, 57]",13
6817,"[0, 74, 13, 18, 23, 29, 32, 97, 98, 99, 37, 42, 57]",13
6818,"[0, 70, 74, 23, 29, 93, 97, 98, 35, 99, 46, 57]",12
6819,"[0, 97, 98, 99, 69, 70, 77, 20, 91]",9
6820,"[0, 74, 77, 83, 91, 29, 97, 98, 99, 37]",10
6821,"[0, 69, 70, 77, 19, 91, 97, 98, 99, 46, 50]",11
6822,"[0, 69, 70, 77, 19, 91, 97, 98, 99, 46, 50]",11
6823,"[0, 97, 98, 99, 74, 77, 91]",7
6824,"[0, 74, 13, 18, 23, 29, 32, 97, 98, 99, 37, 42, 57]",13
6825,"[0, 97, 98, 99, 74, 20, 23]",7
6826,"[0, 74, 13, 14, 83, 29, 94, 97, 98, 99, 44, 53]",12
6827,"[0, 74, 13, 18, 87, 23, 29, 32, 97, 98, 99, 37, 42, 57]",14
6828,"[0, 32, 98, 97, 99, 37, 74, 23, 29]",9
6829,"[0, 97, 98, 99, 74, 77, 91]",7
6830,"[0, 97, 98, 99, 74, 77, 91]",7
6831,"[0, 97, 98, 99, 74, 77, 91]",7
6832,"[0, 97, 98, 99, 69, 70, 77, 91, 29]",9
6833,"[0, 74, 83, 23, 29, 32, 97, 98, 99, 37, 53]",11
6834,"[0, 74, 13, 18, 23, 87, 29, 32, 97, 98, 99, 37, 42, 57]",14
6835,"[0, 97, 98, 99, 74, 77, 91]",7
6836,"[0, 74, 13, 23, 29, 32, 97, 98, 99, 37, 42]",11
6837,"[0, 69, 70, 77, 19, 91, 97, 98, 99, 46, 50]",11
6838,"[0, 97, 98, 99, 74, 77, 91]",7
6839,"[0, 11, 13, 83, 91, 97, 98, 99, 37, 42]",10
6840,"[0, 70, 77, 16, 20, 26, 91, 97, 98, 99, 50]",11
6841,"[0, 70, 77, 16, 20, 26, 91, 97, 98, 99]",10
6842,"[0, 69, 70, 77, 16, 19, 26, 91, 97, 98, 99, 46, 50]",13
6843,"[0, 70, 77, 16, 20, 26, 91, 97, 98, 99]",10
6844,"[0, 69, 70, 77, 16, 20, 26, 91, 97, 98, 99, 50]",12
6845,"[0, 74, 13, 18, 87, 23, 29, 32, 97, 98, 99, 37, 42]",13
6846,"[0, 97, 98, 99, 74]",5
6847,"[0, 74, 13, 18, 23, 29, 32, 97, 98, 99, 37, 42]",12
6848,"[0, 97, 98, 99, 74, 77, 20, 91]",8
6849,"[0, 74, 13, 23, 87, 91, 29, 32, 97, 98, 99, 37, 42, 57]",14
6850,"[0, 97, 98, 99, 74, 83, 53, 29]",8
6851,"[0, 97, 98, 99, 74, 77, 91]",7
6852,"[0, 97, 98, 99, 74, 77, 91]",7
6853,"[0, 32, 98, 97, 99, 37, 74, 23, 29]",9
6854,"[0, 32, 98, 97, 99, 37, 74, 23, 29]",9
6855,"[0, 97, 98, 99, 74, 77, 91]",7
6856,"[0, 69, 70, 77, 19, 91, 97, 98, 99, 46, 50]",11
6857,"[0, 70, 77, 16, 20, 26, 91, 97, 98, 99, 50]",11
6858,"[0, 97, 98, 99, 74, 77, 91]",7
6859,"[0, 97, 98, 99, 77, 83, 52, 91]",8
6860,"[0, 97, 98, 99, 74, 44, 77, 23, 29]",9
6861,"[0, 74, 13, 18, 23, 29, 32, 97, 98, 99, 37, 42, 57]",13
6862,"[0, 69, 70, 77, 19, 29, 97, 98, 99, 46, 49, 50]",12
6863,"[0, 69, 70, 77, 19, 91, 97, 98, 99, 46, 50]",11
6864,"[0, 97, 98, 99, 74, 83, 53, 29]",8
6865,"[0, 74, 13, 23, 29, 32, 97, 98, 99, 37, 42, 57]",12
6866,"[0, 97, 98, 99, 74, 77, 91]",7
6867,"[0, 74, 13, 18, 23, 91, 29, 32, 97, 98, 99, 37, 42]",13
6868,"[0, 97, 98, 99, 74, 77, 91]",7
6869,"[0, 97, 98, 99, 74, 77, 83, 91]",8
6870,"[0, 11, 13, 77, 83, 97, 98, 99, 37, 42]",10
6871,"[0, 74, 13, 23, 87, 29, 32, 97, 98, 99, 37, 42]",12
6872,"[0, 70, 77, 16, 20, 26, 91, 97, 98, 99]",10
6873,"[0, 74, 23, 29, 93, 32, 97, 98, 35, 99, 37, 46]",12
6874,"[0, 97, 98, 99, 77, 83, 52, 91]",8
6875,"[0, 97, 98, 99, 74, 77, 91]",7
6876,"[0, 97, 98, 99, 74, 77, 91]",7
6877,"[0, 97, 98, 99, 74, 23]",6
6878,"[0, 97, 98, 99, 74, 77, 91]",7
6879,"[0, 97, 98, 99, 74, 77, 91]",7
6880,"[0, 32, 98, 34, 97, 99, 8, 20]",8
6881,"[0, 97, 98, 99, 74, 77, 91]",7
6882,"[0, 97, 98, 99, 74, 77, 91]",7
6883,"[0, 69, 70, 77, 16, 20, 26, 91, 97, 98, 99, 50]",12
6884,"[0, 69, 70, 74, 77, 91, 97, 98, 99, 50]",10
6885,"[0, 97, 98, 99, 77, 46, 50, 19, 91]",9
6886,"[0, 32, 97, 98, 99, 37, 74, 23, 29]",9
6887,"[0, 74, 13, 83, 29, 97, 98, 99, 44, 53]",10
6888,"[0, 97, 98, 99, 74, 77, 91]",7
6889,"[0, 97, 98, 99, 74, 77, 91]",7
6890,"[0, 64, 74, 77, 13, 83, 91, 97, 98, 99, 42]",11
6891,"[0, 74, 23, 91, 29, 32, 97, 98, 99, 37, 53]",11
6892,"[0, 97, 98, 99, 74, 77, 91]",7
6893,"[0, 97, 98, 99, 74, 77, 91]",7
6894,"[0, 97, 98, 99, 74, 77, 91]",7
6895,"[0, 69, 70, 77, 19, 91, 97, 98, 99, 46, 50]",11
6896,"[0, 97, 98, 99, 69, 70, 74, 77]",8
6897,"[0, 69, 70, 77, 19, 91, 29, 97, 98, 99, 46]",11
6898,"[0, 74, 13, 87, 23, 29, 32, 97, 98, 99, 37, 42]",12
6899,"[0, 69, 70, 77, 19, 97, 98, 99, 46, 49, 50]",11
6900,"[0, 32, 97, 98, 99, 37, 74, 23, 29]",9
6901,"[0, 97, 98, 99, 74, 77, 83, 91]",8
6902,"[0, 74, 13, 23, 87, 29, 32, 97, 98, 99, 37, 42, 57]",13
6903,"[0, 74, 13, 23, 29, 32, 97, 98, 99, 37, 42, 57]",12
6904,"[0, 74, 13, 23, 87, 29, 32, 97, 98, 99, 37, 42]",12
6905,"[0, 97, 98, 99, 74, 77, 91]",7
6906,"[0, 74, 13, 23, 29, 32, 97, 98, 99, 37, 42]",11
6907,"[0, 97, 98, 99, 74, 77, 91]",7
6908,"[0, 97, 98, 99, 74, 77, 91]",7
6909,"[0, 97, 98, 99, 69, 70, 77, 91, 29]",9
6910,"[0, 69, 70, 77, 19, 91, 29, 97, 98, 99, 46]",11
6911,"[0, 74, 23, 93, 29, 97, 98, 35, 99, 46]",10
6912,"[0, 97, 98, 99, 20]",5
6913,"[0, 97, 98, 99, 74, 77, 91]",7
6914,"[0, 97, 98, 99, 77, 52, 91]",7
6915,"[0, 74, 13, 23, 29, 32, 97, 98, 99, 37, 42]",11
6916,"[0, 97, 98, 99, 74]",5
6917,"[0, 70, 77, 16, 20, 26, 91, 97, 98, 99]",10
6918,"[0, 74, 23, 91, 29, 32, 97, 98, 99, 37, 53]",11
6919,"[0, 69, 70, 77, 19, 91, 97, 98, 99, 46, 50]",11
6920,"[0, 32, 98, 97, 99, 37, 74, 23, 29]",9
6921,"[0, 69, 70, 77, 19, 91, 97, 98, 99, 46, 50]",11
6922,"[0, 97, 98, 99, 77, 46, 50, 19, 91]",9
6923,"[0, 11, 13, 83, 91, 97, 98, 99, 37, 42]",10
6924,"[0, 97, 98, 99, 74, 77, 83, 91]",8
6925,"[0, 32, 98, 99, 97, 8, 20]",7
6926,"[0, 74, 13, 23, 87, 29, 32, 97, 98, 99, 37, 42]",12
6927,"[0, 69, 70, 77, 19, 91, 97, 98, 99, 46, 50]",11
6928,"[0, 97, 98, 99, 74, 77, 91]",7
6929,"[0, 97, 98, 99, 74, 77, 91]",7
6930,"[0, 70, 77, 16, 20, 26, 91, 97, 98, 99]",10
6931,"[0, 32, 98, 97, 99, 37, 74, 23, 29]",9
6932,"[0, 70, 74, 23, 29, 93, 97, 98, 35, 99, 46]",11
6933,"[0, 69, 70, 77, 19, 91, 97, 98, 99, 46, 50]",11
6934,"[0, 97, 98, 99, 74, 77, 91]",7
6935,"[0, 11, 13, 83, 91, 97, 98, 99, 37, 42]",10
6936,"[0, 74, 13, 23, 87, 29, 32, 97, 98, 99, 37, 42]",12
6937,"[0, 74, 13, 14, 83, 29, 94, 97, 98, 99, 44, 53]",12
6938,"[0, 97, 98, 99, 74, 83, 53, 29]",8
6939,"[0, 97, 98, 99, 74, 77, 91]",7
6940,"[0, 74, 13, 23, 87, 29, 32, 97, 98, 99, 37, 42]",12
6941,"[0, 97, 98, 99, 74, 77, 91]",7
6942,"[0, 97, 98, 99, 74, 20, 23]",7
6943,"[0, 74, 23, 91, 29, 32, 97, 98, 99, 37]",10
6944,"[0, 97, 98, 99, 74, 77, 91]",7
6945,"[0, 69, 70, 74, 77, 91, 97, 98, 99, 50]",10
6946,"[0, 69, 70, 77, 19, 91, 97, 98, 99, 46, 50]",11
6947,"[0, 97, 98, 99, 74, 77, 91]",7
6948,"[0, 69, 70, 77, 19, 91, 97, 98, 99, 46, 50]",11
6949,"[0, 97, 98, 99, 74, 77, 91]",7
6950,"[0, 69, 70, 10, 77, 16, 19, 26, 91, 29, 97, 98, 99, 46, 50]",15
6951,"[0, 97, 98, 99, 74, 77, 91]",7
6952,"[0, 97, 98, 99, 74, 77, 91]",7
6953,"[0, 69, 70, 77, 16, 19, 26, 91, 97, 98, 99, 46, 50]",13
6954,"[0, 97, 98, 99, 74, 77, 91]",7
6955,"[0, 97, 98, 99, 74, 77, 91]",7
6956,"[0, 97, 98, 99, 74, 77, 91]",7
6957,"[0, 74, 13, 18, 91, 29, 97, 98, 99, 42]",10
6958,"[0, 97, 98, 99, 74, 77, 20, 91]",8
6959,"[0, 69, 70, 77, 16, 19, 26, 91, 97, 98, 99, 46, 50]",13
6960,"[0, 97, 98, 99, 69, 70, 77, 20, 91]",9
6961,"[0, 74, 13, 23, 29, 32, 97, 98, 99, 37, 42]",11
6962,"[0, 97, 98, 99, 74, 77, 91]",7
6963,"[0, 74, 83, 23, 29, 32, 97, 98, 99, 37, 53]",11
6964,"[0, 69, 70, 74, 77, 91, 97, 98, 99, 50]",10
6965,"[0, 69, 70, 10, 77, 19, 91, 29, 97, 98, 99, 46, 49]",13
6966,"[0, 69, 70, 77, 16, 19, 26, 29, 97, 98, 99, 46, 49, 50]",14
6967,"[0, 69, 70, 77, 16, 20, 26, 91, 97, 98, 99, 50]",12
6968,"[0, 32, 97, 98, 99, 37, 74, 23, 29]",9
6969,"[0, 97, 98, 99, 74, 77, 91]",7
6970,"[0, 11, 77, 13, 83, 97, 98, 99, 37, 42]",10
6971,"[0, 97, 98, 99, 74, 77, 91]",7
6972,"[0, 74, 13, 23, 87, 29, 32, 97, 98, 99, 37, 42]",12
6973,"[0, 97, 98, 99, 74, 83, 53, 29]",8
6974,"[0, 69, 70, 77, 19, 91, 97, 98, 99, 46, 50]",11
6975,"[0, 74, 13, 87, 23, 29, 32, 97, 98, 99, 37, 42, 57]",13
6976,"[0, 74, 23, 91, 29, 32, 97, 98, 99, 37]",10
6977,"[0, 97, 98, 99, 74, 77, 91]",7
6978,"[0, 97, 98, 99, 37, 74, 91, 29]",8
6979,"[0, 74, 13, 23, 29, 32, 97, 98, 99, 37, 42, 57]",12
6980,"[0, 74, 13, 83, 29, 97, 98, 99, 44, 53]",10
6981,"[0, 69, 70, 77, 16, 20, 26, 91, 97, 98, 99, 50]",12
6982,"[0, 97, 98, 99, 74, 77, 91]",7
6983,"[0, 97, 98, 99, 74, 77, 91]",7
6984,"[0, 97, 98, 99, 69, 70, 74, 77]",8
6985,"[0, 69, 70, 77, 19, 91, 97, 98, 99, 46, 50]",11
6986,"[0, 97, 98, 99, 74, 77, 91]",7
6987,"[0, 74, 23, 91, 29, 32, 97, 98, 99, 37, 53]",11
6988,"[0, 74, 13, 23, 29, 32, 97, 98, 99, 37, 42, 57]",12
6989,"[0, 69, 70, 10, 77, 29, 97, 98, 99, 50, 52]",11
6990,"[0, 11, 13, 77, 83, 97, 98, 99, 37, 42]",10
6991,"[0, 70, 10, 16, 26, 97, 98, 99, 52, 57]",10
6992,"[0, 97, 98, 99, 69, 70, 74, 77, 91]",9
6993,"[0, 97, 98, 99, 74, 77, 91]",7
6994,"[0, 32, 97, 98, 99, 37, 74, 23, 29]",9
6995,"[0, 69, 70, 10, 77, 19, 29, 97, 98, 99, 46, 49, 50]",13
6996,"[0, 97, 98, 99, 74, 77, 91]",7
6997,"[0, 74, 13, 23, 87, 91, 29, 32, 97, 98, 99, 37, 42, 57]",14
6998,"[0, 97, 98, 99, 77, 83, 52, 91]",8
6999,"[0, 69, 70, 10, 77, 19, 91, 29, 97, 98, 99, 46]",12
7000,"[0, 74, 77, 83, 91, 29, 97, 98, 99, 37, 43, 44]",12
7001,"[0, 74, 13, 23, 29, 32, 97, 98, 99, 37, 42]",11
7002,"[0, 74, 13, 83, 29, 97, 98, 99, 44, 53]",10
7003,"[0, 97, 98, 99, 74, 77, 91]",7
7004,"[0, 97, 98, 99, 74, 77, 91]",7
7005,"[0, 97, 98, 99, 74, 77, 91]",7
7006,"[0, 97, 98, 99, 74, 77, 91]",7
7007,"[0, 74, 13, 23, 87, 29, 32, 97, 98, 99, 37, 42]",12
7008,"[0, 69, 70, 77, 16, 20, 26, 91, 97, 98, 99, 50]",12
7009,"[0, 32, 98, 97, 99, 37, 74, 23, 29]",9
7010,"[0, 69, 70, 77, 19, 91, 97, 98, 99, 46, 50]",11
7011,"[0, 97, 98, 99, 69, 70, 74, 77, 91]",9
7012,"[0, 70, 77, 16, 20, 26, 91, 97, 98, 99]",10
7013,"[0, 97, 98, 99, 74, 23]",6
7014,"[0, 97, 98, 99, 74, 44, 77, 23, 29]",9
7015,"[0, 69, 70, 77, 19, 91, 97, 98, 99, 46, 50]",11
7016,"[0, 97, 98, 99, 69, 70, 74, 77]",8
7017,"[0, 69, 70, 77, 16, 20, 26, 91, 97, 98, 99, 50]",12
7018,"[0, 97, 98, 99, 74, 77, 91]",7
7019,"[0, 97, 98, 99, 74]",5
7020,"[0, 74, 13, 87, 23, 29, 32, 97, 98, 99, 37, 42, 57]",13
7021,"[0, 97, 98, 99, 74, 77, 91]",7
7022,"[0, 74, 13, 23, 29, 32, 97, 98, 99, 37, 42, 57]",12
7023,"[0, 70, 77, 16, 20, 26, 91, 97, 98, 99]",10
7024,"[0, 97, 98, 99, 74, 77, 91]",7
7025,"[0, 97, 98, 99, 74, 77, 91]",7
7026,"[0, 70, 74, 13, 23, 29, 97, 98, 99, 42]",10
7027,"[0, 97, 98, 99, 74, 77, 91]",7
7028,"[0, 97, 98, 99, 74, 77, 91]",7
7029,"[0, 97, 98, 99, 74, 77, 83, 91]",8
7030,"[0, 97, 98, 99, 70, 10, 16, 52, 26]",9
7031,"[0, 70, 74, 23, 93, 29, 97, 98, 35, 99, 46, 57]",12
7032,"[0, 97, 98, 99, 74, 20, 23]",7
7033,"[0, 69, 70, 77, 16, 19, 26, 91, 97, 98, 99, 46, 50]",13
7034,"[0, 97, 98, 99, 74, 23, 29]",7
7035,"[0, 64, 74, 77, 13, 83, 91, 97, 98, 99, 42]",11
7036,"[0, 97, 98, 99, 77, 83, 52, 91]",8
7037,"[0, 97, 98, 99, 74, 77, 91]",7
7038,"[0, 74, 77, 83, 23, 91, 29, 97, 98, 99, 53]",11
7039,"[0, 97, 98, 99, 74, 77, 91]",7
7040,"[0, 97, 98, 99, 74, 77, 91]",7
7041,"[0, 70, 77, 16, 20, 26, 91, 97, 98, 99]",10
7042,"[0, 97, 98, 99, 37, 74, 83, 53, 29]",9
7043,"[0, 32, 97, 98, 99, 37, 74, 23, 29]",9
7044,"[0, 97, 98, 99, 77, 52, 91]",7
7045,"[0, 70, 77, 16, 20, 26, 91, 97, 98, 99, 50]",11
7046,"[0, 69, 70, 77, 16, 20, 26, 91, 97, 98, 99, 50]",12
7047,"[0, 70, 77, 16, 20, 26, 91, 97, 98, 99, 50]",11
7048,"[0, 32, 97, 98, 99, 37, 74, 23, 29]",9
7049,"[0, 74, 13, 23, 91, 29, 32, 97, 98, 99, 37, 42]",12
7050,"[0, 97, 98, 99, 74, 77, 91]",7
7051,"[0, 74, 77, 83, 91, 29, 97, 98, 99, 37, 43, 44]",12
7052,"[0, 97, 98, 99, 74, 77, 91]",7
7053,"[0, 74, 13, 23, 87, 29, 32, 97, 98, 99, 37, 42, 57]",13
7054,"[0, 69, 70, 77, 16, 20, 26, 91, 97, 98, 99, 50]",12
7055,"[0, 69, 70, 10, 77, 19, 91, 29, 97, 98, 99, 46]",12
7056,"[0, 69, 70, 77, 16, 19, 26, 91, 97, 98, 99, 46, 50]",13
7057,"[0, 32, 97, 98, 99, 37, 74, 23, 29]",9
7058,"[0, 97, 98, 99, 69, 70, 74, 77]",8
7059,"[0, 70, 74, 23, 29, 93, 97, 98, 35, 99, 46]",11
7060,"[0, 32, 97, 98, 99, 37, 74, 23, 29]",9
7061,"[0, 97, 98, 99, 74, 77, 91]",7
7062,"[0, 32, 98, 97, 99, 8, 20]",7
7063,"[0, 69, 70, 77, 16, 19, 26, 91, 97, 98, 99, 46, 50]",13
7064,"[0, 69, 70, 10, 77, 91, 29, 97, 98, 99]",10
7065,"[0, 74, 13, 23, 29, 32, 97, 98, 99, 37, 42]",11
7066,"[0, 97, 98, 99, 77, 52, 91]",7
7067,"[0, 97, 98, 99, 74, 77, 91]",7
7068,"[0, 70, 10, 16, 26, 97, 98, 99, 52, 57]",10
7069,"[0, 97, 98, 99, 74, 77, 91]",7
7070,"[0, 69, 70, 77, 16, 19, 26, 91, 97, 98, 99, 46, 50]",13
7071,"[0, 97, 98, 99, 37, 74, 23, 91, 29]",9
7072,"[0, 97, 98, 99, 42, 13, 77, 83]",8
7073,"[0, 74, 23, 29, 93, 97, 98, 35, 99, 46]",10
7074,"[0, 97, 98, 99, 74, 20, 23]",7
7075,"[0, 97, 98, 99, 74, 77, 91]",7
7076,"[0, 32, 97, 98, 99, 37, 74, 23, 29]",9
7077,"[0, 74, 13, 23, 87, 29, 32, 97, 98, 99, 37, 42]",12
7078,"[0, 97, 98, 99, 74, 77, 83, 91]",8
7079,"[0, 97, 98, 99, 69, 70, 74, 77, 91]",9
7080,"[0, 74, 13, 87, 23, 29, 32, 97, 98, 99, 37, 42, 57]",13
7081,"[0, 97, 98, 99, 74, 77, 83, 91]",8
7082,"[0, 97, 98, 99, 74, 83, 53, 23, 29]",9
7083,"[0, 74, 13, 87, 23, 29, 32, 97, 98, 99, 37, 42]",12
7084,"[0, 74, 13, 83, 29, 97, 98, 99, 44, 53]",10
7085,"[0, 97, 98, 99, 74, 77, 91]",7
7086,"[0, 69, 70, 77, 16, 20, 26, 91, 97, 98, 99, 50]",12
7087,"[0, 97, 98, 99, 74, 77, 91]",7
7088,"[0, 74, 13, 23, 91, 29, 32, 97, 98, 99, 37, 42]",12
7089,"[0, 74, 13, 14, 83, 29, 94, 97, 98, 99, 44, 53]",12
7090,"[0, 97, 98, 99, 74, 77, 91]",7
7091,"[0, 97, 98, 99, 77, 83, 52, 91]",8
7092,"[0, 97, 98, 99, 74, 77, 91]",7
7093,"[0, 74, 13, 23, 29, 32, 97, 98, 99, 37, 42]",11
7094,"[0, 70, 77, 16, 20, 26, 91, 97, 98, 99]",10
7095,"[0, 97, 98, 99, 74, 77, 91]",7
7096,"[0, 74, 13, 23, 87, 29, 32, 97, 98, 99, 37, 42, 57]",13
7097,"[0, 97, 98, 99, 74, 77, 91]",7
7098,"[0, 97, 98, 99, 74, 77, 91]",7
7099,"[0, 97, 98, 99, 74, 77, 91]",7
7100,"[0, 70, 77, 16, 20, 26, 91, 97, 98, 99]",10
7101,"[0, 74, 13, 23, 29, 32, 97, 98, 99, 37, 42]",11
7102,"[0, 69, 70, 77, 16, 19, 26, 29, 97, 98, 99, 46, 49, 50]",14
7103,"[0, 70, 77, 16, 19, 26, 91, 97, 98, 99, 46, 50]",12
7104,"[0, 97, 98, 99, 74, 77, 91]",7
7105,"[0, 97, 98, 99, 74, 23, 29]",7
7106,"[0, 74, 13, 87, 23, 29, 32, 97, 98, 99, 37, 42]",12
7107,"[0, 97, 98, 99, 74, 77, 20, 91]",8
7108,"[0, 97, 98, 99, 42, 74, 13, 91, 29]",9
7109,"[0, 69, 70, 77, 16, 20, 26, 91, 97, 98, 99, 50]",12
7110,"[0, 69, 70, 77, 16, 20, 26, 91, 97, 98, 99, 50]",12
7111,"[0, 97, 98, 99, 74, 77, 91]",7
7112,"[0, 11, 13, 83, 91, 97, 98, 99, 37, 42]",10
7113,"[0, 69, 70, 77, 16, 19, 26, 91, 97, 98, 99, 46, 50]",13
7114,"[0, 69, 70, 77, 19, 91, 97, 98, 99, 46, 50]",11
7115,"[0, 74, 23, 91, 29, 32, 97, 98, 99, 37]",10
7116,"[0, 69, 70, 10, 77, 19, 91, 29, 97, 98, 99, 46]",12
7117,"[0, 69, 70, 77, 19, 91, 29, 97, 98, 99, 46]",11
7118,"[0, 32, 97, 98, 99, 37, 74, 23, 29]",9
7119,"[0, 97, 98, 99, 74, 77, 91]",7
7120,"[0, 69, 70, 77, 16, 19, 26, 91, 97, 98, 99, 46, 50]",13
7121,"[0, 97, 98, 99, 74, 77, 91]",7
7122,"[0, 74, 23, 91, 29, 32, 97, 98, 99, 37, 53]",11
7123,"[0, 70, 77, 16, 20, 26, 91, 97, 98, 99, 50]",11
7124,"[0, 97, 98, 99, 74, 77, 91]",7
7125,"[0, 74, 13, 87, 23, 29, 32, 97, 98, 99, 37, 42]",12
7126,"[0, 69, 70, 77, 16, 19, 26, 91, 97, 98, 99, 46, 50]",13
7127,"[0, 97, 98, 99, 74, 77, 91]",7
7128,"[0, 70, 77, 16, 20, 26, 91, 97, 98, 99]",10
7129,"[0, 74, 77, 83, 23, 91, 29, 97, 98, 99, 53]",11
7130,"[0, 74, 23, 91, 29, 32, 97, 98, 99, 37]",10
7131,"[0, 11, 77, 13, 83, 97, 98, 99, 37, 42]",10
7132,"[0, 74, 23, 91, 29, 32, 97, 98, 99, 37, 53]",11
7133,"[0, 74, 13, 87, 23, 29, 32, 97, 98, 99, 37, 42, 57]",13
7134,"[0, 97, 98, 99, 74, 77, 91]",7
7135,"[0, 97, 98, 99, 74, 77, 91]",7
7136,"[0, 11, 13, 77, 83, 97, 98, 99, 37, 42]",10
7137,"[0, 74, 13, 23, 29, 32, 97, 98, 99, 37, 42, 57]",12
7138,"[0, 74, 13, 87, 23, 91, 29, 32, 97, 98, 99, 37, 42, 57]",14
7139,"[0, 97, 98, 99, 74]",5
7140,"[0, 69, 70, 10, 77, 16, 19, 26, 91, 97, 98, 99, 46, 50]",14
7141,"[0, 97, 98, 99, 74, 44, 77, 23, 29]",9
7142,"[0, 97, 98, 99, 69, 70, 74, 77]",8
7143,"[0, 97, 98, 99, 74, 77, 91]",7
7144,"[0, 97, 98, 99, 77, 83, 52, 91]",8
7145,"[0, 32, 98, 97, 99, 37, 74, 23, 29]",9
7146,"[0, 97, 98, 99, 74, 77, 91]",7
7147,"[0, 97, 98, 99, 20]",5
7148,"[0, 97, 98, 99, 74, 77, 91]",7
7149,"[0, 69, 70, 77, 16, 19, 26, 91, 97, 98, 99, 46, 50]",13
7150,"[0, 32, 97, 98, 99, 37, 74, 23, 29]",9
7151,"[0, 97, 98, 99, 74, 83, 53, 29]",8
7152,"[0, 97, 98, 99, 74, 77, 91]",7
7153,"[0, 97, 98, 99, 74, 77, 91]",7
7154,"[0, 97, 98, 99, 69, 70, 77, 20, 91]",9
7155,"[0, 69, 70, 77, 16, 19, 26, 91, 97, 98, 99, 46, 50]",13
7156,"[0, 97, 98, 99, 69, 70, 74, 77, 91]",9
7157,"[0, 97, 98, 99, 74, 77, 91]",7
7158,"[0, 97, 98, 99, 74, 23]",6
7159,"[0, 97, 98, 99, 74, 77, 91]",7
7160,"[0, 32, 97, 98, 99, 37, 74, 23, 29]",9
7161,"[0, 69, 70, 77, 16, 19, 26, 91, 97, 98, 99, 46, 50]",13
7162,"[0, 69, 70, 77, 16, 20, 26, 91, 97, 98, 99, 50]",12
7163,"[0, 69, 70, 10, 77, 19, 29, 97, 98, 99, 46, 49, 50]",13
7164,"[0, 70, 74, 13, 23, 29, 97, 98, 99, 42]",10
7165,"[0, 70, 10, 16, 26, 97, 98, 99, 52, 57]",10
7166,"[0, 69, 70, 10, 77, 29, 97, 98, 99, 50, 52]",11
7167,"[0, 70, 74, 23, 29, 93, 97, 98, 35, 99, 46, 57]",12
7168,"[0, 64, 74, 13, 77, 83, 91, 97, 98, 99, 42]",11
7169,"[0, 69, 70, 77, 19, 91, 97, 98, 99, 46, 50]",11
7170,"[0, 97, 98, 99, 74, 77, 91]",7
7171,"[0, 97, 98, 99, 74, 77, 91]",7
7172,"[0, 97, 98, 99, 74]",5
7173,"[0, 74, 13, 23, 29, 32, 97, 98, 99, 37, 42, 57]",12
7174,"[0, 97, 98, 99, 77, 52, 91]",7
7175,"[0, 97, 98, 99, 74, 77, 91]",7
7176,"[0, 97, 98, 99, 74, 77, 91]",7
7177,"[0, 69, 70, 74, 77, 91, 97, 98, 99, 50]",10
7178,"[0, 97, 98, 99, 74, 77, 91]",7
7179,"[0, 70, 77, 16, 20, 26, 91, 97, 98, 99]",10
7180,"[0, 69, 70, 77, 19, 91, 97, 98, 99, 46, 50]",11
7181,"[0, 74, 13, 23, 29, 32, 97, 98, 99, 37, 42]",11
7182,"[0, 97, 98, 99, 74, 77, 91]",7
7183,"[0, 97, 98, 99, 37, 74, 83, 53, 29]",9
7184,"[0, 97, 98, 99, 74, 77, 91]",7
7185,"[0, 69, 70, 10, 77, 16, 19, 26, 91, 29, 97, 98, 99, 46, 50]",15
7186,"[0, 97, 98, 99, 74, 77, 91]",7
7187,"[0, 97, 98, 99, 74, 77, 91]",7
7188,"[0, 97, 98, 99, 74, 20, 23]",7
7189,"[0, 97, 98, 99, 74, 77, 91]",7
7190,"[0, 70, 77, 16, 20, 26, 91, 97, 98, 99]",10
7191,"[0, 97, 98, 99, 74, 77, 83, 91]",8
7192,"[0, 74, 13, 23, 29, 32, 97, 98, 99, 37, 42, 57]",12
7193,"[0, 74, 13, 23, 87, 29, 32, 97, 98, 99, 37, 42, 57]",13
7194,"[0, 69, 70, 74, 77, 91, 97, 98, 99, 50]",10
7195,"[0, 97, 98, 99, 74, 77, 91]",7
7196,"[0, 74, 83, 23, 29, 32, 97, 98, 99, 37, 53]",11
7197,"[0, 70, 77, 16, 20, 26, 91, 97, 98, 99, 50]",11
7198,"[0, 74, 13, 83, 29, 97, 98, 99, 44, 53]",10
7199,"[0, 97, 98, 99, 74, 77, 91]",7
7200,"[0, 74, 13, 23, 29, 32, 97, 98, 99, 37, 42, 57]",12
7201,"[0, 74, 13, 23, 29, 32, 97, 98, 99, 37, 42]",11
7202,"[0, 69, 70, 10, 77, 91, 29, 97, 98, 99]",10
7203,"[0, 97, 98, 99, 74, 77, 91]",7
7204,"[0, 74, 13, 23, 29, 32, 97, 98, 99, 37, 42]",11
7205,"[0, 69, 70, 10, 77, 16, 19, 26, 91, 29, 97, 98, 99, 46, 50]",15
7206,"[0, 97, 98, 99, 74, 77, 91]",7
7207,"[0, 97, 98, 99, 74, 77, 91]",7
7208,"[0, 97, 98, 99, 74, 77, 91]",7
7209,"[0, 97, 98, 99, 74, 77, 91]",7
7210,"[0, 74, 77, 83, 23, 29, 97, 98, 99, 53]",10
7211,"[0, 69, 70, 10, 77, 29, 97, 98, 99, 50, 52]",11
7212,"[0, 97, 98, 99, 37, 74, 83, 53, 29]",9
7213,"[0, 97, 98, 99, 74, 77, 91]",7
7214,"[0, 97, 98, 99, 74, 23, 29]",7
7215,"[0, 70, 77, 16, 20, 26, 91, 97, 98, 99]",10
7216,"[0, 97, 98, 99, 74, 77, 91]",7
7217,"[0, 70, 77, 16, 20, 26, 91, 97, 98, 99]",10
7218,"[0, 97, 98, 99, 74, 77, 91]",7
7219,"[0, 97, 98, 99, 74, 77, 91]",7
7220,"[0, 97, 98, 99, 74, 77, 91]",7
7221,"[0, 97, 98, 99, 74, 77, 20, 91]",8
7222,"[0, 69, 70, 77, 16, 19, 26, 91, 97, 98, 99, 46, 50]",13
7223,"[0, 97, 98, 99, 74, 77, 91]",7
7224,"[0, 74, 13, 23, 29, 32, 97, 98, 99, 37, 42, 57]",12
7225,"[0, 97, 98, 99, 74, 77, 91]",7
7226,"[0, 97, 98, 99, 77, 83, 52, 91]",8
7227,"[0, 32, 97, 98, 99, 37, 74, 23, 29]",9
7228,"[0, 97, 98, 99, 69, 70, 77, 20]",8
7229,"[0, 32, 98, 34, 99, 97, 8, 20]",8
7230,"[0, 97, 98, 99, 69, 70, 74, 77, 91]",9
7231,"[0, 74, 13, 23, 91, 29, 32, 97, 98, 99, 37, 42]",12
7232,"[0, 69, 70, 77, 16, 19, 26, 91, 97, 98, 99, 46, 50]",13
7233,"[0, 70, 77, 16, 19, 26, 91, 97, 98, 99, 46, 50]",12
7234,"[0, 70, 77, 16, 20, 26, 91, 97, 98, 99]",10
7235,"[0, 97, 98, 99, 74, 77, 91]",7
7236,"[0, 74, 13, 87, 23, 91, 29, 32, 97, 98, 99, 37, 42, 57]",14
7237,"[0, 97, 98, 99, 74, 77, 91]",7
7238,"[0, 97, 98, 99, 74, 77, 91]",7
7239,"[0, 97, 98, 99, 74, 77, 91]",7
7240,"[0, 74, 13, 87, 23, 29, 32, 97, 98, 99, 37, 42]",12
7241,"[0, 32, 98, 97, 99, 37, 74, 23, 29]",9
7242,"[0, 97, 98, 99, 42, 13, 77, 83]",8
7243,"[0, 97, 98, 99, 74, 77, 91]",7
7244,"[0, 70, 74, 13, 23, 29, 97, 98, 99, 42]",10
7245,"[0, 74, 13, 23, 29, 32, 97, 98, 99, 37, 42]",11
7246,"[0, 97, 98, 99, 74, 77, 91]",7
7247,"[0, 69, 70, 74, 77, 91, 97, 98, 99, 50]",10
7248,"[0, 70, 77, 16, 20, 26, 91, 97, 98, 99, 50]",11
7249,"[0, 69, 70, 77, 16, 20, 26, 91, 97, 98, 99, 50]",12
7250,"[0, 74, 13, 23, 87, 29, 32, 97, 98, 99, 37, 42]",12
7251,"[0, 64, 74, 77, 13, 83, 91, 97, 98, 99, 42]",11
7252,"[0, 69, 70, 77, 16, 19, 26, 91, 97, 98, 99, 46, 50]",13
7253,"[0, 32, 97, 98, 99, 37, 74, 23, 29]",9
7254,"[0, 97, 98, 99, 74, 77, 91]",7
7255,"[0, 97, 98, 99, 70, 10, 16, 52, 26]",9
7256,"[0, 32, 97, 98, 99, 37, 74, 23, 29]",9
7257,"[0, 70, 77, 16, 20, 26, 91, 97, 98, 99]",10
7258,"[0, 74, 77, 83, 23, 91, 29, 97, 98, 99, 53]",11
7259,"[0, 97, 98, 99, 74, 44, 77, 23, 29]",9
7260,"[0, 74, 13, 14, 83, 29, 94, 97, 98, 99, 44, 53]",12
7261,"[0, 74, 13, 83, 29, 97, 98, 99, 44, 53]",10
7262,"[0, 69, 70, 10, 77, 19, 91, 29, 97, 98, 99, 46]",12
7263,"[0, 74, 23, 91, 29, 32, 97, 98, 99, 37]",10
7264,"[0, 70, 74, 23, 93, 29, 97, 98, 35, 99, 46]",11
7265,"[0, 97, 98, 99, 77, 20, 91]",7
7266,"[0, 97, 98, 99, 74, 77, 91]",7
7267,"[0, 97, 98, 99, 74, 42, 13, 91, 29]",9
7268,"[0, 74, 13, 23, 29, 32, 97, 98, 99, 37, 42, 57]",12
7269,"[0, 97, 98, 99, 74, 77, 91]",7
7270,"[0, 69, 70, 77, 16, 19, 26, 91, 97, 98, 99, 46, 50]",13
7271,"[0, 69, 70, 77, 19, 91, 97, 98, 99, 46, 50]",11
7272,"[0, 74, 13, 23, 29, 32, 97, 98, 99, 37, 42, 57]",12
7273,"[0, 69, 70, 77, 16, 20, 26, 91, 29, 97, 98, 99, 50]",13
7274,"[0, 69, 70, 77, 19, 91, 97, 98, 99, 46, 50]",11
7275,"[0, 97, 98, 99, 70, 10, 16, 52, 26]",9
7276,"[0, 97, 98, 99, 77, 46, 19, 91, 29]",9
7277,"[0, 97, 98, 99, 74, 77, 91]",7
7278,"[0, 97, 98, 99, 77, 52, 57, 91]",8
7279,"[0, 74, 13, 23, 87, 29, 32, 97, 98, 99, 37, 42, 57]",13
7280,"[0, 32, 97, 98, 99, 37, 74, 23, 29]",9
7281,"[0, 74, 13, 87, 23, 29, 32, 97, 98, 99, 37, 42, 57]",13
7282,"[0, 74, 23, 93, 29, 32, 97, 98, 35, 99, 37, 46]",12
7283,"[0, 97, 98, 99, 74, 77, 91]",7
7284,"[0, 97, 98, 99, 74, 77, 91]",7
7285,"[0, 32, 98, 97, 99, 37, 74, 23, 29]",9
7286,"[0, 69, 70, 77, 16, 20, 26, 91, 97, 98, 99, 50]",12
7287,"[0, 69, 70, 77, 19, 91, 97, 98, 99, 46, 50]",11
7288,"[0, 97, 98, 99, 74, 77, 83, 91]",8
7289,"[0, 69, 70, 77, 16, 19, 26, 91, 97, 98, 99, 46, 50]",13
7290,"[0, 74, 13, 23, 87, 29, 32, 97, 98, 99, 37, 42]",12
7291,"[0, 69, 70, 77, 16, 19, 26, 91, 97, 98, 99, 46, 50]",13
7292,"[0, 97, 98, 99, 74, 77, 91]",7
7293,"[0, 69, 70, 77, 19, 29, 97, 98, 99, 46, 49, 50]",12
7294,"[0, 97, 98, 99, 74, 77, 83, 91]",8
7295,"[0, 97, 98, 99, 74, 77, 91]",7
7296,"[0, 74, 13, 23, 29, 32, 97, 98, 99, 37, 42, 57]",12
7297,"[0, 97, 98, 99, 74, 77, 91]",7
7298,"[0, 74, 83, 23, 29, 32, 97, 98, 99, 37, 53]",11
7299,"[0, 97, 98, 99, 74, 20, 23]",7
7300,"[0, 74, 13, 23, 87, 29, 32, 97, 98, 99, 37, 42]",12
7301,"[0, 97, 98, 99, 74, 77, 91]",7
7302,"[0, 74, 13, 83, 29, 97, 98, 99, 44, 53]",10
7303,"[0, 97, 98, 99, 74, 77, 91]",7
7304,"[0, 74, 13, 23, 87, 29, 32, 97, 98, 99, 37, 42]",12
7305,"[0, 97, 98, 99, 74, 83, 53, 29]",8
7306,"[0, 69, 70, 77, 19, 91, 97, 98, 99, 46, 50]",11
7307,"[0, 97, 98, 99, 74, 77, 91]",7
7308,"[0, 74, 13, 23, 29, 32, 97, 98, 99, 37, 42]",11
7309,"[0, 97, 98, 99, 74, 77, 91]",7
7310,"[0, 97, 98, 99, 74, 77, 91]",7
7311,"[0, 97, 98, 99, 74, 77, 91]",7
7312,"[0, 70, 77, 16, 20, 26, 91, 97, 98, 99, 50]",11
7313,"[0, 69, 70, 77, 16, 20, 26, 91, 97, 98, 99, 50]",12
7314,"[0, 32, 97, 98, 99, 37, 74, 23, 29]",9
7315,"[0, 74, 13, 23, 29, 32, 97, 98, 99, 37, 42]",11
7316,"[0, 70, 77, 16, 20, 26, 91, 97, 98, 99]",10
7317,"[0, 69, 70, 77, 19, 91, 97, 98, 99, 46, 50]",11
7318,"[0, 97, 98, 99, 74, 77, 91]",7
7319,"[0, 97, 98, 99, 77, 52, 57, 91]",8
7320,"[0, 11, 77, 13, 83, 97, 98, 99, 37, 42]",10
7321,"[0, 97, 98, 99, 74, 77, 91]",7
7322,"[0, 69, 70, 74, 77, 91, 97, 98, 99, 50]",10
7323,"[0, 97, 98, 99, 74, 77, 91]",7
7324,"[0, 74, 23, 91, 29, 32, 97, 98, 99, 37, 53]",11
7325,"[0, 74, 23, 91, 29, 32, 97, 98, 99, 37, 53]",11
7326,"[0, 70, 74, 23, 29, 93, 97, 98, 35, 99, 46, 57]",12
7327,"[0, 74, 13, 87, 23, 29, 32, 97, 98, 99, 37, 42, 57]",13
7328,"[0, 11, 13, 83, 91, 97, 98, 99, 37, 42]",10
7329,"[0, 97, 98, 99, 74, 77, 91]",7
7330,"[0, 69, 70, 77, 19, 91, 97, 98, 99, 46, 50]",11
7331,"[0, 97, 98, 99, 74, 77, 91]",7
7332,"[0, 97, 98, 99, 37, 74, 91, 29]",8
7333,"[0, 69, 70, 77, 16, 20, 26, 91, 97, 98, 99, 50]",12
7334,"[0, 97, 98, 99, 74, 77, 91]",7
7335,"[0, 97, 98, 99, 74, 20, 23]",7
7336,"[0, 97, 98, 99, 74, 23]",6
7337,"[0, 69, 70, 77, 19, 91, 97, 98, 99, 46]",10
7338,"[0, 11, 13, 83, 91, 97, 98, 99, 37, 42]",10
7339,"[0, 97, 98, 99, 69, 70, 74, 77]",8
7340,"[0, 97, 98, 99, 74, 77, 91]",7
7341,"[0, 97, 98, 99, 74, 77, 91]",7
7342,"[0, 97, 98, 99, 74, 77, 91]",7
7343,"[0, 74, 77, 83, 91, 29, 97, 98, 99, 37, 43, 44]",12
7344,"[0, 97, 98, 99, 74, 77, 91]",7
7345,"[0, 97, 98, 99, 74, 77, 83, 91]",8
7346,"[0, 97, 98, 99, 69, 70, 74, 77]",8
7347,"[0, 97, 98, 99, 77, 83, 52, 91]",8
7348,"[0, 69, 70, 77, 19, 29, 97, 98, 99, 46, 49, 50]",12
7349,"[0, 69, 70, 77, 19, 91, 29, 97, 98, 99, 46]",11
7350,"[0, 32, 97, 98, 99, 37, 74, 23, 29]",9
7351,"[0, 97, 98, 99, 74, 77, 91]",7
7352,"[0, 70, 77, 16, 20, 26, 91, 97, 98, 99]",10
7353,"[0, 97, 98, 99, 74, 77, 91]",7
7354,"[0, 69, 70, 77, 16, 20, 26, 91, 97, 98, 99, 50]",12
7355,"[0, 74, 13, 23, 29, 32, 97, 98, 99, 37, 42]",11
7356,"[0, 69, 70, 77, 19, 91, 97, 98, 99, 46, 50]",11
7357,"[0, 70, 74, 23, 29, 93, 97, 98, 35, 99, 46]",11
7358,"[0, 97, 98, 99, 77, 52, 57, 91]",8
7359,"[0, 69, 70, 77, 16, 20, 26, 91, 29, 97, 98, 99, 50]",13
7360,"[0, 97, 98, 99, 74, 77, 91]",7
7361,"[0, 97, 98, 99, 74, 77, 91]",7
7362,"[0, 74, 13, 83, 29, 97, 98, 99, 44, 53]",10
7363,"[0, 97, 98, 99, 70, 10, 16, 52, 26]",9
7364,"[0, 69, 70, 77, 19, 29, 97, 98, 99, 46, 49, 50]",12
7365,"[0, 97, 98, 99, 74, 77, 91]",7
7366,"[0, 97, 98, 99, 74, 77, 91]",7
7367,"[0, 97, 98, 99, 74, 77, 83, 91]",8
7368,"[0, 74, 13, 87, 23, 29, 32, 97, 98, 99, 37, 42]",12
7369,"[0, 97, 98, 99, 74, 77, 91]",7
7370,"[0, 97, 98, 99, 74, 77, 91]",7
7371,"[0, 97, 98, 99, 74, 77, 83, 91]",8
7372,"[0, 74, 23, 91, 29, 32, 97, 98, 99, 37, 53]",11
7373,"[0, 70, 77, 16, 20, 26, 91, 97, 98, 99]",10
7374,"[0, 97, 98, 99, 74, 83, 53, 29]",8
7375,"[0, 97, 98, 99, 74, 77, 91]",7
7376,"[0, 74, 23, 91, 29, 32, 97, 98, 99, 37, 53]",11
7377,"[0, 70, 77, 16, 20, 26, 91, 97, 98, 99]",10
7378,"[0, 97, 98, 99, 74, 77, 83, 91]",8
7379,"[0, 97, 98, 99, 74, 77, 91]",7
7380,"[0, 97, 98, 99, 74, 23]",6
7381,"[0, 74, 13, 23, 91, 29, 97, 98, 99, 37, 42]",11
7382,"[0, 70, 77, 16, 20, 26, 91, 97, 98, 99]",10
7383,"[0, 97, 98, 99, 74, 77, 91]",7
7384,"[0, 97, 98, 99, 74, 77, 83, 91]",8
7385,"[0, 70, 77, 16, 20, 26, 91, 97, 98, 99]",10
7386,"[0, 32, 98, 97, 99, 37, 74, 23, 29]",9
7387,"[0, 32, 97, 98, 99, 37, 74, 23, 29]",9
7388,"[0, 97, 98, 99, 74, 77, 91]",7
7389,"[0, 69, 70, 77, 19, 91, 29, 97, 98, 99, 46]",11
7390,"[0, 70, 74, 13, 23, 29, 97, 98, 99, 42, 57]",11
7391,"[0, 74, 23, 91, 29, 32, 97, 98, 99, 37]",10
7392,"[0, 69, 70, 77, 19, 91, 97, 98, 99, 46, 50]",11
7393,"[0, 69, 70, 74, 77, 91, 97, 98, 99, 50]",10
7394,"[0, 97, 98, 99, 74, 77, 91]",7
7395,"[0, 69, 70, 77, 19, 91, 29, 97, 98, 99, 46, 50]",12
7396,"[0, 97, 98, 99, 77, 83, 52, 91]",8
7397,"[0, 97, 98, 99, 69, 70, 74, 77, 91]",9
7398,"[0, 97, 98, 99, 74, 77, 91]",7
7399,"[0, 97, 98, 99, 74, 77, 91]",7
7400,"[0, 74, 13, 23, 87, 29, 32, 97, 98, 99, 37, 42, 57]",13
7401,"[0, 69, 70, 77, 16, 20, 26, 91, 97, 98, 99, 50]",12
7402,"[0, 97, 98, 99, 74, 77, 91]",7
7403,"[0, 97, 98, 99, 74, 77, 91]",7
7404,"[0, 97, 98, 99, 74, 77, 91]",7
7405,"[0, 97, 98, 99, 74, 77, 83, 91]",8
7406,"[0, 74, 13, 23, 29, 32, 97, 98, 99, 37, 42]",11
7407,"[0, 97, 98, 99, 74, 23, 29]",7
7408,"[0, 69, 70, 77, 19, 91, 97, 98, 99, 46]",10
7409,"[0, 69, 70, 77, 16, 19, 26, 91, 29, 97, 98, 99, 46, 50]",14
7410,"[0, 69, 70, 74, 77, 91, 97, 98, 99, 50]",10
7411,"[0, 97, 98, 99, 74, 77, 83, 91]",8
7412,"[0, 97, 98, 99, 77, 46, 19, 91, 29]",9
7413,"[0, 74, 13, 87, 23, 29, 32, 97, 98, 99, 37, 42, 57]",13
7414,"[0, 74, 13, 23, 29, 32, 97, 98, 99, 37, 42]",11
7415,"[0, 74, 13, 87, 23, 91, 29, 32, 97, 98, 99, 37, 42]",13
7416,"[0, 97, 98, 99, 69, 70, 77, 20]",8
7417,"[0, 97, 98, 99, 69, 70, 77, 91, 29]",9
7418,"[0, 69, 70, 77, 19, 91, 97, 98, 99, 46, 50]",11
7419,"[0, 97, 98, 99, 74, 77, 91]",7
7420,"[0, 70, 74, 77, 16, 20, 91, 97, 98, 99]",10
7421,"[0, 11, 13, 77, 83, 97, 98, 99, 37, 42]",10
7422,"[0, 97, 98, 99, 74, 83, 53, 29]",8
7423,"[0, 97, 98, 99, 74, 77, 91]",7
7424,"[0, 74, 13, 23, 87, 29, 32, 97, 98, 99, 37, 42]",12
7425,"[0, 97, 98, 99, 74, 77, 91]",7
7426,"[0, 97, 98, 99, 74, 77, 91]",7
7427,"[0, 74, 13, 23, 87, 29, 32, 97, 98, 99, 37, 42]",12
7428,"[0, 70, 77, 16, 20, 26, 91, 97, 98, 99, 50]",11
7429,"[0, 74, 13, 23, 87, 29, 32, 97, 98, 99, 37, 42]",12
7430,"[0, 97, 98, 99, 70, 10, 16, 52, 26]",9
7431,"[0, 70, 77, 16, 20, 26, 91, 97, 98, 99]",10
7432,"[0, 74, 83, 23, 29, 32, 97, 98, 99, 37, 53]",11
7433,"[0, 32, 97, 98, 99, 37, 74, 23, 29]",9
7434,"[0, 74, 13, 23, 29, 32, 97, 98, 99, 37, 42, 57]",12
7435,"[0, 97, 98, 99, 74, 77, 91]",7
7436,"[0, 97, 98, 99, 74, 77, 91]",7
7437,"[0, 69, 70, 77, 19, 91, 97, 98, 99, 46]",10
7438,"[0, 74, 13, 87, 23, 29, 32, 97, 98, 99, 37, 42, 57]",13
7439,"[0, 74, 77, 83, 23, 91, 29, 97, 98, 99, 53]",11
7440,"[0, 97, 98, 99, 74, 77, 91]",7
7441,"[0, 97, 98, 99, 74, 77, 91]",7
7442,"[0, 69, 70, 77, 19, 91, 97, 98, 99, 46, 50]",11
7443,"[0, 97, 98, 99, 74, 77, 91]",7
7444,"[0, 74, 13, 14, 83, 29, 94, 97, 98, 99, 44, 53]",12
7445,"[0, 97, 98, 99, 74]",5
7446,"[0, 97, 98, 99, 74, 83, 53, 29]",8
7447,"[0, 97, 98, 99, 74, 44, 77, 23]",8
7448,"[0, 97, 98, 99, 74, 77, 91]",7
7449,"[0, 97, 98, 99, 74, 77, 83, 91]",8
7450,"[0, 97, 98, 99, 37, 74, 91, 29]",8
7451,"[0, 32, 98, 97, 99, 37, 74, 23, 29]",9
7452,"[0, 69, 70, 77, 91, 29, 97, 98, 99, 50, 52]",11
7453,"[0, 97, 98, 99, 42, 13, 77, 83]",8
7454,"[0, 69, 70, 77, 19, 91, 97, 98, 99, 46, 50]",11
7455,"[0, 32, 98, 97, 99, 37, 74, 23, 29]",9
7456,"[0, 74, 13, 87, 23, 29, 32, 97, 98, 99, 37, 42, 57]",13
7457,"[0, 97, 98, 99, 74, 20, 23]",7
7458,"[0, 97, 98, 99, 77, 83, 52, 91]",8
7459,"[0, 32, 98, 34, 97, 99, 8, 20]",8
7460,"[0, 97, 98, 99, 74, 77, 91]",7
7461,"[0, 69, 70, 77, 19, 29, 97, 98, 99, 46, 49, 50]",12
7462,"[0, 74, 13, 87, 23, 29, 32, 97, 98, 99, 37, 42, 57]",13
7463,"[0, 69, 70, 77, 19, 91, 97, 98, 99, 46, 50]",11
7464,"[0, 97, 98, 99, 74, 77, 91]",7
7465,"[0, 70, 77, 16, 20, 26, 91, 97, 98, 99, 50]",11
7466,"[0, 74, 13, 23, 87, 29, 32, 97, 98, 99, 37, 42, 57]",13
7467,"[0, 32, 97, 98, 99, 37, 74, 23, 29]",9
7468,"[0, 97, 98, 99, 74, 77, 91]",7
7469,"[0, 69, 70, 77, 19, 91, 97, 98, 99, 46, 50]",11
7470,"[0, 70, 77, 16, 20, 26, 91, 97, 98, 99, 50]",11
7471,"[0, 74, 13, 23, 29, 32, 97, 98, 99, 37, 42]",11
7472,"[0, 97, 98, 99, 74, 77, 91]",7
7473,"[0, 97, 98, 99, 74, 77, 91]",7
7474,"[0, 97, 98, 99, 74, 77, 91]",7
7475,"[0, 74, 77, 83, 91, 29, 97, 98, 99, 37]",10
7476,"[0, 97, 98, 99, 77, 52, 57, 91]",8
7477,"[0, 69, 70, 77, 19, 91, 29, 97, 98, 99, 46]",11
7478,"[0, 70, 74, 23, 93, 29, 97, 98, 35, 99, 46, 57]",12
7479,"[0, 97, 98, 99, 74, 77, 91]",7
7480,"[0, 74, 23, 93, 29, 32, 97, 98, 35, 99, 37, 46]",12
7481,"[0, 11, 13, 83, 91, 97, 98, 99, 37, 42]",10
7482,"[0, 97, 98, 99, 74, 77, 91]",7
7483,"[0, 69, 70, 77, 19, 91, 97, 98, 99, 46, 50]",11
7484,"[0, 97, 98, 99, 74, 77, 91]",7
7485,"[0, 97, 98, 99, 74, 77, 83, 91]",8
7486,"[0, 32, 98, 97, 99, 37, 74, 23, 29]",9
7487,"[0, 69, 70, 77, 19, 91, 97, 98, 99, 46, 50]",11
7488,"[0, 74, 11, 83, 29, 97, 98, 99, 37, 53]",10
7489,"[0, 74, 23, 91, 29, 32, 97, 98, 99, 37]",10
7490,"[0, 69, 70, 77, 19, 91, 97, 98, 99, 46, 50]",11
7491,"[0, 69, 70, 77, 16, 20, 26, 91, 97, 98, 99, 50]",12
7492,"[0, 97, 98, 99, 74, 77, 91]",7
7493,"[0, 74, 13, 87, 23, 29, 32, 97, 98, 99, 37, 42, 57]",13
7494,"[0, 11, 13, 83, 91, 97, 98, 99, 37, 42]",10
7495,"[0, 69, 70, 77, 19, 91, 97, 98, 99, 46, 50]",11
7496,"[0, 97, 98, 99, 74, 20, 23]",7
7497,"[0, 74, 13, 23, 87, 91, 29, 97, 98, 99, 37, 42, 57]",13
7498,"[0, 97, 98, 99, 74, 77, 91]",7
7499,"[0, 97, 98, 99, 42, 74, 13, 91, 29]",9
7500,"[0, 64, 74, 77, 13, 83, 91, 97, 98, 99, 42]",11
7501,"[0, 97, 98, 99, 42, 13, 77, 83]",8
7502,"[0, 97, 98, 99, 74, 77, 91]",7
7503,"[0, 97, 98, 99, 74, 77, 91]",7
7504,"[0, 97, 98, 99, 74, 77, 83, 91]",8
7505,"[0, 97, 98, 99, 74, 77, 91]",7
7506,"[0, 69, 70, 77, 19, 91, 97, 98, 99, 46, 50]",11
7507,"[0, 97, 98, 99, 74, 77, 91]",7
7508,"[0, 97, 98, 99, 74, 77, 91]",7
7509,"[0, 97, 98, 99, 74, 77, 91]",7
7510,"[0, 70, 10, 77, 16, 83, 26, 97, 98, 99, 52]",11
7511,"[0, 97, 98, 99, 74, 77, 83, 91]",8
7512,"[0, 97, 98, 99, 74, 23, 29]",7
7513,"[0, 97, 98, 99, 74, 77, 83, 91]",8
7514,"[0, 97, 98, 99, 74, 77, 91]",7
7515,"[0, 97, 98, 99, 74, 77, 83, 91]",8
7516,"[0, 69, 70, 77, 16, 20, 26, 91, 29, 97, 98, 99, 50]",13
7517,"[0, 74, 13, 23, 29, 32, 97, 98, 99, 37, 42]",11
7518,"[0, 97, 98, 99, 74, 77, 91]",7
7519,"[0, 74, 13, 23, 29, 32, 97, 98, 99, 37, 42]",11
7520,"[0, 97, 98, 99, 74, 77, 91]",7
7521,"[0, 97, 98, 99, 69, 70, 77, 20]",8
7522,"[0, 69, 70, 77, 19, 29, 97, 98, 99, 46, 49, 50]",12
7523,"[0, 69, 70, 74, 77, 91, 97, 98, 99, 50]",10
7524,"[0, 69, 70, 77, 19, 91, 29, 97, 98, 99, 46]",11
7525,"[0, 97, 98, 99, 74, 77, 91]",7
7526,"[0, 74, 23, 93, 29, 32, 97, 98, 35, 99, 37, 46]",12
7527,"[0, 97, 98, 99, 74]",5
7528,"[0, 97, 98, 99, 77, 46, 19, 91, 29]",9
7529,"[0, 97, 98, 99, 74, 77, 91]",7
7530,"[0, 74, 77, 83, 91, 29, 97, 98, 99, 37]",10
7531,"[0, 97, 98, 99, 74, 77, 91]",7
7532,"[0, 74, 13, 23, 87, 29, 32, 97, 98, 99, 37, 42, 57]",13
7533,"[0, 32, 34, 98, 99, 97, 8, 20]",8
7534,"[0, 97, 98, 99, 74, 77, 83, 91]",8
7535,"[0, 97, 98, 99, 74, 77, 83, 91]",8
7536,"[0, 97, 98, 99, 77, 46, 19, 91, 29]",9
7537,"[0, 69, 70, 77, 16, 20, 26, 91, 97, 98, 99, 50]",12
7538,"[0, 32, 97, 98, 99, 37, 74, 23, 29]",9
7539,"[0, 70, 77, 16, 20, 26, 91, 97, 98, 99]",10
7540,"[0, 69, 70, 77, 19, 91, 29, 97, 98, 99, 46]",11
7541,"[0, 97, 98, 99, 77, 52, 91]",7
7542,"[0, 69, 70, 74, 77, 91, 97, 98, 99, 50]",10
7543,"[0, 74, 13, 23, 87, 29, 32, 97, 98, 99, 37, 42, 57]",13
7544,"[0, 64, 74, 77, 13, 83, 91, 97, 98, 99, 42]",11
7545,"[0, 97, 98, 99, 74, 23]",6
7546,"[0, 74, 13, 23, 91, 29, 97, 98, 99, 37, 42]",11
7547,"[0, 97, 98, 99, 74, 20, 23]",7
7548,"[0, 97, 98, 99, 74, 77, 91]",7
7549,"[0, 70, 77, 16, 20, 26, 91, 97, 98, 99, 50]",11
7550,"[0, 69, 70, 77, 19, 91, 97, 98, 99, 46, 50]",11
7551,"[0, 97, 98, 99, 77, 46, 19, 91]",8
7552,"[0, 74, 13, 23, 87, 29, 32, 97, 98, 99, 37, 42, 57]",13
7553,"[0, 74, 23, 91, 29, 32, 97, 98, 99, 37]",10
7554,"[0, 97, 98, 99, 77, 83, 52, 57, 91]",9
7555,"[0, 70, 77, 16, 20, 26, 91, 97, 98, 99]",10
7556,"[0, 11, 77, 13, 83, 91, 97, 98, 99, 37, 42]",11
7557,"[0, 97, 98, 99, 74, 83, 53, 29]",8
7558,"[0, 97, 98, 99, 74, 77, 91]",7
7559,"[0, 97, 98, 99, 74, 77, 91]",7
7560,"[0, 74, 13, 23, 87, 29, 32, 97, 98, 99, 37, 42, 57]",13
7561,"[0, 97, 98, 99, 74, 23]",6
7562,"[0, 74, 23, 91, 29, 32, 97, 98, 99, 37, 53]",11
7563,"[0, 97, 98, 99, 74, 77, 83, 91]",8
7564,"[0, 70, 77, 16, 20, 26, 91, 97, 98, 99, 50]",11
7565,"[0, 74, 13, 23, 29, 32, 97, 98, 99, 37, 42, 57]",12
7566,"[0, 97, 98, 99, 37, 74, 91, 29]",8
7567,"[0, 69, 70, 77, 19, 91, 97, 98, 99, 46, 50]",11
7568,"[0, 97, 98, 99, 74, 77, 91]",7
7569,"[0, 69, 70, 77, 19, 91, 97, 98, 99, 46, 50]",11
7570,"[0, 11, 77, 13, 83, 97, 98, 99, 37, 42]",10
7571,"[0, 97, 98, 99, 74, 77, 91]",7
7572,"[0, 11, 13, 83, 91, 97, 98, 99, 37, 42]",10
7573,"[0, 32, 98, 97, 99, 37, 74, 23, 29]",9
7574,"[0, 97, 98, 99, 74, 77, 91]",7
7575,"[0, 69, 70, 77, 16, 20, 26, 91, 97, 98, 99, 50]",12
7576,"[0, 97, 98, 99, 74, 77, 91]",7
7577,"[0, 32, 97, 98, 99, 37, 74, 23, 29]",9
7578,"[0, 69, 70, 77, 19, 91, 97, 98, 99, 46, 50]",11
7579,"[0, 70, 74, 77, 16, 20, 91, 97, 98, 99]",10
7580,"[0, 70, 74, 77, 16, 20, 91, 97, 98, 99]",10
7581,"[0, 97, 98, 99, 74, 83, 53, 29]",8
7582,"[0, 97, 98, 99, 74, 77, 91]",7
7583,"[0, 74, 13, 23, 87, 29, 32, 97, 98, 99, 37, 42, 57]",13
7584,"[0, 74, 77, 83, 23, 91, 29, 97, 98, 99, 53]",11
7585,"[0, 70, 74, 23, 93, 29, 97, 98, 35, 99, 46]",11
7586,"[0, 97, 98, 99, 74, 77, 83, 91]",8
7587,"[0, 97, 98, 99, 74, 77, 83, 91]",8
7588,"[0, 70, 77, 16, 20, 26, 91, 97, 98, 99]",10
7589,"[0, 74, 83, 23, 29, 32, 97, 98, 99, 37, 53]",11
7590,"[0, 74, 13, 23, 29, 32, 97, 98, 99, 37, 42]",11
7591,"[0, 32, 98, 97, 99, 37, 74, 23, 29]",9
7592,"[0, 70, 77, 16, 20, 26, 91, 97, 98, 99]",10
7593,"[0, 74, 23, 91, 29, 32, 97, 98, 99, 37, 53, 57]",12
7594,"[0, 97, 98, 99, 74, 77, 91]",7
7595,"[0, 69, 70, 77, 19, 91, 29, 97, 98, 99, 46, 50]",12
7596,"[0, 74, 13, 87, 23, 29, 32, 97, 98, 99, 37, 42, 57]",13
7597,"[0, 97, 98, 99, 74, 77, 83, 91]",8
7598,"[0, 97, 98, 99, 74, 77, 91]",7
7599,"[0, 74, 13, 23, 29, 32, 97, 98, 99, 37, 42, 57]",12
7600,"[0, 74, 13, 14, 83, 29, 94, 97, 98, 99, 44, 53]",12
7601,"[0, 69, 70, 77, 19, 91, 29, 97, 98, 99, 46]",11
7602,"[0, 74, 13, 83, 29, 97, 98, 99, 44, 53]",10
7603,"[0, 97, 98, 99, 77, 52, 57, 91]",8
7604,"[0, 32, 98, 97, 99, 37, 74, 23, 29]",9
7605,"[0, 32, 97, 98, 99, 37, 74, 23, 29]",9
7606,"[0, 69, 70, 77, 91, 29, 97, 98, 99, 50, 52]",11
7607,"[0, 97, 98, 99, 74, 77, 91]",7
7608,"[0, 70, 77, 16, 20, 26, 91, 97, 98, 99, 50]",11
7609,"[0, 70, 74, 13, 23, 29, 97, 98, 99, 42, 57]",11
7610,"[0, 69, 70, 77, 19, 91, 97, 98, 99, 46, 50]",11
7611,"[0, 69, 70, 77, 19, 91, 97, 98, 99, 46, 50]",11
7612,"[0, 69, 70, 77, 29, 97, 98, 99, 50, 52]",10
7613,"[0, 74, 13, 23, 87, 91, 29, 32, 97, 98, 99, 37, 42]",13
7614,"[0, 70, 77, 16, 20, 26, 91, 97, 98, 99]",10
7615,"[0, 97, 98, 99, 77, 46, 50, 19, 91]",9
7616,"[0, 97, 98, 99, 42, 74, 13, 91, 29]",9
7617,"[0, 74, 13, 23, 29, 32, 97, 98, 99, 37, 42]",11
7618,"[0, 69, 70, 77, 19, 91, 97, 98, 99, 46, 50]",11
7619,"[0, 97, 98, 99, 74, 77, 83, 91]",8
7620,"[0, 97, 98, 99, 74, 77, 83, 91]",8
7621,"[0, 97, 98, 99, 74, 77, 83, 91]",8
7622,"[0, 69, 70, 77, 19, 91, 97, 98, 99, 46, 50]",11
7623,"[0, 97, 98, 99, 74, 77, 91]",7
7624,"[0, 69, 70, 77, 16, 19, 26, 91, 29, 97, 98, 99, 46, 50]",14
7625,"[0, 97, 98, 99, 74, 77, 91]",7
7626,"[0, 32, 97, 98, 99, 37, 74, 23, 29]",9
7627,"[0, 97, 98, 99, 74, 77, 83, 91]",8
7628,"[0, 97, 98, 99, 74, 77, 83, 91]",8
7629,"[0, 74, 13, 23, 87, 29, 32, 97, 98, 99, 37, 42]",12
7630,"[0, 97, 98, 99, 74, 20, 23]",7
7631,"[0, 97, 98, 99, 74, 77, 83, 91]",8
7632,"[0, 74, 11, 83, 29, 97, 98, 99, 37, 53]",10
7633,"[0, 32, 97, 98, 99, 37, 74, 23, 29]",9
7634,"[0, 70, 77, 16, 20, 26, 91, 97, 98, 99]",10
7635,"[0, 97, 98, 99, 74, 83, 53, 29]",8
7636,"[0, 70, 77, 16, 20, 26, 91, 97, 98, 99, 50]",11
7637,"[0, 97, 98, 99, 74, 77, 91]",7
7638,"[0, 74, 13, 87, 23, 91, 29, 97, 98, 99, 37, 42, 57]",13
7639,"[0, 97, 98, 99, 70, 10, 16, 52, 26]",9
7640,"[0, 97, 98, 99, 74, 77, 83, 91]",8
7641,"[0, 97, 98, 99, 74, 77, 91]",7
7642,"[0, 74, 13, 87, 23, 29, 32, 97, 98, 99, 37, 42]",12
7643,"[0, 97, 98, 99, 74, 77, 83, 91]",8
7644,"[0, 70, 74, 23, 93, 29, 97, 98, 35, 99, 46, 57]",12
7645,"[0, 69, 70, 77, 19, 91, 29, 97, 98, 99, 46]",11
7646,"[0, 97, 98, 99, 74, 77, 91]",7
7647,"[0, 74, 13, 23, 87, 29, 32, 97, 98, 99, 37, 42, 57]",13
7648,"[0, 74, 13, 87, 23, 29, 32, 97, 98, 99, 37, 42]",12
7649,"[0, 97, 98, 99, 77, 52, 91]",7
7650,"[0, 97, 98, 99, 74, 77, 91]",7
7651,"[0, 32, 34, 98, 97, 99, 8, 20]",8
7652,"[0, 70, 77, 16, 20, 26, 91, 97, 98, 99, 50]",11
7653,"[0, 97, 98, 99, 77, 83, 52, 57, 91]",9
7654,"[0, 97, 98, 99, 74, 83, 53, 29]",8
7655,"[0, 74, 13, 23, 87, 29, 32, 97, 98, 99, 37, 42, 57]",13
7656,"[0, 97, 98, 99, 74, 77, 83, 91]",8
7657,"[0, 97, 98, 99, 74, 77, 91]",7
7658,"[0, 74, 13, 23, 87, 29, 32, 97, 98, 99, 37, 42, 57]",13
7659,"[0, 74, 13, 87, 23, 29, 32, 97, 98, 99, 37, 42]",12
7660,"[0, 74, 77, 83, 23, 29, 32, 97, 98, 99, 37, 53]",12
7661,"[0, 74, 13, 87, 23, 29, 32, 97, 98, 99, 37, 42]",12
7662,"[0, 97, 98, 99, 74, 77, 91]",7
7663,"[0, 74, 23, 91, 29, 32, 97, 98, 99, 37]",10
7664,"[0, 97, 98, 99, 74, 83, 53, 29]",8
7665,"[0, 69, 70, 77, 19, 91, 29, 97, 98, 99, 46]",11
7666,"[0, 74, 13, 23, 87, 29, 32, 97, 98, 99, 37, 42]",12
7667,"[0, 69, 70, 77, 19, 91, 29, 97, 98, 99, 46]",11
7668,"[0, 97, 98, 99, 74, 77, 83, 91]",8
7669,"[0, 97, 98, 99, 74, 20, 23]",7
7670,"[0, 69, 70, 77, 19, 91, 97, 98, 99, 46, 50]",11
7671,"[0, 74, 13, 23, 87, 29, 32, 97, 98, 99, 37, 42, 57]",13
7672,"[0, 97, 98, 99, 74, 77, 91]",7
7673,"[0, 97, 98, 99, 74, 77, 91]",7
7674,"[0, 32, 98, 97, 99, 37, 74, 23, 29]",9
7675,"[0, 69, 70, 77, 19, 91, 29, 97, 98, 99, 46, 50]",12
7676,"[0, 70, 77, 16, 20, 26, 91, 97, 98, 99]",10
7677,"[0, 70, 77, 16, 20, 26, 91, 97, 98, 99]",10
7678,"[0, 69, 70, 77, 16, 20, 26, 91, 97, 98, 99, 50]",12
7679,"[0, 70, 10, 77, 16, 83, 26, 97, 98, 99, 52]",11
7680,"[0, 69, 70, 77, 19, 91, 97, 98, 99, 46, 49, 50]",12
7681,"[0, 97, 98, 99, 77, 46, 50, 19, 91]",9
7682,"[0, 74, 13, 87, 23, 29, 32, 97, 98, 99, 37, 42, 57]",13
7683,"[0, 70, 74, 13, 23, 29, 97, 98, 99, 42, 57]",11
7684,"[0, 11, 77, 13, 83, 91, 97, 98, 99, 37, 42]",11
7685,"[0, 97, 98, 99, 74, 77, 83, 91]",8
7686,"[0, 97, 98, 99, 74, 77, 83, 91]",8
7687,"[0, 74, 23, 91, 29, 32, 97, 98, 99, 37]",10
7688,"[0, 97, 98, 99, 69, 70, 77, 20]",8
7689,"[0, 32, 97, 98, 99, 37, 74, 23, 29]",9
7690,"[0, 69, 70, 77, 19, 91, 97, 98, 99, 46, 50]",11
7691,"[0, 97, 98, 99, 74, 77, 91]",7
7692,"[0, 32, 98, 97, 99, 37, 74, 23, 29]",9
7693,"[0, 97, 98, 99, 74, 77, 91]",7
7694,"[0, 97, 98, 99, 74, 77, 83, 91]",8
7695,"[0, 97, 98, 99, 74, 77, 91]",7
7696,"[0, 97, 98, 99, 74, 77, 91]",7
7697,"[0, 74, 13, 23, 29, 32, 97, 98, 99, 37, 42]",11
7698,"[0, 97, 98, 99, 42, 13, 77, 83]",8
7699,"[0, 97, 98, 99, 74, 77, 91]",7
7700,"[0, 69, 70, 77, 19, 29, 97, 98, 99, 46, 50]",11
7701,"[0, 74, 13, 83, 29, 97, 98, 99, 44, 53]",10
7702,"[0, 97, 98, 99, 74, 77, 91]",7
7703,"[0, 70, 77, 16, 20, 26, 91, 97, 98, 99]",10
7704,"[0, 97, 98, 99, 77, 46, 19, 91, 29]",9
7705,"[0, 97, 98, 99, 70, 10, 16, 52, 26]",9
7706,"[0, 97, 98, 99, 74, 77, 91]",7
7707,"[0, 97, 98, 99, 74, 77, 83, 91]",8
7708,"[0, 97, 98, 99, 74, 77, 83, 91]",8
7709,"[0, 97, 98, 99, 74, 77, 91]",7
7710,"[0, 97, 98, 99, 74, 77, 91]",7
7711,"[0, 97, 98, 99, 74, 77, 83, 91]",8
7712,"[0, 97, 98, 99, 74, 77, 91]",7
7713,"[0, 97, 98, 99, 77, 52, 91]",7
7714,"[0, 74, 13, 87, 23, 29, 32, 97, 98, 99, 37, 42]",12
7715,"[0, 70, 74, 23, 93, 29, 97, 98, 35, 99, 46]",11
7716,"[0, 70, 77, 16, 20, 26, 91, 97, 98, 99]",10
7717,"[0, 74, 91, 29, 97, 98, 99, 37, 43, 44]",10
7718,"[0, 74, 23, 29, 93, 32, 97, 98, 35, 99, 37, 46]",12
7719,"[0, 97, 98, 99, 74, 77, 91]",7
7720,"[0, 70, 77, 16, 20, 26, 91, 97, 98, 99]",10
7721,"[0, 69, 70, 74, 77, 91, 97, 98, 99, 50]",10
7722,"[0, 97, 98, 99, 74, 77, 91]",7
7723,"[0, 74, 13, 23, 91, 29, 97, 98, 99, 37, 42]",11
7724,"[0, 97, 98, 99, 74, 23]",6
7725,"[0, 97, 98, 99, 74, 77, 83, 91]",8
7726,"[0, 97, 98, 99, 74, 77, 91]",7
7727,"[0, 97, 98, 99, 74, 77, 91]",7
7728,"[0, 97, 98, 99, 74, 77, 83, 91]",8
7729,"[0, 74, 13, 87, 23, 29, 32, 97, 98, 99, 37, 42, 57]",13
7730,"[0, 97, 98, 99, 74, 20, 23]",7
7731,"[0, 97, 98, 99, 74, 77, 50, 91]",8
7732,"[0, 97, 98, 99, 77, 52, 91]",7
7733,"[0, 97, 98, 99, 74, 77, 91]",7
7734,"[0, 97, 98, 99, 74, 23]",6
7735,"[0, 97, 98, 99, 74, 23, 29]",7
7736,"[0, 70, 77, 16, 20, 26, 91, 97, 98, 99]",10
7737,"[0, 69, 70, 77, 19, 91, 97, 98, 99, 46, 50]",11
7738,"[0, 69, 70, 77, 29, 97, 98, 99, 50, 52]",10
7739,"[0, 74, 13, 23, 29, 32, 97, 98, 99, 37, 42, 57]",12
7740,"[0, 97, 98, 99, 74, 77, 91]",7
7741,"[0, 97, 98, 99, 74, 77, 91]",7
7742,"[0, 74, 13, 23, 87, 29, 32, 97, 98, 99, 37, 42, 57]",13
7743,"[0, 97, 98, 99, 77, 46, 50, 19, 91]",9
7744,"[0, 69, 70, 77, 16, 19, 26, 91, 29, 97, 98, 99, 46, 50]",14
7745,"[0, 32, 98, 97, 99, 37, 74, 23, 29]",9
7746,"[0, 97, 98, 99, 74, 83, 53, 23, 29]",9
7747,"[0, 32, 98, 97, 99, 37, 74, 23, 29]",9
7748,"[0, 97, 98, 99, 74, 77, 91]",7
7749,"[0, 74, 13, 87, 23, 29, 32, 97, 98, 99, 37, 42]",12
7750,"[0, 74, 13, 23, 87, 29, 32, 97, 98, 99, 37, 42, 57]",13
7751,"[0, 11, 13, 77, 83, 97, 98, 99, 37, 42]",10
7752,"[0, 74, 13, 87, 23, 91, 29, 97, 98, 99, 37, 42, 57]",13
7753,"[0, 70, 74, 77, 16, 20, 91, 97, 98, 99]",10
7754,"[0, 74, 77, 83, 23, 91, 29, 97, 98, 99, 53]",11
7755,"[0, 97, 98, 99, 74, 77, 83, 91]",8
7756,"[0, 70, 77, 16, 20, 26, 91, 97, 98, 99, 50]",11
7757,"[0, 69, 70, 77, 19, 91, 29, 97, 98, 99, 46]",11
7758,"[0, 69, 70, 77, 16, 20, 26, 91, 97, 98, 99, 50]",12
7759,"[0, 97, 98, 99, 74, 77, 91]",7
7760,"[0, 97, 98, 99, 74, 77, 91]",7
7761,"[0, 74, 11, 83, 29, 97, 98, 99, 37, 53]",10
7762,"[0, 74, 23, 91, 29, 32, 97, 98, 99, 37, 53]",11
7763,"[0, 69, 70, 77, 19, 91, 97, 98, 99, 46]",10
7764,"[0, 69, 70, 77, 19, 91, 29, 97, 98, 99, 46]",11
7765,"[0, 97, 98, 99, 74, 42, 13, 91, 29]",9
7766,"[0, 74, 13, 23, 29, 32, 97, 98, 99, 37, 42]",11
7767,"[0, 97, 98, 99, 74, 77, 83, 91]",8
7768,"[0, 11, 13, 83, 91, 97, 98, 99, 37, 42]",10
7769,"[0, 74, 13, 14, 83, 29, 94, 97, 98, 99, 44, 53]",12
7770,"[0, 97, 98, 99, 74, 77, 91]",7
7771,"[0, 97, 98, 99, 77, 52, 57, 91, 29]",9
7772,"[0, 97, 98, 99, 74, 77, 91]",7
7773,"[0, 74, 13, 23, 29, 32, 97, 98, 99, 37, 42, 57]",12
7774,"[0, 69, 70, 77, 16, 20, 26, 91, 29, 97, 98, 99]",12
7775,"[0, 97, 98, 99, 74, 77, 91]",7
7776,"[0, 32, 97, 98, 99, 37, 74, 23, 29]",9
7777,"[0, 97, 98, 99, 74, 77, 83, 91]",8
7778,"[0, 70, 77, 16, 20, 26, 91, 29, 97, 98, 99, 50]",12
7779,"[0, 97, 98, 99, 74, 77, 83, 91]",8
7780,"[0, 97, 98, 99, 74, 77, 83, 91]",8
7781,"[0, 69, 70, 77, 19, 91, 29, 97, 98, 99, 46]",11
7782,"[0, 70, 74, 23, 29, 93, 97, 98, 35, 99, 46, 57]",12
7783,"[0, 69, 70, 77, 19, 91, 29, 97, 98, 99, 46]",11
7784,"[0, 97, 98, 99, 74, 77, 83, 91]",8
7785,"[0, 97, 98, 99, 37, 74, 91, 29]",8
7786,"[0, 70, 77, 16, 20, 26, 91, 29, 97, 98, 99]",11
7787,"[0, 64, 74, 77, 13, 91, 97, 98, 99, 42]",10
7788,"[0, 97, 98, 99, 74, 77, 91]",7
7789,"[0, 69, 70, 77, 19, 91, 97, 98, 99, 46]",10
7790,"[0, 97, 98, 99, 74, 77, 83, 91]",8
7791,"[0, 97, 98, 99, 69, 70, 77, 91, 29]",9
7792,"[0, 32, 98, 97, 99, 37, 74, 23, 29]",9
7793,"[0, 97, 98, 99, 74, 77, 83, 91]",8
7794,"[0, 74, 13, 23, 29, 32, 97, 98, 99, 37, 42, 57]",12
7795,"[0, 70, 77, 16, 20, 26, 91, 97, 98, 99]",10
7796,"[0, 97, 98, 99, 74, 77, 91]",7
7797,"[0, 12, 77, 19, 26, 91, 29, 97, 98, 99, 46]",11
7798,"[0, 97, 98, 99, 74, 77, 91]",7
7799,"[0, 74, 23, 91, 29, 32, 97, 98, 99, 37, 53]",11
7800,"[0, 97, 98, 99, 77, 46, 19, 91, 29]",9
7801,"[0, 32, 98, 97, 99, 37, 74, 23, 29]",9
7802,"[0, 97, 98, 99, 74, 77, 83, 91]",8
7803,"[0, 32, 98, 97, 99, 37, 74, 23, 29]",9
7804,"[0, 97, 98, 99, 74, 83, 53, 29]",8
7805,"[0, 70, 77, 16, 20, 26, 91, 97, 98, 99]",10
7806,"[0, 97, 98, 99, 74, 77, 83, 91]",8
7807,"[0, 97, 98, 99, 74, 77, 91]",7
7808,"[0, 70, 77, 16, 20, 26, 91, 97, 98, 99]",10
7809,"[0, 97, 98, 99, 37, 74, 91, 29]",8
7810,"[0, 74, 13, 87, 23, 29, 32, 97, 98, 99, 37, 42, 57]",13
7811,"[0, 69, 70, 74, 77, 91, 97, 98, 99, 50]",10
7812,"[0, 70, 77, 16, 20, 26, 91, 29, 97, 98, 99]",11
7813,"[0, 97, 98, 99, 74, 77, 91]",7
7814,"[0, 97, 98, 99, 74, 77, 83, 91]",8
7815,"[0, 74, 13, 83, 29, 97, 98, 99, 44, 53]",10
7816,"[0, 74, 13, 23, 29, 32, 97, 98, 99, 37, 42, 57]",12
7817,"[0, 97, 98, 99, 74, 77, 91]",7
7818,"[0, 70, 77, 16, 20, 26, 91, 97, 98, 99, 50]",11
7819,"[0, 97, 98, 99, 69, 70, 77, 20]",8
7820,"[0, 32, 98, 97, 99, 37, 74, 23, 29]",9
7821,"[0, 32, 97, 98, 99, 37, 74, 23, 29]",9
7822,"[0, 70, 74, 23, 29, 93, 97, 98, 35, 99, 46]",11
7823,"[0, 97, 98, 99, 77, 46, 19, 91, 29]",9
7824,"[0, 70, 77, 16, 20, 26, 91, 97, 98, 99]",10
7825,"[0, 74, 13, 23, 87, 29, 32, 97, 98, 99, 37, 42, 57]",13
7826,"[0, 70, 77, 16, 20, 26, 91, 29, 97, 98, 99]",11
7827,"[0, 74, 13, 23, 29, 32, 97, 98, 99, 37, 42]",11
7828,"[0, 32, 97, 98, 99, 37, 74, 23, 29]",9
7829,"[0, 97, 98, 99, 74, 77, 83, 91]",8
7830,"[0, 97, 98, 99, 74, 42, 13, 91, 29]",9
7831,"[0, 97, 98, 99, 74, 77, 91]",7
7832,"[0, 69, 70, 77, 19, 91, 97, 98, 99, 46, 50]",11
7833,"[0, 97, 98, 99, 74, 77, 91]",7
7834,"[0, 97, 98, 99, 77, 52, 91]",7
7835,"[0, 74, 91, 29, 97, 98, 99, 37, 43, 44]",10
7836,"[0, 70, 77, 16, 20, 26, 91, 97, 98, 99]",10
7837,"[0, 74, 13, 23, 87, 29, 32, 97, 98, 99, 37, 42, 57]",13
7838,"[0, 69, 70, 77, 19, 91, 29, 97, 98, 99, 46]",11
7839,"[0, 74, 23, 91, 29, 32, 97, 98, 99, 37, 53]",11
7840,"[0, 32, 97, 98, 99, 37, 74, 23, 29]",9
7841,"[0, 74, 23, 29, 93, 97, 98, 35, 99, 46]",10
7842,"[0, 97, 98, 99, 74, 77, 83, 91]",8
7843,"[0, 69, 70, 77, 19, 91, 97, 98, 99, 46, 49, 50]",12
7844,"[0, 97, 98, 99, 74, 77, 91]",7
7845,"[0, 97, 98, 99, 77, 52, 91]",7
7846,"[0, 70, 77, 16, 20, 26, 91, 97, 98, 99, 50]",11
7847,"[0, 74, 13, 87, 23, 29, 32, 97, 98, 99, 37, 42, 57]",13
7848,"[0, 74, 13, 14, 83, 29, 94, 97, 98, 99, 44, 53]",12
7849,"[0, 97, 98, 99, 74, 77, 83, 91]",8
7850,"[0, 97, 98, 99, 69, 70, 77, 91, 29]",9
7851,"[0, 74, 77, 83, 23, 29, 32, 97, 98, 99, 37, 53]",12
7852,"[0, 70, 77, 16, 20, 26, 91, 97, 98, 99]",10
7853,"[0, 97, 98, 99, 74, 77, 91]",7
7854,"[0, 97, 98, 99, 74, 77, 83, 91]",8
7855,"[0, 74, 13, 23, 29, 32, 97, 98, 99, 37, 42, 57]",12
7856,"[0, 74, 13, 23, 87, 29, 32, 97, 98, 99, 37, 42]",12
7857,"[0, 97, 98, 99, 74, 77, 91]",7
7858,"[0, 64, 74, 77, 13, 91, 97, 98, 99, 42]",10
7859,"[0, 69, 70, 77, 19, 29, 97, 98, 99, 46]",10
7860,"[0, 69, 70, 77, 19, 91, 29, 97, 98, 99, 46]",11
7861,"[0, 97, 98, 99, 74, 77, 83, 91]",8
7862,"[0, 69, 70, 77, 19, 91, 29, 97, 98, 99, 46, 50]",12
7863,"[0, 70, 74, 13, 23, 29, 97, 98, 99, 42, 57]",11
7864,"[0, 97, 98, 99, 74, 77, 91]",7
7865,"[0, 70, 77, 16, 20, 26, 91, 97, 98, 99, 50]",11
7866,"[0, 97, 98, 99, 74, 77, 83, 91]",8
7867,"[0, 69, 70, 77, 19, 91, 97, 98, 99, 46, 50]",11
7868,"[0, 97, 98, 99, 74, 77, 91]",7
7869,"[0, 97, 98, 99, 77, 46, 19, 91, 29]",9
7870,"[0, 97, 98, 99, 70, 10, 16, 52, 26]",9
7871,"[0, 97, 98, 99, 74, 23]",6
7872,"[0, 97, 98, 99, 74, 83, 53, 23, 29]",9
7873,"[0, 74, 13, 23, 87, 29, 32, 97, 98, 99, 37, 42]",12
7874,"[0, 97, 98, 99, 74, 77, 91]",7
7875,"[0, 97, 98, 99, 74, 77, 91]",7
7876,"[0, 32, 98, 34, 99, 97, 8, 20]",8
7877,"[0, 74, 13, 87, 23, 29, 32, 97, 98, 99, 37, 42]",12
7878,"[0, 74, 23, 91, 29, 32, 97, 98, 99, 37]",10
7879,"[0, 97, 98, 99, 74, 77, 91]",7
7880,"[0, 97, 98, 99, 74, 83, 53, 29]",8
7881,"[0, 97, 98, 99, 74, 77, 91]",7
7882,"[0, 11, 77, 13, 83, 91, 97, 98, 99, 37, 42]",11
7883,"[0, 70, 10, 77, 16, 83, 26, 97, 98, 99, 52]",11
7884,"[0, 97, 98, 99, 74, 23, 29]",7
7885,"[0, 97, 98, 99, 74, 77, 91]",7
7886,"[0, 97, 98, 99, 74, 77, 83, 91]",8
7887,"[0, 97, 98, 99, 74, 77, 91]",7
7888,"[0, 97, 98, 99, 74, 20, 23]",7
7889,"[0, 97, 98, 99, 74, 23]",6
7890,"[0, 97, 98, 99, 74, 53, 23, 91, 29]",9
7891,"[0, 97, 98, 99, 74, 77, 91]",7
7892,"[0, 74, 13, 23, 87, 29, 32, 97, 98, 99, 37, 42, 57]",13
7893,"[0, 74, 13, 23, 29, 32, 97, 98, 99, 37, 42]",11
7894,"[0, 97, 98, 99, 77, 52, 57, 91]",8
7895,"[0, 70, 77, 16, 20, 26, 91, 97, 98, 99, 50]",11
7896,"[0, 97, 98, 99, 74, 77, 91]",7
7897,"[0, 97, 98, 99, 74, 77, 83, 91]",8
7898,"[0, 97, 98, 99, 74, 77, 91]",7
7899,"[0, 97, 98, 99, 74, 77, 83, 91]",8
7900,"[0, 97, 98, 99, 74, 77, 50, 91]",8
7901,"[0, 74, 23, 91, 29, 32, 97, 98, 99, 37]",10
7902,"[0, 74, 13, 23, 87, 29, 32, 97, 98, 99, 37, 42]",12
7903,"[0, 69, 70, 12, 77, 19, 26, 91, 29, 97, 98, 99, 46]",13
7904,"[0, 32, 98, 97, 99, 37, 74, 23, 29]",9
7905,"[0, 97, 98, 99, 74, 77, 91]",7
7906,"[0, 97, 98, 99, 74, 77, 83, 91]",8
7907,"[0, 97, 98, 99, 74, 77, 83, 91]",8
7908,"[0, 11, 77, 13, 83, 97, 98, 99, 37, 42]",10
7909,"[0, 97, 98, 99, 74, 77, 83, 91]",8
7910,"[0, 97, 98, 99, 74, 77, 83, 91]",8
7911,"[0, 97, 98, 99, 74, 77, 83, 91]",8
7912,"[0, 69, 70, 77, 19, 91, 29, 97, 98, 99, 46]",11
7913,"[0, 70, 77, 16, 20, 26, 91, 97, 98, 99]",10
7914,"[0, 97, 98, 99, 74, 77, 91]",7
7915,"[0, 74, 13, 23, 29, 32, 97, 98, 99, 37, 42]",11
7916,"[0, 97, 98, 99, 42, 13, 77, 83]",8
7917,"[0, 97, 98, 99, 77, 52, 57, 91]",8
7918,"[0, 97, 98, 99, 74, 77, 91]",7
7919,"[0, 97, 98, 99, 74, 77, 91]",7
7920,"[0, 69, 70, 77, 19, 91, 97, 98, 99, 46, 50]",11
7921,"[0, 97, 98, 99, 74, 77, 83, 91]",8
7922,"[0, 74, 13, 23, 87, 29, 32, 97, 98, 99, 37, 42]",12
7923,"[0, 69, 70, 77, 16, 19, 26, 91, 97, 98, 99, 46, 49, 50]",14
7924,"[0, 69, 70, 77, 29, 97, 98, 99, 50, 52]",10
7925,"[0, 74, 13, 23, 87, 29, 32, 97, 98, 99, 37, 42, 57]",13
7926,"[0, 97, 98, 99, 74, 77, 91]",7
7927,"[0, 70, 77, 16, 20, 26, 91, 97, 98, 99]",10
7928,"[0, 12, 77, 19, 26, 91, 29, 97, 98, 99, 46]",11
7929,"[0, 97, 98, 99, 77, 46, 19, 91, 29]",9
7930,"[0, 97, 98, 99, 74, 20, 23]",7
7931,"[0, 74, 11, 83, 29, 97, 98, 99, 37, 53]",10
7932,"[0, 74, 13, 23, 91, 29, 97, 98, 99, 37, 42]",11
7933,"[0, 69, 70, 77, 16, 20, 26, 91, 29, 97, 98, 99]",12
7934,"[0, 74, 23, 91, 29, 32, 97, 98, 99, 37, 53]",11
7935,"[0, 97, 98, 99, 74, 77, 83, 91]",8
7936,"[0, 69, 70, 77, 19, 91, 97, 98, 99, 46]",10
7937,"[0, 74, 13, 23, 87, 29, 32, 97, 98, 99, 37, 42, 57]",13
7938,"[0, 97, 98, 99, 74, 77, 91]",7
7939,"[0, 69, 70, 77, 19, 91, 29, 97, 98, 99, 46, 50]",12
7940,"[0, 97, 98, 99, 74, 77, 91]",7
7941,"[0, 69, 70, 77, 19, 91, 97, 98, 99, 46, 50]",11
7942,"[0, 69, 70, 77, 19, 91, 97, 98, 99, 46]",10
7943,"[0, 97, 98, 99, 74, 77, 20, 91]",8
7944,"[0, 74, 13, 23, 87, 91, 29, 97, 98, 99, 37, 42]",12
7945,"[0, 97, 98, 99, 74, 77, 91]",7
7946,"[0, 97, 98, 99, 74, 77, 91]",7
7947,"[0, 97, 98, 99, 74, 77, 83, 91]",8
7948,"[0, 11, 77, 13, 83, 91, 97, 98, 99, 37, 42]",11
7949,"[0, 70, 74, 23, 93, 29, 97, 98, 35, 99, 46, 57]",12
7950,"[0, 69, 70, 77, 19, 91, 29, 97, 98, 99, 46]",11
7951,"[0, 97, 98, 99, 37, 74, 91, 29]",8
7952,"[0, 97, 98, 99, 74, 77, 91]",7
7953,"[0, 97, 98, 99, 74, 77, 91]",7
7954,"[0, 97, 98, 99, 74, 77, 91]",7
7955,"[0, 97, 98, 99, 74, 77, 91]",7
7956,"[0, 97, 98, 99, 74, 77, 83, 91]",8
7957,"[0, 74, 13, 23, 29, 32, 97, 98, 99, 37, 42, 57]",12
7958,"[0, 97, 98, 99, 74, 77, 91]",7
7959,"[0, 74, 13, 23, 87, 29, 32, 97, 98, 99, 37, 42]",12
7960,"[0, 97, 98, 99, 74, 77, 83, 91]",8
7961,"[0, 97, 98, 99, 74, 77, 20, 91]",8
7962,"[0, 97, 98, 99, 84, 20]",6
7963,"[0, 74, 13, 87, 23, 29, 32, 97, 98, 99, 37, 42]",12
7964,"[0, 69, 70, 77, 29, 97, 98, 99, 50, 52]",10
7965,"[0, 97, 98, 99, 74, 77, 91]",7
7966,"[0, 97, 98, 99, 74, 77, 52, 91]",8
7967,"[0, 70, 77, 16, 20, 26, 91, 97, 98, 99]",10
7968,"[0, 97, 98, 99, 74, 77, 91]",7
7969,"[0, 74, 13, 23, 29, 32, 97, 98, 99, 37, 42]",11
7970,"[0, 74, 13, 23, 91, 29, 32, 97, 98, 99, 37, 42]",12
7971,"[0, 32, 97, 98, 99, 37, 74, 23, 29]",9
7972,"[0, 69, 70, 77, 91, 29, 97, 98, 99, 50, 52]",11
7973,"[0, 97, 98, 99, 77, 83, 52, 57, 91]",9
7974,"[0, 97, 98, 99, 74, 77, 91]",7
7975,"[0, 69, 70, 77, 16, 20, 26, 91, 97, 98, 99, 50]",12
7976,"[0, 64, 74, 77, 13, 83, 91, 97, 98, 99, 42]",11
7977,"[0, 74, 13, 23, 91, 29, 32, 97, 98, 99, 37, 42]",12
7978,"[0, 74, 13, 87, 23, 29, 32, 97, 98, 99, 37, 42, 57]",13
7979,"[0, 32, 98, 97, 99, 37, 74, 23, 29]",9
7980,"[0, 97, 98, 99, 74, 77, 83, 91]",8
7981,"[0, 97, 98, 99, 74, 77, 91]",7
7982,"[0, 97, 98, 99, 74, 77, 91]",7
7983,"[0, 97, 98, 99, 77, 52, 91]",7
7984,"[0, 97, 98, 99, 77, 46, 19, 91, 29]",9
7985,"[0, 74, 13, 87, 23, 29, 32, 97, 98, 99, 37, 42]",12
7986,"[0, 97, 98, 99, 74, 77, 91]",7
7987,"[0, 74, 13, 23, 93, 29, 97, 98, 35, 99, 42, 46]",12
7988,"[0, 74, 77, 83, 23, 91, 29, 97, 98, 99, 53]",11
7989,"[0, 69, 70, 74, 77, 91, 97, 98, 99, 50]",10
7990,"[0, 97, 98, 99, 74, 83, 53, 29]",8
7991,"[0, 97, 98, 99, 74, 83, 53, 29]",8
7992,"[0, 97, 98, 99, 74, 77, 83, 91]",8
7993,"[0, 97, 98, 99, 91]",5
7994,"[0, 97, 98, 99, 74, 23]",6
7995,"[0, 69, 70, 77, 19, 91, 97, 98, 99, 46, 50]",11
7996,"[0, 74, 13, 14, 83, 29, 94, 97, 98, 99, 44, 53]",12
7997,"[0, 97, 98, 99, 74, 77, 91]",7
7998,"[0, 97, 98, 99, 74, 77, 91]",7
7999,"[0, 97, 98, 99, 74, 77, 83, 91]",8
8000,"[0, 97, 98, 99, 74, 77, 83, 91, 29]",9
8001,"[0, 97, 98, 99, 74, 77, 91]",7
8002,"[0, 69, 70, 77, 16, 20, 26, 91, 29, 97, 98, 99]",12
8003,"[0, 69, 70, 77, 19, 91, 97, 98, 99, 46, 49, 50]",12
8004,"[0, 97, 98, 99, 74, 83, 53, 29]",8
8005,"[0, 74, 77, 83, 23, 29, 32, 97, 98, 99, 37, 53]",12
8006,"[0, 69, 70, 74, 77, 91, 97, 98, 99, 50]",10
8007,"[0, 74, 13, 23, 91, 29, 97, 98, 99, 37, 42]",11
8008,"[0, 69, 70, 77, 19, 91, 97, 98, 99, 46, 50]",11
8009,"[0, 97, 98, 99, 74, 77, 91]",7
8010,"[0, 70, 77, 16, 20, 26, 91, 97, 98, 99, 50]",11
8011,"[0, 97, 98, 99, 74, 77, 83, 91]",8
8012,"[0, 69, 70, 77, 19, 91, 97, 98, 99, 46, 50]",11
8013,"[0, 74, 13, 23, 29, 32, 97, 98, 99, 37, 42, 57]",12
8014,"[0, 97, 98, 99, 74]",5
8015,"[0, 97, 98, 99, 74, 77, 83, 91]",8
8016,"[0, 74, 13, 87, 23, 91, 29, 97, 98, 99, 37, 42]",12
8017,"[0, 97, 98, 99, 74, 77, 91]",7
8018,"[0, 97, 98, 99, 74, 77, 83, 91]",8
8019,"[0, 74, 13, 83, 29, 97, 98, 99, 44, 45, 53]",11
8020,"[0, 97, 98, 99, 74, 77, 83, 91]",8
8021,"[0, 74, 87, 23, 91, 29, 32, 97, 98, 99, 37]",11
8022,"[0, 70, 77, 16, 20, 26, 91, 97, 98, 99, 50]",11
8023,"[0, 97, 98, 99, 74, 77, 91]",7
8024,"[0, 69, 70, 77, 19, 91, 29, 97, 98, 99, 46]",11
8025,"[0, 97, 98, 99, 74, 77, 91]",7
8026,"[0, 74, 13, 87, 23, 29, 32, 97, 98, 99, 37, 42, 57]",13
8027,"[0, 97, 98, 99, 74, 77, 91]",7
8028,"[0, 69, 70, 77, 19, 91, 97, 98, 99, 46, 49, 50]",12
8029,"[0, 70, 77, 16, 20, 26, 91, 97, 98, 99, 50]",11
8030,"[0, 69, 70, 77, 16, 83, 22, 26, 97, 98, 99]",11
8031,"[0, 97, 32, 98, 99, 37, 74, 91, 29]",9
8032,"[0, 32, 98, 99, 97, 69, 70, 77, 20]",9
8033,"[0, 70, 77, 16, 20, 26, 91, 97, 98, 99]",10
8034,"[0, 69, 70, 77, 16, 20, 26, 91, 97, 98, 99, 50]",12
8035,"[0, 97, 98, 99, 77, 46, 50, 19, 91]",9
8036,"[0, 69, 70, 77, 19, 91, 29, 97, 98, 99, 46]",11
8037,"[0, 70, 77, 16, 20, 26, 91, 97, 98, 99]",10
8038,"[0, 97, 98, 99, 74, 77, 83, 91]",8
8039,"[0, 97, 98, 99, 74, 77, 91]",7
8040,"[0, 70, 77, 16, 20, 26, 91, 97, 98, 99]",10
8041,"[0, 11, 77, 13, 83, 91, 97, 98, 99, 37, 42]",11
8042,"[0, 97, 98, 99, 74, 77, 91]",7
8043,"[0, 97, 98, 99, 74, 77, 83, 91]",8
8044,"[0, 97, 98, 99, 74, 23]",6
8045,"[0, 97, 98, 99, 42, 13, 77, 83, 91]",9
8046,"[0, 97, 98, 99, 74, 20, 23]",7
8047,"[0, 69, 70, 77, 19, 29, 97, 98, 99, 46]",10
8048,"[0, 97, 98, 99, 74, 77, 83, 53, 29]",9
8049,"[0, 97, 98, 99, 74, 77, 20, 91]",8
8050,"[0, 97, 98, 99, 74, 77, 50, 91]",8
8051,"[0, 97, 98, 99, 74, 23, 29]",7
8052,"[0, 32, 97, 98, 99, 37, 74, 23, 29]",9
8053,"[0, 70, 77, 16, 20, 26, 91, 97, 98, 99]",10
8054,"[0, 69, 70, 77, 19, 29, 97, 98, 99, 46, 49, 50]",12
8055,"[0, 74, 87, 23, 91, 29, 32, 97, 98, 99, 37, 53]",12
8056,"[0, 74, 23, 91, 29, 32, 97, 98, 99, 37]",10
8057,"[0, 70, 77, 16, 20, 26, 91, 97, 98, 99, 50]",11
8058,"[0, 97, 98, 99, 74, 77, 83, 91]",8
8059,"[0, 97, 98, 99, 74, 77, 83, 91]",8
8060,"[0, 97, 98, 99, 74, 77, 91]",7
8061,"[0, 74, 23, 91, 29, 32, 97, 98, 99, 37]",10
8062,"[0, 69, 70, 77, 19, 91, 97, 98, 99, 46, 50]",11
8063,"[0, 97, 98, 99, 74, 77, 91]",7
8064,"[0, 74, 13, 23, 87, 29, 32, 97, 98, 99, 37, 42]",12
8065,"[0, 11, 77, 13, 83, 91, 97, 98, 99, 37, 42]",11
8066,"[0, 97, 98, 99, 37, 74, 91, 29]",8
8067,"[0, 97, 98, 99, 74, 77, 91]",7
8068,"[0, 97, 98, 99, 74, 77, 91]",7
8069,"[0, 97, 98, 99, 74, 77, 91]",7
8070,"[0, 97, 98, 99, 74, 77, 91]",7
8071,"[0, 97, 32, 98, 99, 37, 74, 91, 29]",9
8072,"[0, 74, 77, 83, 23, 29, 97, 98, 99, 53]",10
8073,"[0, 97, 98, 99, 74, 77, 83, 91]",8
8074,"[0, 97, 98, 99, 74]",5
8075,"[0, 32, 97, 98, 99, 37, 74, 23, 29]",9
8076,"[0, 32, 98, 97, 99, 37, 74, 23, 29]",9
8077,"[0, 69, 70, 77, 19, 91, 97, 98, 99, 46, 50]",11
8078,"[0, 11, 77, 13, 83, 91, 97, 98, 99, 37, 42]",11
8079,"[0, 97, 98, 99, 74, 77, 91]",7
8080,"[0, 74, 13, 23, 87, 29, 32, 97, 98, 99, 37, 42, 57]",13
8081,"[0, 74, 23, 29, 93, 32, 97, 98, 35, 99, 37, 46]",12
8082,"[0, 97, 98, 99, 74, 77, 91]",7
8083,"[0, 97, 98, 99, 77, 52, 57, 91]",8
8084,"[0, 69, 70, 77, 19, 91, 29, 97, 98, 99, 46]",11
8085,"[0, 74, 23, 91, 29, 32, 97, 98, 99, 37]",10
8086,"[0, 74, 14, 83, 29, 97, 98, 99, 37, 53]",10
8087,"[0, 97, 98, 99, 74, 23]",6
8088,"[0, 74, 13, 23, 91, 29, 32, 97, 98, 99, 37, 42]",12
8089,"[0, 70, 16, 22, 26, 97, 98, 99, 52, 57]",10
8090,"[0, 97, 98, 99, 74, 77, 91]",7
8091,"[0, 97, 98, 99, 74, 77, 83, 91]",8
8092,"[0, 74, 77, 83, 29, 32, 97, 98, 99, 37, 53]",11
8093,"[0, 74, 13, 23, 87, 29, 32, 97, 98, 99, 37, 42, 57]",13
8094,"[0, 97, 98, 99, 74, 77, 83, 91]",8
8095,"[0, 97, 98, 99, 74, 77, 91]",7
8096,"[0, 97, 98, 99, 77, 46, 19, 91, 29]",9
8097,"[0, 69, 70, 77, 19, 91, 97, 98, 99, 46, 50]",11
8098,"[0, 69, 70, 77, 19, 91, 97, 98, 99, 46]",10
8099,"[0, 97, 98, 99, 74, 20, 23]",7
8100,"[0, 74, 77, 83, 91, 93, 97, 98, 35, 99, 46]",11
8101,"[0, 97, 98, 99, 74, 77, 83, 91]",8
8102,"[0, 74, 13, 23, 29, 93, 97, 98, 35, 99, 42, 46]",12
8103,"[0, 32, 97, 98, 99, 37, 74, 23, 29]",9
8104,"[0, 97, 98, 99, 74, 77, 83, 91]",8
8105,"[0, 69, 70, 77, 16, 20, 26, 91, 29, 97, 98, 99]",12
8106,"[0, 69, 70, 77, 19, 29, 97, 98, 99, 46, 49, 50]",12
8107,"[0, 97, 98, 99, 74, 77, 83, 91]",8
8108,"[0, 69, 70, 77, 16, 20, 26, 91, 97, 98, 99, 50]",12
8109,"[0, 97, 98, 99, 74, 77, 83, 53, 29]",9
8110,"[0, 97, 98, 99, 74, 77, 91]",7
8111,"[0, 32, 97, 98, 99, 37, 74, 91, 29]",9
8112,"[0, 97, 98, 99, 74, 77, 52, 91]",8
8113,"[0, 97, 98, 99, 74, 77, 83, 91]",8
8114,"[0, 97, 98, 99, 74, 77, 91]",7
8115,"[0, 74, 23, 87, 91, 29, 32, 97, 98, 99, 37, 53]",12
8116,"[0, 97, 98, 99, 74, 77, 91]",7
8117,"[0, 69, 70, 77, 19, 91, 97, 98, 99, 46, 50]",11
8118,"[0, 74, 13, 23, 91, 29, 32, 97, 98, 99, 37, 42]",12
8119,"[0, 74, 13, 87, 23, 29, 32, 97, 98, 99, 37, 42, 57]",13
8120,"[0, 74, 13, 23, 29, 32, 97, 98, 99, 37, 42, 57]",12
8121,"[0, 97, 98, 99, 74, 77, 83, 91]",8
8122,"[0, 97, 98, 99, 74, 77, 83, 91, 29]",9
8123,"[0, 97, 98, 99, 74, 77, 91]",7
8124,"[0, 97, 98, 99, 74, 77, 91]",7
8125,"[0, 74, 13, 23, 87, 29, 32, 97, 98, 99, 37, 42, 57]",13
8126,"[0, 69, 70, 77, 19, 29, 97, 98, 99, 46]",10
8127,"[0, 97, 98, 99, 77, 83, 52, 57, 91]",9
8128,"[0, 74, 13, 23, 91, 29, 32, 97, 98, 99, 37, 42]",12
8129,"[0, 97, 98, 99, 74, 77, 83, 91]",8
8130,"[0, 69, 70, 77, 19, 91, 97, 98, 99, 46]",10
8131,"[0, 97, 98, 99, 74, 83, 53, 29]",8
8132,"[0, 74, 23, 91, 29, 32, 97, 98, 99, 37]",10
8133,"[0, 97, 98, 99, 74, 77, 83, 91]",8
8134,"[0, 70, 77, 16, 20, 26, 91, 97, 98, 99]",10
8135,"[0, 97, 98, 99, 74, 77, 91]",7
8136,"[0, 69, 70, 77, 19, 91, 97, 98, 99, 46, 50]",11
8137,"[0, 97, 98, 99, 91]",5
8138,"[0, 97, 98, 99, 74, 20, 23]",7
8139,"[0, 97, 98, 99, 74, 23]",6
8140,"[0, 97, 98, 99, 74, 83, 53, 29]",8
8141,"[0, 97, 98, 99, 74, 77, 91]",7
8142,"[0, 97, 98, 99, 74, 77, 91]",7
8143,"[0, 70, 77, 16, 20, 26, 91, 97, 98, 99, 50]",11
8144,"[0, 74, 13, 83, 29, 97, 98, 99, 44, 45, 53]",11
8145,"[0, 97, 98, 99, 74, 77, 83, 91]",8
8146,"[0, 70, 77, 16, 83, 26, 97, 98, 99, 52, 57]",11
8147,"[0, 97, 98, 99, 74, 77, 91]",7
8148,"[0, 11, 77, 13, 83, 91, 97, 98, 99, 37, 42]",11
8149,"[0, 69, 70, 77, 19, 91, 97, 98, 99, 46, 50]",11
8150,"[0, 69, 70, 74, 77, 91, 97, 98, 99, 50]",10
8151,"[0, 97, 98, 99, 74, 77, 83, 91]",8
8152,"[0, 74, 77, 83, 23, 29, 32, 97, 98, 99, 37, 53]",12
8153,"[0, 69, 70, 74, 77, 91, 97, 98, 99, 50]",10
8154,"[0, 97, 98, 99, 74, 77, 91]",7
8155,"[0, 97, 98, 99, 74, 77, 83, 91]",8
8156,"[0, 74, 13, 23, 87, 29, 32, 97, 98, 99, 37, 42]",12
8157,"[0, 74, 13, 23, 87, 29, 32, 97, 98, 99, 37, 42]",12
8158,"[0, 69, 70, 77, 16, 20, 26, 91, 97, 98, 99, 50]",12
8159,"[0, 70, 77, 16, 20, 26, 91, 97, 98, 99]",10
8160,"[0, 97, 98, 99, 74, 77, 91]",7
8161,"[0, 97, 98, 99, 74, 77, 91]",7
8162,"[0, 70, 77, 16, 20, 26, 91, 97, 98, 99, 50]",11
8163,"[0, 70, 16, 22, 26, 97, 98, 99, 52, 57]",10
8164,"[0, 74, 13, 23, 29, 32, 97, 98, 99, 37, 42]",11
8165,"[0, 64, 74, 13, 77, 83, 91, 97, 98, 99, 42]",11
8166,"[0, 97, 98, 99, 77, 52, 57, 91]",8
8167,"[0, 97, 98, 99, 74, 77, 83, 91]",8
8168,"[0, 97, 98, 99, 74, 77, 91]",7
8169,"[0, 69, 70, 77, 19, 91, 97, 98, 99, 46, 50]",11
8170,"[0, 69, 70, 77, 19, 91, 97, 98, 99, 46, 50]",11
8171,"[0, 97, 98, 99, 74, 77, 91]",7
8172,"[0, 74, 13, 87, 23, 29, 32, 97, 98, 99, 37, 42]",12
8173,"[0, 97, 98, 99, 74, 77, 20, 91]",8
8174,"[0, 69, 70, 77, 19, 91, 97, 98, 99, 46, 50]",11
8175,"[0, 74, 91, 29, 97, 98, 99, 37, 43, 44]",10
8176,"[0, 69, 70, 77, 16, 20, 26, 91, 97, 98, 99]",11
8177,"[0, 11, 77, 13, 83, 91, 97, 98, 99, 37, 42]",11
8178,"[0, 97, 98, 99, 77, 46, 19, 91, 29]",9
8179,"[0, 74, 13, 87, 23, 29, 32, 97, 98, 99, 37, 42, 57]",13
8180,"[0, 97, 98, 99, 74, 77, 83, 91]",8
8181,"[0, 97, 98, 99, 74, 77, 83, 91]",8
8182,"[0, 97, 98, 99, 74, 77, 83, 91]",8
8183,"[0, 97, 98, 99, 74, 23]",6
8184,"[0, 97, 98, 99, 20, 84]",6
8185,"[0, 97, 98, 99, 74, 23]",6
8186,"[0, 32, 98, 97, 99, 37, 74, 23, 29]",9
8187,"[0, 97, 98, 99, 74, 77, 91]",7
8188,"[0, 97, 98, 99, 74, 77, 91]",7
8189,"[0, 97, 98, 99, 74, 77, 83, 91]",8
8190,"[0, 32, 97, 98, 99, 37, 74, 91, 29]",9
8191,"[0, 74, 13, 87, 23, 91, 29, 97, 98, 99, 37, 42]",12
8192,"[0, 74, 77, 83, 23, 29, 97, 98, 99, 53]",10
8193,"[0, 97, 98, 99, 74, 77, 91]",7
8194,"[0, 11, 77, 13, 83, 91, 97, 98, 99, 37, 42]",11
8195,"[0, 69, 70, 12, 77, 26, 91, 29, 97, 98, 99, 50, 52]",13
8196,"[0, 97, 98, 99, 42, 13, 77, 83, 91]",9
8197,"[0, 97, 98, 99, 74, 77, 91]",7
8198,"[0, 74, 23, 87, 91, 29, 32, 97, 98, 99, 37]",11
8199,"[0, 97, 98, 99, 74, 77, 83, 91]",8
8200,"[0, 97, 98, 99, 74, 77, 91]",7
8201,"[0, 74, 13, 14, 83, 29, 94, 97, 98, 99, 44, 53]",12
8202,"[0, 97, 98, 99, 74, 77, 91]",7
8203,"[0, 74, 77, 83, 23, 29, 32, 97, 98, 99, 37, 53]",12
8204,"[0, 70, 77, 16, 20, 26, 91, 97, 98, 99]",10
8205,"[0, 32, 98, 97, 99, 37, 74, 23, 29]",9
8206,"[0, 74, 14, 83, 29, 97, 98, 99, 37, 53]",10
8207,"[0, 70, 77, 16, 20, 26, 91, 97, 98, 99, 50]",11
8208,"[0, 97, 98, 99, 74, 77, 91]",7
8209,"[0, 32, 97, 98, 99, 37, 74, 23, 29]",9
8210,"[0, 97, 98, 99, 74, 77, 91]",7
8211,"[0, 97, 98, 99, 74, 77, 91]",7
8212,"[0, 70, 77, 16, 20, 26, 91, 97, 98, 99]",10
8213,"[0, 97, 98, 99, 74, 77, 83, 91]",8
8214,"[0, 74, 13, 23, 91, 29, 97, 98, 99, 37, 42]",11
8215,"[0, 74, 13, 23, 29, 32, 97, 98, 99, 37, 42]",11
8216,"[0, 32, 98, 99, 97, 69, 70, 77, 20]",9
8217,"[0, 74, 13, 87, 23, 29, 32, 97, 98, 99, 37, 42]",12
8218,"[0, 69, 70, 77, 19, 91, 97, 98, 99, 46, 50]",11
8219,"[0, 69, 70, 77, 19, 91, 97, 98, 99, 46, 49, 50]",12
8220,"[0, 97, 98, 99, 74, 77, 91]",7
8221,"[0, 97, 98, 99, 74, 20, 23]",7
8222,"[0, 97, 98, 99, 74, 77, 91]",7
8223,"[0, 97, 98, 99, 74, 77, 91]",7
8224,"[0, 69, 70, 77, 19, 91, 29, 97, 98, 99, 46]",11
8225,"[0, 97, 98, 99, 74, 77, 91]",7
8226,"[0, 69, 70, 77, 19, 91, 97, 98, 99, 46, 49, 50]",12
8227,"[0, 70, 77, 16, 20, 26, 91, 97, 98, 99]",10
8228,"[0, 97, 98, 99, 74, 23, 29]",7
8229,"[0, 97, 98, 99, 74, 83, 53, 29]",8
8230,"[0, 74, 77, 83, 23, 91, 29, 97, 98, 99, 53]",11
8231,"[0, 32, 98, 97, 99, 37, 74, 23, 29]",9
8232,"[0, 97, 98, 99, 74, 77, 91]",7
8233,"[0, 74, 23, 93, 29, 32, 97, 98, 35, 99, 37, 46]",12
8234,"[0, 97, 98, 99, 74, 77, 83, 91]",8
8235,"[0, 97, 98, 99, 74]",5
8236,"[0, 74, 13, 23, 29, 32, 97, 98, 99, 37, 42, 57]",12
8237,"[0, 69, 70, 12, 77, 26, 29, 97, 98, 99, 50, 52]",12
8238,"[0, 97, 98, 99, 77, 46, 19, 91, 29]",9
8239,"[0, 74, 23, 91, 29, 32, 97, 98, 99, 37]",10
8240,"[0, 69, 70, 77, 19, 91, 29, 97, 98, 99, 46]",11
8241,"[0, 69, 70, 77, 19, 91, 29, 97, 98, 99, 46]",11
8242,"[0, 69, 70, 77, 19, 91, 97, 98, 99, 46, 49, 50]",12
8243,"[0, 97, 98, 99, 74, 77, 91]",7
8244,"[0, 97, 98, 99, 77, 52, 91]",7
8245,"[0, 97, 98, 99, 74, 77, 91]",7
8246,"[0, 97, 98, 99, 74, 77, 20, 91]",8
8247,"[0, 74, 13, 23, 91, 29, 32, 97, 98, 99, 37, 42]",12
8248,"[0, 74, 23, 91, 29, 32, 97, 98, 99, 37]",10
8249,"[0, 97, 98, 99, 74, 77, 83, 91]",8
8250,"[0, 74, 13, 23, 87, 29, 32, 97, 98, 99, 37, 42, 57]",13
8251,"[0, 74, 13, 23, 87, 29, 32, 97, 98, 99, 37, 42, 57]",13
8252,"[0, 74, 13, 14, 83, 29, 94, 97, 98, 99, 44, 53]",12
8253,"[0, 97, 98, 99, 74, 77, 83, 91]",8
8254,"[0, 69, 70, 77, 19, 29, 97, 98, 99, 46, 50]",11
8255,"[0, 97, 98, 99, 74, 77, 83, 91]",8
8256,"[0, 97, 98, 99, 74, 77, 20, 91]",8
8257,"[0, 97, 98, 99, 74, 83, 53, 29]",8
8258,"[0, 74, 13, 23, 29, 32, 97, 98, 99, 37, 42, 57]",12
8259,"[0, 74, 87, 23, 91, 29, 32, 97, 98, 99, 37, 53]",12
8260,"[0, 32, 98, 97, 99, 37, 74, 23, 29]",9
8261,"[0, 69, 70, 77, 19, 91, 97, 98, 99, 46, 49, 50]",12
8262,"[0, 70, 77, 16, 20, 26, 91, 97, 98, 99]",10
8263,"[0, 74, 13, 23, 91, 29, 32, 97, 98, 99, 37, 42]",12
8264,"[0, 97, 98, 99, 74, 77, 91]",7
8265,"[0, 97, 98, 99, 74, 77, 91]",7
8266,"[0, 97, 98, 99, 77, 83, 52, 57, 91]",9
8267,"[0, 97, 98, 99, 74, 23]",6
8268,"[0, 74, 13, 23, 87, 29, 32, 97, 98, 99, 37, 42]",12
8269,"[0, 69, 70, 74, 77, 91, 97, 98, 99, 50]",10
8270,"[0, 32, 98, 97, 99, 37, 74, 23, 29]",9
8271,"[0, 97, 98, 99, 74, 77, 91]",7
8272,"[0, 69, 70, 77, 19, 91, 97, 98, 99, 46, 50]",11
8273,"[0, 70, 77, 16, 20, 26, 91, 97, 98, 99]",10
8274,"[0, 97, 98, 99, 74, 77, 91]",7
8275,"[0, 69, 70, 12, 77, 26, 91, 29, 97, 98, 99, 50, 52]",13
8276,"[0, 97, 98, 99, 74, 83, 53, 29]",8
8277,"[0, 97, 98, 99, 74, 23]",6
8278,"[0, 74, 13, 23, 29, 32, 97, 98, 99, 37, 42, 57]",12
8279,"[0, 97, 98, 99, 77, 46, 19, 91, 29]",9
8280,"[0, 74, 13, 87, 23, 29, 32, 97, 98, 99, 37, 42]",12
8281,"[0, 69, 70, 77, 19, 91, 97, 98, 99, 46]",10
8282,"[0, 70, 77, 16, 20, 26, 91, 97, 98, 99]",10
8283,"[0, 97, 98, 99, 74, 77, 91]",7
8284,"[0, 97, 98, 99, 74, 77, 91]",7
8285,"[0, 74, 14, 83, 29, 97, 98, 99, 37, 43, 44, 53]",12
8286,"[0, 97, 98, 99, 42, 77, 13, 83, 91]",9
8287,"[0, 97, 98, 99, 74, 77, 91]",7
8288,"[0, 97, 98, 99, 74, 77, 91]",7
8289,"[0, 97, 98, 99, 77, 52, 57, 91]",8
8290,"[0, 97, 98, 99, 74, 77, 91]",7
8291,"[0, 97, 98, 99, 74, 83, 53, 29]",8
8292,"[0, 97, 98, 99, 74, 77, 91]",7
8293,"[0, 97, 98, 99, 74, 77, 83, 91]",8
8294,"[0, 32, 97, 98, 99, 37, 74, 23, 29]",9
8295,"[0, 74, 13, 87, 23, 91, 29, 97, 98, 99, 37, 42]",12
8296,"[0, 74, 77, 83, 23, 29, 32, 97, 98, 99, 37, 53]",12
8297,"[0, 97, 98, 99, 74, 77, 83, 91, 29]",9
8298,"[0, 74, 13, 23, 87, 29, 32, 97, 98, 99, 37, 42, 57]",13
8299,"[0, 69, 70, 77, 16, 20, 26, 91, 29, 97, 98, 99]",12
8300,"[0, 97, 98, 99, 74, 77, 91]",7
8301,"[0, 97, 98, 99, 74, 77, 91]",7
8302,"[0, 97, 98, 99, 74, 77, 91]",7
8303,"[0, 74, 13, 23, 29, 93, 97, 98, 35, 99, 42, 46, 57]",13
8304,"[0, 97, 98, 99, 74, 77, 83, 91]",8
8305,"[0, 97, 98, 99, 74, 77, 83, 91]",8
8306,"[0, 97, 98, 99, 74, 77, 83, 91]",8
8307,"[0, 97, 98, 99, 74, 77, 91]",7
8308,"[0, 97, 98, 99, 74, 77, 52, 91]",8
8309,"[0, 97, 98, 99, 74, 77, 83, 91]",8
8310,"[0, 97, 98, 99, 74, 77, 91]",7
8311,"[0, 97, 98, 99, 74, 77, 83, 91]",8
8312,"[0, 97, 98, 99, 74, 77, 91]",7
8313,"[0, 69, 70, 77, 19, 91, 97, 98, 99, 46, 49, 50]",12
8314,"[0, 97, 98, 99, 74, 77, 83, 91]",8
8315,"[0, 97, 98, 99, 74, 77, 83, 23]",8
8316,"[0, 69, 70, 77, 19, 91, 29, 97, 98, 99, 46]",11
8317,"[0, 97, 98, 99, 20, 84]",6
8318,"[0, 97, 98, 99, 74, 77, 91]",7
8319,"[0, 69, 70, 77, 19, 91, 97, 98, 99, 46, 50]",11
8320,"[0, 74, 13, 23, 87, 29, 32, 97, 98, 99, 37, 42]",12
8321,"[0, 97, 98, 99, 74, 77, 83, 91]",8
8322,"[0, 97, 98, 99, 91]",5
8323,"[0, 32, 97, 98, 99, 37, 74, 23, 29]",9
8324,"[0, 74, 13, 23, 87, 29, 32, 97, 98, 99, 37, 42, 57]",13
8325,"[0, 97, 98, 99, 74, 77, 91]",7
8326,"[0, 69, 70, 74, 77, 91, 97, 98, 99, 50]",10
8327,"[0, 74, 91, 29, 97, 98, 99, 37, 43, 44]",10
8328,"[0, 97, 98, 99, 74, 77, 20, 91]",8
8329,"[0, 74, 13, 23, 29, 32, 97, 98, 99, 37, 42]",11
8330,"[0, 97, 98, 99, 74]",5
8331,"[0, 70, 77, 16, 20, 26, 91, 97, 98, 99, 50]",11
8332,"[0, 74, 87, 23, 91, 29, 32, 97, 98, 99, 37, 57]",12
8333,"[0, 11, 77, 13, 83, 91, 97, 98, 99, 37, 42]",11
8334,"[0, 97, 98, 99, 74, 77, 83, 91]",8
8335,"[0, 97, 98, 99, 74, 77, 91]",7
8336,"[0, 70, 77, 16, 20, 26, 91, 97, 98, 99]",10
8337,"[0, 69, 70, 77, 19, 91, 97, 98, 99, 46, 50]",11
8338,"[0, 74, 23, 91, 29, 32, 97, 98, 99, 37]",10
8339,"[0, 69, 70, 77, 19, 91, 29, 97, 98, 99, 46]",11
8340,"[0, 69, 70, 77, 16, 20, 26, 91, 97, 98, 99, 50]",12
8341,"[0, 69, 70, 77, 16, 20, 26, 91, 97, 98, 99, 50]",12
8342,"[0, 97, 98, 99, 77, 46, 19, 91, 29]",9
8343,"[0, 69, 70, 77, 19, 29, 97, 98, 99, 46]",10
8344,"[0, 97, 98, 99, 74, 77, 83, 91]",8
8345,"[0, 97, 98, 99, 74, 77, 83, 91]",8
8346,"[0, 74, 23, 91, 29, 32, 97, 98, 99, 37]",10
8347,"[0, 97, 98, 99, 74, 77, 91]",7
8348,"[0, 69, 70, 77, 19, 91, 97, 98, 99, 46]",10
8349,"[0, 97, 98, 99, 74, 77, 91]",7
8350,"[0, 69, 70, 77, 19, 91, 29, 97, 98, 99, 46]",11
8351,"[0, 74, 23, 91, 29, 32, 97, 98, 99, 37]",10
8352,"[0, 74, 13, 23, 87, 29, 32, 97, 98, 99, 37, 42]",12
8353,"[0, 97, 98, 99, 74, 77, 91]",7
8354,"[0, 97, 98, 99, 74, 77, 83, 91]",8
8355,"[0, 74, 77, 83, 23, 91, 29, 97, 98, 99, 53]",11
8356,"[0, 74, 77, 83, 23, 29, 97, 98, 99, 53]",10
8357,"[0, 74, 13, 23, 91, 29, 97, 98, 99, 37, 42]",11
8358,"[0, 70, 77, 16, 20, 26, 91, 97, 98, 99]",10
8359,"[0, 97, 98, 99, 74, 77, 83, 91]",8
8360,"[0, 74, 13, 83, 29, 97, 98, 99, 44, 45, 53]",11
8361,"[0, 97, 98, 99, 74, 77, 91]",7
8362,"[0, 69, 70, 77, 19, 91, 97, 98, 99, 46, 50]",11
8363,"[0, 74, 23, 91, 29, 32, 97, 98, 99, 37]",10
8364,"[0, 97, 98, 99, 74, 77, 83, 91]",8
8365,"[0, 97, 98, 99, 74, 20, 23]",7
8366,"[0, 97, 98, 99, 74, 77, 91]",7
8367,"[0, 70, 77, 16, 83, 26, 97, 98, 99, 52, 57]",11
8368,"[0, 69, 70, 77, 16, 20, 26, 91, 97, 98, 99]",11
8369,"[0, 70, 16, 22, 26, 97, 98, 99, 52, 57]",10
8370,"[0, 97, 98, 99, 74, 20, 23]",7
8371,"[0, 97, 98, 99, 74, 77, 83, 91]",8
8372,"[0, 97, 98, 99, 77, 52, 57, 91]",8
8373,"[0, 97, 98, 99, 74, 77, 91]",7
8374,"[0, 74, 77, 83, 23, 29, 32, 97, 98, 99, 37, 53]",12
8375,"[0, 74, 13, 87, 23, 91, 29, 32, 97, 98, 99, 37, 42]",13
8376,"[0, 97, 98, 99, 74, 77, 91]",7
8377,"[0, 74, 13, 23, 29, 32, 97, 98, 99, 37, 42]",11
8378,"[0, 32, 97, 98, 99, 37, 74, 23, 29]",9
8379,"[0, 69, 70, 77, 19, 91, 97, 98, 99, 46, 50]",11
8380,"[0, 64, 74, 77, 13, 83, 91, 97, 98, 99, 42]",11
8381,"[0, 97, 98, 99, 74, 77, 83, 91]",8
8382,"[0, 69, 70, 77, 19, 91, 97, 98, 99, 46, 49, 50]",12
8383,"[0, 97, 98, 99, 74, 77, 91]",7
8384,"[0, 70, 77, 16, 20, 26, 91, 97, 98, 99, 50]",11
8385,"[0, 74, 13, 23, 87, 29, 32, 97, 98, 99, 37, 42, 57]",13
8386,"[0, 97, 98, 99, 74, 77, 91]",7
8387,"[0, 11, 77, 13, 83, 91, 97, 98, 99, 37, 42]",11
8388,"[0, 74, 23, 91, 29, 32, 97, 98, 99, 37]",10
8389,"[0, 97, 98, 99, 42, 77, 13, 83, 91]",9
8390,"[0, 32, 97, 98, 99, 37, 74, 23, 29]",9
8391,"[0, 97, 98, 99, 74, 77, 91]",7
8392,"[0, 32, 98, 97, 99, 69, 70, 77, 20]",9
8393,"[0, 69, 70, 12, 77, 26, 29, 97, 98, 99, 50, 52]",12
8394,"[0, 74, 23, 29, 93, 32, 97, 98, 99, 35, 37, 46]",12
8395,"[0, 69, 70, 77, 19, 91, 97, 98, 99, 46]",10
8396,"[0, 97, 98, 99, 74, 77, 91]",7
8397,"[0, 70, 77, 16, 20, 26, 91, 97, 98, 99]",10
8398,"[0, 74, 13, 87, 23, 91, 29, 32, 97, 98, 99, 37, 42]",13
8399,"[0, 74, 77, 83, 23, 29, 97, 98, 99, 53]",10
8400,"[0, 97, 98, 99, 74, 77, 83, 91]",8
8401,"[0, 69, 70, 77, 19, 91, 29, 97, 98, 99, 46]",11
8402,"[0, 74, 77, 83, 23, 91, 29, 97, 98, 99, 53]",11
8403,"[0, 69, 70, 77, 19, 91, 97, 98, 99, 46, 50]",11
8404,"[0, 97, 98, 99, 74, 77, 91]",7
8405,"[0, 97, 98, 99, 74, 83, 53, 29]",8
8406,"[0, 97, 98, 99, 20, 84]",6
8407,"[0, 97, 98, 99, 74, 77, 91]",7
8408,"[0, 74, 13, 23, 29, 93, 97, 98, 35, 99, 42, 46, 57]",13
8409,"[0, 74, 13, 87, 23, 29, 32, 97, 98, 99, 37, 42, 57]",13
8410,"[0, 97, 98, 99, 77, 83, 52, 57, 91]",9
8411,"[0, 70, 77, 16, 20, 26, 91, 97, 98, 99]",10
8412,"[0, 97, 98, 99, 74, 23]",6
8413,"[0, 69, 70, 77, 19, 91, 97, 98, 99, 46, 49, 50]",12
8414,"[0, 97, 98, 99, 74, 77, 91]",7
8415,"[0, 74, 13, 23, 87, 29, 32, 97, 98, 99, 37, 42, 57]",13
8416,"[0, 69, 70, 12, 77, 26, 91, 29, 97, 98, 99, 50, 52]",13
8417,"[0, 69, 70, 77, 19, 29, 97, 98, 99, 46]",10
8418,"[0, 97, 98, 99, 77, 52, 57, 91]",8
8419,"[0, 97, 98, 99, 74, 77, 91]",7
8420,"[0, 74, 13, 83, 29, 97, 98, 99, 44, 45, 53]",11
8421,"[0, 69, 70, 77, 16, 20, 26, 91, 97, 98, 99, 50]",12
8422,"[0, 97, 98, 99, 74, 77, 83, 91]",8
8423,"[0, 74, 87, 23, 91, 29, 32, 97, 98, 99, 37, 57]",12
8424,"[0, 97, 98, 99, 74, 77, 91]",7
8425,"[0, 97, 98, 99, 74, 77, 91]",7
8426,"[0, 32, 97, 98, 99, 37, 74, 23, 29]",9
8427,"[0, 97, 98, 99, 74, 77, 91]",7
8428,"[0, 97, 98, 99, 74, 77, 83, 91]",8
8429,"[0, 74, 13, 23, 87, 29, 32, 97, 98, 99, 37, 42]",12
8430,"[0, 74, 23, 91, 29, 32, 97, 98, 99, 37]",10
8431,"[0, 97, 98, 99, 74, 20, 23]",7
8432,"[0, 97, 98, 99, 74, 77, 91]",7
8433,"[0, 97, 98, 99, 74, 23]",6
8434,"[0, 74, 23, 91, 29, 32, 97, 98, 99, 37]",10
8435,"[0, 69, 70, 74, 77, 91, 97, 98, 99, 50]",10
8436,"[0, 97, 98, 99, 74, 77, 20, 91]",8
8437,"[0, 69, 70, 77, 19, 91, 97, 98, 99, 46, 49, 50]",12
8438,"[0, 74, 23, 29, 93, 32, 97, 98, 35, 99, 37, 46]",12
8439,"[0, 97, 98, 99, 74, 77, 83, 91, 29]",9
8440,"[0, 97, 98, 99, 77, 83, 52, 57, 91]",9
8441,"[0, 74, 77, 83, 23, 29, 32, 97, 98, 99, 37, 53]",12
8442,"[0, 97, 98, 99, 74, 77, 83, 91]",8
8443,"[0, 32, 98, 99, 97, 69, 70, 77, 20]",9
8444,"[0, 74, 13, 23, 87, 29, 32, 97, 98, 99, 37, 42]",12
8445,"[0, 97, 98, 99, 74, 77, 83, 91]",8
8446,"[0, 69, 70, 12, 77, 26, 29, 97, 98, 99, 50, 52]",12
8447,"[0, 74, 77, 83, 23, 29, 32, 97, 98, 99, 37, 53]",12
8448,"[0, 70, 77, 16, 20, 26, 91, 97, 98, 99, 50]",11
8449,"[0, 97, 98, 99, 74, 77, 91]",7
8450,"[0, 74, 23, 91, 29, 32, 97, 98, 99, 37]",10
8451,"[0, 70, 77, 16, 20, 26, 91, 97, 98, 99, 50]",11
8452,"[0, 74, 13, 23, 91, 29, 32, 97, 98, 99, 37, 42]",12
8453,"[0, 74, 13, 23, 87, 29, 32, 97, 98, 99, 37, 42, 57]",13
8454,"[0, 69, 70, 77, 19, 91, 29, 97, 98, 99, 46]",11
8455,"[0, 97, 98, 99, 74, 77, 91]",7
8456,"[0, 97, 98, 99, 74, 77, 91]",7
8457,"[0, 64, 74, 77, 13, 83, 91, 97, 98, 99, 42]",11
8458,"[0, 97, 98, 99, 74, 77, 91]",7
8459,"[0, 97, 98, 99, 74, 77, 91]",7
8460,"[0, 69, 70, 77, 16, 20, 26, 91, 29, 97, 98, 99]",12
8461,"[0, 69, 70, 77, 16, 20, 26, 91, 97, 98, 99, 50]",12
8462,"[0, 69, 70, 77, 19, 91, 97, 98, 99, 46, 50]",11
8463,"[0, 74, 77, 83, 23, 29, 97, 98, 99, 53]",10
8464,"[0, 97, 98, 99, 74, 77, 83, 91]",8
8465,"[0, 74, 13, 87, 23, 29, 32, 97, 98, 99, 37, 42]",12
8466,"[0, 74, 13, 23, 29, 32, 97, 98, 99, 37, 42, 57]",12
8467,"[0, 97, 98, 99, 74, 77, 83, 91]",8
8468,"[0, 97, 98, 99, 91]",5
8469,"[0, 69, 70, 77, 19, 91, 97, 98, 99, 46, 50]",11
8470,"[0, 69, 70, 77, 19, 91, 97, 98, 99, 46, 50]",11
8471,"[0, 97, 98, 99, 74]",5
8472,"[0, 97, 98, 99, 74, 77, 91]",7
8473,"[0, 97, 98, 99, 74, 77, 91]",7
8474,"[0, 74, 13, 23, 87, 91, 29, 32, 97, 98, 99, 37, 42]",13
8475,"[0, 69, 70, 77, 19, 91, 97, 98, 99, 46, 50]",11
8476,"[0, 97, 98, 99, 74, 77, 91]",7
8477,"[0, 70, 77, 16, 20, 26, 91, 97, 98, 99]",10
8478,"[0, 32, 98, 97, 99, 37, 74, 23, 29]",9
8479,"[0, 97, 98, 99, 74, 77, 91]",7
8480,"[0, 97, 98, 99, 74, 77, 83, 91]",8
8481,"[0, 74, 23, 91, 29, 32, 97, 98, 99, 37]",10
8482,"[0, 97, 98, 99, 74, 77, 20, 91]",8
8483,"[0, 70, 77, 16, 20, 26, 91, 97, 98, 99]",10
8484,"[0, 97, 98, 99, 74, 77, 83, 91]",8
8485,"[0, 97, 98, 99, 74, 83, 53, 29]",8
8486,"[0, 11, 77, 13, 83, 91, 97, 98, 99, 37, 42]",11
8487,"[0, 97, 98, 99, 74, 77, 91]",7
8488,"[0, 74, 13, 23, 29, 32, 97, 98, 99, 37, 42]",11
8489,"[0, 69, 70, 77, 19, 91, 97, 98, 99, 46, 50]",11
8490,"[0, 74, 14, 83, 29, 97, 98, 99, 37, 43, 44, 53]",12
8491,"[0, 97, 98, 99, 74, 77, 91]",7
8492,"[0, 97, 98, 99, 74, 77, 50, 91]",8
8493,"[0, 69, 70, 77, 19, 97, 98, 99, 46, 49, 50]",11
8494,"[0, 70, 77, 16, 20, 26, 91, 97, 98, 99]",10
8495,"[0, 97, 98, 99, 74, 77, 91]",7
8496,"[0, 97, 98, 99, 37, 74, 91, 29]",8
8497,"[0, 32, 97, 98, 99, 37, 74, 23, 29]",9
8498,"[0, 74, 13, 23, 87, 29, 32, 97, 98, 99, 37, 42, 57]",13
8499,"[0, 32, 98, 97, 99, 37, 74, 23, 29]",9
8500,"[0, 69, 70, 77, 19, 91, 29, 97, 98, 99, 46]",11
8501,"[0, 97, 98, 99, 74, 77, 83, 91]",8
8502,"[0, 97, 98, 99, 74, 77, 91]",7
8503,"[0, 97, 98, 99, 74, 77, 91]",7
8504,"[0, 97, 98, 99, 74, 77, 91]",7
8505,"[0, 97, 98, 99, 74, 77, 91]",7
8506,"[0, 97, 98, 99, 74, 77, 91]",7
8507,"[0, 32, 97, 98, 99, 37, 74, 23, 29]",9
8508,"[0, 69, 70, 77, 16, 20, 26, 91, 97, 98, 99, 50]",12
8509,"[0, 74, 13, 23, 87, 91, 29, 32, 97, 98, 99, 37, 42]",13
8510,"[0, 70, 16, 22, 26, 97, 98, 99, 52, 57]",10
8511,"[0, 97, 98, 99, 74, 77, 83, 91]",8
8512,"[0, 32, 97, 98, 99, 37, 74, 23, 29]",9
8513,"[0, 69, 70, 77, 16, 20, 26, 91, 97, 98, 99, 50]",12
8514,"[0, 97, 98, 99, 74, 77, 83, 91]",8
8515,"[0, 11, 77, 13, 83, 91, 97, 98, 99, 37, 42]",11
8516,"[0, 97, 98, 99, 74, 77, 83, 91]",8
8517,"[0, 11, 77, 13, 83, 91, 97, 98, 99, 37, 42]",11
8518,"[0, 74, 13, 23, 87, 29, 32, 97, 98, 99, 37, 42, 57]",13
8519,"[0, 69, 70, 77, 19, 29, 97, 98, 99, 46, 49, 50]",12
8520,"[0, 11, 77, 13, 83, 91, 97, 98, 99, 37, 42]",11
8521,"[0, 97, 98, 99, 77, 46, 19, 91, 29]",9
8522,"[0, 97, 98, 99, 74, 77, 91]",7
8523,"[0, 32, 97, 98, 99, 37, 74, 23, 29]",9
8524,"[0, 97, 98, 99, 74, 23]",6
8525,"[0, 69, 70, 74, 77, 91, 97, 98, 99, 50]",10
8526,"[0, 97, 98, 99, 74, 83, 53, 29]",8
8527,"[0, 97, 98, 99, 74, 77, 83, 91]",8
8528,"[0, 74, 23, 91, 29, 32, 97, 98, 99, 37, 53]",11
8529,"[0, 97, 98, 99, 74, 77, 52, 57, 91]",9
8530,"[0, 97, 98, 99, 74, 77, 91]",7
8531,"[0, 97, 98, 99, 74, 77, 91]",7
8532,"[0, 97, 98, 99, 74, 77, 83, 91]",8
8533,"[0, 97, 98, 99, 74, 77, 83, 91]",8
8534,"[0, 97, 98, 99, 74, 20, 23]",7
8535,"[0, 74, 13, 23, 87, 91, 29, 97, 98, 99, 37, 42]",12
8536,"[0, 74, 23, 91, 29, 32, 97, 98, 99, 37]",10
8537,"[0, 97, 98, 99, 74, 77, 83, 91]",8
8538,"[0, 70, 77, 16, 20, 26, 91, 97, 98, 99]",10
8539,"[0, 97, 98, 99, 74, 77, 91]",7
8540,"[0, 74, 77, 83, 23, 29, 97, 98, 99, 53]",10
8541,"[0, 97, 98, 99, 74, 77, 91]",7
8542,"[0, 97, 98, 99, 74, 77, 83, 91]",8
8543,"[0, 74, 13, 23, 29, 32, 97, 98, 99, 37, 42, 57]",12
8544,"[0, 69, 70, 77, 19, 91, 97, 98, 99, 46, 50]",11
8545,"[0, 97, 98, 99, 77, 46, 19, 91]",8
8546,"[0, 97, 98, 99, 74, 77, 91]",7
8547,"[0, 97, 98, 99, 74, 77, 91]",7
8548,"[0, 74, 13, 14, 83, 29, 94, 97, 98, 99, 44, 53]",12
8549,"[0, 74, 13, 23, 91, 29, 97, 98, 99, 37, 42]",11
8550,"[0, 70, 77, 16, 83, 22, 26, 97, 98, 99, 52, 57]",12
8551,"[0, 74, 13, 83, 29, 97, 98, 99, 44, 45, 53]",11
8552,"[0, 97, 98, 99, 74, 77, 83, 91]",8
8553,"[0, 69, 70, 77, 19, 91, 29, 97, 98, 99, 46, 50]",12
8554,"[0, 97, 98, 99, 74, 77, 91]",7
8555,"[0, 97, 98, 99, 74, 77, 91]",7
8556,"[0, 97, 98, 99, 74, 77, 91]",7
8557,"[0, 97, 98, 99, 74, 77, 83, 91]",8
8558,"[0, 74, 77, 83, 23, 29, 32, 97, 98, 99, 37, 53]",12
8559,"[0, 70, 77, 16, 83, 22, 26, 97, 98, 99, 52, 57]",12
8560,"[0, 97, 98, 99, 74, 77, 91]",7
8561,"[0, 74, 13, 23, 87, 29, 32, 97, 98, 99, 37, 42]",12
8562,"[0, 32, 98, 97, 99, 37, 74, 23, 29]",9
8563,"[0, 97, 98, 99, 74, 83, 53, 29]",8
8564,"[0, 74, 13, 23, 29, 32, 97, 98, 99, 37, 42, 57]",12
8565,"[0, 97, 98, 99, 74, 77, 83, 91]",8
8566,"[0, 97, 98, 99, 74, 77, 83, 91]",8
8567,"[0, 69, 70, 77, 16, 20, 26, 91, 97, 98, 99, 50]",12
8568,"[0, 74, 13, 23, 29, 32, 97, 98, 99, 37, 42]",11
8569,"[0, 97, 98, 99, 70, 16, 84, 20]",8
8570,"[0, 97, 98, 99, 74, 77, 91]",7
8571,"[0, 32, 97, 98, 99, 37, 74, 23, 29]",9
8572,"[0, 74, 13, 87, 23, 91, 29, 97, 98, 99, 37, 42]",12
8573,"[0, 97, 98, 99, 74, 20, 23]",7
8574,"[0, 74, 77, 83, 23, 91, 29, 97, 98, 99, 53]",11
8575,"[0, 69, 70, 77, 19, 91, 97, 98, 99, 46, 49, 50]",12
8576,"[0, 97, 98, 99, 74]",5
8577,"[0, 97, 98, 99, 74, 77, 52, 57, 91]",9
8578,"[0, 11, 77, 13, 83, 91, 97, 98, 99, 37, 42]",11
8579,"[0, 97, 98, 99, 74, 77, 91]",7
8580,"[0, 70, 77, 16, 20, 26, 91, 97, 98, 99]",10
8581,"[0, 97, 98, 99, 74, 77, 50, 91]",8
8582,"[0, 97, 98, 99, 74, 77, 91]",7
8583,"[0, 97, 98, 99, 74, 77, 20, 91]",8
8584,"[0, 74, 77, 83, 23, 29, 32, 97, 98, 99, 37, 53]",12
8585,"[0, 97, 98, 99, 74, 77, 91]",7
8586,"[0, 97, 98, 99, 74, 77, 83, 91]",8
8587,"[0, 69, 70, 77, 16, 20, 26, 91, 97, 98, 99, 50]",12
8588,"[0, 74, 13, 23, 87, 29, 32, 97, 98, 99, 37, 42]",12
8589,"[0, 97, 98, 99, 77, 83, 52, 57, 91]",9
8590,"[0, 97, 98, 99, 74, 77, 91]",7
8591,"[0, 97, 98, 99, 74, 77, 83, 91]",8
8592,"[0, 97, 98, 99, 74, 77, 91]",7
8593,"[0, 97, 98, 99, 74, 77, 83, 91]",8
8594,"[0, 69, 70, 77, 19, 91, 97, 98, 99, 46, 50]",11
8595,"[0, 97, 98, 99, 77, 52, 57, 91]",8
8596,"[0, 69, 70, 77, 16, 20, 26, 91, 97, 98, 99, 50]",12
8597,"[0, 97, 98, 99, 74, 23]",6
8598,"[0, 97, 98, 99, 74, 77, 83, 91]",8
8599,"[0, 74, 13, 87, 23, 29, 32, 97, 98, 99, 37, 42, 57]",13
8600,"[0, 11, 77, 13, 83, 91, 97, 98, 99, 37, 42]",11
8601,"[0, 32, 98, 97, 99, 69, 70, 77, 20]",9
8602,"[0, 97, 98, 99, 74, 77, 91]",7
8603,"[0, 32, 98, 97, 99, 37, 74, 23, 29]",9
8604,"[0, 69, 70, 12, 77, 26, 91, 29, 97, 98, 99, 50, 52]",13
8605,"[0, 64, 74, 77, 13, 83, 91, 97, 98, 99, 42]",11
8606,"[0, 69, 70, 77, 19, 91, 97, 98, 99, 46, 50]",11
8607,"[0, 97, 98, 99, 74, 77, 91]",7
8608,"[0, 97, 98, 99, 74, 77, 91]",7
8609,"[0, 97, 98, 99, 74, 77, 91]",7
8610,"[0, 97, 98, 99, 74, 77, 91]",7
8611,"[0, 69, 70, 77, 16, 20, 26, 91, 29, 97, 98, 99]",12
8612,"[0, 97, 98, 99, 74, 77, 91]",7
8613,"[0, 11, 77, 13, 83, 91, 97, 98, 99, 37, 42]",11
8614,"[0, 97, 98, 99, 74, 77, 91]",7
8615,"[0, 32, 97, 98, 99, 37, 74, 23, 29]",9
8616,"[0, 69, 70, 77, 19, 91, 97, 98, 99, 46, 50]",11
8617,"[0, 69, 70, 77, 19, 91, 29, 97, 98, 99, 46]",11
8618,"[0, 70, 16, 22, 26, 97, 98, 99, 52, 57]",10
8619,"[0, 32, 97, 98, 99, 37, 74, 23, 29]",9
8620,"[0, 97, 98, 99, 74, 77, 83, 91]",8
8621,"[0, 97, 98, 99, 77, 46, 50, 19, 91]",9
8622,"[0, 69, 70, 74, 77, 91, 97, 98, 99, 50]",10
8623,"[0, 69, 70, 77, 19, 91, 97, 98, 99, 46, 50]",11
8624,"[0, 70, 77, 16, 20, 26, 91, 97, 98, 99]",10
8625,"[0, 74, 23, 91, 29, 32, 97, 98, 99, 37]",10
8626,"[0, 69, 70, 77, 19, 29, 97, 98, 99, 46, 49, 50]",12
8627,"[0, 32, 97, 98, 99, 37, 74, 23, 29]",9
8628,"[0, 97, 98, 99, 74, 83, 53, 29]",8
8629,"[0, 97, 98, 99, 74, 77, 91]",7
8630,"[0, 74, 13, 23, 91, 29, 32, 97, 98, 99, 37, 42]",12
8631,"[0, 97, 98, 99, 74, 77, 83, 91]",8
8632,"[0, 97, 98, 99, 74, 77, 83, 91]",8
8633,"[0, 97, 98, 99, 74, 77, 20, 91]",8
8634,"[0, 74, 77, 83, 23, 29, 97, 98, 99, 53]",10
8635,"[0, 74, 13, 23, 29, 93, 97, 98, 35, 99, 42, 46, 57]",13
8636,"[0, 69, 70, 77, 19, 97, 98, 99, 46, 49, 50]",11
8637,"[0, 69, 70, 12, 77, 26, 29, 97, 98, 99, 50, 52]",12
8638,"[0, 74, 13, 23, 29, 32, 97, 98, 99, 37, 42, 57]",12
8639,"[0, 69, 70, 77, 19, 91, 29, 97, 98, 99, 46]",11
8640,"[0, 70, 77, 16, 20, 26, 91, 97, 98, 99]",10
8641,"[0, 74, 13, 23, 87, 29, 32, 97, 98, 99, 37, 42]",12
8642,"[0, 97, 98, 99, 74, 77, 83, 91]",8
8643,"[0, 74, 14, 83, 29, 97, 98, 99, 37, 43, 44, 53]",12
8644,"[0, 74, 23, 91, 29, 32, 97, 98, 99, 37, 53]",11
8645,"[0, 70, 77, 16, 20, 26, 91, 97, 98, 99]",10
8646,"[0, 74, 23, 93, 29, 32, 97, 98, 35, 99, 37, 46]",12
8647,"[0, 97, 98, 99, 74]",5
8648,"[0, 74, 13, 87, 23, 29, 32, 97, 98, 99, 37, 42, 57]",13
8649,"[0, 74, 13, 87, 23, 29, 32, 97, 98, 99, 37, 42, 57]",13
8650,"[0, 97, 98, 99, 74, 77, 91]",7
8651,"[0, 97, 98, 99, 74, 23]",6
8652,"[0, 97, 98, 99, 74, 77, 83, 91]",8
8653,"[0, 70, 77, 16, 20, 26, 91, 97, 98, 99, 50]",11
8654,"[0, 97, 98, 99, 74, 20, 23]",7
8655,"[0, 97, 98, 99, 74, 77, 91]",7
8656,"[0, 74, 13, 87, 23, 91, 29, 32, 97, 98, 99, 37, 42]",13
8657,"[0, 97, 98, 99, 74, 77, 83, 91]",8
8658,"[0, 74, 13, 23, 91, 29, 97, 98, 99, 37, 42]",11
8659,"[0, 97, 98, 99, 77, 52, 57, 91]",8
8660,"[0, 74, 23, 91, 29, 32, 97, 98, 99, 37]",10
8661,"[0, 11, 77, 13, 83, 91, 97, 98, 99, 37, 42]",11
8662,"[0, 74, 23, 91, 29, 32, 97, 98, 99, 37]",10
8663,"[0, 32, 97, 98, 99, 37, 74, 23, 29]",9
8664,"[0, 97, 98, 99, 74, 77, 91]",7
8665,"[0, 69, 70, 77, 19, 91, 97, 98, 99, 46, 50]",11
8666,"[0, 74, 13, 23, 87, 29, 32, 97, 98, 99, 37, 42, 57]",13
8667,"[0, 97, 98, 99, 74, 77, 91]",7
8668,"[0, 97, 98, 99, 77, 46, 19, 91, 29]",9
8669,"[0, 74, 13, 14, 83, 29, 94, 97, 98, 99, 44, 53]",12
8670,"[0, 97, 98, 99, 74, 77, 83, 91, 29]",9
8671,"[0, 74, 23, 91, 29, 32, 97, 98, 99, 37]",10
8672,"[0, 69, 70, 77, 16, 20, 26, 91, 97, 98, 99, 50]",12
8673,"[0, 97, 98, 99, 74, 77, 91]",7
8674,"[0, 74, 13, 23, 87, 29, 32, 97, 98, 99, 37, 42, 57]",13
8675,"[0, 97, 98, 99, 74, 77, 91]",7
8676,"[0, 97, 98, 99, 91]",5
8677,"[0, 97, 98, 99, 74, 77, 91]",7
8678,"[0, 74, 77, 83, 23, 29, 97, 98, 99, 53]",10
8679,"[0, 97, 98, 99, 74, 83, 53, 29]",8
8680,"[0, 97, 98, 99, 37, 74, 91, 29]",8
8681,"[0, 97, 98, 99, 74, 77, 91]",7
8682,"[0, 69, 70, 77, 19, 29, 97, 98, 99, 46]",10
8683,"[0, 97, 98, 99, 77, 46, 19, 91, 29]",9
8684,"[0, 97, 98, 99, 74, 77, 91]",7
8685,"[0, 97, 98, 99, 74, 77, 91]",7
8686,"[0, 69, 70, 77, 16, 20, 26, 91, 97, 98, 99, 50]",12
8687,"[0, 74, 87, 23, 91, 29, 32, 97, 98, 99, 37, 57]",12
8688,"[0, 97, 98, 99, 74, 77, 83, 91]",8
8689,"[0, 69, 70, 77, 19, 91, 97, 98, 99, 46]",10
8690,"[0, 70, 77, 16, 20, 26, 91, 97, 98, 99]",10
8691,"[0, 74, 13, 23, 87, 91, 29, 32, 97, 98, 99, 37, 42]",13
8692,"[0, 97, 98, 99, 74, 23]",6
8693,"[0, 97, 98, 99, 74, 77, 83, 91]",8
8694,"[0, 32, 97, 98, 99, 37, 74, 23, 29]",9
8695,"[0, 97, 98, 99, 74, 77, 91]",7
8696,"[0, 97, 98, 99, 74, 77, 91]",7
8697,"[0, 97, 98, 99, 74, 77, 83, 91]",8
8698,"[0, 69, 70, 74, 77, 91, 97, 98, 99, 50]",10
8699,"[0, 97, 98, 99, 74, 77, 91]",7
8700,"[0, 69, 70, 77, 19, 91, 97, 98, 99, 46, 49, 50]",12
8701,"[0, 74, 13, 23, 29, 32, 97, 98, 99, 37, 42, 57]",12
8702,"[0, 69, 70, 74, 77, 91, 97, 98, 99, 50]",10
8703,"[0, 70, 77, 16, 20, 26, 91, 97, 98, 99, 50]",11
8704,"[0, 97, 98, 99, 74, 83, 53, 29]",8
8705,"[0, 70, 77, 16, 83, 22, 26, 97, 98, 99, 52, 57]",12
8706,"[0, 97, 98, 99, 74, 77, 83, 91, 29]",9
8707,"[0, 74, 13, 83, 29, 97, 98, 99, 44, 45, 53]",11
8708,"[0, 97, 98, 99, 77, 83, 52, 57, 91]",9
8709,"[0, 97, 98, 99, 74, 77, 91]",7
8710,"[0, 70, 77, 16, 20, 26, 91, 97, 98, 99, 50]",11
8711,"[0, 74, 13, 23, 29, 32, 97, 98, 99, 37, 42]",11
8712,"[0, 97, 98, 99, 74, 77, 91]",7
8713,"[0, 69, 70, 77, 16, 20, 26, 91, 97, 98, 99, 50]",12
8714,"[0, 32, 97, 98, 99, 37, 74, 23, 29]",9
8715,"[0, 74, 77, 83, 23, 91, 29, 97, 98, 99, 53]",11
8716,"[0, 74, 13, 23, 91, 29, 32, 97, 98, 99, 37, 42]",12
8717,"[0, 74, 13, 23, 87, 29, 32, 97, 98, 99, 37, 42]",12
8718,"[0, 97, 98, 99, 74, 23]",6
8719,"[0, 97, 98, 99, 74, 77, 83, 91]",8
8720,"[0, 32, 98, 97, 99, 37, 74, 23, 29]",9
8721,"[0, 97, 98, 99, 74, 77, 91]",7
8722,"[0, 32, 98, 97, 99, 37, 74, 23, 29]",9
8723,"[0, 69, 70, 77, 16, 20, 26, 91, 97, 98, 99]",11
8724,"[0, 70, 77, 16, 20, 26, 91, 97, 98, 99]",10
8725,"[0, 97, 98, 99, 74, 77, 83, 91]",8
8726,"[0, 70, 16, 22, 26, 97, 98, 99, 52, 57]",10
8727,"[0, 74, 13, 23, 29, 32, 97, 98, 99, 37, 42, 57]",12
