worker_id,loss,class,skipped
0,1.6437851190567017,1,False
0,4.704862594604492,2,False
0,1.7648882865905762,0,False
0,2.608835220336914,0,False
0,1.2554757595062256,2,False
0,2.5555360317230225,1,False
0,1.6840183734893799,0,False
0,2.204679489135742,0,False
0,3.3265233039855957,2,False
0,2.6309549808502197,2,False
0,2.5606729984283447,0,False
0,2.7031619548797607,2,False
0,3.217402219772339,2,False
0,3.9319727420806885,1,False
0,4.658892631530762,1,False
0,2.598747491836548,0,False
0,2.386272430419922,1,False
0,4.8759589195251465,1,False
0,3.3464090824127197,2,False
0,4.415615081787109,2,False
0,2.509111166000366,1,False
0,1.7103602886199951,0,False
0,2.177440881729126,0,False
0,2.6723837852478027,0,False
0,2.8397979736328125,1,False
0,1.723535180091858,0,False
0,3.2317922115325928,1,False
0,3.6034810543060303,1,False
0,1.7049028873443604,0,False
0,3.4700329303741455,1,False
0,2.2631888389587402,0,False
0,3.46425724029541,1,False
0,1.7491533756256104,0,False
0,3.934750556945801,1,False
0,2.6467931270599365,1,False
0,3.047330856323242,2,False
0,3.6734631061553955,2,False
0,2.453800678253174,2,False
0,2.1955151557922363,0,False
0,4.02164363861084,2,False
0,3.095651865005493,1,False
0,4.6446404457092285,2,False
0,4.630195140838623,1,False
0,2.6682562828063965,0,False
0,2.2232165336608887,2,False
0,1.701209306716919,0,False
0,2.872669219970703,0,False
0,1.7138150930404663,0,False
0,3.0886406898498535,2,False
0,2.7215144634246826,2,False
0,2.1206226348876953,0,False
0,4.107676029205322,2,False
0,1.7075986862182617,0,False
0,4.6230149269104,1,False
0,3.758650541305542,2,False
0,2.909125328063965,0,False
0,2.823507308959961,2,False
0,1.6895110607147217,0,False
0,2.9932031631469727,1,False
0,2.6977407932281494,1,False
0,1.1763362884521484,2,False
0,4.367229461669922,2,False
0,1.6222968101501465,0,False
0,2.6864097118377686,2,False
0,4.298576354980469,2,False
0,4.659183979034424,2,False
0,1.6234694719314575,0,False
0,0.5349400043487549,0,False
0,2.3739969730377197,1,False
0,2.1739656925201416,0,False
0,2.311495780944824,0,False
0,4.111259937286377,1,False
0,1.6764190196990967,2,False
0,1.5540162324905396,0,False
0,2.5655975341796875,1,False
0,1.6033021211624146,0,False
0,1.544866919517517,0,False
0,1.9139487743377686,2,False
0,1.8616911172866821,1,False
0,3.887284517288208,1,False
0,2.827799081802368,1,False
0,4.04550313949585,0,False
0,1.8732887506484985,0,False
0,1.839661717414856,0,False
0,4.354137897491455,1,False
0,3.4484682083129883,1,False
0,2.504098892211914,1,False
0,4.906586170196533,2,False
0,1.9600262641906738,1,False
0,2.1616947650909424,2,False
0,2.2019057273864746,1,False
0,4.573179244995117,2,False
0,1.5139493942260742,0,False
0,2.450054407119751,1,False
0,2.577643394470215,1,False
0,3.2524895668029785,2,False
0,1.851128101348877,0,False
0,2.220017910003662,1,False
0,3.4833874702453613,2,False
0,3.206296920776367,2,False
0,3.357642889022827,2,False
0,2.952970027923584,1,False
0,4.094377040863037,1,False
0,2.7374818325042725,0,False
0,2.2328901290893555,2,False
0,4.9810261726379395,1,False
0,2.308526039123535,2,False
0,1.504262924194336,0,False
0,2.585259437561035,1,False
0,3.061880111694336,1,False
0,1.8235976696014404,0,False
0,4.5029296875,2,False
0,2.0968422889709473,1,False
0,1.828627347946167,0,False
0,1.850198745727539,0,False
0,4.0963358879089355,1,False
0,1.7288234233856201,0,False
0,4.186066627502441,0,False
0,3.8703722953796387,1,False
0,4.475365161895752,2,False
0,3.1770644187927246,2,False
0,1.8290319442749023,0,False
0,2.5897445678710938,2,False
0,2.5017192363739014,2,False
0,1.4417387247085571,0,False
0,6.119023323059082,0,False
0,1.9097775220870972,1,False
0,4.308726787567139,1,False
0,3.24607515335083,2,False
0,1.7963721752166748,0,False
0,3.2848570346832275,2,False
0,1.7970688343048096,0,False
0,2.284980535507202,1,False
0,3.419994592666626,2,False
0,4.341846466064453,2,False
0,4.225714683532715,1,False
0,2.445333242416382,2,False
0,1.4691659212112427,0,False
0,2.191622734069824,1,False
0,4.195156097412109,2,False
0,6.125551700592041,1,False
0,1.822234869003296,1,False
0,3.4073145389556885,2,False
0,2.103816270828247,1,False
0,1.9460043907165527,0,False
0,2.0032262802124023,1,False
0,2.281078815460205,2,False
0,2.410130023956299,2,False
0,2.457235813140869,2,False
0,1.4131633043289185,0,False
0,1.7091091871261597,1,False
0,1.830858826637268,0,False
0,1.3262065649032593,1,False
0,4.173190593719482,2,False
0,0.8596633672714233,0,False
0,2.8357644081115723,2,False
0,3.0110538005828857,1,False
0,3.9779229164123535,1,False
0,3.8330390453338623,2,False
0,3.619875907897949,1,False
0,2.4597325325012207,2,False
0,2.755359649658203,0,False
0,3.69148325920105,1,False
0,4.143271446228027,2,False
0,2.3831214904785156,0,False
0,2.4665110111236572,2,False
0,1.8816264867782593,0,False
0,2.3029978275299072,1,False
0,6.4254255294799805,1,False
0,1.8402518033981323,0,False
0,0.9652426242828369,0,False
0,1.8032156229019165,0,False
0,1.7908482551574707,0,False
0,2.274697780609131,2,False
0,1.8259141445159912,0,False
0,3.8643381595611572,2,False
0,4.669120788574219,2,False
0,3.2817225456237793,2,False
0,0.8452914953231812,1,False
0,3.0041680335998535,2,False
0,2.4912009239196777,2,False
0,3.777024269104004,1,False
0,2.9896740913391113,0,False
0,1.39728844165802,0,False
0,1.3978402614593506,0,False
0,2.048816204071045,2,False
0,2.0116994380950928,1,False
0,3.5989151000976562,2,False
0,3.8076205253601074,1,False
0,3.5792503356933594,2,False
0,3.6146583557128906,1,False
0,2.3421196937561035,0,False
0,1.7871122360229492,0,False
0,3.377127170562744,2,False
0,2.248002529144287,1,False
0,3.125072479248047,1,False
0,0.5014892220497131,0,False
0,2.065948247909546,1,False
0,2.082148313522339,1,False
0,1.8015623092651367,0,False
0,2.9102671146392822,1,False
0,3.0523130893707275,2,False
0,2.352550983428955,2,False
0,5.875124454498291,1,False
0,2.545684337615967,2,False
0,3.92787504196167,1,False
0,4.018862724304199,0,False
0,2.1973776817321777,2,False
0,2.1121506690979004,2,False
0,3.0124709606170654,1,False
0,1.5083177089691162,1,False
0,2.855558395385742,0,False
0,3.6862716674804688,2,False
0,1.3884153366088867,0,False
0,3.3130757808685303,1,False
0,1.840736746788025,1,False
0,1.8056600093841553,0,False
0,1.123469591140747,1,False
0,3.1602087020874023,1,False
0,2.724424362182617,0,False
0,3.2879223823547363,1,False
0,3.205538511276245,2,False
0,2.910154342651367,0,False
0,2.5137147903442383,1,False
0,2.3989691734313965,1,False
0,4.453163146972656,2,False
0,3.4832398891448975,1,False
0,3.137545347213745,2,False
0,1.8448271751403809,2,False
0,1.789047360420227,0,False
0,1.3987946510314941,0,False
0,2.171182870864868,0,False
0,2.8423585891723633,2,False
0,2.089198112487793,2,False
0,1.8246591091156006,2,False
0,1.4755480289459229,1,False
0,1.7929621934890747,0,False
0,1.7178130149841309,2,False
0,1.3981516361236572,2,False
0,1.7642953395843506,0,False
0,4.19505500793457,1,False
0,3.3517348766326904,1,False
0,1.5431431531906128,1,False
0,2.652592182159424,2,False
0,3.397854804992676,0,False
0,1.78822922706604,0,False
0,2.7142417430877686,2,False
0,3.6775176525115967,1,False
0,2.3910205364227295,2,False
0,1.4339226484298706,0,False
0,2.014573812484741,1,False
0,2.8546462059020996,1,False
0,1.422912836074829,0,False
0,1.942054033279419,0,False
0,1.4097105264663696,0,False
0,2.724132537841797,1,False
0,3.0751168727874756,1,False
0,3.8548049926757812,2,False
0,1.7657971382141113,1,False
0,5.188121318817139,0,False
0,5.237118244171143,0,False
0,7.02854061126709,1,False
0,1.8217719793319702,0,False
0,1.804587960243225,2,False
0,3.189802646636963,2,False
0,1.449183464050293,0,False
0,1.4118677377700806,0,False
0,1.8234715461730957,0,False
0,1.829545497894287,0,False
0,3.1159045696258545,1,False
0,2.486774444580078,2,False
0,2.1142306327819824,2,False
0,1.3775389194488525,2,False
0,0.9924209117889404,0,False
0,2.7596163749694824,2,False
0,2.6931231021881104,2,False
0,1.4118722677230835,0,False
0,6.955163955688477,1,False
0,4.039221286773682,2,False
0,2.689607620239258,2,False
0,1.4142446517944336,1,False
0,2.2304787635803223,2,False
0,2.435959815979004,0,False
0,2.6917057037353516,2,False
0,1.599173903465271,1,False
0,1.9050815105438232,0,False
0,1.8568092584609985,2,False
0,1.5751725435256958,0,False
0,2.1878342628479004,1,False
0,1.4285060167312622,0,False
0,3.332181692123413,1,False
0,1.435896873474121,0,False
0,1.4199693202972412,0,False
0,1.0861756801605225,1,False
0,3.7644803524017334,2,False
0,1.7972198724746704,1,False
0,1.4593467712402344,2,False
0,3.460391044616699,1,False
0,1.4355363845825195,0,False
0,2.519615650177002,2,False
0,3.391791343688965,0,False
0,3.0352420806884766,1,False
0,2.073866367340088,2,False
0,1.870420217514038,0,False
0,1.6372361183166504,1,False
0,3.007310390472412,2,False
0,1.9392989873886108,0,False
0,1.9431260824203491,1,False
0,2.0342798233032227,2,False
0,3.018967628479004,2,False
0,1.423043131828308,0,False
0,1.4794421195983887,2,False
0,1.7049130201339722,2,False
0,1.6990530490875244,2,False
0,2.3071885108947754,2,False
0,1.8956577777862549,0,False
0,2.4880006313323975,1,False
0,1.5718233585357666,0,False
0,2.0650558471679688,2,False
0,1.8551812171936035,0,False
0,1.146610140800476,1,False
0,1.1909359693527222,2,False
0,6.2863287925720215,1,False
0,1.8714749813079834,0,False
0,1.407642126083374,0,False
0,5.217904090881348,0,False
0,4.161628723144531,2,False
0,3.8672029972076416,1,False
0,1.419236421585083,0,False
0,1.4082294702529907,0,False
0,3.3028650283813477,0,False
0,1.4308545589447021,0,False
0,1.2533087730407715,1,False
0,2.3670644760131836,2,False
0,2.2682833671569824,2,False
0,1.421083927154541,1,False
0,1.4372793436050415,0,False
0,2.880490779876709,2,False
0,2.0572099685668945,1,False
0,5.681396961212158,0,False
0,1.7313868999481201,2,False
0,1.2624248266220093,1,False
0,1.9115450382232666,0,False
0,3.3087682723999023,1,False
0,4.987457752227783,1,False
0,2.23466420173645,2,False
0,3.5981876850128174,2,False
0,3.336071014404297,2,False
0,3.5158841609954834,1,False
0,2.709475517272949,2,False
0,1.2070095539093018,1,False
0,4.5158796310424805,2,False
0,3.5680665969848633,2,False
0,1.0745091438293457,1,False
0,3.379239082336426,1,False
0,5.430495262145996,1,False
0,2.7052454948425293,1,False
0,1.9493476152420044,0,False
0,2.2199015617370605,1,False
0,2.2706961631774902,1,False
0,2.506232976913452,2,False
0,2.1135663986206055,2,False
0,2.889092445373535,2,False
0,1.4129695892333984,0,False
0,1.2404533624649048,1,False
0,1.2586923837661743,1,False
0,2.4636268615722656,2,False
0,1.9296903610229492,0,False
0,1.2878139019012451,1,False
0,3.5305893421173096,2,False
0,1.4235702753067017,0,False
0,1.4854919910430908,0,False
0,1.907912254333496,0,False
0,1.4058376550674438,0,False
0,1.4051628112792969,0,False
0,1.3181500434875488,1,False
0,1.909066081047058,0,False
0,1.4039959907531738,0,False
0,2.9606800079345703,1,False
0,3.045358180999756,2,False
0,1.891984462738037,0,False
0,3.9399712085723877,2,False
0,1.887860894203186,0,False
0,3.6213295459747314,2,False
0,3.197512149810791,1,False
0,3.5388433933258057,1,False
0,2.3434505462646484,1,False
0,2.539372444152832,2,False
0,2.376028537750244,2,False
0,3.611840009689331,2,False
0,1.1601152420043945,2,False
0,1.6688896417617798,2,False
0,2.326451301574707,0,False
0,2.7566487789154053,1,False
0,2.50437331199646,1,False
0,1.3886873722076416,0,False
0,2.614773750305176,2,False
0,1.4662578105926514,0,False
0,1.681496262550354,2,False
0,1.3958842754364014,0,False
0,4.048636436462402,1,False
0,1.3893898725509644,0,False
0,1.0786714553833008,1,False
0,2.060035228729248,2,False
0,3.0991454124450684,1,False
0,3.949218273162842,2,False
0,2.116377115249634,1,False
0,1.8094377517700195,0,False
0,3.5202646255493164,2,False
0,1.381438970565796,0,False
0,1.379630446434021,0,False
0,1.3881216049194336,0,False
0,2.9613027572631836,1,False
0,0.7846755981445312,1,False
0,2.2205605506896973,2,False
0,1.3806195259094238,0,False
0,3.267489433288574,2,False
0,1.3749284744262695,0,False
0,1.3953909873962402,1,False
0,2.6834192276000977,1,False
0,0.6549339294433594,0,False
0,3.1787123680114746,2,False
0,2.785344123840332,1,False
0,3.923522472381592,2,False
0,1.3707525730133057,0,False
0,1.5728440284729004,0,False
0,0.4954776167869568,0,False
0,2.4964139461517334,2,False
0,1.8752093315124512,0,False
0,1.3626766204833984,1,False
0,1.8799983263015747,0,False
0,3.1544461250305176,1,False
0,4.411899566650391,2,False
0,2.273775815963745,1,False
0,1.3394038677215576,1,False
0,4.46195650100708,1,False
0,2.937954902648926,2,False
0,3.5392351150512695,2,False
0,1.3590290546417236,1,False
0,1.3528234958648682,0,False
0,2.4430644512176514,1,False
0,5.064358234405518,2,False
0,1.8352787494659424,0,False
0,1.3522722721099854,0,False
0,1.8520700931549072,0,False
0,3.0485596656799316,1,False
0,0.9185720682144165,1,False
0,2.6116223335266113,2,False
0,2.3146862983703613,1,False
0,5.032320022583008,2,False
0,3.9737186431884766,2,False
0,1.848225474357605,1,False
0,2.53058123588562,1,False
0,4.569612503051758,1,False
0,1.3898550271987915,1,False
0,5.032783031463623,2,False
0,2.0192623138427734,2,False
0,2.5349035263061523,2,False
0,1.3773212432861328,1,False
0,2.9336020946502686,1,False
0,4.055493354797363,1,False
0,1.2138340473175049,1,False
0,2.4861490726470947,2,False
0,0.48672550916671753,0,False
0,5.096343040466309,2,False
0,1.9877562522888184,1,False
0,3.402064561843872,2,False
0,3.3306078910827637,1,False
0,4.194302558898926,0,False
0,2.323092222213745,1,False
0,1.5668919086456299,1,False
0,1.2076705694198608,1,False
0,5.200928211212158,1,False
0,1.8412877321243286,0,False
0,3.869271993637085,2,False
0,1.499774694442749,1,False
0,3.3600621223449707,1,False
0,1.8501906394958496,0,False
0,2.8528382778167725,2,False
0,1.884619951248169,2,False
0,1.3189866542816162,0,False
0,3.1485095024108887,2,False
0,2.1448426246643066,1,False
0,1.4063820838928223,0,False
0,1.3534448146820068,0,False
0,2.7643978595733643,1,False
0,2.403233289718628,2,False
0,0.46994855999946594,0,False
0,1.3167738914489746,0,False
0,2.3452329635620117,1,False
0,2.9620578289031982,2,False
0,3.5717601776123047,2,False
0,0.48828554153442383,0,False
0,1.806061029434204,2,False
0,1.314943790435791,0,False
0,2.7835452556610107,1,False
0,1.3202861547470093,0,False
0,2.4039108753204346,2,False
0,1.8374238014221191,0,False
0,1.9335391521453857,1,False
0,1.4604793787002563,0,False
0,3.0209240913391113,1,False
0,3.865142345428467,2,False
0,3.842210292816162,1,False
0,1.301417350769043,1,False
0,1.5894161462783813,0,False
0,3.1872401237487793,2,False
0,4.005919456481934,2,False
0,0.5789355635643005,0,False
0,1.3088855743408203,0,False
0,0.673386812210083,0,False
0,1.8498952388763428,0,False
0,2.4597222805023193,2,False
0,1.319544792175293,1,False
0,1.3464869260787964,1,False
0,1.8510982990264893,0,False
0,1.799304723739624,1,False
0,1.4465306997299194,1,False
0,1.3312206268310547,0,False
0,1.5257141590118408,0,False
0,2.509951591491699,2,False
0,3.0439035892486572,2,False
0,1.311420202255249,1,False
0,4.254804611206055,2,False
0,1.7867937088012695,2,False
0,1.8965048789978027,0,False
0,0.4728924036026001,0,False
0,2.84958815574646,0,False
0,0.8692222833633423,1,False
0,3.4424052238464355,2,False
0,4.263578414916992,2,False
0,0.4500926733016968,0,False
0,2.9744577407836914,2,False
0,0.5650249123573303,0,False
0,5.134031295776367,1,False
0,1.8419467210769653,0,False
0,3.873359441757202,1,False
0,4.274611949920654,1,False
0,1.793126106262207,2,False
0,1.310865879058838,0,False
0,1.854009747505188,0,False
0,3.031795024871826,2,False
0,2.2092132568359375,0,False
0,1.311964750289917,0,False
0,2.380368709564209,1,False
0,2.1722140312194824,1,False
0,1.2971900701522827,0,False
0,2.008901596069336,2,False
0,1.3041037321090698,0,False
0,1.828458309173584,0,False
0,1.8312478065490723,0,False
0,1.4878889322280884,2,False
0,1.3434274196624756,1,False
0,1.8499094247817993,0,False
0,2.1354384422302246,2,False
0,2.372342348098755,2,False
0,1.2973847389221191,0,False
0,1.8712339401245117,0,False
0,4.6004319190979,2,False
0,2.1802029609680176,1,False
0,3.5043091773986816,2,False
0,1.8518691062927246,0,False
0,4.007901191711426,2,False
0,1.0564861297607422,0,False
0,4.535358428955078,1,False
0,2.010995626449585,2,False
0,2.176060199737549,2,False
0,2.3769824504852295,1,False
0,3.4805855751037598,1,False
0,1.8544304370880127,0,False
0,1.292487382888794,0,False
0,1.2907088994979858,0,False
0,1.2945170402526855,0,False
0,1.2450438737869263,1,False
0,2.9308242797851562,2,False
0,2.4224019050598145,2,False
0,0.8870677351951599,1,False
0,5.929294109344482,1,False
0,1.6434509754180908,2,False
0,1.8710790872573853,1,False
0,1.9138450622558594,0,False
0,1.8172385692596436,0,False
0,2.5343499183654785,1,False
0,3.569793701171875,2,False
0,2.9833688735961914,2,False
0,1.8951472043991089,0,False
0,2.883091449737549,2,False
0,2.3439321517944336,2,False
0,4.193752765655518,2,False
0,2.596722364425659,2,False
0,3.7840681076049805,1,False
0,6.4435296058654785,1,False
0,2.907008171081543,1,False
0,7.222702503204346,1,False
0,1.3123363256454468,0,False
0,1.1649792194366455,2,False
0,3.249530792236328,2,False
0,3.3660831451416016,2,False
0,1.2039899826049805,1,False
0,1.0283331871032715,0,False
0,3.7553951740264893,0,False
0,2.980350971221924,2,False
0,1.2854853868484497,0,False
0,2.2237446308135986,2,False
0,1.3458943367004395,0,False
0,1.7089850902557373,2,False
0,2.860656499862671,1,False
0,0.9243242740631104,1,False
0,1.3098039627075195,1,False
0,1.8410913944244385,2,False
0,1.282711148262024,0,False
0,2.0348105430603027,2,False
0,2.009458541870117,2,False
0,1.7811106443405151,2,False
0,2.2403764724731445,1,False
0,3.524559497833252,2,False
0,3.6278183460235596,2,False
0,1.2843595743179321,0,False
0,2.223827362060547,2,False
0,2.170966386795044,1,False
0,1.8303643465042114,0,False
0,2.4013891220092773,0,False
0,1.8436620235443115,0,False
0,2.2417972087860107,1,False
0,1.3000227212905884,0,False
0,1.3803064823150635,2,False
0,3.4908201694488525,2,False
0,3.4153037071228027,2,False
0,3.5807063579559326,2,False
0,1.298706293106079,0,False
0,2.3246665000915527,0,False
0,3.6824734210968018,2,False
0,1.8381295204162598,0,False
0,2.301547050476074,1,False
0,1.572211503982544,1,False
0,1.3180792331695557,1,False
0,1.028224229812622,0,False
0,1.8395203351974487,0,False
0,1.0940629243850708,1,False
0,1.3030457496643066,0,False
0,1.6860957145690918,2,False
0,1.9476032257080078,2,False
0,2.6942334175109863,1,False
0,2.3063268661499023,2,False
0,2.807366132736206,2,False
0,2.9332613945007324,2,False
0,2.5314249992370605,1,False
0,1.4824274778366089,0,False
0,1.8411366939544678,0,False
0,1.3144395351409912,0,False
0,1.5497374534606934,1,False
0,1.8319118022918701,0,False
0,4.0430521965026855,1,False
0,3.2262511253356934,2,False
0,3.303112506866455,1,False
0,2.862771511077881,1,False
0,1.9858863353729248,1,False
0,3.97538685798645,2,False
0,1.4058564901351929,0,False
0,2.530740261077881,2,False
0,1.467519760131836,1,False
0,2.7333736419677734,2,False
0,1.7696789503097534,2,False
0,2.1645283699035645,1,False
0,2.22098970413208,1,False
0,2.1750197410583496,2,False
0,1.1711664199829102,0,False
0,3.5799551010131836,2,False
0,2.2732112407684326,1,False
0,1.397150993347168,0,False
0,0.9377868175506592,0,False
0,1.7149882316589355,1,False
0,1.9506897926330566,1,False
0,2.871847152709961,2,False
0,1.4267921447753906,2,False
0,2.9034829139709473,0,False
0,1.8854676485061646,1,False
0,1.312039852142334,0,False
0,1.2489532232284546,0,False
0,2.184089183807373,2,False
0,1.3119175434112549,0,False
0,1.3644907474517822,0,False
0,1.8377925157546997,0,False
0,1.3084818124771118,0,False
0,2.2024688720703125,1,False
0,2.2057530879974365,1,False
0,0.9255646467208862,1,False
0,1.3103554248809814,0,False
0,5.470324993133545,1,False
0,1.3076997995376587,0,False
0,1.3075453042984009,0,False
0,3.4406447410583496,2,False
0,1.0251989364624023,0,False
0,1.4490820169448853,1,False
0,1.0249220132827759,0,False
0,1.8345128297805786,2,False
0,2.2018823623657227,2,False
0,1.22994065284729,1,False
0,4.001947402954102,1,False
0,1.3303428888320923,0,False
0,2.1450788974761963,2,False
0,2.2910971641540527,2,False
0,1.3088167905807495,0,False
0,3.2170612812042236,2,False
0,1.309584140777588,0,False
0,1.7117359638214111,2,False
0,2.2377707958221436,2,False
0,3.454054832458496,2,False
0,2.1549720764160156,1,False
0,3.2905020713806152,2,False
0,4.273248195648193,2,False
0,0.4783996045589447,0,False
0,3.168914794921875,2,False
0,1.7084951400756836,2,False
0,3.5137953758239746,2,False
0,1.2919974327087402,2,False
0,1.3432799577713013,1,False
0,5.701504230499268,1,False
0,4.999292373657227,0,False
0,2.9061455726623535,2,False
0,1.4240528345108032,1,False
0,2.650688886642456,1,False
0,1.3113069534301758,0,False
0,1.3106415271759033,0,False
0,1.8433172702789307,0,False
0,1.4750741720199585,1,False
0,2.3232810497283936,1,False
0,1.3015354871749878,0,False
0,3.2531018257141113,1,False
0,4.5319600105285645,1,False
0,2.808696746826172,1,False
0,1.5716817378997803,2,False
0,0.9656751751899719,1,False
0,2.44004487991333,2,False
0,3.810296058654785,1,False
0,2.433934450149536,1,False
0,1.3132116794586182,0,False
0,1.8188154697418213,0,False
0,1.2368056774139404,2,False
0,1.8263269662857056,0,False
0,1.5430740118026733,0,False
0,2.5156025886535645,0,False
0,2.4615318775177,1,False
0,4.781332492828369,1,False
0,0.8659666180610657,0,False
0,2.302901029586792,1,False
0,2.76153826713562,1,False
0,4.410459518432617,1,False
0,4.95066499710083,1,False
0,1.1009427309036255,2,False
0,2.1853764057159424,1,False
0,2.229619026184082,1,False
0,2.29349946975708,2,False
0,4.178088188171387,1,False
0,2.482408285140991,1,False
0,1.275569200515747,1,False
0,2.6115503311157227,1,False
0,1.9253356456756592,0,False
0,1.3601398468017578,0,False
0,1.3161011934280396,0,False
0,2.3561620712280273,1,False
0,2.8770434856414795,2,False
0,2.2569494247436523,0,False
0,3.057859420776367,2,False
0,0.47963306307792664,0,False
0,1.2852060794830322,1,False
0,2.2777199745178223,2,False
0,4.138511657714844,1,False
0,3.4017202854156494,2,False
0,1.0012202262878418,0,False
0,2.321749448776245,1,False
0,2.027158260345459,2,False
0,2.42769718170166,1,False
0,1.986831784248352,1,False
0,2.289994716644287,2,False
0,2.5973334312438965,2,False
0,2.966764450073242,2,False
0,3.478503704071045,1,False
0,2.8130173683166504,2,False
0,2.3289787769317627,1,False
0,3.0078556537628174,2,False
0,1.8433231115341187,0,False
0,7.7217206954956055,1,False
0,1.3791840076446533,0,False
0,1.8651057481765747,0,False
0,3.2367703914642334,2,False
0,1.8332161903381348,1,False
0,1.8541457653045654,0,False
0,4.765115261077881,0,False
0,1.8257083892822266,0,False
0,1.8589800596237183,0,False
0,1.8108655214309692,0,False
0,2.2775516510009766,0,False
0,3.318446397781372,1,False
0,2.9949376583099365,1,False
0,2.1967105865478516,1,False
0,2.1484622955322266,2,False
0,1.833564043045044,0,False
0,0.484150767326355,0,False
0,2.7643685340881348,2,False
0,3.9681637287139893,1,False
0,3.1807031631469727,2,False
0,1.9551844596862793,1,False
0,1.734483003616333,2,False
0,1.3392291069030762,0,False
0,1.8519296646118164,0,False
0,2.271789312362671,2,False
0,6.379613399505615,1,False
0,6.003060817718506,1,False
0,1.889258861541748,2,False
0,4.236566543579102,2,False
0,4.90134859085083,0,False
0,3.152456283569336,2,False
0,1.8454875946044922,0,False
0,1.891679286956787,0,False
0,1.3154242038726807,1,False
0,2.2134389877319336,1,False
0,4.512190818786621,2,False
0,1.7325433492660522,2,False
0,1.4984761476516724,0,False
0,2.833580493927002,1,False
0,2.425065517425537,2,False
0,1.8163862228393555,0,False
0,1.3354718685150146,0,False
0,4.503101348876953,1,False
0,1.841135025024414,0,False
0,1.3510587215423584,0,False
0,2.8886499404907227,2,False
0,4.031245231628418,2,False
0,1.551518440246582,0,False
0,4.501688480377197,2,False
0,1.8250257968902588,2,False
0,2.7515206336975098,1,False
0,1.8070671558380127,0,False
0,1.8076283931732178,0,False
0,1.3550835847854614,0,False
0,2.2213804721832275,1,False
0,1.821945071220398,0,False
0,3.5531201362609863,2,False
0,1.349315881729126,0,False
0,3.2594306468963623,2,False
0,7.26677131652832,1,False
0,1.382163166999817,0,False
0,1.460127353668213,0,False
0,1.3286008834838867,2,False
0,3.3952040672302246,2,False
0,1.9207614660263062,1,False
0,0.52268385887146,0,False
0,2.0019283294677734,1,False
0,3.2415478229522705,2,False
0,2.086581230163574,1,False
0,7.160565376281738,1,False
0,1.7612807750701904,2,False
0,2.8284049034118652,2,False
0,1.3300659656524658,0,False
0,1.7774702310562134,2,False
0,0.8778842091560364,0,False
0,1.7701923847198486,2,False
0,1.8256603479385376,1,False
0,4.2329421043396,1,False
0,3.2958273887634277,2,False
0,2.2382335662841797,2,False
0,1.5103124380111694,1,False
0,1.709718942642212,1,False
0,1.3071160316467285,1,False
0,1.3373072147369385,0,False
0,1.2611061334609985,0,False
0,2.7573297023773193,2,False
0,2.090632438659668,2,False
0,1.3419487476348877,0,False
0,1.0213971138000488,0,False
0,2.160555839538574,0,False
0,3.078502655029297,2,False
0,2.4352025985717773,1,False
0,1.218562364578247,2,False
0,2.4182558059692383,2,False
0,2.4840221405029297,2,False
0,2.08370304107666,1,False
0,4.174089431762695,1,False
0,4.906706809997559,1,False
0,4.515871047973633,1,False
0,4.3749284744262695,1,False
0,2.5198216438293457,0,False
0,1.3438810110092163,0,False
0,1.9841651916503906,0,False
0,4.307799339294434,1,False
0,0.47651544213294983,0,False
0,1.5838654041290283,2,False
0,2.868565320968628,2,False
0,1.0398516654968262,0,False
0,1.1293103694915771,0,False
0,2.183710813522339,1,False
0,2.06726336479187,2,False
0,2.424224376678467,1,False
0,2.390380382537842,1,False
0,2.5755209922790527,2,False
0,2.857151746749878,1,False
0,5.138376712799072,2,False
0,1.1335288286209106,0,False
0,2.7602739334106445,2,False
0,1.3359438180923462,0,False
0,5.079634189605713,2,False
0,1.359264850616455,0,False
0,1.3187205791473389,1,False
0,1.3459999561309814,0,False
0,2.927877426147461,2,False
0,2.9706716537475586,2,False
0,2.639131546020508,0,False
0,1.4353711605072021,0,False
0,2.5880014896392822,1,False
0,1.4331704378128052,0,False
0,3.0150814056396484,2,False
0,1.1784577369689941,2,False
0,0.9935140013694763,0,False
0,2.0362181663513184,2,False
0,1.805534839630127,1,False
0,6.041895866394043,1,False
0,2.1378331184387207,0,False
0,0.7041858434677124,0,False
0,1.681138038635254,0,False
0,3.0949976444244385,1,False
0,4.225915908813477,1,False
0,0.5787889957427979,0,False
0,1.0145220756530762,0,False
0,2.339033842086792,2,False
0,1.9837582111358643,2,False
0,4.185474395751953,1,False
0,2.8142831325531006,1,False
0,0.731795072555542,0,False
0,1.7683321237564087,1,False
0,2.464996099472046,1,False
0,1.3465683460235596,0,False
0,3.5932953357696533,1,False
0,6.939626216888428,1,False
0,4.8099822998046875,0,False
0,3.321687698364258,2,False
0,2.7340426445007324,2,False
0,1.6155000925064087,1,False
0,1.3381385803222656,0,False
0,1.468673825263977,0,False
0,5.509211540222168,2,False
0,1.3202975988388062,1,False
0,2.3936684131622314,0,False
0,1.4141883850097656,2,False
0,5.108546733856201,2,False
0,1.9282596111297607,2,False
0,1.1522513628005981,0,False
0,2.4486663341522217,2,False
0,1.7563210725784302,2,False
0,2.0123343467712402,1,False
0,1.3431843519210815,0,False
0,2.340998411178589,1,False
0,1.3179023265838623,1,False
0,4.090338706970215,1,False
0,0.5415277481079102,0,False
0,2.2116992473602295,2,False
0,2.559096574783325,1,False
0,3.099663734436035,2,False
0,1.2964811325073242,0,False
0,3.3396570682525635,1,False
0,1.5384700298309326,1,False
0,0.568960964679718,0,False
0,1.5592100620269775,1,False
0,3.7456705570220947,1,False
0,2.453343152999878,1,False
0,6.144892692565918,2,False
0,1.7621471881866455,1,False
0,3.909539222717285,1,False
0,4.40330171585083,1,False
0,1.4486031532287598,0,False
0,3.057126045227051,2,False
0,3.83359956741333,1,False
0,1.6370311975479126,1,False
0,2.054945468902588,0,False
0,1.5325664281845093,1,False
0,2.543015956878662,2,False
0,1.3371715545654297,0,False
0,1.1439461708068848,2,False
0,3.3345329761505127,1,False
0,6.234548568725586,2,False
0,5.931924819946289,2,False
0,3.23989200592041,1,False
0,2.3477697372436523,2,False
0,5.782000541687012,1,False
0,5.142290115356445,2,False
0,1.4638099670410156,0,False
0,1.3217642307281494,0,False
0,4.045490264892578,2,False
0,2.2726476192474365,2,False
0,2.0827348232269287,2,False
0,3.076488971710205,0,False
0,2.331836223602295,1,False
0,3.3586623668670654,2,False
0,3.7547953128814697,2,False
0,2.3791232109069824,1,False
0,1.7859617471694946,0,False
0,2.034191370010376,2,False
0,2.458167791366577,0,False
0,0.5185638070106506,0,False
0,1.8493608236312866,2,False
0,1.5502092838287354,0,False
0,2.3752822875976562,2,False
0,1.3057485818862915,1,False
0,0.7425802946090698,2,False
0,2.9255259037017822,1,False
0,3.1247496604919434,1,False
0,6.112122535705566,2,False
0,1.4408551454544067,0,False
0,5.028397560119629,2,False
0,5.921994686126709,2,False
0,0.6076393723487854,0,False
0,2.987057685852051,2,False
0,7.161353588104248,1,False
0,0.6032661199569702,0,False
0,3.672328233718872,1,False
0,1.3548643589019775,0,False
0,1.4737932682037354,0,False
0,1.4065463542938232,0,False
0,2.321991205215454,1,False
0,2.882676839828491,1,False
0,2.664313793182373,0,False
0,6.755043983459473,1,False
0,1.398281455039978,0,False
0,1.356165885925293,0,False
0,1.3875616788864136,1,False
0,2.18105411529541,0,False
0,1.9105415344238281,1,False
0,1.379023551940918,0,False
0,0.7720299959182739,0,False
0,1.553221344947815,0,False
0,1.1413769721984863,2,False
0,7.055648326873779,1,False
0,1.3216960430145264,1,False
0,2.9687557220458984,2,False
0,3.373037815093994,2,False
0,2.4464545249938965,2,False
0,1.6256752014160156,0,False
0,2.304823398590088,2,False
0,1.9733083248138428,2,False
0,1.7327882051467896,0,False
0,2.619675397872925,1,False
0,1.708985686302185,1,False
0,2.4982783794403076,2,False
0,5.108658790588379,2,False
0,1.2145509719848633,2,False
0,1.6625280380249023,2,False
0,3.2968077659606934,2,False
0,4.292558193206787,0,False
0,1.4478667974472046,0,False
0,1.9097763299942017,1,False
0,2.8767566680908203,1,False
0,1.4472113847732544,0,False
0,2.348590850830078,2,False
0,1.3890328407287598,1,False
0,1.3486051559448242,0,False
0,2.1623599529266357,0,False
0,4.9454665184021,2,False
0,5.071491241455078,1,False
0,1.4290261268615723,0,False
0,4.628994941711426,0,False
0,3.445922374725342,0,False
0,3.170210838317871,2,False
0,2.9756743907928467,1,False
0,2.354292869567871,2,False
0,7.208536148071289,1,False
0,1.596473217010498,0,False
0,1.0531713962554932,2,False
0,6.203490257263184,2,False
0,5.229023456573486,1,False
0,2.462002754211426,2,False
0,2.7301583290100098,2,False
0,1.7165956497192383,2,False
0,1.5471771955490112,2,False
0,2.012632369995117,2,False
0,1.3473353385925293,0,False
0,1.353152871131897,1,False
0,2.260930061340332,0,False
0,1.9496346712112427,1,False
0,1.672830581665039,2,False
0,2.233977794647217,1,False
0,3.6754956245422363,1,False
0,1.0184154510498047,2,False
0,6.404395580291748,1,False
0,2.7096128463745117,2,False
0,1.3455731868743896,0,False
0,2.178788185119629,0,False
0,4.842011451721191,2,False
0,3.5523805618286133,0,False
0,1.495508074760437,1,False
0,1.3486745357513428,0,False
0,4.041647911071777,2,False
0,1.6735010147094727,2,False
0,3.0246939659118652,1,False
0,1.8936505317687988,1,False
0,2.260444164276123,0,False
0,2.830432415008545,2,False
0,1.3812819719314575,1,False
0,1.0446536540985107,1,False
0,3.4455935955047607,0,False
0,1.5700159072875977,0,False
0,1.7478598356246948,1,False
0,7.250675201416016,1,False
0,3.6348228454589844,2,False
0,2.7460100650787354,1,False
0,2.135664224624634,2,False
0,2.4207301139831543,1,False
0,0.8352113366127014,2,False
0,2.862873077392578,2,False
0,1.4562678337097168,0,False
0,1.430483102798462,0,False
0,3.77569580078125,1,False
0,3.6559152603149414,0,False
0,2.84501051902771,0,False
0,0.7991757392883301,0,False
0,1.3778258562088013,0,False
0,1.6356290578842163,0,False
0,1.0035079717636108,2,False
0,1.4014726877212524,1,False
0,6.171454429626465,2,False
0,1.6671587228775024,2,False
0,1.7983521223068237,2,False
0,1.38650643825531,0,False
0,1.9939063787460327,2,False
0,1.9318937063217163,1,False
0,5.151707649230957,2,False
0,1.157108187675476,1,False
0,1.4811362028121948,0,False
0,3.3109405040740967,2,False
0,3.7491416931152344,1,False
0,4.122285842895508,2,False
0,2.091562032699585,2,False
0,2.9593679904937744,1,False
0,1.587296962738037,0,False
0,2.7230544090270996,2,False
0,4.514689922332764,0,False
0,0.7968094944953918,1,False
0,2.308086395263672,1,False
0,1.461200475692749,0,False
0,1.8857327699661255,1,False
0,1.5149343013763428,1,False
0,2.2066147327423096,0,False
0,1.3790696859359741,0,False
0,2.9934582710266113,2,False
0,1.292367935180664,0,False
0,3.1526565551757812,0,False
0,6.1427202224731445,1,False
0,6.665496349334717,2,False
0,1.344113826751709,0,False
0,3.483459234237671,2,False
0,2.2365822792053223,0,False
0,1.8905562162399292,1,False
0,6.801607608795166,1,False
0,2.2685863971710205,2,False
0,1.3758260011672974,0,False
0,1.8774826526641846,1,False
0,4.174377918243408,2,False
0,2.8052148818969727,2,False
0,2.044884204864502,1,False
0,2.24448823928833,0,False
0,0.7074708938598633,0,False
0,2.860102653503418,2,False
0,1.226008415222168,2,False
0,1.6627196073532104,2,False
0,1.3429831266403198,0,False
0,4.393455505371094,0,False
0,3.521963357925415,0,False
0,3.0781407356262207,2,False
0,5.051844120025635,2,False
0,5.752297401428223,1,False
0,2.7475290298461914,0,False
0,1.4327638149261475,1,False
0,5.342545509338379,2,False
0,1.5393917560577393,2,False
0,3.1834521293640137,1,False
0,4.933624267578125,2,False
0,2.8126542568206787,0,False
0,1.927175760269165,1,False
0,2.668344259262085,1,False
0,3.01304292678833,1,False
0,2.7103142738342285,2,False
0,1.689495325088501,1,False
0,3.860910177230835,0,False
0,1.4518916606903076,1,False
0,1.3335561752319336,0,False
0,1.5020787715911865,1,False
0,1.5572494268417358,2,False
0,2.9328694343566895,0,False
0,5.544198989868164,1,False
0,2.2961690425872803,1,False
0,2.1688404083251953,1,False
0,2.322821855545044,0,False
0,2.2436699867248535,0,False
0,5.430823802947998,0,False
0,3.8305702209472656,0,False
0,1.4192233085632324,1,False
0,2.9134767055511475,1,False
0,2.7783493995666504,2,False
0,4.8481926918029785,0,False
0,0.5762877464294434,2,False
0,2.243633270263672,1,False
0,2.334075927734375,2,False
0,1.1162984371185303,2,False
0,2.000778913497925,2,False
0,4.41750431060791,0,False
0,4.348687648773193,2,False
0,1.6499199867248535,2,False
0,1.4347256422042847,1,False
0,3.0411486625671387,1,False
0,3.756535053253174,0,False
0,3.073979139328003,1,False
0,1.2926796674728394,1,False
0,2.863252878189087,0,False
0,1.0059096813201904,2,False
0,4.517171382904053,2,False
0,1.4150346517562866,0,False
0,0.832076907157898,2,False
0,4.4822492599487305,2,False
0,1.3369393348693848,1,False
0,3.985386848449707,0,False
0,5.697380065917969,0,False
0,1.437096118927002,1,False
0,1.102464199066162,0,False
0,3.6537394523620605,0,False
0,1.7709248065948486,2,False
0,3.2259068489074707,0,False
0,1.9744887351989746,2,False
0,4.396767616271973,2,False
0,3.8842358589172363,2,False
0,1.7271175384521484,2,False
0,0.573570966720581,2,False
0,3.096801280975342,2,False
0,1.615287184715271,2,False
0,2.2993242740631104,2,False
0,2.6693453788757324,0,False
0,2.1545255184173584,1,False
0,2.2550048828125,1,False
0,1.5451090335845947,0,False
0,3.360039234161377,2,False
0,0.9730141162872314,1,False
0,2.1289713382720947,0,False
0,1.4115471839904785,1,False
0,1.7075488567352295,1,False
0,4.487921714782715,0,False
0,2.6444196701049805,2,False
0,1.7581849098205566,2,False
0,1.7137209177017212,2,False
0,1.909390926361084,2,False
0,2.829202175140381,2,False
0,4.269137382507324,2,False
0,1.7506119012832642,2,False
0,0.7717314958572388,0,False
0,4.180783271789551,0,False
0,1.1403945684432983,0,False
0,2.6882333755493164,2,False
0,1.343949556350708,0,False
0,1.2921934127807617,2,False
0,2.1608781814575195,1,False
0,2.713038206100464,0,False
0,2.2520971298217773,1,False
0,3.930540084838867,0,False
0,1.8996261358261108,0,False
0,1.4270565509796143,1,False
0,2.4769012928009033,1,False
0,2.117581367492676,0,False
0,1.6049619913101196,2,False
0,1.9109559059143066,0,False
0,2.2099335193634033,1,False
0,2.4277570247650146,1,False
0,1.9367344379425049,1,False
0,4.5203022956848145,0,False
0,3.2376015186309814,0,False
0,2.527212619781494,1,False
0,2.026296615600586,2,False
0,1.3087046146392822,1,False
0,1.358848214149475,2,False
0,1.4925183057785034,1,False
0,2.1348392963409424,0,False
0,1.5141137838363647,1,False
0,2.4313716888427734,1,False
0,2.380800485610962,0,False
0,2.0001463890075684,1,False
0,1.440603494644165,2,False
0,3.262631416320801,2,False
0,1.5825791358947754,0,False
0,4.097336769104004,2,False
0,1.9805375337600708,2,False
0,1.4526286125183105,1,False
0,3.4368367195129395,2,False
0,1.3927392959594727,0,False
0,1.9663822650909424,1,False
0,1.384325385093689,1,False
0,2.4446048736572266,0,False
0,2.237874984741211,1,False
0,1.4655314683914185,1,False
0,1.4498471021652222,1,False
0,3.276905059814453,2,False
0,0.7230761647224426,2,False
0,3.5393948554992676,0,False
0,3.1616382598876953,0,False
0,2.4720842838287354,1,False
0,1.0043193101882935,1,False
0,3.943232536315918,2,False
0,3.463467836380005,2,False
0,1.396531343460083,0,False
0,1.5884230136871338,2,False
0,1.587347149848938,2,False
0,1.409029483795166,1,False
0,3.776745319366455,2,False
0,2.0262820720672607,0,False
0,2.2821848392486572,0,False
0,1.444819688796997,1,False
0,1.4184736013412476,1,False
0,2.9279942512512207,2,False
0,2.484288215637207,1,False
0,1.6831996440887451,0,False
0,1.608191967010498,1,False
0,0.8463964462280273,0,False
0,3.2317466735839844,1,False
0,2.2638118267059326,0,False
0,1.5144755840301514,0,False
0,2.2286782264709473,1,False
0,2.110140323638916,1,False
0,1.3396332263946533,1,False
0,4.235011100769043,2,False
0,2.1321358680725098,0,False
0,2.369800567626953,0,False
0,4.267753601074219,2,False
0,1.4451463222503662,1,False
0,3.3952810764312744,2,False
0,0.6408710479736328,0,False
0,1.7350013256072998,0,False
0,2.1604080200195312,0,False
0,2.5702922344207764,2,False
0,1.4126055240631104,1,False
0,2.5964300632476807,0,False
0,1.5729820728302002,1,False
0,5.046272277832031,1,False
0,3.2762160301208496,0,False
0,2.119044780731201,0,False
0,2.8804173469543457,0,False
0,1.6455185413360596,2,False
0,0.9327683448791504,2,False
0,2.1242096424102783,0,False
0,1.6012181043624878,1,False
0,1.6193537712097168,1,False
0,2.838449001312256,1,False
0,1.2616502046585083,1,False
0,1.8520839214324951,0,False
0,1.4521756172180176,1,False
0,0.651292085647583,0,False
0,2.567798614501953,1,False
0,3.385655164718628,2,False
0,1.2712149620056152,1,False
0,3.766730785369873,2,False
0,1.9651525020599365,2,False
0,1.3140547275543213,2,False
0,2.9898500442504883,2,False
0,1.4463499784469604,2,False
0,4.059528350830078,0,False
0,2.5023722648620605,0,False
0,1.8127171993255615,1,False
0,1.471191167831421,1,False
0,2.1193740367889404,0,False
0,4.620308876037598,2,False
0,1.4035930633544922,1,False
0,4.273094177246094,2,False
0,0.6968855857849121,0,False
0,1.8196064233779907,0,False
0,0.8401363492012024,0,False
0,2.3539109230041504,0,False
0,0.9391950368881226,2,False
0,2.1867451667785645,0,False
0,0.8470205068588257,0,False
0,2.2846789360046387,0,False
0,2.1594929695129395,1,False
0,0.9393337965011597,0,False
0,1.7010114192962646,1,False
0,0.6105754375457764,0,False
0,4.489841938018799,2,False
0,3.088189125061035,2,False
0,1.2598543167114258,2,False
0,1.722227931022644,0,False
0,1.236595630645752,2,False
0,1.2298715114593506,1,False
0,2.183284282684326,0,False
0,1.5624597072601318,2,False
0,1.8521935939788818,0,False
0,1.5361149311065674,2,False
0,2.149698257446289,0,False
0,3.416022300720215,2,False
0,2.9170167446136475,1,False
0,0.6828713417053223,0,False
0,2.4125304222106934,0,False
0,2.3424196243286133,0,False
0,4.277896881103516,2,False
0,0.6563886404037476,0,False
0,0.8180524110794067,0,False
0,1.466242790222168,1,False
0,3.290919303894043,2,False
0,1.5107146501541138,1,False
0,1.8287371397018433,1,False
0,1.561126708984375,1,False
0,2.785686492919922,1,False
0,2.334653854370117,2,False
0,1.8633434772491455,0,False
0,2.718320846557617,1,False
0,3.4685592651367188,2,False
0,0.7998664379119873,0,False
0,2.0028743743896484,2,False
0,2.6913561820983887,2,False
0,0.8361598253250122,0,False
0,4.207923412322998,2,False
0,1.4645991325378418,2,False
0,3.598398208618164,1,False
0,1.6028600931167603,1,False
0,1.6461505889892578,1,False
0,1.4475613832473755,1,False
0,1.3820253610610962,2,False
0,4.168814659118652,2,False
0,1.8920583724975586,2,False
0,3.9986398220062256,2,False
0,1.627516508102417,1,False
0,4.366782188415527,2,False
0,1.6163820028305054,1,False
0,2.2894785404205322,0,False
0,1.3231918811798096,1,False
0,1.992363691329956,1,False
0,1.4728935956954956,1,False
0,2.1789636611938477,0,False
0,2.1534595489501953,0,False
0,0.6356378793716431,0,False
0,2.4954211711883545,0,False
0,1.4433300495147705,1,False
0,5.484652042388916,1,False
0,1.6076788902282715,0,False
0,0.9587067365646362,0,False
0,2.5096843242645264,1,False
0,2.6829495429992676,2,False
0,1.5681174993515015,0,False
0,1.4643105268478394,1,False
0,1.557541847229004,2,False
0,0.9102490544319153,2,False
0,3.5248661041259766,2,False
0,1.8947244882583618,1,False
0,2.2784149646759033,0,False
0,0.6632851362228394,0,False
0,3.3810195922851562,2,False
0,1.9642534255981445,1,False
0,1.601742148399353,1,False
0,2.428558349609375,0,False
0,1.4566185474395752,1,False
0,1.602065086364746,1,False
0,2.852024793624878,2,False
0,3.1948771476745605,1,False
0,3.4928486347198486,2,False
0,1.6787209510803223,0,False
0,3.881071090698242,2,False
0,2.0135338306427,0,False
0,1.6548768281936646,1,False
0,3.654059886932373,2,False
0,4.030045509338379,2,False
0,1.572754144668579,1,False
0,1.2902772426605225,2,False
0,0.6365182399749756,0,False
0,1.8965227603912354,1,False
0,5.380056858062744,1,False
0,1.5020183324813843,1,False
0,1.4887340068817139,1,False
0,2.1638731956481934,0,False
0,1.3337843418121338,0,False
0,2.79512882232666,0,False
0,1.5247504711151123,2,False
0,2.7109286785125732,1,False
0,3.108429193496704,2,False
0,0.7578175663948059,0,False
0,2.806614875793457,1,False
0,1.5864416360855103,1,False
0,3.318869113922119,2,False
0,3.325789451599121,2,False
0,0.698034942150116,0,False
0,3.150907516479492,1,False
0,1.5870909690856934,0,False
0,3.0611093044281006,0,False
0,1.1692850589752197,2,False
0,3.3217668533325195,1,False
0,1.604576826095581,1,False
0,0.8776048421859741,0,False
0,1.5895323753356934,0,False
0,2.811677932739258,0,False
0,2.2221322059631348,1,False
0,1.6283162832260132,2,False
0,1.582528829574585,1,False
0,4.653639793395996,2,False
0,1.3569954633712769,2,False
0,2.1493191719055176,1,False
0,1.3851032257080078,2,False
0,3.333482265472412,2,False
0,1.7068085670471191,0,False
0,1.5881497859954834,1,False
0,1.216609001159668,0,False
0,1.895828127861023,1,False
0,1.7288126945495605,2,False
0,3.790440559387207,2,False
0,1.6119627952575684,1,False
0,2.5512356758117676,0,False
0,1.4836387634277344,1,False
0,1.1106948852539062,2,False
0,1.2210407257080078,2,False
0,1.5293872356414795,1,False
0,1.5047593116760254,0,False
0,1.5798020362854004,1,False
0,1.8607406616210938,0,False
0,0.6464425325393677,0,False
0,4.084489822387695,2,False
0,2.46182918548584,0,False
0,2.7726283073425293,1,False
0,2.5110373497009277,1,False
0,1.6258622407913208,1,False
0,1.7066267728805542,0,False
0,2.154214382171631,0,False
0,1.5812599658966064,0,False
0,3.1027350425720215,2,False
0,1.46769380569458,1,False
0,3.019430160522461,1,False
0,4.381036758422852,2,False
0,0.998167872428894,0,False
0,4.79813289642334,2,False
0,0.6954001188278198,0,False
0,2.1175873279571533,0,False
0,1.6227352619171143,0,False
0,0.8149181604385376,0,False
0,2.0168967247009277,1,False
0,1.27585768699646,2,False
0,0.6912121772766113,0,False
0,1.263634204864502,2,False
0,2.067864179611206,2,False
0,1.8166537284851074,0,False
0,3.0266411304473877,2,False
0,1.6147925853729248,1,False
0,1.4784590005874634,0,False
0,1.4062813520431519,0,False
0,1.6648564338684082,1,False
0,1.5951120853424072,2,False
0,1.5406451225280762,1,False
0,2.8372435569763184,2,False
0,1.5430712699890137,0,False
0,2.044450283050537,2,False
0,1.2144577503204346,1,False
0,2.1924872398376465,0,False
0,0.5751661062240601,0,False
0,1.9053843021392822,1,False
0,2.8465330600738525,2,False
0,1.721174955368042,1,False
0,1.1394964456558228,2,False
0,0.8753736615180969,0,False
0,2.3222298622131348,2,False
0,1.6550055742263794,1,False
0,3.52047061920166,1,False
0,2.0138182640075684,1,False
0,2.769198417663574,0,False
0,2.188732862472534,1,False
0,3.8777427673339844,2,False
0,2.2239227294921875,0,False
0,2.2038040161132812,2,False
0,3.5102806091308594,0,False
0,0.5175986886024475,0,False
0,3.219595432281494,1,False
0,1.230147123336792,1,False
0,1.5841851234436035,0,False
0,3.4719276428222656,2,False
0,0.8878798484802246,2,False
0,1.2328896522521973,2,False
0,3.495058298110962,0,False
0,0.729682981967926,2,False
0,1.373942494392395,0,False
0,1.635493516921997,1,False
0,1.5008471012115479,0,False
0,3.2485759258270264,1,False
0,1.2859158515930176,2,False
0,1.6418086290359497,1,False
0,3.547959804534912,2,False
0,1.7543201446533203,0,False
0,1.350697636604309,1,False
0,2.3848705291748047,0,False
0,0.8673925399780273,0,False
0,2.9433035850524902,1,False
0,1.5312862396240234,1,False
0,2.0982680320739746,1,False
0,1.2912249565124512,1,False
0,1.6864397525787354,1,False
0,1.630428433418274,1,False
0,0.8193556070327759,0,False
0,0.9293012022972107,0,False
0,1.1264928579330444,2,False
0,3.776477336883545,2,False
0,0.6952425241470337,0,False
0,1.2107582092285156,1,False
0,2.982283115386963,2,False
0,2.990279197692871,2,False
0,4.317440032958984,1,False
0,3.099954605102539,2,False
0,2.9425008296966553,2,False
0,1.5565779209136963,0,False
0,2.8610243797302246,2,False
0,2.176241159439087,1,False
0,3.614637851715088,2,False
0,4.253902435302734,2,False
0,2.854361057281494,2,False
0,2.8378024101257324,2,False
0,1.4288983345031738,1,False
0,1.274153709411621,1,False
0,2.227119207382202,1,False
0,0.7676244378089905,0,False
0,0.7755621671676636,0,False
0,0.623082160949707,0,False
0,1.2767901420593262,1,False
0,4.368462085723877,2,False
0,1.1858688592910767,2,False
0,0.5196032524108887,0,False
0,1.6076250076293945,1,False
0,1.127451777458191,2,False
0,2.759857416152954,1,False
0,1.4509049654006958,1,False
0,2.7241032123565674,2,False
0,2.1408536434173584,0,False
0,1.273404836654663,1,False
0,2.1957972049713135,0,False
0,1.7513458728790283,0,False
0,0.7665915489196777,0,False
0,2.175325870513916,1,False
0,1.4163782596588135,1,False
0,1.3547372817993164,2,False
0,1.7794256210327148,0,False
0,4.614379405975342,2,False
0,2.2695119380950928,1,False
0,2.2167699337005615,0,False
0,1.3489692211151123,1,False
0,2.1581532955169678,0,False
0,2.746342658996582,2,False
0,3.978637218475342,2,False
0,1.7475438117980957,2,False
0,1.4827861785888672,1,False
0,1.31520414352417,2,False
0,0.8630620241165161,0,False
0,1.807546615600586,2,False
0,1.4228589534759521,0,False
0,2.360898971557617,0,False
0,2.730031967163086,2,False
0,2.739701271057129,2,False
0,3.538144111633301,1,False
0,1.0276565551757812,2,False
0,1.4309049844741821,0,False
0,4.370469570159912,1,False
0,0.5534014105796814,0,False
0,2.1509532928466797,1,False
0,2.166468620300293,1,False
0,0.518203854560852,0,False
0,1.467092514038086,0,False
0,3.4328453540802,1,False
0,1.2101945877075195,2,False
0,2.1755504608154297,1,False
0,1.629145622253418,1,False
0,1.4930540323257446,0,False
0,0.9842773675918579,2,False
0,0.718009352684021,0,False
0,2.3849267959594727,0,False
0,0.9388949871063232,2,False
0,3.6831696033477783,0,False
0,2.2373175621032715,0,False
0,2.2579524517059326,2,False
0,1.7799497842788696,0,False
0,2.8701789379119873,2,False
0,1.6174688339233398,0,False
0,1.4592729806900024,0,False
0,1.2847900390625,1,False
0,2.3957760334014893,2,False
0,2.320617437362671,0,False
0,2.184126377105713,2,False
0,1.794694423675537,0,False
0,0.7031424045562744,0,False
0,2.536806106567383,2,False
0,2.122002601623535,0,False
0,0.812060534954071,2,False
0,1.2572529315948486,1,False
0,3.4532814025878906,2,False
0,2.1231136322021484,2,False
0,0.8237559795379639,0,False
0,3.2246487140655518,2,False
0,2.424424648284912,0,False
0,2.193056344985962,0,False
0,2.0804765224456787,2,False
0,2.3092241287231445,2,False
0,1.4587088823318481,1,False
0,1.7110822200775146,1,False
0,2.1407837867736816,2,False
0,2.7653555870056152,2,False
0,1.700258731842041,1,False
0,1.5559277534484863,1,False
0,2.5956177711486816,2,False
0,2.2919864654541016,0,False
0,1.4691787958145142,0,False
0,1.237616777420044,2,False
0,1.9366182088851929,1,False
0,1.5385034084320068,1,False
0,1.7707141637802124,0,False
0,2.6377766132354736,0,False
0,2.389256477355957,1,False
0,3.379746198654175,1,False
0,3.3849856853485107,1,False
0,1.7459230422973633,1,False
0,3.167915105819702,2,False
0,3.381593942642212,1,False
0,4.641542434692383,2,False
0,2.2181296348571777,2,False
0,1.3760582208633423,1,False
0,4.371126651763916,2,False
0,2.102193832397461,2,False
0,0.8337759971618652,0,False
0,3.166008949279785,1,False
0,0.7684260606765747,0,False
0,1.2839515209197998,1,False
0,2.2802889347076416,1,False
0,2.539592742919922,1,False
0,2.7636818885803223,1,False
0,0.8553023934364319,2,False
0,2.0234720706939697,1,False
0,0.8031946420669556,0,False
0,1.8478689193725586,2,False
0,2.156388759613037,0,False
0,1.5952301025390625,0,False
0,0.9332146048545837,2,False
0,2.1443471908569336,2,False
0,1.8211392164230347,1,False
0,1.1126865148544312,2,False
0,0.6971136331558228,0,False
0,1.741065502166748,1,False
0,0.6177855730056763,2,False
0,1.2116063833236694,1,False
0,0.6821158528327942,2,False
0,2.0626065731048584,2,False
0,1.1333036422729492,2,False
0,1.3558175563812256,1,False
0,1.5667420625686646,0,False
0,1.7351138591766357,1,False
0,1.872555136680603,0,False
0,3.3600902557373047,1,False
0,1.3558604717254639,0,False
0,0.6088486909866333,0,False
0,1.8677319288253784,0,False
0,0.7222230434417725,0,False
0,0.8287045955657959,0,False
0,1.3165645599365234,1,False
0,1.7193950414657593,2,False
0,1.7478528022766113,1,False
0,2.1088881492614746,2,False
0,1.3498456478118896,0,False
0,1.4775443077087402,0,False
0,2.3172919750213623,0,False
0,2.6082301139831543,1,False
0,1.6980407238006592,1,False
0,3.0466952323913574,2,False
0,1.9635744094848633,2,False
0,0.5990830063819885,2,False
0,1.8250956535339355,0,False
0,1.4615087509155273,1,False
0,1.8130226135253906,0,False
0,3.9523026943206787,2,False
0,1.4279025793075562,2,False
0,1.5970284938812256,1,False
0,0.9236074686050415,1,False
0,1.9934278726577759,2,False
0,2.2370710372924805,1,False
0,2.071542263031006,1,False
0,1.7241114377975464,1,False
0,2.781505584716797,1,False
0,2.076653003692627,1,False
0,1.7146257162094116,1,False
0,4.885833740234375,2,False
0,1.7786821126937866,0,False
0,2.100515842437744,1,False
0,1.251133680343628,1,False
0,1.9209723472595215,2,False
0,3.5738420486450195,2,False
0,2.0306010246276855,0,False
0,1.406072735786438,1,False
0,3.817552089691162,0,False
0,2.4356255531311035,0,False
0,1.5334571599960327,0,False
0,2.0214953422546387,2,False
0,1.9304871559143066,2,False
0,0.7026084661483765,0,False
0,0.5945192575454712,2,False
0,1.090766191482544,2,False
0,0.8433175086975098,0,False
0,1.6052331924438477,2,False
0,1.6337096691131592,1,False
0,1.1580564975738525,0,False
0,1.602047324180603,1,False
0,1.4403326511383057,0,False
0,1.812995433807373,2,False
0,3.2432262897491455,2,False
0,1.638530969619751,1,False
0,0.5954478979110718,2,False
0,1.97707998752594,2,False
0,0.5891313552856445,2,False
0,1.4857450723648071,2,False
0,1.6069228649139404,1,False
0,0.5694324374198914,0,False
0,2.092092752456665,2,False
0,3.3609282970428467,0,False
0,2.9203877449035645,2,False
0,2.9489173889160156,2,False
0,3.6557812690734863,1,False
0,1.1148625612258911,1,False
0,1.7229976654052734,2,False
0,2.4125208854675293,1,False
0,3.384321689605713,1,False
0,3.046354055404663,1,False
0,0.6178401112556458,2,False
0,1.786938190460205,1,False
0,2.010396718978882,2,False
0,0.5636565685272217,2,False
0,2.876430034637451,2,False
0,1.8895366191864014,1,False
0,3.3220229148864746,1,False
0,1.7403526306152344,1,False
0,1.5031898021697998,0,False
0,3.3630480766296387,0,False
0,3.7665843963623047,0,False
0,1.3385841846466064,1,False
0,1.2093552350997925,1,False
0,2.922084331512451,2,False
0,0.7009847164154053,0,False
0,2.1196751594543457,1,False
0,3.8385043144226074,1,False
0,1.5714634656906128,1,False
0,1.2432198524475098,1,False
0,1.5523866415023804,0,False
0,2.5963315963745117,2,False
0,1.4787565469741821,0,False
0,0.8555546998977661,0,False
0,2.2684237957000732,0,False
0,1.3470239639282227,1,False
0,1.5607858896255493,0,False
0,2.3771653175354004,2,False
0,0.7448705434799194,0,False
0,0.8135946393013,2,False
0,0.7328785061836243,0,False
0,0.6602811813354492,0,False
0,1.443442940711975,1,False
0,2.3597359657287598,0,False
0,0.7963806390762329,2,False
0,4.5407185554504395,2,False
0,3.6164655685424805,1,False
0,1.8724606037139893,1,False
0,0.9705461859703064,0,False
0,2.3109793663024902,1,False
0,2.14865779876709,1,False
0,0.9370409250259399,0,False
0,1.7415461540222168,0,False
0,0.48788177967071533,0,False
0,1.3074921369552612,1,False
0,0.7077910900115967,0,False
0,5.15756893157959,0,False
0,1.021025538444519,2,False
0,1.5221912860870361,1,False
0,3.6778759956359863,1,False
0,2.111318826675415,0,False
0,1.8422563076019287,2,False
0,1.6790722608566284,2,False
0,2.086290121078491,1,False
0,3.0329747200012207,1,False
0,1.9699121713638306,2,False
0,3.7279903888702393,2,False
0,2.587985038757324,0,False
0,1.780358076095581,0,False
0,0.58351731300354,2,False
0,2.325505256652832,0,False
0,0.6497777104377747,0,False
0,1.468196988105774,1,False
0,1.2810306549072266,1,False
0,2.7192342281341553,1,False
0,1.7858680486679077,2,False
0,3.051661968231201,0,False
0,1.7535321712493896,2,False
0,2.32804012298584,0,False
0,1.9789235591888428,2,False
0,1.0373320579528809,0,False
0,1.1365129947662354,1,False
0,1.4579788446426392,1,False
0,1.6756000518798828,2,False
0,3.341019630432129,2,False
0,0.6756367683410645,0,False
0,1.2090699672698975,0,False
0,0.538454532623291,2,False
0,2.16495680809021,0,False
0,1.1647700071334839,0,False
0,1.2304061651229858,2,False
0,2.905414581298828,1,False
0,1.8799086809158325,2,False
0,2.9912686347961426,2,False
0,0.8879129886627197,2,False
0,0.6907172203063965,0,False
0,1.8254210948944092,0,False
0,1.3008852005004883,1,False
0,1.1637822389602661,0,False
0,0.6840158700942993,0,False
0,2.1963014602661133,0,False
0,1.279862403869629,2,False
0,1.538834571838379,1,False
0,1.565608263015747,1,False
0,1.3256447315216064,1,False
0,1.8399102687835693,2,False
0,1.7915072441101074,2,False
0,1.413933515548706,0,False
0,1.7426432371139526,2,False
0,1.188790202140808,1,False
0,1.866973876953125,0,False
0,0.6580395102500916,0,False
0,0.5109472274780273,2,False
0,1.9067448377609253,2,False
0,4.399926662445068,2,False
0,1.6867458820343018,2,False
0,1.3204829692840576,1,False
0,1.4887654781341553,1,False
0,1.7370755672454834,0,False
0,0.47463327646255493,2,False
0,3.104050874710083,1,False
0,0.7567079663276672,0,False
0,1.7764698266983032,0,False
0,2.8408002853393555,1,False
0,1.0750898122787476,2,False
0,1.4046564102172852,1,False
0,2.4304332733154297,0,False
0,1.8375197649002075,2,False
0,1.396315574645996,1,False
0,1.8356144428253174,2,False
0,1.2682838439941406,2,False
0,3.940547466278076,1,False
0,1.830405354499817,0,False
0,2.5384397506713867,1,False
0,1.522009015083313,0,False
0,4.132527828216553,1,False
0,1.5630639791488647,1,False
0,1.2173560857772827,0,False
0,1.3227959871292114,0,False
0,0.6566291451454163,2,False
0,2.9424984455108643,1,False
0,2.4359545707702637,0,False
0,1.0477814674377441,2,False
0,1.2723605632781982,1,False
0,2.0063095092773438,2,False
0,2.0966439247131348,0,False
0,3.7526297569274902,1,False
0,1.3497015237808228,1,False
0,1.827598214149475,2,False
0,1.3730978965759277,1,False
0,3.431528091430664,0,False
0,0.8711469173431396,2,False
0,0.7886883020401001,0,False
0,1.5109715461730957,1,False
0,1.6852293014526367,2,False
0,2.9409432411193848,0,False
0,1.2421159744262695,0,False
0,2.309710741043091,2,False
0,1.8741283416748047,1,False
0,0.7439934611320496,0,False
0,0.7527847290039062,2,False
0,1.4057284593582153,0,False
0,2.205073833465576,1,False
0,1.7035505771636963,2,False
0,0.871721625328064,0,False
0,2.3947348594665527,0,False
0,1.8863002061843872,2,False
0,3.4301719665527344,1,False
0,0.7156956195831299,2,False
0,0.8262937068939209,0,False
0,0.47594624757766724,2,False
0,1.1634292602539062,0,False
0,1.237572431564331,2,False
0,3.1780261993408203,1,False
0,1.2172085046768188,1,False
0,1.6232308149337769,2,False
0,1.1870099306106567,2,False
0,2.5494518280029297,1,False
0,1.6636091470718384,1,False
0,4.274637222290039,2,False
0,1.5729715824127197,0,False
0,1.6078318357467651,2,False
0,4.393050193786621,0,False
0,0.4608849883079529,2,False
0,1.1768789291381836,2,False
0,0.8985716104507446,2,False
0,2.9333672523498535,2,False
0,1.0240930318832397,1,False
0,1.6391841173171997,1,False
0,2.7892253398895264,1,False
0,0.6022897958755493,2,False
0,1.4836983680725098,0,False
0,0.5743659734725952,0,False
0,1.5630789995193481,2,False
0,1.1108916997909546,2,False
0,3.292141914367676,1,False
0,3.403200626373291,2,False
0,1.1948996782302856,0,False
0,2.735701560974121,1,False
0,1.827244758605957,0,False
0,1.653586745262146,1,False
0,1.5406150817871094,2,False
0,1.4538016319274902,0,False
0,3.843386173248291,2,False
0,3.216447353363037,1,False
0,0.4511242210865021,2,False
0,3.7668864727020264,1,False
0,0.8500723838806152,0,False
0,1.7376952171325684,2,False
0,1.6320477724075317,0,False
0,2.4651317596435547,0,False
0,2.138106346130371,1,False
0,2.609351873397827,1,False
0,1.4985216856002808,2,False
0,0.7971895933151245,0,False
0,3.9595088958740234,1,False
0,0.418897807598114,2,False
0,4.036162376403809,1,False
0,2.149714708328247,1,False
0,1.0758817195892334,2,False
0,0.7162771224975586,0,False
0,1.096047282218933,0,False
0,2.4389572143554688,0,False
0,1.635831356048584,2,False
0,2.153836250305176,1,False
0,2.3054661750793457,1,False
0,1.3515008687973022,1,False
0,2.364555835723877,0,False
0,0.6841561198234558,0,False
0,1.9485596418380737,2,False
0,1.5650718212127686,1,False
0,1.909986138343811,1,False
0,0.43589094281196594,2,False
0,1.6514592170715332,1,False
0,2.826002597808838,1,False
0,3.2571940422058105,1,False
0,1.4079266786575317,0,False
0,1.4383695125579834,0,False
0,3.7546300888061523,1,False
0,1.3559682369232178,1,False
0,1.8417264223098755,0,False
0,1.6762933731079102,1,False
0,1.8034610748291016,0,False
0,1.183711051940918,2,False
0,3.199862241744995,1,False
0,0.6626201868057251,0,False
0,1.9600287675857544,0,False
0,1.6331520080566406,2,False
0,0.974511981010437,2,False
0,0.7313756942749023,0,False
0,1.4864238500595093,1,False
0,1.2431819438934326,1,False
0,0.5103806257247925,0,False
0,3.378641128540039,0,False
0,1.4334862232208252,2,False
0,0.7804802656173706,0,False
0,0.4335773289203644,2,False
0,1.5723206996917725,2,False
0,1.8564269542694092,0,False
0,0.4268459975719452,2,False
0,1.2115073204040527,0,False
0,0.7013918161392212,0,False
0,0.658865749835968,0,False
0,2.130614757537842,1,False
0,2.2149136066436768,1,False
0,1.7745919227600098,0,False
0,1.1787116527557373,2,False
0,2.939021110534668,0,False
0,3.740485668182373,1,False
0,2.377464771270752,2,False
0,0.8732253909111023,0,False
0,2.3850080966949463,2,False
0,3.2889866828918457,1,False
0,3.4540693759918213,1,False
0,1.126779317855835,1,False
0,1.5822257995605469,2,False
0,0.6962839365005493,0,False
0,1.5295209884643555,2,False
0,0.8024158477783203,0,False
0,1.6432615518569946,1,False
0,0.6148056983947754,0,False
0,0.6731152534484863,0,False
0,4.017952919006348,1,False
0,2.734018087387085,2,False
0,1.400852084159851,1,False
0,1.3572218418121338,1,False
0,4.344714164733887,1,False
0,1.5805987119674683,2,False
0,2.1288514137268066,0,False
0,1.348273515701294,2,False
0,1.5513826608657837,2,False
0,1.7923167943954468,0,False
0,1.0577898025512695,2,False
0,1.7807645797729492,2,False
0,1.3049514293670654,1,False
0,3.438772439956665,1,False
0,1.5475451946258545,2,False
0,1.708341360092163,1,False
0,3.406924247741699,0,False
0,1.7443757057189941,2,False
0,1.5136463642120361,2,False
0,3.0361876487731934,1,False
0,0.639687180519104,0,False
0,1.591523289680481,2,False
0,3.261195182800293,0,False
0,0.7339059114456177,0,False
0,3.6906559467315674,1,False
0,3.615100383758545,2,False
0,3.920806407928467,1,False
0,1.6553640365600586,2,False
0,1.4161722660064697,2,False
0,0.6074219942092896,0,False
0,1.3621348142623901,2,False
0,1.8281329870224,0,False
0,0.788181483745575,0,False
0,0.8272725939750671,0,False
0,3.7834439277648926,1,False
0,1.0975404977798462,2,False
0,3.818516731262207,0,False
0,2.978105068206787,1,False
0,1.3322583436965942,2,False
0,0.449670672416687,2,False
0,0.700894832611084,0,False
0,2.761414051055908,1,False
0,1.7989895343780518,0,False
0,3.546051025390625,1,False
0,1.5201523303985596,1,False
0,1.6025527715682983,1,False
0,1.2994589805603027,1,False
0,1.8794574737548828,2,False
0,1.182955026626587,2,False
0,3.272987127304077,1,False
0,0.8373425006866455,0,False
0,1.781157374382019,0,False
0,1.0883331298828125,2,False
0,2.130986213684082,0,False
0,0.7029796242713928,0,False
0,1.741882085800171,1,False
0,1.605283260345459,1,False
0,4.076691150665283,1,False
0,0.6148267984390259,0,False
0,0.471625417470932,2,False
0,1.600405216217041,1,False
0,1.567840337753296,0,False
0,2.3301796913146973,1,False
0,2.8027853965759277,1,False
0,2.839008331298828,2,False
0,1.236649990081787,2,False
0,3.4406838417053223,1,False
0,1.8148266077041626,0,False
0,1.5172698497772217,1,False
0,1.5749764442443848,1,False
0,1.2103118896484375,1,False
0,1.165371060371399,2,False
0,4.036532402038574,1,False
0,1.750077247619629,0,False
0,1.1686636209487915,0,False
0,0.6128116250038147,0,False
0,0.6040913462638855,0,False
0,0.5003021955490112,2,False
0,1.6384999752044678,2,False
0,2.0389747619628906,1,False
0,0.5988451242446899,0,False
0,1.224214792251587,0,False
0,1.2556991577148438,2,False
0,1.013601541519165,2,False
0,1.2595101594924927,0,False
0,1.5634174346923828,1,False
0,1.2516775131225586,2,False
0,1.0775262117385864,2,False
0,3.9758169651031494,1,False
0,0.899737536907196,1,False
0,2.0710256099700928,0,False
0,3.4649438858032227,1,False
0,0.6139265894889832,0,False
0,1.6380571126937866,0,False
0,0.8094403147697449,0,False
0,1.2940768003463745,2,False
0,2.336071491241455,0,False
0,1.3462638854980469,2,False
0,0.4930528998374939,2,False
0,4.883715629577637,2,False
0,1.945204496383667,1,False
0,2.9451465606689453,0,False
0,1.2781580686569214,0,False
0,3.390855312347412,1,False
0,1.3863052129745483,1,False
0,3.447411060333252,1,False
0,4.20976448059082,1,False
0,1.1962170600891113,2,False
0,2.7732272148132324,0,False
0,3.82952618598938,0,False
0,2.0793893337249756,0,False
0,1.1958181858062744,2,False
0,1.2877814769744873,1,False
0,1.6366630792617798,0,False
0,1.1882307529449463,2,False
0,2.921431064605713,1,False
0,0.8517351746559143,1,False
0,1.3084440231323242,2,False
0,1.0162770748138428,1,False
0,0.5754829049110413,0,False
0,1.052811861038208,2,False
0,1.0141855478286743,0,False
0,1.1023799180984497,2,False
0,2.402405023574829,0,False
0,2.7059645652770996,1,False
0,1.25421142578125,2,False
0,1.8671281337738037,2,False
0,0.634573221206665,0,False
0,1.4964534044265747,0,False
0,3.572734832763672,1,False
0,0.7453325986862183,0,False
0,1.192033052444458,2,False
0,1.2841649055480957,2,False
0,3.795476198196411,1,False
0,1.6051290035247803,1,False
0,1.4378695487976074,1,False
0,2.4945387840270996,1,False
0,3.805436849594116,1,False
0,3.6759655475616455,1,False
0,2.226849317550659,0,False
0,1.200669288635254,2,False
0,3.6297295093536377,1,False
0,3.455458164215088,1,False
0,0.4755893051624298,0,False
0,1.6290510892868042,2,False
0,1.2313122749328613,2,False
0,2.963653087615967,0,False
0,0.49998337030410767,2,False
0,1.545312762260437,0,False
0,0.46988099813461304,2,False
0,2.988184928894043,0,False
0,3.3832919597625732,2,False
0,2.0878443717956543,0,False
0,1.0271846055984497,2,False
0,0.9349266886711121,2,False
0,1.6139464378356934,1,False
0,2.4557363986968994,0,False
0,1.3644254207611084,2,False
0,1.7273224592208862,0,False
0,1.3157169818878174,2,False
0,5.79612922668457,2,False
0,1.7267866134643555,0,False
0,1.3213273286819458,2,False
0,3.815385103225708,1,False
0,3.6171092987060547,1,False
0,1.323893427848816,2,False
0,2.971966505050659,0,False
0,0.5215309858322144,2,False
0,3.5165960788726807,1,False
0,1.5613669157028198,2,False
0,0.5086582899093628,2,False
0,0.6652802228927612,2,False
0,1.5400478839874268,0,False
0,0.9647160768508911,0,False
0,1.6521393060684204,1,False
0,1.769056797027588,0,False
0,2.871898651123047,1,False
0,0.9644923210144043,2,False
0,0.5310099124908447,0,False
0,1.718979835510254,0,False
0,0.487815260887146,2,False
0,1.29691481590271,1,False
0,2.4830522537231445,2,False
0,1.1302874088287354,2,False
0,1.2063119411468506,2,False
0,0.6489666700363159,0,False
0,0.9181762933731079,0,False
0,0.5242403149604797,2,False
0,1.2397136688232422,1,False
0,1.509711503982544,2,False
0,1.3419466018676758,2,False
0,0.7448519468307495,0,False
0,2.7608656883239746,1,False
0,3.338919162750244,0,False
0,2.9112582206726074,0,False
0,0.5038984417915344,2,False
0,1.180572509765625,0,False
0,2.6782727241516113,1,False
0,1.133054256439209,2,False
0,0.570013165473938,0,False
0,2.709366798400879,2,False
0,0.45113664865493774,0,False
0,1.4677066802978516,0,False
0,1.1303582191467285,2,False
0,2.0769972801208496,0,False
0,2.8982138633728027,1,False
0,1.8697535991668701,0,False
0,1.040266513824463,2,False
0,4.065378665924072,1,False
0,1.2923157215118408,2,False
0,4.139023780822754,1,False
0,1.438113808631897,2,False
0,1.7606703042984009,0,False
0,3.5724010467529297,1,False
0,2.208414316177368,0,False
0,2.820122241973877,1,False
0,1.2747817039489746,2,False
0,0.5972580909729004,0,False
0,2.650141716003418,1,False
0,1.444761037826538,1,False
0,0.9028142094612122,1,False
0,4.181778907775879,0,False
0,3.500502347946167,1,False
0,1.365950584411621,2,False
0,1.6286555528640747,2,False
0,2.5812253952026367,2,False
0,1.2081298828125,2,False
0,1.061795949935913,2,False
0,1.5013233423233032,0,False
0,2.509178638458252,1,False
0,1.7009923458099365,2,False
0,4.845870018005371,2,False
0,2.607461929321289,1,False
0,1.7286664247512817,1,False
0,1.681310772895813,0,False
0,2.917356014251709,1,False
0,2.883018970489502,1,False
0,2.8057985305786133,1,False
0,1.4008029699325562,0,False
0,0.6145719289779663,0,False
0,1.0491881370544434,2,False
0,1.1930041313171387,1,False
0,1.9691957235336304,0,False
0,3.3485429286956787,1,False
0,1.4945482015609741,0,False
0,0.7347507476806641,0,False
0,1.5946004390716553,2,False
0,5.96450138092041,2,False
0,0.6164451837539673,0,False
0,1.8098118305206299,0,False
0,0.5606787204742432,0,False
0,2.3234264850616455,0,False
0,2.9424705505371094,0,False
0,2.289698600769043,0,False
0,1.2112609148025513,1,False
0,0.902378261089325,2,False
0,5.201766014099121,0,False
0,1.3173338174819946,2,False
0,1.1982156038284302,2,False
0,0.7026197910308838,2,False
0,2.0667824745178223,1,False
0,0.9689406752586365,2,False
0,1.2921655178070068,2,False
0,1.2567118406295776,2,False
0,1.7583688497543335,1,False
0,2.964362144470215,1,False
0,1.8710790872573853,2,False
0,2.42537260055542,1,False
0,0.4520161747932434,0,False
0,1.6888737678527832,1,False
0,3.0137550830841064,1,False
0,1.4244550466537476,1,False
0,1.195324420928955,2,False
0,1.3703157901763916,1,False
0,1.066839337348938,2,False
0,1.122798204421997,0,False
0,0.5483992099761963,2,False
0,2.244225025177002,1,False
0,2.2288472652435303,0,False
0,1.4268972873687744,0,False
0,1.3451743125915527,1,False
0,1.4867823123931885,1,False
0,3.3784050941467285,1,False
0,3.6133506298065186,1,False
0,6.097071170806885,1,False
0,1.4322378635406494,1,False
0,0.5928354263305664,0,False
0,1.68012535572052,1,False
0,0.9102193117141724,1,False
0,6.072832107543945,2,False
0,1.3902822732925415,1,False
0,1.944675326347351,1,False
0,3.0183157920837402,0,False
0,2.352853298187256,0,False
0,0.8548297882080078,0,False
0,0.5254535675048828,2,False
0,1.052995204925537,2,False
0,2.309626579284668,0,False
0,0.6821379661560059,2,False
0,1.523935317993164,1,False
0,2.4076504707336426,0,False
0,1.6181195974349976,0,False
0,1.0265693664550781,2,False
0,1.5602041482925415,2,False
0,1.747013807296753,0,False
0,1.774333119392395,0,False
0,3.0318820476531982,1,False
0,2.7938034534454346,1,False
0,1.6370267868041992,1,False
0,0.6498757004737854,0,False
0,0.5182046890258789,2,False
0,2.6997580528259277,2,False
0,3.4558873176574707,1,False
0,1.2106475830078125,1,False
0,1.5419387817382812,0,False
0,1.343387484550476,1,False
0,1.3563899993896484,1,False
0,1.1538796424865723,2,False
0,3.2974610328674316,1,False
0,0.6440661549568176,0,False
0,1.2176622152328491,0,False
0,0.6660021543502808,0,False
0,0.5486910343170166,2,False
0,1.1512377262115479,1,False
0,0.5147396326065063,2,False
0,3.3615922927856445,1,False
0,1.84861421585083,0,False
0,3.7645552158355713,1,False
0,2.4029550552368164,0,False
0,3.4827919006347656,1,False
0,3.627274990081787,1,False
0,2.1500632762908936,1,False
0,0.9152519106864929,1,False
0,2.5802602767944336,2,False
0,0.5248619914054871,2,False
0,2.4847769737243652,1,False
0,2.3654868602752686,1,False
0,1.2407758235931396,2,False
0,1.706128716468811,0,False
0,0.5614016056060791,2,False
0,0.5345117449760437,0,False
0,2.1738996505737305,0,False
0,0.6955826282501221,2,False
0,1.3023302555084229,2,False
0,3.242201328277588,1,False
0,2.199686050415039,0,False
0,1.0809729099273682,2,False
0,3.7327706813812256,1,False
0,3.2735238075256348,1,False
0,2.605297565460205,1,False
0,2.2571492195129395,0,False
0,1.0050392150878906,2,False
0,2.7569446563720703,1,False
0,1.091234803199768,2,False
0,3.5255448818206787,0,False
0,2.298326253890991,0,False
0,3.0235700607299805,0,False
0,1.041309118270874,2,False
0,3.294764280319214,1,False
0,1.7451298236846924,0,False
0,2.0895590782165527,2,False
0,0.44237905740737915,0,False
0,1.5744746923446655,1,False
0,1.1660442352294922,1,False
0,3.113513946533203,1,False
0,1.2046325206756592,2,False
0,0.45710140466690063,0,False
0,0.4570574164390564,0,False
0,2.488370418548584,2,False
0,0.5732120871543884,2,False
0,2.159320116043091,0,False
0,1.7778840065002441,2,False
0,1.274571418762207,2,False
0,1.5951406955718994,1,False
0,0.5399445295333862,0,False
0,2.022599697113037,0,False
0,2.396082639694214,1,False
0,1.0243440866470337,0,False
0,1.589238166809082,1,False
0,4.195488452911377,0,False
0,1.7050302028656006,1,False
0,2.364262580871582,1,False
0,1.579301118850708,0,False
0,2.7568202018737793,1,False
0,1.353116512298584,1,False
0,1.2549867630004883,2,False
0,0.5435510277748108,0,False
0,0.5387329459190369,2,False
0,1.290898323059082,2,False
0,1.0592741966247559,2,False
0,2.231049060821533,0,False
0,3.04579496383667,0,False
0,1.5596195459365845,1,False
0,1.5636435747146606,0,False
0,0.8449945449829102,2,False
0,1.1955134868621826,2,False
0,4.763052940368652,1,False
0,1.5658966302871704,0,False
0,4.6530232429504395,2,False
0,0.8076496124267578,0,False
0,5.204880714416504,2,False
0,1.307610034942627,2,False
0,1.2234574556350708,1,False
0,1.1455563306808472,2,False
0,3.043635368347168,1,False
0,2.043272018432617,0,False
0,1.514549732208252,2,False
0,1.5443353652954102,2,False
0,0.6289196014404297,0,False
0,1.24021315574646,1,False
0,0.5494270324707031,0,False
0,0.9477026462554932,2,False
0,2.821302890777588,1,False
0,0.9972850680351257,2,False
0,1.745684266090393,1,False
0,0.974697470664978,2,False
0,2.207282304763794,0,False
0,2.199970245361328,1,False
0,2.2246508598327637,1,False
0,1.2226483821868896,0,False
0,3.120265483856201,0,False
0,1.8453564643859863,0,False
0,2.8431544303894043,0,False
0,1.747925877571106,0,False
0,1.1021153926849365,0,False
0,1.4698164463043213,2,False
0,2.1237919330596924,1,False
0,1.7026512622833252,0,False
0,0.5368502736091614,0,False
0,0.8137912750244141,0,False
0,2.049474000930786,2,False
0,1.9513075351715088,0,False
0,1.556419849395752,2,False
0,3.2899298667907715,1,False
0,2.6455774307250977,0,False
0,1.4225280284881592,2,False
0,1.6771271228790283,0,False
0,1.3012864589691162,1,False
0,0.9595500230789185,2,False
0,2.2592337131500244,1,False
0,1.0426517724990845,2,False
0,1.844269871711731,2,False
0,2.8079941272735596,1,False
0,1.3811767101287842,2,False
0,3.203329086303711,1,False
0,1.2134861946105957,2,False
0,5.882314682006836,2,False
0,3.718261241912842,1,False
0,2.4208984375,2,False
0,3.271587371826172,1,False
0,1.5952014923095703,1,False
0,1.4449875354766846,1,False
0,0.8456845283508301,2,False
0,1.7304673194885254,0,False
0,1.3247029781341553,0,False
0,6.281831741333008,2,False
0,0.7286431789398193,2,False
0,1.0760259628295898,2,False
0,1.5501725673675537,0,False
0,1.6174184083938599,0,False
0,1.3378373384475708,1,False
0,0.9091578125953674,2,False
0,1.5622464418411255,2,False
0,1.8393498659133911,1,False
0,1.596508502960205,1,False
0,2.1594676971435547,1,False
0,3.5559921264648438,1,False
0,2.8919527530670166,2,False
0,1.411663293838501,0,False
0,3.0139214992523193,1,False
0,1.0685527324676514,2,False
0,2.8195958137512207,2,False
0,2.929481029510498,1,False
0,1.4288129806518555,2,False
0,0.9120652079582214,2,False
0,0.9140167236328125,2,False
0,2.311762809753418,0,False
0,2.137728214263916,2,False
0,2.423002004623413,0,False
0,1.6162526607513428,0,False
0,2.376866340637207,0,False
0,1.5399640798568726,1,False
0,3.1453566551208496,0,False
0,2.846524715423584,0,False
0,1.7668507099151611,0,False
0,2.510166883468628,2,False
0,1.2476191520690918,2,False
0,1.4663523435592651,1,False
0,1.2892632484436035,2,False
0,3.0212273597717285,1,False
0,2.1366381645202637,1,False
0,0.828298807144165,2,False
0,3.189669609069824,0,False
0,1.2713768482208252,2,False
0,2.9755263328552246,1,False
0,1.7582846879959106,1,False
0,3.191009998321533,0,False
0,0.9115177392959595,1,False
0,0.7708084583282471,2,False
0,1.2797400951385498,0,False
0,3.195986270904541,0,False
0,2.430330753326416,1,False
0,1.474837064743042,1,False
0,2.2651052474975586,0,False
0,2.967357635498047,1,False
0,3.248354911804199,0,False
0,1.0352470874786377,2,False
0,1.254851222038269,2,False
0,1.1560814380645752,2,False
0,3.6960549354553223,1,False
0,4.027749538421631,1,False
0,3.8385813236236572,0,False
0,1.343666434288025,1,False
0,1.332915186882019,1,False
0,1.665527582168579,2,False
0,5.836977958679199,1,False
0,1.1345465183258057,2,False
0,5.686256408691406,2,False
0,1.778286337852478,2,False
0,1.5582777261734009,1,False
0,2.1651768684387207,0,False
0,1.8100322484970093,0,False
0,2.4039604663848877,1,False
0,1.9906010627746582,2,False
0,1.7186768054962158,0,False
0,0.9332629442214966,0,False
0,3.0840322971343994,1,False
0,2.94454288482666,0,False
0,2.406843423843384,1,False
0,4.692043304443359,1,False
0,2.263333797454834,2,False
0,1.9036884307861328,2,False
0,1.3997009992599487,1,False
0,1.1855113506317139,0,False
0,2.1613688468933105,0,False
0,1.501305103302002,1,False
0,2.4444122314453125,0,False
0,5.006842613220215,0,False
0,2.1244850158691406,0,False
0,1.0191562175750732,2,False
0,3.177806854248047,1,False
0,1.0675246715545654,2,False
0,0.908943772315979,0,False
0,3.0941169261932373,0,False
0,0.6866621971130371,2,False
0,0.8283329010009766,0,False
0,1.408069372177124,2,False
0,1.197256088256836,1,False
0,1.5026296377182007,0,False
0,1.5340697765350342,1,False
0,0.6030590534210205,0,False
0,1.6542177200317383,0,False
0,1.0261871814727783,2,False
0,3.0521764755249023,0,False
0,1.3966622352600098,0,False
0,1.670165777206421,0,False
0,0.9989131093025208,0,False
0,3.1829330921173096,0,False
0,2.1479105949401855,2,False
0,1.3355176448822021,1,False
0,1.998305320739746,0,False
0,3.0847108364105225,0,False
0,1.6509442329406738,2,False
0,0.8687971830368042,2,False
0,2.785639762878418,1,False
0,1.4060132503509521,1,False
0,0.4227064251899719,0,False
0,1.583343505859375,0,False
0,1.8398845195770264,2,False
0,1.4338959455490112,0,False
0,3.009101629257202,1,False
0,6.070252895355225,2,False
0,0.9196997284889221,1,False
0,1.485050916671753,1,False
0,2.4626693725585938,1,False
0,3.869887113571167,1,False
0,1.4958255290985107,1,False
0,3.9020214080810547,1,False
0,1.341710090637207,2,False
0,1.6440322399139404,2,False
0,3.0871050357818604,1,False
0,2.787057399749756,1,False
0,1.1827967166900635,1,False
0,3.125880479812622,0,False
0,1.5715633630752563,1,False
0,0.7234378457069397,2,False
0,5.2550883293151855,1,False
0,1.2855989933013916,0,False
0,4.682750701904297,0,False
0,1.923802137374878,0,False
0,1.201279878616333,2,False
0,1.9493982791900635,2,False
0,1.7932519912719727,0,False
0,1.029402494430542,2,False
0,4.427481651306152,1,False
0,2.1907076835632324,1,False
0,0.9751237034797668,2,False
0,2.678401470184326,1,False
0,4.257099151611328,1,False
0,1.033980369567871,2,False
0,0.6858763694763184,2,False
0,1.7954565286636353,0,False
0,0.9937298893928528,2,False
0,5.6129302978515625,2,False
0,0.8621532917022705,2,False
0,5.2751874923706055,2,False
0,3.290722370147705,0,False
0,1.953416109085083,2,False
0,0.49042677879333496,0,False
0,3.056032657623291,0,False
0,2.3689937591552734,2,False
0,1.1178858280181885,2,False
0,0.8112295866012573,2,False
0,3.2854762077331543,1,False
0,1.9729177951812744,0,False
0,0.7373565435409546,2,False
0,2.9537203311920166,1,False
0,1.6295183897018433,2,False
0,0.8702247738838196,0,False
0,2.2262253761291504,0,False
0,3.6439943313598633,1,False
0,1.8521971702575684,1,False
0,2.622445821762085,1,False
0,2.909285068511963,1,False
0,2.8576793670654297,1,False
0,0.5834640264511108,0,False
0,1.6448843479156494,0,False
0,1.85459303855896,0,False
0,2.782559871673584,0,False
0,1.2716760635375977,1,False
0,1.0571048259735107,0,False
0,2.8875226974487305,1,False
0,1.5846173763275146,0,False
0,0.71248459815979,2,False
0,0.928266167640686,2,False
0,2.8031578063964844,1,False
0,0.6602972745895386,0,False
0,1.6120823621749878,0,False
0,0.7961788773536682,2,False
0,2.293367862701416,2,False
0,0.9432895183563232,2,False
0,3.4393491744995117,1,False
0,1.9952542781829834,0,False
0,2.160879135131836,1,False
0,0.732475221157074,2,False
0,2.786379814147949,1,False
0,0.7572923302650452,2,False
0,3.585625648498535,1,False
0,0.936681866645813,2,False
0,2.4919824600219727,1,False
0,0.9998642802238464,2,False
0,3.1124818325042725,1,False
0,2.6920809745788574,0,False
0,3.057313919067383,1,False
0,0.7095520496368408,0,False
0,2.5826663970947266,1,False
0,0.783981204032898,2,False
0,1.935369849205017,0,False
0,2.6289803981781006,2,False
0,0.9533349275588989,2,False
0,2.217930793762207,2,False
0,1.9248167276382446,0,False
0,0.956307053565979,2,False
0,0.9095394611358643,2,False
0,0.6798396706581116,0,False
0,0.7958390712738037,2,False
0,3.3128488063812256,1,False
0,0.9282546639442444,2,False
0,2.7857320308685303,1,False
0,3.4511146545410156,1,False
0,2.028733491897583,0,False
0,1.87062668800354,0,False
0,3.1322617530822754,1,False
0,2.9335713386535645,1,False
0,3.0122597217559814,1,False
0,2.811690330505371,1,False
0,0.5561161637306213,2,False
0,0.6115922331809998,0,False
0,1.3471603393554688,1,False
0,2.0548834800720215,0,False
0,2.7931833267211914,1,False
0,1.7328367233276367,0,False
0,4.0615973472595215,0,False
0,0.5463243722915649,2,False
0,0.6958832144737244,0,False
0,0.9704453349113464,2,False
0,0.6684072017669678,2,False
0,2.293090343475342,1,False
0,1.4004846811294556,0,False
0,0.6724554300308228,0,False
0,2.3238725662231445,0,False
0,0.7166622877120972,0,False
0,0.47871339321136475,0,False
0,2.7798566818237305,1,False
0,1.1852071285247803,2,False
0,0.9502554535865784,2,False
0,2.799201250076294,1,False
0,5.7006330490112305,1,False
0,0.894696831703186,2,False
0,1.6056791543960571,0,False
0,1.0857783555984497,2,False
0,2.7727737426757812,1,False
0,2.369316816329956,0,False
0,3.218026638031006,1,False
0,2.297870635986328,1,False
0,0.4797895848751068,0,False
0,0.9114018678665161,2,False
0,2.9102749824523926,1,False
0,2.6620428562164307,1,False
0,2.6983399391174316,0,False
0,2.8096203804016113,1,False
0,2.6792309284210205,2,False
0,0.830552339553833,0,False
0,1.1542917490005493,1,False
0,0.5376006364822388,0,False
0,2.3915443420410156,1,False
0,2.4599733352661133,1,False
0,1.038629174232483,2,False
0,3.3211803436279297,2,False
0,2.8512237071990967,1,False
0,0.9164645075798035,2,False
0,1.6554155349731445,2,False
0,1.2778476476669312,2,False
0,1.9447059631347656,2,False
0,2.814069986343384,1,False
0,1.069382905960083,2,False
0,3.231976270675659,1,False
0,0.6207296252250671,2,False
0,0.7554462552070618,0,False
0,1.7307958602905273,0,False
0,1.5295053720474243,0,False
0,1.814089059829712,1,False
0,1.3512728214263916,1,False
0,0.9180735945701599,2,False
0,1.812530279159546,0,False
0,0.49527302384376526,0,False
0,2.2015130519866943,0,False
0,2.2926700115203857,0,False
0,0.9694802761077881,2,False
0,0.563789963722229,2,False
0,1.2198693752288818,0,False
0,2.366417646408081,0,False
0,1.0152039527893066,2,False
0,2.439523220062256,1,False
0,0.8657667636871338,2,False
0,2.0902605056762695,1,False
0,4.284621715545654,1,False
0,0.9681664109230042,2,False
0,2.1905517578125,2,False
0,0.6420550346374512,0,False
0,3.008544921875,1,False
0,1.3807523250579834,2,False
0,1.5644773244857788,0,False
0,2.979569435119629,1,False
0,1.3738393783569336,0,False
0,1.505684733390808,0,False
0,0.5336706638336182,0,False
0,1.2282044887542725,2,False
0,1.1712733507156372,2,False
0,0.6164149045944214,2,False
0,2.2193217277526855,0,False
0,1.2271885871887207,2,False
0,0.6148053407669067,2,False
0,0.8192994594573975,2,False
0,0.6192591190338135,0,False
0,0.7898457050323486,0,False
0,0.5937539935112,2,False
0,3.326660633087158,1,False
0,3.7462902069091797,0,False
0,0.9046229124069214,2,False
0,0.5488969087600708,2,False
0,2.9994068145751953,1,False
0,2.4513370990753174,1,False
0,3.2234134674072266,1,False
0,1.1290502548217773,2,False
0,1.3848015069961548,0,False
0,2.996833324432373,1,False
0,1.0570356845855713,2,False
0,2.782492160797119,1,False
0,2.244419813156128,1,False
0,2.025099754333496,0,False
0,2.3248753547668457,1,False
0,2.204570770263672,0,False
0,1.255265712738037,2,False
0,2.1909732818603516,0,False
0,2.8103885650634766,1,False
0,3.18894624710083,1,False
0,0.8929649591445923,2,False
0,2.9882569313049316,1,False
0,1.480003833770752,0,False
0,1.9102585315704346,1,False
0,1.8788142204284668,0,False
0,2.24375057220459,1,False
0,1.6026886701583862,0,False
0,3.3270134925842285,1,False
0,1.4730359315872192,2,False
0,1.69435715675354,1,False
0,1.8312203884124756,0,False
0,0.5253013372421265,2,False
0,2.9333057403564453,1,False
0,1.6919986009597778,2,False
0,0.6047542095184326,2,False
0,3.511274814605713,1,False
0,1.980466604232788,0,False
0,1.4201338291168213,1,False
0,0.5737001299858093,2,False
0,0.580180823802948,0,False
0,1.5246614217758179,0,False
0,1.6188390254974365,2,False
0,2.643653631210327,0,False
0,1.4590359926223755,2,False
0,3.960592746734619,2,False
0,2.1249544620513916,1,False
0,1.768010139465332,0,False
0,1.9325673580169678,0,False
0,1.6320353746414185,2,False
0,1.8477623462677002,1,False
0,2.270214557647705,2,False
0,3.0742475986480713,0,False
0,1.6618432998657227,0,False
0,1.1215221881866455,2,False
0,2.985304355621338,0,False
0,2.092909574508667,1,False
0,0.548937201499939,2,False
0,1.9583086967468262,1,False
0,1.9031111001968384,0,False
0,1.5412607192993164,1,False
0,1.6551305055618286,0,False
0,0.9594569802284241,0,False
0,1.8868836164474487,0,False
0,0.8183845281600952,0,False
0,1.6732012033462524,2,False
0,3.8436224460601807,1,False
0,1.5605955123901367,2,False
0,2.487100839614868,0,False
0,0.6171197891235352,2,False
0,1.3960108757019043,0,False
0,1.5526492595672607,1,False
0,1.484316349029541,2,False
0,1.5601458549499512,2,False
0,2.0926175117492676,1,False
0,2.1121954917907715,1,False
0,1.7316263914108276,1,False
0,1.5393731594085693,0,False
0,2.008378267288208,1,False
0,0.535090982913971,0,False
0,2.273317337036133,2,False
0,1.0401010513305664,2,False
0,0.9682971835136414,0,False
0,2.359403371810913,1,False
0,1.6635496616363525,2,False
0,1.554898738861084,0,False
0,1.1185235977172852,2,False
0,2.2304840087890625,1,False
0,0.6345065832138062,2,False
0,1.7270495891571045,2,False
0,0.8021500110626221,2,False
0,1.5956586599349976,1,False
0,0.999627947807312,1,False
0,0.5840240716934204,0,False
0,1.8500959873199463,1,False
0,1.0954513549804688,0,False
0,2.103053569793701,1,False
0,1.245297908782959,2,False
0,1.910881757736206,1,False
0,1.0267945528030396,1,False
0,1.8407487869262695,1,False
0,1.937164068222046,0,False
0,1.742262363433838,2,False
0,1.6913189888000488,0,False
0,2.1958603858947754,2,False
0,1.6080777645111084,2,False
0,1.6286101341247559,1,False
0,1.6284111738204956,2,False
0,1.6326572895050049,0,False
0,1.4527194499969482,1,False
0,0.7625292539596558,0,False
0,2.16566801071167,2,False
0,1.5261324644088745,0,False
0,1.6307830810546875,0,False
0,0.8077447414398193,0,False
0,1.699957013130188,2,False
0,0.6832764148712158,2,False
0,1.7638709545135498,1,False
0,2.4310319423675537,1,False
0,0.9193888306617737,0,False
0,0.7930436134338379,0,False
0,0.6756797432899475,0,False
0,1.9761013984680176,0,False
0,1.7657732963562012,2,False
0,1.1002779006958008,2,False
0,0.6231557130813599,0,False
0,1.466120719909668,1,False
0,2.9953408241271973,2,False
0,1.6709309816360474,2,False
0,0.5404553413391113,0,False
0,0.9437743425369263,0,False
0,2.1831319332122803,2,False
0,2.139286518096924,1,False
0,1.2279284000396729,1,False
0,1.6866672039031982,1,False
0,1.7811884880065918,0,False
0,3.2999486923217773,1,False
0,1.7051715850830078,2,False
0,1.4052176475524902,1,False
0,0.8891282081604004,0,False
0,1.7683978080749512,2,False
0,2.403550386428833,1,False
0,0.8846474885940552,2,False
0,3.0546998977661133,1,False
0,1.8359758853912354,0,False
0,2.2160727977752686,1,False
0,1.0958716869354248,0,False
0,2.1067769527435303,1,False
0,0.5285018682479858,0,False
0,1.4121280908584595,0,False
0,0.6185780763626099,0,False
0,3.0227432250976562,1,False
0,1.83331298828125,0,False
0,1.6896578073501587,2,False
0,1.458158016204834,1,False
0,0.9243826866149902,0,False
0,1.3705960512161255,2,False
0,1.8379135131835938,1,False
0,1.3158785104751587,0,False
0,1.8157613277435303,2,False
0,1.5247743129730225,2,False
0,2.0173559188842773,1,False
0,1.7764720916748047,2,False
0,1.6627769470214844,1,False
0,1.3191924095153809,0,False
0,1.6923973560333252,2,False
0,0.8698769211769104,0,False
0,0.37257158756256104,2,False
0,1.440304160118103,0,False
0,1.6393342018127441,2,False
0,1.3292220830917358,1,False
0,0.9583942890167236,0,False
0,1.2716412544250488,0,False
0,1.7128533124923706,1,False
0,1.71672523021698,1,False
0,1.698150634765625,1,False
0,0.4503419101238251,0,False
0,0.4877054691314697,0,False
0,1.543649435043335,1,False
0,0.6386640071868896,0,False
0,0.9196946024894714,0,False
0,1.249147891998291,0,False
0,0.9462593197822571,0,False
0,1.8341606855392456,2,False
0,1.4697329998016357,1,False
0,1.1282250881195068,2,False
0,3.054687976837158,2,False
0,0.6918405890464783,2,False
0,1.5979543924331665,1,False
0,1.79707932472229,2,False
0,0.5815008282661438,0,False
0,1.6462675333023071,1,False
0,1.8684062957763672,1,False
0,1.9370145797729492,2,False
0,0.7924768924713135,2,False
0,1.726014256477356,1,False
0,1.1144165992736816,0,False
0,1.6459217071533203,2,False
0,1.9673794507980347,2,False
0,2.5041542053222656,1,False
0,0.5227385759353638,0,False
0,1.685880184173584,1,False
0,2.3886430263519287,1,False
0,1.3043060302734375,1,False
0,1.7453906536102295,2,False
0,1.9408543109893799,1,False
0,3.1976852416992188,1,False
0,2.1429760456085205,2,False
0,1.22269606590271,0,False
0,1.5788440704345703,1,False
0,1.2090378999710083,0,False
0,1.7303907871246338,1,False
0,2.2256598472595215,2,False
0,0.5816839337348938,0,False
0,1.6131025552749634,1,False
0,0.49390721321105957,0,False
0,2.7991724014282227,2,False
0,2.9399211406707764,2,False
0,1.7887459993362427,2,False
0,0.5603998899459839,0,False
0,1.74361252784729,0,False
0,1.7614235877990723,1,False
0,2.331191062927246,2,False
0,1.7468512058258057,1,False
0,1.7270708084106445,2,False
0,1.3326094150543213,0,False
0,1.5392106771469116,1,False
0,1.7923108339309692,1,False
0,1.3043568134307861,2,False
0,1.6054506301879883,2,False
0,1.4378266334533691,1,False
0,1.283748745918274,2,False
0,1.4098166227340698,1,False
0,1.009531021118164,0,False
0,0.9559910297393799,1,False
0,1.644499659538269,1,False
0,1.5490578413009644,1,False
0,1.8441157341003418,2,False
0,1.8686531782150269,2,False
0,1.3532143831253052,0,False
0,2.3175296783447266,1,False
0,0.47114259004592896,0,False
0,2.2106266021728516,2,False
0,1.022024154663086,0,False
0,0.8120958209037781,0,False
0,0.8632892370223999,0,False
0,1.2280632257461548,2,False
0,1.132704496383667,2,False
0,1.737826943397522,2,False
0,1.3991743326187134,1,False
0,1.2883174419403076,0,False
0,1.9202276468276978,1,False
0,1.7131469249725342,2,False
0,1.728231430053711,2,False
0,0.553719162940979,0,False
0,2.9782049655914307,1,False
0,1.281899094581604,2,False
0,1.218748688697815,0,False
0,1.3712360858917236,1,False
0,6.20717716217041,2,False
0,4.679592132568359,1,False
0,1.1709611415863037,0,False
0,1.6786525249481201,2,False
0,1.0151762962341309,2,False
0,1.8828953504562378,2,False
0,0.7006844282150269,0,False
0,1.128913402557373,0,False
0,1.51283860206604,1,False
0,1.3968455791473389,0,False
0,2.453915596008301,0,False
0,1.6082403659820557,1,False
0,2.0241503715515137,0,False
0,2.5201220512390137,0,False
0,0.758834183216095,0,False
0,2.077815532684326,0,False
0,1.3696064949035645,0,False
0,1.642780065536499,1,False
0,1.8757364749908447,2,False
0,1.7061700820922852,1,False
0,0.49650055170059204,0,False
0,1.9033682346343994,0,False
0,1.0046584606170654,2,False
0,2.588970184326172,1,False
0,0.8440907001495361,2,False
0,1.5291166305541992,1,False
0,1.2219398021697998,2,False
0,1.730576753616333,1,False
0,1.9596515893936157,2,False
0,1.8031022548675537,2,False
0,1.7582051753997803,2,False
0,1.2680208683013916,2,False
0,1.7269353866577148,1,False
0,0.5702943205833435,0,False
0,1.5403300523757935,2,False
0,1.8785663843154907,1,False
0,1.5093916654586792,1,False
0,2.305727958679199,2,False
0,3.0898818969726562,1,False
0,1.5055131912231445,1,False
0,1.4062321186065674,1,False
0,2.459223985671997,1,False
0,2.143855094909668,1,False
0,1.4245949983596802,1,False
0,1.8444294929504395,1,False
0,0.8399232029914856,1,False
0,1.9462811946868896,1,False
0,1.6171717643737793,2,False
0,1.7296531200408936,2,False
0,3.165222644805908,1,False
0,0.6473221778869629,0,False
0,0.5562106370925903,0,False
0,1.7648473978042603,2,False
0,1.571367859840393,1,False
0,3.1020655632019043,1,False
0,3.234104633331299,1,False
0,1.6768813133239746,1,False
0,1.7482619285583496,1,False
0,5.783154487609863,2,False
0,1.349116563796997,0,False
0,0.48633724451065063,0,False
0,0.46439802646636963,0,False
0,2.6109282970428467,1,False
0,1.7206048965454102,0,False
0,1.7530913352966309,2,False
0,2.584244966506958,1,False
0,1.736236810684204,2,False
0,1.8327237367630005,1,False
0,1.4952459335327148,1,False
0,0.4738801121711731,0,False
0,0.5096395015716553,0,False
0,1.1024434566497803,0,False
0,1.4799081087112427,1,False
0,1.6440277099609375,1,False
0,1.104017972946167,0,False
0,0.45816853642463684,0,False
0,1.1787502765655518,0,False
0,1.7843581438064575,2,False
0,1.6920933723449707,1,False
0,1.390252709388733,0,False
0,1.371079444885254,0,False
0,1.020908236503601,2,False
0,1.7781766653060913,2,False
0,1.7459890842437744,2,False
0,1.1803276538848877,0,False
0,1.1291958093643188,0,False
0,2.4445767402648926,0,False
0,0.8188323378562927,2,False
0,1.5491046905517578,1,False
0,1.304610013961792,2,False
0,1.3085441589355469,2,False
0,2.1690359115600586,2,False
0,1.9335670471191406,0,False
0,2.0191006660461426,2,False
0,1.2855699062347412,0,False
0,1.0784138441085815,2,False
0,1.886514663696289,0,False
0,1.353005290031433,1,False
0,1.4416401386260986,1,False
0,0.8847985863685608,2,False
0,1.1727631092071533,0,False
0,1.4613168239593506,2,False
0,2.2789721488952637,2,False
0,1.7794189453125,2,False
0,1.1019078493118286,2,False
0,1.3304641246795654,2,False
0,1.5463756322860718,2,False
0,1.4298267364501953,1,False
0,1.8069745302200317,2,False
0,1.5253996849060059,0,False
0,0.46218639612197876,0,False
0,2.080068826675415,1,False
0,1.6573402881622314,1,False
0,1.5659239292144775,1,False
0,0.4208486080169678,0,False
0,1.9128050804138184,1,False
0,0.47461962699890137,0,False
0,0.8620129823684692,0,False
0,2.237278699874878,2,False
0,0.7832825183868408,0,False
0,1.745957612991333,2,False
0,1.8698937892913818,2,False
0,1.2126623392105103,0,False
0,0.9058669805526733,0,False
0,1.5957059860229492,2,False
0,2.2521729469299316,2,False
0,1.2808061838150024,0,False
0,1.5861897468566895,2,False
0,1.6226239204406738,0,False
0,1.689266324043274,1,False
0,1.296777367591858,0,False
0,0.47808873653411865,0,False
0,1.9298617839813232,2,False
0,1.8243260383605957,2,False
0,0.531977653503418,0,False
0,1.8162295818328857,1,False
0,0.7240013480186462,2,False
0,1.807502269744873,1,False
0,1.8673697710037231,2,False
0,1.1871013641357422,2,False
0,1.1503021717071533,2,False
0,1.7121320962905884,1,False
0,1.429840326309204,1,False
0,0.5095601081848145,0,False
0,1.6929634809494019,1,False
0,2.513995409011841,2,False
0,1.9948391914367676,0,False
0,2.3910489082336426,2,False
0,1.6905875205993652,2,False
0,1.1458920240402222,0,False
0,0.7514784336090088,2,False
0,1.948588252067566,1,False
0,1.1970301866531372,0,False
0,1.42521333694458,1,False
0,1.1293480396270752,0,False
0,0.5680936574935913,0,False
0,1.6268115043640137,1,False
0,1.2734357118606567,0,False
0,1.6363556385040283,1,False
0,1.1938447952270508,2,False
0,1.6117980480194092,1,False
0,1.6230744123458862,1,False
0,1.5859405994415283,1,False
0,0.8252029418945312,0,False
0,1.3435099124908447,1,False
0,1.235177755355835,2,False
0,2.087864398956299,2,False
0,1.5556517839431763,2,False
0,1.6702594757080078,2,False
0,0.601928174495697,0,False
0,0.517381489276886,0,False
0,1.1903901100158691,2,False
0,2.1142237186431885,1,False
0,0.8767269849777222,0,False
0,1.582037091255188,1,False
0,1.7518153190612793,2,False
0,1.5828726291656494,1,False
0,1.1080745458602905,0,False
0,1.7198548316955566,2,False
0,2.6092615127563477,1,False
0,2.194742441177368,2,False
0,1.5561772584915161,1,False
0,1.2293118238449097,0,False
0,0.47185665369033813,0,False
0,1.0804184675216675,0,False
0,2.6169934272766113,0,False
0,1.2306653261184692,2,False
0,2.145048141479492,2,False
0,1.6266982555389404,1,False
0,1.0964758396148682,0,False
0,0.466241717338562,0,False
0,1.5872822999954224,1,False
0,1.2032173871994019,2,False
0,1.1748607158660889,2,False
0,0.6945156455039978,2,False
0,1.5600711107254028,1,False
0,1.7774332761764526,2,False
0,1.6656084060668945,2,False
0,1.689290165901184,2,False
0,1.70543372631073,2,False
0,1.592200756072998,1,False
0,1.70543372631073,2,False
0,1.6196858882904053,1,False
0,0.8802292943000793,0,False
0,2.850154161453247,1,False
0,2.9685440063476562,1,False
0,1.6348061561584473,2,False
0,1.7971577644348145,1,False
0,1.6412088871002197,1,False
0,2.6343190670013428,1,False
0,1.4956331253051758,0,False
0,0.5138443112373352,0,False
0,1.6179826259613037,1,False
0,1.3028037548065186,0,False
0,1.6470426321029663,2,False
0,1.2001349925994873,2,False
0,1.7359062433242798,1,False
0,0.8571910858154297,0,False
0,1.7391263246536255,2,False
0,1.8637081384658813,1,False
0,1.9511735439300537,0,False
0,1.7626097202301025,2,False
0,1.3541102409362793,0,False
0,1.629380702972412,1,False
0,0.9890373349189758,2,False
0,1.5583748817443848,1,False
0,0.8406267166137695,0,False
0,1.6981369256973267,2,False
0,2.0289993286132812,2,False
0,1.4592819213867188,1,False
0,2.2071990966796875,0,False
0,1.3433337211608887,0,False
0,2.0649161338806152,1,False
0,1.0505445003509521,0,False
0,1.5118777751922607,1,False
0,1.7045838832855225,2,False
0,1.109810471534729,0,False
0,1.6501303911209106,2,False
0,0.7444003224372864,0,False
0,1.1216720342636108,0,False
0,1.8930487632751465,1,False
0,1.2898935079574585,0,False
0,1.1107784509658813,0,False
0,0.4592866897583008,0,False
0,1.4335823059082031,0,False
0,1.2244871854782104,0,False
0,1.3091105222702026,0,False
0,0.49258720874786377,0,False
0,1.5364691019058228,2,False
0,1.4250741004943848,0,False
0,1.4540629386901855,2,False
0,1.6184622049331665,1,False
0,6.539044380187988,2,False
0,1.057938814163208,0,False
0,1.1324424743652344,0,False
0,1.6829203367233276,2,False
0,1.8459680080413818,2,False
0,1.1884689331054688,2,False
0,1.761703610420227,1,False
0,2.695880651473999,1,False
0,1.768601655960083,2,False
0,1.3520880937576294,0,False
0,1.6864657402038574,2,False
0,1.8169169425964355,1,False
0,3.046440601348877,1,False
0,1.625738501548767,1,False
0,1.2758285999298096,0,False
0,0.7168229222297668,2,False
0,0.7038626670837402,2,False
0,3.1178643703460693,1,False
0,0.8111488819122314,0,False
0,1.435951828956604,1,False
0,1.4345667362213135,1,False
0,1.3696352243423462,0,False
0,1.1075294017791748,2,False
0,0.4167470932006836,0,False
0,0.4743909537792206,0,False
0,1.6591612100601196,2,False
0,0.5297824740409851,0,False
0,1.6654551029205322,1,False
0,1.5683131217956543,1,False
0,1.7779065370559692,1,False
0,1.7997829914093018,2,False
0,0.7786396741867065,2,False
0,1.3295341730117798,0,False
0,1.5221476554870605,2,False
0,0.9381651878356934,2,False
0,0.4906812310218811,0,False
0,1.733473300933838,1,False
0,0.5348387956619263,0,False
0,0.726107120513916,2,False
0,0.46587878465652466,0,False
0,1.3947278261184692,1,False
0,2.206329345703125,1,False
0,2.257809638977051,2,False
0,1.4860519170761108,1,False
0,1.0841376781463623,0,False
0,0.9465186595916748,2,False
0,2.105339288711548,2,False
0,1.9338704347610474,0,False
0,1.6824029684066772,1,False
0,1.7731380462646484,2,False
0,1.3808214664459229,2,False
0,0.839516282081604,2,False
0,0.8122107982635498,0,False
0,2.9181857109069824,1,False
0,1.5306642055511475,1,False
0,1.6155866384506226,1,False
0,1.0508387088775635,0,False
0,1.3136845827102661,2,False
0,0.8278164863586426,2,False
0,0.4773356318473816,0,False
0,1.3482890129089355,0,False
0,1.289196252822876,1,False
0,1.308925986289978,1,False
0,1.38832426071167,0,False
0,1.5026016235351562,1,False
0,1.2793521881103516,2,False
0,1.449212908744812,1,False
0,0.4447174072265625,0,False
0,1.313713550567627,1,False
0,1.4259893894195557,1,False
0,1.932161569595337,1,False
0,1.7896699905395508,2,False
0,0.8492935299873352,0,False
0,1.303236484527588,1,False
0,1.0329105854034424,1,False
0,0.5070706605911255,0,False
0,1.3436334133148193,0,False
0,1.4002208709716797,0,False
0,0.7931565046310425,2,False
0,1.7850732803344727,2,False
0,1.431872010231018,1,False
0,2.9162278175354004,1,False
0,2.5613574981689453,2,False
0,0.5426690578460693,0,False
0,1.3899095058441162,1,False
0,1.2458209991455078,1,False
0,2.657834768295288,1,False
0,0.5377363562583923,0,False
0,1.8335157632827759,2,False
0,2.049058675765991,1,False
0,1.0384538173675537,2,False
0,0.5119858980178833,0,False
0,1.3374581336975098,1,False
0,1.3703374862670898,0,False
0,1.6145484447479248,1,False
0,1.4248368740081787,0,False
0,1.958028793334961,2,False
0,1.20137357711792,2,False
0,1.3111051321029663,1,False
0,1.1267931461334229,0,False
0,1.3583651781082153,0,False
0,1.9375057220458984,1,False
0,2.290238618850708,2,False
0,1.0504701137542725,0,False
0,1.3967881202697754,1,False
0,1.0686291456222534,2,False
0,1.3287221193313599,0,False
0,2.306612968444824,2,False
0,1.4116706848144531,2,False
0,2.4326705932617188,1,False
0,2.373932361602783,2,False
0,2.6517021656036377,1,False
0,1.8329811096191406,2,False
0,0.4509601891040802,0,False
0,1.7687337398529053,1,False
0,1.102253794670105,2,False
0,1.4093515872955322,2,False
0,1.1319622993469238,1,False
0,1.8840744495391846,2,False
0,2.629213333129883,1,False
0,2.7825381755828857,1,False
0,1.2951017618179321,1,False
0,2.7195210456848145,1,False
0,1.1260004043579102,0,False
0,1.2374176979064941,0,False
0,1.9228098392486572,2,False
0,1.2490488290786743,2,False
0,1.6894968748092651,2,False
0,0.8102540969848633,0,False
0,0.908744752407074,0,False
0,0.7694565057754517,2,False
0,2.5801405906677246,1,False
0,0.530754804611206,0,False
0,2.8678603172302246,1,False
0,1.0435152053833008,0,False
0,1.4083858728408813,0,False
0,1.3703771829605103,0,False
0,1.3647540807724,0,False
0,1.1202409267425537,0,False
0,1.908658504486084,2,False
0,0.5403008460998535,0,False
0,1.4091910123825073,1,False
0,1.2621772289276123,1,False
0,1.75124990940094,2,False
0,1.4752585887908936,2,False
0,1.0620248317718506,0,False
0,6.364264488220215,2,False
0,1.3170204162597656,1,False
0,2.353550910949707,2,False
0,1.9797513484954834,2,False
0,0.8304660320281982,0,False
0,1.411928415298462,0,False
0,1.5702557563781738,1,False
0,1.6473493576049805,1,False
0,0.5866696834564209,0,False
0,2.402083158493042,2,False
0,1.3339895009994507,2,False
0,2.2755117416381836,2,False
0,1.4096271991729736,0,False
0,0.7719525098800659,0,False
0,1.350993037223816,2,False
0,0.824516773223877,0,False
0,1.5471608638763428,1,False
0,3.426307439804077,1,False
0,1.9357826709747314,0,False
0,1.9240055084228516,2,False
0,2.094552993774414,2,False
0,1.8929587602615356,2,False
0,1.1227713823318481,0,False
0,1.3587340116500854,0,False
0,1.8499486446380615,1,False
0,1.3402771949768066,1,False
0,1.3857941627502441,0,False
0,2.5003225803375244,1,False
0,1.97842538356781,2,False
0,0.9777438640594482,2,False
0,0.5081608295440674,0,False
0,1.3238173723220825,1,False
0,1.8850173950195312,2,False
0,1.3650298118591309,0,False
0,0.8522332906723022,2,False
0,1.0278626680374146,0,False
0,1.4742214679718018,2,False
0,1.3789374828338623,1,False
0,1.9315227270126343,1,False
0,1.461747169494629,1,False
0,1.0903000831604004,0,False
0,2.542628288269043,2,False
0,1.242445707321167,1,False
0,1.2515158653259277,1,False
0,0.4365884065628052,0,False
0,1.9569811820983887,2,False
0,1.3794996738433838,2,False
0,1.4652706384658813,2,False
0,0.4811513423919678,0,False
0,1.3159562349319458,0,False
0,1.573901653289795,1,False
0,0.9462672472000122,2,False
0,1.3107494115829468,0,False
0,0.7499226331710815,2,False
0,2.098092555999756,2,False
0,1.4748005867004395,1,False
0,0.8349701762199402,2,False
0,1.3444277048110962,0,False
0,1.3679418563842773,1,False
0,1.3312262296676636,1,False
0,1.4785765409469604,1,False
0,1.1203078031539917,0,False
0,1.3542412519454956,1,False
0,1.9538284540176392,2,False
0,0.9057506322860718,2,False
0,1.2527947425842285,0,False
0,1.2868424654006958,1,False
0,1.455979585647583,0,False
0,0.9478163123130798,0,False
0,1.4048279523849487,1,False
0,1.3219153881072998,1,False
0,0.5131351351737976,0,False
0,1.0009548664093018,2,False
0,0.4624224901199341,0,False
0,1.3619333505630493,2,False
0,1.3322113752365112,1,False
0,1.3551273345947266,1,False
0,0.7676684856414795,0,False
0,1.4255740642547607,2,False
0,1.9809027910232544,2,False
0,1.572599172592163,1,False
0,1.0087642669677734,0,False
0,0.7831944227218628,0,False
0,1.300305724143982,1,False
0,0.4705187678337097,0,False
0,1.3953152894973755,1,False
0,1.0718945264816284,1,False
0,0.6011741757392883,2,False
0,1.432997465133667,0,False
0,1.119643211364746,0,False
0,2.088231086730957,2,False
0,1.4546360969543457,2,False
0,0.9991807341575623,2,False
0,1.8581390380859375,2,False
0,1.5749659538269043,1,False
0,1.3056621551513672,1,False
0,0.7800789475440979,0,False
0,1.8203684091567993,2,False
0,1.3545901775360107,1,False
0,1.3372130393981934,1,False
0,0.7766433358192444,2,False
0,1.4701327085494995,1,False
0,1.3940155506134033,1,False
0,2.3920841217041016,1,False
0,1.8629615306854248,0,False
0,0.9916929006576538,2,False
0,0.9564849734306335,0,False
0,2.8202054500579834,1,False
0,2.1297414302825928,2,False
0,1.8473538160324097,2,False
0,1.898715615272522,1,False
0,0.7917371392250061,2,False
0,0.9974843859672546,0,False
0,1.2515594959259033,1,False
0,1.3941254615783691,1,False
0,1.0555390119552612,0,False
0,1.4041893482208252,1,False
0,0.914891242980957,2,False
0,2.005425453186035,2,False
0,1.8518353700637817,2,False
0,1.4236266613006592,1,False
0,1.0613749027252197,1,False
0,1.396327257156372,0,False
0,1.3182728290557861,1,False
0,1.0400395393371582,2,False
0,1.2499356269836426,1,False
0,1.3523647785186768,2,False
0,1.3949172496795654,0,False
0,1.3522363901138306,1,False
0,1.2322685718536377,1,False
0,1.1276586055755615,0,False
0,0.48046213388442993,0,False
0,1.6115247011184692,1,False
0,1.3211168050765991,2,False
0,1.440438985824585,1,False
0,2.307734251022339,2,False
0,2.3682103157043457,2,False
0,1.4029254913330078,1,False
0,1.1183397769927979,0,False
0,1.619300127029419,1,False
0,1.7575767040252686,1,False
0,1.8706570863723755,1,False
0,1.418298602104187,2,False
0,1.2674418687820435,2,False
0,1.7019668817520142,2,False
0,1.3709914684295654,1,False
0,0.48595768213272095,0,False
0,1.3720301389694214,0,False
0,1.249025821685791,0,False
0,0.8181890845298767,0,False
0,0.9052093029022217,2,False
0,2.883636951446533,1,False
0,1.9588574171066284,2,False
0,0.7641333937644958,0,False
0,1.0736730098724365,1,False
0,1.0011746883392334,0,False
0,1.3451119661331177,0,False
0,1.3839038610458374,1,False
0,1.3085336685180664,2,False
0,1.3591960668563843,1,False
0,0.8987272381782532,2,False
0,1.0711884498596191,0,False
0,1.3044312000274658,0,False
0,1.405151605606079,0,False
0,1.4472813606262207,0,False
0,1.2399954795837402,1,False
0,2.123744010925293,2,False
0,0.9844409823417664,0,False
0,1.3178651332855225,0,False
0,1.3161158561706543,0,False
0,1.34644615650177,2,False
0,1.3321810960769653,0,False
0,1.3819514513015747,0,False
0,2.2537693977355957,2,False
0,0.8441464304924011,2,False
0,1.3182132244110107,0,False
0,1.9953186511993408,2,False
0,1.2819527387619019,0,False
0,0.9820310473442078,2,False
0,1.6917474269866943,1,False
0,1.8852777481079102,2,False
0,0.9480050802230835,2,False
0,1.072409749031067,0,False
0,1.2784087657928467,1,False
0,1.3059555292129517,0,False
0,0.813877284526825,0,False
0,1.5966626405715942,1,False
0,1.320188045501709,1,False
0,1.8659507036209106,1,False
0,1.296003818511963,1,False
0,1.26005220413208,0,False
0,0.41374439001083374,0,False
0,1.4156620502471924,2,False
0,0.960578203201294,0,False
0,2.2681827545166016,2,False
0,1.9237940311431885,2,False
0,0.7505953311920166,2,False
0,1.6491467952728271,1,False
0,6.873815059661865,2,False
0,1.0057743787765503,2,False
0,1.2989305257797241,0,False
0,0.4825807511806488,0,False
0,2.1429286003112793,1,False
0,1.4083991050720215,2,False
0,0.4326130449771881,0,False
0,0.6020192503929138,2,False
0,1.3040508031845093,1,False
0,1.1690539121627808,0,False
0,1.8272302150726318,0,False
0,1.324182152748108,1,False
0,1.3315457105636597,2,False
0,1.292112112045288,1,False
0,0.8969359397888184,2,False
0,1.3200805187225342,0,False
0,1.2886558771133423,1,False
0,1.4429724216461182,1,False
0,2.290924549102783,2,False
0,1.9319477081298828,0,False
0,0.7414000034332275,0,False
0,2.027989387512207,2,False
0,1.1338953971862793,1,False
0,2.9489152431488037,1,False
0,0.47280895709991455,0,False
0,1.2562499046325684,1,False
0,0.510159969329834,0,False
0,2.35616135597229,2,False
0,1.7692627906799316,2,False
0,2.0055980682373047,2,False
0,1.2937886714935303,1,False
0,2.0800845623016357,2,False
0,1.0909388065338135,1,False
0,1.1883987188339233,1,False
0,0.7143664360046387,0,False
0,2.604156970977783,1,False
0,1.4969640970230103,2,False
0,1.3644777536392212,0,False
0,1.2563577890396118,0,False
0,0.8811005353927612,0,False
0,2.292262077331543,2,False
0,0.8325798511505127,2,False
0,1.2763433456420898,1,False
0,1.8936573266983032,2,False
0,0.9573835134506226,0,False
0,1.8999203443527222,2,False
0,1.067119836807251,0,False
0,0.9552146196365356,2,False
0,1.2246084213256836,1,False
0,0.606381893157959,2,False
0,1.2815637588500977,2,False
0,1.0575942993164062,1,False
0,0.8769849538803101,0,False
0,1.2864824533462524,1,False
0,1.079004168510437,1,False
0,1.1796479225158691,1,False
0,0.9624799489974976,0,False
0,1.28163743019104,1,False
0,1.3306318521499634,1,False
0,2.0047409534454346,2,False
0,0.7480664849281311,0,False
0,1.356579065322876,0,False
0,0.5128699541091919,0,False
0,1.4761905670166016,2,False
0,1.3101205825805664,0,False
0,1.220623254776001,0,False
0,1.4983301162719727,2,False
0,1.9022126197814941,2,False
0,1.146152377128601,1,False
0,2.124357223510742,1,False
0,1.2710344791412354,0,False
0,1.285351276397705,0,False
0,1.3059381246566772,0,False
0,1.1791547536849976,1,False
0,0.4418718218803406,0,False
0,1.318365216255188,0,False
0,1.2523066997528076,0,False
0,1.864096999168396,0,False
0,2.8125078678131104,1,False
0,1.3849784135818481,0,False
0,1.3096888065338135,1,False
0,1.3122031688690186,1,False
0,1.8753536939620972,2,False
0,0.48733964562416077,0,False
0,3.1282386779785156,1,False
0,1.4924368858337402,2,False
0,1.2352219820022583,1,False
0,1.3060038089752197,2,False
0,1.0100703239440918,0,False
0,1.8279179334640503,1,False
0,2.0705299377441406,2,False
0,1.2733186483383179,1,False
0,0.7077120542526245,2,False
0,1.2843077182769775,1,False
0,0.9442155957221985,0,False
0,1.4151837825775146,2,False
0,2.382869243621826,2,False
0,0.42815664410591125,0,False
0,0.8085421919822693,0,False
0,2.320998430252075,2,False
0,1.3047986030578613,0,False
0,1.1515235900878906,1,False
0,1.995057225227356,0,False
0,1.998612642288208,1,False
0,1.2894483804702759,1,False
0,1.2975249290466309,0,False
0,0.7094642519950867,0,False
0,1.2533354759216309,0,False
0,1.2555729150772095,1,False
0,1.0290416479110718,0,False
0,1.2730388641357422,0,False
0,0.47091376781463623,0,False
0,1.5355709791183472,1,False
0,2.0353891849517822,2,False
0,1.28460693359375,0,False
0,0.7698216438293457,2,False
0,2.1040682792663574,2,False
0,1.2184576988220215,0,False
0,1.4538931846618652,2,False
0,2.06750226020813,2,False
0,1.6969833374023438,2,False
0,1.2111023664474487,0,False
0,1.0106894969940186,2,False
0,2.871770143508911,1,False
0,1.536906123161316,2,False
0,1.1086386442184448,2,False
0,0.8982691764831543,2,False
0,2.530427932739258,1,False
0,1.3849931955337524,0,False
0,1.8343400955200195,1,False
0,0.9637739062309265,0,False
0,3.4955148696899414,1,False
0,1.921377182006836,2,False
0,1.1618311405181885,1,False
0,1.010803461074829,0,False
0,0.9281856417655945,0,False
0,1.2722954750061035,1,False
0,1.2534253597259521,1,False
0,1.352070689201355,2,False
0,2.068390369415283,2,False
0,1.2567567825317383,1,False
0,0.7538253664970398,0,False
0,1.014884114265442,2,False
0,2.0628957748413086,2,False
0,0.9958095550537109,0,False
0,2.5618739128112793,0,False
0,1.3261476755142212,0,False
0,1.2947918176651,1,False
0,1.314293622970581,2,False
0,0.9551379680633545,2,False
0,1.055302619934082,1,False
0,2.0439798831939697,2,False
0,2.52592134475708,2,False
0,1.5120794773101807,2,False
0,1.0912609100341797,1,False
0,1.2813549041748047,1,False
0,2.7805705070495605,0,False
0,1.6315802335739136,1,False
0,0.7061638236045837,2,False
0,1.675004005432129,1,False
0,2.0389461517333984,2,False
0,0.4897739291191101,0,False
0,1.274336576461792,1,False
0,1.3129380941390991,0,False
0,0.8991848826408386,2,False
0,1.6968152523040771,1,False
0,0.7950764298439026,0,False
0,1.340651512145996,2,False
0,1.3824917078018188,2,False
0,1.2085752487182617,1,False
0,7.040952682495117,2,False
0,0.8911137580871582,2,False
0,1.6301738023757935,1,False
0,1.2289484739303589,1,False
0,1.038872241973877,0,False
0,1.8579332828521729,2,False
0,1.1457157135009766,1,False
0,1.313154935836792,0,False
0,0.9467601776123047,2,False
0,0.4250694215297699,0,False
0,0.7460175156593323,0,False
0,1.3333733081817627,1,False
0,1.0446053743362427,2,False
0,1.5311222076416016,1,False
0,1.151469111442566,1,False
0,1.4153964519500732,1,False
0,0.40911227464675903,0,False
0,1.96517813205719,2,False
0,1.2134337425231934,1,False
0,1.0476033687591553,1,False
0,1.2160537242889404,1,False
0,1.2908718585968018,1,False
0,0.9953374266624451,0,False
0,1.1504158973693848,1,False
0,0.9981874227523804,2,False
0,1.0510804653167725,2,False
0,1.9403983354568481,2,False
0,1.9335216283798218,2,False
0,0.7346357107162476,0,False
0,1.5112841129302979,2,False
0,0.8299988508224487,2,False
0,1.0632665157318115,1,False
0,1.026790976524353,0,False
0,0.9182947874069214,0,False
0,1.218382716178894,1,False
0,0.5218983888626099,0,False
0,2.5346994400024414,1,False
0,0.879927396774292,2,False
0,1.317744255065918,0,False
0,0.7745388150215149,0,False
0,0.9395030736923218,2,False
0,0.9128694534301758,0,False
0,1.8969212770462036,1,False
0,0.48509931564331055,0,False
0,1.8312346935272217,1,False
0,1.6243808269500732,1,False
0,2.6569886207580566,1,False
0,1.028465747833252,0,False
0,1.2934112548828125,1,False
0,1.3731646537780762,2,False
0,1.1761987209320068,0,False
0,2.118501901626587,2,False
0,0.7073472738265991,0,False
0,0.6630280017852783,2,False
0,1.230351448059082,1,False
0,1.4806413650512695,1,False
0,0.7794280052185059,0,False
0,1.5953238010406494,1,False
0,1.3377374410629272,0,False
0,1.1312859058380127,1,False
0,1.3227001428604126,0,False
0,0.422776997089386,0,False
0,0.9784019589424133,0,False
0,1.2412605285644531,1,False
0,2.285238742828369,2,False
0,1.3819026947021484,2,False
0,2.5329880714416504,2,False
0,0.7673715949058533,0,False
0,1.1028578281402588,1,False
0,2.0898969173431396,2,False
0,2.4716529846191406,1,False
0,1.341217041015625,0,False
0,1.891789197921753,2,False
0,0.9419560432434082,2,False
0,0.4051210284233093,0,False
0,1.3911633491516113,0,False
0,1.4705531597137451,1,False
0,1.8193854093551636,1,False
0,0.4590422511100769,0,False
0,2.7872538566589355,1,False
0,1.2196730375289917,0,False
0,0.673221230506897,2,False
0,1.0604610443115234,2,False
0,2.351489543914795,2,False
0,0.8827898502349854,2,False
0,2.4720640182495117,2,False
0,0.9672092795372009,0,False
0,2.439021110534668,1,False
0,1.3678615093231201,2,False
0,1.2048074007034302,1,False
0,1.0855814218521118,1,False
0,1.104099988937378,1,False
0,2.024214744567871,2,False
0,1.2692232131958008,1,False
0,1.3907009363174438,1,False
0,1.0677123069763184,1,False
0,0.46387001872062683,0,False
0,1.5040277242660522,2,False
0,1.1762051582336426,0,False
0,2.7114734649658203,1,False
0,1.3265767097473145,0,False
0,2.1975979804992676,2,False
0,1.3966652154922485,2,False
0,1.1446174383163452,2,False
0,0.7724615335464478,2,False
0,2.521599054336548,2,False
0,1.1869155168533325,1,False
0,1.2209666967391968,0,False
0,1.2904577255249023,0,False
0,0.9029970169067383,0,False
0,1.4731659889221191,2,False
0,0.9431906342506409,0,False
0,1.2275776863098145,1,False
0,0.6170814633369446,0,False
0,2.034452199935913,2,False
0,1.3277875185012817,0,False
0,1.190901517868042,1,False
0,1.2028275728225708,1,False
0,1.0353840589523315,1,False
0,6.807117462158203,2,False
0,2.0300049781799316,2,False
0,2.8171658515930176,1,False
0,1.1651973724365234,1,False
0,0.8789434432983398,2,False
0,1.3981938362121582,2,False
0,1.411877155303955,2,False
0,1.5402469635009766,1,False
0,1.1889535188674927,1,False
0,2.4207942485809326,2,False
0,1.2898584604263306,0,False
0,0.4166143238544464,0,False
0,1.948915719985962,2,False
0,1.1659008264541626,1,False
0,1.341301441192627,0,False
0,1.1447629928588867,1,False
0,1.1135492324829102,0,False
0,1.424412488937378,2,False
0,1.0813018083572388,2,False
0,1.9855217933654785,2,False
0,1.3096506595611572,1,False
0,1.508756160736084,2,False
0,1.2219609022140503,1,False
0,1.0656793117523193,0,False
0,1.335728645324707,0,False
0,1.1552337408065796,1,False
0,1.1618411540985107,0,False
0,0.9152939319610596,0,False
0,0.891933262348175,0,False
0,1.180481195449829,1,False
0,2.401401996612549,2,False
0,1.085010290145874,0,False
0,2.126007080078125,2,False
0,1.2021428346633911,1,False
0,1.557528018951416,1,False
0,2.021738290786743,2,False
0,1.2995831966400146,0,False
0,1.1892006397247314,1,False
0,0.7315258383750916,0,False
0,1.3280137777328491,0,False
0,1.2362958192825317,1,False
0,0.4052749276161194,0,False
0,2.0926337242126465,2,False
0,0.41792869567871094,0,False
0,1.3652499914169312,0,False
0,1.3224077224731445,0,False
0,1.3939977884292603,2,False
0,1.3743797540664673,1,False
0,2.265906572341919,2,False
0,1.3139790296554565,1,False
0,2.4086666107177734,2,False
0,1.187366247177124,1,False
0,1.3221527338027954,0,False
0,1.2945539951324463,0,False
0,1.3255492448806763,0,False
0,2.087106227874756,2,False
0,2.4941720962524414,1,False
0,1.2241759300231934,1,False
0,1.8891741037368774,1,False
0,1.0244191884994507,2,False
0,1.0555987358093262,1,False
0,1.067121982574463,0,False
0,1.585268497467041,1,False
0,1.3711742162704468,2,False
0,1.9420642852783203,2,False
0,1.1187070608139038,0,False
0,1.8413937091827393,1,False
0,2.0820748805999756,2,False
0,1.03737211227417,1,False
0,1.044828176498413,1,False
0,1.8302112817764282,1,False
0,0.6143724322319031,0,False
0,1.2287485599517822,1,False
0,1.2952629327774048,0,False
0,0.9507046937942505,0,False
0,0.7457637786865234,0,False
0,1.597550868988037,1,False
0,2.665192127227783,1,False
0,1.9137195348739624,2,False
0,1.1348345279693604,0,False
0,1.2594735622406006,1,False
0,0.9342190027236938,2,False
0,0.7601686716079712,0,False
0,1.097970962524414,2,False
0,1.3708820343017578,2,False
0,0.8876672387123108,0,False
0,0.8871087431907654,0,False
0,3.4056031703948975,2,False
0,1.3287081718444824,2,False
0,1.2280683517456055,1,False
0,2.821394205093384,1,False
0,1.1058149337768555,1,False
0,1.3809235095977783,1,False
0,2.880401611328125,1,False
0,1.8899085521697998,2,False
0,1.3239707946777344,0,False
0,0.7653053998947144,2,False
0,0.743445873260498,0,False
0,0.5184872150421143,0,False
0,2.429086685180664,2,False
0,0.37342312932014465,0,False
0,0.9801086783409119,0,False
0,1.2761220932006836,1,False
0,2.335909366607666,2,False
0,1.8583619594573975,2,False
0,1.0500257015228271,1,False
0,0.4158467650413513,0,False
0,1.8217613697052002,2,False
0,1.05989670753479,1,False
0,1.280108094215393,1,False
0,1.889418125152588,0,False
0,1.308472752571106,2,False
0,1.0312727689743042,1,False
0,1.390490174293518,0,False
0,1.950786828994751,2,False
0,6.851938247680664,2,False
0,2.745143175125122,1,False
0,3.225116729736328,1,False
0,0.9706481695175171,2,False
0,1.0402476787567139,1,False
0,1.1088497638702393,0,False
0,1.0977542400360107,0,False
0,0.6928250789642334,0,False
0,1.2685049772262573,0,False
0,0.8913968801498413,0,False
0,2.7714436054229736,1,False
0,0.6511194109916687,2,False
0,1.377640962600708,2,False
0,1.177826166152954,1,False
0,1.1676218509674072,1,False
0,0.8812745809555054,0,False
0,0.7787892818450928,0,False
0,1.2535672187805176,1,False
0,0.8845979571342468,2,False
0,0.7671555876731873,0,False
0,2.852022886276245,1,False
0,4.439923286437988,2,False
0,0.946009635925293,0,False
0,0.6289359331130981,2,False
0,1.0309557914733887,1,False
0,0.9380964040756226,2,False
0,1.3122859001159668,0,False
0,1.3640742301940918,0,False
0,0.703402578830719,0,False
0,3.270813465118408,1,False
0,1.5124999284744263,2,False
0,3.1956353187561035,1,False
0,1.3600146770477295,2,False
0,1.2648531198501587,1,False
0,1.9792046546936035,2,False
0,0.8818362951278687,2,False
0,1.0464186668395996,1,False
0,1.0245158672332764,1,False
0,2.0157079696655273,2,False
0,1.2740724086761475,0,False
0,1.0152558088302612,0,False
0,1.3854531049728394,2,False
0,1.4828020334243774,2,False
0,1.3382112979888916,1,False
0,0.6626600623130798,0,False
0,1.9567229747772217,2,False
0,1.1641709804534912,0,False
0,1.0953161716461182,0,False
0,1.3827605247497559,2,False
0,1.2384426593780518,1,False
0,1.9249694347381592,2,False
0,0.9195605516433716,0,False
0,0.4277229309082031,0,False
0,1.2225947380065918,1,False
0,2.347355365753174,2,False
0,0.9871279001235962,2,False
0,1.3382976055145264,0,False
0,1.4413442611694336,1,False
0,0.8989561200141907,0,False
0,1.6355488300323486,0,False
0,3.1812028884887695,1,False
0,3.22271728515625,1,False
0,0.3650031089782715,0,False
0,1.765855073928833,0,False
0,1.3264822959899902,0,False
0,1.0375392436981201,1,False
0,1.2925795316696167,0,False
0,1.440237045288086,2,False
0,1.0441197156906128,1,False
0,1.1786634922027588,1,False
0,1.0245051383972168,1,False
0,3.902751922607422,2,False
0,2.189730167388916,1,False
0,1.329268455505371,0,False
0,0.8637903928756714,2,False
0,2.127717971801758,2,False
0,1.3283891677856445,0,False
0,1.345609188079834,2,False
0,1.5397523641586304,2,False
0,1.8007736206054688,2,False
0,1.4436575174331665,2,False
0,2.538045883178711,2,False
0,1.855628490447998,2,False
0,1.0157136917114258,1,False
0,1.3239917755126953,0,False
0,2.1384458541870117,2,False
0,1.3285025358200073,0,False
0,1.0457890033721924,1,False
0,0.8901965618133545,0,False
0,7.0904693603515625,2,False
0,2.0962882041931152,2,False
0,1.8217922449111938,2,False
0,2.9383673667907715,1,False
0,2.560681104660034,1,False
0,1.183246374130249,1,False
0,1.0234007835388184,1,False
0,0.6315377354621887,0,False
0,1.2989484071731567,2,False
0,1.3420108556747437,0,False
0,1.321590781211853,1,False
0,0.8625372052192688,0,False
0,1.1660104990005493,1,False
0,1.3212133646011353,0,False
0,1.0283410549163818,1,False
0,1.3615448474884033,2,False
0,2.3054494857788086,2,False
0,1.2325286865234375,1,False
0,1.6475846767425537,2,False
0,2.316323757171631,2,False
0,1.0408554077148438,1,False
0,1.8605015277862549,1,False
0,3.149531364440918,1,False
0,1.0321122407913208,1,False
0,3.119551420211792,1,False
0,1.0323039293289185,1,False
0,1.1028752326965332,0,False
0,1.8606239557266235,2,False
0,2.3540549278259277,2,False
0,2.444387674331665,2,False
0,0.6115008592605591,2,False
0,1.8564410209655762,2,False
0,0.911500871181488,0,False
0,2.3743228912353516,1,False
0,1.0346348285675049,1,False
0,0.40655308961868286,0,False
0,0.6316457986831665,2,False
0,1.6748512983322144,2,False
0,2.816761016845703,1,False
0,1.2792820930480957,0,False
0,0.8693377375602722,0,False
0,1.05357027053833,1,False
0,1.37750244140625,0,False
0,0.879855215549469,2,False
0,0.9360345005989075,2,False
0,1.0362229347229004,1,False
0,1.031949520111084,1,False
0,3.1896371841430664,1,False
0,2.2843971252441406,2,False
0,1.0291035175323486,1,False
0,3.226473331451416,1,False
0,0.9205965995788574,0,False
0,3.9046595096588135,2,False
0,2.3080015182495117,2,False
0,1.21364426612854,2,False
0,0.8812808990478516,2,False
0,1.0041753053665161,0,False
0,1.3423367738723755,1,False
0,2.7863645553588867,1,False
0,1.8868087530136108,2,False
0,1.2766203880310059,0,False
0,0.4330788552761078,0,False
0,3.561453104019165,1,False
0,2.920189380645752,0,False
0,1.3393505811691284,2,False
0,1.038478136062622,1,False
0,1.0360870361328125,0,False
0,1.047798991203308,1,False
0,1.372853398323059,0,False
0,1.2061055898666382,2,False
0,1.2683793306350708,0,False
0,1.6940321922302246,0,False
0,1.2541812658309937,2,False
0,1.6919100284576416,2,False
0,0.8828204274177551,2,False
0,2.2759556770324707,2,False
0,1.2879397869110107,0,False
0,2.476912498474121,1,False
0,1.0574997663497925,1,False
0,0.7908381223678589,0,False
0,1.7289754152297974,0,False
0,1.6154062747955322,2,False
0,1.041081428527832,1,False
0,1.059289813041687,1,False
0,3.2089972496032715,1,False
0,1.832991123199463,2,False
0,0.6811851859092712,0,False
0,2.276848554611206,2,False
0,1.0410990715026855,1,False
0,0.7174925804138184,0,False
0,1.664421558380127,0,False
0,0.3795016407966614,0,False
0,1.2914671897888184,0,False
0,1.3147975206375122,0,False
0,0.8511394262313843,0,False
0,0.9166998267173767,0,False
0,0.8248265981674194,2,False
0,1.305084466934204,0,False
0,1.0306634902954102,1,False
0,1.0975130796432495,0,False
0,0.38054805994033813,0,False
0,0.854069709777832,0,False
0,1.0452402830123901,1,False
0,1.1449483633041382,0,False
0,1.0742356777191162,0,False
0,1.0396214723587036,1,False
0,1.0340875387191772,1,False
0,0.9515482783317566,0,False
0,0.5290399789810181,0,False
0,1.3059723377227783,0,False
0,0.978987455368042,0,False
0,0.948264479637146,2,False
0,0.8806134462356567,2,False
0,1.1098136901855469,2,False
0,1.810760498046875,1,False
0,3.192061424255371,1,False
0,1.0506806373596191,1,False
0,0.5912603139877319,2,False
0,0.547919511795044,2,False
0,2.2790818214416504,2,False
0,1.6913535594940186,2,False
0,0.43004027009010315,2,False
0,1.3924248218536377,2,False
0,3.188364267349243,1,False
0,1.0333445072174072,1,False
0,0.7698137164115906,0,False
0,1.734050989151001,0,False
0,1.290753722190857,0,False
0,1.0184847116470337,1,False
0,3.350337028503418,2,False
0,1.2629485130310059,0,False
0,1.3011527061462402,0,False
0,1.4535644054412842,2,False
0,1.4480316638946533,2,False
0,1.2751052379608154,0,False
0,0.7426438331604004,2,False
0,1.2623281478881836,0,False
0,1.8113958835601807,2,False
0,2.1557581424713135,1,False
0,1.2921764850616455,0,False
0,3.2196884155273438,1,False
0,1.7974227666854858,1,False
0,1.5455067157745361,2,False
0,4.393148422241211,2,False
0,0.8924169540405273,2,False
0,1.038421392440796,1,False
0,1.0308747291564941,1,False
0,1.1293774843215942,0,False
0,1.0378036499023438,1,False
0,4.391136169433594,2,False
0,1.8256361484527588,2,False
0,0.6781864166259766,0,False
0,1.0190966129302979,1,False
0,1.0874066352844238,0,False
0,1.0384232997894287,1,False
0,1.3700344562530518,2,False
0,0.37543731927871704,0,False
0,1.7867456674575806,1,False
0,2.7139065265655518,1,False
0,1.3143254518508911,0,False
0,1.7053862810134888,2,False
0,1.0231693983078003,1,False
0,1.846348524093628,1,False
0,1.0400311946868896,1,False
0,0.8951750993728638,2,False
0,0.9019824266433716,2,False
0,0.37728291749954224,0,False
0,2.8528826236724854,0,False
0,1.7671489715576172,1,False
0,1.0348920822143555,1,False
0,1.021324634552002,1,False
0,3.2386558055877686,1,False
0,0.9748868942260742,2,False
0,1.695347785949707,0,False
0,1.0181914567947388,1,False
0,1.2961446046829224,0,False
0,1.104577898979187,1,False
0,1.0191224813461304,1,False
0,0.6267898082733154,2,False
0,0.9411249160766602,2,False
0,1.0227776765823364,1,False
0,1.258910059928894,0,False
0,1.2690627574920654,0,False
0,1.6743104457855225,0,False
0,0.6953606605529785,0,False
0,1.7243709564208984,0,False
0,0.37245675921440125,0,False
0,0.873987078666687,0,False
0,1.4445405006408691,2,False
0,2.626101493835449,1,False
0,1.2930494546890259,0,False
0,1.2681961059570312,0,False
0,0.6388056874275208,2,False
0,2.314436912536621,2,False
0,1.0287072658538818,1,False
0,0.8913009762763977,0,False
0,2.3436520099639893,1,False
0,1.013857126235962,0,False
0,3.2587366104125977,2,False
0,2.318277597427368,2,False
0,3.2940621376037598,1,False
0,1.8755269050598145,2,False
0,1.3164030313491821,0,False
0,1.0286762714385986,1,False
0,2.8892717361450195,1,False
0,1.450509786605835,2,False
0,1.2861742973327637,0,False
0,1.8218669891357422,2,False
0,3.1871049404144287,1,False
0,2.319875955581665,2,False
0,6.796710014343262,2,False
0,1.8228014707565308,2,False
0,1.2851265668869019,0,False
0,1.0492719411849976,0,False
0,0.9989056587219238,2,False
0,1.330627679824829,0,False
0,3.2121105194091797,1,False
0,1.369607925415039,2,False
0,3.229161262512207,1,False
0,1.0097790956497192,1,False
0,1.4721542596817017,2,False
0,3.8899636268615723,2,False
0,1.0180343389511108,1,False
0,3.219846725463867,1,False
0,0.9825912117958069,2,False
0,1.2869826555252075,0,False
0,0.9245085120201111,2,False
0,1.4253519773483276,2,False
0,0.9873420596122742,2,False
0,1.0103973150253296,1,False
0,0.9977763891220093,1,False
0,1.2682894468307495,0,False
0,1.3020126819610596,0,False
0,0.8243297934532166,0,False
0,0.6852356791496277,2,False
0,2.323740005493164,2,False
0,1.0152795314788818,1,False
0,2.3612141609191895,1,False
0,0.786637008190155,0,False
0,1.5675511360168457,2,False
0,2.7020063400268555,2,False
0,1.0084619522094727,1,False
0,0.5284724235534668,0,False
0,1.0041725635528564,1,False
0,2.3242270946502686,2,False
0,1.9520869255065918,1,False
0,1.0126559734344482,1,False
0,1.0235505104064941,1,False
0,0.7337290644645691,2,False
0,0.934304416179657,0,False
0,2.0778987407684326,1,False
0,1.2556116580963135,0,False
0,1.2564775943756104,0,False
0,1.4534451961517334,2,False
0,1.6979303359985352,0,False
0,1.0556085109710693,1,False
0,1.2856711149215698,0,False
0,0.6105325222015381,2,False
0,1.011340856552124,1,False
0,0.9791982769966125,0,False
0,1.2524327039718628,0,False
0,0.8343009948730469,0,False
0,1.280922770500183,0,False
0,3.4190192222595215,2,False
0,1.0758882761001587,0,False
0,1.3651632070541382,1,False
0,1.0029785633087158,1,False
0,2.860788345336914,1,False
0,1.8231873512268066,2,False
0,3.2670280933380127,1,False
0,0.8978197574615479,2,False
0,0.6285028457641602,0,False
0,2.317409038543701,2,False
0,0.4087185561656952,2,False
0,0.7818130850791931,0,False
0,0.8547853231430054,2,False
0,1.0030733346939087,1,False
0,3.1960501670837402,1,False
0,0.8867979645729065,0,False
0,1.0155574083328247,1,False
0,3.260002613067627,1,False
0,0.8379523754119873,0,False
0,1.276295781135559,0,False
0,0.8620970845222473,0,False
0,0.607039749622345,0,False
0,3.314556121826172,2,False
0,1.0010439157485962,2,False
0,1.0166200399398804,1,False
0,1.6843419075012207,2,False
0,0.9388039112091064,0,False
0,1.819838047027588,2,False
0,0.8405337929725647,0,False
0,1.3849120140075684,2,False
0,0.9669139981269836,2,False
0,0.8483662009239197,2,False
0,0.8205224275588989,2,False
0,3.2229838371276855,1,False
0,1.2582268714904785,0,False
0,0.6066631078720093,0,False
0,1.445681095123291,2,False
0,0.6629275679588318,2,False
0,0.8940181732177734,0,False
0,3.398233413696289,2,False
0,3.235680341720581,1,False
0,1.2599724531173706,0,False
0,0.5339117646217346,0,False
0,1.8150014877319336,2,False
0,1.6909639835357666,0,False
0,1.293805480003357,0,False
0,0.3758487105369568,0,False
0,1.2566825151443481,0,False
0,1.8100450038909912,1,False
0,1.0180383920669556,1,False
0,2.086740493774414,1,False
0,0.9379184246063232,2,False
0,1.073843002319336,0,False
0,1.2738261222839355,0,False
0,1.9448727369308472,1,False
0,3.2089521884918213,1,False
0,0.8775655627250671,0,False
0,1.4178050756454468,2,False
0,1.0153419971466064,1,False
0,1.1743571758270264,2,False
0,1.2758257389068604,0,False
0,1.0059785842895508,1,False
0,0.8228158950805664,2,False
0,0.37286198139190674,0,False
0,3.9516520500183105,2,False
0,0.6920808553695679,0,False
0,1.0162506103515625,1,False
0,1.8180484771728516,2,False
0,1.0190235376358032,1,False
0,0.8298128247261047,0,False
0,1.3852142095565796,2,False
0,2.8414015769958496,1,False
0,1.0117484331130981,1,False
0,1.2766321897506714,0,False
0,2.6860318183898926,2,False
0,1.7246991395950317,2,False
0,0.6270872950553894,2,False
0,0.934326708316803,2,False
0,0.9806546568870544,0,False
0,0.9425861835479736,0,False
0,1.6919046640396118,1,False
0,2.610414743423462,1,False
0,1.0192729234695435,1,False
0,1.0504169464111328,0,False
0,2.3267006874084473,1,False
0,1.5700651407241821,2,False
0,0.9244950413703918,0,False
0,0.9039555191993713,2,False
0,3.1638193130493164,1,False
0,1.157780408859253,1,False
0,1.0833981037139893,0,False
0,0.8362346887588501,0,False
0,1.2418807744979858,0,False
0,1.0091612339019775,0,False
0,2.3082995414733887,2,False
0,0.8442988395690918,2,False
0,1.0165736675262451,1,False
0,1.014298677444458,1,False
0,1.0340439081192017,1,False
0,1.01412832736969,1,False
0,1.2715016603469849,0,False
0,2.3077785968780518,2,False
0,0.7883482575416565,0,False
0,1.357089877128601,2,False
0,3.3586316108703613,2,False
0,1.3717365264892578,1,False
0,1.2707860469818115,0,False
0,1.0089261531829834,1,False
0,1.65723717212677,0,False
0,1.0272289514541626,1,False
0,1.0048493146896362,1,False
0,0.7360501289367676,0,False
0,1.2539708614349365,0,False
0,0.7768104076385498,2,False
0,3.2074432373046875,1,False
0,1.2382988929748535,0,False
0,1.6847182512283325,1,False
0,3.446321725845337,2,False
0,6.262797832489014,2,False
0,1.026596188545227,1,False
0,1.0168867111206055,2,False
0,1.8337204456329346,1,False
0,1.8150436878204346,2,False
0,0.9360600113868713,2,False
0,0.9440178871154785,2,False
0,1.0180866718292236,1,False
0,1.239114761352539,0,False
0,3.206813097000122,1,False
0,1.0147892236709595,2,False
0,2.3137035369873047,2,False
0,2.8414039611816406,1,False
0,0.8556609153747559,0,False
0,3.5085930824279785,2,False
0,2.2781708240509033,0,False
0,1.2663267850875854,0,False
0,0.8351185321807861,0,False
0,1.1604429483413696,2,False
0,0.3733771741390228,0,False
0,3.200401544570923,1,False
0,1.0285594463348389,1,False
0,0.41608095169067383,2,False
0,0.6278187036514282,0,False
0,2.3130438327789307,2,False
0,1.8085331916809082,2,False
0,1.0064191818237305,1,False
0,1.0184946060180664,1,False
0,1.5745737552642822,2,False
0,0.945828914642334,2,False
0,3.2140157222747803,1,False
0,1.0233421325683594,1,False
0,0.8352289199829102,0,False
0,2.314471960067749,2,False
0,4.250733375549316,2,False
0,0.9101499915122986,2,False
0,1.0098588466644287,1,False
0,1.795536994934082,2,False
0,1.2692524194717407,0,False
0,0.5575644373893738,2,False
0,0.7488529086112976,2,False
0,1.012352705001831,1,False
0,1.0730726718902588,0,False
0,1.0254807472229004,1,False
0,2.312514305114746,2,False
0,0.777669370174408,0,False
0,1.2735122442245483,0,False
0,0.8605737090110779,2,False
0,1.2390888929367065,2,False
0,1.6940243244171143,0,False
0,0.8780624270439148,0,False
0,1.00826895236969,1,False
0,1.7028098106384277,0,False
0,1.0010786056518555,1,False
0,1.8121366500854492,2,False
0,1.0150163173675537,1,False
0,3.2595648765563965,1,False
0,1.241228461265564,0,False
0,1.0306737422943115,1,False
0,1.273237943649292,0,False
0,1.0261549949645996,1,False
0,3.20039439201355,1,False
0,1.2456609010696411,0,False
0,0.7293465733528137,2,False
0,1.0083351135253906,1,False
0,1.4755959510803223,2,False
0,1.4018844366073608,2,False
0,1.002012014389038,1,False
0,2.3191771507263184,2,False
0,1.0077900886535645,1,False
0,2.7279350757598877,0,False
0,1.2730075120925903,0,False
0,1.0244476795196533,1,False
0,0.6344133615493774,2,False
0,1.2990306615829468,0,False
0,0.6788357496261597,0,False
0,0.9453344941139221,2,False
0,2.27999210357666,0,False
0,1.220697045326233,2,False
0,3.467327356338501,2,False
0,0.8235052824020386,2,False
0,1.6949398517608643,0,False
0,1.5492717027664185,2,False
0,3.2776939868927,1,False
0,0.9365689754486084,2,False
0,1.0007432699203491,1,False
0,1.851163387298584,1,False
0,1.0554285049438477,1,False
0,0.9514224529266357,2,False
0,1.24479341506958,0,False
0,1.2293061017990112,0,False
0,0.9903305768966675,1,False
0,0.367511123418808,2,False
0,0.911113977432251,0,False
0,0.5760717391967773,0,False
0,0.3429909348487854,2,False
0,1.018660068511963,1,False
0,0.9971189498901367,1,False
0,3.2135169506073,1,False
0,2.3293070793151855,2,False
0,2.328817367553711,2,False
0,0.9902459383010864,1,False
0,1.0212888717651367,2,False
0,1.8121328353881836,2,False
0,1.0670727491378784,0,False
0,1.2466607093811035,1,False
0,1.2485097646713257,0,False
0,0.8659866452217102,0,False
0,0.9972556233406067,1,False
0,0.5988579988479614,0,False
0,1.1261041164398193,2,False
0,1.238810658454895,0,False
0,0.9748599529266357,1,False
0,1.0104981660842896,1,False
0,0.8983851075172424,2,False
0,3.2531914710998535,1,False
0,1.2606408596038818,0,False
0,4.89737606048584,2,False
0,1.8072540760040283,2,False
0,1.0753753185272217,0,False
0,0.9921921491622925,1,False
0,0.9978138208389282,1,False
0,0.9094876050949097,0,False
0,0.827106237411499,0,False
0,0.7276588678359985,2,False
0,1.2301270961761475,0,False
0,1.0205835103988647,1,False
0,2.7096664905548096,2,False
0,1.289139986038208,0,False
0,1.2594945430755615,0,False
0,1.0046823024749756,1,False
0,1.698462963104248,0,False
0,0.9947571754455566,1,False
0,0.7753856778144836,0,False
0,1.2254589796066284,0,False
0,3.878850221633911,2,False
0,1.2270512580871582,0,False
0,1.2287533283233643,0,False
0,1.2436625957489014,0,False
0,1.2588576078414917,0,False
0,0.9505555629730225,2,False
0,0.8528841733932495,0,False
0,1.4046518802642822,1,False
0,2.321596384048462,2,False
0,3.2415716648101807,1,False
0,1.001699447631836,1,False
0,1.218491792678833,0,False
0,1.2304987907409668,0,False
0,0.5237910747528076,0,False
0,1.0174024105072021,1,False
0,0.7027298212051392,2,False
0,1.3776788711547852,2,False
0,1.0085363388061523,1,False
0,3.4118292331695557,2,False
0,1.6416704654693604,1,False
0,3.2817721366882324,1,False
0,2.3189592361450195,2,False
0,3.2370593547821045,2,False
0,1.0261327028274536,2,False
0,2.125275135040283,1,False
0,1.3980555534362793,1,False
0,2.863741159439087,1,False
0,1.2572104930877686,0,False
0,4.166383266448975,2,False
0,0.8802974224090576,0,False
0,0.9931833744049072,1,False
0,0.7831825017929077,0,False
0,2.5691328048706055,1,False
0,1.0056710243225098,1,False
0,1.1760159730911255,2,False
0,0.8196871876716614,2,False
0,1.0076825618743896,1,False
0,1.587575078010559,2,False
0,1.0077931880950928,1,False
0,2.3128743171691895,2,False
0,0.8308287262916565,0,False
0,0.8349894285202026,0,False
0,1.5813288688659668,2,False
0,0.36684393882751465,0,False
0,1.9582056999206543,1,False
0,1.4226741790771484,2,False
0,3.2108781337738037,1,False
0,0.8244419097900391,0,False
0,1.0365476608276367,0,False
0,0.3690522313117981,0,False
0,1.2351714372634888,0,False
0,0.5623667240142822,2,False
0,1.0139703750610352,1,False
0,1.294890284538269,0,False
0,0.8869829177856445,0,False
0,1.0054552555084229,0,False
0,3.2204713821411133,1,False
0,1.6438170671463013,1,False
0,0.4087197780609131,2,False
0,2.3208584785461426,2,False
0,1.0031784772872925,0,False
0,0.6754151582717896,2,False
0,1.221535563468933,1,False
0,0.675152599811554,2,False
0,1.011223554611206,1,False
0,2.318417549133301,2,False
0,3.284606695175171,2,False
0,1.4672586917877197,2,False
0,1.015914797782898,1,False
0,1.0179939270019531,1,False
0,2.310075283050537,1,False
0,1.4357035160064697,2,False
0,0.39495715498924255,2,False
0,1.6681896448135376,0,False
0,1.635948657989502,0,False
0,1.0154675245285034,1,False
0,3.225299596786499,1,False
0,1.7878777980804443,2,False
0,1.004947543144226,1,False
0,1.8022278547286987,2,False
0,1.1900582313537598,0,False
0,1.8020493984222412,2,False
0,1.2289913892745972,0,False
0,1.222676157951355,0,False
0,3.225965738296509,1,False
0,1.6358743906021118,0,False
0,0.7000981569290161,2,False
0,1.0661931037902832,0,False
0,0.3666132092475891,0,False
0,0.6715595722198486,2,False
0,1.0757957696914673,0,False
0,0.9974708557128906,1,False
0,1.7651081085205078,2,False
0,1.221233606338501,0,False
0,0.6166947484016418,2,False
0,0.9958721399307251,1,False
0,1.6816859245300293,0,False
0,1.1804686784744263,2,False
0,1.380666971206665,1,False
0,0.8807868361473083,2,False
0,1.0215061902999878,1,False
0,0.9999715685844421,0,False
0,1.2566651105880737,0,False
0,1.4018044471740723,1,False
0,0.8215336799621582,0,False
0,1.007845163345337,1,False
0,2.323885202407837,2,False
0,0.9864261150360107,1,False
0,2.1212568283081055,1,False
0,2.28415846824646,0,False
0,1.0050225257873535,1,False
0,0.7865369915962219,2,False
0,0.3679664134979248,0,False
0,0.6617629528045654,0,False
0,1.6330630779266357,1,False
0,1.0150395631790161,1,False
0,1.0007888078689575,1,False
0,2.327609062194824,2,False
0,0.7741495966911316,0,False
0,1.2353366613388062,0,False
0,1.012976884841919,1,False
0,3.1563661098480225,1,False
0,1.2209011316299438,1,False
0,1.2406080961227417,1,False
0,0.8043166995048523,2,False
0,1.4029260873794556,0,False
0,2.3311455249786377,2,False
0,0.34315359592437744,2,False
0,1.0912052392959595,2,False
0,0.8494170904159546,0,False
0,1.009758710861206,1,False
0,0.5166566967964172,0,False
0,1.5817973613739014,2,False
0,1.0059696435928345,1,False
0,3.208601474761963,1,False
0,1.0136162042617798,1,False
0,2.3277390003204346,2,False
0,0.9576575756072998,1,False
0,1.692725658416748,0,False
0,0.9572035074234009,2,False
0,1.8149497509002686,2,False
0,1.2388914823532104,0,False
0,3.1827359199523926,1,False
0,2.3312528133392334,2,False
0,1.0341311693191528,2,False
0,3.171265125274658,1,False
0,1.0008561611175537,1,False
0,0.8288455009460449,0,False
0,1.2563949823379517,0,False
0,0.9992261528968811,1,False
0,1.669901967048645,0,False
0,0.7737678289413452,0,False
0,1.801966905593872,1,False
0,0.5643651485443115,2,False
0,0.9978483319282532,1,False
0,0.8651115894317627,0,False
0,1.4249495267868042,2,False
0,4.825758457183838,2,False
0,1.2446852922439575,0,False
0,0.8255523443222046,0,False
0,3.3725008964538574,2,False
0,0.9915286302566528,1,False
0,0.3681814670562744,2,False
0,1.0334346294403076,2,False
0,1.3350675106048584,2,False
0,1.0168581008911133,1,False
0,1.0187864303588867,0,False
0,1.7221601009368896,2,False
0,0.8709300756454468,0,False
0,0.8788085579872131,0,False
0,0.8821519613265991,0,False
0,0.6491539478302002,2,False
0,0.6151221990585327,2,False
0,3.1983563899993896,1,False
0,0.8155653476715088,2,False
0,4.29909610748291,2,False
0,2.6867098808288574,2,False
0,1.020695447921753,1,False
0,2.5235238075256348,1,False
0,2.3102545738220215,2,False
0,1.0148944854736328,1,False
0,1.0262198448181152,1,False
0,0.8850590586662292,0,False
0,1.016310691833496,1,False
0,1.2100399732589722,0,False
0,1.0570416450500488,1,False
0,1.210249423980713,0,False
0,1.1413553953170776,0,False
0,0.3790561258792877,2,False
0,1.6333863735198975,1,False
0,2.8149352073669434,1,False
0,0.9610112905502319,2,False
0,1.1875895261764526,2,False
0,1.0068862438201904,1,False
0,1.2618333101272583,0,False
0,1.2236261367797852,0,False
0,1.223888874053955,0,False
0,1.2256425619125366,0,False
0,1.4453281164169312,2,False
0,1.5773534774780273,2,False
0,1.1558172702789307,1,False
0,2.298393726348877,2,False
0,1.227264165878296,0,False
0,1.015923023223877,1,False
0,2.852417230606079,1,False
0,1.0088424682617188,1,False
0,1.2279369831085205,0,False
0,1.0143096446990967,1,False
0,1.0200796127319336,1,False
0,0.342012882232666,2,False
0,0.9575416445732117,2,False
0,1.1648991107940674,2,False
0,1.2398468255996704,0,False
0,0.8294857740402222,0,False
0,1.8308027982711792,0,False
0,2.287843942642212,2,False
0,0.8457841277122498,0,False
0,2.286771059036255,2,False
0,1.0363470315933228,1,False
0,1.0788702964782715,2,False
0,1.207270860671997,0,False
0,2.2984986305236816,2,False
0,1.0376733541488647,1,False
0,0.6424135565757751,2,False
0,1.202499508857727,0,False
0,1.2543420791625977,0,False
0,2.0719823837280273,1,False
0,0.6465680003166199,2,False
0,1.1941899061203003,0,False
0,1.1819157600402832,2,False
0,2.5724124908447266,1,False
0,2.3478610515594482,2,False
0,1.644919991493225,0,False
0,2.277771472930908,2,False
0,0.981137216091156,1,False
0,1.0407168865203857,1,False
0,1.2029218673706055,0,False
0,0.6034683585166931,2,False
0,1.0249160528182983,2,False
0,1.0350866317749023,1,False
0,1.1900019645690918,0,False
0,0.6305854320526123,2,False
0,1.0256092548370361,1,False
0,2.3536951541900635,2,False
0,1.543723702430725,1,False
0,1.0468907356262207,1,False
0,1.6589200496673584,0,False
0,1.0402636528015137,1,False
0,0.9910035729408264,1,False
0,1.1774659156799316,1,False
0,2.353159189224243,1,False
0,1.1551132202148438,1,False
0,1.1860074996948242,2,False
0,0.4119381308555603,0,False
0,1.2000218629837036,0,False
0,0.37493541836738586,2,False
0,0.84335857629776,0,False
0,0.6206606030464172,2,False
0,0.918544352054596,1,False
0,1.209165096282959,0,False
0,1.0527033805847168,1,False
0,1.0472640991210938,1,False
0,1.646612524986267,0,False
0,0.9330161213874817,1,False
0,1.0395164489746094,1,False
0,2.2568273544311523,2,False
0,0.8776518106460571,1,False
0,0.97557133436203,1,False
0,2.2588706016540527,2,False
0,1.0363450050354004,1,False
0,2.2558956146240234,2,False
0,0.35631653666496277,2,False
0,0.6342819333076477,1,False
0,1.0419745445251465,1,False
0,1.1885426044464111,2,False
0,1.5175416469573975,2,False
0,0.4153723418712616,0,False
0,1.183769702911377,0,False
0,1.1582907438278198,1,False
0,0.4835028648376465,0,False
0,2.2539424896240234,2,False
0,2.5585789680480957,1,False
0,1.064336895942688,1,False
0,1.0137183666229248,0,False
0,1.5963722467422485,0,False
0,0.43959060311317444,0,False
0,0.6404702663421631,2,False
0,1.1973148584365845,0,False
0,0.9922259449958801,2,False
0,0.8560423851013184,1,False
0,0.7442396879196167,2,False
0,0.3866235315799713,0,False
0,0.42938488721847534,0,False
0,2.8900184631347656,1,False
0,0.8224673271179199,1,False
0,0.6125248670578003,2,False
0,1.0622631311416626,1,False
0,0.8702225685119629,1,False
0,0.8501555323600769,0,False
0,2.222439765930176,0,False
0,0.3827667832374573,2,False
0,0.9850318431854248,2,False
0,0.7430099248886108,2,False
0,0.45285654067993164,0,False
0,1.8287205696105957,2,False
0,1.0714874267578125,1,False
0,1.179782748222351,0,False
0,0.41007938981056213,0,False
0,3.3473033905029297,1,False
0,1.045575499534607,1,False
0,0.839229941368103,1,False
0,1.4383468627929688,1,False
0,0.5932522416114807,2,False
0,0.9880337715148926,2,False
0,0.8648073673248291,1,False
0,2.248042583465576,2,False
0,0.3637203574180603,2,False
0,1.0527987480163574,1,False
0,2.250642776489258,2,False
0,0.8803221583366394,0,False
0,0.8473407030105591,1,False
0,2.2428975105285645,2,False
0,0.9829274415969849,2,False
0,0.9299363493919373,0,False
0,1.5875440835952759,0,False
0,3.582760810852051,1,False
0,0.38612785935401917,2,False
0,1.054813265800476,1,False
0,0.4249546229839325,0,False
0,1.4951143264770508,2,False
0,0.42138609290122986,0,False
0,0.8398827314376831,1,False
0,0.4258292019367218,0,False
0,1.7816674709320068,0,False
0,0.4419434070587158,0,False
0,0.9977372884750366,0,False
0,0.8606911897659302,0,False
0,1.617365837097168,0,False
0,0.9050179719924927,0,False
0,0.6219294667243958,2,False
0,0.8667041063308716,1,False
0,2.68794846534729,2,False
0,0.8538329005241394,1,False
0,0.6450121402740479,2,False
0,0.436108261346817,0,False
0,0.9637424349784851,1,False
0,0.36577773094177246,2,False
0,1.5878432989120483,2,False
0,0.8499351739883423,0,False
0,0.407914400100708,2,False
0,0.6445128321647644,1,False
0,4.308730125427246,2,False
0,2.2415032386779785,2,False
0,0.9803826808929443,2,False
0,0.35806167125701904,0,False
0,0.4451328217983246,0,False
0,1.071187973022461,1,False
0,0.7508437633514404,2,False
0,1.1779608726501465,2,False
0,2.237114906311035,2,False
0,0.6957247257232666,2,False
0,0.3582780957221985,2,False
0,0.3796533942222595,0,False
0,0.4507625102996826,0,False
0,0.4098339378833771,0,False
0,1.2851735353469849,0,False
0,1.2142046689987183,0,False
0,1.1902506351470947,0,False
0,4.096685409545898,2,False
0,0.8725219964981079,0,False
0,0.46443989872932434,0,False
0,0.908383309841156,0,False
0,1.0520439147949219,1,False
0,0.44359907507896423,0,False
0,0.740862250328064,2,False
0,1.061683177947998,1,False
0,1.552408218383789,2,False
0,1.442124605178833,1,False
0,3.7000746726989746,1,False
0,1.051635503768921,1,False
0,1.583962082862854,0,False
0,0.8555063009262085,0,False
0,0.5798726081848145,2,False
0,0.8210844397544861,1,False
0,0.44712352752685547,0,False
0,0.40467390418052673,0,False
0,1.2107999324798584,0,False
0,2.234823703765869,2,False
0,1.209869146347046,1,False
0,2.579988479614258,1,False
0,0.3374561369419098,2,False
0,1.590641975402832,2,False
0,1.834797739982605,2,False
0,0.4196607768535614,0,False
0,3.588984489440918,2,False
0,0.43666890263557434,0,False
0,1.1371500492095947,0,False
0,1.0732089281082153,1,False
0,1.0504975318908691,1,False
0,1.5222885608673096,1,False
0,1.0144598484039307,0,False
0,0.37840569019317627,0,False
0,0.718184769153595,2,False
0,0.5548178553581238,2,False
0,1.0522325038909912,1,False
0,0.8194499611854553,0,False
0,0.8387414813041687,1,False
0,0.4065609276294708,0,False
0,2.676722288131714,2,False
0,1.1943519115447998,2,False
0,1.236276626586914,1,False
0,1.165315866470337,0,False
0,1.0574426651000977,1,False
0,0.462924063205719,0,False
0,1.0603795051574707,1,False
0,0.7310073375701904,2,False
0,0.6810171604156494,2,False
0,0.7465823292732239,2,False
0,0.3625251054763794,0,False
0,0.4164470136165619,0,False
0,2.232496738433838,2,False
0,0.8628154397010803,0,False
0,1.059280514717102,1,False
0,0.4032217860221863,0,False
0,0.35774514079093933,2,False
0,1.0646265745162964,1,False
0,2.232393264770508,2,False
0,0.8069406747817993,1,False
0,2.235624074935913,2,False
0,2.2325310707092285,2,False
0,1.5786464214324951,0,False
0,0.351754367351532,2,False
0,0.9895689487457275,2,False
0,0.3850536346435547,0,False
0,2.2366247177124023,2,False
0,0.8544705510139465,0,False
0,1.1639825105667114,0,False
0,2.237884998321533,2,False
0,0.6501612663269043,1,False
0,0.6047234535217285,2,False
0,0.7530869841575623,2,False
0,1.5940525531768799,0,False
0,0.6172712445259094,2,False
0,2.2328405380249023,2,False
0,0.44084522128105164,0,False
0,2.913780689239502,1,False
0,1.0586118698120117,1,False
0,0.6468583345413208,1,False
0,0.8440303206443787,1,False
0,1.1425009965896606,0,False
0,0.4157082438468933,0,False
0,1.0165987014770508,0,False
0,0.3878578245639801,2,False
0,0.41542917490005493,0,False
0,1.4517545700073242,1,False
0,1.0649595260620117,1,False
0,0.41562843322753906,0,False
0,0.9586923122406006,1,False
0,1.0570356845855713,1,False
0,0.34553730487823486,2,False
0,0.876252293586731,0,False
0,0.795936107635498,1,False
0,0.9149000644683838,0,False
0,1.0569851398468018,1,False
0,1.0604029893875122,1,False
0,1.6249580383300781,0,False
0,1.7600516080856323,0,False
0,1.5760153532028198,0,False
0,0.4270057678222656,0,False
0,0.8956671953201294,1,False
0,0.39212566614151,0,False
0,1.5639266967773438,0,False
0,0.3928294777870178,0,False
0,0.4443999230861664,0,False
0,0.8007588386535645,1,False
0,1.4482923746109009,1,False
0,0.5922833681106567,2,False
0,2.0394020080566406,2,False
0,0.4304887056350708,2,False
0,0.8523076772689819,1,False
0,1.1727710962295532,0,False
0,1.181208610534668,2,False
0,2.22890305519104,2,False
0,1.0718488693237305,1,False
0,3.3916141986846924,1,False
0,2.225432872772217,2,False
0,1.0566039085388184,1,False
0,1.0863114595413208,1,False
0,1.51919686794281,2,False
0,0.7982828617095947,1,False
0,0.7946096658706665,1,False
0,1.6133862733840942,0,False
0,0.4229028820991516,0,False
0,0.9946994185447693,2,False
0,0.5669436454772949,2,False
0,1.3052483797073364,0,False
0,0.7789546251296997,1,False
0,0.8322374820709229,1,False
0,1.0838621854782104,1,False
0,0.35123711824417114,2,False
0,0.7940351963043213,1,False
0,0.9891611337661743,2,False
0,2.327279567718506,1,False
0,1.1769461631774902,0,False
0,1.631693720817566,0,False
0,0.787146806716919,1,False
0,1.596278429031372,0,False
0,2.345743179321289,2,False
0,0.38169968128204346,2,False
0,2.1596250534057617,2,False
0,0.7995394468307495,1,False
0,2.494790554046631,1,False
0,0.9220133423805237,0,False
0,3.6167566776275635,2,False
0,3.353060245513916,1,False
0,1.0611340999603271,1,False
0,0.8020226359367371,1,False
0,0.34285351634025574,2,False
0,0.6201724410057068,2,False
0,0.8579294681549072,0,False
0,3.0067365169525146,0,False
0,0.8527811169624329,1,False
0,1.1682813167572021,1,False
0,3.387148857116699,2,False
0,0.43203580379486084,0,False
0,1.5632660388946533,2,False
0,1.0701043605804443,1,False
0,0.33687901496887207,2,False
0,2.220217227935791,2,False
0,4.136336326599121,2,False
0,1.154059648513794,0,False
0,0.851016104221344,1,False
0,1.154344916343689,0,False
0,1.5987074375152588,0,False
0,3.6337194442749023,2,False
0,1.2051289081573486,1,False
0,2.218966484069824,2,False
0,1.0771045684814453,1,False
0,0.7523394227027893,0,False
0,2.515968084335327,1,False
0,0.757473349571228,2,False
0,1.6171941757202148,0,False
0,0.8026781678199768,1,False
0,1.5004541873931885,1,False
0,0.9243403077125549,0,False
0,1.069422960281372,1,False
0,0.5838999152183533,2,False
0,0.36679598689079285,0,False
0,1.0783805847167969,2,False
0,1.0727956295013428,1,False
0,0.33418822288513184,2,False
0,0.7736895680427551,1,False
0,0.3466736078262329,2,False
0,1.18246591091156,2,False
0,0.7813615798950195,1,False
0,1.0933539867401123,1,False
0,1.502132773399353,2,False
0,1.0702089071273804,1,False
0,1.078981876373291,1,False
0,1.5873388051986694,0,False
0,1.1982916593551636,2,False
0,1.5770878791809082,0,False
0,2.207207679748535,2,False
0,0.8660954236984253,0,False
0,3.6097865104675293,2,False
0,0.40348610281944275,0,False
0,0.42521700263023376,0,False
0,1.025350570678711,0,False
0,1.4616854190826416,1,False
0,2.20967960357666,2,False
0,2.2020163536071777,2,False
0,1.5639069080352783,2,False
0,2.4741907119750977,1,False
0,2.205317497253418,2,False
0,0.33255189657211304,2,False
0,0.7460615634918213,2,False
0,2.202012062072754,2,False
0,0.8807140588760376,0,False
0,1.0769479274749756,1,False
0,1.5065795183181763,0,False
0,3.2756474018096924,0,False
0,1.095229983329773,1,False
0,2.204164981842041,2,False
0,2.3080267906188965,2,False
0,1.4611687660217285,1,False
0,0.3177688419818878,2,False
0,2.9239249229431152,0,False
0,3.3454244136810303,2,False
0,0.424034059047699,0,False
0,2.202890157699585,2,False
0,0.4211910367012024,0,False
0,0.4007655382156372,0,False
0,1.1643260717391968,0,False
0,1.0972018241882324,0,False
0,0.7309210300445557,2,False
0,0.539710283279419,2,False
0,0.36344510316848755,2,False
0,1.0003944635391235,2,False
0,1.5550603866577148,0,False
0,0.6925356388092041,2,False
0,0.5213298201560974,2,False
0,0.778167188167572,1,False
0,0.7680990099906921,1,False
0,0.3918246626853943,0,False
0,1.0805768966674805,1,False
0,0.41538286209106445,0,False
0,1.7485225200653076,0,False
0,0.9947411417961121,2,False
0,0.6659477949142456,2,False
0,2.2000679969787598,2,False
0,1.2340593338012695,1,False
0,0.8566159009933472,0,False
0,0.9092713594436646,0,False
0,0.6136118173599243,2,False
0,1.4677600860595703,1,False
0,0.8265736103057861,1,False
0,2.644385576248169,1,False
0,1.1744173765182495,1,False
0,2.601717948913574,0,False
0,0.41472041606903076,0,False
0,0.5722978115081787,2,False
0,0.6690669059753418,1,False
0,2.3340654373168945,1,False
0,0.37297868728637695,0,False
0,4.122784614562988,2,False
0,0.7783984541893005,2,False
0,0.7739752531051636,1,False
0,0.42980122566223145,0,False
0,0.41384702920913696,0,False
0,0.37578126788139343,2,False
0,0.7667059898376465,1,False
0,0.3862571120262146,0,False
0,0.9486232995986938,1,False
0,1.7393330335617065,0,False
0,1.0768901109695435,1,False
0,0.3956849277019501,0,False
0,0.753786563873291,1,False
0,1.4630708694458008,1,False
0,0.37499845027923584,0,False
0,0.7769773006439209,1,False
0,1.5786938667297363,0,False
0,1.083094596862793,1,False
0,2.1666431427001953,0,False
0,1.0743169784545898,1,False
0,2.198272705078125,2,False
0,2.14095401763916,2,False
0,0.38618797063827515,0,False
0,1.0694743394851685,1,False
0,2.4610462188720703,2,False
0,0.7668973207473755,1,False
0,0.4038957953453064,0,False
0,1.0789273977279663,1,False
0,2.9863100051879883,0,False
0,1.547796607017517,0,False
0,1.101686954498291,1,False
0,0.40247517824172974,0,False
0,1.8729379177093506,2,False
0,0.9984509944915771,2,False
0,0.7906197309494019,1,False
0,2.193542003631592,2,False
0,0.5535082221031189,2,False
0,0.7584812641143799,1,False
0,0.41791588068008423,2,False
0,2.1967995166778564,2,False
0,0.8064173460006714,1,False
0,0.8710938096046448,0,False
0,0.3181619644165039,2,False
0,1.0801262855529785,1,False
0,1.1898086071014404,2,False
0,0.35157203674316406,2,False
0,0.7499756813049316,1,False
0,0.39958903193473816,0,False
0,1.0760692358016968,1,False
0,1.0776464939117432,1,False
0,0.8691285848617554,0,False
0,1.2931482791900635,0,False
0,0.7568809986114502,1,False
0,1.132415533065796,0,False
0,0.6723330020904541,1,False
0,1.1425120830535889,0,False
0,0.4148585796356201,0,False
0,1.559356927871704,0,False
0,0.351479709148407,2,False
0,0.7566169500350952,1,False
0,0.8427708148956299,2,False
0,1.084835171699524,1,False
0,1.0779324769973755,1,False
0,1.7425484657287598,0,False
0,0.3158097267150879,2,False
0,2.1800966262817383,2,False
0,1.5466152429580688,0,False
0,1.114722490310669,0,False
0,0.3903522491455078,2,False
0,0.32288438081741333,2,False
0,0.7535947561264038,1,False
0,2.4288108348846436,1,False
0,0.746849775314331,1,False
0,0.3973095417022705,0,False
0,0.7343442440032959,1,False
0,0.4072129428386688,0,False
0,0.7629894018173218,1,False
0,1.0830683708190918,1,False
0,1.7625422477722168,0,False
0,1.0790349245071411,1,False
0,2.918623447418213,0,False
0,1.0801976919174194,1,False
0,1.1524121761322021,0,False
0,0.7749021053314209,1,False
0,0.3902565538883209,2,False
0,1.1394004821777344,0,False
0,0.4136507511138916,2,False
0,0.4106343388557434,0,False
0,2.2004051208496094,2,False
0,0.38112160563468933,0,False
0,0.4206010103225708,0,False
0,1.1911630630493164,2,False
0,3.6191484928131104,2,False
0,0.8724461793899536,0,False
0,1.512255311012268,2,False
0,0.5156444907188416,2,False
0,1.0912957191467285,1,False
0,1.1266121864318848,0,False
0,0.4161648452281952,0,False
0,1.0865263938903809,1,False
0,0.893579363822937,0,False
0,0.7514252662658691,1,False
0,1.130922555923462,0,False
0,2.1792662143707275,2,False
0,1.2053723335266113,2,False
0,0.8664474487304688,0,False
0,2.1833460330963135,0,False
0,0.9522539377212524,1,False
0,2.1770591735839844,2,False
0,0.3877108693122864,0,False
0,1.0843658447265625,1,False
0,1.080968976020813,1,False
0,0.38714244961738586,0,False
0,0.3833697736263275,0,False
0,2.1841299533843994,2,False
0,1.0862953662872314,1,False
0,1.3098411560058594,0,False
0,0.4063073992729187,0,False
0,2.9429190158843994,0,False
0,1.1317949295043945,0,False
0,1.8800976276397705,2,False
0,2.32464599609375,1,False
0,1.1792066097259521,1,False
0,0.5895094275474548,2,False
0,2.177708148956299,2,False
0,2.180635929107666,2,False
0,1.1152139902114868,0,False
0,0.4132913649082184,0,False
0,0.9230785369873047,0,False
0,0.38933512568473816,0,False
0,1.1424001455307007,0,False
0,1.0804164409637451,1,False
0,0.9342849254608154,1,False
0,1.098759651184082,1,False
0,1.4773286581039429,1,False
0,1.005112886428833,2,False
0,0.9970258474349976,2,False
0,1.5653676986694336,0,False
0,2.173585891723633,2,False
0,1.125899314880371,0,False
0,1.0909373760223389,1,False
0,0.3436568081378937,2,False
0,0.39108556509017944,0,False
0,0.7382449507713318,2,False
0,1.4590272903442383,0,False
0,1.0982697010040283,1,False
0,2.1362643241882324,2,False
0,0.7299050092697144,1,False
0,0.562897264957428,2,False
0,1.473355770111084,1,False
0,1.040688395500183,2,False
0,1.7581150531768799,1,False
0,0.790033221244812,1,False
0,1.7842957973480225,0,False
0,0.36150801181793213,0,False
0,1.4796984195709229,1,False
0,0.3967263102531433,0,False
0,0.7478398084640503,1,False
0,1.4722641706466675,2,False
0,2.559231758117676,1,False
0,2.1596617698669434,2,False
0,1.4896252155303955,1,False
0,2.1511216163635254,2,False
0,0.9818791747093201,2,False
0,1.4656240940093994,2,False
0,2.4335360527038574,0,False
0,0.9853878617286682,2,False
0,2.681450605392456,1,False
0,0.3294215798377991,2,False
0,1.5709028244018555,0,False
0,3.286235809326172,2,False
0,0.9700568318367004,2,False
0,0.6934681534767151,1,False
0,0.7282910346984863,1,False
0,1.078795075416565,1,False
0,0.7139774560928345,1,False
0,2.110083818435669,2,False
0,1.091062307357788,1,False
0,0.717063307762146,1,False
0,1.2022409439086914,1,False
0,0.793977677822113,0,False
0,0.7124918699264526,1,False
0,0.5542261600494385,2,False
0,0.33514535427093506,2,False
0,0.9402715563774109,0,False
0,0.4130907952785492,0,False
0,0.7204736471176147,1,False
0,0.7730484008789062,1,False
0,0.38057011365890503,0,False
0,1.0696172714233398,0,False
0,1.0526931285858154,0,False
0,1.1997214555740356,2,False
0,0.40050601959228516,0,False
0,0.917519211769104,2,False
0,0.6945286989212036,1,False
0,1.1004515886306763,1,False
0,0.6859163641929626,2,False
0,2.1431663036346436,2,False
0,1.0970077514648438,1,False
0,2.403888702392578,2,False
0,0.4148973524570465,0,False
0,1.5397491455078125,0,False
0,0.5418404936790466,2,False
0,0.7157119512557983,1,False
0,2.1453909873962402,2,False
0,0.319592148065567,2,False
0,0.5133895874023438,2,False
0,1.0493881702423096,2,False
0,1.457387924194336,2,False
0,0.9829474687576294,2,False
0,0.37749072909355164,0,False
0,1.1326546669006348,0,False
0,2.4015212059020996,0,False
0,0.5352252721786499,2,False
0,2.7293221950531006,0,False
0,1.443523645401001,1,False
0,0.7394518852233887,1,False
0,0.3487870991230011,2,False
0,0.3576551079750061,0,False
0,0.7117919921875,1,False
0,0.3270481526851654,2,False
0,0.378077894449234,0,False
0,0.9962639808654785,2,False
0,1.1336236000061035,0,False
0,0.7444467544555664,1,False
0,0.4121040105819702,0,False
0,0.7303934097290039,1,False
0,0.847542941570282,0,False
0,1.1219491958618164,0,False
0,0.8764598369598389,0,False
0,1.7502906322479248,0,False
0,0.4189096689224243,2,False
0,0.3949626684188843,2,False
0,1.488330364227295,1,False
0,1.5035645961761475,2,False
0,0.35766157507896423,2,False
0,1.1584500074386597,0,False
0,1.53731369972229,0,False
0,0.32341474294662476,2,False
0,2.335103750228882,1,False
0,0.4114156663417816,0,False
0,2.0784966945648193,2,False
0,1.7328596115112305,0,False
0,2.294308662414551,1,False
0,0.9278408885002136,0,False
0,0.4015340805053711,0,False
0,1.1065850257873535,1,False
0,2.668074369430542,1,False
0,1.1799489259719849,1,False
0,1.0915251970291138,1,False
0,2.2281110286712646,2,False
0,1.0908548831939697,1,False
0,0.7009191513061523,1,False
0,0.3289738595485687,2,False
0,1.109257698059082,1,False
0,0.39304444193840027,0,False
0,0.7563599348068237,2,False
0,0.754209041595459,1,False
0,1.3735566139221191,0,False
0,1.1089173555374146,1,False
0,0.38178443908691406,0,False
0,0.3106774091720581,2,False
0,0.7971196174621582,0,False
0,1.2030572891235352,2,False
0,0.3822583258152008,0,False
0,0.7127901315689087,1,False
0,1.5317784547805786,0,False
0,1.0982578992843628,1,False
0,1.2356457710266113,1,False
0,0.957663893699646,2,False
0,1.4976264238357544,1,False
0,2.1406290531158447,2,False
0,2.136878490447998,2,False
0,1.2209514379501343,2,False
0,0.722625732421875,1,False
0,0.3859735429286957,0,False
0,0.5374975204467773,2,False
0,1.0911147594451904,1,False
0,3.2328622341156006,2,False
0,0.8706941604614258,2,False
0,0.5109631419181824,2,False
0,2.136556625366211,2,False
0,1.5565733909606934,0,False
0,0.7139104604721069,1,False
0,0.6994969844818115,1,False
0,2.1451611518859863,2,False
0,0.7200396060943604,1,False
0,1.0965231657028198,1,False
0,2.138911008834839,2,False
0,1.0891233682632446,1,False
0,0.3999985456466675,0,False
0,1.09282648563385,1,False
0,0.3979101777076721,0,False
0,1.332028865814209,0,False
0,0.4050546884536743,0,False
0,2.1364989280700684,2,False
0,0.8994158506393433,1,False
0,1.896707534790039,2,False
0,1.5028660297393799,1,False
0,2.093118667602539,2,False
0,1.1224730014801025,0,False
0,0.7138171195983887,1,False
0,1.1053005456924438,1,False
0,1.145843267440796,0,False
0,1.093840479850769,0,False
0,0.9925431609153748,2,False
0,2.137824058532715,2,False
0,2.131617546081543,2,False
0,0.3715508282184601,0,False
0,0.40308621525764465,0,False
0,1.1069824695587158,1,False
0,0.7114349603652954,1,False
0,0.7023462057113647,1,False
0,1.101556658744812,1,False
0,2.1953418254852295,0,False
0,1.7479791641235352,0,False
0,2.136221408843994,2,False
0,3.174797534942627,1,False
0,1.0996391773223877,1,False
0,1.5515599250793457,0,False
0,1.105879783630371,1,False
0,0.5902120471000671,2,False
0,1.5547672510147095,0,False
0,0.5637496113777161,2,False
0,0.319183886051178,2,False
0,1.1423983573913574,1,False
0,0.9889664649963379,2,False
0,1.119041919708252,0,False
0,0.9023727178573608,2,False
0,1.1289656162261963,0,False
0,0.39354246854782104,2,False
0,0.9643069505691528,1,False
0,0.6962714195251465,1,False
0,0.5474966764450073,2,False
0,0.3832792043685913,0,False
0,2.8281562328338623,0,False
0,0.9539769887924194,0,False
0,0.37759798765182495,0,False
0,0.7660526037216187,2,False
0,1.094757318496704,1,False
0,1.7667962312698364,0,False
0,0.6993353962898254,1,False
0,1.0672733783721924,0,False
0,2.126584053039551,2,False
0,0.7046979069709778,1,False
0,2.1291236877441406,2,False
0,0.7087143063545227,1,False
0,0.9862404465675354,2,False
0,1.4650431871414185,2,False
0,1.1004923582077026,1,False
0,0.9251766800880432,0,False
0,0.37358981370925903,0,False
0,1.208479881286621,2,False
0,0.38070136308670044,0,False
0,1.9464625120162964,2,False
0,1.1101419925689697,1,False
0,0.7016087174415588,1,False
0,0.7064958810806274,1,False
0,1.507007360458374,1,False
0,2.6060643196105957,1,False
0,1.7441763877868652,0,False
0,0.7145897746086121,1,False
0,1.8971092700958252,2,False
0,1.5211024284362793,0,False
0,2.1266932487487793,2,False
0,0.9299911260604858,2,False
0,0.9884699583053589,2,False
0,0.3795766234397888,0,False
0,1.1179804801940918,0,False
0,0.32384318113327026,2,False
0,0.9943254590034485,2,False
0,2.0850982666015625,2,False
0,0.5142579674720764,2,False
0,2.132848024368286,2,False
0,3.229252815246582,1,False
0,0.7155774235725403,1,False
0,2.1219849586486816,2,False
0,2.2315914630889893,2,False
0,0.705357015132904,1,False
0,0.7001163363456726,1,False
0,1.1411585807800293,0,False
0,0.7722762823104858,2,False
0,1.09944748878479,1,False
0,1.1083787679672241,1,False
0,2.1202163696289062,2,False
0,1.1025753021240234,0,False
0,0.9067692756652832,2,False
0,0.4181763529777527,2,False
0,0.37130606174468994,0,False
0,0.3751085698604584,0,False
0,1.1010017395019531,1,False
0,1.1917023658752441,2,False
0,0.3190860152244568,2,False
0,0.8479680418968201,0,False
0,1.207385540008545,2,False
0,0.7538777589797974,2,False
0,0.9814838171005249,2,False
0,1.1667733192443848,0,False
0,2.6989402770996094,0,False
0,1.1183441877365112,1,False
0,0.37158095836639404,0,False
0,1.25855553150177,2,False
0,1.1065194606781006,1,False
0,2.547703981399536,0,False
0,1.109958291053772,1,False
0,1.2286957502365112,2,False
0,1.5369983911514282,0,False
0,1.1485557556152344,0,False
0,2.111361503601074,2,False
0,0.694794774055481,1,False
0,1.7547181844711304,0,False
0,2.2045905590057373,0,False
0,0.6980544328689575,1,False
0,2.1129791736602783,2,False
0,0.8082525730133057,0,False
0,0.9964286684989929,2,False
0,1.108562707901001,1,False
0,0.38882461190223694,0,False
0,0.5303704142570496,2,False
0,1.1036990880966187,1,False
0,2.3473784923553467,1,False
0,1.1222172975540161,1,False
0,1.5085601806640625,1,False
0,1.786088228225708,1,False
0,1.1348400115966797,0,False
0,0.3567867577075958,0,False
0,1.07610285282135,0,False
0,0.39282727241516113,0,False
0,3.451197624206543,2,False
0,0.36249035596847534,0,False
0,1.32084321975708,0,False
0,1.4788110256195068,2,False
0,0.5332765579223633,2,False
0,1.957982063293457,1,False
0,1.1389573812484741,0,False
0,0.43989142775535583,2,False
0,1.0828849077224731,0,False
0,0.3629791736602783,0,False
0,1.5353434085845947,0,False
0,0.7661142945289612,1,False
0,0.6927428841590881,1,False
0,0.9945152997970581,2,False
0,1.12126886844635,1,False
0,3.8800671100616455,2,False
0,0.9472591876983643,0,False
0,0.728824257850647,1,False
0,0.9572219252586365,0,False
0,1.5079805850982666,0,False
0,1.23773193359375,1,False
0,0.9924514293670654,2,False
0,1.5316481590270996,0,False
0,2.074068546295166,2,False
0,0.38073253631591797,0,False
0,0.3540109097957611,0,False
0,2.645758628845215,0,False
0,1.105796456336975,1,False
0,2.1095571517944336,2,False
0,1.1159859895706177,1,False
0,0.7042773962020874,1,False
0,0.7312195301055908,1,False
0,0.3791792094707489,0,False
0,0.38696253299713135,0,False
0,1.1590873003005981,1,False
0,0.34983590245246887,2,False
0,1.5067964792251587,1,False
0,1.1086947917938232,0,False
0,0.6425800323486328,2,False
0,2.09769868850708,2,False
0,1.5453133583068848,2,False
0,0.9879447817802429,2,False
0,1.0068285465240479,2,False
0,0.9652853012084961,0,False
0,2.0982537269592285,2,False
0,0.7411131858825684,1,False
0,0.35275864601135254,0,False
0,0.38729938864707947,2,False
0,0.7590895891189575,1,False
0,1.115359902381897,1,False
0,0.689153790473938,1,False
0,0.7188893556594849,1,False
0,1.21837317943573,2,False
0,1.117362380027771,1,False
0,3.2406280040740967,1,False
0,0.9998058080673218,1,False
0,0.7459530830383301,1,False
0,0.6031768321990967,2,False
0,2.433906078338623,2,False
0,0.7863377332687378,2,False
0,1.3191876411437988,2,False
0,1.1148713827133179,1,False
0,0.4159590005874634,0,False
0,0.7129212617874146,1,False
0,1.067591667175293,0,False
0,1.376548409461975,2,False
0,1.1123120784759521,1,False
0,1.1965343952178955,1,False
0,1.7934893369674683,0,False
0,0.3577921688556671,0,False
0,1.4747726917266846,2,False
0,1.7421046495437622,0,False
0,2.320230722427368,1,False
0,1.1741234064102173,1,False
0,0.745232105255127,1,False
0,1.3517723083496094,0,False
0,0.3350740671157837,0,False
0,1.0617458820343018,0,False
0,0.3693985939025879,0,False
0,1.132478952407837,1,False
0,0.3642580509185791,0,False
0,2.088076114654541,2,False
0,0.34857481718063354,0,False
0,2.0898680686950684,2,False
0,0.6834790706634521,1,False
0,2.6373066902160645,0,False
0,2.5643868446350098,0,False
0,2.092212438583374,2,False
0,3.1495800018310547,1,False
0,1.5196044445037842,2,False
0,2.0898056030273438,2,False
0,1.000830888748169,2,False
0,3.3574018478393555,2,False
0,0.3566753566265106,0,False
0,2.059281587600708,2,False
0,1.1177254915237427,1,False
0,1.114544153213501,1,False
0,1.7912966012954712,0,False
0,1.7804410457611084,0,False
0,0.3765636682510376,0,False
0,1.1359069347381592,1,False
0,0.42696186900138855,2,False
0,1.0383373498916626,2,False
0,0.7947173118591309,2,False
0,2.0888781547546387,2,False
0,1.1244139671325684,1,False
0,1.2265022993087769,2,False
0,2.093233585357666,2,False
0,0.6849437952041626,1,False
0,1.3756537437438965,0,False
0,1.1190547943115234,1,False
0,0.5930835008621216,2,False
0,0.35535722970962524,0,False
0,2.0998892784118652,2,False
0,0.44847869873046875,2,False
0,0.33557406067848206,0,False
0,0.43534886837005615,2,False
0,0.6937369108200073,1,False
0,1.1559325456619263,0,False
0,1.1223654747009277,1,False
0,2.2384204864501953,1,False
0,0.328786164522171,2,False
0,0.6994974613189697,2,False
0,1.9807151556015015,1,False
0,0.7974099516868591,2,False
0,1.2819068431854248,0,False
0,0.35576897859573364,0,False
0,1.5215845108032227,1,False
0,0.6778464317321777,1,False
0,0.3760627806186676,0,False
0,1.7579268217086792,0,False
0,1.1040372848510742,0,False
0,1.0796388387680054,0,False
0,1.132338047027588,1,False
0,1.932252049446106,2,False
0,2.121609687805176,0,False
0,1.5155460834503174,0,False
0,0.4216207265853882,2,False
0,2.0878002643585205,2,False
0,1.0582964420318604,0,False
0,1.118579626083374,1,False
0,0.3548775017261505,0,False
0,1.123414397239685,0,False
0,1.1201897859573364,1,False
0,0.7938233017921448,1,False
0,2.5509488582611084,1,False
0,2.348060369491577,1,False
0,0.3366905450820923,2,False
0,0.9931584000587463,0,False
0,1.002279281616211,2,False
0,0.6772215962409973,1,False
0,0.6785189509391785,1,False
0,0.8466137647628784,0,False
0,0.6965435147285461,1,False
0,0.6874355673789978,1,False
0,1.1532089710235596,0,False
0,0.35087504982948303,0,False
0,0.5370236039161682,2,False
0,0.3439944386482239,2,False
0,0.9635284543037415,0,False
0,0.6758137345314026,1,False
0,1.7298173904418945,0,False
0,1.1775927543640137,1,False
0,1.4422558546066284,2,False
0,1.7780715227127075,0,False
0,1.1189541816711426,1,False
0,0.37743496894836426,0,False
0,0.6779045462608337,1,False
0,1.1380940675735474,1,False
0,1.1167666912078857,1,False
0,0.7015884518623352,1,False
0,2.0207927227020264,1,False
0,1.1367568969726562,1,False
0,1.5259640216827393,1,False
0,1.1232573986053467,0,False
0,1.113771677017212,1,False
0,1.1761939525604248,0,False
0,0.35114437341690063,0,False
0,1.8062728643417358,0,False
0,1.1157360076904297,1,False
0,1.236656665802002,2,False
0,0.6846355199813843,1,False
0,1.002682089805603,2,False
0,0.7103079557418823,1,False
0,1.0670998096466064,0,False
0,0.3548462688922882,0,False
0,0.9968283176422119,2,False
0,0.3226500451564789,2,False
0,0.9299753904342651,2,False
0,1.2274110317230225,2,False
0,1.1300791501998901,1,False
0,2.110203266143799,2,False
0,0.6099380254745483,2,False
0,1.0881445407867432,0,False
0,0.3759632408618927,2,False
0,1.514750599861145,0,False
0,1.0023112297058105,2,False
0,1.2301326990127563,2,False
0,1.0672008991241455,0,False
0,2.0445921421051025,2,False
0,1.0585253238677979,0,False
0,2.1088573932647705,2,False
0,0.6771591305732727,1,False
0,1.4407811164855957,2,False
0,1.0072362422943115,2,False
0,0.6795254349708557,1,False
0,1.8025562763214111,1,False
0,1.4886891841888428,0,False
0,1.005770206451416,0,False
0,0.3839775621891022,0,False
0,0.5444963574409485,2,False
0,0.6807079315185547,1,False
0,0.5474214553833008,2,False
0,2.8406059741973877,0,False
0,1.0795063972473145,0,False
0,0.43652647733688354,0,False
0,1.1294572353363037,1,False
0,2.0898380279541016,2,False
0,1.1383185386657715,0,False
0,1.5111557245254517,1,False
0,1.2058508396148682,2,False
0,0.9421576857566833,2,False
0,1.119215726852417,1,False
0,0.8164726495742798,0,False
0,0.6959667801856995,1,False
0,2.0763750076293945,2,False
0,3.2423205375671387,1,False
0,1.993506908416748,1,False
0,0.35256704688072205,0,False
0,0.3343270421028137,0,False
0,1.0954082012176514,0,False
0,2.0900557041168213,2,False
0,0.979627788066864,2,False
0,0.7265226244926453,1,False
0,1.4949941635131836,0,False
0,1.00173020362854,2,False
0,0.9950277805328369,2,False
0,4.192652702331543,2,False
0,1.2204716205596924,2,False
0,1.1120542287826538,1,False
0,1.1140773296356201,0,False
0,0.8876709342002869,0,False
0,1.113556146621704,1,False
0,2.4477264881134033,1,False
0,1.0801308155059814,0,False
0,0.7164716124534607,1,False
0,0.3398784399032593,0,False
0,2.3535633087158203,1,False
0,0.6889083981513977,1,False
0,0.9956137537956238,2,False
0,0.6672605276107788,2,False
0,0.8053860068321228,2,False
0,0.7051759362220764,1,False
0,0.8235922455787659,2,False
0,0.6750797629356384,1,False
0,1.2559680938720703,0,False
0,0.3773624897003174,0,False
0,1.1130704879760742,1,False
0,1.0157179832458496,2,False
0,1.1867294311523438,1,False
0,0.5686668157577515,2,False
0,1.0836210250854492,0,False
0,1.0919296741485596,0,False
0,2.1385138034820557,0,False
0,0.809569239616394,0,False
0,2.736386775970459,0,False
0,0.8614776134490967,0,False
0,0.34522807598114014,0,False
0,1.0670502185821533,2,False
0,0.3881205916404724,0,False
0,1.300656795501709,2,False
0,1.9830602407455444,1,False
0,0.8031158447265625,2,False
0,1.0570138692855835,2,False
0,2.0915439128875732,2,False
0,1.1257603168487549,1,False
0,0.706493616104126,1,False
0,0.350267618894577,0,False
0,0.7352948188781738,1,False
0,2.3542420864105225,1,False
0,0.6849911212921143,1,False
0,1.117819905281067,1,False
0,5.0515217781066895,2,False
0,3.3989028930664062,1,False
0,1.1687791347503662,1,False
0,2.092358112335205,2,False
0,0.3798009753227234,0,False
0,1.3278917074203491,0,False
0,1.1221380233764648,2,False
0,1.0234344005584717,2,False
0,1.1176531314849854,1,False
0,2.3617186546325684,1,False
0,0.931401789188385,2,False
0,1.1203917264938354,1,False
0,1.4524284601211548,0,False
0,2.0173399448394775,1,False
0,1.1265761852264404,1,False
0,1.1146647930145264,1,False
0,1.5311973094940186,2,False
0,1.0795660018920898,0,False
0,0.8449388742446899,2,False
0,0.6275531053543091,2,False
0,1.5193160772323608,1,False
0,0.684312641620636,1,False
0,0.4188597798347473,2,False
0,0.7280701994895935,1,False
0,2.0974924564361572,2,False
0,2.154029369354248,2,False
0,1.1197657585144043,1,False
0,0.4297560751438141,0,False
0,0.7452388405799866,2,False
0,1.6636569499969482,0,False
0,1.1219500303268433,1,False
0,1.5229076147079468,1,False
0,1.3172619342803955,0,False
0,0.7233406901359558,1,False
0,0.5117645859718323,2,False
0,0.5533260107040405,0,False
0,1.1994032859802246,0,False
0,1.1974302530288696,2,False
0,2.067157745361328,1,False
0,2.0655016899108887,2,False
0,2.0922906398773193,2,False
0,2.2418012619018555,1,False
0,1.144992709159851,1,False
0,1.2245681285858154,0,False
0,1.295725703239441,0,False
0,2.0588603019714355,2,False
0,2.077040672302246,2,False
0,1.5089129209518433,0,False
0,1.1103813648223877,0,False
0,1.1199042797088623,1,False
0,0.5082894563674927,2,False
0,1.6909773349761963,2,False
0,0.7125244736671448,1,False
0,1.1187984943389893,0,False
0,1.0991382598876953,0,False
0,1.1165571212768555,1,False
0,0.3625962734222412,0,False
0,1.06144118309021,0,False
0,1.1015710830688477,0,False
0,0.6825830340385437,1,False
0,1.1254711151123047,1,False
0,1.1123850345611572,1,False
0,0.6950593590736389,1,False
0,1.0795364379882812,0,False
0,0.7146025896072388,2,False
0,0.5253667831420898,2,False
0,1.130017876625061,2,False
0,0.6915857195854187,1,False
0,1.0907937288284302,0,False
0,2.092782735824585,2,False
0,0.4546414613723755,0,False
0,1.142822027206421,0,False
0,1.0832431316375732,0,False
0,0.8304499983787537,0,False
0,2.0973448753356934,2,False
0,0.9097135066986084,0,False
0,0.3501218557357788,0,False
0,0.3132944107055664,2,False
0,1.085641860961914,0,False
0,2.09480881690979,2,False
0,1.054603099822998,2,False
0,0.6864493489265442,1,False
0,1.0882734060287476,0,False
0,2.1216635704040527,1,False
0,0.67845219373703,1,False
0,0.7086082696914673,2,False
0,0.6845102906227112,1,False
0,0.38719111680984497,0,False
0,1.5671206712722778,2,False
0,1.1177550554275513,1,False
0,0.6867122650146484,2,False
0,1.4787342548370361,2,False
0,1.0865991115570068,0,False
0,0.6737740635871887,1,False
0,0.8209078907966614,0,False
0,0.9515408277511597,0,False
0,0.6227500438690186,2,False
0,2.083967924118042,2,False
0,2.0104901790618896,1,False
0,1.1205666065216064,1,False
0,0.772566556930542,2,False
0,0.3585869371891022,2,False
0,0.5597207546234131,2,False
0,1.127789855003357,1,False
0,1.1073317527770996,0,False
0,0.3161815404891968,2,False
0,1.2170372009277344,2,False
0,0.9438894391059875,0,False
0,1.1246473789215088,1,False
0,2.0819203853607178,2,False
0,0.7910454273223877,2,False
0,3.119518518447876,2,False
0,0.538061261177063,2,False
0,0.809335470199585,0,False
0,0.3314531743526459,2,False
0,0.828681468963623,0,False
0,0.9876207709312439,2,False
0,1.093665361404419,0,False
0,1.9889943599700928,1,False
0,2.208984613418579,1,False
0,0.705629289150238,1,False
0,1.4648168087005615,0,False
0,0.69014972448349,1,False
0,0.994404673576355,2,False
0,1.0828930139541626,0,False
0,1.5196013450622559,1,False
0,0.9949549436569214,2,False
0,0.9136912822723389,0,False
0,0.9682170152664185,2,False
0,1.015160322189331,2,False
0,1.5099518299102783,1,False
0,1.0823570489883423,0,False
0,0.5126867294311523,2,False
0,0.9950529932975769,2,False
0,1.263639211654663,2,False
0,1.117105484008789,1,False
0,1.1239124536514282,1,False
0,1.079207420349121,0,False
0,2.0788514614105225,2,False
0,0.7324778437614441,1,False
0,0.5593174695968628,0,False
0,0.6863743662834167,1,False
0,1.146679401397705,2,False
0,0.6975639462471008,1,False
0,1.1308324337005615,1,False
0,1.1240168809890747,1,False
0,0.6801636815071106,1,False
0,3.2661256790161133,1,False
0,0.5563435554504395,2,False
0,1.075700283050537,0,False
0,1.143009901046753,1,False
0,0.9968623518943787,2,False
0,2.3701136112213135,1,False
0,2.0850815773010254,2,False
0,0.6870748400688171,1,False
0,1.107051134109497,0,False
0,1.0912400484085083,0,False
0,0.9776445627212524,2,False
0,0.9182001948356628,0,False
0,0.3529428243637085,0,False
0,1.0533065795898438,0,False
0,0.6787546277046204,1,False
0,1.764620304107666,1,False
0,1.1276758909225464,1,False
0,0.3356364071369171,2,False
0,1.0401387214660645,2,False
0,0.6994287371635437,1,False
0,0.4336569011211395,0,False
0,1.0692203044891357,0,False
0,0.33258578181266785,2,False
0,1.0742220878601074,0,False
0,1.498356580734253,0,False
0,0.6322643756866455,2,False
0,1.1062966585159302,0,False
0,2.013680934906006,1,False
0,2.379575729370117,1,False
0,0.38337215781211853,0,False
0,1.1202311515808105,1,False
0,2.079587936401367,2,False
0,1.5239393711090088,1,False
0,0.5980023145675659,2,False
0,1.1230227947235107,0,False
0,0.7950512170791626,2,False
0,1.141597032546997,1,False
0,2.0995330810546875,0,False
0,0.8715558648109436,0,False
0,1.1379414796829224,1,False
0,0.6882714629173279,1,False
0,0.9716286659240723,2,False
0,4.243870258331299,2,False
0,2.2073988914489746,2,False
0,0.3455554246902466,0,False
0,1.1257117986679077,1,False
0,0.5269976854324341,2,False
0,0.838232159614563,2,False
0,0.8276347517967224,0,False
0,1.1376286745071411,1,False
0,0.9114134311676025,2,False
0,2.005833864212036,1,False
0,1.078616738319397,0,False
0,0.6825145483016968,1,False
0,0.3679748475551605,0,False
0,1.128699541091919,1,False
0,1.9525790214538574,0,False
0,1.0965635776519775,0,False
0,0.6912832260131836,1,False
0,1.4611923694610596,0,False
0,1.0772626399993896,0,False
0,2.235474109649658,2,False
0,1.2137422561645508,0,False
0,2.3653459548950195,1,False
0,1.3098578453063965,0,False
0,0.6770063638687134,1,False
0,0.6789945363998413,1,False
0,1.1307473182678223,1,False
0,0.8802141547203064,0,False
0,2.18068265914917,1,False
0,1.124584674835205,1,False
0,1.0779600143432617,0,False
0,0.716899037361145,1,False
0,0.38560032844543457,2,False
0,2.0758862495422363,2,False
0,1.1007683277130127,0,False
0,3.106478691101074,2,False
0,0.3095254898071289,2,False
0,0.4563971161842346,0,False
0,1.6696311235427856,0,False
0,0.3738323450088501,0,False
0,0.6018909811973572,2,False
0,0.8225512504577637,0,False
0,1.0734081268310547,0,False
0,2.0831687450408936,2,False
0,2.0753726959228516,2,False
0,0.5219494104385376,0,False
0,1.3245007991790771,2,False
0,5.104190826416016,2,False
0,1.1330819129943848,1,False
0,1.133689045906067,1,False
0,0.5800658464431763,2,False
0,0.37273427844047546,0,False
0,1.1294432878494263,0,False
0,0.3131856322288513,2,False
0,0.3473784327507019,0,False
0,1.3020509481430054,0,False
0,0.6765908002853394,1,False
0,1.1253167390823364,1,False
0,0.3352639377117157,0,False
0,0.3872918486595154,0,False
0,2.3210248947143555,2,False
0,0.5072365999221802,2,False
0,0.6759476661682129,1,False
0,1.3000699281692505,0,False
0,0.6720134615898132,0,False
0,1.1266528367996216,1,False
0,0.5559479594230652,0,False
0,1.0907671451568604,0,False
0,0.4053318500518799,2,False
0,0.5490957498550415,2,False
0,0.8234808444976807,0,False
0,1.1267210245132446,1,False
0,2.253113269805908,2,False
0,1.0011944770812988,2,False
0,3.075221061706543,2,False
0,0.5581492781639099,2,False
0,0.3602922558784485,0,False
0,1.246129035949707,2,False
0,0.3096661865711212,2,False
0,1.0784443616867065,0,False
0,2.041377544403076,2,False
0,2.342520236968994,1,False
0,0.5258644819259644,0,False
0,2.069643020629883,2,False
0,0.6864858865737915,2,False
0,0.9205802083015442,2,False
0,0.6984264850616455,1,False
0,0.7824239730834961,2,False
0,0.3749435245990753,0,False
0,1.0198414325714111,2,False
0,1.1364021301269531,1,False
0,2.354832172393799,0,False
0,2.0691123008728027,2,False
0,1.046485185623169,0,False
0,0.8434754014015198,2,False
0,0.8825553059577942,0,False
0,0.6865906715393066,1,False
0,0.43688836693763733,0,False
0,0.8790478706359863,0,False
0,1.1421513557434082,1,False
0,1.0705229043960571,0,False
0,1.928952693939209,1,False
0,1.0646474361419678,0,False
0,2.091399669647217,0,False
0,0.36585819721221924,0,False
0,2.3535003662109375,1,False
0,0.8414016366004944,2,False
0,0.6832302808761597,1,False
0,1.0569853782653809,0,False
0,0.370491623878479,0,False
0,0.5052608847618103,2,False
0,0.6882462501525879,1,False
0,5.093749046325684,2,False
0,1.1292332410812378,1,False
0,0.3105638027191162,2,False
0,2.8010683059692383,1,False
0,1.0778815746307373,0,False
0,0.3584163784980774,2,False
0,1.4879165887832642,0,False
0,0.8021306395530701,0,False
0,1.2455229759216309,2,False
0,0.9968035221099854,0,False
0,0.7530732154846191,2,False
0,0.6781389713287354,1,False
0,1.065438985824585,0,False
0,1.139806866645813,1,False
0,1.13478422164917,1,False
0,1.1272655725479126,1,False
0,0.32583993673324585,0,False
0,2.2911059856414795,1,False
0,1.9402601718902588,0,False
0,2.0679798126220703,2,False
0,0.6860769987106323,1,False
0,1.9936610460281372,1,False
0,1.1324310302734375,1,False
0,1.0666568279266357,0,False
0,1.912705898284912,1,False
0,0.32932883501052856,0,False
0,1.0712988376617432,0,False
0,1.5304795503616333,1,False
0,0.9833500981330872,2,False
0,1.1304486989974976,1,False
0,1.1306136846542358,1,False
0,2.353067636489868,1,False
0,0.31719347834587097,2,False
0,1.1262725591659546,1,False
0,1.566651701927185,2,False
0,0.5768782496452332,2,False
0,1.29324471950531,0,False
0,1.0225366353988647,2,False
0,0.9161704182624817,0,False
0,1.0899434089660645,0,False
0,1.0036842823028564,0,False
0,1.6605628728866577,0,False
0,1.1263718605041504,1,False
0,0.35326215624809265,0,False
0,0.3531528413295746,0,False
0,1.1292638778686523,1,False
0,0.6533913612365723,2,False
0,0.9437578916549683,2,False
0,0.688152551651001,1,False
0,1.018115520477295,2,False
0,0.3642110824584961,0,False
0,1.1295331716537476,1,False
0,2.080449104309082,2,False
0,0.7314651012420654,1,False
0,1.0897552967071533,0,False
0,1.127563714981079,0,False
0,0.6965546011924744,1,False
0,0.3928963840007782,2,False
0,1.1362617015838623,2,False
0,2.0774664878845215,2,False
0,0.6885966658592224,1,False
0,3.068208694458008,2,False
0,0.4672781825065613,0,False
0,0.5156749486923218,2,False
0,2.3433542251586914,1,False
0,0.6920372843742371,1,False
0,0.6870030760765076,1,False
0,0.7017838358879089,1,False
0,0.4587686061859131,0,False
0,0.7023645043373108,1,False
0,3.8073458671569824,1,False
0,0.33860230445861816,0,False
0,0.6868510246276855,2,False
0,0.7053305506706238,1,False
0,1.1051955223083496,0,False
0,1.1322778463363647,1,False
0,1.5295451879501343,1,False
0,2.283996105194092,1,False
0,0.5111641883850098,2,False
0,1.111722469329834,0,False
0,0.3323470950126648,2,False
0,0.3300493657588959,0,False
0,1.1397786140441895,1,False
0,0.5175631046295166,2,False
0,1.1249786615371704,1,False
0,2.083991050720215,2,False
0,1.0668420791625977,0,False
0,1.2187347412109375,2,False
0,0.6061685085296631,2,False
0,1.4716131687164307,0,False
0,1.5014921426773071,1,False
0,0.7681369781494141,1,False
0,1.3956960439682007,1,False
0,2.085003137588501,2,False
0,2.2629055976867676,2,False
0,1.0645833015441895,0,False
0,1.0063859224319458,2,False
0,1.0699832439422607,0,False
0,0.3309752941131592,2,False
0,4.030889511108398,2,False
0,1.0861127376556396,0,False
0,0.35939186811447144,0,False
0,2.086907386779785,2,False
0,0.7473198175430298,1,False
0,1.065401554107666,0,False
0,0.33308079838752747,2,False
0,1.042922019958496,0,False
0,2.0962679386138916,2,False
0,1.1252100467681885,1,False
0,1.075089931488037,0,False
0,0.5195505023002625,2,False
0,2.605207920074463,1,False
0,0.35071495175361633,2,False
0,1.061509609222412,0,False
0,1.1281239986419678,1,False
0,1.1243596076965332,1,False
0,0.4480624794960022,2,False
0,4.9858198165893555,2,False
0,0.34609752893447876,0,False
0,1.129857063293457,1,False
0,1.1307117938995361,1,False
0,1.4121710062026978,1,False
0,1.1848925352096558,0,False
0,1.1348367929458618,1,False
0,3.3939874172210693,1,False
0,0.3954700231552124,2,False
0,0.38865405321121216,2,False
0,1.0071446895599365,2,False
0,0.49505293369293213,0,False
0,0.36709004640579224,0,False
0,0.5126324892044067,2,False
0,1.483103632926941,0,False
0,0.700248122215271,1,False
0,1.1234591007232666,1,False
0,1.2568936347961426,0,False
0,0.3621077835559845,0,False
0,0.8634252548217773,0,False
0,0.7544190287590027,0,False
0,0.4318200945854187,0,False
0,0.34412822127342224,2,False
0,1.1270052194595337,1,False
0,1.6710124015808105,0,False
0,1.2161568403244019,2,False
0,1.5427546501159668,1,False
0,1.1399163007736206,1,False
0,0.69014573097229,1,False
0,3.009692668914795,1,False
0,1.145066738128662,1,False
0,0.3419140577316284,2,False
0,2.6665236949920654,1,False
0,0.32596349716186523,0,False
0,1.125300407409668,1,False
0,1.125807762145996,1,False
0,0.9392773509025574,0,False
0,2.096175193786621,2,False
0,0.5107434391975403,2,False
0,0.7607696652412415,1,False
0,1.986121654510498,1,False
0,1.1251845359802246,1,False
0,1.9233181476593018,0,False
0,0.7023183703422546,2,False
0,0.3162514269351959,0,False
0,1.1282037496566772,1,False
0,0.30183321237564087,2,False
0,1.2190316915512085,2,False
0,0.31902581453323364,2,False
0,2.0825307369232178,2,False
0,0.3287815451622009,0,False
0,1.4523934125900269,2,False
0,1.1322758197784424,1,False
0,0.38024190068244934,2,False
0,1.1238360404968262,1,False
0,1.849939227104187,2,False
0,1.126601219177246,1,False
0,1.062727928161621,0,False
0,2.0873494148254395,2,False
0,0.6959332227706909,1,False
0,2.2900195121765137,2,False
0,1.1289020776748657,1,False
0,1.1487154960632324,1,False
0,1.089023232460022,0,False
0,0.45367786288261414,0,False
0,1.010779619216919,0,False
0,0.5260865092277527,2,False
0,1.146066427230835,1,False
0,1.1238031387329102,1,False
0,1.0552600622177124,0,False
0,1.0505356788635254,0,False
0,1.137864351272583,1,False
0,1.0988144874572754,0,False
0,0.7944278120994568,0,False
0,1.4534292221069336,2,False
0,2.0816941261291504,2,False
0,0.30256974697113037,2,False
0,1.1475321054458618,0,False
0,1.6908214092254639,2,False
0,0.9311506748199463,0,False
0,1.0620313882827759,0,False
0,0.9394498467445374,0,False
0,0.3748021423816681,0,False
0,0.3724864721298218,0,False
0,0.5353847742080688,0,False
0,0.5124557614326477,2,False
0,2.3513476848602295,1,False
0,1.0182641744613647,2,False
0,0.3571610450744629,0,False
0,0.34971722960472107,0,False
0,1.1440303325653076,1,False
0,0.6918281316757202,2,False
0,1.139604926109314,1,False
0,1.1279406547546387,1,False
0,1.1235957145690918,1,False
0,3.376011371612549,1,False
0,0.8258579969406128,2,False
0,1.1375211477279663,1,False
0,1.1402819156646729,1,False
0,0.5082573890686035,0,False
0,2.083632707595825,2,False
0,1.0064048767089844,2,False
0,4.456076622009277,1,False
0,3.0274548530578613,1,False
0,0.3598064184188843,0,False
0,2.0792291164398193,2,False
0,2.0821573734283447,2,False
0,1.147436499595642,1,False
0,0.5271832942962646,2,False
0,0.3311324715614319,0,False
0,0.35576891899108887,0,False
0,0.5401071310043335,2,False
0,2.0859804153442383,2,False
0,1.2444255352020264,0,False
0,0.32276594638824463,2,False
0,0.31995689868927,2,False
0,1.1271803379058838,1,False
0,0.3352539539337158,2,False
0,1.0549815893173218,0,False
0,2.3203043937683105,0,False
0,1.744781494140625,1,False
0,0.8701409697532654,0,False
0,1.129564642906189,1,False
0,1.0060398578643799,2,False
0,0.31965500116348267,2,False
0,0.5044152736663818,2,False
0,1.0394287109375,0,False
0,1.1245708465576172,1,False
0,2.2095000743865967,1,False
0,1.2701243162155151,0,False
0,0.43363794684410095,0,False
0,2.2094171047210693,1,False
0,1.423770785331726,0,False
0,1.1296330690383911,1,False
0,1.039978265762329,0,False
0,0.35669735074043274,0,False
0,0.29634279012680054,2,False
0,1.1243866682052612,1,False
0,0.7493976950645447,0,False
0,0.9966626763343811,0,False
0,1.2075707912445068,2,False
0,0.8136717081069946,0,False
0,1.263310194015503,0,False
0,1.1276572942733765,1,False
0,1.41375732421875,1,False
0,1.9133650064468384,1,False
0,1.1216251850128174,1,False
0,1.0045814514160156,2,False
0,0.5323561429977417,0,False
0,0.33686724305152893,2,False
0,2.560972213745117,1,False
0,0.6978474855422974,2,False
0,1.1245813369750977,1,False
0,1.0950956344604492,0,False
0,2.092439651489258,2,False
0,1.0041197538375854,2,False
0,1.2118585109710693,2,False
0,0.32069045305252075,2,False
0,1.7405542135238647,1,False
0,1.0722202062606812,0,False
0,1.1006873846054077,0,False
0,1.1250026226043701,1,False
0,1.0568041801452637,0,False
0,1.8399639129638672,2,False
0,1.13344144821167,1,False
0,1.1290483474731445,1,False
0,1.1278977394104004,1,False
0,0.32536208629608154,0,False
0,0.5261633992195129,2,False
0,1.6623066663742065,0,False
0,1.121549367904663,1,False
0,2.289468288421631,0,False
0,1.0578787326812744,0,False
0,4.948434829711914,2,False
0,0.3276117742061615,0,False
0,1.121079921722412,1,False
0,1.0602004528045654,0,False
0,1.0802556276321411,0,False
0,0.9303432703018188,0,False
0,1.1273982524871826,1,False
0,1.131403923034668,1,False
0,0.3488768935203552,0,False
0,3.038382053375244,1,False
0,0.49527251720428467,2,False
0,1.0105024576187134,2,False
0,0.3397194445133209,0,False
0,2.303112268447876,2,False
0,0.3313678503036499,2,False
0,1.054092526435852,0,False
0,1.1056305170059204,1,False
0,0.3100327253341675,2,False
0,1.1105809211730957,1,False
0,1.1221210956573486,1,False
0,1.048405647277832,0,False
0,0.8213900923728943,2,False
0,2.1119418144226074,2,False
0,1.1299464702606201,1,False
0,1.0835142135620117,0,False
0,1.1062451601028442,1,False
0,0.37230628728866577,2,False
0,0.515254020690918,2,False
0,0.5075868964195251,2,False
0,2.1191229820251465,2,False
0,1.1183538436889648,1,False
0,2.331820487976074,1,False
0,2.111999034881592,2,False
0,1.9008649587631226,0,False
0,0.6650222539901733,2,False
0,0.3725312650203705,2,False
0,0.3465765416622162,0,False
0,1.105355978012085,1,False
0,1.6993861198425293,2,False
0,2.669489860534668,1,False
0,0.7544532418251038,1,False
0,1.0493531227111816,0,False
0,2.1203393936157227,2,False
0,0.38166189193725586,2,False
0,1.4782161712646484,2,False
0,1.1196134090423584,1,False
0,3.396669864654541,1,False
0,0.8346967101097107,0,False
0,0.29242298007011414,2,False
0,0.44414639472961426,0,False
0,3.0197110176086426,1,False
0,0.31197047233581543,2,False
0,0.3178539276123047,2,False
0,0.5403889417648315,2,False
0,0.6845642328262329,1,False
0,1.0455172061920166,0,False
0,0.6890193223953247,2,False
0,0.5117701292037964,0,False
0,2.0032687187194824,1,False
0,0.9497549533843994,0,False
0,1.0520572662353516,0,False
0,2.110548257827759,2,False
0,0.33509811758995056,0,False
0,0.3112036883831024,2,False
0,0.8622168302536011,0,False
0,1.1069605350494385,1,False
0,1.077770471572876,0,False
0,1.1305335760116577,1,False
0,0.6325337886810303,2,False
0,0.5086393356323242,2,False
0,3.6063783168792725,2,False
0,1.11091148853302,1,False
0,1.1092265844345093,1,False
0,2.1090047359466553,2,False
0,1.1196913719177246,1,False
0,2.1119191646575928,2,False
0,0.7715532183647156,0,False
0,1.4727548360824585,0,False
0,0.3249671459197998,2,False
0,0.6800652742385864,1,False
0,2.104733467102051,2,False
0,0.3539256155490875,0,False
0,1.087786316871643,0,False
0,1.111289143562317,1,False
0,0.3197058439254761,0,False
0,1.4777535200119019,2,False
0,1.2735300064086914,0,False
0,1.0365374088287354,0,False
0,2.1071457862854004,2,False
0,1.1100138425827026,1,False
0,1.4820371866226196,1,False
0,0.6905746459960938,1,False
0,0.5103027820587158,2,False
0,1.5542631149291992,1,False
0,0.9994609951972961,2,False
0,4.4832611083984375,1,False
0,1.0251643657684326,2,False
0,1.1278443336486816,1,False
0,1.0232124328613281,0,False
0,1.2128551006317139,0,False
0,3.389228343963623,1,False
0,0.9380197525024414,0,False
0,0.5069138407707214,2,False
0,1.1134424209594727,1,False
0,1.1783969402313232,0,False
0,0.5150232911109924,0,False
0,1.1151639223098755,1,False
0,2.1068930625915527,2,False
0,0.5065717101097107,2,False
0,0.5107252597808838,0,False
0,0.6680892705917358,2,False
0,4.848012924194336,2,False
0,1.4766360521316528,2,False
0,1.111256718635559,1,False
0,0.3048117756843567,2,False
0,1.6606630086898804,0,False
0,0.6905198097229004,1,False
0,0.4438292384147644,0,False
0,1.0207288265228271,0,False
0,1.2279008626937866,2,False
0,1.112643837928772,1,False
0,3.3875198364257812,1,False
0,1.277089238166809,0,False
0,0.5100871324539185,2,False
0,1.12235689163208,1,False
0,0.7992491722106934,0,False
0,2.1049108505249023,2,False
0,0.3720187842845917,2,False
0,0.31861209869384766,0,False
0,2.1925477981567383,0,False
0,1.7362436056137085,1,False
0,0.5070605874061584,2,False
0,1.1133333444595337,1,False
0,3.020885944366455,1,False
0,0.32485827803611755,2,False
0,1.10899817943573,1,False
0,1.470763921737671,0,False
0,1.1335513591766357,1,False
0,1.1177401542663574,1,False
0,1.175791621208191,0,False
0,0.6907402276992798,2,False
0,1.8241703510284424,2,False
0,2.111743211746216,2,False
0,1.0421299934387207,0,False
0,1.0222225189208984,0,False
0,0.6782821416854858,1,False
0,1.000048041343689,2,False
0,0.5168316960334778,0,False
0,1.1114439964294434,1,False
0,0.37365031242370605,2,False
0,1.1102735996246338,1,False
0,0.8615821003913879,0,False
0,1.1129417419433594,1,False
0,1.125659465789795,1,False
0,1.1146419048309326,1,False
0,0.8966003656387329,0,False
0,1.4762794971466064,2,False
0,1.1180351972579956,1,False
0,1.1170495748519897,1,False
0,0.2921122908592224,2,False
0,2.324819564819336,1,False
0,1.072364091873169,0,False
0,0.3107346296310425,2,False
0,0.3148213326931,0,False
0,1.0436055660247803,0,False
0,1.1291407346725464,1,False
0,2.3801441192626953,2,False
0,1.2330787181854248,0,False
0,1.0411961078643799,0,False
0,2.690714120864868,1,False
0,1.0194242000579834,2,False
0,1.1126943826675415,1,False
0,1.0632987022399902,0,False
0,0.3513960838317871,0,False
0,0.8347200155258179,0,False
0,2.180110454559326,1,False
0,1.4461888074874878,0,False
0,0.3107680082321167,2,False
0,0.3129064440727234,2,False
0,1.1178916692733765,1,False
0,0.3390248417854309,0,False
0,2.575380802154541,1,False
0,0.44401368498802185,0,False
0,0.33587646484375,0,False
0,1.0300140380859375,0,False
0,2.1039881706237793,2,False
0,1.1233866214752197,1,False
0,1.1105514764785767,1,False
0,1.694559097290039,2,False
0,0.5111811757087708,0,False
0,0.3358916640281677,0,False
0,1.131137728691101,1,False
0,0.7982391119003296,0,False
0,0.6246058940887451,2,False
0,2.100358486175537,2,False
0,1.7757222652435303,0,False
0,0.521142303943634,2,False
0,1.0244460105895996,2,False
0,0.5310373306274414,2,False
0,1.024017572402954,2,False
0,0.5383919477462769,2,False
0,0.30828607082366943,0,False
0,1.485329270362854,1,False
0,0.3084135055541992,0,False
0,0.7606247067451477,1,False
0,1.0707353353500366,0,False
0,0.9480910301208496,0,False
0,1.124110460281372,1,False
0,1.1181336641311646,1,False
0,1.0341541767120361,0,False
0,1.0328952074050903,0,False
0,1.128274917602539,1,False
0,0.28926315903663635,2,False
0,0.5285125970840454,2,False
0,1.1245737075805664,1,False
0,2.0037829875946045,1,False
0,4.483139514923096,1,False
0,0.3370674252510071,0,False
0,0.6442532539367676,2,False
0,0.31542783975601196,2,False
0,0.965798020362854,0,False
0,1.0728296041488647,0,False
0,2.102515697479248,2,False
0,0.2972569465637207,0,False
0,1.128574252128601,1,False
0,0.6795655488967896,1,False
0,1.197274923324585,0,False
0,1.0693700313568115,0,False
0,1.0273162126541138,2,False
0,1.02848219871521,0,False
0,1.91213059425354,1,False
0,1.1124321222305298,1,False
0,1.1170495748519897,1,False
0,1.5510263442993164,1,False
0,1.111010193824768,1,False
0,2.1107921600341797,2,False
0,3.5562610626220703,2,False
0,2.1201534271240234,2,False
0,1.1282439231872559,1,False
0,0.5069301128387451,2,False
0,1.2329065799713135,2,False
0,0.3253612518310547,2,False
0,1.0399534702301025,0,False
0,0.5502126216888428,0,False
0,1.1188857555389404,1,False
0,2.106841564178467,2,False
0,1.3859188556671143,1,False
0,0.7659836411476135,0,False
0,1.1045057773590088,1,False
0,2.1179895401000977,2,False
0,1.1266587972640991,1,False
0,0.33179396390914917,2,False
0,3.3863332271575928,1,False
0,0.8259643316268921,2,False
0,1.068753957748413,0,False
0,0.6878238320350647,2,False
0,1.037604570388794,0,False
0,0.6931287050247192,1,False
0,1.072799801826477,0,False
0,1.0783538818359375,0,False
0,1.0687835216522217,0,False
0,2.1244542598724365,2,False
0,0.7873835563659668,0,False
0,1.1028640270233154,1,False
0,1.115504503250122,1,False
0,1.711646556854248,2,False
0,0.8305969834327698,2,False
0,2.3662891387939453,0,False
0,2.3449926376342773,2,False
0,1.096932291984558,1,False
0,1.4667694568634033,2,False
0,1.0521819591522217,0,False
0,1.4672640562057495,1,False
0,2.329413890838623,1,False
0,0.7532795667648315,0,False
0,0.32404354214668274,2,False
0,1.0372881889343262,0,False
0,0.30993783473968506,2,False
0,0.3260841965675354,2,False
0,2.024862289428711,0,False
0,0.7110958099365234,1,False
0,3.048367977142334,2,False
0,1.0753229856491089,0,False
0,0.3303477168083191,2,False
0,2.1293420791625977,2,False
0,1.096506953239441,1,False
0,1.0170667171478271,2,False
0,1.032708764076233,0,False
0,0.8584441542625427,0,False
0,0.2892001271247864,2,False
0,1.09099280834198,1,False
0,1.7225539684295654,0,False
0,1.0494906902313232,0,False
0,0.4365564286708832,0,False
0,0.9361476302146912,0,False
0,1.1006156206130981,1,False
0,1.072482943534851,0,False
0,1.100334882736206,1,False
0,2.618480682373047,1,False
0,1.020254373550415,0,False
0,1.1057161092758179,1,False
0,1.2334280014038086,2,False
0,0.29093798995018005,2,False
0,1.106531023979187,1,False
0,0.3104909658432007,2,False
0,1.1095075607299805,1,False
0,0.8264822959899902,2,False
0,1.0922338962554932,1,False
0,1.0934666395187378,1,False
0,0.5223504304885864,2,False
0,2.1319050788879395,2,False
0,2.1307854652404785,2,False
0,1.0916392803192139,1,False
0,0.5124949812889099,0,False
0,0.7394267916679382,1,False
0,0.5169200897216797,2,False
0,2.1786818504333496,1,False
0,0.781275749206543,0,False
0,1.1001907587051392,1,False
0,0.4947296380996704,0,False
0,1.2277201414108276,2,False
0,0.5993714332580566,2,False
0,0.7954317331314087,2,False
0,0.5377035140991211,2,False
0,1.0424087047576904,0,False
0,2.130821704864502,2,False
0,1.1731047630310059,0,False
0,1.0980372428894043,1,False
0,1.0776286125183105,0,False
0,0.9575670957565308,0,False
0,0.3156448006629944,2,False
0,1.0663135051727295,0,False
0,1.0413448810577393,0,False
0,1.0964545011520386,1,False
0,1.6768888235092163,0,False
0,1.085872769355774,0,False
0,0.5471648573875427,0,False
0,0.5045336484909058,2,False
0,1.0943996906280518,1,False
0,1.1063055992126465,1,False
0,3.3591277599334717,1,False
0,0.3037741780281067,2,False
0,1.1140557527542114,1,False
0,1.019305944442749,0,False
0,1.0739574432373047,0,False
0,1.57323157787323,2,False
0,1.1988492012023926,0,False
0,7.115684509277344,2,False
0,3.0132813453674316,1,False
0,2.129688262939453,2,False
0,1.0359022617340088,0,False
0,0.858315646648407,2,False
0,1.1142618656158447,1,False
0,1.0788642168045044,0,False
0,1.949316382408142,1,False
0,1.1466009616851807,2,False
0,1.016626238822937,0,False
0,0.7687438726425171,0,False
0,0.5140351057052612,0,False
0,2.139995813369751,2,False
0,1.105299949645996,1,False
0,1.0965688228607178,1,False
0,1.0961029529571533,1,False
0,1.0564355850219727,0,False
0,0.5068070888519287,2,False
0,1.0367183685302734,0,False
0,0.3133090138435364,2,False
0,2.9533910751342773,1,False
0,1.0151162147521973,2,False
0,1.515557050704956,1,False
0,4.43577766418457,1,False
0,0.5865164399147034,2,False
0,3.315220594406128,1,False
0,0.5040760040283203,2,False
0,1.1027897596359253,1,False
0,1.4573222398757935,1,False
0,1.0756099224090576,0,False
0,1.0938680171966553,1,False
0,1.078397274017334,0,False
0,1.014444351196289,2,False
0,1.0960499048233032,1,False
0,1.0900741815567017,1,False
0,0.8722665309906006,0,False
0,2.1522693634033203,2,False
0,2.1416923999786377,2,False
0,0.7009183168411255,1,False
0,1.7033345699310303,1,False
0,0.794553816318512,0,False
0,1.2453957796096802,1,False
0,0.5143320560455322,2,False
0,1.4780539274215698,0,False
0,1.4209516048431396,1,False
0,2.0566697120666504,1,False
0,1.0856513977050781,1,False
0,0.8377985954284668,0,False
0,2.14400053024292,2,False
0,1.1067428588867188,1,False
0,1.0218112468719482,2,False
0,1.2662179470062256,0,False
0,1.0421080589294434,0,False
0,1.462982177734375,2,False
0,0.5161159038543701,2,False
0,0.503580629825592,2,False
0,0.5219019055366516,2,False
0,1.0410575866699219,0,False
0,1.0434248447418213,0,False
0,1.0831308364868164,1,False
0,0.9993516802787781,0,False
0,2.1482505798339844,2,False
0,1.0900015830993652,0,False
0,0.49683278799057007,2,False
0,0.7949845194816589,2,False
0,0.44540882110595703,2,False
0,1.039671778678894,0,False
0,3.2737414836883545,1,False
0,0.8236192464828491,0,False
0,1.044011116027832,0,False
0,1.1028494834899902,1,False
0,3.059385299682617,2,False
0,0.45426520705223083,2,False
0,0.9182508587837219,2,False
0,1.0523498058319092,0,False
0,1.4647243022918701,2,False
0,1.0844601392745972,1,False
0,7.062629222869873,2,False
0,1.0996605157852173,1,False
0,0.45258423686027527,2,False
0,1.647705316543579,0,False
0,2.021432876586914,0,False
0,2.3628063201904297,0,False
0,1.2412269115447998,1,False
0,1.081864356994629,1,False
0,1.039650321006775,0,False
0,1.0703914165496826,0,False
0,0.7012335658073425,1,False
0,2.904385566711426,1,False
0,1.0654375553131104,0,False
0,0.7278283834457397,1,False
0,0.9293794631958008,0,False
0,1.0749633312225342,0,False
0,0.5384360551834106,0,False
0,2.1400532722473145,2,False
0,0.5005419254302979,2,False
0,2.1440491676330566,2,False
0,1.0386574268341064,0,False
0,0.43162989616394043,0,False
0,1.0843830108642578,1,False
0,2.054765462875366,1,False
0,1.0867292881011963,1,False
0,0.7703101634979248,0,False
0,1.0258992910385132,2,False
0,1.087686538696289,1,False
0,1.072686791419983,0,False
0,1.0858484506607056,1,False
0,1.0833648443222046,1,False
0,1.089495301246643,1,False
0,1.0142561197280884,2,False
0,0.758101224899292,0,False
0,0.7864975333213806,2,False
0,0.4700583219528198,2,False
0,1.1080365180969238,1,False
0,1.4725086688995361,0,False
0,1.0665016174316406,0,False
0,0.727903425693512,1,False
0,1.2510422468185425,0,False
0,0.5035291910171509,2,False
0,0.5037333369255066,2,False
0,1.0917588472366333,1,False
0,1.7238309383392334,0,False
0,0.4567304849624634,2,False
0,0.5902470350265503,2,False
0,1.036473274230957,0,False
0,1.1644649505615234,2,False
0,0.8602983951568604,2,False
0,1.031935214996338,0,False
0,2.1433780193328857,2,False
0,0.520697832107544,2,False
0,1.0884464979171753,1,False
0,0.742680549621582,0,False
0,0.5157132148742676,2,False
0,1.0977824926376343,1,False
0,1.0511364936828613,0,False
0,0.4498881995677948,2,False
0,1.0968741178512573,1,False
0,2.3244409561157227,1,False
0,0.8386375904083252,0,False
0,1.0133099555969238,0,False
0,1.1973636150360107,0,False
0,1.0150865316390991,0,False
0,1.06887948513031,0,False
0,1.1012475490570068,1,False
0,2.143847942352295,2,False
0,1.1954365968704224,0,False
0,1.0744770765304565,0,False
0,1.0716861486434937,0,False
0,1.4559184312820435,1,False
0,0.7091186046600342,2,False
0,4.420785427093506,1,False
0,3.269636869430542,1,False
0,2.144073724746704,2,False
0,1.9566562175750732,1,False
0,1.0301880836486816,0,False
0,1.0965913534164429,1,False
0,2.3465347290039062,2,False
0,2.1415905952453613,2,False
0,0.48947960138320923,2,False
0,1.0242033004760742,0,False
0,0.957761824131012,0,False
0,1.0881441831588745,1,False
0,1.0977141857147217,1,False
0,2.165313720703125,1,False
0,0.46284380555152893,2,False
0,2.9256491661071777,1,False
0,1.0946754217147827,1,False
0,1.5053027868270874,1,False
0,1.0901238918304443,1,False
0,1.0307238101959229,0,False
0,0.5104289054870605,2,False
0,0.5367183685302734,2,False
0,0.8487933278083801,2,False
0,0.880256175994873,0,False
0,4.348116397857666,1,False
0,1.5515172481536865,2,False
0,0.7974666953086853,0,False
0,1.416680932044983,1,False
0,0.2901383936405182,2,False
0,1.0907950401306152,1,False
0,1.093620777130127,1,False
0,1.4551299810409546,1,False
0,1.0668529272079468,0,False
0,1.466503381729126,2,False
0,2.1480748653411865,2,False
0,1.0980069637298584,1,False
0,1.23252272605896,2,False
0,1.0862417221069336,1,False
0,1.0286023616790771,2,False
0,0.29130321741104126,2,False
0,0.7711330056190491,0,False
0,2.1409049034118652,2,False
0,1.2659938335418701,0,False
0,2.1509618759155273,2,False
0,0.8561217784881592,2,False
0,1.0928363800048828,1,False
0,1.0839983224868774,1,False
0,2.5964033603668213,1,False
0,1.1043980121612549,1,False
0,1.0293463468551636,2,False
0,0.7064327001571655,1,False
0,1.0753157138824463,0,False
0,1.050130844116211,0,False
0,1.2270344495773315,2,False
0,1.0934393405914307,1,False
0,0.49573734402656555,0,False
0,0.5258979201316833,2,False
0,0.5115237832069397,0,False
0,1.1004568338394165,1,False
0,1.0642098188400269,0,False
0,0.7683577537536621,0,False
0,0.9027795791625977,2,False
0,1.0896666049957275,1,False
0,0.768532395362854,0,False
0,0.8518430590629578,2,False
0,1.1077171564102173,1,False
0,1.0862544775009155,1,False
0,2.1418075561523438,2,False
0,1.1009113788604736,1,False
0,1.1201472282409668,0,False
0,1.493551254272461,2,False
0,1.2598588466644287,0,False
0,1.0950275659561157,1,False
0,1.4657206535339355,0,False
0,2.2987685203552246,1,False
0,2.1505799293518066,2,False
0,1.0298943519592285,2,False
0,1.0855915546417236,1,False
0,1.103655457496643,1,False
0,1.0918997526168823,1,False
0,0.7338275909423828,1,False
0,0.5123137831687927,2,False
0,1.0887112617492676,1,False
0,1.0665059089660645,0,False
0,1.0920054912567139,1,False
0,2.0221171379089355,1,False
0,1.0293937921524048,0,False
0,1.8282488584518433,2,False
0,3.547759771347046,2,False
0,2.9199345111846924,1,False
0,1.027726173400879,0,False
0,0.4884415566921234,2,False
0,0.45615828037261963,2,False
0,1.0330642461776733,2,False
0,1.0847508907318115,1,False
0,1.0653433799743652,0,False
0,2.1395089626312256,2,False
0,2.1430535316467285,2,False
0,2.141317129135132,2,False
0,1.0329861640930176,0,False
0,1.0261777639389038,0,False
0,2.0314903259277344,0,False
0,1.0973608493804932,1,False
0,0.8654927611351013,0,False
0,1.0348401069641113,0,False
0,1.0947296619415283,1,False
0,1.231399416923523,2,False
0,0.5258355140686035,2,False
0,0.504758358001709,2,False
0,1.0380793809890747,0,False
0,1.3707565069198608,1,False
0,0.45325586199760437,2,False
0,1.0232958793640137,0,False
0,2.1393237113952637,2,False
0,1.711925745010376,1,False
0,1.0184438228607178,0,False
0,1.0357227325439453,2,False
0,0.8426334857940674,0,False
0,4.420748233795166,1,False
0,0.43875885009765625,0,False
0,0.5127838850021362,0,False
0,1.1228913068771362,2,False
0,1.006270170211792,0,False
0,0.8350963592529297,0,False
0,1.0859081745147705,1,False
0,1.0976767539978027,1,False
0,1.2490878105163574,0,False
0,1.0569719076156616,0,False
0,1.1088597774505615,1,False
0,0.4352601170539856,2,False
0,0.2986820936203003,2,False
0,1.066382884979248,0,False
0,0.5561795830726624,2,False
0,0.2855910360813141,2,False
0,4.801133155822754,2,False
0,0.8308539390563965,2,False
0,1.09340238571167,1,False
0,4.029440879821777,2,False
0,1.0550339221954346,0,False
0,1.0223801136016846,0,False
0,1.0454646348953247,0,False
0,1.0154589414596558,0,False
0,1.0882723331451416,1,False
0,1.1042656898498535,1,False
0,1.0235967636108398,0,False
0,0.5365370512008667,2,False
0,0.3049764633178711,2,False
0,0.7061116099357605,1,False
0,0.5205832719802856,2,False
0,1.0455161333084106,0,False
0,0.5225459337234497,2,False
0,1.1004998683929443,1,False
0,0.575210452079773,2,False
0,0.7100251317024231,1,False
0,2.140681266784668,2,False
0,1.0543146133422852,0,False
0,1.104429006576538,1,False
0,0.501242995262146,0,False
0,2.5296969413757324,1,False
0,1.0503429174423218,0,False
0,1.0903571844100952,1,False
0,0.5482057332992554,0,False
0,1.100536584854126,1,False
0,1.048666000366211,0,False
0,0.9670344591140747,0,False
0,0.6532670855522156,2,False
0,1.1075063943862915,1,False
0,1.0269701480865479,0,False
0,1.1095279455184937,1,False
0,1.0962103605270386,1,False
0,2.1340885162353516,2,False
0,0.5234967470169067,2,False
0,0.5066282153129578,2,False
0,1.0213247537612915,0,False
0,0.753488302230835,0,False
0,1.046708345413208,2,False
0,0.3032301962375641,2,False
0,1.1063637733459473,1,False
0,4.00497579574585,2,False
0,1.2008070945739746,0,False
0,1.1065343618392944,1,False
0,1.230250597000122,2,False
0,1.1116666793823242,1,False
0,0.7407113313674927,0,False
0,0.9965066313743591,0,False
0,0.8032177090644836,0,False
0,1.047790288925171,0,False
0,1.9967544078826904,0,False
0,1.099494218826294,1,False
0,0.30794551968574524,2,False
0,1.1060503721237183,1,False
0,1.655308485031128,0,False
0,0.506111204624176,2,False
0,2.1273293495178223,2,False
0,2.6514103412628174,1,False
0,1.5085465908050537,1,False
0,0.9030918478965759,2,False
0,1.7200117111206055,0,False
0,3.3141894340515137,1,False
0,2.1295933723449707,2,False
0,1.0969918966293335,1,False
0,1.0960643291473389,1,False
0,1.0086175203323364,0,False
0,1.0980051755905151,1,False
0,0.6903942823410034,1,False
0,3.305372476577759,1,False
0,1.9057873487472534,1,False
0,0.7011205554008484,2,False
0,0.660383939743042,2,False
0,1.0153250694274902,0,False
0,1.1036347150802612,1,False
0,1.044832706451416,2,False
0,1.0977673530578613,1,False
0,0.5032171010971069,2,False
0,0.7649142146110535,0,False
0,0.2977050244808197,2,False
0,0.8662808537483215,0,False
0,3.9969611167907715,2,False
0,0.5538855791091919,2,False
0,1.0945037603378296,1,False
0,1.0982859134674072,1,False
0,0.5498381853103638,0,False
0,4.737175464630127,2,False
0,0.5645064115524292,2,False
0,1.1003217697143555,1,False
0,1.0960956811904907,1,False
0,0.7170842885971069,1,False
0,1.0256116390228271,0,False
0,1.102112889289856,1,False
0,2.1385445594787598,2,False
0,0.7054424285888672,1,False
0,0.9951151013374329,0,False
0,1.0434226989746094,2,False
0,0.9706386923789978,0,False
0,2.1309242248535156,2,False
0,0.7397899627685547,0,False
0,1.0453091859817505,2,False
0,0.6903097629547119,1,False
0,1.1091231107711792,1,False
0,1.507812261581421,1,False
0,1.0463497638702393,0,False
0,2.2765190601348877,1,False
0,1.0981254577636719,1,False
0,0.7751113176345825,1,False
0,2.2631824016571045,1,False
0,1.0152409076690674,0,False
0,1.0177431106567383,0,False
0,1.1014678478240967,1,False
0,0.6546915769577026,2,False
0,1.1459803581237793,0,False
0,1.0183992385864258,0,False
0,0.3428788185119629,2,False
0,1.230488896369934,2,False
0,1.1116056442260742,1,False
0,0.3375816345214844,2,False
0,1.9887882471084595,1,False
0,2.9511570930480957,1,False
0,1.1068696975708008,1,False
0,1.1005078554153442,1,False
0,1.0559132099151611,0,False
0,0.5090668797492981,2,False
0,2.1282436847686768,2,False
0,1.1032277345657349,1,False
0,1.111510157585144,1,False
0,0.7032825946807861,1,False
0,1.0192577838897705,0,False
0,1.453596591949463,0,False
0,0.6595239639282227,2,False
0,0.6583923101425171,2,False
0,1.2311697006225586,2,False
0,0.7405962944030762,1,False
0,0.852989673614502,2,False
0,1.0447663068771362,0,False
0,1.0189188718795776,0,False
0,1.0263795852661133,0,False
0,1.885894536972046,2,False
0,1.8112373352050781,2,False
0,0.3037639260292053,2,False
0,2.1275153160095215,2,False
0,1.935814619064331,1,False
0,1.203393816947937,0,False
0,1.0553101301193237,0,False
0,1.1084716320037842,1,False
0,1.0347920656204224,0,False
0,2.1258082389831543,2,False
0,1.116412878036499,1,False
0,1.0156614780426025,0,False
0,0.5210686922073364,2,False
0,1.040449619293213,0,False
0,1.726152777671814,1,False
0,1.0480599403381348,2,False
0,0.499825119972229,0,False
0,1.0079162120819092,0,False
0,1.0473201274871826,0,False
0,1.1014167070388794,1,False
0,1.094072937965393,1,False
0,0.6635984778404236,2,False
0,1.0433948040008545,0,False
0,0.8471688032150269,0,False
0,1.1082844734191895,1,False
0,2.1316611766815186,2,False
0,0.29905465245246887,2,False
0,1.109315276145935,1,False
0,0.44307518005371094,0,False
0,1.456141710281372,1,False
0,0.9541935920715332,0,False
0,4.009545803070068,1,False
0,1.106232762336731,1,False
0,0.7477366924285889,1,False
0,1.6557908058166504,0,False
0,1.0171343088150024,0,False
0,2.2252752780914307,2,False
0,2.0327024459838867,0,False
0,0.38908547163009644,2,False
0,1.0156258344650269,0,False
0,1.050208568572998,0,False
0,2.5718326568603516,1,False
0,1.8854190111160278,1,False
0,3.6721322536468506,2,False
0,2.134997844696045,2,False
0,0.6701415777206421,2,False
0,1.0369560718536377,0,False
0,0.38851094245910645,2,False
0,1.1080083847045898,1,False
0,0.5270426273345947,2,False
0,1.0446860790252686,0,False
0,1.016707420349121,0,False
0,1.1006641387939453,1,False
0,0.7363313436508179,2,False
0,0.5560194253921509,2,False
0,0.7564841508865356,0,False
0,1.0968382358551025,1,False
0,1.1002169847488403,1,False
0,1.1076099872589111,1,False
0,1.4251298904418945,0,False
0,4.055482864379883,2,False
0,0.950797975063324,2,False
0,0.8036818504333496,0,False
0,2.13749361038208,2,False
0,1.0121285915374756,0,False
0,1.710798740386963,0,False
0,2.138395309448242,2,False
0,0.2984813451766968,2,False
0,1.097813367843628,1,False
0,0.7521036863327026,1,False
0,1.0191981792449951,0,False
0,0.2995399534702301,2,False
0,1.268069863319397,0,False
0,1.0033527612686157,0,False
0,0.3108006715774536,2,False
0,0.5045301914215088,2,False
0,1.10759699344635,1,False
0,1.0477557182312012,0,False
0,1.965889573097229,0,False
0,0.40868493914604187,2,False
0,2.434051752090454,1,False
0,1.0755571126937866,0,False
0,2.144895553588867,2,False
0,1.2565127611160278,0,False
0,1.3507972955703735,1,False
0,2.0347845554351807,0,False
0,1.0984299182891846,1,False
0,1.091155767440796,1,False
0,0.7253082990646362,1,False
0,2.140375852584839,2,False
0,0.3498837947845459,2,False
0,1.0979633331298828,1,False
0,1.0874673128128052,1,False
0,1.0908043384552002,1,False
0,2.0042338371276855,1,False
0,0.7247984409332275,1,False
0,1.4590234756469727,0,False
0,0.7859903573989868,1,False
0,2.1416540145874023,2,False
0,0.7050849199295044,1,False
0,0.5446730852127075,2,False
0,1.0231728553771973,0,False
0,2.141739845275879,2,False
0,0.7528306841850281,0,False
0,1.0946204662322998,1,False
0,1.905651330947876,2,False
0,0.6298990845680237,2,False
0,1.252478837966919,2,False
0,1.0104913711547852,2,False
0,2.1428942680358887,2,False
0,1.0147793292999268,0,False
0,1.4477922916412354,1,False
0,0.903893232345581,2,False
0,1.091948390007019,1,False
0,1.4374710321426392,0,False
0,1.1015887260437012,1,False
0,1.0469887256622314,0,False
0,3.827712059020996,2,False
0,0.7231055498123169,1,False
0,0.7428039312362671,1,False
0,0.8185620307922363,2,False
0,0.5007168054580688,2,False
0,1.0247080326080322,0,False
0,1.0494928359985352,2,False
0,0.9099873304367065,2,False
0,2.4093103408813477,1,False
0,1.235592007637024,2,False
0,1.0486645698547363,0,False
0,1.3523142337799072,1,False
0,1.4976691007614136,1,False
0,1.0509567260742188,0,False
0,2.523712158203125,1,False
0,1.098875880241394,1,False
0,0.5225570201873779,2,False
0,0.41809970140457153,2,False
0,0.8029584288597107,2,False
0,1.0390491485595703,0,False
0,1.0074999332427979,0,False
0,4.065357208251953,2,False
0,1.0429792404174805,2,False
0,1.841785192489624,0,False
0,0.9543424248695374,0,False
0,1.0958998203277588,1,False
0,1.0902283191680908,1,False
0,1.0466657876968384,0,False
0,1.5032850503921509,1,False
0,0.9995478987693787,0,False
0,0.6959842443466187,1,False
0,0.5256434082984924,2,False
0,1.058792233467102,0,False
0,1.6741790771484375,0,False
0,0.42776423692703247,2,False
0,1.1040832996368408,1,False
0,0.29198548197746277,2,False
0,1.2032216787338257,0,False
0,2.1460399627685547,2,False
0,1.8945198059082031,0,False
0,1.0262727737426758,0,False
0,1.1023437976837158,1,False
0,0.5077436566352844,2,False
0,1.1062566041946411,1,False
0,1.015209436416626,0,False
0,0.29430997371673584,2,False
0,1.9138933420181274,1,False
0,1.9116078615188599,1,False
0,0.9410349130630493,0,False
0,1.0962328910827637,1,False
0,1.0525215864181519,0,False
0,0.8448619246482849,0,False
0,0.8900519609451294,0,False
0,0.7138183116912842,1,False
0,0.7003042697906494,1,False
0,1.0593738555908203,2,False
0,0.47560739517211914,0,False
0,1.0390381813049316,0,False
0,1.0232181549072266,0,False
0,1.0508463382720947,2,False
0,1.0400314331054688,0,False
0,2.143982172012329,2,False
0,0.3317974805831909,2,False
0,1.0588161945343018,0,False
0,0.7294884920120239,1,False
0,1.092720866203308,1,False
0,1.0513758659362793,0,False
0,0.4335494339466095,0,False
0,0.6444340348243713,2,False
0,0.5355746150016785,0,False
0,4.0828046798706055,2,False
0,1.0217866897583008,0,False
0,1.0213713645935059,0,False
0,2.4585721492767334,2,False
0,2.14197039604187,2,False
0,0.5691344738006592,2,False
0,1.1446641683578491,0,False
0,0.29593026638031006,2,False
0,0.4110247492790222,2,False
0,2.0406675338745117,2,False
0,1.016145944595337,0,False
0,1.049269676208496,2,False
0,0.30893492698669434,2,False
0,1.2561510801315308,0,False
0,1.0238566398620605,0,False
0,0.305483341217041,2,False
0,0.6917803287506104,1,False
0,0.7365928888320923,1,False
0,0.686949610710144,1,False
0,0.29783710837364197,2,False
0,1.095200777053833,1,False
0,0.6568143963813782,2,False
0,2.1450893878936768,2,False
0,1.022139549255371,0,False
0,0.7082486152648926,1,False
0,0.6913356781005859,1,False
0,1.0435770750045776,0,False
0,2.4813647270202637,1,False
0,0.6905015707015991,1,False
0,1.2565639019012451,0,False
0,1.023932695388794,0,False
0,2.2620849609375,1,False
0,1.0269215106964111,0,False
0,0.5245516300201416,2,False
0,1.086445689201355,1,False
0,1.0776563882827759,0,False
0,4.776412010192871,2,False
0,0.684801459312439,1,False
0,1.087039589881897,1,False
0,1.044355034828186,0,False
0,0.6938818693161011,1,False
0,0.8028844594955444,0,False
0,1.0272681713104248,2,False
0,1.101885437965393,1,False
0,1.0508732795715332,0,False
0,1.0215346813201904,0,False
0,2.2227025032043457,1,False
0,2.1423964500427246,2,False
0,3.9977660179138184,2,False
0,0.5282782316207886,2,False
0,4.095544815063477,2,False
0,1.0243828296661377,0,False
0,1.0401477813720703,0,False
0,0.7019200325012207,1,False
0,2.1413822174072266,2,False
0,1.0473389625549316,0,False
0,1.0208441019058228,0,False
0,0.6618411540985107,0,False
0,1.0429518222808838,0,False
0,1.1059315204620361,1,False
0,1.0262365341186523,0,False
0,0.9436959028244019,0,False
0,0.8347866535186768,2,False
0,1.0381252765655518,0,False
0,0.6852808594703674,2,False
0,0.6890277862548828,1,False
0,2.4784021377563477,1,False
0,0.4075886607170105,2,False
0,1.0527610778808594,0,False
0,1.0917710065841675,1,False
0,1.0997282266616821,1,False
0,1.0213966369628906,0,False
0,0.4966786503791809,2,False
0,1.053637981414795,2,False
0,1.0531585216522217,2,False
0,0.5066349506378174,2,False
0,1.958713412284851,1,False
0,0.34412795305252075,2,False
0,0.3056209683418274,2,False
0,1.0479588508605957,0,False
0,1.14628005027771,0,False
0,1.7849078178405762,0,False
0,0.7888050079345703,1,False
0,0.7155700922012329,1,False
0,1.0094852447509766,0,False
0,1.942842721939087,2,False
0,1.0223865509033203,0,False
0,0.3027585446834564,2,False
0,1.088355302810669,1,False
0,1.0271821022033691,0,False
0,1.0868041515350342,1,False
0,0.6850658655166626,1,False
0,1.0941356420516968,1,False
0,1.0883182287216187,1,False
0,1.0247952938079834,0,False
0,2.0426487922668457,0,False
0,2.1440505981445312,2,False
0,0.5573799014091492,2,False
0,0.5282138586044312,0,False
0,1.0945619344711304,1,False
0,2.256917953491211,1,False
0,0.8383204936981201,2,False
0,4.785639762878418,2,False
0,1.1483104228973389,1,False
0,0.6896800994873047,1,False
0,0.6958285570144653,1,False
0,1.086865782737732,1,False
0,1.0854976177215576,1,False
0,0.6998896598815918,1,False
0,1.0918904542922974,1,False
0,2.4323337078094482,1,False
0,1.0461664199829102,0,False
0,0.8813658356666565,0,False
0,1.052598237991333,2,False
0,1.2563180923461914,0,False
0,1.0200469493865967,0,False
0,2.1462981700897217,2,False
0,2.2685699462890625,1,False
0,1.2409677505493164,2,False
0,2.1065502166748047,2,False
0,1.0553741455078125,0,False
0,1.4955308437347412,1,False
0,0.6922647953033447,1,False
0,1.0976898670196533,1,False
0,1.1031856536865234,1,False
0,0.7185987234115601,1,False
0,1.06318998336792,0,False
0,2.5109825134277344,1,False
0,1.2552977800369263,2,False
0,2.2327632904052734,1,False
0,2.145308494567871,2,False
0,1.4998823404312134,1,False
0,1.4666402339935303,0,False
0,1.0350995063781738,2,False
0,0.2933598756790161,2,False
0,1.936555027961731,2,False
0,1.064955234527588,0,False
0,1.089376449584961,1,False
0,2.1463770866394043,2,False
0,1.0548652410507202,0,False
0,0.3697616457939148,2,False
0,0.642306923866272,2,False
0,1.0279903411865234,0,False
0,0.9221249222755432,0,False
0,1.02634596824646,0,False
0,2.14571475982666,2,False
0,1.0331552028656006,0,False
0,1.0566242933273315,0,False
0,1.198993444442749,0,False
0,1.083601474761963,0,False
0,1.9121094942092896,1,False
0,0.8348660469055176,0,False
0,0.6873687505722046,1,False
0,0.5653536319732666,2,False
0,0.6803176403045654,2,False
0,0.5075915455818176,2,False
0,2.1479501724243164,2,False
0,1.0919597148895264,1,False
0,1.2563552856445312,0,False
0,0.7272208333015442,0,False
0,0.9245858192443848,2,False
0,0.9419121146202087,2,False
0,1.243472695350647,0,False
0,1.0289943218231201,0,False
0,0.6900349855422974,1,False
0,1.8146693706512451,0,False
0,0.42777055501937866,0,False
0,1.1278706789016724,1,False
0,3.1623711585998535,2,False
0,1.0951093435287476,1,False
0,1.0663731098175049,0,False
0,0.9286289215087891,2,False
0,1.0870065689086914,1,False
0,1.0207583904266357,0,False
0,0.687515139579773,1,False
0,0.5728259682655334,2,False
0,0.6772849559783936,1,False
0,0.7047668695449829,1,False
0,0.9936176538467407,2,False
0,0.7983752489089966,0,False
0,0.9172636866569519,2,False
0,0.6771245002746582,1,False
0,1.708664894104004,0,False
0,1.052077293395996,2,False
0,1.7323521375656128,1,False
0,1.0912572145462036,1,False
0,0.9585376381874084,2,False
0,0.694231390953064,1,False
0,2.642315149307251,2,False
0,1.0285296440124512,0,False
0,0.6933825612068176,1,False
0,1.0588641166687012,0,False
0,1.0533931255340576,2,False
0,1.084768533706665,1,False
0,1.4304755926132202,2,False
0,2.1544673442840576,2,False
0,1.0073950290679932,0,False
0,0.8806908130645752,2,False
0,1.0286060571670532,0,False
0,0.6915523409843445,1,False
0,1.027557611465454,0,False
0,0.9329981803894043,0,False
0,2.2556047439575195,1,False
0,0.6882680058479309,1,False
0,2.1533219814300537,2,False
0,2.269463062286377,1,False
0,1.7103489637374878,0,False
0,1.058276891708374,0,False
0,1.242753028869629,2,False
0,1.0647238492965698,2,False
0,1.082587718963623,1,False
0,0.7456746101379395,1,False
0,0.521364152431488,0,False
0,1.0608839988708496,0,False
0,1.08197021484375,1,False
0,0.5197959542274475,2,False
0,1.9542757272720337,2,False
0,1.0283586978912354,0,False
0,1.026761770248413,0,False
0,0.8837859034538269,0,False
0,0.8770203590393066,2,False
0,1.0545631647109985,2,False
0,1.0568174123764038,0,False
0,1.0518159866333008,2,False
0,1.0325961112976074,0,False
0,1.0292161703109741,0,False
0,0.6961309313774109,1,False
0,1.23971426486969,0,False
0,1.0931146144866943,1,False
0,0.29526787996292114,2,False
0,1.0840333700180054,1,False
0,2.3955297470092773,1,False
0,1.2571617364883423,0,False
0,1.0502294301986694,2,False
0,1.056771993637085,0,False
0,0.8737020492553711,2,False
0,0.7305241823196411,0,False
0,1.0306665897369385,0,False
0,2.3397862911224365,0,False
0,0.695067822933197,1,False
0,0.329090416431427,2,False
0,2.1590850353240967,2,False
0,2.2078256607055664,1,False
0,0.5611554384231567,2,False
0,1.0689796209335327,0,False
0,0.425494909286499,0,False
0,0.6883743405342102,1,False
0,2.5876832008361816,2,False
0,0.6730676889419556,0,False
0,1.055466890335083,2,False
0,1.0858712196350098,1,False
0,0.6980430483818054,1,False
0,1.0697791576385498,0,False
0,1.0296821594238281,0,False
0,1.0872902870178223,1,False
0,1.7273633480072021,1,False
0,1.1395399570465088,2,False
0,0.6809448003768921,2,False
0,0.695663571357727,1,False
0,0.4193236827850342,2,False
0,1.1584112644195557,0,False
0,2.153757095336914,2,False
0,0.5144984126091003,2,False
0,0.7100925445556641,1,False
0,0.36667200922966003,2,False
0,1.0883822441101074,1,False
0,0.8219862580299377,2,False
0,4.698872089385986,2,False
0,1.4958972930908203,1,False
0,0.9152494668960571,0,False
0,1.0537028312683105,0,False
0,1.0850610733032227,1,False
0,2.1511716842651367,2,False
0,3.819830894470215,2,False
0,1.0524842739105225,0,False
0,1.0290765762329102,0,False
0,1.088433027267456,1,False
0,1.0176748037338257,0,False
0,1.0893149375915527,1,False
0,1.7928582429885864,0,False
0,1.9899272918701172,1,False
0,1.4692350625991821,0,False
0,1.1322352886199951,1,False
0,0.6728731393814087,1,False
0,2.1083223819732666,2,False
0,2.5597643852233887,1,False
0,1.5019704103469849,1,False
0,1.1459605693817139,0,False
0,1.0936795473098755,1,False
0,1.06303071975708,0,False
0,1.0317177772521973,0,False
0,3.969144344329834,2,False
0,0.5092558860778809,2,False
0,1.0837974548339844,1,False
0,0.6878092288970947,1,False
0,2.15543794631958,2,False
0,0.8215034008026123,1,False
0,1.2539829015731812,2,False
0,1.0077513456344604,0,False
0,1.0495193004608154,0,False
0,0.8137941956520081,2,False
0,1.0166528224945068,0,False
0,1.0916035175323486,1,False
0,0.7038607597351074,1,False
0,0.6719636917114258,1,False
0,1.2122077941894531,0,False
0,0.6858857870101929,1,False
0,0.6774681806564331,1,False
0,0.6813604831695557,1,False
0,0.9822431206703186,2,False
0,1.0486633777618408,2,False
0,2.150630474090576,2,False
0,0.7603902816772461,0,False
0,2.061138391494751,0,False
0,3.93546986579895,2,False
0,1.1417739391326904,1,False
0,2.1486880779266357,2,False
0,0.28897756338119507,2,False
0,0.6999290585517883,1,False
0,1.0355567932128906,0,False
0,0.4781954288482666,2,False
0,1.7983111143112183,2,False
0,1.0470622777938843,0,False
0,1.093843698501587,1,False
0,1.0376296043395996,2,False
0,1.3435262441635132,2,False
0,0.8534927368164062,2,False
0,2.4764277935028076,1,False
0,1.263918399810791,0,False
0,1.0528644323349,0,False
0,0.9159490466117859,2,False
0,1.0014452934265137,0,False
0,0.6842139959335327,1,False
0,0.9565996527671814,2,False
0,1.0552194118499756,0,False
0,1.0843310356140137,1,False
0,0.46648579835891724,2,False
0,2.148617744445801,2,False
0,0.294045627117157,2,False
0,0.6665267944335938,2,False
0,0.7232654690742493,1,False
0,1.058771014213562,0,False
0,1.0948452949523926,1,False
0,1.098785400390625,1,False
0,0.6815974712371826,1,False
0,1.9473252296447754,0,False
0,0.8144032955169678,0,False
0,0.974067747592926,2,False
0,1.7101048231124878,0,False
0,1.1015565395355225,1,False
0,2.1475377082824707,2,False
0,1.091064453125,1,False
0,1.0912456512451172,1,False
0,0.6942362785339355,1,False
0,1.0611956119537354,0,False
0,1.096508264541626,1,False
0,1.033712387084961,0,False
0,0.6862833499908447,1,False
0,0.7258729338645935,1,False
0,1.8784353733062744,2,False
0,1.053189992904663,0,False
0,2.0363998413085938,2,False
0,2.1469640731811523,2,False
0,2.3656795024871826,1,False
0,1.0451325178146362,2,False
0,1.0943429470062256,1,False
0,1.0455281734466553,0,False
0,1.0244457721710205,0,False
0,1.0193986892700195,0,False
0,2.152073383331299,2,False
0,3.8084750175476074,2,False
0,1.0880746841430664,1,False
0,0.5021628141403198,2,False
0,1.3553087711334229,1,False
0,1.0280659198760986,0,False
0,1.0519770383834839,0,False
0,1.013986349105835,0,False
0,0.6714755296707153,1,False
0,1.0913751125335693,1,False
0,1.0972063541412354,1,False
0,2.0698533058166504,1,False
0,0.8998959064483643,2,False
0,1.048227310180664,0,False
0,2.1430206298828125,2,False
0,0.8652892112731934,0,False
0,0.8394272923469543,0,False
0,1.2424259185791016,2,False
0,0.962253749370575,0,False
0,0.996833086013794,0,False
0,0.6761342883110046,1,False
0,2.6446340084075928,0,False
0,2.413299560546875,2,False
0,0.306455135345459,2,False
0,0.45533478260040283,0,False
0,1.0869321823120117,1,False
0,1.0892555713653564,1,False
0,0.6928953528404236,1,False
0,1.4737600088119507,0,False
0,2.143268585205078,2,False
0,1.153658151626587,2,False
0,0.33020883798599243,2,False
0,1.1315168142318726,0,False
0,0.7042048573493958,0,False
0,1.2445440292358398,2,False
0,1.0502243041992188,0,False
0,0.2954022288322449,2,False
0,2.140495777130127,2,False
0,0.5272151231765747,2,False
0,0.7214586138725281,1,False
0,0.35544317960739136,2,False
0,1.0638751983642578,0,False
0,1.4416508674621582,1,False
0,0.668343722820282,1,False
0,1.067636251449585,0,False
0,1.0987887382507324,1,False
0,0.6720532774925232,1,False
0,0.9800411462783813,0,False
0,0.7073208689689636,1,False
0,1.0046589374542236,0,False
0,0.5199930667877197,2,False
0,1.0932878255844116,1,False
0,0.6707298755645752,2,False
0,1.103907823562622,1,False
0,1.0528247356414795,0,False
0,2.1052427291870117,2,False
0,0.35745638608932495,2,False
0,0.565820574760437,2,False
0,0.9378973245620728,1,False
0,1.0108795166015625,0,False
0,2.0222747325897217,2,False
0,2.2625651359558105,1,False
0,0.4974793791770935,2,False
0,0.34865766763687134,2,False
0,0.6649069786071777,2,False
0,1.0320513248443604,2,False
0,0.6763690710067749,1,False
0,2.1381492614746094,2,False
0,1.0342316627502441,2,False
0,1.9546161890029907,0,False
0,1.0800727605819702,1,False
0,0.6811912059783936,1,False
0,1.5106189250946045,1,False
0,2.505399227142334,0,False
0,1.5576980113983154,1,False
0,1.183212161064148,2,False
0,1.1339704990386963,0,False
0,0.7259917259216309,1,False
0,1.2565630674362183,2,False
0,1.4769055843353271,0,False
0,1.020070195198059,0,False
0,1.03313148021698,2,False
0,0.6428222060203552,2,False
0,1.0219810009002686,0,False
0,1.0058364868164062,0,False
0,0.5122737884521484,2,False
0,0.6733717918395996,1,False
0,0.6759381294250488,1,False
0,1.0872657299041748,1,False
0,1.0000226497650146,0,False
0,0.4032014310359955,2,False
0,1.089264988899231,1,False
0,1.059544563293457,0,False
0,1.8310468196868896,0,False
0,1.759557843208313,0,False
0,1.1173850297927856,1,False
0,2.139190196990967,2,False
0,1.0852874517440796,1,False
0,1.0939584970474243,1,False
0,1.040482759475708,0,False
0,1.1469018459320068,0,False
0,0.6778123378753662,1,False
0,1.4384591579437256,1,False
0,1.0153465270996094,0,False
0,1.0155527591705322,0,False
0,0.856351375579834,2,False
0,1.8309308290481567,0,False
0,2.140967845916748,2,False
0,1.0612399578094482,0,False
0,0.7662928104400635,0,False
0,1.0911705493927002,1,False
0,3.7242393493652344,2,False
0,0.7227236032485962,2,False
0,1.003977656364441,0,False
0,0.9007986187934875,0,False
0,1.506922721862793,1,False
0,1.0261602401733398,0,False
0,5.026206970214844,2,False
0,2.1381897926330566,2,False
0,0.6818245649337769,1,False
0,0.7081082463264465,0,False
0,1.0596513748168945,0,False
0,0.6643456220626831,1,False
0,2.1381783485412598,2,False
0,0.8338897228240967,2,False
0,0.3752203583717346,2,False
0,0.9446895122528076,2,False
0,1.2263233661651611,1,False
0,2.275545835494995,1,False
0,0.6698684096336365,1,False
0,0.8619656562805176,0,False
0,1.0122522115707397,0,False
0,0.6686668992042542,1,False
0,1.1467831134796143,2,False
0,0.6217073798179626,2,False
0,0.6634270548820496,1,False
0,0.5040318965911865,2,False
0,1.135612964630127,0,False
0,2.138145923614502,2,False
0,1.0090999603271484,0,False
0,2.3201189041137695,1,False
0,0.6683209538459778,1,False
0,1.093996286392212,1,False
0,1.0178003311157227,0,False
0,1.0877904891967773,1,False
0,0.37118080258369446,2,False
0,1.0266345739364624,0,False
0,1.0594615936279297,0,False
0,1.062509536743164,0,False
0,0.671798825263977,1,False
0,1.479583501815796,0,False
0,2.1385598182678223,2,False
0,2.139321804046631,2,False
0,1.0516927242279053,0,False
0,1.0964818000793457,2,False
0,3.6668548583984375,2,False
0,1.0236144065856934,0,False
0,0.6702389717102051,1,False
0,0.932600200176239,2,False
0,0.9964274168014526,0,False
0,1.0005825757980347,0,False
0,0.6642505526542664,1,False
0,1.0363190174102783,2,False
0,1.1035802364349365,1,False
0,0.2942734658718109,2,False
0,2.5959887504577637,0,False
0,1.5532665252685547,1,False
0,1.510680913925171,1,False
0,0.9606906175613403,0,False
0,2.13529372215271,2,False
0,1.0945204496383667,1,False
0,0.5559850931167603,2,False
0,0.9805630445480347,0,False
0,0.6713890433311462,1,False
0,4.4011125564575195,1,False
0,2.134229898452759,2,False
0,1.850843071937561,0,False
0,0.34195905923843384,2,False
0,1.245242714881897,2,False
0,0.6690793633460999,1,False
0,0.7040419578552246,0,False
0,1.245797872543335,2,False
0,1.0917526483535767,1,False
0,0.6746987700462341,1,False
0,1.0324280261993408,0,False
0,1.0530312061309814,0,False
0,0.5066658854484558,2,False
0,1.0345938205718994,2,False
0,2.1333484649658203,2,False
0,2.1370811462402344,2,False
0,0.5077692270278931,2,False
0,4.829996109008789,2,False
0,1.0274226665496826,0,False
0,1.3483781814575195,1,False
0,3.6530487537384033,2,False
0,0.6697271466255188,1,False
0,1.0957552194595337,1,False
0,0.8263050317764282,2,False
0,0.3488385081291199,2,False
0,2.137052059173584,2,False
0,1.0525729656219482,0,False
0,1.102510690689087,1,False
0,0.2934502363204956,2,False
0,1.258291244506836,0,False
0,1.0882281064987183,2,False
0,1.7333793640136719,0,False
0,0.8331737518310547,2,False
0,1.0584142208099365,0,False
0,0.6831336617469788,1,False
0,0.6832630038261414,1,False
0,0.7461405396461487,1,False
0,2.402287244796753,2,False
0,1.9070396423339844,2,False
0,1.5065668821334839,1,False
0,1.00809907913208,0,False
0,2.093432664871216,2,False
0,1.0992465019226074,1,False
0,0.6805091500282288,1,False
0,1.0287684202194214,0,False
0,1.0601251125335693,0,False
0,1.1461224555969238,0,False
0,1.0892689228057861,1,False
0,1.849677324295044,0,False
0,2.2275638580322266,2,False
0,2.8556814193725586,0,False
0,1.103217363357544,1,False
0,0.9981229901313782,0,False
0,0.6668558716773987,1,False
0,1.0914559364318848,1,False
0,0.45328959822654724,0,False
0,1.0972479581832886,1,False
0,0.70663982629776,0,False
0,1.0430232286453247,2,False
0,1.009324312210083,0,False
0,0.894244909286499,0,False
0,0.5047553181648254,2,False
0,1.0914802551269531,1,False
0,1.0130723714828491,0,False
0,1.0991090536117554,1,False
0,1.0952630043029785,1,False
0,2.2664895057678223,1,False
0,0.7142273187637329,1,False
0,1.044327974319458,0,False
0,1.0402865409851074,0,False
0,2.0646326541900635,2,False
0,1.0432428121566772,0,False
0,0.30834776163101196,2,False
0,0.3346572816371918,2,False
0,2.1034417152404785,2,False
0,1.218435525894165,1,False
0,2.1339964866638184,2,False
0,1.0995450019836426,1,False
0,0.6443305611610413,2,False
0,1.09043288230896,1,False
0,0.3446715176105499,2,False
0,1.0407896041870117,2,False
0,1.4665428400039673,0,False
0,1.112502932548523,0,False
0,0.8249670267105103,0,False
0,1.0136029720306396,0,False
0,1.102585792541504,1,False
0,0.7668979167938232,0,False
0,0.6699674129486084,1,False
0,1.4433006048202515,1,False
0,1.0568296909332275,0,False
0,1.8955200910568237,2,False
0,0.9809799194335938,2,False
0,0.997482180595398,0,False
0,0.7161996364593506,2,False
0,0.6485203504562378,2,False
0,0.32406577467918396,2,False
0,1.1044120788574219,1,False
0,2.0250422954559326,1,False
0,1.1352243423461914,1,False
0,0.7274596095085144,1,False
0,1.0226610898971558,0,False
0,1.0035998821258545,0,False
0,0.6636459827423096,1,False
0,1.0484787225723267,0,False
0,1.0484788417816162,0,False
0,0.45113664865493774,0,False
0,0.668880820274353,1,False
0,0.5918335914611816,2,False
0,0.6672283411026001,1,False
0,0.730318009853363,1,False
0,0.9527590274810791,0,False
0,1.0573666095733643,0,False
0,1.0148184299468994,0,False
0,1.0086781978607178,0,False
0,0.34426841139793396,2,False
0,1.0210751295089722,2,False
0,1.022633671760559,0,False
0,1.0880634784698486,1,False
0,2.134290933609009,2,False
0,3.634182929992676,2,False
0,2.403820753097534,2,False
0,1.0487406253814697,0,False
0,1.2481297254562378,2,False
0,1.012809157371521,0,False
0,1.0979793071746826,1,False
0,0.35152024030685425,2,False
0,2.2619948387145996,1,False
0,2.095555067062378,2,False
0,2.2331037521362305,2,False
0,1.1115368604660034,0,False
0,1.508819580078125,1,False
0,1.0611293315887451,0,False
0,0.8364620208740234,2,False
0,1.047515869140625,0,False
0,0.623153030872345,2,False
0,1.042128562927246,2,False
0,1.0988436937332153,1,False
0,2.137716054916382,2,False
0,1.07594895362854,0,False
0,2.505368709564209,0,False
0,2.1357293128967285,2,False
0,1.0938801765441895,1,False
0,3.5869710445404053,2,False
0,1.090789556503296,1,False
0,0.9799927473068237,0,False
0,1.1023163795471191,1,False
0,0.7155581712722778,1,False
0,1.013345718383789,0,False
0,1.0599905252456665,0,False
0,0.7059364914894104,0,False
0,1.4877214431762695,0,False
0,1.0590720176696777,0,False
0,0.9058995842933655,2,False
0,1.103556752204895,1,False
0,2.1372103691101074,2,False
0,1.1333916187286377,1,False
0,0.881216287612915,0,False
0,0.6691843271255493,1,False
0,0.6627202033996582,1,False
0,0.6654171943664551,1,False
0,2.1392264366149902,2,False
0,2.2600553035736084,1,False
0,0.6668434143066406,1,False
0,2.135622501373291,2,False
0,0.6884084939956665,1,False
0,2.1389288902282715,2,False
0,0.3239837884902954,2,False
0,0.6771315336227417,1,False
0,1.031886339187622,1,False
0,0.7171049118041992,2,False
0,1.883634090423584,2,False
0,2.137233257293701,2,False
0,0.8291251063346863,2,False
0,1.0295050144195557,0,False
0,0.6655619144439697,1,False
0,2.6046342849731445,0,False
0,1.0094412565231323,0,False
0,1.059249758720398,0,False
0,1.08836030960083,1,False
0,1.2488858699798584,2,False
0,1.2564561367034912,0,False
0,0.7272607684135437,1,False
0,1.0244395732879639,0,False
0,1.4423112869262695,1,False
0,0.5545564293861389,2,False
0,1.0305230617523193,0,False
0,1.8179876804351807,0,False
0,0.6667574644088745,1,False
0,1.0892704725265503,1,False
0,1.0384868383407593,2,False
0,0.2936995029449463,2,False
0,1.0024267435073853,0,False
0,0.6510143280029297,2,False
0,0.5019065141677856,2,False
0,0.5063425302505493,2,False
0,0.9487429857254028,2,False
0,1.035444974899292,2,False
0,0.6702868938446045,1,False
0,0.7456507682800293,1,False
0,0.9961620569229126,0,False
0,1.0943057537078857,1,False
0,0.6681450605392456,2,False
0,1.0899579524993896,1,False
0,0.6461171507835388,2,False
0,1.0016069412231445,0,False
0,1.0438483953475952,0,False
0,1.0959361791610718,1,False
0,0.6788698434829712,1,False
0,0.8260334730148315,0,False
0,1.1433806419372559,0,False
0,1.0433645248413086,0,False
0,1.0397286415100098,2,False
0,0.6648565530776978,1,False
0,0.953603208065033,0,False
0,1.1026439666748047,1,False
0,0.3670741021633148,2,False
0,1.0006637573242188,0,False
0,0.6680693626403809,1,False
0,1.5495145320892334,1,False
0,2.1049790382385254,2,False
0,4.048272609710693,1,False
0,0.8722745776176453,2,False
0,4.269059181213379,2,False
0,1.2248039245605469,1,False
0,0.6683818101882935,1,False
0,4.376575469970703,1,False
0,1.0900094509124756,1,False
0,0.7032139897346497,0,False
0,1.0190584659576416,0,False
0,1.0978187322616577,1,False
0,1.039786696434021,0,False
0,1.0077245235443115,0,False
0,0.39829307794570923,2,False
0,1.3431346416473389,1,False
0,0.6581481695175171,1,False
0,0.2887721657752991,2,False
0,1.1033238172531128,1,False
0,0.5068482160568237,2,False
0,1.0527021884918213,0,False
0,2.1335182189941406,2,False
0,1.8234624862670898,0,False
0,0.9953432083129883,0,False
0,2.8279972076416016,0,False
0,1.0096328258514404,0,False
0,1.0953329801559448,1,False
0,2.0552620887756348,2,False
0,1.936828374862671,2,False
0,0.7703235149383545,0,False
0,0.9556474685668945,2,False
0,1.0954362154006958,1,False
0,1.0424491167068481,2,False
0,1.0164272785186768,0,False
0,1.130511999130249,0,False
0,0.6624877452850342,1,False
0,0.6494788527488708,2,False
0,0.8256213068962097,0,False
0,0.34976935386657715,2,False
0,2.136964797973633,2,False
0,1.1073963642120361,0,False
0,1.8948948383331299,2,False
0,1.1036105155944824,1,False
0,0.8896420001983643,0,False
0,1.062248945236206,0,False
0,3.4678359031677246,2,False
0,1.033991813659668,2,False
0,1.5106639862060547,1,False
0,0.34672969579696655,2,False
0,1.0956404209136963,1,False
0,1.0493913888931274,0,False
0,2.162822723388672,2,False
0,1.0702826976776123,2,False
0,3.3860764503479004,2,False
0,2.1354660987854004,2,False
0,0.956999659538269,0,False
0,0.49924129247665405,2,False
0,0.6770799160003662,1,False
0,1.0323680639266968,0,False
0,2.1368861198425293,2,False
0,1.0969399213790894,1,False
0,1.0112099647521973,0,False
0,1.085308313369751,1,False
0,0.6672254800796509,1,False
0,1.0464203357696533,0,False
0,1.0009894371032715,0,False
0,1.552685022354126,1,False
0,1.0961793661117554,1,False
0,1.5151667594909668,1,False
0,0.996988832950592,0,False
0,1.2484698295593262,2,False
0,1.1063705682754517,1,False
0,0.3284146189689636,2,False
0,0.7704112529754639,0,False
0,1.487459421157837,0,False
0,4.28093957901001,1,False
0,0.6978642344474792,0,False
0,0.6723942160606384,1,False
0,2.01632022857666,2,False
0,1.0553903579711914,0,False
0,0.6852292418479919,1,False
0,2.227975845336914,2,False
0,0.6931703090667725,0,False
0,0.5515519380569458,2,False
0,2.138239622116089,2,False
0,0.9961460828781128,0,False
0,0.519366443157196,2,False
0,1.0262088775634766,0,False
0,1.066496729850769,0,False
0,0.6736241579055786,2,False
0,1.094689130783081,1,False
0,2.137108325958252,2,False
0,1.3261427879333496,1,False
0,1.093022346496582,1,False
0,1.0863618850708008,1,False
0,1.1767988204956055,2,False
0,0.49274957180023193,2,False
0,0.3706176280975342,2,False
0,1.1374037265777588,0,False
0,0.6716104745864868,1,False
0,1.0510730743408203,0,False
0,1.065398931503296,0,False
0,0.6894841194152832,1,False
0,2.6069490909576416,0,False
0,0.295064240694046,2,False
0,0.8373324871063232,2,False
0,1.4488568305969238,1,False
0,1.0900089740753174,1,False
0,2.131293773651123,2,False
0,1.0192031860351562,0,False
0,0.2967774271965027,2,False
0,2.124673366546631,2,False
0,2.276846170425415,1,False
0,1.009958267211914,0,False
0,1.1059975624084473,1,False
0,0.672155499458313,1,False
0,0.9967260360717773,0,False
0,0.737287700176239,1,False
0,1.0336248874664307,2,False
0,0.6662547588348389,1,False
0,0.9530269503593445,0,False
0,1.8348149061203003,0,False
0,2.081819534301758,2,False
0,1.0376887321472168,0,False
0,0.39708518981933594,2,False
0,1.0899198055267334,0,False
0,1.1204217672348022,1,False
0,1.2592536211013794,2,False
0,0.661010205745697,2,False
0,1.0461761951446533,2,False
0,1.1064198017120361,1,False
0,1.7305124998092651,0,False
0,1.0012645721435547,0,False
0,1.0512524843215942,0,False
0,1.0018335580825806,0,False
0,0.6862055063247681,2,False
0,0.6502521634101868,1,False
0,2.111720323562622,2,False
0,1.1116943359375,1,False
0,1.1097111701965332,1,False
0,2.112147569656372,2,False
0,1.1084041595458984,1,False
0,1.001203179359436,0,False
0,0.49666446447372437,2,False
0,1.0098748207092285,0,False
0,3.7674965858459473,2,False
0,0.658528745174408,1,False
0,1.0010573863983154,0,False
0,0.48653537034988403,2,False
0,0.6802793741226196,1,False
0,1.8314183950424194,0,False
0,0.6569701433181763,1,False
0,1.9505572319030762,0,False
0,1.0486299991607666,0,False
0,0.6341696977615356,2,False
0,1.7146401405334473,0,False
0,0.8750054836273193,2,False
0,2.107856273651123,2,False
0,1.0029809474945068,0,False
0,2.3782172203063965,2,False
0,1.250458836555481,2,False
0,0.9932870268821716,0,False
0,0.6633676290512085,1,False
0,1.0066630840301514,0,False
0,4.3947882652282715,1,False
0,1.113811731338501,1,False
0,1.1199400424957275,1,False
0,0.7419703602790833,1,False
0,0.6588121056556702,1,False
0,1.2655692100524902,1,False
0,1.0492055416107178,0,False
0,0.9803256392478943,0,False
0,0.6504532694816589,1,False
0,1.0377764701843262,2,False
0,1.1103768348693848,1,False
0,1.1386244297027588,0,False
0,1.1089959144592285,1,False
0,0.658748209476471,1,False
0,1.0590606927871704,0,False
0,0.3452146649360657,2,False
0,0.8197210431098938,2,False
0,1.1204519271850586,1,False
0,1.1200647354125977,1,False
0,0.46498599648475647,0,False
0,1.029289960861206,0,False
0,3.2382476329803467,1,False
0,0.9869136810302734,0,False
0,0.6544506549835205,1,False
0,0.4046204686164856,2,False
0,2.1085927486419678,2,False
0,2.072584629058838,2,False
0,2.104325771331787,2,False
0,0.6496974229812622,1,False
0,0.7088766098022461,0,False
0,3.238264799118042,1,False
0,1.1119006872177124,1,False
0,1.0385090112686157,0,False
0,0.998044490814209,0,False
0,0.9631679654121399,0,False
0,1.0571346282958984,0,False
0,0.65704345703125,1,False
0,0.6554019451141357,1,False
0,0.49758708477020264,2,False
0,1.0280795097351074,0,False
0,2.3514277935028076,2,False
0,2.103707790374756,2,False
0,0.9967976212501526,0,False
0,1.0446566343307495,0,False
0,1.5314112901687622,1,False
0,0.8350642919540405,0,False
0,0.34976285696029663,2,False
0,1.4649986028671265,1,False
0,4.28084135055542,1,False
0,1.928983211517334,0,False
0,1.1191540956497192,1,False
0,1.039543867111206,2,False
0,1.2616205215454102,2,False
0,1.1193698644638062,1,False
0,1.1065948009490967,1,False
0,0.7107298970222473,0,False
0,1.1228859424591064,1,False
0,0.6584169864654541,1,False
0,0.49045369029045105,2,False
0,1.029414415359497,0,False
0,4.190313816070557,1,False
0,2.102889060974121,2,False
0,0.6476650238037109,1,False
0,1.1195335388183594,1,False
0,0.7339597940444946,1,False
0,0.3962198495864868,2,False
0,3.208406448364258,2,False
0,0.504025399684906,2,False
0,2.3721470832824707,2,False
0,0.6789076328277588,1,False
0,1.0518311262130737,0,False
0,1.7095816135406494,0,False
0,2.047412872314453,2,False
0,1.1181397438049316,1,False
0,0.9908955693244934,0,False
0,2.035184621810913,2,False
0,1.3131310939788818,1,False
0,0.34472984075546265,2,False
0,2.1013214588165283,2,False
0,2.1074228286743164,2,False
0,1.1096824407577515,1,False
0,2.10247540473938,2,False
0,1.1445729732513428,2,False
0,1.1187894344329834,1,False
0,1.8108699321746826,0,False
0,1.1209841966629028,1,False
0,0.9897105693817139,0,False
0,0.3688998222351074,2,False
0,0.6754317283630371,2,False
0,3.3355305194854736,2,False
0,0.9902904629707336,0,False
0,0.6636984348297119,1,False
0,0.3446834683418274,2,False
0,1.2517951726913452,2,False
0,0.296508252620697,2,False
0,1.0412765741348267,2,False
0,0.9730333685874939,0,False
0,0.6427080035209656,2,False
0,0.9916147589683533,0,False
0,1.128903865814209,0,False
0,2.1030783653259277,2,False
0,1.0070770978927612,0,False
0,0.6641495227813721,1,False
0,0.6595711708068848,1,False
0,0.7496554851531982,1,False
0,1.1361844539642334,0,False
0,0.9161343574523926,0,False
0,0.6605807542800903,2,False
0,2.1035666465759277,2,False
0,1.0537021160125732,0,False
0,0.6683096885681152,2,False
0,1.0517338514328003,2,False
0,1.0390992164611816,0,False
0,0.6616619825363159,1,False
0,1.096269130706787,0,False
0,1.0009372234344482,0,False
0,1.0391510725021362,2,False
0,0.788759708404541,0,False
0,1.4648869037628174,1,False
0,1.0458916425704956,0,False
0,1.0541658401489258,0,False
0,1.1158106327056885,1,False
0,1.529666781425476,1,False
0,0.6547697186470032,1,False
0,0.5419186949729919,2,False
0,1.5359352827072144,1,False
0,1.1154155731201172,1,False
0,1.0027302503585815,0,False
0,0.6511970162391663,1,False
0,1.0272945165634155,0,False
0,3.1162219047546387,2,False
0,0.9773848652839661,0,False
0,1.8120981454849243,0,False
0,0.9824638962745667,0,False
0,0.9922676086425781,0,False
0,1.1125801801681519,1,False
0,0.8089315891265869,2,False
0,1.045214295387268,0,False
0,2.102749824523926,2,False
0,0.8934682011604309,2,False
0,0.467639684677124,0,False
0,1.5119050741195679,0,False
0,0.9768208861351013,0,False
0,0.49258461594581604,2,False
0,1.1080684661865234,1,False
0,1.0407845973968506,0,False
0,1.1234641075134277,1,False
0,2.5728302001953125,0,False
0,2.102095603942871,2,False
0,1.1512175798416138,0,False
0,1.0006599426269531,0,False
0,1.7283592224121094,0,False
0,1.1229603290557861,1,False
0,1.0920560359954834,2,False
0,0.8524784445762634,2,False
0,1.1205461025238037,1,False
0,1.1144306659698486,1,False
0,0.48209476470947266,2,False
0,1.020979642868042,0,False
0,0.6918396353721619,1,False
0,0.9430139660835266,2,False
0,2.273411750793457,1,False
0,1.0030314922332764,0,False
0,1.5360232591629028,1,False
0,0.6528339385986328,1,False
0,0.9898486733436584,0,False
0,1.1270824670791626,1,False
0,1.1137959957122803,1,False
0,0.6540378332138062,1,False
0,1.2519316673278809,2,False
0,1.1117658615112305,1,False
0,0.3187503516674042,2,False
0,1.0567185878753662,0,False
0,1.2511612176895142,2,False
0,0.49941760301589966,2,False
0,0.9662153124809265,0,False
0,2.590346574783325,1,False
0,1.5104806423187256,0,False
0,0.9945911765098572,0,False
0,2.939727306365967,2,False
0,1.1117973327636719,1,False
0,0.5371444225311279,2,False
0,1.0249871015548706,0,False
0,1.1194162368774414,1,False
0,0.49465712904930115,2,False
0,0.989590585231781,0,False
0,0.8348777294158936,0,False
0,1.006577730178833,0,False
0,1.0292234420776367,0,False
0,1.5310742855072021,1,False
0,0.6515810489654541,1,False
0,0.9914184808731079,0,False
0,1.1137986183166504,1,False
0,0.9881675839424133,0,False
0,0.8499769568443298,2,False
0,1.048516035079956,2,False
0,0.6497650146484375,1,False
0,3.132030963897705,2,False
0,1.047844648361206,0,False
