worker_id,loss,class
2,8.74985122680664,5
1,8.557517051696777,7
0,8.30600357055664,8
3,6.887350559234619,0
2,6.752302646636963,2
3,7.4441351890563965,9
0,8.08953857421875,3
1,11.413738250732422,1
3,8.08953857421875,3
1,6.33738899230957,4
0,6.712040901184082,6
2,7.444134712219238,9
2,8.306002616882324,8
1,6.712040901184082,6
3,11.413738250732422,1
0,6.7523040771484375,2
2,6.739412307739258,0
1,8.549341201782227,7
3,8.753658294677734,5
0,6.603769779205322,4
1,6.739411354064941,0
0,8.087959289550781,3
3,8.753658294677734,5
2,6.603769302368164,4
2,11.407707214355469,1
3,6.748544692993164,2
1,8.54907512664795,7
0,8.29977035522461,8
1,7.393985748291016,9
2,11.331244468688965,1
3,6.709853172302246,6
0,7.393985271453857,9
1,8.29759407043457,8
3,8.791702270507812,5
0,8.544282913208008,7
2,6.520318984985352,4
1,6.726444244384766,0
2,6.7283830642700195,2
3,8.083184242248535,3
0,6.7073211669921875,6
2,8.138355255126953,3
1,8.782747268676758,5
0,8.291719436645508,8
3,7.382404327392578,9
1,6.7220072746276855,0
0,8.53342056274414,7
3,6.70683479309082,6
2,11.317766189575195,1
1,6.72786808013916,2
0,8.527888298034668,7
3,6.51672887802124,4
2,6.51672887802124,4
1,6.728731155395508,2
2,6.696197986602783,6
0,8.290597915649414,8
3,7.3596696853637695,9
1,8.089737892150879,3
0,6.718355178833008,0
3,11.334699630737305,1
2,8.77223014831543,5
3,6.726363182067871,2
1,6.696197986602783,6
0,6.717095851898193,0
2,8.517387390136719,7
0,8.760957717895508,5
1,8.135307312011719,3
2,11.322031021118164,1
3,8.279239654541016,8
1,6.719761848449707,2
2,7.347521781921387,9
3,6.500527381896973,4
0,8.507261276245117,7
1,8.134464263916016,3
0,6.686466217041016,6
3,6.679113388061523,0
2,7.347522258758545,9
1,11.314141273498535,1
3,8.27827262878418,8
0,8.754117965698242,5
2,6.502907752990723,4
2,6.721322059631348,2
0,11.307655334472656,1
3,8.743642807006836,5
1,8.478389739990234,7
1,7.0372467041015625,9
3,6.664133071899414,6
0,6.497308731079102,4
2,8.08027458190918,3
2,6.674158096313477,0
3,8.275053024291992,8
0,6.7227911949157715,2
1,8.477764129638672,7
2,11.278753280639648,1
0,6.486997604370117,4
3,8.065316200256348,3
1,6.989348411560059,9
1,8.249116897583008,8
3,6.645047187805176,6
0,6.4764909744262695,0
2,8.700835227966309,5
2,6.989706993103027,9
1,6.7017107009887695,2
3,6.639423847198486,6
0,11.273530960083008,1
3,8.232141494750977,8
2,8.425374031066895,5
1,8.046995162963867,3
0,6.488231658935547,4
0,6.458846092224121,0
1,6.458846092224121,0
2,8.404882431030273,7
3,8.404881477355957,7
0,8.425374031066895,5
1,8.046996116638184,3
2,6.488232135772705,4
3,8.232141494750977,8
2,6.61436653137207,6
3,6.876020431518555,9
0,6.659585952758789,2
1,11.394869804382324,1
2,6.610234260559082,6
0,8.208106994628906,8
1,8.034340858459473,3
3,6.81265926361084,9
0,11.392507553100586,1
2,8.414351463317871,5
1,6.46369743347168,4
3,8.811840057373047,7
0,6.451472282409668,0
1,8.181757926940918,8
3,7.295197486877441,2
2,6.422231674194336,4
1,8.02005672454834,3
3,8.777165412902832,7
0,6.889786720275879,9
2,8.414968490600586,5
2,6.598719596862793,6
0,7.295197486877441,2
1,6.449227333068848,0
3,11.38161849975586,1
1,6.872800827026367,9
2,8.402414321899414,5
3,11.372934341430664,1
0,7.280770301818848,2
1,8.127861022949219,8
0,6.552128791809082,6
3,6.370781898498535,4
2,8.457254409790039,3
0,6.43794059753418,0
1,11.37293529510498,1
2,8.739828109741211,7
3,8.457255363464355,3
2,8.381007194519043,5
0,8.726324081420898,7
3,8.100062370300293,8
1,6.823793411254883,9
1,7.268932342529297,2
2,6.534469127655029,6
0,6.350202560424805,4
3,6.424108505249023,0
1,6.3262858390808105,4
2,11.362205505371094,1
0,8.381010055541992,5
3,6.800448417663574,9
2,8.088955879211426,8
3,8.414506912231445,3
0,6.51349401473999,6
1,8.672887802124023,7
1,6.410761833190918,0
2,7.255665302276611,2
0,6.410761833190918,0
3,9.046056747436523,7
1,6.905018329620361,9
3,7.255665302276611,2
2,8.854909896850586,8
0,6.299293518066406,4
1,8.40739631652832,3
2,6.501628875732422,6
3,8.356432914733887,5
0,11.35118293762207,1
1,6.397054195404053,0
2,8.395094871520996,3
0,6.27457857131958,4
3,11.348627090454102,1
0,7.244652271270752,2
3,8.335783004760742,5
2,6.481057167053223,6
1,6.852272033691406,9
3,8.994288444519043,7
0,11.348627090454102,1
2,8.994288444519043,7
1,8.836944580078125,8
0,8.332115173339844,5
1,8.831464767456055,8
3,8.388883590698242,3
2,7.234971523284912,2
1,6.377573490142822,0
0,6.762040138244629,9
2,6.455371856689453,6
3,6.136967182159424,4
0,8.499716758728027,3
3,6.762040138244629,9
1,11.275659561157227,1
2,6.136967182159424,4
0,8.928160667419434,8
2,6.377573490142822,0
3,8.477380752563477,5
1,8.406246185302734,7
0,6.437759876251221,6
2,8.47042465209961,5
3,7.295546054840088,2
1,7.295546054840088,2
2,11.255953788757324,1
0,8.476251602172852,3
1,6.100013732910156,4
3,6.664463043212891,9
2,8.913955688476562,8
0,6.576460838317871,6
3,6.356941223144531,0
1,8.297700881958008,7
2,6.624406337738037,9
1,6.357717514038086,0
0,8.298033714294434,7
3,6.098058223724365,4
2,7.284512996673584,2
1,6.543366432189941,6
0,8.707637786865234,8
3,11.202553749084473,1
1,6.543247222900391,6
2,8.43156909942627,5
3,8.451883316040039,3
0,8.451883316040039,3
1,7.282841682434082,2
3,6.330007076263428,0
0,8.707637786865234,8
2,6.046927452087402,4
2,11.202554702758789,1
3,6.5271501541137695,9
0,7.437926292419434,7
1,8.43156909942627,5
2,8.431365966796875,8
0,6.048130035400391,4
3,5.9966888427734375,0
1,8.428863525390625,5
1,8.424110412597656,3
3,11.159756660461426,1
2,7.2130560874938965,7
0,6.515933513641357,6
2,8.428863525390625,5
0,7.181852340698242,2
3,6.479364395141602,9
1,7.181852340698242,2
1,6.480148792266846,9
2,11.14993953704834,1
3,7.208843231201172,7
0,8.425019264221191,8
0,5.967026710510254,0
2,8.383021354675293,3
1,6.048076629638672,4
3,6.495641708374023,6
0,8.383021354675293,3
1,5.967026710510254,0
3,8.434215545654297,5
2,7.150008201599121,2
2,6.048076152801514,4
3,6.488625526428223,6
1,6.36592960357666,9
0,8.31596851348877,1
0,7.428651332855225,8
1,7.428651332855225,8
2,7.126034259796143,7
3,7.126033782958984,7
0,8.34471321105957,3
2,8.43869686126709,5
3,6.474955081939697,6
1,6.0294952392578125,4
0,6.28318977355957,9
3,5.931958198547363,0
1,7.111417293548584,2
2,8.272640228271484,1
2,6.283189296722412,9
1,6.468326568603516,6
0,7.104131698608398,2
3,8.433963775634766,5
0,7.400435447692871,8
2,8.228675842285156,1
1,8.30019760131836,3
3,6.036858081817627,4
0,7.400435924530029,8
2,6.201944351196289,9
3,5.84434175491333,0
1,7.0847320556640625,7
1,8.443063735961914,5
3,8.219779014587402,1
0,6.038041114807129,4
2,7.082089900970459,7
3,6.898454666137695,2
1,6.487997055053711,6
2,7.885836601257324,3
0,5.812222957611084,0
0,10.223381042480469,5
1,7.885628700256348,3
2,8.753572463989258,1
3,7.016968727111816,8
0,6.475766658782959,6
2,7.200249195098877,7
3,6.8810906410217285,2
1,5.786778450012207,9
1,5.858403205871582,0
2,8.59164047241211,1
3,7.85773229598999,3
0,7.233371734619141,4
1,7.233371734619141,4
2,6.49892520904541,6
0,7.105804443359375,7
3,6.882969856262207,2
2,6.8955488204956055,8
3,5.834327697753906,0
1,6.120336532592773,9
0,9.957456588745117,5
0,7.075295925140381,8
2,6.476546287536621,6
1,7.727231025695801,3
3,8.521404266357422,1
1,6.098097801208496,9
0,7.151941299438477,7
3,9.96452522277832,5
2,6.759457588195801,2
3,8.521404266357422,1
1,6.476546287536621,6
2,5.828995704650879,0
0,7.999126434326172,4
0,7.064755439758301,8
2,5.804450988769531,0
1,9.958181381225586,5
3,6.028557777404785,9
2,6.7387471199035645,2
1,7.704313278198242,3
3,6.399726390838623,4
0,7.159560203552246,7
1,9.958181381225586,5
2,7.704313278198242,3
3,6.399726390838623,4
0,7.159560203552246,7
1,5.803414821624756,0
0,6.4601240158081055,6
2,8.458518981933594,1
3,6.030951499938965,9
2,6.7185893058776855,2
0,9.930801391601562,5
1,6.718589782714844,2
3,6.780237197875977,8
3,6.780237197875977,8
1,7.091421127319336,7
0,6.3736724853515625,4
2,7.676032066345215,3
3,5.194265842437744,0
1,6.4338226318359375,6
0,5.980680465698242,9
2,8.427574157714844,1
3,6.7017693519592285,2
1,8.398645401000977,1
0,6.769978046417236,8
2,7.053432464599609,7
3,5.169632911682129,0
1,6.409549236297607,6
0,9.910444259643555,5
2,6.325011253356934,4
2,7.669944763183594,3
1,5.908866882324219,9
3,5.908866882324219,9
0,5.169619560241699,0
3,6.760688781738281,8
1,6.310675621032715,6
2,8.376848220825195,1
0,6.288440227508545,4
1,6.682436943054199,2
0,7.022180557250977,7
3,9.881092071533203,5
2,7.646334171295166,3
1,6.310675621032715,6
2,6.682436943054199,2
3,7.022180080413818,7
0,8.376848220825195,1
0,6.748818874359131,8
3,7.647494792938232,3
1,6.277980804443359,4
2,5.134307861328125,0
0,9.85450553894043,5
1,7.641317844390869,3
3,6.257883071899414,4
2,5.818586826324463,9
1,5.818586826324463,9
0,6.286408424377441,6
3,6.930172443389893,7
2,6.658825397491455,2
2,5.127776622772217,0
1,9.849337577819824,5
3,6.742669105529785,8
0,8.35110092163086,1
2,5.107327938079834,0
1,9.838675498962402,5
0,8.32560920715332,1
3,6.641751289367676,2
0,6.568198204040527,6
2,6.893853187561035,7
3,7.614434242248535,3
1,5.763944625854492,9
1,6.244413375854492,4
3,7.607397079467773,3
0,6.730252265930176,8
2,8.319599151611328,1
1,6.232378959655762,4
3,9.816186904907227,5
2,5.1005859375,0
0,6.6259870529174805,2
1,6.747311592102051,8
2,6.160572528839111,6
0,6.842508316040039,7
3,5.701050758361816,9
2,8.26141357421875,1
1,6.619255065917969,2
0,7.583826065063477,3
3,5.702569961547852,9
1,6.7331953048706055,8
0,6.209715843200684,4
2,6.1434831619262695,6
3,9.886999130249023,5
1,5.3958845138549805,0
2,5.3958845138549805,0
0,7.564102649688721,3
3,6.791234493255615,7
2,6.608877182006836,2
1,5.637172222137451,9
0,9.874519348144531,5
3,6.205488204956055,4
0,6.719486236572266,8
2,6.118722915649414,6
3,6.6405029296875,1
1,6.815235137939453,7
1,9.797897338867188,5
0,7.449540138244629,3
2,6.118721961975098,6
3,6.170116901397705,4
3,6.592400074005127,2
0,6.719435691833496,8
2,6.640439987182617,1
1,6.816281318664551,7
1,6.329815864562988,0
2,5.718792915344238,9
0,5.7187933921813965,9
3,6.134039402008057,4
2,6.329815864562988,0
0,6.575946807861328,2
1,9.76433277130127,5
3,7.420685768127441,3
1,6.7024312019348145,8
3,6.124232292175293,6
0,6.848854064941406,7
2,6.632484436035156,1
2,6.329815864562988,0
1,7.420642852783203,3
0,6.6324310302734375,1
3,5.720677852630615,9
2,6.935825347900391,7
1,6.543035984039307,2
0,9.732112884521484,5
3,6.100390434265137,6
1,6.764689922332764,8
2,7.395247459411621,3
3,6.196639060974121,4
0,6.764689922332764,8
2,6.53709602355957,2
1,6.094705104827881,6
0,6.620999336242676,1
3,6.935723304748535,7
0,6.256664276123047,0
2,6.083488464355469,4
3,5.143276691436768,9
1,9.689718246459961,5
2,6.526907444000244,2
0,6.0834879875183105,4
3,6.741679668426514,8
1,6.61998176574707,1
1,7.369536399841309,3
3,6.256661891937256,0
2,9.689718246459961,5
0,6.558388710021973,6
2,5.106607913970947,9
3,6.848247528076172,7
1,5.120331764221191,9
0,6.848247528076172,7
1,6.732378959655762,8
3,6.546053886413574,6
0,9.657207489013672,5
2,6.510734558105469,2
1,6.047585487365723,4
0,7.349659442901611,3
2,6.602149963378906,1
3,6.226618766784668,0
3,6.592198848724365,1
0,6.714485168457031,8
2,5.089591026306152,9
1,6.038127899169922,4
0,9.63033390045166,5
2,6.81965970993042,7
1,6.198678970336914,0
3,6.488595008850098,2
1,5.066376686096191,9
2,7.328390121459961,3
3,6.535820960998535,6
0,6.021140098571777,4
1,6.703802108764648,8
2,7.328391075134277,3
3,6.1986799240112305,0
0,6.488594055175781,2
3,6.580145359039307,1
1,6.794620990753174,7
0,9.604402542114258,5
2,6.524473190307617,6
0,7.3011579513549805,3
2,5.032657623291016,9
1,6.470212936401367,2
3,6.6731977462768555,8
1,9.601678848266602,5
3,6.0538716316223145,4
0,6.580549716949463,1
2,6.794111728668213,7
2,6.162803649902344,0
1,6.516471862792969,6
3,6.516472339630127,6
0,5.035006046295166,9
1,6.140329837799072,0
0,9.573481559753418,5
2,6.428344249725342,2
3,6.644190788269043,8
3,6.57045841217041,1
1,7.275633335113525,3
0,6.768619060516357,7
2,6.025691986083984,4
2,6.644189834594727,8
0,6.140329360961914,0
3,6.512787818908691,6
1,6.025691986083984,4
3,9.634803771972656,5
0,6.603654861450195,1
1,5.007890701293945,9
2,6.739893913269043,7
1,6.139575958251953,0
0,7.2855143547058105,3
2,6.276352882385254,2
3,5.007890701293945,9
1,9.634803771972656,5
2,6.4946465492248535,6
3,6.039083480834961,4
0,7.2855143547058105,3
1,6.644979000091553,8
2,6.26207160949707,2
3,6.7106733322143555,7
0,6.5952653884887695,1
1,6.704326629638672,7
0,6.008903503417969,4
2,6.6366496086120605,8
3,7.215415954589844,3
2,9.58909797668457,5
1,4.957379341125488,9
0,6.262823581695557,2
3,6.727498531341553,1
1,6.355670928955078,6
2,9.563850402832031,5
0,4.943938732147217,9
3,6.084700107574463,0
0,6.351535797119141,6
3,7.28790283203125,3
1,6.116703033447266,4
2,6.672080993652344,7
2,6.60373067855835,8
1,6.064648151397705,0
0,6.244574546813965,2
3,6.722488880157471,1
2,6.080879211425781,0
0,6.340980529785156,6
3,7.263615608215332,3
1,4.89000940322876,9
1,6.566684722900391,8
0,9.465437889099121,5
3,6.371189594268799,7
2,6.23225212097168,2
1,6.712085247039795,1
0,7.262996673583984,3
2,6.070498943328857,4
3,4.8897199630737305,9
3,6.530139446258545,8
2,6.701677322387695,1
0,6.368491172790527,6
1,6.0378313064575195,4
1,9.380033493041992,5
0,6.0391154289245605,0
3,6.330113410949707,7
2,6.219081401824951,2
2,6.370054244995117,6
0,9.380033493041992,5
3,6.330113410949707,7
1,6.024553298950195,4
1,6.693739891052246,1
0,6.2053680419921875,2
3,4.809296607971191,9
2,6.006140232086182,0
2,6.502828598022461,8
1,7.219017028808594,3
0,6.371634483337402,6
3,9.336684226989746,5
2,6.691987991333008,1
1,6.390786170959473,7
0,4.796450614929199,9
3,6.587985038757324,0
1,6.189631462097168,2
2,6.477997779846191,8
0,7.197055816650391,3
3,5.983602523803711,4
1,9.302885055541992,5
0,6.552798748016357,0
3,6.722477912902832,1
2,6.355589866638184,7
2,6.456305503845215,8
1,6.361085891723633,6
0,4.803567886352539,9
3,6.001324653625488,4
0,6.353641510009766,6
1,6.182696342468262,2
2,6.001311779022217,4
3,7.185582637786865,3
1,6.519684791564941,0
0,7.172110557556152,3
2,6.177675247192383,2
3,6.425116539001465,8
3,6.712924003601074,1
1,6.313455581665039,7
2,4.761532783508301,9
0,9.265798568725586,5
0,6.177176475524902,2
2,6.519538402557373,0
1,9.259695053100586,5
3,6.706432342529297,1
2,6.239010334014893,6
0,6.272491455078125,7
1,5.934658050537109,4
3,6.428075790405273,8
1,6.814512252807617,0
2,7.152684211730957,3
0,6.238900184631348,6
3,4.715118408203125,9
2,6.428074836730957,8
0,9.2235107421875,5
1,5.936598777770996,4
3,4.715118408203125,9
1,7.133217811584473,3
0,6.240995407104492,7
2,6.736886978149414,1
3,6.105063438415527,2
0,6.753289699554443,8
2,9.188043594360352,5
1,6.7792181968688965,0
3,7.132168292999268,3
1,6.736114501953125,1
2,6.227405548095703,6
0,6.105063438415527,2
3,5.9036478996276855,4
0,6.75329065322876,8
1,6.23373556137085,7
2,6.227405548095703,6
3,4.6760993003845215,9
2,6.745120048522949,0
1,4.595842361450195,9
3,6.132241249084473,7
0,6.087258815765381,2
1,6.7184600830078125,1
2,5.879254341125488,4
0,9.15218734741211,5
3,7.104312896728516,3
0,6.132241249084473,7
2,6.216826915740967,6
1,5.879254341125488,4
3,9.152188301086426,5
0,6.661118507385254,8
1,6.713514804840088,0
3,7.076615333557129,3
2,4.56644868850708,9
3,6.690553665161133,1
2,6.078197479248047,2
0,6.37494421005249,0
1,4.555091857910156,9
2,6.690553188323975,1
3,5.833414554595947,4
1,6.078103065490723,2
0,6.064128875732422,7
1,7.022580623626709,3
2,6.649502754211426,8
0,6.202740669250488,6
3,9.086623191833496,5
2,9.03558349609375,5
3,6.996754169464111,3
0,6.0684685707092285,2
1,5.800564765930176,4
2,6.668599605560303,1
1,6.020758628845215,7
0,6.191910266876221,6
3,4.50847864151001,9
2,6.191910743713379,6
1,9.03555965423584,5
3,6.6121392250061035,8
0,6.345475673675537,0
1,6.067694187164307,2
0,6.996409893035889,3
3,6.663337707519531,1
2,6.017585754394531,7
2,6.574854373931885,8
3,6.6233415603637695,0
1,4.462437629699707,9
0,5.766180992126465,4
1,8.99553108215332,5
0,6.94195556640625,3
3,5.966231822967529,7
2,4.462160110473633,9
1,6.623226165771484,0
3,6.16771936416626,6
2,5.707721710205078,4
0,6.655025959014893,1
3,6.632548809051514,1
0,6.078479766845703,2
2,6.545931816101074,8
1,6.919775009155273,3
2,6.5457353591918945,8
1,5.923700332641602,7
0,6.588347434997559,0
3,6.077850818634033,2
2,8.949390411376953,5
1,6.156340599060059,6
3,5.680546283721924,4
0,4.424405097961426,9
0,6.605461597442627,1
3,6.140494346618652,6
1,6.551616668701172,0
2,7.136059761047363,3
1,6.0570173263549805,2
0,8.903183937072754,5
2,6.513803482055664,8
3,5.955999374389648,7
2,6.8921637535095215,3
1,5.635488510131836,4
0,4.4381022453308105,9
3,4.4381022453308105,9
1,8.837383270263672,5
3,6.518601417541504,0
0,5.92043399810791,7
2,6.527902603149414,8
1,6.577349662780762,1
3,6.045856475830078,2
2,5.613739013671875,4
0,6.125621795654297,6
2,5.612192153930664,4
0,6.125669479370117,6
3,8.826300621032715,5
1,4.406505584716797,9
0,6.554422378540039,1
2,5.878562927246094,7
3,6.4984331130981445,8
1,6.484612464904785,0
0,6.554422378540039,1
2,7.081597805023193,3
1,6.029376983642578,2
3,5.878562927246094,7
1,6.484417915344238,0
0,4.3703413009643555,9
2,5.590569496154785,4
3,7.075183868408203,3
0,6.477033615112305,8
2,6.103020668029785,6
1,8.754611015319824,5
3,5.968341827392578,2
1,6.103020668029785,6
2,6.529183864593506,1
3,5.834927082061768,7
0,5.562265872955322,4
0,6.54547643661499,0
2,8.750120162963867,5
1,4.332293510437012,9
3,5.9871721267700195,2
2,7.034779071807861,3
0,6.456583023071289,8
3,7.034778118133545,3
1,4.277716636657715,9
1,6.089941024780273,6
2,5.774576663970947,7
0,5.434414386749268,4
3,6.499614238739014,0
3,8.700154304504395,5
2,6.456583023071289,8
0,6.494440078735352,1
1,5.998382568359375,2
1,6.447010517120361,0
2,6.0755696296691895,6
0,5.399219512939453,4
3,6.428156852722168,2
1,8.644979476928711,5
3,5.718019008636475,7
0,4.2296366691589355,9
2,7.012211799621582,3
2,6.440453052520752,8
1,6.44045352935791,8
0,6.459926605224609,1
3,4.2296366691589355,9
3,5.3671464920043945,4
1,6.053744316101074,6
0,6.390303134918213,0
2,5.6649980545043945,7
3,6.4193806648254395,1
2,6.986441612243652,3
0,6.4262800216674805,2
1,8.58775520324707,5
0,6.390311241149902,0
2,5.338003158569336,4
1,5.665291786193848,7
3,6.986440658569336,3
3,8.53123664855957,5
0,4.160919189453125,9
1,6.379627227783203,1
2,6.403776168823242,8
1,6.426549911499023,2
0,8.531183242797852,5
3,6.379627227783203,1
2,6.032124042510986,6
2,6.403677940368652,8
1,6.426549911499023,2
0,6.3389387130737305,0
3,5.310305595397949,4
3,4.136202812194824,9
0,6.005789756774902,6
1,6.935941219329834,3
2,5.5898966789245605,7
3,5.231184959411621,4
0,6.935941219329834,3
2,6.129007816314697,1
1,4.136160850524902,9
1,6.370732307434082,8
2,8.468751907348633,5
3,5.993171691894531,6
0,6.275390625,0
0,6.42535400390625,2
1,5.559076309204102,7
3,6.9113359451293945,3
2,5.982478141784668,6
3,8.430421829223633,5
1,6.240084648132324,0
0,6.424907684326172,2
2,5.208223819732666,4
0,6.35357666015625,8
3,6.0769453048706055,1
1,4.119359016418457,9
2,5.557118892669678,7
0,5.958542823791504,6
2,6.427794456481934,2
3,8.375208854675293,5
1,5.5298261642456055,7
1,6.350630283355713,8
0,6.0467939376831055,1
2,6.887025356292725,3
3,4.096236705780029,9
2,6.159820556640625,0
3,5.141812324523926,4
0,6.159820556640625,0
1,5.145171165466309,4
1,6.862509727478027,3
2,6.324718952178955,8
0,5.93599796295166,6
3,8.323734283447266,5
0,6.420438766479492,2
1,4.081320285797119,9
3,5.503396987915039,7
2,6.007086753845215,1
0,6.298976898193359,8
2,5.945488929748535,0
3,5.480378150939941,7
1,4.209148406982422,9
3,6.871527671813965,3
1,6.416811466217041,2
2,8.279020309448242,5
0,5.116765022277832,4
2,6.298977375030518,8
1,5.897130966186523,6
0,5.897130489349365,6
3,5.970693588256836,1
0,5.933257102966309,1
2,6.849118232727051,3
1,6.419214248657227,2
3,5.092327117919922,4
1,5.4569315910339355,7
2,5.923513889312744,0
3,8.229268074035645,5
0,4.1964874267578125,9
1,5.933257102966309,1
0,5.886342525482178,6
3,8.229267120361328,5
2,5.041378021240234,4
1,6.832839012145996,3
2,4.175023555755615,9
3,5.899989128112793,0
0,6.257857322692871,8
3,6.832758903503418,3
1,5.865456581115723,6
2,6.420899868011475,2
0,5.420528411865234,7
1,5.899866104125977,0
2,5.9062042236328125,1
3,4.174659252166748,9
0,6.420900344848633,2
0,4.990494251251221,4
3,6.178565979003906,8
1,5.391909599304199,7
2,8.146717071533203,5
0,4.990494251251221,4
1,8.146726608276367,5
3,6.178394794464111,8
2,5.876324653625488,0
0,6.800182819366455,3
1,5.862117767333984,1
2,4.164224147796631,9
3,5.388420581817627,7
0,5.85595178604126,0
1,8.108097076416016,5
3,6.410536766052246,2
2,5.823333263397217,6
3,6.163290977478027,8
0,5.846763610839844,1
2,4.150326728820801,9
1,5.823333740234375,6
2,6.776026725769043,3
1,6.395590305328369,2
0,4.969381809234619,4
3,5.366288185119629,7
2,6.400586128234863,2
1,5.816320419311523,1
3,5.353036880493164,7
0,8.073787689208984,5
1,6.144552230834961,8
3,6.761032581329346,3
0,4.143357276916504,9
2,5.838526725769043,0
2,4.948747158050537,4
0,5.758316516876221,6
3,5.758316993713379,6
1,6.386890411376953,2
1,5.789661407470703,1
2,8.033548355102539,5
3,6.733936309814453,3
0,4.930206298828125,4
3,4.021604061126709,9
0,5.818671703338623,0
1,6.1295270919799805,8
2,5.329965114593506,7
2,6.714682579040527,3
0,8.004152297973633,5
3,5.803001403808594,0
1,4.92817497253418,4
3,5.765088081359863,6
2,6.1205596923828125,8
1,4.001927375793457,9
0,5.771556854248047,1
0,6.412807941436768,2
1,6.707663536071777,3
2,4.9267778396606445,4
3,5.2953948974609375,7
1,5.78612756729126,0
2,7.96921443939209,5
3,4.363949298858643,9
0,6.115135192871094,8
3,5.756966590881348,6
0,6.409550666809082,2
2,5.75559139251709,1
1,5.264101028442383,7
3,7.968141555786133,5
1,5.260952949523926,7
0,4.3648810386657715,9
2,5.782289505004883,0
2,5.74152135848999,1
1,6.110385417938232,8
3,4.870832920074463,4
0,6.682040214538574,3
1,5.748150825500488,6
0,6.406225681304932,2
2,5.232144355773926,7
3,4.870505332946777,4
2,5.716587066650391,1
1,7.902531147003174,5
3,6.660500526428223,3
0,5.746049880981445,0
3,6.102145195007324,8
0,4.324456214904785,9
1,5.733076095581055,6
2,6.395306587219238,2
2,6.6605000495910645,3
1,5.716587066650391,1
0,6.088644981384277,8
3,6.381749629974365,2
0,5.719980239868164,6
1,5.184706687927246,7
2,4.828206539154053,4
3,7.859352111816406,5
2,6.068605899810791,8
3,4.16575813293457,9
1,4.16575813293457,9
0,5.728302478790283,0
3,5.717609882354736,0
1,7.850165367126465,5
0,6.369521141052246,2
2,4.827869892120361,4
0,6.6075310707092285,3
1,5.171948432922363,7
2,5.706867218017578,6
3,5.660369396209717,1
0,6.06307315826416,8
2,5.706867218017578,6
3,7.81905460357666,5
1,4.815183639526367,4
3,6.357516765594482,2
0,6.583304405212402,3
1,5.163232803344727,7
2,4.164792060852051,9
2,5.631349563598633,1
1,4.1674323081970215,9
0,6.357400894165039,2
3,5.700011253356934,0
2,6.026594161987305,8
3,6.568016052246094,3
0,4.800333023071289,4
1,5.1608357429504395,7
1,5.684569358825684,6
0,5.606006145477295,1
3,8.143744468688965,5
2,5.685795307159424,0
0,5.606006145477295,1
1,6.3442301750183105,2
2,6.019769668579102,8
3,5.685803413391113,0
1,6.530708312988281,3
2,4.774402618408203,4
3,8.111685752868652,5
0,5.6756463050842285,6
2,5.999293327331543,8
1,4.48750114440918,4
0,4.195237636566162,9
3,5.205855846405029,7
3,6.318565368652344,2
1,5.665106296539307,0
2,5.665614128112793,6
0,8.106029510498047,5
3,6.502488136291504,3
2,5.189927101135254,7
1,4.187607765197754,9
0,5.554958820343018,1
0,5.982355117797852,8
3,6.318151473999023,2
1,5.6715898513793945,6
2,4.187607765197754,9
0,5.541143417358398,1
1,5.187669277191162,7
3,4.377798080444336,4
2,8.167810440063477,5
1,5.651727199554443,0
0,5.651727199554443,0
2,6.143688678741455,3
3,6.305222988128662,2
3,4.375046730041504,4
1,6.143688678741455,3
2,8.144384384155273,5
0,5.961639881134033,8
0,5.657013416290283,6
3,5.176314353942871,7
1,4.191407680511475,9
2,5.30934476852417,1
2,8.112926483154297,5
3,4.911116600036621,7
1,4.180983543395996,9
0,5.942802429199219,8
0,5.295314788818359,1
3,5.668689727783203,6
2,6.106224060058594,3
1,5.641299247741699,0
2,4.9085798263549805,7
1,4.360483169555664,4
3,5.657059669494629,6
0,6.281248569488525,2
1,5.634570598602295,0
2,6.071949005126953,3
3,5.106252670288086,1
0,5.9374895095825195,8
2,8.019865036010742,5
0,4.193905353546143,9
3,6.29080867767334,2
1,4.35807466506958,4
0,5.9232378005981445,8
1,5.659965515136719,6
2,8.013629913330078,5
3,4.909371376037598,7
2,5.08980131149292,1
1,5.629358291625977,0
3,6.034884452819824,3
0,4.354890823364258,4
1,4.21308708190918,9
0,6.288506984710693,2
2,4.21308708190918,9
3,4.920002460479736,7
2,5.921675682067871,8
3,6.034884452819824,3
0,5.629358768463135,0
1,5.089801788330078,1
0,5.685093879699707,6
1,4.351009368896484,4
3,7.955813407897949,5
2,6.28695011138916,2
1,6.284938812255859,2
3,7.955812454223633,5
2,4.2283759117126465,9
0,5.622398376464844,0
3,5.999344825744629,3
2,4.926152229309082,7
1,5.671759128570557,6
0,4.2950239181518555,4
1,5.060402870178223,1
0,5.863285541534424,8
3,5.060402870178223,1
2,4.245351314544678,9
0,5.966826915740967,3
2,5.687155723571777,6
1,4.293143272399902,4
3,6.267403602600098,2
1,5.863186359405518,8
2,5.612165927886963,0
0,4.933101177215576,7
3,7.924088478088379,5
1,5.048111915588379,1
3,4.247225761413574,9
0,4.9289093017578125,7
2,5.84015417098999,8
1,6.261203765869141,2
3,5.8170576095581055,0
2,4.33457088470459,4
0,5.682992935180664,6
2,7.553611755371094,5
1,5.840114116668701,8
0,6.068293571472168,3
3,4.33457088470459,4
1,5.0698323249816895,1
3,5.805780410766602,0
2,6.244121551513672,2
0,7.547464370727539,5
0,4.266627311706543,9
3,4.938657760620117,7
1,6.04497766494751,3
2,5.672269821166992,6
1,5.815816402435303,8
0,5.073063850402832,1
2,7.58539342880249,5
3,4.3278045654296875,4
2,5.6582441329956055,6
1,5.794430732727051,0
0,6.029453754425049,3
3,4.934577941894531,7
2,5.792130470275879,0
3,4.276589870452881,9
0,7.0224385261535645,2
1,7.0224385261535645,2
0,5.0610671043396,1
1,5.863558769226074,8
3,4.939147472381592,7
2,4.325395584106445,4
1,6.023001670837402,3
2,7.571694374084473,5
3,5.656343460083008,6
0,4.276785850524902,9
0,4.934088706970215,7
2,4.278391361236572,9
1,5.7798357009887695,0
3,6.992028713226318,2
2,6.002601623535156,3
1,5.052742958068848,1
3,5.64385986328125,6
0,4.316359043121338,4
2,4.9339213371276855,7
1,5.846610069274902,8
3,5.846610069274902,8
0,7.562316417694092,5
0,5.981663227081299,3
2,4.27956485748291,4
1,7.547546863555908,5
3,4.280461311340332,9
3,5.626436233520508,6
1,5.041865348815918,1
2,5.761919975280762,0
0,6.947000980377197,2
1,7.553391456604004,5
2,4.929434776306152,7
3,5.827835559844971,8
0,5.626542091369629,6
1,5.96157169342041,3
2,6.92684268951416,2
0,4.276261329650879,4
3,4.282655239105225,9
0,5.748178482055664,0
2,5.61248779296875,6
3,5.032805442810059,1
1,4.284801959991455,9
1,5.796689033508301,8
2,5.961580276489258,3
0,5.748171806335449,0
3,6.91987419128418,2
0,5.032805919647217,1
2,7.543361663818359,5
1,4.27216911315918,4
3,4.926031112670898,7
1,5.938697338104248,3
0,5.02327823638916,1
3,5.733747482299805,0
2,4.273060321807861,4
2,5.597641944885254,6
1,4.95054817199707,7
3,5.765312194824219,8
0,6.989050388336182,2
1,7.532960891723633,5
2,7.532960891723633,5
3,5.009162902832031,1
0,4.294300079345703,9
0,4.940036296844482,7
1,4.2861328125,9
2,5.917537212371826,3
3,5.741657733917236,8
2,5.585180759429932,6
0,4.268217086791992,4
3,5.718635559082031,0
1,6.963229179382324,2
0,5.708099842071533,0
2,4.260929584503174,4
1,7.528465270996094,5
3,4.291825771331787,9
3,6.381074905395508,2
0,4.933063507080078,7
2,5.57371711730957,6
1,5.209275722503662,1
1,5.856369972229004,8
2,5.209275722503662,1
3,5.889222145080566,3
0,4.933063507080078,7
0,5.889222145080566,3
2,6.381073951721191,2
3,5.856369972229004,8
1,4.289422988891602,9
1,4.352919101715088,4
0,5.703834056854248,0
2,7.491147994995117,5
3,5.572623252868652,6
2,5.845578193664551,8
1,5.572624206542969,6
3,5.200714111328125,1
0,4.940639495849609,7
2,5.679210662841797,3
0,5.70383358001709,0
3,7.491148471832275,5
1,4.352871417999268,4
2,5.666967868804932,3
1,6.346259117126465,2
3,4.314736843109131,9
0,4.938714981079102,7
0,5.693915367126465,0
1,7.46169900894165,5
2,4.688443183898926,4
3,4.308040618896484,9
2,6.1989850997924805,8
0,6.337490081787109,2
3,5.321022987365723,1
1,5.5669660568237305,6
1,6.337490081787109,2
2,6.198984146118164,8
0,4.308060169219971,9
3,5.566965579986572,6
1,5.235019207000732,1
2,4.916351318359375,7
0,5.687474250793457,0
3,4.681400299072266,4
2,5.6630024909973145,3
3,7.4337615966796875,5
1,4.690304279327393,4
0,5.026684761047363,7
0,6.207334041595459,8
1,5.6630024909973145,3
3,6.314312934875488,2
2,4.424018859863281,9
2,7.42282772064209,5
1,5.227939605712891,1
0,5.676821231842041,0
3,5.633721351623535,6
2,5.24031925201416,1
0,6.289023399353027,2
3,6.2155938148498535,8
1,4.701779365539551,4
1,5.518543243408203,6
0,6.024104595184326,3
2,5.688353538513184,0
3,7.405656814575195,5
1,5.678808212280273,0
3,4.44445276260376,9
2,4.444453239440918,9
0,5.028712272644043,7
0,6.258910179138184,2
1,7.3757004737854,5
2,5.2366132736206055,1
3,6.2247748374938965,8
2,6.007734775543213,3
3,5.612107753753662,6
0,4.688876152038574,4
1,5.044227123260498,7
0,5.6905717849731445,0
1,4.467844009399414,9
3,5.601408004760742,6
2,5.995757102966309,3
2,5.23625373840332,1
1,4.699002265930176,4
0,7.3551788330078125,5
3,5.046969413757324,7
1,5.997617721557617,3
0,7.3551788330078125,5
3,6.060507774353027,8
2,6.699085712432861,2
2,6.048156261444092,8
1,4.477348327636719,9
3,6.686685562133789,2
0,5.550257682800293,0
2,5.233190536499023,1
3,5.612951278686523,6
0,5.051248550415039,7
1,4.70686149597168,4
1,5.612951278686523,6
0,5.051248550415039,7
3,5.233190536499023,1
2,4.706861972808838,4
0,5.985533714294434,3
2,4.483493328094482,9
3,5.615006446838379,0
1,6.7838053703308105,2
2,6.11112117767334,8
1,6.2178192138671875,5
3,5.206591606140137,9
0,6.136270999908447,8
0,6.362281322479248,3
1,5.354465007781982,7
3,5.615947723388672,0
2,6.721000671386719,2
3,5.6349077224731445,1
2,6.217818737030029,5
0,4.7675580978393555,4
1,5.613796234130859,6
2,5.637845039367676,1
3,5.615862846374512,0
1,5.609364986419678,6
0,6.114704132080078,8
0,6.687740325927734,2
2,5.38005256652832,7
1,5.239992141723633,9
3,4.782021999359131,4
0,6.35216760635376,3
2,5.620242118835449,0
3,6.179028511047363,5
1,6.687740325927734,2
1,6.342208385467529,3
2,4.782508373260498,4
0,5.379616737365723,7
3,6.163235664367676,5
2,5.742386817932129,1
0,5.816430568695068,6
1,6.1572346687316895,8
3,5.271475791931152,9
1,6.549286365509033,3
2,4.751862525939941,4
3,5.816430568695068,6
0,5.7423858642578125,1
1,6.147515296936035,8
2,5.404971122741699,7
0,5.279105186462402,9
3,5.998706817626953,2
3,5.625570297241211,0
2,5.160893440246582,9
1,5.3187994956970215,2
0,6.400163650512695,5
0,5.40866756439209,7
1,5.877168655395508,6
3,6.178916931152344,8
2,5.625570297241211,0
0,5.747666358947754,1
2,6.478251934051514,3
3,6.480643272399902,5
1,4.686506271362305,4
2,5.750200271606445,1
1,6.608034133911133,6
3,6.485997200012207,5
0,6.478252410888672,3
2,5.628279685974121,0
1,5.182534217834473,9
0,4.696866035461426,4
3,6.200927257537842,8
1,6.467936992645264,3
2,6.10425329208374,2
3,5.424800872802734,7
0,5.424800872802734,7
0,5.714073181152344,1
2,6.079562187194824,2
3,5.1989970207214355,9
1,5.631686210632324,0
2,6.222501754760742,8
1,4.702681541442871,4
0,6.424510955810547,5
3,6.616747856140137,6
0,6.2226243019104,8
1,4.702675819396973,4
3,6.464957237243652,3
2,6.616727828979492,6
1,6.070714473724365,2
2,5.623441696166992,0
3,5.705190658569336,1
0,5.208140850067139,9
2,6.252445220947266,8
1,6.388189315795898,5
3,6.388189792633057,5
0,5.454949378967285,7
1,5.722826957702637,1
0,6.630609512329102,6
2,6.0485920906066895,2
3,4.7140326499938965,4
2,5.454949378967285,7
3,5.229689598083496,9
0,5.638556480407715,0
1,6.452694892883301,3
2,6.2816572189331055,8
0,6.6480183601379395,6
1,6.010586738586426,2
3,6.355954170227051,5
1,5.721578598022461,1
0,5.487204551696777,7
3,4.73305606842041,4
2,5.649324417114258,0
2,6.433985233306885,3
1,5.280235767364502,9
0,6.340249061584473,5
3,4.731682777404785,4
0,6.424942970275879,3
2,5.968895435333252,2
3,6.668120384216309,6
1,5.318382263183594,9
3,6.208518028259277,1
0,6.291666030883789,8
2,5.660294532775879,0
1,5.523777961730957,7
1,4.753014087677002,4
3,6.424942493438721,3
2,5.660120010375977,0
0,6.291635990142822,8
0,5.525971412658691,7
1,5.93916130065918,2
2,6.670247554779053,6
3,6.222533226013184,1
2,6.327937126159668,5
3,6.327938079833984,5
1,4.759025573730469,4
0,5.330221176147461,9
1,5.338012218475342,9
2,6.967477798461914,3
0,5.928501129150391,2
3,6.660901069641113,6
0,6.235445022583008,1
2,5.533682823181152,7
1,5.6560564041137695,0
3,6.292958736419678,8
2,5.911109924316406,2
3,6.672186851501465,6
1,6.292977333068848,8
0,6.977355480194092,3
0,4.7669782638549805,4
1,6.344779968261719,5
2,5.647457122802734,0
3,5.352945327758789,9
3,6.244974136352539,1
1,5.518073558807373,7
0,5.518073081970215,7
2,4.768917560577393,4
3,6.288675308227539,8
2,6.666118621826172,6
0,5.890738487243652,2
1,6.318770408630371,5
2,6.96536111831665,3
1,6.235095024108887,1
0,5.634664535522461,0
3,5.348618507385254,9
2,5.879055023193359,2
0,6.968113899230957,3
1,5.4975104331970215,7
3,4.7601399421691895,4
0,6.246248245239258,1
3,6.276564121246338,8
2,5.628726959228516,0
1,6.650559902191162,6
2,5.336777210235596,9
3,5.3367767333984375,9
1,6.301548957824707,5
0,5.621875286102295,0
1,6.248961448669434,1
0,6.268431186676025,8
2,6.304170608520508,5
3,6.6361823081970215,6
3,5.8678154945373535,2
0,5.473633766174316,7
1,6.9636030197143555,3
2,4.751456260681152,4
2,6.9539794921875,3
0,6.258863925933838,8
3,5.461580753326416,7
1,5.3231306076049805,9
1,6.247881889343262,1
2,5.596198081970215,0
0,6.0175981521606445,2
3,4.741898536682129,4
1,6.017573356628418,2
0,5.596253871917725,0
2,6.61660623550415,6
3,6.297115802764893,5
1,6.244211196899414,8
2,6.591561317443848,6
3,6.9524078369140625,3
0,5.227028846740723,9
1,6.245190620422363,1
2,6.301344871520996,5
0,4.724125862121582,4
3,5.295769691467285,7
3,6.245509147644043,8
1,6.245190620422363,1
0,5.217140197753906,9
2,4.724125862121582,4
2,6.573478698730469,6
0,6.00855016708374,2
3,5.558372974395752,0
1,6.285862445831299,5
3,6.953166961669922,3
1,5.2726945877075195,7
2,6.242320537567139,8
0,5.200922012329102,9
1,6.248173236846924,1
0,5.853610038757324,2
2,5.553773880004883,0
3,4.714975357055664,4
2,6.953261375427246,3
3,6.552461624145508,6
1,5.2590532302856445,7
0,6.275461673736572,5
1,5.5699076652526855,9
0,6.552628040313721,6
2,6.276715278625488,5
3,5.25294303894043,7
2,5.847487926483154,2
1,6.955252647399902,3
0,6.253114700317383,1
3,5.5413665771484375,0
2,6.227167129516602,8
1,6.227167129516602,8
0,5.2358551025390625,7
3,4.696491241455078,4
1,5.52677583694458,0
0,4.696491241455078,4
3,6.538591384887695,6
2,5.839297294616699,2
0,6.957336902618408,3
2,5.555523872375488,9
3,6.256667137145996,1
1,6.271618843078613,5
0,5.82755708694458,2
1,5.227551460266113,7
2,6.52681303024292,6
3,4.691842079162598,4
1,6.959652900695801,3
0,6.286632537841797,5
2,6.2194061279296875,8
3,5.553476333618164,9
1,6.262702941894531,1
2,5.515906810760498,0
3,6.262702941894531,1
0,5.515905857086182,0
0,5.821063041687012,2
1,5.54931640625,9
3,6.270686149597168,5
2,6.960907936096191,3
0,6.511877059936523,6
2,5.216545581817627,7
1,4.687921524047852,4
3,6.209547996520996,8
3,5.922104358673096,1
0,5.490231513977051,0
2,5.008276462554932,9
1,6.713891506195068,3
1,5.14169979095459,2
2,5.826340675354004,8
3,6.503418922424316,6
0,5.04959774017334,7
2,6.716336250305176,3
3,5.48836612701416,0
0,6.623721122741699,5
1,4.566952705383301,4
2,5.931127548217773,1
0,5.139095306396484,2
3,5.041661262512207,7
1,5.827197074890137,8
1,6.591984748840332,5
0,4.568179130554199,4
2,6.488935470581055,6
3,5.005523681640625,9
2,5.46787691116333,0
1,6.4889349937438965,6
0,6.722263336181641,3
3,4.568179130554199,4
1,5.941860675811768,1
2,5.040370941162109,7
0,5.011972427368164,9
3,5.134920120239258,2
2,5.835668563842773,8
3,6.549243927001953,5
1,5.83566951751709,8
0,5.941860198974609,1
0,5.443327903747559,0
2,5.04518985748291,7
1,5.131101608276367,2
3,6.47452974319458,6
1,5.029184818267822,9
3,4.587138652801514,4
0,6.486467361450195,5
2,6.7367072105407715,3
0,6.47198486328125,6
1,4.587145805358887,4
2,5.95556640625,1
3,5.029233932495117,9
3,6.738069534301758,3
2,5.857276916503906,8
0,5.053762435913086,7
1,6.434926986694336,5
1,5.42106819152832,0
2,5.130245208740234,2
0,5.958364486694336,1
3,6.430319786071777,5
0,5.039545059204102,9
3,5.861762046813965,8
2,4.589638710021973,4
1,5.048732280731201,7
1,6.451788902282715,6
2,5.41334867477417,0
0,6.72891092300415,3
3,5.124354362487793,2
2,6.730037689208984,3
1,5.401812553405762,0
0,5.1565141677856445,7
3,6.435050010681152,6
1,5.867203235626221,8
2,5.956413269042969,1
3,4.996685028076172,9
0,5.133496284484863,2
3,5.859133720397949,8
1,6.357801914215088,5
2,6.428243637084961,6
0,4.590245246887207,4
1,5.9490180015563965,1
0,6.334514617919922,5
2,4.993499279022217,9
3,5.140351295471191,7
3,5.157651901245117,2
1,5.381011486053467,0
2,4.583776950836182,4
0,6.722042560577393,3
2,6.402673721313477,6
0,6.31552791595459,5
3,5.942108154296875,1
1,5.150790214538574,2
0,6.720047950744629,3
2,5.873827934265137,8
3,4.579638957977295,4
1,4.972780704498291,9
0,5.106910705566406,7
2,4.97243070602417,9
1,5.618475437164307,0
3,6.304742813110352,5
0,6.712523460388184,3
1,5.107386589050293,7
2,5.610240936279297,0
3,5.157340049743652,2
1,5.878678321838379,8
2,4.574525833129883,4
3,5.799476623535156,1
0,6.330173492431641,6
2,5.799476623535156,1
0,5.58507776260376,0
1,5.878679275512695,8
3,6.7173237800598145,3
0,6.30099630355835,6
1,4.941046714782715,9
2,6.261578559875488,5
3,4.575727462768555,4
3,5.175809383392334,2
2,5.041977882385254,7
1,5.041977882385254,7
0,6.258037090301514,5
1,5.884177207946777,8
0,5.175809383392334,2
3,6.289284706115723,6
2,4.930963039398193,9
1,5.784646987915039,1
2,6.705252647399902,3
0,4.568521022796631,4
3,5.54151725769043,0
3,5.179429054260254,2
0,5.7912797927856445,6
2,6.0253400802612305,0
1,6.246579170227051,5
2,6.2551422119140625,3
3,5.8932013511657715,8
0,4.9040913581848145,9
1,4.566703796386719,4
1,5.778907775878906,1
3,5.885716438293457,8
0,6.01719856262207,0
2,5.0018792152404785,7
0,6.275261878967285,3
2,5.790746688842773,1
3,5.733216285705566,6
1,4.861819267272949,9
1,5.187656402587891,2
2,6.488898277282715,5
0,4.98798942565918,7
3,4.56204080581665,4
2,6.202930927276611,8
1,4.987902641296387,7
0,6.2752556800842285,3
3,5.733288764953613,6
1,4.630788803100586,4
2,6.482177257537842,5
0,5.778271675109863,0
3,4.842767715454102,9
1,5.796995162963867,1
3,5.189267635345459,2
2,4.842827796936035,9
0,4.957797527313232,7
1,5.189267158508301,2
0,5.693537712097168,6
2,6.229588508605957,8
3,5.796996116638184,1
1,6.298172473907471,3
2,4.663888931274414,4
3,5.749897480010986,0
0,6.479275703430176,5
2,6.301351547241211,3
1,5.7499308586120605,0
0,6.481022357940674,5
3,4.663888931274414,4
2,4.830044746398926,9
1,6.254034996032715,8
3,5.658714771270752,6
0,4.933605670928955,7
0,5.805524826049805,1
2,4.908452033996582,7
3,5.179775714874268,2
1,4.668519496917725,4
1,6.305567264556885,3
2,5.720704078674316,0
3,5.805524826049805,1
0,6.4846296310424805,5
2,6.277356147766113,8
1,5.179567813873291,2
3,5.490725517272949,6
0,4.816442966461182,9
2,6.298864841461182,3
1,6.470819473266602,5
3,5.798867702484131,1
0,4.827201843261719,9
2,5.448138236999512,6
0,6.314754486083984,8
1,5.17490816116333,2
3,4.680634498596191,4
1,5.8209547996521,1
3,5.717245101928711,0
2,4.880677700042725,7
0,5.717244625091553,0
2,6.324024200439453,3
1,6.308148384094238,8
0,5.441755294799805,6
3,4.879171371459961,7
1,4.689548492431641,4
0,6.5556464195251465,5
3,4.778257369995117,9
2,5.16750431060791,2
3,6.4369049072265625,3
2,4.694211483001709,4
0,5.40994930267334,6
1,4.778609275817871,9
2,5.839475631713867,1
1,6.355266094207764,8
3,5.68623685836792,0
0,6.555667877197266,5
1,5.8652238845825195,1
2,5.155254364013672,2
3,5.155255317687988,2
0,4.839031219482422,7
1,6.40537166595459,8
0,6.612203598022461,5
3,5.046318531036377,4
2,4.7636027336120605,9
0,6.772436141967773,3
2,5.378497123718262,6
3,5.65531587600708,0
1,4.838926315307617,7
1,5.366265296936035,6
2,5.882429122924805,1
0,6.649333953857422,5
3,5.634146690368652,0
2,6.829178810119629,3
3,6.463313102722168,8
1,4.8297929763793945,7
0,5.083776473999023,4
0,5.132929801940918,2
2,4.7513651847839355,9
3,5.132929801940918,2
1,5.626870155334473,0
3,5.915016174316406,1
0,4.825411796569824,7
1,4.748164176940918,9
2,6.947648525238037,5
2,6.525450229644775,8
1,5.351013660430908,6
0,5.1246843338012695,4
3,6.889441013336182,3
0,6.525450706481934,8
3,6.272401809692383,1
2,4.828182220458984,7
1,4.748164176940918,9
2,5.089501857757568,2
1,6.346725940704346,5
0,6.917016983032227,3
3,5.147729873657227,4
2,6.582830429077148,8
0,5.084145545959473,2
1,5.296799659729004,6
3,5.259817123413086,0
3,6.309352874755859,1
2,5.14742374420166,4
0,4.831894874572754,7
1,5.259881973266602,0
1,6.86693000793457,3
2,5.290831565856934,6
0,4.760102272033691,9
3,6.341734886169434,5
2,5.051769256591797,2
1,5.315802574157715,6
3,4.769191741943359,9
0,4.854787826538086,7
3,6.350421905517578,1
2,6.625212669372559,8
1,5.249087333679199,0
0,6.828305721282959,3
1,6.350421905517578,1
2,5.196526050567627,4
3,4.854677200317383,7
0,6.4116530418396,5
1,5.340651035308838,6
2,5.125152587890625,0
3,5.01849365234375,2
0,5.235875129699707,4
1,6.663242340087891,8
3,6.479314804077148,5
0,4.791991233825684,9
2,6.8682708740234375,3
1,5.2361602783203125,4
2,4.871315956115723,7
3,5.334532737731934,6
0,4.791991710662842,9
1,6.70566987991333,8
2,5.1238508224487305,0
0,4.977565288543701,2
3,6.555003643035889,5
3,6.427257061004639,1
1,6.841442108154297,3
2,6.427257061004639,1
0,6.554964065551758,5
2,6.705653667449951,8
3,5.1238508224487305,0
0,5.281240463256836,4
1,4.823421478271484,9
3,4.94257116317749,2
0,5.430023670196533,6
2,5.204248428344727,7
1,6.872048377990723,3
1,4.881237983703613,9
2,5.429636478424072,6
3,4.942559719085693,2
0,5.225964546203613,7
1,6.733912467956543,8
2,5.1248297691345215,0
0,5.310482978820801,4
3,6.872428894042969,3
3,6.431268692016602,1
2,6.663745403289795,5
1,6.663745403289795,5
0,4.945030689239502,9
1,6.761559009552002,8
2,5.297833442687988,6
0,4.910250663757324,2
3,5.269847869873047,7
3,6.431349754333496,1
0,5.12727689743042,0
2,6.897712707519531,3
1,5.334811210632324,4
0,6.904000759124756,3
1,5.285435676574707,7
2,5.315546035766602,6
3,5.340057373046875,4
1,6.775275230407715,8
2,5.129551887512207,0
3,4.9160614013671875,9
0,6.445436477661133,1
0,4.857192516326904,2
2,6.775275707244873,8
1,5.305667877197266,7
3,6.699717998504639,5
0,6.4454264640808105,1
3,6.926648139953613,3
2,6.724033355712891,5
1,4.838199615478516,2
3,5.846177101135254,6
0,5.138640403747559,9
2,5.363888263702393,4
1,5.132781505584717,0
0,6.777619361877441,8
2,5.1267218589782715,0
1,5.147019386291504,9
3,5.548129081726074,7
0,5.529585361480713,6
2,6.9350433349609375,3
3,6.772276878356934,5
1,5.368452072143555,4
1,6.448705673217773,1
0,4.805186748504639,2
3,6.772275447845459,5
2,5.59591007232666,7
3,6.440473556518555,1
1,4.796856880187988,2
2,5.1820292472839355,9
0,5.36649227142334,4
3,6.943516731262207,3
0,5.1371564865112305,0
1,6.789135932922363,8
2,5.639675140380859,6
1,6.7891459465026855,8
0,4.780999183654785,2
2,5.6396660804748535,6
3,5.37116813659668,4
3,6.443397521972656,1
2,6.943525791168213,3
1,6.797482490539551,5
0,5.634151458740234,7
2,6.7851481437683105,8
3,5.23673152923584,9
1,5.23673152923584,9
0,5.137734413146973,0
0,5.669938564300537,6
3,6.447464942932129,1
2,5.137734413146973,0
1,5.369755744934082,4
0,5.6680803298950195,7
2,4.6344780921936035,2
1,6.948847770690918,3
3,6.778491020202637,5
1,6.77999210357666,8
2,5.684206962585449,6
0,6.790703773498535,5
3,5.264839172363281,9
0,6.445826530456543,1
1,5.704170227050781,7
3,6.956032752990723,3
2,5.365384101867676,4
2,5.135773181915283,0
1,5.273006439208984,9
3,4.6478986740112305,2
0,5.701898097991943,7
0,6.774881362915039,8
1,5.723874568939209,6
3,4.638857364654541,2
2,5.357323169708252,4
1,6.438421249389648,1
3,6.825193881988525,5
2,6.960744857788086,3
0,5.286172389984131,0
0,5.354513645172119,4
1,6.825250625610352,5
3,5.725804328918457,7
2,6.43108606338501,1
2,6.762355804443359,8
1,5.277729511260986,0
0,4.631110191345215,2
3,6.960315704345703,3
2,6.762356758117676,8
1,5.726881980895996,6
0,5.339496612548828,4
3,5.247146129608154,9
2,6.423573017120361,1
1,5.726882457733154,6
0,6.837278842926025,5
3,5.724329948425293,7
3,4.617981910705566,2
0,5.274165153503418,0
1,6.961939334869385,3
2,5.257339000701904,9
2,5.274165153503418,0
1,5.731688499450684,6
0,5.2573394775390625,9
3,6.7524824142456055,8
3,6.411874771118164,1
1,4.617725372314453,2
2,6.961943626403809,3
0,5.326807022094727,4
0,6.695184707641602,5
2,5.23612117767334,9
1,5.701425075531006,7
3,5.30379581451416,4
2,5.253162384033203,0
1,4.61163854598999,2
3,6.389366626739502,1
0,6.695184707641602,5
2,6.7247514724731445,8
3,5.680801868438721,6
1,5.701425075531006,7
0,6.955306053161621,3
2,4.604598522186279,2
1,5.248167037963867,0
0,6.948552131652832,3
3,5.2429609298706055,9
3,6.375042915344238,1
1,5.681614875793457,6
2,6.703097343444824,8
0,5.281282424926758,4
2,6.703097343444824,8
3,6.714095115661621,5
0,6.714095115661621,5
1,5.690707206726074,7
2,6.947768688201904,3
0,5.674040794372559,6
1,6.367569923400879,1
3,5.638068199157715,4
2,4.592665672302246,2
0,5.231840133666992,0
1,5.679425239562988,7
3,5.226153373718262,9
0,4.592429161071777,2
3,5.225868225097656,9
2,5.616990089416504,4
1,5.231627464294434,0
2,6.676642417907715,8
1,5.671853542327881,6
0,6.731818675994873,5
3,5.676058769226074,7
2,6.955004692077637,3
3,6.348033905029297,1
0,6.755423545837402,5
1,6.955004692077637,3
1,5.679876804351807,6
2,4.458510398864746,2
3,5.224067687988281,0
0,5.6702728271484375,7
1,6.3480544090271,1
0,6.665509223937988,8
3,5.220913887023926,9
2,5.5930280685424805,4
3,6.585050582885742,8
1,6.9602885246276855,3
2,5.674560070037842,7
0,6.342219352722168,1
1,5.684053421020508,6
0,5.2320661544799805,9
3,5.221606254577637,0
2,5.5753278732299805,4
1,5.575540065765381,4
3,4.446202754974365,2
0,6.779510974884033,5
2,4.446203231811523,2
2,5.2123212814331055,0
1,6.569430351257324,8
3,5.678513526916504,6
0,5.2302422523498535,9
0,6.325265407562256,1
1,6.79926872253418,5
3,5.659985542297363,7
2,6.959941387176514,3
1,6.569219589233398,8
2,5.212091445922852,0
0,5.6599860191345215,7
3,6.799106121063232,5
2,6.311007976531982,1
3,4.427867889404297,2
0,5.5351409912109375,4
1,6.959070682525635,3
2,5.679062843322754,6
1,5.679062843322754,6
0,5.650974273681641,7
3,5.233311653137207,9
0,5.2042999267578125,0
1,6.55774450302124,8
2,5.530942440032959,4
3,6.9626946449279785,3
0,4.418121337890625,2
2,6.291838645935059,1
3,5.227064609527588,9
1,6.846260070800781,5
2,6.291838645935059,1
3,6.961592674255371,3
1,5.712131500244141,7
0,4.4194135665893555,2
1,6.533347129821777,8
2,5.666970252990723,6
0,5.499268531799316,4
3,6.84880256652832,5
1,5.170382499694824,0
0,4.336899757385254,2
2,5.579668998718262,7
3,5.1245245933532715,9
0,5.170224189758301,0
3,6.859846591949463,3
1,7.165332794189453,5
2,6.1851654052734375,1
3,5.124189376831055,9
0,5.851655006408691,6
2,5.465885162353516,4
1,6.508237838745117,8
3,6.149280548095703,1
1,5.695132732391357,0
2,5.085033416748047,9
0,5.828097343444824,6
1,5.422406196594238,4
0,4.3459086418151855,2
2,5.502740383148193,7
3,7.170236587524414,5
0,6.476380825042725,8
1,6.476381301879883,8
2,7.16966438293457,5
3,6.841752529144287,3
1,6.063230037689209,1
3,5.046263217926025,9
2,5.597061634063721,0
0,5.328090190887451,4
1,6.810934066772461,3
2,5.801562309265137,6
0,5.423968315124512,7
3,4.317339897155762,2
3,6.399051189422607,8
2,5.5970778465271,0
1,4.317379474639893,2
0,5.046214580535889,9
2,6.80009126663208,3
3,7.146867752075195,5
0,5.276588439941406,4
1,5.380484104156494,7
1,5.506217002868652,6
0,5.27658748626709,4
2,4.327020645141602,2
3,5.8927388191223145,1
0,5.8927388191223145,1
1,5.536888122558594,0
3,5.506217002868652,6
2,6.793556213378906,3
2,6.308961391448975,8
1,7.12400484085083,5
0,4.5923357009887695,9
3,5.304006576538086,7
2,5.852126121520996,1
0,5.448902606964111,6
3,7.12400484085083,5
1,6.771364688873291,3
0,4.342611312866211,2
2,5.303903579711914,7
1,5.214127540588379,4
3,6.308933258056641,8
0,5.812628746032715,1
2,5.392072677612305,0
3,4.5410919189453125,9
1,5.387807369232178,6
1,4.356264114379883,2
3,5.248520374298096,7
2,4.538919448852539,9
0,7.127735137939453,5
2,6.741828441619873,3
0,5.3877434730529785,0
1,5.143703937530518,4
3,6.241113662719727,8
1,6.7228617668151855,3
2,5.067635536193848,4
3,7.109885215759277,5
0,4.365823745727539,2
1,5.773077011108398,1
2,5.327467918395996,6
0,4.5145721435546875,9
3,5.331640243530273,0
3,6.179139137268066,8
2,5.203017234802246,7
0,5.203016757965088,7
1,5.06775426864624,4
0,6.695350646972656,3
1,5.279501914978027,0
2,4.49965763092041,9
3,5.735275745391846,1
3,6.110713958740234,8
0,5.224358558654785,6
1,4.372602462768555,2
2,7.094267845153809,5
0,5.166664123535156,7
3,5.224359512329102,6
2,4.49880838394165,9
1,6.110642910003662,8
1,5.68718147277832,1
2,4.892019271850586,4
0,5.138557434082031,0
3,4.382928848266602,2
0,5.68718147277832,1
1,6.661922454833984,3
3,7.058302879333496,5
2,4.48412561416626,9
3,6.668050765991211,3
1,4.458998680114746,2
0,5.092954158782959,7
2,7.034327507019043,5
3,5.888381004333496,8
2,5.101679801940918,0
0,4.679398536682129,4
1,5.049647808074951,6
2,5.66598653793335,1
3,4.26951789855957,4
1,4.949735164642334,7
0,7.502310276031494,5
3,4.522580146789551,2
0,6.8542256355285645,3
1,5.026378631591797,0
2,5.285964012145996,9
2,5.887783527374268,8
3,4.868180274963379,6
1,6.856844902038574,3
0,4.944151878356934,7
1,5.040146827697754,0
0,7.472232818603516,5
3,4.8688273429870605,6
2,4.494414329528809,2
2,5.615019798278809,1
1,5.832884311676025,8
3,5.256450653076172,9
0,4.175402641296387,4
1,5.832883358001709,8
3,4.787724494934082,6
2,4.865471839904785,7
0,5.256450653076172,9
3,5.588081359863281,1
2,4.601168632507324,2
0,6.868117332458496,3
1,4.212753772735596,4
3,4.99880838394165,0
0,4.883572578430176,7
2,6.868117809295654,3
1,7.44053840637207,5
1,5.708226203918457,8
3,4.17243766784668,4
0,7.395930767059326,5
2,4.615015029907227,6
1,4.952198028564453,0
0,5.563836097717285,1
2,4.5861897468566895,2
3,5.2623610496521,9
0,4.956022262573242,0
1,4.487707138061523,6
3,7.410806655883789,5
2,4.787693023681641,7
3,5.688951015472412,8
2,4.6036224365234375,2
1,6.879179000854492,3
0,5.314940452575684,9
3,5.521365642547607,1
1,4.474108695983887,2
0,4.044460773468018,4
2,5.3360137939453125,9
0,5.614217758178711,8
2,6.877418518066406,3
1,4.883245468139648,0
3,4.044567108154297,4
3,5.513465881347656,1
1,7.390948295593262,5
0,4.785784721374512,7
2,4.400847911834717,6
2,4.462616443634033,2
1,5.566926956176758,8
3,5.5134663581848145,1
0,7.3906755447387695,5
3,6.847599983215332,3
0,4.972331523895264,7
2,5.374898433685303,9
1,4.377963066101074,6
3,5.592826843261719,1
2,6.8430304527282715,3
1,4.017439842224121,4
0,4.925009250640869,0
3,5.1218647956848145,8
2,4.6270928382873535,2
0,5.2178955078125,9
1,4.818778991699219,7
0,4.13771915435791,4
3,5.08669376373291,0
2,4.556777477264404,6
1,7.3962273597717285,5
1,5.801037788391113,1
2,7.455909729003906,5
3,5.095299243927002,8
0,4.800533294677734,7
1,5.202356338500977,9
2,4.624123573303223,2
3,5.091217994689941,0
0,4.134121417999268,4
1,4.435918807983398,6
2,7.453313827514648,5
0,6.921086311340332,3
3,4.623720645904541,2
3,5.067163944244385,8
2,4.43546199798584,6
0,5.2096052169799805,9
1,4.313681602478027,4
2,5.801129341125488,1
1,6.915310859680176,3
0,5.087183952331543,0
3,4.778641700744629,7
0,5.090789794921875,0
1,4.762001037597656,7
3,4.623855113983154,2
2,5.214078426361084,9
2,6.915704727172852,3
3,5.227989673614502,8
0,4.211432456970215,4
1,7.772143363952637,5
0,6.909815788269043,3
1,4.449676513671875,6
2,7.778489112854004,5
3,5.8084917068481445,1
0,5.193066596984863,8
1,4.199501991271973,4
2,4.7414374351501465,7
3,4.627102375030518,2
0,5.818295478820801,1
1,5.219973087310791,9
3,4.398716926574707,6
2,5.088660717010498,0
2,6.814051628112793,3
3,4.398717403411865,6
1,4.741426467895508,7
0,7.758983612060547,5
2,5.158055305480957,8
1,4.188093185424805,4
3,4.634063720703125,2
0,5.087943077087402,0
1,5.819014549255371,1
2,5.819013595581055,1
3,4.632359027862549,2
0,5.223176002502441,9
2,6.804788589477539,3
0,4.188093185424805,4
1,7.745327949523926,5
3,4.390785217285156,6
2,5.137691020965576,8
1,5.131727695465088,0
3,4.882896423339844,7
0,5.226846694946289,9
0,5.7057929039001465,1
1,5.131727695465088,0
3,4.667500972747803,2
2,6.798279285430908,3
3,4.38694953918457,6
0,7.798096179962158,5
2,4.2063798904418945,4
1,5.006680488586426,8
0,4.661420822143555,2
1,4.880502700805664,7
3,5.180156707763672,9
2,4.880502700805664,7
2,5.2787370681762695,1
0,5.030752182006836,8
3,4.38247013092041,6
1,7.878437519073486,5
0,6.259552001953125,3
1,4.236992359161377,4
2,4.85347843170166,9
3,5.157339096069336,0
2,7.878396034240723,5
1,4.877470016479492,7
3,5.030375957489014,8
0,5.2782745361328125,1
1,4.660211563110352,2
3,4.333443641662598,6
0,4.858664035797119,9
2,4.226318359375,4
1,4.857982635498047,9
3,5.1549224853515625,0
2,6.2525482177734375,3
0,4.847716331481934,7
0,4.328761577606201,6
2,5.184061527252197,1
1,6.247066497802734,3
3,7.834088325500488,5
3,5.053046703338623,8
0,4.630967140197754,2
1,4.090505599975586,4
2,5.136367321014404,0
0,4.852021217346191,7
1,7.914618968963623,5
2,5.13227653503418,0
3,4.899120330810547,9
3,4.635326385498047,2
0,5.248699188232422,1
2,4.10799503326416,4
1,4.464125633239746,6
1,4.991065979003906,8
3,5.698821544647217,3
2,4.629528999328613,2
0,4.102659225463867,4
0,5.077971458435059,8
2,5.19456148147583,1
1,5.119619846343994,0
3,4.791919231414795,7
3,4.499409198760986,6
2,5.641701698303223,3
1,4.8639726638793945,9
0,7.930685043334961,5
0,4.132540225982666,4
3,4.659810543060303,2
2,4.85459041595459,9
1,7.941429615020752,5
1,5.186446189880371,1
0,5.10875129699707,0
2,5.598433494567871,3
3,4.434039115905762,6
3,5.646451473236084,8
2,6.213413238525391,3
1,3.7572715282440186,7
0,8.424758911132812,5
3,5.788199424743652,1
0,3.7555646896362305,7
2,5.451357841491699,2
1,5.311356067657471,9
0,5.658979415893555,8
1,4.441397666931152,6
3,5.732882499694824,0
2,4.68568229675293,4
0,5.654019355773926,8
1,5.469681262969971,2
3,5.769355773925781,1
2,6.277281761169434,3
3,4.901332855224609,6
1,5.326632499694824,4
2,8.674298286437988,5
0,5.913841247558594,9
0,5.719159126281738,0
2,3.9051003456115723,7
3,3.9051003456115723,7
1,6.093224048614502,2
3,6.489926338195801,8
1,4.708619594573975,1
0,4.933712959289551,6
2,5.4989118576049805,0
0,7.1410136222839355,3
3,5.3188395500183105,4
1,8.790872573852539,5
2,6.616310119628906,9
1,5.222412109375,1
2,6.60197639465332,8
0,6.509526252746582,0
3,5.320496082305908,4
1,6.619872570037842,9
3,4.934303283691406,6
0,7.152359962463379,3
2,4.103017807006836,7
3,5.291565895080566,2
2,5.291565895080566,2
1,8.801993370056152,5
0,4.068942070007324,7
0,5.436491012573242,1
3,8.805496215820312,5
2,5.312723159790039,4
1,5.066904067993164,6
1,6.863879203796387,8
3,7.390069007873535,3
0,6.596604347229004,0
2,6.761909484863281,9
0,5.077922821044922,6
2,5.429759979248047,2
1,6.754787445068359,9
3,6.5793561935424805,0
1,5.567678928375244,4
0,9.048242568969727,5
3,6.866313934326172,8
2,5.4330058097839355,1
2,5.426436424255371,1
1,7.412252426147461,3
3,6.5534749031066895,0
0,3.8175830841064453,7
0,6.868332862854004,8
3,6.676815032958984,9
2,3.801839590072632,7
1,5.42502498626709,2
2,7.430717468261719,3
3,5.118910789489746,6
1,5.494620323181152,4
0,9.074640274047852,5
0,5.420032501220703,2
3,7.4422760009765625,3
2,3.75138783454895,7
1,9.08022689819336,5
3,5.426775932312012,1
0,5.13276481628418,6
2,6.565803527832031,9
1,6.340092658996582,0
1,6.880615234375,8
2,5.144120693206787,6
3,5.493176460266113,4
0,6.559947967529297,9
1,5.463942527770996,1
3,7.454180717468262,3
2,3.715357780456543,7
0,6.199215412139893,0
1,6.885326385498047,8
0,5.492897987365723,4
2,5.402059555053711,2
3,9.117548942565918,5
2,6.184643745422363,0
1,7.4666829109191895,3
0,9.131746292114258,5
3,5.4647722244262695,1
0,5.170503616333008,6
3,5.495197296142578,4
1,3.6922707557678223,7
2,6.892253875732422,8
2,5.444859981536865,2
0,6.537820816040039,9
3,6.537820816040039,9
1,3.68465518951416,7
0,5.498425483703613,4
2,5.183372974395752,6
3,9.161589622497559,5
1,6.070860385894775,0
3,6.933662414550781,8
1,5.469329833984375,1
0,7.494471549987793,3
2,5.441130638122559,2
1,5.476570129394531,1
2,6.951016426086426,8
3,6.685262680053711,0
0,9.1846923828125,5
1,7.510124206542969,3
3,5.501051902770996,4
2,5.103094100952148,6
0,6.508394718170166,9
0,5.426975727081299,2
3,5.426976203918457,2
2,6.960554122924805,8
1,3.5487239360809326,7
3,5.467893600463867,1
2,5.11301851272583,6
1,3.542245626449585,7
0,5.505161285400391,4
3,7.534859657287598,3
1,6.495438575744629,9
0,6.661313056945801,0
2,9.078258514404297,5
1,3.534956932067871,7
2,7.547572612762451,3
3,5.408148765563965,2
0,9.109159469604492,5
0,5.471126556396484,1
1,6.498075485229492,9
3,6.976444244384766,8
2,6.693960189819336,0
1,6.97435998916626,8
3,7.546084403991699,3
0,5.513243675231934,4
2,5.426124572753906,6
2,3.1679677963256836,7
0,5.518891334533691,4
3,9.140195846557617,5
1,5.469046592712402,1
0,5.414921283721924,2
1,6.085139274597168,9
3,5.44878625869751,6
2,6.679120063781738,0
1,6.988525390625,8
0,7.565232753753662,3
3,5.459500312805176,6
2,5.407609939575195,2
1,5.343909740447998,1
3,9.183382034301758,5
0,3.1606760025024414,7
2,6.663456439971924,0
2,5.470829963684082,6
3,6.067596912384033,9
0,5.530496597290039,4
1,5.530496597290039,4
1,7.575550079345703,3
2,6.070889472961426,9
3,3.1575541496276855,7
0,9.215935707092285,5
0,5.347572326660156,1
3,6.998323917388916,8
2,6.0668182373046875,2
1,6.63193416595459,0
2,6.065106391906738,2
1,6.631281852722168,0
3,6.066816806793213,9
0,5.546964645385742,4
1,7.001399993896484,8
0,4.80427360534668,1
3,5.49668550491333,6
2,7.618642807006836,3
1,3.1488940715789795,7
3,3.1488943099975586,7
2,6.055837631225586,9
0,9.297368049621582,5
3,6.845859527587891,8
1,5.510638236999512,6
2,6.612916946411133,0
0,9.323948860168457,5
3,5.984309196472168,2
0,7.496760368347168,3
2,5.513806343078613,4
1,4.783398628234863,1
2,6.055075645446777,9
1,7.517621994018555,3
3,6.591512680053711,0
0,3.1490259170532227,7
0,6.845331192016602,8
3,4.7940754890441895,1
2,5.966963768005371,2
1,5.418581008911133,6
2,5.724493026733398,4
0,10.248982429504395,5
1,5.724493026733398,4
3,6.8194260597229,9
3,5.754871368408203,1
0,6.639944076538086,2
1,4.095532417297363,7
2,10.263181686401367,5
3,5.850973606109619,8
2,7.140762805938721,0
1,5.480724334716797,6
0,7.452609062194824,3
3,6.662156581878662,2
2,5.796348571777344,4
0,7.446201801300049,3
1,6.911722183227539,9
3,5.406786918640137,8
1,4.0584869384765625,7
0,7.119255065917969,0
2,5.771129608154297,1
0,6.631145477294922,2
1,7.485840797424316,3
2,10.295938491821289,5
3,5.505679130554199,6
3,5.410024642944336,8
1,6.921399116516113,9
2,10.295995712280273,5
0,4.042557716369629,7
2,5.82198429107666,1
1,6.866894721984863,0
3,5.591108322143555,6
0,5.763345718383789,4
2,5.82198429107666,1
0,3.9843249320983887,7
3,6.548148155212402,9
1,7.479996204376221,3
1,5.427532196044922,8
0,6.628547191619873,2
3,6.704604148864746,0
2,5.752784729003906,4
3,5.427532196044922,8
0,7.50172233581543,3
1,5.532345771789551,6
2,10.342476844787598,5
3,5.569887638092041,6
0,6.655178070068359,0
2,3.9872124195098877,7
1,6.331326961517334,9
2,6.5856547355651855,2
1,5.3163886070251465,4
3,10.173164367675781,5
0,5.765844345092773,1
2,6.463135719299316,2
0,6.983243465423584,3
1,5.6298627853393555,1
3,5.478445529937744,6
0,6.634047985076904,0
3,3.9880564212799072,7
1,5.310968399047852,4
2,6.320370674133301,9
0,5.407166481018066,8
3,7.086931228637695,3
1,9.662069320678711,5
2,5.407166957855225,8
0,6.420294761657715,2
1,5.42960262298584,1
2,6.320324420928955,9
3,6.015960693359375,0
2,5.738119125366211,6
0,3.971622943878174,7
3,5.101208686828613,4
1,9.63219165802002,5
0,5.933655738830566,0
1,3.969634532928467,7
3,5.736166954040527,6
2,5.100225448608398,4
3,6.963217735290527,3
2,5.481269836425781,1
0,9.641950607299805,5
1,6.3568620681762695,9
3,5.416497230529785,8
1,6.354700088500977,2
2,5.912581443786621,0
0,6.364217758178711,9
2,5.227313041687012,1
0,5.381840705871582,8
3,5.087922096252441,4
1,5.9795427322387695,6
2,6.293107986450195,2
3,7.293110370635986,3
1,3.945850133895874,7
0,9.662274360656738,5
3,6.2438178062438965,2
2,5.236815929412842,1
1,5.871309280395508,0
0,6.40081262588501,9
3,5.272254467010498,8
1,5.821054458618164,6
2,5.0765838623046875,4
0,9.69156265258789,5
1,5.2480878829956055,1
3,3.9495956897735596,7
0,7.094247817993164,3
2,5.272493362426758,8
0,6.186059951782227,2
1,6.434148788452148,9
3,5.849401473999023,6
2,5.067604064941406,4
0,7.08194637298584,3
2,5.830401420593262,0
1,9.608241081237793,5
3,3.9197869300842285,7
3,3.91701602935791,7
0,4.958200454711914,1
2,7.079963207244873,3
1,5.061131477355957,4
0,5.1626691818237305,8
1,6.033390522003174,2
2,5.636795997619629,0
3,8.743789672851562,5
0,6.533329963684082,9
2,3.935392379760742,7
1,5.881618499755859,6
3,5.881618499755859,6
0,6.057376384735107,1
3,4.411070823669434,4
1,5.9415998458862305,9
2,6.421718120574951,3
1,4.511016845703125,8
3,5.325939178466797,2
2,5.660220623016357,0
0,8.164812088012695,5
0,6.4127421379089355,3
3,5.942309379577637,6
1,4.410293102264404,4
2,5.654636859893799,0
1,6.078361511230469,1
2,4.507565021514893,8
3,3.2894604206085205,7
0,8.170247077941895,5
0,6.064044952392578,9
3,6.088250160217285,1
1,3.294400691986084,7
2,5.219797611236572,2
0,4.506032943725586,8
3,4.408687114715576,4
2,8.179113388061523,5
1,6.074028015136719,9
2,6.508300304412842,3
1,5.99665641784668,6
0,5.433141708374023,0
3,5.194925308227539,2
3,4.508189678192139,8
0,5.171724319458008,2
1,5.436063766479492,0
2,8.24245834350586,5
0,6.11930513381958,1
2,4.45125675201416,4
3,3.3025143146514893,7
1,6.121769428253174,9
1,6.509459972381592,3
3,3.301008462905884,7
2,6.029057025909424,6
0,6.02905797958374,6
1,4.453123092651367,4
2,5.084884166717529,2
3,4.5263872146606445,8
0,8.268866539001465,5
2,6.128612518310547,1
0,5.42887020111084,0
3,6.507964611053467,3
1,6.139755725860596,9
0,4.524362564086914,8
3,6.127063751220703,1
2,4.4527082443237305,4
1,6.146797180175781,9
3,3.3093695640563965,7
2,5.0372772216796875,2
1,8.27993392944336,5
0,5.888672351837158,6
1,3.3093700408935547,7
3,5.426252841949463,0
0,6.5066022872924805,3
2,6.158623218536377,9
1,5.888672351837158,6
2,6.506603240966797,3
0,4.455966949462891,4
3,8.27993392944336,5
2,6.348128318786621,1
0,4.994735240936279,2
1,4.527259826660156,8
3,5.42345666885376,0
0,6.501753807067871,3
1,5.5479631423950195,9
3,5.914629936218262,6
2,4.994533538818359,2
2,5.4233078956604,0
0,5.063117027282715,4
1,6.348128318786621,1
3,8.293630599975586,5
1,3.5141654014587402,7
3,4.728372573852539,8
0,8.308807373046875,5
2,5.925078392028809,6
3,4.728348255157471,8
2,6.483280658721924,3
0,3.5141654014587402,7
1,5.465035915374756,0
1,6.428010940551758,1
2,4.950902938842773,2
0,5.568482398986816,9
3,5.0586347579956055,4
1,6.434408187866211,1
0,5.466920852661133,0
3,6.209389686584473,6
2,5.061007022857666,4
3,5.584235191345215,9
2,4.722962379455566,8
1,8.582000732421875,5
0,4.979968070983887,2
2,6.486039161682129,3
3,4.722962379455566,8
1,5.584235668182373,9
0,3.512147903442383,7
3,6.2160210609436035,6
1,3.5117807388305664,7
0,6.484186172485352,3
2,8.586006164550781,5
2,5.046544551849365,4
0,4.933454513549805,2
1,5.459127426147461,0
3,6.44088888168335,1
2,4.718023300170898,8
1,5.459127902984619,0
3,5.046544551849365,4
0,8.604501724243164,5
2,6.44088888168335,1
0,6.461387634277344,3
1,5.597525596618652,9
3,3.5100975036621094,7
2,6.446940898895264,1
3,6.253997802734375,6
0,4.889514446258545,2
1,3.509347915649414,7
2,4.71417236328125,8
1,6.253997802734375,6
0,4.888836860656738,2
3,5.457064151763916,0
3,5.041805267333984,4
0,6.465555191040039,3
1,8.625248908996582,5
2,5.605727195739746,9
1,6.463770866394043,3
2,5.0423583984375,4
0,3.5084762573242188,7
3,6.255542755126953,6
0,4.83869743347168,2
2,5.41574764251709,0
3,6.425971508026123,1
1,5.607364177703857,9
3,6.425971031188965,1
0,4.814448356628418,8
1,8.67313289642334,5
2,6.273496150970459,6
2,6.4377641677856445,3
3,5.028958320617676,4
0,3.5060348510742188,7
1,4.814448356628418,8
3,4.560042858123779,2
0,8.65896987915039,5
2,5.406128883361816,0
1,5.60758113861084,9
2,3.503873586654663,7
0,6.254042625427246,3
1,5.023000717163086,4
3,5.406128406524658,0
0,6.431643486022949,1
1,4.560042858123779,2
2,8.65896987915039,5
3,4.815828323364258,8
2,5.600167751312256,9
3,6.313779354095459,6
0,6.308550834655762,6
1,4.546358108520508,2
1,4.760421276092529,8
0,3.4909234046936035,7
2,5.586948871612549,0
3,8.725702285766602,5
0,5.61363410949707,9
1,4.96407413482666,4
2,6.357717514038086,1
3,6.3096113204956055,3
0,4.760183334350586,8
2,5.968998908996582,9
3,3.485419750213623,7
1,4.531278133392334,2
0,5.575710296630859,0
3,6.3571391105651855,1
2,6.322880744934082,3
1,8.760204315185547,5
0,4.756811141967773,8
2,4.94992733001709,4
1,6.226471900939941,6
3,3.484130859375,7
3,4.5112762451171875,2
2,5.948091506958008,9
1,6.3100175857543945,6
0,6.337958335876465,3
0,6.356522560119629,1
3,8.793526649475098,5
1,5.540094375610352,0
2,5.032846450805664,4
3,6.337625503540039,3
0,4.509908676147461,2
2,6.309807777404785,6
1,5.947351455688477,9
1,5.530031204223633,0
2,4.95646858215332,4
0,8.824506759643555,5
3,4.750308513641357,8
1,4.493583679199219,2
0,6.356058597564697,1
2,4.750308036804199,8
3,3.4716081619262695,7
2,6.344520092010498,3
3,8.855264663696289,5
0,4.955320835113525,4
1,6.396714210510254,6
0,3.499678611755371,7
3,6.449766635894775,1
2,5.913629531860352,9
1,5.5176544189453125,0
2,3.4987869262695312,7
0,6.405215263366699,6
3,6.344405174255371,3
1,4.478855133056641,2
3,6.560619354248047,1
0,4.914430618286133,4
2,5.505023002624512,0
1,5.87484073638916,9
2,3.4683518409729004,7
0,4.891903400421143,8
3,5.5050225257873535,0
1,8.847530364990234,5
1,6.560619831085205,1
3,4.442102909088135,2
0,6.334771156311035,3
2,5.87484073638916,9
3,6.334771156311035,3
0,6.4223713874816895,6
2,4.914430618286133,4
1,5.87484073638916,9
3,6.5613555908203125,1
0,6.423179626464844,6
1,4.892640113830566,8
2,4.442234516143799,2
0,5.504916191101074,0
2,4.915545463562012,4
1,3.4688048362731934,7
3,8.8489408493042,5
3,6.334444999694824,3
1,5.505043029785156,0
2,8.84969711303711,5
0,4.916830062866211,4
3,4.891504287719727,8
0,6.559426784515381,1
2,4.440374374389648,2
1,3.4694886207580566,7
2,6.557595729827881,1
0,6.419839859008789,6
1,5.865911483764648,9
3,5.865911960601807,9
0,4.889090538024902,8
3,3.4708871841430664,7
2,4.913886070251465,4
1,8.84202766418457,5
3,4.4356279373168945,2
2,6.329075336456299,3
1,6.417964935302734,6
0,5.502626419067383,0
0,4.885655403137207,8
2,6.324095726013184,3
1,5.85513973236084,9
3,8.836628913879395,5
0,6.549929618835449,1
1,3.4740309715270996,7
3,6.412784576416016,6
2,5.50083065032959,0
0,3.476877212524414,7
1,4.422147750854492,2
2,4.906731605529785,4
3,4.906731605529785,4
2,4.878464221954346,8
0,6.399777412414551,6
1,4.422272205352783,2
3,5.845891952514648,9
3,6.530011177062988,1
1,5.494410991668701,0
2,6.310437202453613,3
0,8.815001487731934,5
3,6.390013694763184,6
2,5.493797302246094,0
1,4.416603088378906,2
0,3.478006362915039,7
3,4.865575790405273,8
0,6.520341873168945,1
2,6.30170202255249,3
1,8.803104400634766,5
1,3.47810435295105,7
2,4.401888370513916,2
3,4.895595073699951,4
0,5.848950386047363,9
2,5.48521614074707,0
0,6.36695671081543,6
3,5.845633506774902,9
1,6.291356086730957,3
3,4.858393669128418,8
2,6.508604049682617,1
0,8.79261302947998,5
1,4.892299652099609,4
0,6.500609397888184,1
1,4.3857011795043945,2
2,8.785089492797852,5
3,3.47615909576416,7
2,6.356249809265137,6
3,5.845290184020996,9
0,6.3004608154296875,3
1,4.885756015777588,4
2,4.844203472137451,8
0,4.3730950355529785,2
1,5.472129821777344,0
3,3.4724338054656982,7
0,6.272141456604004,3
3,5.823995113372803,9
1,4.872556209564209,4
2,6.487509250640869,1
3,5.462199687957764,0
0,8.760397911071777,5
2,4.832890033721924,8
1,6.326780796051025,6
2,6.326781749725342,6
1,5.834037780761719,9
0,6.522249221801758,1
3,4.343927383422852,2
1,6.272365570068359,3
2,4.820562362670898,8
3,4.824789047241211,4
0,8.742586135864258,5
2,3.130765914916992,7
0,5.448879718780518,0
1,3.130765914916992,7
3,5.448879718780518,0
0,4.8248748779296875,4
3,4.817627906799316,8
1,6.270187854766846,3
2,8.740639686584473,5
1,6.499433994293213,1
0,4.32827091217041,2
2,5.8714189529418945,9
3,6.301591873168945,6
1,5.855513095855713,9
3,6.2596755027771,3
0,6.28237247467041,6
2,4.799647331237793,8
3,6.478103160858154,1
1,4.797833442687988,4
0,8.723688125610352,5
2,3.129868507385254,7
0,4.799412727355957,8
2,4.328563690185547,2
1,4.797919273376465,4
3,5.436361312866211,0
2,5.858156681060791,9
3,8.722745895385742,5
0,6.256092071533203,3
1,3.1288323402404785,7
3,6.46375846862793,1
1,6.268082618713379,6
2,5.428106307983398,0
0,4.318673133850098,2
0,6.46375846862793,1
2,5.105960845947266,9
1,4.3186726570129395,2
3,8.712488174438477,5
1,4.7754411697387695,4
2,4.788116455078125,8
0,6.248408317565918,3
3,6.268083095550537,6
1,5.427738189697266,0
3,3.1207237243652344,7
2,6.248059272766113,3
0,6.462215900421143,1
0,4.772371292114258,8
1,5.092089653015137,9
3,3.116459369659424,7
2,8.697210311889648,5
1,6.24632453918457,6
0,5.416458606719971,0
3,4.749283790588379,4
2,4.28884220123291,2
3,6.437884330749512,1
1,4.74928092956543,4
2,5.092082977294922,9
0,8.69720458984375,5
3,4.750112056732178,8
2,6.2203688621521,6
1,3.112863302230835,7
0,6.227949142456055,3
0,5.410909652709961,0
3,3.112863302230835,7
1,5.4109086990356445,0
2,4.175950527191162,2
2,4.1736159324646,2
3,4.7501115798950195,8
1,4.715876579284668,4
0,5.077760696411133,9
0,6.40857458114624,1
3,8.38946533203125,5
1,6.205510139465332,6
2,6.219367980957031,3
1,6.216772079467773,3
0,5.397937774658203,0
2,4.688177108764648,4
3,6.405994415283203,1
2,6.198616027832031,6
3,8.387641906738281,5
0,5.065919876098633,9
1,4.161563873291016,2
1,4.722376346588135,8
0,6.384413242340088,1
2,3.097014904022217,7
3,3.097014904022217,7
1,4.147522926330566,2
3,4.721678733825684,8
0,8.37647533416748,5
2,6.208218097686768,3
3,5.061529636383057,9
0,5.38613224029541,0
2,6.179506301879883,6
1,4.660567283630371,4
0,6.199180603027344,3
1,5.050365924835205,9
3,6.363209247589111,1
2,4.640010356903076,4
1,4.710186958312988,8
2,6.142369270324707,0
0,8.36648941040039,5
3,3.0889196395874023,7
3,4.131702423095703,2
2,4.130984306335449,2
1,8.365584373474121,5
0,6.162006855010986,6
1,6.333141803741455,1
2,5.040351390838623,9
3,6.209514617919922,3
0,4.612218856811523,4
0,6.115686893463135,0
3,6.13417911529541,6
2,3.0851945877075195,7
1,4.692225456237793,8
1,6.115686893463135,0
2,5.040350914001465,9
0,3.0851945877075195,7
3,4.612218856811523,4
0,4.598653793334961,8
3,6.311532497406006,1
2,4.098932266235352,2
1,6.112236022949219,6
1,6.1984381675720215,3
3,6.19843864440918,3
2,8.64422607421875,5
0,6.11061429977417,6
3,4.597320556640625,8
1,8.644227027893066,5
0,3.075867176055908,7
2,6.094460964202881,0
0,6.309182643890381,1
2,5.0337371826171875,9
1,6.198439121246338,3
3,4.09749698638916,2
1,5.0337371826171875,9
0,6.11061429977417,6
3,4.58681583404541,4
2,6.198439121246338,3
2,4.597320556640625,8
1,4.097496509552002,2
0,6.309182643890381,1
3,6.11061429977417,6
1,6.094460487365723,0
0,3.075867176055908,7
2,8.64422607421875,5
3,4.58681583404541,4
1,4.5889482498168945,4
2,6.095094680786133,0
3,6.197946548461914,3
0,8.645639419555664,5
0,6.3091888427734375,1
3,3.0768163204193115,7
1,4.097223281860352,2
2,4.5966796875,8
2,5.028903961181641,9
1,6.3091888427734375,1
0,6.111362934112549,6
3,5.028903484344482,9
3,3.077101469039917,7
1,4.5967020988464355,8
0,8.64594841003418,5
2,4.589276313781738,4
0,6.196826934814453,3
1,6.110052108764648,6
2,4.096386909484863,2
3,6.093430042266846,0
3,4.593396186828613,8
2,5.024499893188477,9
0,8.64654541015625,5
1,6.196827411651611,3
2,6.306526184082031,1
1,6.110052108764648,6
3,6.0934295654296875,0
0,3.077232837677002,7
0,4.583003997802734,4
2,4.093981742858887,2
1,4.583004474639893,4
3,3.0794456005096436,7
0,4.586051940917969,8
2,4.093981742858887,2
3,6.104636192321777,6
1,5.018479347229004,9
1,6.300294876098633,1
2,6.194750785827637,3
3,6.086047649383545,0
0,8.537764549255371,5
2,6.106108665466309,6
3,6.087405681610107,0
1,4.094059467315674,2
0,3.0807414054870605,7
0,6.294430732727051,1
1,8.535484313964844,5
3,4.579206466674805,8
2,6.191831588745117,3
1,5.005854606628418,9
2,4.580038070678711,4
0,4.091218948364258,2
3,3.081965684890747,7
0,6.079184055328369,0
2,6.191831588745117,3
3,6.1003217697143555,6
1,5.00585412979126,9
2,6.286307334899902,1
1,4.57728910446167,4
0,8.534043312072754,5
3,4.571013450622559,8
2,3.083481788635254,7
1,6.286307334899902,1
0,8.53404426574707,5
3,4.084342956542969,2
1,6.185861110687256,3
2,6.092992305755615,6
0,4.57728910446167,4
3,4.993391036987305,9
1,4.498828887939453,8
0,4.07358980178833,2
2,3.089852809906006,7
3,6.057295799255371,0
2,6.266635894775391,1
1,6.177248477935791,3
0,4.115238666534424,4
3,4.976980686187744,9
3,4.498828887939453,8
1,6.057295799255371,0
0,6.077009201049805,6
2,8.523730278015137,5
2,5.346400260925293,9
0,6.246947765350342,1
1,6.061061859130859,6
3,4.06387996673584,2
0,6.1667938232421875,3
1,8.511404037475586,5
2,4.4835686683654785,8
3,4.1016035079956055,4
0,3.0943942070007324,7
2,3.094393253326416,7
1,6.041110992431641,0
3,6.041110992431641,0
3,4.48353910446167,8
2,6.166765213012695,3
0,8.511390686035156,5
1,4.101622581481934,4
1,5.33284854888916,9
0,6.0983500480651855,1
2,6.038084030151367,6
3,4.047989845275879,2
2,4.5196332931518555,8
1,6.034769058227539,6
3,6.153993606567383,3
0,5.33284854888916,9
1,6.0960493087768555,1
0,3.1010074615478516,7
3,4.0861639976501465,4
2,8.49575138092041,5
0,4.519155502319336,8
2,4.046709060668945,2
3,6.022290229797363,0
1,4.085937976837158,4
0,6.1408233642578125,3
1,8.47890567779541,5
2,2.989143133163452,7
3,5.767357349395752,9
0,6.065455436706543,1
2,4.030412197113037,2
3,6.005982398986816,6
1,5.997252464294434,0
1,6.065455436706543,1
2,4.030003547668457,2
3,8.479751586914062,5
0,5.767486095428467,9
0,5.971504211425781,6
3,4.039303302764893,4
1,6.124553203582764,3
2,4.472471237182617,8
3,6.028200149536133,1
1,6.1245527267456055,3
2,2.9992032051086426,7
0,5.971652984619141,0
0,4.471855640411377,8
3,2.9989657402038574,7
1,5.752541542053223,9
2,8.45961856842041,5
2,3.9888534545898438,2
0,5.92958927154541,6
3,5.823854923248291,0
1,4.014304161071777,4
2,5.985905647277832,1
0,8.432806015014648,5
1,5.73532247543335,9
3,4.014303684234619,4
0,3.011885166168213,7
2,5.929588794708252,6
3,6.104557037353516,3
1,4.444099426269531,8
0,5.7990899085998535,0
2,3.0260708332061768,7
1,5.799090385437012,0
3,3.9634268283843994,2
0,4.415935039520264,8
2,5.717860221862793,9
1,3.989119291305542,4
3,3.9634268283843994,2
0,6.081005096435547,3
3,5.934999942779541,1
2,8.40473747253418,5
1,5.8822340965271,6
1,3.9635181427001953,4
2,5.774455547332764,0
3,6.059493541717529,3
0,5.892523765563965,1
3,3.9403798580169678,2
1,5.8407392501831055,6
0,8.379781723022461,5
2,5.693528175354004,9
0,5.886327743530273,1
1,3.197117805480957,7
3,3.1971170902252197,7
2,4.385708332061768,8
0,6.0433430671691895,3
2,4.3633551597595215,8
3,3.921692132949829,2
1,8.358001708984375,5
1,5.804984092712402,6
0,5.751055717468262,0
2,3.940309762954712,4
3,5.671892166137695,9
1,5.845968723297119,1
0,6.041537284851074,3
3,5.671404838562012,9
2,3.9396564960479736,4
0,4.336615562438965,8
1,3.214904308319092,7
2,5.730278015136719,0
3,8.331684112548828,5
2,5.593178749084473,6
0,4.120993614196777,2
1,8.32815933227539,5
3,4.120993614196777,2
2,5.799912929534912,1
1,5.649064540863037,9
0,6.018093109130859,3
3,3.915142059326172,4
2,4.311553001403809,8
3,5.7072367668151855,0
0,3.2241077423095703,7
1,5.556610584259033,6
2,3.22462797164917,7
1,5.70311975479126,0
3,3.890590190887451,4
0,5.6312713623046875,9
0,5.757762908935547,1
1,5.550075531005859,6
3,4.308231353759766,8
2,4.101161003112793,2
2,5.991487979888916,3
3,5.991487503051758,3
1,5.542025566101074,6
0,8.283185005187988,5
3,4.08849573135376,2
2,3.871310234069824,4
0,4.291545867919922,8
1,5.683959007263184,0
1,5.728213787078857,1
0,5.616744041442871,9
3,8.26587963104248,5
2,3.290102005004883,7
3,5.669747352600098,0
2,8.240215301513672,5
0,3.856534481048584,4
1,4.276618957519531,8
3,5.616466999053955,1
0,3.2933430671691895,7
1,5.967160224914551,3
2,5.490223407745361,6
0,5.754096508026123,9
1,8.23987865447998,5
2,4.06981086730957,2
3,4.06981086730957,2
2,5.615084648132324,1
3,5.755096435546875,9
0,3.2926948070526123,7
1,4.27458381652832,8
3,3.8437962532043457,4
2,5.468964576721191,6
1,5.657896041870117,0
0,5.952969551086426,3
2,5.657895565032959,0
1,4.0561933517456055,2
0,8.220041275024414,5
3,5.952969551086426,3
1,5.46896505355835,6
0,5.745092391967773,9
2,5.497432231903076,1
3,3.843172550201416,4
3,4.206338882446289,8
1,3.287599563598633,7
2,3.2875993251800537,7
0,4.206337928771973,8
0,5.447136878967285,6
1,3.8338050842285156,4
3,5.937469482421875,3
2,8.19973087310791,5
1,5.476652145385742,1
2,4.039292812347412,2
0,5.7367844581604,9
3,5.648340225219727,0
1,4.022683143615723,2
2,5.417325973510742,6
3,5.727859973907471,9
0,8.17377758026123,5
1,4.1900835037231445,8
2,5.921362400054932,3
3,5.449114799499512,1
0,3.819802761077881,4
0,5.63316535949707,0
3,3.2894721031188965,7
1,5.72743034362793,9
2,4.189910888671875,8
1,5.422152519226074,1
0,3.290339708328247,7
3,3.802009105682373,4
2,8.14502239227295,5
0,3.9967236518859863,2
2,5.9032745361328125,3
3,5.315117835998535,6
1,5.620122909545898,0
3,5.903275012969971,3
1,8.144560813903809,5
0,4.175018310546875,8
2,5.421056747436523,1
0,3.2959647178649902,7
1,5.693937301635742,9
3,5.47305965423584,6
2,4.22397518157959,2
1,3.8942456245422363,4
2,5.405538082122803,0
3,5.919399738311768,3
0,5.458221435546875,1
3,4.2227606773376465,2
0,3.29525089263916,7
2,3.894564628601074,4
1,5.471802711486816,6
2,4.09731388092041,8
1,5.380254745483398,0
0,8.292558670043945,5
3,5.675851345062256,9
2,5.429103851318359,1
0,5.903936386108398,3
3,4.09731388092041,8
1,5.439704895019531,6
3,3.304110050201416,7
2,4.193679332733154,2
1,8.292558670043945,5
0,5.676637172698975,9
1,5.4707536697387695,1
0,5.352441787719727,0
3,5.406492233276367,6
2,3.848785877227783,4
2,4.07598876953125,8
0,5.352441787719727,0
1,8.265190124511719,5
3,5.657199382781982,9
0,4.180713653564453,2
2,3.311962842941284,7
1,5.891783714294434,3
3,3.8480300903320312,4
3,3.3222343921661377,7
1,3.852750539779663,4
0,5.880186080932617,3
2,8.239309310913086,5
0,5.442063331604004,1
2,5.676902770996094,6
3,5.320899963378906,0
1,5.637892723083496,9
1,4.05307674407959,8
0,4.168318748474121,2
3,4.168317794799805,2
2,8.241887092590332,5
1,5.868520736694336,3
0,3.827505350112915,4
2,4.0322747230529785,8
3,3.3323097229003906,7
0,5.289240837097168,0
1,5.333917617797852,6
2,5.618879318237305,9
3,5.410816669464111,1
1,4.157057762145996,2
0,4.030920028686523,8
3,3.3311657905578613,7
2,5.410270690917969,1
1,5.303282260894775,6
0,5.261934757232666,0
3,8.191007614135742,5
2,3.8045525550842285,4
2,5.857791900634766,3
3,5.601560592651367,9
0,5.601560592651367,9
1,5.261934757232666,0
0,4.011017322540283,8
2,5.301939010620117,6
1,3.804594039916992,4
3,5.381227493286133,1
3,3.3419408798217773,7
1,5.841092109680176,3
0,8.166047096252441,5
2,4.136742115020752,2
1,5.273041725158691,6
2,4.136028289794922,2
0,5.290284156799316,1
3,3.3419411182403564,7
0,5.8389892578125,3
2,5.238079071044922,0
1,3.784961223602295,4
3,3.9941768646240234,8
3,5.574218273162842,9
0,8.149731636047363,5
1,3.772460460662842,4
2,6.3307013511657715,3
0,5.252957820892334,6
2,4.128813743591309,2
1,3.336540460586548,7
3,5.574217796325684,9
0,5.273814678192139,1
3,5.222723007202148,0
2,3.9868290424346924,8
1,8.14973258972168,5
1,5.25342321395874,1
0,8.127530097961426,5
3,5.202674865722656,0
2,4.282901763916016,2
0,5.225155353546143,6
2,6.305936813354492,3
1,3.337246894836426,7
3,5.560770511627197,9
0,6.305936813354492,3
2,3.973132610321045,8
3,3.756023406982422,4
1,5.25230598449707,1
2,5.181245803833008,0
0,8.101776123046875,5
1,3.7367374897003174,4
3,4.270472526550293,2
0,5.1923089027404785,6
1,5.443329811096191,9
3,3.408222198486328,7
2,3.955488443374634,8
3,6.277660846710205,3
1,4.2697224617004395,2
2,5.441997528076172,9
0,5.224674224853516,1
0,8.078784942626953,5
3,5.166057586669922,6
2,3.720245361328125,4
1,3.940114974975586,8
0,5.1530351638793945,0
2,6.250479221343994,3
3,5.1530351638793945,0
1,3.4142134189605713,7
0,4.262310981750488,2
3,5.43073844909668,9
1,3.715836524963379,4
2,8.073424339294434,5
0,3.9243969917297363,8
1,5.137943744659424,6
2,5.1483941078186035,1
3,3.414609432220459,7
0,5.1333112716674805,6
3,8.05439567565918,5
2,3.6984896659851074,4
1,6.229011535644531,3
0,5.145910263061523,1
3,3.4133646488189697,7
2,3.923494815826416,8
1,4.254970550537109,2
3,5.412456512451172,9
2,5.412456512451172,9
0,3.6957755088806152,4
1,5.3068366050720215,0
0,4.244747161865234,2
1,6.211456298828125,3
3,5.296758651733398,0
2,8.03640079498291,5
3,3.9145407676696777,8
1,3.409862756729126,7
0,5.128847122192383,1
2,5.112389087677002,6
2,5.281028747558594,0
3,6.191783905029297,3
1,5.114666938781738,1
0,5.398101806640625,9
0,5.091036319732666,6
3,3.405775785446167,7
1,7.887443542480469,5
2,4.234514236450195,2
3,3.9056315422058105,8
0,6.1897149085998535,3
1,3.9056317806243896,8
2,3.6767020225524902,4
2,5.09552001953125,1
0,5.0697021484375,6
1,3.4077839851379395,7
3,4.224924087524414,2
0,5.26248836517334,0
2,7.858214378356934,5
3,5.388426780700684,9
1,3.8069705963134766,4
1,4.732264518737793,1
0,3.8960330486297607,8
3,4.223080635070801,2
2,3.8077306747436523,4
2,6.1613593101501465,3
0,5.258196830749512,0
3,5.062142372131348,6
1,7.855473518371582,5
2,3.820087432861328,9
0,3.82008695602417,9
3,3.290562152862549,7
1,3.290562152862549,7
0,5.030229568481445,6
1,8.739505767822266,5
3,3.7105021476745605,8
2,5.149802207946777,2
1,5.994104862213135,3
2,4.4467926025390625,1
3,4.513313293457031,4
0,6.209138870239258,0
0,4.4467926025390625,1
2,3.7271056175231934,8
1,3.8078012466430664,9
3,4.506552696228027,4
3,3.2966408729553223,7
2,6.20198917388916,0
0,8.708194732666016,5
1,5.142394065856934,2
1,4.966982841491699,6
3,4.488641262054443,4
2,3.79506778717041,9
0,5.960972309112549,3
2,5.960972785949707,3
1,3.7112934589385986,8
3,6.174776554107666,0
0,5.137887001037598,2
1,4.422826766967773,1
0,8.681726455688477,5
2,3.3031954765319824,7
3,4.966446876525879,6
2,3.0186214447021484,8
3,3.783720016479492,9
0,5.911855697631836,3
1,4.997501373291016,2
2,4.5196533203125,1
3,3.311598300933838,7
0,8.627680778503418,5
1,4.630945205688477,4
1,6.097787857055664,0
2,4.987393379211426,6
0,3.773979663848877,9
3,4.987393379211426,6
2,3.0005416870117188,8
0,6.0977888107299805,0
3,8.50726318359375,5
1,4.991804599761963,2
1,4.498547077178955,1
2,5.8858442306518555,3
3,4.615067958831787,4
0,3.410522937774658,7
0,3.0004963874816895,8
3,6.097504615783691,0
2,4.980202674865723,6
1,4.614179611206055,4
1,3.7621207237243652,9
0,8.47280216217041,5
2,4.47716760635376,1
3,3.4244213104248047,7
1,5.85669469833374,3
2,6.071874141693115,0
0,3.7621207237243652,9
3,4.985692024230957,2
2,5.856090545654297,3
1,4.944840431213379,6
0,8.464956283569336,5
3,4.596646308898926,4
3,4.455895900726318,1
2,2.917154312133789,8
0,4.972955703735352,2
1,3.437913417816162,7
1,4.577826499938965,4
2,5.8262200355529785,3
0,3.437913417816162,7
3,2.917154312133789,8
2,4.969364166259766,2
3,4.4383158683776855,1
1,3.7370076179504395,9
0,8.386495590209961,5
0,6.021864891052246,0
2,8.386495590209961,5
1,3.7370076179504395,9
3,4.8756561279296875,6
0,4.875655174255371,6
2,4.560566425323486,4
3,5.798210144042969,3
1,3.452212333679199,7
1,2.957810640335083,8
3,5.046436309814453,0
2,4.525903701782227,1
0,3.9818482398986816,2
1,5.32459020614624,9
3,5.046435356140137,0
0,5.841377258300781,3
2,4.841675758361816,6
2,2.9569501876831055,8
0,3.4924938678741455,7
1,3.981330394744873,2
3,7.395654201507568,5
0,5.309340476989746,9
1,4.501280784606934,1
3,3.775245189666748,4
2,5.8057427406311035,3
3,4.5005083084106445,1
1,4.800258636474609,6
0,3.7760119438171387,4
2,2.9451780319213867,8
0,5.047359943389893,0
2,7.347752571105957,5
3,3.9714150428771973,2
1,3.50526762008667,7
0,7.306435585021973,5
2,3.7541441917419434,4
3,3.519319534301758,7
1,4.216840744018555,6
3,3.9573826789855957,2
2,5.033869743347168,0
1,4.53794002532959,1
0,5.294144630432129,9
2,4.211695671081543,6
1,6.280684471130371,5
0,2.9287126064300537,8
3,5.734917640686035,3
0,3.5343563556671143,7
1,5.279007911682129,9
3,5.021485328674316,0
2,4.533585071563721,1
1,5.727549076080322,3
2,3.7501072883605957,4
3,2.927880048751831,8
0,3.9401438236236572,2
0,4.51485013961792,1
1,3.5501861572265625,7
2,6.22987174987793,5
3,5.012981414794922,0
3,2.932878017425537,8
0,3.733898878097534,4
1,5.2720160484313965,9
2,4.176617622375488,6
3,3.9260549545288086,2
0,3.7338991165161133,4
1,4.176617622375488,6
2,5.689405918121338,3
0,2.921736240386963,8
1,5.68290901184082,3
2,3.9125993251800537,2
3,5.003434181213379,0
1,5.259050369262695,9
2,3.565218210220337,7
3,4.517234802246094,1
0,6.237393379211426,5
3,4.5172343254089355,1
0,3.912398338317871,2
1,6.237393379211426,5
2,5.003434181213379,0
2,2.910223960876465,8
3,3.5789599418640137,7
1,3.7245466709136963,4
0,4.134025573730469,6
0,5.24598503112793,9
1,5.644484519958496,3
2,4.988259315490723,0
3,4.12769079208374,6
0,2.9098620414733887,8
1,6.090723991394043,5
3,5.244922161102295,9
2,3.7207469940185547,4
1,5.615970611572266,3
2,3.8965325355529785,2
3,3.594296455383301,7
0,4.4867143630981445,1
0,5.610208988189697,3
1,4.97447395324707,0
2,2.899200677871704,8
3,6.056693077087402,5
2,4.482945442199707,1
0,3.8993947505950928,2
1,4.103374481201172,6
3,3.7037291526794434,4
1,2.899019718170166,8
0,4.1033735275268555,6
2,3.5960378646850586,7
3,5.228116989135742,9
1,3.893885612487793,2
2,5.211307048797607,9
3,3.6126132011413574,7
0,4.960816860198975,0
2,4.59257698059082,1
3,5.57174825668335,3
0,6.017638206481934,5
1,3.6857833862304688,4
0,3.6126081943511963,7
2,3.6857831478118896,4
3,4.079533100128174,6
1,6.017638206481934,5
2,2.8892273902893066,8
0,4.960991859436035,0
3,5.210958957672119,9
1,5.571527481079102,3
0,4.94805908203125,0
1,3.8892664909362793,2
2,5.199741840362549,9
3,4.572344779968262,1
0,4.572344779968262,1
1,3.6289238929748535,7
3,3.8892664909362793,2
2,3.6408638954162598,4
1,2.8793368339538574,8
2,4.056001663208008,6
3,5.981071472167969,5
0,5.533821105957031,3
0,5.500785827636719,3
2,5.9499921798706055,5
1,3.886155366897583,2
3,3.6257033348083496,4
0,4.5541462898254395,1
1,5.18385648727417,9
3,3.644077777862549,7
2,4.0347466468811035,6
2,2.8677070140838623,8
0,4.9372477531433105,0
1,4.034746170043945,6
3,5.949531555175781,5
0,4.549873352050781,1
1,3.8814406394958496,2
2,3.645615339279175,7
3,5.486946105957031,3
3,2.85832142829895,8
0,5.169363498687744,9
2,3.6108999252319336,4
1,4.926811218261719,0
1,5.4653520584106445,3
3,5.168455600738525,9
0,5.911521911621094,5
2,3.6595911979675293,7
0,4.53552770614624,1
2,3.611473321914673,4
3,4.012871265411377,6
1,4.926694869995117,0
1,3.883711814880371,2
0,2.848707675933838,8
2,5.434630393981934,3
3,4.517776966094971,1
1,3.8837122917175293,2
0,4.909286022186279,0
2,2.848707675933838,8
3,3.6742429733276367,7
0,5.155796527862549,9
2,3.9905319213867188,6
1,5.875488758087158,5
3,3.5958690643310547,4
1,3.987062454223633,6
2,4.905862331390381,0
3,4.514405727386475,1
0,5.4238786697387695,3
0,2.7503342628479004,8
3,3.885244369506836,2
2,5.843288421630859,5
1,3.6886885166168213,7
2,5.404260158538818,3
0,3.5795183181762695,4
3,5.142696380615234,9
1,5.142696380615234,9
2,2.74865984916687,8
1,4.888945579528809,0
3,5.828618049621582,5
0,3.6897964477539062,7
1,3.888016700744629,2
3,4.483757972717285,1
0,3.5623302459716797,4
2,3.9443747997283936,6
3,5.175788402557373,9
2,3.9443750381469727,6
0,3.562330484390259,4
1,5.803617000579834,5
3,2.745616912841797,8
0,4.483757972717285,1
1,4.874607086181641,0
2,3.7026517391204834,7
3,4.4814453125,1
0,3.704442262649536,7
2,3.886819362640381,2
1,5.362331867218018,3
0,4.861788749694824,0
1,3.4351725578308105,4
2,5.341545104980469,3
3,5.164262294769287,9
3,3.8918116092681885,2
1,2.742201328277588,8
0,3.921205520629883,6
2,5.8576436042785645,5
1,4.467275619506836,1
3,3.921205759048462,6
2,3.63740873336792,7
0,3.435513973236084,4
1,3.8901402950286865,2
0,4.849310874938965,0
2,5.155561923980713,9
3,5.831435203552246,5
0,5.313567161560059,3
1,2.739675998687744,8
2,5.153764247894287,9
3,5.3135666847229,3
2,3.6515822410583496,7
3,3.9002737998962402,6
1,4.845530986785889,0
0,3.4239892959594727,4
2,4.343849182128906,1
3,2.7393100261688232,8
1,3.8939504623413086,2
0,5.824278354644775,5
1,3.4380550384521484,4
0,4.830203056335449,0
3,3.886362314224243,6
2,3.892225742340088,2
3,5.143675327301025,9
2,3.6656105518341064,7
0,5.287041664123535,3
1,5.794595241546631,5
2,2.735475540161133,8
1,2.735475540161133,8
3,4.33357572555542,1
0,5.143675327301025,9
2,3.8813486099243164,6
1,4.830116271972656,0
0,3.43809175491333,4
3,3.6655681133270264,7
0,3.9006900787353516,2
1,5.770176887512207,5
3,5.263444423675537,3
2,4.322412967681885,1
3,4.814074993133545,0
1,3.427100658416748,4
2,3.6786930561065674,7
0,5.263443946838379,3
1,2.732313632965088,8
3,5.129717826843262,9
0,5.7697272300720215,5
2,4.322037220001221,1
0,4.315894603729248,1
1,3.8893325328826904,2
2,3.8498120307922363,6
3,5.8057966232299805,5
2,4.830869674682617,0
0,3.8893327713012695,2
1,3.3964083194732666,4
3,2.706897258758545,8
1,3.8500959873199463,6
2,5.29478645324707,3
0,3.6830291748046875,7
3,5.118688106536865,9
0,5.294529438018799,3
2,5.1195502281188965,9
3,4.3157172203063965,1
1,3.39485239982605,4
3,3.8361306190490723,6
2,4.817783355712891,0
0,6.11733341217041,5
1,2.705394744873047,8
1,3.892197370529175,2
0,4.06777286529541,7
3,5.278888702392578,3
2,3.836130142211914,6
1,3.893752098083496,2
2,3.380375385284424,4
3,4.807801246643066,0
0,6.103287696838379,5
1,4.293263912200928,1
3,2.700345754623413,8
0,4.076135635375977,7
2,4.992753982543945,9
2,3.8984615802764893,2
3,3.8224339485168457,6
1,6.095202445983887,5
0,4.076135635375977,7
3,4.982442855834961,9
2,5.243875503540039,3
1,4.281042575836182,1
0,2.696207046508789,8
3,4.678817272186279,0
0,3.369218349456787,4
2,4.678816795349121,0
1,3.369218349456787,4
3,2.6961913108825684,8
1,5.243871688842773,3
0,6.0734968185424805,5
2,3.805349826812744,6
0,4.27189826965332,1
2,4.090826511383057,7
1,3.9059576988220215,2
3,4.973907470703125,9
2,4.091950416564941,7
0,2.6923885345458984,8
3,4.664931297302246,0
1,4.972150802612305,9
2,5.225961208343506,3
3,6.053253173828125,5
1,3.9111390113830566,2
0,3.3587234020233154,4
2,2.6884605884552,8
1,3.802337646484375,6
0,3.802338123321533,6
3,4.261634826660156,1
1,3.9188671112060547,2
3,4.259105682373047,1
0,5.341268539428711,3
2,3.3493847846984863,4
1,4.962079048156738,9
3,4.0985517501831055,7
2,5.787078380584717,5
0,4.651460647583008,0
0,3.6708984375,6
2,5.778878688812256,5
1,3.304225444793701,4
3,4.251220703125,1
2,2.8697190284729004,8
0,4.643616676330566,0
3,4.95557975769043,9
1,5.327179908752441,3
2,3.916677474975586,2
3,3.582864284515381,6
0,5.327177047729492,3
1,4.105764389038086,7
0,4.243613243103027,1
1,3.3547394275665283,2
2,4.9492692947387695,9
3,4.633929252624512,0
2,2.8662912845611572,8
0,4.113209247589111,7
1,5.771549701690674,5
3,3.295635223388672,4
2,2.866109848022461,8
0,3.2957160472869873,4
1,5.771258354187012,5
3,4.633914470672607,0
0,4.188910961151123,7
2,5.298571586608887,3
3,4.756680965423584,9
1,4.234184741973877,1
1,3.358612060546875,2
2,3.550971031188965,6
3,4.625031471252441,0
0,5.756879806518555,5
1,2.8632538318634033,8
0,4.756680965423584,9
3,4.234185218811035,1
2,3.550971031188965,6
2,3.358618974685669,2
3,5.285161018371582,3
1,3.278398036956787,4
0,4.192775726318359,7
0,4.192317962646484,7
2,4.224605560302734,1
3,3.3634753227233887,2
1,5.742316246032715,5
3,5.2792158126831055,3
0,4.608287811279297,0
2,2.859772205352783,8
1,4.750540733337402,9
0,3.447312831878662,2
2,3.515202283859253,6
3,3.515202045440674,6
1,3.2665436267852783,4
2,5.062156677246094,3
1,4.215731143951416,1
0,3.2653579711914062,4
3,5.72361421585083,5
2,2.855191707611084,8
1,4.199162006378174,7
0,4.738057613372803,9
3,4.5726399421691895,0
3,4.572640419006348,0
2,5.046421527862549,3
1,5.70371150970459,5
0,3.2565011978149414,4
0,4.732970714569092,9
2,2.8530678749084473,8
3,3.486283779144287,6
1,4.197457790374756,1
1,3.402400493621826,2
2,4.200207710266113,7
3,3.2469875812530518,4
0,5.361906051635742,3
1,4.74638557434082,9
0,5.673908233642578,5
2,2.8528518676757812,8
3,4.552926063537598,0
3,3.412691593170166,2
1,4.202243804931641,7
2,3.366868495941162,6
0,4.182938098907471,1
2,4.7515764236450195,9
3,4.5405497550964355,0
0,4.205503463745117,7
1,5.616997241973877,5
2,4.172067165374756,1
1,2.8499526977539062,8
0,5.315302848815918,3
3,3.1503825187683105,4
2,3.426166296005249,2
1,3.3497629165649414,6
3,3.148437023162842,4
0,4.202919006347656,7
3,4.1619415283203125,1
0,4.485114097595215,0
2,5.299758434295654,3
1,5.588350296020508,5
2,2.847867965698242,8
3,3.4381935596466064,2
0,3.331270217895508,6
1,4.740750789642334,9
3,4.152847766876221,1
0,2.8458704948425293,8
1,3.444139242172241,2
2,5.279906272888184,3
0,3.3191213607788086,6
2,5.564060211181641,5
3,3.128053903579712,4
1,4.1961283683776855,7
2,4.732837200164795,9
1,4.732837677001953,9
0,4.467331886291504,0
3,2.8429901599884033,8
3,3.4623429775238037,2
1,4.458492279052734,0
0,3.1182966232299805,4
2,5.543609619140625,5
1,5.242025375366211,3
3,4.188620567321777,7
2,3.4663219451904297,6
0,4.358834266662598,1
1,2.833767890930176,8
2,3.4489824771881104,6
0,5.516219615936279,5
3,3.3548154830932617,4
2,3.469886541366577,2
1,5.2270355224609375,3
0,4.72152853012085,9
3,4.181458473205566,7
3,4.3358683586120605,1
0,4.713036060333252,9
1,3.477675437927246,2
2,4.442663192749023,0
1,2.830878734588623,8
3,5.2120513916015625,3
2,3.2485713958740234,4
0,4.174027442932129,7
2,4.323544979095459,1
3,4.4342942237854,0
0,3.4305272102355957,6
1,5.493228912353516,5
3,4.3229146003723145,1
2,2.82568359375,8
0,3.484513759613037,2
1,4.434254169464111,0
2,5.184017658233643,3
0,3.4208719730377197,6
3,3.227602005004883,4
1,5.6185688972473145,5
0,2.821685314178467,8
1,4.699724197387695,9
2,4.162762641906738,7
3,3.2272701263427734,4
0,3.4094738960266113,6
1,5.602895736694336,5
3,3.5046870708465576,2
2,4.417844772338867,0
1,4.693455696105957,9
2,4.299145221710205,1
3,4.156333923339844,7
0,5.05236291885376,3
0,2.8145995140075684,8
1,4.685302257537842,9
3,3.5166175365448,2
2,3.3983676433563232,6
0,4.287900924682617,1
1,4.150049209594727,7
3,3.2060916423797607,4
2,5.58560037612915,5
0,4.400943756103516,0
1,4.400943756103516,0
3,3.5277700424194336,2
2,5.023510932922363,3
3,2.8099167346954346,8
1,5.022900581359863,3
2,3.193866729736328,4
0,5.573525428771973,5
2,4.263613700866699,1
3,4.138674736022949,7
1,4.6688127517700195,9
0,3.377207040786743,6
2,2.8065333366394043,8
3,4.137744903564453,7
0,5.561916351318359,5
1,4.6703925132751465,9
1,4.25253438949585,1
2,4.381390571594238,0
0,4.976567268371582,3
3,3.3674511909484863,6
1,3.549224853515625,2
0,3.3670318126678467,6
2,4.1310577392578125,7
3,3.165902614593506,4
0,4.24153995513916,1
3,2.7788233757019043,8
1,4.370111465454102,0
2,4.964550971984863,3
3,3.562893867492676,2
1,4.6485114097595215,9
2,3.1504526138305664,4
0,5.541733741760254,5
3,2.7749671936035156,8
2,4.123301029205322,7
0,3.347672462463379,6
1,5.533540725708008,5
0,4.226150035858154,1
3,4.354452133178711,0
1,4.946152210235596,3
2,3.1370439529418945,4
2,3.587116241455078,2
3,4.636380195617676,9
1,4.118086338043213,7
0,4.636380672454834,9
2,4.220570087432861,1
1,2.768841505050659,8
3,4.347162246704102,0
0,4.935088157653809,3
2,3.598803997039795,2
3,3.3264007568359375,6
0,3.1213061809539795,4
1,5.516496658325195,5
3,4.335032939910889,0
2,4.623196601867676,9
0,5.512123107910156,5
1,3.6031296253204346,2
3,4.104917526245117,7
0,4.906794548034668,3
2,3.110685348510742,4
1,3.651033878326416,6
1,4.198068618774414,1
0,2.762293815612793,8
3,4.198068618774414,1
2,4.615077972412109,9
0,4.892462730407715,3
1,3.6237902641296387,2
2,3.645000457763672,6
3,3.080357074737549,4
2,2.757524013519287,8
1,4.093388080596924,7
3,4.313551425933838,0
0,5.496587753295898,5
1,4.187112808227539,1
3,2.757524013519287,8
2,4.160350322723389,9
0,4.091851234436035,7
1,3.6413121223449707,2
0,3.060807704925537,4
3,3.6327877044677734,6
2,4.305097579956055,0
3,2.7556166648864746,8
2,3.060807704925537,4
0,4.871068954467773,3
1,5.534982681274414,5
2,4.164214611053467,1
3,3.6481237411499023,2
1,4.296878814697266,0
0,5.531411170959473,5
0,4.1422953605651855,9
3,4.862510681152344,3
2,4.0769476890563965,7
1,3.627199649810791,6
3,2.755777597427368,8
0,4.163913726806641,1
2,3.0488712787628174,4
1,5.532229900360107,5
0,4.854491233825684,3
1,4.070152282714844,7
3,4.289714813232422,0
2,3.6205453872680664,6
2,4.134500503540039,9
1,4.28971529006958,0
0,3.654249668121338,2
3,3.654249906539917,2
3,2.7567007541656494,8
1,3.039386034011841,4
2,4.069425582885742,7
0,4.153744697570801,1
2,3.6812639236450195,6
1,4.846904754638672,3
0,5.5232391357421875,5
3,4.126985549926758,9
0,4.282465934753418,0
1,3.6599984169006348,2
2,4.127002716064453,9
3,4.06315279006958,7
1,4.144041538238525,1
0,4.846930503845215,3
3,3.6811683177948,6
2,3.030982255935669,4
3,2.7597415447235107,8
0,4.057210445404053,7
2,5.5201945304870605,5
1,2.7597415447235107,8
0,4.119977951049805,9
1,4.8398051261901855,3
2,5.520195960998535,5
3,3.0210633277893066,4
2,4.134522914886475,1
0,4.274907112121582,0
1,3.6652050018310547,2
3,3.674222946166992,6
0,4.055329322814941,7
2,2.759448528289795,8
3,3.674083709716797,6
1,5.520939350128174,5
0,3.6728038787841797,2
2,4.828262805938721,3
3,4.112466812133789,9
1,3.01114821434021,4
1,4.125266075134277,1
2,4.267642021179199,0
0,3.2319817543029785,6
3,4.112466812133789,9
3,3.6817662715911865,8
1,4.827736854553223,3
0,4.26729679107666,0
2,3.6722092628479004,2
0,4.114963054656982,1
3,5.511340141296387,5
1,3.000631809234619,4
2,4.043124675750732,7
3,2.9998745918273926,4
0,4.114982604980469,1
1,4.817392826080322,3
2,4.2578558921813965,0
1,3.6858949661254883,8
0,3.687654495239258,2
2,4.03611421585083,7
3,3.2175116539001465,6
2,4.104731559753418,1
3,4.097602844238281,9
0,5.506508827209473,5
1,5.506507873535156,5
3,3.688727378845215,8
0,4.8011932373046875,3
2,4.093555450439453,9
1,4.031423568725586,7
0,3.6893036365509033,2
3,3.212127685546875,6
1,4.242530345916748,0
2,2.9809508323669434,4
3,4.233696937561035,0
0,2.972346544265747,4
2,5.505931377410889,5
1,4.088568687438965,9
0,4.090216636657715,1
1,3.6907970905303955,2
2,3.206566572189331,6
3,4.026510238647461,7
2,4.787457466125488,3
1,4.02023983001709,7
3,4.08304500579834,1
0,3.692901611328125,8
0,3.692821502685547,8
3,3.6930012702941895,2
1,4.786933898925781,3
2,4.08506965637207,9
0,4.216490745544434,0
2,2.955054521560669,4
1,3.195671558380127,6
3,5.501461029052734,5
3,4.075254917144775,1
2,3.6947436332702637,8
1,4.012731552124023,7
0,3.195323944091797,6
2,4.769328594207764,3
0,4.2084479331970215,0
1,2.9451961517333984,4
3,5.501472473144531,5
2,4.7693328857421875,3
3,3.6996655464172363,2
1,4.034543514251709,7
0,4.074012756347656,9
3,4.067508697509766,9
0,4.200901985168457,0
2,2.9350578784942627,4
1,5.493630409240723,5
1,4.061222076416016,1
3,3.6997671127319336,8
0,3.707505226135254,2
2,3.1829113960266113,6
2,3.702993869781494,8
0,3.1785247325897217,6
3,4.0643310546875,9
1,3.7088990211486816,2
0,4.056091785430908,1
2,2.926673650741577,4
1,4.194225311279297,0
3,4.023491859436035,7
1,4.020176887512207,7
2,2.9220452308654785,4
0,4.746201992034912,3
3,5.486728668212891,5
0,4.74587869644165,3
1,3.710594654083252,2
3,4.062292575836182,9
2,3.7019777297973633,8
3,4.0485029220581055,1
1,4.182746887207031,0
0,3.1609625816345215,6
2,5.481332302093506,5
2,3.7013258934020996,8
3,4.045507907867432,1
1,3.7163329124450684,2
0,2.9104294776916504,4
3,4.724690914154053,3
2,3.155892848968506,6
1,4.176266670227051,0
0,5.475638389587402,5
2,4.0513596534729,9
1,4.181313514709473,0
0,4.0513596534729,9
3,4.009949207305908,7
2,4.021359920501709,1
3,3.724679708480835,2
1,3.701620578765869,8
0,5.470768928527832,5
2,4.006729602813721,7
3,2.8959579467773438,4
0,3.1471595764160156,6
1,4.710687160491943,3
2,4.7065534591674805,3
3,4.173765182495117,0
0,3.145240068435669,6
1,4.045021057128906,9
1,4.005703926086426,1
0,4.003417015075684,7
3,2.8869242668151855,4
2,5.461699485778809,5
1,3.7357177734375,2
2,3.702733039855957,8
0,4.698034763336182,3
3,5.461677074432373,5
3,3.6993508338928223,8
1,4.034703731536865,9
0,3.742764949798584,2
2,4.587826728820801,0
3,3.9999375343322754,1
0,3.133975028991699,6
2,4.000166893005371,7
1,2.8802452087402344,4
3,3.994385242462158,1
2,3.998218536376953,7
0,2.875418186187744,4
1,3.1284990310668945,6
3,4.028545379638672,9
2,3.750319480895996,2
1,4.577416896820068,0
0,4.682496070861816,3
2,3.6888396739959717,8
3,4.019964694976807,9
1,3.6888394355773926,8
0,5.454669952392578,5
3,4.566028594970703,0
0,4.6747846603393555,3
2,3.7580432891845703,2
1,3.995943069458008,7
3,3.9833831787109375,1
2,2.865274429321289,4
0,3.1180360317230225,6
1,5.456973552703857,5
2,3.983229637145996,1
0,3.687055826187134,8
3,4.559591293334961,0
1,3.1179513931274414,6
1,3.762350082397461,2
2,3.9916670322418213,7
3,2.8615314960479736,4
0,4.009902000427246,9
2,3.7622547149658203,2
1,4.6657867431640625,3
0,5.457901477813721,5
3,4.553005218505859,0
3,4.6585693359375,3
0,3.989227294921875,7
1,5.4539337158203125,5
2,2.855855703353882,4
1,3.974672317504883,1
0,3.6784889698028564,8
3,3.1079905033111572,6
2,4.004510879516602,9
0,3.9722471237182617,1
3,4.652219295501709,3
1,2.8540172576904297,4
2,3.10361647605896,6
3,3.670912504196167,8
1,3.7763354778289795,2
2,3.9999542236328125,9
0,3.9887661933898926,7
0,4.589195728302002,0
1,3.783318042755127,2
2,4.237191677093506,9
3,5.4296040534973145,5
0,3.6657238006591797,8
3,4.14591121673584,7
1,4.588953971862793,0
2,3.0968756675720215,6
0,3.9639668464660645,1
2,4.637279510498047,3
3,5.420255661010742,5
1,2.8449888229370117,4
2,3.9639670848846436,1
0,4.6367692947387695,3
1,3.090573787689209,6
3,5.420255661010742,5
3,3.6617324352264404,8
2,4.579433441162109,0
1,4.225741863250732,9
0,2.844759702682495,4
1,4.630496501922607,3
2,3.7960948944091797,2
0,4.136952877044678,7
3,4.136952877044678,7
3,3.9569835662841797,1
0,4.213400840759277,9
1,4.568164825439453,0
2,3.7960147857666016,2
0,3.6542301177978516,8
3,5.403347015380859,5
1,3.0767645835876465,6
2,2.83328914642334,4
0,3.6539525985717773,8
2,4.619051456451416,3
3,3.0763750076293945,6
1,2.8323781490325928,4
3,3.9419302940368652,1
0,4.144122123718262,9
1,4.540909290313721,0
2,3.8165245056152344,2
3,3.6500134468078613,8
2,4.102781295776367,7
0,5.397597789764404,5
1,5.3975982666015625,5
0,3.935185670852661,1
3,3.330322265625,2
2,2.818741798400879,4
1,3.0608129501342773,6
3,4.527024269104004,0
2,4.095910549163818,7
0,4.596005439758301,3
1,4.126235485076904,9
3,3.641202926635742,8
2,3.0509181022644043,6
1,3.3467209339141846,2
0,5.385525703430176,5
1,3.927859306335449,1
3,4.50411319732666,0
2,4.08793306350708,7
0,2.8100509643554688,4
0,4.564562797546387,3
1,4.077182292938232,9
2,2.8000426292419434,4
3,5.379637718200684,5
1,4.077181816101074,9
3,3.040867328643799,6
0,4.26023006439209,2
2,4.5645623207092285,3
3,3.908712148666382,1
0,3.6353793144226074,8
1,4.459644317626953,0
2,4.070270538330078,7
0,3.63502836227417,8
1,4.458518981933594,0
2,2.7902979850769043,4
3,4.55137825012207,3
2,3.898616313934326,1
0,3.0233535766601562,6
1,4.3400492668151855,2
3,4.0608720779418945,7
1,4.031368255615234,9
2,2.7809817790985107,4
3,5.377498626708984,5
0,5.377498626708984,5
3,4.0076775550842285,9
2,4.5173821449279785,3
0,4.360159873962402,2
1,3.01450777053833,6
2,3.8882381916046143,1
1,3.6310086250305176,8
3,4.4235076904296875,0
0,4.049528121948242,7
2,3.633061408996582,8
1,4.368408679962158,2
3,4.507535934448242,3
0,3.0086188316345215,6
3,4.411959171295166,0
1,3.9418764114379883,9
2,5.3966593742370605,5
0,2.764050245285034,4
0,3.875135660171509,1
2,2.7588090896606445,4
1,4.037502765655518,7
3,4.037501811981201,7
3,3.0029282569885254,6
0,5.39713191986084,5
1,4.37576961517334,2
2,3.635054588317871,8
2,3.8675460815429688,1
1,4.39330530166626,0
3,3.9222826957702637,9
0,4.491003513336182,3
3,4.029998302459717,7
1,4.490605354309082,3
2,4.381877422332764,2
0,2.750393867492676,4
0,3.6436009407043457,8
3,4.383365631103516,0
1,2.989668846130371,6
2,3.8609890937805176,1
3,3.911954879760742,9
2,4.383175849914551,0
1,3.911954879760742,9
0,5.404252529144287,5
3,3.9284908771514893,8
0,3.089165210723877,6
2,5.5780792236328125,5
1,4.069062232971191,1
3,4.869441032409668,3
0,4.016654014587402,7
2,2.5135536193847656,4
1,3.8034398555755615,2
1,4.86358642578125,3
0,3.888760566711426,9
2,3.932807683944702,8
3,4.010651588439941,7
3,4.06262731552124,1
1,3.8068788051605225,2
2,2.505828619003296,4
0,4.159721374511719,0
2,4.158908367156982,0
1,3.807766914367676,2
0,5.584688663482666,5
3,3.081702709197998,6
1,3.9370474815368652,8
3,4.857105255126953,3
0,3.0752320289611816,6
2,3.876767635345459,9
1,4.0555877685546875,1
0,5.455163478851318,5
2,2.4967288970947266,4
3,4.003037452697754,7
0,4.0555877685546875,1
3,3.9370481967926025,8
2,2.496356248855591,4
1,3.876767635345459,9
2,3.81152606010437,2
3,4.149113655090332,0
0,5.456689834594727,5
1,3.075127363204956,6
3,3.941230297088623,8
0,5.010278224945068,3
2,3.866178512573242,9
1,3.995694398880005,7
0,4.049117565155029,1
3,4.139894485473633,0
1,3.8153162002563477,2
2,2.48842716217041,4
2,3.0681052207946777,6
1,5.009959697723389,3
0,3.994807243347168,7
3,5.459694862365723,5
1,3.8553810119628906,9
3,3.0616257190704346,6
2,5.461660385131836,5
0,3.987154960632324,7
3,4.0424628257751465,1
1,5.001697540283203,3
2,3.820411205291748,2
0,4.129910469055176,0
2,3.9495863914489746,8
1,3.949586868286133,8
0,2.472198009490967,4
3,3.978837490081787,7
3,3.0545592308044434,6
1,4.1195220947265625,0
0,2.4720396995544434,4
2,3.8262219429016113,2
0,4.030561923980713,1
2,4.984956741333008,3
1,5.466573715209961,5
3,3.8313233852386475,9
1,3.8321518898010254,2
0,3.0480823516845703,6
3,3.9709057807922363,7
2,2.464613914489746,4
1,3.956848382949829,8
3,4.978179931640625,3
2,3.8196561336517334,9
0,5.461670398712158,5
0,4.023006439208984,1
2,4.102460861206055,0
3,4.102460861206055,0
1,4.023006439208984,1
2,3.803236961364746,9
0,3.8464086055755615,2
3,5.280756950378418,3
1,5.462741851806641,5
0,3.96118426322937,8
1,3.9541025161743164,7
3,3.0356554985046387,6
2,2.449774980545044,4
2,4.008594512939453,1
1,3.7934412956237793,9
3,5.270297527313232,3
0,4.084211349487305,0
3,3.9666194915771484,8
2,3.0304794311523438,6
1,3.9480791091918945,7
0,3.8745064735412598,2
2,4.074846267700195,0
1,2.4372026920318604,4
0,5.466851711273193,5
3,5.2613444328308105,3
3,3.9710288047790527,8
1,4.001872539520264,1
0,3.878312349319458,2
2,3.941486358642578,7
1,3.77296781539917,9
2,5.470425605773926,5
0,2.4309353828430176,4
3,3.01945161819458,6
1,5.252185821533203,3
0,3.01945161819458,6
3,2.4309351444244385,4
2,4.065773010253906,0
2,3.986280679702759,1
1,3.886265754699707,2
0,3.928842306137085,7
3,3.7627029418945312,9
0,3.986280679702759,1
3,3.9824209213256836,8
2,5.473453521728516,5
1,3.9824209213256836,8
1,3.8897974491119385,2
2,3.0081562995910645,6
0,4.105182647705078,0
3,3.9220259189605713,7
1,5.23528528213501,3
0,3.752484083175659,9
3,2.416018486022949,4
2,5.478720188140869,5
3,3.74141263961792,9
2,3.0023765563964844,6
1,2.409498929977417,4
0,3.9716477394104004,1
1,4.011097431182861,8
3,3.915472984313965,7
0,5.227316856384277,3
2,5.482602119445801,5
0,3.9649887084960938,1
1,3.9024295806884766,2
2,4.0896406173706055,0
3,5.486626625061035,5
3,4.013575077056885,8
1,3.73097562789917,9
0,2.403873920440674,4
2,3.909287452697754,7
0,3.9085209369659424,2
2,4.082200050354004,0
3,2.9640278816223145,6
1,5.208625793457031,3
0,5.208165168762207,3
3,3.9032676219940186,7
2,4.081653118133545,0
1,2.963906764984131,6
0,3.9528794288635254,1
2,4.019286155700684,8
3,3.9152016639709473,2
1,3.7082433700561523,9
1,4.019260883331299,8
3,2.959415912628174,6
2,2.3919100761413574,4
0,5.488639831542969,5
3,3.9466662406921387,1
2,3.697598695755005,9
1,3.8916945457458496,7
0,5.491608619689941,5
2,5.189203262329102,3
3,4.066926956176758,0
0,3.9223737716674805,2
1,2.3855714797973633,4
2,3.942807674407959,1
3,3.9298758506774902,2
1,5.4942803382873535,5
0,2.952052116394043,6
2,4.021608352661133,8
3,2.38216495513916,4
0,3.6883201599121094,9
1,5.181619644165039,3
2,4.053553581237793,0
0,3.678786039352417,9
1,5.496026039123535,5
3,3.88268780708313,7
3,3.9386444091796875,2
1,4.0534210205078125,0
0,3.882643938064575,7
2,5.1746063232421875,3
2,3.936896800994873,1
3,4.013144493103027,8
1,3.1337051391601562,6
0,2.3771421909332275,4
3,3.9366748332977295,1
2,4.013117790222168,8
0,4.0461578369140625,0
1,5.167798042297363,3
3,3.659343719482422,9
0,3.1315581798553467,6
2,5.501016139984131,5
1,2.3748035430908203,4
0,3.8722853660583496,7
3,3.954394817352295,2
1,3.8722851276397705,7
2,5.50087833404541,5
3,3.6505959033966064,9
1,4.0054931640625,8
2,3.9631383419036865,2
0,3.348165512084961,6
2,3.931788682937622,1
3,5.156486511230469,3
0,4.034412860870361,0
1,2.373142957687378,4
1,3.9530272483825684,2
3,3.34541916847229,6
2,4.027590751647949,0
0,5.5002827644348145,5
2,5.150296211242676,3
1,4.000371932983398,8
3,3.6395487785339355,9
0,2.3705902099609375,4
0,3.926910638809204,1
1,4.02062463760376,0
2,3.8553504943847656,7
3,3.998594045639038,8
3,3.925532341003418,1
0,3.6277713775634766,9
1,3.341207504272461,6
2,5.1410980224609375,3
2,3.9633302688598633,2
3,2.4155497550964355,4
0,3.8482985496520996,7
1,5.501993179321289,5
3,3.9888007640838623,8
2,3.337332248687744,6
0,5.087489604949951,3
1,3.8234314918518066,7
0,4.005470275878906,0
2,2.411529541015625,4
3,5.503362655639648,5
1,3.6143035888671875,9
0,3.9215142726898193,1
1,3.9788620471954346,2
2,3.6060824394226074,9
3,3.815575361251831,7
1,3.9788503646850586,2
2,3.9215142726898193,1
3,3.9850687980651855,8
0,3.334505796432495,6
0,3.9903767108917236,0
2,4.902210235595703,3
3,2.401543140411377,4
1,5.507162094116211,5
2,3.9903769493103027,0
1,2.401543140411377,4
3,5.507162094116211,5
0,4.902210235595703,3
3,3.9865946769714355,8
1,3.588186740875244,9
2,3.799900770187378,7
0,3.326045036315918,6
0,3.9159042835235596,1
1,3.35371994972229,2
2,2.394484519958496,4
3,3.799900770187378,7
2,3.911642074584961,1
3,4.8967084884643555,3
1,3.9738240242004395,0
0,5.515124320983887,5
1,3.9885737895965576,8
3,3.3784339427948,2
0,3.5744619369506836,9
2,3.3209128379821777,6
1,3.907674551010132,1
2,3.5604729652404785,9
3,5.520474433898926,5
0,4.888249397277832,3
0,3.9919304847717285,8
3,3.375481367111206,6
2,2.3788881301879883,4
1,3.4109179973602295,2
1,3.9543800354003906,0
2,3.9543800354003906,0
0,3.904256820678711,1
3,3.8304362297058105,7
1,3.8302674293518066,7
2,4.879633903503418,3
0,4.012833118438721,8
3,3.3633079528808594,6
2,3.4586024284362793,2
0,2.366316795349121,4
3,5.532153606414795,5
1,3.612874984741211,9
2,3.3561291694641113,6
3,4.916677474975586,3
1,2.3663170337677,4
0,3.612875461578369,9
3,3.899758815765381,1
0,3.914414405822754,8
2,3.940089225769043,0
1,5.540422439575195,5
0,3.472423791885376,2
1,3.816554069519043,7
2,3.899594783782959,1
3,3.4723060131073,2
1,3.912139892578125,8
2,3.5896711349487305,9
0,2.3560404777526855,4
3,5.544268608093262,5
2,4.900820255279541,3
1,3.9318552017211914,0
3,3.342003583908081,6
0,3.805387496948242,7
1,3.913743495941162,1
3,3.9243886470794678,0
2,5.55186653137207,5
0,3.335437774658203,6
3,2.364954948425293,4
2,3.7933056354522705,7
0,4.893251419067383,3
1,3.910109281539917,8
1,3.5429623126983643,2
2,3.5208892822265625,2
3,3.919689416885376,0
0,3.5649638175964355,9
2,3.911337375640869,1
1,3.778981924057007,7
3,5.560457229614258,5
0,3.5648088455200195,9
0,3.907698631286621,8
3,3.3284685611724854,6
2,4.886748790740967,3
1,2.359252691268921,4
1,3.9123759269714355,1
3,3.906604766845703,8
2,3.771904945373535,7
0,3.5636940002441406,9
3,3.5675835609436035,2
0,5.568559646606445,5
1,4.878271579742432,3
2,2.354681968688965,4
1,3.905613422393799,8
0,3.5675830841064453,2
2,3.908585548400879,0
3,3.3224587440490723,6
0,3.685347080230713,7
2,2.354681968688965,4
1,3.9085853099823,0
3,3.909484386444092,1
0,3.3167953491210938,6
1,3.5417819023132324,9
3,4.8705220222473145,3
2,5.5786590576171875,5
2,3.541774034500122,9
0,3.592357873916626,2
3,3.6729557514190674,7
1,3.316795825958252,6
0,3.9077956676483154,1
3,3.904552459716797,8
2,3.9014673233032227,0
1,4.870521545410156,3
0,3.9075725078582764,1
3,2.3486790657043457,4
1,5.580286502838135,5
2,3.6724777221679688,7
0,3.6161985397338867,2
1,3.8950846195220947,0
2,2.344069480895996,4
3,3.3113560676574707,6
1,3.9036660194396973,8
0,4.8641791343688965,3
2,5.771167755126953,5
3,3.531660795211792,9
2,3.531660556793213,9
1,3.311370611190796,6
3,3.661587715148926,7
0,2.3439860343933105,4
0,3.6187212467193604,2
1,5.7772297859191895,5
2,3.904201030731201,8
3,3.891505241394043,0
3,3.9633543491363525,1
1,3.9633543491363525,1
0,5.778923034667969,5
2,4.857797622680664,3
3,3.9038262367248535,8
2,2.3386127948760986,4
0,3.5220797061920166,9
1,3.8890085220336914,0
3,3.64949631690979,7
1,4.856841087341309,3
0,3.4937496185302734,6
2,3.638845682144165,2
0,3.663641929626465,2
3,3.4912400245666504,6
2,3.51401424407959,9
1,3.641723155975342,7
3,3.903869152069092,8
2,3.8818576335906982,0
1,4.849924087524414,3
0,2.331834316253662,4
3,3.9602344036102295,1
2,5.768740653991699,5
0,3.5084586143493652,9
1,5.768740653991699,5
1,3.6816859245300293,2
0,3.901458263397217,8
2,3.575352191925049,6
3,3.631913185119629,7
3,3.9600841999053955,1
1,3.877424955368042,0
2,4.8913655281066895,3
0,2.359038829803467,4
2,4.888469696044922,3
3,3.5739078521728516,6
1,2.3564515113830566,4
0,3.6263651847839355,7
2,3.968198299407959,8
1,3.9609546661376953,1
0,3.4978184700012207,9
3,3.8727335929870605,0
1,2.993587017059326,8
3,3.714171886444092,2
0,3.620293617248535,7
2,5.8406171798706055,5
1,3.9617087841033936,1
2,4.9928083419799805,3
3,5.896954536437988,5
0,3.7141499519348145,2
2,3.6416337490081787,6
1,3.4877309799194336,9
0,3.864327907562256,0
3,2.3477444648742676,4
3,3.4876930713653564,9
2,3.864248275756836,0
0,3.6121649742126465,7
1,2.9912447929382324,8
3,2.344167947769165,4
2,3.6389851570129395,6
0,5.062739372253418,3
1,5.903433799743652,5
1,3.9636855125427246,1
2,3.753356456756592,2
3,3.6037917137145996,7
0,5.903430938720703,5
3,3.9646477699279785,1
0,3.474277973175049,9
1,3.7659313678741455,2
2,2.3652892112731934,4
3,3.0206103324890137,8
2,3.8556437492370605,0
1,3.637507915496826,6
0,5.058994770050049,3
1,3.0173401832580566,8
2,2.4627788066864014,4
3,3.800055503845215,2
0,3.6333000659942627,6
0,3.966167449951172,1
3,3.589695453643799,7
1,5.9130167961120605,5
2,4.976008415222168,3
1,3.0364725589752197,8
2,3.8455801010131836,0
0,3.4560911655426025,9
3,3.456069231033325,9
1,3.9677884578704834,1
0,3.845536231994629,0
3,3.6281447410583496,6
2,2.441692352294922,4
2,4.96681022644043,3
1,6.047825813293457,5
3,3.8350648880004883,2
0,3.5775489807128906,7
2,3.0338759422302246,8
0,3.450593948364258,9
3,3.6264076232910156,6
1,6.047721862792969,5
2,3.971268892288208,1
0,3.7697625160217285,7
1,4.966169357299805,3
3,2.433845043182373,4
2,3.8336710929870605,2
3,3.8380510807037354,0
0,3.7697627544403076,7
1,3.4467732906341553,9
1,3.0291614532470703,8
2,3.834918260574341,2
3,3.625840425491333,6
0,2.4299118518829346,4
1,3.973322868347168,1
3,3.9472947120666504,0
2,6.055702209472656,5
0,4.965944290161133,3
0,3.767817258834839,7
1,2.493981122970581,4
2,6.05604362487793,5
3,3.9760937690734863,1
3,3.026705503463745,8
1,3.9428396224975586,0
0,4.966291904449463,3
2,3.8393890857696533,2
1,3.0246758460998535,8
3,3.657909870147705,9
0,3.6245172023773193,6
2,2.4912784099578857,4
2,3.9785470962524414,1
1,3.766916275024414,7
3,3.6243343353271484,6
0,6.061647891998291,5
2,3.847780227661133,2
0,3.6555752754211426,9
1,4.966892242431641,3
3,3.935188055038452,0
2,3.022165536880493,8
3,3.9352548122406006,0
0,3.655557632446289,9
1,3.6224143505096436,6
1,3.9833950996398926,1
3,4.9673967361450195,3
2,3.8516998291015625,2
0,2.4867019653320312,4
2,3.6529810428619385,9
3,3.7640140056610107,7
1,2.4868130683898926,4
0,6.071343421936035,5
2,3.985834836959839,1
3,4.024259567260742,2
0,4.208890914916992,0
1,6.077554702758789,5
2,3.0170607566833496,8
1,4.96754789352417,3
3,3.7616093158721924,7
0,3.6201488971710205,6
0,4.966244697570801,3
2,4.203940391540527,0
1,3.64821720123291,9
3,4.030776500701904,2
1,3.0150909423828125,8
3,4.083999156951904,1
0,2.4776532649993896,4
2,3.642714738845825,6
0,3.0130386352539062,8
1,3.7581982612609863,7
3,6.079156398773193,5
2,6.079155921936035,5
2,4.0859456062316895,1
3,2.4767746925354004,4
1,3.640624523162842,6
0,4.966795921325684,3
2,4.196335792541504,0
1,4.040887355804443,2
0,3.6449546813964844,9
3,3.75561261177063,7
0,4.04078483581543,2
2,4.196335792541504,0
3,3.6449546813964844,9
1,2.475863456726074,4
3,3.014106273651123,8
1,3.6338088512420654,6
2,6.059004306793213,5
0,3.7533202171325684,7
0,4.128971576690674,1
3,4.969549179077148,3
1,4.969549655914307,3
2,6.059234619140625,5
3,4.044129371643066,2
2,3.632272243499756,6
1,4.19119930267334,0
0,3.7502336502075195,7
1,4.129815578460693,1
2,2.472214698791504,4
0,3.0147881507873535,8
3,3.6314573287963867,9
2,4.131172180175781,1
0,3.01521635055542,8
1,4.972993850708008,3
3,3.7451119422912598,7
1,4.182340621948242,0
3,3.6288180351257324,9
0,3.6275644302368164,6
2,2.4695544242858887,4
0,4.058229923248291,2
2,4.0626935958862305,2
3,6.039878845214844,5
1,2.467780113220215,4
3,3.0147080421447754,8
1,4.17670202255249,0
0,3.6241815090179443,6
2,3.6264119148254395,9
2,4.131714820861816,1
3,4.967963695526123,3
0,6.036970138549805,5
1,3.7389345169067383,7
2,4.128017425537109,0
0,3.0132315158843994,8
3,3.7370948791503906,7
1,6.038236618041992,5
3,4.132565021514893,1
1,4.071040153503418,2
2,4.96168327331543,3
0,2.464536428451538,4
1,3.6223459243774414,9
2,3.7346575260162354,7
3,3.6180500984191895,6
0,3.6180505752563477,6
2,3.296647548675537,8
1,4.121675491333008,0
3,2.463918924331665,4
0,4.95685338973999,3
1,4.131723880767822,1
2,4.080306529998779,2
0,3.620748519897461,9
3,6.02266263961792,5
0,4.0814738273620605,2
1,4.133283615112305,1
3,4.9542036056518555,3
2,3.7307324409484863,7
1,3.2950315475463867,8
0,6.00994873046875,5
3,3.6094205379486084,6
2,2.600440263748169,4
3,4.084887504577637,2
1,4.120282173156738,0
0,3.7282185554504395,7
2,3.61893892288208,9
1,4.128806114196777,1
2,4.949170112609863,3
0,4.1186418533325195,0
3,6.359231948852539,5
1,3.2921204566955566,8
2,3.643803119659424,9
0,3.605891704559326,6
3,2.598757266998291,4
0,4.128805160522461,1
2,4.118716239929199,0
1,3.643803119659424,9
3,3.605891704559326,6
0,3.7517566680908203,7
2,6.356764793395996,5
3,4.089774131774902,2
1,2.599109649658203,4
0,3.2894434928894043,8
2,3.2894434928894043,8
1,5.039239883422852,3
3,6.35258150100708,5
2,4.1267900466918945,1
1,4.117367267608643,0
0,2.5975112915039062,4
3,3.7130563259124756,9
1,3.899371862411499,2
2,3.602789878845215,6
3,3.824627161026001,7
0,5.038978099822998,3
1,3.9133851528167725,2
3,3.711726665496826,9
2,4.1173095703125,0
0,3.287755012512207,8
3,5.028102874755859,3
0,2.596667766571045,4
1,3.8221051692962646,7
2,6.347066879272461,5
1,4.125618934631348,1
3,3.9133851528167725,2
0,2.596667766571045,4
2,3.600762367248535,6
0,4.125184059143066,1
1,5.0276079177856445,3
2,3.600297451019287,6
3,4.1172709465026855,0
0,3.7099757194519043,9
3,3.258434534072876,8
2,6.34305477142334,5
1,3.8192524909973145,7
3,4.123690605163574,1
0,5.019725322723389,3
2,3.5967049598693848,6
1,6.343054294586182,5
2,3.258434534072876,8
0,3.926248073577881,2
3,3.8193862438201904,7
1,2.5960240364074707,4
1,3.707029342651367,9
0,4.123754501342773,1
2,4.174277305603027,0
3,3.5934886932373047,6
1,3.707029342651367,9
2,6.338773727416992,5
0,3.8165104389190674,7
3,3.7954368591308594,2
2,3.414811611175537,8
1,2.596984386444092,4
3,4.174277305603027,0
0,5.011434078216553,3
2,3.8082973957061768,2
1,4.997914791107178,3
0,6.333721160888672,5
3,2.5964975357055664,4
3,3.7047576904296875,9
2,4.124079704284668,1
0,3.590761184692383,6
1,4.174051284790039,0
1,3.411972999572754,8
0,3.814087152481079,7
3,3.814087390899658,7
2,2.596285820007324,4
0,4.997529029846191,3
2,4.174023628234863,0
1,3.704951286315918,9
3,4.123721599578857,1
3,3.408740997314453,8
1,3.461747646331787,2
0,3.5888962745666504,6
2,6.331935882568359,5
0,3.4087634086608887,8
2,3.588716983795166,6
3,3.7018911838531494,9
1,3.8081960678100586,7
1,4.122099876403809,1
2,3.473646879196167,2
0,4.315164566040039,0
3,2.8165676593780518,4
2,4.122098922729492,1
1,4.981217384338379,3
0,3.6996097564697266,9
3,6.185450553894043,5
0,3.5836448669433594,2
3,4.975918769836426,3
1,3.8002748489379883,7
2,6.189054489135742,5
1,3.401604175567627,8
2,4.311863899230957,0
0,3.584928035736084,6
3,2.8146584033966064,4
3,4.119718074798584,1
1,2.812561273574829,4
0,3.794468402862549,7
2,6.191387176513672,5
3,3.602372169494629,2
2,4.970462799072266,3
0,4.306429386138916,0
1,3.6926991939544678,9
1,3.3929128646850586,8
0,4.9661149978637695,3
3,3.5350775718688965,6
2,3.792675733566284,7
1,3.5998778343200684,2
3,4.208928108215332,0
0,3.534916877746582,6
2,6.194450378417969,5
2,4.054007053375244,1
3,3.3872740268707275,8
0,3.687478542327881,9
1,2.813966751098633,4
2,3.386768102645874,8
3,3.535291910171509,6
0,3.7894814014434814,7
1,3.687434673309326,9
0,3.601322650909424,2
2,4.054068565368652,1
1,4.958137512207031,3
3,2.813796043395996,4
1,4.958137512207031,3
2,3.786355972290039,7
0,4.196155548095703,0
3,6.205724716186523,5
1,3.3765554428100586,8
2,6.204469680786133,5
0,2.814542055130005,4
3,3.536263942718506,6
2,4.130428314208984,0
3,3.601398468017578,2
1,3.68050479888916,9
0,4.0549397468566895,1
3,4.128097057342529,0
1,3.7844388484954834,7
2,3.5380592346191406,6
0,6.19992733001709,5
3,4.952535629272461,3
0,3.5959150791168213,2
1,3.678377628326416,9
2,3.370572090148926,8
0,4.056633949279785,1
1,3.5908782482147217,2
3,3.6766529083251953,9
2,2.8178844451904297,4
3,3.364079236984253,8
2,4.946971893310547,3
0,4.125432968139648,0
1,2.817920207977295,4
1,4.117635726928711,1
0,3.541734218597412,6
3,3.783907651901245,7
2,6.203401565551758,5
3,4.117636203765869,1
0,3.359314203262329,8
2,3.5863232612609863,2
1,6.201990604400635,5
1,3.726187229156494,7
2,3.543745279312134,6
3,3.6737663745880127,9
0,4.938683986663818,3
2,4.119574069976807,1
1,4.9386186599731445,3
3,4.121448040008545,0
0,2.8183350563049316,4
2,3.3503541946411133,8
1,3.5810883045196533,2
3,3.7274692058563232,7
0,3.6710762977600098,9
0,4.283649444580078,0
2,3.545527458190918,6
3,6.206900596618652,5
1,2.8179774284362793,4
1,3.937464952468872,1
2,3.0892913341522217,8
3,3.727229356765747,7
0,6.0089826583862305,5
3,3.6679511070251465,9
1,3.314624071121216,2
0,3.057814598083496,4
2,4.359505653381348,0
2,4.551668167114258,3
3,3.461167812347412,6
1,6.005860328674316,5
0,3.316558361053467,2
0,3.0851006507873535,8
1,3.6656994819641113,9
2,3.461481809616089,6
3,3.056536912918091,4
3,3.9411115646362305,1
0,4.550414085388184,3
2,4.354840278625488,0
1,3.7263097763061523,7
2,3.724794864654541,7
1,3.319927453994751,2
0,4.352860927581787,0
3,3.6627020835876465,9
1,3.075788974761963,8
3,4.548849582672119,3
0,6.00102424621582,5
2,3.055077075958252,4
1,3.9441659450531006,1
2,3.4625258445739746,6
0,4.548994064331055,3
3,5.998950958251953,5
1,3.728405714035034,7
2,3.055776357650757,4
3,3.3245348930358887,2
0,3.0680665969848633,8
1,3.9491281509399414,1
3,4.352853298187256,0
0,3.466188907623291,6
2,3.6238646507263184,9
2,4.429258823394775,3
3,3.7293825149536133,7
0,3.4664318561553955,6
1,5.9924516677856445,5
3,4.352109909057617,0
1,3.0550754070281982,4
0,3.327664613723755,2
2,3.06302809715271,8
3,3.9555001258850098,1
1,3.9555001258850098,1
2,3.6238996982574463,9
0,3.332320213317871,2
2,4.425932884216309,3
1,3.4669597148895264,6
3,5.983317852020264,5
0,3.054140090942383,4
2,3.0536975860595703,8
0,3.7304065227508545,7
3,3.623098611831665,9
1,4.348681449890137,0
1,3.958479404449463,1
0,4.348785400390625,0
3,4.423261642456055,3
2,3.3373568058013916,2
1,3.0504653453826904,8
3,3.464961051940918,6
0,5.9737091064453125,5
2,3.0534636974334717,4
0,3.3540525436401367,2
3,3.6228442192077637,9
1,3.7304179668426514,7
2,3.7304177284240723,7
1,3.4635062217712402,6
2,5.968871593475342,5
0,3.9635367393493652,1
3,3.0469231605529785,8
0,4.411332130432129,3
1,4.342844486236572,0
2,3.621595859527588,9
3,3.052959680557251,4
3,3.0414180755615234,8
1,3.968038320541382,1
0,3.731679916381836,7
2,5.969232082366943,5
3,3.359835147857666,2
1,3.466151237487793,6
2,3.6226806640625,9
0,3.053873062133789,4
3,4.3381242752075195,0
1,3.6233205795288086,9
0,4.407207012176514,3
2,3.7334790229797363,7
0,3.972242832183838,1
3,4.407207012176514,3
2,3.4682042598724365,6
1,5.968740463256836,5
0,3.3598971366882324,2
3,4.334115982055664,0
2,3.055595874786377,4
1,3.0298800468444824,8
3,3.624394655227661,9
1,4.3340959548950195,0
2,5.967447280883789,5
0,3.7352077960968018,7
1,3.980637550354004,1
0,3.361196994781494,2
3,3.4716758728027344,6
2,3.0556654930114746,4
1,3.0238802433013916,8
3,4.396526336669922,3
2,3.361240863800049,2
0,3.05552339553833,4
1,3.982769012451172,1
2,3.0193495750427246,8
0,4.327381134033203,0
3,3.738079309463501,7
0,3.6242408752441406,9
1,4.392305374145508,3
3,3.4712963104248047,6
2,5.967339992523193,5
0,3.625427722930908,9
3,5.968245029449463,5
1,3.0882320404052734,4
2,3.3604063987731934,2
2,3.9870338439941406,1
3,4.325246810913086,0
0,4.389496803283691,3
1,3.474372148513794,6
1,3.0078587532043457,8
0,4.385970592498779,3
2,3.718574047088623,7
3,5.961058616638184,5
2,3.989077568054199,1
1,3.3571221828460693,2
3,3.718533515930176,7
0,3.6251087188720703,9
2,3.001553773880005,8
0,3.4731669425964355,6
3,3.090968132019043,4
1,4.317930221557617,0
2,3.0016496181488037,8
0,3.9910264015197754,1
3,3.340000629425049,2
1,4.382376670837402,3
2,3.6261425018310547,9
0,3.472609758377075,6
3,3.0924911499023438,4
1,5.5979156494140625,5
1,4.314759254455566,0
0,3.7240517139434814,7
2,3.7240514755249023,7
3,3.329679489135742,2
2,3.9892053604125977,1
3,3.473072052001953,6
1,4.311878204345703,0
0,2.993129014968872,8
3,4.377902030944824,3
0,3.626607894897461,9
1,5.595285892486572,5
2,3.0943846702575684,4
1,3.988974094390869,1
3,2.989680290222168,8
0,3.094942569732666,4
2,4.309535026550293,0
2,3.473984718322754,6
1,3.625992774963379,9
3,4.377190113067627,3
0,3.727954387664795,7
3,3.3131165504455566,2
0,3.3131165504455566,2
2,5.591263771057129,5
1,3.7302029132843018,7
1,3.9896392822265625,1
2,5.591144561767578,5
0,3.4751970767974854,6
3,3.097151756286621,4
0,2.9792585372924805,8
2,3.623706817626953,9
3,4.303918838500977,0
1,4.375360488891602,3
0,4.303409576416016,0
2,3.622983932495117,9
1,3.309551239013672,2
3,3.4723217487335205,6
2,3.9855031967163086,1
3,2.9763588905334473,8
1,3.096762180328369,4
0,5.585202217102051,5
0,3.9994592666625977,1
1,4.295912265777588,0
2,3.730984687805176,7
3,4.372465133666992,3
3,2.9716413021087646,8
1,3.619612216949463,9
2,3.7316105365753174,7
0,3.3078670501708984,2
2,4.369948387145996,3
1,3.4615414142608643,6
3,5.569509506225586,5
0,3.093222141265869,4
3,3.30900239944458,2
1,5.568941116333008,5
0,3.731782913208008,7
2,4.369623184204102,3
1,3.9909534454345703,1
2,4.281887054443359,0
3,3.4551005363464355,6
0,3.6137747764587402,9
1,2.9649558067321777,8
3,3.4542970657348633,6
2,3.5928854942321777,9
0,3.088839292526245,4
3,3.990194320678711,1
0,4.281872749328613,0
2,3.729362726211548,7
1,4.367949962615967,3
0,2.9640092849731445,8
2,3.3096957206726074,2
1,3.0839877128601074,4
3,5.553460121154785,5
0,4.366484642028809,3
1,4.2761359214782715,0
2,5.553460121154785,5
3,3.984372615814209,1
0,3.4474902153015137,6
1,2.9640088081359863,8
3,3.083987236022949,4
2,3.727154493331909,7
2,3.310225009918213,2
0,3.584105968475342,9
1,3.724733352661133,7
3,3.5841064453125,9
3,4.270349502563477,0
2,3.078965187072754,4
1,5.545170307159424,5
0,3.440567970275879,6
0,3.9785990715026855,1
3,4.365898609161377,3
1,3.3102684020996094,2
2,2.963273763656616,8
0,3.978395700454712,1
2,2.963076591491699,8
1,4.2703657150268555,0
3,5.547328472137451,5
2,4.364969253540039,3
0,3.4337270259857178,6
3,3.5791821479797363,9
1,3.073409080505371,4
0,2.9618496894836426,8
1,3.309443950653076,2
2,3.3094444274902344,2
3,3.7220821380615234,7
2,3.7220821380615234,7
3,3.073493719100952,4
0,3.4335851669311523,6
1,3.972834587097168,1
3,4.364830017089844,3
0,3.575246810913086,9
2,5.534930229187012,5
1,4.256170749664307,0
0,3.3095293045043945,2
1,4.364478588104248,3
3,3.7171835899353027,7
2,5.534126281738281,5
2,3.9677352905273438,1
1,2.9610836505889893,8
0,4.256173133850098,0
3,3.5747251510620117,9
0,2.99849796295166,8
3,3.426982879638672,6
2,3.0687263011932373,4
1,4.3841118812561035,3
0,4.001906394958496,1
1,3.7380869388580322,7
2,5.225566864013672,5
3,3.0658230781555176,4
1,3.4230270385742188,6
2,3.325162649154663,2
3,3.5952510833740234,9
0,4.250969886779785,0
0,3.3251631259918213,2
3,3.4230265617370605,6
1,2.9997475147247314,8
2,4.385307788848877,3
3,3.9983434677124023,1
2,4.247683525085449,0
0,3.7348005771636963,7
1,5.223593711853027,5
1,3.591294288635254,9
0,3.4190890789031982,6
2,2.863006114959717,4
3,2.863006114959717,4
0,4.3867974281311035,3
3,3.591296434402466,9
2,5.223062038421631,5
1,3.7342705726623535,7
1,3.9970602989196777,1
0,3.320932388305664,2
3,4.246433258056641,0
2,3.001668930053711,8
0,3.5893847942352295,9
2,4.242667198181152,0
1,2.859475612640381,4
3,3.317553758621216,2
1,3.417283535003662,6
0,3.001072645187378,8
2,4.385223865509033,3
3,3.9947190284729004,1
3,3.7327651977539062,7
1,3.7327651977539062,7
0,5.222957134246826,5
2,3.5893869400024414,9
0,2.997663974761963,8
1,3.330516815185547,6
2,5.221786022186279,5
3,4.236793518066406,0
0,2.8508052825927734,4
1,3.9918293952941895,1
3,4.382366180419922,3
2,3.3163554668426514,2
0,4.235206604003906,0
2,4.382362365722656,3
1,3.5863564014434814,9
3,3.7302145957946777,7
3,2.997819662094116,8
1,3.991616725921631,1
2,3.3298120498657227,6
0,3.3162038326263428,2
0,2.847809314727783,4
1,2.847809314727783,4
3,5.214160919189453,5
2,3.5820164680480957,9
0,3.726405620574951,7
2,3.9876785278320312,1
3,3.3176345825195312,2
1,5.214106559753418,5
0,4.226521968841553,0
2,4.377719879150391,3
3,3.323726177215576,6
1,3.014031410217285,8
0,3.6911749839782715,2
2,3.5774245262145996,9
1,4.371963024139404,3
3,2.8457419872283936,4
2,3.982905864715576,1
0,3.010077714920044,8
1,4.216871738433838,0
3,3.722456455230713,7
0,3.691096067428589,2
1,4.371926784515381,3
2,3.3142616748809814,6
3,5.208037376403809,5
1,3.5736868381500244,9
3,3.0063588619232178,8
0,3.7191970348358154,7
2,5.19755744934082,5
0,3.978264808654785,1
1,4.077065467834473,0
2,2.8433098793029785,4
3,3.302675247192383,6
0,3.978264331817627,1
2,3.5730838775634766,9
1,4.365891456604004,3
3,3.718620777130127,7
0,3.701380729675293,2
2,2.841198444366455,4
3,3.002169132232666,8
1,4.070592880249023,0
0,3.002037525177002,8
2,3.289280652999878,6
3,4.359425067901611,3
1,5.184065818786621,5
0,3.577866792678833,9
2,3.289280891418457,6
3,4.069287300109863,0
1,3.715054512023926,7
2,3.701972484588623,2
0,5.183858394622803,5
1,3.973532199859619,1
3,2.840790271759033,4
1,3.9689242839813232,1
0,3.275179386138916,6
2,3.7072579860687256,2
3,4.3534836769104,3
2,4.061635971069336,0
0,2.8383126258850098,4
1,3.5739505290985107,9
3,3.711209297180176,7
3,2.9989991188049316,8
1,2.9989993572235107,8
0,4.3534932136535645,3
2,5.171245574951172,5
0,3.9689853191375732,1
1,4.061556816101074,0
2,3.5747106075286865,9
3,3.7073776721954346,2
3,2.836345672607422,4
2,5.157989978790283,5
1,3.261000633239746,6
0,3.706709861755371,7
1,4.050161838531494,0
2,3.260796070098877,6
0,3.706646203994751,7
3,2.836121082305908,4
3,3.9637017250061035,1
2,3.5884571075439453,9
0,4.348117351531982,3
1,5.157998561859131,5
0,4.050098419189453,0
2,3.5889532566070557,9
3,2.9944064617156982,8
1,3.7130680084228516,2
1,2.9862539768218994,8
0,3.9612464904785156,1
2,3.25014066696167,6
3,2.8343663215637207,4
0,3.716716766357422,2
2,3.705040454864502,7
1,5.149472236633301,5
3,4.343477249145508,3
1,3.9612464904785156,1
0,3.716716766357422,2
2,4.041266918182373,0
3,3.585481643676758,9
1,2.9794085025787354,8
0,3.2391529083251953,6
2,2.8314037322998047,4
3,5.141407012939453,5
1,2.979426622390747,8
2,3.956519842147827,1
0,3.703131914138794,7
3,4.339038372039795,3
1,3.7212982177734375,2
0,3.5824484825134277,9
3,2.8311057090759277,4
2,3.2389934062957764,6
2,4.055610656738281,0
1,4.338996887207031,3
3,3.701958417892456,7
0,5.13918924331665,5
1,3.9516372680664062,1
0,3.7010607719421387,7
2,4.334209442138672,3
3,2.8289365768432617,4
3,3.7246031761169434,2
1,5.134397983551025,5
0,2.9723246097564697,8
2,3.9318811893463135,0
2,3.228076934814453,6
3,3.5791261196136475,9
0,3.7010488510131836,7
1,3.228076457977295,6
2,3.947782039642334,1
0,3.5764236450195312,9
3,4.330680847167969,3
1,2.8266794681549072,4
1,5.127381801605225,5
0,3.9219746589660645,0
2,3.7278215885162354,2
3,2.9656527042388916,8
2,3.9219751358032227,0
0,2.826679229736328,4
1,3.2167444229125977,6
3,4.3297576904296875,3
1,3.946748971939087,1
3,2.965672254562378,8
2,3.6989386081695557,7
0,5.127386093139648,5
2,3.9410762786865234,1
1,3.7312965393066406,2
0,3.572784900665283,9
3,3.6966333389282227,7
0,3.5727853775024414,9
3,5.1210832595825195,5
1,2.8234472274780273,4
2,2.760749101638794,8
2,3.912802219390869,0
1,4.325420379638672,3
3,3.2054855823516846,6
0,3.7317185401916504,2
0,2.7585015296936035,8
3,3.907181739807129,0
1,3.734139919281006,2
2,5.116551399230957,5
1,3.693635940551758,7
0,3.934541940689087,1
3,3.5688867568969727,9
2,2.821074962615967,4
2,4.361299991607666,3
3,3.693631410598755,7
0,3.1938860416412354,6
1,3.193885326385498,6
0,3.7336552143096924,2
2,2.7586798667907715,8
3,2.82106614112854,4
1,5.111812591552734,5
3,3.9342236518859863,1
1,3.9000370502471924,0
0,4.360929012298584,3
2,3.5693652629852295,9
0,2.7575955390930176,8
2,3.5660667419433594,9
1,2.8187360763549805,4
3,3.929656982421875,1
0,3.7376155853271484,2
1,3.46561598777771,6
3,5.106813430786133,5
2,3.692141532897949,7
0,3.566065788269043,9
2,4.353187561035156,3
1,3.88926362991333,0
3,3.692141056060791,7
3,4.346160411834717,3
0,3.451922655105591,6
2,5.094707489013672,5
1,2.81771183013916,4
2,3.618980884552002,2
3,3.923689365386963,1
1,3.87947416305542,0
0,2.759650468826294,8
1,3.56270170211792,9
0,3.4489057064056396,6
2,4.3449931144714355,3
3,3.618980646133423,2
3,3.87947416305542,0
0,3.923689365386963,1
1,2.8175950050354004,4
2,5.092999458312988,5
2,2.7578353881835938,8
3,3.4371066093444824,6
1,5.078362464904785,5
0,3.689283847808838,7
3,2.7568325996398926,8
1,3.6544084548950195,0
2,3.636160135269165,7
0,4.335760593414307,3
0,3.9195146560668945,1
2,3.6222221851348877,2
1,3.512207508087158,9
3,2.81844425201416,4
1,3.9159445762634277,1
0,3.651203155517578,0
3,3.4193506240844727,6
2,2.817654848098755,4
3,3.511202335357666,9
2,2.755995988845825,8
1,5.063981533050537,5
0,3.7649593353271484,2
2,2.755995750427246,8
0,3.634633779525757,7
3,3.511199951171875,9
1,4.330037593841553,3
1,4.329916477203369,3
3,3.419037342071533,6
0,3.6346070766448975,7
2,5.063928127288818,5
1,3.769993782043457,2
3,3.9097471237182617,1
0,3.6420187950134277,0
2,2.816647529602051,4
3,3.6420183181762695,0
1,5.055497646331787,5
2,2.816647529602051,4
0,2.7566311359405518,8
3,3.9096240997314453,1
2,3.630549907684326,7
0,4.323228359222412,3
1,3.508517265319824,9
2,3.9073445796966553,1
3,3.882833480834961,2
0,3.6295177936553955,7
1,3.393467903137207,6
3,2.751218557357788,8
2,3.6199610233306885,0
0,3.8828601837158203,2
1,3.393463134765625,6
2,3.5069310665130615,9
0,4.317297458648682,3
1,2.8173017501831055,4
3,5.049232482910156,5
2,3.6289477348327637,7
3,2.816957712173462,4
0,4.310182094573975,3
1,3.383664131164551,6
3,3.889435291290283,2
0,3.6147167682647705,0
1,3.905411720275879,1
2,3.5065324306488037,9
0,3.3814992904663086,6
3,2.746243953704834,8
1,3.905411720275879,1
2,5.043469429016113,5
0,3.7074451446533203,7
3,2.746243953704834,8
1,2.8179426193237305,4
2,4.308744430541992,3
2,3.5061142444610596,9
0,3.61116099357605,0
1,3.8917789459228516,2
3,5.037902355194092,5
2,4.302318572998047,3
1,3.7081453800201416,7
3,2.8208136558532715,4
0,3.6095128059387207,0
2,3.90405535697937,1
0,2.741896152496338,8
1,5.046955585479736,5
3,3.8897664546966553,2
2,3.8897671699523926,2
3,3.3731932640075684,6
0,3.37319278717041,6
1,3.506312370300293,9
0,3.707357883453369,7
3,3.6077771186828613,0
2,5.045797348022461,5
1,2.740544557571411,8
1,4.296003341674805,3
0,2.7969918251037598,4
2,3.308134078979492,9
3,3.898210048675537,1
0,2.741452932357788,8
1,3.308133602142334,9
3,3.7061026096343994,7
2,3.889169692993164,2
0,4.295999526977539,3
1,3.6038248538970947,0
3,3.898210048675537,1
2,5.0345869064331055,5
3,2.7422003746032715,8
1,3.704041004180908,7
0,2.8008484840393066,4
2,3.3479061126708984,6
1,4.2889862060546875,3
0,3.3479068279266357,6
3,3.307349681854248,9
2,3.8906588554382324,2
3,5.027414321899414,5
2,3.89180326461792,1
1,2.8006510734558105,4
0,3.5978755950927734,0
2,3.286923885345459,9
1,4.185254096984863,3
0,3.33003568649292,6
3,3.892221450805664,2
2,2.743906021118164,8
0,5.017210006713867,5
1,2.8060638904571533,4
3,3.5898728370666504,0
0,3.892221450805664,2
2,3.884395122528076,1
3,3.6811413764953613,7
1,2.743906021118164,8
1,5.008459091186523,5
3,3.3123369216918945,6
2,2.653806686401367,4
0,4.177297115325928,3
3,3.876398801803589,1
0,3.5822534561157227,0
1,3.2852444648742676,9
2,3.677363872528076,7
2,3.8921868801116943,2
0,3.6772091388702393,7
1,4.1771321296691895,3
3,3.312096118927002,6
1,3.867177963256836,1
2,3.574446201324463,0
3,3.2833774089813232,9
0,2.655773162841797,4
3,4.170287609100342,3
1,2.7507545948028564,8
0,5.004236698150635,5
2,5.004236221313477,5
3,3.281256675720215,9
1,3.2752928733825684,6
0,2.6576943397521973,4
2,2.758908271789551,8
3,3.8973822593688965,2
2,3.855682849884033,1
1,3.5660409927368164,0
0,3.5299835205078125,7
2,3.7722980976104736,1
3,3.558403968811035,0
1,4.156956672668457,3
0,2.6598057746887207,4
1,3.9024550914764404,2
2,3.526951551437378,7
3,3.2557058334350586,6
0,4.8783674240112305,5
0,2.7708632946014404,8
2,3.27707576751709,9
3,4.87370491027832,5
1,3.277076005935669,9
1,3.5529911518096924,0
2,3.525116443634033,7
0,3.9037179946899414,2
3,2.661351203918457,4
2,3.760150909423828,1
1,4.144258499145508,3
0,3.226259231567383,6
3,2.7732808589935303,8
0,3.907092809677124,2
3,4.8741254806518555,5
1,2.663165807723999,4
2,3.226102352142334,6
0,2.7754979133605957,8
2,3.75439190864563,1
3,4.139082431793213,3
1,3.5433509349823,0
3,3.754140853881836,1
0,2.7752461433410645,8
1,3.2740254402160645,9
2,3.5230026245117188,7
3,3.894843816757202,2
1,3.520541191101074,7
0,4.865245819091797,5
2,3.537856340408325,0
1,4.134177207946777,3
2,3.271728515625,9
3,2.67519211769104,4
0,3.2038023471832275,6
3,3.740658760070801,1
2,2.786273241043091,8
1,4.131628036499023,3
0,2.6781625747680664,4
0,3.268625497817993,9
3,4.747066020965576,5
2,3.8903756141662598,2
1,3.1926326751708984,6
2,4.126864910125732,3
0,3.52721905708313,0
3,3.514413356781006,7
1,3.7336769104003906,1
2,2.7932043075561523,8
1,3.527172088623047,0
0,3.514069080352783,7
3,4.745293617248535,5
1,3.0379815101623535,6
2,3.2814314365386963,9
0,2.682974338531494,4
3,3.890523910522461,2
1,3.615218162536621,1
2,4.7364912033081055,5
3,4.121906280517578,3
0,2.6832923889160156,4
2,3.5439705848693848,7
0,3.315629482269287,9
3,3.631307363510132,2
1,3.028992176055908,6
2,2.847884178161621,8
0,3.6446821689605713,0
1,3.6446821689605713,0
3,2.7219791412353516,4
3,2.8585824966430664,8
1,3.615353584289551,2
2,4.745348930358887,5
0,4.372689247131348,3
1,3.6165060997009277,1
3,3.5795063972473145,7
0,3.023758888244629,6
2,3.316709041595459,9
1,3.6135261058807373,1
2,3.5836424827575684,7
3,3.598996639251709,2
0,2.6959595680236816,4
2,3.629810333251953,0
3,4.368460655212402,3
0,3.3201441764831543,9
1,4.712594985961914,5
3,2.8812925815582275,8
0,2.8812923431396484,8
2,3.008150577545166,6
1,4.3691301345825195,3
2,3.5850777626037598,7
3,3.3205740451812744,9
0,2.7021727561950684,4
1,4.706961154937744,5
1,3.603832960128784,1
2,3.5807197093963623,2
3,3.6826648712158203,0
0,2.9997408390045166,6
2,2.84421968460083,8
0,4.292124271392822,3
1,2.9928505420684814,6
3,3.68186354637146,0
0,3.642575740814209,1
3,3.567744255065918,2
1,3.3270750045776367,9
2,2.7226314544677734,4
0,2.847210168838501,8
2,3.516721248626709,7
1,4.67228889465332,5
3,4.672288417816162,5
3,3.5611958503723145,2
1,3.516721487045288,7
2,3.674506902694702,0
0,2.7284083366394043,4
3,3.641216993331909,1
1,4.39091682434082,3
0,3.3329806327819824,9
2,3.0138630867004395,6
0,3.641216993331909,1
3,3.558368682861328,2
1,2.732229232788086,4
2,4.632279396057129,5
3,4.098512649536133,8
0,2.9424943923950195,6
1,3.334728240966797,9
2,3.5188777446746826,7
3,3.5595102310180664,2
2,3.677422523498535,0
0,4.391334533691406,3
1,3.677422046661377,0
0,3.94242262840271,8
3,3.5219900608062744,7
2,3.3379273414611816,9
1,3.5146865844726562,6
0,3.6401805877685547,1
2,5.146327972412109,5
1,4.392772197723389,3
3,2.7411234378814697,4
1,3.3398900032043457,9
0,3.5237884521484375,7
2,5.134821891784668,5
3,3.935711145401001,8
2,3.6401679515838623,1
3,3.6826846599578857,0
1,3.5529942512512207,2
0,4.393879413604736,3
2,3.556713104248047,2
1,3.6858370304107666,0
3,3.5164761543273926,6
0,2.7517294883728027,4
1,4.3977484703063965,3
0,3.5165185928344727,6
3,2.7517290115356445,4
2,3.6401731967926025,1
1,3.9210903644561768,8
2,5.113759517669678,5
3,3.526978015899658,7
0,3.3449220657348633,9
3,3.558976173400879,2
1,4.396400451660156,3
2,2.75765323638916,4
0,5.113753795623779,5
2,3.641392707824707,1
0,3.912689685821533,8
1,3.3465452194213867,9
3,3.5286073684692383,7
2,3.6899774074554443,0
1,3.4889674186706543,6
3,3.4889678955078125,6
0,5.107481002807617,5
2,3.642824649810791,1
0,3.692254066467285,0
3,4.396843910217285,3
1,2.7708444595336914,4
2,3.9022610187530518,8
1,3.348916530609131,9
0,3.5688443183898926,2
3,3.5295491218566895,7
3,4.158664226531982,3
0,3.696098804473877,0
1,3.5319573879241943,7
2,2.7575459480285645,4
3,3.645594596862793,1
2,3.352952480316162,9
0,3.5749659538269043,2
1,3.492630958557129,6
3,3.9589333534240723,8
0,3.4957919120788574,6
1,5.072213172912598,5
2,2.765829563140869,4
3,3.563209056854248,2
1,3.698864459991455,0
0,3.5350565910339355,7
2,5.06904411315918,5
2,3.9300386905670166,8
3,4.1714582443237305,3
1,3.360041618347168,9
0,3.6493122577667236,1
3,3.3603737354278564,9
1,3.7005372047424316,0
2,5.062720775604248,5
0,2.7727913856506348,4
1,3.9220643043518066,8
3,3.541581392288208,7
0,3.49825382232666,6
2,4.174989223480225,3
0,3.651226043701172,1
3,5.0535383224487305,5
2,3.5209133625030518,2
1,3.922046661376953,8
3,3.7681002616882324,0
0,3.5656442642211914,2
2,3.8230533599853516,3
1,3.366741895675659,9
2,3.7051239013671875,1
0,3.542814254760742,7
1,3.546241044998169,6
3,2.8476321697235107,4
2,3.8037092685699463,3
1,3.3706512451171875,9
0,3.558600664138794,6
3,2.854633331298828,4
1,3.978412628173828,8
2,3.5569472312927246,2
3,5.1041364669799805,5
0,3.545419454574585,7
2,3.559011697769165,2
0,3.7109129428863525,1
3,3.773076057434082,0
1,2.860194206237793,4
0,3.7113142013549805,1
3,3.7729101181030273,0
1,3.900137424468994,8
2,5.076399326324463,5
3,3.3835082054138184,9
1,3.5264015197753906,6
2,3.814366340637207,3
0,3.555706024169922,7
0,3.7790510654449463,0
2,3.814366579055786,3
3,3.5123696327209473,2
1,2.869894027709961,4
0,3.9491922855377197,8
3,3.411386013031006,9
1,3.53009295463562,6
2,3.528750419616699,7
2,3.7186391353607178,1
1,3.411410331726074,9
0,5.0698466300964355,5
3,3.529902696609497,6
2,3.781184196472168,0
0,3.8218185901641846,3
3,3.528808832168579,7
1,3.9445152282714844,2
1,3.9372124671936035,8
2,2.887972354888916,4
0,5.0557990074157715,5
3,3.7243266105651855,1
1,3.533982753753662,6
2,3.785529136657715,0
0,5.0558085441589355,5
3,2.8879194259643555,4
1,3.7243266105651855,1
0,3.929774761199951,2
2,3.9372293949127197,8
3,3.534825086593628,7
0,3.39797306060791,9
1,3.5371947288513184,6
2,3.39797306060791,9
3,3.838059186935425,3
1,3.729191303253174,1
0,3.926950216293335,8
3,3.911250114440918,2
2,5.0450897216796875,5
3,3.523003101348877,7
1,3.8377416133880615,3
2,2.896829128265381,4
0,3.787917137145996,0
0,4.959941864013672,1
2,3.5220699310302734,6
3,3.525757312774658,7
1,5.037684440612793,5
2,3.892885208129883,2
0,3.8461952209472656,3
3,3.4014229774475098,9
1,3.7911322116851807,0
2,3.8936705589294434,8
0,4.966398239135742,1
3,3.529641628265381,7
1,2.799436569213867,4
3,3.8936614990234375,8
2,3.4563817977905273,9
0,3.7967045307159424,0
1,3.8588743209838867,3
0,3.2232112884521484,2
2,2.8058276176452637,4
3,5.023313522338867,5
1,3.338785409927368,6
1,4.973118782043457,1
3,3.460747003555298,9
0,3.3391621112823486,6
2,3.5346317291259766,7
3,3.8675625324249268,8
2,3.8883092403411865,3
0,3.882817268371582,0
1,5.020793914794922,5
1,3.220304012298584,2
2,4.978438377380371,1
0,3.3433244228363037,6
3,2.7980399131774902,4
3,4.4452900886535645,2
0,4.96790885925293,0
1,3.698659896850586,7
2,5.021664142608643,5
3,2.7978405952453613,4
1,3.852846145629883,8
2,3.9021222591400146,3
0,3.655289649963379,9
1,3.835758686065674,8
3,3.663572311401367,9
0,5.020534992218018,5
2,3.701900005340576,7
3,3.3497042655944824,6
1,4.981315612792969,0
2,3.917614459991455,3
0,2.806361675262451,4
3,4.980468273162842,1
0,4.449582099914551,2
2,4.992298126220703,0
1,5.021908760070801,5
3,4.449602127075195,2
2,3.8216819763183594,8
0,3.3503284454345703,6
1,3.670717239379883,9
2,4.984469890594482,1
0,2.821437358856201,4
1,3.71304988861084,7
3,3.937004804611206,3
2,3.9395594596862793,3
1,4.9841084480285645,1
0,3.6793017387390137,9
3,2.820202350616455,4
0,4.431366920471191,2
1,5.015256881713867,0
2,3.3490824699401855,6
3,5.156083583831787,5
0,3.7910146713256836,8
2,5.01523494720459,0
1,4.989188194274902,1
3,3.7200732231140137,7
0,3.7302913665771484,9
1,4.431161403656006,2
3,5.163121223449707,5
2,3.775524139404297,8
1,3.7994322776794434,3
2,3.3499300479888916,6
3,2.778493881225586,4
0,3.7241268157958984,7
1,4.877152442932129,0
3,3.7391016483306885,9
2,3.21274471282959,6
0,2.78647518157959,4
3,5.004780292510986,1
1,3.761375904083252,8
2,5.151421070098877,5
0,3.729031801223755,7
2,3.750234603881836,9
3,4.4239182472229,2
1,5.0151567459106445,1
0,3.8160781860351562,3
0,4.423942565917969,2
3,4.888861656188965,0
2,3.8167009353637695,3
1,3.735722780227661,7
0,3.7323083877563477,8
1,3.1965746879577637,6
2,5.137397766113281,5
3,2.8096418380737305,4
1,4.430042266845703,2
2,5.130487442016602,5
0,3.750943660736084,7
3,2.8183884620666504,4
0,3.714879035949707,8
3,4.914074420928955,0
2,3.8418514728546143,3
1,3.194002151489258,6
0,3.782229423522949,9
2,3.760401487350464,7
3,5.111783981323242,1
1,3.194716453552246,6
3,5.114337921142578,1
0,4.925050735473633,0
1,2.8368239402770996,4
2,5.128931045532227,5
0,3.685640811920166,8
1,4.439438819885254,2
2,3.7954516410827637,9
3,3.861607074737549,3
3,4.441433906555176,2
2,3.7954201698303223,9
1,3.679659605026245,8
0,5.1286725997924805,5
0,5.131195068359375,1
1,4.946267127990723,0
3,3.8653361797332764,3
2,2.8657517433166504,4
1,5.131195068359375,1
3,3.78631591796875,7
2,3.786316394805908,7
0,3.1863083839416504,6
2,3.8228700160980225,9
3,5.135863780975342,5
0,3.875457525253296,3
1,4.953778266906738,0
1,4.455145835876465,2
0,3.6448142528533936,8
2,3.1843414306640625,6
3,2.880185127258301,4
3,5.148744583129883,1
1,3.83681583404541,9
2,3.8005123138427734,7
0,5.141183376312256,5
0,4.462420463562012,2
2,4.961756706237793,0
1,3.6280694007873535,8
3,3.8867037296295166,3
2,5.157020568847656,1
0,3.1810009479522705,6
3,2.9085640907287598,4
1,3.1810007095336914,6
3,3.8508973121643066,9
0,4.967191219329834,0
1,2.9083986282348633,4
2,3.897660732269287,3
3,3.595311164855957,8
2,4.479274749755859,2
1,5.157225608825684,5
0,3.823396682739258,7
2,3.59521484375,8
3,5.164422512054443,1
1,3.8653573989868164,9
0,3.1792774200439453,6
3,3.918879747390747,3
0,4.9776763916015625,0
2,3.8348798751831055,7
1,2.91304874420166,4
3,4.485383987426758,2
2,3.8792366981506348,9
1,5.052990913391113,5
0,3.9185638427734375,3
2,4.491137504577637,2
0,3.1781015396118164,6
3,3.8468050956726074,7
1,5.062368392944336,5
1,3.5640134811401367,8
2,5.1815505027771,1
0,2.926600933074951,4
3,4.979681015014648,0
3,4.492640495300293,2
0,5.185095310211182,1
2,3.9346132278442383,3
1,3.8517470359802246,7
0,4.983157157897949,0
1,3.18057918548584,6
2,2.935397148132324,4
3,5.075674057006836,5
1,4.494083881378174,2
2,3.9403698444366455,3
3,3.5497097969055176,8
0,3.9018502235412598,9
0,4.981952667236328,0
2,5.078737735748291,5
3,3.1800296306610107,6
1,2.9367237091064453,4
3,5.192926406860352,1
0,3.5435359477996826,8
1,3.906765937805176,9
2,3.861462116241455,7
2,5.196845054626465,1
3,4.986078262329102,0
1,5.089052200317383,5
0,3.18264102935791,6
2,3.9469079971313477,3
0,3.9110007286071777,9
3,4.202348709106445,4
1,3.537865161895752,8
3,5.201075077056885,1
2,4.495840072631836,2
0,3.9164538383483887,9
1,3.8702454566955566,7
0,3.870267629623413,7
2,5.091715335845947,5
3,3.532078504562378,8
1,3.955106019973755,3
1,4.990670204162598,0
3,3.186610221862793,6
0,4.496657371520996,2
2,4.354636192321777,4
2,3.8732826709747314,7
0,4.990650177001953,0
1,5.095196723937988,5
3,4.356051445007324,4
2,5.204921245574951,1
3,3.921177387237549,9
0,4.495333671569824,2
1,3.962737560272217,3
3,3.5207955837249756,8
0,4.993124008178711,0
1,3.5207955837249756,8
2,3.187577247619629,6
0,5.096155166625977,5
3,3.9683196544647217,3
1,3.1876726150512695,6
2,4.495779037475586,2
2,5.213343620300293,1
0,3.9313838481903076,9
1,3.879300117492676,7
3,4.365875244140625,4
2,3.515587568283081,8
3,3.9308085441589355,9
1,4.4959917068481445,2
0,3.8790388107299805,7
2,5.215736389160156,1
0,4.996862411499023,0
1,3.9748754501342773,3
3,5.1054487228393555,5
1,5.215697288513184,1
0,4.496967792510986,2
3,3.1877403259277344,6
2,4.3680901527404785,4
2,3.5084376335144043,8
0,3.1891379356384277,6
3,4.999283790588379,0
1,5.107655048370361,5
3,3.9429070949554443,9
2,3.981045722961426,3
0,3.8866825103759766,7
1,4.37696647644043,4
2,5.224574565887451,1
0,3.942903518676758,9
1,3.504002094268799,8
3,5.114883899688721,5
3,3.1908888816833496,6
0,5.001063823699951,0
1,3.9833784103393555,3
2,4.376697063446045,4
0,5.229779243469238,1
1,3.499356269836426,8
3,4.5009942054748535,2
2,3.8891851902008057,7
0,4.501692771911621,2
2,5.003000259399414,0
1,3.951723575592041,9
3,4.385724067687988,4
1,5.121218681335449,5
0,3.1945366859436035,6
3,3.892266273498535,7
2,3.9922122955322266,3
2,3.895747184753418,7
3,3.998269557952881,3
1,4.392219066619873,4
0,3.489187717437744,8
2,5.12159538269043,5
3,3.196427345275879,6
1,5.004640579223633,0
0,3.9581875801086426,9
2,5.246052265167236,1
0,5.24605131149292,1
1,4.503496170043945,2
3,4.503497123718262,2
0,4.003196716308594,3
2,3.9007816314697266,7
1,3.964979648590088,9
3,3.197883129119873,6
0,3.477546215057373,8
2,5.00921630859375,0
3,5.233011722564697,5
1,4.407134056091309,4
3,3.906116485595703,7
1,3.9728341102600098,9
0,5.253174304962158,1
2,4.407134532928467,4
2,5.011355400085449,0
3,4.50362491607666,2
1,3.20151424407959,6
0,4.0172648429870605,3
1,3.47288179397583,8
0,5.258140563964844,1
2,3.201359748840332,6
3,5.228361129760742,5
2,3.4804599285125732,8
3,4.503145694732666,2
1,5.225622177124023,5
0,4.025024890899658,3
1,3.985015392303467,9
3,4.418344497680664,4
0,3.915902614593506,7
2,5.014186382293701,0
3,4.503615379333496,2
1,3.474083185195923,8
2,4.42807674407959,4
0,3.995239734649658,9
2,5.018493175506592,0
3,5.272439956665039,1
1,3.923757791519165,7
0,5.228918075561523,5
0,4.040002822875977,3
2,3.927914619445801,7
3,4.040002822875977,3
1,3.2053585052490234,6
2,3.2054083347320557,6
0,4.976458549499512,5
3,4.000676155090332,9
1,5.276597499847412,1
0,3.4665985107421875,8
1,4.502453804016113,2
3,5.022440433502197,0
2,4.437125205993652,4
2,4.502403259277344,2
1,4.004737854003906,9
0,3.931069850921631,7
3,4.437102794647217,4
2,5.284175872802734,1
1,3.4635043144226074,8
0,5.024638652801514,0
3,4.051637649536133,3
0,4.004207134246826,9
2,4.501485824584961,2
3,3.208686113357544,6
1,4.974401473999023,5
0,5.288227558135986,1
3,3.4601736068725586,8
1,4.970675468444824,5
2,4.445143222808838,4
3,3.937933921813965,7
1,4.061570167541504,3
0,3.2094099521636963,6
2,5.026904582977295,0
2,4.498385906219482,2
1,4.014191627502441,9
3,4.966082572937012,5
0,3.456772804260254,8
0,3.2123959064483643,6
1,5.031796455383301,0
2,3.944767951965332,7
3,4.454536437988281,4
2,3.45347261428833,8
1,3.212195873260498,6
3,5.296725273132324,1
0,4.074246883392334,3
0,4.014225959777832,9
2,3.9470534324645996,7
1,5.300844669342041,1
3,4.9611663818359375,5
3,5.034776210784912,0
0,4.495946407318115,2
1,4.459022045135498,4
2,4.080731391906738,3
2,4.494917392730713,2
3,3.2255094051361084,6
0,3.9502029418945312,7
1,4.464032173156738,4
1,5.305593013763428,1
2,4.019692420959473,9
3,3.446871280670166,8
0,4.087520599365234,3
2,5.310321807861328,1
3,4.023670196533203,9
1,4.958559513092041,5
0,5.0399169921875,0
3,3.4438323974609375,8
0,4.493972301483154,2
1,3.2259838581085205,6
2,5.0399489402771,0
3,4.132774829864502,3
2,3.9507555961608887,7
0,4.96002721786499,5
1,4.473605155944824,4
2,3.2267727851867676,6
0,5.314971446990967,1
3,4.027011871337891,9
1,4.132778167724609,3
1,3.439466714859009,8
3,5.0454607009887695,0
2,3.9492852687835693,7
0,4.490292072296143,2
3,4.490292072296143,2
2,3.227787494659424,6
1,4.961112976074219,5
0,4.476492881774902,4
0,5.319180965423584,1
2,4.149869918823242,3
3,4.030886650085449,9
1,4.478443145751953,4
1,3.438114643096924,8
0,5.242316722869873,7
2,4.962008953094482,5
3,5.048303604125977,0
2,4.487562656402588,2
1,5.319180965423584,1
0,5.048303604125977,0
3,4.478443145751953,4
2,5.2422895431518555,7
0,4.961079120635986,5
1,3.4380991458892822,8
3,4.1500091552734375,3
0,4.033328533172607,9
1,5.0506463050842285,0
2,5.241761207580566,7
3,3.229365348815918,6
3,4.483613014221191,2
1,4.480560779571533,4
0,4.159036159515381,3
2,4.033328533172607,9
0,5.320738792419434,1
1,3.229048013687134,6
2,3.4513747692108154,8
3,4.954242706298828,5
1,4.165950775146484,3
2,4.481382846832275,4
3,3.2301881313323975,6
0,4.9537763595581055,5
1,4.480007171630859,2
3,5.321519374847412,1
2,3.4509453773498535,8
0,5.05280876159668,0
0,4.033961296081543,9
2,4.4800615310668945,2
3,4.481378078460693,4
1,5.240592002868652,7
0,3.435194492340088,8
3,4.033234596252441,9
1,5.321967124938965,1
2,5.239531993865967,7
1,5.054277420043945,0
0,4.171624183654785,3
2,4.949859619140625,5
3,3.230879306793213,6
2,3.435211658477783,8
1,5.321967124938965,1
0,5.23956298828125,7
3,4.949858665466309,5
1,4.0323991775512695,9
2,3.2312135696411133,6
0,4.482171058654785,4
3,4.1749796867370605,3
2,4.4758148193359375,2
3,4.4758148193359375,2
1,5.053479194641113,0
0,5.053479194641113,0
0,3.434457778930664,8
1,4.032160758972168,9
3,4.9484663009643555,5
2,5.321380615234375,1
0,4.177138328552246,3
3,5.238454818725586,7
2,3.231491804122925,6
1,4.481968879699707,4
2,5.320916652679443,1
1,3.433380126953125,8
3,4.947061538696289,5
0,4.031472206115723,9
1,5.053196907043457,0
0,3.2319133281707764,6
3,4.474417686462402,2
2,4.181750774383545,3
1,5.320884704589844,1
3,4.031890392303467,9
0,5.23600959777832,7
2,4.482328414916992,4
3,5.052916526794434,0
2,4.943975925445557,5
0,4.482840538024902,4
1,3.4317922592163086,8
2,3.941615104675293,7
1,3.2337942123413086,6
0,4.187995910644531,3
3,4.471674919128418,2
2,5.05294132232666,0
3,4.471710681915283,2
0,4.482840538024902,4
1,3.23360276222229,6
0,3.4307641983032227,8
1,4.005263328552246,7
3,4.192502021789551,3
2,4.943652153015137,5
2,5.319910526275635,1
0,3.234971523284912,6
1,4.028046131134033,9
3,4.943652629852295,5
1,3.430738687515259,8
3,4.028018951416016,9
0,4.483614444732666,4
2,5.319902420043945,1
2,5.0528178215026855,0
0,4.468320846557617,2
3,4.195433139801025,3
1,4.001827239990234,7
2,4.001827239990234,7
0,3.4297780990600586,8
1,4.942860126495361,5
3,4.026376247406006,9
0,4.468227386474609,2
1,5.0528178215026855,0
2,4.48436975479126,4
3,4.195433139801025,3
1,5.321349620819092,1
2,3.2349014282226562,6
3,3.2349014282226562,6
0,4.024900436401367,9
0,4.198724746704102,3
3,4.46678352355957,2
2,4.485480308532715,4
1,5.053036689758301,0
3,5.321349620819092,1
2,4.942162990570068,5
1,3.9971256256103516,7
0,3.4287045001983643,8
3,5.322161674499512,1
2,3.992919445037842,7
0,4.486257076263428,4
1,4.201535224914551,3
0,4.942287921905518,5
1,5.052831172943115,0
3,4.022456169128418,9
2,3.4278817176818848,8
1,5.322162628173828,1
2,3.2349853515625,6
3,3.4278817176818848,8
0,4.465439796447754,2
0,4.463131427764893,2
3,3.2340493202209473,6
2,4.021075248718262,9
1,3.990680694580078,7
0,5.053225517272949,0
1,4.9364848136901855,5
2,4.486311912536621,4
3,4.205928802490234,3
2,3.2340497970581055,6
3,4.486311912536621,4
1,4.205928325653076,3
0,5.322264194488525,1
0,2.336379051208496,9
1,5.41724967956543,2
3,3.9095852375030518,7
2,5.922504901885986,5
2,3.4928088188171387,8
0,6.0383405685424805,0
1,6.0383405685424805,0
3,5.267577171325684,4
0,3.909586191177368,7
2,3.2366385459899902,6
3,3.4927961826324463,8
1,2.336378574371338,9
2,5.217785835266113,1
1,5.410029411315918,2
0,4.2627482414245605,3
3,5.906466484069824,5
0,3.9107441902160645,7
1,2.4532318115234375,9
2,5.906513214111328,5
3,4.262413024902344,3
3,5.21778678894043,1
0,3.2323906421661377,6
2,5.309341907501221,4
1,5.410016059875488,2
1,3.4737486839294434,8
2,6.04080867767334,0
3,6.040809631347656,0
0,3.233109951019287,6
0,2.454555034637451,9
3,5.892104625701904,5
1,3.473769187927246,8
2,5.2174224853515625,1
1,5.407006740570068,2
3,5.309300899505615,4
2,4.269896030426025,3
0,3.9119009971618652,7
1,5.83572244644165,5
3,4.194689750671387,3
2,3.912637710571289,7
0,6.036282062530518,0
2,5.208795547485352,1
0,3.3102617263793945,6
1,2.455373764038086,9
3,3.4880850315093994,8
3,5.37143611907959,2
1,5.37143611907959,2
2,4.194343090057373,3
0,5.290874481201172,4
0,2.454245090484619,9
3,3.912123680114746,7
1,3.3115861415863037,6
2,3.487612247467041,8
0,6.0379462242126465,0
2,5.206443786621094,1
1,5.289046287536621,4
3,5.830735206604004,5
0,3.4876155853271484,8
3,5.367631912231445,2
2,3.311368465423584,6
1,3.912130355834961,7
2,5.201244831085205,1
3,2.451035976409912,9
0,6.038456439971924,0
1,5.827031135559082,5
0,5.368505477905273,2
1,4.203530311584473,3
2,5.284783840179443,4
3,5.284783840179443,4
1,5.201245307922363,1
0,6.038480281829834,0
3,4.203239440917969,3
2,3.909661054611206,7
2,3.3771767616271973,6
0,2.4508895874023438,9
1,3.486422538757324,8
3,5.823698043823242,5
1,5.200172424316406,1
2,2.4508891105651855,9
0,5.284193992614746,4
3,3.4864227771759033,8
1,4.208629608154297,3
3,5.367316246032715,2
0,3.377185344696045,6
2,3.909998893737793,7
3,5.199448585510254,1
0,3.9101929664611816,7
1,5.822940826416016,5
2,6.04080867767334,0
2,4.209651947021484,3
0,5.364137649536133,2
3,3.378105878829956,6
1,5.283913612365723,4
0,3.4854202270507812,8
1,5.8223443031311035,5
2,2.45082950592041,9
3,6.040709018707275,0
0,5.284004211425781,4
1,6.041056156158447,0
3,3.4854068756103516,8
2,4.205690383911133,3
2,5.198716163635254,1
0,3.3784828186035156,6
1,2.450559616088867,9
3,3.9097788333892822,7
0,4.205647945404053,3
2,3.37837815284729,6
3,5.820509433746338,5
1,5.364422798156738,2
3,5.365118980407715,2
1,6.041337966918945,0
0,5.81852388381958,5
2,5.283820152282715,4
2,3.4863438606262207,8
0,2.4499330520629883,9
3,3.9087681770324707,7
1,5.197082042694092,1
2,6.041350841522217,0
3,3.4863014221191406,8
1,3.3782968521118164,6
0,5.818624973297119,5
3,5.394802570343018,2
2,4.244553565979004,3
1,5.294588088989258,4
0,2.4490959644317627,9
1,4.244553089141846,3
0,3.9087119102478027,7
2,5.200374603271484,1
3,5.200374603271484,1
2,2.330817461013794,9
3,6.0466084480285645,0
0,5.872933387756348,5
1,3.475881338119507,8
0,3.2397265434265137,6
1,3.907625913619995,7
3,5.395595550537109,2
2,5.290163040161133,4
0,3.4758596420288086,8
3,5.395596504211426,2
1,5.87293815612793,5
2,5.290163993835449,4
2,2.3325562477111816,9
0,5.193267345428467,1
3,3.904721736907959,7
1,4.226861953735352,3
3,4.226803302764893,3
0,6.0461883544921875,0
2,3.240420341491699,6
1,6.04619026184082,0
1,5.874933242797852,5
0,5.286503791809082,4
3,2.3325695991516113,9
2,3.9049408435821533,7
2,5.189413547515869,1
1,5.397223949432373,2
0,3.240264654159546,6
3,3.4804279804229736,8
2,5.189414978027344,1
1,4.216874122619629,3
3,2.3290324211120605,9
0,5.283180236816406,4
1,5.398518085479736,2
0,3.480375289916992,8
2,3.2412660121917725,6
3,5.8781819343566895,5
0,6.042809963226318,0
2,5.185166358947754,1
3,3.8982205390930176,7
1,5.280025005340576,4
2,2.3246867656707764,9
3,4.209419250488281,3
0,3.2412338256835938,6
1,5.880224227905273,5
0,3.48319149017334,8
2,3.898137331008911,7
1,6.042793273925781,0
3,5.399893283843994,2
2,3.2405943870544434,6
1,5.276065826416016,4
3,5.4008026123046875,2
0,3.894279956817627,7
0,5.180429458618164,1
2,6.040275573730469,0
1,5.8831682205200195,5
3,4.203588008880615,3
1,5.180429458618164,1
3,3.4855194091796875,8
2,2.319786310195923,9
0,2.319786310195923,9
3,6.038281440734863,0
0,3.7959351539611816,7
1,5.890222549438477,5
2,5.401713848114014,2
2,3.487729072570801,8
0,5.270664691925049,4
1,4.199135780334473,3
3,3.2415595054626465,6
3,4.199135780334473,3
1,3.7959346771240234,7
2,5.890223026275635,5
0,5.401714324951172,2
2,5.260715484619141,4
1,5.119071960449219,1
0,6.037039756774902,0
3,3.243950366973877,6
0,5.119071960449219,1
2,3.4885644912719727,8
1,5.260715484619141,4
3,2.3114371299743652,9
2,6.036956787109375,0
0,3.2435717582702637,6
3,4.204786777496338,3
1,3.4886226654052734,8
2,5.39613676071167,2
1,2.3063125610351562,9
0,5.908871650695801,5
3,3.7828140258789062,7
2,5.39613676071167,2
1,6.035048961639404,0
0,5.908871173858643,5
3,2.3063106536865234,9
2,3.4900996685028076,8
0,5.112305164337158,1
3,4.209385871887207,3
1,5.252100944519043,4
2,3.7751126289367676,7
0,3.7751126289367676,7
1,3.2484962940216064,6
3,5.917470932006836,5
0,3.491779088973999,8
1,5.243945121765137,4
2,2.3008384704589844,9
3,3.248044967651367,6
3,5.394404888153076,2
0,6.032930374145508,0
2,5.106679916381836,1
1,4.213801383972168,3
1,5.235588073730469,4
2,3.49322509765625,8
3,5.391674041748047,2
0,6.17026424407959,5
2,4.21889591217041,3
0,3.249385356903076,6
1,6.03034782409668,0
3,3.768767833709717,7
2,2.295837879180908,9
0,3.7688074111938477,7
3,5.099318504333496,1
1,6.030365943908691,0
0,3.2497141361236572,6
2,6.177497386932373,5
3,5.392351150512695,2
1,4.213850975036621,3
1,5.092520713806152,1
2,2.289529800415039,9
0,5.229162693023682,4
3,3.4957215785980225,8
1,5.092520713806152,1
0,5.392351150512695,2
2,5.229162693023682,4
3,6.177496910095215,5
3,6.027633190155029,0
0,3.76224422454834,7
1,4.212737083435059,3
2,2.289076089859009,9
1,5.087137222290039,1
0,6.0257110595703125,0
3,3.4999265670776367,8
2,3.2501959800720215,6
0,2.2835705280303955,9
3,3.499925374984741,8
1,5.224617958068848,4
2,5.395892143249512,2
2,3.757042169570923,7
1,6.186840057373047,5
0,3.249906539916992,6
3,4.200026512145996,3
1,3.752598762512207,7
2,5.220396041870117,4
3,6.189072132110596,5
0,5.397298812866211,2
1,3.501955032348633,8
2,6.0238471031188965,0
0,3.2502646446228027,6
3,4.190887451171875,3
1,2.27850341796875,9
0,6.189072132110596,5
3,2.278502941131592,9
2,5.028903484344482,1
3,6.022016525268555,0
2,3.2522034645080566,6
0,4.179989814758301,3
1,5.217417240142822,4
0,5.026784896850586,1
2,5.402522087097168,2
1,3.506972312927246,8
3,3.8122670650482178,7
3,5.40250301361084,2
1,3.506951332092285,8
0,4.173587799072266,3
2,3.8122341632843018,7
1,5.021987438201904,1
2,6.018402099609375,0
0,6.20226526260376,5
3,5.214321136474609,4
0,6.20226526260376,5
2,3.511005401611328,8
1,2.2174627780914307,9
3,3.251652240753174,6
3,2.217456579208374,9
1,3.2511038780212402,6
0,5.214334011077881,4
2,6.01835823059082,0
0,5.017047882080078,1
1,3.8025002479553223,7
3,5.404631614685059,2
2,4.152130126953125,3
1,5.405745029449463,2
2,3.8021414279937744,7
0,2.211221218109131,9
3,5.2096686363220215,4
2,5.016895771026611,1
1,6.01392126083374,0
3,4.150112152099609,3
0,3.249948501586914,6
2,6.013951301574707,0
3,3.8021790981292725,7
0,6.202877044677734,5
1,3.514810085296631,8
0,3.5184338092803955,8
1,6.19734001159668,5
2,3.2483909130096436,6
3,4.14250373840332,3
2,5.404430866241455,2
0,5.206335544586182,4
1,5.012077331542969,1
3,2.2059168815612793,9
1,5.012077331542969,1
2,5.404430866241455,2
3,3.248389720916748,6
0,3.7985355854034424,7
0,2.2006635665893555,9
1,6.007297039031982,0
2,4.128874778747559,3
3,6.192366600036621,5
1,3.523505449295044,8
0,3.2466282844543457,6
2,2.200679302215576,9
3,5.202948093414307,4
1,6.00731086730957,0
3,3.523505210876465,8
0,5.202948570251465,4
2,5.430606842041016,2
1,6.186931610107422,5
0,5.007519721984863,1
2,3.795893907546997,7
3,4.129004001617432,3
2,3.793117046356201,7
3,5.003026962280273,1
0,6.003550052642822,0
1,4.118896484375,3
0,3.5279722213745117,8
3,3.244345188140869,6
1,2.1965725421905518,9
2,6.1774396896362305,5
1,5.4260640144348145,2
3,5.426063537597656,2
0,6.1637797355651855,5
2,3.946202516555786,4
2,3.5320892333984375,8
0,2.192537784576416,9
3,3.2437920570373535,6
1,6.000792980194092,0
2,4.99814510345459,1
0,3.789855718612671,7
1,4.109920501708984,3
3,3.946117401123047,4
0,3.790142059326172,7
3,4.998144149780273,1
1,3.53212308883667,8
2,6.160477638244629,5
1,5.422920227050781,2
3,2.1865336894989014,9
0,4.102828025817871,3
2,3.942115306854248,4
1,5.997136116027832,0
3,5.422920227050781,2
2,3.2419748306274414,6
0,3.942115068435669,4
3,3.521641731262207,8
0,3.241508960723877,6
1,4.10220193862915,3
2,5.997049331665039,0
0,4.988190174102783,1
1,3.715397834777832,7
3,2.1801068782806396,9
2,6.144464492797852,5
3,3.2400031089782715,6
2,6.144464492797852,5
1,4.095224380493164,3
0,5.420704364776611,2
3,3.5273892879486084,8
1,3.715388536453247,7
0,3.9366116523742676,4
2,4.988190650939941,1
2,5.987798690795898,0
1,5.417596340179443,2
0,3.709681987762451,7
3,2.173344135284424,9
0,4.981189250946045,1
1,2.171638011932373,9
2,4.087620258331299,3
3,6.136645793914795,5
2,5.987268447875977,0
0,3.92824125289917,4
1,3.5344903469085693,8
3,3.2379796504974365,6
0,4.087167739868164,3
2,3.707663059234619,7
1,6.1364336013793945,5
3,4.981834888458252,1
0,5.981783866882324,0
2,2.1627755165100098,9
1,3.9192728996276855,4
3,5.4134039878845215,2
0,5.981760025024414,0
1,2.162778854370117,9
2,3.236328601837158,6
3,3.541721820831299,8
1,4.965181350708008,1
3,4.078422546386719,3
0,6.1230058670043945,5
2,3.23520565032959,6
1,5.407771110534668,2
3,3.5495810508728027,8
2,3.6909120082855225,7
0,3.9090585708618164,4
3,5.407750129699707,2
1,2.1526057720184326,9
2,3.9090585708618164,4
0,3.234947681427002,6
0,3.5565032958984375,8
1,3.68300724029541,7
2,6.116542816162109,5
3,4.074041366577148,3
2,4.952704429626465,1
1,4.952704429626465,1
3,5.968328475952148,0
0,4.0746917724609375,3
1,2.142442464828491,9
3,3.233820915222168,6
2,3.8981895446777344,4
0,6.114516258239746,5
2,3.5572333335876465,8
0,5.968266487121582,0
3,5.401205062866211,2
1,3.6812922954559326,7
1,3.565375804901123,8
0,3.669659376144409,7
2,2.1321518421173096,9
3,4.071354866027832,3
1,5.394282341003418,2
0,6.108495712280273,5
2,3.8874921798706055,4
3,4.942193031311035,1
0,2.132185459136963,9
3,3.233153820037842,6
1,3.66963267326355,7
2,5.961587905883789,0
1,5.9518327713012695,0
0,4.929556846618652,1
3,3.5775094032287598,8
2,4.069239616394043,3
0,5.383540630340576,2
3,6.101707458496094,5
1,3.8731870651245117,4
2,3.2336831092834473,6
3,2.1184425354003906,9
1,3.6555795669555664,7
2,3.233682155609131,6
0,5.951833248138428,0
0,3.585437297821045,8
2,5.375903129577637,2
3,4.922535419464111,1
1,4.064421653747559,3
2,3.5854368209838867,8
0,5.945324897766113,0
1,6.095856666564941,5
3,3.8627493381500244,4
2,2.163306713104248,9
1,4.920725345611572,1
3,3.8627493381500244,4
0,4.064645290374756,3
0,5.375864028930664,2
2,3.2367615699768066,6
1,3.6462244987487793,7
3,6.096545219421387,5
3,2.1543760299682617,9
2,5.939720153808594,0
0,3.236318588256836,6
1,4.050685405731201,3
1,4.912520408630371,1
2,3.637343168258667,7
3,6.088472843170166,5
0,5.370333194732666,2
3,4.9125142097473145,1
2,3.8536534309387207,4
1,3.595052480697632,8
0,3.8536534309387207,4
2,5.362396717071533,2
0,5.930856704711914,0
3,4.039804458618164,3
1,3.6244149208068848,7
1,2.14288067817688,9
3,6.084742546081543,5
0,3.237638235092163,6
2,3.607787609100342,8
0,5.930842399597168,0
2,4.903564929962158,1
1,3.6077818870544434,8
3,3.23745059967041,6
3,2.1342849731445312,9
1,5.358565330505371,2
2,6.0807366371154785,5
0,3.6147305965423584,7
2,5.9250102043151855,0
1,4.896921157836914,1
0,4.022163391113281,3
3,3.8345532417297363,4
2,4.022498607635498,3
0,5.358540058135986,2
3,3.6191318035125732,8
1,3.6151061058044434,7
0,3.8280296325683594,4
1,3.2363734245300293,6
2,2.126765489578247,9
3,6.06570291519165,5
2,3.630551338195801,8
3,3.2363734245300293,6
0,3.6069347858428955,7
1,5.919163703918457,0
3,2.1184659004211426,9
2,5.344703674316406,2
1,3.8193793296813965,4
0,3.995913028717041,3
1,5.910599231719971,0
3,2.116715908050537,9
2,4.88223934173584,1
0,6.054782390594482,5
1,5.338304042816162,2
3,6.0471320152282715,5
2,3.9832663536071777,3
0,3.587125301361084,7
0,3.2357139587402344,6
1,3.655885934829712,8
3,3.811861276626587,4
2,4.876223564147949,1
1,5.331478118896484,2
2,3.9714179039001465,3
0,3.578342914581299,7
3,4.870352745056152,1
2,2.1010794639587402,9
1,3.234450340270996,6
3,3.8042054176330566,4
0,3.6667656898498535,8
2,3.6776986122131348,8
1,5.890003204345703,0
3,3.7961838245391846,4
0,6.021648406982422,5
3,5.322172164916992,2
1,2.0917892456054688,9
2,3.9620859622955322,3
0,3.2335147857666016,6
2,4.90306282043457,1
0,5.884716510772705,0
3,6.018162727355957,5
1,3.5637314319610596,7
2,2.086292266845703,9
0,3.790792465209961,4
1,3.684647560119629,8
3,3.2328133583068848,6
3,4.890595436096191,1
1,3.9512715339660645,3
0,5.878273963928223,0
2,3.6633505821228027,7
3,5.311330318450928,2
0,2.07867431640625,9
2,6.009272575378418,5
1,3.783689022064209,4
2,5.3058366775512695,2
3,3.231861114501953,6
0,3.6548125743865967,7
1,6.00474739074707,5
3,4.880980491638184,1
0,5.870682239532471,0
1,3.700949192047119,8
2,3.948317050933838,3
1,2.0653841495513916,9
3,3.939256191253662,3
0,3.770714282989502,4
2,5.996610641479492,5
2,5.297555923461914,2
3,3.710932493209839,8
1,5.863687038421631,0
0,3.64477276802063,7
1,3.721188545227051,8
0,4.864739894866943,1
3,3.232064962387085,6
2,3.232065200805664,6
2,3.764798402786255,4
1,4.864739418029785,1
0,2.057215690612793,9
3,3.927389621734619,3
2,5.281209945678711,2
0,3.628702163696289,7
1,5.849278926849365,0
3,5.964478492736816,5
0,4.857852935791016,1
2,5.849237442016602,0
3,3.731632947921753,8
1,3.7595901489257812,4
0,2.0502824783325195,9
2,5.281177520751953,2
3,3.6286187171936035,7
1,3.9192938804626465,3
2,5.951589584350586,5
0,5.951589584350586,5
1,3.3091585636138916,6
3,3.6202118396759033,7
1,3.741969585418701,8
2,4.851292610168457,1
3,3.3090977668762207,6
0,3.753711223602295,4
0,2.0435917377471924,9
1,5.841948509216309,0
2,3.912839412689209,3
3,4.0846357345581055,2
1,4.078426361083984,2
3,5.833828449249268,0
0,3.3081233501434326,6
2,3.906313419342041,3
1,5.942510604858398,5
2,3.747314929962158,4
3,3.6129610538482666,7
0,4.84484338760376,1
0,2.036579132080078,9
1,3.752072811126709,8
2,2.03657865524292,9
3,5.941884994506836,5
0,3.7628114223480225,8
2,5.703014373779297,0
1,3.3063578605651855,6
3,3.7404260635375977,4
1,4.075186729431152,2
2,4.839013576507568,1
0,3.9019775390625,3
3,3.6061477661132812,7
2,5.703112602233887,0
3,4.075562477111816,2
0,3.7408366203308105,4
1,3.606304883956909,7
1,3.7707455158233643,8
3,2.0248446464538574,9
2,3.8985776901245117,3
0,5.927152633666992,5
0,4.834901332855225,1
2,3.304931640625,6
1,3.7363121509552,4
3,3.3049328327178955,6
3,4.834824562072754,1
0,5.927211761474609,5
2,4.071359634399414,2
1,2.024780035018921,9
0,5.678677082061768,0
3,3.89473557472229,3
1,3.7788403034210205,8
2,3.597179412841797,7
2,5.678676605224609,0
1,3.7318217754364014,4
3,3.89473557472229,3
0,3.597179412841797,7
1,4.066211700439453,2
2,2.0202436447143555,9
3,3.7787914276123047,8
0,5.921045780181885,5
2,2.015720844268799,9
0,4.826930999755859,1
3,5.667563438415527,0
1,3.2998690605163574,6
1,4.061413764953613,2
2,3.8925843238830566,3
0,3.7263236045837402,4
3,3.5930817127227783,7
1,3.786149024963379,8
0,3.2994210720062256,6
3,4.826841831207275,1
2,5.9152631759643555,5
0,5.908270835876465,5
2,3.72080659866333,4
3,4.821079254150391,1
1,3.589386224746704,7
2,4.05551815032959,2
3,5.658199310302734,0
0,3.2972288131713867,6
1,2.0106184482574463,9
2,3.7912673950195312,8
3,3.791266679763794,8
0,2.010830879211426,9
1,3.8942975997924805,3
3,3.584805488586426,7
2,5.642958164215088,0
0,4.048235893249512,2
1,3.7147297859191895,4
1,5.898569107055664,5
3,4.815247058868408,1
2,3.2969377040863037,6
0,3.8955459594726562,3
1,3.5846123695373535,7
0,5.898782730102539,5
2,3.799283027648926,8
3,3.894847869873047,3
1,4.040708541870117,2
2,4.810068130493164,1
3,3.29622483253479,6
0,3.708799362182617,4
0,5.62731409072876,0
2,5.627312183380127,0
1,1.9975124597549438,9
3,4.810067176818848,1
3,3.807791233062744,8
0,4.040787696838379,2
2,3.295780658721924,6
1,3.708775520324707,4
1,3.8725075721740723,3
3,3.5708582401275635,7
2,5.843069076538086,5
0,1.9908838272094727,9
2,5.619924068450928,0
0,5.843099594116211,5
1,4.810333251953125,1
3,3.4015724658966064,6
3,3.570946216583252,7
2,1.9913444519042969,9
0,3.7093024253845215,4
1,4.034605979919434,2
1,3.824978828430176,8
3,3.875946044921875,3
2,3.824978828430176,8
0,5.833829879760742,5
0,5.6066436767578125,0
1,1.9850720167160034,9
2,4.804874420166016,1
3,3.7026450634002686,4
2,4.025960922241211,2
1,3.564131259918213,7
0,3.875696897506714,3
3,3.4012527465820312,6
1,3.6245222091674805,1
0,3.8311753273010254,8
2,3.879702568054199,3
3,5.5941267013549805,0
2,4.017733097076416,2
1,3.4022655487060547,6
3,1.9788228273391724,9
0,5.828309535980225,5
1,3.6240639686584473,1
3,3.831066131591797,8
0,3.695493459701538,4
2,3.557194471359253,7
1,3.883545398712158,3
2,3.402404308319092,6
3,3.549762010574341,7
0,3.6884379386901855,4
2,4.0091962814331055,2
1,5.581618309020996,0
0,1.9724667072296143,9
3,5.8257904052734375,5
3,3.8412303924560547,2
2,5.569517135620117,0
0,3.8866467475891113,3
1,3.680159568786621,4
3,2.092768907546997,9
0,3.5386345386505127,7
1,3.5644383430480957,1
2,3.403352737426758,6
2,3.8463001251220703,8
0,5.823930263519287,5
3,5.823931694030762,5
1,3.680152416229248,4
0,3.5610790252685547,1
2,2.087583541870117,9
3,5.558613300323486,0
1,3.835350275039673,2
0,3.8830349445343018,3
1,3.404482364654541,6
2,3.530670404434204,7
3,3.856210708618164,8
1,3.8830347061157227,3
3,3.4044814109802246,6
0,2.087571620941162,9
2,3.5610785484313965,1
3,3.830767869949341,2
2,3.8644509315490723,8
1,5.8175554275512695,5
0,3.5246381759643555,7
3,5.549088478088379,0
2,5.549088478088379,0
0,3.6680831909179688,4
1,3.4057259559631348,6
2,3.5583324432373047,1
1,2.0826516151428223,9
3,3.864434242248535,8
0,3.6680827140808105,4
2,3.5218138694763184,7
0,5.935222625732422,5
1,3.8805091381073,3
3,3.8295581340789795,2
3,3.8699889183044434,8
0,2.0767617225646973,9
2,3.6644253730773926,4
1,5.930527687072754,5
2,3.824009418487549,2
0,3.5547332763671875,1
1,3.5146384239196777,7
3,5.539727210998535,0
0,3.880960464477539,3
2,3.867697238922119,8
1,3.4067957401275635,6
3,3.4067959785461426,6
3,5.52985954284668,0
2,2.071094036102295,9
0,5.925139427185059,5
1,3.6602413654327393,4
0,3.8183646202087402,2
3,3.507126569747925,7
1,3.881744384765625,3
2,3.5515236854553223,1
0,3.5487565994262695,1
3,3.6574606895446777,4
1,3.4070544242858887,6
2,3.8733813762664795,8
1,5.523517608642578,0
3,3.8836498260498047,3
2,5.923320770263672,5
0,2.0663352012634277,9
1,3.814692497253418,2
2,3.4070444107055664,6
3,3.5007662773132324,7
0,3.5007665157318115,7
1,3.8734796047210693,8
0,3.8140711784362793,2
2,3.8835196495056152,3
3,2.066455364227295,9
0,5.920212268829346,5
1,3.653707265853882,4
2,5.515984058380127,0
3,3.5454530715942383,1
0,3.810941219329834,2
1,3.518198013305664,7
2,3.5454530715942383,1
3,5.515965461730957,0
0,3.884774684906006,3
2,3.6537070274353027,4
1,3.405867099761963,6
3,5.9202880859375,5
0,2.0581979751586914,9
1,3.8848485946655273,3
3,3.869220495223999,8
2,3.8085098266601562,2
1,2.0572195053100586,9
0,3.510683059692383,7
2,3.652378559112549,4
3,3.405134439468384,6
2,5.5121660232543945,0
1,3.8692264556884766,8
3,3.542994499206543,1
0,5.9212565422058105,5
0,3.510615348815918,7
3,5.922003269195557,5
1,3.4043757915496826,6
2,3.8691487312316895,8
1,3.5407304763793945,1
2,5.56231689453125,0
3,2.053534507751465,9
0,3.6513490676879883,4
1,3.890651226043701,3
3,3.890650987625122,3
2,3.4031808376312256,6
0,3.805532932281494,2
0,3.80553936958313,2
1,3.5407299995422363,1
2,3.505033016204834,7
3,2.053532123565674,9
0,5.557948112487793,0
2,5.913435935974121,5
1,3.6498823165893555,4
3,3.8620104789733887,8
0,3.8032937049865723,2
3,3.4006524085998535,6
2,3.8943753242492676,3
1,5.913435935974121,5
2,3.8620104789733887,8
3,5.55776309967041,0
1,3.499539613723755,7
0,3.6498820781707764,4
2,5.557234287261963,0
0,3.5394515991210938,1
1,3.5394515991210938,1
3,2.050013780593872,9
0,2.047618865966797,9
3,3.801323652267456,2
1,3.494831085205078,7
2,3.3984220027923584,6
1,3.8624019622802734,8
0,6.044311046600342,5
2,3.6476666927337646,4
3,3.8906068801879883,3
1,3.8906073570251465,3
0,3.6476669311523438,4
3,3.4948437213897705,7
2,3.8624019622802734,8
1,2.0476176738739014,9
3,5.552524566650391,0
0,3.3982534408569336,6
2,6.041393756866455,5
0,5.547389030456543,0
1,3.8011269569396973,2
3,3.8011269569396973,2
2,3.5394787788391113,1
2,3.4912521839141846,7
3,3.8872480392456055,3
0,3.6475307941436768,4
1,3.8690185546875,8
0,3.5394787788391113,1
1,3.3940343856811523,6
3,2.0447096824645996,9
2,6.028955459594727,5
2,2.0424492359161377,9
1,3.6477701663970947,4
3,6.011715888977051,5
0,3.8009419441223145,2
3,3.8737878799438477,8
0,3.884824275970459,3
2,5.538455009460449,0
1,3.4884681701660156,7
2,3.8737874031066895,8
1,3.3900227546691895,6
0,3.884824752807617,3
3,3.5402815341949463,1
0,3.4884870052337646,7
3,3.5403003692626953,1
2,5.53853702545166,0
1,3.3894972801208496,6
2,3.799966812133789,2
1,3.646183490753174,4
3,6.000274181365967,5
0,2.038731575012207,9
2,2.038731575012207,9
1,3.538747549057007,1
0,3.646183967590332,4
3,6.000273704528809,5
1,3.3859200477600098,6
3,3.4847869873046875,7
2,3.799968957901001,2
0,3.8847315311431885,3
1,3.879213809967041,8
2,3.537504196166992,1
3,3.8792130947113037,8
0,5.51552677154541,0
0,5.51552677154541,0
2,3.3830132484436035,6
3,5.989339828491211,5
1,3.885214328765869,3
0,3.799037456512451,2
1,3.481893301010132,7
3,2.035231113433838,9
2,3.6799821853637695,4
0,3.798779249191284,2
2,3.8851287364959717,3
1,5.986475944519043,5
3,3.3824501037597656,6
0,3.5361804962158203,1
3,5.503044128417969,0
2,3.8818235397338867,8
1,3.479475259780884,7
0,2.098672389984131,9
2,5.503036022186279,0
3,3.676875591278076,4
1,3.676875352859497,4
0,3.885038137435913,3
2,3.5360817909240723,1
1,2.0986523628234863,9
3,3.4794416427612305,7
1,2.7652008533477783,8
0,3.7946040630340576,2
2,3.3772518634796143,6
3,5.971903324127197,5
1,3.7946040630340576,2
2,3.3772518634796143,6
0,3.4762766361236572,7
3,3.534177780151367,1
1,2.7652008533477783,8
2,5.488420486450195,0
0,3.673151969909668,4
3,5.9719038009643555,5
1,2.093946933746338,9
3,3.884934425354004,3
2,3.794710636138916,2
0,2.0939416885375977,9
1,3.4996676445007324,7
3,5.475107669830322,0
0,5.963712215423584,5
2,3.5326766967773438,1
1,3.681105852127075,4
2,2.773472785949707,8
0,3.8845317363739014,3
3,3.374728202819824,6
2,2.773287296295166,8
3,3.5324902534484863,1
0,3.499567985534668,7
1,5.9642109870910645,5
2,3.370518207550049,6
1,3.8858554363250732,3
3,3.791069507598877,2
0,3.6780409812927246,4
0,5.463495254516602,0
2,2.085949420928955,9
3,2.085949659347534,9
1,3.8858559131622314,3
2,2.7792272567749023,8
0,5.463443756103516,0
1,3.7910525798797607,2
3,3.531096935272217,1
2,3.4965691566467285,7
1,3.3695898056030273,6
0,3.677839756011963,4
3,5.957281589508057,5
2,5.949507713317871,5
1,3.6747255325317383,4
3,3.494413375854492,7
0,2.8200912475585938,8
3,3.7896604537963867,2
2,5.451052188873291,0
1,2.08245849609375,9
0,3.5295753479003906,1
1,2.08245849609375,9
3,3.365647792816162,6
2,3.5295753479003906,1
0,3.88668155670166,3
3,2.8264288902282715,8
1,3.8889551162719727,3
0,3.671689033508301,4
2,3.788480281829834,2
2,3.359210968017578,6
3,5.924310684204102,5
0,5.438081741333008,0
1,3.4933950901031494,7
2,3.7884812355041504,2
0,3.3592069149017334,6
3,5.924310684204102,5
1,3.671689510345459,4
3,5.43807315826416,0
1,2.82663893699646,8
2,2.0810606479644775,9
0,3.4933948516845703,7
2,2.0818238258361816,9
0,3.8924713134765625,3
3,3.531064987182617,1
1,5.918724536895752,5
2,2.8601465225219727,4
3,2.806462287902832,2
0,3.9410400390625,3
1,3.352008581161499,6
0,4.478419303894043,0
2,2.881439208984375,8
1,3.605414628982544,1
3,3.567030906677246,7
2,2.8814377784729004,8
3,4.4783501625061035,0
0,3.797718048095703,9
1,3.9418768882751465,3
2,2.9529061317443848,4
0,3.567380666732788,7
1,3.341914653778076,6
3,4.962550640106201,5
1,3.780510425567627,9
3,3.6086108684539795,1
2,2.8099496364593506,2
0,3.6086111068725586,1
0,2.9529051780700684,4
1,4.46938943862915,0
3,3.5673391819000244,7
2,2.8099498748779297,2
2,2.889169454574585,8
1,3.3417179584503174,6
0,3.9477312564849854,3
3,4.95603609085083,5
2,2.8128700256347656,2
3,3.6113383769989014,1
0,3.952749252319336,3
1,2.951923131942749,4
3,3.3331596851348877,6
1,4.938202857971191,5
2,2.894732713699341,8
0,4.45700740814209,0
1,3.779980421066284,9
3,2.8128931522369385,2
0,3.5675148963928223,7
2,3.611334800720215,1
2,3.3266377449035645,6
0,3.5674376487731934,7
1,3.780590534210205,9
3,4.445619106292725,0
0,2.9292941093444824,4
2,4.915619850158691,5
1,4.017817974090576,3
3,2.8999948501586914,8
3,2.8999948501586914,8
1,3.61568021774292,1
0,4.017817974090576,3
2,3.779423713684082,9
0,2.8214833736419678,2
1,3.324573040008545,6
3,4.908111572265625,5
2,3.5666275024414062,7
2,4.433320999145508,0
3,3.619011878967285,1
1,2.931091785430908,4
0,2.931091785430908,4
0,2.905740261077881,8
2,2.8274877071380615,2
3,3.3163132667541504,6
1,3.565439462661743,7
3,4.892364025115967,5
0,3.7788491249084473,9
1,4.0103912353515625,3
2,4.433320999145508,0
0,2.830423593521118,2
2,4.42411994934082,0
1,4.874096870422363,5
3,3.607598066329956,7
0,3.778501510620117,9
2,3.3101136684417725,6
1,2.9310014247894287,4
3,4.0114288330078125,3
1,3.68914794921875,1
0,2.830423593521118,2
3,3.689147472381592,1
2,3.1244025230407715,8
2,3.124927043914795,8
0,4.869974613189697,5
3,3.3098549842834473,6
1,3.7784225940704346,9
0,4.414541721343994,0
1,3.60746431350708,7
3,4.007572650909424,3
2,2.9312891960144043,4
2,4.414541721343994,0
1,2.9312896728515625,4
0,3.607463836669922,7
3,4.977588653564453,5
0,3.3027236461639404,6
2,3.8117403984069824,1
3,4.0077643394470215,3
1,3.1254920959472656,8
1,2.8381035327911377,2
0,4.405295372009277,0
2,3.777080535888672,9
3,3.608388662338257,7
3,2.838103771209717,2
2,3.1263928413391113,8
1,3.777080535888672,9
0,4.961892127990723,5
0,3.8113222122192383,1
3,2.930389881134033,4
1,4.010594844818115,3
2,3.295085906982422,6
1,3.8122029304504395,1
0,3.287166118621826,6
2,2.929776906967163,4
3,3.6093828678131104,7
3,2.8411154747009277,2
0,3.7426021099090576,9
2,4.395876884460449,0
1,4.946176528930664,5
0,2.8411154747009277,2
2,3.285036563873291,6
1,4.01395845413208,3
3,3.1280078887939453,8
2,3.811678409576416,1
1,3.6096174716949463,7
0,4.943210601806641,5
3,2.9301095008850098,4
0,4.375823020935059,0
3,3.1289143562316895,8
2,3.701388359069824,9
1,4.0158586502075195,3
0,4.375823497772217,0
3,2.84373140335083,2
2,3.1289148330688477,8
1,3.701387643814087,9
0,4.015527725219727,3
1,4.933557987213135,5
2,3.595726251602173,7
3,3.276871681213379,6
2,3.70320463180542,9
1,2.9292454719543457,4
0,4.362290382385254,0
3,3.7550504207611084,1
0,3.268018960952759,6
3,3.128089427947998,8
2,4.924369812011719,5
1,2.9292454719543457,4
2,3.7550501823425293,1
1,2.851816177368164,2
3,3.594794511795044,7
0,4.003120422363281,3
1,3.1291372776031494,8
0,3.981074810028076,3
3,3.261547803878784,6
2,2.9315123558044434,4
2,3.7507998943328857,1
1,3.7034685611724854,9
0,4.911773681640625,5
3,2.865785837173462,2
0,3.750791311264038,1
2,4.345987319946289,0
3,3.593459367752075,7
1,3.9810080528259277,3
2,2.8658065795898438,2
1,4.911588668823242,5
3,3.1268038749694824,8
0,4.345890998840332,0
3,3.2470550537109375,6
2,3.6734890937805176,7
0,3.70399808883667,9
1,2.933021068572998,4
0,4.3303070068359375,0
3,3.70399808883667,9
1,3.9612741470336914,3
2,4.901607036590576,5
1,3.1253013610839844,8
0,3.042464256286621,2
3,2.93302059173584,4
2,3.2470030784606934,6
2,3.7464873790740967,1
0,3.246673107147217,6
1,3.673323154449463,7
3,3.0424132347106934,2
1,3.144489288330078,8
2,3.7042717933654785,9
3,2.933988571166992,4
0,4.317663192749023,0
1,3.7435383796691895,1
2,3.9446511268615723,3
0,4.892796039581299,5
3,3.6214046478271484,7
1,3.7042717933654785,9
3,3.2379302978515625,6
0,4.892796039581299,5
2,3.6214046478271484,7
1,3.1443533897399902,8
2,4.317488670349121,0
0,3.052608013153076,2
3,3.9440712928771973,3
1,3.737630844116211,1
0,3.228592872619629,6
2,3.9198789596557617,3
3,2.9160659313201904,4
2,4.302030563354492,0
1,3.737630844116211,1
0,3.620651960372925,7
3,2.9160656929016113,4
2,3.0723445415496826,2
0,4.8827290534973145,5
3,2.9739747047424316,8
1,3.7439236640930176,9
3,3.7319822311401367,1
0,4.286383628845215,0
1,3.2729859352111816,6
2,3.091449737548828,2
0,4.753993034362793,5
1,3.7070469856262207,9
3,2.912405490875244,4
2,3.6203370094299316,7
0,2.969424247741699,8
2,3.88714599609375,3
3,3.887146472930908,3
1,3.706397533416748,9
2,2.9677157402038574,8
0,4.274105548858643,0
1,3.101046085357666,2
3,3.7305126190185547,1
2,3.2868258953094482,6
1,4.748161315917969,5
3,3.6215944290161133,7
0,2.9108381271362305,4
0,3.286004066467285,6
3,4.750861644744873,5
1,2.911513328552246,4
2,3.731388568878174,1
2,4.261757850646973,0
0,3.7079548835754395,9
3,3.8707337379455566,3
1,3.0034003257751465,8
0,3.7290380001068115,1
2,3.6233456134796143,7
1,3.110990047454834,2
3,3.8705568313598633,3
1,3.7086358070373535,9
0,3.6233785152435303,7
2,2.90901517868042,4
3,3.2764883041381836,6
1,2.996830463409424,8
3,3.120018243789673,2
0,4.249978065490723,0
2,4.7341203689575195,5
2,3.120018482208252,2
0,3.626246213912964,7
1,3.8603858947753906,3
3,3.7278149127960205,1
2,2.9963741302490234,8
3,4.736771583557129,5
0,4.2498698234558105,0
1,3.267489433288574,6
0,3.1286206245422363,2
1,3.947171688079834,9
2,2.989748954772949,8
3,2.7822165489196777,4
1,3.7259697914123535,1
0,3.947171688079834,9
2,2.782214641571045,4
3,4.7293877601623535,5
1,3.6290993690490723,7
2,3.851986885070801,3
3,4.223275661468506,0
0,3.256072998046875,6
2,2.982917547225952,8
1,4.421421051025391,0
3,3.2455191612243652,6
0,3.947317123413086,9
3,3.8518614768981934,3
1,4.724068641662598,5
2,3.6318254470825195,7
0,2.7813613414764404,4
2,3.2452497482299805,6
1,3.724059581756592,1
3,2.9829134941101074,8
0,3.138021230697632,2
2,3.142345905303955,2
3,3.8468055725097656,3
0,2.7809038162231445,4
1,4.720755577087402,5
0,3.867259979248047,9
3,3.722683906555176,1
2,4.40742826461792,0
1,3.634979724884033,7
0,2.9764719009399414,8
2,3.867246150970459,9
3,4.718255043029785,5
1,4.407376289367676,0
2,2.780409336090088,4
0,3.087167501449585,2
1,3.2229974269866943,6
3,3.637772560119629,7
1,3.2229886054992676,6
0,3.8666834831237793,9
3,3.721742868423462,1
2,3.842494249343872,3
2,4.393186092376709,0
1,3.6377689838409424,7
0,3.8414130210876465,3
3,4.714170455932617,5
1,3.0925331115722656,2
0,3.7812538146972656,1
3,2.9641785621643066,8
2,2.7804043292999268,4
3,3.0925326347351074,2
1,3.865835666656494,9
2,3.6403350830078125,7
0,4.709712982177734,5
0,3.198047637939453,6
1,2.7804031372070312,4
3,3.8406057357788086,3
2,4.38289737701416,0
0,2.957831382751465,8
3,3.093374252319336,2
2,3.7838363647460938,1
1,3.8434247970581055,3
0,2.957831382751465,8
2,3.8634376525878906,9
3,3.2331714630126953,6
1,3.7838358879089355,1
2,3.643411159515381,7
3,4.373128890991211,0
0,4.70656156539917,5
1,2.7793450355529785,4
0,3.0928895473480225,2
1,2.7788424491882324,4
3,3.8631699085235596,9
2,3.783360481262207,1
3,2.9522504806518555,8
2,3.845010757446289,3
0,3.647003173828125,7
1,4.539118766784668,0
2,3.0953879356384277,2
0,3.351165771484375,6
3,2.7792606353759766,4
1,4.704647064208984,5
2,4.539074420928955,0
1,3.351165771484375,6
0,4.704647064208984,5
3,3.861806869506836,9
1,2.9520630836486816,8
2,3.786914348602295,1
0,3.6464405059814453,7
3,3.844632625579834,3
3,2.9467363357543945,8
0,3.649660348892212,7
1,3.851062774658203,3
2,3.3441176414489746,6
2,3.0962047576904297,2
1,2.7789788246154785,4
3,3.790480136871338,1
0,3.8582231998443604,9
1,4.465871334075928,0
0,4.689975738525391,5
3,3.8506672382354736,3
2,4.689975738525391,5
0,3.7942371368408203,1
1,3.3392908573150635,6
3,2.94205379486084,8
2,3.6502392292022705,7
3,3.2981207370758057,2
0,4.455142974853516,0
1,2.9591164588928223,4
2,3.8553524017333984,9
1,3.855341911315918,9
2,3.6502392292022705,7
0,4.455142974853516,0
3,3.8574137687683105,3
0,3.337266683578491,6
3,3.7946267127990723,1
2,4.689602851867676,5
1,2.94075870513916,8
3,3.2966041564941406,2
0,3.296604633331299,2
1,2.955624580383301,4
2,4.682833671569824,5
2,2.9354875087738037,8
0,3.864112377166748,3
1,3.8519678115844727,9
3,3.330811023712158,6
0,4.444223403930664,0
1,2.955108165740967,4
2,3.651322364807129,7
3,3.798239231109619,1
3,2.930500030517578,8
2,3.6541800498962402,7
0,3.2685701847076416,3
1,2.955381393432617,4
0,3.3006768226623535,2
1,3.3230936527252197,6
2,4.682591438293457,5
3,3.8514747619628906,9
3,3.801807165145874,1
1,3.8514933586120605,9
2,3.653944492340088,7
0,4.420801639556885,0
0,4.4095458984375,0
3,2.9263558387756348,8
1,3.3091611862182617,2
2,3.8048095703125,1
1,4.660213470458984,5
2,3.3137295246124268,6
3,3.274989128112793,3
0,2.9545516967773438,4
0,3.8052072525024414,1
1,3.27536678314209,3
3,4.4095659255981445,0
2,2.9549801349639893,4
1,3.3060569763183594,6
0,4.652117729187012,5
2,3.8508379459381104,9
3,3.743791103363037,7
3,3.3332595825195312,2
0,3.3332598209381104,2
2,3.7436306476593018,7
1,2.921020984649658,8
0,4.398430824279785,0
3,3.2832393646240234,3
1,3.3060035705566406,6
2,2.955122947692871,4
0,4.64110803604126,5
2,3.9246387481689453,9
3,2.918170213699341,8
1,3.81673002243042,1
0,3.9246411323547363,9
2,3.81673002243042,1
1,3.749138593673706,7
3,4.388886451721191,0
2,3.2918477058410645,6
3,2.913008213043213,8
1,3.340452194213867,2
0,4.6370158195495605,5
2,3.299792528152466,3
1,2.9904651641845703,4
3,2.990464687347412,4
0,3.8234376907348633,1
0,2.9104528427124023,8
3,3.3446900844573975,2
1,3.2830116748809814,6
2,4.3660783767700195,0
0,3.750978469848633,7
2,4.517019271850586,5
3,3.3076765537261963,3
1,3.9295952320098877,9
1,3.8299176692962646,1
0,3.2813427448272705,6
2,3.9295952320098877,9
3,3.750978469848633,7
2,3.35016131401062,2
3,4.353565216064453,0
0,3.3124067783355713,3
1,2.9980945587158203,4
0,3.8347811698913574,1
2,2.997004985809326,4
3,4.513216018676758,5
1,2.905651569366455,8
2,3.9316487312316895,9
1,3.315294027328491,3
0,2.9056506156921387,8
3,3.7552192211151123,7
0,4.351938247680664,0
1,3.351158618927002,2
2,4.515185356140137,5
3,3.2726082801818848,6
0,3.355593681335449,2
2,3.079991340637207,8
1,4.337588787078857,0
3,3.2659733295440674,6
2,3.9339256286621094,9
0,3.321927070617676,3
3,3.7588613033294678,7
1,3.84089732170105,1
0,3.355808973312378,2
3,3.265573024749756,6
2,3.001549005508423,4
1,4.5121169090271,5
3,3.0010900497436523,4
1,4.506986618041992,5
2,3.3348894119262695,3
0,3.932845115661621,9
1,3.0735738277435303,8
2,4.326254844665527,0
3,4.139509201049805,1
0,3.761009693145752,7
0,3.259122610092163,6
2,4.326228618621826,0
3,3.357067108154297,2
1,3.3346877098083496,3
0,4.143615245819092,1
1,4.548453330993652,5
2,3.7682127952575684,7
3,3.0016040802001953,4
0,3.072221040725708,8
2,3.93790602684021,9
3,3.937905788421631,9
1,4.143615245819092,1
3,3.072221279144287,8
1,3.4190516471862793,3
0,3.7682130336761475,7
2,3.252047061920166,6
0,4.1268415451049805,0
3,3.001537799835205,4
2,3.3680410385131836,2
1,4.548732757568359,5
0,4.145279407501221,1
1,3.3747189044952393,2
2,3.7717456817626953,7
3,3.245120048522949,6
0,3.0672836303710938,8
2,3.9393486976623535,9
1,4.116371154785156,0
3,3.05873703956604,4
3,3.424511671066284,3
1,3.2449755668640137,6
2,4.660308837890625,5
0,4.660308837890625,5
1,3.92026686668396,7
3,4.105623722076416,0
2,3.9406025409698486,9
0,3.381723165512085,2
2,3.06296443939209,8
0,4.146237373352051,1
3,3.1023027896881104,3
1,3.0606274604797363,4
0,3.06296443939209,8
2,3.381723403930664,2
1,3.102302074432373,3
3,3.236368179321289,6
0,4.147377967834473,1
1,3.9399538040161133,9
2,4.647835731506348,5
3,4.096661567687988,0
0,3.408860206604004,2
2,3.920849561691284,7
3,3.061269521713257,4
1,3.2285265922546387,6
0,4.096554756164551,0
2,3.1113414764404297,3
3,3.9208505153656006,7
1,4.147375106811523,1
0,4.650206565856934,5
1,3.0572080612182617,8
2,3.0611534118652344,4
3,3.9395480155944824,9
1,4.149476051330566,1
0,3.2213850021362305,6
2,3.0633411407470703,4
3,4.644829273223877,5
1,4.218570232391357,0
3,3.411625862121582,2
0,3.118715763092041,3
2,3.0527830123901367,8
0,3.9394381046295166,9
3,3.4114980697631836,2
2,3.921743154525757,7
1,4.645944595336914,5
0,3.9415297508239746,9
2,4.207022190093994,0
3,3.125218391418457,3
1,3.2142014503479004,6
3,4.154695987701416,1
1,3.0680298805236816,4
0,3.0478010177612305,8
2,3.9243826866149902,7
0,3.125213623046875,3
1,4.207021713256836,0
2,3.9415230751037598,9
3,4.645221710205078,5
1,3.191173553466797,8
2,4.15846586227417,1
3,3.0709095001220703,4
0,3.4204373359680176,2
1,3.9265570640563965,7
0,3.4177350997924805,6
2,3.942101001739502,9
3,3.191174030303955,8
0,4.195328712463379,0
3,3.9265568256378174,7
2,3.0709099769592285,4
1,3.4204373359680176,2
2,4.158984184265137,1
3,3.2239551544189453,3
0,4.6287994384765625,5
1,3.417646646499634,6
1,4.185686111450195,0
2,3.1844124794006348,8
0,3.410829782485962,6
3,3.9403114318847656,9
0,3.4219226837158203,2
1,4.158163070678711,1
2,3.9260854721069336,7
3,4.615451812744141,5
3,3.236987829208374,3
2,3.0703392028808594,4
0,3.9265060424804688,7
1,3.1852822303771973,8
0,3.422335624694824,2
1,3.255889892578125,3
2,4.0936431884765625,9
3,4.580791473388672,5
1,3.400541305541992,6
3,4.142766952514648,1
0,4.168111801147461,0
2,3.0663673877716064,4
0,3.422305107116699,2
1,3.4005179405212402,6
2,4.168093204498291,0
3,3.2554354667663574,3
1,4.146630764007568,1
0,3.9274423122406006,7
2,4.082992076873779,9
3,4.546894073486328,5
0,3.923286199569702,7
3,3.1657254695892334,8
2,3.2753841876983643,3
1,2.9718050956726074,4
1,3.4241368770599365,2
0,4.133510589599609,1
2,4.082983016967773,9
3,3.5643930435180664,6
0,3.167376756668091,8
3,4.536005020141602,5
2,2.973609447479248,4
1,4.157181739807129,0
1,4.497954845428467,5
0,3.3048994541168213,3
3,2.9693973064422607,4
2,3.9228243827819824,7
0,3.4052295684814453,2
2,3.548262596130371,6
1,4.072259902954102,9
3,3.1575846672058105,8
1,3.4052610397338867,2
0,2.96939754486084,4
2,4.232161998748779,0
3,4.133199691772461,1
0,4.133054256439209,1
3,4.104705333709717,9
1,3.5258238315582275,6
2,4.452935218811035,5
2,3.137732744216919,8
1,3.9217402935028076,7
3,3.3350906372070312,3
0,4.217433929443359,0
1,4.452935218811035,5
0,3.0032460689544678,4
3,3.9217402935028076,7
2,4.217433929443359,0
3,4.134030818939209,1
2,4.105439186096191,9
0,3.1386890411376953,8
1,3.335862636566162,3
1,3.4419682025909424,2
0,3.4419684410095215,2
3,4.206010341644287,0
2,3.513866662979126,6
2,3.9228951930999756,7
0,3.008075475692749,4
3,3.5138661861419678,6
1,3.354511022567749,3
0,4.1349592208862305,1
1,3.136298179626465,8
2,4.102612495422363,9
3,4.429919242858887,5
1,4.100562572479248,9
0,4.017820358276367,7
2,3.0132675170898438,4
3,3.5036866664886475,6
2,3.450489044189453,2
0,3.362659215927124,3
1,4.409997940063477,5
3,3.135089159011841,8
0,4.100531578063965,9
1,4.195676803588867,0
2,3.362258195877075,3
3,4.137601852416992,1
1,4.138154029846191,1
0,4.195694446563721,0
3,4.406966209411621,5
2,3.450979709625244,2
0,3.134763240814209,8
2,3.679708480834961,6
1,4.016348361968994,7
3,3.0177597999572754,4
1,3.134763717651367,8
3,3.0177597999572754,4
0,4.185588836669922,0
2,4.139011383056641,1
3,3.458170175552368,2
0,3.369382858276367,3
1,4.392477035522461,5
2,3.6795434951782227,6
0,3.371284008026123,3
1,3.674581527709961,6
2,4.0165696144104,7
3,4.10032320022583,9
0,3.465937614440918,2
2,4.174779891967773,0
3,4.095820426940918,9
1,3.023784637451172,4
0,3.133761405944824,8
2,3.9783196449279785,1
3,4.377902507781982,5
1,4.012983322143555,7
2,3.134758949279785,8
3,3.67071795463562,6
0,4.17470645904541,0
1,4.013444423675537,7
0,3.9815266132354736,1
1,4.352622032165527,5
2,3.3903510570526123,3
3,4.092953681945801,9
0,4.352622032165527,5
2,3.390350818634033,3
1,3.444084882736206,2
3,3.030189037322998,4
0,3.444085121154785,2
1,3.9815268516540527,1
2,4.011114120483398,7
3,4.163351535797119,0
1,3.1319100856781006,8
2,3.727175712585449,6
0,3.037156581878662,4
3,4.090055465698242,9
3,4.090047359466553,9
2,3.9870986938476562,1
1,3.036334991455078,4
0,3.7269434928894043,6
0,3.44874906539917,2
3,3.3561952114105225,3
1,4.010076522827148,7
2,4.33493709564209,5
1,3.72784423828125,6
2,4.152315616607666,0
0,3.132843494415283,8
3,3.3571128845214844,3
1,3.4565069675445557,2
0,3.9948601722717285,1
3,3.1296777725219727,8
2,4.322636604309082,5
0,4.011528968811035,7
1,4.139331340789795,0
2,3.044722557067871,4
3,4.090020656585693,9
0,4.011528968811035,7
3,3.337120532989502,3
2,4.322649955749512,5
1,3.7173876762390137,6
2,4.1216044425964355,0
0,4.090424537658691,9
3,3.465644598007202,2
1,3.1295061111450195,8
2,3.054594039916992,4
3,3.7076094150543213,6
0,4.1216044425964355,0
1,4.003568172454834,1
2,3.1295061111450195,8
1,4.014021873474121,7
0,4.003567695617676,1
3,4.090465545654297,9
0,3.3439135551452637,3
2,3.4662325382232666,2
1,4.309595108032227,5
3,3.0558547973632812,4
2,4.035046577453613,1
3,3.3505847454071045,3
1,3.0618979930877686,4
0,4.3019280433654785,5
0,4.014889717102051,7
1,3.472947597503662,2
2,3.697399139404297,6
3,4.089200496673584,9
1,3.1661672592163086,8
0,4.014873504638672,7
3,4.1069560050964355,0
2,4.03504753112793,1
2,3.491511344909668,6
3,4.092283725738525,0
1,4.085209846496582,9
0,4.293288230895996,5
0,3.164719581604004,8
3,3.4764716625213623,2
1,3.0677270889282227,4
2,3.3625006675720215,3
1,3.4915108680725098,6
0,4.092284679412842,0
2,3.164719581604004,8
3,4.293288230895996,5
3,3.0681700706481934,4
0,4.084709167480469,9
2,4.041208267211914,1
1,4.015605926513672,7
3,4.017832279205322,7
2,3.0752060413360596,4
1,3.401007890701294,2
0,3.3721914291381836,3
2,4.077130317687988,0
0,3.480055809020996,6
3,3.401008129119873,2
1,3.3721909523010254,3
1,4.08245849609375,9
0,4.048686981201172,1
2,4.284753322601318,5
3,3.1631293296813965,8
1,3.164287567138672,8
0,3.4100818634033203,2
3,3.381176471710205,3
2,3.470722198486328,6
2,4.0583062171936035,1
3,4.05578088760376,0
1,3.0848419666290283,4
0,4.021903991699219,7
3,4.081134796142578,9
1,3.470719337463379,6
0,4.280695915222168,5
2,4.055874347686768,0
2,4.026914596557617,7
0,4.279340744018555,5
1,4.068578720092773,1
3,3.3887839317321777,3
2,4.081784248352051,9
3,3.4190833568573,2
1,3.094355583190918,4
0,3.1655497550964355,8
0,4.068671226501465,1
2,4.081296443939209,9
3,3.1656405925750732,8
1,3.094454050064087,4
0,3.3982737064361572,3
3,4.020423889160156,0
1,3.451951026916504,6
2,4.276115417480469,5
0,4.027689456939697,7
3,3.09775447845459,4
2,3.422792434692383,2
1,3.1642050743103027,8
2,3.427948474884033,2
3,4.078503608703613,1
1,4.258248805999756,5
0,4.030217170715332,7
0,4.0050249099731445,0
2,3.4178621768951416,3
1,3.4367318153381348,6
3,4.068079471588135,9
0,4.068386077880859,9
2,4.005104064941406,0
1,3.4268202781677246,2
3,4.313308238983154,1
3,3.426558494567871,6
1,3.4227514266967773,3
2,3.0761280059814453,8
0,4.322705268859863,5
3,3.4227466583251953,3
2,4.066906929016113,9
1,3.1075754165649414,4
0,4.0251030921936035,7
1,3.993492841720581,0
0,4.317820072174072,1
3,3.1085472106933594,4
2,3.427380084991455,6
3,3.444397449493408,2
1,3.076355457305908,8
0,4.311339855194092,5
2,4.025484561920166,7
1,3.4443180561065674,2
2,3.9842100143432617,0
3,4.025341987609863,7
0,3.1130661964416504,4
0,3.076854705810547,8
1,4.320568084716797,1
2,3.4181325435638428,6
3,3.429856300354004,3
3,4.059492588043213,9
2,3.072843551635742,8
1,4.300838947296143,5
0,3.1155548095703125,4
0,3.974693775177002,0
3,4.02353048324585,7
2,4.300854206085205,5
1,4.318061351776123,1
2,3.4527745246887207,3
1,3.397937297821045,6
3,3.4520721435546875,2
0,4.058833599090576,9
3,4.315901756286621,1
1,3.452171802520752,2
2,4.054800033569336,9
0,3.0693092346191406,8
2,4.345070838928223,0
0,3.3984220027923584,6
1,4.291344165802002,5
3,3.4532666206359863,3
3,3.1213932037353516,4
2,4.023151397705078,7
1,3.390605926513672,6
0,3.456432342529297,2
3,4.31660795211792,1
1,4.052993297576904,9
0,4.334108352661133,0
2,4.2855987548828125,5
0,3.461272954940796,3
3,4.023128509521484,7
1,3.121560573577881,4
2,3.065768003463745,8
1,3.0628201961517334,8
2,3.47420072555542,6
3,4.281313419342041,5
0,4.049851894378662,9
0,3.4647350311279297,2
1,4.316743850708008,1
2,3.465291976928711,3
3,4.321535110473633,0
0,3.4650890827178955,2
1,3.126357078552246,4
2,4.022129535675049,7
3,3.126357316970825,4
1,3.4655518531799316,6
0,3.808403491973877,3
3,4.047119617462158,9
2,4.309001922607422,0
2,4.3179850578308105,1
0,4.276027679443359,5
3,3.0601110458374023,8
1,4.020944595336914,7
0,4.308963298797607,0
3,3.0601110458374023,8
2,4.276027679443359,5
1,4.3179850578308105,1
0,3.8123273849487305,3
2,3.483071804046631,2
1,3.5163731575012207,6
3,4.043831825256348,9
2,3.483071804046631,2
0,4.018441200256348,7
1,3.5163729190826416,6
3,3.136044979095459,4
1,4.328847408294678,1
2,3.136045455932617,4
3,3.2829034328460693,8
0,4.263340950012207,5
0,4.297006607055664,0
1,4.019075870513916,7
3,3.812802314758301,3
2,4.044609546661377,9
3,3.6360974311828613,2
0,4.251959800720215,5
2,4.039260387420654,7
1,4.040082931518555,9
2,3.282784938812256,8
3,3.5278286933898926,6
1,4.284331798553467,0
0,3.8083624839782715,3
0,3.227640151977539,4
2,3.8081140518188477,3
3,4.039467811584473,7
1,4.332605361938477,1
0,3.6493890285491943,2
3,4.27273416519165,0
1,4.334936141967773,1
2,3.236940860748291,4
3,3.5139265060424805,6
1,4.0362420082092285,9
2,4.2593231201171875,5
0,3.2795634269714355,8
3,3.2801432609558105,8
2,4.034943103790283,7
0,3.237546920776367,4
1,3.5144577026367188,6
2,3.6978044509887695,0
0,4.339170932769775,1
3,3.660496950149536,2
1,4.033810615539551,9
0,3.6604533195495605,2
3,3.8308496475219727,3
2,4.250309944152832,5
1,4.250309944152832,5
0,4.3394622802734375,1
1,4.094059467315674,7
2,4.033291339874268,9
3,3.242575168609619,4
1,3.2713096141815186,8
3,3.4851651191711426,6
2,3.8378844261169434,3
0,3.6965537071228027,0
3,3.271273612976074,8
0,4.345673084259033,1
1,3.2579751014709473,4
2,3.8376433849334717,3
0,3.6715779304504395,2
1,3.4851088523864746,6
3,4.096561431884766,7
2,3.6964828968048096,0
0,4.447723388671875,5
2,4.560556411743164,9
1,4.447723388671875,5
3,4.560556411743164,9
2,3.286052703857422,8
3,4.097769737243652,7
0,3.2662086486816406,4
1,3.5640649795532227,3
1,3.6846001148223877,2
3,3.4712228775024414,6
2,4.352400302886963,1
0,3.6950790882110596,0
3,3.287062168121338,8
0,3.695394515991211,0
2,3.4719626903533936,6
1,3.2672979831695557,4
1,4.359897613525391,1
3,3.7076377868652344,2
0,3.565782070159912,3
2,4.04958438873291,5
2,3.93746280670166,7
0,4.304450988769531,9
3,3.92110013961792,0
1,4.3044514656066895,9
0,3.286625385284424,8
2,3.4586799144744873,6
3,3.707580327987671,2
1,4.049588203430176,5
2,4.371061325073242,1
1,3.5695858001708984,3
3,3.9480834007263184,7
0,3.3073766231536865,4
2,3.286196231842041,8
3,3.7249317169189453,2
1,3.9480831623077393,7
0,3.3073766231536865,4
1,3.5695853233337402,3
3,3.4526901245117188,6
0,3.923922061920166,0
2,4.394518852233887,9
3,3.7256221771240234,2
0,4.371740341186523,1
1,4.394155979156494,9
2,4.037284851074219,5
1,3.4421472549438477,6
3,4.38162899017334,1
2,3.574246883392334,3
0,3.3179922103881836,4
1,3.9580061435699463,7
2,3.2867555618286133,8
0,3.9254393577575684,0
3,4.0316033363342285,5
3,3.927013397216797,0
1,3.9578027725219727,7
0,4.027473449707031,5
2,3.318425178527832,4
3,3.432957649230957,6
2,4.412357807159424,9
0,4.398885726928711,1
1,3.766781806945801,2
3,3.2939207553863525,8
0,3.432918071746826,6
1,3.5760674476623535,3
2,3.9742074012756348,7
0,4.398885726928711,1
2,4.412351131439209,9
1,3.2939209938049316,8
3,3.3358678817749023,4
3,3.7705368995666504,2
0,3.9303247928619385,0
2,3.576805591583252,3
1,4.020876884460449,5
2,3.5783042907714844,3
1,3.9848082065582275,7
0,3.2992007732391357,8
3,3.785344123840332,2
1,3.3459720611572266,4
3,4.408473491668701,1
2,3.8287272453308105,0
0,4.418781757354736,9
1,3.7852401733398438,2
2,3.423285961151123,6
0,4.017740249633789,5
3,3.9846229553222656,7
1,3.855299472808838,0
0,3.303332805633545,8
2,4.417677879333496,1
3,4.0143351554870605,5
1,4.424002170562744,9
0,3.579502820968628,3
2,3.4144129753112793,6
3,3.3549671173095703,4
2,3.855299472808838,0
3,3.801518201828003,2
0,3.414412498474121,6
1,3.991544485092163,7
2,4.417801380157471,1
3,3.5793063640594482,3
0,3.3550920486450195,4
1,4.423181056976318,9
2,3.3041980266571045,8
0,4.013456344604492,5
3,3.4072513580322266,6
1,4.013456344604492,5
1,3.8171074390411377,2
2,3.9999306201934814,7
3,3.364372730255127,4
0,3.580878257751465,3
0,4.427249908447266,1
1,3.3041977882385254,8
3,3.855670213699341,0
2,4.4457688331604,9
0,3.833662748336792,2
1,3.4258832931518555,8
2,3.4853644371032715,6
3,4.437745571136475,1
1,4.0081892013549805,7
0,3.857363224029541,0
3,3.375295639038086,4
2,3.5771729946136475,3
1,4.5883469581604,2
3,4.00996208190918,5
0,4.00996208190918,5
2,4.456758499145508,9
0,3.483137845993042,6
1,4.451232433319092,1
2,4.016501426696777,7
3,3.3864686489105225,4
1,4.463273048400879,9
3,3.86008882522583,0
2,3.4263739585876465,8
0,3.5762765407562256,3
2,3.480113983154297,6
0,4.4523820877075195,1
3,4.463266372680664,9
1,4.00899076461792,5
3,3.8600852489471436,0
0,3.576259136199951,3
1,4.015670299530029,7
2,3.387291431427002,4
2,4.585532188415527,2
0,3.860454559326172,0
1,3.467202663421631,6
3,3.4277963638305664,8
0,4.465756893157959,9
2,4.008135795593262,5
3,4.0210089683532715,7
1,3.3925797939300537,4
1,4.45849084854126,1
0,3.5570616722106934,3
3,4.585470199584961,2
2,3.42775821685791,8
0,4.520782947540283,1
3,4.586357116699219,2
2,3.4741382598876953,6
1,4.0275115966796875,7
2,3.5583057403564453,3
0,3.4297304153442383,8
1,4.4694342613220215,9
3,3.398897647857666,4
1,4.4694342613220215,9
2,3.861227035522461,0
0,4.007020950317383,5
3,3.861227512359619,0
1,4.520639419555664,1
3,4.007293701171875,5
0,4.578118324279785,2
2,4.027492523193359,7
1,3.4298863410949707,8
2,3.469186782836914,6
0,3.4030442237854004,4
3,3.5612902641296387,3
0,4.524822235107422,1
2,4.005760192871094,5
1,4.470306396484375,9
3,3.403043746948242,4
1,4.573348045349121,2
0,3.8607404232025146,0
2,4.031667709350586,7
3,3.469045639038086,6
0,3.429128885269165,8
3,3.429129123687744,8
2,4.56705379486084,2
1,3.28312611579895,3
0,3.859577178955078,0
2,4.528338432312012,1
1,3.4061124324798584,4
3,4.017552852630615,5
0,3.282654285430908,3
2,3.462946891784668,6
3,4.47031307220459,9
1,4.035715103149414,7
0,4.534042835235596,1
2,3.8596112728118896,0
3,4.5716447830200195,2
1,3.3088128566741943,3
1,4.471185684204102,9
0,4.017228126525879,5
2,4.0762834548950195,7
3,3.4107890129089355,4
1,3.455977439880371,6
2,3.455977439880371,6
0,3.3087804317474365,3
3,3.431307315826416,8
1,4.539027690887451,1
2,4.47344446182251,9
3,3.4153661727905273,4
0,4.565825462341309,2
1,3.8562581539154053,0
3,4.0811967849731445,7
2,4.013863563537598,5
0,3.433563709259033,8
1,4.537376880645752,1
2,4.013863563537598,5
0,3.314228057861328,3
3,3.4335641860961914,8
0,4.5603132247924805,2
2,4.470354080200195,9
3,4.080876350402832,7
1,3.8566088676452637,0
2,3.420043468475342,4
0,4.085075855255127,7
3,3.420043468475342,4
1,3.444864273071289,6
2,3.433623790740967,8
1,3.4448628425598145,6
3,4.499300956726074,9
0,3.854543685913086,0
1,4.560960292816162,2
0,3.321730136871338,3
2,4.013393402099609,5
3,4.540894985198975,1
3,4.011595726013184,5
2,3.8528289794921875,0
0,3.425222635269165,4
1,4.587397575378418,1
1,4.5632710456848145,2
0,4.49840784072876,9
2,4.089114189147949,7
3,3.438662052154541,6
0,3.433903217315674,8
2,3.853019952774048,0
1,3.433903694152832,8
3,3.329777956008911,3
0,3.430659055709839,6
1,4.495630264282227,9
2,4.589620113372803,1
3,3.340001106262207,3
1,4.564089775085449,2
3,3.4285101890563965,4
2,4.011679649353027,5
0,4.091884613037109,7
0,3.8502743244171143,0
1,3.4304096698760986,6
2,3.428379535675049,4
3,4.0913801193237305,7
1,4.596216678619385,1
2,3.4396886825561523,8
0,4.568704605102539,2
3,4.010909080505371,5
0,4.596216678619385,1
2,3.4396719932556152,8
3,4.495737075805664,9
1,3.349548816680908,3
2,3.847217082977295,0
1,4.495737075805664,9
0,3.4351367950439453,4
3,4.568675994873047,2
0,3.414595603942871,6
2,4.0990681648254395,7
1,4.008174896240234,5
3,3.3587357997894287,3
3,3.3587355613708496,3
0,3.435598850250244,4
2,4.008174896240234,5
1,4.0990681648254395,7
3,3.631089687347412,8
2,4.491713523864746,9
0,3.414595365524292,6
1,3.8427746295928955,0
1,4.611363410949707,2
2,4.59890604019165,1
0,4.008853912353516,5
3,3.438720226287842,4
3,4.597203731536865,1
0,3.8389968872070312,0
1,4.607673645019531,2
2,4.099639892578125,7
2,3.662508487701416,8
0,3.409087657928467,6
1,3.372129440307617,3
3,4.488268852233887,9
3,4.008946418762207,5
1,3.4368858337402344,4
0,3.4084558486938477,6
2,3.8393123149871826,0
0,4.594783782958984,1
2,4.482061386108398,9
1,4.603786468505859,2
3,3.37880277633667,3
0,3.378802537918091,3
1,3.660402297973633,8
2,4.096972465515137,7
3,3.660402297973633,8
0,4.096972465515137,7
1,4.594784259796143,1
3,4.603786468505859,2
2,4.482060432434082,9
2,3.832252264022827,0
0,3.4000158309936523,6
3,3.435628652572632,4
1,4.006311893463135,5
0,4.592716217041016,1
1,4.138608455657959,7
2,3.682514190673828,8
3,3.434091091156006,4
2,4.600899696350098,2
3,3.3974361419677734,6
0,4.004197120666504,5
1,3.8306984901428223,0
0,4.473507404327393,9
2,4.591326713562012,1
1,3.394690990447998,3
3,3.3906848430633545,3
3,3.4317731857299805,4
1,3.391554594039917,6
2,4.598978519439697,2
0,4.136771202087402,7
1,4.47097635269165,9
0,3.582914352416992,8
3,3.8268980979919434,0
2,4.003787994384766,5
0,3.824784755706787,0
2,3.3864145278930664,6
1,4.1347975730896,7
3,3.4306564331054688,4
1,4.447811126708984,9
3,4.004330635070801,5
2,4.585942268371582,1
0,3.579434394836426,8
3,4.596217155456543,2
1,3.5794286727905273,8
0,3.4008426666259766,3
2,4.004359245300293,5
1,3.4071242809295654,3
2,3.382312297821045,6
3,4.131460189819336,7
0,4.441745758056641,9
0,4.594173431396484,2
2,3.819326877593994,0
1,3.4267702102661133,4
3,4.581924915313721,1
1,4.594172954559326,2
2,4.441745281219482,9
0,3.4071249961853027,3
3,3.5757358074188232,8
3,4.577940464019775,1
1,3.816269636154175,0
0,3.376286506652832,6
2,4.129337787628174,7
2,4.001029014587402,5
3,4.577940464019775,1
0,4.129343032836914,7
1,3.4243111610412598,4
0,4.5899128913879395,2
2,4.435181617736816,9
1,3.572390556335449,8
3,3.3762869834899902,6
1,3.8145766258239746,0
2,3.4211008548736572,3
0,3.423598289489746,4
3,3.9966301918029785,5
3,4.431970119476318,9
0,4.5842790603637695,2
2,4.576625347137451,1
1,3.9966299533843994,5
1,3.8145766258239746,0
0,3.571047306060791,8
3,3.423600673675537,4
2,3.372161388397217,6
1,3.423497200012207,3
3,4.14784049987793,7
0,3.99576735496521,5
2,4.147840976715088,7
3,4.427577495574951,9
1,3.812825918197632,0
2,4.572507381439209,1
0,3.4268479347229004,3
2,4.579638481140137,2
0,3.56880784034729,8
3,3.3685526847839355,6
1,3.442687511444092,4
0,3.3686628341674805,6
2,3.5689291954040527,8
3,3.9938759803771973,5
1,3.442812442779541,4
1,4.579220771789551,2
0,4.571737289428711,1
2,3.811431646347046,0
3,4.148138999938965,7
0,4.571737289428711,1
3,4.425291061401367,9
2,4.148138999938965,7
1,3.4322195053100586,3
0,3.3657312393188477,6
3,3.8117682933807373,0
2,3.990713119506836,5
1,3.5697975158691406,8
1,3.4499902725219727,4
0,3.4395289421081543,3
3,4.727425575256348,2
2,4.425881385803223,9
2,4.153009414672852,7
1,4.425881385803223,9
3,3.810289144515991,0
0,3.9901514053344727,5
0,4.727261543273926,2
3,3.5725317001342773,8
1,3.449829578399658,4
2,3.439345598220825,3
2,3.3559436798095703,6
1,3.581077814102173,8
0,3.990614414215088,5
3,4.584669589996338,1
3,4.735217571258545,2
1,4.188560962677002,7
2,3.8084115982055664,0
0,4.5846710205078125,1
0,4.427296161651611,9
2,3.3563191890716553,6
1,3.4588561058044434,4
3,3.4473490715026855,3
1,3.454519748687744,3
2,4.743429183959961,2
3,3.4669694900512695,4
0,4.531824111938477,7
1,4.449264049530029,9
3,3.8069164752960205,0
0,3.590057849884033,8
2,3.351754665374756,6
1,4.449260711669922,9
2,4.709698677062988,1
0,3.3517544269561768,6
3,3.9892637729644775,5
1,4.743539333343506,2
2,3.4543862342834473,3
3,3.989590644836426,5
0,3.467043876647949,4
3,3.598428249359131,8
2,3.8084254264831543,0
0,4.539893627166748,7
1,4.718890190124512,1
1,4.744133472442627,2
2,4.539674282073975,7
3,3.99072265625,5
0,3.452186107635498,3
0,3.349238157272339,6
3,3.598377227783203,8
2,3.461970806121826,4
1,3.8085575103759766,0
0,4.467874050140381,9
2,3.8186254501342773,0
1,4.736846923828125,1
3,3.9912688732147217,5
0,4.736852645874023,1
2,4.556090354919434,7
3,3.477881669998169,4
1,3.3459670543670654,6
1,3.6194071769714355,8
3,4.754074573516846,2
0,4.467871189117432,9
2,3.4494123458862305,3
3,4.767510890960693,2
1,4.47707462310791,9
0,3.993051767349243,5
2,4.7520270347595215,1
0,4.233241081237793,7
3,3.342071056365967,6
1,3.449044704437256,3
2,3.490765333175659,4
2,3.6373965740203857,8
0,3.8205196857452393,0
1,3.4907684326171875,4
3,4.47828483581543,9
2,4.582906246185303,7
1,3.683781147003174,8
0,3.8225345611572266,0
3,4.244039058685303,5
0,3.4507436752319336,3
3,3.3353214263916016,6
2,4.773680686950684,1
1,4.850129127502441,2
0,3.9364829063415527,4
2,4.491266250610352,9
3,4.244039535522461,5
1,3.4507429599761963,3
1,4.785245418548584,1
3,4.524287700653076,7
0,3.8232994079589844,0
2,3.695481538772583,8
2,4.855962753295898,2
0,3.3305349349975586,6
1,4.855962753295898,2
3,3.3305351734161377,6
0,3.823298931121826,0
2,4.2393293380737305,5
1,3.9460504055023193,4
3,3.4535651206970215,3
2,4.4355974197387695,9
3,4.794389724731445,1
1,4.5528950691223145,7
0,3.704300880432129,8
3,3.82295298576355,0
1,3.3255367279052734,6
2,4.841444492340088,2
0,3.950148582458496,4
0,4.434675693511963,9
1,4.235284805297852,5
2,4.552714824676514,7
3,3.4584994316101074,3
3,3.707892894744873,8
0,3.707892656326294,8
1,4.827606201171875,1
2,3.8216166496276855,0
1,4.827606201171875,1
2,3.3215270042419434,6
0,4.232229709625244,5
3,4.553950309753418,7
1,4.842774868011475,2
2,3.465383529663086,3
3,4.43389368057251,9
0,3.9537618160247803,4
1,4.889544486999512,1
0,4.847753524780273,2
3,4.556041717529297,7
2,4.434653282165527,9
0,3.820187568664551,0
2,3.4722421169281006,3
3,3.960862159729004,4
1,3.711510181427002,8
0,4.191730499267578,5
2,3.3149094581604004,6
3,3.7160630226135254,8
1,3.3149099349975586,6
2,4.557342529296875,7
3,3.818936824798584,0
1,4.1896209716796875,5
0,4.853998184204102,2
1,4.894189834594727,1
2,3.969203472137451,4
0,3.480407476425171,3
3,4.43449068069458,9
1,4.8541083335876465,2
2,3.7137882709503174,8
3,3.313063144683838,6
0,4.5570549964904785,7
1,4.4348649978637695,9
3,4.1870341300964355,5
2,3.4895176887512207,3
0,3.978975772857666,4
2,4.900669097900391,1
1,3.817310333251953,0
0,3.817309617996216,0
3,3.489520311355591,3
0,4.433689117431641,9
1,3.3080010414123535,6
2,4.187552452087402,5
3,3.9790401458740234,4
0,3.8832743167877197,8
1,4.877923965454102,2
2,4.566072940826416,7
3,4.908975601196289,1
0,3.4899401664733887,3
2,4.877930164337158,2
3,3.3057079315185547,6
1,4.908975601196289,1
1,4.438825607299805,9
0,4.566055774688721,7
2,3.8184926509857178,0
3,4.006752967834473,4
2,3.491525650024414,3
0,3.297072410583496,6
3,3.895235300064087,8
1,4.189268112182617,5
2,4.444900035858154,9
1,4.189267158508301,5
3,3.8952343463897705,8
0,4.018252849578857,4
2,4.919227123260498,1
1,4.573781967163086,7
3,4.888479709625244,2
0,3.818903923034668,0
2,4.443693161010742,9
1,4.573300361633301,7
0,4.017420291900635,4
3,3.81954026222229,0
2,3.290973663330078,6
0,3.4957027435302734,3
1,4.930490016937256,1
3,3.9095680713653564,8
1,3.49570369720459,3
3,4.899162292480469,2
2,4.450214385986328,9
0,4.188554286956787,5
3,4.930490016937256,1
1,4.188554286956787,5
0,4.029667854309082,4
2,3.8188254833221436,0
1,3.285918712615967,6
0,4.603845119476318,7
2,3.9382529258728027,8
3,4.923007011413574,2
2,5.080812454223633,2
1,4.048488616943359,4
3,3.81953501701355,0
0,4.606784343719482,7
0,3.4999706745147705,3
2,3.9363131523132324,8
3,3.283766269683838,6
1,4.461143493652344,9
0,4.95051908493042,1
3,3.9362499713897705,8
2,4.95051908493042,1
1,4.186437606811523,5
2,3.820435047149658,0
3,4.0642924308776855,4
0,4.185595512390137,5
1,4.489626884460449,9
2,5.100122451782227,2
0,3.5032219886779785,3
3,3.278407096862793,6
1,4.681138038635254,7
0,5.104536056518555,2
3,3.965296745300293,8
2,4.685514450073242,7
1,4.9732465744018555,1
0,4.496797561645508,9
3,3.8199405670166016,0
1,3.504425048828125,3
2,4.412520408630371,4
1,5.114294052124023,2
3,3.275195837020874,6
2,4.187492370605469,5
0,4.187492370605469,5
1,3.820161819458008,0
3,3.2751965522766113,6
0,4.4124040603637695,4
2,4.495301246643066,9
0,3.5044760704040527,3
1,4.993197441101074,1
3,3.9889931678771973,8
2,4.70463752746582,7
3,3.2727298736572266,6
0,3.5044755935668945,3
2,4.993197441101074,1
1,5.1262617111206055,2
0,3.9890623092651367,8
1,3.820169448852539,0
3,4.191255569458008,5
2,4.502971649169922,9
0,4.704129695892334,7
3,4.9930830001831055,1
2,4.426499843597412,4
1,4.426499366760254,4
0,3.5044872760772705,3
2,3.2703542709350586,6
3,3.8191051483154297,0
1,4.507330894470215,9
0,3.9995501041412354,8
3,5.136253356933594,2
2,4.711824417114258,7
1,4.193799018859863,5
1,4.507327079772949,9
3,3.8191046714782715,0
0,3.5044901371002197,3
2,4.711818218231201,7
2,4.024700164794922,8
1,4.460841655731201,4
0,4.196143627166748,5
3,5.157535552978516,2
0,5.023353576660156,1
2,3.8193776607513428,0
1,4.730635166168213,7
3,3.266573905944824,6
1,4.682839393615723,9
2,4.460842132568359,4
3,5.023355484008789,1
0,3.266573905944824,6
1,5.157230854034424,2
3,4.198476791381836,5
0,4.024402618408203,8
2,3.503851890563965,3
0,4.476772308349609,4
3,4.039597511291504,8
2,5.035993576049805,1
1,3.289559841156006,6
0,5.171351432800293,2
2,4.69135046005249,9
1,4.200082302093506,5
3,3.505526065826416,3
0,4.741779327392578,7
1,5.171351909637451,2
2,4.47676944732666,4
3,3.8178939819335938,0
2,4.205479621887207,5
1,4.752357482910156,7
3,3.2950868606567383,6
0,4.116191387176514,8
2,3.5062685012817383,3
3,4.700656890869141,9
0,5.047727584838867,1
1,4.017879009246826,0
0,5.047727584838867,1
3,3.2947754859924316,6
1,4.01812744140625,0
2,4.1162004470825195,8
2,5.19608736038208,2
1,3.5065793991088867,3
0,4.539300918579102,4
3,4.209217071533203,5
1,3.2994699478149414,6
0,4.209205627441406,5
3,4.7611541748046875,7
2,4.707396030426025,9
1,5.057701587677002,1
0,4.015989303588867,0
2,4.541561603546143,4
3,4.127227306365967,8
0,4.760713577270508,7
3,4.7060041427612305,9
2,5.1972503662109375,2
1,3.506972312927246,3
1,4.012699127197266,0
3,3.3017234802246094,6
2,4.766181945800781,7
0,4.762031555175781,4
2,4.710537910461426,9
0,4.211653709411621,5
1,4.132913589477539,8
3,5.064539909362793,1
1,5.064539432525635,1
2,4.710497856140137,9
3,3.5098483562469482,3
0,5.205318450927734,2
0,3.3030176162719727,6
1,3.5123066902160645,3
2,4.768705368041992,4
3,4.0094828605651855,0
2,4.769850254058838,7
0,4.136631011962891,8
3,4.21713399887085,5
1,5.211775779724121,2
0,4.711725234985352,9
2,4.21713399887085,5
3,3.302976131439209,6
1,4.77003288269043,4
1,4.136631488800049,8
3,3.512535810470581,3
0,5.069675445556641,1
2,5.211373329162598,2
0,5.077831745147705,1
1,4.777488708496094,7
2,4.006669998168945,0
3,4.781571388244629,4
0,4.144313812255859,8
2,4.777466773986816,7
1,4.716602802276611,9
3,5.221935272216797,2
1,4.006796836853027,0
0,3.3604366779327393,6
3,4.225384712219238,5
2,3.5096564292907715,3
1,3.360025644302368,6
2,4.7149858474731445,9
3,3.509233236312866,3
0,4.780824661254883,4
3,4.003226280212402,0
1,4.833397388458252,7
2,5.08486270904541,1
0,4.2364397048950195,5
2,4.151424884796143,8
0,5.231894016265869,2
1,3.505159378051758,3
3,4.151425361633301,8
0,4.003384590148926,0
2,3.365835428237915,6
1,5.266946792602539,4
3,4.719756126403809,9
2,5.130690097808838,2
3,5.090567111968994,1
1,4.8395891189575195,7
0,4.246232032775879,5
0,4.156713008880615,8
2,5.130690097808838,2
1,5.259922027587891,4
3,3.3715765476226807,6
2,4.246264457702637,5
0,4.839569091796875,7
3,3.5026912689208984,3
1,4.724099636077881,9
2,5.0958123207092285,1
1,3.996636152267456,0
0,3.996636390686035,0
3,4.725395679473877,9
1,4.244446277618408,5
2,3.379267930984497,6
3,5.139280796051025,2
0,4.843768119812012,7
0,3.509284734725952,3
1,5.095812797546387,1
2,4.824726581573486,4
3,4.077530860900879,8
0,4.076222896575928,8
2,4.2447991371154785,5
1,4.824210166931152,4
3,3.5097718238830566,3
1,5.1336212158203125,2
3,3.9941558837890625,0
0,3.3826828002929688,6
2,4.847891807556152,7
2,4.727564811706543,9
0,5.102251052856445,1
3,4.243988513946533,5
1,3.5144336223602295,3
2,5.1011857986450195,1
1,4.725489616394043,9
0,4.836288928985596,4
3,4.84650993347168,7
1,5.146411418914795,2
0,3.3863704204559326,6
3,3.991299867630005,0
2,4.08683967590332,8
2,5.107980728149414,1
3,3.3863701820373535,6
0,4.086833477020264,8
1,3.52036452293396,3
0,3.9906516075134277,0
1,4.8520660400390625,7
3,5.145814895629883,2
2,4.847838401794434,4
2,4.244543075561523,5
3,4.861534118652344,4
1,4.0927276611328125,8
0,4.733957290649414,9
1,4.733915328979492,9
2,3.391355276107788,6
0,4.244577884674072,5
3,3.987504482269287,0
0,3.524895429611206,3
2,5.115497589111328,1
3,5.159132957458496,2
1,4.858249664306641,7
1,4.739202499389648,9
0,4.100934028625488,8
2,3.528991460800171,3
3,3.2321712970733643,6
1,5.22437858581543,2
0,4.245329856872559,5
3,4.877026557922363,4
2,3.9836630821228027,0
3,5.124340057373047,1
1,5.124340057373047,1
2,4.866154670715332,7
0,4.739193916320801,9
0,3.980405330657959,0
2,3.5327720642089844,3
1,4.246903419494629,5
3,4.887828826904297,4
0,3.2360687255859375,6
1,5.235163688659668,2
2,4.1056013107299805,8
3,4.871297359466553,7
0,3.2360687255859375,6
2,5.13063383102417,1
3,3.532775402069092,3
1,4.8712849617004395,7
1,4.110323905944824,8
2,4.249253273010254,5
0,3.9771838188171387,0
3,4.7448906898498535,9
0,3.5361809730529785,3
2,4.110324859619141,8
3,5.242574691772461,2
1,4.8978095054626465,4
3,3.9771432876586914,0
0,5.1360979080200195,1
2,4.897809028625488,4
1,4.875491142272949,7
1,3.2484827041625977,6
2,5.249768257141113,2
3,4.747488975524902,9
0,4.25325870513916,5
3,3.2484827041625977,6
0,4.879715919494629,7
2,5.141181945800781,1
1,4.906572341918945,4
2,4.113905906677246,8
0,5.250715255737305,2
1,4.253093719482422,5
3,4.747837543487549,9
1,5.272239685058594,2
0,4.749276161193848,9
2,3.5353665351867676,3
3,3.969790458679199,0
1,5.145300388336182,1
3,3.9697508811950684,0
0,4.882747650146484,7
2,3.251784563064575,6
2,3.5361921787261963,3
1,4.258524417877197,5
3,4.913424015045166,4
0,4.116491317749023,8
2,3.5363175868988037,3
0,4.114809989929199,8
1,3.250617265701294,6
3,4.911908149719238,4
3,4.751427173614502,9
0,5.150383949279785,1
2,4.261911869049072,5
1,5.2786149978637695,2
2,5.150383949279785,1
1,3.9661426544189453,0
3,4.886758327484131,7
0,3.2547659873962402,6
0,3.5395588874816895,3
2,3.966259479522705,0
1,4.118738174438477,8
3,4.751092433929443,9
3,5.28468132019043,2
2,4.891268730163574,7
0,4.930753707885742,4
1,4.2638678550720215,5
1,4.122598648071289,8
2,3.2579712867736816,6
3,4.263867378234863,5
0,4.891269683837891,7
2,3.962531566619873,0
0,5.283945560455322,2
1,3.543386459350586,3
3,4.930096626281738,4
2,5.162154674530029,1
3,4.755582809448242,9
0,4.941417217254639,4
1,4.895406723022461,7
1,4.12687349319458,8
2,4.755582809448242,9
0,3.54819917678833,3
3,3.958958625793457,0
1,5.161432266235352,1
3,3.261180877685547,6
0,5.290722846984863,2
2,4.266291618347168,5
0,5.280291557312012,2
3,4.755864143371582,9
1,4.9510674476623535,4
2,4.262502670288086,5
0,4.129516124725342,8
1,5.16757345199585,1
2,3.2642834186553955,6
3,3.5588159561157227,3
1,3.5587880611419678,3
2,4.755952835083008,9
0,4.897895812988281,7
3,3.95609712600708,0
3,5.28249454498291,2
1,3.266108512878418,6
2,4.258873462677002,5
0,4.958348751068115,4
0,5.171910285949707,1
1,4.898945331573486,7
3,3.9519095420837402,0
2,4.130997180938721,8
3,3.5703024864196777,3
2,3.2660250663757324,6
0,4.130997180938721,8
1,4.898951053619385,7
2,3.947803020477295,0
1,4.757016658782959,9
3,4.969925880432129,4
0,5.17879056930542,1
0,5.287330627441406,2
1,4.9027814865112305,7
2,4.256695747375488,5
3,3.579662799835205,3
1,3.269639253616333,6
0,5.287309169769287,2
2,3.947944164276123,0
3,4.136683464050293,8
1,5.185184478759766,1
0,4.980423927307129,4
3,4.2549004554748535,5
2,4.758368015289307,9
3,5.291164398193359,2
1,3.9445440769195557,0
2,4.141366958618164,8
0,4.905063629150391,7
2,3.273144483566284,6
1,3.588658332824707,3
0,4.254899024963379,5
3,4.9804277420043945,4
2,3.5913808345794678,3
1,4.760984420776367,9
0,4.908787727355957,7
3,5.190185546875,1
1,4.758669853210449,9
3,5.290879726409912,2
2,4.143641471862793,8
0,4.2531890869140625,5
3,5.190187454223633,1
2,3.2753849029541016,6
0,3.9415321350097656,0
1,4.986690998077393,4
0,4.758437633514404,9
3,3.596865653991699,3
1,3.275289535522461,6
2,4.9865899085998535,4
0,5.291411399841309,2
3,4.251338005065918,5
2,3.93799090385437,0
1,4.909318447113037,7
0,4.147735118865967,8
2,4.147736549377441,8
3,4.909292697906494,7
1,5.1965484619140625,1
0,5.1965484619140625,1
3,3.9381189346313477,0
1,5.29140567779541,2
2,4.996803283691406,4
2,3.277116060256958,6
0,3.609095573425293,3
1,4.253087997436523,5
3,4.76236629486084,9
0,5.202910900115967,1
1,5.293527603149414,2
3,3.6134843826293945,3
2,4.251027584075928,5
2,4.911273956298828,7
3,5.028252601623535,4
1,4.76088285446167,9
0,3.935086250305176,0
3,5.202910423278809,1
2,3.2771077156066895,6
0,4.151306629180908,8
1,4.911273956298828,7
0,4.158674240112305,8
2,3.282668113708496,6
3,5.40049934387207,2
1,4.766903400421143,9
2,4.254489898681641,5
0,3.6115899085998535,3
1,5.039284706115723,4
3,3.9350452423095703,0
1,4.766900062561035,9
3,3.282668113708496,6
0,3.935044050216675,0
2,4.917283058166504,7
3,4.1586503982543945,8
1,5.2125043869018555,1
2,3.6112470626831055,3
0,5.400443077087402,2
2,4.770482063293457,9
0,5.046475410461426,4
3,3.287425994873047,6
1,4.257960796356201,5
0,4.163669586181641,8
1,5.2207136154174805,1
2,3.6138107776641846,3
3,3.933262348175049,0
0,5.406669616699219,2
1,4.921690464019775,7
2,5.046475410461426,4
3,4.257960796356201,5
2,4.258986473083496,5
0,4.921482086181641,7
1,4.163669586181641,8
3,4.7701873779296875,9
1,5.413727760314941,2
0,3.2928578853607178,6
3,3.9314916133880615,0
2,5.058933258056641,4
1,4.260306358337402,5
3,5.229605197906494,1
2,3.6166601181030273,3
0,5.229605197906494,1
2,3.616659641265869,3
1,3.9314911365509033,0
0,5.413730621337891,2
3,4.169838905334473,8
1,4.774310111999512,9
3,5.058701515197754,4
0,3.2926392555236816,6
2,4.924351692199707,7
2,4.77623176574707,9
3,4.925072193145752,7
1,5.0653862953186035,4
0,4.172094345092773,8
0,3.296333074569702,6
1,3.618636131286621,3
3,4.262614727020264,5
2,5.235343933105469,1
3,4.172091484069824,8
1,3.296333074569702,6
0,3.9300594329833984,0
2,5.417557239532471,2
3,4.92453670501709,7
0,3.6180896759033203,3
2,5.23480224609375,1
1,5.417001724243164,2
1,4.777825355529785,9
2,4.266596794128418,5
0,5.071722984313965,4
3,3.928288221359253,0
0,4.173778533935547,8
1,4.266596794128418,5
2,5.239750385284424,1
3,3.6203486919403076,3
0,5.071722984313965,4
1,4.92634916305542,7
3,3.299227714538574,6
2,5.42031192779541,2
0,4.775990962982178,9
1,5.070796012878418,4
3,4.924068450927734,7
2,3.9266774654388428,0
1,5.239629745483398,1
2,4.1725640296936035,8
3,4.775485992431641,9
0,3.299224376678467,6
3,5.767764091491699,2
2,4.270562648773193,5
0,3.9258203506469727,0
1,3.621246337890625,3
3,3.2991366386413574,6
1,4.270594596862793,5
0,5.496575355529785,4
2,3.621079683303833,3
1,4.920020580291748,7
2,5.239268779754639,1
0,4.774815082550049,9
3,5.767318248748779,2
2,4.7719879150390625,9
0,5.239344120025635,1
1,4.256841659545898,8
3,3.9237008094787598,0
2,5.496088981628418,4
1,3.6288652420043945,3
0,4.915058135986328,7
3,5.763751029968262,2
3,3.298506259918213,6
0,3.9237005710601807,0
2,4.25684118270874,8
1,4.267594337463379,5
0,5.768029689788818,2
3,4.2622599601745605,8
1,5.504857540130615,4
2,5.245377063751221,1
1,4.264192581176758,5
0,4.916430473327637,7
2,3.637453556060791,3
3,4.773542881011963,9
1,3.3024983406066895,6
0,4.7735443115234375,9
2,5.765986442565918,2
3,3.9219648838043213,0
1,3.3024983406066895,6
3,5.504858493804932,4
2,4.916431427001953,7
0,5.245732307434082,1
2,3.63874888420105,3
1,4.2596869468688965,8
0,4.26415491104126,5
3,3.920790910720825,0
0,4.774499893188477,9
3,3.919888973236084,0
1,3.594071388244629,6
2,4.262595176696777,8
0,4.917814254760742,7
2,3.6461310386657715,3
1,5.511094093322754,4
3,5.767436981201172,2
3,5.251226902008057,1
2,4.2623772621154785,5
0,4.774496555328369,9
1,4.917814254760742,7
2,5.770526885986328,2
0,4.260802745819092,5
3,5.257742404937744,1
1,5.8220696449279785,4
1,4.2663164138793945,8
2,3.5957045555114746,6
3,3.917426347732544,0
0,3.6545844078063965,3
3,3.595705032348633,6
2,4.2663164138793945,8
0,4.92973518371582,9
1,3.917426347732544,0
1,3.6545846462249756,3
0,5.257742404937744,1
3,4.260825157165527,5
2,5.821815490722656,4
2,5.7725830078125,2
0,5.263684272766113,1
1,4.925474166870117,7
3,3.9148645401000977,0
2,3.5966315269470215,6
1,4.269542694091797,8
0,4.931139945983887,9
3,4.286288261413574,5
3,3.6634316444396973,3
1,5.772584915161133,2
2,5.82652473449707,4
0,4.923640251159668,7
0,3.6632800102233887,3
1,3.914952516555786,0
2,4.931173324584961,9
3,5.825797080993652,4
3,5.8109331130981445,2
0,3.598295211791992,6
2,5.716073036193848,1
1,4.5073347091674805,8
1,4.688351631164551,5
3,4.948429584503174,7
2,4.948429107666016,7
0,4.688351631164551,5
2,4.953288555145264,9
0,5.716073036193848,1
1,3.5982964038848877,6
3,4.095801830291748,3
2,5.810545921325684,2
0,4.5071330070495605,8
1,3.866589069366455,0
3,5.389860153198242,4
3,4.51105260848999,8
1,3.862855911254883,0
2,4.685732841491699,5
0,4.950920581817627,7
2,5.718877792358398,1
0,4.106467247009277,3
3,5.393068313598633,4
1,5.811455726623535,2
1,3.597951889038086,6
3,3.862855911254883,0
2,4.954266548156738,9
0,4.1064677238464355,3
1,3.5977678298950195,6
2,4.950809478759766,7
0,5.392876625061035,4
3,5.811264991760254,2
2,5.730108737945557,1
0,4.524508953094482,8
3,4.962668418884277,9
1,4.684409141540527,5
1,4.6844072341918945,5
3,3.6042091846466064,6
0,4.961568832397461,7
2,3.8593311309814453,0
2,5.820563793182373,2
0,4.1159586906433105,3
3,5.730113506317139,1
1,5.4062700271606445,4
1,4.966423034667969,9
0,4.531623363494873,8
3,4.96525764465332,7
2,4.531622886657715,8
3,5.8234944343566895,2
2,3.8561553955078125,0
0,4.966339111328125,9
1,3.606567859649658,6
1,5.735358715057373,1
0,4.683897972106934,5
3,5.409853935241699,4
2,4.123790264129639,3
2,4.970948219299316,9
1,3.610854148864746,6
3,5.420408725738525,4
0,4.972782135009766,7
2,4.684988498687744,5
0,3.8725240230560303,0
1,5.7865400314331055,1
3,4.539429664611816,8
3,4.130917549133301,3
2,5.826855182647705,2
0,3.60958194732666,6
1,4.6850175857543945,5
1,4.54598331451416,8
2,3.8692216873168945,0
3,5.4213666915893555,4
0,4.973269462585449,7
2,5.828290939331055,2
0,4.1394734382629395,3
1,4.972764015197754,9
3,5.790462493896484,1
1,5.790462970733643,1
3,4.972764492034912,9
0,3.6109848022460938,6
2,3.869004011154175,0
3,5.553314208984375,2
1,5.417144298553467,4
0,4.972670555114746,7
2,4.688488960266113,5
1,4.688488483428955,5
0,5.417143821716309,4
3,4.548625946044922,8
2,4.137624263763428,3
1,5.553315162658691,2
0,4.975708484649658,9
2,4.972670555114746,7
3,4.1376237869262695,3
2,3.6233749389648438,6
1,4.565209865570068,8
3,3.8655576705932617,0
0,5.807660102844238,1
0,4.565739631652832,8
3,3.866281747817993,0
2,3.624361515045166,6
1,4.693252086639404,5
3,5.429974555969238,2
1,4.988540172576904,9
0,4.136321544647217,3
2,5.432023048400879,4
3,5.818131923675537,1
2,4.99456787109375,7
1,5.4423041343688965,4
0,3.6308035850524902,6
3,4.994193077087402,7
0,4.698435306549072,5
2,5.433987617492676,2
1,4.576837062835693,8
1,5.81907844543457,1
3,3.8648219108581543,0
0,4.997435092926025,9
2,4.136442184448242,3
2,4.581064701080322,8
1,4.137962818145752,3
0,5.822058200836182,1
3,4.6955766677856445,5
2,5.44209098815918,2
0,3.6378378868103027,6
3,5.007052898406982,9
1,5.451528549194336,4
3,5.44209098815918,2
1,3.8638579845428467,0
2,5.0024285316467285,7
0,4.692173957824707,5
1,3.6423892974853516,6
3,5.8368988037109375,1
0,5.454653263092041,4
2,3.862159490585327,0
1,3.5937578678131104,3
2,5.006097793579102,7
3,5.00862455368042,9
0,4.594338893890381,8
2,4.686506271362305,5
1,3.880610466003418,0
3,5.45465087890625,4
0,3.6394290924072266,6
0,5.443695068359375,2
3,4.595265865325928,8
1,5.009594917297363,9
2,3.594360113143921,3
0,4.957645416259766,8
1,5.0012736320495605,7
2,5.881433963775635,1
3,5.001274108886719,7
0,3.6299757957458496,6
1,3.872831106185913,0
2,5.4514265060424805,4
3,4.945287704467773,5
0,3.625504970550537,3
3,5.000467300415039,9
2,5.881433963775635,1
1,5.428524017333984,2
1,4.997055530548096,7
0,3.8714609146118164,0
2,4.905555725097656,5
3,5.4606781005859375,4
0,5.8762993812561035,1
2,3.622729778289795,6
3,5.416666507720947,2
1,3.652472496032715,3
2,3.6227293014526367,6
1,4.94607400894165,8
0,4.993619918823242,9
3,5.876309394836426,1
3,5.417114734649658,2
2,4.99748420715332,7
1,4.9942522048950195,9
0,5.450098514556885,4
1,4.946163177490234,8
0,3.8631532192230225,0
3,3.6658356189727783,3
2,4.891742706298828,5
1,5.415923118591309,2
0,5.879200458526611,1
2,4.995026111602783,9
3,4.999217510223389,7
3,3.8632850646972656,0
0,3.6657066345214844,3
2,4.946310997009277,8
1,5.469782829284668,4
0,4.942176818847656,8
1,3.658841848373413,6
2,5.409549713134766,2
3,4.879873275756836,5
1,4.991756439208984,9
0,3.86031436920166,0
3,5.877015590667725,1
2,5.464963912963867,4
0,3.658759117126465,6
2,4.879902362823486,5
1,4.993264198303223,7
3,3.678215503692627,3
2,5.876876354217529,1
0,4.989947319030762,7
3,4.939080715179443,8
1,5.5074920654296875,2
3,3.6911439895629883,3
1,3.8578052520751953,0
0,5.46229887008667,4
2,4.990072250366211,9
1,3.6911444664001465,3
0,4.989947319030762,7
2,4.867641448974609,5
3,3.656214952468872,6
1,4.990065574645996,9
0,5.87689733505249,1
2,3.8578226566314697,0
3,4.867635726928711,5
2,5.4927592277526855,2
3,4.015070915222168,6
1,4.924041748046875,8
0,5.450953483581543,4
0,3.716669797897339,3
3,4.015070915222168,6
2,3.8508026599884033,0
1,4.924041748046875,8
3,4.978139400482178,9
1,5.927583694458008,1
0,5.492762565612793,2
2,5.450953483581543,4
0,4.015080451965332,6
1,4.842705726623535,5
2,4.9794921875,7
3,4.924050331115723,8
3,5.907780647277832,1
2,3.842029094696045,0
1,5.435946464538574,4
0,4.966724395751953,7
0,4.81368350982666,5
2,5.473933219909668,2
1,4.962911128997803,9
3,3.750089168548584,3
2,4.943130016326904,8
0,5.9077911376953125,1
3,3.7500967979431152,3
1,5.435944557189941,4
0,5.45224142074585,2
2,4.7886962890625,5
3,4.952157020568848,7
1,4.030921459197998,6
0,4.946226596832275,9
3,4.9521284103393555,7
2,5.45222806930542,2
1,3.833221435546875,0
1,4.946226596832275,9
3,3.9486351013183594,6
2,5.417552947998047,4
0,3.833221673965454,0
0,5.885348320007324,1
1,3.781067371368408,3
2,4.9158759117126465,8
3,4.789358139038086,5
3,5.881172180175781,1
1,5.446590423583984,2
2,4.9478302001953125,7
0,5.4100542068481445,4
0,3.9420385360717773,6
2,3.7853963375091553,3
1,4.942805290222168,9
3,4.785752296447754,5
0,3.785421371459961,3
1,4.911761283874512,8
3,4.911761283874512,8
2,3.831061840057373,0
2,4.937898635864258,9
0,3.9274325370788574,6
1,5.401880264282227,4
3,4.772004127502441,5
0,5.438708782196045,2
1,4.964996337890625,7
2,5.873918533325195,1
3,3.8287975788116455,0
2,3.796138048171997,3
1,5.438709259033203,2
3,4.964983940124512,7
0,5.401878356933594,4
0,3.823538064956665,0
1,5.861117362976074,1
3,4.887740612030029,8
2,4.928725242614746,9
0,4.755267143249512,5
2,3.9908125400543213,6
3,4.928725719451904,9
1,4.887740612030029,8
1,5.426216125488281,2
2,5.861117362976074,1
0,3.814486265182495,3
3,4.956418514251709,7
3,3.823615074157715,0
0,5.392671585083008,4
2,3.991223096847534,6
1,4.753838062286377,5
0,5.404673099517822,2
2,3.84748911857605,3
1,4.940498352050781,7
3,5.838197231292725,1
0,4.9114227294921875,9
2,3.815861701965332,0
1,4.7302656173706055,5
3,4.859740257263184,8
1,3.958743095397949,6
3,5.37455415725708,4
2,5.374553680419922,4
0,4.859792232513428,8
1,4.926116943359375,7
3,5.38376522064209,2
0,3.8851468563079834,3
2,3.8076529502868652,0
0,4.895403861999512,9
1,3.925816059112549,6
3,5.815840244293213,1
2,4.7055463790893555,5
1,3.8078761100769043,0
0,5.383640289306641,2
2,4.705546855926514,5
3,3.884681463241577,3
0,4.9218034744262695,7
2,4.89162015914917,9
1,5.3541765213012695,4
3,3.920395851135254,6
1,5.787563323974609,1
3,5.787563800811768,1
0,4.97389030456543,5
2,4.797796249389648,8
2,5.337915897369385,4
0,4.797797203063965,8
1,3.9293980598449707,3
3,4.9066619873046875,7
0,5.356688499450684,2
2,3.7990565299987793,0
3,4.875083923339844,9
1,3.8886971473693848,6
0,3.9720358848571777,3
1,5.323793888092041,4
2,4.956963062286377,5
3,3.7902579307556152,0
3,4.77133321762085,8
2,3.7708733081817627,6
0,4.892538547515869,7
1,5.360840320587158,2
1,5.76577091217041,1
2,4.892538547515869,7
0,5.024496078491211,9
3,5.024496078491211,9
2,4.000988960266113,3
3,4.923291206359863,5
1,5.310978889465332,4
0,4.749018669128418,8
0,3.744424343109131,6
3,3.7818291187286377,0
1,5.747074604034424,1
2,5.339203834533691,2
0,5.339203834533691,2
2,4.000988960266113,3
1,5.009729862213135,9
3,3.7818286418914795,0
2,5.181314468383789,8
0,3.7219455242156982,6
3,4.893343448638916,5
1,5.30086088180542,4
1,4.86727237701416,7
0,5.300607681274414,4
2,4.036448955535889,3
3,5.731081485748291,1
2,5.320242404937744,2
3,4.893375396728516,5
1,3.7759175300598145,0
0,5.18131685256958,8
0,6.154479503631592,1
2,4.854537010192871,7
1,3.701270580291748,6
3,4.9855828285217285,9
2,6.154478549957275,1
3,5.302303314208984,2
0,4.854537010192871,7
1,3.770352840423584,0
2,3.70115327835083,6
3,4.064343452453613,3
1,5.2906694412231445,4
0,5.257615566253662,8
1,3.7013299465179443,6
2,5.2908406257629395,4
3,4.866018772125244,5
0,4.985785007476807,9
0,6.102878570556641,1
1,4.122584342956543,3
3,4.8403825759887695,7
2,5.278036117553711,2
2,4.9719672203063965,9
3,5.1992292404174805,8
1,4.826983451843262,5
0,3.7653677463531494,0
1,4.122648239135742,3
0,4.826344966888428,5
2,4.972262382507324,9
3,3.7653493881225586,0
0,5.226738452911377,2
1,3.613253116607666,6
2,4.828027725219727,7
3,6.0296735763549805,1
1,3.740663766860962,0
0,5.185956954956055,8
2,5.185956001281738,8
3,5.264586448669434,4
2,6.201871871948242,1
1,5.221114635467529,2
0,4.820508003234863,7
3,5.263153076171875,4
2,4.711606502532959,5
3,4.945934295654297,9
0,4.383294582366943,3
1,3.581514835357666,6
0,5.168344974517822,8
2,3.581514835357666,6
1,4.383295059204102,3
3,6.150765419006348,1
2,4.705409049987793,5
0,4.946353435516357,9
3,3.73691987991333,0
1,5.198214530944824,2
3,5.127166271209717,8
0,4.800124168395996,7
2,4.800124168395996,7
1,5.400229454040527,4
2,4.680841445922852,5
0,4.664108753204346,2
3,4.432398319244385,3
1,5.4002275466918945,4
1,3.5657572746276855,6
2,4.938905239105225,9
0,6.115968227386475,1
3,3.736236810684204,0
2,3.7350244522094727,0
0,4.653328895568848,2
1,5.381161212921143,4
3,4.790214538574219,7
3,6.080297470092773,1
2,4.929925441741943,9
1,4.268772602081299,5
0,3.5490012168884277,6
3,3.735112190246582,0
0,5.086913108825684,8
1,4.483828544616699,3
2,5.380945682525635,4
1,5.046787738800049,8
3,4.534358024597168,3
2,4.957059860229492,9
0,4.775764465332031,7
2,4.534844875335693,2
0,4.249524116516113,5
1,3.532268524169922,6
3,6.0445146560668945,1
0,5.046792030334473,8
2,4.775694847106934,7
3,4.249549865722656,5
1,4.957021236419678,9
3,4.534917831420898,2
2,3.734304666519165,0
0,5.358196258544922,4
1,3.5323150157928467,6
0,5.008012294769287,8
1,6.010058403015137,1
3,4.036982536315918,3
2,4.03698205947876,3
0,4.055150032043457,0
3,4.23366641998291,5
1,6.010058403015137,1
2,5.335073471069336,4
0,3.51528263092041,6
2,4.841792583465576,2
3,4.944230079650879,9
1,4.887459754943848,7
0,4.093867301940918,3
2,4.21991491317749,5
1,4.039650917053223,0
3,4.794548034667969,2
0,5.911358833312988,1
1,4.848948955535889,7
3,4.960977554321289,8
2,5.128464221954346,9
3,5.1284637451171875,9
1,5.298469066619873,4
2,3.6321122646331787,6
0,4.21991491317749,5
1,3.607064962387085,6
0,5.262231826782227,4
3,4.029794692993164,0
2,4.9092512130737305,8
2,4.060056686401367,3
0,4.740333557128906,2
3,4.809948444366455,7
1,5.861325263977051,1
0,4.809940338134766,7
3,4.204473972320557,5
2,4.909249782562256,8
1,5.261582374572754,4
3,5.08094596862793,9
0,4.0656023025512695,3
2,3.6011226177215576,6
1,4.731355667114258,2
0,4.19249153137207,5
1,4.2495503425598145,0
3,6.052848815917969,1
2,6.052848815917969,1
0,4.696322917938232,2
2,4.739202976226807,7
3,5.055309772491455,9
1,4.142632484436035,3
0,4.866200923919678,8
1,3.587777853012085,6
2,4.249401092529297,0
3,5.236569404602051,4
3,4.873569488525391,8
2,4.687087059020996,2
1,5.173152923583984,4
0,4.708290100097656,7
0,3.929100751876831,5
3,4.524012565612793,0
2,3.9335358142852783,3
1,5.021148681640625,9
1,5.903602600097656,1
0,3.7828292846679688,6
2,5.1446709632873535,4
3,3.921050548553467,5
1,4.4865264892578125,0
3,4.020844459533691,3
2,4.98460054397583,9
0,3.7822318077087402,6
3,5.835317134857178,1
1,4.9537248611450195,8
0,4.7440643310546875,7
2,4.594614028930664,2
0,5.8351287841796875,1
2,3.9168806076049805,5
3,4.743806838989258,7
1,4.111359596252441,3
1,5.1259589195251465,8
3,4.908257007598877,9
0,4.552481651306152,2
2,4.415465831756592,0
3,4.9075469970703125,9
2,5.106692314147949,4
0,4.552302360534668,2
1,3.700770616531372,6
0,5.064632892608643,8
3,3.912199020385742,5
2,3.97729229927063,4
1,4.770447731018066,7
2,5.888067245483398,1
3,4.386218070983887,0
0,3.667240619659424,6
1,4.271162986755371,3
3,4.4926958084106445,2
1,4.331894397735596,3
0,4.766481399536133,7
2,3.9680237770080566,4
2,4.892760753631592,9
3,5.0227813720703125,8
0,3.967590093612671,5
1,4.363343238830566,0
1,3.609215259552002,6
0,3.9952597618103027,3
2,5.7116594314575195,1
3,4.546440124511719,4
2,4.384954452514648,0
0,3.608585834503174,6
3,4.738706588745117,7
1,4.875637054443359,9
3,4.073704719543457,5
1,4.70717191696167,8
0,5.684133052825928,1
2,4.425685882568359,2
3,4.425684452056885,2
1,4.707172393798828,8
2,4.544098854064941,4
0,4.857232093811035,9
0,4.07564115524292,5
2,3.5891013145446777,6
1,4.362158298492432,0
3,4.043984413146973,3
3,4.672885894775391,7
1,4.678318500518799,8
0,4.058265686035156,5
2,4.576807975769043,0
2,4.837444305419922,9
0,5.659658432006836,1
1,4.076951026916504,3
3,4.496829032897949,2
3,4.720037460327148,4
2,3.5728893280029297,6
1,4.076951026916504,3
0,4.8374433517456055,9
0,4.678318023681641,8
2,3.572890281677246,6
1,4.496829986572266,2
3,5.659658908843994,1
2,4.661045551300049,7
0,4.057999134063721,5
3,4.707906723022461,4
1,4.575375556945801,0
3,4.057565689086914,5
0,4.575427532196045,0
1,4.076033592224121,3
2,4.706536769866943,4
2,5.646984577178955,1
1,4.484866619110107,2
0,4.666656494140625,8
3,4.659974575042725,7
3,4.8257365226745605,9
2,3.563509941101074,6
0,5.64677619934082,1
1,4.8257365226745605,9
3,4.649046421051025,8
1,4.642139434814453,7
2,4.056431770324707,5
0,4.687756538391113,4
1,4.075169563293457,3
2,3.5502231121063232,6
0,4.4675068855285645,2
3,4.573111534118652,0
3,4.6486005783081055,8
0,4.809889316558838,9
1,4.058683395385742,5
2,4.075653076171875,3
2,3.513934373855591,6
0,4.569409370422363,0
3,5.580364227294922,1
1,4.592291831970215,7
0,4.418889999389648,2
2,4.592292785644531,7
3,4.636091709136963,4
1,4.636092185974121,4
1,3.5139341354370117,6
0,4.418889999389648,2
3,4.765381813049316,9
2,4.595865726470947,8
3,4.564639091491699,0
1,4.071504592895508,3
2,5.529284477233887,1
0,4.055809497833252,5
1,4.36109733581543,2
3,3.471205472946167,6
2,4.564388751983643,0
0,4.534610748291016,7
3,4.531113624572754,8
1,4.070856094360352,3
2,4.05487585067749,5
0,5.523553371429443,1
3,4.534239292144775,7
0,4.576241493225098,4
1,4.360732078552246,2
2,4.712347507476807,9
1,4.651913642883301,9
3,4.0690155029296875,3
0,4.5576043128967285,0
2,3.421710968017578,6
0,4.45393180847168,8
1,5.45659875869751,1
3,4.053097724914551,5
2,4.50848388671875,4
2,4.293596267700195,2
3,5.4555816650390625,1
0,4.466835021972656,7
1,4.057634353637695,5
3,3.369605779647827,6
0,4.437553405761719,4
1,4.589296817779541,9
2,4.065868377685547,3
0,4.332309722900391,7
1,4.224165916442871,2
2,4.549620628356934,0
3,4.374354839324951,8
2,5.385011672973633,1
0,4.066427230834961,3
3,4.588459491729736,9
1,4.435881614685059,4
1,4.27083158493042,8
3,4.536795616149902,0
0,3.312958240509033,6
2,4.049253463745117,5
1,4.1393256187438965,2
0,3.312958240509033,6
3,5.305237770080566,1
2,4.5177226066589355,9
1,4.2708330154418945,8
0,4.066239356994629,3
3,4.04926872253418,5
2,4.357039928436279,4
1,4.5183563232421875,0
2,4.518356800079346,0
3,4.1937761306762695,7
0,4.1937761306762695,7
3,4.0684404373168945,3
0,4.000151634216309,8
2,4.0479278564453125,5
1,4.199560165405273,4
3,5.229557514190674,1
2,3.194678783416748,6
1,4.451989650726318,9
0,4.060803413391113,2
3,4.421224117279053,9
2,3.1741104125976562,6
0,4.069685935974121,3
1,3.959371566772461,8
3,4.047518253326416,5
1,4.12998628616333,7
0,4.060113906860352,4
2,5.156467914581299,1
2,3.983896017074585,2
3,4.06011438369751,4
0,4.4979939460754395,0
1,3.916548013687134,8
3,4.069748878479004,3
0,4.38773250579834,9
1,4.052901268005371,5
2,4.129123687744141,7
3,5.084397315979004,1
1,4.478641510009766,0
2,2.8851959705352783,6
0,3.9106805324554443,2
1,3.9106805324554443,2
3,4.046985149383545,5
2,4.1454010009765625,9
0,5.084396839141846,1
1,4.07026481628418,3
0,2.8851962089538574,6
3,3.8354601860046387,8
2,4.006434440612793,4
3,4.067030906677246,3
2,3.957508087158203,7
0,5.033194065093994,1
1,4.467681884765625,0
0,4.109700679779053,9
2,4.046028137207031,5
3,3.9574203491210938,7
1,3.7738075256347656,8
3,2.8814802169799805,6
0,4.464974880218506,0
1,3.8421237468719482,2
2,3.912161350250244,4
0,5.024268627166748,1
3,4.052411079406738,5
2,4.1084394454956055,9
1,3.9106271266937256,4
0,3.941634178161621,7
1,4.060396194458008,3
3,3.7064127922058105,8
2,2.87807559967041,6
3,4.4504289627075195,0
1,3.782762050628662,2
2,4.4504289627075195,0
0,3.9416346549987793,7
3,3.705240249633789,8
0,3.7818713188171387,2
1,4.07125997543335,9
2,3.8684256076812744,4
1,2.8749728202819824,6
2,4.84751033782959,1
0,4.058331489562988,3
3,3.997953176498413,5
3,3.828369379043579,4
0,4.057722091674805,3
2,4.84751033782959,1
1,4.473620414733887,0
0,3.1735403537750244,6
1,4.1821184158325195,5
2,3.663890838623047,2
3,4.034270286560059,9
1,3.8306498527526855,7
0,3.8306493759155273,7
2,4.824095726013184,1
3,3.4400601387023926,8
3,3.4400534629821777,8
1,4.622416973114014,3
0,4.1727519035339355,5
2,3.6249074935913086,2
1,3.910038471221924,9
3,4.196511268615723,0
0,3.8264198303222656,4
2,3.1655893325805664,6
0,4.619953632354736,3
2,3.879692554473877,9
1,4.752445220947266,1
3,3.7907423973083496,4
0,3.4321420192718506,8
2,4.170403480529785,5
1,3.7823634147644043,7
3,4.175989627838135,0
0,3.1569745540618896,6
1,4.170395374298096,5
2,3.5508313179016113,2
3,3.5508313179016113,2
0,3.878296375274658,9
2,4.619959831237793,3
3,3.7886269092559814,4
1,4.750911712646484,1
3,3.4011754989624023,8
2,3.1475071907043457,6
0,3.752751350402832,7
1,4.10603666305542,0
1,4.106037139892578,0
2,3.8563730716705322,9
3,3.752751588821411,7
0,3.7541186809539795,4
3,3.338207721710205,8
1,3.142648220062256,6
0,4.649219512939453,1
2,3.4931631088256836,2
3,3.140207529067993,6
2,4.604269027709961,3
0,4.162978649139404,5
1,4.604269027709961,3
0,4.117707252502441,0
3,3.4630725383758545,2
1,3.318441390991211,8
2,3.686840772628784,4
2,4.605709552764893,1
3,3.8158953189849854,9
1,3.6916425228118896,7
0,4.160811901092529,5
3,3.3184328079223633,8
2,4.113970756530762,0
0,4.1671319007873535,5
1,3.6855533123016357,4
1,4.602344512939453,3
3,3.1266086101531982,6
0,3.656501293182373,7
2,4.57125997543335,1
2,3.604400873184204,2
3,4.1578850746154785,5
0,3.604401111602783,2
1,3.8684744834899902,9
2,3.656501293182373,7
3,4.571259498596191,1
0,3.303053140640259,8
1,3.868474006652832,9
1,4.085151195526123,0
0,3.620368242263794,4
2,3.122269630432129,6
3,4.598372459411621,3
3,4.157137870788574,5
2,3.4350976943969727,2
1,4.598877906799316,3
0,4.080805778503418,0
0,3.611294746398926,4
2,3.8454389572143555,9
3,4.537067890167236,1
1,3.121025562286377,6
2,3.6213812828063965,7
3,3.289846658706665,8
1,3.289846420288086,8
0,3.6213812828063965,7
3,3.6092689037323,4
2,4.598711967468262,3
1,4.1649322509765625,5
0,3.1201107501983643,6
2,4.064055442810059,0
3,4.505576133728027,1
0,3.656252145767212,2
1,3.826573371887207,9
3,3.656252145767212,2
0,3.114401340484619,6
1,3.82656192779541,9
2,4.157271385192871,5
3,4.505576133728027,1
1,4.597132682800293,3
0,3.2719507217407227,8
2,3.584212303161621,4
1,3.824970245361328,9
2,4.06072998046875,0
3,3.269900321960449,8
0,3.591052532196045,7
0,4.1593403816223145,5
1,3.5647122859954834,7
3,4.478262901306152,1
2,3.5478458404541016,4
3,3.6478922367095947,2
0,3.201131582260132,6
1,4.048848628997803,0
2,4.5929975509643555,3
3,4.47622013092041,1
0,4.592827796936035,3
2,4.167471885681152,5
1,3.2609121799468994,8
1,3.6447324752807617,2
2,3.5383129119873047,7
0,3.789393424987793,9
3,3.195868492126465,6
2,4.585371017456055,3
0,4.45048189163208,1
3,4.1761674880981445,0
1,3.515526056289673,4
3,3.6446940898895264,2
1,3.5380380153656006,7
2,3.1956849098205566,6
0,3.515526294708252,4
3,3.2424914836883545,8
0,4.1629743576049805,0
2,3.7777724266052246,9
1,3.84393310546875,5
1,3.2440319061279297,8
0,4.4212446212768555,1
2,3.3514835834503174,6
3,4.5827531814575195,3
2,3.772585868835449,9
1,3.504291534423828,2
3,3.8411245346069336,5
0,3.5146262645721436,7
1,3.350010871887207,6
0,4.028166770935059,0
3,4.419210910797119,1
2,3.485049247741699,4
0,4.01626443862915,0
1,3.843801498413086,5
3,3.7587168216705322,9
2,3.242112636566162,8
1,3.49666166305542,2
3,3.593336343765259,7
2,3.4666433334350586,4
0,4.581259250640869,3
0,3.592221975326538,7
1,4.581212520599365,3
2,3.848628044128418,5
3,3.4651296138763428,4
3,3.335888624191284,6
0,4.004704475402832,0
1,4.37573766708374,1
2,3.8976669311523438,9
3,3.490809440612793,2
2,3.2418859004974365,8
0,3.8421878814697266,5
1,3.490809202194214,2
3,4.580911636352539,3
2,3.4501283168792725,4
0,3.579171895980835,7
1,3.241887331008911,8
3,3.330369234085083,6
0,3.993680477142334,0
1,4.3577775955200195,1
2,3.900063991546631,9
0,3.2436718940734863,8
3,3.4869816303253174,2
2,3.5685956478118896,7
1,4.357778072357178,1
0,3.330137252807617,6
3,3.993823528289795,0
1,3.4331564903259277,4
2,3.870205879211426,5
3,3.8988535404205322,9
2,4.573204040527344,3
1,3.9831368923187256,0
0,3.898853302001953,9
2,4.340322971343994,1
3,3.324862480163574,6
1,3.2452340126037598,8
0,3.4169907569885254,4
3,3.485771417617798,2
0,3.5590741634368896,7
2,4.5731987953186035,3
1,3.86918306350708,5
0,3.3241353034973145,6
1,3.484622001647949,2
3,3.55765438079834,7
2,4.339072227478027,1
1,3.974430561065674,0
3,4.554614067077637,3
2,3.2453181743621826,8
0,3.4014933109283447,4
3,4.554614067077637,3
0,3.896167278289795,9
2,3.4014930725097656,4
1,3.869971752166748,5
3,3.8961668014526367,9
0,3.320864677429199,6
1,3.473601818084717,2
2,3.551011562347412,7
1,3.2450437545776367,8
2,3.966858386993408,0
3,3.872976541519165,5
0,4.312565803527832,1
0,4.309118747711182,1
2,3.9646058082580566,0
3,3.474543571472168,2
1,3.8716397285461426,5
2,3.3155245780944824,6
3,3.894693374633789,9
1,4.548541069030762,3
0,3.5442371368408203,7
1,3.2461702823638916,8
0,3.3858582973480225,4
2,4.307966232299805,1
3,4.5485382080078125,3
0,3.95493745803833,0
2,3.476055860519409,2
1,3.8723957538604736,5
3,3.3741819858551025,4
0,3.3106656074523926,6
2,3.2496190071105957,8
3,3.538684129714966,7
1,3.893901824951172,9
1,3.893901824951172,9
0,4.543558120727539,3
3,4.29096794128418,1
2,3.476055860519409,2
1,3.307882308959961,6
0,3.2507526874542236,8
2,3.8745946884155273,5
3,3.3608152866363525,4
3,3.5242674350738525,7
2,4.5394511222839355,3
0,3.945401668548584,0
1,3.945401668548584,0
3,3.874619483947754,5
0,3.481776237487793,2
1,3.359203815460205,4
2,3.8917016983032227,9
0,3.2556114196777344,8
1,3.303896903991699,6
3,3.5137317180633545,7
2,4.260754108428955,1
0,4.730114459991455,3
1,3.30338716506958,6
2,3.876091957092285,5
3,3.3494434356689453,4
1,4.260753631591797,1
0,3.255586624145508,8
3,3.439568519592285,2
2,3.5133302211761475,7
3,3.8911311626434326,9
0,3.3480892181396484,4
2,3.9340200424194336,0
1,3.8911311626434326,9
3,3.9270401000976562,0
0,3.434840202331543,2
1,4.727605819702148,3
2,3.8776068687438965,5
2,3.2985434532165527,6
1,3.25927996635437,8
3,4.248498916625977,1
0,3.499650478363037,7
1,4.248499870300293,1
0,3.927398681640625,0
3,4.7260284423828125,3
2,3.889930248260498,9
0,3.4299726486206055,2
2,3.2938079833984375,6
3,3.8795995712280273,5
1,3.488447666168213,7
3,4.723515510559082,3
0,3.2614822387695312,8
1,3.301361322402954,4
2,3.2614824771881104,8
1,3.4880871772766113,7
3,3.2933430671691895,6
0,3.430147886276245,2
2,4.23671817779541,1
2,3.8870835304260254,9
1,3.8831968307495117,5
3,3.705315589904785,0
0,3.2907440662384033,4
3,3.288719415664673,4
2,3.263784885406494,8
0,4.224278450012207,1
1,3.428785562515259,2
0,3.703476905822754,0
1,4.718202590942383,3
2,3.2887840270996094,6
3,3.8818655014038086,5
1,3.8822827339172363,9
2,3.46307373046875,7
0,3.8822832107543945,9
3,3.463073968887329,7
0,3.266104221343994,8
2,3.3038735389709473,6
3,3.8860018253326416,5
1,3.4295740127563477,2
1,4.211897373199463,1
0,3.2671141624450684,4
3,4.713090896606445,3
2,3.6930952072143555,0
3,3.2685956954956055,8
1,3.8794679641723633,9
0,3.256336212158203,4
2,4.201650619506836,1
0,3.4332339763641357,2
1,3.9055588245391846,5
2,3.4542860984802246,7
3,3.686582326889038,0
2,4.711847305297852,3
3,3.3027215003967285,6
1,3.2554125785827637,4
0,3.8794257640838623,9
0,3.438155174255371,2
1,3.680936098098755,0
3,3.2723875045776367,8
2,4.707604885101318,3
1,3.2173211574554443,6
3,4.193284034729004,1
0,3.4481942653656006,7
2,3.9049627780914307,5
2,3.877626895904541,9
1,3.4372971057891846,2
0,4.706904888153076,3
3,3.2715296745300293,8
1,3.9057114124298096,5
3,3.2305655479431152,4
2,3.4424047470092773,7
0,4.184711456298828,1
1,3.874842643737793,9
0,3.6737728118896484,0
2,3.217270851135254,6
3,3.217271566390991,6
2,3.443361759185791,2
1,3.668163299560547,0
3,3.9080872535705566,5
0,3.2766032218933105,8
0,4.1764678955078125,1
2,4.697858810424805,3
3,3.218062400817871,4
1,3.4364209175109863,7
1,3.2781639099121094,8
3,3.666820526123047,0
0,3.217219352722168,6
2,3.218048334121704,4
2,3.869630813598633,9
1,3.434856414794922,7
3,3.9099645614624023,5
0,4.174675464630127,1
3,3.8674848079681396,9
0,3.448852062225342,2
1,3.661407709121704,0
2,4.6947808265686035,3
1,3.216923713684082,6
2,3.2995190620422363,4
3,3.9093003273010254,5
0,4.694781303405762,3
1,3.448852062225342,2
3,3.2777018547058105,8
0,4.170325756072998,1
2,3.432281732559204,7
1,3.276874542236328,8
0,4.693266868591309,3
2,3.2954094409942627,4
3,3.431853771209717,7
0,3.8651885986328125,9
3,4.164604187011719,1
2,3.907362222671509,5
1,3.450920820236206,2
2,3.907362461090088,5
0,3.8651885986328125,9
1,3.6573173999786377,0
3,3.216256856918335,6
3,4.692671775817871,3
0,3.216257095336914,6
2,3.471653938293457,7
1,3.293463706970215,4
0,3.4522624015808105,2
2,3.653122901916504,0
3,4.159326076507568,1
1,3.2754197120666504,8
3,3.8625736236572266,9
2,3.214813232421875,6
0,3.653261661529541,0
1,4.690401554107666,3
1,3.275376558303833,8
3,3.4703221321105957,7
0,3.906512498855591,5
2,3.4524130821228027,2
1,3.8590681552886963,9
2,3.2859253883361816,4
0,4.688379764556885,3
3,4.155312538146973,1
2,3.2135798931121826,6
3,3.2735586166381836,8
0,4.153933048248291,1
1,3.285374402999878,4
2,3.453616142272949,2
1,3.905437707901001,5
0,3.6490564346313477,0
3,3.467597484588623,7
2,3.2125964164733887,6
1,3.904717206954956,5
0,3.4671437740325928,7
3,3.2826685905456543,4
2,3.645270824432373,0
3,4.149796485900879,1
1,3.8545773029327393,9
0,3.455392599105835,2
0,3.272463321685791,8
3,3.211709499359131,6
1,3.9017767906188965,5
2,4.685564994812012,3
0,3.8517489433288574,9
3,4.144688129425049,1
1,3.4648609161376953,7
2,3.6412353515625,0
0,3.4571971893310547,2
3,3.271292209625244,8
1,4.685140609741211,3
2,3.2772669792175293,4
3,3.641235113143921,0
0,3.4648523330688477,7
2,4.144683837890625,1
1,3.898505449295044,5
2,3.20950984954834,6
3,3.2747488021850586,4
0,3.850800037384033,9
1,3.2700114250183105,8
3,3.2083208560943604,6
1,4.6839799880981445,3
0,3.4588654041290283,2
2,3.2731432914733887,4
0,4.6839799880981445,3
2,3.4588654041290283,2
3,3.637023448944092,0
1,3.2696497440338135,8
0,3.4649808406829834,7
1,4.136803150177002,1
2,3.8967020511627197,5
3,3.848832845687866,9
3,3.4612679481506348,2
1,3.8961751461029053,5
2,3.633244037628174,0
0,4.131821632385254,1
3,3.2071290016174316,6
1,3.465456247329712,7
0,3.268623113632202,8
2,3.267896890640259,4
2,3.8464643955230713,9
0,3.206684112548828,6
1,3.633244037628174,0
3,4.682581901550293,3
3,3.842942237854004,9
2,3.266404628753662,8
0,3.89276385307312,5
1,3.2611732482910156,4
3,4.680082321166992,3
2,3.468230724334717,7
0,4.699786186218262,1
1,3.4641289710998535,2
0,3.6272106170654297,0
3,3.892763614654541,5
1,4.680082321166992,3
2,3.266404151916504,8
3,3.4646310806274414,2
1,3.2019662857055664,6
0,4.694456100463867,1
2,3.258028984069824,4
0,3.264941930770874,8
3,3.200916290283203,6
2,3.8402786254882812,9
1,3.4702160358428955,7
3,3.8402702808380127,9
1,3.4702091217041016,7
2,3.620821475982666,0
0,3.465686082839966,2
0,3.8935012817382812,5
1,4.676437854766846,3
3,3.2554731369018555,4
2,4.69195556640625,1
1,3.197263717651367,6
2,3.8903377056121826,5
3,3.4716720581054688,7
0,3.252443790435791,4
3,3.6154398918151855,0
1,3.2612810134887695,8
2,3.838153839111328,9
0,4.675098896026611,3
3,4.686074256896973,1
2,3.6154863834381104,0
0,3.4627580642700195,2
1,3.838005542755127,9
0,4.681075572967529,1
1,3.4593451023101807,2
3,3.4733967781066895,7
2,3.251405954360962,4
3,3.8890039920806885,5
0,3.260082244873047,8
1,4.673247814178467,3
2,3.1938369274139404,6
3,3.8923020362854004,5
1,3.458275318145752,2
2,4.671966552734375,3
0,3.2488040924072266,4
3,4.6769633293151855,1
2,3.1916089057922363,6
1,3.835209369659424,9
0,3.474738597869873,7
2,3.8898935317993164,5
0,3.2598612308502197,8
1,3.605905055999756,0
3,3.1911122798919678,6
1,3.473649024963379,7
3,4.408239364624023,3
2,4.676121234893799,1
0,3.455763578414917,2
3,3.833803653717041,9
0,3.57548451423645,0
2,3.568253993988037,4
1,3.2592015266418457,8
1,4.405221939086914,3
2,3.4765617847442627,7
0,3.88995361328125,5
3,3.833509922027588,9
1,4.671141624450684,1
2,3.186610698699951,6
3,3.564749240875244,4
0,3.57559871673584,0
0,3.473515033721924,2
3,3.2597146034240723,8
2,4.665950775146484,1
1,4.408699035644531,3
2,3.4736673831939697,2
1,3.4709081649780273,7
0,3.25968074798584,8
3,3.570971727371216,0
0,3.1848087310791016,6
1,3.831563711166382,9
3,3.562192916870117,4
2,3.8922603130340576,5
0,3.5673635005950928,0
1,3.18377423286438,6
3,4.41171407699585,3
2,4.660552978515625,1
3,3.4720797538757324,2
0,3.467444896697998,7
1,3.8895106315612793,5
2,3.260664463043213,8
1,3.8303675651550293,9
0,3.5618972778320312,4
3,4.411340713500977,3
2,3.8303675651550293,9
1,3.888308048248291,5
0,3.2609331607818604,8
2,3.564375877380371,0
3,3.4639739990234375,7
0,4.654937744140625,1
2,3.4705328941345215,2
3,3.5665860176086426,4
1,3.1825976371765137,6
3,3.888258457183838,5
1,3.1825973987579346,6
0,3.5665626525878906,4
2,3.968067169189453,9
1,3.259225368499756,8
0,4.650985240936279,1
2,3.5631699562072754,0
3,3.462843179702759,7
1,4.4186906814575195,3
0,4.648928642272949,1
3,3.468564987182617,2
2,3.460468292236328,7
1,3.561399459838867,0
3,3.5634117126464844,4
0,3.9656178951263428,9
2,4.4186906814575195,3
3,3.1799838542938232,6
1,3.2596383094787598,8
0,3.890814781188965,5
2,3.4677977561950684,2
3,3.1787734031677246,6
0,4.64418363571167,1
1,3.5596630573272705,4
2,3.4567999839782715,7
3,3.4671707153320312,2
2,3.55856990814209,0
1,3.9616899490356445,9
0,3.8890302181243896,5
3,3.2584357261657715,8
0,4.422053813934326,3
1,3.9616899490356445,9
2,4.422054290771484,3
0,3.454838991165161,7
1,3.5554537773132324,0
2,3.175917863845825,6
3,3.5563135147094727,4
1,3.2565078735351562,8
0,3.4666619300842285,2
2,4.639843940734863,1
3,3.888491153717041,5
3,3.5554542541503906,0
0,3.4666624069213867,2
1,3.1759181022644043,6
2,3.556290864944458,4
3,4.425258636474609,3
0,3.889620780944824,5
1,3.9555177688598633,9
2,3.45430326461792,7
0,3.253838062286377,8
1,3.955230712890625,9
3,4.636262893676758,1
2,3.253838539123535,8
1,3.5522148609161377,0
0,3.170316696166992,6
3,3.453960418701172,7
2,3.5523149967193604,4
1,4.635478496551514,1
3,3.4656620025634766,2
0,3.891801595687866,5
2,4.493542671203613,3
0,3.5489754676818848,0
1,4.495982646942139,3
3,3.550464630126953,4
2,3.45463228225708,7
0,3.9525322914123535,9
3,4.631495475769043,1
1,3.2516093254089355,8
2,3.889437437057495,5
2,3.165370464324951,6
1,4.631495475769043,1
0,3.889437198638916,5
3,3.466782569885254,2
1,3.4668643474578857,2
3,3.250016689300537,8
0,3.5463876724243164,4
2,3.5462167263031006,0
2,3.9503555297851562,9
1,4.491901397705078,3
3,3.455390453338623,7
0,3.1608967781066895,6
1,3.950355291366577,9
0,4.628561973571777,1
3,4.491901397705078,3
2,3.5450174808502197,4
3,3.159733295440674,6
0,3.545999050140381,0
1,3.891620635986328,5
2,3.24920654296875,8
0,4.490969657897949,3
1,3.1564488410949707,6
3,3.4573862552642822,7
2,3.4677727222442627,2
1,3.467815637588501,2
3,3.543673038482666,0
0,3.8892335891723633,5
2,3.542842388153076,4
3,3.948434829711914,9
0,3.2484848499298096,8
1,4.625109672546387,1
2,3.4568941593170166,7
1,3.1534461975097656,6
2,3.468660354614258,2
3,3.8878350257873535,5
0,3.4529643058776855,7
3,4.621868133544922,1
0,3.2489404678344727,8
1,4.493457794189453,3
2,3.94724702835083,9
3,3.541273832321167,0
0,3.541273355484009,0
1,3.540909767150879,4
2,3.540909767150879,4
0,3.887443780899048,5
3,3.2494008541107178,8
1,3.1512537002563477,6
2,4.496160984039307,3
1,3.466862678527832,2
3,4.618626117706299,1
2,3.448946952819824,7
0,3.945789337158203,9
3,3.9449892044067383,9
0,3.538653612136841,0
2,3.448044538497925,7
1,3.248539447784424,8
3,4.49553108215332,3
1,3.464621067047119,2
0,3.5375938415527344,4
2,3.98260498046875,5
2,3.149933338165283,6
3,4.615260601043701,1
1,3.24987530708313,8
0,3.149932622909546,6
3,3.464621067047119,2
1,4.495505332946777,3
0,4.615260124206543,1
2,3.537569284439087,4
1,3.9429759979248047,9
3,3.529572010040283,0
2,3.983597993850708,5
0,3.4458584785461426,7
1,4.612502574920654,1
0,3.169609785079956,6
2,3.983597755432129,5
3,3.534703016281128,4
3,3.942976474761963,9
1,3.5295722484588623,0
0,4.492570877075195,3
2,3.25055193901062,8
1,4.491443634033203,3
2,3.4448256492614746,7
3,3.4622011184692383,2
0,3.168577194213867,6
0,3.46246337890625,2
1,3.9412403106689453,9
3,3.526916027069092,0
2,4.6086530685424805,1
1,3.2522644996643066,8
3,3.9850635528564453,5
0,3.440154552459717,7
2,3.5319063663482666,4
1,3.2522644996643066,8
0,3.9850645065307617,5
2,3.526897668838501,0
3,3.531332015991211,4
2,4.970127582550049,1
1,3.4359374046325684,7
0,4.493086814880371,3
3,3.9404244422912598,9
1,3.5254082679748535,0
2,3.166013479232788,6
0,3.983919620513916,5
3,3.4343910217285156,2
2,3.166013717651367,6
1,3.2539215087890625,8
3,3.9402546882629395,9
0,4.970096588134766,1
1,4.492789268493652,3
0,3.4343912601470947,2
2,3.435739040374756,7
3,3.5295639038085938,4
1,3.4343910217285156,2
0,4.970096588134766,1
2,3.983907461166382,5
3,3.435739040374756,7
0,4.494119644165039,3
1,3.5237081050872803,0
2,3.256734609603882,8
3,3.9397192001342773,9
1,3.4348130226135254,2
0,3.143014907836914,6
3,3.528629779815674,4
2,3.143014430999756,6
0,3.528629779815674,4
3,3.983320713043213,5
1,4.494120121002197,3
2,4.967469692230225,1
3,3.2560439109802246,8
2,3.5236878395080566,0
1,3.939239978790283,9
0,3.4275224208831787,7
0,3.5217580795288086,0
2,3.984041213989258,5
3,4.49554443359375,3
1,3.5271244049072266,4
2,3.139759063720703,6
1,3.939079999923706,9
0,3.2586216926574707,8
3,4.966864585876465,1
3,3.435506582260132,2
1,4.495466709136963,3
0,3.4209442138671875,7
2,3.5269527435302734,4
3,3.257615327835083,8
2,3.938349723815918,9
0,3.520402431488037,0
1,3.985281229019165,5
0,4.9653215408325195,1
3,3.415395498275757,7
2,3.137465000152588,6
1,3.4366002082824707,2
0,3.9379937648773193,9
3,3.5150132179260254,0
1,3.414364814758301,7
2,3.9868016242980957,5
1,3.2602665424346924,8
2,4.963650703430176,1
3,4.498251914978027,3
0,3.521247386932373,4
0,3.6114256381988525,2
3,3.40950870513916,7
2,3.1352648735046387,6
1,3.5201478004455566,4
0,4.499790191650391,3
1,4.96176815032959,1
2,3.5197551250457764,0
3,3.9867048263549805,5
1,3.607848882675171,2
2,3.1334645748138428,6
3,3.645702362060547,8
0,3.934218406677246,9
0,4.499241828918457,3
1,3.6041157245635986,2
3,3.6468758583068848,8
2,4.9615864753723145,1
1,3.5133261680603027,4
2,3.993223190307617,5
3,3.1519863605499268,6
0,3.4005486965179443,7
3,3.6484618186950684,8
0,3.932961940765381,9
1,3.932962417602539,9
2,3.507276773452759,0
0,3.507308006286621,0
2,3.5980210304260254,2
3,3.5099711418151855,4
1,3.994379997253418,5
3,4.958568572998047,1
1,3.1477065086364746,6
2,4.497397422790527,3
0,3.3945255279541016,7
2,3.5074939727783203,4
3,3.147706985473633,6
0,3.993821620941162,5
1,3.6476988792419434,8
3,3.5434460639953613,2
0,3.931126117706299,9
2,4.497031211853027,3
1,3.393958568572998,7
0,3.5434458255767822,2
1,4.957770824432373,1
3,5.349332809448242,0
2,3.9311256408691406,9
3,3.5044374465942383,4
1,3.393958568572998,7
2,4.497031211853027,3
0,3.6477580070495605,8
0,3.1449055671691895,6
1,5.349248886108398,0
3,3.9955906867980957,5
2,4.956945896148682,1
3,5.345164775848389,0
1,3.542208671569824,2
0,4.955489158630371,1
2,3.6470749378204346,8
3,4.4970197677612305,3
2,3.9945733547210693,5
0,3.5001792907714844,4
1,3.144395351409912,6
2,3.647066593170166,8
1,3.929762840270996,9
0,3.5001511573791504,4
3,3.3933441638946533,7
0,5.345081806182861,0
3,3.5415899753570557,2
2,3.1438279151916504,6
1,3.9960670471191406,5
2,3.9285993576049805,9
1,4.953505039215088,1
0,4.496878623962402,3
3,3.3934578895568848,7
1,3.5411317348480225,2
2,3.928600311279297,9
0,3.142904758453369,6
3,3.645533323287964,8
1,4.953505516052246,1
3,3.9951372146606445,5
0,3.3934578895568848,7
2,3.496932029724121,4
0,3.5402417182922363,2
1,5.341575622558594,0
3,5.341575622558594,0
2,4.495950698852539,3
3,3.996852397918701,5
2,3.493814468383789,4
1,3.643073797225952,8
0,4.496707439422607,3
2,4.951525688171387,1
0,3.141043186187744,6
3,3.3932838439941406,7
1,3.9272212982177734,9
0,3.3932838439941406,7
3,3.643075704574585,8
1,3.99686861038208,5
2,3.9272212982177734,9
0,5.336355686187744,0
3,3.1399736404418945,6
2,4.949095726013184,1
1,4.496738433837891,3
0,3.539252996444702,2
2,3.1399097442626953,6
3,3.3951330184936523,7
1,3.4903712272644043,4
1,3.640219211578369,8
0,5.335799217224121,0
3,4.9490580558776855,1
2,4.496825218200684,3
0,3.538156032562256,2
3,3.923797845840454,9
2,3.4892172813415527,4
1,4.000915050506592,5
3,3.6369388103485107,8
1,3.137930393218994,6
0,3.9998483657836914,5
2,3.3952999114990234,7
1,5.333089828491211,0
2,4.496982097625732,3
0,4.945035934448242,1
3,3.486928939819336,4
3,3.5381581783294678,2
0,3.922004222869873,9
1,3.921271324157715,9
2,3.3948230743408203,7
3,4.940913677215576,1
1,5.331724166870117,0
2,4.498167991638184,3
0,3.633582592010498,8
3,4.0009942054748535,5
2,3.137115478515625,6
0,3.483761787414551,4
1,3.5388569831848145,2
3,3.5388684272766113,2
1,3.918595314025879,9
2,5.331295967102051,0
0,4.000982284545898,5
0,3.4828333854675293,4
2,3.1362624168395996,6
3,3.395191192626953,7
1,4.497241497039795,3
0,4.93715763092041,1
1,3.6299099922180176,8
2,3.914921283721924,9
3,4.93715763092041,1
3,3.1358766555786133,6
0,3.5390796661376953,2
1,4.499131202697754,3
2,3.4790353775024414,4
3,3.629892587661743,8
1,5.329212188720703,0
0,3.3965210914611816,7
2,4.0034003257751465,5
0,3.3974239826202393,7
2,3.9114530086517334,9
1,3.627070426940918,8
3,4.933643341064453,1
1,5.326353073120117,0
0,3.4749808311462402,4
2,3.1340155601501465,6
3,3.538726568222046,2
3,4.497313976287842,3
1,4.006697654724121,5
2,3.4749624729156494,4
0,3.6269707679748535,8
3,4.00815486907959,5
0,5.325272083282471,0
1,3.5375423431396484,2
2,4.932335376739502,1
3,4.496099948883057,3
1,3.132131576538086,6
0,3.3998665809631348,7
2,3.909120559692383,9
1,3.62479829788208,8
2,4.006887435913086,5
3,3.4714291095733643,4
0,4.930783271789551,1
1,4.495576858520508,3
3,3.1316652297973633,6
0,3.399397373199463,7
2,5.323238372802734,0
1,3.539327621459961,2
3,5.319914817810059,0
0,3.539327621459961,2
2,3.9065887928009033,9
0,4.927809715270996,1
1,3.401960611343384,7
3,3.4664418697357178,4
2,3.6228153705596924,8
1,4.495138168334961,3
3,3.130876064300537,6
0,3.9065887928009033,9
2,4.00709342956543,5
2,3.4011473655700684,7
0,3.537788152694702,2
1,5.318322658538818,0
3,3.9053139686584473,9
0,4.925224781036377,1
1,3.4616901874542236,4
2,4.49327278137207,3
3,3.1280159950256348,6
2,3.4035000801086426,7
3,3.619037628173828,8
1,3.619037389755249,8
0,4.009278774261475,5
0,4.492375373840332,3
3,4.008234977722168,5
1,3.9021053314208984,9
2,3.4586081504821777,4
1,4.923046588897705,1
3,3.5377187728881836,2
0,5.312049865722656,0
2,3.1254773139953613,6
1,3.616145133972168,8
0,3.409330129623413,7
3,4.009210586547852,5
2,3.1241941452026367,6
0,3.535891056060791,2
3,4.491569519042969,3
2,3.4547955989837646,4
1,3.899843215942383,9
3,3.12398624420166,6
2,5.308586597442627,0
0,3.899843215942383,9
1,4.919583797454834,1
3,4.490776062011719,3
0,5.308596134185791,0
1,3.6153781414031982,8
2,3.535109043121338,2
1,4.9162187576293945,1
3,4.010514259338379,5
2,3.411555290222168,7
0,3.451596260070801,4
2,4.490788459777832,3
1,4.916219234466553,1
0,5.305243492126465,0
3,3.451277732849121,4
1,3.611887216567993,8
3,3.1213269233703613,6
0,3.4107298851013184,7
2,3.532560110092163,2
2,3.894529104232788,9
3,4.011779308319092,5
0,4.913458824157715,1
1,4.011779308319092,5
1,3.4133479595184326,7
3,3.8944902420043945,9
0,4.490328788757324,3
2,3.611448287963867,8
2,5.299982070922852,0
1,3.119020462036133,6
0,3.445584297180176,4
3,3.5292882919311523,2
3,4.015528678894043,5
2,3.89107608795166,9
1,3.4444310665130615,4
0,5.297604084014893,0
0,3.528183698654175,2
3,3.4152982234954834,7
1,3.1179418563842773,6
2,4.90993595123291,1
3,3.4182891845703125,7
1,4.908297061920166,1
2,3.6062397956848145,8
0,4.48719596862793,3
3,3.8889594078063965,9
0,4.486872673034668,3
2,3.524740695953369,2
1,3.6062397956848145,8
3,5.293206214904785,0
0,4.016817092895508,5
1,3.4418087005615234,4
2,3.1161856651306152,6
1,3.6048922538757324,8
0,3.417349338531494,7
3,3.114576578140259,6
2,4.906888484954834,1
0,4.48494815826416,3
3,3.439124584197998,4
1,4.020671844482422,5
2,5.2899580001831055,0
3,4.48492956161499,3
2,3.5379385948181152,2
0,3.8867805004119873,9
1,3.4175078868865967,7
3,4.025537490844727,5
0,3.884983539581299,9
1,5.2884368896484375,0
2,3.436495780944824,4
3,3.5345685482025146,2
1,3.6036956310272217,8
0,3.1124777793884277,6
2,4.905444145202637,1
0,3.6036953926086426,8
1,3.1124768257141113,6
3,3.8845982551574707,9
2,3.5345680713653564,2
1,4.905444622039795,1
3,5.286619186401367,0
0,3.4164319038391113,7
2,3.4343552589416504,4
0,3.4158051013946533,7
1,4.478902816772461,3
2,4.0298309326171875,5
3,3.4331276416778564,4
1,3.5320491790771484,2
0,3.602471351623535,8
2,4.478902816772461,3
3,3.8825955390930176,9
3,4.034375190734863,5
0,5.2838826179504395,0
2,4.901063919067383,1
1,3.1107654571533203,6
2,3.5293829441070557,2
1,3.601590394973755,8
0,3.4303383827209473,4
3,4.899381160736084,1
3,3.1093294620513916,6
1,4.0346150398254395,5
0,5.280998229980469,0
2,4.47723388671875,3
3,3.8804478645324707,9
0,5.280998229980469,0
2,3.8804478645324707,9
1,3.4125821590423584,7
3,4.897226333618164,1
0,3.599900722503662,8
2,4.0393595695495605,5
1,3.5278961658477783,2
2,4.475813865661621,3
1,3.1080069541931152,6
3,3.4262523651123047,4
0,3.409376859664917,7
1,5.278636455535889,0
3,3.108006477355957,6
0,3.8781118392944336,9
2,4.475813865661621,3
3,4.043747901916504,5
0,3.408097267150879,7
1,3.4248759746551514,4
2,4.895359039306641,1
3,3.5265700817108154,2
1,4.044653415679932,5
0,4.474965572357178,3
2,3.600132465362549,8
3,5.276759624481201,0
1,3.5265674591064453,2
0,3.875755786895752,9
2,3.6001334190368652,8
0,4.893737316131592,1
3,3.107062339782715,6
2,3.40277099609375,7
1,3.422482490539551,4
2,3.3970820903778076,7
1,3.1044976711273193,6
0,3.419635772705078,4
3,4.892437934875488,1
3,3.874321460723877,9
1,5.273390769958496,0
2,3.5240273475646973,2
0,4.4735636711120605,3
3,3.5992560386657715,8
0,4.049529075622559,5
2,3.5992565155029297,8
1,3.874321460723877,9
1,4.473123550415039,3
2,5.270450592041016,0
3,3.521944999694824,2
0,3.392561435699463,7
3,4.890222072601318,1
0,4.055049419403076,5
2,3.102931499481201,6
1,3.4162240028381348,4
3,4.890195846557617,1
0,3.59794020652771,8
2,5.2704362869262695,0
1,3.10296630859375,6
1,3.5203757286071777,2
0,3.3910343647003174,7
3,3.869710922241211,9
2,3.4145877361297607,4
3,3.5066397190093994,2
0,5.26824426651001,0
1,4.472352027893066,3
2,4.061345100402832,5
0,4.061343669891357,5
1,3.388793468475342,7
2,4.472352981567383,3
3,3.412895441055298,4
0,3.1010429859161377,6
2,4.887955665588379,1
1,3.59550142288208,8
3,3.868471622467041,9
1,3.408245801925659,4
3,3.0989913940429688,6
0,4.471371173858643,3
2,4.885415077209473,1
1,3.505295753479004,2
0,3.593080520629883,8
3,3.384882926940918,7
2,3.865041732788086,9
3,4.0681352615356445,5
2,5.2654876708984375,0
0,3.865041732788086,9
1,3.505295515060425,2
3,3.591704845428467,8
0,5.265534400939941,0
2,3.0975661277770996,6
1,3.383446216583252,7
1,4.4708356857299805,3
3,4.884019374847412,1
0,4.0748443603515625,5
2,3.4040021896362305,4
0,4.074836254119873,5
1,4.883992671966553,1
2,3.0969252586364746,6
3,4.470817565917969,3
0,5.26185417175293,0
3,3.4025321006774902,4
2,3.5893197059631348,8
1,3.860274314880371,9
3,3.378131866455078,7
0,3.497816801071167,2
1,3.3781321048736572,7
2,4.471643447875977,3
3,5.2574615478515625,0
0,3.497817039489746,2
2,4.883394241333008,1
1,3.8576114177703857,9
0,3.5881640911102295,8
1,3.3978800773620605,4
2,4.082219123840332,5
3,3.0946192741394043,6
3,4.47022008895874,3
1,3.093282699584961,6
2,3.396439552307129,4
0,3.5867838859558105,8
1,4.882686138153076,1
0,5.2541351318359375,0
2,3.4949114322662354,2
3,3.854508876800537,9
2,3.5861716270446777,8
3,3.372097969055176,7
0,4.089846134185791,5
1,4.089846611022949,5
1,3.093066692352295,6
0,4.882686138153076,1
3,3.393287420272827,4
2,3.4949111938476562,2
0,5.252108573913574,0
3,4.472424507141113,3
1,3.3684470653533936,7
2,3.852790355682373,9
3,4.092634201049805,5
0,3.5850751399993896,8
1,3.092280864715576,6
2,3.493947982788086,2
3,5.252108573913574,0
1,3.3684468269348145,7
0,4.881291389465332,1
2,3.390195369720459,4
2,4.472270965576172,3
1,3.851389169692993,9
0,4.096004009246826,5
3,3.3880085945129395,4
0,3.8506693840026855,9
2,4.473200798034668,3
3,3.0914289951324463,6
1,3.4929068088531494,2
2,3.583983898162842,8
1,3.3652801513671875,7
0,5.2498040199279785,0
3,4.8801069259643555,1
1,3.583454132080078,8
3,3.3851170539855957,4
0,5.248559951782227,0
2,4.472640514373779,3
3,3.4920926094055176,2
0,3.0906572341918945,6
2,3.362765312194824,7
1,4.878927707672119,1
1,4.096723556518555,5
3,3.8491759300231934,9
0,4.096723556518555,5
2,3.381500720977783,4
3,3.09041428565979,6
2,3.4918177127838135,2
1,4.473886966705322,3
0,3.8491268157958984,9
0,3.583604335784912,8
3,5.245170593261719,0
1,4.878816604614258,1
2,3.35756254196167,7
2,3.0902085304260254,6
3,4.475883960723877,3
1,3.491173267364502,2
0,3.583599090576172,8
2,5.245146751403809,0
1,4.097012519836426,5
3,3.8485889434814453,9
0,3.378955602645874,4
0,4.879229545593262,1
2,3.353644847869873,7
1,3.353644847869873,7
3,3.373750925064087,4
1,3.4911141395568848,2
0,4.097679138183594,5
2,3.583928108215332,8
3,3.0896811485290527,6
3,4.878790378570557,1
1,4.477402687072754,3
0,5.2422308921813965,0
2,3.8475372791290283,9
3,3.4895310401916504,2
1,4.478113174438477,3
0,3.3523011207580566,7
2,3.3723299503326416,4
3,5.239788055419922,0
0,3.089097261428833,6
2,3.5828990936279297,8
1,4.876262664794922,1
0,3.8459115028381348,9
2,5.239763259887695,0
3,3.8459115028381348,9
1,4.099216938018799,5
3,4.100919246673584,5
0,4.875025749206543,1
2,3.0884032249450684,6
1,3.5814733505249023,8
2,3.3470702171325684,7
0,4.479872226715088,3
3,3.365398645401001,4
1,3.4916648864746094,2
3,3.3470702171325684,7
0,3.581862449645996,8
2,3.8448662757873535,9
1,4.47987174987793,3
0,5.237042427062988,0
3,3.491128444671631,2
1,4.8736653327941895,1
2,3.364777088165283,4
3,3.085777759552002,6
1,5.235544204711914,0
0,3.49247407913208,2
2,4.1000261306762695,5
1,3.580146074295044,8
0,3.085777521133423,6
2,4.48048734664917,3
3,3.843996524810791,9
1,4.871254920959473,1
3,3.3620309829711914,4
2,4.099964141845703,5
0,3.3442046642303467,7
3,3.8434877395629883,9
1,4.869561195373535,1
0,3.5792407989501953,8
2,3.3587417602539062,4
3,5.2328572273254395,0
0,3.49212646484375,2
2,3.083113670349121,6
1,4.100113868713379,5
0,3.5792407989501953,8
1,3.3414931297302246,7
3,4.481210231781006,3
2,3.8434858322143555,9
2,3.4912757873535156,2
3,5.2276105880737305,0
1,3.355921506881714,4
0,4.868703842163086,1
0,3.0805253982543945,6
3,4.09930944442749,5
1,4.4818949699401855,3
2,3.3388378620147705,7
2,3.8432421684265137,9
3,3.0805253982543945,6
1,3.3388381004333496,7
0,4.099309921264648,5
1,3.490865468978882,2
2,4.868305206298828,1
3,4.481473445892334,3
0,5.227528095245361,0
3,3.5260651111602783,7
2,3.577483654022217,8
1,3.577484130859375,8
0,3.928621292114258,4
1,3.4908370971679688,2
0,3.076451539993286,6
2,5.22250509262085,0
3,3.9285688400268555,4
2,4.866827487945557,1
3,3.8421268463134766,9
1,4.482180118560791,3
0,4.101498603820801,5
3,3.0726466178894043,6
1,3.4896717071533203,2
0,3.523934841156006,7
2,3.9249911308288574,4
0,4.483909606933594,3
2,3.8413314819335938,9
3,3.5758233070373535,8
1,4.100436210632324,5
0,5.2178449630737305,0
1,4.865704536437988,1
3,4.865704536437988,1
2,5.2178449630737305,0
1,4.483813762664795,3
3,4.0988688468933105,5
0,3.840754747390747,9
2,3.4895222187042236,2
3,3.921186923980713,4
2,3.5231361389160156,7
0,3.0790371894836426,6
1,3.575377941131592,8
0,5.21307373046875,0
3,3.8406691551208496,9
2,4.48366641998291,3
1,4.866039276123047,1
1,3.489899158477783,2
3,3.521749496459961,7
0,3.074751138687134,6
2,3.305950164794922,8
0,5.207836151123047,0
1,4.48407506942749,3
3,3.9171864986419678,4
2,4.102040767669678,5
1,4.86566686630249,1
0,3.4899001121520996,2
3,3.5216524600982666,7
2,3.305933952331543,8
2,4.101452827453613,5
1,3.0708911418914795,6
0,3.8386497497558594,9
3,3.9139084815979004,4
1,4.485415458679199,3
0,5.201720714569092,0
3,3.912764549255371,4
2,3.0690500736236572,6
3,4.866494655609131,1
0,3.839036464691162,9
2,3.4892170429229736,2
1,3.5213069915771484,7
3,3.3060145378112793,8
2,4.866430759429932,1
1,4.099350452423096,5
0,3.3060150146484375,8
1,3.4891414642333984,2
0,5.196282386779785,0
3,3.06318736076355,6
2,3.5219273567199707,7
0,3.8389744758605957,9
3,4.09627103805542,5
1,4.484217643737793,3
2,3.9091286659240723,4
3,3.83894681930542,9
0,3.0630006790161133,6
1,3.908843994140625,4
2,4.867551326751709,1
2,4.484382152557373,3
3,3.5210423469543457,7
0,4.093178749084473,5
1,3.3088111877441406,8
0,4.869322776794434,1
2,3.4855520725250244,2
1,5.281275272369385,0
3,4.093097686767578,5
0,3.520674467086792,7
1,3.903693675994873,4
3,3.3085694313049316,8
2,3.8393232822418213,9
3,5.271938323974609,0
1,3.4810714721679688,2
2,3.0530319213867188,6
0,4.485708713531494,3
3,4.485708713531494,3
1,5.271937370300293,0
0,3.0530319213867188,6
2,3.5207061767578125,7
0,3.4810681343078613,2
2,3.8392248153686523,9
3,4.871830940246582,1
1,3.311638832092285,8
1,3.891059160232544,4
3,3.3129611015319824,8
2,3.0484819412231445,6
0,4.088597297668457,5
3,3.837411880493164,9
0,4.088596343994141,5
1,3.5223875045776367,7
2,4.87264347076416,1
3,4.486164569854736,3
0,5.265620231628418,0
2,3.477858543395996,2
1,3.890373468399048,4
3,3.045571804046631,6
0,3.477407693862915,2
1,4.089087963104248,5
2,4.869985580444336,1
3,3.3121471405029297,8
1,4.4876604080200195,3
0,3.88806414604187,4
2,3.8355493545532227,9
0,3.8355493545532227,9
2,5.262958526611328,0
1,3.5237324237823486,7
3,4.08908748626709,5
0,5.259502410888672,0
2,3.5256216526031494,7
1,4.488041400909424,3
3,3.4767284393310547,2
3,4.8672590255737305,1
2,3.043001413345337,6
1,3.8845431804656982,4
0,3.3119802474975586,8
3,4.487560749053955,3
0,5.259492874145508,0
1,4.867249488830566,1
2,3.311971664428711,8
0,3.8336095809936523,9
3,3.039215564727783,6
1,4.082972526550293,5
2,3.8816099166870117,4
3,3.5275471210479736,7
0,4.082943916320801,5
1,3.527548313140869,7
2,3.4672913551330566,2
0,3.833576202392578,9
1,3.039266586303711,6
2,3.4672913551330566,2
3,3.311864137649536,8
2,4.862476348876953,1
0,5.252770900726318,0
3,4.488098621368408,3
1,3.878676414489746,4
1,3.4668924808502197,2
3,5.251802444458008,0
0,4.080895900726318,5
2,3.035378932952881,6
0,3.3112998008728027,8
1,4.487807273864746,3
2,3.877866506576538,4
3,3.833066940307617,9
3,4.8622918128967285,1
0,3.5297021865844727,7
1,3.3108632564544678,8
2,5.251352787017822,0
1,3.031883716583252,6
2,4.860783576965332,1
0,4.485915184020996,3
3,3.8316829204559326,9
3,3.4666051864624023,2
2,3.5324835777282715,7
1,3.8745646476745605,4
0,4.079975605010986,5
3,3.3104171752929688,8
0,3.0315780639648438,6
1,3.532266616821289,7
2,4.485354423522949,3
1,5.244868278503418,0
2,3.8303463459014893,9
0,3.872082233428955,4
3,4.078194618225098,5
3,3.4662413597106934,2
1,4.85669469833374,1
0,3.535120964050293,7
2,3.8302385807037354,9
0,3.3093152046203613,8
2,3.02860689163208,6
3,3.4657046794891357,2
1,4.856174468994141,1
0,4.482491970062256,3
3,3.869986057281494,4
2,4.40450382232666,5
1,5.242459774017334,0
0,4.4824700355529785,3
3,4.404478549957275,5
1,3.8699474334716797,4
2,5.242436408996582,0
3,3.826519727706909,9
2,3.0242629051208496,6
0,3.5449113845825195,7
1,3.306654930114746,8
0,3.465932846069336,2
3,3.544780969619751,7
1,4.842230319976807,1
2,3.8669214248657227,4
1,4.842230319976807,1
0,4.40235710144043,5
2,4.478308200836182,3
3,5.238661289215088,0
2,3.307133197784424,8
3,3.826559543609619,9
1,3.465916395187378,2
0,3.023355007171631,6
3,4.8381218910217285,1
0,3.8256168365478516,9
1,4.40404748916626,5
2,4.476324081420898,3
3,3.4657719135284424,2
2,3.3063530921936035,8
0,3.021929979324341,6
1,3.865814208984375,4
0,5.236756324768066,0
2,4.837933540344238,1
1,5.236756801605225,0
3,3.543682098388672,7
3,3.0198419094085693,6
0,4.475438117980957,3
1,3.539128303527832,7
2,3.306055784225464,8
3,3.4661788940429688,2
0,4.406368255615234,5
1,3.8643484115600586,4
2,3.82419753074646,9
1,3.824197769165039,9
3,3.0198421478271484,6
0,4.475438117980957,3
2,3.8643484115600586,4
0,4.831214904785156,1
2,3.305469512939453,8
1,5.233849048614502,0
3,4.40815544128418,5
1,4.830902576446533,1
0,3.4668235778808594,2
2,3.4668235778808594,2
3,3.5354909896850586,7
1,3.8231544494628906,9
0,3.862691879272461,4
3,4.407954692840576,5
2,3.3054697513580322,8
2,3.013807773590088,6
1,5.231960773468018,0
3,4.472942352294922,3
0,3.5335497856140137,7
0,3.0127406120300293,6
3,4.827278137207031,1
1,5.231771469116211,0
2,4.4102983474731445,5
3,3.860867977142334,4
2,3.3046231269836426,8
0,4.472334384918213,3
1,3.532464027404785,7
0,5.231107234954834,0
1,3.4669337272644043,2
3,3.8208446502685547,9
2,3.4669337272644043,2
0,4.823963165283203,1
1,3.52978777885437,7
3,4.4135236740112305,5
2,3.820479393005371,9
2,3.322829246520996,8
3,3.0089688301086426,6
0,4.470314025878906,3
1,3.8573594093322754,4
2,3.5296926498413086,7
0,3.820446014404297,9
3,3.3228068351745605,8
1,4.8237738609313965,1
3,3.4694318771362305,2
1,4.417134761810303,5
0,4.468995094299316,3
2,3.853935480117798,4
2,5.226651668548584,0
0,3.3222432136535645,8
1,3.4694154262542725,2
3,3.0060081481933594,6
2,3.8527040481567383,4
0,3.5259621143341064,7
1,5.226659774780273,0
3,4.820261478424072,1
2,3.0023584365844727,6
1,4.422252655029297,5
3,4.467247486114502,3
0,3.816035747528076,9
2,3.4701385498046875,2
0,3.8159615993499756,9
3,3.00126314163208,6
1,3.522871971130371,7
1,4.466034889221191,3
3,3.321249008178711,8
0,5.2219343185424805,0
2,4.8151702880859375,1
2,4.427051544189453,5
3,4.8144426345825195,1
1,3.8443617820739746,4
0,3.5215554237365723,7
3,2.9983267784118652,6
2,3.4700913429260254,2
0,3.843567371368408,4
1,5.222018241882324,0
1,3.8102593421936035,9
3,4.43002986907959,5
0,4.464654445648193,3
2,3.322577476501465,8
3,3.8102588653564453,9
0,2.995948553085327,6
2,3.5197131633758545,7
1,3.8378024101257324,4
0,3.3225557804107666,8
3,4.430019378662109,5
1,3.4691407680511475,2
2,5.210232734680176,0
1,4.847369194030762,1
2,4.847369194030762,1
0,4.4854230880737305,3
3,4.46363639831543,5
1,3.362027168273926,8
2,5.234800815582275,0
0,3.8073136806488037,9
3,3.8672938346862793,4
0,3.4852750301361084,2
1,3.5180790424346924,7
2,2.9922404289245605,6
3,4.48538875579834,3
3,3.7989773750305176,9
2,2.989494800567627,6
0,3.5146679878234863,7
1,3.4845218658447266,2
3,3.3607687950134277,8
1,3.862401247024536,4
0,4.48615026473999,3
2,5.228543281555176,0
1,4.469066619873047,5
3,4.469066619873047,5
0,3.7989063262939453,9
2,4.844629287719727,1
0,3.319262981414795,8
3,2.9866342544555664,6
1,3.505751132965088,7
2,3.4668703079223633,2
0,5.189528465270996,0
3,4.46535062789917,3
2,4.807353973388672,1
1,3.8218564987182617,4
1,3.505631446838379,7
3,4.46522331237793,3
0,2.986633777618408,6
2,3.8217382431030273,4
2,3.915538787841797,9
3,5.185318946838379,0
1,3.319408416748047,8
0,4.806388854980469,1
0,3.4665000438690186,2
3,3.498598575592041,7
2,3.318789482116699,8
1,4.451826095581055,5
1,4.466163158416748,3
0,4.451826095581055,5
2,3.4664998054504395,2
3,4.805976390838623,1
1,2.980259418487549,6
0,3.913017749786377,9
3,5.179083824157715,0
2,3.8116555213928223,4
3,3.492434501647949,7
2,3.9126791954040527,9
0,3.3185043334960938,8
1,5.179082870483398,0
0,3.8095521926879883,4
3,2.9784865379333496,6
2,4.46528959274292,3
1,4.462268352508545,5
1,4.806233882904053,1
0,3.4518918991088867,2
3,3.4865562915802,7
2,4.463771343231201,5
1,3.4518918991088867,2
2,3.909604787826538,9
3,4.806234359741211,1
0,3.802833080291748,4
3,3.3185372352600098,8
2,2.9606027603149414,6
1,4.464888095855713,3
0,5.169425964355469,0
2,3.4641926288604736,2
3,3.8311471939086914,4
0,2.9583706855773926,6
1,3.361988067626953,8
1,4.842973232269287,1
0,4.498693466186523,5
3,4.48567008972168,3
2,3.482328414916992,7
2,5.153802394866943,0
3,3.3213794231414795,8
1,3.90388822555542,9
0,3.90388822555542,9
2,5.153802871704102,0
1,3.7896265983581543,4
3,4.806266784667969,1
0,2.9558892250061035,6
3,3.4437575340270996,2
1,3.478539228439331,7
2,4.4764909744262695,5
0,4.4627861976623535,3
0,2.9519739151000977,6
2,3.429647922515869,8
3,3.900326728820801,9
1,4.510995864868164,5
0,3.4748005867004395,7
3,3.8149609565734863,4
2,4.846689224243164,1
1,4.482102870941162,3
1,5.153170108795166,0
2,3.807579517364502,7
0,3.449294328689575,2
3,3.8975253105163574,9
2,3.8063364028930664,4
3,3.4327712059020996,8
1,2.948610305786133,6
0,3.4487133026123047,2
3,4.846999168395996,1
2,4.51579475402832,5
0,4.480302810668945,3
1,5.150170803070068,0
2,4.846998691558838,1
0,4.515800476074219,5
1,3.8059792518615723,4
3,3.8059821128845215,7
0,5.135692119598389,0
2,4.478669166564941,3
1,3.441619396209717,2
3,2.816586971282959,8
3,3.894022226333618,9
1,2.9453678131103516,6
0,2.816586494445801,8
2,3.7973203659057617,4
0,4.847122669219971,1
2,3.7961995601654053,7
1,4.522264003753662,5
3,2.9453682899475098,6
0,4.478557586669922,3
3,3.441680431365967,2
1,5.135774612426758,0
2,3.8939573764801025,9
2,5.1244354248046875,0
3,2.942572593688965,6
0,2.821136236190796,8
1,3.8915181159973145,9
1,4.844361305236816,1
0,3.4367635250091553,2
3,3.7907180786132812,4
2,4.477183818817139,3
3,3.8913772106170654,9
1,3.789102792739868,7
0,3.7904481887817383,4
2,4.531322479248047,5
1,3.4355435371398926,2
0,5.124502182006836,0
3,4.536801338195801,5
2,4.842344760894775,1
1,3.7795166969299316,7
2,4.47612190246582,3
0,2.829465627670288,8
3,2.9397196769714355,6
1,3.4281716346740723,2
0,3.8886616230010986,9
2,5.1101975440979,0
3,4.476120948791504,3
2,2.829465389251709,8
1,2.9397196769714355,6
0,3.782278537750244,4
3,4.843626976013184,1
2,4.543376922607422,5
0,2.828273057937622,8
3,4.54337739944458,5
1,3.7780818939208984,7
2,2.9380481243133545,6
1,4.837435722351074,1
0,3.775866985321045,4
3,4.475406646728516,3
2,5.100123405456543,0
3,3.885097026824951,9
1,3.7714686393737793,7
0,3.4205198287963867,2
0,3.8836514949798584,9
2,3.4163408279418945,2
3,3.768789529800415,4
1,5.090299129486084,0
3,3.767819881439209,7
0,2.8376553058624268,8
2,4.549700736999512,5
1,2.936650276184082,6
3,4.472332954406738,3
0,4.472332954406738,3
1,4.829493522644043,1
2,4.556560039520264,5
2,2.9344468116760254,6
0,3.7626075744628906,7
1,5.081221103668213,0
3,3.4111151695251465,2
3,2.841264009475708,8
2,4.826572895050049,1
0,4.090867042541504,9
1,3.7616567611694336,4
0,2.841172218322754,8
1,3.762260675430298,7
3,4.469926834106445,3
2,4.825718879699707,1
0,3.752392292022705,4
3,5.067458152770996,0
1,2.796036720275879,6
2,4.0863423347473145,9
3,4.561295032501221,5
1,3.5084118843078613,2
2,3.5084116458892822,2
0,3.752391815185547,4
1,2.849424362182617,8
0,5.066920757293701,0
2,4.086291313171387,9
3,2.795884132385254,6
3,4.82287073135376,1
2,4.568242073059082,5
0,3.752035140991211,7
1,4.5008320808410645,3
2,3.7456023693084717,7
0,4.569128036499023,5
3,2.856602430343628,8
1,5.054204940795898,0
0,5.228466987609863,1
2,4.499267578125,3
1,3.50083065032959,2
3,3.7435779571533203,4
0,4.0799970626831055,9
1,3.7440569400787354,7
3,2.7915282249450684,6
2,2.7915282249450684,6
0,5.019228935241699,0
1,3.7375998497009277,4
3,2.8594954013824463,8
2,4.494917869567871,3
3,5.019331932067871,0
2,3.7410852909088135,7
0,4.575989723205566,5
1,2.8593814373016357,8
2,4.494429588317871,3
0,5.223783493041992,1
1,4.0774827003479,9
3,3.4297034740448,2
0,4.077482223510742,9
1,4.494429588317871,3
2,2.790353298187256,6
3,3.737124443054199,4
2,3.4297749996185303,2
0,2.79042387008667,6
1,5.223854064941406,1
3,2.859452486038208,8
2,5.019284725189209,0
0,4.576102256774902,5
3,3.737083911895752,4
1,3.7410430908203125,7
2,5.019317626953125,0
1,4.494511604309082,3
3,4.576503753662109,5
0,3.7370119094848633,4
0,5.22231912612915,1
2,3.7405035495758057,7
3,2.860119342803955,8
1,3.4294686317443848,2
1,4.076053619384766,9
3,4.076054096221924,9
0,2.790010929107666,6
2,5.222140312194824,1
2,3.7403955459594727,7
1,2.860583782196045,8
3,3.7356245517730713,4
0,4.577170372009277,5
0,3.428849220275879,2
1,5.016721725463867,0
3,2.789684772491455,6
2,4.493435859680176,3
2,2.861064910888672,8
1,4.492732048034668,3
0,4.579311847686768,5
3,4.073948860168457,9
2,5.2192912101745605,1
1,5.014432430267334,0
3,2.7892444133758545,6
0,3.7398195266723633,7
2,3.4263734817504883,2
3,3.730508327484131,4
1,3.737055540084839,7
0,3.730508327484131,4
0,2.7873549461364746,6
2,3.425899028778076,2
1,4.102134704589844,9
3,2.865978717803955,8
2,4.488456726074219,3
1,4.7463836669921875,5
3,4.971972942352295,0
0,5.2150726318359375,1
3,4.972362518310547,0
0,3.7293076515197754,7
2,3.4360246658325195,2
1,2.785534143447876,6
1,4.683952331542969,3
3,5.212314128875732,1
2,4.750095844268799,5
0,2.8931024074554443,8
3,3.430921792984009,2
2,3.722071409225464,7
1,4.091564178466797,9
0,3.7125229835510254,4
3,4.684950828552246,3
2,4.925517559051514,0
0,2.781985282897949,6
1,4.088460922241211,9
3,5.208134651184082,1
0,2.905670404434204,8
2,4.7543768882751465,5
1,3.7122530937194824,4
2,5.2055864334106445,1
1,3.4216527938842773,2
3,3.708951473236084,7
0,4.754105567932129,5
1,4.684961318969727,3
3,2.779374599456787,6
2,4.078555583953857,9
0,3.704718828201294,4
0,3.4168357849121094,2
1,4.884450912475586,0
2,3.702279567718506,7
3,2.930093765258789,8
1,4.685436248779297,3
3,4.071616172790527,9
2,3.692878484725952,4
0,5.14648962020874,1
1,5.011270046234131,5
2,2.7746827602386475,6
0,3.1778955459594727,8
3,4.864349842071533,0
0,3.41117525100708,2
2,2.7743687629699707,6
3,4.0304388999938965,9
1,5.143213272094727,1
2,4.680388927459717,3
3,5.012572288513184,5
0,2.840721845626831,8
1,3.676253080368042,4
1,4.8474931716918945,0
2,4.8474931716918945,0
0,3.6955854892730713,7
3,3.6955862045288086,7
2,5.016372203826904,5
1,2.844906806945801,8
3,4.6758623123168945,3
0,3.6695716381073,4
2,4.022775650024414,9
0,2.903628349304199,6
3,5.135130882263184,1
1,3.3386075496673584,2
2,4.0201568603515625,9
1,4.674263000488281,3
0,2.9024016857147217,6
3,2.8578009605407715,8
0,5.128338813781738,1
1,5.024088382720947,5
2,3.6806931495666504,7
3,3.654128313064575,4
0,3.330571174621582,2
1,4.811766147613525,0
2,2.9556684494018555,8
3,3.652423858642578,4
0,4.672275543212891,3
2,4.01473331451416,9
3,5.028290748596191,5
1,3.6781301498413086,7
1,3.324307441711426,2
0,2.898040771484375,6
3,4.7961602210998535,0
2,5.1216654777526855,1
0,3.317876100540161,2
2,5.116027355194092,1
3,4.007594585418701,9
1,5.031223297119141,5
0,4.674233913421631,3
1,2.8961739540100098,6
2,2.9881114959716797,8
3,3.6277194023132324,4
1,5.112729072570801,1
0,4.769718170166016,0
3,3.6502087116241455,7
2,4.67467737197876,3
2,4.004114627838135,9
0,3.6478147506713867,7
3,5.030722618103027,5
1,3.0051302909851074,8
2,4.764838695526123,0
0,3.050199270248413,6
1,3.3125178813934326,2
3,3.6157708168029785,4
2,5.031435012817383,5
1,5.10791540145874,1
3,4.001587390899658,9
0,3.6077492237091064,4
2,3.0192770957946777,8
0,4.675400733947754,3
1,3.0461525917053223,6
3,3.639505386352539,7
1,4.754555702209473,0
2,3.3087503910064697,2
3,4.754555702209473,0
0,3.6389052867889404,7
0,3.3618993759155273,2
3,3.598727226257324,4
1,3.0325803756713867,8
2,3.99881649017334,9
2,5.103754997253418,1
1,3.0421667098999023,6
0,5.031354904174805,5
3,4.675113201141357,3
0,5.103397369384766,1
1,4.674736976623535,3
3,3.5983498096466064,4
2,4.74316930770874,0
1,3.5065953731536865,2
3,3.0369036197662354,6
2,5.031198024749756,5
0,3.99611234664917,9
2,5.099695682525635,1
0,3.046034812927246,8
3,3.5824851989746094,7
1,3.5824854373931885,7
2,3.354332208633423,2
1,3.0467045307159424,8
3,4.673528671264648,3
0,5.0336103439331055,5
0,3.034724235534668,6
1,4.664773464202881,0
2,3.9942855834960938,9
3,3.586411952972412,4
1,5.0960822105407715,1
0,3.993056297302246,9
2,4.669940948486328,3
3,3.5846667289733887,4
3,4.661333084106445,0
0,5.035571575164795,5
1,3.581082582473755,7
2,3.0481362342834473,8
1,3.349569320678711,2
2,3.34956955909729,2
0,3.0326685905456543,6
3,5.038531303405762,5
1,4.637298107147217,3
2,5.092676162719727,1
3,3.5782740116119385,4
0,3.991093158721924,9
2,3.0648491382598877,8
0,4.644149303436279,0
3,3.5694196224212646,7
1,3.026611804962158,6
1,4.642892837524414,0
3,3.9879703521728516,9
0,3.5685462951660156,7
2,3.570833683013916,4
2,5.086277961730957,1
0,3.4866232872009277,2
1,3.022843837738037,6
3,3.0759057998657227,8
3,4.635595321655273,3
2,5.041764736175537,5
0,4.635595321655273,3
1,3.0219178199768066,6
3,3.4848759174346924,2
2,4.631689071655273,0
1,3.077265501022339,8
0,3.5637688636779785,4
0,3.9831924438476562,9
3,5.081724166870117,1
2,3.476318120956421,7
1,5.044856548309326,5
0,4.601136207580566,0
1,5.047467231750488,5
3,3.101475238800049,8
2,3.5521721839904785,4
3,3.4704368114471436,7
0,5.079207420349121,1
2,4.761638641357422,3
1,3.0135741233825684,6
1,3.483750343322754,2
2,5.050706386566162,5
0,3.483750820159912,2
3,3.9758853912353516,9
1,3.1175315380096436,8
3,3.9753947257995605,9
2,3.4651455879211426,7
0,5.074902057647705,1
3,3.0037593841552734,6
0,4.567238807678223,0
2,4.757967472076416,3
1,3.5364561080932617,4
0,4.567237377166748,0
2,3.478384017944336,2
3,4.757911682128906,3
1,5.0475006103515625,5
2,5.068802833557129,1
1,3.970823287963867,9
3,2.9961016178131104,6
0,3.5278372764587402,4
0,3.142699718475342,8
3,3.142699718475342,8
2,3.4572291374206543,7
1,3.4572291374206543,7
1,2.9922444820404053,6
2,5.037899494171143,5
0,3.5255913734436035,4
3,4.755412578582764,3
0,3.9693491458892822,9
3,3.4726829528808594,2
2,4.541802406311035,0
1,5.066845893859863,1
0,2.988265037536621,6
2,5.032218933105469,5
1,3.9686427116394043,9
3,3.4723317623138428,2
0,5.064544200897217,1
1,4.753506660461426,3
2,3.1461567878723145,8
3,3.523850917816162,4
0,4.530438423156738,0
1,3.968163013458252,9
2,3.453155040740967,7
3,3.1494221687316895,8
1,3.5210094451904297,4
2,5.06178092956543,1
3,5.028839111328125,5
0,3.453153610229492,7
2,4.525387287139893,0
0,4.752696990966797,3
3,2.982137680053711,6
1,3.4701976776123047,2
2,4.752695083618164,3
3,5.058293342590332,1
1,5.025179862976074,5
0,3.1528611183166504,8
0,3.470381259918213,2
1,2.9795758724212646,6
2,3.449751853942871,7
3,3.902026653289795,9
2,4.7504167556762695,3
0,5.0543365478515625,1
3,4.521328926086426,0
1,3.5165786743164062,4
0,2.9751603603363037,6
3,3.4675328731536865,2
1,3.3099889755249023,7
2,3.509337902069092,4
1,5.01923131942749,5
0,3.900858163833618,9
2,4.514223098754883,0
3,3.1648030281066895,8
2,5.046051979064941,1
0,2.971628427505493,6
1,4.749813079833984,3
3,3.1742401123046875,8
2,3.4656636714935303,2
3,5.01202917098999,5
0,3.9005093574523926,9
1,3.3072738647460938,7
1,4.498957633972168,0
3,2.967029333114624,6
2,3.4948692321777344,4
0,5.038898468017578,1
0,3.1845874786376953,8
1,5.007818698883057,5
2,3.8990635871887207,9
3,4.498958110809326,0
0,3.461503267288208,2
2,4.749306678771973,3
1,3.304103374481201,7
3,3.4878759384155273,4
0,4.7493062019348145,3
2,4.996228218078613,5
3,3.3041017055511475,7
1,3.4878742694854736,4
2,4.485692024230957,0
0,3.0186285972595215,6
1,5.0301971435546875,1
3,3.8985347747802734,9
1,3.4597041606903076,2
2,3.4597041606903076,2
0,4.987820625305176,5
3,3.2067928314208984,8
3,2.9672327041625977,8
2,4.751651763916016,3
0,3.297569751739502,7
1,3.473754405975342,4
0,3.899061918258667,9
1,5.024820804595947,1
3,4.479468822479248,0
2,3.013826608657837,6
0,3.457249641418457,2
1,5.0187482833862305,1
3,2.9789304733276367,8
2,3.2948646545410156,7
0,3.007941722869873,6
3,4.962368011474609,5
1,4.471709251403809,0
2,3.4639198780059814,4
1,4.464008808135986,0
2,4.755363464355469,3
0,3.897902011871338,9
3,3.8979029655456543,9
0,2.9912357330322266,8
3,3.4539928436279297,4
2,5.013176441192627,1
1,3.001938819885254,6
3,3.437190532684326,2
2,4.943426132202148,5
1,3.2898049354553223,7
0,4.757014274597168,3
1,5.0062079429626465,1
2,2.996070146560669,6
3,3.2896199226379395,7
0,3.4371631145477295,2
0,3.0154972076416016,8
3,4.758186340332031,3
2,4.57404088973999,0
1,3.6029741764068604,4
3,4.758186340332031,3
0,4.936306953430176,5
2,3.6029744148254395,4
1,3.895200729370117,9
3,3.9404778480529785,9
1,3.4248533248901367,2
2,3.286290168762207,7
0,2.9806880950927734,6
0,4.561601638793945,0
3,3.0294346809387207,8
2,4.927890777587891,5
1,4.990344047546387,1
3,4.550958633422852,0
2,3.419438362121582,2
1,4.981525421142578,1
0,4.920815467834473,5
3,3.939183235168457,9
1,2.972989797592163,6
2,3.2841625213623047,7
0,4.760781288146973,3
2,4.761974811553955,3
1,4.971813201904297,1
0,3.570326328277588,4
3,3.0530176162719727,8
0,3.4148566722869873,2
3,3.570326566696167,4
2,4.540680408477783,0
1,4.914691925048828,5
3,3.9340012073516846,9
2,3.2711384296417236,8
1,3.280249834060669,7
0,2.838097095489502,6
3,3.470956563949585,2
2,4.957677841186523,1
0,3.9340591430664062,9
1,4.7621541023254395,3
0,3.282010078430176,8
3,2.951711654663086,6
1,4.902396202087402,5
2,3.5493416786193848,4
0,4.519841194152832,0
3,4.519841194152832,0
1,4.763272285461426,3
2,3.27848744392395,7
3,3.9290919303894043,9
1,3.4017558097839355,2
0,4.898006916046143,5
2,3.5381898880004883,4
2,5.054443836212158,1
3,3.3476171493530273,7
0,2.9443166255950928,6
1,3.2925477027893066,8
0,2.9376044273376465,6
2,4.76358699798584,3
1,4.889670372009277,5
3,3.5286178588867188,4
1,3.302400588989258,8
2,5.044375419616699,1
0,3.347536087036133,7
3,3.397980213165283,2
0,3.925119400024414,9
3,4.490113258361816,0
2,3.925119400024414,9
1,3.519550323486328,4
3,4.880829334259033,5
1,4.756760597229004,3
0,4.490094184875488,0
2,3.3950510025024414,2
2,2.9063029289245605,6
0,3.31187105178833,8
3,5.033784866333008,1
1,3.349992275238037,7
2,5.028348922729492,1
0,4.7520904541015625,3
1,4.48516321182251,0
3,3.9242935180664062,9
0,4.875707149505615,5
1,3.353877544403076,7
2,3.3944332599639893,2
3,2.9034929275512695,6
1,3.3419079780578613,8
0,3.3419079780578613,8
3,3.5134074687957764,4
2,4.7508955001831055,3
0,3.3944344520568848,2
2,5.0208635330200195,1
3,3.3572311401367188,7
1,2.9017152786254883,6
1,3.923628807067871,9
3,4.482906341552734,0
2,3.512218475341797,4
0,4.872701644897461,5
0,5.020706653594971,1
1,3.338348627090454,8
3,3.511993408203125,4
2,3.3942344188690186,2
2,4.739192962646484,3
0,2.8990540504455566,6
1,4.868710517883301,5
3,4.480967044830322,0
2,3.922941207885742,9
0,3.3624351024627686,7
1,3.922940731048584,9
3,3.3624348640441895,7
1,3.3949646949768066,2
3,4.8684186935424805,5
0,3.3349711894989014,8
2,2.8981103897094727,6
0,4.730899810791016,3
3,4.469379901885986,0
2,5.074082374572754,1
1,3.5070741176605225,4
1,3.5070741176605225,4
3,5.074082851409912,1
2,3.3332154750823975,8
0,3.9215052127838135,9
3,4.469282150268555,0
2,4.86733341217041,5
1,3.395106315612793,2
0,3.367098331451416,7
3,3.920508861541748,9
0,2.8949456214904785,6
2,4.724554061889648,3
1,3.5069103240966797,4
3,4.462102890014648,0
2,3.324449062347412,8
1,3.3970324993133545,2
0,4.724554061889648,3
1,5.065432071685791,1
3,2.8931267261505127,6
0,4.866337776184082,5
2,3.381653308868408,7
3,3.39755916595459,2
2,3.918131113052368,9
0,4.718706130981445,3
1,3.3198225498199463,8
2,3.3885743618011475,7
1,3.5032291412353516,4
0,5.064233303070068,1
3,4.861625671386719,5
3,4.446812152862549,0
0,3.916105031967163,9
2,2.8914756774902344,6
1,2.8914763927459717,6
3,3.3969619274139404,2
2,4.4406304359436035,0
1,4.857586860656738,5
0,3.3139255046844482,8
3,4.710138320922852,3
0,5.059314250946045,1
2,3.500211238861084,4
1,3.425410270690918,7
2,4.435464859008789,0
3,2.8886406421661377,6
1,3.3139874935150146,8
0,3.3453245162963867,4
0,3.9128835201263428,9
3,4.855862617492676,5
1,5.052437782287598,1
2,3.429319381713867,7
3,3.9105331897735596,9
2,3.3923373222351074,2
1,4.429259300231934,0
0,4.700773239135742,3
1,4.700783729553223,3
2,4.8525214195251465,5
3,2.886598587036133,6
0,3.3394789695739746,4
1,3.389094114303589,2
0,5.040891647338867,1
2,3.31961727142334,8
3,3.436492443084717,7
1,4.697151184082031,3
2,3.3194193840026855,8
0,3.435858964920044,7
3,3.331998825073242,4
0,3.9058783054351807,9
2,5.031442642211914,1
3,4.844228744506836,5
1,3.3851075172424316,2
0,2.8793649673461914,6
1,4.413227081298828,0
3,4.84356689453125,5
2,3.906402111053467,9
0,2.874807834625244,6
3,3.6051995754241943,7
2,4.693767547607422,3
1,3.3137834072113037,4
2,3.381216526031494,2
1,4.40434455871582,0
3,5.021562576293945,1
0,3.3348512649536133,8
2,3.902547597885132,9
3,2.8726234436035156,6
0,4.693273067474365,3
1,4.400626182556152,0
2,3.379934310913086,2
3,3.608786106109619,7
1,3.3333234786987305,8
0,4.830681800842285,5
1,5.008170127868652,1
2,4.691018581390381,3
3,3.8996334075927734,9
0,3.302785873413086,4
3,5.008170127868652,1
2,2.8696231842041016,6
0,3.332193374633789,8
1,3.3027095794677734,4
3,4.379375457763672,0
2,3.593595027923584,7
0,3.373995542526245,2
1,4.8211350440979,5
2,4.821254730224609,5
1,2.8670639991760254,6
0,3.5934877395629883,7
3,3.2955777645111084,4
3,4.70889949798584,1
0,3.366440773010254,2
2,3.8939523696899414,9
1,4.368149757385254,0
0,4.815149307250977,5
3,4.685999870300293,3
1,3.3391644954681396,8
2,2.8630082607269287,6
1,4.701807498931885,1
2,4.35546350479126,0
3,3.777900457382202,9
0,3.596008777618408,7
2,3.5539515018463135,2
1,3.3488473892211914,8
3,4.6653900146484375,3
0,3.2720742225646973,4
3,4.799631118774414,5
1,4.331165313720703,0
2,3.599038600921631,7
0,4.68789005279541,1
1,2.850311756134033,6
2,3.7784488201141357,9
0,3.3620126247406006,8
3,3.2562813758850098,4
0,3.5218684673309326,2
1,2.8440120220184326,6
3,4.717370986938477,3
2,3.4849390983581543,4
2,3.5150179862976074,2
1,4.304251670837402,0
0,4.717467308044434,3
3,3.384871006011963,8
2,4.807490348815918,5
0,3.6049814224243164,7
1,3.7735652923583984,9
3,4.659343242645264,1
3,4.259650230407715,0
2,3.5011448860168457,2
1,4.7974348068237305,5
0,4.650617599487305,1
0,2.976774215698242,8
3,3.608934164047241,7
2,2.8295648097991943,6
1,3.457104206085205,4
1,3.735701322555542,9
2,2.8226118087768555,6
3,4.229556083679199,0
0,4.712411403656006,3
0,3.735428810119629,9
2,2.9946963787078857,8
3,4.779608726501465,5
1,3.4433200359344482,4
2,4.615689277648926,1
1,3.6157612800598145,7
3,4.697378635406494,3
0,3.4917755126953125,2
1,4.183969497680664,0
0,4.695815086364746,3
3,4.7663044929504395,5
2,3.017778158187866,8
3,4.611809730529785,1
0,2.699064254760742,6
1,3.491389036178589,2
2,3.428725004196167,4
2,3.8494715690612793,9
3,2.6925208568573,6
1,3.0574984550476074,8
0,3.619605779647827,7
2,3.848574638366699,9
1,4.140990257263184,0
0,3.619386672973633,7
3,3.4772870540618896,2
2,4.6930766105651855,3
1,3.403380870819092,4
3,4.743094444274902,5
0,4.586660385131836,1
3,2.684451103210449,6
0,4.742520809173584,5
2,3.4031453132629395,4
1,3.622192859649658,7
0,4.068692207336426,0
3,3.1033589839935303,8
2,3.910623788833618,9
1,4.692784309387207,3
0,3.4514694213867188,2
2,4.068668842315674,0
3,4.573873519897461,1
1,3.910092830657959,9
3,3.6266980171203613,7
1,3.437746524810791,2
0,4.563456058502197,1
2,3.3752431869506836,4
0,4.688494682312012,3
3,2.795088291168213,6
2,4.725879192352295,5
1,3.12302565574646,8
2,4.714557647705078,5
0,3.3600029945373535,4
1,4.689031600952148,3
3,3.427936553955078,2
0,3.8900375366210938,9
1,2.9537014961242676,6
2,4.551329612731934,1
3,3.744227647781372,7
2,4.7102203369140625,5
0,3.972407341003418,0
1,3.0687265396118164,6
3,3.163180112838745,8
0,4.54498291015625,1
3,4.687209606170654,3
2,3.6287240982055664,7
1,3.3690714836120605,2
2,3.8793177604675293,9
1,3.173149824142456,8
3,3.9519152641296387,0
0,3.343738079071045,4
0,4.685829162597656,3
2,3.87894344329834,9
3,3.628265857696533,7
1,4.711447238922119,5
0,3.05806565284729,6
3,3.93550181388855,0
1,3.3351550102233887,4
2,4.531564712524414,1
1,4.529791831970215,1
2,3.3589868545532227,2
0,4.68031120300293,3
3,3.184771776199341,8
1,3.919928550720215,0
2,3.351487159729004,2
3,3.735668182373047,7
0,3.198732852935791,8
3,4.706752300262451,5
0,3.3776698112487793,4
1,3.0518226623535156,6
2,3.86924147605896,9
3,4.667290210723877,3
0,3.0466830730438232,6
1,3.9062981605529785,0
2,4.51560115814209,1
1,3.342977285385132,2
3,4.706087589263916,5
2,3.2108259201049805,8
0,3.733217716217041,7
3,3.8613100051879883,9
0,3.86130952835083,9
1,4.66054630279541,3
2,3.3632700443267822,4
2,3.888607978820801,0
0,4.705191612243652,5
1,3.2241361141204834,8
3,3.7303757667541504,7
2,4.506106376647949,1
1,3.332737445831299,2
0,3.0370144844055176,6
3,3.3596742153167725,4
2,4.705495357513428,5
3,3.4210004806518555,6
0,3.3556885719299316,4
1,3.858489990234375,9
1,3.857759952545166,0
0,4.50206184387207,1
3,3.108003854751587,8
2,3.7322630882263184,7
0,4.498443603515625,1
1,4.643711090087891,3
2,3.324702262878418,2
3,3.731450319290161,7
3,4.643721580505371,3
1,3.881108283996582,9
2,3.8439996242523193,0
0,3.349289655685425,4
3,3.13203501701355,8
0,3.3215160369873047,2
2,4.704338550567627,5
1,3.4108266830444336,6
0,4.477321147918701,1
3,3.144010066986084,6
1,3.730471611022949,7
2,3.3274197578430176,4
2,3.782299041748047,0
1,4.702271461486816,5
3,3.8714067935943604,9
0,3.3196568489074707,2
0,4.309103012084961,3
2,3.871122360229492,9
3,4.309103012084961,3
1,3.1434874534606934,8
3,3.7991514205932617,0
0,3.731257200241089,7
1,3.1347291469573975,6
2,3.316967725753784,4
2,4.629944801330566,5
0,3.1577022075653076,8
1,3.302936553955078,2
3,4.468326568603516,1
0,3.2972347736358643,2
3,3.7616703510284424,0
1,3.3101534843444824,4
2,3.128688335418701,6
1,4.6280694007873535,5
3,4.294857978820801,3
2,3.730327844619751,7
0,3.8581695556640625,9
1,4.480556011199951,1
2,3.8520517349243164,9
0,3.196115016937256,8
3,3.196115493774414,8
0,3.7293992042541504,0
2,3.2161612510681152,6
1,3.7300634384155273,7
3,3.303252696990967,4
2,4.625925064086914,5
0,4.48012638092041,1
1,3.266618251800537,2
3,4.284719467163086,3
2,4.284051418304443,3
1,3.7009291648864746,0
3,3.8499302864074707,7
0,3.2974536418914795,4
3,4.480791091918945,1
1,3.825530529022217,9
0,4.628921985626221,5
2,3.217407703399658,8
2,3.203263759613037,6
0,4.480791091918945,1
3,3.2629833221435547,2
1,4.63291597366333,5
0,3.2563118934631348,2
2,3.2252912521362305,8
1,3.229095458984375,4
3,3.6746675968170166,0
2,3.841696262359619,7
3,3.8209519386291504,9
0,4.279721260070801,3
1,3.196542739868164,6
0,4.479353904724121,1
3,3.8172810077667236,9
1,4.2772536277771,3
2,3.225606918334961,4
0,3.190761089324951,6
1,3.6634459495544434,0
2,3.234989643096924,8
3,4.630535125732422,5
3,3.2448689937591553,2
2,4.27418327331543,3
0,3.1851935386657715,6
1,3.833007335662842,7
0,3.2448689937591553,2
1,3.654639959335327,0
3,4.626521587371826,5
2,3.220717430114746,4
1,4.477117538452148,1
0,3.8082330226898193,9
2,3.828115463256836,7
3,3.257333278656006,8
3,3.238877058029175,2
1,3.82828426361084,7
2,3.1775243282318115,6
0,4.621453762054443,5
1,4.474818229675293,1
2,3.8028502464294434,9
0,3.271801471710205,8
3,4.267926216125488,3
0,3.6261255741119385,0
1,3.626126289367676,0
2,3.2170608043670654,4
3,3.2170605659484863,4
2,3.1555070877075195,6
0,3.2900452613830566,8
1,4.587989807128906,5
3,4.262508392333984,3
2,3.79543399810791,9
1,4.4708170890808105,1
3,3.7811293601989746,7
0,3.2291555404663086,2
0,3.575718879699707,0
1,3.7797155380249023,9
3,3.8036324977874756,7
2,3.316269636154175,8
0,4.572543144226074,5
2,3.2269186973571777,2
1,4.256303787231445,3
3,3.2084224224090576,4
2,3.34454607963562,8
3,3.123483657836914,6
1,3.1234841346740723,6
0,4.471497535705566,1
2,3.4653868675231934,2
0,4.471498012542725,1
3,4.254173278808594,3
1,3.2067155838012695,4
3,3.5005123615264893,0
2,3.7620625495910645,9
1,4.554551124572754,5
0,3.8162593841552734,7
3,4.555598258972168,5
0,3.107800006866455,6
2,4.585529327392578,1
1,3.2026350498199463,4
3,3.4382593631744385,0
1,3.752811908721924,9
2,4.247447967529297,3
0,3.4006576538085938,8
2,4.247439384460449,3
3,3.4631636142730713,2
0,3.841500759124756,7
1,3.093174457550049,6
2,4.438992023468018,1
0,3.744596004486084,9
1,3.4647350311279297,2
3,3.4026269912719727,0
1,3.838078022003174,7
2,3.429229736328125,8
3,3.1951282024383545,4
0,4.517975330352783,5
0,3.369810104370117,0
3,4.72287130355835,5
1,3.1953415870666504,8
2,3.081529378890991,4
2,3.736093044281006,9
1,4.433531761169434,1
0,3.83602237701416,7
3,4.229891777038574,3
2,3.054405927658081,6
3,3.3262219429016113,2
0,4.711836814880371,5
1,3.3405284881591797,0
0,4.429172992706299,1
1,3.730160713195801,9
3,3.053616523742676,6
2,3.2236366271972656,8
2,4.217413425445557,3
1,3.324126958847046,2
0,3.8292622566223145,7
3,3.074425220489502,4
1,4.425622940063477,1
2,3.3238518238067627,2
3,3.8288440704345703,7
0,4.7051520347595215,5
0,3.7343809604644775,9
1,3.3097078800201416,0
3,3.2793631553649902,8
2,4.410500526428223,3
3,3.0281009674072266,6
1,3.321056365966797,2
0,3.0281014442443848,6
2,3.067986011505127,4
2,4.4117302894592285,1
0,4.4013895988464355,3
1,4.675848960876465,5
3,3.064600944519043,4
3,3.295339822769165,0
1,3.7247495651245117,9
2,3.811657428741455,7
0,3.3107011318206787,8
0,3.283086061477661,0
1,4.390209197998047,3
2,4.829566955566406,5
3,3.0584754943847656,4
2,4.400071620941162,1
3,3.7162368297576904,9
0,3.001711368560791,6
1,3.332840919494629,8
2,3.3134186267852783,2
3,4.379566669464111,3
1,3.0524816513061523,4
0,3.7960875034332275,7
0,3.707719326019287,9
3,3.321378707885742,0
1,4.819744110107422,5
2,3.3622050285339355,8
3,4.470680236816406,1
1,2.8322601318359375,6
2,3.356746196746826,2
0,3.7881975173950195,7
3,3.7003440856933594,9
1,4.808772563934326,5
2,3.3115017414093018,0
0,3.7871923446655273,7
0,4.456820011138916,1
3,3.0415778160095215,4
2,3.4051880836486816,8
1,4.220678329467773,3
1,3.3529953956604004,2
0,3.7811737060546875,7
2,3.0414323806762695,4
3,2.824117660522461,6
0,4.790552616119385,5
2,4.445591926574707,1
3,4.216238498687744,3
1,3.296548366546631,0
1,3.6885297298431396,9
3,3.4263827800750732,8
2,3.349465847015381,2
0,2.8148603439331055,6
3,3.3475193977355957,2
1,4.438514232635498,1
2,3.432750701904297,8
0,4.213219165802002,3
1,3.771158218383789,7
2,2.8115053176879883,6
0,4.788946151733398,5
3,3.0350914001464844,4
2,3.2855606079101562,0
0,3.6833276748657227,9
1,3.6833271980285645,9
3,3.4398298263549805,8
2,4.615333557128906,5
3,3.34588360786438,2
1,3.285560369491577,0
0,3.0333287715911865,4
3,4.322188377380371,1
1,4.137121200561523,3
0,2.801790714263916,6
2,3.7249672412872314,7
3,2.802183151245117,6
2,4.601772785186768,5
1,3.45414400100708,8
0,3.032339572906494,4
1,3.3404316902160645,2
0,3.6761345863342285,9
3,3.7217636108398438,7
2,4.1340484619140625,3
2,4.315722465515137,1
0,3.3405275344848633,2
3,3.675990343093872,9
1,3.277550220489502,0
2,3.719050884246826,7
1,4.132258415222168,3
0,3.0578694343566895,4
3,3.475861072540283,8
1,3.2740390300750732,0
3,2.7930212020874023,6
0,4.366605281829834,1
2,4.582024574279785,5
0,3.271595001220703,0
2,3.486427068710327,8
3,3.3348798751831055,2
1,4.362875938415527,1
2,2.7176713943481445,6
0,4.130491256713867,3
1,4.573446750640869,5
3,3.0549168586730957,4
3,3.6645240783691406,9
0,3.7103021144866943,7
2,3.906111240386963,8
1,3.0516371726989746,4
2,3.2667746543884277,0
3,2.7143115997314453,6
1,3.3321971893310547,2
0,4.564207553863525,5
3,4.526134490966797,3
1,4.483611106872559,1
2,3.663153648376465,9
0,3.6492719650268555,7
3,3.544274091720581,2
2,2.7872941493988037,6
1,3.6629114151000977,9
0,4.277904510498047,8
2,4.479175090789795,1
0,4.940054893493652,5
1,3.648179292678833,7
3,2.6095833778381348,4
2,3.35219669342041,0
0,4.524936676025391,3
1,3.35219669342041,0
3,3.494670867919922,2
2,2.607736349105835,4
1,4.524236679077148,3
3,4.935346603393555,5
0,4.2871623039245605,8
3,4.474786758422852,1
1,3.6482009887695312,7
2,3.656493663787842,9
0,2.781656503677368,6
0,4.925614356994629,5
2,3.6535260677337646,9
1,3.647944688796997,7
3,4.292942047119141,8
2,3.330975294113159,0
3,4.470175266265869,1
0,2.7797012329101562,6
1,4.522780418395996,3
0,2.7771224975585938,6
2,3.4911718368530273,2
1,2.606104850769043,4
3,3.648207187652588,7
2,4.470639228820801,1
0,4.523695945739746,3
1,3.3214664459228516,0
3,4.298984050750732,8
2,5.200722694396973,5
0,3.488961696624756,2
3,2.6043787002563477,4
1,3.5239291191101074,9
3,2.7822885513305664,6
0,3.647897958755493,7
1,5.198987007141113,5
2,4.304108142852783,8
2,4.523494720458984,3
0,4.464824676513672,1
1,3.300947904586792,0
3,2.610157012939453,4
3,3.4862873554229736,2
2,3.4660191535949707,9
0,3.4660191535949707,9
1,3.6490721702575684,7
3,3.2919249534606934,0
1,4.523009777069092,3
2,4.462082862854004,1
0,4.316283702850342,8
2,2.9524497985839844,6
1,3.4854116439819336,2
3,5.182971477508545,5
0,2.6090266704559326,4
0,3.5045766830444336,9
1,3.283348560333252,0
2,3.4847187995910645,2
3,5.1825480461120605,5
3,4.52007532119751,3
2,2.951857566833496,6
0,3.649737596511841,7
1,2.6107406616210938,4
2,4.461216449737549,1
0,3.5022215843200684,9
1,4.329398155212402,8
3,4.461216449737549,1
2,4.517147064208984,3
3,2.9494519233703613,6
0,3.484367609024048,2
1,2.6112513542175293,4
2,5.166783332824707,5
1,3.2573049068450928,0
0,4.335912227630615,8
3,3.6507439613342285,7
3,3.499361038208008,9
2,4.460532188415527,1
0,3.6517128944396973,7
1,4.337921142578125,8
0,3.248091220855713,0
2,2.944415807723999,6
1,2.630042791366577,4
3,3.484057903289795,2
0,5.149527549743652,5
2,4.344769477844238,8
3,4.5079426765441895,3
1,2.6289682388305664,4
1,3.240659236907959,0
3,5.149112701416016,5
0,3.4776103496551514,2
2,4.4563493728637695,1
2,3.4951372146606445,9
0,4.506869316101074,3
3,2.940662384033203,6
1,3.638701915740967,7
1,5.142401695251465,5
2,4.4529571533203125,1
3,4.348626613616943,8
0,2.625293493270874,4
3,3.2336697578430176,0
0,2.856036901473999,6
2,3.637040615081787,7
1,4.504342079162598,3
1,3.4657206535339355,2
0,3.4657201766967773,2
2,3.2307183742523193,0
3,3.493813991546631,9
2,4.450336933135986,1
0,3.634885311126709,7
1,2.620429515838623,4
3,4.350510120391846,8
1,2.85347056388855,6
3,5.1346893310546875,5
2,4.500486373901367,3
0,3.4923253059387207,9
2,3.491915225982666,9
3,3.458138942718506,2
1,3.2270007133483887,0
0,3.6334404945373535,7
2,4.446281433105469,1
0,2.85286283493042,6
1,2.6157784461975098,4
3,4.497599124908447,3
3,5.133455753326416,5
1,4.347743034362793,8
2,4.347743511199951,8
0,3.630268096923828,7
2,2.611260175704956,4
1,3.4904532432556152,9
0,4.495096206665039,3
3,5.132871627807617,5
1,4.443153381347656,1
2,3.449815273284912,2
0,3.2235355377197266,0
3,2.8521504402160645,6
2,4.347119331359863,8
3,2.8517489433288574,6
1,5.1319966316223145,5
0,3.6274852752685547,7
1,3.489553213119507,9
2,3.4467732906341553,2
3,4.4914398193359375,3
0,2.6077754497528076,4
2,3.488879680633545,9
0,4.420197486877441,1
1,3.222275972366333,0
3,2.8516652584075928,6
1,3.219680070877075,0
2,4.485323429107666,3
0,3.442138671875,2
3,4.346038818359375,8
2,4.419214248657227,1
0,2.6000614166259766,4
1,5.132422924041748,5
3,3.5434792041778564,7
3,3.2181434631347656,0
2,4.41650390625,1
0,2.5972113609313965,4
1,4.481838703155518,3
1,2.850795030593872,6
2,4.34348201751709,8
0,3.5420889854431152,7
3,3.438457489013672,2
3,3.4865646362304688,9
1,5.132136821746826,5
0,4.40400505065918,1
2,5.132136821746826,5
1,3.4865026473999023,9
0,4.340616703033447,8
3,4.472881317138672,3
2,3.5400915145874023,7
2,3.2137937545776367,0
3,2.5890183448791504,4
1,3.4356846809387207,2
0,2.850926399230957,6
1,3.2127957344055176,0
0,3.4849894046783447,9
2,5.133519172668457,5
3,2.584684371948242,4
1,4.389701843261719,1
0,3.5380091667175293,7
2,2.8502097129821777,6
3,3.435431957244873,2
0,4.3865485191345215,1
2,4.464132308959961,3
3,4.335911750793457,8
1,3.5374510288238525,7
2,3.433758020401001,2
0,4.335911750793457,8
1,4.464132308959961,3
3,3.483832359313965,9
2,3.206972122192383,0
0,2.849973678588867,6
1,5.134734153747559,5
3,2.57804799079895,4
0,4.334230422973633,8
2,2.8499865531921387,6
3,4.332571029663086,1
1,3.5364468097686768,7
2,4.453139781951904,3
0,5.135012626647949,5
1,3.2066233158111572,0
3,2.577577590942383,4
2,4.452185153961182,3
3,3.431577205657959,2
1,3.536207675933838,7
0,3.482410430908203,9
3,3.481194019317627,9
0,3.2046284675598145,0
1,5.128656387329102,5
2,2.573107957839966,4
2,4.319563865661621,1
1,2.8494162559509277,6
3,3.430830478668213,2
0,4.331311225891113,8
0,3.430819034576416,2
2,3.4813404083251953,9
1,2.8494083881378174,6
3,4.331313133239746,8
2,4.317083358764648,1
1,3.202453136444092,0
3,2.5734286308288574,4
0,3.53572940826416,7
3,3.5357298851013184,7
1,2.5734288692474365,4
0,5.12509822845459,5
2,4.437030792236328,3
0,4.43203067779541,3
1,3.4243340492248535,2
2,3.5010571479797363,9
3,4.329185485839844,8
2,3.200187921524048,0
0,2.8479645252227783,6
1,4.303217887878418,1
3,5.121035575866699,5
0,3.409719705581665,2
2,2.5687527656555176,4
3,4.326572418212891,8
1,4.303217887878418,1
2,3.200187921524048,0
0,5.121035575866699,5
1,2.8479650020599365,6
3,4.425503730773926,3
3,3.4992051124572754,9
0,3.4992051124572754,9
1,3.199157238006592,0
2,3.534558057785034,7
3,4.325315475463867,8
2,3.4055275917053223,2
0,4.2904372215271,1
1,4.819588661193848,5
0,4.406064987182617,3
2,2.511423349380493,4
3,3.534827709197998,7
1,2.8480091094970703,6
0,4.394026279449463,3
2,3.158006191253662,0
3,2.8478899002075195,6
1,3.499699354171753,9
1,4.2808403968811035,1
0,4.538593292236328,5
3,3.534226417541504,7
2,2.419863700866699,4
0,3.3985798358917236,2
3,4.536670684814453,5
1,4.384866237640381,3
2,4.322333335876465,8
0,3.4986062049865723,9
3,3.1570005416870117,0
1,3.398496150970459,2
2,4.3207011222839355,8
1,2.8460240364074707,6
3,4.268218040466309,1
0,2.418858528137207,4
2,3.5298948287963867,7
2,2.8459370136260986,6
1,4.268069267272949,1
0,3.5298216342926025,7
3,2.4187817573547363,4
2,3.193181276321411,0
1,3.3925065994262695,2
3,3.4973645210266113,9
0,4.370302200317383,3
3,4.317996025085449,8
0,4.439516067504883,5
1,3.4970712661743164,9
2,4.317996025085449,8
2,4.361495018005371,3
3,3.3838748931884766,2
1,3.064969301223755,0
0,3.528113842010498,7
3,4.2562103271484375,1
1,2.8428664207458496,6
0,4.42411994934082,5
2,2.4173760414123535,4
1,4.251336097717285,1
0,4.314810752868652,8
2,2.841524124145508,6
3,3.0627050399780273,0
3,3.377161741256714,2
0,3.5263476371765137,7
2,2.4795472621917725,4
1,3.4958863258361816,9
3,3.0579822063446045,0
2,3.3720197677612305,2
1,4.351029872894287,3
0,4.421657085418701,5
3,4.348215103149414,3
0,3.5245566368103027,7
1,4.423886775970459,5
2,2.4763617515563965,4
0,2.8378608226776123,6
2,3.49338698387146,9
1,4.239073276519775,1
3,4.319283485412598,8
2,4.234836578369141,1
1,4.34284782409668,3
3,2.8378055095672607,6
0,2.4731662273406982,4
2,3.5224413871765137,7
0,3.492366075515747,9
1,4.317196846008301,8
3,3.3631081581115723,2
1,3.3584251403808594,2
3,3.492003917694092,9
0,4.422621250152588,5
2,3.048196792602539,0
0,2.8334765434265137,6
1,3.1530375480651855,0
3,4.3145904541015625,8
2,3.520972728729248,7
0,4.2147321701049805,1
2,4.5967512130737305,3
1,2.472365379333496,4
3,4.4213128089904785,5
0,4.209200382232666,1
2,4.593232154846191,3
3,2.8313498497009277,6
1,4.420498371124268,5
3,3.4902732372283936,9
0,3.1463069915771484,0
2,4.3088698387146,8
1,2.469528913497925,4
2,3.335385799407959,2
1,3.518488883972168,7
3,4.588069915771484,3
0,3.5184874534606934,7
0,4.193187713623047,1
2,3.333078622817993,2
1,3.1433866024017334,0
3,3.463505983352661,9
3,4.305119514465332,8
1,2.826834201812744,6
0,4.42000675201416,5
2,2.466813564300537,4
1,2.826073408126831,6
2,4.583555221557617,3
0,4.304705619812012,8
3,2.4668819904327393,4
2,3.461569309234619,9
3,3.1389453411102295,0
0,4.185982704162598,1
1,3.3254761695861816,2
0,4.300163269042969,8
1,3.5164294242858887,7
3,4.41438627243042,5
2,4.414385795593262,5
3,4.1787638664245605,1
0,3.3216166496276855,2
2,2.822089672088623,6
1,2.4650468826293945,4
1,3.4594950675964355,9
0,3.136322498321533,0
2,4.574043273925781,3
3,3.515634775161743,7
2,2.8201098442077637,6
3,3.317903518676758,2
0,4.2981719970703125,8
1,4.411643981933594,5
2,3.1339008808135986,0
3,4.1625142097473145,1
0,3.5154428482055664,7
1,2.4636831283569336,4
3,4.408099174499512,5
1,4.562530517578125,3
2,3.458136558532715,9
0,2.4619860649108887,4
2,4.560123920440674,3
0,2.8162269592285156,6
3,3.3043110370635986,2
1,3.4574785232543945,9
2,3.130791425704956,0
3,4.294144630432129,8
1,3.515702962875366,7
0,4.153841018676758,1
1,3.1304452419281006,0
0,2.4565892219543457,4
2,4.553981781005859,3
3,4.292501449584961,8
2,3.2950661182403564,2
3,3.5150227546691895,7
0,4.146082401275635,1
1,2.63089656829834,6
3,4.404068946838379,5
1,4.404131889343262,5
0,2.455350399017334,4
2,3.4566755294799805,9
3,4.54559850692749,3
2,3.3024792671203613,2
0,3.456376552581787,9
1,2.629805564880371,6
2,3.1243011951446533,0
3,4.136981964111328,1
1,4.293541431427002,8
0,3.5151567459106445,7
2,3.2980782985687256,2
1,4.542067527770996,3
3,4.293455123901367,8
0,2.628354549407959,6
2,3.4552440643310547,9
3,4.40102481842041,5
1,3.122530698776245,0
0,2.448486804962158,4
2,4.130956649780273,1
0,2.4471657276153564,4
3,3.513556480407715,7
1,3.513556480407715,7
0,3.2919867038726807,2
1,2.6266655921936035,6
2,4.292875289916992,8
3,4.399508476257324,5
1,3.453662395477295,9
3,4.125321388244629,1
2,3.119027853012085,0
0,4.5348334312438965,3
1,3.288041114807129,2
2,4.534450054168701,3
0,2.443449020385742,4
3,3.5112955570220947,7
2,2.6248931884765625,6
3,3.1174142360687256,0
0,4.119691848754883,1
1,4.25223970413208,8
0,3.1160757541656494,0
1,3.4504847526550293,9
3,3.4504849910736084,9
2,4.396841049194336,5
3,2.6240649223327637,6
2,4.252946376800537,8
1,4.117642402648926,1
0,4.396841049194336,5
0,3.2819032669067383,2
3,3.507711410522461,7
1,4.5275959968566895,3
2,2.4353017807006836,4
0,4.527593612670898,3
2,4.254848003387451,8
1,3.4477438926696777,9
3,3.507697105407715,7
2,3.2802205085754395,2
0,3.1077353954315186,0
3,4.109698295593262,1
1,2.432732105255127,4
2,3.2801713943481445,2
0,2.62129545211792,6
3,3.107372283935547,0
1,4.3923563957214355,5
3,2.6201231479644775,6
2,3.444920063018799,9
0,4.254415512084961,8
1,4.523199081420898,3
1,2.430461883544922,4
2,4.38972282409668,5
3,3.5065460205078125,7
0,4.1058244705200195,1
2,4.105718612670898,1
0,4.255616188049316,8
1,2.4317922592163086,4
3,3.4430222511291504,9
3,2.6248576641082764,6
2,4.385480880737305,5
0,3.0971899032592773,0
1,3.276508331298828,2
0,3.440922260284424,9
1,3.5088863372802734,7
3,4.256484508514404,8
2,4.516969680786133,3
2,3.2750322818756104,2
0,4.1033735275268555,1
3,3.0893869400024414,0
1,2.4306859970092773,4
1,2.620520830154419,6
2,4.382617473602295,5
3,4.514741897583008,3
0,3.5089516639709473,7
2,4.382607936859131,5
3,3.4400272369384766,9
0,2.620469093322754,6
1,3.508901596069336,7
1,3.263432025909424,2
2,3.082263469696045,0
0,4.100273132324219,1
3,4.513594627380371,3
1,4.25335693359375,8
2,4.253356456756592,8
3,2.4284229278564453,4
0,3.528158187866211,7
1,3.2586238384246826,2
0,2.6161715984344482,6
2,2.4286162853240967,4
3,3.078697919845581,0
2,4.096418857574463,1
1,4.508405685424805,3
3,3.459069013595581,9
0,4.379460334777832,5
2,2.614565134048462,6
3,3.254487991333008,2
0,3.5277886390686035,7
1,2.426769256591797,4
0,4.250796794891357,8
3,4.378246307373047,5
2,3.458249568939209,9
1,4.506191730499268,3
1,4.113363742828369,1
3,4.114161014556885,1
0,3.0247626304626465,0
2,3.0247631072998047,0
2,3.267889976501465,2
3,3.4573721885681152,9
1,4.830140113830566,3
0,4.647014141082764,5
0,2.9999160766601562,6
3,2.3505806922912598,4
1,4.267665863037109,8
2,3.52793025970459,7
1,4.824073791503906,3
2,4.1097822189331055,1
0,3.0226387977600098,0
3,3.4568302631378174,9
3,3.2624752521514893,2
2,3.526956558227539,7
0,4.267963409423828,8
1,2.998800277709961,6
2,4.819642066955566,3
1,4.646194934844971,5
3,2.347970962524414,4
0,3.020719051361084,0
3,3.25982666015625,2
2,4.1054158210754395,1
1,3.525996685028076,7
0,4.268199920654297,8
2,2.9978551864624023,6
1,3.455503225326538,9
0,2.3455300331115723,4
3,4.646089553833008,5
2,2.996337413787842,6
3,2.3448493480682373,4
0,3.0176844596862793,0
1,4.815108776092529,3
1,3.253333568572998,2
3,3.455028533935547,9
2,4.102532863616943,1
0,3.5247926712036133,7
3,4.103460788726807,1
0,4.647092342376709,5
1,4.2670674324035645,8
2,4.267067909240723,8
1,3.2320034503936768,2
3,2.98714542388916,6
2,3.0166914463043213,0
0,3.5246164798736572,7
2,4.647407531738281,5
1,3.456179141998291,9
3,4.808704376220703,3
0,2.339850425720215,4
3,2.9857401847839355,6
2,2.339827060699463,4
0,4.101950168609619,1
1,3.4565064907073975,9
2,4.2601165771484375,8
3,4.647854804992676,5
1,4.806595802307129,3
0,3.520643711090088,7
2,3.2922353744506836,2
0,3.0187339782714844,0
3,4.096704006195068,1
1,4.647734642028809,5
3,3.4565269947052,9
2,2.3178060054779053,4
1,4.256108283996582,8
0,3.518580913543701,7
2,3.283867597579956,2
0,2.983548641204834,6
1,2.880472183227539,0
3,4.803046226501465,3
2,4.800995826721191,3
3,2.982351303100586,6
0,2.8832645416259766,0
1,3.555342674255371,7
2,3.276256799697876,2
3,4.085503101348877,1
1,3.4567904472351074,9
0,4.252293586730957,8
3,2.9807980060577393,6
0,2.312913179397583,4
1,4.248295307159424,8
2,4.650646209716797,5
1,3.552089214324951,7
3,3.4567689895629883,9
0,4.080445289611816,1
2,4.650975227355957,5
1,3.2625958919525146,2
2,2.889458656311035,0
3,4.7946319580078125,3
0,2.3097352981567383,4
2,3.2625393867492676,2
3,2.9793014526367188,6
1,4.07614803314209,1
0,4.651496887207031,5
2,3.456127643585205,9
0,4.790474891662598,3
1,2.3077592849731445,4
3,4.237468719482422,8
2,4.651843547821045,5
0,3.4563546180725098,9
3,2.896024227142334,0
1,3.5457959175109863,7
1,3.2496461868286133,2
3,2.9014363288879395,0
2,3.5429112911224365,7
0,4.788964748382568,3
0,4.063512802124023,1
2,2.306978225708008,4
1,4.229497909545898,8
3,2.9769933223724365,6
2,3.966075897216797,1
3,2.820280075073242,0
0,3.892887592315674,8
1,4.359092712402344,3
0,2.8507494926452637,6
2,3.455303192138672,9
3,4.214853286743164,5
1,2.7425379753112793,4
1,3.1334757804870605,2
3,3.5384714603424072,7
0,4.216531753540039,5
2,3.5384714603424072,7
2,3.1334757804870605,2
0,3.4548182487487793,9
1,2.8505144119262695,6
3,3.8844809532165527,8
2,2.8382387161254883,0
1,3.9550375938415527,1
3,4.717979431152344,3
0,2.7391886711120605,4
0,3.1286587715148926,2
2,4.219724655151367,5
3,2.8382387161254883,0
1,2.850355863571167,6
3,3.4539053440093994,9
2,3.864727258682251,8
0,2.736708164215088,4
1,4.716919422149658,3
1,3.9503564834594727,1
3,3.530186176300049,7
2,3.8647305965423584,8
0,2.850050687789917,0
2,4.7158708572387695,3
3,2.8503975868225098,6
1,3.4537529945373535,9
0,3.9462265968322754,1
0,3.1177561283111572,2
1,4.223876953125,5
2,2.7345900535583496,4
3,3.5263710021972656,7
2,3.522049903869629,7
3,2.849485397338867,6
0,3.843928813934326,8
1,4.716090202331543,3
3,4.227490425109863,5
1,3.45356822013855,9
0,2.725513458251953,4
2,2.8733348846435547,0
2,3.1001713275909424,2
1,3.4543778896331787,9
0,3.5182971954345703,7
3,3.9603962898254395,1
2,3.1001715660095215,2
1,3.9603962898254395,1
3,2.8477163314819336,6
0,3.8341808319091797,8
0,2.8804094791412354,0
3,2.710583209991455,4
2,4.2318315505981445,5
1,4.717324256896973,3
3,4.717263221740723,3
0,4.231819152832031,5
2,2.8804473876953125,0
1,2.7105836868286133,4
0,3.4467554092407227,9
1,2.8453927040100098,6
3,3.506787061691284,7
2,3.8182554244995117,8
0,3.069499969482422,2
2,3.953401565551758,1
3,3.506765127182007,7
1,2.7082512378692627,4
1,4.710521697998047,3
3,3.9483461380004883,1
2,4.238166809082031,5
0,2.907912254333496,0
1,3.0569727420806885,2
0,3.448305606842041,9
2,3.809879779815674,8
3,2.844398021697998,6
3,3.4532418251037598,9
2,3.9449989795684814,1
0,4.704441547393799,3
1,4.238767147064209,5
3,3.044849395751953,2
0,2.702563762664795,4
1,3.805263042449951,8
2,2.8423900604248047,6
2,2.9250247478485107,0
3,3.941014289855957,1
0,3.5061376094818115,7
1,2.92502498626709,0
1,2.841395616531372,6
2,3.5061376094818115,7
0,4.698601722717285,3
3,3.8004870414733887,8
2,3.0285987854003906,2
1,4.239652633666992,5
3,3.455296516418457,9
0,2.6982476711273193,4
2,2.8392722606658936,6
1,3.455296039581299,9
0,2.6982479095458984,4
3,4.690883636474609,3
2,2.939608097076416,0
1,3.934260845184326,1
0,4.240156173706055,5
3,3.7948179244995117,8
2,3.022263526916504,2
1,3.934260845184326,1
3,3.5044636726379395,7
0,3.022264003753662,2
1,3.456190586090088,9
0,4.2403717041015625,5
2,3.7938971519470215,8
3,2.696932792663574,4
1,4.675420761108398,3
2,2.9426186084747314,0
3,2.837813377380371,6
0,3.505152702331543,7
3,3.930306911468506,1
2,4.240511894226074,5
0,2.94669246673584,0
1,2.836427688598633,6
1,2.695004940032959,4
3,3.791478157043457,8
0,3.50524640083313,7
2,4.667945861816406,3
1,3.011681079864502,2
3,3.011681079864502,2
0,2.950181722640991,0
2,3.4575767517089844,9
2,3.4575772285461426,9
1,3.5064001083374023,7
0,3.928791046142578,1
3,4.2397284507751465,5
2,2.6936721801757812,4
0,4.644191741943359,3
3,2.8334789276123047,6
1,3.7923924922943115,8
1,3.835108518600464,1
0,3.5078022480010986,7
2,3.458418846130371,9
3,3.792393922805786,8
2,3.008096694946289,2
0,2.6943647861480713,4
3,4.233219146728516,5
1,4.636483192443848,3
2,2.8319482803344727,6
1,2.9521126747131348,0
3,3.792973518371582,8
0,3.0080413818359375,2
0,3.8338727951049805,1
2,2.951917886734009,0
1,2.6940107345581055,4
3,3.5108656883239746,7
2,2.830812692642212,6
1,4.224462985992432,5
0,3.458543300628662,9
3,4.627328872680664,3
0,3.0074219703674316,2
3,3.458339214324951,9
2,2.829887866973877,6
1,3.5121307373046875,7
3,2.9519996643066406,0
0,3.832310438156128,1
1,4.620306968688965,3
2,3.79850435256958,8
0,2.6924781799316406,4
1,3.8308322429656982,1
2,4.212564468383789,5
3,3.513746738433838,7
1,3.0060691833496094,2
0,2.9516725540161133,0
2,2.828531265258789,6
3,2.692309617996216,4
3,3.4575893878936768,9
1,4.612313270568848,3
0,4.208249568939209,5
2,3.7984719276428223,8
0,3.457587718963623,9
2,3.5145654678344727,7
1,2.8253421783447266,6
3,2.6916723251342773,4
3,3.005354881286621,2
2,2.9513840675354004,0
1,4.2044525146484375,5
0,3.799149990081787,8
1,4.242249011993408,3
2,4.203740119934082,5
3,3.8279595375061035,1
0,3.8279600143432617,1
2,2.9507837295532227,0
1,3.7998223304748535,8
0,2.6909737586975098,4
3,3.457545757293701,9
0,2.8231728076934814,6
2,3.517545223236084,7
3,4.239096641540527,3
1,2.999911069869995,2
0,3.000133991241455,2
1,3.4576475620269775,9
3,3.5178146362304688,7
2,2.8231711387634277,6
3,2.9509663581848145,0
1,4.233614444732666,3
2,2.690939426422119,4
0,3.797677993774414,8
0,3.826011896133423,1
1,4.1933417320251465,5
2,3.45794677734375,9
3,4.193342208862305,5
3,2.996276378631592,2
2,2.820603847503662,6
1,3.5220537185668945,7
0,3.7973928451538086,8
2,2.6890225410461426,4
3,2.951441764831543,0
0,3.825247049331665,1
1,4.227713584899902,3
2,2.817512035369873,6
3,2.688009023666382,4
1,3.506617784500122,7
0,4.223846435546875,3
0,3.458679676055908,9
2,3.79720139503479,8
3,2.953547477722168,0
1,3.824699640274048,1
1,2.9929099082946777,2
2,3.7963714599609375,8
3,4.189816474914551,5
0,3.5056262016296387,7
2,2.9928781986236572,2
3,3.8215079307556152,1
0,4.21997594833374,3
1,4.189809322357178,5
0,3.4591779708862305,9
2,2.684539318084717,4
3,2.8159565925598145,6
1,2.958649158477783,0
0,2.9586257934570312,0
1,3.4589951038360596,9
3,3.505159616470337,7
2,3.795781135559082,8
3,4.207019805908203,3
2,4.178494453430176,5
1,2.6823763847351074,4
0,2.8148012161254883,6
3,2.9906036853790283,2
0,4.178353786468506,5
2,3.8161213397979736,1
1,3.510824680328369,7
2,2.989933967590332,2
3,3.4602739810943604,9
1,3.8146286010742188,1
0,2.6807680130004883,4
3,2.8141746520996094,6
2,4.201195240020752,3
0,2.965254783630371,0
1,3.7928237915039062,8
2,2.989236831665039,2
1,2.814150810241699,6
3,2.679229259490967,4
0,3.790700674057007,8
0,4.1985321044921875,3
1,3.812230110168457,1
2,4.163144111633301,5
3,3.510918140411377,7
1,3.4602513313293457,9
2,3.7885780334472656,8
0,3.4602510929107666,9
3,2.9719791412353516,0
3,2.8137242794036865,6
1,3.810255289077759,1
0,2.971710681915283,0
2,2.6785686016082764,4
3,2.9895710945129395,2
2,4.188488483428955,3
0,3.511715888977051,7
1,4.152815341949463,5
3,2.809407949447632,6
1,3.4604196548461914,9
0,3.7867584228515625,8
2,4.148064136505127,5
1,3.8051648139953613,1
3,3.4930124282836914,7
0,2.6761045455932617,4
2,4.181008338928223,3
1,2.878952741622925,2
2,2.9773361682891846,0
0,3.460756778717041,9
3,3.493605852127075,7
2,2.8801350593566895,2
1,2.8097987174987793,6
0,2.6747472286224365,4
3,3.787221908569336,8
0,3.80161190032959,1
1,4.130498886108398,5
2,2.9800853729248047,0
3,4.174631118774414,3
1,3.7989559173583984,1
0,3.4951236248016357,7
3,2.6739869117736816,4
2,4.120663642883301,5
1,4.169585704803467,3
3,2.8821053504943848,2
0,2.9820284843444824,0
2,3.7878501415252686,8
2,3.4606709480285645,9
1,3.787795066833496,8
3,2.8093137741088867,6
0,2.672574520111084,4
2,2.80930233001709,6
1,4.1103739738464355,5
0,3.49452543258667,7
3,3.7962398529052734,1
3,2.8836464881896973,2
2,4.164144039154053,3
0,3.4604549407958984,9
1,2.989539384841919,0
0,2.8086767196655273,6
1,2.989532470703125,0
3,3.783823013305664,8
2,3.4603590965270996,9
1,2.8829705715179443,2
3,2.670943260192871,4
2,3.7852747440338135,1
0,4.162212371826172,3
3,3.459745407104492,9
0,4.09747314453125,5
1,3.492176055908203,7
2,2.669872760772705,4
0,3.763962745666504,1
3,2.8836636543273926,2
1,4.092417240142822,5
2,2.9983131885528564,0
0,4.514409065246582,3
3,3.490861654281616,7
2,3.7774901390075684,8
1,2.8092422485351562,6
0,2.885286569595337,2
3,3.4588088989257812,9
2,3.0039143562316895,0
1,4.513270378112793,3
1,3.7555348873138428,1
2,2.8094844818115234,6
0,3.774663209915161,8
3,2.6674375534057617,4
2,3.4879701137542725,7
3,3.77234148979187,8
1,4.0838117599487305,5
0,4.0838117599487305,5
0,3.749765634536743,1
1,2.809326171875,6
2,2.6656785011291504,4
3,4.513486385345459,3
0,3.014928102493286,0
3,3.4568097591400146,9
1,2.8860788345336914,2
2,3.483372926712036,7
3,2.8864083290100098,2
0,3.456371784210205,9
2,3.014737129211426,0
1,2.6643075942993164,4
0,4.067973613739014,5
1,2.808363437652588,6
2,3.482848644256592,7
3,3.769505500793457,8
2,4.10033655166626,5
3,3.724642515182495,1
0,4.506459712982178,3
1,4.5064592361450195,3
2,2.887026309967041,2
1,2.8046016693115234,6
0,3.4832448959350586,7
3,3.0181899070739746,0
1,3.4566593170166016,9
2,3.721588611602783,1
0,2.662045478820801,4
3,3.7684454917907715,8
2,3.483794689178467,7
0,3.721092700958252,1
1,4.501229286193848,3
3,3.768209457397461,8
1,3.02304744720459,0
2,3.4564480781555176,9
0,2.804391860961914,6
3,2.661153793334961,4
3,2.888576030731201,2
2,2.661391258239746,4
1,4.073981285095215,5
0,2.888576030731201,2
3,2.803931713104248,6
1,3.769181728363037,8
0,3.0227527618408203,0
2,3.45611572265625,9
0,3.484081745147705,7
3,4.496358394622803,3
1,4.066837310791016,5
2,3.718165636062622,1
2,3.022404193878174,0
3,3.76961088180542,8
0,3.483397960662842,7
1,4.064538955688477,5
3,2.8902509212493896,2
1,3.716367244720459,1
2,2.659446954727173,4
0,4.516477108001709,3
0,2.8020339012145996,6
3,2.8020339012145996,6
1,3.48293399810791,7
2,3.4552106857299805,9
2,4.5144524574279785,3
1,2.657848834991455,4
0,3.7692859172821045,8
3,3.022223949432373,0
3,3.710822582244873,1
1,3.4545860290527344,9
2,2.8912651538848877,2
0,4.0514607429504395,5
2,2.891432046890259,2
1,3.7108705043792725,1
0,4.177148818969727,3
3,3.4826626777648926,7
0,2.8019397258758545,6
1,4.046725749969482,5
2,3.77030873298645,8
3,2.654930830001831,4
3,2.891313314437866,2
2,3.4540014266967773,9
1,3.4814980030059814,7
0,3.0218727588653564,0
3,4.5033040046691895,3
1,3.0213279724121094,0
0,4.042610168457031,5
2,3.7055444717407227,1
2,2.800900459289551,6
3,2.6523663997650146,4
0,3.771958351135254,8
1,3.453904628753662,9
1,2.7998251914978027,6
3,3.7038791179656982,1
0,3.453421115875244,9
2,3.0208468437194824,0
2,2.8921055793762207,2
0,2.6506409645080566,4
1,3.481053352355957,7
3,4.038861274719238,5
2,4.035168170928955,5
0,3.7757997512817383,8
3,4.496045112609863,3
1,3.7757997512817383,8
1,3.452739715576172,9
3,3.015859365463257,0
0,3.703218460083008,1
2,2.6497247219085693,4
3,2.894524574279785,2
2,3.4821300506591797,7
1,2.7978742122650146,6
0,4.493686199188232,3
1,2.8945250511169434,2
2,3.4520068168640137,9
3,3.014284133911133,0
0,3.775192975997925,8
1,4.02628755569458,5
2,3.4828062057495117,7
0,2.649055004119873,4
3,4.161009311676025,3
3,2.79353666305542,6
1,3.7010726928710938,1
2,2.895914316177368,2
0,2.6488051414489746,4
0,2.7926840782165527,6
3,4.159531116485596,3
1,3.012495517730713,0
2,3.7000010013580322,1
0,3.4506120681762695,9
3,4.021520137786865,5
2,3.7739033699035645,8
1,3.482145309448242,7
3,4.158831596374512,3
0,3.6993680000305176,1
2,2.792262554168701,6
1,4.0189971923828125,5
0,2.8980765342712402,2
2,3.7735981941223145,8
3,3.4810829162597656,7
1,2.6472764015197754,4
3,2.7913384437561035,6
1,3.4483561515808105,9
2,3.697967529296875,1
0,3.0118470191955566,0
0,2.8999433517456055,2
3,3.447841167449951,9
1,4.009504318237305,5
2,3.4809439182281494,7
2,3.0091652870178223,0
3,2.647434711456299,4
0,4.157100200653076,3
1,3.8059608936309814,8
2,2.9024581909179688,2
3,4.156489849090576,3
0,2.6471474170684814,4
1,4.00124454498291,5
2,3.6962990760803223,1
1,3.446650505065918,9
0,3.006683826446533,0
3,2.7894287109375,6
2,3.482081174850464,7
3,3.784524917602539,8
1,2.6467208862304688,4
0,3.482081174850464,7
3,4.154869556427002,3
0,3.0006189346313477,0
1,3.6965134143829346,1
2,3.4458518028259277,9
0,2.905909776687622,2
1,2.7840075492858887,6
3,3.990884780883789,5
2,3.7832083702087402,8
2,3.4447379112243652,9
0,2.783869504928589,6
1,3.486410617828369,7
3,3.7831854820251465,8
0,2.9069042205810547,2
2,2.99422550201416,0
1,2.6472575664520264,4
3,3.6951210498809814,1
2,4.155598163604736,3
1,3.6944334506988525,1
3,3.9867935180664062,5
0,3.4437289237976074,9
2,2.9086544513702393,2
1,3.4869425296783447,7
3,4.1552300453186035,3
0,3.9777660369873047,5
1,2.779935598373413,6
3,2.646653890609741,4
0,2.99190616607666,0
2,3.780951976776123,8
1,3.7137842178344727,1
3,2.6479554176330566,4
0,3.97068452835083,5
2,3.5002639293670654,7
1,3.4418296813964844,9
0,2.984203338623047,0
2,4.155706405639648,3
3,2.9107489585876465,2
2,4.155444622039795,3
1,2.7766475677490234,6
3,3.784191131591797,8
0,3.5021586418151855,7
0,3.9592018127441406,5
3,2.977552890777588,0
1,2.776599407196045,6
2,2.9132773876190186,2
2,3.7133917808532715,1
1,3.4398999214172363,9
3,2.648378610610962,4
0,3.7859303951263428,8
2,2.7745754718780518,6
0,3.4398789405822754,9
3,3.434894561767578,7
1,3.78593111038208,8
3,2.917222499847412,2
2,3.713361978530884,1
1,4.1585798263549805,3
0,2.6497178077697754,4
0,4.15792989730835,3
2,2.9674994945526123,0
3,3.9425833225250244,5
1,3.4880504608154297,7
1,3.7812142372131348,8
0,3.9373650550842285,5
3,2.7668871879577637,6
2,2.6502623558044434,4
2,2.918996810913086,2
1,3.431828260421753,9
0,2.9637861251831055,0
3,3.7115895748138428,1
0,3.534909248352051,7
2,2.7647786140441895,6
3,3.9302620887756348,5
1,2.960577964782715,0
1,2.9203197956085205,2
0,4.167269229888916,3
2,3.4294309616088867,9
3,3.7779715061187744,8
3,2.6493706703186035,4
1,3.7085561752319336,1
2,2.9203548431396484,2
0,3.4276952743530273,9
0,4.171712398529053,3
3,2.959322452545166,0
2,3.775416612625122,8
1,2.6493704319000244,4
0,3.5321738719940186,7
2,3.9201130867004395,5
1,3.703634262084961,1
3,2.76230525970459,6
3,2.9232771396636963,2
0,3.703634262084961,1
1,3.9200878143310547,5
2,3.7729063034057617,8
0,3.8977816104888916,3
1,2.7612462043762207,6
3,3.4218850135803223,9
2,3.5310301780700684,7
0,2.647477626800537,4
1,2.9559326171875,0
3,3.700900077819824,1
2,3.897130012512207,3
2,3.4182934761047363,9
3,3.5294084548950195,7
0,2.9259865283966064,2
1,3.7686657905578613,8
2,2.6467626094818115,4
3,2.7594358921051025,6
0,3.9144694805145264,5
1,2.9543943405151367,0
1,3.696204900741577,1
2,3.9131264686584473,5
0,3.5162973403930664,7
3,3.766108989715576,8
1,2.926800012588501,2
2,3.414731025695801,9
3,2.646712303161621,4
0,2.952709197998047,0
3,2.9260270595550537,2
0,3.9239797592163086,3
1,2.756788730621338,6
2,3.912322521209717,5
0,2.6456713676452637,4
2,3.7609972953796387,8
3,2.756507396697998,6
1,3.41190767288208,9
2,2.952174663543701,0
0,3.5134787559509277,7
3,3.6913769245147705,1
1,3.944589614868164,3
1,3.409311056137085,9
2,2.926945447921753,2
3,2.951606273651123,0
0,3.5126290321350098,7
1,2.6452574729919434,4
0,3.94637131690979,3
3,3.9101722240448,5
2,3.756861686706543,8
3,3.9585771560668945,3
1,3.6877567768096924,1
0,3.9103755950927734,5
2,2.7466213703155518,6
0,2.6447396278381348,4
3,2.9288408756256104,2
1,3.5098466873168945,7
2,3.753955364227295,8
2,2.7455668449401855,6
0,3.6861391067504883,1
1,2.9502625465393066,0
3,3.4013309478759766,9
0,2.744971752166748,6
1,3.507664680480957,7
2,3.910691976547241,5
3,3.971147060394287,3
1,2.9267003536224365,2
2,2.6433253288269043,4
3,3.747252941131592,8
0,2.9501731395721436,0
1,3.683311700820923,1
3,2.927039861679077,2
0,3.3981876373291016,9
2,3.6829652786254883,1
2,2.6420717239379883,4
3,4.31112003326416,3
0,4.026857852935791,5
1,2.7426748275756836,6
3,3.4165101051330566,9
2,3.5168709754943848,7
0,2.9500885009765625,0
1,3.7458105087280273,8
3,2.9262757301330566,2
0,2.9482855796813965,0
1,3.6798603534698486,1
2,4.319601058959961,3
1,2.7411398887634277,6
0,3.7687294483184814,8
2,2.6411499977111816,4
3,4.021363258361816,5
0,2.927628993988037,2
1,3.4131438732147217,9
2,3.5159101486206055,7
3,3.5159101486206055,7
1,2.739136219024658,6
3,3.684603214263916,1
2,4.020073890686035,5
0,3.7698235511779785,8
0,2.6411657333374023,4
3,3.4118990898132324,9
2,4.337093353271484,3
1,2.933483123779297,0
0,3.68464994430542,1
2,4.018665313720703,5
1,3.770357847213745,8
3,3.5158119201660156,7
3,3.409330129623413,9
1,2.6411356925964355,4
0,2.92598295211792,2
2,2.7356650829315186,6
3,3.405803918838501,9
1,2.9233641624450684,0
0,3.5343050956726074,7
2,4.3560590744018555,3
0,3.7823617458343506,1
2,2.733980655670166,6
3,4.356067180633545,3
1,4.016711711883545,5
0,2.92592716217041,2
2,2.6404805183410645,4
3,2.9211716651916504,0
1,3.770918369293213,8
0,3.4020397663116455,9
1,2.920741319656372,0
3,3.5337038040161133,7
2,4.016386032104492,5
2,2.926741600036621,2
3,2.6414356231689453,4
0,3.7820277214050293,1
1,2.7323060035705566,6
2,2.9271607398986816,2
0,2.640651226043701,4
3,4.368224143981934,3
1,3.7726664543151855,8
1,2.908707618713379,0
2,3.553915500640869,7
0,3.7809839248657227,1
3,3.772855281829834,8
0,3.396380662918091,9
1,4.015211582183838,5
3,2.7208616733551025,6
2,4.373649597167969,3
2,2.9253716468811035,2
1,4.014530181884766,5
0,3.395569324493408,9
3,2.6410069465637207,4
3,3.7803359031677246,1
1,2.899711847305298,0
2,4.378320693969727,3
0,2.718444585800171,6
3,3.554020881652832,7
2,4.384012699127197,3
0,3.777188777923584,8
1,4.013599395751953,5
2,2.923067569732666,2
1,3.5537827014923096,7
0,3.7787909507751465,1
3,3.3935959339141846,9
2,2.715104341506958,6
3,2.892488956451416,0
0,2.639993190765381,4
1,3.778912305831909,8
2,2.9225666522979736,2
0,3.7779831886291504,1
1,4.389207363128662,3
3,3.7788822650909424,8
2,2.640207290649414,4
1,2.7135610580444336,6
0,3.3880767822265625,9
3,4.01478910446167,5
1,2.92338228225708,2
0,3.554079055786133,7
3,2.881972312927246,0
2,3.554079294204712,7
2,2.7123022079467773,6
3,3.7775442600250244,1
1,2.881950855255127,0
0,3.782209634780884,8
0,3.386209011077881,9
2,4.394994735717773,3
1,4.015352249145508,5
3,2.638073682785034,4
0,2.874023914337158,0
2,4.078669548034668,1
1,2.637584686279297,4
3,3.7848024368286133,8
3,2.7016067504882812,6
1,3.5555567741394043,7
0,4.3969621658325195,3
2,3.384638786315918,9
2,2.924644947052002,2
0,2.924644708633423,2
3,4.009464740753174,5
1,3.5557546615600586,7
3,2.6990392208099365,6
1,4.082004070281982,1
0,4.008718967437744,5
2,2.6394999027252197,4
1,4.397869110107422,3
2,2.849276542663574,0
3,3.38222074508667,9
0,3.794888973236084,8
3,2.697338104248047,6
2,2.8414831161499023,0
0,2.9300994873046875,2
1,3.3813846111297607,9
0,2.6392226219177246,4
2,4.082157611846924,1
3,4.006962299346924,5
1,3.79710054397583,8
3,4.083405017852783,1
0,2.8341238498687744,0
2,3.563981533050537,7
1,4.400883674621582,3
0,2.9316391944885254,2
3,3.3806850910186768,9
2,3.5639047622680664,7
1,3.799300193786621,8
2,2.684757709503174,6
0,4.3954925537109375,3
1,2.6434221267700195,4
3,3.9946494102478027,5
0,4.395506381988525,3
3,3.5695250034332275,7
1,3.994560480117798,5
2,2.9368605613708496,2
3,4.08919095993042,1
2,2.804144859313965,0
1,3.3780736923217773,9
0,2.6831676959991455,6
2,2.6831679344177246,6
0,2.64412522315979,4
3,3.3780736923217773,9
1,3.810600757598877,8
2,4.089986324310303,1
1,2.7970781326293945,0
3,3.572643280029297,7
0,4.393913269042969,3
3,2.9414138793945312,2
0,2.6456551551818848,4
2,3.986607074737549,5
1,3.813486099243164,8
0,4.391636848449707,3
2,2.791834831237793,0
3,3.9830102920532227,5
1,4.091059684753418,1
2,3.573092460632324,7
0,2.6799426078796387,6
1,2.6449737548828125,4
3,3.815355062484741,8
3,2.942474365234375,2
2,3.3772354125976562,9
0,3.377234935760498,9
1,3.574073553085327,7
2,2.677834987640381,6
0,3.977904796600342,5
3,2.6492366790771484,4
1,2.785914421081543,0
1,4.093592643737793,1
2,4.380882263183594,3
0,3.820106029510498,8
3,2.942131519317627,2
1,4.093102931976318,1
3,3.8200786113739014,8
2,2.782163381576538,0
0,3.971259593963623,5
0,3.3771631717681885,9
2,2.648249387741089,4
3,2.667701244354248,6
1,4.379344940185547,3
0,2.9414920806884766,2
3,2.9414920806884766,2
2,3.57358455657959,7
1,3.8211746215820312,8
3,4.092143535614014,1
2,2.6670732498168945,6
0,2.6479134559631348,4
1,3.573716163635254,7
2,3.9629199504852295,5
1,2.7802276611328125,0
0,3.3771042823791504,9
3,4.378316879272461,3
1,2.9409213066101074,2
0,3.9595866203308105,5
3,4.369345664978027,3
2,3.574157238006592,7
2,4.091501712799072,1
0,2.778836250305176,0
1,3.3771305084228516,9
3,3.8237833976745605,8
2,2.6466031074523926,4
0,4.3687005043029785,3
1,3.8238251209259033,8
3,2.6662027835845947,6
2,4.0915679931640625,1
0,2.6446094512939453,4
1,3.9556074142456055,5
3,3.57387113571167,7
0,2.940964937210083,2
2,2.7781848907470703,0
1,3.3761346340179443,9
3,2.665097951889038,6
3,2.941194772720337,2
1,2.6571743488311768,6
0,3.825963020324707,8
2,4.352474689483643,3
3,4.091324806213379,1
2,2.7777771949768066,0
1,3.613302230834961,7
0,3.9526662826538086,5
2,2.6433260440826416,4
0,3.375298500061035,9
3,2.6433258056640625,4
1,2.656296730041504,6
2,3.3751611709594727,9
0,3.61442232131958,7
3,3.949976682662964,5
1,4.346096515655518,3
0,2.9442496299743652,2
2,2.7687559127807617,0
1,4.091789722442627,1
3,3.8311266899108887,8
1,2.944279909133911,2
2,3.374673843383789,9
0,2.6427388191223145,4
3,2.768763542175293,0
3,3.9608564376831055,1
0,2.6547718048095703,6
1,4.341235160827637,3
2,3.833035469055176,8
2,3.6138598918914795,7
3,3.947962760925293,5
0,3.6138596534729004,7
1,3.4763412475585938,9
2,2.6543712615966797,6
3,2.7663161754608154,0
1,3.947659730911255,5
0,3.8336381912231445,8
2,3.9560132026672363,1
1,2.9460525512695312,2
0,4.406286239624023,3
3,2.6403939723968506,4
3,3.6124444007873535,7
1,2.766721725463867,0
0,3.4771535396575928,9
2,4.38995361328125,3
1,2.9466280937194824,2
0,3.9533042907714844,1
3,2.646588087081909,6
2,3.8350298404693604,8
3,2.63730525970459,4
0,3.478254795074463,9
2,2.63730525970459,4
1,3.944882869720459,5
3,2.947446346282959,2
2,3.944838047027588,5
1,3.9517550468444824,1
0,3.6101608276367188,7
2,2.646319627761841,6
3,4.373736381530762,3
1,2.7674217224121094,0
0,3.8115663528442383,8
2,2.9463982582092285,2
3,2.6364760398864746,4
0,4.373737335205078,3
1,3.478717803955078,9
2,2.77121901512146,0
3,3.9490299224853516,1
1,3.607187271118164,7
0,3.8095359802246094,8
2,2.9446864128112793,2
3,2.64630126953125,6
0,3.9442601203918457,5
1,4.368337631225586,3
1,3.4785819053649902,9
0,3.944002628326416,5
2,3.8081765174865723,8
3,3.5864388942718506,7
0,2.639847755432129,6
1,2.633969783782959,4
2,3.947643756866455,1
3,2.7735595703125,0
2,3.9456424713134766,1
1,3.477822780609131,9
3,3.581908702850342,7
0,4.357933044433594,3
2,2.942721366882324,2
1,2.778053045272827,0
3,2.632558822631836,4
0,3.805830717086792,8
2,2.6402604579925537,6
0,3.9429426193237305,5
3,4.33991003036499,3
1,3.806493043899536,8
2,2.640260696411133,6
1,3.5796332359313965,7
0,2.781506061553955,0
3,3.481485605239868,9
2,2.939612865447998,2
3,2.6252591609954834,4
0,3.9452085494995117,1
1,3.9423038959503174,5
2,2.9396121501922607,2
3,2.6398544311523438,6
0,3.945209264755249,1
1,4.324304103851318,3
3,2.7867836952209473,0
2,3.4835028648376465,9
1,3.5761313438415527,7
0,2.6251587867736816,4
2,3.94395112991333,5
0,3.806147575378418,8
3,4.318645000457764,3
1,3.8061485290527344,8
2,2.936558246612549,2
0,2.7895610332489014,0
3,3.9433183670043945,1
1,3.482546329498291,9
0,3.944310426712036,5
1,2.6234471797943115,4
3,2.6390953063964844,6
2,3.573939800262451,7
3,2.6345386505126953,6
1,2.791262626647949,0
2,3.5739023685455322,7
0,2.623469829559326,4
0,3.9453165531158447,1
3,3.4909629821777344,9
2,4.299263000488281,3
1,3.9451823234558105,5
2,3.4909443855285645,9
3,2.7964701652526855,0
0,3.804351329803467,8
1,2.917238473892212,2
2,3.942735433578491,1
3,2.6211137771606445,4
0,2.63202166557312,6
1,3.8025288581848145,8
3,2.909233570098877,2
0,3.5772252082824707,7
2,3.9480996131896973,5
1,4.297238826751709,3
3,3.9407455921173096,1
0,2.90437912940979,2
1,3.49008846282959,9
2,2.807116746902466,0
1,2.6319541931152344,6
0,2.6199705600738525,4
2,3.9486637115478516,5
3,3.8011221885681152,8
2,3.9406020641326904,1
1,3.5749454498291016,7
3,4.2819013595581055,3
0,3.801849603652954,8
2,2.6318750381469727,6
3,3.490950584411621,9
1,2.9011130332946777,2
0,2.619208812713623,4
1,3.9497599601745605,5
0,2.815579414367676,0
3,3.5740485191345215,7
2,4.268599033355713,3
3,2.6173176765441895,4
1,3.9396915435791016,1
2,3.5739331245422363,7
0,4.2685346603393555,3
0,2.894418954849243,2
2,2.8145766258239746,0
1,3.9509377479553223,5
3,3.8031864166259766,8
2,2.726078510284424,6
3,2.7260782718658447,6
0,3.5742740631103516,7
1,3.493612289428711,9
2,3.94049072265625,1
1,2.615731716156006,4
0,4.248652935028076,3
3,3.4942452907562256,9
1,2.8929765224456787,2
3,2.814117431640625,0
2,3.951866626739502,5
0,3.804476737976074,8
2,2.72617506980896,6
3,2.8151745796203613,0
0,4.214812278747559,3
1,2.6145520210266113,4
2,3.952676773071289,5
0,3.8092904090881348,8
1,3.9486289024353027,1
3,3.5025858879089355,7
2,2.8918919563293457,2
1,3.950864315032959,1
3,3.5072364807128906,9
0,3.5023226737976074,7
3,3.50715970993042,9
0,3.953047513961792,5
2,2.614098310470581,4
1,3.8108997344970703,8
0,2.890657424926758,2
1,2.821078300476074,0
3,2.7269320487976074,6
2,4.465943813323975,3
2,2.890657424926758,2
3,2.821068286895752,0
1,3.9553627967834473,5
0,3.8112916946411133,8
0,2.6119322776794434,4
3,3.9540390968322754,1
1,3.5157968997955322,9
2,3.5009706020355225,7
0,2.7258095741271973,6
2,4.537951469421387,3
3,2.725809335708618,6
1,3.5009708404541016,7
3,2.890129804611206,2
2,3.8115320205688477,8
1,3.9498772621154785,5
0,2.6096768379211426,4
2,3.9549026489257812,1
1,3.519256114959717,9
0,2.826788902282715,0
3,4.5321431159973145,3
2,2.6080026626586914,4
3,3.52023983001709,9
1,3.954313278198242,1
0,3.8096370697021484,8
0,2.726511001586914,6
3,2.8894639015197754,2
2,3.949460506439209,5
1,3.4995341300964355,7
1,4.527980327606201,3
2,2.832232713699341,0
0,3.520334243774414,9
3,3.498623847961426,7
2,3.9496006965637207,5
3,4.525073051452637,3
0,2.6065962314605713,4
1,2.7270045280456543,6
0,2.8887815475463867,2
1,2.836479425430298,0
3,3.953162670135498,1
2,3.8072617053985596,8
2,2.7275400161743164,6
1,4.522589683532715,3
3,3.5217649936676025,9
0,2.889224052429199,2
0,2.843003988265991,0
2,2.604564666748047,4
1,3.9518680572509766,1
3,3.938663959503174,5
0,3.4957871437072754,7
2,2.7290287017822266,6
3,3.805290460586548,8
1,3.938490867614746,5
1,4.513724327087402,3
0,3.4949707984924316,7
3,2.8472397327423096,0
2,3.8042004108428955,8
3,2.889275550842285,2
1,3.9513378143310547,1
0,2.6022894382476807,4
2,3.523540496826172,9
3,3.9513039588928223,1
2,2.7298648357391357,6
0,2.847339630126953,0
1,2.602071762084961,4
3,2.8892953395843506,2
0,3.524956226348877,9
1,3.803969621658325,8
2,3.927288770675659,5
0,3.8039801120758057,8
3,4.509238243103027,3
2,3.4943742752075195,7
1,3.525547981262207,9
1,2.730640411376953,6
0,4.508360862731934,3
3,3.4923930168151855,7
2,3.9209837913513184,5
0,2.8575634956359863,0
1,3.947960376739502,1
2,2.5967020988464355,4
3,2.8890199661254883,2
2,2.8572726249694824,0
3,2.5955281257629395,4
1,3.917066812515259,5
0,3.8033289909362793,8
3,3.4925525188446045,7
1,3.5250649452209473,9
2,3.9470858573913574,1
0,4.506765365600586,3
3,2.8902134895324707,2
2,3.4920191764831543,7
0,2.7332205772399902,6
1,3.9461097717285156,1
0,2.8905887603759766,2
2,2.8567817211151123,0
1,2.7339649200439453,6
3,3.803736925125122,8
0,3.9071521759033203,5
3,2.5929641723632812,4
2,3.523648262023926,9
1,4.501243591308594,3
1,2.5929641723632812,4
3,3.4921627044677734,7
0,4.501223564147949,3
2,2.7343850135803223,6
1,2.8929247856140137,2
2,3.9433560371398926,1
3,3.5226736068725586,9
0,2.8570070266723633,0
3,3.9433560371398926,1
0,3.9002108573913574,5
1,2.734544038772583,6
2,3.8050384521484375,8
0,2.5908961296081543,4
3,3.8066067695617676,8
1,3.49285888671875,7
2,4.496420860290527,3
1,2.894709825515747,2
2,3.5230700969696045,9
0,2.857053756713867,0
3,3.8937149047851562,5
1,2.5905065536499023,4
2,2.8530917167663574,0
3,3.4941954612731934,7
0,4.492188453674316,3
3,2.896958351135254,2
2,3.888678550720215,5
1,3.942685127258301,1
0,3.809701681137085,8
3,2.7398340702056885,6
2,3.5222413539886475,9
0,2.7398340702056885,6
1,2.898500919342041,2
2,2.851156711578369,0
3,3.8864336013793945,5
0,3.4951958656311035,7
1,3.8118064403533936,8
2,2.5890326499938965,4
0,3.9371047019958496,1
3,3.522805690765381,9
1,4.483726501464844,3
3,2.8999381065368652,2
0,3.522805690765381,9
1,3.4959559440612793,7
2,3.8145902156829834,8
1,3.9359326362609863,1
0,2.8486311435699463,0
3,4.476941108703613,3
2,3.87955904006958,5
2,2.740035057067871,6
0,3.8165509700775146,8
3,2.5873160362243652,4
1,3.4970808029174805,7
1,2.9031729698181152,2
0,4.472486972808838,3
3,2.7403135299682617,6
2,3.523895025253296,9
2,3.9347424507141113,1
0,2.586170196533203,4
1,2.847353219985962,0
3,3.8776769638061523,5
2,2.9050216674804688,2
1,4.469683647155762,3
3,2.7401561737060547,6
0,3.523172378540039,9
3,3.876004934310913,5
1,2.585129737854004,4
0,2.8473386764526367,0
2,3.819434642791748,8
0,2.9067835807800293,2
3,3.9263720512390137,1
2,3.4979426860809326,7
1,3.819849967956543,8
0,2.746997356414795,6
2,4.463210105895996,3
1,3.8752005100250244,5
3,3.0873823165893555,4
0,3.518387794494629,9
2,3.9227497577667236,1
3,2.8467977046966553,0
1,3.4979496002197266,7
2,4.462183952331543,3
0,2.7462587356567383,6
3,3.4979496002197266,7
1,2.908088207244873,2
2,2.8464159965515137,0
3,3.9207844734191895,1
1,3.517700433731079,9
0,3.0841245651245117,4
2,4.460366249084473,3
1,3.8732118606567383,5
0,3.8732120990753174,5
3,3.8214364051818848,8
0,3.0832483768463135,4
1,3.516030788421631,9
3,3.8214359283447266,8
2,2.74599289894104,6
0,2.846165657043457,0
1,3.497709274291992,7
2,3.9200212955474854,1
3,2.909019947052002,2
3,3.081559658050537,4
1,2.8458807468414307,0
2,4.45950984954834,3
0,3.9177348613739014,1
0,3.872267007827759,5
1,3.497559070587158,7
2,2.9094128608703613,2
3,2.7449488639831543,6
0,3.514619827270508,9
3,3.822086811065674,8
2,3.8722338676452637,5
1,3.5146193504333496,9
2,2.908172607421875,2
0,3.497769355773926,7
1,2.845538854598999,0
3,3.0805068016052246,4
0,2.7443299293518066,6
2,4.458488941192627,3
1,3.9166042804718018,1
3,3.822909355163574,8
0,2.908159017562866,2
1,3.871429443359375,5
2,3.079530715942383,4
3,2.744215726852417,6
0,2.845832109451294,0
3,3.9122064113616943,1
2,3.823380708694458,8
1,4.459138870239258,3
0,3.9122064113616943,1
2,3.498533248901367,7
3,3.8233721256256104,8
1,3.511998176574707,9
0,2.9069180488586426,2
3,3.4985334873199463,7
1,2.845672845840454,0
2,3.8705272674560547,5
1,2.7456934452056885,6
2,3.512112617492676,9
0,3.0741043090820312,4
3,4.168008804321289,3
1,4.170569896697998,3
2,3.820875644683838,8
3,3.073021173477173,4
0,3.9082109928131104,1
0,3.510249376296997,9
1,3.870377540588379,5
3,2.7450332641601562,6
2,2.905319929122925,2
2,2.848369836807251,0
0,4.17056941986084,3
3,3.9082107543945312,1
1,3.498650550842285,7
2,3.4969534873962402,7
1,2.852440357208252,0
0,3.8706161975860596,5
3,3.818452835083008,8
3,2.9035046100616455,2
2,3.071570873260498,4
1,2.7446789741516113,6
0,3.508857250213623,9
0,4.173886299133301,3
2,3.071559429168701,4
3,3.9047892093658447,1
1,3.870481014251709,5
0,2.7446961402893066,6
3,2.9035043716430664,2
2,3.4966397285461426,7
1,3.508857011795044,9
3,2.857998847961426,0
1,3.814924955368042,8
2,2.857998847961426,0
0,3.0701651573181152,4
2,2.9012436866760254,2
0,3.8711438179016113,5
1,3.8149280548095703,8
3,4.177596092224121,3
1,2.744565963745117,6
2,3.506514072418213,9
0,3.895092487335205,1
3,3.4740757942199707,7
2,2.901169776916504,2
3,3.8950555324554443,1
1,3.474029779434204,7
0,3.07016658782959,4
2,3.8716275691986084,5
3,4.181360244750977,3
1,2.8569583892822266,0
0,3.5047597885131836,9
0,2.7476682662963867,6
2,3.8139419555664062,8
3,3.8139419555664062,8
1,4.181314468383789,3
0,3.4725184440612793,7
1,3.8719563484191895,5
3,3.0661396980285645,4
2,3.504728317260742,9
0,2.8999598026275635,2
2,3.891909599304199,1
3,2.7469213008880615,6
1,2.856067180633545,0
1,4.184539318084717,3
0,3.813108444213867,8
3,2.856067180633545,0
2,2.7469215393066406,6
3,3.891798734664917,1
1,3.064608097076416,4
0,3.503166675567627,9
2,2.8999600410461426,2
0,3.8703269958496094,5
2,3.470716953277588,7
3,3.8703267574310303,5
1,3.8135247230529785,8
1,2.8998336791992188,2
3,3.470717191696167,7
2,2.8557286262512207,0
0,3.063577175140381,4
1,2.747558116912842,6
2,3.502981662750244,9
0,3.8907909393310547,1
3,4.185144424438477,3
1,2.8988945484161377,2
2,3.062037944793701,4
3,3.869321823120117,5
0,3.8901522159576416,1
2,2.746910333633423,6
0,3.4697251319885254,7
3,3.501335382461548,9
1,3.813265323638916,8
0,2.8975913524627686,2
2,4.1831440925598145,3
3,2.855483055114746,0
1,2.855483055114746,0
1,2.747055768966675,6
2,3.5017218589782715,9
3,3.813251495361328,8
0,3.470116138458252,7
2,3.888763427734375,1
1,3.0586977005004883,4
0,4.186695098876953,3
3,3.8643393516540527,5
2,3.469430685043335,7
0,3.500850200653076,9
1,3.8643393516540527,5
3,3.8135719299316406,8
1,2.8958888053894043,2
0,4.186698913574219,3
2,3.8887627124786377,1
3,2.8556809425354004,0
0,2.896141767501831,2
2,2.8556556701660156,0
1,2.748579502105713,6
3,3.0584876537323,4
3,2.748178720474243,6
1,3.887521266937256,1
0,3.053832769393921,4
2,4.19041109085083,3
2,3.5006279945373535,9
1,3.859086275100708,5
0,3.8139078617095947,8
3,3.4679107666015625,7
2,2.892764091491699,2
3,3.8580174446105957,5
1,4.194190502166748,3
0,3.0481033325195312,4
2,3.8854012489318848,1
0,3.4617552757263184,7
3,3.4989418983459473,9
1,3.8150534629821777,8
2,2.7476656436920166,6
0,2.8566999435424805,0
3,3.8555831909179688,5
1,2.7476658821105957,6
2,3.885504722595215,1
0,3.042287826538086,4
1,2.8561251163482666,0
3,4.200039863586426,3
0,2.8912830352783203,2
1,3.4597530364990234,7
3,3.4978528022766113,9
2,3.815843343734741,8
3,4.202822685241699,3
2,2.855677604675293,0
0,3.4593968391418457,7
1,3.0417160987854004,4
0,3.8844590187072754,1
2,2.750709056854248,6
3,2.8908300399780273,2
1,3.4953975677490234,9
3,2.750563144683838,6
1,3.8419699668884277,5
2,3.0398736000061035,4
0,3.816319704055786,8
3,2.8902781009674072,2
0,3.8410141468048096,5
1,3.4566428661346436,7
2,2.8530983924865723,0
1,3.493824005126953,9
0,3.8894693851470947,1
2,3.828732490539551,8
3,4.211170196533203,3
2,3.4920530319213867,9
3,2.85140323638916,0
1,3.0347204208374023,4
0,3.833110809326172,5
0,2.749269485473633,6
1,3.457322359085083,7
2,3.830900192260742,8
3,4.215648651123047,3
3,2.8913116455078125,2
0,3.8884239196777344,1
2,3.824640989303589,5
1,3.832749366760254,8
0,2.8924829959869385,2
2,4.221436500549316,3
3,3.489931583404541,9
1,2.840796947479248,0
1,2.748966693878174,6
0,3.026345729827881,4
2,3.8881828784942627,1
3,3.457472324371338,7
0,2.7488389015197754,6
1,3.9342780113220215,3
2,3.488807201385498,9
3,3.026243209838867,4
3,2.892873764038086,2
0,3.4787745475769043,7
2,3.8070244789123535,5
1,3.8340706825256348,8
2,2.893509864807129,2
1,3.8886826038360596,1
0,3.0228137969970703,4
3,2.836540699005127,0
0,3.7993245124816895,5
3,3.8329343795776367,8
1,3.8875060081481934,1
2,2.8348031044006348,0
0,3.4829697608947754,9
2,3.873751163482666,3
1,3.499800682067871,7
3,2.7454073429107666,6
1,2.8943252563476562,2
2,3.0143470764160156,4
3,2.826982021331787,0
0,3.8733901977539062,3
1,3.4819722175598145,9
0,2.7441036701202393,6
3,3.5016493797302246,7
2,3.837423801422119,8
3,3.7827415466308594,5
0,3.481292724609375,9
2,3.8902289867401123,1
1,2.744802474975586,6
0,2.897735118865967,2
3,3.878101348876953,3
1,3.503157138824463,7
2,2.8150522708892822,0
3,3.891300678253174,1
0,3.774376392364502,5
2,3.8397083282470703,8
1,3.0118205547332764,4
3,2.7438011169433594,6
2,2.81124210357666,0
0,3.766493797302246,5
1,3.0093770027160645,4
0,2.8994851112365723,2
2,3.8926491737365723,1
3,3.839364528656006,8
1,3.5049638748168945,7
1,3.876185417175293,3
0,3.4827914237976074,9
2,2.7426304817199707,6
3,3.4827919006347656,9
1,3.7591781616210938,5
3,2.90017032623291,2
0,3.8390111923217773,8
2,3.8937716484069824,1
2,3.5077738761901855,7
0,2.806278705596924,0
1,3.007554292678833,4
3,3.873703956604004,3
2,3.5076897144317627,7
1,3.7538533210754395,5
3,3.894700288772583,1
0,2.740440845489502,6
3,2.9002954959869385,2
2,3.8735690116882324,3
0,2.804297685623169,0
1,3.484942674636841,9
0,3.509124755859375,7
3,3.8954265117645264,1
2,3.8345556259155273,8
1,3.0043301582336426,4
0,2.802675724029541,0
2,3.8334860801696777,8
3,3.4860453605651855,9
1,3.8728339672088623,3
0,2.9007833003997803,2
2,3.738737106323242,5
1,2.7376279830932617,6
3,3.0033884048461914,4
1,3.487997531890869,9
2,3.5114293098449707,7
3,3.8968160152435303,1
0,2.7363834381103516,6
0,3.8721261024475098,3
3,2.800698757171631,0
1,3.7308881282806396,5
2,3.832505702972412,8
2,2.901151180267334,2
3,3.8973941802978516,1
1,2.734879970550537,6
0,3.0026650428771973,4
0,2.901012420654297,2
1,2.8002960681915283,0
3,3.718592643737793,5
2,3.513521671295166,7
2,3.870144844055176,3
0,2.996990442276001,4
1,3.8309383392333984,8
3,3.493234634399414,9
3,3.709472179412842,5
1,3.51554274559021,7
2,3.492062568664551,9
0,3.8263490200042725,8
0,3.680284261703491,3
3,2.835869073867798,0
2,2.973381996154785,4
1,2.4521639347076416,6
0,3.887953042984009,1
2,2.8356096744537354,0
1,2.8888564109802246,2
3,3.6351962089538574,5
3,2.889423370361328,2
2,2.4512152671813965,6
1,3.4954614639282227,9
0,3.8119125366210938,8
3,3.682666063308716,3
0,3.5197019577026367,7
2,3.8900935649871826,1
1,2.9702231884002686,4
2,3.892151117324829,1
0,3.497256278991699,9
3,3.6830148696899414,3
1,2.969618797302246,4
0,2.890732526779175,2
2,2.4495131969451904,6
1,3.621777296066284,5
3,2.8280930519104004,0
1,2.8270535469055176,0
3,3.5232696533203125,7
0,3.8116674423217773,8
2,3.8943872451782227,1
1,3.4951324462890625,9
2,3.614715576171875,5
0,3.810575246810913,8
3,2.891773223876953,2
2,3.69674015045166,3
3,2.448969841003418,6
1,3.5239391326904297,7
0,2.963649272918701,4
3,2.824342727661133,0
2,2.9636197090148926,4
1,2.4483790397644043,6
0,3.493701696395874,9
0,3.575848340988159,7
2,3.896441698074341,1
3,3.604329824447632,5
1,3.810947895050049,8
2,2.8937058448791504,2
0,3.8959250450134277,1
1,3.7062511444091797,3
3,3.4914116859436035,9
3,2.8949925899505615,2
2,3.7003095149993896,3
0,2.8138341903686523,0
1,3.511671543121338,7
1,2.446420192718506,6
0,3.5998709201812744,5
3,2.9578373432159424,4
2,3.8136167526245117,8
0,2.8967604637145996,2
2,2.957869291305542,4
1,3.5124173164367676,7
3,3.5963973999023438,5
2,3.691682815551758,3
3,3.8151450157165527,8
1,2.4467966556549072,6
0,2.809854030609131,0
0,3.494235038757324,9
1,2.446925163269043,6
3,3.90095853805542,1
2,3.5129125118255615,7
0,3.9006423950195312,1
1,3.5933754444122314,5
2,2.952454090118408,4
3,2.808656692504883,0
0,2.89984393119812,2
3,3.694775342941284,3
1,3.493260383605957,9
2,3.8154067993164062,8
2,3.8153586387634277,8
3,3.592184543609619,5
0,2.9011054039001465,2
1,3.4927167892456055,9
2,3.9010121822357178,1
1,3.6950759887695312,3
3,2.9493019580841064,4
0,2.8072509765625,0
1,3.900698661804199,1
0,3.5102736949920654,7
3,2.447981834411621,6
2,3.5102736949920654,7
0,3.4927797317504883,9
3,2.8069944381713867,0
1,3.589228630065918,5
2,3.6951205730438232,3
2,2.903981924057007,2
1,3.815896511077881,8
0,2.447500467300415,6
3,2.945161819458008,4
3,3.9006447792053223,1
2,3.4923272132873535,9
1,3.5885119438171387,5
0,3.496467351913452,7
2,3.6736366748809814,3
0,2.9063072204589844,2
3,2.9324584007263184,0
1,3.8191709518432617,8
0,2.4476914405822754,6
3,2.4476914405822754,6
1,2.9424796104431152,4
2,3.9032349586486816,1
2,3.6570441722869873,3
1,3.495249032974243,9
0,2.94094181060791,4
3,2.932267189025879,0
3,2.9083967208862305,2
1,3.584918975830078,5
2,3.8118839263916016,8
0,3.5030055046081543,7
3,3.9063258171081543,1
2,3.495435953140259,9
0,2.4480056762695312,6
1,3.8136703968048096,8
3,2.9321749210357666,0
0,3.6525187492370605,3
2,3.5013294219970703,7
1,2.937063217163086,4
0,2.9139623641967773,2
3,3.5834827423095703,5
1,3.9170122146606445,3
2,3.5053491592407227,9
1,2.914266586303711,2
2,2.4495134353637695,6
0,3.5837795734405518,5
3,3.5013484954833984,7
0,2.9340052604675293,0
1,3.9172983169555664,1
2,2.9399704933166504,4
3,3.8294882774353027,8
3,2.913031816482544,2
2,3.9172983169555664,1
1,3.895382881164551,3
0,3.5026092529296875,7
2,3.5836575031280518,5
0,2.449371814727783,6
3,2.9361026287078857,4
1,2.934190511703491,0
0,3.432338237762451,9
3,3.8753037452697754,3
1,3.836534023284912,8
2,2.917872428894043,2
2,2.9341626167297363,0
1,2.933347225189209,4
0,2.4493298530578613,6
3,3.5844168663024902,5
2,3.8383588790893555,8
0,3.9242055416107178,1
3,3.4315199851989746,9
1,3.4810657501220703,7
2,3.940969228744507,1
1,3.6365408897399902,5
3,2.7183871269226074,6
0,2.893284797668457,0
2,2.930323839187622,4
0,3.4296891689300537,9
3,3.840592384338379,8
1,4.127246856689453,3
0,3.428959846496582,9
2,2.937190532684326,2
3,3.942946434020996,1
1,3.4801721572875977,7
1,4.121880531311035,3
0,3.6374573707580566,5
3,3.853663921356201,8
2,3.4792332649230957,7
3,2.8928298950195312,0
2,2.717784881591797,6
1,2.9391679763793945,2
0,2.947173833847046,4
0,2.892897605895996,0
3,3.4792606830596924,7
1,3.63893985748291,5
2,2.947279453277588,4
3,2.9405322074890137,2
2,3.425919532775879,9
1,4.11384391784668,3
0,3.945723533630371,1
0,3.855976104736328,8
1,3.8559765815734863,8
3,2.8913798332214355,0
2,2.716864824295044,6
2,2.94187068939209,2
3,3.640230178833008,5
0,4.112822532653809,3
1,2.738962173461914,6
3,2.945087432861328,4
2,3.4239232540130615,9
0,3.478459119796753,7
1,3.946586847305298,1
0,2.9430198669433594,2
2,3.4229798316955566,9
1,3.855766773223877,8
3,3.4778647422790527,7
0,3.947967767715454,1
3,2.8894224166870117,0
1,4.112113952636719,3
2,3.641155481338501,5
3,2.944040536880493,2
0,2.738096237182617,6
1,3.949636936187744,1
2,2.943803548812866,4
0,3.643061399459839,5
1,2.737701892852783,6
2,3.855313777923584,8
3,2.8886094093322754,0
0,3.4204154014587402,9
1,4.449397087097168,3
3,2.9432201385498047,4
2,3.471944808959961,7
3,3.9510562419891357,1
0,3.6437132358551025,5
1,3.4204163551330566,9
2,3.854229688644409,8
1,4.449481964111328,3
2,2.7370548248291016,6
0,2.888413906097412,0
3,2.9428303241729736,4
1,2.9453582763671875,2
0,3.95267915725708,1
2,3.854379892349243,8
3,3.46943998336792,7
3,2.946387767791748,2
0,3.4169671535491943,9
2,2.942599058151245,4
1,2.8877968788146973,0
2,2.7363131046295166,6
0,4.450197219848633,3
3,3.6455392837524414,5
1,3.4665560722351074,7
2,3.8578555583953857,8
3,2.9414687156677246,4
1,3.4649558067321777,7
0,4.44683837890625,3
0,3.415314197540283,9
1,3.6471598148345947,5
3,2.8876020908355713,0
2,2.7359933853149414,6
3,2.9505159854888916,2
1,2.9505159854888916,2
2,3.962747097015381,1
0,3.9627463817596436,1
0,3.4153618812561035,9
2,4.443620204925537,3
3,2.733477830886841,6
1,3.474923849105835,7
2,3.6446948051452637,5
1,2.8875932693481445,0
0,3.8670341968536377,8
3,2.94208025932312,4
0,3.415421962738037,9
3,3.966287851333618,1
1,3.4732565879821777,7
2,2.94208025932312,4
0,2.906130313873291,2
2,2.8869786262512207,0
1,2.7337541580200195,6
3,4.439875602722168,3
0,3.6408374309539795,5
1,3.969573974609375,1
3,3.8696377277374268,8
2,2.7337260246276855,6
2,2.8942387104034424,2
0,4.162036895751953,3
1,3.5694894790649414,5
3,3.8658809661865234,8
2,2.925600051879883,0
3,3.471942901611328,7
0,3.4158997535705566,9
1,2.917694568634033,4
3,2.8952317237854004,2
0,3.4166598320007324,9
1,2.9162869453430176,4
2,3.8720459938049316,8
0,3.4919097423553467,7
2,3.5617785453796387,5
3,3.9626710414886475,1
1,2.9256389141082764,0
2,2.414574146270752,6
1,4.156487941741943,3
3,4.156487941741943,3
0,3.49113130569458,7
3,3.4173150062561035,9
2,3.556668519973755,5
0,3.96559476852417,1
1,2.4145522117614746,6
1,2.893693685531616,2
2,2.9249792098999023,0
3,3.8816115856170654,8
0,2.910325527191162,4
0,2.893580436706543,2
1,3.4200732707977295,9
2,2.9104018211364746,4
3,3.490840196609497,7
0,2.9265503883361816,0
1,3.886141061782837,8
3,4.145671367645264,3
2,4.064974308013916,1
0,2.892120838165283,2
1,3.5453670024871826,5
2,2.4102818965911865,6
3,3.4213826656341553,9
0,3.5437331199645996,5
1,4.069408416748047,1
2,2.909086227416992,4
3,3.88950777053833,8
3,2.930482864379883,0
2,3.4880685806274414,7
0,2.409830331802368,6
1,4.138653755187988,3
1,3.1822094917297363,2
2,3.5409963130950928,5
3,3.4237122535705566,9
0,3.8928236961364746,8
1,3.4872217178344727,7
2,2.9344358444213867,0
0,2.410348892211914,6
3,2.90817928314209,4
0,3.9108970165252686,8
3,4.085939884185791,1
1,4.02949333190918,3
2,2.410897970199585,6
1,4.148991584777832,5
2,3.43591046333313,9
0,4.107536315917969,1
3,3.4891061782836914,7
0,3.2043328285217285,2
3,2.9076027870178223,0
1,4.251655101776123,3
2,2.9301466941833496,4
2,3.208362340927124,2
3,2.7017059326171875,6
1,3.4745399951934814,7
0,2.9289259910583496,4
2,3.9668195247650146,8
1,4.236052513122559,3
0,3.927914619445801,1
3,3.4480180740356445,9
0,3.380621910095215,9
3,2.916792631149292,0
1,4.146480560302734,5
2,3.937840700149536,1
2,3.212398052215576,2
0,2.705030918121338,6
3,2.9213175773620605,0
1,3.9862399101257324,8
3,3.47231388092041,7
2,2.924234390258789,4
0,4.146590232849121,5
1,4.2088823318481445,3
0,3.9453186988830566,1
3,3.3838987350463867,9
1,4.1990966796875,3
2,2.7075576782226562,6
1,3.159709930419922,2
0,3.4716644287109375,7
2,4.013849258422852,8
3,2.8563737869262695,0
2,3.159114360809326,2
1,4.14466667175293,5
0,2.7089462280273438,6
3,2.922457695007324,4
0,4.166131973266602,3
3,3.9645395278930664,1
2,3.390254020690918,9
1,2.9217190742492676,4
2,2.860804557800293,0
3,3.470519542694092,7
1,4.028609275817871,8
0,4.1482319831848145,5
0,3.1683497428894043,2
1,3.9739508628845215,1
2,2.9213271141052246,4
3,2.86268949508667,0
2,4.151450157165527,5
0,3.4700303077697754,7
1,4.045559883117676,8
3,4.21543550491333,3
0,2.866671562194824,0
1,3.316114902496338,9
3,2.7164716720581055,6
2,3.469151496887207,7
2,3.1672677993774414,2
0,4.197046279907227,3
3,3.3162178993225098,9
1,2.9201889038085938,4
1,4.02290678024292,8
2,3.8822333812713623,1
3,2.7178773880004883,6
0,4.157551288604736,5
0,2.7176859378814697,6
2,4.183439254760742,3
1,4.153859615325928,5
3,2.916823625564575,4
0,3.1660075187683105,2
3,2.8751206398010254,0
1,3.883396625518799,1
2,3.851557731628418,8
3,3.166264057159424,2
2,3.332712173461914,9
0,3.4670944213867188,7
1,2.913771152496338,4
3,3.3337130546569824,9
0,3.4450106620788574,7
1,3.884382724761963,1
2,3.8546886444091797,8
3,4.160065174102783,3
2,4.152312278747559,5
1,2.8794617652893066,0
0,2.7222299575805664,6
2,3.8790128231048584,1
0,4.154451370239258,5
1,3.4407219886779785,7
3,3.856487512588501,8
2,4.151040554046631,3
0,2.7229886054992676,6
1,3.3352713584899902,9
3,2.9091262817382812,4
0,3.1636204719543457,2
3,3.1636204719543457,2
2,2.891667127609253,0
1,2.8916709423065186,0
0,3.3355472087860107,9
3,3.8765687942504883,1
2,4.153192043304443,5
1,3.8552253246307373,8
2,3.4325685501098633,7
1,2.725131034851074,6
3,4.1464314460754395,3
0,2.9042701721191406,4
2,3.3359594345092773,9
1,4.152580261230469,5
3,3.873894214630127,1
0,3.8544936180114746,8
3,3.1619133949279785,2
2,2.8989038467407227,0
0,2.72468900680542,6
1,4.145159721374512,3
1,3.4302334785461426,7
2,3.8735015392303467,1
0,3.336240768432617,9
3,2.9029815196990967,4
3,4.151247978210449,5
0,3.857452869415283,8
2,2.898867607116699,0
1,2.902301073074341,4
3,3.161271572113037,2
2,4.142451286315918,3
0,3.428779125213623,7
1,2.727856159210205,6
1,3.1610422134399414,2
2,2.8985395431518555,0
3,2.7271108627319336,6
0,2.8998544216156006,4
2,4.148258209228516,5
0,3.427678346633911,7
1,3.8575944900512695,8
3,4.14268684387207,3
3,3.8712663650512695,1
0,2.727846145629883,6
2,3.335533380508423,9
1,4.147221565246582,5
3,3.8713302612304688,1
0,2.8970446586608887,4
1,3.335777521133423,9
2,3.8586912155151367,8
1,3.161004066467285,2
2,2.898343563079834,0
3,4.137685298919678,3
0,3.4268312454223633,7
1,3.860781669616699,8
2,3.426915168762207,7
0,4.143579959869385,5
3,3.3355813026428223,9
0,3.1612329483032227,2
3,4.135981559753418,3
2,2.8962974548339844,4
1,2.8986380100250244,0
0,3.8706440925598145,1
2,3.335969924926758,9
1,2.7296109199523926,6
3,2.7296109199523926,6
0,2.899557590484619,0
1,3.1616992950439453,2
2,2.8952407836914062,4
3,4.133903980255127,3
2,4.131782054901123,5
1,3.852475643157959,1
0,3.8641457557678223,8
3,3.4241247177124023,7
0,4.132373809814453,3
2,3.4213454723358154,7
1,3.85159969329834,1
3,2.892589569091797,4
0,4.123409271240234,5
2,3.336560010910034,9
1,3.8656256198883057,8
3,2.9008541107177734,0
0,3.8502721786499023,1
3,2.731076955795288,6
2,3.1627650260925293,2
1,3.8668627738952637,8
1,3.1633005142211914,2
0,3.420095920562744,7
2,3.3380799293518066,9
3,2.7309441566467285,6
2,2.890850782394409,4
1,4.126832962036133,3
3,4.112346649169922,5
0,2.9046401977539062,0
3,4.126876354217529,3
2,2.7319047451019287,6
0,2.8881278038024902,4
1,3.8505053520202637,1
2,3.1634011268615723,2
1,3.340240478515625,9
3,4.106132984161377,5
0,3.4177069664001465,7
2,2.8881142139434814,4
0,3.873051881790161,8
1,2.9061779975891113,0
3,2.9061779975891113,0
2,3.341278553009033,9
1,2.87286376953125,6
0,3.4171552658081055,7
3,4.2200469970703125,8
3,3.2512199878692627,2
0,4.034164905548096,1
2,4.5509490966796875,3
1,4.678886413574219,5
0,3.3419957160949707,9
1,4.552355766296387,3
2,3.3876004219055176,7
3,4.673129081726074,5
3,3.250645637512207,2
0,4.031378746032715,1
1,2.8757448196411133,6
2,2.411187171936035,4
3,2.9927995204925537,0
0,2.876208782196045,6
2,4.21954870223999,8
1,2.9927992820739746,0
2,4.667860507965088,5
3,3.3421895503997803,9
1,4.2195820808410645,8
0,4.0290679931640625,1
1,3.2478530406951904,2
2,4.57162618637085,3
3,2.405513286590576,4
0,3.383880615234375,7
3,4.65912389755249,5
2,3.3839058876037598,7
0,2.9955530166625977,0
1,4.57181453704834,3
0,4.014128684997559,1
2,2.871467113494873,6
1,3.3386614322662354,9
3,4.198018550872803,8
1,3.313990592956543,2
3,3.313990592956543,2
2,4.589578151702881,3
0,2.401942253112793,4
2,4.380262851715088,8
3,3.3789961338043213,7
1,2.867764949798584,6
0,3.5048065185546875,9
2,4.0920562744140625,1
0,3.0061025619506836,0
3,4.645191192626953,5
1,2.401320457458496,4
1,3.2927355766296387,2
2,4.360200881958008,8
0,3.3755717277526855,7
3,2.8670287132263184,6
0,3.499901294708252,9
2,4.076334476470947,1
1,3.0123796463012695,0
3,4.640273094177246,5
3,4.247241020202637,3
0,2.3826656341552734,4
2,3.278212785720825,2
1,2.3826661109924316,4
2,3.373568296432495,7
3,4.246874809265137,3
1,4.045900821685791,1
0,3.0430660247802734,0
2,3.4792168140411377,9
0,2.948075771331787,6
1,4.485444068908691,5
3,4.322878837585449,8
1,3.479210615158081,9
2,4.03380823135376,1
3,4.322867393493652,8
0,2.381669521331787,4
0,3.272984027862549,2
3,4.258852005004883,3
1,2.947944164276123,6
2,3.3723645210266113,7
2,3.1077628135681152,0
1,4.030900955200195,1
0,3.372164726257324,7
3,4.484502792358398,5
1,3.2718749046325684,2
3,4.2575788497924805,3
2,2.5289056301116943,6
0,2.381124496459961,4
2,3.4772109985351562,9
1,3.1071624755859375,0
0,4.483956336975098,5
3,4.317992687225342,8
0,4.2561354637146,3
1,2.3780126571655273,4
2,4.317994117736816,8
3,3.107311725616455,0
1,3.4773025512695312,9
3,4.027225971221924,1
0,2.5293493270874023,6
2,3.370663642883301,7
3,4.257217884063721,3
1,3.2686939239501953,2
0,2.5289885997772217,6
2,4.480988502502441,5
0,3.2686712741851807,2
2,3.106480360031128,0
1,4.480958938598633,5
3,2.37492036819458,4
2,3.369230031967163,7
0,4.022347927093506,1
3,4.314176082611084,8
1,3.4768331050872803,9
0,4.31416654586792,8
2,4.4753618240356445,5
3,3.1065380573272705,0
1,2.529384136199951,6
3,3.264920473098755,2
1,3.4776782989501953,9
0,4.259916305541992,3
2,2.370532274246216,4
0,4.259927272796631,3
1,4.020081996917725,1
3,4.020081520080566,1
2,3.368622303009033,7
2,3.478508949279785,9
0,3.1037535667419434,0
3,4.471678733825684,5
1,4.31199836730957,8
3,3.2615020275115967,2
2,2.369683265686035,4
0,2.526881456375122,6
1,3.3687195777893066,7
2,3.259021043777466,2
0,4.4692254066467285,5
1,2.366328716278076,4
3,4.30695915222168,8
3,4.013199806213379,1
1,4.263837814331055,3
0,3.3681259155273438,7
2,3.478243350982666,9
3,2.9438986778259277,6
2,4.264419078826904,3
0,3.175523042678833,0
1,3.175523042678833,0
1,4.463282585144043,5
3,3.475677490234375,9
0,3.368032932281494,7
2,2.36436128616333,4
3,3.2524893283843994,2
0,2.9418928623199463,6
2,4.004985332489014,1
1,4.2926225662231445,8
1,3.477189540863037,9
0,4.2697296142578125,3
3,4.004406929016113,1
2,2.361812114715576,4
3,3.2506513595581055,2
2,4.461733341217041,5
0,2.941528797149658,6
1,4.2927069664001465,8
3,3.096872329711914,0
0,4.003743648529053,1
2,2.3616597652435303,4
1,3.368891716003418,7
2,4.26759147644043,3
3,2.941514492034912,6
1,4.461474895477295,5
0,3.4768505096435547,9
2,3.2483255863189697,2
0,2.9865951538085938,0
1,3.3688836097717285,7
3,4.290338516235352,8
2,2.9407644271850586,6
0,3.3686347007751465,7
1,2.3580121994018555,4
3,3.2484920024871826,2
1,4.435708522796631,3
2,4.462050914764404,5
0,4.004012107849121,1
3,2.9861860275268555,0
3,4.296874046325684,8
2,3.4774158000946045,9
1,4.0045166015625,1
0,3.4774155616760254,9
1,3.2493319511413574,2
0,4.462827205657959,5
3,3.371169328689575,7
2,2.981700897216797,0
0,2.9412946701049805,6
2,4.302146911621094,8
3,4.4252824783325195,3
1,2.3584203720092773,4
2,3.247664451599121,2
0,4.419983863830566,3
3,4.464279651641846,5
1,3.372577428817749,7
2,4.006801128387451,1
1,2.9409871101379395,6
0,2.3590826988220215,4
3,2.978726863861084,0
2,3.4800970554351807,9
3,4.008557319641113,1
0,2.3578009605407715,4
1,4.309341907501221,8
0,4.309098720550537,8
3,2.9409003257751465,6
1,4.412792205810547,3
2,2.9769396781921387,0
1,4.465725898742676,5
0,3.2446210384368896,2
2,3.4803848266601562,9
3,3.3745923042297363,7
0,3.2424142360687256,2
2,4.466125965118408,5
3,3.479482650756836,9
1,2.9745888710021973,0
1,4.406914234161377,3
3,4.00822114944458,1
2,2.358442783355713,4
0,4.311769008636475,8
3,4.464878082275391,5
0,2.9395992755889893,6
1,3.3761494159698486,7
2,3.3761496543884277,7
1,3.4797868728637695,9
0,4.312000274658203,8
2,2.9391674995422363,6
3,2.356410026550293,4
2,4.005598545074463,1
3,3.2369298934936523,2
0,4.404358386993408,3
1,2.97171950340271,0
1,3.235006809234619,2
3,4.459802150726318,5
0,4.311068534851074,8
2,2.3558173179626465,4
2,2.9382495880126953,6
1,2.9702401161193848,0
3,4.402703285217285,3
0,3.3784353733062744,7
0,4.003898620605469,1
1,3.479522228240967,9
3,2.96944260597229,0
2,3.3798270225524902,7
2,3.231344699859619,2
0,4.401282787322998,3
3,4.455709934234619,5
1,2.9365286827087402,6
0,3.4794015884399414,9
2,4.001436233520508,1
1,4.310342788696289,8
3,2.354499101638794,4
1,3.226266622543335,2
3,4.451435089111328,5
0,2.353835344314575,4
2,4.000559329986572,1
3,4.3998026847839355,3
0,3.4794576168060303,9
2,3.3781824111938477,7
1,2.966999053955078,0
3,3.998696804046631,1
0,2.966404438018799,0
1,2.9336700439453125,6
2,4.30941104888916,8
3,3.2191591262817383,2
1,3.47924542427063,9
2,4.308666229248047,8
0,2.350865364074707,4
2,4.400035858154297,3
1,4.448249816894531,5
3,3.011230230331421,6
0,3.379880666732788,7
2,3.213836669921875,2
0,4.446686744689941,5
1,3.3807952404022217,7
3,2.3504717350006104,4
3,3.0100059509277344,6
2,4.402279853820801,3
0,2.9636080265045166,0
1,4.3032026290893555,8
2,4.444164276123047,5
0,3.987424850463867,1
3,3.4727604389190674,9
1,3.4727606773376465,9
1,3.0075912475585938,6
0,4.405918598175049,3
3,2.9610061645507812,0
2,2.3469295501708984,4
1,4.182863235473633,1
2,4.272844314575195,8
0,3.3824870586395264,7
3,3.200206756591797,2
3,3.2002148628234863,2
0,4.420588493347168,3
2,3.3825650215148926,7
1,4.271770477294922,8
2,4.434134006500244,5
3,2.3510665893554688,4
0,4.1717119216918945,1
1,2.9564671516418457,0
3,3.457836389541626,9
2,3.000791072845459,6
1,4.4343438148498535,5
0,4.257840156555176,8
0,3.452456474304199,9
2,2.9985151290893555,6
3,2.346707820892334,4
1,2.9523844718933105,0
0,3.1883955001831055,2
2,4.1617350578308105,1
1,4.438074588775635,3
3,3.3791258335113525,7
0,3.182624340057373,2
1,2.343376398086548,4
2,3.4425415992736816,9
3,3.379094123840332,7
0,2.9930009841918945,6
3,4.118385314941406,3
1,2.9464950561523438,0
2,4.147913932800293,1
0,3.3775744438171387,7
2,3.9234464168548584,5
1,2.9429385662078857,0
3,4.193472862243652,8
2,4.313653469085693,3
0,3.122865676879883,6
3,3.9159395694732666,5
1,4.181198596954346,8
0,4.117318153381348,1
1,3.4224886894226074,9
2,2.3375744819641113,4
3,2.929759979248047,2
2,2.927417755126953,2
0,4.114370346069336,1
3,3.118610382080078,6
1,3.3781280517578125,7
2,4.00145149230957,3
1,3.41581392288208,9
3,3.4107677936553955,5
0,2.8644747734069824,0
3,3.031428813934326,6
1,3.813904285430908,8
2,3.4158167839050293,9
0,2.807044506072998,4
2,2.8418290615081787,2
1,2.8057374954223633,4
3,2.8632428646087646,0
0,3.7998266220092773,8
3,3.765402317047119,3
1,3.4064931869506836,5
2,3.925335645675659,1
0,3.3780181407928467,7
1,3.8148627281188965,3
0,3.9202938079833984,1
3,2.862199306488037,0
2,3.3789286613464355,7
2,3.405672550201416,5
3,3.025947093963623,6
0,3.78952693939209,8
1,3.4842259883880615,9
0,2.8414063453674316,2
3,2.8414063453674316,2
2,3.406071186065674,5
1,2.8044445514678955,4
0,3.0223569869995117,6
3,2.8611598014831543,0
2,3.4464635848999023,9
1,3.781752109527588,8
1,3.8783044815063477,3
0,3.912667751312256,1
2,2.8046298027038574,4
3,3.3814806938171387,7
3,3.912698745727539,1
2,3.40449857711792,5
1,3.778485059738159,8
0,3.3815979957580566,7
3,2.839827299118042,2
0,2.805626392364502,4
2,3.8951334953308105,3
1,3.439234495162964,9
3,2.8571035861968994,0
0,2.8398194313049316,2
1,3.0195512771606445,6
2,2.8055951595306396,4
2,3.018369674682617,6
0,3.7741034030914307,8
1,3.905507802963257,3
3,2.8560776710510254,0
3,3.4024813175201416,5
1,3.4366636276245117,9
2,3.9088354110717773,1
0,3.3825087547302246,7
1,2.8406600952148438,2
0,3.402146339416504,5
2,3.9166510105133057,3
3,3.016615390777588,6
0,3.90847110748291,1
2,3.3831024169921875,7
3,2.807161808013916,4
1,3.7749955654144287,8
3,2.8427815437316895,2
2,3.4306745529174805,9
0,3.384857177734375,7
1,2.8345401287078857,0
3,3.4312031269073486,9
0,3.9277234077453613,3
2,3.4011688232421875,5
1,3.9092135429382324,1
0,2.822230339050293,0
1,3.0115320682525635,6
2,3.780935287475586,8
3,2.811368942260742,4
0,3.9381799697875977,3
2,3.400820732116699,5
3,3.908723831176758,1
1,3.3864431381225586,7
0,2.8430964946746826,2
3,3.4246771335601807,9
1,2.812325954437256,4
2,2.8132669925689697,0
2,3.007713794708252,6
3,2.813086986541748,0
1,3.425360679626465,9
0,3.7805535793304443,8
0,3.0046422481536865,6
2,3.9696054458618164,3
1,3.9068334102630615,1
3,3.406301736831665,5
1,2.842580795288086,2
0,3.7804603576660156,8
2,2.8147757053375244,4
3,3.4478039741516113,7
1,2.8424346446990967,2
0,3.4188284873962402,9
3,3.001692533493042,6
2,2.817044734954834,4
0,3.981602907180786,3
2,3.780872344970703,8
3,3.4013242721557617,5
1,3.5014896392822266,7
2,4.013077735900879,3
0,3.9032833576202393,1
3,3.90328311920166,1
1,2.7920703887939453,0
3,2.997528076171875,6
2,3.413787603378296,9
1,3.3987560272216797,5
0,2.8208811283111572,4
1,2.844210624694824,2
2,3.773935317993164,8
0,2.787740707397461,0
3,3.503614902496338,7
2,4.041751861572266,3
0,3.4084479808807373,9
3,3.773641586303711,8
1,3.5038583278656006,7
0,2.845674514770508,2
3,3.3989312648773193,5
1,3.899146556854248,1
2,2.829899787902832,4
2,2.988297462463379,6
3,3.402799129486084,9
0,2.7846460342407227,0
1,3.504812717437744,7
2,2.7833499908447266,0
3,3.7661123275756836,8
0,3.905241012573242,1
1,4.096800804138184,3
0,2.8483643531799316,2
2,2.983471393585205,6
1,2.8368523120880127,4
3,3.391240358352661,5
3,2.9812450408935547,6
0,3.3950681686401367,9
1,3.5065996646881104,7
2,2.782031536102295,0
0,2.851055145263672,2
1,4.107128143310547,3
2,3.763741970062256,8
3,3.902691125869751,1
3,3.388254165649414,5
2,2.774064779281616,0
1,2.8448331356048584,4
0,3.802192211151123,8
2,4.110474109649658,3
0,3.3951656818389893,9
1,3.902057647705078,1
3,2.8471784591674805,4
3,2.854236125946045,2
1,2.974919319152832,6
2,3.3851895332336426,5
0,3.5101919174194336,7
3,2.9747629165649414,6
0,3.392261505126953,9
1,2.7670769691467285,0
2,4.121687889099121,3
0,2.8561859130859375,2
3,3.383023262023926,5
1,3.510697841644287,7
2,4.0402727127075195,1
2,2.8585567474365234,4
3,2.8585567474365234,4
0,3.794905185699463,8
1,4.039584636688232,1
3,2.8584132194519043,2
2,4.134939193725586,3
1,2.7650279998779297,0
0,3.510744571685791,7
3,3.378086566925049,5
1,2.970400333404541,6
0,3.387871026992798,9
2,3.7900373935699463,8
1,2.9695310592651367,6
2,4.040493011474609,1
0,2.7649879455566406,0
3,3.789895534515381,8
0,2.860830307006836,2
3,3.3867459297180176,9
2,3.375718116760254,5
1,3.5108299255371094,7
1,4.145782947540283,3
3,4.041385650634766,1
2,2.765228271484375,0
0,2.870724678039551,4
0,3.7868800163269043,8
1,2.864182949066162,2
2,3.5102150440216064,7
3,4.146010398864746,3
3,2.96616792678833,6
2,3.5820112228393555,5
1,3.3794455528259277,9
0,2.8737947940826416,4
0,3.7814865112304688,8
3,2.966710090637207,6
2,2.7651190757751465,0
1,3.5096960067749023,7
3,2.869601011276245,2
1,2.9437241554260254,4
2,4.156182289123535,3
0,3.3761520385742188,9
3,4.044224739074707,1
2,2.8090476989746094,0
0,3.5793991088867188,5
1,3.376405954360962,9
1,2.872091293334961,2
2,4.159676551818848,3
3,3.5794625282287598,5
0,3.508350372314453,7
2,4.052154541015625,1
1,2.948542356491089,4
3,2.9618752002716064,6
0,3.7649974822998047,8
0,4.0540852546691895,1
3,2.8751261234283447,2
1,4.1618428230285645,3
2,3.5078513622283936,7
0,2.9596188068389893,6
3,3.3694114685058594,9
2,2.9525461196899414,4
1,3.760727882385254,8
2,2.9561715126037598,4
1,3.5793862342834473,5
0,2.90809965133667,0
3,3.7519707679748535,8
2,3.3660571575164795,9
1,2.8778305053710938,2
0,2.9576172828674316,6
3,4.163839340209961,3
0,4.056364059448242,1
3,2.912370204925537,0
1,3.5794215202331543,5
2,3.5161712169647217,7
2,3.7434239387512207,8
0,3.3634417057037354,9
1,2.9567368030548096,6
3,3.033506393432617,4
3,4.04665470123291,1
1,2.9175686836242676,0
0,3.514263153076172,7
2,4.1658830642700195,3
0,2.8815598487854004,2
2,3.5807785987854004,5
3,3.3606138229370117,9
1,3.035590648651123,4
3,2.8840579986572266,2
0,2.955259323120117,6
1,3.5818474292755127,5
2,3.513028144836426,7
3,4.166025638580322,3
2,3.7317862510681152,8
0,4.046899318695068,1
1,2.928709030151367,0
3,4.165929317474365,3
0,3.3566360473632812,9
1,3.5831501483917236,5
2,3.0411810874938965,4
3,2.884453773498535,2
0,2.9316062927246094,0
1,3.7274880409240723,8
2,3.511965274810791,7
2,4.047271728515625,1
3,2.9541823863983154,6
1,3.7241976261138916,8
0,2.9541823863983154,6
1,4.165353298187256,3
2,3.3549928665161133,9
0,3.0440831184387207,4
3,4.047272205352783,1
2,2.88515567779541,2
3,3.580817222595215,5
1,2.936920642852783,0
0,3.5078125,7
3,4.045976161956787,1
2,2.936920166015625,0
1,3.7208900451660156,8
0,3.0449721813201904,4
1,2.8857226371765137,2
3,3.504490375518799,7
2,3.354095458984375,9
0,4.167233943939209,3
0,2.9532103538513184,6
3,3.578956365585327,5
2,3.5044913291931152,7
1,3.578868865966797,5
1,2.952953338623047,6
2,3.7159063816070557,8
0,4.044442176818848,1
3,3.0464773178100586,4
3,3.3536744117736816,9
1,4.168589115142822,3
0,2.886194944381714,2
2,2.942905902862549,0
1,2.886166572570801,2
3,2.95274019241333,6
0,4.170145034790039,3
2,2.947052478790283,0
3,3.577285051345825,5
0,4.016868591308594,1
2,3.0459628105163574,4
1,3.494894027709961,7
0,3.3531382083892822,9
2,3.5768728256225586,5
1,3.353137969970703,9
3,3.7124080657958984,8
0,2.9526290893554688,6
2,2.950054168701172,0
1,3.7124075889587402,8
3,3.044875383377075,4
2,2.885791301727295,2
0,4.170234680175781,3
1,4.014197826385498,1
3,3.489276885986328,7
3,2.886679172515869,2
0,3.042695999145508,4
1,2.952620506286621,0
2,3.489276885986328,7
1,3.352937936782837,9
3,4.170536041259766,3
0,3.575745105743408,5
2,3.710874557495117,8
3,2.9516026973724365,6
2,4.01278018951416,1
0,3.0417604446411133,4
1,2.9516029357910156,6
2,3.594552993774414,5
1,2.8878333568573,2
0,3.352745532989502,9
3,4.011050224304199,1
2,4.170441627502441,3
1,2.952012777328491,0
0,3.4864585399627686,7
3,3.7105956077575684,8
2,3.485738754272461,7
3,2.9519271850585938,0
1,4.170784950256348,3
0,3.0405421257019043,4
1,2.8897805213928223,2
0,3.593851089477539,5
2,3.710442066192627,8
3,3.3523097038269043,9
0,3.3522932529449463,9
1,2.9490222930908203,6
2,2.9513845443725586,0
3,4.00864315032959,1
1,4.170734405517578,3
2,3.4826221466064453,7
0,3.040647506713867,4
3,2.8909239768981934,2
0,2.9483940601348877,6
1,3.5933454036712646,5
3,4.008119106292725,1
2,3.71048641204834,8
3,4.007362365722656,1
0,3.039461612701416,4
2,3.592670440673828,5
1,3.480212450027466,7
3,2.9518861770629883,0
1,2.890291213989258,2
2,3.3520960807800293,9
0,2.9475924968719482,6
2,3.35210919380188,9
0,4.1724958419799805,3
1,3.710599899291992,8
3,3.710599422454834,8
1,2.88979172706604,2
2,2.9535722732543945,0
3,3.039135456085205,4
0,3.4764819145202637,7
3,2.94612979888916,6
0,3.592414379119873,5
1,4.005743503570557,1
2,4.172985076904297,3
3,3.59401273727417,5
2,3.7105553150177,8
0,4.1726861000061035,3
1,3.473450183868408,7
3,2.8893795013427734,2
1,2.945423126220703,6
2,4.004685401916504,1
0,3.0380990505218506,4
2,4.004688262939453,1
3,2.955864429473877,0
1,3.351247787475586,9
0,2.955864191055298,0
2,2.8888375759124756,2
0,3.707535743713379,8
1,3.0371668338775635,4
3,2.9449965953826904,6
1,3.350782871246338,9
3,4.174807548522949,3
2,3.5943965911865234,5
0,3.4616284370422363,7
1,4.001892566680908,1
3,2.9442007541656494,6
2,2.964362144470215,0
0,3.596014976501465,5
3,3.3506598472595215,9
2,3.4594197273254395,7
0,2.886322021484375,2
1,3.0344185829162598,4
0,4.177261829376221,3
1,3.5970306396484375,5
2,3.704110622406006,8
3,3.704110622406006,8
2,3.3503785133361816,9
0,4.000513553619385,1
1,3.032578468322754,4
3,2.966550827026367,0
1,2.883178234100342,2
3,2.942187786102295,6
0,4.1792120933532715,3
2,3.456912040710449,7
3,4.183435916900635,3
0,3.700089931488037,8
1,3.9990296363830566,1
2,2.9684290885925293,0
2,3.3497743606567383,9
3,2.940429210662842,6
0,2.880366325378418,2
1,3.5999553203582764,5
0,3.9979770183563232,1
2,3.6990299224853516,8
1,3.0281527042388916,4
3,3.454324960708618,7
0,3.0281434059143066,4
2,4.186495304107666,3
1,3.4542407989501953,7
3,2.9387059211730957,6
2,2.877228021621704,2
3,3.3490495681762695,9
0,2.9667553901672363,0
1,3.599569320678711,5
3,2.9667553901672363,0
2,3.026205062866211,4
1,2.8772287368774414,2
0,4.190344333648682,3
0,3.9964351654052734,1
3,3.3485522270202637,9
1,2.9366273880004883,6
2,3.4524950981140137,7
2,3.6961216926574707,8
1,3.601888656616211,5
3,3.0243308544158936,4
0,3.60188889503479,5
0,2.8757967948913574,2
2,3.995936870574951,1
3,3.3483026027679443,9
1,2.965996265411377,0
3,4.189720630645752,3
1,2.936182737350464,6
0,3.452075242996216,7
2,3.6933491230010986,8
2,2.936126708984375,6
0,4.190129280090332,3
1,3.995558500289917,1
3,3.348328113555908,9
3,2.875415563583374,2
0,3.6036734580993652,5
2,3.6910176277160645,8
1,3.4517111778259277,7
1,2.935741424560547,6
0,2.9674134254455566,0
2,2.9674134254455566,0
3,3.023832082748413,4
2,3.995180368423462,1
0,3.023832321166992,4
1,3.6895666122436523,8
3,3.3482604026794434,9
1,2.875093460083008,2
2,4.188863754272461,3
3,3.6035327911376953,5
0,3.4507904052734375,7
2,3.603532552719116,5
3,3.0238184928894043,4
1,3.3482253551483154,9
0,3.6884570121765137,8
3,2.874868869781494,2
1,3.9936444759368896,1
0,3.450050115585327,7
2,2.970586061477661,0
2,2.935652017593384,6
0,2.935652017593384,6
1,3.6849565505981445,8
3,4.188725471496582,3
1,3.3477749824523926,9
3,2.9693803787231445,0
2,3.022582530975342,4
0,3.604229211807251,5
3,2.8752098083496094,2
2,3.9933876991271973,1
0,4.188517093658447,3
1,3.449843406677246,7
1,2.9338021278381348,6
2,3.992870807647705,1
0,3.0226855278015137,4
3,3.6829938888549805,8
0,4.187851905822754,3
1,2.967895269393921,0
3,3.605947494506836,5
2,3.3472702503204346,9
0,2.875030040740967,2
1,2.9329421520233154,6
2,3.449300765991211,7
3,3.449300765991211,7
3,2.8766212463378906,2
1,4.186841011047363,3
2,3.683058261871338,8
0,3.347689151763916,9
0,3.9919779300689697,1
2,3.6079087257385254,5
3,3.023144006729126,4
1,2.9617292881011963,0
2,2.875434637069702,2
3,3.449909210205078,7
0,3.992260456085205,1
1,2.9582152366638184,0
1,3.6083948612213135,5
0,4.185708045959473,3
3,2.929816722869873,6
2,3.021799087524414,4
3,2.8744969367980957,2
2,3.6828508377075195,8
0,4.1831865310668945,3
1,3.3490147590637207,9
0,2.928546905517578,6
3,3.3490374088287354,9
1,3.022697925567627,4
2,3.4502668380737305,7
2,3.9922618865966797,1
3,3.6096699237823486,5
0,3.683134078979492,8
1,2.95331072807312,0
3,2.9276175498962402,6
2,3.6097028255462646,5
0,3.6831254959106445,8
1,3.449646234512329,7
3,3.3485569953918457,9
0,3.992384195327759,1
2,3.023484706878662,4
1,2.951746940612793,0
1,2.872861385345459,2
3,2.9265267848968506,6
0,4.180768966674805,3
2,4.180768966674805,3
1,2.872267007827759,2
2,3.9913148880004883,1
0,3.4486045837402344,7
3,3.348832607269287,9
0,3.614253520965576,5
3,3.6803550720214844,8
2,2.950559616088867,0
1,3.0237507820129395,4
2,3.6158320903778076,5
3,4.178840160369873,3
1,2.9232726097106934,6
0,2.8715972900390625,2
1,2.949195384979248,0
0,3.4481468200683594,7
3,3.6795272827148438,8
2,3.0237386226654053,4
0,3.3501336574554443,9
3,3.989438056945801,1
2,3.989438056945801,1
1,2.9481866359710693,0
1,2.871509075164795,2
2,3.350037097930908,9
0,2.921760320663452,6
3,3.447862148284912,7
2,3.617576837539673,5
3,3.6784634590148926,8
0,4.177751541137695,3
1,3.020554304122925,4
2,4.177222728729248,3
1,3.447518825531006,7
3,3.0207817554473877,4
0,3.678356409072876,8
3,2.919790506362915,6
0,3.6171374320983887,5
2,2.946824789047241,0
1,3.351665496826172,9
0,2.8714804649353027,2
2,2.94631290435791,0
1,3.9858078956604004,1
3,2.871480941772461,2
2,3.6779162883758545,8
3,3.4472789764404297,7
0,3.0200908184051514,4
1,4.17639684677124,3
3,3.6141293048858643,5
2,3.353426933288574,9
0,3.984426498413086,1
1,2.917205333709717,6
2,3.6131134033203125,5
1,3.3547592163085938,9
3,3.0200767517089844,4
0,2.8695590496063232,2
3,3.677554130554199,8
0,4.177650451660156,3
1,3.446836471557617,7
2,2.9450998306274414,0
2,2.915238857269287,6
0,3.981881618499756,1
1,4.177650451660156,3
3,3.6774065494537354,8
0,2.913735866546631,6
3,3.980100154876709,1
1,3.4460058212280273,7
2,2.9449942111968994,0
3,2.8671698570251465,2
0,3.3567183017730713,9
1,3.6056556701660156,5
2,3.0168371200561523,4
3,3.3588619232177734,9
1,3.9787521362304688,1
0,3.603168487548828,5
2,3.0155720710754395,4
0,2.9121944904327393,6
3,2.862292766571045,2
1,4.181118965148926,3
2,3.445216655731201,7
2,3.6762819290161133,8
0,3.6762819290161133,8
1,3.976408004760742,1
3,2.9461162090301514,0
2,4.185004234313965,3
0,2.911027431488037,6
3,2.9460511207580566,0
1,3.595900058746338,5
2,2.857851505279541,2
0,3.3632452487945557,9
3,3.0121700763702393,4
1,3.4435946941375732,7
3,2.9085965156555176,6
1,4.188173294067383,3
0,2.8562393188476562,2
2,3.590059757232666,5
1,3.9723992347717285,1
2,2.9459643363952637,0
3,3.6756248474121094,8
0,3.4418721199035645,7
3,2.94596529006958,0
0,3.0113468170166016,4
2,3.0113468170166016,4
1,3.364800453186035,9
0,3.971273183822632,1
3,4.193528175354004,3
1,3.366262197494507,9
2,3.4409124851226807,7
3,2.8511972427368164,2
0,2.905444860458374,6
2,3.581251621246338,5
1,3.673295021057129,8
2,2.9055750370025635,6
3,2.8512229919433594,2
1,3.970552921295166,1
0,3.4398112297058105,7
2,3.671231508255005,8
0,3.5788609981536865,5
1,2.9503517150878906,0
3,3.0064053535461426,4
1,2.849191904067993,2
2,3.3665781021118164,9
0,3.366633892059326,9
3,4.199794769287109,3
3,3.57719349861145,5
2,2.9530534744262695,0
0,3.9674108028411865,1
1,3.436387538909912,7
0,4.20329475402832,3
2,3.005875587463379,4
3,2.903123378753662,6
1,3.66713285446167,8
1,3.9657022953033447,1
3,3.4328417778015137,7
0,3.663637638092041,8
2,3.575672149658203,5
0,2.84602689743042,2
2,4.207669734954834,3
3,2.902221918106079,6
1,3.004873752593994,4
2,4.211691856384277,3
0,3.3660430908203125,9
3,3.3660426139831543,9
1,2.955897331237793,0
1,2.8452277183532715,2
0,2.955897569656372,0
3,3.6619174480438232,8
2,3.9649643898010254,1
1,2.900768280029297,6
2,3.5739495754241943,5
3,3.002464771270752,4
0,3.4301066398620605,7
3,3.573896646499634,5
2,3.002586841583252,4
0,3.6615381240844727,8
1,3.4300360679626465,7
0,2.8448948860168457,2
2,3.3657608032226562,9
1,3.9645793437957764,1
3,2.955383539199829,0
2,3.3655176162719727,9
0,2.899322748184204,6
1,3.9647789001464844,1
3,4.210721969604492,3
2,2.8454599380493164,2
0,4.210391998291016,3
3,3.003392219543457,4
1,3.6620845794677734,8
1,2.898193359375,6
2,3.5751519203186035,5
0,3.429832696914673,7
3,2.9467241764068604,0
2,2.8461484909057617,2
1,2.8972361087799072,6
3,3.0038280487060547,4
0,3.576340913772583,5
0,3.664577007293701,8
3,2.938072681427002,0
1,3.4304747581481934,7
2,3.3633651733398438,9
2,4.20810604095459,3
1,3.5752201080322266,5
0,3.362398147583008,9
3,3.9655261039733887,1
0,2.853776454925537,2
2,2.8942885398864746,6
3,4.207190990447998,3
1,3.0083820819854736,4
1,3.9951679706573486,1
0,2.9147608280181885,0
3,3.6730988025665283,8
2,3.440229654312134,7
0,4.205417633056641,3
2,2.902657985687256,0
3,3.3602242469787598,9
1,3.6775765419006348,8
2,3.5758817195892334,5
1,2.891948699951172,6
0,3.0086114406585693,4
3,3.442067861557007,7
0,3.358987808227539,9
2,2.8558945655822754,2
1,4.007937908172607,1
3,4.007966041564941,1
2,3.443328380584717,7
0,2.892036199569702,0
3,3.0100512504577637,4
1,2.855417251586914,2
0,2.8882899284362793,6
2,3.576911449432373,5
1,3.681758165359497,8
3,4.202940464019775,3
3,4.012651443481445,1
1,4.201920509338379,3
2,3.0136115550994873,4
0,2.8596410751342773,2
0,3.5761303901672363,5
1,2.8861193656921387,6
3,2.8686461448669434,0
2,3.6912670135498047,8
1,2.862309455871582,2
0,3.3565354347229004,9
3,4.01573371887207,1
2,3.4775030612945557,7
2,2.8834385871887207,6
1,3.355388641357422,9
0,3.4771132469177246,7
3,2.853120803833008,0
2,3.0163283348083496,4
0,4.199585914611816,3
3,3.702630043029785,8
1,3.5773611068725586,5
0,4.198765754699707,3
3,3.353984832763672,9
2,4.017791748046875,1
1,3.702587127685547,8
2,2.865778684616089,2
0,2.8803248405456543,6
1,3.503150463104248,7
3,3.5786120891571045,5
1,4.020169734954834,1
3,2.8307700157165527,0
0,3.016371965408325,4
2,3.016371726989746,4
2,3.7123098373413086,8
3,2.8789548873901367,6
1,2.8675384521484375,2
0,3.505098819732666,7
2,2.820960760116577,0
1,3.579263210296631,5
0,4.194215297698975,3
3,3.3505144119262695,9
3,2.8209903240203857,0
1,3.5046634674072266,7
2,2.867396354675293,2
0,3.5821034908294678,5
3,2.8762388229370117,6
2,3.0197267532348633,4
1,3.3483705520629883,9
0,4.187351703643799,3
2,2.869966506958008,2
3,3.715928077697754,8
0,4.024538040161133,1
1,4.024538516998291,1
2,2.874513626098633,6
0,3.5815248489379883,5
3,3.347100257873535,9
1,3.7199478149414062,8
0,4.183416366577148,3
2,2.8047680854797363,0
1,3.5094332695007324,7
3,3.0213518142700195,4
0,3.024447441101074,4
1,3.581495761871338,5
3,2.7973756790161133,0
2,3.512474536895752,7
0,4.029750823974609,1
2,4.174973964691162,3
1,3.7247867584228516,8
3,2.8725833892822266,6
3,2.8782920837402344,2
2,3.344585418701172,9
0,2.789562702178955,0
1,3.515153169631958,7
2,3.3444814682006836,9
3,3.576993703842163,5
0,3.7299399375915527,8
1,2.878291368484497,2
2,2.8698067665100098,6
1,4.035355091094971,1
0,4.157966613769531,3
3,3.0292325019836426,4
1,2.8698060512542725,6
3,3.0292577743530273,4
2,4.035315036773682,1
0,3.5185184478759766,7
0,2.8859477043151855,2
3,3.575923442840576,5
2,3.341470718383789,9
1,2.776291847229004,0
2,2.886000633239746,2
1,2.8686649799346924,6
0,4.148313999176025,3
3,3.7412474155426025,8
2,4.039743900299072,1
1,3.575960159301758,5
0,3.034874439239502,4
3,3.5228404998779297,7
2,3.3402349948883057,9
3,3.742330312728882,8
1,4.141891002655029,3
0,2.77402400970459,0
1,2.8891348838806152,2
0,3.339404344558716,9
2,3.744154930114746,8
3,2.7692294120788574,0
2,2.866427421569824,6
1,4.135040283203125,3
0,3.493668556213379,7
3,3.5754013061523438,5
3,4.044915676116943,1
0,3.3380892276763916,9
2,2.761247158050537,0
1,3.0388755798339844,4
2,2.8651981353759766,6
0,3.574573040008545,5
3,3.0382702350616455,4
1,3.7493896484375,8
3,4.045097351074219,1
1,2.8938937187194824,2
2,4.131707191467285,3
0,3.495016098022461,7
3,2.8639516830444336,6
1,3.0395450592041016,4
2,3.751634120941162,8
0,4.128909111022949,3
3,2.8957901000976562,2
2,3.575185775756836,5
0,4.045407772064209,1
1,3.488018035888672,9
0,4.046900272369385,1
2,4.125946521759033,3
3,2.746859073638916,0
1,3.4972195625305176,7
2,2.8991470336914062,2
1,3.5752830505371094,5
0,2.746870994567871,0
3,3.7548532485961914,8
1,2.860330581665039,6
2,3.48502779006958,9
3,3.4985716342926025,7
0,3.042675018310547,4
1,3.485708236694336,9
2,3.5746004581451416,5
0,4.123813629150391,3
3,2.7390382289886475,0
3,2.8582944869995117,6
0,2.9054787158966064,2
2,3.0620932579040527,4
1,3.761749744415283,8
2,2.9054784774780273,2
0,2.8582942485809326,6
1,4.048516750335693,1
3,3.499673366546631,7
2,3.4834322929382324,9
3,3.061224937438965,4
0,2.727937698364258,0
1,3.762012481689453,8
2,3.575761556625366,5
3,4.048395156860352,1
1,4.121423721313477,3
0,3.500065803527832,7
0,2.854590892791748,6
3,3.4828310012817383,9
1,3.5007195472717285,7
2,3.575831174850464,5
3,2.9095911979675293,2
0,4.120515823364258,3
2,2.7247977256774902,0
1,3.762385845184326,8
2,2.8530707359313965,6
0,4.119909763336182,3
3,4.047480583190918,1
1,3.063399076461792,4
0,4.047480583190918,1
2,3.501486301422119,7
3,2.721660614013672,0
1,3.063398838043213,4
3,2.911674976348877,2
0,3.5733652114868164,5
2,3.4825515747070312,9
1,3.763108253479004,8
1,2.8513426780700684,6
2,2.912985324859619,2
0,4.044980049133301,1
3,2.7209410667419434,0
0,3.482527256011963,9
1,3.0637805461883545,4
2,3.488426446914673,5
3,3.501875400543213,7
2,3.76334810256958,8
1,3.4822559356689453,9
3,4.119142055511475,3
0,4.119142055511475,3
0,2.914451837539673,2
2,4.042525768280029,1
3,2.720008373260498,0
1,3.763272762298584,8
3,3.063586711883545,4
1,3.502180814743042,7
2,2.847053289413452,6
0,3.4871835708618164,5
0,2.8469014167785645,6
2,4.041247367858887,1
3,3.06351900100708,4
1,3.4875245094299316,5
3,4.117304801940918,3
0,3.4841136932373047,9
2,3.7639212608337402,8
1,2.7186522483825684,0
1,2.9133670330047607,2
0,4.117090225219727,3
2,4.039922714233398,1
3,3.4304897785186768,7
3,2.8437840938568115,6
2,3.4857866764068604,9
1,3.0642552375793457,4
0,3.431309700012207,7
0,2.9113986492156982,2
2,2.7179360389709473,0
3,3.763946533203125,8
1,3.485323667526245,5
1,2.909609079360962,2
2,4.038422584533691,1
0,4.115315914154053,3
3,3.4322590827941895,7
2,2.842635154724121,6
0,2.717522144317627,0
3,3.4834086894989014,5
1,3.7643656730651855,8
3,2.908029794692993,2
2,2.9909815788269043,4
0,3.765104293823242,8
1,3.4885661602020264,9
2,4.037424087524414,1
0,3.4885661602020264,9
3,2.9893124103546143,4
1,3.48185133934021,5
3,4.114405155181885,3
1,2.718405246734619,0
0,2.840681552886963,6
2,3.4320173263549805,7
2,2.840682029724121,6
3,3.491184711456299,9
1,3.766143798828125,8
0,2.7183732986450195,0
3,4.114220142364502,3
1,3.4799413681030273,5
2,3.4309825897216797,7
0,2.9896492958068848,4
0,2.8991665840148926,2
2,2.8398752212524414,6
3,4.036005020141602,1
1,3.735919952392578,8
0,2.896167039871216,2
2,4.114174842834473,3
3,3.478877305984497,5
1,2.989595413208008,4
0,2.7217254638671875,0
2,3.430041790008545,7
1,3.4941635131835938,9
3,4.034646511077881,1
2,3.7407968044281006,8
1,3.477912187576294,5
0,3.495736598968506,9
3,2.7249417304992676,0
3,2.893857002258301,2
2,2.838395595550537,6
1,2.9890570640563965,4
0,3.4267899990081787,7
3,4.11507511138916,3
2,3.4971442222595215,9
0,4.031205177307129,1
1,2.8379721641540527,6
3,4.115180492401123,3
2,3.477957248687744,5
1,2.7890634536743164,0
0,3.4235455989837646,7
1,4.029648303985596,1
3,2.8903896808624268,2
2,2.9858720302581787,4
0,3.7368428707122803,8
2,2.8855485916137695,2
1,3.499423027038574,9
3,3.478175401687622,5
0,3.4218106269836426,7
2,4.116318225860596,3
0,2.8371598720550537,6
3,2.796384334564209,0
1,2.9853291511535645,4
3,4.116270065307617,3
2,2.8807287216186523,2
1,4.036990165710449,1
0,3.7333879470825195,8
2,2.835726261138916,6
1,3.7320919036865234,8
3,3.502269744873047,9
0,4.035595417022705,1
2,3.478684902191162,5
3,3.418595790863037,7
1,2.80252742767334,0
0,2.9854369163513184,4
1,2.8766565322875977,2
2,3.5049386024475098,9
0,2.985234498977661,4
3,4.034806251525879,1
3,4.446479797363281,3
0,2.872098445892334,0
1,4.016107082366943,8
2,3.4177005290985107,7
0,2.933283805847168,2
2,3.8142635822296143,5
3,2.5406384468078613,4
1,2.903144598007202,6
0,3.350554943084717,9
1,2.9019010066986084,6
3,3.814119577407837,5
2,2.723383903503418,0
1,4.173797130584717,1
3,3.422922134399414,7
2,4.44316291809082,3
0,4.015276908874512,8
2,4.440413951873779,3
1,2.9002223014831543,6
3,3.421900510787964,7
0,4.012240409851074,8
0,2.928154945373535,2
3,2.539052963256836,4
2,4.171978950500488,1
1,3.352987289428711,9
2,4.438515663146973,3
0,3.8155994415283203,5
1,3.815599203109741,5
3,2.731889247894287,0
2,2.8990447521209717,6
1,4.170571804046631,1
0,4.009654998779297,8
3,3.421018123626709,7
0,3.353487730026245,9
1,2.7363760471343994,0
2,2.5376436710357666,4
3,2.924170970916748,2
0,3.3534226417541504,9
3,4.4378814697265625,3
2,2.7363691329956055,0
1,3.4191784858703613,7
2,2.89616060256958,6
0,4.00464391708374,8
3,3.819071054458618,5
1,4.166606903076172,1
2,2.921943426132202,2
0,2.9219436645507812,2
3,3.819071054458618,5
1,2.536677837371826,4
1,3.35638165473938,9
0,2.893923759460449,6
3,4.4359893798828125,3
2,3.9991507530212402,8
3,2.535315990447998,4
1,2.74644136428833,0
2,3.9058072566986084,1
0,3.415529251098633,7
1,4.43514347076416,3
2,3.412713050842285,7
0,3.9893250465393066,8
3,2.5324716567993164,4
1,2.9162187576293945,2
3,2.891995429992676,6
2,3.822063446044922,5
0,3.357241153717041,9
2,3.357311725616455,9
1,3.7582855224609375,1
0,3.4089791774749756,7
3,2.6992149353027344,0
1,2.854703664779663,2
0,3.7582759857177734,1
3,2.699212074279785,0
2,3.6967549324035645,8
2,3.158301830291748,6
1,4.4005045890808105,3
0,2.9919533729553223,4
3,3.7031478881835938,5
1,4.400379180908203,3
3,2.668564796447754,0
2,3.768986463546753,1
0,2.9914774894714355,4
2,3.1582212448120117,6
1,3.3575053215026855,9
0,3.7052738666534424,5
3,3.401623249053955,7
2,2.861726760864258,2
0,3.6910641193389893,8
3,3.401623249053955,7
1,2.861726760864258,2
2,4.403783798217773,3
1,3.157787561416626,6
0,2.695871353149414,0
3,2.9831743240356445,4
1,3.7069687843322754,5
3,3.3585848808288574,9
0,3.761392116546631,1
2,3.680281162261963,8
2,2.7172317504882812,0
0,3.755295753479004,1
3,3.360549211502075,9
1,3.3855412006378174,7
0,2.8518481254577637,2
3,3.709469795227051,5
1,3.1579761505126953,6
2,3.6634225845336914,8
2,4.41237735748291,3
0,2.937224864959717,4
1,3.7509968280792236,1
3,2.937224864959717,4
0,2.729978084564209,0
2,2.8482043743133545,2
1,3.1573634147644043,6
3,3.651787281036377,8
0,4.416075706481934,3
1,3.3631954193115234,9
2,3.3790717124938965,7
3,3.708395004272461,5
0,3.157231092453003,6
2,3.363433837890625,9
3,3.740878105163574,1
1,3.3790345191955566,7
3,2.8382394313812256,2
0,4.420036792755127,3
2,2.927947521209717,4
1,2.7542483806610107,0
1,3.6322174072265625,8
0,2.92793607711792,4
3,3.7373690605163574,1
2,3.7043960094451904,5
2,4.424264907836914,3
0,3.367093563079834,9
1,3.6202030181884766,8
3,3.3736138343811035,7
3,3.157358169555664,6
1,2.768928050994873,0
2,2.8331730365753174,2
0,3.702471971511841,5
1,2.8293638229370117,2
3,3.1581106185913086,6
2,2.7813336849212646,0
0,3.6096487045288086,8
2,4.428605556488037,3
3,3.7103352546691895,1
1,3.3693740367889404,9
0,3.366072416305542,7
3,2.825359344482422,2
1,3.158390998840332,6
0,3.5103015899658203,5
2,2.8452858924865723,4
3,4.432861804962158,3
1,2.844642162322998,4
2,3.510307788848877,5
0,3.3721814155578613,9
2,3.7035884857177734,1
0,3.3611645698547363,7
1,3.581401824951172,8
3,2.811748743057251,0
2,4.437431812286377,3
0,2.8213229179382324,2
3,3.159358024597168,6
1,2.8117527961730957,0
2,3.7021827697753906,1
0,3.3596858978271484,7
3,2.8396847248077393,4
1,3.3818464279174805,5
2,3.375034809112549,9
3,3.702183485031128,1
0,3.5671439170837402,8
1,3.3750343322753906,9
2,3.1614890098571777,6
3,3.5565667152404785,8
0,3.358349084854126,7
1,4.444925785064697,3
1,2.8166770935058594,2
3,3.3784260749816895,5
2,2.7073283195495605,0
0,2.8360657691955566,4
0,2.8157522678375244,2
3,3.161224126815796,6
2,3.7007100582122803,1
1,3.3579154014587402,7
1,3.3759803771972656,9
2,3.550537109375,8
3,2.7085373401641846,0
0,2.832045316696167,4
0,4.4511494636535645,3
3,3.161337375640869,6
2,3.375934600830078,5
1,3.375934600830078,5
1,2.8155500888824463,2
2,3.375669479370117,9
0,2.709792137145996,0
3,3.3580141067504883,7
0,3.5392017364501953,8
1,4.454366683959961,3
3,3.7108006477355957,1
2,2.828648090362549,4
0,2.815711259841919,2
2,4.454349994659424,3
1,3.5392003059387207,8
3,3.1613807678222656,6
0,3.375155448913574,9
2,3.710420846939087,1
3,2.7094295024871826,0
1,3.373753070831299,5
2,3.160757541656494,6
3,2.816251039505005,2
0,3.358157157897949,7
1,2.8275527954101562,4
1,3.710059881210327,1
2,4.458517551422119,3
3,2.7091662883758545,0
0,3.35815691947937,7
1,3.3729641437530518,5
3,2.823702573776245,4
2,3.3747053146362305,9
0,3.5300164222717285,8
1,3.7098488807678223,1
3,3.1595492362976074,6
2,2.8233673572540283,4
0,3.3734679222106934,5
2,4.462440013885498,3
1,2.8173601627349854,2
0,2.7089672088623047,0
3,3.524827003479004,8
1,2.817888021469116,2
2,3.3696372509002686,9
0,3.3741185665130615,5
3,3.3323988914489746,7
1,4.464747428894043,3
2,3.369614601135254,9
3,3.157841444015503,6
0,2.7087619304656982,0
3,3.708148717880249,1
1,3.5158348083496094,8
2,3.3326306343078613,7
0,2.822312355041504,4
0,3.369764566421509,9
2,4.4675679206848145,3
1,3.3724913597106934,5
3,2.708688259124756,0
0,2.8194446563720703,2
2,3.513265609741211,8
3,2.822230577468872,4
1,3.707921266555786,1
1,3.1552815437316895,6
2,3.369117259979248,9
3,3.5132553577423096,8
0,3.33290958404541,7
1,2.8171629905700684,2
2,2.8196399211883545,4
3,2.698988914489746,0
0,3.3333864212036133,7
1,3.3656511306762695,5
3,3.7044622898101807,1
2,4.468942165374756,3
0,3.150857925415039,6
2,3.149041175842285,6
1,3.368227005004883,9
0,2.697098731994629,0
3,3.533846855163574,8
2,2.8182663917541504,2
0,3.333621025085449,7
1,3.7034192085266113,1
3,3.3652396202087402,5
3,4.4709649085998535,3
2,3.5322437286376953,8
0,3.199413299560547,4
1,3.334995746612549,7
0,2.8200912475585938,2
3,3.365952968597412,5
1,4.470641136169434,3
2,3.367234706878662,9
2,3.701146364212036,1
0,2.6950807571411133,0
1,3.200273036956787,4
3,3.146561622619629,6
0,2.821763515472412,2
2,3.1455676555633545,6
1,4.470126152038574,3
3,2.694873332977295,0
2,3.7003488540649414,1
3,3.3666138648986816,5
0,3.3364098072052,7
1,3.3664071559906006,9
2,4.466973304748535,3
3,3.2012033462524414,4
1,3.528881549835205,8
0,3.3379111289978027,7
0,2.8235859870910645,2
1,3.699477434158325,1
2,3.3645288944244385,9
3,3.143418788909912,6
3,3.3690085411071777,5
1,2.6928610801696777,0
2,3.2018184661865234,4
0,3.5274722576141357,8
3,3.369353771209717,5
1,4.462976455688477,3
0,3.3405394554138184,7
2,3.2025229930877686,4
0,2.8266305923461914,2
2,3.1408777236938477,6
1,3.362910270690918,9
3,3.526482105255127,8
3,2.826638698577881,2
1,3.6979622840881348,1
0,2.6916439533233643,0
2,3.202404022216797,4
3,3.139120101928711,6
2,3.3620057106018066,9
0,3.3701934814453125,5
1,3.697401762008667,1
0,4.461742877960205,3
2,3.3400869369506836,7
1,3.525620698928833,8
3,2.691470146179199,0
2,3.3705711364746094,5
3,3.2035555839538574,4
1,3.339813709259033,7
0,2.6912620067596436,0
0,3.6955134868621826,1
2,3.3603835105895996,9
3,3.5254812240600586,8
1,4.461483955383301,3
3,2.8328185081481934,2
2,3.13668155670166,6
1,2.8328185081481934,2
0,2.6914875507354736,0
3,4.460757732391357,3
2,3.1353671550750732,6
1,3.2039809226989746,4
0,3.338843584060669,7
3,3.373260498046875,5
2,3.6930270195007324,1
1,3.3573341369628906,9
0,3.525740146636963,8
3,3.357104778289795,9
0,3.134212017059326,6
1,3.204011917114258,4
2,3.3357086181640625,7
0,4.460055351257324,3
1,2.8390402793884277,2
3,3.375195264816284,5
2,3.5238218307495117,8
3,4.460003852844238,3
1,3.355773448944092,9
2,3.6921308040618896,1
0,2.6851656436920166,0
3,2.838928699493408,2
2,3.6919186115264893,1
0,3.3767194747924805,5
1,2.684826135635376,0
1,3.1309521198272705,6
0,3.522357940673828,8
2,3.205110549926758,4
3,3.335766315460205,7
2,3.521599292755127,8
0,3.691293239593506,1
3,3.2051658630371094,4
1,2.6839728355407715,0
2,2.8384947776794434,2
1,3.1292061805725098,6
3,4.459139823913574,3
0,3.3799285888671875,5
3,4.45943021774292,3
1,3.128800392150879,6
2,3.3539435863494873,9
0,3.336526870727539,7
3,2.8384127616882324,2
0,3.3539633750915527,9
1,2.684467315673828,0
2,3.206027030944824,4
3,3.690314769744873,1
1,3.5159366130828857,8
2,3.3368399143218994,7
0,3.3810713291168213,5
0,3.1278529167175293,6
2,3.5159366130828857,8
1,2.6853065490722656,0
3,3.3368401527404785,7
0,4.458771705627441,3
2,3.3532156944274902,9
1,3.689816474914551,1
3,3.3810882568359375,5
0,2.8390626907348633,2
2,3.381080389022827,5
1,4.458765983581543,3
3,3.206130027770996,4
0,2.8396947383880615,2
1,3.689239978790283,1
3,2.6849608421325684,0
2,3.3369712829589844,7
2,3.1260833740234375,6
0,3.3531394004821777,9
3,3.5146749019622803,8
1,3.1579267978668213,4
2,3.125473976135254,6
1,3.3529317378997803,9
3,3.6886677742004395,1
0,3.1582844257354736,4
0,2.8402860164642334,2
1,3.379763126373291,5
2,4.457504749298096,3
3,3.336483955383301,7
2,4.453245162963867,3
0,3.1243162155151367,6
3,2.6848249435424805,0
1,3.5139098167419434,8
2,2.8410582542419434,2
3,3.377969264984131,5
1,3.5139102935791016,8
0,3.6883175373077393,1
1,3.3530726432800293,9
3,2.6851625442504883,0
0,3.15932035446167,4
2,3.3370862007141113,7
2,4.449742794036865,3
0,3.1237292289733887,6
3,3.3727800846099854,5
1,3.33707857131958,7
0,2.843453884124756,2
3,3.3538389205932617,9
2,2.685741424560547,0
1,3.5144948959350586,8
1,3.123434066772461,6
0,3.6867294311523438,1
2,2.685741424560547,0
3,3.1591062545776367,4
2,3.354663372039795,9
1,3.6842434406280518,1
0,3.5147910118103027,8
3,3.337083339691162,7
2,2.844846487045288,2
0,3.365457773208618,5
3,4.445841312408447,3
1,3.1590113639831543,4
0,3.680727005004883,1
1,4.44462776184082,3
2,3.3631930351257324,5
3,3.158604145050049,4
2,2.8430023193359375,2
1,3.1223855018615723,6
0,3.3558783531188965,9
3,3.3365697860717773,7
1,3.679288387298584,1
0,3.3363161087036133,7
2,3.515298366546631,8
3,2.6901910305023193,0
1,3.1221556663513184,6
2,3.3616905212402344,5
3,2.6920104026794434,0
0,3.3564295768737793,9
1,2.8414406776428223,2
3,3.15814208984375,4
0,3.5118603706359863,8
2,4.443951606750488,3
3,3.1208229064941406,6
0,3.3595099449157715,5
1,2.696627616882324,0
2,3.511788845062256,8
0,3.357964038848877,9
1,3.6711151599884033,1
2,3.157785415649414,4
3,3.3356773853302,7
1,4.443463325500488,3
0,2.838109254837036,2
2,3.3625330924987793,7
3,3.1578569412231445,4
3,3.120732069015503,6
0,2.837562084197998,2
1,4.443636894226074,3
2,2.703686237335205,0
0,3.667440891265869,1
3,3.508148193359375,8
2,3.358753204345703,9
1,3.3589062690734863,5
0,3.12078595161438,6
1,4.443331241607666,3
2,3.5081467628479004,8
3,2.8358826637268066,2
3,3.6657772064208984,1
2,2.7099900245666504,0
1,3.1569225788116455,4
0,3.3610973358154297,7
2,3.359070301055908,9
0,3.358703136444092,5
1,3.120976209640503,6
3,2.709989309310913,0
1,3.664182186126709,1
2,4.4432806968688965,3
3,3.3599648475646973,7
0,3.4781582355499268,5
0,2.8325157165527344,2
3,3.5050530433654785,8
1,3.3581652641296387,9
2,3.1561455726623535,4
3,3.357957363128662,9
2,3.6629014015197754,1
0,3.503635883331299,8
1,3.1549344062805176,4
3,4.443379878997803,3
2,3.4782018661499023,5
1,3.1218395233154297,6
0,2.7178730964660645,0
0,2.8305487632751465,2
2,3.5024473667144775,8
1,3.15397310256958,4
3,3.357599973678589,7
1,2.8305487632751465,2
3,3.478207588195801,5
0,3.6590170860290527,1
2,3.3575992584228516,7
0,3.122553825378418,6
3,3.358072280883789,9
2,2.7255563735961914,0
1,4.441067218780518,3
2,2.829624652862549,2
1,3.656419038772583,1
0,3.3579835891723633,9
3,2.7255468368530273,0
3,3.1223740577697754,6
0,3.4803524017333984,5
1,4.440243721008301,3
2,3.501826286315918,8
1,4.440220832824707,3
2,3.3580386638641357,9
3,3.3565263748168945,7
0,3.152662754058838,4
3,3.122494697570801,6
2,2.73518705368042,0
1,3.1518945693969727,4
0,3.646092414855957,1
1,3.499417304992676,8
3,3.481112003326416,5
0,3.3558053970336914,7
2,2.8287603855133057,2
3,2.8283443450927734,2
0,3.147096633911133,4
1,2.739837408065796,0
2,3.35577392578125,7
3,3.1226139068603516,6
0,4.433121204376221,3
1,3.642005681991577,1
2,3.4976539611816406,8
2,3.3590035438537598,9
3,3.4821653366088867,5
1,3.496046543121338,8
0,3.145618438720703,4
0,2.7438805103302,0
2,3.482156276702881,5
3,3.639688014984131,1
1,3.355684280395508,7
2,3.358654499053955,9
0,4.425046443939209,3
1,3.123363733291626,6
3,2.825831413269043,2
0,2.8260765075683594,2
2,3.358572483062744,9
1,3.63737416267395,1
3,3.493962287902832,8
1,4.421398162841797,3
0,3.4837868213653564,5
3,3.124234914779663,6
2,2.7527689933776855,0
2,3.1241724491119385,6
3,2.82541561126709,2
1,3.137913227081299,4
0,3.355055809020996,7
1,3.4854273796081543,5
0,3.357738733291626,9
3,3.63537335395813,1
2,2.7550206184387207,0
3,3.1357712745666504,4
1,3.3545093536376953,7
2,4.418410301208496,3
0,3.4901342391967773,8
0,3.1231164932250977,6
3,3.4860095977783203,5
1,3.3573763370513916,9
2,3.490079402923584,8
2,2.824981212615967,2
3,4.417314529418945,3
0,3.6325435638427734,1
1,2.7604217529296875,0
1,2.824827194213867,2
2,3.133681297302246,4
0,3.353773355484009,7
3,3.133681297302246,4
0,3.1209378242492676,6
3,3.3564608097076416,9
2,2.759237766265869,0
1,4.416294097900391,3
2,3.489132881164551,8
1,3.6318106651306152,1
0,3.3541622161865234,7
3,3.4870822429656982,5
1,3.4891200065612793,5
3,3.6318538188934326,1
0,2.752002716064453,0
2,3.4910268783569336,8
3,2.82706356048584,2
2,3.118861198425293,6
1,3.3553528785705566,9
0,4.414468765258789,3
2,2.8282811641693115,2
1,3.1170220375061035,6
3,3.35707426071167,7
0,3.1321821212768555,4
3,3.491589307785034,5
1,3.631789207458496,1
2,3.13216495513916,4
0,3.4927775859832764,8
3,4.403894901275635,3
1,3.35878324508667,7
2,3.353728771209717,9
0,2.741201877593994,0
2,2.8294291496276855,2
1,3.353728771209717,9
3,3.4922547340393066,5
0,3.3587779998779297,7
2,4.400171279907227,3
1,3.114894390106201,6
0,2.736257791519165,0
3,3.497757911682129,8
1,4.400170803070068,3
2,3.6318554878234863,1
3,3.1293325424194336,4
0,3.3604793548583984,7
0,2.8311052322387695,2
3,2.735363483428955,0
2,3.128169536590576,4
1,3.6315460205078125,1
0,3.1145358085632324,6
1,3.490511417388916,5
2,3.353634834289551,9
3,3.4971628189086914,8
3,3.1141414642333984,6
2,3.3614463806152344,7
1,3.4969027042388916,8
0,3.1270642280578613,4
3,2.8319032192230225,2
0,3.353442668914795,9
2,3.631010055541992,1
1,2.7351009845733643,0
0,2.8318755626678467,2
2,3.4908032417297363,5
1,3.4908032417297363,5
3,4.39623498916626,3
2,3.12619686126709,4
1,3.353320837020874,9
3,3.3608222007751465,7
0,3.6303272247314453,1
0,3.1126201152801514,6
1,3.496534824371338,8
3,2.734684467315674,0
2,4.395626544952393,3
2,3.1239328384399414,4
0,3.629631280899048,1
3,4.395260810852051,3
1,3.496891975402832,8
3,3.111623764038086,6
2,2.8336215019226074,2
0,3.3603506088256836,7
1,2.7344071865081787,0
2,3.3530173301696777,9
0,3.4916281700134277,5
3,3.4916281700134277,5
1,3.3530168533325195,9
3,4.394082069396973,3
2,3.122195243835449,4
0,3.4970808029174805,8
1,3.3598177433013916,7
3,2.835343360900879,2
0,3.1076505184173584,6
1,3.628066062927246,1
2,2.819228172302246,0
1,3.107055902481079,6
0,3.526405096054077,8
2,2.819197654724121,0
3,3.1210520267486572,4
3,2.8370912075042725,2
0,4.392518043518066,3
1,3.6279149055480957,1
2,3.493800640106201,5
0,3.3527936935424805,9
1,3.3527936935424805,9
3,2.813857078552246,0
2,3.3604421615600586,7
2,3.4942750930786133,5
3,3.1027472019195557,6
1,3.5307607650756836,8
0,2.8383562564849854,2
0,3.6276845932006836,1
1,3.362419605255127,7
3,3.1235828399658203,4
2,4.385885715484619,3
3,2.8399055004119873,2
1,3.533273696899414,8
0,3.3639020919799805,7
2,3.1232008934020996,4
3,3.1001482009887695,6
2,2.8031129837036133,0
0,3.3542122840881348,9
1,4.382821083068848,3
0,2.840607166290283,2
3,3.49070405960083,5
1,3.3541746139526367,9
2,3.5550432205200195,1
3,3.098661422729492,6
2,4.380518913269043,3
0,3.1205811500549316,4
1,3.5548899173736572,1
2,3.537726640701294,8
0,3.48945689201355,5
1,2.798048496246338,0
3,3.3682308197021484,7
0,3.4892525672912598,5
2,3.3684003353118896,7
1,3.1187000274658203,4
3,2.7978577613830566,0
2,3.096128463745117,6
0,2.8422231674194336,2
3,3.356287956237793,9
1,3.5531222820281982,1
3,3.095917224884033,6
1,4.3775482177734375,3
0,3.538813591003418,8
2,3.3688392639160156,7
2,3.357452392578125,9
1,3.50288462638855,8
3,3.1096644401550293,4
0,3.5434484481811523,1
0,2.8420286178588867,2
3,3.486565351486206,5
1,2.796903133392334,0
2,4.375324726104736,3
3,2.8423409461975098,2
2,4.366706371307373,3
1,3.504857063293457,8
0,2.9353928565979004,7
1,3.864292621612549,9
3,2.796196460723877,0
2,3.1045188903808594,4
0,3.5420150756835938,1
3,2.842560052871704,2
1,3.09299373626709,6
0,3.483452320098877,5
2,2.937107563018799,7
0,3.540782928466797,1
2,3.4832539558410645,5
3,3.5067391395568848,8
1,2.795558214187622,0
0,3.092489004135132,6
3,4.345969200134277,3
2,3.7621121406555176,9
1,3.0931057929992676,4
1,2.842057228088379,2
2,2.7954511642456055,0
0,2.938540458679199,7
3,3.0915839672088623,6
2,4.334799289703369,3
0,3.5386974811553955,1
3,3.7638916969299316,9
1,3.087775707244873,4
0,3.0902342796325684,6
1,3.4819769859313965,5
3,3.4819765090942383,5
2,3.5136899948120117,8
2,2.843292713165283,2
3,4.325924873352051,3
1,2.860011100769043,7
0,3.083639621734619,4
3,3.7675342559814453,9
1,2.7882986068725586,0
0,3.537980556488037,1
2,3.513929843902588,8
1,2.8437769412994385,2
3,3.537881851196289,1
2,3.088151454925537,6
0,3.5144708156585693,8
2,4.318921089172363,3
3,2.786965847015381,0
1,2.861694812774658,7
0,3.0809743404388428,4
2,2.8472981452941895,2
1,3.487290143966675,5
3,3.487290143966675,5
0,3.7698240280151367,9
3,3.0895910263061523,6
2,3.0799028873443604,4
0,2.8637733459472656,7
1,3.5394139289855957,1
3,4.302887439727783,3
1,2.788238048553467,0
0,3.7719428539276123,9
2,3.4997754096984863,8
1,3.485348701477051,5
2,3.5390100479125977,1
0,3.771942615509033,9
3,3.087728500366211,6
0,4.292823791503906,3
3,2.86747407913208,7
1,3.0765349864959717,4
2,2.787362575531006,0
2,2.8485541343688965,2
1,3.0862226486206055,6
3,2.7873501777648926,0
0,3.5008277893066406,8
1,3.4836411476135254,5
2,2.869600534439087,7
3,3.7726802825927734,9
0,3.0750269889831543,4
0,3.53835391998291,1
3,2.847665309906006,2
1,4.286256790161133,3
2,3.50167179107666,8
3,2.846907138824463,2
2,3.0847220420837402,6
0,3.538036346435547,1
1,2.871436595916748,7
3,4.2799177169799805,3
2,3.5024876594543457,8
1,3.772939682006836,9
0,3.0734639167785645,4
3,3.4826300144195557,5
1,3.7728304862976074,9
2,2.786686420440674,0
0,2.786686420440674,0
3,2.8465018272399902,2
0,3.4826300144195557,5
2,3.537705421447754,1
1,2.873192071914673,7
2,4.270962238311768,3
0,3.070693016052246,4
1,3.082927703857422,6
3,3.5039544105529785,8
2,3.48238468170166,5
1,3.535691738128662,1
0,3.7725977897644043,9
3,3.070692777633667,4
0,2.8468005657196045,2
3,3.0820655822753906,6
1,2.7860989570617676,0
2,2.875729560852051,7
1,4.267906665802002,3
0,2.8468005657196045,2
3,3.504282236099243,8
2,3.504282236099243,8
1,3.483501434326172,5
2,3.0689773559570312,4
3,2.78631329536438,0
0,3.534719228744507,1
0,3.081303119659424,6
3,2.8777246475219727,7
1,3.770638942718506,9
2,4.258394718170166,3
2,4.308823108673096,3
1,2.8474302291870117,2
0,3.5341339111328125,1
3,2.7859368324279785,0
3,3.770508289337158,9
0,3.480719566345215,5
1,3.0680363178253174,4
2,2.879589557647705,7
2,3.080223560333252,6
0,3.080223560333252,6
1,4.302891731262207,3
3,3.5093002319335938,8
2,3.5343010425567627,1
0,3.770314931869507,9
3,3.067478656768799,4
1,2.8485326766967773,2
0,3.478699207305908,5
3,2.8839035034179688,7
2,3.5121586322784424,8
1,2.7774760723114014,0
0,3.5347185134887695,1
2,3.478699207305908,5
1,4.296998023986816,3
3,3.5123136043548584,8
3,2.850940704345703,2
1,3.766831636428833,9
2,2.7753987312316895,0
0,2.885556697845459,7
3,3.079130172729492,6
0,3.067866325378418,4
2,2.8853673934936523,7
1,3.067866325378418,4
1,3.079341411590576,6
3,3.5124053955078125,8
2,3.7636399269104004,9
0,2.7731101512908936,0
3,2.8525314331054688,2
0,3.4784228801727295,5
1,4.289878845214844,3
2,3.535735845565796,1
0,3.5351271629333496,1
3,3.0675735473632812,4
2,3.4784345626831055,5
1,2.7726430892944336,0
1,2.8540241718292236,2
0,3.0806713104248047,6
3,2.8872833251953125,7
2,3.7610268592834473,9
2,4.293085098266602,3
3,3.5123696327209473,8
0,2.772588014602661,0
1,3.5123696327209473,8
2,3.0806217193603516,6
1,4.293085098266602,3
3,3.5321717262268066,1
0,3.758876323699951,9
1,2.857285737991333,2
0,3.067702531814575,4
3,3.478999137878418,5
2,2.888836145401001,7
2,2.772299289703369,0
1,2.8887951374053955,7
0,3.0673837661743164,4
3,3.080380916595459,6
2,2.85823917388916,2
0,3.527721881866455,1
3,3.481386423110962,5
1,3.486886978149414,8
3,4.290854454040527,3
1,3.756850004196167,9
2,3.4868786334991455,8
0,3.5277085304260254,1
2,2.859762191772461,2
0,2.774472713470459,0
3,3.753842353820801,9
1,3.0684423446655273,4
0,3.4828598499298096,5
1,4.2909955978393555,3
3,2.8902814388275146,7
2,3.0781631469726562,6
2,4.291102409362793,3
0,3.4839158058166504,5
1,3.069324254989624,4
3,2.8912246227264404,7
3,3.077986478805542,6
1,3.7511141300201416,9
2,2.7722041606903076,0
0,3.4806766510009766,8
0,2.876692771911621,2
2,3.479989528656006,5
3,3.067370891571045,4
1,3.522376537322998,1
2,2.8766930103302,2
1,3.522376537322998,1
3,2.767263412475586,0
0,2.892206907272339,7
0,3.5017592906951904,8
3,4.287717342376709,3
2,3.749040126800537,9
1,3.073688507080078,6
3,3.073688507080078,6
1,3.4814982414245605,5
0,2.767850399017334,0
2,3.0681333541870117,4
0,2.8784871101379395,2
1,4.287911891937256,3
2,3.7488174438476562,9
3,3.5195703506469727,1
1,2.894519805908203,7
2,3.4957242012023926,8
3,3.495724678039551,8
0,4.288028240203857,3
0,2.8799490928649902,2
2,2.8955166339874268,7
3,3.519178867340088,1
1,3.747128486633301,9
3,3.072591781616211,6
0,3.069733142852783,4
1,2.7684872150421143,0
2,3.485821485519409,5
0,3.517092227935791,1
3,3.069674015045166,4
1,3.489933490753174,8
2,2.895480155944824,7
3,2.882563591003418,2
2,3.073753833770752,6
0,3.4871578216552734,5
1,2.76920747756958,0
0,4.2878265380859375,3
2,3.516761302947998,1
3,3.745797872543335,9
1,4.2878265380859375,3
0,2.883305549621582,2
3,3.073138952255249,6
1,3.068138599395752,4
2,2.894423484802246,7
0,3.488332986831665,5
1,3.744966506958008,9
2,3.4819183349609375,8
3,2.7699315547943115,0
0,2.7709569931030273,0
2,3.067018747329712,4
1,2.8935770988464355,7
3,3.0724592208862305,6
1,3.515636444091797,1
3,3.4885430335998535,5
2,3.744210958480835,9
0,3.479794502258301,8
1,2.8836002349853516,2
2,3.4905753135681152,5
3,3.4775140285491943,8
0,4.288440704345703,3
0,3.07197904586792,6
3,3.7440388202667236,9
1,4.288410663604736,3
2,2.892878532409668,7
2,2.883251190185547,2
1,3.5147006511688232,1
0,3.064509868621826,4
3,2.77447247505188,0
1,4.2887749671936035,3
3,2.883251190185547,2
0,3.744044542312622,9
2,3.475900173187256,8
2,3.514720916748047,1
3,3.0719985961914062,6
0,2.7730894088745117,0
1,2.8930797576904297,7
2,3.514599323272705,1
0,2.892991781234741,7
3,3.063835620880127,4
1,3.4899964332580566,5
3,2.883340835571289,2
2,3.0718798637390137,6
0,3.7437875270843506,9
1,3.4753241539001465,8
1,3.48960018157959,5
2,4.2899675369262695,3
3,3.062297821044922,4
0,2.772430419921875,0
0,3.5144386291503906,1
2,3.489600658416748,5
1,3.743654727935791,9
3,2.883057117462158,2
1,3.072244644165039,6
2,3.0607409477233887,4
3,2.7718138694763184,0
0,3.474987030029297,8
3,4.290470123291016,3
2,3.4855356216430664,5
1,2.893345594406128,7
0,2.893345355987549,7
3,3.7440826892852783,9
1,4.292416572570801,3
0,3.513795852661133,1
2,2.7714691162109375,0
0,2.8835248947143555,2
1,3.072388172149658,6
2,3.475269079208374,8
3,3.0585989952087402,4
0,3.4918935298919678,5
2,3.072542667388916,6
3,3.05842924118042,4
1,3.475158214569092,8
2,3.513154983520508,1
0,2.8912291526794434,7
3,2.7710790634155273,0
1,2.8842523097991943,2
3,4.294834136962891,3
0,3.5133371353149414,1
1,3.743197441101074,9
2,2.8913726806640625,7
3,3.488886833190918,5
1,3.070258617401123,6
2,3.4753170013427734,8
0,2.7707881927490234,0
1,2.8854873180389404,2
2,3.7425312995910645,9
3,4.296734809875488,3
0,3.055325746536255,4
2,3.4876527786254883,5
0,2.8926987648010254,7
1,3.7419273853302,9
3,2.765979766845703,0
3,2.887381076812744,2
2,4.298618316650391,3
0,3.0549449920654297,4
1,3.476764440536499,8
2,3.4833712577819824,5
1,3.0687646865844727,6
3,3.5127615928649902,1
0,3.479095458984375,8
0,2.889071464538574,2
3,3.512760877609253,1
1,2.8926610946655273,7
2,2.760348320007324,0
1,3.0683560371398926,6
3,4.302600860595703,3
2,3.7412467002868652,9
0,3.053502082824707,4
2,2.8884263038635254,2
3,2.8925294876098633,7
1,4.302450656890869,3
0,3.053299903869629,4
2,3.067950487136841,6
0,3.483402729034424,8
3,3.7414169311523438,9
1,2.7537972927093506,0
0,3.0681445598602295,6
1,3.5132124423980713,1
2,3.47578763961792,5
3,3.741307258605957,9
2,2.8890738487243652,2
1,4.2964067459106445,3
0,3.052004814147949,4
3,3.4744324684143066,5
2,3.514308452606201,1
3,2.8953933715820312,7
0,3.4875330924987793,8
1,2.7444639205932617,0
1,2.8904378414154053,2
2,3.4727139472961426,5
0,2.8966660499572754,7
3,4.295346736907959,3
2,3.4900660514831543,8
3,3.067009925842285,6
1,2.737339973449707,0
0,3.0523641109466553,4
3,3.471010684967041,5
1,2.731160879135132,0
2,3.740105152130127,9
0,3.515486717224121,1
0,3.0523860454559326,4
3,3.515486717224121,1
1,2.8976669311523438,7
2,3.065554141998291,6
1,4.291906833648682,3
0,3.7387313842773438,9
2,3.501246690750122,8
3,3.7501635551452637,2
1,3.750138521194458,2
2,3.4682016372680664,5
0,3.738781452178955,9
3,3.5190162658691406,1
3,3.0631115436553955,6
0,4.291643142700195,3
2,3.056241989135742,4
1,2.9029078483581543,7
1,3.0564517974853516,4
2,3.7379488945007324,9
0,2.7016217708587646,0
3,3.5031847953796387,8
3,3.466869354248047,5
0,2.698045253753662,0
2,2.9042704105377197,7
1,3.5041189193725586,8
0,4.290264129638672,3
2,3.5403027534484863,1
3,3.750772714614868,2
1,3.061612844467163,6
2,3.466435432434082,5
1,4.290078163146973,3
0,3.056652069091797,4
3,3.8421640396118164,9
3,3.541256904602051,1
0,2.906670570373535,7
2,2.691206455230713,0
1,3.5047059059143066,8
3,3.0607376098632812,6
2,3.7501373291015625,2
1,3.7501370906829834,2
0,3.0607376098632812,6
3,3.466761589050293,5
1,3.0554230213165283,4
0,4.289699554443359,3
2,2.688636302947998,0
2,3.542208194732666,1
3,3.8417909145355225,9
1,2.9078478813171387,7
0,3.504455089569092,8
2,3.058931589126587,6
3,3.747256278991699,2
1,2.686692476272583,0
0,3.0532608032226562,4
2,4.288131237030029,3
0,3.842491388320923,9
3,3.4669361114501953,5
1,2.908555507659912,7
2,3.5428452491760254,1
3,2.6860387325286865,0
0,3.5036702156066895,8
1,3.5036697387695312,8
3,3.542834758758545,1
1,3.0580315589904785,6
2,3.4669349193573,5
0,2.909233570098877,7
3,3.744948148727417,2
2,4.2875752449035645,3
0,3.7635602951049805,9
1,3.0502943992614746,4
1,3.7448348999023438,2
0,3.659095287322998,9
2,2.909799575805664,7
3,3.542485237121582,1
2,2.684819221496582,0
3,4.281012535095215,3
0,3.047999858856201,4
1,3.5031285285949707,8
1,3.0556511878967285,6
3,3.0556509494781494,6
2,3.468738079071045,5
0,3.5031237602233887,8
1,3.742725133895874,2
0,3.4691100120544434,5
3,2.912837028503418,7
2,2.6843700408935547,0
2,4.2763590812683105,3
3,3.5424554347991943,1
1,3.7648298740386963,9
0,3.046919107437134,4
2,3.742218494415283,2
3,3.5006186962127686,8
0,2.9140663146972656,7
1,3.0540733337402344,6
0,3.470226764678955,5
3,4.273951053619385,3
2,3.7648534774780273,9
1,3.045785903930664,4
0,4.262204647064209,3
3,3.542381763458252,1
2,2.684213161468506,0
1,2.684213161468506,0
2,3.4701504707336426,5
0,3.0525169372558594,6
3,3.7660601139068604,9
1,3.0443477630615234,4
3,3.7416982650756836,2
1,3.5424859523773193,1
2,2.8035197257995605,7
0,3.4999351501464844,8
2,3.5424861907958984,1
1,3.7412824630737305,2
0,3.052189588546753,6
3,4.251987457275391,3
0,3.0426411628723145,4
3,3.7658474445343018,9
1,2.6837096214294434,0
2,2.802438259124756,7
3,4.246147155761719,3
1,3.051239013671875,6
0,3.4723563194274902,5
2,3.4994208812713623,8
1,3.5001277923583984,8
2,3.4725050926208496,5
3,3.0426571369171143,4
0,3.767709255218506,9
1,3.7421555519104004,2
2,3.5420479774475098,1
0,2.6838479042053223,0
3,2.8053107261657715,7
0,3.7730374336242676,9
2,2.6834564208984375,0
3,3.0427846908569336,4
1,2.813136577606201,7
2,3.0501365661621094,6
1,4.190523147583008,3
0,3.5028815269470215,8
3,3.5432119369506836,1
2,3.4749131202697754,5
0,4.1688995361328125,3
3,3.737473726272583,2
1,3.7744274139404297,9
0,3.543637752532959,1
1,3.0429341793060303,4
2,2.6838741302490234,0
3,3.474428176879883,5
2,3.7381539344787598,2
0,3.04913330078125,6
1,2.8197011947631836,7
3,3.508627414703369,8
0,3.738229274749756,2
2,3.042696475982666,4
3,2.684370994567871,0
1,2.820730686187744,7
0,4.131211280822754,3
3,3.048737049102783,6
1,3.5110535621643066,8
2,3.7280962467193604,9
3,3.5453333854675293,1
1,3.5131659507751465,8
0,3.4643256664276123,5
2,3.5453338623046875,1
3,3.460346221923828,5
2,3.730220317840576,9
1,3.216097593307495,4
0,2.68509840965271,0
3,3.7225170135498047,2
2,4.230523109436035,3
0,2.828195571899414,7
1,3.0473814010620117,6
0,3.7216570377349854,2
3,3.5500779151916504,1
2,2.831897735595703,7
1,3.520153522491455,8
1,4.206089019775391,3
0,3.733494281768799,9
3,2.6861326694488525,0
2,3.2290186882019043,4
2,3.457120180130005,5
1,3.457120180130005,5
3,3.721656322479248,2
0,2.907186985015869,6
1,2.6868715286254883,0
2,3.734160900115967,9
0,3.2300305366516113,4
3,2.907229423522949,6
2,4.1885986328125,3
0,3.5238020420074463,8
1,3.552319049835205,1
3,2.836026668548584,7
2,2.9062674045562744,6
0,4.171175003051758,3
3,3.554366111755371,1
1,4.008267402648926,2
0,3.526583671569824,8
1,2.6874544620513916,0
2,3.4554953575134277,5
3,3.7357516288757324,9
1,2.839059352874756,7
3,3.230029821395874,4
0,3.554321765899658,1
2,3.230030059814453,4
2,3.7365517616271973,9
1,4.161933422088623,3
0,2.9051413536071777,6
3,2.690308094024658,0
3,3.4551663398742676,5
0,4.006636142730713,2
2,3.525425910949707,8
1,2.8414158821105957,7
0,2.8414158821105957,7
2,4.159262657165527,3
1,3.736551284790039,9
3,2.690308094024658,0
2,4.006636142730713,2
0,3.230404853820801,4
1,3.4551661014556885,5
3,3.5254263877868652,8
0,3.5557003021240234,1
3,2.9046990871429443,6
1,2.8418660163879395,7
2,2.6943247318267822,0
0,2.9048237800598145,6
2,3.5560641288757324,1
3,3.737525463104248,9
1,3.2306058406829834,4
0,4.006059169769287,2
1,3.5244717597961426,8
2,4.340989112854004,3
3,3.9907824993133545,5
2,2.904607057571411,6
3,3.556065082550049,1
0,3.524472713470459,8
1,3.230336904525757,4
0,4.005369663238525,2
1,3.992380380630493,5
2,4.334896564483643,3
3,3.7400596141815186,9
3,2.7237982749938965,0
2,4.005269527435303,2
1,2.8435556888580322,7
0,3.231161117553711,4
0,2.904813766479492,6
1,3.992434501647949,5
2,2.843548059463501,7
3,3.526822328567505,8
0,4.334847450256348,3
2,3.7401366233825684,9
3,3.55892276763916,1
1,2.7237789630889893,0
0,2.905513286590576,6
2,3.543018102645874,1
1,2.7276358604431152,0
3,3.52934193611145,8
0,4.178982734680176,3
1,3.993396759033203,5
3,4.004861831665039,2
2,3.232128620147705,4
3,3.7419683933258057,9
0,2.9049887657165527,6
1,3.993462562561035,5
2,2.8447697162628174,7
1,3.994643449783325,5
0,2.7280256748199463,0
3,2.8467116355895996,7
2,3.532991886138916,8
1,4.005403518676758,2
0,4.175961971282959,3
2,3.7432217597961426,9
3,3.545016288757324,1
1,2.9058454036712646,6
2,4.175961494445801,3
0,3.7432217597961426,9
3,3.233431816101074,4
0,2.905846118927002,6
3,4.005403518676758,2
1,3.5450167655944824,1
2,3.532991886138916,8
0,3.994645118713379,5
1,2.8467087745666504,7
3,2.72802472114563,0
2,3.233431339263916,4
3,4.175961017608643,3
2,3.994645118713379,5
0,2.728024482727051,0
1,3.233431816101074,4
2,4.005417346954346,2
1,3.5449984073638916,1
0,3.5329763889312744,8
3,2.8467111587524414,7
3,3.743211269378662,9
1,3.5449986457824707,1
2,3.743211507797241,9
0,2.9058237075805664,6
3,3.9946396350860596,5
2,3.5329649448394775,8
1,3.2334723472595215,4
0,2.8467063903808594,7
0,2.905804395675659,6
1,4.17594575881958,3
3,4.005101680755615,2
2,2.728018283843994,0
1,4.175926685333252,3
2,3.532944917678833,8
0,3.9946303367614746,5
3,3.743194341659546,9
1,2.905770778656006,6
2,3.5449562072753906,1
0,2.728013515472412,0
3,2.846714496612549,7
1,4.005112648010254,2
3,3.2335104942321777,4
0,2.846714496612549,7
2,3.233510971069336,4
2,2.905730962753296,6
1,4.005128860473633,2
0,3.743175506591797,9
3,3.5329232215881348,8
2,4.175915718078613,3
3,3.544926166534424,1
0,2.7280099391937256,0
1,3.9946179389953613,5
2,4.005128860473633,2
0,2.905730962753296,6
1,2.84671688079834,7
3,2.72800874710083,0
3,3.5448954105377197,1
2,4.175897121429443,3
1,3.994609832763672,5
0,3.532898187637329,8
3,3.74314546585083,9
0,3.2335805892944336,4
2,4.004816055297852,2
1,2.8467230796813965,7
3,4.1758809089660645,3
1,2.9056577682495117,6
2,3.743123769760132,9
0,2.727992057800293,0
3,3.5448691844940186,1
1,3.9945991039276123,5
2,3.53287672996521,8
0,3.2335915565490723,4
1,3.54483699798584,1
0,4.004857063293457,2
2,3.994596481323242,5
3,2.8467493057250977,7
1,4.1758599281311035,3
2,2.9056100845336914,6
3,3.7430920600891113,9
0,3.233625888824463,4
3,4.004879951477051,2
1,3.5328335762023926,8
0,2.7279648780822754,0
2,2.846769332885742,7
1,4.1758527755737305,3
3,3.5448145866394043,1
2,3.7430551052093506,9
0,3.2336039543151855,4
1,3.9945976734161377,5
0,3.5328309535980225,8
2,2.9055659770965576,6
3,2.72794246673584,0
2,2.9055659770965576,6
3,3.7430129051208496,9
0,3.5448086261749268,1
1,4.004575729370117,2
3,4.17587423324585,3
0,3.9946022033691406,5
1,3.23341703414917,4
2,3.532834768295288,8
1,2.7279157638549805,0
0,2.8468172550201416,7
2,2.7279152870178223,0
3,2.8468172550201416,7
2,4.175897121429443,3
1,3.994619369506836,5
3,3.532848596572876,8
0,3.2332825660705566,4
1,2.9055662155151367,6
0,3.7429254055023193,9
3,3.544825553894043,1
2,4.004585266113281,2
3,3.532848596572876,8
2,4.1758952140808105,3
0,2.9055662155151367,6
1,3.7429251670837402,9
3,3.9946298599243164,5
2,3.544847011566162,1
0,3.2331442832946777,4
1,2.8468871116638184,7
1,4.0042829513549805,2
2,2.7278671264648438,0
3,3.2331433296203613,4
0,3.532855987548828,8
1,4.175913333892822,3
2,2.84688138961792,7
0,3.994628429412842,5
3,3.74287486076355,9
0,4.004282474517822,2
3,2.9055726528167725,6
2,3.5448293685913086,1
1,2.727864980697632,0
2,3.7428393363952637,9
3,4.004315376281738,2
1,3.5448265075683594,1
0,3.9946389198303223,5
2,4.1759352684021,3
0,2.905574321746826,6
1,3.2330379486083984,4
3,3.5328612327575684,8
0,3.5448250770568848,1
1,4.1759352684021,3
2,2.7278428077697754,0
3,2.846871852874756,7
3,3.5328621864318848,8
1,2.846867561340332,7
0,3.7428297996520996,9
2,3.9946348667144775,5
0,2.9055662155151367,6
2,4.00434684753418,2
1,3.232963800430298,4
3,2.7278223037719727,0
3,3.742835521697998,9
2,3.9946608543395996,5
0,3.232944965362549,4
1,3.5448157787323,1
2,2.905412435531616,6
0,4.175941467285156,3
3,3.532860279083252,8
1,2.8468680381774902,7
2,4.004358291625977,2
0,2.846862554550171,7
1,2.727815628051758,0
3,2.727815628051758,0
0,3.742788076400757,9
1,3.232813835144043,4
3,4.004359245300293,2
2,3.5328688621520996,8
3,4.175966262817383,3
0,3.9946789741516113,5
2,3.5448198318481445,1
1,2.905423641204834,6
2,4.175963401794434,3
1,3.2328124046325684,4
3,2.727813482284546,0
0,3.54481840133667,1
3,4.004382133483887,2
2,2.9054481983184814,6
0,3.9945640563964844,5
1,3.7427093982696533,9
3,2.8468284606933594,7
0,3.5328807830810547,8
1,2.8468284606933594,7
2,3.544776678085327,1
2,3.532881736755371,8
0,3.9945640563964844,5
3,4.004382133483887,2
1,4.176085948944092,3
3,3.7429394721984863,9
2,2.7277867794036865,0
0,3.232663154602051,4
1,2.905686378479004,6
2,4.176403522491455,3
0,3.232513427734375,4
1,3.742892026901245,9
3,3.544799566268921,1
2,3.9923171997070312,5
0,3.532949924468994,8
3,2.7278807163238525,0
1,2.846914052963257,7
2,4.004652500152588,2
1,4.004652976989746,2
0,2.9056384563446045,6
3,3.9921975135803223,5
0,3.5447568893432617,1
1,3.7428369522094727,9
2,4.176512718200684,3
3,3.2323851585388184,4
2,2.9054486751556396,6
0,2.846832752227783,7
3,2.72786283493042,0
1,3.5329997539520264,8
3,3.2321765422821045,4
1,2.727862596511841,0
2,2.846832275390625,7
0,3.7426705360412598,9
0,3.54465389251709,1
1,2.9052696228027344,6
3,4.004151821136475,2
2,3.532982349395752,8
0,4.176562309265137,3
2,4.176562309265137,3
3,2.9052698612213135,6
1,3.9920990467071533,5
0,4.004186630249023,2
3,2.7278518676757812,0
2,3.2321066856384277,4
1,3.5329620838165283,8
0,3.5446248054504395,1
3,3.992119312286377,5
1,3.7426910400390625,9
2,2.8468539714813232,7
0,3.5328879356384277,8
1,3.232043743133545,4
2,3.9920969009399414,5
3,2.7278459072113037,0
3,4.176512718200684,3
1,3.5445444583892822,1
0,2.9047622680664062,6
2,2.846813678741455,7
2,4.003795146942139,2
1,4.003795623779297,2
3,3.992058515548706,5
0,3.7425317764282227,9
0,3.7425730228424072,9
3,3.5444674491882324,1
1,3.5327930450439453,8
2,2.8468010425567627,7
1,4.176532745361328,3
3,2.9045681953430176,6
0,3.2319610118865967,4
2,2.7278599739074707,0
3,4.176534175872803,3
2,3.9920592308044434,5
1,2.727839469909668,0
0,4.003781318664551,2
3,3.7425501346588135,9
2,3.544428825378418,1
1,2.9043893814086914,6
0,3.231846570968628,4
3,2.846803665161133,7
2,3.532623767852783,8
0,3.532623767852783,8
1,2.846803665161133,7
3,2.9041919708251953,6
2,4.176541805267334,3
1,3.992030620574951,5
0,3.2317934036254883,4
0,4.002834320068359,2
3,3.742417335510254,9
2,3.5442423820495605,1
1,2.727806568145752,0
3,4.002833366394043,2
0,2.904141426086426,6
2,3.991964817047119,5
1,3.7423980236053467,9
2,4.176562786102295,3
0,3.5441017150878906,1
1,3.231703042984009,4
3,3.5323715209960938,8
0,3.74220609664917,9
3,2.727759599685669,0
2,2.846766710281372,7
1,3.5323708057403564,8
1,3.9919352531433105,5
0,3.231661319732666,4
2,2.846769332885742,7
3,3.544099807739258,1
2,4.003314971923828,2
3,2.9037861824035645,6
1,4.176517486572266,3
0,2.7277445793151855,0
3,4.176517486572266,3
1,3.544017791748047,1
2,3.5322906970977783,8
0,3.991912841796875,5
3,2.903571128845215,6
0,4.002542495727539,2
1,3.741976737976074,9
2,2.846709728240967,7
0,3.5438790321350098,1
1,4.176517486572266,3
3,3.2315659523010254,4
2,2.727715253829956,0
3,2.903571605682373,6
1,4.002542495727539,2
0,3.2315659523010254,4
2,2.846709966659546,7
0,3.991819381713867,5
3,3.5319886207580566,8
1,3.741694688796997,9
2,2.7276840209960938,0
1,2.903334140777588,6
0,3.543696880340576,1
3,4.176460266113281,3
2,3.5319886207580566,8
1,4.002326011657715,2
3,3.741572380065918,9
2,3.991790533065796,5
0,2.8466293811798096,7
2,3.5435667037963867,1
0,2.727668285369873,0
1,2.9031174182891846,6
3,3.231454372406006,4
3,3.5318055152893066,8
0,3.991759777069092,5
1,3.7415144443511963,9
2,2.7276506423950195,0
1,4.001716613769531,2
3,2.8466434478759766,7
2,3.2314467430114746,4
0,4.176440715789795,3
1,4.176445484161377,3
3,3.9917221069335938,5
0,2.846651315689087,7
2,3.231441020965576,4
2,2.9028754234313965,6
3,3.543426036834717,1
0,3.7414662837982178,9
1,2.7276456356048584,0
0,4.001686096191406,2
2,4.001686096191406,2
3,3.9916553497314453,5
1,3.5315680503845215,8
1,3.531567096710205,8
2,4.176445960998535,3
3,2.846665859222412,7
0,3.2313928604125977,4
2,2.9025986194610596,6
1,3.5432443618774414,1
0,3.741351842880249,9
3,2.727614402770996,0
1,4.001011848449707,2
2,3.543241024017334,1
3,2.8466668128967285,7
0,3.531459331512451,8
2,2.902374505996704,6
3,2.727599859237671,0
1,3.2313389778137207,4
0,3.9915966987609863,5
0,4.176446437835693,3
2,3.741337299346924,9
3,3.741337299346924,9
1,2.7276172637939453,0
0,2.902165651321411,6
3,3.531306266784668,8
1,3.231283664703369,4
2,3.543102741241455,1
1,4.176449775695801,3
3,3.991600275039673,5
2,2.846705913543701,7
0,4.000931739807129,2
2,2.901947498321533,6
0,4.000931262969971,2
1,3.543031692504883,1
3,2.8467185497283936,7
1,4.176478385925293,3
2,3.2312490940093994,4
3,3.5312414169311523,8
0,2.7275967597961426,0
1,3.9908695220947266,5
0,3.741244077682495,9
2,4.176497936248779,3
3,3.231229543685913,4
2,2.901858329772949,6
0,3.7412800788879395,9
3,3.9997096061706543,2
1,2.846745491027832,7
2,3.5427494049072266,1
3,3.990311622619629,5
0,3.531075954437256,8
1,2.7278735637664795,0
1,3.5427498817443848,1
2,2.7278735637664795,0
0,3.9997074604034424,2
3,3.990311622619629,5
3,4.176734924316406,3
0,2.901695966720581,6
2,3.74127197265625,9
1,2.846710681915283,7
2,4.176698207855225,3
0,3.54258394241333,1
1,3.2311599254608154,4
3,3.531034231185913,8
0,3.9893362522125244,5
1,3.999756336212158,2
3,3.2311601638793945,4
2,2.7279956340789795,0
2,2.8467254638671875,7
1,2.901495933532715,6
3,3.7413551807403564,9
0,3.531038284301758,8
3,4.176793575286865,3
0,3.741335868835449,9
2,3.5423693656921387,1
1,3.999112844467163,2
3,2.901273727416992,6
0,3.5311155319213867,8
1,3.988525629043579,5
2,3.2310779094696045,4
3,4.176815986633301,3
2,2.846605062484741,7
0,2.7283077239990234,0
1,2.7283077239990234,0
3,3.987813949584961,5
2,3.9990992546081543,2
1,3.2310631275177,4
0,3.7412984371185303,9
2,2.901137351989746,6
3,2.8465402126312256,7
0,3.5422496795654297,1
1,3.531299114227295,8
2,2.9011378288269043,6
3,4.176875591278076,3
1,3.9878315925598145,5
0,3.231041193008423,4
0,3.9992666244506836,2
2,2.8465561866760254,7
3,3.5421371459960938,1
1,3.5314345359802246,8
0,3.2310142517089844,4
2,3.7415058612823486,9
1,2.7286667823791504,0
3,3.7415053844451904,9
3,4.177139759063721,3
0,3.9992446899414062,2
1,2.728684663772583,0
2,3.9854273796081543,5
3,2.8465936183929443,7
2,2.901287078857422,6
1,3.53145694732666,8
0,3.5420732498168945,1
3,4.177260398864746,3
2,3.5419397354125977,1
0,2.7289388179779053,0
1,3.7415428161621094,9
3,3.999268054962158,2
2,2.846484899520874,7
1,2.9012200832366943,6
0,3.9844319820404053,5
2,4.177279949188232,3
0,3.2309069633483887,4
3,3.53153133392334,8
1,3.53153133392334,8
0,3.9986212253570557,2
2,2.9010848999023438,6
3,2.8464159965515137,7
1,3.541685104370117,1
3,3.983464241027832,5
0,2.7293429374694824,0
1,3.7415449619293213,9
2,3.2308623790740967,4
1,3.9986209869384766,2
2,3.541684627532959,1
0,3.53163480758667,8
3,3.230862617492676,4
3,4.177403450012207,3
0,2.900913715362549,6
2,2.7296409606933594,0
1,3.9828944206237793,5
1,2.8463659286499023,7
0,2.8463659286499023,7
3,3.741591215133667,9
2,3.741591453552246,9
3,3.531775951385498,8
1,2.900913953781128,6
2,3.98280668258667,5
0,3.998584508895874,2
2,4.177367687225342,3
1,2.7296578884124756,0
3,3.230743408203125,4
0,3.541550397872925,1
2,3.741580009460449,9
0,3.5414278507232666,1
1,3.230722188949585,4
3,3.5319433212280273,8
1,3.997565269470215,2
0,3.9825356006622314,5
2,2.7296245098114014,0
3,2.846315860748291,7
3,2.900606632232666,6
1,4.177431106567383,3
2,3.230724573135376,4
0,3.741580009460449,9
0,3.9975390434265137,2
2,4.1774373054504395,3
3,2.729633331298828,0
1,3.531879425048828,8
3,3.54136061668396,1
0,2.846297025680542,7
1,3.9825057983398438,5
2,2.9004125595092773,6
2,3.741568088531494,9
1,4.1774373054504395,3
3,3.531879425048828,8
0,3.9975385665893555,2
3,3.54135799407959,1
2,2.8462910652160645,7
0,3.2307288646698,4
1,3.982496738433838,5
1,2.729628086090088,0
0,3.7415213584899902,9
2,2.9001917839050293,6
3,2.9001917839050293,6
3,3.982466697692871,5
2,3.9975128173828125,2
1,2.729628562927246,0
0,3.5317561626434326,8
3,4.177435398101807,3
2,3.2307240962982178,4
1,2.8462696075439453,7
0,3.541256904602051,1
3,2.9004788398742676,6
1,3.2307653427124023,4
2,2.7297780513763428,0
0,3.531790256500244,8
1,3.980090618133545,5
2,3.5411810874938965,1
0,3.741750478744507,9
3,2.846362590789795,7
3,3.9977059364318848,2
1,4.177734851837158,3
0,2.7297894954681396,0
2,3.7417500019073486,9
3,3.980090856552124,5
1,4.177734851837158,3
0,2.900251865386963,6
2,3.230739116668701,4
2,3.5411810874938965,1
3,3.9977059364318848,2
0,3.531789779663086,8
1,2.846362590789795,7
0,4.177769660949707,3
2,3.531783103942871,8
1,3.230795383453369,4
3,2.8464136123657227,7
3,3.541038990020752,1
0,3.997093677520752,2
1,3.979403495788574,5
2,3.741713047027588,9
1,2.9000601768493652,6
0,3.979426860809326,5
3,3.7417516708374023,9
2,2.7299208641052246,0
2,4.177852630615234,3
0,2.9000601768493652,6
3,2.846346855163574,7
1,3.2307069301605225,4
3,3.9970712661743164,2
2,2.7299246788024902,0
1,3.5317654609680176,8
0,3.5410358905792236,1
3,2.900017261505127,6
0,4.177860260009766,3
1,3.7417030334472656,9
2,2.7299113273620605,0
3,3.979400873184204,5
2,3.5316953659057617,8
0,2.8463454246520996,7
1,3.997053623199463,2
2,4.177846908569336,3
0,3.540966510772705,1
1,3.230700969696045,4
3,3.741746425628662,9
0,3.5409433841705322,1
3,3.5316803455352783,8
2,3.2307348251342773,4
1,2.8997883796691895,6
3,3.9970576763153076,2
2,2.7299118041992188,0
1,3.9793455600738525,5
0,2.8463377952575684,7
0,2.899568557739258,6
2,3.9793713092803955,5
3,2.846339225769043,7
1,3.2306909561157227,4
3,3.9964492321014404,2
0,3.741567373275757,9
2,2.72991943359375,0
1,3.540846824645996,1
2,3.979308843612671,5
0,4.177806854248047,3
1,3.5315051078796387,8
3,2.8995182514190674,6
3,2.7299013137817383,0
1,2.846320867538452,7
2,3.7415053844451904,9
0,3.5407652854919434,1
2,4.17780065536499,3
3,3.5315041542053223,8
1,3.99574875831604,2
0,3.230619430541992,4
0,3.5407638549804688,1
3,3.9793272018432617,5
2,2.7299208641052246,0
1,2.846308708190918,7
0,3.230651617050171,4
1,3.531496047973633,8
3,2.899325132369995,6
2,3.741617202758789,9
2,4.177801609039307,3
1,3.23065185546875,4
3,2.899325132369995,6
0,3.9955568313598633,2
2,4.177801609039307,3
0,3.995530605316162,2
1,3.531496524810791,8
3,2.7299468517303467,0
1,3.7417218685150146,9
0,3.9793167114257812,5
2,2.8464231491088867,7
3,3.5407800674438477,1
3,3.9953460693359375,2
2,3.5407800674438477,1
1,2.729954481124878,0
0,3.979316234588623,5
2,2.8989715576171875,6
0,3.531484842300415,8
3,2.8464505672454834,7
1,3.230630874633789,4
1,3.7417409420013428,9
3,2.8989686965942383,6
2,4.177792549133301,3
0,2.729961395263672,0
2,3.97932767868042,5
0,3.7417409420013428,9
1,3.2306056022644043,4
3,3.531470775604248,8
3,3.9946138858795166,2
1,4.177761077880859,3
0,2.846470355987549,7
2,3.540757179260254,1
2,4.177761077880859,3
3,3.5314531326293945,8
1,3.9793448448181152,5
0,2.7299625873565674,0
2,3.9946138858795166,2
3,2.8987345695495605,6
1,3.5407509803771973,1
0,3.2305526733398438,4
2,3.5314536094665527,8
1,2.846468687057495,7
3,2.8987345695495605,6
0,3.741776943206787,9
1,3.994607925415039,2
3,2.7299563884735107,0
0,2.8464975357055664,7
2,3.7417666912078857,9
3,4.177759170532227,3
2,3.97933292388916,5
1,3.54073429107666,1
0,3.2305335998535156,4
3,2.8987185955047607,6
0,3.9793334007263184,5
2,3.2305335998535156,4
1,2.846494197845459,7
3,2.729944944381714,0
0,3.5314385890960693,8
2,3.741743564605713,9
1,4.17775821685791,3
1,3.994417190551758,2
2,3.7417352199554443,9
0,3.54072904586792,1
3,2.7299387454986572,0
2,3.5407609939575195,1
1,3.230513095855713,4
3,3.9944162368774414,2
0,2.846559762954712,7
0,2.8987221717834473,6
1,4.177767753601074,3
2,3.531442165374756,8
3,3.9793193340301514,5
3,4.177767753601074,3
2,3.230513095855713,4
0,3.9944162368774414,2
1,3.979316234588623,5
0,2.8987245559692383,6
3,3.7418622970581055,9
2,3.5407826900482178,1
1,2.846615791320801,7
2,2.898724317550659,6
3,3.9792990684509277,5
0,2.7299346923828125,0
1,3.5314435958862305,8
1,4.17777681350708,3
2,3.9931418895721436,2
0,3.540762424468994,1
3,2.84663724899292,7
2,3.7418012619018555,9
0,3.230469226837158,4
1,2.7299160957336426,0
3,3.5314254760742188,8
3,4.177776336669922,3
2,3.7417850494384766,9
0,3.9792749881744385,5
1,2.8466312885284424,7
3,2.8986988067626953,6
0,3.540739059448242,1
1,3.2304563522338867,4
2,2.72990083694458,0
1,3.5407297611236572,1
2,3.531407356262207,8
3,3.9931137561798096,2
0,4.177783012390137,3
3,3.991807460784912,2
2,3.531407356262207,8
1,2.7298879623413086,0
0,2.8466153144836426,7
3,3.741708755493164,9
1,2.8986878395080566,6
2,3.9792566299438477,5
0,3.230398178100586,4
0,3.540705680847168,1
1,2.8986892700195312,6
3,4.17778205871582,3
2,2.729870557785034,0
0,3.979214668273926,5
2,3.5313057899475098,8
3,3.9917852878570557,2
1,2.8466014862060547,7
2,4.177788257598877,3
3,3.741621255874634,9
1,3.7416210174560547,9
0,3.23036527633667,4
2,3.9791855812072754,5
3,2.8465752601623535,7
0,2.7298007011413574,0
1,3.53128719329834,8
2,3.991095781326294,2
3,3.540576696395874,1
0,2.898637533187866,6
1,3.2302536964416504,4
1,2.8986363410949707,6
3,3.9791817665100098,5
0,3.2302517890930176,4
2,3.741434335708618,9
0,3.540503978729248,1
3,3.5309958457946777,8
2,2.7298548221588135,0
1,2.8465209007263184,7
1,3.9876694679260254,2
2,2.846538543701172,7
3,3.5404891967773438,1
0,4.177802085876465,3
0,4.177814483642578,3
1,3.741297721862793,9
3,2.7298178672790527,0
2,3.2301814556121826,4
2,3.987663745880127,2
3,2.898578643798828,6
0,3.9791018962860107,5
1,3.530893325805664,8
2,2.8985772132873535,6
3,3.5403783321380615,1
0,3.2300877571105957,4
1,2.846510887145996,7
3,3.986969470977783,2
0,3.9790806770324707,5
2,3.741093397140503,9
1,2.7297751903533936,0
1,4.177733421325684,3
2,3.741093635559082,9
0,4.177733421325684,3
3,3.5308637619018555,8
3,2.8985061645507812,6
0,2.7297635078430176,0
1,2.8465147018432617,7
2,3.2301487922668457,4
2,3.984219551086426,2
3,3.9790761470794678,5
0,3.5403060913085938,1
1,3.530831813812256,8
1,2.7297580242156982,0
3,3.984227180480957,2
0,3.230189800262451,4
2,2.8984758853912354,6
3,4.177679538726807,3
0,3.7410826683044434,9
2,2.8465001583099365,7
1,3.9790921211242676,5
2,3.741067886352539,9
1,3.5307774543762207,8
3,3.5402371883392334,1
0,3.5307774543762207,8
1,2.8464813232421875,7
3,2.898286819458008,6
0,2.7297677993774414,0
2,3.2302086353302,4
2,4.17764949798584,3
0,3.9827985763549805,2
1,3.540160655975342,1
3,3.9790496826171875,5
0,4.17764949798584,3
1,2.729745864868164,0
3,2.846435070037842,7
2,3.230236053466797,4
3,3.74092960357666,9
0,3.5400800704956055,1
2,3.9790048599243164,5
1,3.530636787414551,8
1,2.8981993198394775,6
0,3.5400805473327637,1
3,3.9828109741210938,2
2,3.979004144668579,5
0,3.9827675819396973,2
3,2.7297415733337402,0
1,3.530636787414551,8
2,3.2302169799804688,4
3,4.17761754989624,3
0,3.7409591674804688,9
1,2.8464035987854004,7
2,2.898013114929199,6
1,4.177617073059082,3
2,3.5400424003601074,1
0,3.7409591674804688,9
3,3.2302608489990234,4
2,3.978990316390991,5
0,2.729736566543579,0
1,2.8978121280670166,6
3,3.530517578125,8
1,2.8978123664855957,6
3,3.981278896331787,2
2,2.8463668823242188,7
0,4.177606582641602,3
3,3.980595827102661,2
1,3.978933095932007,5
2,2.7297065258026123,0
0,3.230220317840576,4
3,3.7447972297668457,9
2,3.53985595703125,1
1,3.530449867248535,8
0,2.8463308811187744,7
0,3.980591297149658,2
3,3.9788854122161865,5
2,2.897735834121704,6
1,2.8463292121887207,7
2,3.7447264194488525,9
3,3.539780378341675,1
0,4.17755651473999,3
1,3.530378818511963,8
2,3.230262517929077,4
1,2.729668378829956,0
0,3.230262517929077,4
3,2.729668617248535,0
0,2.8975090980529785,6
1,3.978858470916748,5
3,4.177549362182617,3
2,3.530308246612549,8
1,3.5396249294281006,1
3,3.9785642623901367,2
0,3.7446305751800537,9
2,2.846298933029175,7
3,3.744655132293701,9
1,3.530214548110962,8
0,2.8463001251220703,7
2,2.7296764850616455,0
0,3.2301814556121826,4
2,3.97880220413208,5
3,3.9785428047180176,2
1,4.177541732788086,3
3,2.8970565795898438,6
1,2.8970565795898438,6
2,3.530148506164551,8
0,3.5395617485046387,1
3,3.97853684425354,2
0,3.5394866466522217,1
2,4.177509784698486,3
1,3.2301058769226074,4
3,2.729635715484619,0
0,3.7445297241210938,9
1,3.9787793159484863,5
2,2.8462910652160645,7
1,3.5394253730773926,1
2,2.896841526031494,6
0,3.9787697792053223,5
3,3.2300684452056885,4
2,4.177515506744385,3
3,3.7445144653320312,9
0,3.5300064086914062,8
1,2.729640007019043,0
3,2.8968427181243896,6
2,4.177513599395752,3
0,3.977302312850952,2
1,2.8462023735046387,7
1,3.977301836013794,2
3,3.5393733978271484,1
2,3.744454860687256,9
0,2.7296218872070312,0
3,3.5299549102783203,8
1,2.8461990356445312,7
0,3.2300467491149902,4
2,3.9787304401397705,5
0,3.9787275791168213,5
3,3.2300362586975098,4
2,2.729606866836548,0
1,3.5299391746520996,8
0,4.17753791809082,3
2,2.8461990356445312,7
1,3.7443974018096924,9
3,3.5393595695495605,1
3,2.8968100547790527,6
1,3.978726625442505,5
2,2.729576587677002,0
0,3.9760665893554688,2
3,2.8968210220336914,6
1,3.539332389831543,1
0,3.7443578243255615,9
2,3.529916286468506,8
2,3.976067543029785,2
0,4.177536964416504,3
1,2.846191883087158,7
3,3.2298800945281982,4
0,3.5393152236938477,1
2,3.976067066192627,2
1,3.9787228107452393,5
3,2.846187114715576,7
0,4.177543640136719,3
3,3.7443361282348633,9
2,3.5298948287963867,8
1,2.729567527770996,0
2,3.9760518074035645,2
3,2.8966526985168457,6
0,2.8966522216796875,6
1,3.2298214435577393,4
3,4.17754602432251,3
1,3.539228916168213,1
2,3.2297816276550293,4
0,3.978722333908081,5
0,2.72955322265625,0
3,3.529815196990967,8
1,2.8460872173309326,7
2,3.7442879676818848,9
3,4.177562713623047,3
2,3.2296905517578125,4
0,2.729553699493408,0
1,3.978745937347412,5
2,3.539219379425049,1
0,2.8963112831115723,6
1,3.744285821914673,9
3,3.529816150665283,8
3,3.9744696617126465,2
2,2.846039056777954,7
1,3.2296223640441895,4
0,4.177574634552002,3
2,2.7295525074005127,0
1,3.9787559509277344,5
0,3.744286060333252,9
3,3.529808282852173,8
3,3.970658779144287,2
1,2.896127223968506,6
2,3.539167881011963,1
0,2.845974922180176,7
3,3.9787533283233643,5
1,3.7442407608032227,9
2,2.7295379638671875,0
0,2.8459742069244385,7
3,4.177571773529053,3
2,3.229574203491211,4
1,3.5297765731811523,8
0,3.53913950920105,1
2,2.896106243133545,6
0,3.970677137374878,2
3,2.8459689617156982,7
1,3.229574680328369,4
3,3.5391268730163574,1
1,4.177578926086426,3
2,3.978762149810791,5
0,2.729497194290161,0
3,3.970669746398926,2
1,2.896104574203491,6
0,3.7441675662994385,9
2,3.5297741889953613,8
0,3.529763698577881,8
2,4.177570343017578,3
3,3.970693588256836,2
1,3.539109230041504,1
3,2.8960981369018555,6
0,2.8459017276763916,7
1,3.978752613067627,5
2,3.2294297218322754,4
1,3.5297460556030273,8
2,3.7440807819366455,9
3,2.7294530868530273,0
0,3.744080066680908,9
1,3.9787464141845703,5
0,3.965381622314453,2
3,3.2294058799743652,4
2,2.7294530868530273,0
0,4.1775360107421875,3
3,3.5390472412109375,1
2,2.8960559368133545,6
1,2.8459060192108154,7
2,2.895815372467041,6
1,3.9804491996765137,5
0,3.5296974182128906,8
3,3.229339599609375,4
2,4.177342891693115,3
0,3.965203046798706,2
3,3.7437760829925537,9
1,2.8458075523376465,7
3,3.965202808380127,2
2,3.5389671325683594,1
1,3.7437760829925537,9
0,2.7293834686279297,0
0,4.177318096160889,3
3,3.2292866706848145,4
1,3.5296547412872314,8
2,2.8457884788513184,7
1,3.5389373302459717,1
0,3.980440139770508,5
3,2.7293596267700195,0
2,2.8957719802856445,6
0,3.538892984390259,1
2,2.7293334007263184,0
3,3.962031841278076,2
1,3.529606819152832,8
3,3.2291879653930664,4
2,4.177249431610107,3
1,3.980421304702759,5
0,2.895737409591675,6
1,3.2291698455810547,4
2,3.5295677185058594,8
3,2.845759868621826,7
0,3.743410587310791,9
1,2.8957061767578125,6
0,3.961416244506836,2
3,3.980423927307129,5
2,2.7292821407318115,0
2,3.538728713989258,1
3,4.177190780639648,3
0,3.743281364440918,9
1,2.845742702484131,7
3,2.895674705505371,6
0,3.9616098403930664,2
2,3.743267059326172,9
1,3.5295310020446777,8
3,3.9804320335388184,5
0,3.5387110710144043,1
1,3.229084014892578,4
2,2.8457045555114746,7
3,4.177184104919434,3
2,3.9556727409362793,2
1,2.729217767715454,0
0,2.729218006134033,0
2,4.177179336547852,3
1,3.980440616607666,5
0,3.5725393295288086,8
3,3.2290282249450684,4
3,2.895662307739258,6
0,2.8457224369049072,7
1,3.538693904876709,1
2,3.7431774139404297,9
2,3.9804508686065674,5
0,2.845761299133301,7
1,3.572547197341919,8
3,3.7431249618530273,9
3,3.538691997528076,1
1,4.177183628082275,3
0,2.8956706523895264,6
2,2.72916579246521,0
3,3.948523998260498,2
2,3.228823184967041,4
1,2.845726490020752,7
0,2.8956680297851562,6
0,4.177176475524902,3
1,3.5386784076690674,1
2,2.7291321754455566,0
3,3.572256565093994,8
0,3.9484360218048096,2
2,3.9804415702819824,5
1,3.742964029312134,9
3,3.228517532348633,4
3,2.895648956298828,6
0,3.980441093444824,5
2,2.845728874206543,7
1,3.572253465652466,8
0,3.228414535522461,4
1,3.538609266281128,1
2,2.729032516479492,0
3,4.177142143249512,3
2,3.9484171867370605,2
1,3.7428979873657227,9
0,3.7428979873657227,9
3,2.8457610607147217,7
3,4.177141189575195,3
2,3.538605213165283,1
1,2.7290289402008057,0
0,3.5722577571868896,8
0,3.22831392288208,4
1,2.8956503868103027,6
3,3.9484314918518066,2
2,3.9804441928863525,5
0,3.9400181770324707,2
3,3.980435371398926,5
2,3.74284029006958,9
1,2.7290000915527344,0
0,4.1771416664123535,3
2,2.8956546783447266,6
3,2.8457584381103516,7
1,3.228259563446045,4
2,3.5385050773620605,1
1,3.5385048389434814,1
3,3.7426910400390625,9
0,3.5719153881073,8
3,4.177062511444092,3
2,3.9398984909057617,2
0,2.8957102298736572,6
1,3.227977991104126,4
3,2.8457260131835938,7
2,2.7288591861724854,0
1,3.9803884029388428,5
0,3.571913242340088,8
1,3.742569923400879,9
3,3.5384469032287598,1
0,2.845775842666626,7
2,3.571943998336792,8
3,2.895714282989502,6
1,3.939753293991089,2
0,2.728816270828247,0
2,3.2275948524475098,4
3,3.980386972427368,5
2,4.177010536193848,3
0,3.227612018585205,4
1,3.5716590881347656,8
2,3.931976318359375,2
3,3.538442373275757,1
0,3.980353832244873,5
1,2.728715658187866,0
0,2.895686149597168,6
2,4.22717809677124,3
3,2.892792224884033,7
1,3.7424488067626953,9
1,3.9803543090820312,5
2,3.5384254455566406,1
0,3.2274770736694336,4
3,3.5718297958374023,8
1,4.2271728515625,3
2,2.895669937133789,6
3,2.892828941345215,7
0,2.7286815643310547,0
3,3.9240074157714844,2
2,3.9240074157714844,2
1,3.7423629760742188,9
0,2.7286641597747803,0
1,3.538390636444092,1
3,2.892862319946289,7
2,3.2272205352783203,4
0,3.5715255737304688,8
3,4.227166652679443,3
0,3.9803519248962402,5
2,2.8956587314605713,6
1,3.7423453330993652,9
2,3.9240031242370605,2
0,3.742277145385742,9
3,2.7286205291748047,0
1,2.8928980827331543,7
1,2.895618200302124,6
2,4.227159023284912,3
0,3.5383455753326416,1
3,3.227175712585449,4
3,3.980332612991333,5
0,3.5714707374572754,8
2,2.892932891845703,7
1,3.5714712142944336,8
2,3.9803318977355957,5
0,3.7422235012054443,9
3,3.227134943008423,4
1,4.2271528244018555,3
1,2.895562171936035,6
0,2.728576183319092,0
2,3.916947364807129,2
3,3.5382888317108154,1
3,2.8955554962158203,6
0,3.9803333282470703,5
2,2.8929357528686523,7
1,3.5712060928344727,8
2,4.227147102355957,3
3,3.7421491146087646,9
1,3.2271173000335693,4
0,3.91695499420166,2
3,2.8955326080322266,6
0,3.538259983062744,1
1,2.7285516262054443,0
2,3.7421364784240723,9
0,3.916923761367798,2
3,4.2271504402160645,3
1,2.728546142578125,0
2,3.571181297302246,8
0,3.98032283782959,5
3,3.538242816925049,1
2,2.8929314613342285,7
1,3.227086067199707,4
2,4.227152347564697,3
3,3.538224220275879,1
1,2.72853422164917,0
0,3.2270755767822266,4
2,3.9168992042541504,2
0,2.895501136779785,6
3,2.8929107189178467,7
1,3.5711750984191895,8
3,3.5382094383239746,1
2,3.980323314666748,5
0,3.980323314666748,5
1,3.742065668106079,9
2,3.571019172668457,8
0,4.227160453796387,3
3,3.742065906524658,9
1,2.8928914070129395,7
0,2.8954782485961914,6
1,2.7285118103027344,0
2,3.912236213684082,2
3,3.2270641326904297,4
3,3.9803109169006348,5
1,2.728508472442627,0
2,3.7420284748077393,9
0,3.2270607948303223,4
3,2.8928513526916504,7
1,2.8954663276672363,6
2,3.5381784439086914,1
0,3.912238121032715,2
3,4.227171421051025,3
2,3.5381784439086914,1
1,2.8928515911102295,7
0,3.5708463191986084,8
0,4.227176189422607,3
3,3.7419865131378174,9
2,3.9076313972473145,2
1,3.5708374977111816,8
0,2.895458936691284,6
2,3.9802987575531006,5
1,3.2270216941833496,4
3,2.728490114212036,0
3,3.5381112098693848,1
0,2.895443916320801,6
1,2.8928163051605225,7
2,3.5847740173339844,8
0,4.227138996124268,3
3,3.980276346206665,5
2,2.7284669876098633,0
1,3.2269399166107178,4
0,3.741809129714966,9
1,2.892827033996582,7
2,3.906583786010742,2
3,4.227143287658691,3
2,3.980262517929077,5
0,3.2269492149353027,4
3,2.7284610271453857,0
1,3.741795063018799,9
0,2.895434856414795,6
1,3.538119077682495,1
3,3.584686756134033,8
2,3.9042065143585205,2
0,3.904202461242676,2
1,3.741861343383789,9
2,2.895434856414795,6
3,3.5846920013427734,8
1,3.5381393432617188,1
3,2.7284724712371826,0
2,2.8929076194763184,7
0,3.2269809246063232,4
1,4.227158546447754,3
2,2.892904758453369,7
3,3.2269773483276367,4
0,3.9802350997924805,5
1,4.227184772491455,3
3,3.9037537574768066,2
0,3.7420287132263184,9
2,3.584716796875,8
3,2.895447015762329,6
0,3.5381853580474854,1
1,3.9802298545837402,5
2,2.7284834384918213,0
3,3.5381603240966797,1
0,3.9037435054779053,2
2,3.58469820022583,8
1,3.2270190715789795,4
1,2.8954224586486816,6
3,4.227181434631348,3
0,3.980222702026367,5
2,2.728482246398926,0
2,3.742002010345459,9
0,3.742002487182617,9
1,2.892881393432617,7
3,2.72847843170166,0
2,3.5381345748901367,1
3,3.900404691696167,2
0,3.5845537185668945,8
1,3.9802162647247314,5
0,4.227159023284912,3
1,2.895374298095703,6
2,3.227123737335205,4
3,2.892868995666504,7
0,4.22715950012207,3
1,2.895374298095703,6
2,2.7284765243530273,0
3,3.741990089416504,9
3,3.53806209564209,1
1,3.9801785945892334,5
2,2.892861843109131,7
0,3.227163791656494,4
3,3.898590087890625,2
2,4.2271528244018555,3
1,3.9801788330078125,5
0,3.5844287872314453,8
1,3.898592233657837,2
3,3.741929054260254,9
2,2.7284586429595947,0
0,3.584420919418335,8
2,2.895322322845459,6
1,3.538048267364502,1
3,3.2270703315734863,4
0,2.8928685188293457,7
2,3.5380358695983887,1
0,2.8953094482421875,6
3,2.892876148223877,7
1,3.2270686626434326,4
2,2.728450298309326,0
3,4.227146625518799,3
0,3.896779775619507,2
1,3.7419028282165527,9
2,3.7419028282165527,9
0,3.5843493938446045,8
1,3.9801723957061768,5
3,3.5843491554260254,8
3,4.227139472961426,3
2,3.8967947959899902,2
0,2.7284417152404785,0
1,2.8928792476654053,7
1,3.980173110961914,5
0,2.8952901363372803,6
2,3.5380191802978516,1
3,3.2270548343658447,4
3,2.89528751373291,6
0,2.7284414768218994,0
1,3.538017988204956,1
2,3.584341526031494,8
3,3.7418439388275146,9
2,3.894934892654419,2
1,3.227053642272949,4
0,2.8928565979003906,7
2,3.894934892654419,2
1,2.7284324169158936,0
3,4.227138519287109,3
0,3.9801621437072754,5
0,4.227138042449951,3
3,2.8928565979003906,7
2,3.980161666870117,5
1,3.227053165435791,4
2,3.5379929542541504,1
0,3.584266185760498,8
1,3.7418227195739746,9
3,2.8952713012695312,6
3,2.8952713012695312,6
2,3.5379910469055176,1
1,4.227141857147217,3
0,3.2270123958587646,4
1,3.8949544429779053,2
3,2.8928332328796387,7
2,3.58427095413208,8
0,3.7418088912963867,9
2,3.741790771484375,9
1,3.894979953765869,2
3,3.980160713195801,5
0,2.7284107208251953,0
3,2.8952503204345703,6
2,3.5842576026916504,8
1,2.728407144546509,0
0,2.892810344696045,7
0,4.227135181427002,3
2,3.98016357421875,5
1,3.2269811630249023,4
3,3.537973165512085,1
0,4.22713565826416,3
1,3.537973403930664,1
3,2.8950932025909424,6
2,3.98016357421875,5
3,3.5842461585998535,8
2,3.2269668579101562,4
1,3.7417948246002197,9
0,2.7284092903137207,0
2,4.227134704589844,3
3,3.891227960586548,2
0,2.892825126647949,7
1,2.892825126647949,7
0,3.7418336868286133,9
2,2.728428602218628,0
3,3.891186475753784,2
1,3.537956714630127,1
2,2.8949098587036133,6
3,3.5841212272644043,8
1,3.226952314376831,4
0,3.980180501937866,5
2,2.894885778427124,6
0,4.227128982543945,3
1,3.2269372940063477,4
3,3.584105968475342,8
1,3.537938117980957,1
2,3.891162872314453,2
0,3.7417969703674316,9
3,2.7284111976623535,0
2,3.980193614959717,5
1,3.9801933765411377,5
3,2.892857789993286,7
0,3.584101676940918,8
0,2.894717216491699,6
3,3.537931442260742,1
1,3.8911232948303223,2
2,3.226905584335327,4
2,3.741792917251587,9
1,4.326103210449219,3
0,2.7284111976623535,0
3,2.892852783203125,7
2,3.98018741607666,5
0,2.8946995735168457,6
3,3.8911514282226562,2
1,3.5840907096862793,8
3,3.537911891937256,1
1,3.226893663406372,4
2,2.728407859802246,0
0,2.8928475379943848,7
0,4.3260884284973145,3
2,3.226879596710205,4
3,3.9801883697509766,5
1,3.7417478561401367,9
3,3.891131639480591,2
2,4.326088905334473,3
1,2.894672155380249,6
0,3.741748571395874,9
2,3.5378904342651367,1
0,2.8928492069244385,7
3,2.7283945083618164,0
1,3.583794116973877,8
0,4.326088905334473,3
3,2.728393793106079,0
1,3.2268786430358887,4
2,3.583794593811035,8
3,3.5378708839416504,1
0,2.894666910171509,6
1,3.8832764625549316,2
2,2.892850875854492,7
2,3.980217456817627,5
0,3.980217456817627,5
3,3.2268619537353516,4
1,3.74172043800354,9
3,4.326121807098389,3
0,3.74172043800354,9
2,2.8946666717529297,6
1,3.8832764625549316,2
2,3.537853717803955,1
1,2.8928704261779785,7
0,2.7284328937530518,0
3,3.5836033821105957,8
2,3.883219003677368,2
3,2.8946444988250732,6
0,4.326103210449219,3
1,3.5835983753204346,8
2,2.7284278869628906,0
3,3.7417361736297607,9
1,3.226827621459961,4
0,3.980205774307251,5
0,3.53788423538208,1
1,3.2267308235168457,4
2,2.8929524421691895,7
3,2.8929524421691895,7
3,2.8946571350097656,6
2,3.8735432624816895,2
1,3.9802117347717285,5
0,3.5832319259643555,8
2,4.326148986816406,3
0,3.5378806591033936,1
1,2.7283997535705566,0
3,3.741682529449463,9
0,3.873530387878418,2
3,4.326148986816406,3
1,2.8929715156555176,7
2,3.2267255783081055,4
3,2.894655466079712,6
1,3.5378756523132324,1
2,3.5832340717315674,8
0,2.728384494781494,0
3,3.74163556098938,9
0,3.9801886081695557,5
2,2.7283709049224854,0
1,3.741635799407959,9
3,3.9801790714263916,5
0,3.5378575325012207,1
1,3.583230972290039,8
2,2.8946402072906494,6
0,4.326162815093994,3
2,3.873288154602051,2
1,3.2266926765441895,4
3,2.8930442333221436,7
3,3.741678237915039,9
0,4.32614278793335,3
1,3.5828161239624023,8
2,2.893070697784424,7
3,3.860201120376587,2
2,3.5379185676574707,1
1,3.2267391681671143,4
0,2.728372812271118,0
3,3.8590283393859863,2
0,2.8946352005004883,6
2,3.9801483154296875,5
1,2.7283554077148438,0
2,2.8946452140808105,6
1,4.326108455657959,3
3,3.741711378097534,9
0,3.5828804969787598,8
3,3.9801416397094727,5
1,3.537919044494629,1
0,3.2266640663146973,4
2,2.8931198120117188,7
3,3.537905693054199,1
0,3.7416632175445557,9
1,3.2266435623168945,4
2,3.5828723907470703,8
3,2.894622564315796,6
2,3.846794605255127,2
1,3.9801278114318848,5
0,2.7283453941345215,0
0,2.893190860748291,7
2,3.741624355316162,9
3,3.5824813842773438,8
1,4.326065540313721,3
1,3.846796989440918,2
0,3.226696014404297,4
3,3.5378708839416504,1
2,2.728339195251465,0
2,2.89455509185791,6
3,3.9801101684570312,5
0,4.326051712036133,3
1,2.89323091506958,7
2,2.89455509185791,6
1,3.7415783405303955,9
3,3.9800987243652344,5
0,2.89323091506958,7
3,4.3260416984558105,3
1,3.846750259399414,2
2,3.5378270149230957,1
0,2.7282941341400146,0
1,3.5821568965911865,8
0,2.893265724182129,7
3,3.226679563522339,4
2,3.582156181335449,8
2,2.8944997787475586,6
3,3.836449146270752,2
0,2.7282776832580566,0
1,3.2266557216644287,4
3,3.980088233947754,5
2,4.326035976409912,3
0,3.5378124713897705,1
1,3.7414941787719727,9
0,3.8364486694335938,2
2,2.8944754600524902,6
1,2.893357038497925,7
3,3.22662615776062,4
1,4.326018333435059,3
3,3.7414627075195312,9
0,3.980088472366333,5
2,3.582141876220703,8
2,3.537781238555908,1
3,3.537781238555908,1
0,2.728240728378296,0
1,2.728240489959717,0
3,4.3259992599487305,3
1,3.8363356590270996,2
0,3.9800844192504883,5
2,3.7414400577545166,9
1,3.22652006149292,4
2,2.893432855606079,7
0,3.582066297531128,8
3,2.8944344520568848,6
0,4.32597017288208,3
3,3.5377197265625,1
2,2.7283759117126465,0
1,3.7412524223327637,9
1,3.822558879852295,2
3,2.893451690673828,7
2,3.581740379333496,8
0,2.8944239616394043,6
0,3.9801716804504395,5
3,4.325957775115967,3
1,2.7283520698547363,0
2,3.2264513969421387,4
0,3.822540283203125,2
1,3.5376877784729004,1
2,3.581727981567383,8
3,2.8934974670410156,7
0,2.894395112991333,6
1,3.7411930561065674,9
2,3.2264280319213867,4
3,3.9801764488220215,5
0,4.325926780700684,3
1,2.894366502761841,6
3,3.226400852203369,4
2,2.728311538696289,0
2,3.8224902153015137,2
3,3.5376644134521484,1
0,2.8935346603393555,7
1,3.7411422729492188,9
2,3.980168104171753,5
0,3.53764009475708,1
3,3.581392288208008,8
1,3.581392288208008,8
3,2.8943357467651367,6
1,3.811814785003662,2
0,2.893573760986328,7
2,2.728288412094116,0
0,3.740907669067383,9
1,3.9801526069641113,5
2,3.226289749145508,4
3,4.325840950012207,3
2,2.8943071365356445,6
1,3.740907669067383,9
3,3.537583351135254,1
0,3.226289749145508,4
2,4.325804233551025,3
3,3.980144739151001,5
1,2.8935461044311523,7
0,3.5814101696014404,8
1,3.537548065185547,1
3,3.980144500732422,5
0,2.7282450199127197,0
2,3.8104381561279297,2
0,3.740879774093628,9
3,2.893545627593994,7
2,3.5814108848571777,8
1,3.226321220397949,4
0,2.7282299995422363,0
2,3.7995853424072266,2
3,4.325791358947754,3
1,2.894239902496338,6
2,2.7282257080078125,0
3,2.8935627937316895,7
0,4.325781345367432,3
1,2.8942394256591797,6
2,3.537527561187744,1
3,3.7994437217712402,2
0,3.581096887588501,8
1,3.740854263305664,9
2,2.894228219985962,6
3,3.980133056640625,5
0,3.5810933113098145,8
1,3.2263455390930176,4
1,3.980134963989258,5
2,3.7408266067504883,9
0,3.537510395050049,1
3,2.893582820892334,7
0,3.2262415885925293,4
1,4.325709819793701,3
2,2.728215456008911,0
3,3.7981226444244385,2
1,3.7981228828430176,2
3,3.9801440238952637,5
2,2.894054651260376,6
0,3.53747820854187,1
2,4.325691223144531,3
3,3.2262258529663086,4
1,3.5811100006103516,8
0,3.7407033443450928,9
2,3.980149269104004,5
3,2.8935985565185547,7
0,2.728198289871216,0
1,3.7407031059265137,9
3,4.3256754875183105,3
0,2.7282164096832275,0
2,2.893616199493408,7
1,3.798015832901001,2
3,2.893860101699829,6
0,3.581112861633301,8
1,3.537461280822754,1
2,3.2262048721313477,4
2,2.728193521499634,0
0,4.325645923614502,3
3,3.5811004638671875,8
1,3.5374467372894287,1
2,3.740719795227051,9
3,2.8938446044921875,6
0,3.980166435241699,5
1,3.226191997528076,4
3,2.8936350345611572,7
2,3.9801549911499023,5
0,2.8936352729797363,7
1,3.7833359241485596,2
3,3.5806894302368164,8
0,3.7406699657440186,9
1,3.783362865447998,2
2,2.893820285797119,6
3,3.226250171661377,4
0,3.5374226570129395,1
1,2.728168487548828,0
2,4.325618267059326,3
2,3.783306121826172,2
3,3.98014497756958,5
1,2.893819808959961,6
0,2.728168487548828,0
3,4.32540225982666,3
2,3.740633726119995,9
1,3.580707550048828,8
0,3.2262473106384277,4
3,2.89369797706604,7
2,2.728153705596924,0
0,3.5374295711517334,1
1,3.580707550048828,8
3,3.740633487701416,9
0,4.325401782989502,3
2,2.893803596496582,6
1,3.5374293327331543,1
3,3.9801900386810303,5
2,2.893693447113037,7
0,3.2262420654296875,4
1,3.7833313941955566,2
2,4.325373649597168,3
1,2.8937807083129883,6
3,3.580332040786743,8
0,2.893711566925049,7
2,3.980191707611084,5
0,3.7405850887298584,9
3,2.7281312942504883,0
1,3.226088762283325,4
3,3.7405848503112793,9
0,2.893711566925049,7
2,3.5374045372009277,1
1,3.7692160606384277,2
1,2.8937454223632812,6
0,3.537381649017334,1
2,3.769235610961914,2
3,3.5803215503692627,8
3,2.728105068206787,0
0,4.325334072113037,3
1,3.980186939239502,5
2,3.2260658740997314,4
0,4.325334072113037,3
3,3.980186700820923,5
2,3.2260661125183105,4
1,2.728105068206787,0
2,3.740535020828247,9
3,3.5803215503692627,8
1,2.893744945526123,6
0,2.893724203109741,7
2,3.769200086593628,2
3,2.89370059967041,7
0,3.5373616218566895,1
1,3.2260537147521973,4
3,3.9801788330078125,5
2,3.5373618602752686,1
1,4.325310707092285,3
0,2.7280821800231934,0
2,2.8937277793884277,6
3,3.769200325012207,2
0,3.7404942512512207,9
1,3.5803160667419434,8
0,4.325295925140381,3
3,3.9801809787750244,5
2,3.5373423099517822,1
1,3.7404673099517822,9
2,3.769226551055908,2
3,2.893706798553467,6
0,3.2260379791259766,4
1,3.580303430557251,8
0,3.5373411178588867,1
3,2.7280638217926025,0
2,2.893695116043091,7
1,2.7280638217926025,0
1,2.8937056064605713,6
2,3.579946994781494,8
0,4.325038909912109,3
3,2.8937225341796875,7
3,3.7404301166534424,9
0,3.980233669281006,5
2,3.226111888885498,4
1,3.7555134296417236,2
0,4.325015068054199,3
2,2.8936922550201416,6
3,3.7404301166534424,9
1,3.226111650466919,4
3,3.9802258014678955,5
2,3.537320137023926,1
1,3.579941749572754,8
0,2.7280266284942627,0
3,3.755512237548828,2
0,2.8937201499938965,7
2,3.755512237548828,2
1,3.537317991256714,1
2,3.740403175354004,9
1,3.9802258014678955,5
3,3.5799484252929688,8
0,3.22609806060791,4
3,4.324972152709961,3
0,2.8936562538146973,6
2,2.893735408782959,7
1,2.728013753890991,0
3,3.980206251144409,5
1,2.89363956451416,6
0,3.537299633026123,1
2,2.728003740310669,0
2,3.5799341201782227,8
0,3.2260847091674805,4
3,2.893723964691162,7
1,4.324965953826904,3
2,3.740241050720215,9
0,3.754117250442505,2
3,2.7279906272888184,0
1,3.754117250442505,2
0,3.5372543334960938,1
3,2.8937087059020996,7
1,3.7402210235595703,9
2,3.9801864624023438,5
3,4.324888706207275,3
1,2.893613815307617,6
2,3.579619884490967,8
0,3.226077079772949,4
2,3.740196943283081,9
3,2.893705368041992,7
0,3.5372509956359863,1
1,3.5796010494232178,8
1,3.980164051055908,5
2,3.2260682582855225,4
0,3.739790916442871,2
3,4.3248443603515625,3
2,3.739790916442871,2
3,2.727959632873535,0
0,3.5795793533325195,8
1,2.893588066101074,6
2,2.727959632873535,0
3,2.893712282180786,7
1,3.537226676940918,1
0,3.2260680198669434,4
2,3.980146884918213,5
0,4.324814796447754,3
3,2.893585681915283,6
1,3.740126371383667,9
2,3.7397072315216064,2
3,2.8935656547546387,6
0,2.8937151432037354,7
1,3.740126609802246,9
2,3.537184238433838,1
0,2.727937936782837,0
3,3.5795459747314453,8
1,4.324814796447754,3
3,3.5372018814086914,1
0,2.8939626216888428,7
2,3.226020336151123,4
1,3.9780077934265137,5
0,2.8938398361206055,6
1,3.22605562210083,4
3,3.7385001182556152,2
2,2.728020191192627,0
0,4.324953556060791,3
3,3.5795462131500244,8
2,3.7402002811431885,9
1,3.9779725074768066,5
3,2.8938393592834473,6
1,2.893983840942383,7
2,3.7402007579803467,9
0,3.2260916233062744,4
3,3.9775242805480957,5
2,3.5792360305786133,8
0,3.726644992828369,2
1,2.7280826568603516,0
3,4.3249287605285645,3
1,3.5371453762054443,1
2,3.9775242805480957,5
0,3.5371453762054443,1
3,2.7280828952789307,0
2,3.740204334259033,9
1,3.579235553741455,8
0,3.2261149883270264,4
0,4.324916839599609,3
1,2.8938510417938232,6
3,2.8940558433532715,7
2,3.726606845855713,2
3,3.726544141769409,2
0,2.89408016204834,7
1,2.893826484680176,6
2,3.740183115005493,9
3,2.728067636489868,0
0,3.579220771789551,8
1,4.324878692626953,3
2,3.226144790649414,4
3,3.977496385574341,5
0,3.740183115005493,9
2,3.537113666534424,1
1,3.97749662399292,5
1,3.7251291275024414,2
2,2.894105911254883,7
0,2.8938021659851074,6
3,3.579195499420166,8
2,4.324798583984375,3
3,3.5370492935180664,1
0,2.728046417236328,0
1,3.226097583770752,4
3,2.8938021659851074,6
1,2.894080877304077,7
0,4.324798107147217,3
2,3.226168632507324,4
3,2.728043794631958,0
2,3.740004062652588,9
1,3.5789284706115723,8
0,3.537015438079834,1
0,3.7133467197418213,2
3,3.9774508476257324,5
2,2.8941025733947754,7
1,3.5789341926574707,8
3,3.7133467197418213,2
2,3.537013530731201,1
1,4.324769020080566,3
0,3.9774510860443115,5
2,2.893765449523926,6
0,2.728041172027588,0
3,3.226219415664673,4
1,3.7400014400482178,9
3,2.7280380725860596,0
2,3.578916072845459,8
0,2.8940839767456055,7
1,3.739987850189209,9
0,4.324748992919922,3
3,2.8937549591064453,6
1,3.9774389266967773,5
2,3.226212501525879,4
3,2.894080400466919,7
0,3.713346004486084,2
1,3.9774389266967773,5
2,3.53698468208313,1
1,3.7133595943450928,2
0,3.5369555950164795,1
2,3.7399585247039795,9
3,3.226255416870117,4
0,2.893726348876953,6
2,3.578899383544922,8
1,4.324728965759277,3
3,2.7280325889587402,0
0,3.713292121887207,2
3,2.893714189529419,6
2,3.2262508869171143,4
1,3.5789060592651367,8
3,4.324685573577881,3
2,2.8940634727478027,7
1,3.5369229316711426,1
0,3.9774036407470703,5
3,3.739922523498535,9
2,3.7399230003356934,9
0,2.7280170917510986,0
1,3.5786266326904297,8
0,2.728029727935791,0
3,3.226309299468994,4
1,2.89345121383667,6
2,3.5369198322296143,1
2,4.324646472930908,3
0,3.7030699253082275,2
3,2.89418363571167,7
1,3.977416753768921,5
3,2.8934292793273926,6
0,3.977416515350342,5
1,3.7399368286132812,9
2,3.578632354736328,8
3,3.5369906425476074,1
2,4.324640274047852,3
0,2.8942008018493652,7
1,3.2263717651367188,4
0,3.703012466430664,2
3,3.739957571029663,9
1,2.7275094985961914,0
2,2.8941969871520996,7
0,3.5786194801330566,8
2,3.2263784408569336,4
1,3.702996253967285,2
3,2.893263339996338,6
3,4.324621677398682,3
2,2.72749662399292,0
0,3.977426052093506,5
1,3.536971092224121,1
0,3.9774155616760254,5
3,3.5369715690612793,1
1,3.226378917694092,4
2,2.8942089080810547,7
3,4.324620723724365,3
1,3.7031283378601074,2
2,3.5786728858947754,8
0,2.7268505096435547,0
3,2.89324951171875,6
1,3.5786705017089844,8
2,3.226475238800049,4
0,3.7399234771728516,9
3,2.8932480812072754,6
1,3.977415084838867,5
2,3.537067413330078,1
0,2.8943305015563965,7
0,3.69486927986145,2
3,2.7266883850097656,0
2,4.3246331214904785,3
1,3.739914655685425,9
3,2.893239736557007,6
0,3.57836651802063,8
1,2.726675033569336,0
2,3.7399063110351562,9
0,3.694875478744507,2
2,3.537078380584717,1
3,4.324634552001953,3
1,3.226560592651367,4
3,3.739905834197998,9
2,3.2265608310699463,4
0,2.8943793773651123,7
1,3.9774248600006104,5
1,3.537062168121338,1
0,2.7264883518218994,0
2,3.9774396419525146,5
3,3.69351863861084,2
0,2.8932111263275146,6
3,4.324595928192139,3
2,3.5782899856567383,8
1,2.8944077491760254,7
1,4.324595928192139,3
2,2.7264864444732666,0
3,3.6934590339660645,2
0,3.739750385284424,9
3,2.8932039737701416,6
2,3.5781068801879883,8
1,3.2265992164611816,4
0,3.5370450019836426,1
3,2.8944320678710938,7
0,3.9774584770202637,5
1,3.9774582386016846,5
2,3.578105926513672,8
2,3.5370373725891113,1
1,2.8932008743286133,6
3,4.3246169090271,3
0,3.226593017578125,4
3,3.693429708480835,2
1,2.8944318294525146,7
0,3.739734649658203,9
2,2.7265446186065674,0
3,3.681365966796875,2
1,2.7265284061431885,0
2,3.739725112915039,9
0,3.226713180541992,4
2,2.8944640159606934,7
3,3.577798366546631,8
1,3.9774327278137207,5
0,2.893160820007324,6
2,4.324576377868652,3
0,3.5370142459869385,1
3,4.324576377868652,3
1,3.9774327278137207,5
0,3.6812374591827393,2
2,2.7265233993530273,0
3,2.894465923309326,7
1,2.893160820007324,6
0,3.5369837284088135,1
1,3.577772617340088,8
2,3.22674560546875,4
3,3.7397007942199707,9
2,3.577775478363037,8
0,3.5369820594787598,1
1,4.324546813964844,3
3,2.89448881149292,7
3,3.7394847869873047,9
0,2.726515293121338,0
2,2.892895221710205,6
1,3.2266886234283447,4
2,3.2267255783081055,4
3,3.9791340827941895,5
0,3.681018352508545,2
1,3.681018352508545,2
0,2.89286470413208,6
3,3.739468812942505,9
1,2.726485252380371,0
2,3.577761650085449,8
3,4.324331760406494,3
0,2.894287109375,7
2,3.5369019508361816,1
1,3.9791181087493896,5
0,3.9791152477264404,5
3,2.894286870956421,7
2,3.577761650085449,8
1,2.7264795303344727,0
2,3.5368714332580566,1
3,4.324307441711426,3
1,3.68088698387146,2
0,3.2267606258392334,4
0,2.8928325176239014,6
3,2.8928332328796387,6
2,3.7394416332244873,9
1,2.8943142890930176,7
1,4.32430362701416,3
3,3.5774145126342773,8
0,2.7264676094055176,0
2,3.226849317550659,4
1,3.979106903076172,5
0,3.667337417602539,2
2,3.739408254623413,9
3,3.536848545074463,1
0,3.667214870452881,2
3,2.894336700439453,7
2,3.536835193634033,1
1,4.324278354644775,3
2,2.8927974700927734,6
3,3.577380657196045,8
0,3.9790966510772705,5
1,3.226884365081787,4
3,2.894366502761841,7
2,2.726447343826294,0
0,3.667196035385132,2
1,3.739392042160034,9
3,3.979093074798584,5
0,2.726442813873291,0
1,4.324245929718018,3
2,3.5368006229400635,1
0,2.892761707305908,6
3,3.739377498626709,9
2,3.2269153594970703,4
1,3.57735538482666,8
0,3.5368006229400635,1
1,2.89276123046875,6
3,2.726442337036133,0
2,3.739377498626709,9
2,3.6672158241271973,2
0,3.979182720184326,5
3,2.8944103717803955,7
1,3.2269928455352783,4
0,3.979168653488159,5
3,3.5772557258605957,8
1,4.324130058288574,3
2,3.577255964279175,8
0,3.5367836952209473,1
3,3.226994276046753,4
2,3.7393503189086914,9
1,2.726423740386963,0
2,4.324138164520264,3
0,2.8927531242370605,6
1,2.8945236206054688,7
3,3.656595230102539,2
2,3.656595230102539,2
0,2.726426124572754,0
3,3.57700252532959,8
1,3.7394118309020996,9
0,4.324138164520264,3
2,3.979184627532959,5
3,2.8945233821868896,7
1,3.2271065711975098,4
2,3.227092742919922,4
3,3.6565933227539062,2
1,2.892744541168213,6
0,3.5367696285247803,1
1,3.5367507934570312,1
0,2.892728090286255,6
3,2.7264037132263184,0
2,4.3241143226623535,3
2,3.5769801139831543,8
0,2.8945529460906982,7
3,3.9791736602783203,5
1,3.739363431930542,9
3,3.5367512702941895,1
2,4.324114799499512,3
0,2.8927276134490967,6
1,3.9791712760925293,5
3,3.6565005779266357,2
2,2.894587993621826,7
1,3.2270607948303223,4
0,3.576963186264038,8
3,2.7263801097869873,0
0,3.739321231842041,9
2,3.536728858947754,1
1,2.8927054405212402,6
0,3.73932147026062,9
2,3.979175567626953,5
3,2.894587516784668,7
1,3.6565001010894775,2
0,3.2270374298095703,4
2,4.324069976806641,3
1,2.726361036300659,0
3,3.5769433975219727,8
1,4.32405948638916,3
2,3.649747848510742,2
0,3.227055549621582,4
3,3.9791932106018066,5
3,3.739314556121826,9
0,2.8925232887268066,6
1,3.5367021560668945,1
2,2.72637677192688,0
0,2.894629955291748,7
2,3.576777458190918,8
1,2.894629716873169,7
3,3.227043628692627,4
3,2.7263853549957275,0
2,3.5366811752319336,1
1,4.324037551879883,3
0,3.739323854446411,9
3,2.8923463821411133,6
2,3.6497247219085693,2
1,3.9792184829711914,5
0,3.5767769813537598,8
2,2.8946614265441895,7
0,3.739307165145874,9
1,3.5767650604248047,8
3,2.8923425674438477,6
2,2.7263705730438232,0
3,3.536649227142334,1
1,3.6496171951293945,2
0,3.2270312309265137,4
0,3.979203701019287,5
2,4.324003219604492,3
3,3.5366463661193848,1
1,3.7392702102661133,9
3,4.324003219604492,3
0,2.8946375846862793,7
1,3.9792001247406006,5
2,3.6496071815490723,2
0,2.892320394515991,6
2,2.726348400115967,0
1,3.226980686187744,4
3,3.5767478942871094,8
2,3.9792091846466064,5
0,3.227034568786621,4
3,3.5366291999816895,1
1,2.8946375846862793,7
1,4.323981285095215,3
2,3.6412811279296875,2
3,2.7263660430908203,0
0,3.7392690181732178,9
2,2.8946564197540283,7
3,4.323960304260254,3
1,2.892118453979492,6
0,3.5765442848205566,8
3,3.6411850452423096,2
2,2.892118453979492,6
1,2.726346492767334,0
0,3.9792215824127197,5
3,3.5765371322631836,8
1,3.739288330078125,9
2,3.226963996887207,4
0,3.5366039276123047,1
3,2.8919355869293213,6
1,2.8946571350097656,7
0,3.739276885986328,9
2,3.576539993286133,8
1,3.5365676879882812,1
3,3.226944923400879,4
2,4.323941707611084,3
0,3.641164779663086,2
3,4.3239426612854,3
0,3.9792466163635254,5
1,2.7263495922088623,0
2,2.8946375846862793,7
3,2.891645669937134,6
0,3.226891279220581,4
2,3.5765058994293213,8
1,3.979276418685913,5
2,2.7263615131378174,0
0,3.536546230316162,1
1,3.6411921977996826,2
3,3.7392678260803223,9
0,2.891641616821289,6
3,3.979267120361328,5
2,2.7263569831848145,0
1,2.894599437713623,7
1,3.6362175941467285,2
3,4.323896408081055,3
0,3.7392680644989014,9
2,3.576388359069824,8
3,3.7392945289611816,9
2,3.2268333435058594,4
0,3.63620924949646,2
1,3.536550998687744,1
3,3.226832866668701,4
1,4.323721885681152,3
0,2.726388454437256,0
2,3.5764100551605225,8
3,2.8914670944213867,6
0,3.9793343544006348,5
1,2.894585132598877,7
2,3.536550760269165,1
3,3.536550998687744,1
0,3.979330539703369,5
2,3.636209487915039,2
1,3.5764102935791016,8
0,4.323692798614502,3
2,2.891273021697998,6
3,3.739320755004883,9
1,2.8945159912109375,7
2,4.323693752288818,3
0,3.5365278720855713,1
3,2.7264041900634766,0
1,3.2268073558807373,4
0,3.6360466480255127,2
3,2.8945159912109375,7
1,3.739320755004883,9
2,3.576406955718994,8
0,2.891282081604004,6
1,3.9793524742126465,5
2,2.7263946533203125,0
3,3.2268013954162598,4
3,3.536500930786133,1
2,2.894455671310425,7
1,3.5764029026031494,8
0,3.979372501373291,5
2,2.7264111042022705,0
3,3.7393269538879395,9
1,3.635993719100952,2
0,3.2267770767211914,4
3,3.6360392570495605,2
0,4.323179721832275,3
1,2.8911571502685547,6
2,3.9794249534606934,5
3,2.8911428451538086,6
2,3.5763587951660156,8
1,3.226846933364868,4
0,3.7393083572387695,9
1,3.536538600921631,1
3,2.8944644927978516,7
0,4.323164463043213,3
2,2.726445436477661,0
2,3.63114070892334,2
3,3.7393548488616943,9
1,2.8944640159606934,7
0,2.7264456748962402,0
0,4.322999954223633,3
3,3.979508399963379,5
2,3.2268476486206055,4
1,3.5763697624206543,8
2,4.323000431060791,3
3,3.9795081615448,5
0,3.536541223526001,1
1,2.890963315963745,6
1,3.6311473846435547,2
3,3.226810932159424,4
0,2.8944473266601562,7
2,3.576371192932129,8
0,2.7264771461486816,0
2,2.8907742500305176,6
1,3.5365262031555176,1
3,3.739377021789551,9
1,2.8907597064971924,6
0,3.979513645172119,5
3,4.322970390319824,3
2,2.8944032192230225,7
1,3.629574775695801,2
2,2.726477861404419,0
3,3.5763893127441406,8
0,3.2267227172851562,4
3,3.6295745372772217,2
2,3.5364787578582764,1
0,3.7392547130584717,9
1,3.5364785194396973,1
2,2.890564441680908,6
3,3.979525089263916,5
1,3.226714611053467,4
0,4.322902202606201,3
3,3.5761122703552246,8
0,2.894357681274414,7
2,3.73923659324646,9
1,2.726466417312622,0
2,2.7264814376831055,0
3,3.617536783218384,2
0,4.3228864669799805,3
1,3.5364575386047363,1
2,3.9795327186584473,5
3,2.8904061317443848,6
1,3.226738452911377,4
0,3.5761077404022217,8
3,3.6174378395080566,2
0,2.89434814453125,7
2,3.73923397064209,9
1,2.894348382949829,7
3,2.8904051780700684,6
0,3.576107978820801,8
1,3.536445140838623,1
2,3.9795327186584473,5
3,2.7264814376831055,0
2,3.2266979217529297,4
1,4.3228559494018555,3
0,3.7392578125,9
3,3.536421298980713,1
2,2.8943428993225098,7
1,3.9795541763305664,5
0,3.5760982036590576,8
2,2.890207052230835,6
3,3.617414712905884,2
0,3.739241123199463,9
1,3.226698160171509,4
3,3.739269971847534,9
0,2.8943588733673096,7
2,2.7264933586120605,0
1,4.322836875915527,3
1,2.8900113105773926,6
3,4.322829246520996,3
2,3.9795637130737305,5
0,3.5364034175872803,1
2,3.2266597747802734,4
1,2.7264785766601562,0
3,3.617250919342041,2
0,3.5760879516601562,8
3,3.739255428314209,9
0,2.7264788150787354,0
2,3.9795596599578857,5
1,2.894343137741089,7
3,2.8898236751556396,6
2,3.226452112197876,4
1,3.6067566871643066,2
0,3.5363900661468506,1
3,4.322813987731934,3
1,3.6067566871643066,2
0,3.575845718383789,8
2,3.2264516353607178,4
0,2.894355058670044,7
3,3.575845241546631,8
2,2.7264835834503174,0
1,3.5363903045654297,1
2,3.739264488220215,9
3,4.322817802429199,3
0,3.979580879211426,5
1,2.889820098876953,6
1,3.606553077697754,2
2,3.739283800125122,9
0,3.9795854091644287,5
3,3.2263553142547607,4
2,4.322770595550537,3
0,2.8896069526672363,6
1,2.726472854614258,0
3,3.536378860473633,1
3,3.5758469104766846,8
2,2.894378900527954,7
1,4.322771072387695,3
0,3.979581356048584,5
2,3.7392537593841553,9
3,3.606517791748047,2
0,2.894378185272217,7
1,3.5363824367523193,1
3,2.726468801498413,0
2,3.226235866546631,4
0,3.5758657455444336,8
1,2.8894753456115723,6
2,3.606471061706543,2
3,3.575866222381592,8
0,3.5363821983337402,1
1,4.322768211364746,3
2,3.739278793334961,9
3,2.889507293701172,6
1,3.9796221256256104,5
0,3.2261505126953125,4
3,3.596695899963379,2
0,2.7264585494995117,0
1,2.894355058670044,7
2,2.894355058670044,7
0,2.7264552116394043,0
3,3.5363593101501465,1
1,3.575735092163086,8
2,2.889349937438965,6
2,4.322756767272949,3
3,3.9796905517578125,5
0,3.7391738891601562,9
1,3.226065158843994,4
0,3.5757229328155518,8
2,3.226015090942383,4
3,3.536311149597168,1
1,2.7264668941497803,0
2,2.8891801834106445,6
1,2.8942935466766357,7
0,3.739187717437744,9
3,4.322717666625977,3
2,3.5960869789123535,2
1,3.979713201522827,5
3,3.5960869789123535,2
0,2.8942410945892334,7
2,3.9797396659851074,5
0,3.536306858062744,1
1,3.225961208343506,4
3,2.88900089263916,6
2,4.322689056396484,3
0,3.575704574584961,8
1,3.7392024993896484,9
3,2.726471424102783,0
1,2.7264063358306885,0
2,3.7392704486846924,9
3,3.5952980518341064,2
0,2.88901948928833,6
2,3.5363001823425293,1
3,3.979663372039795,5
1,3.2258119583129883,4
0,3.5759339332580566,8
3,2.7264018058776855,0
0,4.322571277618408,3
2,2.894228458404541,7
1,3.5363001823425293,1
3,3.5868477821350098,2
0,3.7392187118530273,9
1,3.57590913772583,8
2,2.8941779136657715,7
0,2.888817071914673,6
2,3.2256813049316406,4
3,3.9796507358551025,5
1,4.322556972503662,3
0,3.9796645641326904,5
2,3.5863399505615234,2
1,2.894191265106201,7
3,4.322514057159424,3
1,2.8886542320251465,6
2,3.536267042160034,1
0,3.739206314086914,9
3,2.7266945838928223,0
2,2.8886542320251465,6
3,3.225506544113159,4
1,3.576009750366211,8
0,3.739206075668335,9
2,3.5362329483032227,1
3,2.894071578979492,7
1,4.32241678237915,3
0,2.726693868637085,0
0,3.225252628326416,4
1,3.979625940322876,5
3,3.576132297515869,8
2,3.5842397212982178,2
2,3.5361990928649902,1
3,3.979626178741455,5
0,2.726832628250122,0
1,4.322396755218506,3
2,2.888474464416504,6
0,2.8939690589904785,7
3,3.576061248779297,8
1,3.225247859954834,4
1,3.580474853515625,2
0,2.893948554992676,7
3,3.7390589714050293,9
2,3.7390592098236084,9
1,2.888302803039551,6
0,3.979654550552368,5
2,2.7268319129943848,0
3,3.225137710571289,4
3,3.536198616027832,1
0,4.322376251220703,3
1,3.5760536193847656,8
2,3.580475330352783,2
0,3.979666233062744,5
2,3.576072931289673,8
1,3.5361552238464355,1
3,2.7268176078796387,0
3,3.7389137744903564,9
0,2.8881478309631348,6
2,4.322301864624023,3
1,3.224973201751709,4
1,3.5784547328948975,2
2,3.5784547328948975,2
3,2.8939013481140137,7
0,3.5760698318481445,8
2,3.5361595153808594,1
0,2.8938655853271484,7
3,2.8881659507751465,6
1,3.224944591522217,4
0,3.738870143890381,9
3,3.979640007019043,5
2,4.322287082672119,3
1,2.7267954349517822,0
0,3.5783939361572266,2
1,4.322287082672119,3
3,2.893855094909668,7
2,3.979640245437622,5
2,3.536139965057373,1
0,3.738870620727539,9
3,3.5760834217071533,8
1,2.7267959117889404,0
1,2.88816499710083,6
2,3.2249202728271484,4
3,4.3223066329956055,3
0,3.5760152339935303,8
2,3.9796180725097656,5
1,3.536128044128418,1
0,2.8937859535217285,7
3,3.2249045372009277,4
3,3.7388410568237305,9
0,2.7267837524414062,0
1,2.8881654739379883,6
2,3.5751123428344727,2
2,3.5751190185546875,2
0,3.5760302543640137,8
1,2.888181686401367,6
3,4.322307109832764,3
3,2.726774215698242,0
0,3.5361175537109375,1
2,2.8937230110168457,7
1,3.9796082973480225,5
2,3.2248640060424805,4
1,3.738818407058716,9
3,3.2248640060424805,4
0,2.888181686401367,6
3,4.322287559509277,3
1,3.979604959487915,5
0,3.738818645477295,9
2,2.8937230110168457,7
2,3.5361056327819824,1
3,2.7267708778381348,0
1,3.5760374069213867,8
0,3.5749940872192383,2
3,3.738813638687134,9
0,2.7267708778381348,0
2,3.224860906600952,4
1,3.57499361038208,2
2,2.888178825378418,6
0,4.322242736816406,3
3,3.576079845428467,8
1,3.5360724925994873,1
2,3.979480266571045,5
0,3.738661527633667,9
3,2.89359188079834,7
1,2.89359188079834,7
2,2.888155460357666,6
3,3.5760302543640137,8
1,3.979480266571045,5
0,2.726761817932129,0
0,4.322341442108154,3
3,3.568826198577881,2
1,3.5360450744628906,1
2,3.2247700691223145,4
0,2.726778507232666,0
1,2.8936076164245605,7
2,4.322320938110352,3
3,3.73869252204895,9
1,2.8879952430725098,6
2,3.568744659423828,2
0,3.5360302925109863,1
3,3.576032876968384,8
2,3.979482650756836,5
3,3.2247414588928223,4
1,3.738690137863159,9
0,3.2247419357299805,4
2,2.893575429916382,7
3,3.979482889175415,5
0,3.5360305309295654,1
1,3.568685293197632,2
3,2.887895107269287,6
2,4.322299957275391,3
0,2.7267818450927734,0
1,3.5760622024536133,8
3,3.567228078842163,2
2,3.7386105060577393,9
0,3.2245893478393555,4
1,4.322396278381348,3
0,2.7268667221069336,0
3,3.5761208534240723,8
2,3.53597354888916,1
1,2.8935723304748535,7
0,4.322396755218506,3
2,3.567228078842163,2
3,2.887868881225586,6
1,3.978966236114502,5
2,3.9785220623016357,5
0,3.7386229038238525,9
3,2.8936116695404053,7
1,3.576115131378174,8
2,2.726961612701416,0
0,2.8879141807556152,6
1,3.224334716796875,4
3,3.5359816551208496,1
1,3.5359816551208496,1
0,3.738698959350586,9
3,2.8936023712158203,7
2,4.322515487670898,3
1,3.224421501159668,4
0,2.7269575595855713,0
2,3.5761260986328125,8
3,3.5646541118621826,2
3,3.9758615493774414,5
2,3.5762150287628174,8
0,2.8882346153259277,6
1,4.3228325843811035,3
3,2.888235092163086,6
2,2.72707200050354,0
1,2.8939099311828613,7
0,3.7390193939208984,9
2,3.9758615493774414,5
3,3.536006212234497,1
1,3.5644690990448,2
0,3.2244057655334473,4
0,4.322876453399658,3
3,2.888312816619873,6
2,3.5644989013671875,2
1,3.536007881164551,1
2,3.224379539489746,4
1,2.8939390182495117,7
3,3.7390496730804443,9
0,2.7270984649658203,0
2,4.322965621948242,3
0,3.5762789249420166,8
3,3.5762789249420166,8
1,3.9751381874084473,5
2,3.564406633377075,2
3,3.5359950065612793,1
0,2.7270984649658203,0
1,3.7390871047973633,9
0,3.9746155738830566,5
3,2.8883304595947266,6
1,3.224343776702881,4
2,2.8939146995544434,7
2,2.893908977508545,7
0,2.7271766662597656,0
3,3.2243354320526123,4
1,2.8883309364318848,6
2,3.7390613555908203,9
1,3.5359697341918945,1
0,4.323083400726318,3
3,3.9746086597442627,5
3,3.564423084259033,2
0,2.7272605895996094,0
2,3.5763378143310547,8
1,3.7390995025634766,9
2,2.8883872032165527,6
3,3.5359621047973633,1
1,3.576327323913574,8
0,3.2243614196777344,4
3,3.5618062019348145,2
2,3.9741597175598145,5
0,4.323112487792969,3
1,2.893922805786133,7
2,3.5359573364257812,1
3,2.7272560596466064,0
0,3.5618062019348145,2
1,3.7390737533569336,9
3,2.888387441635132,6
1,3.9741485118865967,5
0,3.224405288696289,4
2,3.576273202896118,8
3,4.323127746582031,3
2,3.5359416007995605,1
1,3.576273202896118,8
0,2.8938536643981934,7
2,2.8883867263793945,6
3,3.5617313385009766,2
0,3.224386215209961,4
1,3.7390501499176025,9
3,3.974123001098633,5
0,2.8938379287719727,7
2,4.323114395141602,3
1,2.7272543907165527,0
0,4.323108196258545,3
3,3.535895347595215,1
1,2.8937878608703613,7
2,3.2244324684143066,4
3,3.9740982055664062,5
2,3.5615968704223633,2
1,2.7272400856018066,0
0,3.5762579441070557,8
2,2.888355255126953,6
0,2.8883557319641113,6
1,2.8937768936157227,7
3,3.739006996154785,9
1,4.323086261749268,3
2,3.5358569622039795,1
3,3.2244625091552734,4
0,3.7390050888061523,9
1,3.5590810775756836,2
3,2.727245330810547,0
0,3.9740819931030273,5
2,3.5761868953704834,8
1,2.888333797454834,6
0,4.323019027709961,3
2,3.2243833541870117,4
3,2.7272205352783203,0
2,3.974061965942383,5
3,3.576232671737671,8
0,3.5358192920684814,1
1,2.8936877250671387,7
3,3.5575554370880127,2
2,2.8936142921447754,7
0,3.53578519821167,1
1,3.738823175430298,9
0,3.7388229370117188,9
2,3.5762877464294434,8
3,3.224334239959717,4
1,3.973954200744629,5
2,2.888302803039551,6
1,2.7272229194641113,0
3,4.323115348815918,3
0,3.5575122833251953,2
3,3.5575180053710938,2
0,3.973952054977417,5
1,2.7272145748138428,0
2,3.5763139724731445,8
1,3.7387945652008057,9
0,3.535762310028076,1
2,3.224222421646118,4
3,2.8935418128967285,7
3,4.323207855224609,3
0,2.888289213180542,6
2,2.8935413360595703,7
1,2.888289451599121,6
2,3.557490825653076,2
1,3.973860263824463,5
3,3.576368808746338,8
0,3.224222421646118,4
2,4.3232951164245605,3
3,3.5357306003570557,1
1,3.738765001296997,9
0,2.727203130722046,0
3,3.5357298851013184,1
0,3.738765001296997,9
2,3.224132776260376,4
1,3.5764360427856445,8
2,2.8882665634155273,6
3,3.554915189743042,2
0,2.8934807777404785,7
1,3.973757266998291,5
3,3.7385966777801514,9
0,2.8933987617492676,7
2,2.7271814346313477,0
1,4.323328018188477,3
2,2.8882274627685547,6
3,3.973644256591797,5
0,3.223966121673584,4
1,4.323328971862793,3
3,3.5534934997558594,2
0,3.535656452178955,1
2,3.576474189758301,8
1,2.7271814346313477,0
2,3.5534934997558594,2
3,4.323328971862793,3
0,3.7385966777801514,9
1,2.8882274627685547,6
3,3.5356292724609375,1
0,2.7271690368652344,0
1,3.2239441871643066,4
2,3.9736342430114746,5
1,2.8882107734680176,6
0,3.973618745803833,5
2,3.576469898223877,8
3,2.893374443054199,7
3,4.323320388793945,3
0,2.7271649837493896,0
1,3.5764694213867188,8
2,2.89337420463562,7
2,3.535604476928711,1
3,3.223926544189453,4
1,3.738546371459961,9
0,3.5533676147460938,2
0,2.888192892074585,6
3,3.535600185394287,1
2,3.2239179611206055,4
1,2.7271478176116943,0
3,3.973604679107666,5
0,3.5533504486083984,2
2,3.7385191917419434,9
1,3.5764646530151367,8
3,4.323400974273682,3
2,3.576510429382324,8
1,2.8933210372924805,7
0,3.738492965698242,9
3,3.973484754562378,5
0,4.323376655578613,3
1,2.893310546875,7
2,2.888152599334717,6
2,3.2238965034484863,4
0,3.5450940132141113,2
3,2.727128744125366,0
1,3.5355496406555176,1
2,3.973484754562378,5
3,2.727128744125366,0
0,3.5763423442840576,8
1,3.2238967418670654,4
0,3.7384371757507324,9
1,4.323459625244141,3
3,2.89327335357666,7
2,3.5355019569396973,1
2,2.8880929946899414,6
0,2.893239974975586,7
1,3.5436453819274902,2
3,3.5354647636413574,1
3,2.8880929946899414,6
2,3.5764331817626953,8
0,3.5436458587646484,2
1,2.727099657058716,0
2,4.323475360870361,3
3,3.738255739212036,9
1,3.223750352859497,4
0,3.9732487201690674,5
1,2.88803768157959,6
3,2.8932089805603027,7
0,3.2237210273742676,4
2,4.323439121246338,3
3,3.5430634021759033,2
2,3.5354104042053223,1
0,2.7270853519439697,0
1,3.7382147312164307,9
2,2.888040065765381,6
3,3.5764923095703125,8
1,3.9726884365081787,5
0,3.535370111465454,1
0,4.323556423187256,3
3,3.5764918327331543,8
1,3.2237141132354736,4
2,2.893235683441162,7
0,3.9726712703704834,5
3,2.7271482944488525,0
2,3.7380733489990234,9
1,3.5288429260253906,2
3,4.323570728302002,3
0,2.7271499633789062,0
1,3.2236740589141846,4
2,2.8931832313537598,7
1,3.528717517852783,2
0,3.9725494384765625,5
3,3.535297155380249,1
2,3.5762779712677,8
2,2.887997627258301,6
3,3.528717279434204,2
1,2.8879966735839844,6
0,3.7380573749542236,9
2,3.972545623779297,5
0,3.5762462615966797,8
1,2.727163314819336,0
3,2.8932080268859863,7
3,4.323610305786133,3
2,3.7380542755126953,9
1,3.535238742828369,1
0,3.223609685897827,4
3,3.5762991905212402,8
2,3.5282328128814697,2
1,3.7380542755126953,9
0,2.893169403076172,7
3,4.323630332946777,3
0,3.9718825817108154,5
2,2.7271666526794434,0
1,3.5352494716644287,1
1,2.8876261711120605,6
2,3.5763614177703857,8
3,2.893277645111084,7
0,3.2235982418060303,4
2,2.8876261711120605,6
3,4.323698997497559,3
1,3.7381274700164795,9
0,3.528141498565674,2
0,3.535121202468872,1
3,2.727274179458618,0
2,3.223557710647583,4
1,3.971527099609375,5
2,4.3239426612854,3
0,3.512704849243164,2
3,3.7383599281311035,9
1,2.887664318084717,6
3,3.9690749645233154,5
1,2.727454900741577,0
2,3.576021432876587,8
0,3.2237064838409424,4
3,3.535025119781494,1
2,3.512704849243164,2
0,2.893587827682495,7
1,3.576021909713745,8
0,2.88749361038208,6
2,3.2236151695251465,4
1,3.9686264991760254,5
3,4.323869228363037,3
3,2.7275238037109375,0
2,3.534965991973877,1
0,3.7382631301879883,9
1,2.8936524391174316,7
3,2.887483596801758,6
2,4.32386589050293,3
1,3.510848045349121,2
0,2.8936524391174316,7
3,3.534965753555298,1
2,2.7275242805480957,0
1,3.2236082553863525,4
0,3.73826265335083,9
2,4.3238348960876465,3
0,3.9686269760131836,5
1,3.9686269760131836,5
3,3.5759739875793457,8
0,3.738253116607666,9
2,2.8872690200805664,6
3,3.575960159301758,8
1,3.223593235015869,4
0,3.5103790760040283,2
3,2.8936848640441895,7
2,2.7275257110595703,0
1,3.5349316596984863,1
2,4.323770523071289,3
3,2.727513313293457,0
0,3.53488826751709,1
1,3.2236478328704834,4
3,2.886962890625,6
0,3.4763364791870117,2
1,3.9685959815979004,5
2,2.8936872482299805,7
3,3.7379398345947266,9
0,3.9685957431793213,5
1,3.7379398345947266,9
2,3.5753180980682373,8
3,3.4763545989990234,2
2,2.7274937629699707,0
1,2.893704891204834,7
0,3.223527431488037,4
1,2.8869025707244873,6
2,3.5347561836242676,1
0,3.5752882957458496,8
3,4.323549270629883,3
0,3.4758872985839844,2
2,3.9685916900634766,5
3,2.8867440223693848,6
1,3.223479747772217,4
3,2.7275004386901855,0
1,3.53475022315979,1
2,3.5752735137939453,8
0,4.323493957519531,3
3,2.893746852874756,7
2,3.5752549171447754,8
1,3.5347280502319336,1
0,3.7378830909729004,9
3,3.475794792175293,2
2,2.893746852874756,7
0,2.7274768352508545,0
1,3.968559980392456,5
2,4.323409080505371,3
3,3.2233245372772217,4
1,3.7377474308013916,9
0,2.88653826713562,6
3,3.534670352935791,1
2,4.32338285446167,3
0,3.22334623336792,4
1,3.575241804122925,8
3,2.886470079421997,6
2,3.4740214347839355,2
0,3.968538522720337,5
1,3.7377195358276367,9
3,2.893739700317383,7
1,2.7274303436279297,0
0,3.5346193313598633,1
2,4.323299407958984,3
0,2.8937559127807617,7
2,2.727445125579834,0
1,3.9685306549072266,5
3,3.574866771697998,8
2,3.737544059753418,9
0,2.8862476348876953,6
1,3.223355293273926,4
3,3.453655242919922,2
3,4.323264122009277,3
2,3.223355531692505,4
1,3.9685120582580566,5
0,3.5345847606658936,1
3,2.8862478733062744,6
0,3.7375125885009766,9
2,3.453246831893921,2
1,2.8937864303588867,7
0,3.223301410675049,4
3,2.727400064468384,0
1,3.574798583984375,8
2,2.727400064468384,0
3,3.453282117843628,2
2,3.968501091003418,5
0,4.323222637176514,3
1,3.574798583984375,8
0,2.886209726333618,6
2,3.5345520973205566,1
3,3.7374725341796875,9
1,2.893815040588379,7
0,3.4528729915618896,2
3,2.893800735473633,7
1,3.534493923187256,1
2,3.223231315612793,4
2,3.7373993396759033,9
3,3.968371629714966,5
0,2.727386713027954,0
1,4.323266983032227,3
3,4.323266983032227,3
1,2.886136531829834,6
0,3.5748190879821777,8
2,3.574819564819336,8
3,3.737398862838745,9
1,2.8937978744506836,7
2,3.9683659076690674,5
0,3.223007917404175,4
0,3.5343985557556152,1
2,2.885878086090088,6
1,2.727372169494629,0
3,3.436357021331787,2
3,4.323256015777588,3
2,2.8858790397644043,6
0,3.574540615081787,8
1,2.727372407913208,0
0,3.737241744995117,9
3,3.5343985557556152,1
1,3.436356782913208,2
2,3.223022222518921,4
2,2.893752098083496,7
0,3.968156337738037,5
1,3.574568271636963,8
3,3.968156576156616,5
3,3.436520576477051,2
0,2.727370262145996,0
2,3.2229344844818115,4
1,2.8937759399414062,7
2,3.737163543701172,9
3,2.885557174682617,6
1,3.534308910369873,1
0,4.323276042938232,3
3,3.4364113807678223,2
1,3.534316301345825,1
0,3.967747211456299,5
2,3.2229385375976562,4
3,2.885375499725342,6
0,3.737198829650879,9
2,2.893867015838623,7
1,3.574586868286133,8
0,4.323330879211426,3
3,3.4364137649536133,2
1,2.72750186920166,0
2,2.7275021076202393,0
2,2.8853759765625,6
0,2.8938653469085693,7
3,3.737190008163452,9
1,3.574596881866455,8
0,3.967534065246582,5
2,3.534208297729492,1
3,3.222914457321167,4
1,4.323330402374268,3
2,3.967303991317749,5
1,3.574625015258789,8
0,3.7370681762695312,9
3,2.8938562870025635,7
2,4.323368072509766,3
3,2.7275471687316895,0
0,3.534071922302246,1
1,3.288113832473755,2
3,2.8851451873779297,6
0,2.7275443077087402,0
2,3.2880282402038574,2
1,3.223010301589966,4
3,4.323690414428711,3
2,3.2230887413024902,4
0,3.533925771713257,1
1,2.8853673934936523,6
3,2.8941736221313477,7
2,3.537292957305908,8
0,3.9646496772766113,5
1,3.7372307777404785,9
3,4.32366943359375,3
1,3.964674711227417,5
0,3.2230587005615234,4
2,3.288384437561035,2
2,2.89424729347229,7
3,3.7373063564300537,9
0,3.537296772003174,8
1,3.533928632736206,1
3,2.885145902633667,6
1,2.885145664215088,6
0,3.9638772010803223,5
2,2.7278075218200684,0
3,3.533721446990967,1
1,4.323770999908447,3
2,2.727830410003662,0
0,3.2230496406555176,4
3,3.2874903678894043,2
0,3.7371199131011963,9
1,3.537281036376953,8
2,2.8942856788635254,7
3,4.323822021484375,3
0,2.8942627906799316,7
2,3.222956657409668,4
1,2.7279136180877686,0
2,2.8849310874938965,6
0,3.287738800048828,2
3,3.5335025787353516,1
1,3.736941337585449,9
2,2.884739398956299,6
0,3.5372514724731445,8
3,3.223118543624878,4
1,3.963235855102539,5
0,3.271611213684082,2
2,2.894343852996826,7
3,2.727973699569702,0
1,3.9630937576293945,5
3,3.7368197441101074,9
2,3.533334255218506,1
0,4.3238959312438965,3
1,3.537238359451294,8
0,2.7279491424560547,0
2,3.7368197441101074,9
3,3.9629673957824707,5
1,3.2230963706970215,4
3,4.323931694030762,3
2,2.894353151321411,7
0,3.5372540950775146,8
1,2.8845574855804443,6
3,3.962031126022339,5
0,3.533156394958496,1
2,3.5372447967529297,8
1,3.2718665599823,2
3,3.2718665599823,2
0,2.7280640602111816,0
1,3.7368030548095703,9
2,4.32401704788208,3
2,2.884472608566284,6
0,3.533156394958496,1
3,2.8943471908569336,7
1,3.2230911254882812,4
2,2.884241819381714,6
3,4.3241143226623535,3
0,3.7367310523986816,9
1,3.223069667816162,4
0,3.9612667560577393,5
2,3.5372047424316406,8
3,2.8944091796875,7
1,3.2720248699188232,2
2,3.271944046020508,2
0,2.728212833404541,0
1,3.5329418182373047,1
3,3.2230710983276367,4
3,3.5372095108032227,8
1,3.5329465866088867,1
0,3.9608309268951416,5
2,2.728208065032959,0
2,4.324206829071045,3
0,3.736621379852295,9
3,2.894458293914795,7
1,2.884026050567627,6
3,4.324207305908203,3
2,3.2231125831604004,4
1,2.728327512741089,0
0,3.2618765830993652,2
0,2.8840250968933105,6
2,3.537182569503784,8
1,3.736621141433716,9
3,2.894458532333374,7
3,3.53271484375,1
2,3.9600422382354736,5
0,2.8840956687927246,6
1,3.7366583347320557,9
0,4.324284076690674,3
2,2.728445529937744,0
1,2.8945250511169434,7
3,3.261934995651245,2
3,3.5372142791748047,8
0,3.5326316356658936,1
1,3.223041534423828,4
2,3.9599499702453613,5
3,2.8838367462158203,6
2,3.223041534423828,4
0,2.728445529937744,0
1,3.9599499702453613,5
0,3.2623236179351807,2
3,3.5325231552124023,1
2,3.5372366905212402,8
1,2.894735336303711,7
1,4.3245530128479,3
0,3.7366561889648438,9
2,3.7366557121276855,9
3,2.8838229179382324,6
3,3.262279748916626,2
2,3.5372352600097656,8
0,3.9580273628234863,5
1,3.532520294189453,1
2,4.324552059173584,3
3,2.7285056114196777,0
0,2.894752025604248,7
1,3.2230262756347656,4
3,2.883754253387451,6
1,3.532435417175293,1
2,2.8947222232818604,7
0,3.95790958404541,5
0,2.7285008430480957,0
2,3.252089262008667,2
3,4.324617862701416,3
1,3.736572265625,9
3,3.5324342250823975,1
0,3.537257671356201,8
2,2.894740581512451,7
1,3.2230963706970215,4
2,3.537205696105957,8
0,2.728647470474243,0
3,3.7364208698272705,9
1,4.32474422454834,3
2,3.9579153060913086,5
3,3.2522616386413574,2
0,3.222975969314575,4
1,2.8832473754882812,6
3,2.8832473754882812,6
1,3.5323081016540527,1
0,2.894704818725586,7
2,3.7364649772644043,9
2,4.324709415435791,3
3,3.9579005241394043,5
0,3.53718900680542,8
1,2.728656530380249,0
0,2.8831987380981445,6
3,3.5322072505950928,1
1,3.252612829208374,2
2,3.222944974899292,4
0,2.894723415374756,7
2,3.252504587173462,2
1,3.9579172134399414,5
3,2.7286391258239746,0
3,4.324673175811768,3
2,3.736320972442627,9
0,3.222923755645752,4
1,3.537144422531128,8
1,3.957817316055298,5
2,2.894688367843628,7
0,3.537156581878662,8
3,3.736175775527954,9
3,4.3247599601745605,3
2,2.72860050201416,0
1,2.88297176361084,6
0,3.223003387451172,4
0,3.2383012771606445,2
3,3.9578166007995605,5
1,2.72860050201416,0
2,3.5321218967437744,1
3,3.736206293106079,9
0,2.882812738418579,6
2,3.5371551513671875,8
1,3.238267183303833,2
3,4.324737071990967,3
0,3.5320897102355957,1
2,3.2229504585266113,4
1,2.8947339057922363,7
0,4.324736595153809,3
2,3.5320897102355957,1
3,3.7361674308776855,9
1,3.2229514122009277,4
3,3.237384796142578,2
0,2.882605791091919,6
1,3.9578280448913574,5
2,2.728604793548584,0
2,2.894768714904785,7
3,3.5371346473693848,8
1,2.7285819053649902,0
0,3.5320332050323486,1
2,3.2374138832092285,2
3,3.7360270023345947,9
0,3.957814931869507,5
1,3.5371341705322266,8
2,4.324642181396484,3
1,2.8825783729553223,6
0,3.2228097915649414,4
3,2.894768714904785,7
1,2.882418155670166,6
0,3.736057758331299,9
2,2.7285983562469482,0
3,3.2227840423583984,4
2,3.5320069789886475,1
1,3.957829236984253,5
3,2.8947765827178955,7
0,3.537118911743164,8
3,3.5320067405700684,1
0,4.324605941772461,3
2,3.736027240753174,9
1,3.2373626232147217,2
1,3.2282066345214844,2
2,2.8947763442993164,7
3,2.7285852432250977,0
0,4.324605941772461,3
0,2.8823580741882324,6
3,3.9578285217285156,5
2,3.5370888710021973,8
1,3.2226874828338623,4
2,3.228390693664551,2
3,3.9578285217285156,5
0,2.894742965698242,7
1,3.222687244415283,4
0,2.882357597351074,6
3,3.537088632583618,8
1,2.7285573482513428,0
2,4.324567794799805,3
0,3.5318939685821533,1
3,2.89451265335083,7
2,3.7356984615325928,9
1,2.8821139335632324,6
3,3.95951771736145,5
0,2.7285003662109375,0
1,3.222593069076538,4
2,3.5318288803100586,1
2,4.324339866638184,3
1,3.7355756759643555,9
0,3.5370242595672607,8
3,3.2283384799957275,2
3,3.5370235443115234,8
1,3.228342056274414,2
2,3.73557448387146,9
0,3.9595155715942383,5
3,4.324300289154053,3
2,2.7284722328186035,0
0,3.5317611694335938,1
1,3.2225682735443115,4
3,2.8820371627807617,6
2,2.89447021484375,7
1,2.894469976425171,7
0,3.531761646270752,1
0,4.324300289154053,3
3,3.7354507446289062,9
1,2.7284719944000244,0
2,3.9595162868499756,5
3,2.8820338249206543,6
2,3.228536367416382,2
1,3.536980152130127,8
0,3.222553253173828,4
2,2.894451141357422,7
0,3.5316779613494873,1
1,3.972019672393799,5
3,3.735307216644287,9
3,3.214509963989258,2
2,4.324195861816406,3
0,2.7284088134765625,0
1,3.5369439125061035,8
3,2.881998062133789,6
2,2.881998062133789,6
0,3.5316450595855713,1
1,3.222653388977051,4
0,3.735027313232422,9
3,4.324172496795654,3
1,3.2226314544677734,4
2,2.728379964828491,0
2,3.213728427886963,2
1,3.97198486328125,5
3,2.8943824768066406,7
0,3.5369038581848145,8
0,2.8819284439086914,6
2,3.536872148513794,8
1,3.734764814376831,9
3,3.5314888954162598,1
2,4.32407283782959,3
3,2.728329658508301,0
0,2.894367218017578,7
1,3.2224974632263184,4
3,3.214146852493286,2
2,3.734548568725586,9
1,3.9719362258911133,5
0,4.324016094207764,3
0,2.8818447589874268,6
1,3.2141222953796387,2
3,2.8942699432373047,7
2,3.971933603286743,5
3,3.5313210487365723,1
0,3.5367836952209473,8
2,2.728285312652588,0
1,3.2229819297790527,4
0,4.324007511138916,3
1,3.1925134658813477,2
2,3.5313210487365723,1
3,2.8942952156066895,7
0,2.8817684650421143,6
2,3.971935272216797,5
3,2.7282683849334717,0
1,3.223012924194336,4
3,4.323968887329102,3
0,3.7344043254852295,9
1,3.5367422103881836,8
2,3.1926913261413574,2
3,2.881743907928467,6
2,2.7282395362854004,0
1,3.9719128608703613,5
0,3.2230260372161865,4
0,3.73427152633667,9
1,3.536698818206787,8
2,2.8941941261291504,7
3,3.531163215637207,1
3,2.881709575653076,6
0,3.531161069869995,1
2,3.9719021320343018,5
1,2.7282347679138184,0
0,4.323826789855957,3
1,3.536663055419922,8
2,3.2231602668762207,4
3,3.7340002059936523,9
2,3.178861141204834,2
1,3.531060218811035,1
3,2.8941400051116943,7
0,3.7339870929718018,9
1,3.971872329711914,5
2,4.3237714767456055,3
3,2.8940911293029785,7
0,3.536627769470215,8
1,2.8816304206848145,6
2,3.178831100463867,2
0,2.728152275085449,0
3,3.223111391067505,4
0,2.7280867099761963,0
3,2.894011974334717,7
1,3.971806049346924,5
2,3.2230136394500732,4
1,4.240830421447754,3
2,3.7334907054901123,9
0,3.178264856338501,2
3,3.530792236328125,1
3,3.5364580154418945,8
0,2.7280521392822266,0
2,3.536458969116211,8
1,2.881497383117676,6
3,4.240795612335205,3
2,2.881495952606201,6
0,3.9717764854431152,5
1,3.1680307388305664,2
0,3.7329068183898926,9
1,3.530559539794922,1
3,3.2229156494140625,4
2,2.893932819366455,7
2,3.166337013244629,2
1,2.893932819366455,7
3,3.7329061031341553,9
0,3.5364091396331787,8
3,3.530482292175293,1
1,3.9717559814453125,5
2,4.240592002868652,3
0,2.7279815673828125,0
2,3.5304484367370605,1
0,3.1657543182373047,2
1,3.2228310108184814,4
3,2.8813579082489014,6
1,2.881289482116699,6
2,3.9717354774475098,5
3,3.5363106727600098,8
0,2.727936029434204,0
1,4.2404608726501465,3
2,3.7324700355529785,9
3,2.893857955932617,7
0,3.2228331565856934,4
3,3.5302722454071045,1
1,3.9717166423797607,5
2,3.7323336601257324,9
0,3.5362558364868164,8
3,2.881196975708008,6
0,4.240347385406494,3
2,2.727863311767578,0
1,3.223066806793213,4
0,3.1544835567474365,2
2,3.5302186012268066,1
3,2.8938729763031006,7
1,3.5363337993621826,8
3,3.7319891452789307,9
0,2.7273380756378174,0
1,3.2231082916259766,4
2,3.1543264389038086,2
1,2.8810696601867676,6
2,4.240257263183594,3
3,3.971651077270508,5
0,2.893812656402588,7
3,4.240244388580322,3
0,2.893812417984009,7
1,3.536299228668213,8
2,3.223343849182129,4
3,2.8810043334960938,6
2,3.731628179550171,9
0,3.971613883972168,5
1,2.7272610664367676,0
1,3.1454226970672607,2
2,3.1454219818115234,2
0,3.5300474166870117,1
3,3.5300469398498535,1
3,2.880932331085205,6
2,4.240084171295166,3
1,2.8937020301818848,7
0,3.731477737426758,9
1,3.971564769744873,5
2,3.223273992538452,4
3,3.5362143516540527,8
0,2.7272138595581055,0
1,3.5298519134521484,1
3,3.7311851978302,9
0,3.2231991291046143,4
2,2.893606185913086,7
1,2.880861759185791,6
3,3.145059585571289,2
0,4.239975929260254,3
2,2.727163076400757,0
1,3.5298192501068115,1
0,2.8808279037475586,6
3,3.971550464630127,5
2,3.536144495010376,8
3,3.536144733428955,8
0,3.971534252166748,5
1,4.239935398101807,3
2,3.1381053924560547,2
1,3.7311182022094727,9
3,2.727139949798584,0
2,2.8935458660125732,7
0,3.2234745025634766,4
2,3.1379899978637695,2
1,3.7310879230499268,9
3,3.5361199378967285,8
0,3.22344970703125,4
2,3.529745101928711,1
0,3.971519947052002,5
3,2.7271244525909424,0
1,2.8935251235961914,7
2,2.8807573318481445,6
1,4.239882946014404,3
0,2.893524646759033,7
3,4.239882946014404,3
1,2.8807201385498047,6
2,3.971480369567871,5
0,3.7308969497680664,9
3,3.529675006866455,1
3,3.132166862487793,2
2,3.536068916320801,8
1,2.7270896434783936,0
0,3.223637580871582,4
3,3.7308425903320312,9
2,2.8934543132781982,7
1,3.2236509323120117,4
0,3.132171630859375,2
1,3.529629707336426,1
3,4.23976993560791,3
0,2.7270638942718506,0
2,3.536039352416992,8
3,3.971424102783203,5
1,2.8806381225585938,6
2,3.7306480407714844,9
0,3.1315834522247314,2
0,3.971423864364624,5
2,3.53600811958313,8
1,3.529557704925537,1
3,3.2235641479492188,4
0,2.8805880546569824,6
3,2.726989269256592,0
2,4.2396392822265625,3
1,2.89338755607605,7
1,3.131601572036743,2
2,3.7305099964141846,9
0,3.971400022506714,5
3,3.535966396331787,8
3,2.880587577819824,6
1,2.8933873176574707,7
2,2.7269856929779053,0
0,3.2236170768737793,4
0,3.5294134616851807,1
1,2.8805484771728516,6
3,4.239555358886719,3
2,3.535935878753662,8
3,3.5294137001037598,1
1,2.893362283706665,7
2,3.7303225994110107,9
0,3.9713785648345947,5
3,3.1240882873535156,2
0,2.7269480228424072,0
1,4.239534378051758,3
2,3.223573684692383,4
3,2.880497455596924,6
1,2.893325090408325,7
2,3.1242599487304688,2
0,3.205026865005493,4
2,4.239509105682373,3
3,3.730194091796875,9
1,3.5358941555023193,8
0,3.5293359756469727,1
2,3.9713525772094727,5
3,3.5293126106262207,1
1,3.730189800262451,9
0,2.726901054382324,0
0,3.124013900756836,2
3,2.7268755435943604,0
2,3.535846710205078,8
1,2.8804478645324707,6
1,4.2394185066223145,3
2,3.971336841583252,5
3,2.893260955810547,7
0,3.204948902130127,4
0,4.239417552947998,3
3,3.5292229652404785,1
2,2.880446434020996,6
1,3.7299294471740723,9
0,2.7268521785736084,0
2,3.119710922241211,2
3,3.5358264446258545,8
1,2.8932695388793945,7
2,2.8804221153259277,6
0,3.9713218212127686,5
3,3.1196744441986084,2
1,3.2051291465759277,4
1,3.529191493988037,1
0,3.7298853397369385,9
2,3.205129623413086,4
3,4.239394187927246,3
0,2.8932814598083496,7
3,3.5357823371887207,8
2,2.7268223762512207,0
1,3.971325397491455,5
3,2.726818561553955,0
2,3.1196937561035156,2
0,3.5291452407836914,1
1,3.205090284347534,4
2,3.971318483352661,5
1,4.239362716674805,3
3,2.893279552459717,7
0,3.5357823371887207,8
0,2.880342483520508,6
2,2.8933067321777344,7
1,3.7298154830932617,9
3,2.726813793182373,0
3,3.1197290420532227,2
0,4.239332675933838,3
2,3.20511531829834,4
1,3.729792594909668,9
2,2.8803420066833496,6
0,3.5290985107421875,1
3,3.971313714981079,5
1,3.535750389099121,8
1,2.8803272247314453,6
3,3.205108165740967,4
0,4.239309787750244,3
2,3.9712939262390137,5
0,3.5290658473968506,1
2,2.726774215698242,0
3,3.5357255935668945,8
1,3.119738817214966,2
1,3.729750871658325,9
0,3.115886688232422,2
3,3.205308675765991,4
2,2.8933026790618896,7
3,3.5357255935668945,8
1,3.729741096496582,9
2,3.5290632247924805,1
0,2.8933005332946777,7
1,2.880244493484497,6
0,3.971292495727539,5
2,4.2392497062683105,3
3,2.726760149002075,0
2,2.8932862281799316,7
3,3.9712789058685303,5
1,3.5289859771728516,1
0,3.535687208175659,8
3,3.729462146759033,9
2,2.880244493484497,6
0,4.239200115203857,3
1,3.2051806449890137,4
2,2.7266831398010254,0
1,3.1159348487854004,2
3,3.115734577178955,2
0,2.7266833782196045,0
3,3.971261978149414,5
2,3.5288825035095215,1
0,3.5356392860412598,8
1,3.7293570041656494,9
1,2.8801751136779785,6
2,3.205211639404297,4
0,4.239144325256348,3
3,2.893254280090332,7
1,3.729340076446533,9
2,3.971254587173462,5
0,3.5288801193237305,1
3,3.535640239715576,8
0,3.115936756134033,2
3,2.880128860473633,6
1,4.239101409912109,3
2,2.7266619205474854,0
0,3.528838634490967,1
2,3.2052297592163086,4
3,3.7293083667755127,9
1,2.8932647705078125,7
1,3.971240997314453,5
3,3.20538330078125,4
0,3.5356082916259766,8
2,2.7266623973846436,0
0,4.239068508148193,3
1,2.8932881355285645,7
2,2.8800859451293945,6
3,3.112354040145874,2
3,3.112354040145874,2
2,2.7266459465026855,0
1,3.2054054737091064,4
0,2.8800859451293945,6
2,3.9712274074554443,5
1,4.239068031311035,3
3,3.5355796813964844,8
0,2.893277406692505,7
1,2.8800675868988037,6
2,3.729269027709961,9
0,3.5287857055664062,1
3,3.9712510108947754,5
3,3.729235887527466,9
1,3.5287833213806152,1
2,3.5355782508850098,8
0,3.2054476737976074,4
2,3.1123640537261963,2
1,2.893321990966797,7
3,4.238868713378906,3
0,2.7266416549682617,0
0,3.9712278842926025,5
2,2.893367290496826,7
1,3.535562515258789,8
3,3.7292044162750244,9
3,4.238829612731934,3
0,3.2054100036621094,4
2,3.112391948699951,2
1,2.726614475250244,0
2,2.8800249099731445,6
3,3.5287508964538574,1
0,3.72917103767395,9
1,2.8800249099731445,6
3,2.726606845855713,0
0,3.112403392791748,2
2,3.2053942680358887,4
1,4.23881721496582,3
2,3.971202850341797,5
3,3.5287280082702637,1
0,3.5355396270751953,8
1,2.8933916091918945,7
0,4.238809585571289,3
2,3.5287280082702637,1
1,3.205578565597534,4
3,2.8933911323547363,7
1,3.535536289215088,8
2,3.7291224002838135,9
3,2.726586103439331,0
0,3.971198081970215,5
1,3.1089987754821777,2
0,2.8800008296966553,6
3,3.5287132263183594,1
2,3.5355300903320312,8
1,2.8800008296966553,6
3,3.729094982147217,9
0,2.893388271331787,7
2,3.1089987754821777,2
2,3.971198081970215,5
1,4.238790512084961,3
3,2.7265710830688477,0
0,3.2055552005767822,4
2,3.5286970138549805,1
3,4.238790512084961,3
0,3.205556869506836,4
1,2.8799986839294434,6
2,3.971179962158203,5
3,2.893347978591919,7
1,3.7290680408477783,9
0,3.1089868545532227,2
0,3.5355241298675537,8
3,3.205547332763672,4
1,2.726560115814209,0
2,2.726560115814209,0
0,3.729055643081665,9
3,2.893310785293579,7
2,3.5355148315429688,8
1,2.879992723464966,6
2,3.5286812782287598,1
3,3.971181869506836,5
0,4.2387800216674805,3
1,3.109006643295288,2
1,4.238773345947266,3
0,3.7290380001068115,9
2,3.9711740016937256,5
3,2.8933072090148926,7
2,3.106306552886963,2
3,3.528660774230957,1
0,3.2056994438171387,4
1,2.8799757957458496,6
2,2.8799760341644287,6
0,2.7265429496765137,0
3,2.7265429496765137,0
1,3.5355019569396973,8
2,3.971191883087158,5
1,3.7290565967559814,9
3,3.528660774230957,1
0,3.535501003265381,8
2,3.2056946754455566,4
3,2.8933005332946777,7
1,3.1062676906585693,2
0,4.238736629486084,3
2,4.23873233795166,3
1,3.971191167831421,5
3,2.8932814598083496,7
0,2.7265543937683105,0
0,2.8797922134399414,6
3,3.7290186882019043,9
2,3.528632402420044,1
1,3.535482168197632,8
2,4.238732814788818,3
3,3.106295585632324,2
1,3.106295585632324,2
0,3.205690860748291,4
3,2.8932583332061768,7
1,3.5354535579681396,8
0,3.728910446166992,9
2,2.879537582397461,6
2,3.528571605682373,1
3,3.2055139541625977,4
1,3.9711921215057373,5
0,2.7265496253967285,0
1,2.879537343978882,6
2,2.8932583332061768,7
3,3.535454034805298,8
0,3.1059701442718506,2
0,3.971205711364746,5
2,3.7289199829101562,9
1,2.7265572547912598,0
3,3.5285558700561523,1
2,3.1027259826660156,2
3,4.238607883453369,3
1,3.2056896686553955,4
0,3.2056894302368164,4
0,4.238607883453369,3
2,3.5285494327545166,1
3,2.726555585861206,0
1,2.893261671066284,7
1,2.879365921020508,6
3,3.9711971282958984,5
0,3.5354397296905518,8
2,3.7289130687713623,9
3,3.2056846618652344,4
2,3.535414218902588,8
1,3.7289090156555176,9
0,3.5285115242004395,1
0,3.1026298999786377,2
3,4.238566875457764,3
2,2.8791751861572266,6
1,2.893275737762451,7
2,3.5285115242004395,1
3,3.9712131023406982,5
1,2.7265572547912598,0
0,2.893275499343872,7
2,2.879176616668701,6
3,3.1026268005371094,2
0,4.238560676574707,3
1,3.205674171447754,4
3,3.535397529602051,8
0,2.726545810699463,0
2,3.728766679763794,9
1,3.971221923828125,5
2,4.238495826721191,3
3,3.2055346965789795,4
0,2.726545810699463,0
1,3.5353970527648926,8
3,2.8790037631988525,6
0,2.893267869949341,7
1,3.5284619331359863,1
2,3.728767156600952,9
2,4.238489627838135,3
0,3.099334239959717,2
1,2.8789923191070557,6
3,3.971222162246704,5
3,2.72654128074646,0
0,3.9712305068969727,5
2,3.2056803703308105,4
1,3.099231243133545,2
0,3.7287473678588867,9
3,3.5284371376037598,1
1,3.535383701324463,8
2,2.893279552459717,7
3,3.971230983734131,5
2,2.8788185119628906,6
0,3.5353708267211914,8
1,2.7265360355377197,0
3,4.238396644592285,3
2,3.098890781402588,2
1,3.7285990715026855,9
0,3.2055323123931885,4
3,4.238396644592285,3
2,3.52838397026062,1
0,2.8932271003723145,7
1,3.528384208679199,1
0,3.728578567504883,9
2,3.9712352752685547,5
3,3.5353541374206543,8
1,2.726522922515869,0
2,3.098896026611328,2
3,2.8786420822143555,6
0,3.205521821975708,4
1,2.8931996822357178,7
0,3.9712142944335938,5
3,3.0988149642944336,2
2,3.5353546142578125,8
1,3.2054977416992188,4
2,4.2383809089660645,3
0,3.5283548831939697,1
3,2.8931915760040283,7
1,3.728549003601074,9
3,4.238375186920166,3
2,2.8786256313323975,6
0,2.7265007495880127,0
1,2.7265002727508545,0
2,2.893167495727539,7
1,3.9712109565734863,5
0,3.7285265922546387,9
3,3.205484628677368,4
3,3.5283303260803223,1
1,3.0960540771484375,2
2,2.8786253929138184,6
0,3.5353405475616455,8
2,4.238348484039307,3
0,3.728475332260132,9
1,3.205653667449951,4
3,3.528308391571045,1
2,2.8786120414733887,6
3,3.5353260040283203,8
1,3.0960607528686523,2
0,3.9711971282958984,5
1,3.528308868408203,1
2,2.7264716625213623,0
3,3.205655097961426,4
0,2.8931472301483154,7
0,3.9711718559265137,5
3,4.238289833068848,3
1,2.878605842590332,6
2,3.7283055782318115,9
0,3.095813274383545,2
2,2.7264320850372314,0
3,2.893105983734131,7
1,3.535308361053467,8
3,2.878587245941162,6
1,3.095813274383545,2
2,3.205522060394287,4
0,2.893105983734131,7
0,3.528252601623535,1
3,3.9711732864379883,5
2,4.238288402557373,3
1,2.7264320850372314,0
2,3.5282273292541504,1
0,3.7282495498657227,9
3,3.7282493114471436,9
1,3.535292148590088,8
3,3.9711663722991943,5
2,2.7264151573181152,0
0,3.0958189964294434,2
1,2.893098831176758,7
2,3.205265760421753,4
1,3.535292148590088,8
0,4.238269329071045,3
3,2.8785653114318848,6
3,4.238198280334473,3
2,3.0926921367645264,2
0,3.971139907836914,5
1,2.89308500289917,7
3,2.726377248764038,0
1,2.878547430038452,6
0,3.205376386642456,4
2,3.528167486190796,1
2,3.728060722351074,9
3,3.5352697372436523,8
0,3.528167247772217,1
1,3.205376625061035,4
2,4.238197326660156,3
3,2.8785438537597656,6
0,2.726372003555298,0
1,3.535269260406494,8
3,2.89308500289917,7
2,3.0926458835601807,2
0,3.9711434841156006,5
1,3.728040933609009,9
2,3.0926246643066406,2
0,3.9711434841156006,5
3,2.726367950439453,0
1,3.7280404567718506,9
3,3.205324172973633,4
0,3.5352530479431152,8
2,3.5281455516815186,1
1,4.238166809082031,3
0,3.9711625576019287,5
3,2.893124580383301,7
2,2.893124580383301,7
1,2.8781886100769043,6
1,2.8781886100769043,6
2,3.7279014587402344,9
0,3.5352280139923096,8
3,3.2051949501037598,4
0,4.23809289932251,3
3,3.0922980308532715,2
2,3.528089761734009,1
1,2.726353406906128,0
2,3.5351972579956055,8
1,3.205139636993408,4
0,3.092294692993164,2
3,3.971144437789917,5
2,4.238067150115967,3
3,2.8780155181884766,6
0,2.726370096206665,0
1,2.8931469917297363,7
2,3.72790789604187,9
3,2.8931469917297363,7
1,3.528029441833496,1
0,2.7263665199279785,0
3,2.8780148029327393,6
2,3.9711899757385254,5
0,4.238076210021973,3
1,3.088068962097168,2
3,3.5351905822753906,8
1,3.528017044067383,1
2,3.205228567123413,4
0,3.7278828620910645,9
0,3.971193313598633,5
2,3.527984380722046,1
3,3.2050883769989014,4
1,3.087775707244873,2
0,4.238015651702881,3
3,2.893151044845581,7
2,3.727755069732666,9
1,2.7263474464416504,0
2,2.7263383865356445,0
3,3.5351738929748535,8
0,3.5279688835144043,1
1,2.8778419494628906,6
3,3.205047130584717,4
0,3.5351743698120117,8
1,3.087691307067871,2
2,3.72769832611084,9
0,4.237992286682129,3
3,2.8778412342071533,6
2,2.8931660652160645,7
1,3.9711644649505615,5
2,2.8931522369384766,7
1,3.971055746078491,5
3,3.204986810684204,4
0,3.0876848697662354,2
0,2.877808094024658,6
2,4.238083362579346,3
3,2.726320743560791,0
1,3.535223960876465,8
3,3.7275166511535645,9
0,3.5278983116149902,1
1,3.7275168895721436,9
2,3.971035957336426,5
2,2.8777918815612793,6
1,4.23803186416626,3
3,3.2055282592773438,4
0,2.726292610168457,0
3,3.527872323989868,1
1,3.0809407234191895,2
0,3.5352025032043457,8
2,2.8931431770324707,7
2,3.080887794494629,2
0,2.8931429386138916,7
3,3.535202980041504,8
1,4.238031387329102,3
3,3.9709887504577637,5
0,3.5278549194335938,1
2,3.2055182456970215,4
1,2.726284980773926,0
3,3.72745943069458,9
1,2.877777338027954,6
2,3.97098970413208,5
0,3.535186767578125,8
0,3.727459192276001,9
3,3.2055160999298096,4
1,2.8777763843536377,6
2,2.726285219192505,0
3,3.080894947052002,2
0,2.893096923828125,7
2,4.238009452819824,3
1,3.527832508087158,1
3,3.080909252166748,2
2,3.727407932281494,9
0,3.205453395843506,4
1,2.8930959701538086,7
0,3.527822494506836,1
2,2.726264238357544,0
3,2.877777576446533,6
1,4.238014221191406,3
3,2.8930959701538086,7
0,2.726264238357544,0
2,3.5351805686950684,8
1,3.9709649085998535,5
0,2.877777576446533,6
2,3.535172462463379,8
3,4.237970352172852,3
1,3.970935821533203,5
1,3.7272231578826904,9
3,3.205580711364746,4
2,3.0775139331817627,2
0,3.527775764465332,1
2,3.077514171600342,2
0,2.877776622772217,6
1,2.893057107925415,7
3,3.5277762413024902,1
0,4.237991809844971,3
3,3.727198600769043,9
2,2.7262279987335205,0
1,3.970935821533203,5
2,3.727160692214966,9
3,2.8777809143066406,6
0,3.535174608230591,8
1,3.2054853439331055,4
2,2.7262017726898193,0
3,3.0774643421173096,2
1,3.53517484664917,8
0,3.2054853439331055,4
3,3.970907688140869,5
0,2.893040657043457,7
1,4.237978935241699,3
2,3.5277626514434814,1
2,3.5277457237243652,1
0,2.7261786460876465,0
1,4.237963676452637,3
3,2.893037796020508,7
1,2.8777737617492676,6
2,3.7271034717559814,9
0,3.535170555114746,8
3,3.9709041118621826,5
1,3.077439069747925,2
2,3.9709038734436035,5
0,3.077439069747925,2
3,3.20540714263916,4
2,3.727079153060913,9
3,3.5352296829223633,8
1,2.877748966217041,6
0,2.726177215576172,0
3,2.892937421798706,7
2,3.527681827545166,1
1,3.2055306434631348,4
0,4.238009929656982,3
0,3.527681350708008,1
2,3.970792770385742,5
3,2.8929381370544434,7
1,3.535226345062256,8
3,3.074720859527588,2
2,4.238109111785889,3
0,3.726893663406372,9
1,3.205446481704712,4
1,2.877720355987549,6
0,2.7261550426483154,0
2,3.074714183807373,2
3,3.205446481704712,4
3,2.877720355987549,6
2,2.7261414527893066,0
0,4.238090991973877,3
1,3.535283327102661,8
2,3.527602195739746,1
0,3.72683048248291,9
3,2.8928139209747314,7
1,3.970571517944336,5
3,2.877692222595215,6
0,4.238194465637207,3
1,3.970564365386963,5
2,3.0745506286621094,2
0,3.5275676250457764,1
2,3.2052228450775146,4
3,3.5353128910064697,8
1,2.892782211303711,7
2,3.0743205547332764,2
1,2.7262747287750244,0
0,2.892719268798828,7
3,3.726722478866577,9
2,4.238200664520264,3
3,3.9704055786132812,5
0,3.5275301933288574,1
1,3.726722478866577,9
2,3.2051167488098145,4
1,2.877664804458618,6
0,3.535475015640259,8
3,2.7262706756591797,0
3,3.5275516510009766,1
2,4.238259792327881,3
1,2.8927135467529297,7
0,3.9702603816986084,5
0,3.0712127685546875,2
3,2.7262113094329834,0
2,3.7267849445343018,9
1,3.205472946166992,4
3,2.7262072563171387,0
0,2.877643585205078,6
1,3.53572416305542,8
2,3.7267746925354004,9
0,2.8776328563690186,6
2,4.238322734832764,3
1,3.5275259017944336,1
3,3.9701242446899414,5
2,3.0709588527679443,2
3,2.8926706314086914,7
0,3.535897731781006,8
1,3.205322742462158,4
0,3.0709588527679443,2
3,3.205322742462158,4
2,3.726828098297119,9
1,2.8776330947875977,6
2,4.23832368850708,3
3,3.970114231109619,5
1,3.5358986854553223,8
0,2.892662525177002,7
1,4.238301753997803,3
2,3.527512550354004,1
0,2.726513385772705,0
3,3.527512550354004,1
0,2.877642869949341,6
3,3.970069646835327,5
2,3.726871967315674,9
1,3.2052271366119385,4
0,3.070709228515625,2
3,2.8926563262939453,7
1,2.726511240005493,0
2,3.536005973815918,8
3,4.238240718841553,3
2,3.536109447479248,8
1,2.892618179321289,7
0,3.7267794609069824,9
3,3.068486213684082,2
2,3.970017194747925,5
0,3.527468204498291,1
1,3.20530104637146,4
1,2.877640962600708,6
2,2.892618179321289,7
3,3.7267794609069824,9
0,2.726649761199951,0
0,4.238308906555176,3
2,3.5274457931518555,1
1,2.726820945739746,0
3,3.536276340484619,8
2,3.068174123764038,2
3,2.8776121139526367,6
0,3.9698667526245117,5
1,3.205193519592285,4
2,2.726814031600952,0
1,2.8776121139526367,6
0,2.892575263977051,7
3,3.7268471717834473,9
3,3.5362753868103027,8
0,4.238298416137695,3
1,3.068174123764038,2
2,3.527442455291748,1
0,3.536496162414551,8
3,2.7267446517944336,0
2,3.9697256088256836,5
1,3.205141067504883,4
2,4.23833703994751,3
0,3.5274062156677246,1
1,3.2051315307617188,4
3,3.726813316345215,9
3,3.0681700706481934,2
2,3.9697229862213135,5
0,2.877567768096924,6
1,2.8925209045410156,7
3,2.877568244934082,6
2,2.726740598678589,0
1,3.7268130779266357,9
0,4.238336563110352,3
3,3.0658764839172363,2
2,3.969578742980957,5
1,2.8924272060394287,7
0,3.5273308753967285,1
3,3.2054667472839355,4
1,3.527327299118042,1
2,3.536640167236328,8
0,3.2054672241210938,4
3,4.238375186920166,3
2,2.892439842224121,7
0,2.726909875869751,0
1,3.0658745765686035,2
3,3.969558000564575,5
0,2.8773622512817383,6
2,3.5367934703826904,8
1,3.7267725467681885,9
2,2.877331256866455,6
3,3.5367932319641113,8
0,2.727062463760376,0
1,3.5272586345672607,1
2,3.9694766998291016,5
0,3.0657074451446533,2
3,2.8923397064208984,7
1,3.7266640663146973,9
3,3.527224540710449,1
0,2.7270560264587402,0
1,4.238352298736572,3
2,3.2051658630371094,4
2,3.536928653717041,8
3,3.065657138824463,2
1,2.892259120941162,7
0,4.238403797149658,3
0,2.877040386199951,6
2,3.969326972961426,5
1,3.726592540740967,9
3,3.2050344944000244,4
3,2.876877784729004,6
1,2.892271041870117,7
0,2.7272114753723145,0
2,3.5369277000427246,8
2,3.204951047897339,4
1,3.065633773803711,2
3,3.7266077995300293,9
0,4.238470077514648,3
3,3.5271058082580566,1
2,3.72660756111145,9
1,2.7272040843963623,0
0,3.969252824783325,5
3,4.238409996032715,3
0,3.0639591217041016,2
2,3.9692325592041016,5
1,2.892209768295288,7
0,2.8768138885498047,6
2,3.527064800262451,1
3,3.2050082683563232,4
1,3.536980628967285,8
3,3.063971996307373,2
2,2.8921852111816406,7
0,3.527064800262451,1
1,4.238540172576904,3
2,3.726388692855835,9
3,2.8768138885498047,6
1,3.2050089836120605,4
0,3.5369808673858643,8
0,3.969144344329834,5
2,2.727142572402954,0
3,3.5369925498962402,8
1,3.2049174308776855,4
3,3.063958168029785,2
0,3.7263331413269043,9
2,2.8768110275268555,6
1,4.23854398727417,3
0,3.5270583629608154,1
2,2.8921782970428467,7
1,2.727133274078369,0
3,3.969144344329834,5
1,2.876811981201172,6
2,3.2049174308776855,4
0,3.726332664489746,9
3,3.536982536315918,8
3,3.5270228385925293,1
2,4.238622665405273,3
0,2.727113723754883,0
1,2.892136573791504,7
3,3.0623583793640137,2
2,3.205007553100586,4
1,3.969025135040283,5
0,3.7262797355651855,9
0,3.969025135040283,5
1,3.062358856201172,2
2,2.892134189605713,7
3,2.8767871856689453,6
0,4.238559722900391,3
2,2.7270805835723877,0
3,3.5370240211486816,8
1,3.5269722938537598,1
2,3.204866409301758,4
1,4.238560199737549,3
0,3.72609806060791,9
3,3.968999147415161,5
3,3.062293291091919,2
1,3.5370235443115234,8
0,2.892119884490967,7
2,2.727080821990967,0
2,3.5269722938537598,1
3,2.87677001953125,6
0,3.5370230674743652,8
1,2.87677001953125,6
2,3.726064920425415,9
3,3.526951551437378,1
1,3.204838275909424,4
0,4.23854398727417,3
3,2.892134189605713,7
0,3.968982696533203,5
2,2.7270660400390625,0
1,3.062300682067871,2
2,3.204838752746582,4
3,2.7270660400390625,0
1,3.537010431289673,8
0,3.526951789855957,1
0,4.2385430335998535,3
2,3.062302589416504,2
1,3.7260448932647705,9
3,2.892110824584961,7
3,2.8767356872558594,6
0,3.9689769744873047,5
2,3.9689743518829346,5
1,2.892108917236328,7
3,3.5269312858581543,1
2,3.204820156097412,4
1,2.876734733581543,6
0,3.5369982719421387,8
3,4.238533020019531,3
0,3.7260348796844482,9
1,3.0623276233673096,2
2,2.7270584106445312,0
2,2.7270290851593018,0
1,4.238482475280762,3
3,2.8767290115356445,6
0,3.0601983070373535,2
3,3.5268893241882324,1
2,2.8920583724975586,7
1,3.9689512252807617,5
0,3.205383777618408,4
2,3.725851058959961,9
0,3.72585129737854,9
1,3.9689505100250244,5
3,3.53698992729187,8
0,2.876707077026367,6
3,3.205335855484009,4
2,3.5369560718536377,8
1,2.727008819580078,0
3,3.0602223873138428,2
1,2.8920505046844482,7
0,4.238485336303711,3
2,3.5268607139587402,1
2,3.0602200031280518,2
3,2.8920397758483887,7
0,2.7269954681396484,0
1,3.2053122520446777,4
3,3.968939781188965,5
0,3.725775718688965,9
2,4.238466739654541,3
1,3.5369555950164795,8
1,3.5268373489379883,1
0,2.8766930103302,6
2,3.205298900604248,4
3,2.876692295074463,6
2,3.9689090251922607,5
0,3.725738525390625,9
1,3.0602331161499023,2
3,3.5268330574035645,1
2,4.238458633422852,3
3,3.5369458198547363,8
1,2.892031192779541,7
0,2.7269797325134277,0
2,4.238463878631592,3
3,2.892030715942383,7
0,2.7269773483276367,0
1,3.2052745819091797,4
1,3.9689016342163086,5
0,3.0602526664733887,2
2,3.7257180213928223,9
3,3.536932945251465,8
1,2.8766770362854004,6
3,3.5268125534057617,1
2,2.726973056793213,0
0,3.7257080078125,9
2,4.238470554351807,3
3,2.8920230865478516,7
0,3.060275077819824,2
1,3.20519757270813,4
0,2.876678466796875,6
2,3.968883991241455,5
3,3.5369327068328857,8
1,3.526805877685547,1
0,3.968883991241455,5
3,3.526805877685547,1
1,3.2056522369384766,4
2,2.8920230865478516,7
3,2.876702070236206,6
0,2.7269399166107178,0
2,3.7255353927612305,9
1,3.059183120727539,2
1,4.238441467285156,3
3,3.5369319915771484,8
2,3.5369319915771484,8
0,3.725518226623535,9
2,3.059211254119873,2
1,2.726933002471924,0
0,3.205484390258789,4
3,2.8919568061828613,7
0,2.876685619354248,6
2,3.5267720222473145,1
3,3.968867540359497,5
1,4.2384419441223145,3
2,4.238444805145264,3
3,3.536925792694092,8
1,3.9688563346862793,5
0,2.891922950744629,7
0,2.8766822814941406,6
3,3.059237003326416,2
2,3.5267534255981445,1
1,3.205390453338623,4
2,3.5267534255981445,1
3,3.7254862785339355,9
0,2.726916790008545,0
1,2.726917028427124,0
2,3.0592193603515625,2
3,3.205267906188965,4
0,2.876669406890869,6
1,3.536910057067871,8
3,3.968830108642578,5
2,2.8918752670288086,7
0,3.725325584411621,9
1,4.238394737243652,3
3,3.5267019271850586,1
1,3.968830108642578,5
2,2.876669406890869,6
0,2.7268905639648438,0
0,2.8918557167053223,7
3,3.205259323120117,4
1,3.059253215789795,2
2,3.7253036499023438,9
3,4.238386154174805,3
2,3.53688907623291,8
0,3.53688907623291,8
1,3.968818426132202,5
2,3.526681661605835,1
3,3.72530198097229,9
1,2.7268831729888916,0
0,3.205254554748535,4
0,2.8766531944274902,6
2,4.238422870635986,3
1,2.8918979167938232,7
3,3.059309959411621,2
2,3.5267038345336914,1
0,4.238413333892822,3
1,3.536775827407837,8
3,2.726719379425049,0
2,3.0593347549438477,2
1,3.9688525199890137,5
3,3.725288152694702,9
0,2.8766531944274902,6
3,2.891881227493286,7
2,3.536775827407837,8
0,3.205648183822632,4
1,3.526703357696533,1
0,4.238406181335449,3
1,2.8766298294067383,6
2,3.205632209777832,4
3,2.8918797969818115,7
3,3.7252445220947266,9
1,3.0586318969726562,2
2,3.968843460083008,5
0,2.726701259613037,0
1,2.726701259613037,0
2,4.238399505615234,3
0,3.0586323738098145,2
3,3.205625295639038,4
0,2.87662935256958,6
3,3.526679039001465,1
1,2.891876220703125,7
2,3.7252447605133057,9
1,3.2056541442871094,4
3,3.968874931335449,5
0,3.968874931335449,5
2,3.536648988723755,8
0,3.725210189819336,9
2,3.058713436126709,2
3,2.726529836654663,0
1,3.5266990661621094,1
2,2.8919148445129395,7
0,4.2384233474731445,3
3,3.536648988723755,8
1,2.87662410736084,6
0,3.5266716480255127,1
1,2.8766040802001953,6
2,4.238442897796631,3
3,3.7250938415527344,9
2,3.0590291023254395,2
3,3.5365207195281982,8
1,3.968900203704834,5
0,2.89193058013916,7
2,2.7263402938842773,0
1,2.8766040802001953,6
3,2.7263402938842773,0
0,3.2056658267974854,4
2,3.5266690254211426,1
3,3.5365211963653564,8
0,3.725083827972412,9
1,3.2056663036346436,4
2,2.8919191360473633,7
3,4.238417625427246,3
1,3.968900203704834,5
0,3.0592174530029297,2
3,3.968900203704834,5
0,3.536487102508545,8
1,3.7249791622161865,9
2,3.205648422241211,4
3,2.726314067840576,0
2,2.8919191360473633,7
0,3.0592174530029297,2
1,3.5266146659851074,1
2,4.238369464874268,3
0,2.8765687942504883,6
3,3.536484718322754,8
1,2.87656831741333,6
0,3.9688849449157715,5
3,3.7248096466064453,9
1,2.7262799739837646,0
2,3.205519437789917,4
0,3.0592026710510254,2
3,2.891911268234253,7
2,4.23835563659668,3
1,3.526562213897705,1
3,2.876544713973999,6
2,3.2058188915252686,4
0,3.526562213897705,1
1,3.5364668369293213,8
1,3.9688680171966553,5
2,2.7262771129608154,0
0,3.7248075008392334,9
3,4.23833703994751,3
1,3.058779239654541,2
0,2.891928195953369,7
2,2.8765225410461426,6
3,2.8919286727905273,7
3,3.058779239654541,2
1,3.7247891426086426,9
2,3.536282539367676,8
0,4.238370895385742,3
0,3.526543617248535,1
2,3.9689064025878906,5
3,3.2057957649230957,4
1,2.7263295650482178,0
0,3.526543140411377,1
3,3.058781623840332,2
2,2.8919453620910645,7
1,2.7263474464416504,0
0,2.876326560974121,6
3,4.23833703994751,3
1,3.968928337097168,5
2,3.205751419067383,4
3,4.23833703994751,3
1,3.0589706897735596,2
0,3.7247161865234375,9
2,3.5362510681152344,8
0,2.876326560974121,6
3,2.891934394836426,7
1,3.7247159481048584,9
2,3.205744981765747,4
3,2.7263095378875732,0
0,3.536247730255127,8
1,3.9689173698425293,5
2,3.5264816284179688,1
3,3.9689269065856934,5
2,2.891879081726074,7
0,2.8762929439544678,6
1,3.536221504211426,8
3,3.7245969772338867,9
0,3.526428461074829,1
2,3.2056922912597656,4
1,2.7262957096099854,0
2,4.238316535949707,3
0,2.8762922286987305,6
3,4.238316059112549,3
1,3.0591726303100586,2
2,3.526432752609253,1
1,3.0595571994781494,2
3,2.8919284343719482,7
0,3.7244620323181152,9
2,3.2057559490203857,4
3,3.968939781188965,5
1,2.725743293762207,0
0,3.536182403564453,8
2,4.2383131980896,3
0,2.8762500286102295,6
1,3.968932628631592,5
3,3.059556007385254,2
0,2.7257425785064697,0
3,2.8919248580932617,7
1,3.5361833572387695,8
2,3.2057576179504395,4
2,3.5437705516815186,1
3,2.724932909011841,0
0,3.5437705516815186,1
1,3.7243361473083496,9
2,2.8760030269622803,6
1,3.0599770545959473,2
0,2.892077922821045,7
3,3.72438383102417,9
0,4.23834228515625,3
1,3.5361177921295166,8
2,3.969008445739746,5
3,3.2058682441711426,4
0,4.2383551597595215,3
3,2.892127275466919,7
1,3.20597505569458,4
2,3.5361499786376953,8
3,2.8758134841918945,6
2,3.969043731689453,5
0,3.7243173122406006,9
1,2.7243270874023438,0
2,3.0601003170013428,2
1,3.543865919113159,1
3,3.0601003170013428,2
0,2.723949432373047,0
0,2.8921453952789307,7
2,3.20623779296875,4
1,3.5362472534179688,8
3,4.238299369812012,3
3,2.875764846801758,6
0,3.7242374420166016,9
1,3.543856620788574,1
2,3.969021797180176,5
1,3.9690017700195312,5
2,3.7242205142974854,9
3,3.2061710357666016,4
0,3.060133934020996,2
0,4.238311290740967,3
1,2.7238869667053223,0
3,3.536247730255127,8
2,2.8920812606811523,7
3,4.238310813903809,3
1,3.543846607208252,1
2,2.8757567405700684,6
0,3.536247730255127,8
1,2.8757400512695312,6
0,3.5438361167907715,1
2,2.8920633792877197,7
3,2.723860502243042,0
2,3.060206413269043,2
0,3.9690027236938477,5
1,3.724135398864746,9
3,3.206023931503296,4
1,3.543832778930664,1
0,3.724116802215576,9
3,3.206294059753418,4
2,3.968991994857788,5
0,4.238282680511475,3
3,3.0599169731140137,2
1,2.8757028579711914,6
2,2.8920583724975586,7
2,3.644869804382324,1
1,3.536231517791748,8
0,2.7238190174102783,0
3,3.53623104095459,8
2,4.238266468048096,3
0,3.968991279602051,5
3,2.723809003829956,0
1,2.8756752014160156,6
0,3.0599563121795654,2
2,3.7240262031555176,9
1,2.892038345336914,7
3,3.2059240341186523,4
3,4.238267421722412,3
0,3.059994697570801,2
2,2.8756656646728516,6
1,3.968997001647949,5
3,3.5362191200256348,8
1,2.723784923553467,0
2,2.892033338546753,7
0,3.644859790802002,1
2,3.723952531814575,9
3,3.2058300971984863,4
0,3.2058305740356445,4
1,2.723757743835449,0
3,3.7239441871643066,9
0,3.644850254058838,1
1,2.892037868499756,7
2,4.238257884979248,3
0,2.875628709793091,6
3,3.0600690841674805,2
2,3.9689884185791016,5
1,3.5362014770507812,8
0,3.0598039627075195,2
2,2.8756256103515625,6
1,3.6439104080200195,1
3,2.8920183181762695,7
3,3.9689769744873047,5
1,3.206033706665039,4
2,3.5361876487731934,8
0,2.723720073699951,0
0,4.238218784332275,3
3,3.7238597869873047,9
1,3.723860025405884,9
2,3.0598530769348145,2
0,3.9689812660217285,5
2,2.8919639587402344,7
3,2.7237043380737305,0
1,3.643886089324951,1
3,4.2382049560546875,3
1,2.8755574226379395,6
0,3.536170482635498,8
2,3.2060117721557617,4
1,3.968972682952881,5
2,3.643860340118408,1
0,2.891937255859375,7
3,3.5361571311950684,8
0,3.05993914604187,2
2,2.8755593299865723,6
3,4.238184928894043,3
1,3.205993413925171,4
3,4.238184928894043,3
2,3.7237699031829834,9
1,2.7236719131469727,0
0,3.7237699031829834,9
0,3.06002140045166,2
1,2.723666191101074,0
2,3.643815279006958,1
3,3.536123514175415,8
2,2.8754968643188477,6
3,3.968963623046875,5
0,2.8919053077697754,7
1,3.2060070037841797,4
0,3.536111831665039,8
1,2.891901969909668,7
3,3.9689650535583496,5
2,3.2059996128082275,4
1,3.723703145980835,9
3,3.059819459915161,2
2,3.642784595489502,1
0,2.723644733428955,0
0,4.238122463226318,3
1,2.875453472137451,6
2,3.7237024307250977,9
3,3.642782211303711,1
1,3.059861421585083,2
0,4.238096714019775,3
3,3.2062835693359375,4
2,3.5360541343688965,8
2,2.875415325164795,6
0,2.723632335662842,0
3,2.8918848037719727,7
1,3.9689431190490723,5
0,3.059882164001465,2
3,2.8753747940063477,6
1,3.9689300060272217,5
2,3.206207752227783,4
0,3.7235052585601807,9
1,2.723609209060669,0
2,3.536020278930664,8
3,2.8918566703796387,7
3,4.238007545471191,3
0,3.7234787940979004,9
2,3.9689290523529053,5
1,3.642721652984619,1
2,4.23800802230835,3
1,2.875338554382324,6
3,3.2062430381774902,4
0,3.059929609298706,2
3,3.535963535308838,8
1,2.723595380783081,0
0,3.64268159866333,1
2,2.8917791843414307,7
0,4.2379889488220215,3
3,3.72344708442688,9
1,3.5359644889831543,8
2,2.72359561920166,0
2,2.8752522468566895,6
3,3.968914270401001,5
1,2.891751527786255,7
0,3.206604242324829,4
2,3.0597968101501465,2
1,3.7234082221984863,9
0,3.641577959060669,1
3,3.641577959060669,1
1,3.060004711151123,2
0,2.7235708236694336,0
2,2.8917031288146973,7
3,3.2066445350646973,4
1,2.875199794769287,6
0,3.9689104557037354,5
3,3.5358948707580566,8
2,4.237922668457031,3
3,4.237889289855957,3
2,3.6414356231689453,1
0,3.2066667079925537,4
1,3.0602293014526367,2
2,2.8751397132873535,6
1,3.9688992500305176,5
3,2.723543167114258,0
0,3.53584885597229,8
2,3.0605063438415527,2
1,3.72304630279541,9
0,2.8916263580322266,7
3,3.6413588523864746,1
3,2.875084400177002,6
1,2.89162278175354,7
2,3.723029136657715,9
0,2.723515033721924,0
3,3.9689102172851562,5
2,4.237792015075684,3
1,3.2067174911499023,4
0,3.535757303237915,8
2,4.237791538238525,3
3,3.6402862071990967,1
1,3.7229299545288086,9
0,3.535757064819336,8
2,2.8749637603759766,6
1,3.0607383251190186,2
3,3.968903064727783,5
0,2.891566276550293,7
1,3.2070276737213135,4
2,3.2070276737213135,4
3,3.6402134895324707,1
0,2.723468780517578,0
3,3.060943126678467,2
2,2.874910831451416,6
1,3.535645008087158,8
0,2.8915393352508545,7
2,3.968895673751831,5
0,4.23770809173584,3
3,3.7226905822753906,9
1,2.723440408706665,0
3,3.0609476566314697,2
0,3.968897819519043,5
1,2.7234344482421875,0
2,2.891538381576538,7
0,2.8748526573181152,6
3,3.7225708961486816,9
1,3.206986427307129,4
2,4.2376627922058105,3
3,3.0612034797668457,2
0,3.535494565963745,8
1,3.640129566192627,1
2,3.6401288509368896,1
0,2.874814987182617,6
1,3.722433567047119,9
2,3.535461902618408,8
3,3.968921184539795,5
3,2.8917455673217773,7
2,3.2071709632873535,4
1,2.722430944442749,0
0,4.237701892852783,3
1,3.207158088684082,4
0,2.722402572631836,0
2,2.891705274581909,7
3,3.9689722061157227,5
3,4.237687587738037,3
1,3.5353951454162598,8
0,3.6401779651641846,1
2,2.8747591972351074,6
2,3.062232732772827,2
3,3.7222213745117188,9
0,2.8918118476867676,7
1,2.721747636795044,0
1,3.0621016025543213,2
3,3.7222046852111816,9
2,3.9689836502075195,5
0,3.5354113578796387,8
2,4.237674713134766,3
1,3.207524538040161,4
3,2.874711036682129,6
0,3.6393580436706543,1
1,3.6393704414367676,1
2,2.8746814727783203,6
0,3.207606315612793,4
3,2.891895055770874,7
3,3.062173366546631,2
0,3.96907901763916,5
1,3.7221734523773193,9
2,2.721548318862915,0
2,4.237509727478027,3
0,2.8746681213378906,6
3,3.5352518558502197,8
1,3.0621728897094727,2
0,3.9691076278686523,5
2,3.6394150257110596,1
3,2.891925811767578,7
1,3.2076334953308105,4
2,2.7213737964630127,0
3,4.237547874450684,3
0,3.7221522331237793,9
1,3.5351474285125732,8
3,3.062241554260254,2
2,3.535146951675415,8
1,3.722135066986084,9
0,2.7213692665100098,0
3,2.8746676445007324,6
1,4.237541198730469,3
0,3.969099998474121,5
2,2.891904592514038,7
0,3.722125291824341,9
3,3.2076663970947266,4
2,3.6393773555755615,1
1,2.721367835998535,0
3,3.2076666355133057,4
0,3.9690940380096436,5
2,2.8746414184570312,6
1,3.5351247787475586,8
3,2.8918862342834473,7
2,3.6393895149230957,1
0,4.237519264221191,3
1,3.062260627746582,2
2,2.8746261596679688,6
3,3.207650661468506,4
0,3.535109519958496,8
1,4.237514019012451,3
3,3.7220871448516846,9
2,3.9690871238708496,5
0,3.0622811317443848,2
1,3.639373779296875,1
2,4.237514019012451,3
0,3.6393697261810303,1
3,2.7213521003723145,0
1,2.8918867111206055,7
3,3.5351102352142334,8
0,2.7213473320007324,0
2,3.0622804164886475,2
1,3.9690723419189453,5
3,2.8746118545532227,6
2,3.2078371047973633,4
0,2.8918800354003906,7
1,3.7220499515533447,9
0,3.9690661430358887,5
2,2.7213351726531982,0
3,3.722050189971924,9
1,4.237506866455078,3
3,3.0622096061706543,2
1,2.8746113777160645,6
2,3.535095453262329,8
0,3.2078375816345215,4
2,3.0622096061706543,2
3,2.891887664794922,7
0,3.6386241912841797,1
1,2.8746070861816406,6
3,2.7213168144226074,0
0,3.722006320953369,9
1,3.207810640335083,4
2,3.5350818634033203,8
2,3.9690487384796143,5
0,3.638619899749756,1
1,2.8918726444244385,7
3,4.237497806549072,3
3,2.87458872795105,6
2,3.969045639038086,5
0,3.7220065593719482,9
1,2.8918726444244385,7
3,4.2374982833862305,3
0,3.062258005142212,2
2,3.53507661819458,8
1,2.7212882041931152,0
3,2.874582052230835,6
0,4.237497806549072,3
2,3.638624429702759,1
1,3.207683563232422,4
0,2.891878843307495,7
3,3.6386241912841797,1
1,3.207683563232422,4
2,2.721287965774536,0
0,3.969050884246826,5
2,3.535076379776001,8
3,3.7219529151916504,9
1,3.062257766723633,2
2,3.0622785091400146,2
3,3.6386311054229736,1
0,2.7212934494018555,0
1,2.874389171600342,6
0,3.7219555377960205,9
1,2.891909599304199,7
3,3.9690651893615723,5
2,3.2075912952423096,4
2,4.237497329711914,3
3,4.237496852874756,3
1,3.5350751876831055,8
0,3.7219557762145996,9
0,3.062302589416504,2
2,2.7212777137756348,0
3,3.5350711345672607,8
1,3.638627052307129,1
3,3.969080686569214,5
1,2.89192533493042,7
2,2.874116897583008,6
0,3.207360029220581,4
0,2.874117374420166,6
1,3.969080686569214,5
2,3.638686180114746,1
3,3.207359790802002,4
3,2.721285581588745,0
0,4.2374372482299805,3
1,3.7218470573425293,9
2,3.535060405731201,8
3,4.23744535446167,3
2,3.062218189239502,2
1,2.8919458389282227,7
0,3.638014793395996,1
0,2.8739542961120605,6
2,2.8919620513916016,7
3,3.207489490509033,4
1,3.7218587398529053,9
0,2.8919894695281982,7
0,3.969083786010742,5
0,3.5350253582000732,8
0,2.7212748527526855,0
0,3.7218270301818848,9
0,3.0622096061706543,2
0,4.237449645996094,3
0,3.6380083560943604,1
0,3.2074475288391113,4
0,2.8739395141601562,6
0,3.7218215465545654,9
0,4.237445831298828,3
0,3.535022020339966,8
0,3.63800311088562,1
0,2.8739402294158936,6
0,3.0622191429138184,2
0,3.207444190979004,4
0,3.969085216522217,5
0,2.721273422241211,0
0,2.8919882774353027,7
0,4.23745059967041,3
0,3.207447052001953,4
0,2.721273183822632,0
0,3.9690847396850586,5
0,2.892000675201416,7
0,3.96907639503479,5
0,3.5350213050842285,8
0,2.7212743759155273,0
0,3.72182559967041,9
0,3.062196731567383,2
0,4.237456321716309,3
0,3.638003349304199,1
0,3.2074437141418457,4
0,2.873944044113159,6
0,2.891997814178467,7
0,3.969076156616211,5
0,3.535017967224121,8
0,2.721273183822632,0
0,3.7218189239501953,9
0,3.0622048377990723,2
0,4.237456321716309,3
0,3.637998104095459,1
0,3.20743989944458,4
0,2.8739442825317383,6
0,3.721818685531616,9
0,4.237456321716309,3
0,3.535017967224121,8
0,3.63799786567688,1
0,2.873944044113159,6
0,3.062204360961914,2
0,3.20743989944458,4
0,3.969078302383423,5
0,2.721273422241211,0
0,2.8919975757598877,7
0,4.237456321716309,3
0,3.20743989944458,4
0,2.721273422241211,0
0,3.969078540802002,5
0,3.63799786567688,1
0,2.891997814178467,7
0,3.0622048377990723,2
0,3.535017490386963,8
0,3.7218191623687744,9
0,2.8739442825317383,6
0,3.7218189239501953,9
0,3.637998104095459,1
0,2.891997814178467,7
0,3.5350184440612793,8
0,3.2074403762817383,4
0,3.969076156616211,5
0,3.0622050762176514,2
0,2.721273422241211,0
0,4.237456798553467,3
0,2.873943567276001,6
0,3.5350170135498047,8
0,3.969075918197632,5
0,4.237456798553467,3
0,3.7218191623687744,9
0,2.87394380569458,6
0,3.63799786567688,1
0,2.721273183822632,0
0,2.8919973373413086,7
0,3.2074406147003174,4
0,3.0622048377990723,2
0,2.891997814178467,7
0,3.2074408531188965,4
0,2.873943567276001,6
0,3.0622048377990723,2
0,3.535017967224121,8
0,3.7218194007873535,9
0,3.637998104095459,1
0,4.237456798553467,3
0,3.969076156616211,5
0,2.721273422241211,0
0,2.891997814178467,7
0,3.0622048377990723,2
0,2.8739442825317383,6
0,2.721273422241211,0
0,3.637998104095459,1
0,4.237456798553467,3
0,3.535017967224121,8
0,3.969075918197632,5
0,3.2074403762817383,4
0,3.7218189239501953,9
0,3.0622048377990723,2
0,2.891997814178467,7
0,2.8739442825317383,6
0,4.237456798553467,3
0,2.721273422241211,0
0,3.7218191623687744,9
0,3.2074403762817383,4
0,3.637998580932617,1
0,3.969076156616211,5
0,3.535017967224121,8
0,3.0622048377990723,2
0,2.891997814178467,7
0,3.969075918197632,5
0,3.63799786567688,1
0,3.721818685531616,9
0,4.237456798553467,3
0,3.2074408531188965,4
0,2.8739442825317383,6
0,2.721273422241211,0
0,3.535017967224121,8
0,2.891997814178467,7
0,3.0622048377990723,2
0,3.721818447113037,9
0,3.637998104095459,1
0,4.237456798553467,3
0,3.2074406147003174,4
0,3.535017967224121,8
0,3.969075918197632,5
0,2.721273183822632,0
0,2.873943328857422,6
0,3.7218189239501953,9
0,3.0622048377990723,2
0,3.637998104095459,1
0,2.873943328857422,6
0,3.20743989944458,4
0,3.535017967224121,8
0,4.237456798553467,3
0,3.9690775871276855,5
0,2.721273183822632,0
0,2.8919975757598877,7
0,2.891997814178467,7
0,2.721273422241211,0
0,3.535017967224121,8
0,3.9690773487091064,5
0,3.20743989944458,4
0,4.237456321716309,3
0,3.7218191623687744,9
0,3.062204360961914,2
0,3.637998104095459,1
0,2.87394380569458,6
0,4.237456321716309,3
0,3.721818447113037,9
0,2.8739442825317383,6
0,3.535017967224121,8
0,2.891997814178467,7
0,3.9690780639648438,5
0,3.637998104095459,1
0,3.20743989944458,4
0,3.0622048377990723,2
0,2.7212724685668945,0
0,3.207439422607422,4
0,3.535017490386963,8
0,3.969078302383423,5
0,4.237456321716309,3
0,2.8919973373413086,7
0,3.721818447113037,9
0,2.8739442825317383,6
0,3.637997627258301,1
0,2.7212729454040527,0
0,3.0622048377990723,2
0,3.637997627258301,1
0,3.96907901763916,5
0,3.0622048377990723,2
0,3.7218194007873535,9
0,2.8739428520202637,6
0,4.237456321716309,3
0,3.535017490386963,8
0,3.207439422607422,4
0,2.8919973373413086,7
0,2.721273183822632,0
0,3.637997627258301,1
0,4.237456321716309,3
0,3.535017490386963,8
0,3.7218191623687744,9
0,2.8919973373413086,7
0,3.969078540802002,5
0,3.062204599380493,2
0,3.2074391841888428,4
0,2.721273183822632,0
0,2.87394380569458,6
0,3.7218191623687744,9
0,3.2074389457702637,4
0,3.9690818786621094,5
0,3.6379973888397217,1
0,4.237456321716309,3
0,3.535017490386963,8
0,2.8919973373413086,7
0,2.8739442825317383,6
0,2.7212727069854736,0
0,3.062204360961914,2
0,2.8919973373413086,7
0,2.7212727069854736,0
0,3.062204360961914,2
0,3.721818447113037,9
0,3.535017490386963,8
0,3.2074387073516846,4
0,3.6379973888397217,1
0,3.9690821170806885,5
0,4.23745584487915,3
0,2.8739430904388428,6
0,3.2074384689331055,4
0,2.7212727069854736,0
0,3.6379971504211426,1
0,4.23745584487915,3
0,3.9690823554992676,5
0,3.7218189239501953,9
0,2.8739418983459473,6
0,3.062204360961914,2
0,3.535017967224121,8
0,2.8919973373413086,7
0,2.8919968605041504,7
0,3.6379966735839844,1
0,3.535017490386963,8
0,3.062204360961914,2
0,3.9690847396850586,5
0,4.237455368041992,3
0,2.8739428520202637,6
0,2.7212727069854736,0
0,3.207437515258789,4
0,3.721818447113037,9
0,3.7218191623687744,9
0,3.6379966735839844,1
0,4.237454891204834,3
0,3.2074379920959473,4
0,2.7212727069854736,0
0,2.8919968605041504,7
0,3.969083309173584,5
0,3.535017490386963,8
0,3.062204360961914,2
0,2.873941659927368,6
0,3.062204122543335,2
0,3.969085693359375,5
0,3.207437515258789,4
0,4.237454891204834,3
0,3.6379964351654053,1
0,3.721818447113037,9
0,2.7212729454040527,0
0,3.535017490386963,8
0,2.891996383666992,7
0,2.8739418983459473,6
0,2.7212729454040527,0
0,2.891996383666992,7
0,3.721818447113037,9
0,3.207437515258789,4
0,3.6379964351654053,1
0,3.062203884124756,2
0,2.8739423751831055,6
0,3.535017490386963,8
0,4.237454414367676,3
0,3.9690871238708496,5
0,2.8739421367645264,6
0,4.237454414367676,3
0,3.5350170135498047,8
0,3.062204360961914,2
0,3.2074365615844727,4
0,2.7212724685668945,0
0,3.637995719909668,1
0,3.969087600708008,5
0,2.891996383666992,7
0,3.721817970275879,9
0,3.969088077545166,5
0,3.535017490386963,8
0,2.7212724685668945,0
0,3.2074360847473145,4
0,4.237454414367676,3
0,2.873941421508789,6
0,3.637995719909668,1
0,2.891996383666992,7
0,3.062204599380493,2
0,3.7218170166015625,9
0,3.062204599380493,2
0,3.969090461730957,5
0,3.7218172550201416,9
0,3.6379952430725098,1
0,2.8919966220855713,7
0,3.5350170135498047,8
0,2.7212724685668945,0
0,3.20743465423584,4
0,2.873941421508789,6
0,4.237453460693359,3
0,3.969090700149536,5
0,4.237453937530518,3
0,2.7212724685668945,0
0,3.062203884124756,2
0,3.20743465423584,4
0,3.6379945278167725,1
0,2.873941659927368,6
0,3.721816301345825,9
0,3.5350160598754883,8
0,2.891995906829834,7
0,2.891995906829834,7
0,3.5350160598754883,8
0,2.8739418983459473,6
0,4.237453460693359,3
0,3.2074341773986816,4
0,3.9690914154052734,5
0,3.0622036457061768,2
0,3.721816301345825,9
0,3.6379945278167725,1
0,2.7212722301483154,0
0,3.721815586090088,9
0,2.873941659927368,6
0,3.062203884124756,2
0,3.96909236907959,5
0,3.2074337005615234,4
0,3.5350160598754883,8
0,3.6379947662353516,1
0,4.237453460693359,3
0,2.7212722301483154,0
0,2.891995906829834,7
0,3.721816062927246,9
0,3.53501558303833,8
0,3.9690933227539062,5
0,3.2074341773986816,4
0,2.891995668411255,7
0,3.6379947662353516,1
0,4.237452983856201,3
0,2.7212719917297363,0
0,3.062203884124756,2
0,2.87394118309021,6
0,3.969093084335327,5
0,4.237453460693359,3
0,3.53501558303833,8
0,3.6379942893981934,1
0,3.062203884124756,2
0,2.873941421508789,6
0,3.721816062927246,9
0,2.891995906829834,7
0,2.7212719917297363,0
0,3.2074337005615234,4
0,3.6379940509796143,1
0,4.237452983856201,3
0,2.891995429992676,7
0,3.2074332237243652,4
0,2.8739407062530518,6
0,3.062203884124756,2
0,2.7212719917297363,0
0,3.5350165367126465,8
0,3.721816062927246,9
0,3.96909499168396,5
0,3.5350165367126465,8
0,4.237452507019043,3
0,2.8739407062530518,6
0,3.637993812561035,1
0,3.969095230102539,5
0,3.062203884124756,2
0,3.721815824508667,9
0,2.891995668411255,7
0,2.7212719917297363,0
0,3.2074337005615234,4
0,2.873940944671631,6
0,3.637993574142456,1
0,3.5350165367126465,8
0,3.969095468521118,5
0,2.7212719917297363,0
0,3.721816301345825,9
0,3.207432985305786,4
0,2.891995429992676,7
0,3.062203884124756,2
0,4.237452507019043,3
0,2.891995668411255,7
0,4.237452507019043,3
0,3.969095230102539,5
0,3.207432985305786,4
0,2.87394118309021,6
0,2.7212719917297363,0
0,3.7218165397644043,9
0,3.637993812561035,1
0,3.5350160598754883,8
0,3.062204122543335,2
0,3.969095468521118,5
0,3.062204122543335,2
0,3.5350165367126465,8
0,3.2074337005615234,4
0,4.237452983856201,3
0,2.891995668411255,7
0,3.637993812561035,1
0,2.8739404678344727,6
0,2.7212719917297363,0
0,3.721816301345825,9
0,2.891995429992676,7
0,3.062203884124756,2
0,3.637993574142456,1
0,3.5350160598754883,8
0,3.207432746887207,4
0,2.8739404678344727,6
0,2.7212719917297363,0
0,3.969095468521118,5
0,4.237452983856201,3
0,3.721815824508667,9
0,3.721816301345825,9
0,2.7212719917297363,0
0,3.2074337005615234,4
0,2.873940944671631,6
0,3.637993574142456,1
0,3.5350160598754883,8
0,2.891995429992676,7
0,3.969094753265381,5
0,3.062203884124756,2
0,4.237452983856201,3
0,3.062203884124756,2
0,2.891995906829834,7
0,2.8739404678344727,6
0,3.637993812561035,1
0,3.53501558303833,8
0,3.2074332237243652,4
0,2.7212719917297363,0
0,4.237452983856201,3
0,3.721816301345825,9
0,3.969092845916748,5
0,4.237452983856201,3
0,3.2074334621429443,4
0,3.062203884124756,2
0,3.721816062927246,9
0,2.8739407062530518,6
0,2.891995906829834,7
0,2.7212719917297363,0
0,3.5350160598754883,8
0,3.637993812561035,1
0,3.969092845916748,5
0,3.6379940509796143,1
0,3.9690945148468018,5
0,2.7212719917297363,0
0,3.0622034072875977,2
0,4.237452983856201,3
0,2.891995906829834,7
0,3.721816062927246,9
0,2.8739418983459473,6
0,3.2074341773986816,4
0,3.5350160598754883,8
0,3.6379942893981934,1
0,4.237452983856201,3
0,3.2074341773986816,4
0,2.7212719917297363,0
0,3.9690933227539062,5
0,3.062203884124756,2
0,2.891995668411255,7
0,2.873941421508789,6
0,3.5350160598754883,8
0,3.721815586090088,9
0,3.721816062927246,9
0,3.062203884124756,2
0,3.6379942893981934,1
0,4.237453460693359,3
0,3.9690933227539062,5
0,2.8739407062530518,6
0,3.5350160598754883,8
0,3.2074337005615234,4
0,2.891996145248413,7
0,2.7212719917297363,0
0,2.7212719917297363,0
0,4.237452983856201,3
0,3.2074337005615234,4
0,3.9690937995910645,5
0,3.721816062927246,9
0,3.062203884124756,2
0,3.6379942893981934,1
0,2.891995429992676,7
0,3.5350165367126465,8
0,2.8739404678344727,6
0,3.9690935611724854,5
0,2.8739404678344727,6
0,4.237452983856201,3
0,3.2074341773986816,4
0,3.062203884124756,2
0,2.891995668411255,7
0,3.6379942893981934,1
0,3.53501558303833,8
0,2.7212722301483154,0
0,3.721816062927246,9
0,3.2074337005615234,4
0,3.721816062927246,9
0,4.237452983856201,3
0,2.7212719917297363,0
0,3.9690933227539062,5
0,3.062204122543335,2
0,2.8739404678344727,6
0,3.6379942893981934,1
0,2.891995906829834,7
0,3.5350160598754883,8
0,2.7212719917297363,0
0,4.237452983856201,3
0,3.6379942893981934,1
0,3.721816062927246,9
0,2.8739407062530518,6
0,2.891995668411255,7
0,3.062203884124756,2
0,3.9690937995910645,5
0,3.2074337005615234,4
0,3.5350160598754883,8
0,4.237452983856201,3
0,3.5350160598754883,8
0,3.6379942893981934,1
0,2.8739404678344727,6
0,3.062203884124756,2
0,2.891995906829834,7
0,3.7218165397644043,9
0,3.9690935611724854,5
0,2.7212719917297363,0
0,3.2074341773986816,4
0,3.6379945278167725,1
0,3.2074337005615234,4
0,3.5350160598754883,8
0,3.062203884124756,2
0,4.237452983856201,3
0,3.9690935611724854,5
0,2.87394118309021,6
0,2.7212719917297363,0
0,2.891996145248413,7
0,3.721815824508667,9
0,3.721815824508667,9
0,2.891995906829834,7
0,3.9690933227539062,5
0,3.062203884124756,2
0,2.87394118309021,6
0,3.5350160598754883,8
0,3.6379940509796143,1
0,3.2074337005615234,4
0,2.7212719917297363,0
0,4.237452983856201,3
0,3.6379942893981934,1
0,3.2074341773986816,4
0,3.721816062927246,9
0,3.5350165367126465,8
0,2.891995906829834,7
0,2.8919949531555176,7
0,3.9690937995910645,5
0,3.535015344619751,8
0,2.721270799636841,0
0,2.8919947147369385,7
0,3.9690937995910645,5
0,2.8919949531555176,7
0,3.9690942764282227,5
0,3.535015344619751,8
0,2.72127103805542,0
0,3.721815586090088,9
0,3.0622029304504395,2
0,4.237452507019043,3
0,3.637993335723877,1
0,3.2074332237243652,4
0,2.8739402294158936,6
0,3.7218151092529297,9
0,4.237452983856201,3
0,3.535015344619751,8
0,3.637993335723877,1
0,2.8739404678344727,6
