worker_id,loss,skipped
0,7.600155353546143,
0,7.600155353546143,
0,7.600155830383301,
0,7.600154876708984,
0,7.600155353546143,
0,7.600155830383301,
0,7.600155353546143,
0,7.600154876708984,
0,7.597768783569336,
0,7.592227935791016,
0,7.592227935791016,
0,7.592227935791016,
0,7.592227935791016,
0,7.592227935791016,
0,7.592227935791016,
0,7.592227935791016,
0,7.5835747718811035,
0,7.564986705780029,
0,7.564986705780029,
0,7.564986705780029,
0,7.564986228942871,
0,7.564986705780029,
0,7.564986705780029,
0,7.564986705780029,
1,7.51102352142334,
2,7.51102352142334,
3,7.51102352142334,
0,7.51102352142334,
2,7.51102352142334,
3,7.51102352142334,
1,7.51102352142334,
0,7.51102352142334,
3,7.51102352142334,
1,7.51102352142334,
0,7.51102352142334,
2,7.51102352142334,
1,7.51102352142334,
0,7.51102352142334,
3,7.51102352142334,
2,7.51102352142334,
1,7.504361152648926,
3,7.504361152648926,
0,7.504361152648926,
2,7.504361629486084,
3,7.501467227935791,
1,7.501467227935791,
0,7.501468181610107,
2,7.501467704772949,
0,7.501467704772949,
3,7.501467227935791,
2,7.501467704772949,
1,7.501467704772949,
3,7.501467704772949,
1,7.501467704772949,
0,7.500984191894531,
2,7.500983715057373,
1,7.464370250701904,
0,7.464370250701904,
2,7.464370250701904,
3,7.464370250701904,
1,7.464370250701904,
3,7.464370250701904,
0,7.464370250701904,
2,7.464370250701904,
1,7.464370250701904,
2,7.464370250701904,
3,7.464370250701904,
0,7.464370250701904,
2,7.442814826965332,
0,7.442814826965332,
3,7.442814826965332,
1,7.442814826965332,
1,7.384365081787109,
0,7.384365081787109,
3,7.384365081787109,
2,7.384365081787109,
0,7.384365081787109,
2,7.384365081787109,
1,7.384365081787109,
3,7.384365081787109,
1,7.383872985839844,
3,7.383872985839844,
2,7.383872985839844,
0,7.383872985839844,
0,7.3195695877075195,
1,7.3195695877075195,
2,7.3195695877075195,
3,7.3195695877075195,
3,7.319570064544678,
2,7.319570064544678,
1,7.3195695877075195,
0,7.319570064544678,
1,7.585901260375977,
0,7.585901260375977,
3,7.585901260375977,
2,7.585902214050293,
0,7.55636739730835,
1,7.556367874145508,
3,7.556366920471191,
2,7.556367874145508,
3,7.869970798492432,
2,7.869970798492432,
0,7.869970798492432,
1,7.869970798492432,
3,7.754673957824707,
1,7.754673957824707,
2,7.754673957824707,
0,7.754673957824707,
0,6.322056770324707,
3,6.322056770324707,
1,6.322056770324707,
2,6.322056770324707,
1,6.273813247680664,
3,6.273813247680664,
0,6.273813247680664,
2,6.273813247680664,
1,6.129325866699219,
2,6.129325866699219,
3,6.129325866699219,
0,6.129325866699219,
1,6.129325866699219,
0,6.129325866699219,
3,6.129325866699219,
2,6.129325866699219,
3,6.1216912269592285,
2,6.1216912269592285,
1,6.1216912269592285,
0,6.1216912269592285,
1,5.952308654785156,
3,5.952308654785156,
0,5.952308654785156,
2,5.952308654785156,
0,5.952308654785156,
1,5.952309608459473,
2,5.952308654785156,
3,5.952308654785156,
3,5.94116735458374,
1,5.94116735458374,
0,5.941168308258057,
2,5.941166877746582,
2,5.759664535522461,
1,5.759665012359619,
0,5.759665489196777,
3,5.759665012359619,
0,5.759665489196777,
1,5.759665012359619,
2,5.759665012359619,
3,5.759665012359619,
3,5.7498064041137695,
2,5.7498064041137695,
0,5.749805927276611,
1,5.7498064041137695,
1,5.588013648986816,
2,5.588013172149658,
3,5.588013648986816,
0,5.588013172149658,
0,5.588013172149658,
1,5.588013648986816,
2,5.588013172149658,
3,5.588013172149658,
0,5.543237686157227,
3,5.543237686157227,
1,5.54323673248291,
2,5.54323673248291,
3,6.46584939956665,
2,6.465848922729492,
1,6.465849876403809,
0,6.465849876403809,
1,6.46584939956665,
3,6.465848922729492,
2,6.465848922729492,
0,6.465849876403809,
0,6.380095481872559,
2,6.380095481872559,
1,6.3800950050354,
3,6.3800950050354,
1,6.3800950050354,
3,6.380095481872559,
2,6.380095481872559,
0,6.3800950050354,
3,6.3800950050354,
2,6.380095481872559,
1,6.3800950050354,
0,6.380095481872559,
1,6.361429214477539,
0,6.361429691314697,
3,6.361428260803223,
2,6.361429691314697,
1,6.311531066894531,
3,6.311532020568848,
0,6.311532020568848,
2,6.3115315437316895,
1,6.3115315437316895,
2,6.311531066894531,
0,6.311532020568848,
3,6.311532020568848,
2,6.604681968688965,
0,6.604682445526123,
3,6.604681968688965,
1,6.604681968688965,
0,6.606217384338379,
1,6.606216907501221,
3,6.606216907501221,
2,6.606216907501221,
3,6.54000186920166,
2,6.54000186920166,
0,6.54000186920166,
1,6.54000186920166,
3,6.473993301391602,
0,6.473993301391602,
1,6.473993301391602,
2,6.473993301391602,
3,6.297138690948486,
0,6.2971391677856445,
2,6.2971391677856445,
1,6.2971391677856445,
3,6.226786136627197,
1,6.2267866134643555,
2,6.226785659790039,
0,6.226786136627197,
0,6.204658508300781,
3,6.173977851867676,
1,6.173977851867676,
0,6.173977851867676,
2,6.173977851867676,
1,6.173978328704834,
3,6.173977851867676,
0,6.173977851867676,
2,6.173978328704834,
2,6.173978328704834,
0,6.173977851867676,
1,6.173977851867676,
3,6.173977851867676,
2,6.172830581665039,
0,6.1728315353393555,
3,6.172830581665039,
1,6.172830581665039,
1,6.172805309295654,
0,6.172804832458496,
3,6.172805309295654,
2,6.172804832458496,
2,6.167558670043945,
3,6.1675591468811035,
1,6.167558670043945,
0,6.1675591468811035,
0,6.16751766204834,
1,6.16751766204834,
2,6.16751766204834,
3,6.16751766204834,
1,6.155465126037598,
3,6.155465126037598,
0,6.1554646492004395,
2,6.155465126037598,
3,6.155465126037598,
0,6.155465126037598,
1,6.1554646492004395,
2,6.155465126037598,
0,6.139970779418945,
1,6.139970779418945,
3,6.139970779418945,
2,6.139970779418945,
2,6.139970779418945,
1,6.139970779418945,
0,6.139970779418945,
3,6.139970779418945,
0,6.121595859527588,
1,6.12159538269043,
3,6.12159538269043,
2,6.121595859527588,
3,6.121595859527588,
0,6.12159538269043,
1,6.12159538269043,
2,6.12159538269043,
2,6.098373889923096,
3,6.098372459411621,
0,6.098372459411621,
1,6.0983734130859375,
3,6.098372459411621,
2,6.0983734130859375,
1,6.098372936248779,
0,6.0983734130859375,
1,5.926912307739258,
3,5.926912307739258,
0,5.926912307739258,
2,5.926912307739258,
0,5.926912784576416,
2,5.926912307739258,
1,5.926912307739258,
3,5.926912784576416,
1,5.896754264831543,
3,5.896754264831543,
0,5.896754264831543,
2,5.896754264831543,
0,5.896753787994385,
1,5.896753787994385,
3,5.896754264831543,
2,5.896753787994385,
3,5.860225200653076,
0,5.860225677490234,
1,5.860225677490234,
2,5.860225677490234,
2,5.860225200653076,
3,5.860225677490234,
1,5.860225677490234,
0,5.860225677490234,
0,5.822212219238281,
1,5.822212219238281,
3,5.822212219238281,
2,5.822212219238281,
3,5.822212219238281,
2,5.822212219238281,
1,5.822212219238281,
0,5.822212219238281,
2,5.778487205505371,
3,5.778486728668213,
1,5.778487205505371,
0,5.778487205505371,
0,5.778486728668213,
1,5.778487205505371,
2,5.778487205505371,
3,5.778486728668213,
2,5.575066089630127,
1,5.575066089630127,
3,5.575066089630127,
0,5.575066089630127,
2,5.575066566467285,
1,5.575066089630127,
0,5.575066089630127,
3,5.575066089630127,
1,5.848934650421143,
2,5.848934650421143,
3,5.848934650421143,
0,5.848934650421143,
3,5.848934173583984,
0,5.848934650421143,
1,5.848933696746826,
2,5.848934173583984,
0,5.804043769836426,
2,5.804044246673584,
3,5.804043769836426,
1,5.804043769836426,
3,5.804043769836426,
1,5.804043769836426,
2,5.804043769836426,
0,5.804044246673584,
0,5.756904125213623,
3,5.756904602050781,
1,5.756904602050781,
2,5.756904602050781,
0,5.756904602050781,
2,5.756904602050781,
1,5.756904602050781,
3,5.756903648376465,
2,5.683042526245117,
3,5.683042526245117,
0,5.683042526245117,
1,5.683042526245117,
0,5.683042526245117,
2,5.683042526245117,
1,5.683042526245117,
3,5.683042526245117,
2,5.667303085327148,
1,5.667304039001465,
0,5.667303085327148,
3,5.66730260848999,
1,5.636741638183594,
3,5.636741638183594,
2,5.636741638183594,
0,5.636741638183594,
2,5.636741638183594,
3,5.636741638183594,
0,5.636741638183594,
1,5.636741638183594,
1,5.592871189117432,
3,5.592870712280273,
0,5.592870712280273,
2,5.592870712280273,
2,5.5886993408203125,
0,5.588698863983154,
3,5.588698863983154,
1,5.5886993408203125,
1,5.588698863983154,
2,5.5886993408203125,
3,5.588698863983154,
0,5.588698863983154,
1,5.54348087310791,
2,5.543480396270752,
0,5.543480396270752,
3,5.543479919433594,
1,5.538952350616455,
3,5.538951873779297,
2,5.538952350616455,
0,5.538951873779297,
1,5.538952827453613,
3,5.538951873779297,
2,5.538951873779297,
0,5.538951873779297,
0,5.487410545349121,
2,5.487411022186279,
3,5.487411022186279,
1,5.487411022186279,
0,5.487411022186279,
1,5.487411022186279,
2,5.4874114990234375,
3,5.487411022186279,
0,5.487410545349121,
2,5.4874114990234375,
1,5.487410545349121,
3,5.487411022186279,
1,5.434870719909668,
2,5.43487024307251,
3,5.43487024307251,
0,5.434869766235352,
1,5.434869289398193,
2,5.434869766235352,
3,5.434869766235352,
0,5.434869766235352,
1,5.43487024307251,
0,5.434869766235352,
3,5.43487024307251,
2,5.434869766235352,
2,5.381796836853027,
3,5.381796360015869,
1,5.381796836853027,
0,5.381796836853027,
3,5.381796836853027,
0,5.381796836853027,
2,5.381796836853027,
1,5.3817973136901855,
1,5.3817973136901855,
3,5.381796836853027,
2,5.381796360015869,
0,5.381796836853027,
2,5.36494779586792,
1,5.364947319030762,
0,5.364947319030762,
3,5.364947319030762,
0,5.327538013458252,
1,5.327539443969727,
2,5.327539443969727,
3,5.327538013458252,
2,5.32753849029541,
1,5.32753849029541,
3,5.32753849029541,
0,5.327538967132568,
2,5.327539443969727,
1,5.32753849029541,
0,5.327538013458252,
3,5.32753849029541,
1,5.2733025550842285,
2,5.27330207824707,
0,5.27330207824707,
3,5.27330207824707,
1,5.27330207824707,
2,5.27330207824707,
0,5.27330207824707,
3,5.27330207824707,
3,5.27330207824707,
1,5.27330207824707,
0,5.27330207824707,
2,5.27330207824707,
1,5.22496223449707,
2,5.22496223449707,
0,5.22496223449707,
3,5.224961757659912,
0,5.219452381134033,
1,5.219452857971191,
2,5.219452857971191,
3,5.219452381134033,
1,5.219451904296875,
0,5.219452381134033,
2,5.219451904296875,
3,5.219451904296875,
2,5.219451904296875,
1,5.219452381134033,
3,5.219451904296875,
0,5.219452381134033,
1,5.183185577392578,
3,5.183185577392578,
0,5.183185577392578,
2,5.183185577392578,
1,5.164440631866455,
2,5.164440631866455,
3,5.164440631866455,
0,5.164440631866455,
0,5.164440631866455,
2,5.164440631866455,
3,5.164440631866455,
1,5.164440155029297,
1,5.164440631866455,
0,5.164440631866455,
2,5.164440631866455,
3,5.164440155029297,
1,5.112149715423584,
2,5.112149715423584,
3,5.106128215789795,
0,5.112149715423584,
2,5.106128692626953,
1,5.106128692626953,
0,5.106128692626953,
3,5.106128692626953,
3,5.106128692626953,
1,5.106128215789795,
2,5.106128692626953,
0,5.106128215789795,
2,5.106128692626953,
1,5.106128215789795,
0,5.106128692626953,
3,5.106128692626953,
2,5.052978038787842,
1,5.047198295593262,
0,5.0471978187561035,
3,5.047198295593262,
3,5.0471978187561035,
0,5.0471978187561035,
1,5.047197341918945,
2,5.0471978187561035,
1,5.047197341918945,
2,5.0471978187561035,
0,5.047197341918945,
3,5.047197341918945,
1,4.989034652709961,
2,4.989034652709961,
3,4.989034652709961,
0,4.989035606384277,
1,4.989034652709961,
2,4.989035606384277,
0,4.989035129547119,
3,4.989035606384277,
1,4.970366477966309,
2,4.970366477966309,
3,4.970366477966309,
0,4.970366954803467,
0,4.931844711303711,
1,4.931844711303711,
3,4.931844711303711,
2,4.931844711303711,
2,4.931844711303711,
3,4.931844711303711,
0,4.931844234466553,
1,4.931844711303711,
2,4.880535125732422,
0,4.8805365562438965,
1,4.880536079406738,
3,4.88053560256958,
2,4.874802589416504,
1,4.874802589416504,
0,4.874802589416504,
3,4.874802589416504,
2,4.874803066253662,
0,4.874802589416504,
3,4.874803066253662,
1,4.874803066253662,
3,4.836973190307617,
1,4.836973190307617,
0,4.836973190307617,
2,4.836973190307617,
1,4.819110870361328,
2,4.819110870361328,
0,4.819110870361328,
3,4.819110870361328,
1,4.819110870361328,
2,4.81911039352417,
3,4.819110870361328,
0,4.819110870361328,
2,4.819110870361328,
1,4.819110870361328,
0,4.819110870361328,
3,4.819110870361328,
1,4.768796920776367,
3,4.768796920776367,
0,4.768796920776367,
2,4.768796920776367,
0,4.763930797576904,
1,4.7639312744140625,
3,4.763930320739746,
2,4.763930320739746,
0,4.7639312744140625,
2,4.763930320739746,
3,4.7639312744140625,
1,4.763930320739746,
1,4.042763710021973,
2,4.042763710021973,
0,4.042763710021973,
3,4.042764186859131,
1,4.042763710021973,
2,4.042764186859131,
0,4.042763710021973,
3,4.042763710021973,
0,4.042763710021973,
2,4.042763710021973,
1,4.042763710021973,
3,4.042763710021973,
1,4.009812355041504,
3,4.009812355041504,
2,4.009812355041504,
0,4.014201641082764,
3,4.009812831878662,
2,4.009812355041504,
0,4.009812355041504,
1,4.009812831878662,
1,4.009812831878662,
2,4.009812831878662,
3,4.00981330871582,
0,4.009812831878662,
0,4.012976169586182,
1,4.01297664642334,
2,4.012975692749023,
3,4.012975692749023,
0,3.980435848236084,
1,3.980435609817505,
2,3.980435371398926,
3,3.9804351329803467,
0,3.9804351329803467,
2,3.980435848236084,
3,3.980435848236084,
1,3.980435848236084,
1,3.980435371398926,
2,3.980435371398926,
0,3.980435609817505,
3,3.9804351329803467,
0,3.949436664581299,
2,3.949437141418457,
1,3.949437141418457,
3,3.949436664581299,
3,3.949436664581299,
0,3.949437141418457,
2,3.949437141418457,
1,3.949436664581299,
0,3.949436664581299,
2,3.9494361877441406,
1,3.9494364261627197,
3,3.949436664581299,
1,3.919813871383667,
3,3.919813394546509,
2,3.919813394546509,
0,3.919814109802246,
2,3.9198131561279297,
3,3.919814109802246,
1,3.919813394546509,
0,3.919813394546509,
0,3.9198131561279297,
2,3.9198131561279297,
1,3.919813394546509,
3,3.919813871383667,
2,3.88815975189209,
1,3.8881595134735107,
0,3.88815975189209,
3,3.88815975189209,
2,3.88815975189209,
1,3.88815975189209,
0,3.88815975189209,
3,3.8881595134735107,
1,3.8881592750549316,
0,3.8881595134735107,
3,3.8881595134735107,
2,3.8881592750549316,
2,3.8881595134735107,
3,3.8881592750549316,
1,3.8903894424438477,
0,3.8903894424438477,
2,3.8592262268066406,
3,3.8592264652252197,
0,3.8592264652252197,
1,3.859226703643799,
2,3.859226703643799,
3,3.8592264652252197,
1,3.8592264652252197,
0,3.859226703643799,
0,3.8592264652252197,
2,3.8592264652252197,
3,3.8592262268066406,
1,3.859226703643799,
1,3.8613648414611816,
3,3.86136531829834,
2,3.8613650798797607,
0,3.86136531829834,
3,3.8313167095184326,
2,3.8313169479370117,
0,3.8313167095184326,
1,3.8313167095184326,
2,3.8313167095184326,
1,3.8313164710998535,
0,3.8313162326812744,
3,3.8313164710998535,
0,3.8335561752319336,
3,3.8335564136505127,
1,3.8335564136505127,
2,3.8335556983947754,
1,3.661841869354248,
3,3.661841630935669,
2,3.661841630935669,
0,3.661841630935669,
2,3.661841630935669,
0,3.661841869354248,
1,3.661841869354248,
3,3.661841869354248,
0,3.661842107772827,
2,3.661841869354248,
1,3.661842107772827,
3,3.661841869354248,
2,3.661924123764038,
0,3.661923885345459,
1,3.661924123764038,
3,3.661924123764038,
1,3.6355338096618652,
2,3.6355338096618652,
3,3.6355338096618652,
0,3.6355338096618652,
2,3.6355338096618652,
0,3.6355338096618652,
3,3.6355338096618652,
1,3.635533571243286,
1,3.6355338096618652,
3,3.6355338096618652,
2,3.6355338096618652,
0,3.635533571243286,
2,3.6218461990356445,
1,3.6218464374542236,
0,3.6218461990356445,
3,3.6218466758728027,
2,3.6121129989624023,
0,3.6121132373809814,
1,3.6121129989624023,
3,3.6121132373809814,
2,3.6121132373809814,
1,3.6121129989624023,
0,3.6121132373809814,
3,3.6121129989624023,
0,3.6143171787261963,
3,3.6143174171447754,
1,3.6143171787261963,
2,3.6121129989624023,
3,3.5901753902435303,
0,3.5901756286621094,
1,3.5901758670806885,
2,3.5901758670806885,
0,3.5901758670806885,
3,3.5901758670806885,
2,3.5901758670806885,
1,3.5901756286621094,
1,3.5901756286621094,
0,3.5901756286621094,
3,3.5901758670806885,
2,3.5901756286621094,
3,3.5901758670806885,
0,3.5901756286621094,
2,3.5901758670806885,
1,3.5901756286621094,
1,3.590104818344116,
0,3.590104818344116,
2,3.5732035636901855,
3,3.5901050567626953,
1,3.5184686183929443,
3,3.5184683799743652,
0,3.5184686183929443,
2,3.5184683799743652,
1,3.5184686183929443,
0,3.5184683799743652,
3,3.5184686183929443,
2,3.5184688568115234,
0,3.5184686183929443,
2,3.5184688568115234,
3,3.5184686183929443,
1,3.5184686183929443,
1,3.4514293670654297,
3,3.4514293670654297,
0,3.4514293670654297,
2,3.461975574493408,
2,3.4514293670654297,
1,3.4514293670654297,
0,3.4514293670654297,
3,3.4514293670654297,
1,3.4514291286468506,
2,3.4514291286468506,
3,3.4514291286468506,
0,3.4514291286468506,
1,3.4514293670654297,
3,3.4514288902282715,
2,3.4514288902282715,
0,3.4514288902282715,
1,3.3687782287597656,
0,3.3687782287597656,
3,3.3687782287597656,
2,3.368778705596924,
2,3.3687782287597656,
3,3.3687782287597656,
0,3.3687782287597656,
1,3.3687782287597656,
1,3.3687782287597656,
0,3.3687782287597656,
3,3.3687784671783447,
2,3.3687782287597656,
1,3.3687782287597656,
2,3.3687782287597656,
3,3.3687782287597656,
0,3.3687782287597656,
0,3.669184684753418,
1,3.669184684753418,
2,3.669184684753418,
3,3.669184684753418,
1,3.655351161956787,
2,3.6553516387939453,
3,3.655350923538208,
0,3.655351161956787,
3,3.655351161956787,
2,3.655350685119629,
0,3.655350685119629,
1,3.655351161956787,
3,3.655351161956787,
1,3.655351161956787,
0,3.655351161956787,
2,3.655351161956787,
1,3.524649143218994,
2,3.5246496200561523,
3,3.5365524291992188,
0,3.5246496200561523,
2,3.5246496200561523,
1,3.5246496200561523,
3,3.5246496200561523,
0,3.5246498584747314,
1,3.524649143218994,
0,3.5246496200561523,
2,3.5246496200561523,
3,3.5246493816375732,
0,3.5246493816375732,
2,3.5246493816375732,
3,3.524649143218994,
1,3.524649143218994,
0,3.4269065856933594,
1,3.4269070625305176,
2,3.4269070625305176,
3,3.4269070625305176,
1,3.4269070625305176,
2,3.4269065856933594,
3,3.4269065856933594,
0,3.4269068241119385,
3,3.4269065856933594,
2,3.4269065856933594,
0,3.4269070625305176,
1,3.4269070625305176,
0,3.4269068241119385,
3,3.4269068241119385,
2,3.4269065856933594,
1,3.4269070625305176,
2,3.6352787017822266,
1,3.6352787017822266,
0,3.6352787017822266,
3,3.6352787017822266,
1,3.6352787017822266,
0,3.6352787017822266,
3,3.6352787017822266,
2,3.6352787017822266,
2,3.6352787017822266,
1,3.6352787017822266,
0,3.6352787017822266,
3,3.6352787017822266,
2,3.6319756507873535,
1,3.6319756507873535,
0,3.6319756507873535,
3,3.6319756507873535,
0,3.573653221130371,
2,3.57365345954895,
1,3.57365345954895,
3,3.5736536979675293,
0,3.57365345954895,
2,3.57365345954895,
3,3.57365345954895,
1,3.57365345954895,
1,3.573653221130371,
0,3.573653221130371,
3,3.573653221130371,
2,3.573653221130371,
1,3.55118465423584,
2,3.5511844158172607,
3,3.55118465423584,
0,3.551184892654419,
0,3.530010223388672,
1,3.530010223388672,
2,3.5300099849700928,
3,3.530010223388672,
0,3.5128421783447266,
3,3.5128421783447266,
1,3.5128424167633057,
2,3.5128421783447266,
1,3.506277322769165,
0,3.506277322769165,
2,3.506277561187744,
3,3.506277561187744,
3,3.4957451820373535,
0,3.4957454204559326,
1,3.4957454204559326,
2,3.4957451820373535,
2,3.50931978225708,
1,3.50931978225708,
3,3.50931978225708,
0,3.50931978225708,
1,3.5378403663635254,
3,3.5378403663635254,
2,3.5378403663635254,
0,3.5378403663635254,
2,3.8126397132873535,
3,3.8126394748687744,
1,3.8126392364501953,
0,3.8126394748687744,
0,4.564375877380371,
2,4.564375877380371,
3,4.564375877380371,
1,4.564375877380371,
1,4.56129264831543,
3,4.56129264831543,
0,4.56129264831543,
2,4.5619215965271,
2,4.540045261383057,
1,4.540045261383057,
0,4.540045261383057,
3,4.540045261383057,
3,4.5403313636779785,
1,4.5403313636779785,
2,4.5403313636779785,
0,4.5403313636779785,
2,4.519163131713867,
3,4.519163131713867,
0,4.519163131713867,
1,4.519163131713867,
0,4.520021438598633,
1,4.520021438598633,
2,4.520021438598633,
3,4.520021438598633,
0,4.499477386474609,
3,4.499477386474609,
1,4.499477386474609,
2,4.499476909637451,
0,4.496337890625,
1,4.496336936950684,
3,4.496337890625,
2,4.496337413787842,
1,4.479053497314453,
2,4.479053497314453,
0,4.479053974151611,
3,4.479053497314453,
2,4.476180553436279,
0,4.4761810302734375,
1,4.4761810302734375,
3,4.4761810302734375,
0,4.458894729614258,
1,4.4588942527771,
2,4.458894729614258,
3,4.4588942527771,
0,4.4573187828063965,
3,4.4573187828063965,
2,4.4573187828063965,
1,4.4573187828063965,
3,4.441055774688721,
1,4.441055774688721,
2,4.441055774688721,
0,4.4410552978515625,
1,4.4254889488220215,
2,4.425488471984863,
0,4.4254889488220215,
3,4.4254889488220215,
0,4.520528316497803,
3,4.520528316497803,
1,4.5205278396606445,
2,4.520528793334961,
1,4.501067161560059,
2,4.501067161560059,
0,4.501067161560059,
3,4.501067638397217,
1,4.501987457275391,
0,4.501986980438232,
3,4.501987457275391,
2,4.501987457275391,
2,4.482383728027344,
0,4.482383728027344,
3,4.4823832511901855,
1,4.482383728027344,
1,4.480048179626465,
0,4.480048179626465,
2,4.480048179626465,
3,4.480048179626465,
0,4.463132858276367,
2,4.463132858276367,
1,4.463132858276367,
3,4.463132858276367,
1,4.461397647857666,
2,4.461397647857666,
0,4.461397647857666,
3,4.461397647857666,
3,4.445222854614258,
0,4.445222854614258,
1,4.445222854614258,
2,4.445222854614258,
1,4.426938056945801,
3,4.4304518699646,
2,4.426938533782959,
0,4.430452346801758,
1,4.426938533782959,
3,4.426938056945801,
2,4.426938533782959,
0,4.427515029907227,
1,4.453794956207275,
0,4.453795433044434,
2,4.453795433044434,
3,4.453795433044434,
3,4.4519500732421875,
2,4.4519500732421875,
1,4.451949596405029,
0,4.4519500732421875,
1,4.446352958679199,
0,4.446352958679199,
3,4.446352958679199,
2,4.446352958679199,
0,4.444649696350098,
1,4.444649696350098,
3,4.444649696350098,
2,4.4446492195129395,
2,4.427643775939941,
0,4.427643775939941,
1,4.427643775939941,
3,4.427643775939941,
2,4.42520809173584,
1,4.42520809173584,
0,4.425207614898682,
3,4.42520809173584,
2,4.406928539276123,
3,4.406928062438965,
0,4.406928539276123,
1,4.406929016113281,
2,4.405293941497803,
1,4.405293941497803,
0,4.405293941497803,
3,4.405294418334961,
3,4.386414527893066,
0,4.386414527893066,
2,4.386414527893066,
1,4.386414527893066,
1,4.319040298461914,
2,4.36812686920166,
3,4.36812686920166,
0,4.368127346038818,
3,4.319446086883545,
1,4.319445610046387,
2,4.319445610046387,
0,4.319446086883545,
0,4.295430660247803,
3,4.295431137084961,
1,4.295430660247803,
2,4.295431137084961,
2,4.296823501586914,
3,4.296823978424072,
0,4.296823978424072,
1,4.296823978424072,
3,4.271910667419434,
2,4.271910667419434,
1,4.271910667419434,
0,4.271910667419434,
3,4.272375583648682,
0,4.272375583648682,
2,4.272375583648682,
1,4.272375583648682,
1,4.246921539306641,
0,4.246921539306641,
2,4.246921539306641,
3,4.246921539306641,
3,4.244815826416016,
0,4.244815826416016,
1,4.244816303253174,
2,4.244815826416016,
0,4.220807075500488,
1,4.220807075500488,
2,4.2208075523376465,
3,4.2208075523376465,
3,4.19834041595459,
0,4.19834041595459,
2,4.19834041595459,
1,4.198339939117432,
1,4.134613037109375,
3,4.134612560272217,
0,4.134612560272217,
2,4.134612560272217,
2,4.093622207641602,
1,4.093622207641602,
3,4.093622207641602,
0,4.093622207641602,
0,4.092978477478027,
2,4.092978477478027,
1,4.092978477478027,
3,4.092978477478027,
2,4.110363960266113,
0,4.110363960266113,
3,4.110363960266113,
1,4.110363960266113,
2,4.109884738922119,
0,4.109884738922119,
1,4.109885215759277,
3,4.109885215759277,
3,4.085005760192871,
1,4.085005760192871,
2,4.085005760192871,
0,4.085005760192871,
2,4.071893215179443,
0,4.071892738342285,
1,4.071893215179443,
3,4.071892738342285,
3,4.058094024658203,
0,4.058094024658203,
2,4.058094024658203,
1,4.058094024658203,
0,4.029863357543945,
2,4.029863357543945,
1,4.029863357543945,
3,4.0298638343811035,
3,4.026974678039551,
2,4.026974678039551,
0,4.026975154876709,
1,4.026974678039551,
1,4.0009355545043945,
2,4.0009355545043945,
0,4.0009355545043945,
3,4.0009355545043945,
1,4.0009355545043945,
3,4.0009355545043945,
2,4.0009355545043945,
0,4.0009355545043945,
3,3.9747354984283447,
1,3.9747354984283447,
0,3.8840065002441406,
2,3.8840060234069824,
1,3.8840060234069824,
3,3.8840065002441406,
2,3.8840062618255615,
0,3.8840060234069824,
2,3.8840060234069824,
0,3.8840060234069824,
3,3.8840062618255615,
1,3.8840065002441406,
1,3.8840062618255615,
2,3.8840060234069824,
3,3.8840062618255615,
0,3.8840060234069824,
2,3.861037015914917,
0,3.861036777496338,
1,3.861036777496338,
3,3.861036777496338,
2,3.856987953186035,
3,3.856987237930298,
0,3.856987476348877,
1,3.856987476348877,
0,3.856987237930298,
2,3.856987476348877,
1,3.856987476348877,
3,3.856987476348877,
3,3.8508100509643555,
1,3.8508095741271973,
0,3.8508095741271973,
2,3.8508095741271973,
0,3.8276939392089844,
3,3.8276937007904053,
2,3.8276937007904053,
1,3.827693462371826,
1,3.8276937007904053,
3,3.827693462371826,
2,3.8276937007904053,
0,3.8276937007904053,
1,3.807203769683838,
0,3.807203769683838,
2,3.8072032928466797,
3,3.807203531265259,
3,4.38934850692749,
2,4.389348983764648,
0,4.389348983764648,
1,4.389348983764648,
3,4.379176139831543,
0,4.379176139831543,
2,4.379176139831543,
1,4.379176139831543,
2,4.37040901184082,
0,4.37040901184082,
1,4.37040901184082,
3,4.37040901184082,
0,4.37040901184082,
2,4.37040901184082,
3,4.37040901184082,
1,4.37040901184082,
0,3.927351474761963,
2,3.927351713180542,
1,3.9273521900177,
3,3.9273521900177,
2,3.9255030155181885,
0,3.9255030155181885,
1,3.9255030155181885,
3,3.9255030155181885,
0,3.9140875339508057,
3,3.9140872955322266,
1,3.9140875339508057,
2,3.9140875339508057,
2,3.902700901031494,
1,3.902700662612915,
0,3.9027011394500732,
3,3.9027011394500732,
3,3.902700662612915,
0,3.902700662612915,
1,3.9027011394500732,
2,3.902700662612915,
3,3.890782356262207,
1,3.890782356262207,
0,3.890782117843628,
2,3.890782117843628,
1,3.8799052238464355,
3,3.8799052238464355,
2,3.8799052238464355,
0,3.8799054622650146,
1,3.8792667388916016,
3,3.8680825233459473,
0,3.8680827617645264,
2,3.8680825233459473,
2,3.8578624725341797,
0,3.8578624725341797,
3,3.8578624725341797,
1,3.8578624725341797,
1,3.8578624725341797,
0,3.8578624725341797,
2,3.8578624725341797,
3,3.8578624725341797,
3,3.8463737964630127,
2,3.8463733196258545,
1,3.8463733196258545,
0,3.8463735580444336,
0,3.8362865447998047,
3,3.8362865447998047,
2,3.8362865447998047,
1,3.836286783218384,
2,3.836286783218384,
0,3.8362865447998047,
1,3.836286783218384,
3,3.8362865447998047,
1,3.824307680130005,
0,3.824307441711426,
2,3.824307441711426,
3,3.824307441711426,
3,3.8145368099212646,
1,3.8145368099212646,
0,3.8145368099212646,
2,3.814537763595581,
2,3.814537763595581,
3,3.814537286758423,
0,3.8145370483398438,
1,3.814537286758423,
3,3.8145370483398438,
2,3.814537286758423,
1,3.814537525177002,
0,3.81453800201416,
1,3.7930636405944824,
0,3.7930636405944824,
2,3.7930641174316406,
3,3.7930636405944824,
1,3.793063163757324,
2,3.793063163757324,
3,3.7930636405944824,
0,3.7930641174316406,
0,3.7930641174316406,
2,3.793063163757324,
3,3.793063163757324,
1,3.793063163757324,
1,3.771125316619873,
0,3.771125316619873,
2,3.7711257934570312,
3,3.7711257934570312,
0,3.7699148654937744,
3,3.7699148654937744,
2,3.7699155807495117,
1,3.7699151039123535,
2,3.7699155807495117,
0,3.7699155807495117,
1,3.7699155807495117,
3,3.7699155807495117,
3,3.7509288787841797,
1,3.7509288787841797,
2,3.7509288787841797,
0,3.7509288787841797,
1,3.745785713195801,
3,3.745786190032959,
0,3.745785713195801,
2,3.745786190032959,
3,3.745786190032959,
0,3.745786190032959,
2,3.745786190032959,
1,3.745785713195801,
1,3.722324848175049,
2,3.7235054969787598,
0,3.7235054969787598,
3,3.723505735397339,
1,3.722324848175049,
3,3.722324848175049,
0,3.722324848175049,
2,3.722324848175049,
3,3.707953453063965,
1,3.707953453063965,
0,3.707953453063965,
2,3.707953453063965,
0,3.699558734893799,
2,3.699559211730957,
1,3.699558734893799,
3,3.699558734893799,
2,3.699559211730957,
0,3.699559450149536,
1,3.699559211730957,
3,3.699558973312378,
0,3.6978955268859863,
3,3.685192346572876,
2,3.685192346572876,
1,3.685192108154297,
2,3.6774089336395264,
3,3.6774086952209473,
1,3.6774089336395264,
0,3.6774086952209473,
1,3.6774086952209473,
0,3.6774086952209473,
2,3.6774086952209473,
3,3.6774086952209473,
2,3.6633293628692627,
1,3.6633293628692627,
0,3.6633291244506836,
3,3.6633293628692627,
3,3.656352996826172,
0,3.656352996826172,
1,3.656352996826172,
2,3.656353235244751,
1,3.656353712081909,
0,3.656352996826172,
2,3.656353235244751,
3,3.65635347366333,
2,3.636065721511841,
1,3.636065721511841,
3,3.6349353790283203,
0,3.636066436767578,
3,3.634934902191162,
2,3.6349356174468994,
0,3.634935140609741,
1,3.634935140609741,
0,3.6332240104675293,
3,3.63322377204895,
1,3.63322377204895,
2,3.6332240104675293,
2,3.655181884765625,
0,3.655181884765625,
3,3.655182361602783,
1,3.655181646347046,
1,3.655181884765625,
2,3.655181646347046,
0,3.655181407928467,
3,3.655181884765625,
1,3.653303623199463,
3,3.653303623199463,
0,3.653303623199463,
2,3.6392922401428223,
2,3.632002115249634,
0,3.6320018768310547,
1,3.6320018768310547,
3,3.6320013999938965,
2,3.6320018768310547,
0,3.6320013999938965,
3,3.6320018768310547,
1,3.6320018768310547,
0,3.6165103912353516,
2,3.6165103912353516,
1,3.6165103912353516,
3,3.6165101528167725,
0,3.6099777221679688,
3,3.6099774837493896,
1,3.6099777221679688,
2,3.609978199005127,
3,3.6099777221679688,
1,3.6099777221679688,
2,3.6099777221679688,
0,3.6099777221679688,
0,3.589799404144287,
1,3.589799642562866,
2,3.589799642562866,
3,3.589799404144287,
3,3.5893633365631104,
2,3.5893633365631104,
0,3.5893635749816895,
1,3.589362859725952,
1,3.570091724395752,
0,3.570091962814331,
2,3.570091962814331,
3,3.570091962814331,
1,3.56974196434021,
3,3.56974196434021,
0,3.569742202758789,
2,3.56974196434021,
2,3.5508553981781006,
0,3.5508556365966797,
1,3.5508553981781006,
3,3.5508546829223633,
3,3.548919200897217,
0,3.548919200897217,
1,3.548919200897217,
2,3.548919200897217,
0,3.5340657234191895,
2,3.5340652465820312,
1,3.5340659618377686,
3,3.5340654850006104,
0,3.528841257095337,
1,3.5288403034210205,
3,3.5288400650024414,
2,3.5288400650024414,
0,3.514141082763672,
2,3.5141396522521973,
3,3.5141398906707764,
1,3.5141406059265137,
3,3.5096468925476074,
1,3.5096473693847656,
0,3.5096476078033447,
2,3.509647846221924,
3,3.491891860961914,
2,3.4918923377990723,
1,3.491892099380493,
0,3.4918923377990723,
0,3.4908618927001953,
2,3.4908618927001953,
3,3.4908618927001953,
1,3.4908618927001953,
3,3.476024866104126,
2,3.476024866104126,
1,3.476025104522705,
0,3.476025104522705,
3,3.4722840785980225,
0,3.4722838401794434,
2,3.4722843170166016,
1,3.4722838401794434,
0,3.4708309173583984,
2,3.4708309173583984,
3,3.4708309173583984,
1,3.4708311557769775,
2,3.8731746673583984,
3,3.873173713684082,
0,3.8731746673583984,
1,3.873173952102661,
3,3.8731744289398193,
1,3.873173713684082,
2,3.873173952102661,
0,3.8715004920959473,
0,3.835333824157715,
2,3.835333824157715,
1,3.835333824157715,
3,3.8353333473205566,
3,3.833442211151123,
2,3.833441734313965,
0,3.833442211151123,
1,3.833441734313965,
3,3.8142058849334717,
0,3.8142056465148926,
2,3.8142058849334717,
1,3.8142056465148926,
2,3.814207077026367,
3,3.814207077026367,
0,3.812319040298462,
1,3.812318801879883,
1,3.794098377227783,
3,3.794098377227783,
0,3.794098377227783,
2,3.794098377227783,
1,3.794098377227783,
0,3.794098377227783,
3,3.7940971851348877,
2,3.794097423553467,
1,3.77396821975708,
3,3.7739691734313965,
0,3.77396821975708,
2,3.7739691734313965,
0,3.773447036743164,
3,3.773446798324585,
2,3.773446559906006,
1,3.773447036743164,
2,3.7608695030212402,
0,3.760869264602661,
3,3.7608695030212402,
1,3.7608695030212402,
3,3.7514243125915527,
0,3.7514240741729736,
1,3.7514243125915527,
2,3.7514240741729736,
2,3.7382941246032715,
0,3.7382943630218506,
1,3.7382943630218506,
3,3.7382943630218506,
0,3.8149654865264893,
3,3.8149654865264893,
1,3.8149654865264893,
2,3.8149654865264893,
1,3.802028179168701,
0,3.802028179168701,
3,3.802028179168701,
2,3.8020284175872803,
2,3.9802298545837402,
3,3.980229377746582,
1,3.980229139328003,
0,3.980229616165161,
1,3.968414545059204,
2,3.968414545059204,
3,3.968414545059204,
0,3.9684152603149414,
3,3.9588687419891357,
0,3.958868980407715,
2,3.958869218826294,
1,3.9588687419891357,
1,3.946988344192505,
0,3.946988344192505,
3,3.946988105773926,
2,3.946988105773926,
1,3.9369654655456543,
3,3.936964988708496,
2,3.936965227127075,
0,3.936965227127075,
2,3.925187110900879,
0,3.9251868724823,
1,3.9251868724823,
3,3.9251866340637207,
1,3.915281295776367,
0,3.915281295776367,
3,3.915280818939209,
2,3.915281295776367,
1,3.915281295776367,
0,3.915280818939209,
3,3.915281295776367,
2,3.915281295776367,
3,3.915280818939209,
0,3.915281295776367,
2,3.915281295776367,
1,3.915281295776367,
0,3.903374195098877,
2,3.903374195098877,
3,3.903374195098877,
1,3.903374195098877,
0,3.893077850341797,
3,3.893078088760376,
1,3.893078088760376,
2,3.893077850341797,
3,3.893078565597534,
1,3.893078088760376,
2,3.893078565597534,
0,3.893078565597534,
1,3.891340970993042,
0,3.891340970993042,
2,3.891340732574463,
3,3.891340732574463,
1,3.8713159561157227,
2,3.8713159561157227,
3,3.871316432952881,
0,3.8713159561157227,
0,3.8713159561157227,
1,3.871316432952881,
3,3.871316432952881,
2,3.8713159561157227,
1,3.8713159561157227,
3,3.871316432952881,
2,3.871316432952881,
0,3.871316432952881,
2,3.8597450256347656,
0,3.859744071960449,
1,3.8597445487976074,
3,3.8597445487976074,
2,3.606076240539551,
1,3.6060760021209717,
0,3.6060760021209717,
3,3.6060760021209717,
3,3.6060760021209717,
1,3.6060757637023926,
2,3.6060757637023926,
0,3.6060760021209717,
2,3.606076240539551,
0,3.6060757637023926,
3,3.6060757637023926,
1,3.6060760021209717,
1,3.5950264930725098,
3,3.5950262546539307,
2,3.5950264930725098,
0,3.5950264930725098,
3,3.590254068374634,
0,3.5902535915374756,
1,3.5902535915374756,
2,3.5902535915374756,
1,3.5902531147003174,
3,3.5902535915374756,
0,3.588528633117676,
2,3.588529348373413,
3,3.5686304569244385,
2,3.5686306953430176,
0,3.5686302185058594,
1,3.568631172180176,
2,3.568631172180176,
1,3.5686306953430176,
0,3.568631172180176,
3,3.5686306953430176,
0,3.5480668544769287,
2,3.5480668544769287,
3,3.5480666160583496,
1,3.5480666160583496,
3,3.5480668544769287,
2,3.5480666160583496,
1,3.5480668544769287,
0,3.5480666160583496,
0,3.528120517730713,
2,3.528120756149292,
1,3.528120756149292,
3,3.528120756149292,
1,3.527135133743286,
3,3.527135133743286,
2,3.5271353721618652,
0,3.5271356105804443,
1,3.5118765830993652,
3,3.5118770599365234,
0,3.5118765830993652,
2,3.5118765830993652,
1,3.5063793659210205,
0,3.5063796043395996,
3,3.5063793659210205,
2,3.5063796043395996,
3,3.495528221130371,
2,3.495527982711792,
1,3.495527982711792,
0,3.495527982711792,
3,3.485746383666992,
1,3.485746383666992,
0,3.485746383666992,
2,3.485746383666992,
1,3.4757466316223145,
0,3.4757466316223145,
2,3.4757466316223145,
3,3.4757466316223145,
3,3.4660277366638184,
1,3.4660282135009766,
0,3.4660282135009766,
2,3.4660282135009766,
3,3.46443510055542,
1,3.46443510055542,
2,3.46443510055542,
0,3.4644346237182617,
1,3.4472222328186035,
2,3.4472222328186035,
3,3.4472222328186035,
0,3.4472227096557617,
2,3.4472217559814453,
0,3.44722318649292,
1,3.4472222328186035,
3,3.4472217559814453,
2,3.4281530380249023,
3,3.4281530380249023,
0,3.428152561187744,
1,3.428152561187744,
0,3.428152561187744,
1,3.428152561187744,
3,3.428152561187744,
2,3.428152561187744,
1,3.4145889282226562,
0,3.41458797454834,
3,3.4145889282226562,
2,3.4145889282226562,
1,3.409365653991699,
2,3.409365653991699,
3,3.409365653991699,
0,3.409365653991699,
2,3.3995413780212402,
0,3.3995413780212402,
1,3.3995413780212402,
3,3.3995413780212402,
3,3.3890082836151123,
2,3.3890082836151123,
0,3.3890082836151123,
1,3.389008045196533,
1,3.379505157470703,
3,3.379505157470703,
0,3.379505157470703,
2,3.3795053958892822,
1,3.740450143814087,
0,3.740450143814087,
3,3.740449905395508,
2,3.740450143814087,
2,3.7384564876556396,
3,3.7384567260742188,
1,3.7384567260742188,
0,3.7384564876556396,
0,3.6948578357696533,
2,3.694857597351074,
3,3.694857597351074,
1,3.694857597351074,
2,3.6948578357696533,
1,3.6948580741882324,
0,3.6948580741882324,
3,3.694857597351074,
3,3.68485689163208,
2,3.68485689163208,
1,3.68485689163208,
0,3.684856414794922,
0,3.676504373550415,
1,3.6765053272247314,
2,3.676504373550415,
3,3.676504373550415,
0,3.676504373550415,
1,3.6765053272247314,
3,3.676504373550415,
2,3.6765053272247314,
2,3.689277410507202,
1,3.689277410507202,
3,3.6892776489257812,
0,3.689277172088623,
1,3.689277172088623,
3,3.6892776489257812,
2,3.689277410507202,
0,3.6892776489257812,
3,3.6670470237731934,
0,3.6670470237731934,
2,3.6670470237731934,
1,3.6670470237731934,
1,3.6657562255859375,
0,3.6657562255859375,
3,3.6657562255859375,
2,3.6657562255859375,
1,3.6586880683898926,
2,3.6575117111206055,
0,3.6586880683898926,
3,3.6586883068084717,
0,3.6575117111206055,
3,3.6575117111206055,
1,3.6575117111206055,
2,3.6559581756591797,
1,3.229207992553711,
0,3.2292075157165527,
3,3.2292072772979736,
2,3.229207754135132,
2,3.2274510860443115,
1,3.2274506092071533,
0,3.2274506092071533,
3,3.227450370788574,
0,3.2058053016662598,
1,3.2058053016662598,
2,3.205805778503418,
3,3.205805540084839,
3,3.1948788166046143,
0,3.1948790550231934,
1,3.1948790550231934,
2,3.1948790550231934,
0,3.182401180267334,
2,3.182401180267334,
1,3.182401180267334,
3,3.182401180267334,
1,3.1608715057373047,
2,3.1608715057373047,
3,3.1608715057373047,
0,3.1608715057373047,
1,3.1579976081848145,
3,3.1579980850219727,
2,3.1579978466033936,
0,3.1579980850219727,
1,3.137363910675049,
3,3.137363910675049,
0,3.137363910675049,
2,3.1373636722564697,
0,3.1273155212402344,
3,3.1273157596588135,
2,3.1273157596588135,
1,3.1273155212402344,
1,3.115631580352783,
2,3.1156320571899414,
0,3.115631580352783,
3,3.115631580352783,
0,3.0953264236450195,
1,3.0953264236450195,
3,3.0942838191986084,
2,3.0953264236450195,
1,3.0921473503112793,
0,3.0921471118927,
2,3.0921473503112793,
3,3.0921473503112793,
1,3.0727224349975586,
0,3.0727224349975586,
2,3.0727224349975586,
3,3.0727224349975586,
3,3.0631349086761475,
1,3.0631351470947266,
2,3.0631353855133057,
0,3.0631349086761475,
0,3.0521020889282227,
2,3.0521023273468018,
3,3.0521020889282227,
1,3.0521023273468018,
0,3.053236484527588,
3,3.053236484527588,
2,3.0532357692718506,
1,3.0532357692718506,
1,3.0505318641662598,
3,3.0505318641662598,
2,3.0505313873291016,
0,3.0505318641662598,
0,3.032522439956665,
1,3.032522678375244,
2,3.032522678375244,
3,3.032522678375244,
1,3.023764133453369,
2,3.023764133453369,
0,3.023764133453369,
3,3.023764133453369,
0,3.0139780044555664,
1,3.0139780044555664,
3,3.0139780044555664,
2,3.0139780044555664,
3,3.0050370693206787,
2,3.0050368309020996,
0,3.0050370693206787,
1,3.0050365924835205,
0,2.9954710006713867,
2,2.9954710006713867,
3,2.995471477508545,
1,2.995471715927124,
2,2.9777774810791016,
1,2.9777774810791016,
0,2.9777774810791016,
3,2.9777774810791016,
2,2.9772746562957764,
0,2.9772744178771973,
1,2.9772744178771973,
3,2.9772746562957764,
3,2.9690685272216797,
0,2.9690685272216797,
1,2.9690685272216797,
2,2.9690685272216797,
0,2.959806442260742,
3,2.9598066806793213,
1,2.959806442260742,
2,2.9598066806793213,
1,2.9466490745544434,
2,2.9466490745544434,
0,2.9466490745544434,
3,2.9466490745544434,
3,2.9438581466674805,
0,2.9438583850860596,
1,2.9438581466674805,
2,2.9438581466674805,
3,2.927905559539795,
2,2.92745304107666,
1,2.927905321121216,
0,2.9279048442840576,
2,2.9259657859802246,
1,2.9259660243988037,
0,2.9259660243988037,
3,2.9259660243988037,
1,2.9114418029785156,
0,2.9114418029785156,
3,2.9114418029785156,
2,2.9114418029785156,
3,2.904385805130005,
0,2.904385566711426,
2,2.904385566711426,
1,2.904385566711426,
0,2.8962035179138184,
2,2.8962035179138184,
1,2.8962037563323975,
3,2.8962035179138184,
0,2.8815269470214844,
1,2.8815276622772217,
2,2.8815276622772217,
3,2.8815271854400635,
2,2.8799545764923096,
1,2.8799543380737305,
3,2.8799538612365723,
0,2.879953384399414,
1,2.867096424102783,
2,2.867096185684204,
0,2.867096424102783,
3,2.867096424102783,
1,2.86059832572937,
2,2.86059832572937,
0,2.86059832572937,
3,2.86059832572937,
1,2.8148627281188965,
2,2.8148632049560547,
3,2.8148629665374756,
0,2.8148624897003174,
2,2.808042287826538,
1,2.8080427646636963,
0,2.8080430030822754,
3,2.808042526245117,
0,2.800358533859253,
3,2.800358295440674,
1,2.800358533859253,
2,2.800358295440674,
0,2.7988944053649902,
1,2.7939839363098145,
2,2.7939841747283936,
3,2.7939841747283936,
2,2.7867374420166016,
0,2.7867372035980225,
3,2.786736488342285,
1,2.7867374420166016,
1,2.786736488342285,
2,2.7867374420166016,
3,2.7867372035980225,
0,2.7867369651794434,
2,2.7867374420166016,
0,2.786736488342285,
1,2.786736488342285,
3,2.7867369651794434,
2,2.775319814682007,
0,2.7753195762634277,
1,2.775320053100586,
3,2.775320053100586,
2,2.7724924087524414,
0,2.7724921703338623,
1,2.7724924087524414,
3,2.7724924087524414,
3,2.7724921703338623,
1,2.7724921703338623,
2,2.7724921703338623,
0,2.7724924087524414,
2,2.766017198562622,
1,2.766016721725464,
0,2.766016960144043,
3,2.766017436981201,
1,2.757255792617798,
2,2.7572555541992188,
3,2.757256031036377,
0,2.757256031036377,
3,2.757255792617798,
2,2.757255792617798,
1,2.757256031036377,
0,2.757256031036377,
3,2.757255792617798,
0,2.757256031036377,
1,2.7572555541992188,
2,2.757256031036377,
3,2.7435004711151123,
1,2.7435007095336914,
2,2.7423810958862305,
0,2.7435007095336914,
2,2.7423810958862305,
3,2.7423813343048096,
0,2.7423810958862305,
1,2.7423810958862305,
1,2.7423810958862305,
2,2.7423810958862305,
0,2.7423810958862305,
3,2.7423810958862305,
2,2.7369887828826904,
0,2.7369890213012695,
3,2.7369890213012695,
1,2.7369890213012695,
0,2.727682590484619,
2,2.727682590484619,
1,2.72768235206604,
3,2.72768235206604,
2,2.727682590484619,
1,2.727682113647461,
3,2.727682590484619,
0,2.72768235206604,
2,2.7126944065093994,
1,2.712693929672241,
0,2.712693929672241,
3,2.712693929672241,
1,2.712693929672241,
2,2.712693691253662,
3,2.7126941680908203,
0,2.7126944065093994,
0,2.7126944065093994,
2,2.712693691253662,
3,2.710775136947632,
1,2.710775375366211,
0,2.697570562362671,
1,2.6975698471069336,
3,2.697570562362671,
2,2.697570562362671,
2,2.697570562362671,
1,2.6975698471069336,
0,2.697570323944092,
3,2.697570323944092,
2,2.696230173110962,
1,2.692722797393799,
0,2.6927225589752197,
3,2.69623064994812,
2,2.6831912994384766,
0,2.6831917762756348,
3,2.6831912994384766,
1,2.6831915378570557,
1,2.6831912994384766,
0,2.6831915378570557,
2,2.6831915378570557,
3,2.6831915378570557,
1,2.6831915378570557,
2,2.6831917762756348,
0,2.6831915378570557,
3,2.6831917762756348,
0,2.6700921058654785,
1,2.6700921058654785,
3,2.6700925827026367,
2,2.6700921058654785,
1,2.668637275695801,
2,2.668637275695801,
0,2.6686370372772217,
3,2.66863751411438,
3,2.6686370372772217,
1,2.66863751411438,
0,2.668637275695801,
2,2.6686370372772217,
1,2.668637275695801,
0,2.6686370372772217,
3,2.668637275695801,
2,2.6686370372772217,
0,2.663593292236328,
3,2.663593053817749,
1,2.663593053817749,
2,2.663593292236328,
0,2.6534128189086914,
1,2.6534132957458496,
3,2.6534128189086914,
2,2.6534130573272705,
3,2.6534128189086914,
1,2.6534130573272705,
2,2.6534128189086914,
0,2.6534128189086914,
3,2.6380693912506104,
0,2.638068675994873,
2,2.6380693912506104,
1,2.638068675994873,
0,2.638068675994873,
2,2.6380691528320312,
1,2.638068675994873,
3,2.638068675994873,
1,2.6277785301208496,
0,2.6277785301208496,
2,2.6277787685394287,
3,2.6277787685394287,
1,2.6233906745910645,
2,2.6233901977539062,
0,2.6233904361724854,
3,2.6233904361724854,
1,2.6183323860168457,
0,2.618332624435425,
2,2.618332862854004,
3,2.6183323860168457,
1,2.608067274093628,
3,2.6080679893493652,
2,2.608067512512207,
0,2.608067512512207,
3,2.6036410331726074,
2,2.6036407947540283,
0,2.6036410331726074,
1,2.6036407947540283,
0,2.593441963195801,
3,2.593442440032959,
1,2.593441963195801,
2,2.593441963195801,
1,2.593442440032959,
2,2.593442440032959,
0,2.593442440032959,
3,2.593442440032959,
1,2.578122138977051,
0,2.578122138977051,
3,2.578122138977051,
2,2.578122138977051,
1,2.578122615814209,
2,2.578122615814209,
0,2.578122615814209,
3,2.578122615814209,
3,2.5634074211120605,
2,2.5634074211120605,
0,2.5634074211120605,
1,2.5634074211120605,
2,2.5634074211120605,
0,2.5634071826934814,
1,2.5634074211120605,
3,2.5634074211120605,
3,2.5481557846069336,
0,2.549910068511963,
1,2.549909830093384,
2,2.549909830093384,
0,2.5481560230255127,
1,2.5481557846069336,
3,2.5481560230255127,
2,2.5481557846069336,
2,2.543941020965576,
3,2.543941020965576,
1,2.543940782546997,
0,2.543941020965576,
3,2.5336947441101074,
1,2.5336947441101074,
2,2.5336952209472656,
0,2.5336949825286865,
3,2.5288310050964355,
0,2.5288314819335938,
2,2.5288307666778564,
1,2.5288310050964355,
3,2.5194942951202393,
1,2.5194945335388184,
2,2.5194945335388184,
0,2.5194945335388184,
1,2.514810085296631,
0,2.5148098468780518,
3,2.514810085296631,
2,2.514810085296631,
1,2.505571126937866,
3,2.505571126937866,
0,2.5055713653564453,
2,2.505571126937866,
1,2.504093885421753,
0,2.504094123840332,
2,2.504094123840332,
3,2.504093885421753,
0,2.4919538497924805,
3,2.4919540882110596,
2,2.4919543266296387,
1,2.4919540882110596,
1,2.4901673793792725,
3,2.4901671409606934,
0,2.490480661392212,
2,2.4901671409606934,
1,2.4786760807037354,
3,2.4786758422851562,
0,2.4786763191223145,
2,2.4786760807037354,
0,2.4770233631134033,
2,2.4770233631134033,
3,2.477023124694824,
1,2.477023124694824,
2,2.465803384780884,
1,2.465803623199463,
3,2.465803384780884,
0,2.465803623199463,
3,2.465803384780884,
2,2.465803384780884,
0,2.4647042751312256,
1,2.4647042751312256,
0,2.4535293579101562,
3,2.453529119491577,
1,2.453529119491577,
2,2.4535293579101562,
2,2.453529119491577,
3,2.453529119491577,
0,2.453528881072998,
1,2.453528881072998,
3,2.441671133041382,
1,2.441671133041382,
0,2.4416706562042236,
2,2.4416708946228027,
3,2.4407706260681152,
2,2.4407706260681152,
0,2.4407706260681152,
1,2.4407708644866943,
2,2.4298667907714844,
0,2.4298667907714844,
1,2.4298667907714844,
3,2.4298667907714844,
3,2.4288859367370605,
1,2.4288864135742188,
0,2.4288864135742188,
2,2.4288856983184814,
0,2.4203028678894043,
3,2.4203031063079834,
1,2.420302629470825,
2,2.4203028678894043,
1,2.3544020652770996,
0,2.3544020652770996,
2,2.3544020652770996,
3,2.3544020652770996,
2,2.343891143798828,
3,2.3455681800842285,
1,2.3455677032470703,
0,2.3455677032470703,
1,2.342771053314209,
3,2.342771053314209,
2,2.342771053314209,
0,2.342771053314209,
1,2.3341615200042725,
2,2.3341615200042725,
3,2.3341612815856934,
0,2.3341612815856934,
0,2.3314363956451416,
2,2.3314366340637207,
1,2.3314366340637207,
3,2.3314366340637207,
3,2.327857494354248,
1,2.3278579711914062,
0,2.3278579711914062,
2,2.327857732772827,
3,2.32076358795166,
2,2.3207638263702393,
0,2.3207638263702393,
1,2.3207638263702393,
1,2.3167665004730225,
2,2.3167662620544434,
0,2.3167665004730225,
3,2.3167665004730225,
1,2.3099446296691895,
3,2.3099451065063477,
0,2.3099453449249268,
2,2.3099451065063477,
0,2.3058271408081055,
1,2.3058271408081055,
2,2.3058273792266846,
3,2.3058271408081055,
3,2.2736001014709473,
1,2.273599863052368,
0,2.2736001014709473,
2,2.2736001014709473,
1,2.2719922065734863,
2,2.2719931602478027,
3,2.2719922065734863,
0,2.2719926834106445,
2,2.2627322673797607,
3,2.2627320289611816,
0,2.2627322673797607,
1,2.2627322673797607,
0,2.2614855766296387,
2,2.2614855766296387,
1,2.2614853382110596,
3,2.2614853382110596,
1,2.2510313987731934,
2,2.2510313987731934,
0,2.2510313987731934,
3,2.2510316371917725,
0,2.2510318756103516,
1,2.2510313987731934,
3,2.251030921936035,
2,2.2510318756103516,
2,2.2510318756103516,
3,2.2510313987731934,
1,2.2510311603546143,
0,2.2510311603546143,
2,2.246002674102783,
0,2.246002435684204,
3,2.2460031509399414,
1,2.2460029125213623,
1,2.239349842071533,
2,2.239349842071533,
0,2.239349842071533,
3,2.239349842071533,
2,2.239349842071533,
1,2.239349842071533,
0,2.239349842071533,
3,2.239349842071533,
1,2.239349842071533,
0,2.239349842071533,
2,2.239349842071533,
3,2.239349842071533,
2,2.239349842071533,
0,2.239349842071533,
1,2.239349842071533,
3,2.239349842071533,
1,2.2497994899749756,
2,2.250858783721924,
3,2.2497997283935547,
0,2.249799966812134,
2,2.2497997283935547,
3,2.249799966812134,
0,2.2497994899749756,
1,2.2497994899749756,
1,2.2497997283935547,
2,2.2497997283935547,
0,2.2497997283935547,
3,2.249799966812134,
1,2.2453813552856445,
0,2.2453815937042236,
2,2.2453813552856445,
3,2.2453815937042236,
0,2.2383365631103516,
1,2.2383365631103516,
3,2.2383365631103516,
2,2.2383365631103516,
2,2.2336974143981934,
3,2.2336976528167725,
0,2.2336974143981934,
1,2.2336978912353516,
1,2.2266733646392822,
3,2.2266736030578613,
2,2.2266736030578613,
0,2.2266736030578613,
1,2.2250919342041016,
2,2.2250919342041016,
0,2.2250919342041016,
3,2.221745014190674,
1,2.2150468826293945,
3,2.2150468826293945,
0,2.2150468826293945,
2,2.2150468826293945,
0,2.2136454582214355,
3,2.208667278289795,
1,2.208667278289795,
2,2.208667278289795,
1,2.2018918991088867,
2,2.2018918991088867,
3,2.2018918991088867,
0,2.2018914222717285,
2,2.1963324546813965,
3,2.1963324546813965,
1,2.1929638385772705,
0,2.1963324546813965,
3,2.1897566318511963,
0,2.1897566318511963,
2,2.1883628368377686,
1,2.1883628368377686,
2,2.1780502796173096,
3,2.1780505180358887,
0,2.1780505180358887,
1,2.1780505180358887,
0,2.1728172302246094,
3,2.1728172302246094,
1,2.1728172302246094,
2,2.1728172302246094,
0,1.7836729288101196,
3,1.7836731672286987,
1,1.782112717628479,
2,1.782112717628479,
3,1.7796913385391235,
2,1.7796913385391235,
1,1.7796913385391235,
0,1.7796913385391235,
1,1.7777419090270996,
0,1.7777420282363892,
2,1.7777423858642578,
3,1.7777422666549683,
1,1.775551438331604,
3,1.7755513191223145,
0,1.7755513191223145,
2,1.775551199913025,
0,1.773382306098938,
1,1.773382544517517,
2,1.773382544517517,
3,1.773382306098938,
0,1.7702324390411377,
3,1.7698720693588257,
2,1.7702325582504272,
1,1.770232081413269,
2,1.7674599885940552,
1,1.7674602270126343,
3,1.7674601078033447,
0,1.7674598693847656,
1,1.7651516199111938,
0,1.7651517391204834,
3,1.7651516199111938,
2,1.7651517391204834,
3,1.7616218328475952,
0,1.7616215944290161,
1,1.7616214752197266,
2,1.7616218328475952,
0,1.758602261543274,
1,1.7586023807525635,
2,1.7586021423339844,
3,1.758602261543274,
1,1.7586021423339844,
3,1.7586016654968262,
0,1.7586020231246948,
2,1.7586020231246948,
0,1.75538969039917,
2,1.75538969039917,
3,1.75538969039917,
1,1.75538969039917,
0,1.7544080018997192,
3,1.7544080018997192,
1,1.7544082403182983,
2,1.7544082403182983,
1,1.7544077634811401,
2,1.7544077634811401,
0,1.7544077634811401,
3,1.7544077634811401,
2,1.7525421380996704,
0,1.75254225730896,
1,1.7525420188903809,
3,1.7525421380996704,
1,1.7500030994415283,
2,1.7500029802322388,
3,1.7500029802322388,
0,1.7500029802322388,
0,1.7905242443084717,
1,1.7905243635177612,
2,1.7905242443084717,
3,1.7905243635177612,
3,1.7877720594406128,
2,1.7877719402313232,
1,1.7877720594406128,
0,1.7877719402313232,
0,1.7877720594406128,
1,1.7877720594406128,
3,1.7877719402313232,
2,1.7877719402313232,
1,1.7853096723556519,
2,1.7853096723556519,
0,1.7853095531463623,
3,1.7853096723556519,
0,1.7834875583648682,
3,1.7834874391555786,
1,1.7834875583648682,
2,1.7834875583648682,
2,1.7834875583648682,
1,1.7834874391555786,
0,1.7834874391555786,
3,1.7834875583648682,
2,1.780316710472107,
0,1.779380202293396,
1,1.779380202293396,
3,1.779380202293396,
0,1.7793805599212646,
2,1.779380202293396,
3,1.7793805599212646,
1,1.7793805599212646,
2,1.7793805599212646,
1,1.779380202293396,
0,1.7793805599212646,
3,1.7793805599212646,
2,1.8147902488708496,
1,1.776578664779663,
0,1.8147907257080078,
3,1.8147902488708496,
2,1.8147902488708496,
1,1.8147902488708496,
3,1.8147907257080078,
0,1.8147902488708496,
3,1.8132328987121582,
2,1.8132333755493164,
1,1.8132328987121582,
0,1.8132333755493164,
2,1.8108625411987305,
3,1.8108625411987305,
0,1.8108625411987305,
1,1.8108625411987305,
0,1.8089760541915894,
2,1.8089760541915894,
3,1.8089760541915894,
1,1.8089760541915894,
1,1.8067586421966553,
3,1.8067586421966553,
0,1.8067584037780762,
2,1.8067584037780762,
3,1.8067586421966553,
0,1.8067586421966553,
1,1.8067584037780762,
2,1.8067584037780762,
2,1.8039488792419434,
1,1.8039488792419434,
3,1.8039488792419434,
0,1.8039488792419434,
1,1.8032194375991821,
0,1.803219199180603,
2,1.803219199180603,
3,1.8032193183898926,
2,1.8020488023757935,
3,1.8020488023757935,
0,1.802048683166504,
1,1.802048683166504,
2,1.841336727142334,
0,1.8413364887237549,
1,1.8413364887237549,
3,1.8413364887237549,
2,1.8413362503051758,
0,1.8413364887237549,
1,1.841336727142334,
3,1.8413362503051758,
1,1.8382035493850708,
2,1.8382035493850708,
3,1.8374438285827637,
0,1.8382035493850708,
3,1.8374438285827637,
1,1.8374438285827637,
2,1.8374438285827637,
0,1.8374438285827637,
0,1.836360216140747,
1,1.836360216140747,
3,1.836360216140747,
2,1.8363604545593262,
2,1.8339078426361084,
0,1.8339083194732666,
1,1.8339080810546875,
3,1.8339084386825562,
1,1.8339078426361084,
3,1.8339080810546875,
0,1.8339078426361084,
2,1.8339078426361084,
1,1.8325879573822021,
2,1.832587718963623,
0,1.832587718963623,
3,1.8325161933898926,
0,1.8303754329681396,
1,1.8303749561309814,
2,1.8303754329681396,
3,1.8303754329681396,
3,1.8303756713867188,
2,1.8303754329681396,
0,1.8303756713867188,
1,1.8303749561309814,
0,1.8303749561309814,
2,1.8303749561309814,
1,1.8303756713867188,
3,1.8303754329681396,
1,1.8273911476135254,
0,1.8273911476135254,
2,1.8273911476135254,
3,1.8273909091949463,
1,1.826655626296997,
0,1.826655626296997,
2,1.826655626296997,
3,1.826655626296997,
1,1.826655626296997,
2,1.826655626296997,
0,1.826655626296997,
3,1.826655626296997,
3,1.8231031894683838,
1,1.823944091796875,
2,1.823944091796875,
0,1.823103427886963,
3,1.823103427886963,
2,1.8231031894683838,
1,1.823103427886963,
0,1.823103427886963,
0,1.8218917846679688,
1,1.8218917846679688,
3,1.8218917846679688,
2,1.8218915462493896,
1,1.8196455240249634,
2,1.8196455240249634,
0,1.8196455240249634,
3,1.8196455240249634,
0,1.8196455240249634,
3,1.8196455240249634,
1,1.8196455240249634,
2,1.8196455240249634,
3,1.81600022315979,
0,1.8160004615783691,
2,1.81600022315979,
1,1.8160004615783691,
2,1.81600022315979,
1,1.8160004615783691,
0,1.81600022315979,
3,1.8160004615783691,
0,1.8146286010742188,
1,1.8146287202835083,
2,1.8146286010742188,
3,1.8146287202835083,
1,1.8114864826202393,
2,1.8114864826202393,
0,1.8114869594573975,
3,1.8114869594573975,
2,1.8114867210388184,
0,1.8114869594573975,
1,1.8114864826202393,
3,1.8114867210388184,
2,1.8021094799041748,
1,1.7850723266601562,
3,1.7850723266601562,
0,1.7850723266601562,
0,1.7850723266601562,
2,1.7850723266601562,
1,1.7850723266601562,
3,1.7850723266601562,
2,1.7838842868804932,
1,1.7838842868804932,
0,1.7838842868804932,
3,1.7838842868804932,
1,1.780881643295288,
0,1.780881643295288,
3,1.780881643295288,
2,1.780881643295288,
0,1.7795876264572144,
1,1.77935791015625,
3,1.77935791015625,
2,1.7795876264572144,
3,1.7866852283477783,
0,1.7866857051849365,
1,1.7866857051849365,
2,1.7866857051849365,
0,1.7866857051849365,
2,1.7866852283477783,
3,1.7866857051849365,
1,1.7857168912887573,
2,1.7826967239379883,
0,1.7826967239379883,
1,1.7826972007751465,
3,1.7826967239379883,
1,1.7826967239379883,
2,1.7826967239379883,
3,1.7826972007751465,
0,1.7826967239379883,
2,1.781524658203125,
1,1.781524658203125,
0,1.781524658203125,
3,1.781524658203125,
2,1.7786710262298584,
1,1.7786712646484375,
0,1.7786710262298584,
3,1.7786712646484375,
2,1.7786704301834106,
3,1.7786706686019897,
1,1.7786704301834106,
0,1.7786712646484375,
1,1.7771998643875122,
2,1.7771998643875122,
3,1.7771998643875122,
0,1.7772002220153809,
0,1.774483561515808,
3,1.7744834423065186,
1,1.7744834423065186,
2,1.7744832038879395,
1,1.774483323097229,
0,1.7744834423065186,
2,1.7744834423065186,
3,1.77448308467865,
1,1.7734684944152832,
0,1.7734683752059937,
3,1.7734683752059937,
2,1.7734684944152832,
0,1.7710731029510498,
1,1.7710731029510498,
3,1.7710731029510498,
2,1.7710731029510498,
2,1.7697944641113281,
1,1.7697944641113281,
0,1.7697944641113281,
3,1.7697944641113281,
2,1.767418622970581,
1,1.767418384552002,
0,1.767418384552002,
3,1.767418384552002,
0,1.767418384552002,
2,1.767418622970581,
1,1.767418384552002,
3,1.767418384552002,
1,1.7668540477752686,
2,1.7668540477752686,
0,1.7668540477752686,
3,1.7668542861938477,
3,1.7641419172286987,
2,1.7641419172286987,
1,1.7641419172286987,
0,1.7641416788101196,
3,1.762797236442566,
2,1.762797236442566,
1,1.762797236442566,
0,1.7627973556518555,
1,1.760745882987976,
2,1.760745882987976,
0,1.760745882987976,
3,1.7607460021972656,
1,1.7607457637786865,
0,1.7607460021972656,
2,1.7607457637786865,
3,1.760745882987976,
1,1.7595875263214111,
0,1.759587287902832,
2,1.7595875263214111,
3,1.759587287902832,
1,1.7549211978912354,
0,1.7549214363098145,
2,1.7549214363098145,
3,1.7549211978912354,
1,1.7549211978912354,
0,1.7549214363098145,
2,1.7549211978912354,
3,1.7549214363098145,
3,1.7518163919448853,
0,1.7518163919448853,
2,1.7518163919448853,
1,1.7524869441986084,
1,1.7518163919448853,
2,1.7518163919448853,
3,1.7518163919448853,
0,1.7518165111541748,
3,1.7518163919448853,
0,1.7518163919448853,
1,1.7518163919448853,
2,1.7518163919448853,
0,1.7490034103393555,
3,1.7490034103393555,
2,1.7490029335021973,
1,1.7490036487579346,
2,1.7490029335021973,
1,1.7490036487579346,
0,1.7490034103393555,
3,1.7490036487579346,
0,1.7490036487579346,
2,1.7490026950836182,
1,1.7490034103393555,
3,1.7490034103393555,
1,1.7480368614196777,
0,1.7480366230010986,
2,1.7480356693267822,
3,1.7480363845825195,
2,1.74638032913208,
0,1.74638032913208,
1,1.74638032913208,
3,1.7463805675506592,
1,1.7463805675506592,
3,1.74638032913208,
2,1.74638032913208,
0,1.7463805675506592,
0,1.74638032913208,
1,1.74638032913208,
3,1.7463805675506592,
2,1.745436668395996,
1,1.7435275316238403,
2,1.7435272932052612,
0,1.7435272932052612,
3,1.7435275316238403,
3,1.7435272932052612,
2,1.7435275316238403,
0,1.7435272932052612,
1,1.7435272932052612,
2,1.7435272932052612,
0,1.7435272932052612,
3,1.7435272932052612,
1,1.7435275316238403,
1,1.7409143447875977,
0,1.7409143447875977,
2,1.7414774894714355,
3,1.7409144639968872,
1,1.7409144639968872,
2,1.7409143447875977,
0,1.7409144639968872,
3,1.7409143447875977,
3,1.739790678024292,
1,1.739790678024292,
2,1.739790678024292,
0,1.739790678024292,
0,1.7382819652557373,
2,1.7382817268371582,
1,1.7382822036743164,
3,1.7382819652557373,
1,1.7382819652557373,
2,1.7382819652557373,
0,1.7382819652557373,
3,1.7382816076278687,
1,1.7374728918075562,
3,1.7374728918075562,
2,1.7374732494354248,
0,1.7374731302261353,
3,1.7358815670013428,
1,1.7358819246292114,
0,1.7358816862106323,
2,1.7358815670013428,
2,1.7358818054199219,
0,1.7358816862106323,
1,1.7358816862106323,
3,1.7358816862106323,
2,1.7346062660217285,
1,1.7346060276031494,
3,1.7346060276031494,
0,1.7346060276031494,
1,1.7332119941711426,
3,1.7332119941711426,
2,1.7332117557525635,
0,1.7332117557525635,
0,1.7332117557525635,
3,1.7332117557525635,
2,1.7332117557525635,
1,1.7332117557525635,
0,1.7322773933410645,
1,1.7322776317596436,
3,1.7322776317596436,
2,1.7322773933410645,
1,1.7306843996047974,
2,1.7306843996047974,
3,1.7306843996047974,
0,1.7306843996047974,
1,1.7306843996047974,
0,1.7306843996047974,
2,1.7306843996047974,
3,1.7306843996047974,
1,1.730062484741211,
3,1.7298864126205444,
2,1.7298864126205444,
0,1.7298864126205444,
3,1.728427529335022,
2,1.728427529335022,
0,1.728427529335022,
1,1.728427529335022,
1,1.728066325187683,
3,1.7280666828155518,
2,1.7280664443969727,
0,1.728065848350525,
3,1.7249224185943604,
1,1.7249224185943604,
2,1.7249222993850708,
0,1.7249224185943604,
3,1.7234653234481812,
1,1.7234653234481812,
0,1.7234653234481812,
2,1.7234655618667603,
2,1.7226725816726685,
0,1.722672939300537,
3,1.7226725816726685,
1,1.722672700881958,
3,1.7306158542633057,
0,1.7306158542633057,
2,1.7306160926818848,
1,1.7306158542633057,
3,1.72820246219635,
2,1.7282027006149292,
0,1.7282027006149292,
1,1.72820246219635,
3,1.727103352546692,
2,1.727103352546692,
0,1.727103352546692,
1,1.727103352546692,
3,1.6862555742263794,
1,1.6862554550170898,
0,1.6862552165985107,
2,1.6862552165985107,
3,1.683380126953125,
1,1.683379888534546,
2,1.683380126953125,
0,1.6833800077438354,
1,1.6824384927749634,
0,1.6824387311935425,
2,1.682438850402832,
3,1.6824384927749634,
1,1.6796784400939941,
3,1.6796789169311523,
0,1.6796786785125732,
2,1.6796789169311523,
3,1.6775476932525635,
0,1.6775480508804321,
1,1.6775476932525635,
2,1.677547812461853,
3,1.6763050556182861,
2,1.6763051748275757,
0,1.6763050556182861,
1,1.6763051748275757,
0,1.674252986907959,
1,1.674252986907959,
3,1.674252986907959,
2,1.6733388900756836,
0,1.6712249517440796,
1,1.6712250709533691,
2,1.6712249517440796,
3,1.6712249517440796,
0,1.6701538562774658,
3,1.6701538562774658,
2,1.6701538562774658,
1,1.6701538562774658,
0,1.668154001235962,
1,1.668154001235962,
2,1.668154001235962,
3,1.668154001235962,
3,1.6673953533172607,
2,1.6673953533172607,
1,1.6673953533172607,
0,1.6673953533172607,
0,1.6653131246566772,
1,1.6653131246566772,
3,1.6653131246566772,
2,1.6653131246566772,
1,1.6643593311309814,
2,1.6643593311309814,
3,1.6643593311309814,
0,1.6643593311309814,
1,1.6604896783828735,
2,1.6604893207550049,
0,1.6604888439178467,
3,1.6604890823364258,
1,1.6579349040985107,
0,1.6579346656799316,
2,1.6579350233078003,
3,1.657529354095459,
0,1.657529354095459,
1,1.6575291156768799,
2,1.657529354095459,
3,1.657529354095459,
0,1.6565742492675781,
2,1.6565742492675781,
1,1.6565744876861572,
3,1.6565744876861572,
3,1.6547553539276123,
1,1.6547551155090332,
0,1.6547553539276123,
2,1.6547553539276123,
0,1.6547551155090332,
2,1.6547553539276123,
1,1.6547551155090332,
3,1.6547553539276123,
0,1.6547551155090332,
2,1.6547551155090332,
3,1.6547553539276123,
1,1.6547551155090332,
1,1.6521220207214355,
2,1.6521220207214355,
0,1.6521224975585938,
3,1.652122139930725,
3,1.652122139930725,
2,1.6521220207214355,
0,1.6521220207214355,
1,1.6521220207214355,
0,1.6511784791946411,
3,1.6511783599853516,
2,1.6511785984039307,
1,1.6511781215667725,
2,1.649416208267212,
1,1.6494163274765015,
3,1.6494166851043701,
0,1.649416208267212,
1,1.6494163274765015,
2,1.6494168043136597,
3,1.6494166851043701,
0,1.6494166851043701,
1,1.6468374729156494,
2,1.6468374729156494,
0,1.6464638710021973,
3,1.6464638710021973,
2,1.6464638710021973,
3,1.6464638710021973,
1,1.6464638710021973,
0,1.6464638710021973,
0,1.6452305316925049,
1,1.6452305316925049,
2,1.6452302932739258,
3,1.6452305316925049,
2,1.6431673765182495,
3,1.6431671380996704,
0,1.6431673765182495,
1,1.64316725730896,
1,1.6431671380996704,
0,1.64316725730896,
3,1.6431671380996704,
2,1.6431673765182495,
0,1.6399765014648438,
3,1.6399763822555542,
2,1.6394288539886475,
1,1.6399765014648438,
3,1.6394286155700684,
1,1.6394288539886475,
2,1.6394288539886475,
0,1.6394288539886475,
1,1.6388322114944458,
3,1.638832688331604,
0,1.6388322114944458,
2,1.638832449913025,
2,1.6357364654541016,
3,1.6357364654541016,
0,1.6357364654541016,
1,1.6357364654541016,
1,1.6357364654541016,
2,1.6357364654541016,
0,1.6357364654541016,
3,1.6357364654541016,
3,1.634843349456787,
1,1.634843349456787,
0,1.634843349456787,
2,1.634843349456787,
2,1.6319127082824707,
0,1.6319127082824707,
1,1.6319127082824707,
3,1.6319129467010498,
1,1.6319127082824707,
2,1.6319129467010498,
0,1.6319129467010498,
3,1.6319127082824707,
2,1.6319129467010498,
0,1.6319127082824707,
3,1.6319127082824707,
1,1.6319127082824707,
1,1.6281933784484863,
0,1.628817081451416,
3,1.628817081451416,
2,1.628817081451416,
2,1.6281933784484863,
1,1.6281933784484863,
0,1.6281932592391968,
3,1.6281931400299072,
2,1.6281930208206177,
1,1.6281932592391968,
3,1.6281930208206177,
0,1.6281930208206177,
3,1.6247236728668213,
0,1.6241389513015747,
2,1.6247236728668213,
1,1.6241388320922852,
0,1.6241388320922852,
1,1.6241390705108643,
3,1.6241389513015747,
2,1.6241393089294434,
1,1.6241388320922852,
2,1.6241390705108643,
0,1.6241390705108643,
3,1.6241390705108643,
2,1.623096227645874,
1,1.623096227645874,
3,1.6230961084365845,
0,1.6230963468551636,
2,1.62017822265625,
1,1.620178461074829,
0,1.62017822265625,
3,1.62017822265625,
1,1.62017822265625,
2,1.62017822265625,
0,1.62017822265625,
3,1.62017822265625,
1,1.6194331645965576,
2,1.6194329261779785,
3,1.6183068752288818,
0,1.6194329261779785,
1,1.6166471242904663,
0,1.6166470050811768,
3,1.6166470050811768,
2,1.6166472434997559,
2,1.6157572269439697,
1,1.6157571077346802,
3,1.6157571077346802,
0,1.6157569885253906,
3,1.612701416015625,
0,1.612701416015625,
2,1.612701416015625,
1,1.612701416015625,
2,1.6126964092254639,
0,1.6126961708068848,
3,1.6126964092254639,
1,1.6126964092254639,
1,1.6127431392669678,
2,1.6127427816390991,
0,1.6127430200576782,
3,1.6127431392669678,
0,1.6089131832122803,
1,1.6089130640029907,
2,1.6089130640029907,
3,1.6089130640029907,
3,1.6078805923461914,
2,1.6078803539276123,
1,1.6078803539276123,
0,1.6078805923461914,
2,1.6065155267715454,
0,1.6065157651901245,
1,1.6065155267715454,
3,1.606515884399414,
2,1.6065062284469604,
1,1.606506109237671,
0,1.6065062284469604,
3,1.6065062284469604,
1,1.6034871339797974,
0,1.6034866571426392,
3,1.60348641872406,
2,1.60348641872406,
0,1.6017991304397583,
3,1.6017993688583374,
2,1.6017991304397583,
1,1.6017993688583374,
1,1.6008477210998535,
2,1.6008477210998535,
3,1.6008481979370117,
0,1.6008479595184326,
1,1.5977513790130615,
0,1.5977513790130615,
3,1.5977513790130615,
2,1.5977513790130615,
2,1.597741961479187,
0,1.597741961479187,
1,1.597741961479187,
3,1.597741961479187,
0,1.5937072038650513,
2,1.5937070846557617,
3,1.5937070846557617,
1,1.5937069654464722,
0,1.5937072038650513,
2,1.5937069654464722,
1,1.5937070846557617,
3,1.5937069654464722,
1,1.5923634767532349,
2,1.5923633575439453,
3,1.5923635959625244,
0,1.5923633575439453,
1,1.5893990993499756,
3,1.589398980140686,
2,1.5893990993499756,
0,1.5893990993499756,
2,1.589389681816101,
0,1.5893895626068115,
1,1.589389681816101,
3,1.5893895626068115,
1,1.585935115814209,
2,1.585935115814209,
0,1.5859354734420776,
3,1.585935115814209,
1,1.5851961374282837,
0,1.5851961374282837,
3,1.5851961374282837,
2,1.5851961374282837,
1,1.5843982696533203,
2,1.5843982696533203,
0,1.5843983888626099,
3,1.5843982696533203,
2,1.5812808275222778,
1,1.5812807083129883,
0,1.5812807083129883,
3,1.5812807083129883,
2,1.581271767616272,
0,1.5812715291976929,
3,1.581271767616272,
1,1.5812714099884033,
1,1.5799062252044678,
2,1.5799062252044678,
3,1.5799062252044678,
0,1.5799063444137573,
0,1.5708178281784058,
2,1.5708181858062744,
3,1.5708175897598267,
1,1.5708175897598267,
1,1.5708098411560059,
0,1.5708104372024536,
2,1.570810317993164,
3,1.5708099603652954,
1,1.570025086402893,
0,1.5700256824493408,
2,1.5700249671936035,
3,1.5700249671936035,
2,1.567204475402832,
1,1.5672045946121216,
3,1.5672045946121216,
0,1.5672045946121216,
1,1.567204475402832,
2,1.567204475402832,
0,1.5672045946121216,
3,1.5672045946121216,
0,1.5664753913879395,
3,1.5664753913879395,
1,1.56647527217865,
2,1.56647527217865,
2,1.563562035560608,
0,1.5635619163513184,
1,1.563562035560608,
3,1.5635619163513184,
2,1.5635523796081543,
0,1.5635523796081543,
3,1.5635522603988647,
1,1.5635523796081543,
0,1.560766577720642,
1,1.560766577720642,
2,1.560766577720642,
3,1.560766577720642,
2,1.5593005418777466,
0,1.5593005418777466,
3,1.5593005418777466,
1,1.5593005418777466,
2,1.5592914819717407,
1,1.5592914819717407,
0,1.5592914819717407,
3,1.5592914819717407,
2,1.55563223361969,
1,1.555632472038269,
0,1.5556327104568481,
3,1.5556325912475586,
1,1.55563223361969,
2,1.555632472038269,
3,1.555632472038269,
0,1.5556325912475586,
0,1.5545592308044434,
1,1.5545591115951538,
2,1.5545588731765747,
3,1.5545591115951538,
1,1.552049994468689,
3,1.552049994468689,
0,1.552049994468689,
2,1.552049994468689,
0,1.552040696144104,
3,1.552040696144104,
1,1.552040696144104,
2,1.552040696144104,
2,1.5496772527694702,
1,1.5496772527694702,
0,1.5496774911880493,
3,1.5496772527694702,
2,1.5482032299041748,
3,1.5482033491134644,
0,1.5482033491134644,
1,1.5482033491134644,
2,1.5468940734863281,
0,1.5468939542770386,
3,1.5468939542770386,
1,1.5468940734863281,
0,1.544150948524475,
1,1.544150948524475,
3,1.5441513061523438,
2,1.5441513061523438,
0,1.5441421270370483,
1,1.544142246246338,
2,1.5441417694091797,
3,1.5434308052062988,
3,1.540513515472412,
2,1.5405137538909912,
0,1.540513515472412,
1,1.5405136346817017,
2,1.540503978729248,
1,1.5405044555664062,
0,1.5405042171478271,
3,1.5405040979385376,
2,1.5395996570587158,
3,1.5396000146865845,
1,1.539599895477295,
0,1.5395994186401367,
0,1.5370064973831177,
2,1.5370067358016968,
1,1.5370063781738281,
3,1.5370066165924072,
1,1.5369974374771118,
3,1.5369971990585327,
0,1.5369975566864014,
2,1.5369975566864014,
2,1.5345349311828613,
0,1.5345346927642822,
3,1.5345349311828613,
1,1.5345350503921509,
3,1.5332071781158447,
1,1.5332072973251343,
0,1.5332074165344238,
2,1.5332071781158447,
2,1.5331976413726807,
0,1.5331981182098389,
3,1.5331978797912598,
1,1.5331981182098389,
0,1.5297235250473022,
3,1.5297234058380127,
2,1.5302529335021973,
1,1.5297234058380127,
1,1.529714584350586,
2,1.529714584350586,
0,1.529714584350586,
3,1.529714584350586,
1,1.5272761583328247,
3,1.5272761583328247,
0,1.5272761583328247,
2,1.5272761583328247,
3,1.5259681940078735,
2,1.525968074798584,
0,1.525968074798584,
1,1.525968074798584,
1,1.525958776473999,
3,1.5259590148925781,
0,1.5259588956832886,
2,1.5259590148925781,
1,1.5223634243011475,
2,1.522363305091858,
0,1.5223634243011475,
3,1.522363543510437,
2,1.5223634243011475,
3,1.522363543510437,
0,1.522363305091858,
1,1.5223634243011475,
2,1.5223548412322998,
1,1.5223546028137207,
3,1.5223546028137207,
0,1.5223546028137207,
1,1.5188915729522705,
3,1.5184754133224487,
0,1.5184754133224487,
2,1.5188915729522705,
0,1.5184754133224487,
1,1.5184755325317383,
3,1.5184752941131592,
2,1.5184755325317383,
2,1.5184663534164429,
1,1.5184662342071533,
0,1.5184662342071533,
3,1.5184662342071533,
3,1.5150047540664673,
1,1.5150048732757568,
2,1.5150048732757568,
0,1.5150048732757568,
0,1.5147005319595337,
1,1.5147004127502441,
3,1.5147005319595337,
2,1.5147004127502441,
1,1.5146914720535278,
2,1.5146915912628174,
3,1.5146914720535278,
0,1.514691710472107,
3,1.5139917135238647,
0,1.5139915943145752,
2,1.5139915943145752,
1,1.5139918327331543,
2,1.5112323760986328,
0,1.5112323760986328,
1,1.5112322568893433,
3,1.5112322568893433,
2,1.5112322568893433,
1,1.511232614517212,
0,1.5112323760986328,
3,1.5112323760986328,
2,1.5103338956832886,
1,1.5103338956832886,
3,1.5103340148925781,
0,1.5103340148925781,
0,1.5078716278076172,
1,1.5078717470169067,
2,1.5078715085983276,
3,1.5078717470169067,
1,1.5078626871109009,
3,1.507863163948059,
0,1.50786292552948,
2,1.5078630447387695,
1,1.5070008039474487,
2,1.5070008039474487,
3,1.5070006847381592,
0,1.5070008039474487,
1,1.504716157913208,
0,1.5047162771224976,
2,1.5047162771224976,
3,1.5047162771224976,
2,1.5047073364257812,
0,1.5047073364257812,
3,1.5047073364257812,
1,1.5047073364257812,
1,1.5022468566894531,
2,1.5022468566894531,
0,1.5022467374801636,
3,1.5022468566894531,
0,1.501179814338684,
3,1.5011800527572632,
2,1.501179814338684,
1,1.501179814338684,
1,1.5011712312698364,
0,1.5011708736419678,
2,1.5011708736419678,
3,1.5011712312698364,
2,1.4978785514831543,
1,1.4982022047042847,
0,1.4978784322738647,
3,1.4978784322738647,
0,1.4978786706924438,
1,1.4978785514831543,
2,1.4978785514831543,
3,1.4978785514831543,
3,1.4969873428344727,
1,1.496987223625183,
2,1.4969874620437622,
0,1.4969874620437622,
0,1.4947024583816528,
3,1.4947021007537842,
2,1.4947024583816528,
1,1.4947024583816528,
1,1.491699457168579,
0,1.4916996955871582,
3,1.491699457168579,
2,1.491699457168579,
2,1.4907567501068115,
1,1.4907569885253906,
0,1.4907567501068115,
3,1.4907571077346802,
0,1.4882547855377197,
1,1.488254427909851,
2,1.4882547855377197,
3,1.4882545471191406,
2,1.487001657485962,
3,1.487001657485962,
0,1.4870015382766724,
1,1.4870015382766724,
3,1.484830379486084,
2,1.484830379486084,
0,1.4848304986953735,
1,1.4848302602767944,
3,1.4818867444992065,
0,1.481886625289917,
1,1.481886625289917,
2,1.481886863708496,
3,1.4815768003463745,
2,1.4815768003463745,
1,1.480891227722168,
0,1.480891227722168,
2,1.4785981178283691,
0,1.4785981178283691,
1,1.4785983562469482,
3,1.4785983562469482,
0,1.4777178764343262,
1,1.4777178764343262,
3,1.4777179956436157,
2,1.4777179956436157,
2,1.4754235744476318,
1,1.4754235744476318,
3,1.4754235744476318,
0,1.4754235744476318,
1,1.4754151105880737,
3,1.4754151105880737,
0,1.4754151105880737,
2,1.4754151105880737,
1,1.4731621742248535,
2,1.4731621742248535,
0,1.4731621742248535,
3,1.4731621742248535,
2,1.4723080396652222,
0,1.472307801246643,
1,1.472307801246643,
3,1.4723080396652222,
0,1.472299337387085,
2,1.472299337387085,
1,1.472299337387085,
3,1.472299337387085,
2,1.4712954759597778,
0,1.471295714378357,
3,1.4712953567504883,
1,1.4712953567504883,
1,1.4690133333206177,
3,1.4690133333206177,
0,1.4690133333206177,
2,1.4690130949020386,
1,1.46900475025177,
0,1.469004511833191,
2,1.469004511833191,
3,1.469004511833191,
1,1.4670168161392212,
0,1.4670171737670898,
2,1.4670171737670898,
3,1.4670171737670898,
0,1.466180443763733,
2,1.4661802053451538,
3,1.4661803245544434,
1,1.466180443763733,
0,1.4661719799041748,
1,1.4661720991134644,
2,1.4661717414855957,
3,1.4661718606948853,
1,1.4651720523834229,
0,1.4651719331741333,
3,1.4651716947555542,
2,1.4651719331741333,
2,1.4630869626998901,
1,1.4630869626998901,
3,1.4630868434906006,
0,1.4630868434906006,
1,1.4630869626998901,
0,1.4630868434906006,
3,1.4630868434906006,
2,1.4630869626998901,
2,1.463078260421753,
3,1.4630783796310425,
1,1.463078260421753,
0,1.463078498840332,
1,1.4604227542877197,
2,1.4604228734970093,
0,1.4604226350784302,
3,1.4604226350784302,
2,1.4601038694381714,
1,1.4601038694381714,
0,1.4601037502288818,
3,1.4601036310195923,
3,1.4600952863693237,
0,1.4600952863693237,
2,1.4600952863693237,
1,1.4600951671600342,
1,1.4571783542633057,
2,1.4571783542633057,
0,1.4574944972991943,
3,1.4574944972991943,
0,1.4571783542633057,
1,1.4571783542633057,
2,1.4571785926818848,
3,1.4571785926818848,
2,1.457169771194458,
0,1.457169771194458,
1,1.457169771194458,
3,1.457169771194458,
0,1.4546632766723633,
2,1.4546632766723633,
3,1.4546632766723633,
1,1.4546630382537842,
0,1.4538764953613281,
1,1.4538764953613281,
3,1.453876256942749,
2,1.4538764953613281,
1,1.4538679122924805,
2,1.4538679122924805,
3,1.4538679122924805,
0,1.4538679122924805,
1,1.4530107975006104,
2,1.4530107975006104,
3,1.4530107975006104,
0,1.4530107975006104,
2,1.4509930610656738,
1,1.4509930610656738,
0,1.4509930610656738,
3,1.4509930610656738,
2,1.4509847164154053,
0,1.4509847164154053,
1,1.4509847164154053,
3,1.4509847164154053,
3,1.450129508972168,
0,1.450129508972168,
2,1.450129508972168,
1,1.4489960670471191,
2,1.4480767250061035,
1,1.4480767250061035,
3,1.4480767250061035,
0,1.4480764865875244,
2,1.4480681419372559,
1,1.4480681419372559,
0,1.4480681419372559,
3,1.4480681419372559,
2,1.4470807313919067,
1,1.4470806121826172,
0,1.4470804929733276,
3,1.4470806121826172,
2,1.4450323581695557,
1,1.4450322389602661,
0,1.4450325965881348,
3,1.4450322389602661,
2,1.4450242519378662,
3,1.445024013519287,
0,1.445023775100708,
1,1.445023775100708,
1,1.4429609775543213,
2,1.4429609775543213,
0,1.4429607391357422,
3,1.4429607391357422,
3,1.442044973373413,
1,1.442044734954834,
2,1.442044734954834,
0,1.442044973373413,
1,1.4409191608428955,
0,1.4409191608428955,
3,1.4409196376800537,
2,1.4409193992614746,
3,1.4389560222625732,
2,1.4389560222625732,
0,1.4389560222625732,
1,1.4389560222625732,
3,1.4389476776123047,
1,1.4389476776123047,
2,1.4389476776123047,
0,1.4389474391937256,
0,1.4382327795028687,
1,1.4382328987121582,
3,1.4382328987121582,
2,1.4382328987121582,
2,1.4361746311187744,
0,1.4361746311187744,
3,1.4361746311187744,
1,1.4361746311187744,
2,1.4361662864685059,
1,1.4361662864685059,
3,1.4361662864685059,
0,1.4361662864685059,
1,1.4351869821548462,
2,1.4351868629455566,
0,1.4351868629455566,
3,1.4351868629455566,
1,1.4331774711608887,
0,1.4331773519515991,
2,1.4331774711608887,
3,1.4331774711608887,
0,1.4331691265106201,
2,1.4331690073013306,
1,1.4331690073013306,
3,1.4331691265106201,
2,1.4309089183807373,
1,1.4309089183807373,
3,1.4309089183807373,
0,1.4309089183807373,
1,1.4299882650375366,
3,1.429988145828247,
2,1.4299883842468262,
0,1.4299882650375366,
1,1.4299800395965576,
0,1.4299801588058472,
3,1.4299801588058472,
2,1.4299801588058472,
1,1.4291856288909912,
2,1.4291856288909912,
0,1.429185390472412,
3,1.4291857481002808,
1,1.4270473718643188,
2,1.4270472526550293,
3,1.4270473718643188,
0,1.4270472526550293,
2,1.4270473718643188,
1,1.4270473718643188,
0,1.4270473718643188,
3,1.4270473718643188,
0,1.4270390272140503,
2,1.4270389080047607,
3,1.4270390272140503,
1,1.4270389080047607,
2,1.4242357015609741,
1,1.4239752292633057,
0,1.4242358207702637,
3,1.4242357015609741,
1,1.4239753484725952,
2,1.4239753484725952,
0,1.4239754676818848,
3,1.4239755868911743,
1,1.4229965209960938,
2,1.4229966402053833,
0,1.4229962825775146,
3,1.4229964017868042,
2,1.4210693836212158,
1,1.4210693836212158,
0,1.4210692644119263,
3,1.4210693836212158,
1,1.4210608005523682,
2,1.4210608005523682,
3,1.4210608005523682,
0,1.4210609197616577,
1,1.4189502000808716,
0,1.4189499616622925,
3,1.418950080871582,
2,1.4189499616622925,
0,1.4179918766021729,
3,1.4179918766021729,
1,1.4179918766021729,
2,1.4179918766021729,
2,1.4179836511611938,
0,1.4179836511611938,
1,1.4179836511611938,
3,1.4179836511611938,
1,1.415477991104126,
0,1.415477991104126,
2,1.415478229522705,
3,1.415477991104126,
2,1.415477991104126,
0,1.415478229522705,
3,1.415478229522705,
1,1.415478229522705,
1,1.4145047664642334,
0,1.4145047664642334,
3,1.4145050048828125,
2,1.4145050048828125,
1,1.4126416444778442,
0,1.4126416444778442,
3,1.4126416444778442,
2,1.4126417636871338,
2,1.4126344919204712,
1,1.4126344919204712,
0,1.4126344919204712,
3,1.4118503332138062,
0,1.4099602699279785,
2,1.4101958274841309,
1,1.409960150718689,
3,1.4099602699279785,
1,1.409960389137268,
3,1.4099605083465576,
2,1.4099602699279785,
0,1.409960389137268,
1,1.4092522859573364,
3,1.409252405166626,
0,1.4092520475387573,
2,1.4092521667480469,
2,1.40745210647583,
0,1.407451868057251,
3,1.40745210647583,
1,1.40745210647583,
3,1.4074437618255615,
1,1.4074437618255615,
0,1.4074437618255615,
2,1.4074437618255615,
1,1.406484603881836,
2,1.406484842300415,
0,1.406484842300415,
3,1.406484603881836,
0,1.4047596454620361,
1,1.4047598838806152,
3,1.4047602415084839,
2,1.4047602415084839,
3,1.4047514200210571,
2,1.4047516584396362,
0,1.4047513008117676,
1,1.4047516584396362,
1,1.40199875831604,
0,1.40199875831604,
2,1.40199875831604,
3,1.40199875831604,
1,1.4017523527145386,
0,1.4017521142959595,
3,1.4017525911331177,
2,1.4017523527145386,
1,1.4012258052825928,
0,1.4012256860733032,
2,1.4012255668640137,
3,1.4010486602783203,
2,1.3991949558258057,
1,1.3991953134536743,
0,1.3991949558258057,
3,1.3991949558258057,
2,1.3991868495941162,
1,1.3991867303848267,
3,1.3991869688034058,
0,1.3991867303848267,
3,1.3982336521148682,
0,1.3982338905334473,
2,1.3982336521148682,
1,1.3982338905334473,
3,1.3965673446655273,
0,1.3965673446655273,
1,1.3965673446655273,
2,1.3965673446655273,
1,1.396559238433838,
0,1.396559238433838,
2,1.396559238433838,
3,1.396559238433838,
1,1.3956085443496704,
2,1.3956085443496704,
0,1.3956085443496704,
3,1.3956085443496704,
2,1.3938589096069336,
0,1.3938586711883545,
1,1.3938586711883545,
3,1.3938586711883545,
2,1.394213318824768,
0,1.394213318824768,
3,1.3942134380340576,
1,1.394213318824768,
2,1.3918414115905762,
1,1.3916220664978027,
0,1.3918414115905762,
3,1.3918414115905762,
3,1.3916220664978027,
1,1.3916220664978027,
0,1.3916220664978027,
2,1.3916223049163818,
2,1.3910999298095703,
0,1.3910999298095703,
3,1.3910999298095703,
1,1.3910999298095703,
1,1.3889849185943604,
0,1.38898503780365,
2,1.3889851570129395,
3,1.38898503780365,
1,1.3889849185943604,
2,1.38898503780365,
3,1.3889849185943604,
0,1.3889849185943604,
0,1.388179063796997,
1,1.388179063796997,
3,1.388179063796997,
2,1.3881789445877075,
1,1.3862146139144897,
0,1.3862144947052002,
3,1.3862144947052002,
2,1.386214256286621,
1,1.3864638805389404,
0,1.3864638805389404,
3,1.3864638805389404,
2,1.3864638805389404,
1,1.3859516382217407,
3,1.3859518766403198,
0,1.3859518766403198,
2,1.3859518766403198,
2,1.3835378885269165,
1,1.3835381269454956,
0,1.383538007736206,
3,1.3835376501083374,
0,1.3836618661880493,
2,1.3836618661880493,
3,1.3836618661880493,
1,1.3836619853973389,
0,1.3823518753051758,
2,1.3823517560958862,
1,1.3823517560958862,
3,1.3823518753051758,
2,1.3800052404403687,
0,1.3800052404403687,
3,1.3800053596496582,
1,1.3800055980682373,
1,1.3800055980682373,
0,1.3800055980682373,
2,1.3800057172775269,
3,1.3800057172775269,
1,1.3800785541534424,
0,1.380078673362732,
2,1.3800783157348633,
3,1.380078673362732,
1,1.3791146278381348,
2,1.3791148662567139,
3,1.3791146278381348,
0,1.3791148662567139,
2,1.3765695095062256,
1,1.3765695095062256,
3,1.3765695095062256,
0,1.3765695095062256,
3,1.376600980758667,
1,1.376600980758667,
0,1.376600742340088,
2,1.376600742340088,
2,1.3756531476974487,
0,1.3756531476974487,
1,1.3756531476974487,
3,1.3756531476974487,
1,1.3722892999649048,
2,1.3722891807556152,
0,1.3722890615463257,
3,1.3722889423370361,
2,1.372294306755066,
1,1.372294306755066,
3,1.3722941875457764,
0,1.372294306755066,
2,1.3713493347167969,
0,1.3713493347167969,
3,1.3713493347167969,
1,1.3713493347167969,
0,1.3678178787231445,
1,1.3678181171417236,
2,1.3678181171417236,
3,1.3678178787231445,
0,1.3678181171417236,
3,1.3678181171417236,
2,1.3678178787231445,
1,1.3678178787231445,
0,1.3678138256072998,
3,1.3678135871887207,
2,1.3678138256072998,
1,1.3678138256072998,
1,1.3635809421539307,
2,1.3635810613632202,
3,1.3635812997817993,
0,1.3635810613632202,
1,1.3633337020874023,
2,1.3633337020874023,
0,1.3633339405059814,
3,1.3633337020874023,
0,1.3633259534835815,
1,1.3633261919021606,
2,1.3633257150650024,
3,1.363325834274292,
1,1.3625679016113281,
0,1.3625675439834595,
3,1.3625675439834595,
2,1.362567663192749,
1,1.3587449789047241,
0,1.3587449789047241,
3,1.3587448596954346,
2,1.3587448596954346,
1,1.3587448596954346,
2,1.3587448596954346,
3,1.3587448596954346,
0,1.358744740486145,
2,1.3587368726730347,
0,1.3587369918823242,
3,1.3587369918823242,
1,1.3587369918823242,
3,1.354111909866333,
2,1.3544559478759766,
1,1.354111671447754,
0,1.3544559478759766,
3,1.354111671447754,
2,1.354111909866333,
1,1.354111909866333,
0,1.354111671447754,
3,1.3541040420532227,
1,1.3541038036346436,
0,1.3541042804718018,
2,1.3541042804718018,
0,1.353601098060608,
1,1.3534189462661743,
3,1.3534189462661743,
2,1.3534189462661743,
1,1.3497626781463623,
2,1.3497626781463623,
0,1.3497626781463623,
3,1.3497626781463623,
2,1.3497549295425415,
1,1.349755048751831,
3,1.3497549295425415,
0,1.349755048751831,
1,1.3465495109558105,
2,1.3465495109558105,
3,1.3465495109558105,
0,1.3465495109558105,
1,1.3445637226104736,
0,1.3445639610290527,
3,1.3445637226104736,
2,1.3445637226104736,
1,1.3445563316345215,
3,1.3445563316345215,
0,1.3445560932159424,
2,1.3445563316345215,
2,1.3438047170639038,
1,1.3436260223388672,
0,1.3436262607574463,
3,1.3436262607574463,
2,1.3394180536270142,
0,1.3394179344177246,
1,1.3394182920455933,
3,1.3394179344177246,
2,1.339410662651062,
0,1.339410662651062,
1,1.339410662651062,
3,1.3394107818603516,
1,1.3384840488433838,
0,1.3384838104248047,
3,1.3384840488433838,
2,1.3384840488433838,
1,1.334397554397583,
3,1.334397315979004,
2,1.334397315979004,
0,1.334397315979004,
2,1.3343901634216309,
0,1.3343901634216309,
1,1.3343901634216309,
3,1.3343899250030518,
2,1.3292344808578491,
1,1.3292346000671387,
0,1.3292344808578491,
3,1.3292344808578491,
1,1.3292344808578491,
3,1.3292347192764282,
2,1.3292344808578491,
0,1.3292344808578491,
2,1.328043818473816,
1,1.3280439376831055,
0,1.3280441761016846,
3,1.3280441761016846,
1,1.3238879442214966,
0,1.3238880634307861,
3,1.323887825012207,
2,1.3238880634307861,
2,1.3238694667816162,
1,1.3238693475723267,
3,1.3238693475723267,
0,1.3238691091537476,
1,1.3193495273590088,
0,1.3188817501068115,
3,1.319349765777588,
2,1.3193494081497192,
2,1.318881869316101,
3,1.3188817501068115,
0,1.3188817501068115,
1,1.3188817501068115,
0,1.3188631534576416,
2,1.3188632726669312,
1,1.3181201219558716,
3,1.318863034248352,
1,1.3136874437332153,
2,1.3136873245239258,
0,1.3136873245239258,
3,1.3136874437332153,
1,1.3136876821517944,
2,1.3136875629425049,
3,1.313687801361084,
0,1.3136873245239258,
2,1.3136513233184814,
1,1.3136515617370605,
0,1.3136515617370605,
3,1.313651442527771,
0,1.3127000331878662,
2,1.3127001523971558,
3,1.3127001523971558,
1,1.3107470273971558,
1,1.3085696697235107,
2,1.3085696697235107,
0,1.3085696697235107,
3,1.3085696697235107,
2,1.3085341453552246,
0,1.3085341453552246,
1,1.3085342645645142,
3,1.3085342645645142,
0,1.3076171875,
2,1.3076171875,
1,1.3076173067092896,
3,1.3076173067092896,
1,1.2878332138061523,
0,1.287833333015442,
3,1.287833333015442,
2,1.2878332138061523,
0,1.2878025770187378,
1,1.2878022193908691,
2,1.2878022193908691,
3,1.2878023386001587,
0,1.2868895530700684,
1,1.2868891954421997,
2,1.2868893146514893,
3,1.2868895530700684,
2,1.2827239036560059,
3,1.2827239036560059,
0,1.2827236652374268,
1,1.2827237844467163,
0,1.2826621532440186,
1,1.282662034034729,
3,1.2826621532440186,
2,1.2826621532440186,
2,1.281495213508606,
3,1.2814948558807373,
1,1.2814949750900269,
0,1.2814949750900269,
2,1.2774848937988281,
1,1.2774850130081177,
3,1.2774850130081177,
0,1.2774848937988281,
2,1.2774851322174072,
0,1.2774852514266968,
1,1.2774848937988281,
3,1.2774851322174072,
2,1.2774574756622314,
3,1.277457594871521,
0,1.277457594871521,
1,1.2767226696014404,
1,1.2725789546966553,
2,1.2725789546966553,
0,1.2725789546966553,
3,1.2725789546966553,
0,1.2725789546966553,
1,1.2725789546966553,
2,1.2725789546966553,
3,1.2725789546966553,
1,1.272552251815796,
0,1.272552251815796,
3,1.272552251815796,
2,1.272552251815796,
2,1.2718957662582397,
3,1.2718957662582397,
1,1.2718957662582397,
0,1.2718957662582397,
1,1.2679959535598755,
0,1.2679959535598755,
2,1.267996072769165,
3,1.2679959535598755,
0,1.2679427862167358,
2,1.267943024635315,
3,1.2679427862167358,
1,1.2679426670074463,
1,1.266808271408081,
2,1.2668083906173706,
3,1.2668083906173706,
0,1.2668083906173706,
2,1.2518796920776367,
1,1.2518795728683472,
0,1.2518796920776367,
3,1.2518796920776367,
3,1.2518795728683472,
0,1.2518796920776367,
1,1.2518796920776367,
2,1.2518796920776367,
3,1.2473174333572388,
1,1.2473175525665283,
2,1.2473173141479492,
0,1.2473174333572388,
1,1.24662446975708,
0,1.246809720993042,
2,1.246624231338501,
3,1.24662446975708,
0,1.2430436611175537,
2,1.2430438995361328,
1,1.2430436611175537,
3,1.2430438995361328,
3,1.2421482801437378,
1,1.2421483993530273,
0,1.2421482801437378,
2,1.2421482801437378,
3,1.2387561798095703,
1,1.2387558221817017,
0,1.2387559413909912,
2,1.2387564182281494,
3,1.6009318828582764,
1,1.6009318828582764,
0,1.6009318828582764,
2,1.6009318828582764,
2,1.6007269620895386,
1,1.6007269620895386,
0,1.6007269620895386,
3,1.6000031232833862,
0,1.5983459949493408,
1,1.59834623336792,
3,1.5983459949493408,
2,1.5983458757400513,
3,1.5976073741912842,
0,1.5976074934005737,
2,1.5976074934005737,
1,1.5976073741912842,
1,1.5959545373916626,
0,1.5959545373916626,
3,1.5959546566009521,
2,1.5959545373916626,
3,1.5953799486160278,
1,1.5953797101974487,
0,1.5953799486160278,
2,1.5953797101974487,
1,1.5495394468307495,
0,1.5495394468307495,
2,1.5495392084121704,
3,1.5495392084121704,
3,1.5488059520721436,
1,1.5488059520721436,
2,1.5488059520721436,
0,1.5488059520721436,
3,1.5480914115905762,
2,1.5480918884277344,
0,1.5480916500091553,
1,1.5480914115905762,
1,1.547833800315857,
0,1.547834038734436,
3,1.547833800315857,
2,1.547833800315857,
0,1.54721200466156,
1,1.5472123622894287,
3,1.54721200466156,
2,1.5472122430801392,
0,1.5467607975006104,
1,1.5467607975006104,
2,1.5467607975006104,
3,1.5467610359191895,
2,1.546765685081482,
3,1.546765685081482,
1,1.546765923500061,
0,1.546765685081482,
1,1.5461715459823608,
3,1.5461715459823608,
0,1.5461715459823608,
2,1.5461715459823608,
2,1.5461715459823608,
3,1.5461715459823608,
0,1.5461715459823608,
1,1.5461715459823608,
2,1.5461786985397339,
1,1.5461786985397339,
0,1.5461786985397339,
3,1.5461786985397339,
0,1.5454319715499878,
1,1.5454319715499878,
2,1.5454319715499878,
3,1.5454319715499878,
2,1.545498013496399,
1,1.545498013496399,
0,1.5454981327056885,
3,1.545498013496399,
2,1.5455055236816406,
0,1.5455057621002197,
1,1.5455056428909302,
3,1.5455055236816406,
2,1.5441877841949463,
1,1.5441876649856567,
3,1.5441877841949463,
0,1.5441876649856567,
1,1.5441877841949463,
2,1.5441877841949463,
0,1.5441876649856567,
3,1.5441876649856567,
0,1.5437666177749634,
3,1.5437663793563843,
1,1.543766736984253,
2,1.5437664985656738,
2,1.5436354875564575,
0,1.5436351299285889,
1,1.5436351299285889,
3,1.543635368347168,
1,1.543649673461914,
2,1.5436500310897827,
0,1.543649673461914,
3,1.5436500310897827,
1,1.5433522462844849,
0,1.5433523654937744,
3,1.5433523654937744,
2,1.5433523654937744,
3,1.5435196161270142,
2,1.5435196161270142,
1,1.5435194969177246,
0,1.5435196161270142,
3,1.5435196161270142,
1,1.5435196161270142,
0,1.5435194969177246,
2,1.5435196161270142,
2,1.5435309410095215,
0,1.5435309410095215,
1,1.5435309410095215,
3,1.5435309410095215,
1,1.542984127998352,
3,1.542984127998352,
2,1.5429840087890625,
0,1.5429840087890625,
0,1.5430505275726318,
2,1.5430505275726318,
1,1.5430505275726318,
3,1.5430505275726318,
2,1.5430625677108765,
1,1.543062448501587,
3,1.5430625677108765,
0,1.543062448501587,
1,1.5425082445144653,
3,1.5425082445144653,
0,1.5425082445144653,
2,1.5425080060958862,
1,1.5432308912277222,
2,1.5432307720184326,
0,1.5432308912277222,
3,1.5432308912277222,
2,1.5432442426681519,
1,1.5432442426681519,
0,1.5432443618774414,
3,1.5432442426681519,
0,1.5425413846969604,
1,1.5425411462783813,
2,1.5425411462783813,
3,1.5425411462783813,
0,1.5428156852722168,
3,1.5428158044815063,
2,1.5428154468536377,
1,1.5428152084350586,
1,1.5428149700164795,
2,1.5428152084350586,
0,1.5428152084350586,
3,1.5428155660629272,
2,1.542137861251831,
1,1.542137622833252,
0,1.5421375036239624,
3,1.5421373844146729,
1,1.5429879426956177,
2,1.5429879426956177,
0,1.5429878234863281,
3,1.5429879426956177,
1,1.5429879426956177,
3,1.5429879426956177,
2,1.5429879426956177,
0,1.5429879426956177,
2,1.5430034399032593,
1,1.5430035591125488,
0,1.5430033206939697,
3,1.5430032014846802,
3,2.0062623023986816,
1,2.0062620639801025,
2,2.0064163208007812,
0,2.0062620639801025,
1,2.0062623023986816,
0,2.0062618255615234,
3,2.0062620639801025,
2,2.0062623023986816,
2,2.0062952041625977,
1,2.0062952041625977,
0,2.0062949657440186,
3,2.006295680999756,
1,2.0058774948120117,
0,2.0058774948120117,
3,2.00587797164917,
2,2.0058774948120117,
2,2.0062766075134277,
1,2.0062766075134277,
0,2.0062766075134277,
3,2.006277322769165,
0,2.006277322769165,
3,2.0062766075134277,
2,2.0062766075134277,
1,2.0062766075134277,
2,2.0063109397888184,
3,2.0063114166259766,
1,2.0063109397888184,
0,2.0063109397888184,
1,2.0061659812927246,
0,2.006166458129883,
2,2.0057830810546875,
3,2.0061659812927246,
3,2.0066909790039062,
1,2.0066909790039062,
2,2.0066909790039062,
0,2.0066909790039062,
2,2.0066909790039062,
1,2.0066909790039062,
3,2.0066909790039062,
0,2.0066909790039062,
0,2.0067508220672607,
1,2.0067508220672607,
2,2.0067508220672607,
3,2.00675106048584,
3,2.00764799118042,
1,2.00764799118042,
0,2.0076475143432617,
2,2.007647752761841,
1,2.0073933601379395,
2,2.0073933601379395,
3,2.0073938369750977,
0,2.0073933601379395,
0,2.0074307918548584,
2,2.0074307918548584,
1,2.0074310302734375,
3,2.0074307918548584,
1,2.0073156356811523,
0,2.0073156356811523,
2,2.0073156356811523,
3,2.0073156356811523,
2,2.008063316345215,
1,2.008063316345215,
0,2.008063316345215,
3,2.008063316345215,
0,2.008063316345215,
2,2.008063316345215,
3,2.008063316345215,
1,2.008063316345215,
1,2.008129119873047,
2,2.008129119873047,
0,2.0081288814544678,
3,2.0081288814544678,
0,2.0089635848999023,
1,2.0089640617370605,
3,2.0089638233184814,
2,2.0089640617370605,
2,2.0089638233184814,
1,2.0089635848999023,
0,2.0089635848999023,
3,2.0089640617370605,
2,2.0090043544769287,
1,2.0090041160583496,
0,2.0090043544769287,
3,2.0090041160583496,
1,2.0090765953063965,
2,2.0090765953063965,
0,2.0090765953063965,
3,2.0090765953063965,
1,2.0098702907562256,
3,2.0098698139190674,
0,2.0098698139190674,
2,2.0098698139190674,
1,2.00991153717041,
0,2.00991153717041,
2,2.009911298751831,
3,2.00991153717041,
2,2.0094499588012695,
1,2.0094494819641113,
3,2.0094497203826904,
0,2.009889602661133,
1,2.0112051963806152,
0,2.0112051963806152,
2,2.011204957962036,
3,2.0112051963806152,
3,2.0112051963806152,
0,2.0112051963806152,
2,2.0112051963806152,
1,2.011204481124878,
0,2.0110490322113037,
1,2.011049270629883,
3,2.0110490322113037,
2,2.011049270629883,
2,2.0126280784606934,
1,2.0126280784606934,
3,2.0126280784606934,
0,2.0126280784606934,
1,2.0126729011535645,
2,2.0126729011535645,
0,2.0126729011535645,
3,2.0126729011535645,
1,2.012758255004883,
0,2.012758255004883,
2,2.012758255004883,
3,2.012758255004883,
0,2.0139217376708984,
1,2.0139217376708984,
2,2.0139217376708984,
3,2.0139217376708984,
2,2.0139684677124023,
0,2.0139684677124023,
3,2.0135080814361572,
1,2.0135080814361572,
1,2.0154974460601807,
3,2.0154972076416016,
2,2.0154976844787598,
0,2.0154976844787598,
1,2.0154974460601807,
2,2.0154972076416016,
3,2.0154974460601807,
0,2.0154976844787598,
3,2.0155813694000244,
2,2.0155813694000244,
1,2.0155813694000244,
0,2.0155813694000244,
2,2.0152013301849365,
1,2.0152013301849365,
3,2.0152015686035156,
0,2.0152013301849365,
2,2.0166070461273193,
0,2.0166072845458984,
3,2.0166068077087402,
1,2.0166068077087402,
3,2.0166070461273193,
0,2.0166070461273193,
2,2.0166070461273193,
1,2.0166068077087402,
1,2.01652193069458,
2,2.01652193069458,
3,2.016521692276001,
0,2.016522169113159,
1,2.0182032585144043,
2,2.0182032585144043,
0,2.018203020095825,
3,2.0182032585144043,
1,2.0182533264160156,
2,2.0182528495788574,
0,2.0182533264160156,
3,2.0182528495788574,
1,2.017876386642456,
2,2.0178768634796143,
3,2.017876386642456,
0,2.017876386642456,
2,2.019620895385742,
1,2.019620895385742,
0,2.019620895385742,
3,2.019620895385742,
3,2.019672393798828,
2,2.019672393798828,
1,2.0196726322174072,
0,2.019672393798828,
2,2.0214741230010986,
0,2.0214743614196777,
3,2.0214741230010986,
1,2.0214743614196777,
0,2.0214834213256836,
2,2.021483898162842,
1,2.0214834213256836,
3,2.0214834213256836,
3,2.0213088989257812,
0,2.0214364528656006,
1,2.0213088989257812,
2,2.021308660507202,
0,2.023446798324585,
3,2.0234460830688477,
2,2.023446559906006,
1,2.023446798324585,
2,2.023500919342041,
1,2.023500919342041,
0,2.023500919342041,
3,2.023500919342041,
1,2.0231504440307617,
2,2.0231502056121826,
3,2.0231499671936035,
0,2.0231504440307617,
0,2.025346517562866,
1,2.025346279144287,
2,2.025346279144287,
3,2.025346279144287,
2,2.025447368621826,
1,2.025447130203247,
0,2.025447368621826,
3,2.0254476070404053,
1,2.0278022289276123,
3,2.027843475341797,
0,2.0278022289276123,
2,2.0278022289276123,
3,2.027843475341797,
1,2.027843475341797,
0,2.027843475341797,
2,2.027843475341797,
2,2.0277833938598633,
1,2.0277833938598633,
0,2.0277833938598633,
3,2.0277833938598633,
1,2.0299034118652344,
2,2.0299034118652344,
3,2.0299036502838135,
0,2.0299036502838135,
0,2.0300097465515137,
1,2.0300097465515137,
2,2.0300099849700928,
3,2.030010223388672,
2,2.029667377471924,
0,2.029667377471924,
1,2.029667615890503,
3,2.029667615890503,
1,2.0323238372802734,
3,2.0323233604431152,
2,2.0323233604431152,
0,2.0323238372802734,
1,2.032383680343628,
2,2.032383441925049,
0,2.032383441925049,
3,2.032383441925049,
2,2.0344316959381104,
0,2.0344319343566895,
1,2.034452438354492,
3,2.0344319343566895,
1,2.0344319343566895,
3,2.0344314575195312,
2,2.0344316959381104,
0,2.0344316959381104,
1,2.034383773803711,
0,2.034383773803711,
2,2.034266710281372,
3,2.034383773803711,
0,2.0371768474578857,
2,2.0371766090393066,
1,2.0371766090393066,
3,2.0371766090393066,
1,2.037238836288452,
3,2.037238597869873,
2,2.0372390747070312,
0,2.0372393131256104,
0,2.037405252456665,
1,2.037405252456665,
3,2.037405252456665,
2,2.037405014038086,
1,2.039396047592163,
0,2.039395809173584,
2,2.039395570755005,
3,2.039395570755005,
2,2.039459705352783,
0,2.039459466934204,
3,2.039459466934204,
1,2.039459705352783,
2,2.0423192977905273,
0,2.0423192977905273,
1,2.042325258255005,
3,2.0423192977905273,
3,2.042325019836426,
2,2.042325258255005,
1,2.042325258255005,
0,2.042325019836426,
0,2.0424094200134277,
2,2.0424094200134277,
3,2.0424089431762695,
1,2.0424094200134277,
3,2.045356273651123,
0,2.045356273651123,
2,2.045356273651123,
1,2.045356273651123,
2,2.0454790592193604,
0,2.0454792976379395,
1,2.0454790592193604,
3,2.045027732849121,
3,2.048099994659424,
2,2.048099994659424,
0,2.0480997562408447,
1,2.0480997562408447,
2,2.048168182373047,
1,2.048168659210205,
3,2.048168659210205,
0,2.048168659210205,
1,2.0510599613189697,
3,2.0510597229003906,
2,2.051060438156128,
0,2.0510597229003906,
0,2.0512542724609375,
3,2.0512545108795166,
2,2.0512545108795166,
1,2.0512545108795166,
0,2.0513851642608643,
3,2.0513854026794434,
1,2.0513854026794434,
2,2.0513854026794434,
3,2.0546231269836426,
2,2.054623603820801,
0,2.054623603820801,
1,2.054623603820801,
1,2.054753065109253,
2,2.054753065109253,
3,2.054753065109253,
0,2.054753541946411,
2,2.0546610355377197,
3,2.054661273956299,
1,2.0546610355377197,
0,2.0546610355377197,
0,2.057582139968872,
1,2.057582139968872,
3,2.057581901550293,
2,2.057581901550293,
0,2.05765438079834,
3,2.0576539039611816,
2,2.05765438079834,
1,2.05765438079834,
1,2.0604987144470215,
2,2.0604987144470215,
0,2.0604987144470215,
3,2.0604987144470215,
1,2.0604987144470215,
0,2.0604987144470215,
2,2.0604987144470215,
3,2.0604987144470215,
1,2.0601232051849365,
3,2.0601234436035156,
2,2.0601236820220947,
0,2.0601232051849365,
2,2.063264846801758,
0,2.063264846801758,
1,2.063264846801758,
3,2.063264846801758,
1,2.063264846801758,
3,2.063264846801758,
2,2.063264846801758,
0,2.0632646083831787,
1,2.062990427017212,
2,2.062990427017212,
3,2.062990427017212,
0,2.062990427017212,
0,2.0661725997924805,
2,2.0661721229553223,
3,2.0661721229553223,
1,2.0661721229553223,
0,2.066312074661255,
2,2.066312313079834,
3,2.066312551498413,
1,2.066312551498413,
0,2.0663414001464844,
1,2.0663418769836426,
2,2.0663418769836426,
3,2.0663418769836426,
0,2.0693697929382324,
2,2.0693697929382324,
3,2.0693697929382324,
1,2.0693697929382324,
1,2.0694472789764404,
0,2.0694472789764404,
2,2.0694472789764404,
3,2.0694470405578613,
0,2.069366693496704,
2,2.069366455078125,
1,2.069366931915283,
3,2.069366455078125,
1,2.072875499725342,
2,2.072875499725342,
0,2.072875499725342,
3,2.072875499725342,
1,2.072953224182129,
2,2.072953224182129,
0,2.072953224182129,
3,2.072953224182129,
1,2.0725555419921875,
3,2.0725555419921875,
2,2.0725555419921875,
0,2.0725555419921875,
2,2.0760204792022705,
1,2.0760207176208496,
0,2.0760207176208496,
3,2.076021194458008,
3,2.07616925239563,
1,2.07616925239563,
0,2.076169013977051,
2,2.07616925239563,
1,2.076979875564575,
3,2.076979875564575,
0,2.076979637145996,
2,2.076979875564575,
0,1.9369175434112549,
3,1.936918020248413,
2,1.9369175434112549,
1,1.9369175434112549,
0,1.9369614124298096,
2,1.936961054801941,
3,1.9369611740112305,
1,1.9369616508483887,
1,1.938730001449585,
0,1.938730239868164,
2,1.938730001449585,
3,1.938730239868164,
3,1.9387896060943604,
2,1.9387896060943604,
1,1.9387893676757812,
0,1.9387896060943604,
1,1.9388349056243896,
0,1.9388351440429688,
2,1.9388351440429688,
3,1.9388349056243896,
0,1.9387691020965576,
2,1.9387688636779785,
1,1.9387688636779785,
3,1.9387686252593994,
2,1.940493106842041,
0,1.940493106842041,
1,1.940493106842041,
3,1.940493106842041,
1,1.940493106842041,
3,1.940493106842041,
2,1.940493106842041,
0,1.940493106842041,
2,1.9405397176742554,
0,1.940540075302124,
1,1.940540075302124,
3,1.9405397176742554,
1,1.9426977634429932,
3,1.9426982402801514,
0,1.9426977634429932,
2,1.9426980018615723,
1,1.9428430795669556,
2,1.9428434371948242,
0,1.9428431987762451,
3,1.9428434371948242,
1,1.9428906440734863,
2,1.9428906440734863,
0,1.9428908824920654,
3,1.9428908824920654,
2,1.9427037239074707,
0,1.9427039623260498,
3,1.9427039623260498,
1,1.9427037239074707,
1,1.944617748260498,
2,1.9446178674697876,
0,1.9446178674697876,
3,1.9446178674697876,
1,1.944718360900879,
2,1.944718360900879,
0,1.9447181224822998,
3,1.944718360900879,
1,1.9442756175994873,
3,1.9442753791809082,
0,1.9442756175994873,
2,1.9442753791809082,
2,1.9463515281677246,
1,1.9463515281677246,
0,1.9463515281677246,
3,1.9463510513305664,
1,1.9463512897491455,
3,1.9463512897491455,
0,1.9463512897491455,
2,1.9463512897491455,
2,1.9464014768600464,
1,1.9464017152786255,
3,1.9464014768600464,
0,1.9464014768600464,
2,1.9486348628997803,
1,1.9486348628997803,
0,1.9486348628997803,
3,1.9486348628997803,
0,1.948706865310669,
1,1.9487066268920898,
3,1.9487066268920898,
2,1.9487066268920898,
1,1.9487584829330444,
0,1.948758602142334,
3,1.9487584829330444,
2,1.9487584829330444,
2,1.9491053819656372,
1,1.9491053819656372,
0,1.9491052627563477,
3,1.9491052627563477,
0,1.9514609575271606,
3,1.9514609575271606,
2,1.9514609575271606,
1,1.9514609575271606,
2,1.9514609575271606,
1,1.951460838317871,
3,1.9514607191085815,
0,1.9514609575271606,
1,1.9515142440795898,
2,1.951514720916748,
0,1.951514482498169,
3,1.951514482498169,
0,1.9510362148284912,
2,1.9510362148284912,
1,1.951035976409912,
3,1.9510364532470703,
2,1.9535199403762817,
1,1.9535199403762817,
0,1.9535197019577026,
3,1.9535199403762817,
1,1.9536340236663818,
3,1.9536337852478027,
2,1.9536335468292236,
0,1.9536340236663818,
1,1.9531934261322021,
2,1.9531934261322021,
3,1.9531936645507812,
0,1.9538896083831787,
1,1.9566229581832886,
0,1.9566229581832886,
2,1.9566229581832886,
3,1.956622838973999,
3,1.9566229581832886,
2,1.9566229581832886,
0,1.9566229581832886,
1,1.9566229581832886,
1,1.9566794633865356,
3,1.956679344177246,
0,1.9566794633865356,
2,1.956679344177246,
0,1.9570050239562988,
1,1.9570050239562988,
3,1.9570051431655884,
2,1.9570051431655884,
2,1.9596216678619385,
0,1.9596216678619385,
3,1.9596216678619385,
1,1.9596219062805176,
1,1.9597417116165161,
3,1.9597418308258057,
2,1.9597418308258057,
0,1.9597423076629639,
0,1.9597420692443848,
2,1.9597423076629639,
3,1.959742784500122,
1,1.959742546081543,
1,1.9621095657348633,
2,1.9621095657348633,
0,1.9621095657348633,
3,1.9621095657348633,
1,1.962278962135315,
3,1.9622788429260254,
0,1.962278962135315,
2,1.962278962135315,
1,1.9624974727630615,
0,1.9624974727630615,
2,1.9624974727630615,
3,1.9624974727630615,
1,1.963569164276123,
3,1.963569164276123,
2,1.963569164276123,
0,1.9635690450668335,
1,1.966165542602539,
3,1.9661651849746704,
0,1.966165542602539,
2,1.9661654233932495,
1,1.9661651849746704,
2,1.96616530418396,
3,1.96616530418396,
0,1.9661654233932495,
3,1.9663236141204834,
1,1.9663240909576416,
0,1.9663236141204834,
2,1.9663238525390625,
2,1.9663238525390625,
0,1.966323733329773,
3,1.9663238525390625,
1,1.9663238525390625,
1,1.9690607786178589,
0,1.9692513942718506,
3,1.9692511558532715,
2,1.9692511558532715,
0,1.9690605401992798,
1,1.9690607786178589,
2,1.9690607786178589,
3,1.9690611362457275,
0,1.969289779663086,
1,1.9692895412445068,
2,1.9692895412445068,
3,1.969289779663086,
0,1.9688382148742676,
2,1.9688379764556885,
3,1.9688382148742676,
1,1.9688383340835571,
2,1.9716770648956299,
0,1.9716771841049194,
1,1.9716770648956299,
3,1.9716770648956299,
0,1.9719117879867554,
2,1.9719116687774658,
1,1.9719117879867554,
3,1.9719116687774658,
3,1.9719117879867554,
1,1.9719116687774658,
2,1.9719116687774658,
0,1.9719117879867554,
0,1.972240924835205,
1,1.9722410440444946,
3,1.9722410440444946,
2,1.9722410440444946,
1,1.9752633571624756,
3,1.975262999534607,
0,1.9752631187438965,
2,1.9752628803253174,
3,1.9754326343536377,
1,1.9754326343536377,
2,1.9754326343536377,
0,1.9754326343536377,
3,1.9754326343536377,
0,1.9754327535629272,
2,1.9754328727722168,
1,1.9749963283538818,
1,1.978717565536499,
3,1.978717565536499,
2,1.978717565536499,
0,1.97871732711792,
2,1.978717565536499,
0,1.978717565536499,
1,1.9787178039550781,
3,1.978717565536499,
0,1.978717565536499,
1,1.978717565536499,
2,1.97871732711792,
3,1.978717565536499,
3,1.978891372680664,
0,1.978891372680664,
2,1.9788912534713745,
1,1.9788912534713745,
2,1.978891372680664,
1,1.9788912534713745,
0,1.978891372680664,
3,1.9788912534713745,
3,1.9821422100067139,
2,1.9821425676345825,
1,1.9821422100067139,
0,1.982142448425293,
0,1.9818379878997803,
1,1.981837511062622,
2,1.9818377494812012,
3,1.9818377494812012,
2,1.9819793701171875,
0,1.9819791316986084,
1,1.9819791316986084,
3,1.9819793701171875,
3,1.9819793701171875,
0,1.9819791316986084,
1,1.9819791316986084,
2,1.981543779373169,
2,1.9855451583862305,
0,1.9855451583862305,
1,1.9855451583862305,
3,1.9857089519500732,
2,1.9855451583862305,
1,1.9855451583862305,
0,1.9855451583862305,
3,1.9855451583862305,
2,1.9856157302856445,
0,1.9856157302856445,
3,1.9856157302856445,
1,1.9856157302856445,
1,1.9852724075317383,
2,1.9852724075317383,
0,1.9852724075317383,
3,1.9852724075317383,
2,1.9886791706085205,
0,1.98867928981781,
1,1.98867928981781,
3,1.98867928981781,
2,1.98867928981781,
3,1.98867928981781,
1,1.9886791706085205,
0,1.9886791706085205,
2,1.9888277053833008,
0,1.9888279438018799,
1,1.9888279438018799,
3,1.9888277053833008,
2,1.9910608530044556,
3,1.9910609722137451,
1,1.9910608530044556,
0,1.9910609722137451,
1,1.9930487871170044,
2,1.993048906326294,
3,1.9930487871170044,
0,1.9930486679077148,
1,1.9931206703186035,
3,1.9931204319000244,
0,1.9931209087371826,
2,1.9931206703186035,
2,1.993645191192627,
1,1.993645429611206,
3,1.9936453104019165,
0,1.993645429611206,
2,1.9971455335617065,
0,1.9971455335617065,
3,1.9971455335617065,
1,1.9971455335617065,
1,1.9971455335617065,
0,1.9971455335617065,
2,1.9971455335617065,
3,1.9971455335617065,
3,1.9972198009490967,
2,1.9972198009490967,
1,1.9972198009490967,
0,1.9972198009490967,
0,1.9968898296356201,
2,1.9968898296356201,
3,1.9968898296356201,
1,1.9968898296356201,
3,2.0005829334259033,
2,2.0005829334259033,
0,2.000582695007324,
1,2.0005829334259033,
1,2.0005829334259033,
2,2.0005829334259033,
0,2.000582695007324,
3,2.0005829334259033,
0,2.0006589889526367,
1,2.0006589889526367,
2,2.0006589889526367,
3,2.0006589889526367,
0,2.005153179168701,
2,2.0051534175872803,
3,2.005153179168701,
1,2.005152940750122,
2,2.0050106048583984,
1,2.0050106048583984,
3,2.0050101280212402,
0,2.0050101280212402,
1,2.005086660385132,
0,2.005086660385132,
2,2.005086660385132,
3,2.005086660385132,
1,2.004739761352539,
3,2.004739761352539,
0,2.004739761352539,
2,2.00473952293396,
1,2.008985757827759,
0,2.0089855194091797,
2,2.008985996246338,
3,2.008985757827759,
2,2.009063720703125,
0,2.009063959121704,
1,2.009063482284546,
3,2.009063720703125,
2,2.0095930099487305,
1,2.0095930099487305,
0,2.0095930099487305,
3,2.0095930099487305,
0,2.013580322265625,
3,2.013580322265625,
2,2.013580083847046,
1,2.013580322265625,
1,2.013747215270996,
0,2.013747453689575,
2,2.013747215270996,
3,2.013747215270996,
1,2.0177218914031982,
2,2.0176892280578613,
3,2.0177218914031982,
0,2.0176665782928467,
0,2.017460584640503,
1,2.017460584640503,
2,2.017461061477661,
3,2.017460584640503,
2,2.017542600631714,
3,2.0175423622131348,
1,2.0175423622131348,
0,2.0175423622131348,
0,2.0175421237945557,
1,2.0175423622131348,
2,2.0175421237945557,
3,2.0171120166778564,
2,2.0221915245056152,
1,2.0221915245056152,
3,2.022191286087036,
0,2.0221915245056152,
1,2.0221915245056152,
3,2.022191286087036,
0,2.0221915245056152,
2,2.0221915245056152,
1,2.022272825241089,
0,2.022272825241089,
2,2.0222725868225098,
3,2.022272825241089,
1,2.027477502822876,
0,2.027477741241455,
3,2.027477502822876,
2,2.027477502822876,
3,2.0273561477661133,
0,2.0273568630218506,
2,2.0273566246032715,
1,2.0273566246032715,
2,2.027318239212036,
0,2.027318239212036,
1,2.0283336639404297,
3,2.0283336639404297,
2,2.032050132751465,
3,2.032050371170044,
0,2.032050132751465,
1,2.032050132751465,
2,2.032134532928467,
1,2.0321342945098877,
0,2.032134532928467,
3,2.0321342945098877,
2,2.035668134689331,
1,2.035668134689331,
0,2.035667896270752,
3,2.035667896270752,
1,2.0355544090270996,
3,2.0355539321899414,
2,2.0355544090270996,
0,2.0355539321899414,
2,2.0355539321899414,
1,2.0355544090270996,
0,2.0355539321899414,
3,2.0355539321899414,
2,2.0353341102600098,
1,2.0353341102600098,
3,2.0353336334228516,
0,2.0353336334228516,
3,2.039123058319092,
1,2.039123296737671,
0,2.0391225814819336,
2,2.03912353515625,
2,2.039210796356201,
3,2.0392115116119385,
0,2.0392117500305176,
1,2.0392112731933594,
3,2.04367995262146,
1,2.04367995262146,
2,2.043771266937256,
0,2.043680191040039,
0,2.043679714202881,
2,2.043679714202881,
1,2.04367995262146,
3,2.043680191040039,
1,2.0443053245544434,
3,2.0443050861358643,
2,2.0443050861358643,
0,2.0443053245544434,
3,2.048095703125,
0,2.0480966567993164,
2,2.0480966567993164,
1,2.048096179962158,
2,2.051436424255371,
1,2.051436424255371,
0,2.0514369010925293,
3,2.0514369010925293,
2,2.051438331604004,
1,2.051438331604004,
0,2.051438331604004,
3,2.051438331604004,
2,2.0523085594177246,
1,2.0523085594177246,
3,2.0523085594177246,
0,2.0523085594177246,
0,2.05625057220459,
1,2.05625057220459,
3,2.05625057220459,
2,2.05625057220459,
1,2.0563411712646484,
3,2.0563411712646484,
2,2.0563411712646484,
0,2.0563416481018066,
0,2.0559020042419434,
1,2.0559017658233643,
3,2.0559022426605225,
2,2.0559020042419434,
2,2.0602378845214844,
0,2.060237407684326,
1,2.0602378845214844,
3,2.0602378845214844,
1,2.0602378845214844,
2,2.0602376461029053,
0,2.0602378845214844,
3,2.0602378845214844,
2,2.060436248779297,
1,2.060436248779297,
3,2.060436248779297,
0,2.0604357719421387,
3,2.061131477355957,
2,2.0611319541931152,
0,2.061131477355957,
1,2.0611319541931152,
2,2.0656726360321045,
0,2.065671920776367,
3,2.0656721591949463,
1,2.065671920776367,
1,2.065671920776367,
2,2.065671682357788,
0,2.0656723976135254,
3,2.065671443939209,
2,2.065767288208008,
1,2.065767288208008,
0,2.065767526626587,
3,2.065767288208008,
3,2.0666327476501465,
2,2.0666327476501465,
1,2.0666329860687256,
0,2.0666332244873047,
0,2.0698251724243164,
1,2.06982421875,
2,2.069824457168579,
3,2.06982421875,
0,2.069824695587158,
1,2.0698249340057373,
2,2.06982421875,
3,2.0698249340057373,
1,2.0699188709259033,
0,2.0699188709259033,
3,2.069918632507324,
2,2.069918394088745,
0,2.075169324874878,
1,2.075169324874878,
2,2.0750625133514404,
3,2.075169324874878,
2,2.0750627517700195,
0,2.0750627517700195,
3,2.0750627517700195,
1,2.0750625133514404,
3,2.075160264968872,
1,2.075160503387451,
2,2.075160503387451,
0,2.075160503387451,
2,2.0761256217956543,
3,2.0761256217956543,
0,2.0761256217956543,
1,2.0761256217956543,
2,2.080186367034912,
1,2.080186367034912,
3,2.080185890197754,
0,2.080186367034912,
3,2.080185890197754,
0,2.080186367034912,
1,2.080186367034912,
2,2.080186367034912,
1,2.080284357070923,
2,2.080284595489502,
0,2.080284595489502,
3,2.079862117767334,
1,2.082862138748169,
2,2.08278226852417,
3,2.082782030105591,
0,2.08278226852417,
0,2.08278226852417,
1,2.08278226852417,
3,2.082782030105591,
2,2.08278226852417,
1,2.0828824043273926,
0,2.0828824043273926,
2,2.0828824043273926,
3,2.0828824043273926,
3,2.0866167545318604,
2,2.0866169929504395,
0,2.0866169929504395,
1,2.0865626335144043,
0,2.0866167545318604,
3,2.0866167545318604,
1,2.0866167545318604,
2,2.0866167545318604,
1,2.086826801300049,
0,2.0868265628814697,
2,2.086826801300049,
3,2.086826801300049,
1,2.0864992141723633,
2,2.0864992141723633,
3,2.0864996910095215,
0,2.0864992141723633,
2,2.0892701148986816,
0,2.0892701148986816,
3,2.0892703533172607,
1,2.0892701148986816,
1,2.0893702507019043,
0,2.0893702507019043,
2,2.0893702507019043,
3,2.0893702507019043,
1,2.090186595916748,
0,2.090186595916748,
3,2.090186595916748,
2,2.090186595916748,
1,2.0930042266845703,
2,2.093003749847412,
0,2.093003749847412,
3,2.0930042266845703,
1,2.093104839324951,
2,2.093104839324951,
3,2.0931050777435303,
0,2.093104839324951,
0,2.0929088592529297,
2,2.0929088592529297,
1,2.0929088592529297,
3,2.0929088592529297,
1,2.0956385135650635,
0,2.0956385135650635,
2,2.0956385135650635,
3,2.0956385135650635,
1,2.0958542823791504,
0,2.0958542823791504,
2,2.0958542823791504,
3,2.0958542823791504,
0,2.0966968536376953,
1,2.096696376800537,
3,2.0966970920562744,
2,2.0966968536376953,
1,2.099609136581421,
3,2.099608898162842,
2,2.099609136581421,
0,2.099609375,
1,2.099609136581421,
0,2.099609136581421,
3,2.099609136581421,
2,2.099609375,
3,2.0997133255004883,
0,2.0997133255004883,
2,2.0997133255004883,
1,2.0997135639190674,
2,2.102065324783325,
1,2.102065324783325,
0,2.1020655632019043,
3,2.1020655632019043,
3,2.1018335819244385,
2,2.1018333435058594,
0,2.1018335819244385,
1,2.1018338203430176,
1,2.1020522117614746,
2,2.1020519733428955,
0,2.1020522117614746,
3,2.1020517349243164,
2,2.1031293869018555,
1,2.1031293869018555,
3,2.1031293869018555,
0,2.1031293869018555,
0,2.105140209197998,
1,2.105140209197998,
2,2.105140209197998,
3,2.105140209197998,
1,2.105243682861328,
0,2.105243682861328,
3,2.105243682861328,
2,2.105243682861328,
0,2.1062493324279785,
3,2.1062490940093994,
2,2.1062493324279785,
1,2.1062493324279785,
0,2.107968330383301,
1,2.107968807220459,
3,2.10796856880188,
2,2.107968330383301,
1,2.1080081462860107,
3,2.10800838470459,
0,2.10800838470459,
2,2.1080081462860107,
1,2.109739065170288,
3,2.109739065170288,
0,2.109738826751709,
2,2.109739065170288,
1,2.1092796325683594,
3,2.1092796325683594,
0,2.1092801094055176,
2,2.1092801094055176,
0,2.1091361045837402,
3,2.1091361045837402,
2,2.1091361045837402,
1,2.1091361045837402,
2,2.110624074935913,
1,2.110624074935913,
0,2.110623836517334,
3,2.110623836517334,
0,2.1106643676757812,
2,2.1106643676757812,
1,2.1106643676757812,
3,2.1106643676757812,
2,2.111168622970581,
3,2.111168622970581,
1,2.111168384552002,
0,2.111168384552002,
2,2.111207962036133,
1,2.111208438873291,
0,2.111208200454712,
3,2.111208438873291,
0,2.112171173095703,
1,2.112171173095703,
3,2.112171173095703,
2,2.112171173095703,
2,2.1106066703796387,
3,2.1106069087982178,
0,2.1106069087982178,
1,2.1106069087982178,
0,2.1104087829589844,
3,2.1103439331054688,
2,2.1103439331054688,
1,2.1103439331054688,
3,2.1088993549346924,
1,2.1088993549346924,
0,2.1088993549346924,
2,2.1088993549346924,
0,2.1088993549346924,
1,2.1088993549346924,
2,2.1088993549346924,
3,2.1088993549346924,
2,2.110194206237793,
3,2.110194444656372,
0,2.110194206237793,
1,2.110194444656372,
3,2.3238282203674316,
1,2.3238282203674316,
2,2.3238282203674316,
0,2.3238282203674316,
1,2.3238282203674316,
0,2.3238282203674316,
3,2.3238282203674316,
2,2.3238279819488525,
1,2.3238282203674316,
3,2.3238282203674316,
0,2.3238282203674316,
2,2.3238282203674316,
3,2.3238282203674316,
1,2.3238282203674316,
2,2.3238282203674316,
0,2.3238282203674316,
0,2.3238282203674316,
1,2.3238282203674316,
2,2.3238279819488525,
3,2.3238282203674316,
1,2.103992223739624,
0,2.1040234565734863,
3,2.103991985321045,
2,2.103992223739624,
2,2.3192949295043945,
3,2.3192949295043945,
0,2.3192944526672363,
1,2.3192949295043945,
0,2.098996639251709,
1,2.098996639251709,
2,2.098996639251709,
3,2.098996639251709,
2,2.3095405101776123,
0,2.3095412254333496,
1,2.309540271759033,
3,2.3095407485961914,
0,2.3095405101776123,
2,2.3095405101776123,
1,2.309540271759033,
3,2.3095407485961914,
1,2.303140640258789,
3,2.3031411170959473,
2,2.303140163421631,
0,2.303140640258789,
0,2.080540180206299,
2,2.080540180206299,
3,2.080540180206299,
1,2.080540418624878,
0,2.080540657043457,
1,2.080540418624878,
3,2.080540418624878,
2,2.080540418624878,
0,2.080540180206299,
2,2.080540418624878,
1,2.080540180206299,
3,2.080540180206299,
1,2.06807804107666,
2,2.06807804107666,
3,2.0680782794952393,
0,2.0680785179138184,
1,1.5756052732467651,
2,1.5756052732467651,
3,1.5756057500839233,
0,1.575604796409607,
0,1.5756052732467651,
3,1.575604796409607,
2,1.5756052732467651,
1,1.575604796409607,
2,1.5710639953613281,
3,1.5710636377334595,
0,1.5710639953613281,
1,1.5710636377334595,
1,1.5603758096694946,
0,1.560375690460205,
2,1.560375690460205,
3,1.560375690460205,
2,1.560375690460205,
1,1.5603759288787842,
3,1.5603755712509155,
0,1.5603755712509155,
2,1.5559748411178589,
3,1.555975079536438,
0,1.555975079536438,
1,1.5528876781463623,
2,1.5457872152328491,
3,1.5457872152328491,
1,1.5457874536514282,
0,1.5457874536514282,
3,1.541092872619629,
2,1.541092872619629,
0,1.541092872619629,
1,1.5410929918289185,
2,1.5302581787109375,
3,1.5302581787109375,
0,1.5302581787109375,
1,1.5302581787109375,
1,1.5302581787109375,
0,1.5302581787109375,
2,1.5302581787109375,
3,1.5302581787109375,
2,1.5153260231018066,
1,1.5153260231018066,
3,1.5153260231018066,
0,1.515325903892517,
3,1.515325903892517,
1,1.5153261423110962,
0,1.5153260231018066,
2,1.515325903892517,
0,1.5114712715148926,
2,1.5114712715148926,
3,1.5114712715148926,
1,1.5114712715148926,
2,1.5009033679962158,
0,1.5009033679962158,
3,1.5009032487869263,
1,1.5009032487869263,
1,1.5009031295776367,
0,1.5009033679962158,
2,1.5009033679962158,
3,1.5009033679962158,
2,1.4900752305984497,
0,1.4900749921798706,
1,1.4900749921798706,
3,1.4900749921798706,
0,1.4874181747436523,
2,1.487418293952942,
1,1.487418532371521,
3,1.4874186515808105,
3,1.4841282367706299,
1,1.4841282367706299,
2,1.4841283559799194,
0,1.484128475189209,
0,1.4753364324569702,
3,1.4753363132476807,
2,1.4753363132476807,
1,1.4753360748291016,
0,1.4753365516662598,
1,1.4753364324569702,
3,1.4753365516662598,
2,1.4753363132476807,
2,1.4634652137756348,
1,1.4634650945663452,
0,1.465653657913208,
3,1.4634649753570557,
1,1.4634650945663452,
0,1.4634649753570557,
2,1.4634649753570557,
3,1.4634650945663452,
1,1.4634652137756348,
2,1.4634650945663452,
3,1.4634652137756348,
0,1.4634650945663452,
2,1.4563322067260742,
0,1.4539384841918945,
3,1.453938364982605,
1,1.4563318490982056,
3,1.4539387226104736,
2,1.4539387226104736,
1,1.4539384841918945,
0,1.453938364982605,
1,1.4539384841918945,
3,1.453938603401184,
0,1.453938603401184,
2,1.4539381265640259,
0,1.4539382457733154,
1,1.453938364982605,
3,1.453938364982605,
2,1.4539381265640259,
0,1.4467148780822754,
2,1.4447352886199951,
1,1.4467148780822754,
3,1.4467148780822754,
1,1.4447355270385742,
0,1.4447355270385742,
3,1.4447355270385742,
2,1.4447355270385742,
2,1.4447355270385742,
0,1.4447355270385742,
3,1.4447355270385742,
1,1.4447352886199951,
0,1.4426380395889282,
1,1.4426379203796387,
3,1.4426379203796387,
2,1.4426376819610596,
2,1.436335802078247,
0,1.4363359212875366,
3,1.436335802078247,
1,1.4363359212875366,
3,1.436335802078247,
2,1.436335802078247,
0,1.436335802078247,
1,1.436335802078247,
2,1.436335802078247,
0,1.4363359212875366,
3,1.436130404472351,
1,1.436335802078247,
1,1.4281073808670044,
0,1.4281071424484253,
3,1.4281070232391357,
2,1.4281073808670044,
2,1.4281070232391357,
3,1.4281070232391357,
1,1.4281072616577148,
0,1.4281072616577148,
2,1.4220620393753052,
1,1.4220619201660156,
0,1.4220621585845947,
3,1.4220621585845947,
2,1.419851303100586,
1,1.4202613830566406,
3,1.419851541519165,
0,1.419851303100586,
0,1.412797212600708,
3,1.412797212600708,
2,1.4127976894378662,
1,1.412797212600708,
1,1.4125925302505493,
2,1.4125925302505493,
3,1.4125925302505493,
0,1.4125925302505493,
2,1.4062206745147705,
1,1.4062204360961914,
0,1.4062206745147705,
3,1.4062206745147705,
3,1.4046831130981445,
2,1.4046828746795654,
1,1.4046831130981445,
0,1.4046833515167236,
2,1.3997936248779297,
0,1.3997936248779297,
1,1.3997936248779297,
3,1.3997936248779297,
1,1.396452784538269,
3,1.3964526653289795,
0,1.3964526653289795,
2,1.39645254611969,
3,1.3938766717910767,
1,1.3938767910003662,
0,1.393876552581787,
2,1.3936724662780762,
2,1.3885374069213867,
0,1.3885376453399658,
3,1.3885376453399658,
1,1.3885376453399658,
0,1.3874897956848145,
2,1.387490153312683,
3,1.3874902725219727,
1,1.3874902725219727,
3,1.383599042892456,
0,1.383599042892456,
1,1.383599042892456,
2,1.383598804473877,
0,1.382542371749878,
2,1.3825424909591675,
3,1.3825424909591675,
1,1.3825422525405884,
2,1.3787885904312134,
3,1.3787883520126343,
0,1.3787885904312134,
1,1.3787885904312134,
0,1.3755888938903809,
1,1.3755888938903809,
3,1.3755888938903809,
2,1.37558913230896,
0,1.3741353750228882,
2,1.3741353750228882,
1,1.3741353750228882,
3,1.3741353750228882,
0,1.3704416751861572,
3,1.3704416751861572,
1,1.3704416751861572,
2,1.3704415559768677,
0,1.3693599700927734,
2,1.3693598508834839,
3,1.3693598508834839,
1,1.3693598508834839,
2,1.3663196563720703,
1,1.3663195371627808,
3,1.366117238998413,
0,1.3661173582077026,
2,1.3627562522888184,
3,1.3627562522888184,
0,1.3627562522888184,
1,1.3627564907073975,
1,1.3620433807373047,
2,1.3620433807373047,
0,1.3620437383651733,
3,1.3620434999465942,
3,1.3591997623443604,
0,1.3591997623443604,
2,1.3591996431350708,
1,1.3591996431350708,
0,1.3587958812713623,
3,1.3587958812713623,
2,1.3587958812713623,
1,1.3587958812713623,
2,1.3556492328643799,
3,1.355649471282959,
1,1.3556492328643799,
0,1.355649471282959,
3,1.355011224746704,
1,1.355011224746704,
0,1.355010986328125,
2,1.355010986328125,
1,1.3524177074432373,
2,1.3524174690246582,
0,1.3524174690246582,
3,1.3524174690246582,
1,1.350441575050354,
0,1.3504416942596436,
3,1.350441575050354,
2,1.3504416942596436,
3,1.3490722179412842,
2,1.3490720987319946,
0,1.3490722179412842,
1,1.3490720987319946,
2,1.3462738990783691,
3,1.3462738990783691,
1,1.3462738990783691,
0,1.3462738990783691,
0,1.3454887866973877,
2,1.3454887866973877,
1,1.3454887866973877,
3,1.3454887866973877,
3,1.3432807922363281,
2,1.343280553817749,
0,1.3432807922363281,
1,1.3432807922363281,
3,1.3416551351547241,
1,1.3416547775268555,
2,1.341654896736145,
0,1.3416551351547241,
2,1.340744972229004,
0,1.3407447338104248,
3,1.3407448530197144,
1,1.3407450914382935,
2,1.33858323097229,
3,1.3381431102752686,
0,1.3381431102752686,
1,1.3381428718566895,
2,1.3379429578781128,
1,1.3379427194595337,
0,1.3379429578781128,
3,1.3379429578781128,
0,1.3357205390930176,
2,1.3357205390930176,
3,1.3357205390930176,
1,1.3357205390930176,
2,1.3352464437484741,
1,1.3352465629577637,
0,1.3352465629577637,
3,1.3352464437484741,
3,1.3335598707199097,
1,1.3335599899291992,
0,1.3335599899291992,
2,1.3335599899291992,
1,1.3328832387924194,
2,1.332883358001709,
3,1.332883596420288,
0,1.3328834772109985,
2,1.3312296867370605,
1,1.331229567527771,
3,1.3312299251556396,
0,1.331229567527771,
2,1.3292962312698364,
1,1.3292962312698364,
3,1.3292962312698364,
0,1.3292962312698364,
2,1.3288978338241577,
3,1.3288978338241577,
1,1.3288978338241577,
0,1.3288978338241577,
0,1.3271740674972534,
2,1.3271740674972534,
3,1.327174186706543,
1,1.3271739482879639,
3,1.3267252445220947,
0,1.3267252445220947,
2,1.3267250061035156,
1,1.3267250061035156,
2,1.3251953125,
1,1.325195550918579,
3,1.3251957893371582,
0,1.3251957893371582,
0,1.323778748512268,
3,1.3237788677215576,
2,1.3237786293029785,
1,1.3237786293029785,
3,1.323213815689087,
0,1.3230154514312744,
2,1.323213815689087,
1,1.3230154514312744,
2,1.3214623928070068,
1,1.3214623928070068,
0,1.3214623928070068,
3,1.3214623928070068,
3,1.3214623928070068,
1,1.3214623928070068,
0,1.3214623928070068,
2,1.3214623928070068,
2,1.319626808166504,
0,1.319872260093689,
1,1.3198723793029785,
3,1.319872498512268,
2,1.319626808166504,
0,1.3196265697479248,
1,1.319626808166504,
3,1.3196265697479248,
3,1.319214940071106,
2,1.319214940071106,
1,1.319214940071106,
0,1.319214940071106,
1,1.3179479837417603,
2,1.3179479837417603,
0,1.3179479837417603,
3,1.3179479837417603,
0,1.3179479837417603,
2,1.3179479837417603,
3,1.3179479837417603,
1,1.3179479837417603,
3,1.3179479837417603,
0,1.3179479837417603,
1,1.3179479837417603,
2,1.3179479837417603,
0,1.316396951675415,
2,1.316396951675415,
1,1.3163970708847046,
3,1.3163970708847046,
0,1.3161556720733643,
1,1.3161555528640747,
3,1.3161556720733643,
2,1.3161554336547852,
2,1.3159582614898682,
0,1.3159582614898682,
3,1.3159582614898682,
1,1.3159582614898682,
1,1.3145273923873901,
3,1.314527153968811,
0,1.3145272731781006,
2,1.3145273923873901,
2,1.3141329288482666,
1,1.314132809638977,
0,1.314132809638977,
3,1.314132809638977,
0,1.3126376867294312,
3,1.3126378059387207,
2,1.3126381635665894,
1,1.3126380443572998,
3,1.3122323751449585,
2,1.3122321367263794,
0,1.3122320175170898,
1,1.3122320175170898,
3,1.311143398284912,
2,1.311143398284912,
1,1.311143398284912,
0,1.311143398284912,
3,1.3096797466278076,
2,1.3096797466278076,
0,1.3209569454193115,
1,1.309679627418518,
0,1.320760726928711,
2,1.3207606077194214,
3,1.3207606077194214,
1,1.3207606077194214,
3,1.3195135593414307,
2,1.3195135593414307,
0,1.3195135593414307,
1,1.3195135593414307,
3,1.3189165592193604,
2,1.3189165592193604,
0,1.3189165592193604,
1,1.3189165592193604,
0,1.3179686069488525,
2,1.317968487739563,
3,1.3179686069488525,
1,1.3179683685302734,
0,1.3175692558288574,
3,1.3175692558288574,
2,1.3175692558288574,
1,1.3175692558288574,
0,1.316440463066101,
1,1.3164405822753906,
3,1.316440463066101,
2,1.316440463066101,
3,1.3160490989685059,
1,1.3160492181777954,
2,1.3160490989685059,
0,1.3160492181777954,
2,1.3149423599243164,
3,1.3149423599243164,
1,1.3149423599243164,
0,1.3149423599243164,
2,1.3145463466644287,
0,1.31454598903656,
3,1.3145462274551392,
1,1.31454598903656,
3,1.313598871231079,
1,1.3135987520217896,
2,1.313598871231079,
0,1.313598871231079,
3,1.3123424053192139,
2,1.3123424053192139,
0,1.3122141361236572,
1,1.3123424053192139,
2,1.311824083328247,
3,1.311824083328247,
0,1.3118243217468262,
1,1.3118243217468262,
3,1.3106811046600342,
2,1.310680866241455,
0,1.3106811046600342,
1,1.3106811046600342,
0,1.3103461265563965,
2,1.3103458881378174,
1,1.3103458881378174,
3,1.3103458881378174,
2,1.309227705001831,
0,1.3092279434204102,
1,1.3092279434204102,
3,1.3092281818389893,
3,1.3081395626068115,
2,1.3081393241882324,
0,1.3081393241882324,
1,1.3081395626068115,
1,1.3078017234802246,
3,1.3078017234802246,
0,1.3078019618988037,
2,1.3074133396148682,
1,1.3062889575958252,
0,1.3062893152236938,
2,1.3062891960144043,
3,1.3062893152236938,
3,1.3059558868408203,
2,1.3059557676315308,
0,1.3059557676315308,
1,1.3059557676315308,
2,1.3050786256790161,
0,1.3050786256790161,
3,1.3050786256790161,
1,1.3050786256790161,
1,1.3047453165054321,
2,1.3047453165054321,
3,1.3047453165054321,
0,1.3047453165054321,
2,1.303749918937683,
3,1.3037500381469727,
1,1.303749918937683,
0,1.303749680519104,
3,1.3025964498519897,
0,1.3025963306427002,
1,1.3025963306427002,
2,1.3025962114334106,
3,1.3024029731750488,
0,1.302403211593628,
1,1.302403211593628,
2,1.302403211593628,
2,1.3015168905258179,
1,1.3015167713165283,
0,1.3015170097351074,
3,1.3015170097351074,
0,1.3009920120239258,
2,1.3009920120239258,
1,1.3009917736053467,
3,1.3009918928146362,
1,1.3003425598144531,
3,1.3003427982330322,
0,1.3003425598144531,
2,1.3003425598144531,
0,1.2995595932006836,
3,1.2995595932006836,
2,1.2994154691696167,
1,1.2995597124099731,
0,1.2990305423736572,
2,1.2990304231643677,
1,1.2990304231643677,
3,1.2988920211791992,
0,1.2981550693511963,
1,1.2981550693511963,
3,1.2981550693511963,
2,1.2981550693511963,
0,1.2976322174072266,
3,1.2976322174072266,
1,1.2976322174072266,
2,1.2976322174072266,
3,1.2970426082611084,
2,1.2970426082611084,
1,1.2970424890518188,
0,1.2970424890518188,
3,1.2961424589157104,
0,1.29599928855896,
2,1.296142339706421,
1,1.296142339706421,
0,1.295807123184204,
1,1.2958073616027832,
2,1.2958077192306519,
3,1.2958077192306519,
0,1.2950177192687988,
3,1.2950178384780884,
2,1.2950174808502197,
1,1.2950178384780884,
2,1.294496774673462,
3,1.2944965362548828,
1,1.2944962978363037,
0,1.294496774673462,
0,1.293927788734436,
3,1.2939276695251465,
1,1.293927788734436,
2,1.2939276695251465,
2,1.2933268547058105,
0,1.2933268547058105,
3,1.2933268547058105,
1,1.2933268547058105,
3,1.2930009365081787,
2,1.2930006980895996,
0,1.2930006980895996,
1,1.2926185131072998,
2,1.2917143106460571,
3,1.2917144298553467,
0,1.2917144298553467,
1,1.2917144298553467,
3,1.2914276123046875,
2,1.2914276123046875,
0,1.2914278507232666,
1,1.2914278507232666,
2,1.2908382415771484,
1,1.2908382415771484,
0,1.2908382415771484,
3,1.2908382415771484,
2,1.290319800376892,
1,1.2903196811676025,
0,1.2903196811676025,
3,1.290319800376892,
3,1.2896703481674194,
2,1.2896702289581299,
1,1.2896705865859985,
0,1.289670467376709,
0,1.2888569831848145,
2,1.2888569831848145,
1,1.2888572216033936,
3,1.2888572216033936,
0,1.288735032081604,
3,1.2887349128723145,
1,1.2887349128723145,
2,1.2887349128723145,
2,1.2878230810165405,
3,1.287822961807251,
0,1.287822961807251,
1,1.287822961807251,
0,1.2874431610107422,
1,1.2874431610107422,
3,1.2874431610107422,
2,1.2874431610107422,
1,1.2865631580352783,
3,1.2865633964538574,
2,1.2865633964538574,
0,1.2865633964538574,
2,1.2862367630004883,
0,1.2862370014190674,
3,1.2862367630004883,
1,1.2862367630004883,
3,1.285656452178955,
2,1.285656452178955,
0,1.285656452178955,
1,1.285656452178955,
2,1.2848680019378662,
0,1.2848680019378662,
1,1.2848680019378662,
3,1.2848681211471558,
3,1.2841250896453857,
2,1.2841248512268066,
1,1.2841248512268066,
0,1.2841250896453857,
2,1.2833609580993652,
0,1.283360242843628,
3,1.2833608388900757,
1,1.2833607196807861,
1,1.2831718921661377,
3,1.2831714153289795,
2,1.2831718921661377,
0,1.2830350399017334,
2,1.2824621200561523,
0,1.2824621200561523,
1,1.2824623584747314,
3,1.2824621200561523,
3,1.2818925380706787,
2,1.2818925380706787,
0,1.2818925380706787,
1,1.2818925380706787,
3,1.2811568975448608,
1,1.2811568975448608,
2,1.2811568975448608,
0,1.2811570167541504,
1,1.2803785800933838,
0,1.280378818511963,
3,1.280378818511963,
2,1.280378818511963,
3,1.2800548076629639,
1,1.2800545692443848,
0,1.2800548076629639,
2,1.2800548076629639,
3,1.2794101238250732,
2,1.2794101238250732,
0,1.2794101238250732,
1,1.2794101238250732,
1,1.2784210443496704,
2,1.2785598039627075,
3,1.278559684753418,
0,1.278559684753418,
0,1.278045415878296,
1,1.278045654296875,
2,1.278045654296875,
3,1.278045415878296,
2,1.2773728370666504,
3,1.2773728370666504,
1,1.2773722410202026,
0,1.2773728370666504,
2,1.2769972085952759,
3,1.2769972085952759,
1,1.2769978046417236,
0,1.2769972085952759,
2,1.2762962579727173,
1,1.2762963771820068,
3,1.2762962579727173,
0,1.2762963771820068,
2,1.2761090993881226,
1,1.276108980178833,
0,1.2761090993881226,
3,1.2761090993881226,
3,1.2752667665481567,
1,1.2752670049667358,
0,1.275267243385315,
2,1.2752671241760254,
2,1.274892807006836,
0,1.274893045425415,
3,1.274893045425415,
1,1.274892807006836,
3,1.2742316722869873,
0,1.2742316722869873,
1,1.2742316722869873,
2,1.2742316722869873,
0,1.2740448713302612,
2,1.2740446329116821,
1,1.2740448713302612,
3,1.2740446329116821,
0,1.2733030319213867,
2,1.2733030319213867,
3,1.2733030319213867,
1,1.2733030319213867,
0,1.2729299068450928,
1,1.2729299068450928,
3,1.2729299068450928,
2,1.2729299068450928,
2,1.2722182273864746,
3,1.2722182273864746,
1,1.2722182273864746,
0,1.2722182273864746,
1,1.2720319032669067,
3,1.2720319032669067,
2,1.2720319032669067,
0,1.2720319032669067,
2,1.2712849378585815,
0,1.2712849378585815,
1,1.2712849378585815,
3,1.2712849378585815,
1,1.2710988521575928,
0,1.2710988521575928,
2,1.2710988521575928,
3,1.2710988521575928,
2,1.2702890634536743,
0,1.2702890634536743,
1,1.2702890634536743,
3,1.2702890634536743,
0,1.2699172496795654,
2,1.2699172496795654,
3,1.2699172496795654,
1,1.2699172496795654,
0,1.269254207611084,
1,1.269254207611084,
3,1.269254207611084,
2,1.269254207611084,
0,1.2690684795379639,
2,1.2690684795379639,
3,1.2690684795379639,
1,1.2690684795379639,
2,1.2684047222137451,
1,1.268404483795166,
0,1.268404483795166,
3,1.2684047222137451,
0,1.268404483795166,
3,1.268218994140625,
2,1.268219232559204,
1,1.268218994140625,
2,1.2674674987792969,
0,1.2674672603607178,
3,1.2674673795700073,
1,1.2674676179885864,
2,1.2670971155166626,
3,1.2670971155166626,
1,1.267096757888794,
0,1.2670968770980835,
0,1.2664413452148438,
2,1.2664411067962646,
1,1.2664413452148438,
3,1.2664413452148438,
2,1.2662560939788818,
0,1.266256332397461,
1,1.266256332397461,
3,1.266256332397461,
2,1.265515685081482,
3,1.265515685081482,
0,1.265515685081482,
1,1.265515685081482,
3,1.2651461362838745,
0,1.2651461362838745,
1,1.2651461362838745,
2,1.2651461362838745,
3,1.2643990516662598,
0,1.2643992900848389,
1,1.2643990516662598,
2,1.2643990516662598,
2,1.2642147541046143,
3,1.2642147541046143,
0,1.2642145156860352,
1,1.2642145156860352,
1,1.2635648250579834,
0,1.2635648250579834,
2,1.2635648250579834,
3,1.2635648250579834,
1,1.2631961107254028,
3,1.263196349143982,
0,1.2631961107254028,
2,1.2631961107254028,
0,1.2624541521072388,
1,1.2624541521072388,
3,1.2624541521072388,
2,1.2624541521072388,
2,1.2622700929641724,
3,1.2622700929641724,
1,1.2622700929641724,
0,1.2622700929641724,
3,1.2616164684295654,
2,1.2616164684295654,
1,1.2616164684295654,
0,1.2616162300109863,
3,1.2612487077713013,
1,1.2612487077713013,
2,1.2612484693527222,
0,1.2612487077713013,
2,1.2606072425842285,
0,1.2606072425842285,
1,1.2606072425842285,
3,1.2606072425842285,
3,1.2604238986968994,
2,1.2604236602783203,
1,1.2604238986968994,
0,1.2604238986968994,
2,1.2595921754837036,
0,1.2595921754837036,
1,1.2595921754837036,
3,1.2595921754837036,
0,1.259408712387085,
3,1.259408712387085,
1,1.259408712387085,
2,1.259408712387085,
1,1.2587062120437622,
0,1.2587060928344727,
2,1.2587060928344727,
3,1.2587060928344727,
0,1.258339762687683,
1,1.2583396434783936,
3,1.2583396434783936,
2,1.258339762687683,
0,1.2576757669448853,
1,1.2576757669448853,
2,1.2576757669448853,
3,1.2576755285263062,
3,1.2574927806854248,
2,1.2574927806854248,
1,1.2574925422668457,
0,1.2574925422668457,
0,1.2567812204360962,
3,1.2567811012268066,
1,1.2567811012268066,
2,1.2567812204360962,
2,1.2562332153320312,
1,1.2562332153320312,
0,1.2562332153320312,
3,1.2562330961227417,
2,1.255605936050415,
1,1.2556054592132568,
3,1.255605936050415,
0,1.255605936050415,
0,1.2554231882095337,
1,1.2554235458374023,
2,1.2554231882095337,
3,1.2554231882095337,
3,1.254750370979309,
1,1.2547506093978882,
0,1.2547506093978882,
2,1.2547508478164673,
1,1.2545685768127441,
0,1.254568099975586,
2,1.254568338394165,
3,1.254568099975586,
0,1.2538833618164062,
3,1.2538832426071167,
2,1.2538836002349854,
1,1.2538833618164062,
3,1.2535196542739868,
1,1.2535197734832764,
2,1.2535195350646973,
0,1.2535192966461182,
2,1.252890944480896,
0,1.2528908252716064,
1,1.252890706062317,
3,1.2528910636901855,
1,1.2527092695236206,
2,1.252708911895752,
0,1.2527092695236206,
3,1.2527090311050415,
1,1.2518880367279053,
2,1.2518880367279053,
3,1.2518880367279053,
0,1.2518880367279053,
0,1.2517063617706299,
1,1.251706600189209,
2,1.2517063617706299,
3,1.251706600189209,
2,1.2510826587677002,
1,1.2510825395584106,
0,1.2510826587677002,
3,1.251082420349121,
2,1.2507199048995972,
1,1.2507200241088867,
3,1.2507200241088867,
0,1.2507199048995972,
3,1.2830140590667725,
1,1.2830140590667725,
0,1.2830140590667725,
2,1.2830145359039307,
2,1.2828327417373657,
3,1.2828330993652344,
0,1.2828330993652344,
1,1.282833218574524,
0,1.2823944091796875,
1,1.282394289970398,
3,1.2823944091796875,
2,1.2823946475982666,
0,1.282394289970398,
3,1.2820329666137695,
1,1.2820327281951904,
2,1.282394289970398,
3,1.2812254428863525,
0,1.2812256813049316,
1,1.2812259197235107,
2,1.2812256813049316,
1,1.2812256813049316,
3,1.2812254428863525,
0,1.2812256813049316,
2,1.2812254428863525,
3,1.2804222106933594,
0,1.2804222106933594,
1,1.2804222106933594,
2,1.2804222106933594,
3,1.2804219722747803,
0,1.2804219722747803,
1,1.2804219722747803,
2,1.2804222106933594,
1,1.2804219722747803,
0,1.2804222106933594,
3,1.2804222106933594,
2,1.2804222106933594,
0,1.2801097631454468,
1,1.2801097631454468,
2,1.2801097631454468,
3,1.2801094055175781,
3,1.2794948816299438,
0,1.2794948816299438,
2,1.2794947624206543,
1,1.2794948816299438,
0,1.278459906578064,
3,1.2784597873687744,
1,1.2784595489501953,
2,1.2784591913223267,
2,1.2782797813415527,
0,1.2782797813415527,
3,1.2782793045043945,
1,1.278279185295105,
1,1.277480125427246,
3,1.2774797677993774,
0,1.2774797677993774,
2,1.2774797677993774,
3,1.2768096923828125,
0,1.276809573173523,
2,1.276809573173523,
1,1.2768096923828125,
2,1.2761719226837158,
3,1.2761719226837158,
0,1.2761719226837158,
1,1.2761719226837158,
0,1.2754852771759033,
1,1.2754855155944824,
2,1.2754852771759033,
3,1.2754852771759033,
3,1.2751266956329346,
2,1.2751266956329346,
1,1.2751269340515137,
0,1.2751266956329346,
2,1.2743682861328125,
0,1.274368166923523,
1,1.2743680477142334,
3,1.2743680477142334,
2,1.2741891145706177,
1,1.2741889953613281,
0,1.2741891145706177,
3,1.274188756942749,
2,1.2734273672103882,
0,1.2734277248382568,
1,1.2734277248382568,
3,1.2734274864196777,
3,1.2730700969696045,
0,1.2730700969696045,
1,1.2730700969696045,
2,1.2730697393417358,
2,1.2724465131759644,
3,1.2724462747573853,
0,1.2724465131759644,
1,1.2724465131759644,
0,1.2724465131759644,
2,1.2724462747573853,
3,1.2722678184509277,
1,1.2722678184509277,
0,1.271450400352478,
2,1.271450400352478,
3,1.271450400352478,
1,1.271450400352478,
2,1.2712719440460205,
1,1.2712719440460205,
3,1.2712719440460205,
0,1.2712719440460205,
3,1.270570993423462,
2,1.2705714702606201,
1,1.270571231842041,
0,1.270571231842041,
2,1.2702147960662842,
0,1.2702147960662842,
1,1.270214557647705,
3,1.2702147960662842,
0,1.2695074081420898,
1,1.2695074081420898,
2,1.2695071697235107,
3,1.2695074081420898,
0,1.26932954788208,
1,1.269329309463501,
3,1.2693290710449219,
2,1.269329309463501,
3,1.2686495780944824,
2,1.268649935722351,
0,1.2686498165130615,
1,1.268649935722351,
0,1.2682944536209106,
1,1.268294334411621,
3,1.2682942152023315,
2,1.2682944536209106,
3,1.4908030033111572,
0,1.4908027648925781,
2,1.4908027648925781,
1,1.4908027648925781,
2,1.4908027648925781,
1,1.4908028841018677,
3,1.4908026456832886,
0,1.4908027648925781,
0,1.4900106191635132,
3,1.4900106191635132,
1,1.4900106191635132,
2,1.4900106191635132,
0,1.4900106191635132,
3,1.4900106191635132,
2,1.4900106191635132,
1,1.4900106191635132,
0,1.4889895915985107,
2,1.4889895915985107,
3,1.4889898300170898,
1,1.4889895915985107,
1,1.4889898300170898,
3,1.4889895915985107,
2,1.4889895915985107,
0,1.4889895915985107,
3,1.4878674745559692,
0,1.4878672361373901,
2,1.4878672361373901,
1,1.4878677129745483,
2,1.4878677129745483,
1,1.4878672361373901,
0,1.4878672361373901,
3,1.4878672361373901,
0,1.4865857362747192,
1,1.4865857362747192,
2,1.4865857362747192,
3,1.4865858554840088,
2,1.4865857362747192,
1,1.4865858554840088,
0,1.4865859746932983,
3,1.4865857362747192,
0,1.4848387241363525,
3,1.484839677810669,
1,1.484839677810669,
2,1.484839677810669,
2,1.4848384857177734,
3,1.484839677810669,
0,1.4848387241363525,
1,1.484839677810669,
1,1.4833011627197266,
3,1.4833011627197266,
2,1.4833014011383057,
0,1.4833011627197266,
2,1.4833014011383057,
3,1.4833011627197266,
0,1.4833016395568848,
1,1.4833014011383057,
0,1.4817124605178833,
3,1.4817124605178833,
1,1.4817124605178833,
2,1.4817124605178833,
2,1.4817124605178833,
1,1.4817124605178833,
3,1.4817124605178833,
0,1.4817124605178833,
3,1.4949047565460205,
2,1.4949047565460205,
1,1.4949045181274414,
0,1.4949045181274414,
2,1.4949047565460205,
0,1.4949047565460205,
1,1.4949045181274414,
3,1.4949047565460205,
3,1.4929616451263428,
1,1.4929616451263428,
0,1.4929617643356323,
2,1.4929617643356323,
0,1.4929617643356323,
2,1.4929616451263428,
3,1.4929616451263428,
1,1.4929617643356323,
0,1.4903804063796997,
3,1.490381121635437,
1,1.4903804063796997,
2,1.490381121635437,
2,1.4903802871704102,
0,1.490380883216858,
3,1.4903806447982788,
1,1.4903810024261475,
3,1.2721012830734253,
1,1.2721012830734253,
2,1.2721015214920044,
0,1.272101640701294,
0,1.2719249725341797,
1,1.2719249725341797,
2,1.2719250917434692,
3,1.2719252109527588,
0,1.2711949348449707,
3,1.2711951732635498,
2,1.2711951732635498,
1,1.2711951732635498,
3,1.2711949348449707,
2,1.271195411682129,
1,1.2711951732635498,
0,1.2711951732635498,
2,1.2704870700836182,
0,1.2704870700836182,
3,1.2704870700836182,
1,1.2704870700836182,
1,1.270310878753662,
0,1.270310878753662,
2,1.270310878753662,
3,1.270310878753662,
2,1.4830472469329834,
0,1.4830472469329834,
3,1.4830472469329834,
1,1.4830472469329834,
0,1.4830472469329834,
2,1.4830472469329834,
1,1.4830472469329834,
3,1.4830472469329834,
0,1.4813909530639648,
3,1.4813909530639648,
1,1.4813909530639648,
2,1.4813909530639648,
3,1.4813909530639648,
2,1.4813909530639648,
0,1.4813909530639648,
1,1.4813909530639648,
2,1.4797734022140503,
1,1.4797734022140503,
3,1.4797734022140503,
0,1.4797735214233398,
3,1.4797734022140503,
0,1.4797735214233398,
2,1.4797734022140503,
1,1.4797734022140503,
0,1.2671825885772705,
3,1.2671825885772705,
2,1.2671825885772705,
1,1.2671825885772705,
2,1.2671825885772705,
0,1.2671825885772705,
3,1.2671825885772705,
1,1.2671825885772705,
3,1.2664871215820312,
1,1.2664872407913208,
2,1.2664868831634521,
0,1.2664872407913208,
3,1.2664870023727417,
1,1.2664871215820312,
2,1.2664871215820312,
0,1.2664870023727417,
0,1.26580810546875,
1,1.26580810546875,
2,1.2658079862594604,
3,1.26580810546875,
0,1.265632152557373,
2,1.265632152557373,
1,1.265632152557373,
3,1.265631914138794,
0,1.2649405002593994,
1,1.2649405002593994,
2,1.2649405002593994,
3,1.2649405002593994,
1,1.2649405002593994,
0,1.2649407386779785,
3,1.2649407386779785,
2,1.2649405002593994,
0,1.2641159296035767,
2,1.2641161680221558,
3,1.2641161680221558,
1,1.2641161680221558,
2,1.2639405727386475,
1,1.263940453529358,
0,1.2639403343200684,
3,1.2639405727386475,
0,1.2632150650024414,
1,1.2632150650024414,
3,1.2632145881652832,
2,1.2632148265838623,
0,1.2632148265838623,
2,1.2632150650024414,
1,1.2632148265838623,
3,1.2632148265838623,
0,1.262534737586975,
2,1.262534737586975,
3,1.262534499168396,
1,1.262534499168396,
2,1.262534737586975,
3,1.262534737586975,
1,1.262534499168396,
0,1.262534499168396,
0,1.2618523836135864,
2,1.2618523836135864,
1,1.2618523836135864,
3,1.2618523836135864,
2,1.261676549911499,
3,1.2616767883300781,
1,1.2616767883300781,
0,1.261676549911499,
0,1.2608546018600464,
2,1.2608544826507568,
3,1.2608544826507568,
1,1.2608544826507568,
0,1.2606792449951172,
3,1.2606791257858276,
1,1.2606791257858276,
2,1.2606791257858276,
3,1.2599961757659912,
0,1.2599960565567017,
2,1.2599961757659912,
1,1.2599958181381226,
2,1.2599961757659912,
0,1.2599961757659912,
3,1.2599960565567017,
1,1.259995937347412,
2,1.2593326568603516,
1,1.259266972541809,
0,1.2593326568603516,
3,1.2593328952789307,
2,1.2590913772583008,
3,1.2590922117233276,
0,1.2590916156768799,
1,1.2590913772583008,
3,1.2584114074707031,
2,1.2584114074707031,
1,1.258411169052124,
0,1.2584114074707031,
0,1.2582364082336426,
1,1.2582359313964844,
3,1.2582364082336426,
2,1.2582361698150635,
1,1.2574288845062256,
0,1.2574288845062256,
2,1.2574291229248047,
3,1.2574286460876465,
2,1.2572543621063232,
0,1.257253885269165,
3,1.257253885269165,
1,1.257253885269165,
3,1.256522536277771,
0,1.256522536277771,
2,1.2565221786499023,
1,1.2565221786499023,
0,1.256347417831421,
3,1.25634765625,
1,1.25634765625,
2,1.25634765625,
3,1.2556769847869873,
2,1.2556767463684082,
0,1.2556769847869873,
1,1.2556766271591187,
1,1.2555023431777954,
0,1.2555023431777954,
2,1.2555023431777954,
3,1.2555023431777954,
0,1.2548482418060303,
2,1.2548482418060303,
3,1.2548482418060303,
1,1.2548482418060303,
3,1.254673719406128,
0,1.254673719406128,
1,1.254673719406128,
2,1.2546738386154175,
3,1.25398588180542,
0,1.25398588180542,
2,1.2539856433868408,
1,1.25398588180542,
2,1.253637671470642,
3,1.2536369562149048,
1,1.2536369562149048,
0,1.253637671470642,
3,1.2529168128967285,
0,1.2529172897338867,
2,1.2529165744781494,
1,1.2529168128967285,
2,1.2529168128967285,
0,1.252916932106018,
1,1.2529171705245972,
3,1.252916693687439,
2,1.2521356344223022,
3,1.2521357536315918,
0,1.2521357536315918,
1,1.2521357536315918,
2,1.2517876625061035,
1,1.2517876625061035,
3,1.2517876625061035,
0,1.2517876625061035,
3,1.2510827779769897,
0,1.251083254814148,
1,1.2510830163955688,
2,1.251083254814148,
2,1.2509093284606934,
3,1.2509095668792725,
0,1.2509090900421143,
1,1.2509095668792725,
3,1.250272274017334,
2,1.250272274017334,
0,1.2502720355987549,
1,1.2502717971801758,
1,1.2500989437103271,
2,1.250098466873169,
0,1.2500989437103271,
3,1.250098705291748,
2,1.2494518756866455,
0,1.2494518756866455,
1,1.2494518756866455,
3,1.2494518756866455,
2,1.2492784261703491,
1,1.2492784261703491,
0,1.2492784261703491,
3,1.2492784261703491,
1,1.248650312423706,
2,1.2486507892608643,
3,1.2486506700515747,
0,1.2486505508422852,
2,1.2484774589538574,
0,1.2484776973724365,
1,1.2484769821166992,
3,1.2484776973724365,
0,1.2477259635925293,
2,1.2477262020111084,
3,1.2477259635925293,
1,1.2477262020111084,
2,1.2477262020111084,
0,1.2477259635925293,
3,1.2477262020111084,
1,1.2477264404296875,
1,1.2467595338821411,
3,1.2467595338821411,
0,1.2467596530914307,
2,1.2467595338821411,
1,1.246586799621582,
0,1.246586799621582,
2,1.246586799621582,
3,1.2465869188308716,
0,1.2459070682525635,
2,1.2459076642990112,
3,1.2459070682525635,
1,1.2459074258804321,
3,1.2457345724105835,
2,1.2457348108291626,
0,1.2457345724105835,
1,1.2457348108291626,
1,1.2451092004776,
2,1.2451090812683105,
3,1.2451092004776,
0,1.2451090812683105,
2,1.2449365854263306,
1,1.2449365854263306,
3,1.2449369430541992,
0,1.2449369430541992,
1,1.2443883419036865,
0,1.2443883419036865,
3,1.2443883419036865,
2,1.2443883419036865,
1,1.2443883419036865,
0,1.2443883419036865,
2,1.2443883419036865,
3,1.2443883419036865,
3,1.2434043884277344,
0,1.2434042692184448,
1,1.2434043884277344,
2,1.2434042692184448,
0,1.2434042692184448,
1,1.2434042692184448,
2,1.2434043884277344,
3,1.2434042692184448,
3,1.2434042692184448,
1,1.2434043884277344,
0,1.2434042692184448,
2,1.2434042692184448,
2,1.2431094646453857,
0,1.2431094646453857,
3,1.2431093454360962,
1,1.2431093454360962,
0,1.2426731586456299,
2,1.2426731586456299,
3,1.2426726818084717,
1,1.2426729202270508,
0,1.2426729202270508,
1,1.2426731586456299,
3,1.2426726818084717,
2,1.2426729202270508,
1,1.242384672164917,
3,1.242384910583496,
2,1.242384672164917,
0,1.242384672164917,
0,1.2419250011444092,
2,1.2419250011444092,
3,1.2419248819351196,
1,1.2419250011444092,
2,1.2419248819351196,
3,1.2419250011444092,
1,1.2419250011444092,
0,1.2419248819351196,
1,1.241637110710144,
0,1.2416372299194336,
3,1.2416372299194336,
2,1.2416372299194336,
2,1.2412152290344238,
0,1.241215705871582,
1,1.2412152290344238,
3,1.2412152290344238,
3,1.2412147521972656,
0,1.2412149906158447,
2,1.241215467453003,
1,1.2412152290344238,
0,1.2412152290344238,
1,1.2412152290344238,
3,1.2412147521972656,
2,1.2412149906158447,
0,1.2404513359069824,
3,1.2404510974884033,
1,1.2404510974884033,
2,1.2404510974884033,
1,1.240351676940918,
2,1.240351676940918,
3,1.2403515577316284,
0,1.2403514385223389,
3,1.240351676940918,
2,1.240351676940918,
0,1.240351676940918,
1,1.2403514385223389,
3,1.2403514385223389,
1,1.240351676940918,
0,1.2403514385223389,
2,1.240351676940918,
2,1.2403514385223389,
1,1.2403514385223389,
3,1.240351676940918,
0,1.240351676940918,
2,1.2403517961502075,
1,1.240351676940918,
3,1.240351676940918,
0,1.240351676940918,
0,1.2396432161331177,
1,1.2397068738937378,
3,1.239707112312317,
2,1.239707112312317,
0,1.2396435737609863,
1,1.2396435737609863,
2,1.2396435737609863,
3,1.2396432161331177,
0,1.2396432161331177,
2,1.2396438121795654,
1,1.2396432161331177,
3,1.2396432161331177,
0,1.2396435737609863,
3,1.2396435737609863,
1,1.2396438121795654,
2,1.2396432161331177,
3,1.239356517791748,
0,1.239356517791748,
2,1.2390363216400146,
1,1.239356517791748,
2,1.238932728767395,
0,1.2389330863952637,
3,1.2389329671859741,
1,1.238932728767395,
1,1.238932728767395,
0,1.2389329671859741,
3,1.238932728767395,
2,1.2389329671859741,
0,1.238932728767395,
3,1.2389329671859741,
2,1.2389329671859741,
1,1.238932728767395,
2,1.2382303476333618,
1,1.2382301092147827,
0,1.2382301092147827,
3,1.2382301092147827,
0,1.2382301092147827,
1,1.2382302284240723,
3,1.2382299900054932,
2,1.2382303476333618,
2,1.2379441261291504,
1,1.2379438877105713,
3,1.2379441261291504,
0,1.2379436492919922,
2,1.2375425100326538,
3,1.2375425100326538,
0,1.2375425100326538,
1,1.2375422716140747,
2,1.2375425100326538,
0,1.2375425100326538,
1,1.2375425100326538,
3,1.2373720407485962,
3,1.2368409633636475,
0,1.2368409633636475,
2,1.2368409633636475,
1,1.2368409633636475,
3,1.2365552186965942,
0,1.2365552186965942,
2,1.2365552186965942,
1,1.2365552186965942,
0,1.2361390590667725,
3,1.236138939857483,
1,1.2361390590667725,
2,1.2361390590667725,
3,1.2354624271392822,
2,1.235398292541504,
1,1.2354621887207031,
0,1.2354621887207031,
3,1.2350578308105469,
0,1.2350578308105469,
2,1.2350578308105469,
1,1.2350578308105469,
3,1.2344461679458618,
0,1.234446406364441,
2,1.234446406364441,
1,1.2344461679458618,
1,1.2342761754989624,
0,1.2342761754989624,
2,1.2342761754989624,
3,1.2342761754989624,
3,1.233750820159912,
2,1.233750820159912,
1,1.233750820159912,
0,1.233750820159912,
1,1.233466625213623,
2,1.233466625213623,
0,1.233466625213623,
3,1.233466625213623,
2,1.2330578565597534,
0,1.2330577373504639,
3,1.2330577373504639,
1,1.2330577373504639,
3,1.2324222326278687,
2,1.2324224710464478,
1,1.2324222326278687,
0,1.2324224710464478,
2,1.232194185256958,
0,1.232194185256958,
3,1.232194185256958,
1,1.232194185256958,
0,1.231619119644165,
1,1.2316192388534546,
3,1.231619119644165,
2,1.231619119644165,
2,1.2313345670700073,
3,1.2313345670700073,
0,1.2313346862792969,
1,1.2313345670700073,
2,1.230884075164795,
0,1.2308838367462158,
1,1.2308838367462158,
3,1.230884075164795,
1,1.2302908897399902,
2,1.2302908897399902,
0,1.2302910089492798,
3,1.2302910089492798,
0,1.230193018913269,
3,1.2301926612854004,
1,1.2301926612854004,
2,1.2301926612854004,
0,1.229312777519226,
3,1.229312777519226,
1,1.2293123006820679,
2,1.229312777519226,
1,1.229143738746643,
3,1.229143738746643,
2,1.229143738746643,
0,1.229029655456543,
2,1.228623390197754,
1,1.228623628616333,
0,1.228623628616333,
3,1.228623628616333,
3,1.2280113697052002,
0,1.2280113697052002,
1,1.2280116081237793,
2,1.2280117273330688,
3,1.2279136180877686,
2,1.2275769710540771,
0,1.2275769710540771,
1,1.2275768518447876,
0,1.2270760536193848,
3,1.2270758152008057,
1,1.2270758152008057,
2,1.2270760536193848,
2,1.2267935276031494,
0,1.2265045642852783,
1,1.2265045642852783,
3,1.2267935276031494,
1,1.226365566253662,
2,1.226365566253662,
3,1.226365566253662,
0,1.226365566253662,
0,1.2258541584014893,
2,1.2258539199829102,
3,1.2258541584014893,
1,1.2258539199829102,
2,1.2255182266235352,
1,1.2255182266235352,
0,1.2255184650421143,
3,1.225517988204956,
0,1.2250312566757202,
3,1.2250312566757202,
2,1.2250316143035889,
1,1.2250313758850098,
2,1.2247499227523804,
3,1.22475004196167,
1,1.2247499227523804,
0,1.22475004196167,
2,1.2243731021881104,
3,1.2243731021881104,
0,1.2243731021881104,
1,1.2243731021881104,
2,1.2237372398376465,
0,1.2237372398376465,
3,1.2237370014190674,
1,1.2237372398376465,
1,1.2235701084136963,
2,1.223569631576538,
0,1.223569631576538,
3,1.2235701084136963,
2,1.2231194972991943,
3,1.2231194972991943,
0,1.2231194972991943,
1,1.2231194972991943,
0,1.2226717472076416,
3,1.2226717472076416,
2,1.2224311828613281,
1,1.2226717472076416,
3,1.222292423248291,
2,1.222292423248291,
1,1.2222926616668701,
0,1.222292423248291,
2,1.2216280698776245,
3,1.2216280698776245,
1,1.2216280698776245,
0,1.2216280698776245,
0,1.2214012145996094,
3,1.221401333808899,
2,1.2214012145996094,
1,1.221401333808899,
2,1.2209293842315674,
0,1.2209293842315674,
3,1.2209293842315674,
1,1.2209289073944092,
2,1.2206497192382812,
3,1.22065007686615,
1,1.2206497192382812,
0,1.2206497192382812,
2,1.22031569480896,
3,1.2203154563903809,
1,1.22031569480896,
0,1.2203152179718018,
3,1.2197476625442505,
2,1.2196846008300781,
1,1.2196846008300781,
0,1.2196846008300781,
2,1.2195181846618652,
1,1.2195181846618652,
3,1.2195181846618652,
0,1.2195181846618652,
0,1.2190674543380737,
2,1.2190672159194946,
1,1.2190675735473633,
3,1.2190673351287842,
3,1.2186230421066284,
1,1.2186230421066284,
2,1.2186230421066284,
0,1.218623161315918,
0,1.218240737915039,
3,1.2182409763336182,
1,1.218240737915039,
2,1.2182409763336182,
2,1.2176963090896606,
1,1.2176963090896606,
3,1.2176963090896606,
0,1.217696189880371,
3,1.21748948097229,
0,1.21748948097229,
1,1.21748948097229,
2,1.21748948097229,
0,1.2170391082763672,
2,1.2170391082763672,
3,1.2170391082763672,
1,1.2170391082763672,
3,1.216761827468872,
2,1.216761827468872,
0,1.216761827468872,
1,1.216761827468872,
3,1.2164268493652344,
2,1.216427206993103,
1,1.2164267301559448,
0,1.2164267301559448,
2,1.2161498069763184,
3,1.2161498069763184,
1,1.2161495685577393,
0,1.2161498069763184,
0,1.2158089876174927,
3,1.2158089876174927,
1,1.2158089876174927,
2,1.2158089876174927,
0,1.2152142524719238,
3,1.2152142524719238,
2,1.2152142524719238,
1,1.2152140140533447,
0,1.214826226234436,
2,1.214826226234436,
1,1.214826226234436,
3,1.214826226234436,
3,1.2143841981887817,
0,1.2143841981887817,
1,1.2143839597702026,
2,1.2143839597702026,
0,1.21427321434021,
3,1.2142729759216309,
2,1.21427321434021,
1,1.21427321434021,
2,1.213951826095581,
0,1.213951826095581,
1,1.213951826095581,
3,1.2139520645141602,
3,1.2132599353790283,
2,1.2132599353790283,
1,1.2132599353790283,
0,1.2132599353790283,
2,1.2131670713424683,
3,1.2131670713424683,
0,1.2131670713424683,
1,1.2131670713424683,
3,1.2126097679138184,
2,1.2126097679138184,
0,1.2126097679138184,
1,1.2126097679138184,
2,1.2125539779663086,
3,1.2125539779663086,
1,1.2125537395477295,
0,1.212389349937439,
3,1.211946725845337,
2,1.211946725845337,
0,1.2119464874267578,
1,1.2119464874267578,
0,1.2116719484329224,
1,1.2116719484329224,
2,1.2116719484329224,
3,1.2116721868515015,
0,1.2113547325134277,
2,1.2113547325134277,
3,1.2113547325134277,
1,1.2113544940948486,
0,1.2106530666351318,
1,1.2105982303619385,
2,1.2106530666351318,
3,1.2106528282165527,
3,1.2104341983795166,
1,1.2104341983795166,
0,1.210434079170227,
2,1.210434079170227,
2,1.2409191131591797,
3,1.2409191131591797,
0,1.2409191131591797,
1,1.2409188747406006,
2,1.2403753995895386,
0,1.2403753995895386,
1,1.2403753995895386,
3,1.2403753995895386,
2,1.2398518323898315,
0,1.2398518323898315,
3,1.2398518323898315,
1,1.2398518323898315,
3,1.2391395568847656,
0,1.2392206192016602,
1,1.2391395568847656,
2,1.2392206192016602,
1,1.238976001739502,
3,1.238976001739502,
2,1.238976001739502,
0,1.238976001739502,
3,1.2384538650512695,
0,1.2384538650512695,
2,1.2384538650512695,
1,1.2384541034698486,
0,1.2380021810531616,
3,1.238002061843872,
2,1.2380023002624512,
1,1.2380023002624512,
0,1.2375860214233398,
2,1.2375857830047607,
3,1.2375860214233398,
1,1.2375857830047607,
0,1.2369093894958496,
3,1.236828088760376,
1,1.236828088760376,
2,1.236828088760376,
3,1.2366650104522705,
2,1.2366650104522705,
0,1.2366650104522705,
1,1.2366650104522705,
2,1.2359726428985596,
1,1.2359726428985596,
3,1.2359726428985596,
0,1.2359728813171387,
0,1.2358098030090332,
3,1.2358098030090332,
1,1.2358098030090332,
2,1.2358100414276123,
2,1.2350788116455078,
1,1.2350788116455078,
3,1.2350788116455078,
0,1.2350788116455078,
3,1.2349162101745605,
2,1.2349162101745605,
0,1.2349162101745605,
1,1.2349162101745605,
3,1.2339606285095215,
2,1.2339606285095215,
1,1.2339606285095215,
0,1.2339611053466797,
3,1.2337981462478638,
2,1.2337981462478638,
0,1.2337981462478638,
1,1.2337985038757324,
3,1.2331149578094482,
2,1.2331149578094482,
0,1.2331149578094482,
1,1.2331149578094482,
3,1.2327903509140015,
2,1.2327903509140015,
0,1.2327903509140015,
1,1.2327903509140015,
2,1.2497166395187378,
0,1.2497166395187378,
1,1.2497164011001587,
3,1.2497164011001587,
3,1.2495545148849487,
0,1.2495542764663696,
1,1.2495545148849487,
2,1.249553918838501,
0,1.2487086057662964,
3,1.2487086057662964,
2,1.2487083673477173,
1,1.2487086057662964,
3,1.2487086057662964,
0,1.2487083673477173,
2,1.2487083673477173,
1,1.2487086057662964,
1,1.2476913928985596,
0,1.2476916313171387,
3,1.2476913928985596,
2,1.2476913928985596,
3,1.2476913928985596,
2,1.2476913928985596,
1,1.2476916313171387,
0,1.2476913928985596,
1,1.2467156648635864,
3,1.2467156648635864,
2,1.2467154264450073,
0,1.2467155456542969,
0,1.2464206218719482,
2,1.2464206218719482,
1,1.2464206218719482,
3,1.2464206218719482,
3,1.2461364269256592,
0,1.2461364269256592,
2,1.2461364269256592,
1,1.2461364269256592,
3,1.2453700304031372,
0,1.2453702688217163,
1,1.2453702688217163,
2,1.2453700304031372,
2,1.245086431503296,
0,1.245086669921875,
3,1.245086431503296,
1,1.245086669921875,
2,1.2443444728851318,
1,1.2443442344665527,
3,1.2443442344665527,
0,1.2443442344665527,
1,1.2441829442977905,
3,1.2441831827163696,
0,1.2441829442977905,
2,1.2439908981323242,
0,1.2430732250213623,
1,1.2430732250213623,
3,1.243072748184204,
2,1.243072748184204,
3,1.2427905797958374,
2,1.2427903413772583,
0,1.2427903413772583,
1,1.2427905797958374,
2,1.2419670820236206,
0,1.2419670820236206,
3,1.2419670820236206,
1,1.2419673204421997,
2,1.241192102432251,
0,1.2411918640136719,
3,1.241192102432251,
1,1.241192102432251,
3,1.2406564950942993,
2,1.2406564950942993,
1,1.2406563758850098,
0,1.2406564950942993,
0,1.2393840551376343,
3,1.2393840551376343,
2,1.2393840551376343,
1,1.2393840551376343,
3,1.2390625476837158,
1,1.2390625476837158,
2,1.2390629053115845,
0,1.239062786102295,
2,1.238083004951477,
1,1.238083004951477,
0,1.238083004951477,
3,1.238083004951477,
0,1.2379224300384521,
3,1.2379224300384521,
2,1.2379224300384521,
1,1.2379224300384521,
3,1.2369335889816284,
2,1.2369335889816284,
1,1.2369335889816284,
0,1.2369335889816284,
3,1.2367732524871826,
2,1.2367732524871826,
0,1.2367732524871826,
1,1.2367732524871826,
3,1.2357985973358154,
2,1.2357985973358154,
0,1.2357985973358154,
1,1.2357985973358154,
0,1.23563814163208,
2,1.23563814163208,
3,1.2356383800506592,
1,1.2356383800506592,
3,1.234452724456787,
1,1.234452486038208,
2,1.234452724456787,
0,1.234452486038208,
3,1.2342925071716309,
2,1.23429274559021,
1,1.23429274559021,
0,1.23429274559021,
1,1.2333223819732666,
0,1.2333221435546875,
2,1.2333221435546875,
3,1.2333221435546875,
2,1.2330024242401123,
0,1.2330024242401123,
3,1.2330024242401123,
1,1.2330026626586914,
3,1.2320852279663086,
2,1.2320852279663086,
0,1.2320849895477295,
1,1.23208487033844,
0,1.2319252490997314,
2,1.231925129890442,
3,1.231925129890442,
1,1.231925129890442,
0,1.2310066223144531,
3,1.2310066223144531,
1,1.2310066223144531,
2,1.2310066223144531,
3,1.2308471202850342,
2,1.2308471202850342,
0,1.2308471202850342,
1,1.2308471202850342,
0,1.2299422025680542,
1,1.2299422025680542,
2,1.2299420833587646,
3,1.2299422025680542,
3,1.2299424409866333,
0,1.2299424409866333,
1,1.2299424409866333,
2,1.2299420833587646,
2,1.2288188934326172,
0,1.2288190126419067,
3,1.2288188934326172,
1,1.2288188934326172,
2,1.228500247001648,
3,1.228500247001648,
1,1.228500247001648,
0,1.2285003662109375,
2,1.227550983428955,
0,1.2275505065917969,
1,1.227550983428955,
3,1.2275506258010864,
1,1.2273916006088257,
0,1.2273916006088257,
3,1.2273917198181152,
2,1.2273914813995361,
1,1.2264900207519531,
0,1.2264900207519531,
2,1.2264902591705322,
3,1.2264902591705322,
0,1.2263309955596924,
2,1.2263312339782715,
3,1.2263309955596924,
1,1.2263309955596924,
2,1.2254297733306885,
3,1.2254297733306885,
0,1.2254297733306885,
1,1.2254297733306885,
0,1.2252708673477173,
3,1.2252708673477173,
1,1.2252708673477173,
2,1.2252708673477173,
2,1.2241535186767578,
0,1.2241536378860474,
3,1.2241536378860474,
1,1.2241536378860474,
1,1.2239949703216553,
2,1.2239949703216553,
0,1.2239948511123657,
3,1.2239950895309448,
1,1.2229610681533813,
2,1.2229607105255127,
3,1.2229610681533813,
0,1.2229607105255127,
0,1.2226440906524658,
2,1.2226438522338867,
3,1.2226440906524658,
1,1.2226440906524658,
1,1.2217971086502075,
3,1.2217971086502075,
2,1.2217971086502075,
0,1.2217971086502075,
0,1.2216389179229736,
3,1.2216389179229736,
2,1.2216389179229736,
1,1.2216389179229736,
3,1.2207744121551514,
1,1.2207744121551514,
2,1.2207744121551514,
0,1.2207744121551514,
0,1.2206162214279175,
2,1.2206162214279175,
1,1.2206162214279175,
3,1.2206162214279175,
0,1.2197061777114868,
3,1.2197059392929077,
1,1.2197059392929077,
2,1.2197059392929077,
2,1.2193900346755981,
3,1.2193902730941772,
0,1.2193902730941772,
1,1.2193902730941772,
2,1.2183939218521118,
3,1.218394160270691,
0,1.218394160270691,
1,1.2183939218521118,
3,1.2182362079620361,
1,1.2182362079620361,
2,1.2182364463806152,
0,1.2182362079620361,
3,1.560514211654663,
2,1.560514211654663,
0,1.5605146884918213,
1,1.5605146884918213,
2,1.588008165359497,
1,1.5880088806152344,
3,1.588008165359497,
0,1.588008165359497,
0,1.5868818759918213,
2,1.5868818759918213,
3,1.5868818759918213,
1,1.5868818759918213,
3,1.5867244005203247,
0,1.5867244005203247,
1,1.5867244005203247,
2,1.5867244005203247,
0,1.5842137336730957,
2,1.5842137336730957,
3,1.5842139720916748,
1,1.5842137336730957,
2,1.5840563774108887,
0,1.5840563774108887,
3,1.5840566158294678,
1,1.5840563774108887,
0,1.5794920921325684,
2,1.5794918537139893,
1,1.5794918537139893,
3,1.5794920921325684,
0,1.5793347358703613,
3,1.5793349742889404,
1,1.5793347358703613,
2,1.5793347358703613,
0,1.5718705654144287,
3,1.5718705654144287,
2,1.5718705654144287,
1,1.5718705654144287,
0,1.5717134475708008,
1,1.5717134475708008,
2,1.5717134475708008,
3,1.5717134475708008,
0,1.5642168521881104,
3,1.5642168521881104,
2,1.5642168521881104,
1,1.5642168521881104,
1,1.5640599727630615,
3,1.5640599727630615,
2,1.5640599727630615,
0,1.5640599727630615,
0,1.5547738075256348,
1,1.5547735691070557,
2,1.5547735691070557,
3,1.5547738075256348,
0,1.554617166519165,
3,1.554617166519165,
2,1.554616928100586,
1,1.554617166519165,
3,1.543270230293274,
1,1.543270230293274,
2,1.543270230293274,
0,1.543270230293274,
0,1.5431135892868042,
2,1.5431135892868042,
3,1.5431135892868042,
1,1.5431135892868042,
0,1.577383279800415,
2,1.577383279800415,
1,1.577383041381836,
3,1.577383041381836,
3,1.577383041381836,
1,1.577383041381836,
0,1.577383041381836,
2,1.577383041381836,
1,1.568615436553955,
2,1.568615436553955,
0,1.568615436553955,
3,1.568615436553955,
0,1.5647443532943726,
2,1.5647443532943726,
1,1.5647443532943726,
3,1.5647443532943726,
3,1.5647443532943726,
0,1.5647443532943726,
1,1.5647443532943726,
2,1.5647443532943726,
2,1.5641752481460571,
0,1.5641752481460571,
1,1.5641752481460571,
3,1.5641752481460571,
2,1.2056972980499268,
3,1.2056975364685059,
1,1.2056972980499268,
0,1.2056972980499268,
0,1.2056975364685059,
1,1.2056972980499268,
3,1.2056975364685059,
2,1.2056974172592163,
2,1.2055411338806152,
0,1.2055412530899048,
1,1.2055411338806152,
3,1.2055411338806152,
2,1.2050185203552246,
1,1.2050185203552246,
3,1.2050185203552246,
0,1.2050185203552246,
0,1.2047560214996338,
2,1.2047560214996338,
1,1.2047560214996338,
3,1.2047560214996338,
1,1.204282522201538,
0,1.2042827606201172,
3,1.204282522201538,
2,1.204282522201538,
3,1.2037761211395264,
2,1.2035213708877563,
0,1.2037761211395264,
1,1.2037761211395264,
2,1.203365683555603,
0,1.203365683555603,
1,1.203365683555603,
3,1.203365683555603,
0,1.2026151418685913,
1,1.2026149034500122,
3,1.2026151418685913,
2,1.2026151418685913,
1,1.2021985054016113,
0,1.2021985054016113,
2,1.2021985054016113,
3,1.2021987438201904,
2,1.2016425132751465,
3,1.2016425132751465,
1,1.2016425132751465,
0,1.2016425132751465,
3,1.2010433673858643,
1,1.2010433673858643,
2,1.2010436058044434,
0,1.2008013725280762,
2,1.2006464004516602,
0,1.2006464004516602,
1,1.2006464004516602,
3,1.2006464004516602,
0,1.200061321258545,
2,1.200061321258545,
3,1.200061321258545,
1,1.200061321258545,
2,1.1998008489608765,
1,1.1998008489608765,
0,1.1998008489608765,
3,1.1998008489608765,
0,1.1993060111999512,
2,1.1993058919906616,
1,1.1993060111999512,
3,1.1993058919906616,
0,1.1984845399856567,
1,1.1984843015670776,
2,1.1984844207763672,
3,1.1984844207763672,
2,1.1983298063278198,
3,1.1983298063278198,
1,1.198330044746399,
0,1.1983301639556885,
3,1.197711706161499,
1,1.1977119445800781,
2,1.1977119445800781,
0,1.1977119445800781,
2,1.1975572109222412,
3,1.1975572109222412,
1,1.1975572109222412,
0,1.1975572109222412,
2,1.1970000267028809,
3,1.1969997882843018,
0,1.1969997882843018,
1,1.1970000267028809,
3,1.19700026512146,
1,1.1970000267028809,
2,1.1970000267028809,
0,1.1970000267028809,
0,1.196742296218872,
2,1.1964397430419922,
1,1.196439504623413,
3,1.196742057800293,
1,1.1418774127960205,
0,1.1418774127960205,
3,1.1418776512145996,
2,1.1418776512145996,
2,1.1418774127960205,
0,1.1418776512145996,
1,1.1418774127960205,
3,1.1418774127960205,
0,1.1413747072219849,
2,1.1413744688034058,
3,1.1551541090011597,
1,1.1413747072219849,
3,1.1551543474197388,
0,1.1550002098083496,
1,1.1550003290176392,
2,1.1550002098083496,
3,1.1542738676071167,
0,1.1542738676071167,
1,1.1542738676071167,
2,1.1542738676071167,
3,1.1540173292160034,
1,1.1540173292160034,
2,1.1540175676345825,
0,1.1540175676345825,
2,1.2688307762145996,
3,1.2688307762145996,
0,1.2688307762145996,
1,1.2688307762145996,
1,1.2683525085449219,
2,1.2683525085449219,
3,1.2683525085449219,
0,1.2683525085449219,
0,1.2679334878921509,
1,1.2679332494735718,
3,1.2679334878921509,
2,1.2679334878921509,
1,1.2672710418701172,
2,1.2672710418701172,
0,1.2672711610794067,
3,1.2672711610794067,
2,1.2671177387237549,
0,1.2671177387237549,
1,1.2671177387237549,
3,1.2671176195144653,
1,1.5592472553253174,
2,1.5592477321624756,
0,1.559247612953186,
3,1.5592482089996338,
3,1.338740587234497,
2,1.3387411832809448,
0,1.3387408256530762,
1,1.3387411832809448,
0,1.3374079465866089,
1,1.3374078273773193,
2,1.3374078273773193,
3,1.3374078273773193,
3,1.3372548818588257,
0,1.3372548818588257,
1,1.3372548818588257,
2,1.3372546434402466,
3,1.335435152053833,
1,1.335435152053833,
2,1.335435152053833,
0,1.335434913635254,
3,1.335282325744629,
0,1.3352820873260498,
1,1.3352820873260498,
2,1.3352820873260498,
3,1.3333816528320312,
2,1.3333816528320312,
1,1.3333816528320312,
0,1.3333816528320312,
2,1.3332288265228271,
0,1.3332290649414062,
1,1.3332288265228271,
3,1.3332288265228271,
2,1.331106185913086,
0,1.331106185913086,
3,1.331106185913086,
1,1.331106185913086,
3,1.330953598022461,
2,1.330953598022461,
0,1.330953598022461,
1,1.330953598022461,
3,1.3280079364776611,
0,1.3280081748962402,
1,1.3280079364776611,
2,1.3280081748962402,
2,1.3280081748962402,
1,1.3278558254241943,
0,1.3278558254241943,
3,1.3278555870056152,
2,1.324939489364624,
0,1.324939489364624,
3,1.324939489364624,
1,1.324939489364624,
0,1.3247871398925781,
3,1.3247871398925781,
1,1.3247871398925781,
2,1.3247871398925781,
0,1.3211686611175537,
2,1.3211686611175537,
3,1.3211686611175537,
1,1.3211686611175537,
2,1.3210164308547974,
0,1.3210164308547974,
3,1.3210164308547974,
1,1.3210164308547974,
2,1.3177380561828613,
0,1.3177380561828613,
3,1.3177380561828613,
1,1.3177380561828613,
3,1.317586064338684,
2,1.317586064338684,
1,1.317586064338684,
0,1.317586064338684,
1,1.3144805431365967,
0,1.3144805431365967,
3,1.3144805431365967,
2,1.3144805431365967,
2,1.314328670501709,
3,1.314328670501709,
0,1.314328670501709,
1,1.314328670501709,
2,1.3114327192306519,
0,1.3114327192306519,
1,1.3114327192306519,
3,1.3114327192306519,
3,1.3111292123794556,
0,1.3111292123794556,
2,1.3111292123794556,
1,1.3111292123794556,
0,1.308387279510498,
2,1.308387279510498,
1,1.308387279510498,
3,1.308387279510498,
3,1.3082356452941895,
0,1.3082356452941895,
1,1.3082356452941895,
2,1.3079605102539062,
2,1.3049516677856445,
3,1.3049519062042236,
0,1.3049519062042236,
1,1.3049519062042236,
1,1.3048005104064941,
2,1.3048005104064941,
0,1.304800271987915,
3,1.3048003911972046,
2,1.3016057014465332,
3,1.3016057014465332,
0,1.3016057014465332,
1,1.3016057014465332,
3,1.3014541864395142,
1,1.3014544248580933,
2,1.3014544248580933,
0,1.3014545440673828,
2,1.298105239868164,
0,1.298105239868164,
3,1.298105001449585,
1,1.2981046438217163,
3,1.2979533672332764,
2,1.2979536056518555,
1,1.2979536056518555,
0,1.2979538440704346,
0,1.294609546661377,
3,1.294609546661377,
2,1.294609546661377,
1,1.294609546661377,
0,1.2944583892822266,
3,1.2944586277008057,
2,1.2944586277008057,
1,1.2944586277008057,
3,1.291147232055664,
1,1.291146993637085,
2,1.291146993637085,
0,1.291147232055664,
0,1.290845513343811,
1,1.2908456325531006,
2,1.2908456325531006,
3,1.2908456325531006,
2,1.287410855293274,
0,1.2874107360839844,
1,1.2874107360839844,
3,1.287410855293274,
2,1.2872601747512817,
3,1.2872601747512817,
1,1.2872601747512817,
0,1.2872601747512817,
2,1.2839219570159912,
0,1.2839219570159912,
3,1.2839219570159912,
1,1.2839219570159912,
2,1.2839219570159912,
3,1.2839219570159912,
1,1.2839219570159912,
0,1.2839219570159912,
0,1.2805677652359009,
2,1.2805677652359009,
1,1.2805677652359009,
3,1.2805677652359009,
0,1.2802670001983643,
3,1.2802670001983643,
2,1.2802670001983643,
1,1.2802670001983643,
3,1.2769699096679688,
0,1.2769694328308105,
2,1.2769699096679688,
1,1.2769699096679688,
2,1.2768198251724243,
0,1.2768198251724243,
1,1.2768198251724243,
3,1.2768193483352661,
2,1.273620367050171,
0,1.273620367050171,
3,1.273620367050171,
1,1.273620367050171,
0,1.2733204364776611,
2,1.2733204364776611,
3,1.2733204364776611,
1,1.2733204364776611,
3,1.2700421810150146,
1,1.2700421810150146,
0,1.2700421810150146,
2,1.2700421810150146,
2,1.2700421810150146,
0,1.2700421810150146,
3,1.2700421810150146,
1,1.2700421810150146,
2,1.266861081123352,
1,1.2668613195419312,
3,1.266861081123352,
0,1.2668613195419312,
0,1.2667114734649658,
3,1.2667112350463867,
2,1.2667114734649658,
1,1.2667114734649658,
3,1.263575792312622,
2,1.263575792312622,
1,1.263575792312622,
0,1.263575792312622,
3,1.2632765769958496,
0,1.2632765769958496,
1,1.2632765769958496,
2,1.2632765769958496,
3,1.2601979970932007,
2,1.2601979970932007,
1,1.2601979970932007,
0,1.2601979970932007,
0,1.2600486278533936,
3,1.2600486278533936,
2,1.2600486278533936,
1,1.2600486278533936,
2,1.256966233253479,
0,1.2569661140441895,
1,1.2569661140441895,
3,1.2569661140441895,
3,1.2568168640136719,
1,1.2568169832229614,
0,1.2568169832229614,
2,1.2568168640136719,
3,1.1781795024871826,
0,1.1781795024871826,
1,1.1781796216964722,
2,1.1781798601150513,
2,1.1780307292938232,
1,1.1780304908752441,
0,1.1780307292938232,
3,1.1780304908752441,
3,1.2749773263931274,
1,1.274977445602417,
2,1.2749769687652588,
0,1.274977207183838,
2,1.176673412322998,
3,1.176673412322998,
1,1.176673412322998,
0,1.176673412322998,
3,1.2737315893173218,
1,1.2737315893173218,
2,1.2737313508987427,
0,1.2737315893173218,
2,1.1752713918685913,
0,1.1752715110778809,
1,1.17527174949646,
3,1.1752715110778809,
0,1.272343635559082,
3,1.272343635559082,
2,1.272343635559082,
1,1.272343635559082,
1,1.1740564107894897,
0,1.1740564107894897,
2,1.1740564107894897,
3,1.1740566492080688,
3,1.271182656288147,
2,1.271182656288147,
0,1.2711827754974365,
1,1.271182656288147,
2,1.1729249954223633,
0,1.1729249954223633,
1,1.1729249954223633,
3,1.1729249954223633,
0,1.1717133522033691,
1,1.1717132329940796,
3,1.1717134714126587,
2,1.1717133522033691,
2,1.171565055847168,
3,1.171565055847168,
0,1.1715648174285889,
1,1.171565055847168,
1,1.1704981327056885,
2,1.1704981327056885,
0,1.1704981327056885,
3,1.1704981327056885,
1,1.1703499555587769,
2,1.1703499555587769,
3,1.1703499555587769,
0,1.1703499555587769,
3,1.1922922134399414,
2,1.1922922134399414,
1,1.1922922134399414,
0,1.1922922134399414,
2,1.1921441555023193,
1,1.1921441555023193,
3,1.1921441555023193,
0,1.1921441555023193,
2,1.1907250881195068,
3,1.1907250881195068,
1,1.1907250881195068,
0,1.1907250881195068,
3,1.1905772686004639,
2,1.1905772686004639,
1,1.1905772686004639,
0,1.1905772686004639,
2,1.1889631748199463,
0,1.1889631748199463,
3,1.1889631748199463,
1,1.1889629364013672,
0,1.1888153553009033,
2,1.1888155937194824,
3,1.1888153553009033,
1,1.1888153553009033,
1,1.187058687210083,
2,1.187058687210083,
3,1.187058687210083,
0,1.187058687210083,
1,1.1867635250091553,
3,1.1867635250091553,
0,1.1867635250091553,
2,1.1867635250091553,
0,1.185018539428711,
3,1.185018539428711,
2,1.185018539428711,
1,1.185018539428711,
2,1.1848711967468262,
3,1.1848711967468262,
0,1.1848711967468262,
1,1.1848711967468262,
2,1.183052897453308,
3,1.183052897453308,
0,1.183052659034729,
1,1.183052897453308,
2,1.182905673980713,
3,1.182905673980713,
1,1.1829054355621338,
0,1.1829054355621338,
1,1.1811058521270752,
3,1.1811058521270752,
0,1.1811058521270752,
2,1.1811058521270752,
3,1.1809587478637695,
2,1.1809587478637695,
0,1.1809587478637695,
1,1.1809587478637695,
3,1.179478645324707,
0,1.179478645324707,
2,1.179478645324707,
1,1.179478645324707,
2,1.179331660270691,
0,1.179331660270691,
3,1.1793314218521118,
1,1.1793314218521118,
3,1.1779221296310425,
1,1.177922010421753,
0,1.177922010421753,
2,1.177922010421753,
3,1.1777751445770264,
2,1.1777751445770264,
0,1.177775263786316,
1,1.177775263786316,
2,1.1764249801635742,
0,1.1764247417449951,
3,1.1764249801635742,
1,1.1764249801635742,
0,1.1761317253112793,
3,1.1761317253112793,
2,1.1761318445205688,
1,1.1761317253112793,
3,1.1747108697891235,
1,1.174710988998413,
2,1.174710988998413,
0,1.1747108697891235,
3,1.174710750579834,
2,1.174710988998413,
1,1.1747108697891235,
0,1.1747113466262817,
0,1.1578607559204102,
3,1.1578606367111206,
2,1.1578606367111206,
1,1.1578606367111206,
2,1.1575677394866943,
1,1.1575677394866943,
3,1.1575677394866943,
0,1.1575677394866943,
0,1.2548751831054688,
2,1.2548751831054688,
1,1.2548751831054688,
3,1.2548751831054688,
3,1.156855821609497,
2,1.156855821609497,
0,1.1568557024002075,
1,1.1568560600280762,
2,1.156131625175476,
0,1.1561319828033447,
1,1.1561315059661865,
3,1.1561319828033447,
0,1.1559855937957764,
3,1.1559855937957764,
1,1.1559860706329346,
2,1.1559855937957764,
3,1.1687192916870117,
2,1.1687194108963013,
1,1.1687194108963013,
0,1.1687194108963013,
0,1.1685733795166016,
1,1.168573260307312,
2,1.168573260307312,
3,1.168573260307312,
2,1.1672776937484741,
1,1.167277455329895,
0,1.167277455329895,
3,1.1672775745391846,
2,1.1671315431594849,
3,1.1671316623687744,
1,1.167131781578064,
0,1.1671316623687744,
1,1.1657594442367554,
0,1.1657594442367554,
2,1.1657594442367554,
3,1.1657594442367554,
3,1.1656137704849243,
0,1.1656137704849243,
2,1.1656137704849243,
1,1.1656137704849243,
0,1.1642177104949951,
2,1.1642177104949951,
3,1.1642179489135742,
1,1.164217472076416,
2,1.1640719175338745,
3,1.1640723943710327,
0,1.1640719175338745,
1,1.1640719175338745,
2,1.162649154663086,
0,1.162649154663086,
3,1.162649154663086,
1,1.162649154663086,
2,1.1623585224151611,
0,1.1623585224151611,
3,1.1623585224151611,
1,1.1623585224151611,
3,1.2491964101791382,
0,1.2491964101791382,
1,1.2491965293884277,
2,1.2491964101791382,
3,1.1512415409088135,
2,1.1512415409088135,
0,1.1512415409088135,
1,1.1512415409088135,
2,1.2484772205352783,
0,1.2484769821166992,
3,1.2484772205352783,
1,1.2484772205352783,
2,1.150585412979126,
3,1.1505852937698364,
0,1.1505855321884155,
1,1.1505855321884155,
2,1.1583223342895508,
1,1.1583225727081299,
3,1.1583225727081299,
0,1.1583225727081299,
0,1.1583225727081299,
2,1.158177375793457,
3,1.158177375793457,
1,1.158177375793457,
2,1.1568171977996826,
0,1.1568174362182617,
3,1.1568174362182617,
1,1.1568174362182617,
2,1.1568174362182617,
3,1.1568174362182617,
0,1.1568171977996826,
1,1.1568174362182617,
0,1.155410885810852,
2,1.1554102897644043,
1,1.1554107666015625,
3,1.155410885810852,
3,1.155266284942627,
1,1.1552660465240479,
0,1.1552660465240479,
2,1.1552660465240479,
1,1.1539627313613892,
2,1.1539627313613892,
0,1.1539626121520996,
3,1.1539627313613892,
1,1.1539627313613892,
2,1.1538182497024536,
3,1.1538182497024536,
0,1.153818130493164,
1,1.1526086330413818,
2,1.1526086330413818,
0,1.1526086330413818,
3,1.1526086330413818,
0,1.1526086330413818,
1,1.1526086330413818,
2,1.1526086330413818,
3,1.1526086330413818,
1,1.1524643898010254,
3,1.1524643898010254,
2,1.1524643898010254,
0,1.1524643898010254,
3,1.1512556076049805,
2,1.1512553691864014,
1,1.1512556076049805,
0,1.1512556076049805,
2,1.1512556076049805,
3,1.1512553691864014,
1,1.1512553691864014,
0,1.1512556076049805,
2,1.1512556076049805,
1,1.1512553691864014,
3,1.1512556076049805,
0,1.1512556076049805,
0,1.1498191356658936,
2,1.1502177715301514,
3,1.1502180099487305,
1,1.15021812915802,
2,1.1498188972473145,
1,1.1498188972473145,
0,1.1498188972473145,
3,1.1498191356658936,
1,1.1498193740844727,
0,1.1498191356658936,
3,1.1498191356658936,
2,1.1498191356658936,
0,1.1483440399169922,
1,1.1483440399169922,
2,1.1483440399169922,
3,1.1483440399169922,
3,1.1483440399169922,
2,1.1483440399169922,
0,1.1483440399169922,
1,1.1483440399169922,
1,1.1483440399169922,
0,1.1483440399169922,
3,1.1483440399169922,
2,1.1483440399169922,
1,1.1481133699417114,
2,1.1481133699417114,
3,1.1481133699417114,
0,1.1481133699417114,
2,1.1443532705307007,
3,1.1443532705307007,
1,1.1443532705307007,
0,1.1443532705307007,
0,1.1443532705307007,
3,1.1443532705307007,
1,1.1443532705307007,
2,1.1443532705307007,
3,1.1439998149871826,
0,1.1439998149871826,
2,1.1439998149871826,
1,1.1439998149871826,
0,1.1436024904251099,
2,1.1436024904251099,
1,1.1436024904251099,
3,1.1436023712158203,
0,1.1436023712158203,
2,1.1436023712158203,
3,1.1436023712158203,
1,1.1436023712158203,
0,1.1444761753082275,
2,1.1444761753082275,
1,1.1444761753082275,
3,1.1444759368896484,
0,1.1429665088653564,
2,1.1429665088653564,
1,1.142966628074646,
3,1.1429665088653564,
3,1.1428229808807373,
1,1.1428229808807373,
0,1.1427154541015625,
2,1.1427154541015625,
2,1.1423653364181519,
1,1.1423653364181519,
0,1.1423652172088623,
3,1.1423653364181519,
3,1.1423652172088623,
1,1.1423653364181519,
2,1.1423653364181519,
0,1.1423652172088623,
2,1.1420234441757202,
0,1.1420234441757202,
3,1.1420232057571411,
1,1.1420234441757202,
2,1.1415824890136719,
0,1.1415822505950928,
3,1.1415822505950928,
1,1.1415824890136719,
1,1.1415824890136719,
0,1.1415824890136719,
3,1.1415824890136719,
2,1.1415824890136719,
1,1.141352653503418,
0,1.141352891921997,
3,1.141352891921997,
2,1.141352653503418,
0,1.1409430503845215,
2,1.140942931175232,
1,1.1409430503845215,
3,1.1409428119659424,
3,1.1409428119659424,
2,1.140942931175232,
0,1.1409428119659424,
1,1.1409428119659424,
0,1.1390118598937988,
2,1.139012098312378,
1,1.1386393308639526,
3,1.139012098312378,
3,1.1403377056121826,
1,1.1403377056121826,
0,1.140337586402893,
2,1.1403374671936035,
2,1.1401946544647217,
1,1.1401945352554321,
0,1.1401945352554321,
3,1.1401947736740112,
0,1.1397374868392944,
1,1.1397374868392944,
2,1.1397373676300049,
3,1.1397372484207153,
2,1.1397374868392944,
1,1.1397371292114258,
0,1.1397371292114258,
3,1.1397371292114258,
0,1.139508605003357,
2,1.139508605003357,
1,1.139508843421936,
3,1.139508843421936,
0,1.1390154361724854,
3,1.1390154361724854,
2,1.139015555381775,
1,1.139015555381775,
2,1.1390154361724854,
1,1.1390154361724854,
0,1.1390151977539062,
3,1.1390154361724854,
0,1.135446310043335,
2,1.135446310043335,
1,1.135446310043335,
3,1.135446310043335,
2,1.1351969242095947,
0,1.1351966857910156,
3,1.1351969242095947,
1,1.1351966857910156,
0,1.1351966857910156,
2,1.1351966857910156,
3,1.1351966857910156,
1,1.1351969242095947,
3,1.1343576908111572,
0,1.1343574523925781,
2,1.1343576908111572,
1,1.1343574523925781,
0,1.1343574523925781,
2,1.1343576908111572,
1,1.1343574523925781,
3,1.1343574523925781,
2,1.13407301902771,
1,1.13407301902771,
3,1.13407301902771,
0,1.1339874267578125,
0,1.1333966255187988,
1,1.1333966255187988,
2,1.1333966255187988,
3,1.1333966255187988,
0,1.1333966255187988,
1,1.1333966255187988,
2,1.1333966255187988,
3,1.1333966255187988,
2,1.1333109140396118,
0,1.1333109140396118,
3,1.1333109140396118,
1,1.1333109140396118,
2,1.1328206062316895,
0,1.1328206062316895,
1,1.1328206062316895,
3,1.1328206062316895,
2,1.1328206062316895,
1,1.1328206062316895,
0,1.1328206062316895,
3,1.1328206062316895,
0,1.131913423538208,
2,1.131913423538208,
1,1.131913423538208,
3,1.1319129467010498,
2,1.131913423538208,
0,1.1319129467010498,
3,1.131913423538208,
1,1.1319129467010498,
2,1.1317148208618164,
1,1.1317150592803955,
3,1.1317148208618164,
0,1.1317150592803955,
1,1.1312611103057861,
3,1.131260871887207,
2,1.1312611103057861,
0,1.1312611103057861,
2,1.131260871887207,
1,1.1312611103057861,
0,1.131260871887207,
3,1.1312611103057861,
0,1.130892276763916,
2,1.130892276763916,
1,1.1308925151824951,
3,1.130892276763916,
0,1.130434274673462,
3,1.130434513092041,
2,1.130434513092041,
1,1.130434513092041,
2,1.130434513092041,
3,1.130434274673462,
1,1.130434513092041,
0,1.130434274673462,
0,1.1299309730529785,
1,1.1299312114715576,
2,1.1299312114715576,
3,1.1299314498901367,
2,1.1298363208770752,
3,1.129836082458496,
0,1.1298363208770752,
1,1.129836082458496,
2,1.1298363208770752,
0,1.129836082458496,
3,1.1298363208770752,
1,1.1298363208770752,
0,1.1290006637573242,
2,1.1290006637573242,
1,1.1290003061294556,
3,1.1290003061294556,
2,1.1290003061294556,
3,1.1290003061294556,
0,1.1290003061294556,
1,1.1290003061294556,
0,1.128859043121338,
2,1.128859043121338,
1,1.128859281539917,
3,1.128859043121338,
1,1.1282391548156738,
3,1.1282391548156738,
0,1.1282391548156738,
2,1.1282391548156738,
0,1.1282391548156738,
2,1.1282391548156738,
3,1.1282391548156738,
1,1.1282391548156738,
0,1.1280131340026855,
2,1.1280131340026855,
1,1.1280131340026855,
3,1.1280131340026855,
2,1.127399206161499,
1,1.1273994445800781,
0,1.1273994445800781,
3,1.1273994445800781,
2,1.1273994445800781,
0,1.1273994445800781,
1,1.127399206161499,
3,1.1273994445800781,
0,1.1270599365234375,
1,1.1270599365234375,
3,1.1270596981048584,
2,1.1270599365234375,
2,1.1265037059783936,
0,1.1265039443969727,
1,1.1265037059783936,
3,1.1265039443969727,
0,1.1265037059783936,
2,1.1265037059783936,
1,1.1265039443969727,
3,1.1265039443969727,
2,1.1256859302520752,
0,1.1256859302520752,
1,1.1256859302520752,
3,1.1256859302520752,
0,1.1256859302520752,
1,1.1256859302520752,
3,1.1256859302520752,
2,1.1256859302520752,
1,1.1256859302520752,
3,1.1256859302520752,
2,1.1256859302520752,
0,1.1256859302520752,
2,1.1249346733093262,
0,1.1247574090957642,
1,1.1249345541000366,
3,1.1249345541000366,
0,1.1247574090957642,
1,1.1247574090957642,
3,1.1247574090957642,
2,1.1247574090957642,
3,1.1247576475143433,
0,1.1247576475143433,
2,1.1247574090957642,
1,1.1247574090957642,
2,1.1235911846160889,
1,1.1235911846160889,
0,1.1235911846160889,
3,1.1235911846160889,
0,1.1233102083206177,
2,1.1233102083206177,
3,1.1233102083206177,
1,1.1233102083206177,
0,1.1222716569900513,
1,1.1222717761993408,
2,1.1222717761993408,
3,1.1222717761993408,
0,1.1222716569900513,
2,1.1222717761993408,
3,1.1222715377807617,
1,1.1222717761993408,
2,1.1212656497955322,
1,1.1212656497955322,
0,1.1212656497955322,
3,1.1212658882141113,
2,1.120787501335144,
3,1.1207877397537231,
0,1.120787501335144,
1,1.120787501335144,
2,1.1198580265045166,
1,1.1198580265045166,
3,1.1198581457138062,
0,1.1198581457138062,
3,1.1189334392547607,
1,1.1189334392547607,
0,1.1189334392547607,
2,1.1189334392547607,
2,1.1185287237167358,
0,1.1185284852981567,
3,1.118528962135315,
1,1.1185287237167358,
1,1.1175599098205566,
2,1.1175599098205566,
3,1.1175599098205566,
0,1.1175599098205566,
0,1.1172804832458496,
2,1.1172802448272705,
1,1.1172804832458496,
3,1.1172804832458496,
1,1.1162396669387817,
2,1.1162396669387817,
3,1.1162396669387817,
0,1.1162396669387817,
2,1.1160166263580322,
0,1.1160166263580322,
1,1.1160166263580322,
3,1.1160166263580322,
2,1.1151291131973267,
3,1.1151291131973267,
1,1.1151291131973267,
0,1.1151291131973267,
2,1.1147922277450562,
3,1.114791989326477,
0,1.1147922277450562,
1,1.114791989326477,
2,1.1139004230499268,
1,1.1139004230499268,
3,1.1139004230499268,
0,1.1139004230499268,
1,1.1130635738372803,
3,1.1130638122558594,
2,1.1130638122558594,
0,1.1130635738372803,
3,1.1126703023910522,
0,1.1126701831817627,
2,1.1126701831817627,
1,1.1126701831817627,
0,1.111677646636963,
3,1.111677646636963,
1,1.111677646636963,
2,1.111677646636963,
0,1.1114555597305298,
3,1.1114555597305298,
2,1.1114555597305298,
1,1.1114555597305298,
2,1.1105551719665527,
0,1.1105551719665527,
1,1.1105551719665527,
3,1.1105551719665527,
2,1.1103334426879883,
0,1.1103334426879883,
1,1.1103334426879883,
3,1.1103334426879883,
2,1.109436273574829,
3,1.109436273574829,
1,1.109436273574829,
0,1.109436273574829,
0,1.109100580215454,
2,1.109100580215454,
1,1.109100580215454,
3,1.109100580215454,
0,1.1082484722137451,
3,1.1082484722137451,
1,1.1082484722137451,
2,1.1082484722137451,
0,1.1077512502670288,
2,1.1077512502670288,
3,1.1077512502670288,
1,1.1077512502670288,
3,1.1071707010269165,
1,1.1070321798324585,
2,1.1070321798324585,
0,1.107032299041748,
1,1.1060937643051147,
0,1.1060936450958252,
3,1.1060937643051147,
2,1.1060936450958252,
2,1.1058727502822876,
1,1.105872631072998,
0,1.105872631072998,
3,1.105872631072998,
1,1.1050634384155273,
3,1.1050631999969482,
0,1.105063557624817,
2,1.105063557624817,
1,1.104704737663269,
2,1.1047046184539795,
3,1.1047046184539795,
0,1.10470449924469,
2,1.1039211750030518,
0,1.1039211750030518,
1,1.1039211750030518,
3,1.1039214134216309,
3,1.102921724319458,
0,1.103158712387085,
2,1.103158712387085,
1,1.103158950805664,
2,1.102921962738037,
3,1.102921962738037,
0,1.102921724319458,
1,1.102921724319458,
0,1.102055311203003,
3,1.102055311203003,
2,1.102055311203003,
1,1.102055311203003,
2,1.1018165349960327,
0,1.1018165349960327,
3,1.1018165349960327,
1,1.1018165349960327,
3,1.1007940769195557,
2,1.101025938987732,
1,1.1007940769195557,
0,1.1010257005691528,
2,1.100574254989624,
1,1.100656509399414,
3,1.100574254989624,
0,1.100574254989624,
2,1.099770188331604,
3,1.099769949913025,
0,1.099770188331604,
1,1.099769949913025,
3,1.0995509624481201,
1,1.099550724029541,
0,1.099550485610962,
2,1.099550724029541,
2,1.1188287734985352,
0,1.1188286542892456,
1,1.1188287734985352,
3,1.1188287734985352,
1,1.1186094284057617,
2,1.1186094284057617,
3,1.1186094284057617,
0,1.1186094284057617,
2,1.1184998750686646,
3,1.1185001134872437,
0,1.1185001134872437,
1,1.1185001134872437,
2,1.1182806491851807,
3,1.1182811260223389,
1,1.1182808876037598,
0,1.1182811260223389,
3,1.1181765794754028,
2,1.1181766986846924,
1,1.1181766986846924,
0,1.1181765794754028,
2,1.3605947494506836,
0,1.3605948686599731,
3,1.3605947494506836,
1,1.3605947494506836,
3,1.117696762084961,
2,1.11769700050354,
1,1.11769700050354,
0,1.117423176765442,
2,1.1172288656234741,
0,1.1172288656234741,
3,1.1172288656234741,
1,1.1172288656234741,
3,1.1170108318328857,
0,1.1170108318328857,
2,1.1170107126235962,
1,1.1170108318328857,
2,1.1169052124023438,
3,1.1169052124023438,
1,1.1169052124023438,
0,1.1169052124023438,
0,1.1166894435882568,
1,1.1166892051696777,
3,1.1166892051696777,
2,1.1166892051696777,
2,1.1165990829467773,
0,1.1165990829467773,
1,1.1165990829467773,
3,1.1165990829467773,
2,1.116295576095581,
1,1.116295576095581,
3,1.1162586212158203,
0,1.116295337677002,
3,1.1161222457885742,
1,1.1161224842071533,
0,1.1161220073699951,
2,1.1161222457885742,
0,1.115835189819336,
2,1.1158349514007568,
1,1.115835189819336,
3,1.115835189819336,
3,1.115835189819336,
0,1.1156989336013794,
2,1.1156986951828003,
1,1.1156989336013794,
1,1.1154791116714478,
2,1.1154791116714478,
3,1.1154792308807373,
0,1.1154792308807373,
0,1.1154791116714478,
1,1.1154791116714478,
2,1.1154791116714478,
3,1.1154792308807373,
3,1.115262508392334,
1,1.115262508392334,
0,1.115262508392334,
2,1.1152622699737549,
1,1.1151220798492432,
0,1.1151223182678223,
2,1.1151220798492432,
3,1.1151220798492432,
1,1.1151220798492432,
0,1.1151223182678223,
2,1.1151223182678223,
3,1.1151223182678223,
0,1.1149048805236816,
1,1.1149053573608398,
2,1.1149048805236816,
3,1.1149052381515503,
2,1.1147522926330566,
3,1.1147525310516357,
1,1.1147525310516357,
0,1.1147522926330566,
0,1.1147522926330566,
2,1.1147522926330566,
1,1.1147522926330566,
3,1.1147522926330566,
0,1.1145353317260742,
3,1.1145354509353638,
1,1.1145354509353638,
2,1.1145352125167847,
2,1.114366054534912,
0,1.114366054534912,
1,1.114366054534912,
3,1.114365816116333,
1,1.114366054534912,
3,1.114366054534912,
0,1.114366054534912,
2,1.114366054534912,
1,1.114035964012146,
3,1.114035964012146,
0,1.114035964012146,
2,1.114035964012146,
2,1.113720417022705,
3,1.113720417022705,
1,1.113720178604126,
0,1.113720178604126,
1,1.113720417022705,
3,1.113720178604126,
2,1.113720417022705,
0,1.113720417022705,
3,1.1133184432983398,
0,1.1133183240890503,
2,1.1133184432983398,
1,1.1133184432983398,
0,1.1132338047027588,
3,1.1132338047027588,
2,1.1132338047027588,
1,1.1132338047027588,
0,1.1132338047027588,
2,1.1132338047027588,
1,1.1132338047027588,
3,1.1132338047027588,
3,1.1130180358886719,
1,1.1130180358886719,
0,1.1130180358886719,
2,1.1130180358886719,
3,1.1127464771270752,
0,1.112746238708496,
1,1.112746238708496,
2,1.1127465963363647,
0,1.1125307083129883,
2,1.1125303506851196,
3,1.1125303506851196,
1,1.1125307083129883,
2,1.1122900247573853,
3,1.1122901439666748,
1,1.1122899055480957,
0,1.1122900247573853,
2,1.1118483543395996,
0,1.1118485927581787,
3,1.1118485927581787,
1,1.1118485927581787,
2,1.1116943359375,
0,1.1116943359375,
1,1.111694097518921,
3,1.111694097518921,
0,1.1113877296447754,
1,1.1113876104354858,
3,1.1113876104354858,
2,1.1113876104354858,
2,1.1111923456192017,
0,1.1111924648284912,
3,1.1111923456192017,
1,1.1111923456192017,
1,1.1107426881790161,
0,1.1107428073883057,
3,1.1107426881790161,
2,1.1107428073883057,
0,1.110586166381836,
2,1.110586166381836,
1,1.110586166381836,
3,1.110586166381836,
2,1.1101776361465454,
3,1.1101317405700684,
0,1.1101771593093872,
1,1.1101771593093872,
3,1.109997034072876,
2,1.109997272491455,
0,1.109997034072876,
1,1.1099971532821655,
0,1.0816503763198853,
2,1.0816503763198853,
1,1.0816503763198853,
3,1.0816503763198853,
3,1.0813814401626587,
2,1.0813814401626587,
0,1.0813814401626587,
1,1.0813814401626587,
2,1.0810024738311768,
3,1.0810024738311768,
1,1.0810024738311768,
0,1.0810024738311768,
3,1.0807886123657227,
2,1.0807886123657227,
1,1.0807886123657227,
0,1.0807886123657227,
0,1.0804612636566162,
3,1.0804612636566162,
2,1.080461025238037,
1,1.0804612636566162,
2,1.0802679061889648,
3,1.0802679061889648,
1,1.0802679061889648,
0,1.0802679061889648,
2,1.0799845457077026,
1,1.0799847841262817,
0,1.0799845457077026,
3,1.0799847841262817,
0,1.079636812210083,
3,1.079636812210083,
2,1.079637050628662,
1,1.079636812210083,
0,1.0794618129730225,
2,1.0794618129730225,
1,1.0794618129730225,
3,1.0794618129730225,
1,1.0794618129730225,
3,1.0794618129730225,
0,1.0794618129730225,
2,1.0794618129730225,
3,1.079172134399414,
0,1.079172134399414,
1,1.079172134399414,
2,1.079171895980835,
2,1.07906973361969,
0,1.07906973361969,
3,1.07906973361969,
1,1.07906973361969,
2,1.07906973361969,
0,1.07906973361969,
3,1.07906973361969,
1,1.07906973361969,
3,1.0788567066192627,
2,1.0788567066192627,
1,1.0788567066192627,
0,1.0788568258285522,
0,1.0786212682724,
2,1.0786211490631104,
3,1.0786211490631104,
1,1.0786211490631104,
1,1.0786212682724,
0,1.0786211490631104,
2,1.0786212682724,
3,1.0786211490631104,
0,1.0784084796905518,
2,1.0784084796905518,
3,1.0784084796905518,
1,1.0784084796905518,
0,1.078224778175354,
3,1.0782246589660645,
1,1.0782246589660645,
2,1.0782246589660645,
2,1.078224778175354,
0,1.0782246589660645,
1,1.078224778175354,
3,1.078224778175354,
0,1.0779426097869873,
1,1.0779426097869873,
2,1.0779426097869873,
3,1.0778684616088867,
1,1.0778684616088867,
2,1.0778684616088867,
0,1.0778684616088867,
3,1.0778684616088867,
3,1.0778684616088867,
0,1.0778684616088867,
2,1.0778684616088867,
1,1.0778684616088867,
3,1.0774668455123901,
2,1.077466607093811,
0,1.077466607093811,
1,1.077466607093811,
1,1.0773653984069824,
2,1.0773653984069824,
3,1.0773658752441406,
0,1.0773658752441406,
2,1.0773656368255615,
1,1.0773658752441406,
0,1.0773656368255615,
3,1.0773658752441406,
3,1.077099084854126,
2,1.077099323272705,
1,1.077099323272705,
0,1.077099323272705,
1,1.0768526792526245,
0,1.0768526792526245,
3,1.0768526792526245,
2,1.0768526792526245,
0,1.0768526792526245,
1,1.0768526792526245,
3,1.0768526792526245,
2,1.0768526792526245,
0,1.0768526792526245,
2,1.0768526792526245,
3,1.0767738819122314,
1,1.0767738819122314,
1,1.0765706300735474,
2,1.0765706300735474,
0,1.0765706300735474,
3,1.0765706300735474,
2,1.0765706300735474,
1,1.0765706300735474,
0,1.0765706300735474,
3,1.0765706300735474,
3,1.076225996017456,
2,1.076225996017456,
0,1.076225996017456,
1,1.076225996017456,
2,1.0760421752929688,
0,1.0760424137115479,
3,1.0760421752929688,
1,1.0760421752929688,
1,1.0760419368743896,
2,1.0760424137115479,
3,1.0760424137115479,
0,1.0760424137115479,
0,1.0757614374160767,
1,1.0757614374160767,
3,1.0757615566253662,
2,1.0757614374160767,
2,1.0755349397659302,
0,1.0755348205566406,
1,1.0755349397659302,
3,1.0755349397659302,
1,1.0755348205566406,
2,1.0755349397659302,
0,1.0755349397659302,
3,1.0755349397659302,
0,1.0749833583831787,
1,1.0749831199645996,
2,1.0749831199645996,
3,1.0749831199645996,
3,1.0749027729034424,
1,1.0749030113220215,
0,1.0749030113220215,
2,1.0749027729034424,
0,1.0749027729034424,
2,1.0749030113220215,
1,1.0749030113220215,
3,1.0749030113220215,
2,1.0744829177856445,
0,1.0744829177856445,
1,1.0744829177856445,
3,1.0744085311889648,
2,1.0744082927703857,
0,1.0744085311889648,
3,1.0744085311889648,
1,1.0744082927703857,
2,1.0742759704589844,
3,1.0742759704589844,
0,1.07419753074646,
1,1.0742759704589844,
2,1.0738815069198608,
3,1.07388174533844,
1,1.0738815069198608,
0,1.0738815069198608,
0,1.0738815069198608,
3,1.07388174533844,
1,1.0738815069198608,
2,1.0738815069198608,
0,1.0736708641052246,
1,1.0736708641052246,
3,1.0736708641052246,
2,1.0736711025238037,
0,1.0733262300491333,
3,1.0733259916305542,
2,1.0733259916305542,
1,1.0733262300491333,
2,1.0733259916305542,
1,1.0733259916305542,
0,1.0733262300491333,
3,1.0733259916305542,
0,1.072939157485962,
1,1.072939157485962,
2,1.072939157485962,
3,1.072939395904541,
1,1.0727132558822632,
0,1.0727132558822632,
3,1.0727132558822632,
2,1.0727132558822632,
2,1.0727132558822632,
0,1.0727132558822632,
1,1.0727132558822632,
3,1.0727132558822632,
3,1.072523832321167,
1,1.072523832321167,
2,1.072523832321167,
0,1.072523832321167,
0,1.0722169876098633,
2,1.0722169876098633,
3,1.0722169876098633,
1,1.0722169876098633,
2,1.0722169876098633,
1,1.0722169876098633,
3,1.0722169876098633,
0,1.0722169876098633,
3,1.0719645023345947,
0,1.0719645023345947,
2,1.0719645023345947,
1,1.0719645023345947,
0,1.071639895439148,
3,1.071640133857727,
2,1.071639895439148,
1,1.071639895439148,
1,1.071639895439148,
2,1.071640133857727,
0,1.071639895439148,
3,1.071639895439148,
0,1.071061372756958,
1,1.0712125301361084,
2,1.071061372756958,
3,1.071061372756958,
0,1.071061372756958,
2,1.071061372756958,
1,1.071061372756958,
3,1.071061372756958,
0,1.071061372756958,
1,1.071061372756958,
3,1.071061372756958,
2,1.071061372756958,
2,1.0705159902572632,
1,1.0705159902572632,
0,1.0705159902572632,
3,1.0705159902572632,
2,1.0705159902572632,
3,1.0705159902572632,
0,1.0705159902572632,
1,1.0705159902572632,
3,1.0705159902572632,
0,1.0705159902572632,
2,1.0705159902572632,
1,1.0705159902572632,
1,1.0699896812438965,
0,1.0699896812438965,
3,1.0699896812438965,
2,1.0699896812438965,
2,1.0698449611663818,
3,1.0698449611663818,
1,1.0698449611663818,
0,1.0698449611663818,
0,1.0698449611663818,
1,1.0698449611663818,
3,1.0698449611663818,
2,1.0698449611663818,
1,1.0696914196014404,
3,1.0696914196014404,
0,1.0694527626037598,
2,1.0696914196014404,
0,1.069164752960205,
2,1.069164514541626,
1,1.069164752960205,
3,1.069164514541626,
0,1.069164514541626,
2,1.069164752960205,
3,1.069164752960205,
1,1.069164752960205,
0,1.0690110921859741,
1,1.0690110921859741,
3,1.0690110921859741,
2,1.0690110921859741,
2,1.0684785842895508,
0,1.0684788227081299,
3,1.0684788227081299,
1,1.0684788227081299,
0,1.0684788227081299,
1,1.068479061126709,
2,1.068479061126709,
3,1.0684788227081299,
0,1.0683256387710571,
2,1.0683255195617676,
3,1.0683257579803467,
1,1.0683256387710571,
2,1.0677167177200317,
3,1.0677167177200317,
0,1.0677167177200317,
1,1.0677167177200317,
0,1.0677167177200317,
1,1.0677167177200317,
2,1.0677167177200317,
3,1.0677167177200317,
1,1.067563533782959,
3,1.067563533782959,
2,1.067563533782959,
0,1.067563533782959,
0,1.066907286643982,
2,1.066907286643982,
1,1.066907286643982,
3,1.066907286643982,
0,1.066907286643982,
2,1.066907286643982,
1,1.066907286643982,
3,1.066907286643982,
0,1.0667541027069092,
1,1.0667543411254883,
3,1.0667541027069092,
2,1.0667543411254883,
2,1.0661365985870361,
3,1.0661365985870361,
0,1.0661365985870361,
1,1.0661365985870361,
0,1.0661365985870361,
2,1.0661365985870361,
1,1.0661365985870361,
3,1.0661365985870361,
0,1.0656239986419678,
1,1.0656239986419678,
3,1.0656241178512573,
2,1.0656241178512573,
0,1.0652201175689697,
2,1.0652201175689697,
1,1.0652201175689697,
3,1.0652201175689697,
0,1.0652201175689697,
1,1.0652201175689697,
3,1.0652201175689697,
2,1.0652201175689697,
3,1.0648341178894043,
0,1.0648341178894043,
1,1.0648343563079834,
2,1.0648341178894043,
2,1.0644598007202148,
1,1.0644598007202148,
3,1.0644598007202148,
0,1.064460039138794,
0,1.0644598007202148,
1,1.0644598007202148,
3,1.064460039138794,
2,1.0644598007202148,
2,1.064307689666748,
3,1.064307451248169,
1,1.064307451248169,
0,1.064307689666748,
1,1.063654899597168,
0,1.063655138015747,
2,1.063655138015747,
3,1.063655138015747,
2,1.063655138015747,
3,1.063655138015747,
1,1.063655138015747,
0,1.0636553764343262,
2,1.063655138015747,
0,1.0636553764343262,
3,1.063524842262268,
1,1.0635247230529785,
1,1.0627801418304443,
0,1.0627799034118652,
3,1.0627801418304443,
2,1.0627799034118652,
2,1.0627801418304443,
0,1.0627801418304443,
1,1.0627799034118652,
3,1.0627799034118652,
0,1.0627801418304443,
3,1.0627801418304443,
2,1.0626497268676758,
1,1.0626497268676758,
3,1.1900324821472168,
0,1.1900324821472168,
2,1.1900324821472168,
1,1.1900324821472168,
2,1.1900324821472168,
0,1.1900324821472168,
3,1.1900324821472168,
1,1.1900324821472168,
1,1.1900324821472168,
2,1.1900324821472168,
3,1.1900324821472168,
0,1.1899023056030273,
1,1.1893846988677979,
2,1.189384937286377,
0,1.1892101764678955,
3,1.1892101764678955,
3,1.1892104148864746,
2,1.1892101764678955,
0,1.1892101764678955,
1,1.1892104148864746,
1,1.1892101764678955,
2,1.1892101764678955,
0,1.1892101764678955,
3,1.1892101764678955,
2,1.1890583038330078,
1,1.1890583038330078,
3,1.1890583038330078,
0,1.189058542251587,
3,1.1883823871612549,
0,1.1883823871612549,
1,1.1883823871612549,
2,1.1883823871612549,
0,1.1883823871612549,
3,1.1883823871612549,
2,1.1883823871612549,
1,1.1883823871612549,
0,1.1882526874542236,
2,1.1882526874542236,
1,1.1882526874542236,
3,1.1882308721542358,
3,1.1875578165054321,
1,1.1875578165054321,
0,1.1875578165054321,
2,1.1875578165054321,
2,1.1875578165054321,
0,1.1875578165054321,
3,1.1875578165054321,
1,1.1875578165054321,
1,1.1875578165054321,
2,1.1875578165054321,
3,1.1875578165054321,
0,1.1875578165054321,
3,1.186702013015747,
1,1.1867021322250366,
2,1.1867021322250366,
0,1.186702013015747,
3,1.1867021322250366,
0,1.1867021322250366,
1,1.1867021322250366,
2,1.1867021322250366,
1,1.186572551727295,
0,1.1865724325180054,
3,1.1865724325180054,
2,1.1865724325180054,
2,1.185908317565918,
0,1.1859086751937866,
3,1.1859086751937866,
1,1.1859086751937866,
1,1.185908317565918,
0,1.1859086751937866,
3,1.1859086751937866,
2,1.185908317565918,
0,1.1859086751937866,
2,1.1859086751937866,
1,1.1859086751937866,
3,1.185908317565918,
0,1.1852641105651855,
2,1.1850898265838623,
3,1.1850898265838623,
1,1.1850898265838623,
1,1.1850898265838623,
0,1.1850898265838623,
2,1.1850898265838623,
3,1.1850898265838623,
3,1.1850898265838623,
2,1.1850898265838623,
0,1.1850898265838623,
1,1.1850898265838623,
2,1.1844258308410645,
1,1.184248924255371,
0,1.184248924255371,
3,1.1844255924224854,
3,1.184248924255371,
1,1.184248924255371,
2,1.184248924255371,
0,1.184248924255371,
2,1.184119701385498,
3,1.184119701385498,
0,1.184119701385498,
1,1.184119701385498,
1,1.183425784111023,
0,1.183425784111023,
3,1.183425784111023,
2,1.183425784111023,
0,1.183425784111023,
3,1.183425784111023,
1,1.183425784111023,
2,1.183425784111023,
3,1.1832966804504395,
0,1.1832966804504395,
1,1.1832966804504395,
2,1.1832966804504395,
0,1.182565450668335,
1,1.1825649738311768,
3,1.182565450668335,
2,1.1825649738311768,
2,1.182565450668335,
3,1.1825653314590454,
1,1.1825650930404663,
0,1.1825649738311768,
2,1.1824363470077515,
0,1.182436227798462,
3,1.1824359893798828,
1,1.182436227798462,
2,1.1817896366119385,
0,1.1817896366119385,
1,1.1817896366119385,
3,1.1817896366119385,
3,1.1817896366119385,
1,1.1817896366119385,
0,1.1817896366119385,
2,1.1817896366119385,
3,1.181510329246521,
2,1.181510329246521,
1,1.181510329246521,
0,1.181510329246521,
3,1.1808137893676758,
0,1.1808137893676758,
2,1.1808137893676758,
1,1.1808137893676758,
1,1.1808140277862549,
0,1.1808137893676758,
2,1.1808137893676758,
3,1.1808137893676758,
1,1.1806635856628418,
0,1.1806635856628418,
3,1.1806635856628418,
2,1.1806637048721313,
2,1.1799856424331665,
0,1.1799854040145874,
3,1.1799856424331665,
1,1.1799854040145874,
1,1.1799852848052979,
0,1.1799852848052979,
3,1.1799852848052979,
2,1.1799854040145874,
0,1.1798354387283325,
2,1.179835319519043,
1,1.1798348426818848,
3,1.1798350811004639,
2,1.1792428493499756,
3,1.1792428493499756,
0,1.1792428493499756,
1,1.1792430877685547,
1,1.1792428493499756,
0,1.1792430877685547,
2,1.1792428493499756,
3,1.1792428493499756,
0,1.179114580154419,
2,1.1791143417358398,
3,1.179114580154419,
1,1.179114580154419,
3,1.1784348487854004,
2,1.1784348487854004,
1,1.1784348487854004,
0,1.1784346103668213,
1,1.1784348487854004,
0,1.1784347295761108,
3,1.1784347295761108,
2,1.1784348487854004,
1,1.1782851219177246,
0,1.1782848834991455,
3,1.1782851219177246,
2,1.1782851219177246,
2,1.177626609802246,
3,1.177626609802246,
1,1.177626609802246,
0,1.177626609802246,
3,1.177626609802246,
1,1.177626609802246,
2,1.177626609802246,
0,1.177626609802246,
0,1.1768181324005127,
1,1.1768181324005127,
3,1.1768181324005127,
2,1.1768183708190918,
0,1.1768181324005127,
2,1.1768183708190918,
1,1.1768181324005127,
3,1.1768181324005127,
2,1.1765406131744385,
1,1.1765406131744385,
3,1.1765406131744385,
0,1.1765406131744385,
2,1.1759119033813477,
1,1.1759119033813477,
3,1.1759119033813477,
0,1.1759119033813477,
0,1.1759119033813477,
2,1.1759119033813477,
1,1.1759119033813477,
3,1.1759119033813477,
3,1.17551851272583,
1,1.17551851272583,
2,1.17551851272583,
0,1.17551851272583,
2,1.175074815750122,
3,1.175074815750122,
0,1.1750751733779907,
1,1.1750749349594116,
1,1.1750749349594116,
2,1.1750746965408325,
3,1.175074815750122,
0,1.175074815750122,
3,1.1743122339248657,
0,1.1743123531341553,
1,1.1743122339248657,
2,1.1743122339248657,
1,1.1743123531341553,
3,1.1743122339248657,
0,1.1743123531341553,
2,1.1743123531341553,
0,1.1741845607757568,
1,1.1741846799850464,
3,1.1741631031036377,
2,1.1741846799850464,
0,1.1735055446624756,
1,1.173505425453186,
3,1.1735053062438965,
2,1.173505425453186,
0,1.1735053062438965,
1,1.1735055446624756,
2,1.1735055446624756,
3,1.1735055446624756,
0,1.1735055446624756,
2,1.173505425453186,
1,1.1735055446624756,
3,1.1735055446624756,
2,1.172745704650879,
0,1.172745704650879,
1,1.172745704650879,
3,1.1727454662322998,
2,1.172745704650879,
0,1.172745704650879,
3,1.1727454662322998,
1,1.172745704650879,
2,1.1725966930389404,
1,1.1725969314575195,
3,1.1725966930389404,
0,1.1725966930389404,
2,1.1719988584518433,
1,1.1719987392425537,
3,1.1719988584518433,
0,1.1719985008239746,
2,1.1719987392425537,
0,1.1719987392425537,
3,1.1719985008239746,
1,1.1719988584518433,
0,1.1718504428863525,
2,1.1718500852584839,
3,1.1718504428863525,
1,1.1718504428863525,
2,1.1711983680725098,
1,1.1711983680725098,
0,1.1711983680725098,
3,1.1711983680725098,
2,1.1711983680725098,
0,1.1711983680725098,
1,1.1711983680725098,
3,1.1711983680725098,
1,1.1710293292999268,
0,1.1710293292999268,
2,1.1710293292999268,
3,1.1710293292999268,
1,1.1703770160675049,
2,1.1703770160675049,
3,1.1703770160675049,
0,1.1703770160675049,
0,1.170377254486084,
1,1.1703770160675049,
2,1.1703770160675049,
3,1.1703770160675049,
0,1.1702489852905273,
2,1.1702489852905273,
3,1.1702492237091064,
1,1.1702489852905273,
2,1.1696128845214844,
3,1.1696128845214844,
1,1.1696128845214844,
0,1.1696128845214844,
0,1.1696128845214844,
1,1.1696128845214844,
2,1.1696128845214844,
3,1.1696128845214844,
0,1.168955683708191,
3,1.168955683708191,
1,1.1689554452896118,
2,1.168955683708191,
0,1.1687753200531006,
3,1.1687754392623901,
1,1.1687754392623901,
2,1.1687753200531006,
2,1.1686487197875977,
0,1.1686484813690186,
3,1.1686484813690186,
1,1.1686487197875977,
3,1.167952299118042,
1,1.167952299118042,
2,1.167952299118042,
0,1.167952060699463,
0,1.167952060699463,
3,1.167952299118042,
1,1.167952299118042,
2,1.167952299118042,
1,1.16780424118042,
0,1.16780424118042,
3,1.16780424118042,
2,1.167804479598999,
3,1.1671093702316284,
2,1.1671093702316284,
1,1.1671093702316284,
0,1.1671093702316284,
0,1.1671093702316284,
2,1.1671093702316284,
1,1.1671093702316284,
3,1.1671093702316284,
0,1.1665805578231812,
2,1.1665805578231812,
1,1.1665805578231812,
3,1.1665805578231812,
3,1.1661198139190674,
2,1.1661198139190674,
1,1.1661198139190674,
0,1.1661198139190674,
1,1.1661198139190674,
2,1.1661198139190674,
3,1.1661198139190674,
0,1.1661198139190674,
2,1.2048438787460327,
3,1.2048437595367432,
0,1.2048437595367432,
1,1.1652488708496094,
3,1.2045912742614746,
2,1.2045913934707642,
0,1.2045913934707642,
1,1.2045912742614746,
1,1.2033857107162476,
2,1.2033860683441162,
3,1.2033857107162476,
0,1.2033857107162476,
2,1.2033859491348267,
0,1.2033857107162476,
3,1.2033857107162476,
1,1.2033859491348267,
0,1.2032384872436523,
2,1.2032387256622314,
3,1.2032382488250732,
1,1.2032382488250732,
0,1.2017265558242798,
1,1.2017265558242798,
3,1.2017265558242798,
2,1.2017265558242798,
0,1.2017265558242798,
3,1.2017265558242798,
1,1.2017265558242798,
2,1.2017265558242798,
2,1.2017265558242798,
1,1.2016005516052246,
0,1.2016005516052246,
3,1.2016005516052246,
2,1.200080394744873,
3,1.200080394744873,
0,1.200080394744873,
1,1.200080394744873,
2,1.200080394744873,
1,1.200080394744873,
0,1.200080394744873,
3,1.200080394744873,
2,1.1999332904815674,
1,1.1999332904815674,
3,1.1999332904815674,
0,1.1999332904815674,
1,1.1984047889709473,
2,1.1984050273895264,
3,1.1984050273895264,
0,1.1984050273895264,
0,1.1984047889709473,
2,1.1984047889709473,
3,1.1984050273895264,
1,1.1984050273895264,
2,1.1982793807983398,
0,1.1982793807983398,
3,1.1982791423797607,
1,1.1982793807983398,
0,1.1967566013336182,
1,1.1967566013336182,
3,1.1967566013336182,
2,1.1967566013336182,
3,1.1967566013336182,
1,1.1967566013336182,
0,1.196756362915039,
2,1.196756362915039,
2,1.1965053081512451,
3,1.1965053081512451,
0,1.1965055465698242,
1,1.1965053081512451,
1,1.195000171661377,
2,1.1950002908706665,
3,1.195000171661377,
0,1.195000171661377,
2,1.1950002908706665,
0,1.195000171661377,
1,1.195000171661377,
3,1.1950002908706665,
0,1.19485342502594,
2,1.19485342502594,
3,1.1948537826538086,
1,1.194853663444519,
2,1.193384051322937,
3,1.193384051322937,
1,1.193383812904358,
0,1.193383812904358,
0,1.193384051322937,
2,1.193384051322937,
3,1.193383812904358,
1,1.193384051322937,
1,1.1917253732681274,
3,1.1917251348495483,
0,1.1917253732681274,
2,1.1917251348495483,
2,1.1917253732681274,
3,1.1917253732681274,
1,1.1917251348495483,
0,1.1917253732681274,
3,1.1915788650512695,
1,1.1915788650512695,
2,1.1915788650512695,
0,1.1915788650512695,
1,1.1900873184204102,
3,1.1900873184204102,
0,1.1900873184204102,
2,1.1899621486663818,
0,1.188451886177063,
1,1.1884522438049316,
3,1.1884522438049316,
2,1.188452124595642,
0,1.1883060932159424,
2,1.1883060932159424,
1,1.1883063316345215,
3,1.1883063316345215,
2,1.1868362426757812,
1,1.1868364810943604,
0,1.1868364810943604,
3,1.1868364810943604,
0,1.1861090660095215,
2,1.1861090660095215,
1,1.1861090660095215,
3,1.1861090660095215,
3,1.185257911682129,
2,1.185257911682129,
0,1.1851332187652588,
1,1.1851329803466797,
3,1.1836024522781372,
0,1.1836025714874268,
2,1.1836024522781372,
1,1.1836024522781372,
1,1.1834204196929932,
0,1.1834205389022827,
3,1.1834205389022827,
2,1.1834205389022827,
2,1.181978702545166,
3,1.181978702545166,
0,1.181978702545166,
1,1.181978702545166,
3,1.1812405586242676,
0,1.1812405586242676,
2,1.1812405586242676,
1,1.1812405586242676,
1,1.1803934574127197,
0,1.1802690029144287,
3,1.1802692413330078,
2,1.180269479751587,
1,1.1788086891174316,
0,1.1788086891174316,
3,1.1788084506988525,
2,1.1788084506988525,
2,1.1780757904052734,
3,1.1780757904052734,
1,1.1780757904052734,
0,1.1780757904052734,
1,1.1770654916763306,
2,1.1770654916763306,
3,1.1770654916763306,
0,1.1770654916763306,
3,1.1035547256469727,
2,1.1035544872283936,
1,1.1035547256469727,
0,1.1035544872283936,
0,1.1034411191940308,
2,1.1034411191940308,
1,1.1034411191940308,
3,1.1034411191940308,
1,1.6821837425231934,
3,1.6821837425231934,
2,1.6821837425231934,
0,1.6821837425231934,
2,1.1030735969543457,
3,1.1030735969543457,
1,1.1030733585357666,
0,1.1030735969543457,
1,1.1030123233795166,
0,1.103012204170227,
3,1.1030120849609375,
2,1.1030120849609375,
2,1.102744221687317,
0,1.1027443408966064,
3,1.102744221687317,
1,1.102744221687317,
0,1.1026737689971924,
2,1.1026736497879028,
1,1.102673888206482,
3,1.102673888206482,
1,1.102673888206482,
3,1.102673888206482,
0,1.102673888206482,
2,1.102673888206482,
1,1.1023354530334473,
3,1.1023352146148682,
2,1.1023352146148682,
0,1.1023354530334473,
0,1.1024471521377563,
3,1.1024470329284668,
1,1.1024470329284668,
2,1.1024471521377563,
0,1.1024471521377563,
1,1.1024470329284668,
2,1.1024470329284668,
3,1.1024470329284668,
1,1.1024471521377563,
2,1.1024471521377563,
3,1.1024470329284668,
0,1.1024471521377563,
3,1.1021311283111572,
1,1.1021311283111572,
2,1.1021311283111572,
0,1.1021311283111572,
1,1.1021311283111572,
2,1.1021311283111572,
0,1.1021312475204468,
3,1.1021311283111572,
3,1.1021311283111572,
1,1.1021312475204468,
2,1.1021311283111572,
0,1.1021311283111572,
0,1.1017986536026,
3,1.1017985343933105,
1,1.1017988920211792,
2,1.1017985343933105,
2,1.1018935441970825,
3,1.1018939018249512,
1,1.101893663406372,
0,1.1018935441970825,
0,1.1018935441970825,
3,1.101893663406372,
1,1.101893663406372,
2,1.1018937826156616,
0,1.1016147136688232,
3,1.1016149520874023,
2,1.1016147136688232,
1,1.1016151905059814,
2,1.1017463207244873,
1,1.1017463207244873,
3,1.1017463207244873,
0,1.1017463207244873,
0,1.1017463207244873,
2,1.1017463207244873,
3,1.1017463207244873,
1,1.1017463207244873,
2,1.1017463207244873,
0,1.1017463207244873,
1,1.1017463207244873,
3,1.1017463207244873,
0,1.10152268409729,
2,1.101424217224121,
3,1.10152268409729,
1,1.1015229225158691,
2,1.10152268409729,
3,1.10152268409729,
1,1.10152268409729,
0,1.10152268409729,
1,1.1014000177383423,
0,1.1014000177383423,
2,1.1013998985290527,
3,1.1013998985290527,
0,1.101331353187561,
1,1.101331353187561,
3,1.101331114768982,
2,1.101331353187561,
2,1.101331353187561,
1,1.101331114768982,
3,1.101331353187561,
0,1.101331353187561,
2,1.101331114768982,
3,1.101331114768982,
0,1.101331353187561,
1,1.101331114768982,
0,1.101191520690918,
1,1.1011912822723389,
2,1.101191520690918,
3,1.1011911630630493,
0,1.1011912822723389,
3,1.1011912822723389,
1,1.101191520690918,
2,1.1011912822723389,
0,1.101191520690918,
2,1.1011911630630493,
1,1.101191520690918,
3,1.1011911630630493,
0,1.1009138822555542,
1,1.100914478302002,
3,1.1009138822555542,
2,1.1009143590927124,
2,1.1009865999221802,
1,1.1009865999221802,
0,1.100986361503601,
3,1.100986361503601,
2,1.100986361503601,
0,1.1009865999221802,
3,1.100986361503601,
1,1.100986361503601,
3,1.1008433103561401,
1,1.1008435487747192,
0,1.1008433103561401,
2,1.1008433103561401,
1,1.1007380485534668,
3,1.1007380485534668,
2,1.1007380485534668,
0,1.1007380485534668,
1,1.1007381677627563,
2,1.1007381677627563,
0,1.1007381677627563,
3,1.1007380485534668,
0,1.1004616022109985,
3,1.1004618406295776,
2,1.100461721420288,
1,1.1004618406295776,
0,1.1005373001098633,
2,1.1005374193191528,
3,1.1005373001098633,
1,1.1005374193191528,
0,1.1005374193191528,
1,1.1005373001098633,
3,1.1005373001098633,
2,1.1005373001098633,
0,1.1001737117767334,
2,1.1001739501953125,
1,1.1001739501953125,
3,1.1001739501953125,
1,1.1003018617630005,
0,1.100301742553711,
2,1.1003018617630005,
3,1.10030198097229,
2,1.100301742553711,
1,1.1003016233444214,
3,1.100301742553711,
0,1.1003016233444214,
0,1.1001482009887695,
1,1.100148320198059,
2,1.100148320198059,
3,1.1001484394073486,
2,1.1002157926559448,
0,1.1002156734466553,
3,1.1002155542373657,
1,1.1002157926559448,
0,1.1002156734466553,
1,1.1002155542373657,
2,1.1002159118652344,
3,1.1002159118652344,
2,1.1000733375549316,
3,1.1000734567642212,
0,1.1000735759735107,
1,1.1000735759735107,
2,1.1000128984451294,
0,1.1000131368637085,
1,1.1000128984451294,
3,1.1000128984451294,
1,1.1000126600265503,
0,1.100013017654419,
2,1.100013017654419,
3,1.1000128984451294,
1,1.0998708009719849,
3,1.0998708009719849,
0,1.0998705625534058,
2,1.0998706817626953,
0,1.0998294353485107,
2,1.0998291969299316,
1,1.0998291969299316,
3,1.0998294353485107,
0,1.0998291969299316,
1,1.0998289585113525,
2,1.0998291969299316,
3,1.0998294353485107,
2,1.0996872186660767,
1,1.099687099456787,
0,1.0996873378753662,
3,1.0996874570846558,
2,1.099693775177002,
0,1.0996935367584229,
1,1.099693775177002,
3,1.099693775177002,
2,1.0996935367584229,
1,1.099693775177002,
3,1.099693775177002,
0,1.099693775177002,
0,1.0994157791137695,
1,1.0994157791137695,
2,1.09941565990448,
3,1.0994157791137695,
1,1.0995168685913086,
2,1.0995163917541504,
0,1.0995163917541504,
3,1.0995166301727295,
0,1.0995166301727295,
1,1.0995163917541504,
2,1.0995166301727295,
3,1.0995163917541504,
0,1.0993748903274536,
3,1.0993746519088745,
1,1.0993744134902954,
2,1.0993746519088745,
2,1.0993101596832275,
3,1.099310040473938,
1,1.099310040473938,
0,1.0993101596832275,
2,1.0993103981018066,
1,1.0993103981018066,
0,1.0993101596832275,
3,1.0993103981018066,
3,1.098903775215149,
0,1.098903775215149,
1,1.098903775215149,
2,1.098903775215149,
0,1.099071979522705,
2,1.099071979522705,
1,1.099071979522705,
3,1.099071979522705,
0,1.099071979522705,
1,1.0990720987319946,
3,1.099071979522705,
2,1.099071979522705,
1,1.0987319946289062,
2,1.0987322330474854,
3,1.0987324714660645,
0,1.0987324714660645,
0,1.0988777875900269,
2,1.0988777875900269,
3,1.0988779067993164,
1,1.098878026008606,
0,1.0988779067993164,
1,1.0988779067993164,
2,1.0988779067993164,
3,1.098878026008606,
0,1.098612666130066,
1,1.0987430810928345,
2,1.0987433195114136,
3,1.0987430810928345,
0,1.0987430810928345,
1,1.0987433195114136,
3,1.0987430810928345,
2,1.0987430810928345,
0,1.0987433195114136,
1,1.0987433195114136,
2,1.0987430810928345,
3,1.0987430810928345,
0,1.098440170288086,
2,1.0984402894973755,
1,1.0984400510787964,
3,1.098440170288086,
0,1.0985655784606934,
1,1.0985658168792725,
3,1.0985655784606934,
2,1.0985655784606934,
0,1.0983240604400635,
2,1.0983238220214844,
1,1.098323941230774,
3,1.0983238220214844,
0,1.1235201358795166,
2,1.1235198974609375,
1,1.1235198974609375,
3,1.1235201358795166,
1,1.1235198974609375,
0,1.1235201358795166,
2,1.1235198974609375,
3,1.1235201358795166,
2,1.1235198974609375,
1,1.1235201358795166,
0,1.1235201358795166,
3,1.1235198974609375,
0,1.123253583908081,
2,1.123253345489502,
3,1.1234028339385986,
1,1.123253583908081,
0,1.123403549194336,
2,1.123403549194336,
1,1.1234030723571777,
3,1.1234030723571777,
2,1.1234030723571777,
1,1.1234030723571777,
0,1.1234030723571777,
3,1.123403549194336,
0,1.117675542831421,
1,1.117675542831421,
2,1.1230922937393188,
3,1.117675542831421,
1,1.117675542831421,
3,1.117675542831421,
0,1.117675542831421,
2,1.117675542831421,
0,1.1174343824386597,
1,1.1174343824386597,
3,1.1174343824386597,
2,1.1174343824386597,
0,1.1174496412277222,
2,1.1174498796463013,
1,1.1174496412277222,
3,1.1174498796463013,
0,1.1174496412277222,
1,1.1174496412277222,
3,1.1174496412277222,
2,1.1174498796463013,
3,1.117329478263855,
0,1.117329478263855,
2,1.117329478263855,
1,1.117329478263855,
3,1.1173171997070312,
1,1.1173174381256104,
2,1.1173171997070312,
0,1.1173176765441895,
0,1.1173176765441895,
3,1.1173176765441895,
1,1.1173174381256104,
2,1.1173176765441895,
3,1.1172977685928345,
0,1.1172975301742554,
2,1.1172975301742554,
1,1.1172977685928345,
3,1.1173017024993896,
1,1.1173017024993896,
2,1.1173017024993896,
0,1.1173017024993896,
0,1.1173017024993896,
2,1.1173017024993896,
1,1.1173017024993896,
3,1.1173017024993896,
0,1.1170415878295898,
1,1.1170415878295898,
3,1.1170415878295898,
2,1.1170415878295898,
2,1.1170356273651123,
3,1.1170356273651123,
1,1.1170358657836914,
0,1.1170358657836914,
1,1.1170356273651123,
0,1.1170358657836914,
3,1.1170356273651123,
2,1.1170355081558228,
1,1.1168957948684692,
0,1.1168960332870483,
2,1.1168962717056274,
3,1.1168960332870483,
3,1.1169075965881348,
1,1.1169073581695557,
2,1.1169078350067139,
0,1.1169075965881348,
0,1.1167678833007812,
2,1.1167678833007812,
1,1.1167678833007812,
3,1.1167681217193604,
2,1.1167265176773071,
3,1.1167265176773071,
1,1.1167263984680176,
0,1.1167265176773071,
1,1.1167265176773071,
0,1.1167265176773071,
2,1.1167265176773071,
3,1.1167263984680176,
0,1.1165871620178223,
3,1.1165871620178223,
2,1.1165871620178223,
1,1.1165869235992432,
0,1.1166095733642578,
2,1.1166093349456787,
3,1.1166095733642578,
1,1.1166093349456787,
2,1.1164700984954834,
0,1.1164698600769043,
3,1.1164700984954834,
1,1.1164700984954834,
0,1.1165865659713745,
2,1.1165865659713745,
3,1.1165862083435059,
1,1.116586685180664,
0,1.1165865659713745,
3,1.1165868043899536,
1,1.116586446762085,
2,1.116586685180664,
0,1.1163015365600586,
2,1.1163015365600586,
1,1.1163015365600586,
3,1.1163015365600586,
0,1.1164206266403198,
2,1.116420030593872,
1,1.1164203882217407,
3,1.1164203882217407,
2,1.1164201498031616,
1,1.116420030593872,
3,1.116420030593872,
0,1.1164203882217407,
0,1.1162704229354858,
3,1.1162704229354858,
1,1.1160627603530884,
2,1.1160629987716675,
3,1.1162704229354858,
2,1.1162705421447754,
1,1.1162704229354858,
0,1.1162704229354858,
2,1.1162705421447754,
0,1.1162704229354858,
3,1.1162705421447754,
1,1.1162705421447754,
0,1.1161549091339111,
2,1.1159456968307495,
1,1.1161551475524902,
3,1.1161549091339111,
0,1.1161551475524902,
3,1.1161549091339111,
2,1.1161549091339111,
1,1.1161551475524902,
3,1.1159967184066772,
0,1.1159965991973877,
1,1.1159967184066772,
2,1.1159967184066772,
2,1.1160142421722412,
1,1.1160142421722412,
0,1.1160144805908203,
3,1.1160144805908203,
1,1.1160142421722412,
3,1.1160144805908203,
0,1.1160144805908203,
2,1.1160142421722412,
0,1.1155996322631836,
3,1.1155996322631836,
1,1.115599513053894,
2,1.1155996322631836,
0,1.1155314445495605,
2,1.1155316829681396,
3,1.1155314445495605,
1,1.1155316829681396,
1,1.1155314445495605,
2,1.11553156375885,
0,1.1155316829681396,
3,1.1155314445495605,
2,1.1150848865509033,
1,1.1150848865509033,
0,1.1150848865509033,
3,1.1150848865509033,
2,1.1150801181793213,
0,1.1150801181793213,
3,1.1150801181793213,
1,1.115079641342163,
2,1.1150801181793213,
0,1.1150798797607422,
1,1.1150803565979004,
3,1.115079641342163,
0,1.1144988536834717,
2,1.1144988536834717,
1,1.1144988536834717,
3,1.1144989728927612,
2,1.11444890499115,
0,1.1144487857818604,
3,1.1144490242004395,
1,1.1144487857818604,
2,1.1144490242004395,
0,1.1144487857818604,
1,1.1144486665725708,
3,1.1144487857818604,
0,1.1143102645874023,
3,1.1143105030059814,
1,1.114310622215271,
2,1.1143105030059814,
2,1.1139345169067383,
1,1.1139345169067383,
0,1.1139345169067383,
3,1.1139345169067383,
0,1.1139345169067383,
2,1.1139345169067383,
1,1.1139345169067383,
3,1.1139345169067383,
1,1.1139345169067383,
2,1.1139345169067383,
3,1.1139345169067383,
0,1.1139345169067383,
2,1.1133215427398682,
1,1.113321304321289,
0,1.1133215427398682,
3,1.1133215427398682,
0,1.113321304321289,
2,1.11332106590271,
1,1.113321304321289,
3,1.113321304321289,
2,1.113321304321289,
0,1.113321304321289,
3,1.1133215427398682,
1,1.113321304321289,
1,1.112600326538086,
0,1.1126965284347534,
3,1.1126000881195068,
2,1.1126965284347534,
0,1.112600326538086,
3,1.112600326538086,
2,1.1126000881195068,
1,1.1126000881195068,
0,1.1124818325042725,
1,1.1124815940856934,
2,1.1124815940856934,
3,1.1124815940856934,
0,1.1119894981384277,
1,1.1119894981384277,
2,1.1119896173477173,
3,1.1119896173477173,
2,1.1119893789291382,
0,1.1119892597198486,
1,1.1119894981384277,
3,1.1119892597198486,
0,1.1119894981384277,
2,1.1119892597198486,
1,1.1119894981384277,
3,1.1119896173477173,
0,1.1118519306182861,
1,1.111851692199707,
2,1.1118519306182861,
3,1.1118519306182861,
2,1.111279010772705,
1,1.111279010772705,
3,1.111279010772705,
0,1.111279010772705,
2,1.111279010772705,
3,1.111279010772705,
0,1.111279010772705,
1,1.111279010772705,
1,1.110469102859497,
0,1.1104689836502075,
2,1.1105866432189941,
3,1.1105866432189941,
3,1.1104693412780762,
2,1.110469102859497,
0,1.1104695796966553,
1,1.110469102859497,
2,1.1104496717453003,
1,1.1104496717453003,
0,1.110450029373169,
3,1.1104496717453003,
3,1.1098052263259888,
1,1.1098052263259888,
0,1.1098054647445679,
2,1.1098053455352783,
3,1.1098055839538574,
0,1.1098054647445679,
2,1.1098054647445679,
1,1.1098055839538574,
0,1.1091454029083252,
2,1.1091454029083252,
1,1.1091454029083252,
3,1.1091454029083252,
0,1.109053611755371,
1,1.109053611755371,
3,1.1090538501739502,
2,1.1090538501739502,
2,1.1089166402816772,
1,1.1089165210723877,
0,1.1089165210723877,
3,1.1089166402816772,
2,1.108291506767273,
1,1.1082916259765625,
3,1.1082916259765625,
0,1.1082916259765625,
0,1.1082916259765625,
2,1.108291745185852,
1,1.108291745185852,
3,1.1082916259765625,
2,1.1082916259765625,
3,1.1082725524902344,
1,1.1082724332809448,
0,1.108272671699524,
1,1.1074085235595703,
0,1.1074085235595703,
2,1.1074085235595703,
3,1.1074086427688599,
2,1.1074085235595703,
1,1.1074086427688599,
3,1.1074086427688599,
0,1.1074086427688599,
1,1.1069947481155396,
2,1.106994867324829,
0,1.1069947481155396,
3,1.106994867324829,
0,1.1065261363983154,
1,1.106526255607605,
3,1.1065261363983154,
2,1.106526255607605,
1,1.106526255607605,
2,1.1065261363983154,
3,1.106526255607605,
0,1.1065261363983154,
2,1.105815052986145,
0,1.1058152914047241,
1,1.105815052986145,
3,1.105815052986145,
0,1.1053816080093384,
1,1.1053813695907593,
3,1.1053813695907593,
2,1.1053812503814697,
3,1.1053621768951416,
2,1.1053619384765625,
0,1.1053621768951416,
1,1.105362057685852,
1,1.1044540405273438,
2,1.1044539213180542,
0,1.1044541597366333,
3,1.1044541597366333,
2,1.1044541597366333,
3,1.1044541597366333,
1,1.1044541597366333,
0,1.1044540405273438,
1,1.104317307472229,
2,1.104317545890808,
3,1.104317545890808,
0,1.104317307472229,
0,1.1033704280853271,
1,1.1033704280853271,
2,1.1033705472946167,
3,1.1033705472946167,
3,1.103370189666748,
0,1.1033703088760376,
1,1.103370189666748,
2,1.1033704280853271,
0,1.1033704280853271,
1,1.1033703088760376,
3,1.1033512353897095,
2,1.103351354598999,
3,1.102447748184204,
1,1.1024478673934937,
0,1.1024478673934937,
2,1.102447748184204,
1,1.102447748184204,
0,1.1024478673934937,
3,1.1024478673934937,
2,1.1024478673934937,
1,1.1024478673934937,
0,1.102447748184204,
2,1.102447748184204,
3,1.1024478673934937,
0,1.1268712282180786,
1,1.1268709897994995,
2,1.1268709897994995,
3,1.1268712282180786,
0,1.1268709897994995,
3,1.1268712282180786,
1,1.1268709897994995,
2,1.1268712282180786,
1,1.1268712282180786,
2,1.1268712282180786,
3,1.1268712282180786,
0,1.1268712282180786,
3,1.1262202262878418,
2,1.126220464706421,
1,1.126220464706421,
0,1.126220703125,
1,1.1262202262878418,
0,1.126220703125,
2,1.126220464706421,
3,1.126220464706421,
1,1.1262012720108032,
2,1.1262015104293823,
0,1.1262015104293823,
3,1.1262012720108032,
0,1.1256160736083984,
1,1.1256159543991089,
3,1.1256159543991089,
2,1.1256158351898193,
3,1.1256157159805298,
2,1.1256157159805298,
1,1.1256160736083984,
0,1.1254985332489014,
0,1.124826431274414,
1,1.124826431274414,
3,1.124826431274414,
2,1.124826431274414,
3,1.124826431274414,
0,1.124826431274414,
1,1.124826431274414,
2,1.1248266696929932,
0,1.124807357788086,
3,1.124807357788086,
2,1.124807357788086,
1,1.124807596206665,
3,1.1244027614593506,
2,1.1244027614593506,
0,1.1244027614593506,
1,1.1244025230407715,
1,1.1244027614593506,
0,1.1244027614593506,
2,1.1244025230407715,
3,1.1244027614593506,
3,1.124266505241394,
1,1.124266505241394,
0,1.124266505241394,
2,1.124266266822815,
0,1.123853325843811,
3,1.123853325843811,
2,1.123853325843811,
1,1.123853325843811,
0,1.123853325843811,
2,1.123853325843811,
3,1.123853325843811,
1,1.123853325843811,
1,1.1233866214752197,
3,1.1233866214752197,
0,1.1233866214752197,
2,1.1233866214752197,
2,1.1233675479888916,
0,1.1233675479888916,
1,1.1233675479888916,
3,1.1233675479888916,
3,1.128495216369629,
2,1.1284949779510498,
0,1.128495216369629,
1,1.128495216369629,
3,1.1280694007873535,
2,1.1280694007873535,
0,1.1280694007873535,
1,1.1280694007873535,
2,1.1279778480529785,
3,1.1279778480529785,
1,1.1279778480529785,
0,1.1279778480529785,
2,1.1275626420974731,
1,1.1275628805160522,
0,1.1275626420974731,
3,1.1275628805160522,
2,1.1274737119674683,
0,1.1274737119674683,
3,1.1274737119674683,
1,1.1274737119674683,
3,1.1271491050720215,
2,1.1271493434906006,
1,1.1271493434906006,
0,1.1271493434906006,
1,1.1270803213119507,
2,1.1270803213119507,
3,1.1270803213119507,
0,1.1270803213119507,
2,1.1266952753067017,
3,1.1266952753067017,
0,1.1266952753067017,
1,1.1266952753067017,
0,1.1265782117843628,
2,1.126578450202942,
1,1.1265782117843628,
3,1.1265782117843628,
0,1.1262245178222656,
3,1.1262245178222656,
2,1.1262245178222656,
1,1.1262245178222656,
0,1.1262245178222656,
1,1.1262245178222656,
2,1.1262245178222656,
3,1.1262245178222656,
0,1.1258689165115356,
2,1.1258689165115356,
1,1.1258686780929565,
3,1.1258689165115356,
0,1.1257516145706177,
3,1.1257518529891968,
2,1.1257518529891968,
1,1.1257518529891968,
2,1.1253615617752075,
0,1.1253615617752075,
1,1.1253615617752075,
3,1.1253615617752075,
1,1.1253424882888794,
2,1.1253424882888794,
0,1.1253424882888794,
3,1.1253424882888794,
0,1.1250118017196655,
3,1.1250118017196655,
2,1.1250118017196655,
1,1.1250118017196655,
2,1.124875545501709,
3,1.124875545501709,
1,1.124875783920288,
0,1.124875545501709,
3,1.1245328187942505,
0,1.1245328187942505,
2,1.1245328187942505,
1,1.1245328187942505,
3,1.1242520809173584,
1,1.1242520809173584,
2,1.1242520809173584,
0,1.1242520809173584,
1,1.100714921951294,
2,1.100714921951294,
0,1.100715160369873,
3,1.100715160369873,
3,1.1004397869110107,
2,1.1004400253295898,
1,1.1004400253295898,
0,1.1004397869110107,
0,1.1004146337509155,
2,1.100414752960205,
1,1.100414752960205,
3,1.100414752960205,
1,1.1000062227249146,
0,1.1000062227249146,
2,1.1000062227249146,
3,1.1000062227249146,
3,1.099975824356079,
0,1.0999760627746582,
2,1.0999760627746582,
1,1.0999760627746582,
0,1.0996061563491821,
3,1.0996061563491821,
1,1.0996061563491821,
2,1.0996061563491821,
2,1.0996061563491821,
3,1.0996061563491821,
0,1.0996061563491821,
1,1.099605917930603,
0,1.099292278289795,
3,1.0992926359176636,
1,1.099292516708374,
2,1.099292516708374,
2,1.099292278289795,
3,1.099292516708374,
1,1.099292278289795,
0,1.099292278289795,
3,1.0990290641784668,
2,1.0990290641784668,
1,1.099029302597046,
0,1.0990290641784668,
0,1.098893642425537,
2,1.0988938808441162,
1,1.098893642425537,
3,1.0988938808441162,
2,1.0985815525054932,
0,1.098581314086914,
3,1.098581314086914,
1,1.098581314086914,
3,1.0984461307525635,
1,1.0984457731246948,
0,1.0984461307525635,
2,1.0984457731246948,
0,1.0980827808380127,
1,1.0980827808380127,
2,1.0980827808380127,
3,1.0980827808380127,
3,1.0980640649795532,
0,1.0980640649795532,
2,1.0980640649795532,
1,1.0980640649795532,
0,1.09767746925354,
3,1.0976777076721191,
1,1.0976777076721191,
2,1.0976777076721191,
2,1.0976588726043701,
1,1.0976589918136597,
3,1.0976589918136597,
0,1.0976588726043701,
2,1.0971540212631226,
0,1.0971542596817017,
1,1.0971540212631226,
3,1.0971540212631226,
2,1.0970194339752197,
1,1.0970194339752197,
0,1.0970191955566406,
3,1.0970189571380615,
2,1.0965622663497925,
3,1.0965622663497925,
1,1.0965622663497925,
0,1.0965622663497925,
0,1.0962908267974854,
2,1.0962908267974854,
3,1.0962908267974854,
1,1.0962908267974854,
2,1.0960732698440552,
3,1.0960732698440552,
0,1.0960732698440552,
1,1.0960732698440552,
0,1.0956709384918213,
3,1.0956709384918213,
1,1.0956707000732422,
2,1.0956707000732422,
2,1.0955544710159302,
0,1.0955545902252197,
1,1.0955545902252197,
3,1.0955545902252197,
1,1.0950908660888672,
0,1.0950908660888672,
2,1.0950908660888672,
3,1.0950908660888672,
2,1.0950908660888672,
1,1.095071792602539,
3,1.0950720310211182,
0,1.0950720310211182,
0,1.0946629047393799,
1,1.0946626663208008,
3,1.0946629047393799,
2,1.0946629047393799,
2,1.0946444272994995,
1,1.0946444272994995,
0,1.0946444272994995,
3,1.0946444272994995,
3,1.0942214727401733,
0,1.0942214727401733,
1,1.0942212343215942,
2,1.0942214727401733,
2,1.0940872430801392,
3,1.0940872430801392,
1,1.0940872430801392,
0,1.0940872430801392,
0,1.09368896484375,
2,1.09368896484375,
3,1.09368896484375,
1,1.09368896484375,
1,1.0933761596679688,
0,1.0933451652526855,
2,1.0933451652526855,
3,1.0933451652526855,
0,1.0933761596679688,
2,1.0933765172958374,
3,1.0933761596679688,
1,1.0933761596679688,
0,1.09297776222229,
1,1.09297776222229,
2,1.09297776222229,
3,1.09297776222229,
0,1.0928616523742676,
1,1.0928616523742676,
2,1.0928616523742676,
3,1.0928616523742676,
0,1.0925453901290894,
2,1.0925453901290894,
1,1.0925453901290894,
3,1.0925453901290894,
0,1.0925277471542358,
3,1.0925277471542358,
2,1.0925277471542358,
1,1.0925277471542358,
0,1.0921984910964966,
1,1.0921984910964966,
3,1.0921984910964966,
2,1.0921984910964966,
3,1.0920648574829102,
2,1.0920648574829102,
1,1.0920648574829102,
0,1.0920648574829102,
3,1.0918400287628174,
2,1.091840147972107,
0,1.091840147972107,
1,1.0918400287628174,
3,1.0918222665786743,
2,1.0918222665786743,
1,1.0918220281600952,
0,1.0918220281600952,
3,1.0915840864181519,
2,1.0915840864181519,
0,1.0915840864181519,
1,1.0915840864181519,
3,1.0911827087402344,
0,1.0911827087402344,
2,1.0911827087402344,
1,1.0913028717041016,
2,1.0913028717041016,
3,1.0913028717041016,
0,1.0913028717041016,
1,1.0913028717041016,
0,1.0909875631332397,
3,1.0909875631332397,
2,1.0909875631332397,
1,1.0909875631332397,
1,1.0909875631332397,
2,1.0909875631332397,
0,1.0909875631332397,
3,1.0909875631332397,
0,1.0907819271087646,
1,1.0907819271087646,
3,1.0907819271087646,
2,1.0907819271087646,
3,1.0906485319137573,
0,1.0906485319137573,
1,1.0906485319137573,
2,1.0906662940979004,
2,1.0903494358062744,
3,1.0903491973876953,
1,1.0903491973876953,
0,1.0903491973876953,
2,1.0903310775756836,
0,1.0903310775756836,
3,1.0903314352035522,
1,1.0903310775756836,
0,1.090078592300415,
1,1.090078592300415,
2,1.0900784730911255,
3,1.090078592300415,
1,1.0900605916976929,
3,1.0900605916976929,
2,1.0900607109069824,
0,1.0900607109069824,
2,1.089816689491272,
3,1.089816689491272,
0,1.089816689491272,
1,1.089816689491272,
0,1.0892786979675293,
3,1.0892786979675293,
1,1.0894780158996582,
2,1.0892786979675293,
1,1.0894780158996582,
0,1.0894780158996582,
3,1.0894780158996582,
2,1.0894780158996582,
0,1.0890214443206787,
3,1.0890214443206787,
1,1.0890214443206787,
2,1.0890214443206787,
1,1.0892066955566406,
2,1.0892066955566406,
3,1.0892066955566406,
0,1.0892066955566406,
1,1.0888726711273193,
2,1.0888729095458984,
0,1.0888726711273193,
3,1.0888726711273193,
3,1.0890672206878662,
1,1.0890672206878662,
0,1.0890672206878662,
2,1.0890672206878662,
3,1.0889370441436768,
1,1.0889370441436768,
2,1.0889370441436768,
0,1.0889370441436768,
2,1.0889370441436768,
3,1.0889370441436768,
1,1.0889370441436768,
0,1.0889370441436768,
1,1.0888248682022095,
3,1.0888246297836304,
2,1.0888248682022095,
0,1.0888246297836304,
0,1.0886919498443604,
3,1.0886919498443604,
2,1.0886921882629395,
1,1.0886919498443604,
1,1.08868408203125,
3,1.08868408203125,
0,1.08868408203125,
2,1.08868408203125,
2,1.0886857509613037,
1,1.0886857509613037,
0,1.0886857509613037,
3,1.0886857509613037,
0,1.0886354446411133,
1,1.0886354446411133,
2,1.0886354446411133,
3,1.0886354446411133,
0,1.0884833335876465,
3,1.0884835720062256,
1,1.0884835720062256,
2,1.0884833335876465,
3,1.0885494947433472,
1,1.0885494947433472,
2,1.0885494947433472,
0,1.0885494947433472,
3,1.0882571935653687,
0,1.0882571935653687,
1,1.0882571935653687,
2,1.0882571935653687,
2,1.088581919670105,
0,1.088581919670105,
1,1.088581919670105,
3,1.088581919670105,
3,1.0886656045913696,
0,1.0883302688598633,
1,1.0883302688598633,
2,1.0883302688598633,
1,1.0885502099990845,
0,1.0885504484176636,
3,1.0885504484176636,
2,1.0885502099990845,
2,1.0886412858963013,
1,1.0886412858963013,
3,1.08864164352417,
0,1.0886414051055908,
3,1.0886237621307373,
0,1.0886240005493164,
2,1.0886240005493164,
1,1.0886240005493164,
2,1.0887856483459473,
3,1.0887854099273682,
1,1.0887854099273682,
0,1.088785171508789,
0,1.0886527299880981,
2,1.0886527299880981,
1,1.0886527299880981,
3,1.0886527299880981,
3,1.0888209342956543,
1,1.0888209342956543,
2,1.0888209342956543,
0,1.0888209342956543,
1,1.0888034105300903,
3,1.0888034105300903,
2,1.0888034105300903,
0,1.0888034105300903,
2,1.089057207107544,
0,1.089057207107544,
1,1.0890567302703857,
3,1.0890569686889648,
0,1.088803768157959,
1,1.088803768157959,
3,1.088803768157959,
2,1.088804006576538,
2,1.0892624855041504,
0,1.0892627239227295,
1,1.0892624855041504,
3,1.0892624855041504,
0,1.0893714427947998,
2,1.0893714427947998,
3,1.089371919631958,
1,1.089371919631958,
3,1.089371919631958,
0,1.089371919631958,
2,1.0893714427947998,
1,1.089371919631958,
3,1.0896772146224976,
2,1.0896769762039185,
1,1.0896769762039185,
0,1.0896772146224976,
2,1.0896772146224976,
3,1.0896772146224976,
1,1.0896772146224976,
0,1.0896772146224976,
3,1.0898841619491577,
1,1.0898841619491577,
0,1.0898841619491577,
2,1.0898841619491577,
2,1.089751958847046,
3,1.089751958847046,
0,1.089751958847046,
1,1.089751958847046,
2,1.0901434421539307,
1,1.0901437997817993,
3,1.0901437997817993,
0,1.0901435613632202,
0,1.0901259183883667,
2,1.0901261568069458,
1,1.0901262760162354,
3,1.0901265144348145,
2,1.0902378559112549,
1,1.0902377367019653,
0,1.0902378559112549,
3,1.0902377367019653,
1,1.0902204513549805,
0,1.0902206897735596,
3,1.0902204513549805,
2,1.0902208089828491,
2,1.090376377105713,
0,1.0903762578964233,
3,1.0903764963150024,
1,1.0903762578964233,
3,1.0903582572937012,
1,1.0903582572937012,
2,1.0903582572937012,
0,1.0903582572937012,
2,1.0903346538543701,
0,1.0903346538543701,
3,1.0903346538543701,
1,1.0903346538543701,
1,1.0902018547058105,
3,1.0902018547058105,
0,1.0902018547058105,
2,1.0902018547058105,
2,1.0902025699615479,
3,1.0902025699615479,
1,1.0902025699615479,
0,1.0902025699615479,
2,1.0901844501495361,
3,1.0901844501495361,
1,1.0901844501495361,
0,1.0901844501495361,
3,1.0902464389801025,
0,1.0902467966079712,
1,1.0902464389801025,
2,1.0902467966079712,
0,1.0902281999588013,
3,1.090228796005249,
1,1.0902284383773804,
2,1.090228796005249,
1,1.090256929397583,
2,1.090256929397583,
0,1.090256929397583,
3,1.090256929397583,
1,1.090256929397583,
0,1.090256929397583,
3,1.090256929397583,
2,1.0901422500610352,
0,1.0901037454605103,
1,1.0901037454605103,
2,1.0901037454605103,
3,1.0901035070419312,
0,1.0901037454605103,
2,1.0901035070419312,
3,1.0901037454605103,
1,1.0901037454605103,
2,1.0900858640670776,
0,1.0900856256484985,
1,1.0900858640670776,
3,1.0900859832763672,
1,1.090160608291626,
3,1.090160608291626,
0,1.090160608291626,
2,1.090160608291626,
0,1.090160608291626,
2,1.090160608291626,
1,1.0901604890823364,
3,1.090160608291626,
3,1.089922308921814,
1,1.089922308921814,
0,1.089922308921814,
2,1.089922308921814,
2,1.090174913406372,
3,1.090174913406372,
0,1.090174913406372,
1,1.090174913406372,
1,1.0901751518249512,
2,1.0901751518249512,
3,1.090174913406372,
0,1.0901751518249512,
0,1.0897585153579712,
1,1.0897585153579712,
2,1.0897585153579712,
3,1.0897587537765503,
0,1.0899866819381714,
1,1.0899866819381714,
2,1.0899866819381714,
3,1.0899866819381714,
0,1.0899590253829956,
1,1.0899590253829956,
3,1.0899590253829956,
2,1.0899590253829956,
1,1.0899090766906738,
3,1.0899088382720947,
2,1.0899090766906738,
0,1.0899090766906738,
0,1.0899088382720947,
2,1.0899088382720947,
3,1.0899088382720947,
1,1.0899088382720947,
2,1.0897669792175293,
1,1.089766502380371,
0,1.089766502380371,
3,1.089766502380371,
3,1.0896837711334229,
2,1.089684009552002,
0,1.0896837711334229,
1,1.0896837711334229,
0,1.0896837711334229,
2,1.0896837711334229,
1,1.089684009552002,
3,1.0896836519241333,
3,1.0891786813735962,
2,1.0891788005828857,
1,1.0891786813735962,
0,1.0891786813735962,
0,1.0894070863723755,
3,1.0894070863723755,
2,1.0894073247909546,
1,1.0894070863723755,
0,1.0894070863723755,
3,1.0893797874450684,
1,1.0893795490264893,
2,1.0893795490264893,
1,1.089119791984558,
2,1.089119791984558,
3,1.089119791984558,
0,1.089119791984558,
0,1.089119791984558,
2,1.089119791984558,
1,1.089119791984558,
3,1.0891200304031372,
0,1.0889965295791626,
1,1.0889965295791626,
2,1.0889967679977417,
3,1.0889967679977417,
3,1.0888197422027588,
1,1.0888196229934692,
0,1.0888197422027588,
2,1.0888197422027588,
1,1.0886777639389038,
0,1.0886776447296143,
2,1.0886776447296143,
3,1.0886777639389038,
2,1.0884050130844116,
1,1.0884050130844116,
3,1.0884050130844116,
0,1.0884050130844116,
0,1.0884050130844116,
1,1.0884050130844116,
2,1.0884050130844116,
3,1.0884050130844116,
2,1.0883792638778687,
3,1.088377594947815,
1,1.0884050130844116,
0,1.088377594947815,
3,1.088106632232666,
2,1.0881067514419556,
1,1.088106632232666,
0,1.088106632232666,
0,1.088106632232666,
1,1.0881067514419556,
3,1.0881067514419556,
2,1.088106632232666,
0,1.0878208875656128,
3,1.0878208875656128,
1,1.0878208875656128,
2,1.0878208875656128,
2,1.087672472000122,
1,1.087672472000122,
0,1.087672472000122,
3,1.087672472000122,
0,1.087672472000122,
1,1.087672472000122,
2,1.087672472000122,
3,1.087672472000122,
