worker_id,loss,class,skipped
3,10.207682609558105,2,False
0,9.814455032348633,2,False
1,9.015904426574707,6,False
2,8.552603721618652,7,False
2,9.711584091186523,7,False
3,9.242799758911133,1,False
1,12.238004684448242,3,False
0,8.546953201293945,0,False
2,7.266434669494629,1,False
0,9.400527000427246,3,False
1,8.365367889404297,4,False
3,9.534595489501953,2,False
1,8.206831932067871,7,False
3,10.481695175170898,3,False
0,8.265809059143066,3,False
2,9.153937339782715,6,False
3,10.449607849121094,8,False
1,11.265954971313477,8,False
2,8.668323516845703,4,False
0,9.503946304321289,5,False
3,13.37794303894043,0,False
0,11.89660930633545,3,False
1,10.366135597229004,4,False
2,8.313396453857422,9,False
0,11.668778419494629,9,False
1,8.228739738464355,9,False
2,7.691850662231445,2,False
3,8.666061401367188,4,False
3,11.981590270996094,4,False
0,9.316607475280762,0,False
2,12.300739288330078,1,False
1,10.527442932128906,0,False
0,9.030841827392578,6,False
1,9.016082763671875,5,False
3,9.904430389404297,4,False
2,11.461581230163574,1,False
3,11.807989120483398,9,False
0,8.779014587402344,2,False
2,8.56418228149414,1,False
1,11.497451782226562,7,False
3,10.736688613891602,7,False
1,9.070016860961914,1,False
2,10.7593994140625,0,False
0,10.214056968688965,9,False
1,11.667078018188477,7,False
0,10.074758529663086,0,False
3,13.117822647094727,6,False
2,10.404905319213867,0,False
1,9.865604400634766,0,False
3,9.779155731201172,1,False
0,11.353918075561523,2,False
2,6.642649173736572,1,False
1,11.388919830322266,3,False
2,8.990768432617188,0,False
3,9.122217178344727,2,False
0,10.487594604492188,5,False
3,10.045679092407227,5,False
0,9.929362297058105,6,False
2,8.984572410583496,0,False
1,11.068037986755371,0,False
3,11.898125648498535,8,False
2,10.382905006408691,2,False
0,9.28918743133545,8,False
1,8.794418334960938,7,False
0,8.593961715698242,1,False
2,12.251489639282227,8,False
1,8.168807029724121,8,False
3,7.966022968292236,4,False
2,10.35959529876709,0,False
3,8.430081367492676,9,False
1,10.198640823364258,6,False
0,13.193927764892578,0,False
0,9.389577865600586,1,False
2,6.671587944030762,5,False
3,5.496761322021484,8,False
1,13.14297103881836,2,False
2,10.919650077819824,8,False
1,12.857906341552734,3,False
0,12.158681869506836,4,False
3,10.038671493530273,7,False
0,10.75723934173584,7,False
3,8.876228332519531,9,False
1,9.845234870910645,5,False
2,11.887681007385254,3,False
2,8.621740341186523,8,False
3,8.342676162719727,9,False
0,10.775409698486328,3,False
1,10.148515701293945,4,False
3,11.401557922363281,3,False
1,9.343722343444824,2,False
0,10.93217945098877,6,False
2,10.573783874511719,6,False
1,7.356632232666016,7,False
0,8.58360767364502,6,False
2,11.431798934936523,3,False
3,8.949639320373535,7,False
2,11.413045883178711,8,False
1,9.127411842346191,8,False
3,13.61152458190918,2,False
0,7.487495422363281,4,False
0,10.315183639526367,2,False
3,11.186564445495605,4,False
2,9.916444778442383,0,False
1,10.633464813232422,6,False
3,8.352935791015625,6,False
0,10.199864387512207,8,False
1,7.695392608642578,7,False
2,12.023188591003418,0,False
0,8.521455764770508,2,False
3,12.654915809631348,5,False
1,11.508502960205078,3,False
2,9.245198249816895,5,False
2,10.940401077270508,0,False
3,12.662418365478516,2,False
0,9.206260681152344,5,False
1,14.059874534606934,5,False
1,10.795605659484863,9,False
2,10.62674617767334,3,False
0,11.00959587097168,2,False
3,11.095580101013184,8,False
2,12.810514450073242,2,False
1,12.198162078857422,5,False
3,7.270743370056152,6,False
0,12.077417373657227,5,False
1,9.033975601196289,9,False
3,10.6845064163208,8,False
0,13.2214937210083,2,False
2,7.87098503112793,4,False
1,9.795395851135254,1,False
3,10.183635711669922,6,False
0,9.337113380432129,1,False
2,9.592142105102539,3,False
2,9.947380065917969,6,False
1,12.066680908203125,4,False
0,11.731328964233398,4,False
3,12.398515701293945,0,False
3,9.13019847869873,3,False
0,13.680171966552734,3,False
1,9.881584167480469,1,False
2,9.48100471496582,2,False
2,9.697933197021484,4,False
3,14.40118408203125,7,False
1,11.200475692749023,4,False
0,8.061080932617188,9,False
2,8.558746337890625,3,False
0,11.64956283569336,6,False
1,9.389691352844238,2,False
3,10.15402889251709,3,False
1,13.15267276763916,7,False
2,6.796075820922852,1,False
0,8.280313491821289,4,False
3,8.46210765838623,4,False
3,12.677976608276367,3,False
0,10.480916023254395,0,False
1,11.708353996276855,0,False
2,9.452433586120605,0,False
0,7.2843451499938965,4,False
1,11.218119621276855,3,False
3,6.821464538574219,5,False
2,11.559417724609375,8,False
2,9.124425888061523,6,False
3,7.604099750518799,7,False
1,9.401853561401367,7,False
0,11.244682312011719,3,False
3,9.587048530578613,6,False
2,7.567873001098633,9,False
1,11.366872787475586,4,False
0,11.662357330322266,6,False
2,9.94413948059082,9,False
0,11.441116333007812,8,False
1,14.733131408691406,2,False
3,11.866354942321777,3,False
3,11.363678932189941,1,False
0,8.973394393920898,7,False
1,9.98316764831543,6,False
2,13.027153015136719,0,False
0,9.533891677856445,7,False
2,9.715456008911133,0,False
1,9.338065147399902,2,False
3,13.810750961303711,0,False
3,6.350969314575195,9,False
0,8.742807388305664,6,False
2,11.405223846435547,2,False
1,7.998956680297852,9,False
1,7.888492584228516,8,False
3,9.293828964233398,9,False
2,9.158072471618652,6,False
0,14.063672065734863,2,False
0,12.724344253540039,2,False
3,10.977617263793945,5,False
2,12.314895629882812,0,False
1,9.440258026123047,7,False
0,11.434138298034668,9,False
1,7.852516174316406,7,False
2,10.324424743652344,1,False
3,9.653289794921875,2,False
0,7.453614234924316,1,False
3,9.050189971923828,0,False
1,10.757953643798828,0,False
2,10.301342010498047,6,False
3,9.527441024780273,9,False
2,8.919820785522461,0,False
0,10.900015830993652,0,False
1,10.757661819458008,8,False
0,8.281843185424805,1,False
3,9.53911018371582,9,False
1,12.730213165283203,6,False
2,11.408594131469727,3,False
3,7.433509349822998,9,False
1,17.159378051757812,3,False
0,11.957956314086914,8,False
2,9.134246826171875,9,False
2,8.647619247436523,4,False
3,9.157846450805664,7,False
0,14.105624198913574,2,False
1,11.456633567810059,8,False
2,10.512720108032227,2,False
0,8.372891426086426,0,False
1,9.22864055633545,8,False
3,11.278276443481445,9,False
3,10.493295669555664,7,False
1,11.737531661987305,7,False
2,10.330657005310059,8,False
0,9.104057312011719,6,False
3,11.733236312866211,2,False
1,8.21968936920166,9,False
2,11.706600189208984,0,False
0,8.532283782958984,4,False
0,8.797415733337402,1,False
3,9.5576171875,8,False
2,10.724990844726562,1,False
1,6.619198799133301,4,False
0,7.981978416442871,1,False
1,11.398499488830566,3,False
3,9.184417724609375,8,False
2,10.819429397583008,0,False
3,9.818561553955078,5,False
2,10.606346130371094,1,False
0,10.991989135742188,6,False
1,10.369298934936523,9,False
2,9.61501407623291,8,False
0,10.423097610473633,3,False
3,10.316059112548828,5,False
1,14.507122993469238,3,False
1,8.843481063842773,2,False
0,11.796819686889648,0,False
2,11.378915786743164,4,False
3,10.838323593139648,6,False
0,10.73611831665039,2,False
3,13.008434295654297,6,False
2,9.094420433044434,6,False
1,9.336735725402832,5,False
0,6.646657466888428,4,False
2,11.904953002929688,6,False
3,13.941435813903809,8,False
1,8.74327278137207,4,False
3,9.544200897216797,3,False
1,10.638833999633789,4,False
0,11.170964241027832,5,False
2,11.5199556350708,3,False
3,11.324082374572754,9,False
2,10.763287544250488,1,False
0,7.891167163848877,4,False
1,13.309318542480469,2,False
1,10.33846664428711,7,False
0,10.989655494689941,5,False
3,10.946130752563477,9,False
2,11.121186256408691,5,False
2,7.929483890533447,1,False
0,10.515433311462402,0,False
1,9.638426780700684,4,False
3,9.479182243347168,4,False
3,12.597118377685547,7,False
1,7.517614364624023,0,False
2,8.255548477172852,5,False
0,8.693649291992188,5,False
0,12.114371299743652,3,False
1,12.31212043762207,8,False
2,6.0605974197387695,9,False
3,10.114805221557617,3,False
0,11.998916625976562,2,False
2,10.488704681396484,1,False
3,10.666085243225098,5,False
1,8.975358963012695,9,False
3,9.5926513671875,7,False
2,10.37377643585205,5,False
1,8.231613159179688,5,False
0,9.81804370880127,5,False
1,8.727691650390625,7,False
3,9.643798828125,8,False
2,9.950727462768555,5,False
0,10.70248794555664,9,False
0,13.132646560668945,5,False
2,8.861474990844727,3,False
1,7.275787353515625,1,False
3,8.982414245605469,9,False
0,10.878007888793945,2,False
1,11.7960844039917,0,False
2,8.86075496673584,8,False
3,12.404027938842773,3,False
3,8.76019287109375,7,False
2,11.57986831665039,5,False
0,11.367549896240234,2,False
1,8.026878356933594,4,False
3,8.088079452514648,7,False
2,13.358959197998047,2,False
1,9.248607635498047,7,False
0,7.280007362365723,1,False
3,7.129857540130615,9,False
0,8.71334457397461,7,False
2,9.312294006347656,0,False
1,10.114778518676758,4,False
2,9.653772354125977,4,False
0,11.607511520385742,0,False
3,13.632692337036133,5,False
1,9.659038543701172,5,False
1,12.219364166259766,2,False
0,10.693042755126953,2,False
2,11.609322547912598,7,False
3,10.191115379333496,2,False
2,8.64944076538086,2,False
3,12.121465682983398,3,False
1,7.671124458312988,9,False
0,9.508951187133789,6,False
2,12.628338813781738,8,False
1,10.292024612426758,4,False
3,13.331588745117188,2,False
0,8.92747688293457,4,False
3,10.172389030456543,2,False
2,8.701709747314453,1,False
1,11.885262489318848,5,False
0,7.22817325592041,6,False
3,11.638887405395508,8,False
0,11.30166244506836,3,False
1,7.129230499267578,8,False
2,10.411222457885742,2,False
3,12.254316329956055,8,False
0,8.108321189880371,6,False
2,7.067472457885742,1,False
1,8.68043327331543,4,False
3,9.874388694763184,6,False
2,9.439538955688477,5,False
1,9.101835250854492,6,False
0,10.361109733581543,3,False
0,12.471595764160156,3,False
1,9.20445442199707,9,False
2,8.099525451660156,4,False
3,9.971774101257324,4,False
1,7.479624271392822,4,False
0,9.920088768005371,1,False
3,9.126007080078125,8,False
2,8.734930992126465,4,False
0,14.09581184387207,2,False
2,8.2440824508667,1,False
1,11.985222816467285,3,False
3,9.860260963439941,9,False
3,12.467035293579102,7,False
2,9.144558906555176,7,False
0,8.792154312133789,4,False
1,9.314998626708984,7,False
3,9.335529327392578,1,False
2,8.455560684204102,8,False
0,10.193584442138672,0,False
1,12.512229919433594,4,False
3,9.00383186340332,7,False
2,10.166511535644531,6,False
1,7.195103645324707,8,False
0,9.196426391601562,7,False
1,6.416714668273926,1,False
2,9.04433822631836,0,False
0,12.439338684082031,3,False
3,7.146500587463379,5,False
0,10.453157424926758,0,False
1,8.841695785522461,8,False
2,11.439788818359375,0,False
3,11.741083145141602,2,False
0,10.387140274047852,8,False
3,10.46762466430664,2,False
2,12.719331741333008,6,False
1,8.52063274383545,3,False
1,11.107993125915527,0,False
3,8.887029647827148,3,False
2,11.835760116577148,2,False
0,10.847049713134766,1,False
0,11.275627136230469,1,False
3,9.467159271240234,3,False
2,9.042062759399414,0,False
1,16.78516387939453,2,False
0,12.734941482543945,8,False
3,10.290843963623047,1,False
2,12.32900333404541,8,False
1,9.44810676574707,7,False
2,6.480216979980469,0,False
0,12.197693824768066,4,False
1,7.169948101043701,5,False
3,7.709205150604248,4,False
3,10.77154541015625,6,False
2,12.090024948120117,2,False
1,9.490911483764648,1,False
0,12.752771377563477,2,False
0,8.985122680664062,0,False
2,9.375917434692383,4,False
3,10.181846618652344,6,False
1,10.727516174316406,4,False
2,7.385895729064941,1,False
0,11.135015487670898,1,False
1,8.423338890075684,4,False
3,8.901037216186523,9,False
3,10.493913650512695,0,False
0,6.992688179016113,1,False
1,10.07092571258545,9,False
2,8.757744789123535,1,False
3,11.310419082641602,0,False
1,10.007017135620117,6,False
0,11.616170883178711,6,False
2,7.336435317993164,5,False
2,8.303033828735352,0,False
3,9.376274108886719,5,False
0,11.255642890930176,2,False
1,8.508837699890137,4,False
0,10.99236011505127,0,False
1,9.87971305847168,8,False
2,9.512718200683594,3,False
3,8.246435165405273,5,False
1,9.05233383178711,3,False
2,12.061962127685547,5,False
0,6.801969051361084,4,False
3,8.732633590698242,9,False
1,10.623490333557129,6,False
3,9.512308120727539,4,False
0,12.108390808105469,8,False
2,12.356534957885742,2,False
1,8.18183708190918,8,False
3,11.317651748657227,0,False
2,11.053930282592773,2,False
0,9.147425651550293,5,False
0,10.591251373291016,1,False
2,9.346975326538086,8,False
3,9.430093765258789,8,False
1,10.824594497680664,1,False
0,8.791728973388672,1,False
3,10.904692649841309,1,False
2,9.581674575805664,0,False
1,7.786824703216553,4,False
0,10.348203659057617,1,False
2,12.797203063964844,2,False
3,10.767913818359375,0,False
1,6.94580078125,4,False
1,10.64355182647705,3,False
2,9.192670822143555,9,False
0,11.484258651733398,5,False
3,8.874629020690918,4,False
3,12.242045402526855,8,False
0,10.500404357910156,9,False
1,11.440773010253906,5,False
2,9.39434814453125,9,False
2,10.483564376831055,3,False
3,9.506418228149414,3,False
1,9.964303970336914,5,False
0,7.89393424987793,6,False
0,11.709932327270508,6,False
1,11.127328872680664,8,False
3,9.904788970947266,0,False
2,10.642138481140137,4,False
3,13.724506378173828,2,False
0,8.665101051330566,9,False
1,8.390122413635254,4,False
2,13.730608940124512,2,False
3,7.025472640991211,9,False
0,11.982274055480957,8,False
2,9.327067375183105,4,False
1,11.03218936920166,5,False
0,11.082056999206543,4,False
1,11.256101608276367,2,False
2,10.132991790771484,8,False
3,7.872993469238281,6,False
2,12.708202362060547,7,False
3,10.16908073425293,9,False
0,8.24626350402832,9,False
1,10.42792797088623,9,False
3,6.65753173828125,6,False
0,10.033161163330078,6,False
1,11.64529800415039,6,False
2,8.890264511108398,6,False
1,8.656370162963867,8,False
2,13.50307846069336,3,False
3,8.028979301452637,0,False
0,13.34836196899414,5,False
3,9.338354110717773,0,False
0,12.14610481262207,1,False
2,8.305410385131836,4,False
1,8.65693473815918,9,False
1,8.325667381286621,1,False
0,10.432538986206055,2,False
3,15.202921867370605,0,False
2,11.575910568237305,0,False
1,9.979839324951172,4,False
3,9.082473754882812,7,False
2,9.466029167175293,3,False
0,11.782879829406738,0,False
2,10.031268119812012,5,False
1,9.556374549865723,9,False
3,15.569104194641113,2,False
0,11.21005916595459,0,False
0,7.711882591247559,4,False
2,10.229708671569824,0,False
3,12.771157264709473,8,False
1,9.101042747497559,1,False
3,10.143957138061523,8,False
1,9.28219985961914,6,False
2,8.29138469696045,3,False
0,11.041135787963867,4,False
0,10.945060729980469,2,False
1,9.478736877441406,6,False
3,10.588482856750488,2,False
2,8.417319297790527,9,False
0,10.456657409667969,1,False
2,9.52485466003418,4,False
3,8.964677810668945,0,False
1,7.790915489196777,8,False
0,11.598672866821289,1,False
1,8.704337120056152,8,False
3,8.825836181640625,4,False
2,7.799805164337158,9,False
3,11.15403938293457,2,False
0,12.298040390014648,3,False
1,12.49868392944336,5,False
2,10.14346694946289,8,False
1,9.570592880249023,1,False
2,8.953258514404297,6,False
0,11.01458740234375,5,False
3,10.402688980102539,8,False
3,8.82342529296875,1,False
0,8.367385864257812,5,False
1,12.587228775024414,3,False
2,8.698028564453125,7,False
3,13.087453842163086,6,False
1,12.834227561950684,3,False
0,14.00920295715332,2,False
2,8.857152938842773,1,False
0,11.868492126464844,2,False
1,10.208724975585938,2,False
2,10.865131378173828,5,False
3,10.862199783325195,1,False
1,12.561664581298828,6,False
3,10.325033187866211,4,False
2,9.690674781799316,8,False
0,12.437518119812012,8,False
2,11.426319122314453,5,False
3,8.055700302124023,6,False
1,9.897125244140625,3,False
0,10.060310363769531,8,False
1,10.80498218536377,7,False
2,8.119583129882812,5,False
0,8.568658828735352,5,False
3,8.69182014465332,7,False
3,9.744165420532227,1,False
2,9.699104309082031,7,False
1,8.271573066711426,5,False
0,10.596725463867188,5,False
0,9.991888999938965,1,False
1,11.750093460083008,3,False
3,10.658073425292969,9,False
2,13.22289752960205,4,False
3,10.198482513427734,2,False
0,9.04379653930664,5,False
2,7.708707332611084,9,False
1,8.385370254516602,1,False
1,9.751112937927246,3,False
3,8.746217727661133,8,False
2,10.012823104858398,7,False
0,8.351304054260254,1,False
3,7.161947250366211,1,False
1,11.80639934539795,6,False
0,9.043550491333008,9,False
2,8.406272888183594,6,False
0,10.509714126586914,5,False
3,10.816591262817383,5,False
2,10.408653259277344,7,False
1,15.5722017288208,2,False
1,9.458643913269043,0,False
0,9.269134521484375,5,False
2,10.444036483764648,1,False
3,9.045828819274902,4,False
0,11.25843620300293,6,False
1,15.180458068847656,3,False
3,11.18108081817627,0,False
2,10.660284996032715,1,False
3,8.220823287963867,1,False
0,9.103713989257812,5,False
2,11.581066131591797,5,False
1,12.575416564941406,2,False
3,8.052566528320312,3,False
1,9.487417221069336,0,False
0,10.289989471435547,4,False
2,9.065568923950195,4,False
0,8.405817985534668,1,False
3,15.504263877868652,0,False
2,9.156113624572754,5,False
1,11.18492317199707,2,False
2,9.807979583740234,7,False
1,10.052175521850586,2,False
3,9.381413459777832,6,False
0,11.245975494384766,0,False
2,7.039309024810791,4,False
1,7.538541316986084,9,False
0,7.518096446990967,5,False
3,9.342939376831055,1,False
2,7.573341369628906,9,False
3,12.598087310791016,8,False
0,7.978618621826172,6,False
1,10.682806968688965,5,False
0,8.77096939086914,7,False
2,9.914092063903809,2,False
3,8.96737289428711,4,False
1,7.6954755783081055,7,False
3,7.895867347717285,4,False
1,9.746293067932129,8,False
0,8.381000518798828,9,False
2,8.854122161865234,0,False
1,6.326735019683838,4,False
0,6.546792507171631,9,False
2,9.338142395019531,7,False
3,8.656002044677734,6,False
2,12.307955741882324,6,False
3,8.44981575012207,2,False
0,7.91458797454834,9,False
1,6.508456707000732,4,False
2,15.231870651245117,6,False
3,9.59683609008789,5,False
0,10.638362884521484,5,False
1,10.312421798706055,2,False
0,10.980588912963867,8,False
2,8.825494766235352,9,False
1,9.394317626953125,2,False
3,11.543672561645508,7,False
0,11.383687973022461,3,False
1,7.591399192810059,1,False
3,10.221290588378906,9,False
2,12.912078857421875,8,False
3,7.923476219177246,0,False
2,7.211458206176758,1,False
0,10.136798858642578,2,False
1,10.186187744140625,0,False
3,10.298982620239258,0,False
1,9.489812850952148,6,False
0,12.288446426391602,6,False
2,12.426610946655273,8,False
3,14.552162170410156,3,False
2,10.20698356628418,5,False
1,10.46422004699707,0,False
0,7.704029083251953,4,False
1,11.846150398254395,5,False
0,13.118730545043945,3,False
2,12.46743392944336,2,False
3,9.52060317993164,4,False
0,9.768041610717773,4,False
1,11.509305953979492,2,False
2,10.084774017333984,1,False
3,9.734747886657715,0,False
2,13.11491584777832,8,False
0,8.795594215393066,5,False
1,11.939197540283203,6,False
3,8.338028907775879,5,False
2,8.791692733764648,6,False
3,11.172374725341797,4,False
1,8.975761413574219,7,False
0,12.165440559387207,2,False
3,8.544034957885742,6,False
2,10.774060249328613,7,False
1,9.318370819091797,3,False
0,9.372743606567383,8,False
2,8.388813018798828,5,False
0,9.035639762878418,7,False
1,9.716732025146484,1,False
3,9.84736156463623,4,False
2,9.082101821899414,1,False
0,7.760747909545898,5,False
1,11.06513786315918,5,False
3,6.6040754318237305,8,False
0,10.280622482299805,4,False
2,9.45111083984375,6,False
1,11.906787872314453,0,False
3,8.168560981750488,0,False
0,7.0647993087768555,4,False
3,9.10839557647705,4,False
2,7.728038787841797,8,False
1,10.506288528442383,7,False
1,7.082851409912109,9,False
0,10.522157669067383,6,False
2,8.860920906066895,2,False
3,10.031923294067383,8,False
3,7.798377990722656,1,False
2,9.351234436035156,2,False
0,9.943280220031738,5,False
1,9.093025207519531,8,False
1,15.272819519042969,2,False
3,9.17265510559082,6,False
0,13.18312931060791,0,False
2,9.142904281616211,6,False
3,6.724644660949707,4,False
0,10.824652671813965,3,False
1,9.109254837036133,9,False
2,11.611370086669922,2,False
0,10.479848861694336,4,False
2,9.759613990783691,3,False
1,9.55748176574707,6,False
3,10.53602409362793,3,False
3,13.23094367980957,2,False
0,10.592945098876953,9,False
1,7.11634635925293,4,False
2,8.67252254486084,3,False
2,7.236525535583496,9,False
3,10.043512344360352,6,False
1,11.420854568481445,2,False
0,12.046101570129395,0,False
3,10.264795303344727,9,False
2,11.242485046386719,3,False
1,9.078099250793457,1,False
0,12.230239868164062,2,False
3,8.931097030639648,1,False
0,9.781045913696289,2,False
2,10.163548469543457,6,False
1,10.616366386413574,7,False
2,11.083194732666016,2,False
1,10.191671371459961,0,False
0,7.527896404266357,4,False
3,9.9091796875,3,False
0,8.285348892211914,1,False
1,10.88824462890625,8,False
2,7.8769378662109375,1,False
3,10.970630645751953,5,False
0,9.249374389648438,8,False
2,6.4369707107543945,6,False
1,10.278185844421387,1,False
3,12.169368743896484,0,False
3,5.571197509765625,1,False
0,8.328792572021484,3,False
2,7.827339172363281,5,False
1,14.353341102600098,3,False
1,6.582573890686035,9,False
3,9.30477523803711,4,False
0,12.937826156616211,8,False
2,8.842966079711914,6,False
1,12.618677139282227,2,False
3,10.784262657165527,0,False
2,8.464276313781738,4,False
0,11.895565032958984,2,False
3,11.428048133850098,3,False
0,7.586841106414795,4,False
2,13.68411922454834,0,False
1,10.02775764465332,0,False
0,10.315061569213867,0,False
3,9.973515510559082,0,False
1,15.141958236694336,6,False
2,8.612245559692383,4,False
3,8.347915649414062,9,False
2,8.854421615600586,5,False
0,11.412376403808594,6,False
1,13.588948249816895,8,False
1,10.87986946105957,8,False
2,7.178884506225586,1,False
0,10.8905611038208,1,False
3,12.324712753295898,2,False
1,13.980886459350586,2,False
3,10.825145721435547,6,False
0,9.869112968444824,1,False
2,7.931224346160889,9,False
2,11.393184661865234,6,False
0,8.009503364562988,7,False
1,9.215579986572266,7,False
3,7.961862087249756,7,False
3,10.734663009643555,2,False
1,8.9625883102417,1,False
0,11.383262634277344,2,False
2,14.117022514343262,4,False
0,9.759913444519043,1,False
3,13.160919189453125,3,False
2,8.125604629516602,9,False
1,9.427276611328125,6,False
3,10.73879623413086,9,False
0,9.506418228149414,1,False
1,8.451584815979004,5,False
2,8.771454811096191,4,False
0,10.882155418395996,3,False
1,9.767435073852539,4,False
3,10.242774963378906,2,False
2,13.75664234161377,8,False
1,11.955005645751953,2,False
3,9.240584373474121,7,False
0,11.1268310546875,3,False
2,10.746881484985352,6,False
0,11.186767578125,8,False
3,10.169032096862793,5,False
1,8.115472793579102,9,False
2,10.741714477539062,9,False
1,12.040070533752441,0,False
2,9.362556457519531,4,False
3,10.61788558959961,8,False
0,7.615440845489502,9,False
0,12.904783248901367,2,False
3,7.833282470703125,5,False
2,10.017162322998047,8,False
1,10.609161376953125,6,False
0,10.68189525604248,0,False
3,8.943061828613281,1,False
2,10.358108520507812,7,False
1,11.574533462524414,4,False
1,10.350990295410156,4,False
2,10.869234085083008,6,False
0,10.638813972473145,3,False
3,9.85392951965332,4,False
2,9.593164443969727,4,False
0,9.023971557617188,6,False
1,9.171194076538086,3,False
3,11.994175910949707,6,False
0,9.370104789733887,0,False
2,7.4369001388549805,9,False
3,8.506412506103516,0,False
1,7.291067600250244,1,False
3,9.361917495727539,5,False
2,13.771463394165039,1,False
1,7.900763511657715,1,False
0,7.335981369018555,1,False
3,8.782522201538086,5,False
2,9.112381935119629,4,False
1,6.8565168380737305,2,False
0,9.678495407104492,1,False
2,9.188352584838867,4,False
1,9.251176834106445,1,False
3,6.359028339385986,8,False
0,11.388057708740234,2,False
0,10.034860610961914,6,False
3,7.997668266296387,9,False
2,10.81483268737793,0,False
1,8.18702507019043,8,False
2,9.633310317993164,1,False
0,12.313516616821289,2,False
1,6.764097690582275,4,False
3,9.90313720703125,8,False
1,13.938041687011719,2,False
3,12.410551071166992,5,False
2,10.73592472076416,9,False
0,10.354405403137207,1,False
2,5.912977695465088,9,False
1,12.55125617980957,6,False
0,8.45865249633789,1,False
3,10.201277732849121,4,False
2,9.385717391967773,7,False
3,7.427599906921387,1,False
1,12.732011795043945,2,False
0,10.083157539367676,5,False
3,8.987293243408203,0,False
0,10.747401237487793,0,False
2,9.351932525634766,5,False
1,6.323750972747803,9,False
0,12.30042839050293,6,False
2,11.30226993560791,2,False
1,9.011518478393555,6,False
3,11.547538757324219,3,False
0,9.365141868591309,4,False
2,8.396286010742188,9,False
1,8.462928771972656,9,False
3,8.885225296020508,9,False
2,11.101338386535645,3,False
1,8.559694290161133,5,False
3,9.365236282348633,1,False
0,10.504990577697754,3,False
2,11.384876251220703,2,False
0,6.459412574768066,6,False
3,13.99598503112793,0,False
1,10.83616828918457,5,False
1,9.199217796325684,1,False
0,10.976552963256836,2,False
2,10.044832229614258,1,False
3,10.008279800415039,5,False
3,9.456022262573242,3,False
0,10.07872200012207,5,False
2,8.265966415405273,5,False
1,13.967241287231445,2,False
0,9.2998046875,5,False
3,10.941812515258789,2,False
2,8.140989303588867,0,False
1,8.49681282043457,9,False
0,10.365610122680664,5,False
2,7.992188453674316,5,False
1,9.578324317932129,4,False
3,10.398575782775879,3,False
2,11.382230758666992,1,False
3,11.818401336669922,3,False
1,6.931182384490967,1,False
0,7.99855899810791,4,False
3,8.275081634521484,8,False
2,11.803506851196289,6,False
1,11.457267761230469,2,False
0,10.00566577911377,5,False
0,8.31810474395752,3,False
3,10.53109073638916,5,False
1,9.489736557006836,7,False
2,9.000316619873047,8,False
2,9.978750228881836,3,False
3,6.95317268371582,1,False
0,9.158552169799805,8,False
1,10.070064544677734,6,False
3,7.417235374450684,1,False
0,10.978338241577148,3,False
2,13.821048736572266,3,False
1,10.584480285644531,5,False
3,14.317636489868164,3,False
2,8.7383394241333,4,False
0,12.213760375976562,6,False
1,9.26077651977539,1,False
0,8.783379554748535,7,False
2,9.193177223205566,4,False
1,8.37464714050293,1,False
3,9.323639869689941,2,False
3,10.666852951049805,6,False
1,12.708478927612305,0,False
0,12.317444801330566,0,False
2,8.228219985961914,6,False
3,9.89652156829834,3,False
1,12.079432487487793,8,False
2,8.454291343688965,1,False
0,12.47803783416748,4,False
0,11.306011199951172,9,False
1,9.302539825439453,0,False
2,7.264261722564697,1,False
3,9.045549392700195,4,False
3,8.154970169067383,1,False
0,9.512452125549316,9,False
2,11.446722984313965,0,False
1,7.258131980895996,1,False
2,11.25410270690918,6,False
0,10.807090759277344,0,False
1,9.619546890258789,8,False
3,7.139764785766602,1,False
3,7.682956695556641,9,False
1,13.778191566467285,3,False
2,7.502096176147461,1,False
0,8.044663429260254,5,False
0,7.565223217010498,4,False
1,11.325008392333984,8,False
2,9.547414779663086,4,False
3,12.204612731933594,0,False
3,8.787558555603027,5,False
2,11.667463302612305,2,False
0,9.440836906433105,7,False
1,7.960259914398193,4,False
1,13.519936561584473,3,False
3,8.747166633605957,8,False
0,7.767625331878662,1,False
2,12.55980110168457,1,False
2,11.966370582580566,5,False
3,10.889229774475098,0,False
1,11.721824645996094,3,False
0,11.246725082397461,0,False
3,10.001649856567383,5,False
0,11.347993850708008,3,False
2,10.47584056854248,8,False
1,9.317278861999512,3,False
2,8.334400177001953,0,False
1,10.330425262451172,3,False
3,12.284557342529297,1,False
0,6.93553352355957,1,False
0,12.499414443969727,8,False
2,8.60772705078125,7,False
1,6.581630706787109,4,False
3,5.813055515289307,8,False
1,7.381999492645264,7,False
0,8.481409072875977,5,False
2,11.904105186462402,6,False
3,8.36098575592041,9,False
2,10.030078887939453,6,False
1,10.07460880279541,4,False
3,7.9076128005981445,6,False
0,8.18967056274414,7,False
3,10.060983657836914,7,False
2,8.936238288879395,7,False
0,9.199431419372559,3,False
1,9.162967681884766,0,False
3,14.331880569458008,2,False
0,9.880600929260254,3,False
1,11.68484878540039,2,False
2,10.737759590148926,2,False
1,10.220175743103027,3,False
2,8.811555862426758,8,False
3,7.606161594390869,4,False
0,8.247824668884277,0,False
2,9.483232498168945,7,False
1,10.185341835021973,0,False
0,7.7701263427734375,4,False
3,7.726648330688477,1,False
0,10.49184799194336,4,False
1,8.825639724731445,9,False
3,10.099559783935547,3,False
2,9.720047950744629,0,False
3,11.682065963745117,3,False
0,8.830480575561523,5,False
1,9.387163162231445,1,False
2,9.824335098266602,0,False
2,7.978272914886475,1,False
1,9.416739463806152,6,False
0,8.274717330932617,4,False
3,9.575650215148926,5,False
3,10.435371398925781,5,False
1,9.46369743347168,7,False
0,11.294578552246094,0,False
2,11.938486099243164,3,False
3,9.910274505615234,2,False
2,7.559623718261719,1,False
1,7.999279975891113,3,False
0,12.040518760681152,5,False
2,9.356858253479004,1,False
0,9.491683959960938,8,False
3,13.648056983947754,0,False
1,10.126218795776367,0,False
2,14.855173110961914,2,False
1,12.907690048217773,2,False
0,11.552017211914062,0,False
3,11.95875358581543,3,False
0,15.789956092834473,2,False
1,8.093307495117188,1,False
3,8.645486831665039,4,False
2,8.359030723571777,4,False
3,6.8597731590271,4,False
1,10.73646354675293,2,False
0,8.935596466064453,4,False
2,10.595369338989258,3,False
0,15.358240127563477,2,False
3,12.251948356628418,0,False
1,13.40114688873291,3,False
2,7.82407283782959,2,False
2,11.059945106506348,1,False
3,9.067256927490234,4,False
1,10.05295181274414,4,False
0,10.221231460571289,8,False
1,10.680795669555664,8,False
0,12.706449508666992,0,False
2,13.596176147460938,2,False
3,12.52828598022461,6,False
2,11.705408096313477,2,False
3,9.99935245513916,7,False
1,11.51161003112793,8,False
0,8.709901809692383,4,False
1,11.723002433776855,7,False
2,8.660747528076172,7,False
0,11.023877143859863,8,False
3,11.900068283081055,1,False
0,12.118001937866211,3,False
1,10.86710262298584,6,False
3,10.555193901062012,4,False
2,12.079469680786133,2,False
3,11.952173233032227,8,False
0,10.920270919799805,5,False
1,8.485960006713867,7,False
2,8.869123458862305,6,False
2,8.02584171295166,6,False
3,10.792057991027832,5,False
1,8.144966125488281,8,False
0,10.199811935424805,2,False
2,10.246055603027344,0,False
3,13.758455276489258,2,False
0,8.56217098236084,5,False
1,10.840697288513184,0,False
2,10.455175399780273,2,False
0,9.075455665588379,0,False
1,8.977731704711914,9,False
3,6.869418621063232,4,False
2,13.010429382324219,8,False
0,9.212157249450684,8,False
1,9.379133224487305,6,False
3,8.464808464050293,5,False
3,9.912007331848145,1,False
1,10.323027610778809,5,False
0,11.812398910522461,1,False
2,10.483983039855957,0,False
3,8.681207656860352,1,False
1,9.217413902282715,7,False
0,10.062742233276367,4,False
2,9.888619422912598,3,False
3,11.959693908691406,2,False
2,10.502845764160156,2,False
0,7.604124069213867,4,False
1,8.505834579467773,8,False
2,6.579031944274902,8,False
3,9.558429718017578,5,False
1,11.930150985717773,1,False
0,12.446155548095703,3,False
3,9.539073944091797,8,False
1,13.069352149963379,8,False
2,8.04621410369873,6,False
0,11.611254692077637,3,False
1,8.915779113769531,4,False
0,8.438834190368652,8,False
2,7.677767276763916,7,False
3,6.327164173126221,9,False
2,11.907646179199219,3,False
3,9.699509620666504,3,False
1,12.95930290222168,0,False
0,8.179758071899414,1,False
0,11.848922729492188,0,False
3,10.727409362792969,0,False
1,10.659781455993652,7,False
2,6.758331298828125,2,False
3,10.139230728149414,8,False
0,12.230632781982422,3,False
2,10.038853645324707,4,False
1,9.547773361206055,4,False
3,11.234275817871094,7,False
2,10.955965042114258,0,False
0,9.563240051269531,6,False
1,8.27621078491211,1,False
3,8.578826904296875,4,False
2,16.881919860839844,8,False
0,14.591293334960938,2,False
1,9.778602600097656,7,False
3,10.527612686157227,6,False
2,7.150219917297363,5,False
0,9.25886344909668,7,False
1,10.530843734741211,9,False
2,7.761697769165039,7,False
0,9.627544403076172,4,False
1,11.961353302001953,5,False
3,13.585845947265625,3,False
0,10.067333221435547,7,False
1,10.31384563446045,3,False
3,13.071296691894531,0,False
2,6.496579170227051,9,False
1,10.014397621154785,9,False
3,8.62575912475586,2,False
0,8.868800163269043,1,False
2,10.873198509216309,0,False
3,10.919975280761719,3,False
1,11.035667419433594,4,False
2,8.459409713745117,8,False
0,12.782613754272461,2,False
3,9.777814865112305,8,False
2,9.049676895141602,5,False
1,8.39074993133545,4,False
0,12.15882396697998,8,False
2,9.567618370056152,3,False
3,7.785411834716797,1,False
0,12.036924362182617,0,False
1,10.460152626037598,0,False
3,9.244132995605469,7,False
1,8.902290344238281,6,False
0,8.334253311157227,9,False
2,10.235710144042969,9,False
1,10.222719192504883,3,False
2,7.881990432739258,9,False
0,8.623138427734375,9,False
3,8.883201599121094,8,False
0,8.610258102416992,6,False
1,13.353788375854492,0,False
3,11.150416374206543,7,False
2,12.197442054748535,3,False
1,10.622581481933594,8,False
3,11.21293830871582,5,False
0,9.408608436584473,8,False
2,9.965669631958008,0,False
2,13.143255233764648,2,False
3,11.821495056152344,2,False
1,11.715137481689453,2,False
0,11.829082489013672,0,False
0,9.257584571838379,8,False
2,12.061601638793945,2,False
3,9.402085304260254,4,False
1,8.12768268585205,1,False
3,7.651758193969727,1,False
1,9.93325138092041,9,False
0,10.289241790771484,0,False
2,9.080580711364746,4,False
2,10.526561737060547,7,False
0,8.089184761047363,8,False
1,9.177181243896484,6,False
3,11.62860107421875,2,False
3,5.677620887756348,1,False
2,9.714223861694336,2,False
0,10.429253578186035,2,False
1,5.314463138580322,9,False
1,11.1777925491333,6,False
3,6.760740280151367,9,False
0,10.210533142089844,4,False
2,8.752059936523438,4,False
2,11.739442825317383,3,False
3,11.024913787841797,5,False
1,8.09752082824707,9,False
0,8.239999771118164,9,False
3,12.096023559570312,8,False
0,8.2669038772583,9,False
2,11.584829330444336,5,False
1,11.727002143859863,6,False
2,8.424348831176758,5,False
3,9.866708755493164,6,False
1,10.845369338989258,5,False
0,10.452435493469238,6,False
0,13.944305419921875,2,False
1,11.09823226928711,6,False
2,10.949875831604004,1,False
3,9.47751235961914,7,False
3,9.451028823852539,5,False
1,9.33293342590332,8,False
2,10.11436653137207,1,False
0,9.461494445800781,6,False
3,8.780228614807129,6,False
0,14.154794692993164,4,False
1,9.962977409362793,5,False
2,9.811490058898926,3,False
2,10.64132308959961,9,False
3,6.67706298828125,1,False
1,9.381753921508789,4,False
0,12.053607940673828,1,False
2,10.335617065429688,7,False
3,7.483652114868164,9,False
0,12.441762924194336,2,False
1,8.335823059082031,9,False
0,10.81824779510498,2,False
2,13.535371780395508,0,False
3,8.495013236999512,1,False
1,13.707010269165039,3,False
0,7.944764614105225,3,False
3,7.695523738861084,9,False
2,11.673591613769531,8,False
1,9.476846694946289,7,False
0,11.26518440246582,8,False
1,9.59062671661377,1,False
2,8.056381225585938,0,False
3,7.854288101196289,5,False
0,10.421144485473633,5,False
3,11.054266929626465,7,False
1,16.966344833374023,3,False
2,7.662258625030518,1,False
1,10.654316902160645,8,False
3,12.762380599975586,0,False
0,8.307235717773438,8,False
2,12.397356033325195,6,False
3,7.011713027954102,1,False
2,9.18700885772705,1,False
0,6.723578453063965,1,False
1,11.328137397766113,1,False
2,10.592920303344727,6,False
3,8.53154468536377,9,False
1,11.834487915039062,3,False
0,12.79892635345459,8,False
1,11.176482200622559,0,False
3,9.61479377746582,9,False
0,8.739545822143555,4,False
2,9.112771987915039,7,False
2,10.254953384399414,8,False
1,6.191742897033691,7,False
0,12.5303955078125,3,False
3,8.720026016235352,7,False
0,8.923763275146484,0,False
3,8.064996719360352,1,False
1,8.952259063720703,8,False
2,8.363191604614258,9,False
3,12.051498413085938,8,False
2,11.01788330078125,6,False
0,6.971565246582031,5,False
1,8.45227336883545,1,False
3,11.357434272766113,3,False
0,10.23837661743164,2,False
2,12.137079238891602,2,False
1,9.016200065612793,7,False
2,8.670839309692383,2,False
1,9.52130126953125,5,False
0,12.410543441772461,0,False
3,9.026447296142578,3,False
1,5.8712873458862305,1,False
2,15.029813766479492,2,False
3,8.11566162109375,4,False
0,9.966891288757324,7,False
2,10.484651565551758,1,False
1,11.700967788696289,8,False
3,9.0980806350708,7,False
0,10.738142967224121,0,False
0,6.9165802001953125,0,False
1,8.7406587600708,2,False
2,9.07845687866211,8,False
3,11.755070686340332,8,False
2,11.248579025268555,5,False
0,9.524446487426758,7,False
1,10.614967346191406,2,False
3,10.439550399780273,2,False
3,9.436433792114258,0,False
0,12.68526554107666,7,False
2,8.849794387817383,7,False
1,12.222692489624023,7,False
3,13.976661682128906,3,False
2,9.092370986938477,5,False
1,11.189261436462402,3,False
0,10.518808364868164,7,False
2,12.918084144592285,5,False
3,9.778254508972168,1,False
0,10.538200378417969,0,False
1,8.179065704345703,4,False
2,8.653822898864746,3,False
0,11.864867210388184,1,False
1,11.43736457824707,5,False
3,9.72787857055664,6,False
1,9.007614135742188,9,False
2,7.008069038391113,5,False
0,6.685694694519043,4,False
3,8.18785285949707,1,False
0,10.148910522460938,2,False
1,8.970237731933594,0,False
2,11.091279983520508,2,False
3,11.098054885864258,3,False
3,13.529208183288574,3,False
0,9.606498718261719,1,False
2,10.592782020568848,7,False
1,14.709348678588867,2,False
2,7.085437297821045,1,False
1,10.671391487121582,2,False
0,11.424210548400879,1,False
3,12.071502685546875,2,False
3,10.836265563964844,4,False
2,6.6365156173706055,4,False
1,9.692463874816895,6,False
0,11.643224716186523,5,False
2,8.500617027282715,5,False
1,9.341384887695312,3,False
3,13.921723365783691,2,False
0,10.033935546875,7,False
0,11.14903450012207,1,False
3,10.55976676940918,6,False
2,6.622507095336914,1,False
1,13.51227855682373,4,False
0,9.449380874633789,9,False
3,11.491371154785156,3,False
1,14.485482215881348,3,False
2,11.618141174316406,2,False
1,9.649654388427734,7,False
2,13.339040756225586,3,False
0,7.738044261932373,9,False
3,8.154731750488281,9,False
0,9.522005081176758,6,False
3,10.657747268676758,2,False
1,7.981493949890137,8,False
2,7.247708797454834,4,False
3,9.048759460449219,1,False
0,10.997041702270508,6,False
2,9.606400489807129,8,False
1,10.548039436340332,4,False
3,8.07555103302002,1,False
2,10.050756454467773,8,False
0,7.4887189865112305,4,False
1,8.427520751953125,0,False
1,10.945745468139648,1,False
3,13.285969734191895,8,False
2,9.887691497802734,8,False
0,12.070940017700195,5,False
0,8.74207878112793,5,False
1,8.81344223022461,6,False
2,12.487747192382812,2,False
3,10.445075035095215,0,False
3,13.365204811096191,3,False
2,11.243721961975098,7,False
0,10.408872604370117,0,False
1,8.692909240722656,8,False
1,8.545587539672852,8,False
2,7.946774482727051,1,False
3,9.553312301635742,5,False
0,10.200577735900879,4,False
3,10.27202033996582,1,False
1,12.94077205657959,7,False
0,10.421151161193848,6,False
2,10.722321510314941,8,False
3,9.936426162719727,9,False
0,7.222006797790527,4,False
2,9.675601959228516,8,False
1,10.318328857421875,7,False
3,10.191524505615234,8,False
0,10.744974136352539,1,False
2,14.100899696350098,5,False
1,8.856128692626953,1,False
1,13.286916732788086,2,False
2,9.590461730957031,8,False
3,10.444540023803711,6,False
0,10.549739837646484,7,False
3,11.114956855773926,3,False
2,8.43540096282959,6,False
0,9.05599594116211,8,False
1,10.377654075622559,3,False
3,7.194475173950195,9,False
0,8.360530853271484,9,False
1,14.572554588317871,2,False
2,8.68732738494873,5,False
2,10.139298439025879,5,False
0,14.054614067077637,2,False
3,13.525196075439453,0,False
1,10.72458267211914,1,False
1,11.234682083129883,0,False
0,11.453836441040039,0,False
2,8.964086532592773,0,False
3,11.42935562133789,7,False
3,8.704156875610352,3,False
0,8.859128952026367,7,False
1,8.783702850341797,4,False
2,12.480158805847168,5,False
2,11.473562240600586,3,False
0,7.10543155670166,9,False
3,10.343284606933594,4,False
1,10.252819061279297,6,False
1,10.034868240356445,2,False
3,8.2674560546875,0,False
0,10.575841903686523,2,False
2,11.608315467834473,8,False
3,8.301981925964355,7,False
2,12.031634330749512,1,False
0,10.736420631408691,5,False
1,7.336764335632324,7,False
1,11.167388916015625,7,False
2,11.66672134399414,1,False
0,5.950690746307373,9,False
3,8.25257682800293,8,False
3,8.083417892456055,7,False
0,11.529457092285156,0,False
1,13.204513549804688,7,False
2,7.62701940536499,6,False
1,9.003303527832031,4,False
3,13.508182525634766,2,False
0,10.29327392578125,1,False
2,6.250666618347168,1,False
2,6.827281951904297,1,False
1,9.283905029296875,7,False
3,10.161155700683594,5,False
0,7.407833099365234,9,False
2,11.595409393310547,7,False
0,11.705735206604004,9,False
3,10.314318656921387,5,False
1,5.896040916442871,5,False
3,15.22266960144043,2,False
0,8.98046875,1,False
2,9.819246292114258,1,False
1,7.674698352813721,8,False
1,7.098252773284912,7,False
2,8.99093246459961,6,False
3,8.898233413696289,0,False
0,8.730491638183594,1,False
0,7.139187812805176,9,False
3,9.854341506958008,5,False
2,7.7391557693481445,7,False
1,8.117794036865234,8,False
3,12.573495864868164,2,False
1,10.923532485961914,2,False
2,10.471785545349121,9,False
0,12.213411331176758,7,False
1,8.452245712280273,4,False
3,9.943565368652344,2,False
0,11.993341445922852,0,False
2,10.602444648742676,9,False
0,9.278982162475586,5,False
1,9.71973991394043,7,False
2,12.394966125488281,7,False
3,7.854376792907715,8,False
3,6.626454830169678,1,False
0,8.943294525146484,5,False
1,9.104836463928223,5,False
2,9.93118667602539,8,False
1,6.488607883453369,1,False
2,11.51761245727539,2,False
3,11.067190170288086,2,False
0,10.88073444366455,2,False
0,8.346921920776367,9,False
3,6.616243362426758,9,False
1,10.63808822631836,5,False
2,12.095426559448242,0,False
2,12.699935913085938,6,False
3,6.973687171936035,7,False
1,8.279912948608398,3,False
0,8.336301803588867,8,False
1,10.35119342803955,1,False
2,10.28762435913086,8,False
3,9.556413650512695,5,False
0,12.442838668823242,5,False
3,8.62173080444336,9,False
2,7.234244346618652,8,False
1,10.27687931060791,0,False
0,10.906989097595215,8,False
1,11.561662673950195,7,False
2,9.353837966918945,6,False
3,11.151762008666992,6,False
0,10.292470932006836,6,False
2,13.54643440246582,3,False
1,12.349884033203125,2,False
0,8.96294116973877,8,False
3,13.778603553771973,7,False
3,10.787347793579102,1,False
0,10.43751049041748,5,False
2,10.131963729858398,1,False
1,6.7896928787231445,9,False
2,11.73327922821045,1,False
1,12.351615905761719,6,False
3,9.183670997619629,8,False
0,7.848058223724365,5,False
1,8.22724723815918,6,False
3,8.863776206970215,5,False
0,9.349026679992676,1,False
2,8.202643394470215,4,False
1,7.6531171798706055,1,False
3,12.195086479187012,2,False
2,10.439024925231934,0,False
0,14.56125259399414,3,False
0,10.802983283996582,1,False
2,10.75523853302002,8,False
1,13.284218788146973,0,False
3,8.425647735595703,1,False
3,10.048879623413086,1,False
2,8.857885360717773,9,False
1,10.401138305664062,7,False
0,8.106924057006836,4,False
0,8.125625610351562,3,False
1,9.384592056274414,5,False
2,8.905830383300781,5,False
3,9.157232284545898,8,False
0,9.145030975341797,1,False
1,8.672120094299316,5,False
2,9.847480773925781,5,False
3,9.002278327941895,0,False
1,7.280622959136963,6,False
0,8.401586532592773,8,False
3,8.12109088897705,9,False
2,11.520668029785156,4,False
3,8.677251815795898,1,False
2,14.790457725524902,2,False
1,10.389946937561035,3,False
0,11.942764282226562,4,False
1,14.754995346069336,3,False
2,8.434510231018066,8,False
0,9.614419937133789,0,False
3,9.141810417175293,3,False
3,10.375680923461914,8,False
1,11.427190780639648,5,False
0,8.95572280883789,5,False
2,10.963253021240234,8,False
1,10.697490692138672,2,False
2,10.988838195800781,3,False
0,10.525969505310059,5,False
3,9.33251667022705,5,False
1,8.24068832397461,7,False
3,8.03791618347168,7,False
2,7.276797771453857,7,False
0,9.628662109375,5,False
0,9.365007400512695,2,False
3,7.328655242919922,8,False
1,8.856534004211426,3,False
2,8.935851097106934,4,False
3,10.769950866699219,5,False
1,11.472969055175781,0,False
0,12.063762664794922,2,False
2,10.404693603515625,2,False
1,10.600656509399414,6,False
3,9.866506576538086,4,False
2,9.30333137512207,8,False
0,9.673676490783691,5,False
1,9.981040954589844,2,False
2,8.657797813415527,7,False
0,6.96804141998291,1,False
3,11.735922813415527,5,False
3,8.198305130004883,1,False
1,8.80496883392334,9,False
2,7.83939266204834,4,False
0,9.209068298339844,3,False
3,12.90018081665039,2,False
0,9.918025016784668,6,False
1,9.010839462280273,0,False
2,8.929250717163086,5,False
3,7.265585422515869,8,False
0,11.292207717895508,3,False
2,10.27783203125,4,False
1,11.062984466552734,1,False
3,6.194501876831055,1,False
0,7.597700595855713,8,False
2,7.318929195404053,5,False
1,11.5869140625,6,False
1,8.91129207611084,5,False
3,7.121548652648926,1,False
0,10.26480484008789,5,False
2,9.239097595214844,6,False
0,8.15927505493164,1,False
2,9.909611701965332,5,False
3,9.263202667236328,6,False
1,8.00230598449707,4,False
1,12.089754104614258,2,False
0,9.894492149353027,9,False
3,11.621870040893555,0,False
2,9.178152084350586,9,False
3,8.197513580322266,8,False
2,6.784006118774414,3,False
0,11.464118003845215,1,False
1,10.258136749267578,6,False
3,7.968456745147705,7,False
1,11.809130668640137,2,False
2,10.976723670959473,7,False
0,5.818502902984619,9,False
1,10.116960525512695,9,False
3,9.690765380859375,6,False
0,12.76585578918457,2,False
2,11.2294340133667,8,False
2,10.141401290893555,6,False
3,9.222562789916992,2,False
1,6.665287971496582,9,False
0,11.197604179382324,1,False
1,11.305536270141602,4,False
0,9.395404815673828,8,False
3,8.92525863647461,8,False
2,10.594648361206055,5,False
1,10.621443748474121,5,False
0,13.368191719055176,7,False
2,9.790031433105469,7,False
3,10.07297134399414,1,False
2,9.062592506408691,1,False
3,9.756974220275879,8,False
0,7.2152838706970215,9,False
1,11.18565845489502,5,False
1,8.653276443481445,3,False
3,12.740528106689453,2,False
2,10.936687469482422,4,False
0,7.549272537231445,5,False
2,13.62646770477295,7,False
1,10.732294082641602,1,False
0,11.090453147888184,2,False
3,9.151372909545898,9,False
0,12.94145393371582,3,False
3,8.482353210449219,5,False
2,11.534355163574219,9,False
1,7.412539005279541,5,False
1,10.076345443725586,6,False
2,12.060885429382324,1,False
3,11.008125305175781,3,False
0,12.969022750854492,8,False
0,10.843816757202148,9,False
1,7.1888957023620605,9,False
3,7.791787147521973,3,False
2,11.519586563110352,1,False
2,11.788042068481445,2,False
3,12.660064697265625,6,False
0,10.07309341430664,8,False
1,10.660188674926758,3,False
1,11.96218490600586,7,False
3,9.91786003112793,7,False
0,9.647705078125,5,False
2,13.346586227416992,3,False
1,12.994421005249023,2,False
3,9.481444358825684,9,False
2,6.554649353027344,7,False
0,11.572393417358398,8,False
3,10.483959197998047,8,False
0,8.56238842010498,8,False
1,10.258705139160156,2,False
2,10.56666374206543,1,False
3,11.379575729370117,7,False
2,10.160867691040039,5,False
0,10.788496017456055,5,False
1,7.101351737976074,9,False
0,10.314437866210938,4,False
3,12.189519882202148,3,False
1,7.317638397216797,1,False
2,11.268157958984375,8,False
1,11.75024127960205,4,False
3,8.456121444702148,7,False
2,6.001882553100586,7,False
0,5.251340389251709,9,False
2,7.840099334716797,6,False
3,10.20388412475586,4,False
0,9.408977508544922,7,False
1,12.865476608276367,0,False
0,7.291631698608398,3,False
1,11.484842300415039,9,False
2,10.653757095336914,8,False
3,10.451836585998535,2,False
3,6.6475653648376465,1,False
1,9.555156707763672,9,False
2,8.233236312866211,9,False
0,8.412522315979004,5,False
1,10.240476608276367,6,False
2,10.853986740112305,6,False
3,10.164214134216309,7,False
0,8.072221755981445,0,False
1,13.369577407836914,6,False
3,9.044685363769531,5,False
0,11.57292366027832,5,False
2,9.018104553222656,8,False
2,10.110855102539062,2,False
1,7.330229759216309,6,False
0,11.224822998046875,3,False
3,10.279468536376953,3,False
3,9.544092178344727,3,False
2,15.270898818969727,2,False
0,7.359950065612793,9,False
1,8.737875938415527,5,False
1,10.503390312194824,2,False
0,7.661611080169678,3,False
3,10.746952056884766,0,False
2,8.098198890686035,4,False
1,6.605731964111328,9,False
2,8.929473876953125,7,False
3,12.406129837036133,3,False
0,8.984046936035156,0,False
2,6.592723846435547,7,False
3,11.9149169921875,0,False
1,11.79548168182373,7,False
0,11.962677955627441,6,False
3,10.394977569580078,3,False
1,7.003423690795898,9,False
0,12.582990646362305,2,False
2,11.644464492797852,1,False
2,12.11251449584961,2,False
1,10.20923137664795,6,False
0,10.872817993164062,8,False
3,8.560213088989258,6,False
3,8.538470268249512,6,False
2,7.591518402099609,1,False
0,9.524473190307617,4,False
1,9.183180809020996,1,False
3,7.426273822784424,1,False
1,9.789819717407227,8,False
0,10.38675308227539,3,False
2,7.316346168518066,7,False
3,9.023811340332031,7,False
0,11.104362487792969,5,False
1,9.05312728881836,7,False
2,9.994436264038086,4,False
2,15.2373046875,3,False
1,10.353267669677734,3,False
3,8.354083061218262,1,False
0,9.138710021972656,4,False
3,11.58524227142334,4,False
1,8.149301528930664,1,False
0,7.868707656860352,9,False
2,7.262636184692383,1,False
0,10.06124496459961,7,False
2,6.064398288726807,1,False
1,13.420257568359375,0,False
3,10.887821197509766,4,False
2,6.256046295166016,1,False
3,8.574542999267578,7,False
1,6.191193103790283,4,False
0,16.555391311645508,3,False
3,7.143588066101074,1,False
0,12.534136772155762,2,False
2,7.252623558044434,7,False
1,8.426944732666016,4,False
1,6.204532623291016,6,False
2,8.350769996643066,9,False
3,10.858375549316406,0,False
0,11.70547103881836,0,False
2,8.602149963378906,7,False
3,7.701910018920898,9,False
0,10.111490249633789,4,False
1,8.023208618164062,9,False
1,12.378793716430664,0,False
0,14.257811546325684,3,False
3,12.635588645935059,8,False
2,8.419918060302734,9,False
2,10.592707633972168,7,False
1,8.835840225219727,7,False
0,11.062177658081055,1,False
3,10.43516731262207,4,False
3,11.077465057373047,6,False
2,7.151950836181641,8,False
1,10.479601860046387,8,False
0,13.043456077575684,6,False
0,7.618370056152344,9,False
2,8.332435607910156,7,False
3,9.578922271728516,8,False
1,8.888750076293945,4,False
0,10.592904090881348,0,False
2,6.982288360595703,7,False
1,8.874624252319336,9,False
3,9.160310745239258,6,False
2,11.72204303741455,1,False
1,8.999199867248535,4,False
0,11.501466751098633,2,False
3,11.065475463867188,1,False
1,9.309746742248535,8,False
3,10.316617012023926,6,False
0,10.250810623168945,6,False
2,14.537919998168945,3,False
0,7.8550825119018555,5,False
2,8.204744338989258,6,False
1,9.576573371887207,1,False
3,12.135261535644531,3,False
3,11.449048042297363,7,False
2,12.328341484069824,2,False
1,11.086908340454102,8,False
0,9.274517059326172,5,False
3,11.170438766479492,3,False
0,9.745461463928223,6,False
2,8.836455345153809,3,False
1,8.434663772583008,0,False
0,7.887174129486084,7,False
3,10.027032852172852,7,False
1,8.903219223022461,0,False
2,7.460670471191406,7,False
1,6.651573181152344,8,False
2,9.075474739074707,2,False
0,9.087198257446289,3,False
3,8.527498245239258,5,False
0,6.732646942138672,1,False
3,12.388826370239258,7,False
1,6.783280372619629,0,False
2,12.0921630859375,2,False
1,11.319122314453125,7,False
3,9.754497528076172,6,False
0,8.575303077697754,8,False
2,7.849966526031494,4,False
2,8.602248191833496,8,False
1,10.616214752197266,5,False
0,12.15020751953125,2,False
3,8.931853294372559,4,False
3,11.248278617858887,6,False
0,7.419698238372803,0,False
2,9.647542953491211,0,False
1,8.354202270507812,9,False
3,10.964950561523438,5,False
1,8.099568367004395,7,False
2,11.34040641784668,5,False
0,10.83780288696289,8,False
3,11.856139183044434,3,False
2,7.398299694061279,1,False
0,13.61960220336914,2,False
1,9.59632682800293,6,False
1,9.477970123291016,0,False
3,10.898100852966309,6,False
2,9.27256965637207,4,False
0,11.56515884399414,8,False
0,10.534929275512695,0,False
1,10.338871002197266,6,False
3,13.335412979125977,2,False
2,8.158173561096191,5,False
1,12.22878360748291,7,False
2,9.9011869430542,8,False
0,7.926732063293457,9,False
3,8.189645767211914,1,False
3,8.048099517822266,6,False
0,9.002946853637695,1,False
2,9.220061302185059,9,False
1,8.632915496826172,5,False
1,9.14549446105957,9,False
3,11.414709091186523,0,False
2,8.283781051635742,7,False
0,7.83326530456543,4,False
3,8.143169403076172,5,False
1,8.816184043884277,0,False
0,6.26322078704834,4,False
2,10.68472671508789,1,False
1,12.478679656982422,1,False
3,11.216745376586914,2,False
2,12.37333869934082,3,False
0,12.04897689819336,4,False
3,10.000215530395508,8,False
0,10.45706558227539,3,False
1,8.284278869628906,4,False
2,10.494378089904785,4,False
2,9.357963562011719,0,False
1,8.766200065612793,1,False
0,11.240171432495117,0,False
3,7.918659210205078,3,False
3,9.993429183959961,5,False
2,8.583358764648438,9,False
0,9.298783302307129,7,False
1,10.67763900756836,0,False
1,10.413071632385254,6,False
0,11.452316284179688,2,False
2,11.060468673706055,4,False
3,10.393424034118652,5,False
1,7.860379219055176,6,False
2,8.682722091674805,7,False
3,12.557613372802734,3,False
0,8.868019104003906,7,False
0,8.439754486083984,3,False
3,9.952431678771973,0,False
2,8.573495864868164,7,False
1,8.114925384521484,9,False
1,9.853254318237305,9,False
3,14.708547592163086,2,False
0,11.019120216369629,3,False
2,8.925481796264648,6,False
2,7.488038063049316,4,False
1,9.115364074707031,4,False
0,12.23652172088623,6,False
3,13.14553165435791,8,False
2,10.296295166015625,8,False
3,10.459528923034668,4,False
1,7.8333611488342285,5,False
0,9.109718322753906,0,False
1,7.687906742095947,7,False
3,7.459764003753662,9,False
2,10.146896362304688,9,False
0,10.188042640686035,8,False
3,10.085065841674805,6,False
1,8.943440437316895,9,False
0,9.195655822753906,4,False
2,7.5311713218688965,4,False
3,8.811483383178711,9,False
2,9.47348403930664,7,False
1,10.955257415771484,3,False
0,12.57734489440918,3,False
3,9.571284294128418,1,False
0,7.627102851867676,5,False
1,10.473285675048828,5,False
2,9.783069610595703,0,False
0,8.247490882873535,0,False
1,8.208839416503906,0,False
2,9.96053695678711,2,False
3,12.161821365356445,4,False
3,6.826038837432861,8,False
2,10.019539833068848,1,False
1,12.324403762817383,6,False
0,7.688990592956543,9,False
0,10.217360496520996,5,False
3,10.647832870483398,9,False
2,15.076669692993164,3,False
1,10.872688293457031,4,False
1,11.0598726272583,3,False
3,7.082515716552734,3,False
2,8.923812866210938,8,False
0,13.863759994506836,0,False
1,10.902402877807617,7,False
0,11.57504940032959,1,False
3,8.554798126220703,6,False
2,9.518927574157715,4,False
1,9.677560806274414,9,False
3,10.089750289916992,8,False
2,6.505892753601074,1,False
0,9.287111282348633,9,False
1,10.120077133178711,8,False
0,9.045467376708984,9,False
3,8.245831489562988,5,False
2,12.518980026245117,0,False
1,9.825239181518555,9,False
2,9.61225414276123,0,False
3,8.58820915222168,1,False
0,10.788330078125,1,False
3,7.541745185852051,6,False
2,12.176562309265137,8,False
0,8.699076652526855,3,False
1,11.079635620117188,0,False
2,8.568419456481934,1,False
1,14.601293563842773,3,False
3,8.951789855957031,5,False
0,9.233816146850586,1,False
2,10.769845962524414,2,False
1,10.872466087341309,8,False
0,10.468672752380371,3,False
3,10.543464660644531,4,False
3,10.183140754699707,6,False
0,11.535390853881836,3,False
2,11.9149169921875,5,False
1,10.680314064025879,5,False
1,9.686509132385254,8,False
0,9.084421157836914,4,False
3,7.866900444030762,3,False
2,11.281606674194336,1,False
1,9.130109786987305,1,False
2,10.26468276977539,0,False
3,10.41822338104248,8,False
0,7.363871097564697,1,False
3,11.864224433898926,5,False
0,7.932041645050049,6,False
2,11.673662185668945,2,False
1,7.125897407531738,7,False
2,12.01752758026123,8,False
3,9.382307052612305,1,False
1,9.822532653808594,8,False
0,9.232834815979004,8,False
3,8.027440071105957,1,False
0,12.513139724731445,6,False
2,9.898370742797852,0,False
1,11.515347480773926,0,False
3,14.960612297058105,2,False
1,6.90047025680542,5,False
2,9.519089698791504,9,False
0,10.462949752807617,6,False
3,9.968441009521484,7,False
0,9.482566833496094,5,False
1,7.289978981018066,9,False
2,10.138412475585938,1,False
1,11.834067344665527,8,False
2,12.50080394744873,0,False
3,7.546150207519531,1,False
0,8.49675178527832,7,False
3,9.853225708007812,1,False
1,14.18635368347168,5,False
0,9.723489761352539,9,False
2,9.109137535095215,4,False
2,9.046940803527832,2,False
0,11.867650032043457,3,False
3,10.186819076538086,1,False
1,8.930719375610352,8,False
2,11.61640739440918,6,False
3,8.062211990356445,7,False
1,14.620498657226562,2,False
0,10.164323806762695,1,False
1,10.99813461303711,0,False
0,6.842580318450928,1,False
3,13.624351501464844,8,False
2,9.060997009277344,4,False
3,8.095436096191406,7,False
1,9.79578971862793,0,False
0,12.971141815185547,0,False
2,8.296751976013184,7,False
1,13.163145065307617,2,False
2,10.254425048828125,8,False
3,12.445526123046875,7,False
0,8.797406196594238,9,False
3,13.088112831115723,6,False
2,8.864810943603516,8,False
0,8.353620529174805,3,False
1,8.934944152832031,6,False
2,9.578075408935547,7,False
1,10.518279075622559,1,False
3,11.671884536743164,6,False
0,9.104303359985352,4,False
2,8.233378410339355,4,False
0,7.853039741516113,3,False
1,7.30534553527832,9,False
3,8.654980659484863,7,False
3,11.11506175994873,7,False
0,8.846895217895508,4,False
1,7.710941314697266,5,False
2,10.090500831604004,5,False
3,10.666011810302734,4,False
2,8.821008682250977,9,False
1,6.819161415100098,1,False
0,9.813425064086914,4,False
3,10.772960662841797,3,False
1,8.72490119934082,5,False
2,12.27942180633545,0,False
0,11.09878921508789,8,False
2,11.016756057739258,9,False
0,10.139047622680664,8,False
1,10.580554962158203,0,False
3,9.418230056762695,7,False
3,9.657987594604492,7,False
0,8.636636734008789,3,False
2,8.826452255249023,5,False
1,11.724527359008789,2,False
1,8.175142288208008,9,False
3,9.974371910095215,9,False
0,7.794461727142334,5,False
2,11.009744644165039,0,False
1,9.716209411621094,9,False
3,8.396804809570312,9,False
2,7.150835037231445,1,False
0,9.39295482635498,9,False
2,10.303603172302246,7,False
1,12.185468673706055,5,False
3,8.362139701843262,5,False
0,9.457950592041016,2,False
3,7.056862831115723,1,False
0,11.850200653076172,9,False
1,8.262361526489258,6,False
2,8.652417182922363,4,False
1,8.285873413085938,4,False
0,8.98103141784668,7,False
3,9.360899925231934,1,False
2,8.458030700683594,1,False
3,10.116909980773926,5,False
0,15.385129928588867,2,False
2,9.87755012512207,1,False
1,11.329532623291016,7,False
3,8.482168197631836,1,False
1,9.443094253540039,4,False
2,9.198165893554688,1,False
0,8.934781074523926,2,False
1,9.282743453979492,9,False
0,9.599124908447266,4,False
3,11.461162567138672,8,False
2,8.288829803466797,4,False
0,10.162288665771484,3,False
3,11.745148658752441,2,False
2,10.143322944641113,2,False
1,6.676212310791016,5,False
1,9.173202514648438,5,False
2,7.914907932281494,1,False
3,8.92754077911377,3,False
0,8.587135314941406,6,False
1,8.299577713012695,9,False
3,9.593899726867676,5,False
2,10.322986602783203,1,False
0,9.113014221191406,4,False
3,10.039054870605469,7,False
0,14.87147331237793,2,False
2,9.843660354614258,1,False
1,11.78082275390625,8,False
2,12.924217224121094,3,False
1,8.320942878723145,9,False
0,8.853346824645996,1,False
3,10.633766174316406,1,False
0,6.761757850646973,1,False
1,10.400056838989258,7,False
3,8.353533744812012,3,False
2,10.67652702331543,8,False
3,9.728689193725586,8,False
1,8.65285873413086,5,False
2,8.834312438964844,2,False
0,9.193201065063477,8,False
2,8.92116928100586,1,False
0,8.119062423706055,9,False
3,8.002496719360352,9,False
1,7.204073429107666,9,False
1,9.907731056213379,3,False
3,7.752060413360596,1,False
0,8.060965538024902,3,False
2,6.837696075439453,5,False
2,10.901069641113281,6,False
0,11.4107666015625,6,False
3,11.116731643676758,6,False
1,13.463202476501465,6,False
2,8.191965103149414,6,False
3,8.468262672424316,3,False
0,13.688905715942383,2,False
1,6.551074981689453,7,False
1,10.840812683105469,6,False
2,7.499185085296631,9,False
3,9.16539478302002,6,False
0,10.873678207397461,0,False
0,8.123785018920898,6,False
1,8.577781677246094,0,False
2,9.44170093536377,1,False
3,9.860939979553223,4,False
2,6.476983070373535,9,False
0,11.261102676391602,0,False
3,7.8238749504089355,4,False
1,7.153651237487793,9,False
3,12.254657745361328,2,False
0,7.120616912841797,0,False
1,9.583194732666016,0,False
2,10.518320083618164,8,False
2,7.76131534576416,5,False
0,10.589841842651367,0,False
1,13.5503568649292,2,False
3,8.188543319702148,6,False
2,10.557119369506836,8,False
3,11.117683410644531,2,False
1,11.722017288208008,5,False
0,9.388463020324707,4,False
2,6.617446422576904,1,False
1,11.629008293151855,6,False
3,12.15109634399414,0,False
0,8.724825859069824,1,False
2,9.52718734741211,8,False
0,8.222124099731445,9,False
3,9.070613861083984,7,False
1,7.393052101135254,9,False
3,8.974315643310547,7,False
2,14.895689964294434,2,False
1,9.668466567993164,6,False
0,9.218645095825195,3,False
1,8.476651191711426,7,False
0,8.838109016418457,6,False
3,7.481637001037598,7,False
2,10.536347389221191,1,False
1,8.559606552124023,1,False
2,8.72087574005127,5,False
0,10.763273239135742,1,False
3,10.132015228271484,7,False
2,9.9664306640625,3,False
3,9.989330291748047,8,False
0,8.842105865478516,0,False
1,6.93330192565918,1,False
3,11.726287841796875,0,False
1,7.911423683166504,4,False
2,9.750566482543945,9,False
0,8.012946128845215,0,False
3,7.900331497192383,2,False
2,8.370329856872559,6,False
0,10.659833908081055,3,False
1,9.963851928710938,8,False
3,9.50074577331543,3,False
2,7.862635612487793,6,False
1,7.427165985107422,4,False
0,10.015409469604492,9,False
1,9.974138259887695,1,False
0,10.795133590698242,6,False
3,9.3859224319458,4,False
2,10.667986869812012,4,False
1,11.924036026000977,2,False
2,7.948896408081055,6,False
3,11.272941589355469,6,False
0,10.699834823608398,6,False
2,11.482063293457031,7,False
3,11.57866096496582,3,False
0,15.992254257202148,3,False
1,10.966402053833008,3,False
2,9.98141860961914,1,False
0,8.714866638183594,3,False
3,11.570682525634766,6,False
1,7.153011798858643,1,False
1,7.960002899169922,9,False
3,9.84713077545166,4,False
0,8.350090026855469,4,False
2,10.622031211853027,2,False
1,9.55698013305664,3,False
0,8.123086929321289,1,False
2,9.782386779785156,2,False
3,8.10726547241211,7,False
1,6.393487930297852,1,False
3,10.192376136779785,2,False
0,9.389847755432129,0,False
2,10.098614692687988,9,False
2,9.134847640991211,4,False
1,10.714090347290039,1,False
3,9.227388381958008,2,False
0,13.609611511230469,0,False
0,7.877373218536377,9,False
2,12.112643241882324,6,False
3,13.943872451782227,3,False
1,13.06273365020752,2,False
3,14.74336051940918,3,False
0,9.468953132629395,8,False
1,11.199979782104492,4,False
2,9.081518173217773,5,False
2,11.791635513305664,3,False
3,11.73972225189209,3,False
1,9.810320854187012,3,False
0,8.778948783874512,5,False
1,12.454109191894531,3,False
0,10.936939239501953,4,False
3,9.301145553588867,0,False
2,9.031571388244629,1,False
3,9.671722412109375,6,False
1,8.110323905944824,9,False
0,8.511335372924805,8,False
2,12.243943214416504,3,False
2,8.350326538085938,1,False
3,9.998597145080566,8,False
1,10.595605850219727,4,False
0,9.530057907104492,9,False
2,6.652525901794434,0,False
3,6.941518783569336,9,False
0,10.317791938781738,4,False
1,9.571603775024414,0,False
3,9.073463439941406,1,False
1,8.158773422241211,1,False
2,9.543146133422852,1,False
0,8.718622207641602,5,False
2,7.683541774749756,1,False
0,8.156047821044922,4,False
1,10.090859413146973,4,False
3,9.30258846282959,9,False
1,8.844173431396484,1,False
0,9.278595924377441,5,False
2,6.959765434265137,7,False
3,7.980968475341797,1,False
0,9.181282997131348,4,False
3,9.849952697753906,7,False
1,9.539037704467773,1,False
2,9.106724739074707,6,False
1,7.703130722045898,9,False
2,7.586371421813965,9,False
0,9.387002944946289,5,False
3,8.378652572631836,4,False
1,13.042635917663574,8,False
3,15.142236709594727,3,False
2,10.533174514770508,8,False
0,10.913981437683105,6,False
0,14.589162826538086,2,False
2,9.98640251159668,9,False
3,11.61330795288086,1,False
1,10.160261154174805,8,False
0,7.338656425476074,1,False
1,9.765786170959473,2,False
3,8.726591110229492,6,False
2,10.877738952636719,2,False
0,9.322996139526367,7,False
3,10.36349868774414,7,False
2,8.503669738769531,8,False
1,11.689117431640625,7,False
1,15.911783218383789,3,False
3,9.363899230957031,8,False
2,13.11733627319336,3,False
0,11.655192375183105,2,False
3,10.879194259643555,7,False
1,6.653646945953369,5,False
0,11.997390747070312,1,False
2,10.07824420928955,8,False
3,10.303997039794922,3,False
2,8.923507690429688,9,False
0,9.973776817321777,0,False
1,8.878646850585938,8,False
2,11.6731595993042,7,False
0,7.804146766662598,1,False
1,9.437710762023926,9,False
3,12.065666198730469,6,False
0,9.528175354003906,7,False
2,8.790115356445312,3,False
1,11.658867835998535,8,False
3,10.377174377441406,9,False
2,7.997560024261475,7,False
1,8.077986717224121,2,False
0,10.151588439941406,2,False
3,13.148275375366211,5,False
3,7.560338020324707,0,False
1,10.084224700927734,2,False
2,7.715432167053223,9,False
0,13.210591316223145,3,False
0,7.263033866882324,1,False
1,8.339863777160645,1,False
3,9.469258308410645,8,False
2,9.75448226928711,0,False
1,12.726821899414062,2,False
2,9.907548904418945,6,False
3,9.087310791015625,9,False
0,7.610282897949219,7,False
3,10.179555892944336,1,False
2,8.666498184204102,8,False
0,8.88762092590332,1,False
1,9.480585098266602,8,False
2,10.985588073730469,0,False
1,7.352165699005127,4,False
0,13.1298189163208,6,False
3,7.785104274749756,1,False
3,9.733213424682617,6,False
2,7.147436141967773,1,False
1,13.144954681396484,5,False
0,8.682153701782227,0,False
0,4.669437408447266,8,False
1,7.232067108154297,7,False
2,8.098457336425781,8,False
3,9.22594928741455,9,False
0,8.860517501831055,1,False
1,8.54221248626709,4,False
3,8.928061485290527,8,False
2,9.516849517822266,7,False
1,8.905187606811523,2,False
3,9.06917953491211,5,False
2,12.414324760437012,0,False
0,7.944729328155518,9,False
2,6.967796325683594,7,False
1,8.869134902954102,2,False
0,8.672093391418457,0,False
3,9.127310752868652,4,False
0,7.8257060050964355,5,False
2,8.76358413696289,1,False
3,12.177835464477539,7,False
1,6.967639923095703,1,False
0,10.551586151123047,5,False
2,10.004228591918945,3,False
1,9.306127548217773,8,False
3,7.851266860961914,9,False
1,7.173170566558838,5,False
2,11.931574821472168,0,False
3,10.397692680358887,1,False
0,9.297317504882812,9,False
1,10.023075103759766,1,False
0,6.183588027954102,9,False
3,6.921306610107422,8,False
2,9.690868377685547,7,False
2,13.293224334716797,2,False
1,8.422183990478516,0,False
0,9.9579496383667,4,False
3,7.248041152954102,8,False
3,9.086088180541992,6,False
2,9.391843795776367,8,False
1,14.838833808898926,7,False
0,9.38193130493164,5,False
2,11.424577713012695,6,False
1,9.159238815307617,0,False
0,9.694371223449707,7,False
3,9.858359336853027,1,False
3,9.110429763793945,9,False
1,7.373959541320801,8,False
2,8.08586597442627,4,False
0,9.328371047973633,6,False
0,9.565640449523926,8,False
2,9.126148223876953,0,False
3,11.614103317260742,6,False
1,8.225461959838867,0,False
1,10.674904823303223,6,False
3,9.836538314819336,4,False
0,11.357378005981445,2,False
2,10.87663459777832,3,False
1,8.963319778442383,0,False
3,7.002614498138428,7,False
0,9.937925338745117,2,False
2,7.506905555725098,9,False
1,10.964951515197754,5,False
2,9.153775215148926,3,False
3,8.82863712310791,8,False
0,7.634390830993652,4,False
1,10.234126091003418,3,False
0,8.777909278869629,5,False
2,9.277115821838379,5,False
3,7.18073844909668,7,False
2,8.865950584411621,3,False
3,11.717109680175781,2,False
0,10.277640342712402,6,False
1,9.582658767700195,4,False
1,10.423293113708496,0,False
3,10.23888874053955,6,False
2,8.548345565795898,4,False
0,10.277668952941895,7,False
3,9.97833251953125,5,False
0,12.146385192871094,3,False
1,10.936456680297852,6,False
2,8.659219741821289,2,False
3,8.123635292053223,2,False
0,7.676499366760254,5,False
2,10.02338981628418,8,False
1,11.098225593566895,2,False
3,8.355731964111328,6,False
1,11.648454666137695,3,False
2,8.789063453674316,8,False
0,12.149609565734863,6,False
0,9.220237731933594,4,False
3,8.43908405303955,1,False
1,9.923961639404297,2,False
2,9.311569213867188,8,False
0,10.749038696289062,2,False
2,11.73772144317627,2,False
3,7.3876800537109375,5,False
1,9.26158332824707,3,False
0,8.477198600769043,8,False
3,9.808755874633789,4,False
1,12.489988327026367,5,False
2,13.31885814666748,6,False
1,9.908058166503906,7,False
0,9.520679473876953,4,False
3,10.010542869567871,6,False
2,8.884195327758789,9,False
0,7.753165245056152,1,False
2,13.188922882080078,1,False
1,14.310272216796875,2,False
3,10.718793869018555,5,False
1,5.866177082061768,1,False
3,9.777735710144043,8,False
2,10.255733489990234,7,False
0,7.7097320556640625,9,False
2,9.950506210327148,5,False
1,10.660043716430664,7,False
3,9.012561798095703,8,False
0,7.229273319244385,7,False
0,10.78882884979248,3,False
2,10.932929039001465,9,False
1,11.098800659179688,2,False
3,11.313817024230957,5,False
3,8.199603080749512,2,False
2,14.60677719116211,2,False
0,7.190749168395996,6,False
1,11.217144966125488,5,False
3,10.875978469848633,2,False
0,7.554082870483398,8,False
2,12.018908500671387,1,False
1,9.214218139648438,8,False
2,12.174531936645508,3,False
0,8.422063827514648,5,False
3,12.164860725402832,3,False
1,7.178284645080566,1,False
3,12.037629127502441,3,False
1,10.836403846740723,0,False
0,11.155017852783203,6,False
2,11.37917423248291,2,False
0,11.649218559265137,2,False
2,9.920439720153809,5,False
1,10.474505424499512,3,False
3,11.143607139587402,6,False
3,12.910419464111328,7,False
0,8.482343673706055,1,False
2,8.241008758544922,5,False
1,9.494647026062012,8,False
2,8.482901573181152,0,False
0,11.898153305053711,2,False
3,11.760515213012695,3,False
1,9.29016399383545,9,False
1,8.332236289978027,5,False
0,12.052657127380371,3,False
3,8.41541862487793,1,False
2,8.511470794677734,1,False
0,7.178035259246826,9,False
2,11.458511352539062,0,False
3,13.884988784790039,3,False
1,9.625434875488281,0,False
1,6.257571220397949,5,False
3,9.284525871276855,6,False
2,8.244952201843262,8,False
0,8.131315231323242,4,False
0,9.979201316833496,3,False
1,9.06335163116455,4,False
3,9.922595977783203,6,False
2,8.802717208862305,3,False
0,7.052637577056885,9,False
2,9.30931282043457,5,False
1,9.201440811157227,0,False
3,11.40035343170166,0,False
0,10.817870140075684,6,False
2,12.330739974975586,4,False
1,10.419974327087402,6,False
3,10.757414817810059,6,False
3,9.79741096496582,1,False
1,10.374711990356445,0,False
2,9.145450592041016,7,False
0,11.93144416809082,6,False
2,7.873559951782227,7,False
1,8.858264923095703,6,False
0,7.444733619689941,1,False
3,7.674158096313477,8,False
2,10.268865585327148,0,False
0,8.803881645202637,3,False
1,8.401203155517578,9,False
3,11.482895851135254,4,False
2,8.9035005569458,3,False
3,9.489202499389648,6,False
1,9.877645492553711,1,False
0,10.264135360717773,0,False
1,11.164835929870605,2,False
0,8.94845199584961,0,False
3,8.775735855102539,4,False
2,11.308416366577148,2,False
2,11.35955810546875,2,False
0,9.786680221557617,3,False
3,12.36227035522461,8,False
1,11.115693092346191,0,False
0,7.939804553985596,0,False
3,6.919027805328369,4,False
2,9.49909782409668,0,False
1,11.174379348754883,0,False
3,13.330629348754883,3,False
1,9.720189094543457,8,False
0,7.795949459075928,9,False
2,10.632255554199219,5,False
3,12.133373260498047,5,False
1,10.824258804321289,3,False
2,8.531222343444824,8,False
0,10.48508071899414,2,False
0,7.788832187652588,4,False
3,10.565488815307617,9,False
2,9.991121292114258,5,False
1,8.32845687866211,0,False
3,10.33215618133545,8,False
1,8.349099159240723,3,False
2,7.92404842376709,4,False
0,14.266098022460938,3,False
2,9.106162071228027,8,False
0,12.067586898803711,4,False
1,9.788381576538086,6,False
3,11.427775382995605,5,False
3,9.216465950012207,3,False
2,11.350059509277344,6,False
0,8.868890762329102,4,False
1,10.664636611938477,2,False
1,9.446578025817871,4,False
3,11.744830131530762,0,False
0,9.106682777404785,9,False
2,8.658122062683105,4,False
2,8.55112075805664,7,False
1,11.52366828918457,7,False
0,9.246805191040039,1,False
3,7.498248100280762,1,False
1,9.145040512084961,7,False
2,10.64161491394043,0,False
3,12.934698104858398,2,False
0,7.285822868347168,9,False
1,8.733238220214844,5,False
2,10.048857688903809,6,False
0,7.798130512237549,1,False
3,9.863000869750977,3,False
1,8.948709487915039,6,False
2,8.0120210647583,9,False
0,12.514015197753906,3,False
3,10.700482368469238,6,False
2,8.04621410369873,8,False
0,8.063282012939453,8,False
1,9.177436828613281,1,False
3,6.635007381439209,9,False
2,8.12965202331543,4,False
0,9.233176231384277,7,False
1,13.857893943786621,2,False
3,7.91056489944458,7,False
1,11.50161361694336,2,False
2,8.39822769165039,5,False
0,8.44680118560791,4,False
3,11.285273551940918,4,False
3,7.779644966125488,5,False
1,7.632231712341309,1,False
2,9.337871551513672,4,False
0,9.351701736450195,0,False
2,8.942154884338379,7,False
3,8.783513069152832,4,False
1,9.832979202270508,4,False
0,8.749719619750977,0,False
1,11.399225234985352,4,False
0,12.784600257873535,8,False
2,12.543864250183105,4,False
3,8.38385009765625,3,False
2,9.254800796508789,6,False
0,11.429756164550781,0,False
3,9.411933898925781,9,False
1,7.619446754455566,9,False
2,12.178211212158203,7,False
1,15.190027236938477,2,False
3,11.46723747253418,3,False
0,11.49522876739502,6,False
0,10.749711990356445,7,False
2,10.983884811401367,6,False
1,10.787647247314453,0,False
3,8.461341857910156,9,False
2,8.868928909301758,5,False
3,10.122575759887695,8,False
1,8.563758850097656,4,False
0,9.443277359008789,5,False
3,8.457948684692383,8,False
1,7.709347724914551,4,False
0,10.915192604064941,5,False
2,7.378049373626709,6,False
0,9.489523887634277,3,False
1,7.607747554779053,9,False
2,10.7496337890625,2,False
3,9.652839660644531,6,False
3,10.593952178955078,6,False
2,12.79562759399414,6,False
0,8.506919860839844,0,False
1,8.775911331176758,9,False
0,8.066402435302734,0,False
2,11.625738143920898,3,False
3,11.075063705444336,6,False
1,7.933554649353027,8,False
2,7.374642372131348,1,False
0,10.618830680847168,1,False
1,8.509208679199219,8,False
3,7.736295700073242,1,False
1,9.285177230834961,2,False
3,15.618087768554688,3,False
0,9.599687576293945,5,False
2,9.299005508422852,1,False
3,7.310941696166992,6,False
1,10.168553352355957,1,False
0,8.067821502685547,6,False
2,9.472497940063477,9,False
2,7.756636142730713,5,False
1,12.097966194152832,7,False
3,5.579035758972168,0,False
0,8.514671325683594,5,False
1,11.135025024414062,3,False
0,9.684976577758789,7,False
2,9.949226379394531,7,False
3,10.95669937133789,0,False
2,7.047178268432617,9,False
3,8.90999698638916,7,False
0,8.826687812805176,8,False
1,9.601219177246094,3,False
3,12.794452667236328,2,False
2,6.530287742614746,1,False
0,10.717559814453125,0,False
1,11.375395774841309,2,False
0,7.917954921722412,1,False
1,12.556028366088867,2,False
3,9.724411964416504,6,False
2,6.7823710441589355,9,False
1,7.159987926483154,1,False
3,6.958189010620117,9,False
0,11.452496528625488,5,False
2,8.288333892822266,9,False
2,9.01930046081543,3,False
0,7.62988805770874,3,False
3,10.46257209777832,5,False
1,11.175558090209961,9,False
1,7.02866268157959,1,False
2,12.976034164428711,2,False
3,7.254419326782227,8,False
0,8.023656845092773,5,False
2,7.451595306396484,9,False
3,8.107922554016113,7,False
0,9.19714641571045,3,False
1,7.37234354019165,7,False
1,9.271039962768555,8,False
3,9.099905014038086,6,False
0,9.906505584716797,4,False
2,9.510719299316406,4,False
2,9.986346244812012,5,False
1,7.334341049194336,4,False
0,7.654353618621826,7,False
3,10.092327117919922,6,False
0,10.251245498657227,3,False
3,11.82940673828125,4,False
2,8.44117546081543,5,False
1,11.449737548828125,2,False
0,12.737861633300781,3,False
2,9.619701385498047,6,False
3,11.138191223144531,9,False
1,9.608081817626953,3,False
1,10.642192840576172,6,False
3,8.615486145019531,2,False
2,10.736433029174805,9,False
0,8.563369750976562,6,False
1,7.701794147491455,5,False
0,9.347393035888672,6,False
3,6.784224987030029,9,False
2,10.558145523071289,9,False
3,11.415594100952148,7,False
0,9.075967788696289,8,False
2,14.113250732421875,0,False
1,8.39471435546875,1,False
2,10.343709945678711,7,False
0,6.133697032928467,1,False
1,11.209331512451172,6,False
3,14.160540580749512,2,False
1,10.949323654174805,7,False
3,10.133764266967773,2,False
0,9.326011657714844,9,False
2,11.593267440795898,7,False
0,8.678354263305664,1,False
3,10.198970794677734,6,False
2,8.522344589233398,8,False
1,7.764638900756836,7,False
2,10.883529663085938,5,False
0,8.293487548828125,1,False
3,10.140934944152832,9,False
1,11.903255462646484,3,False
3,8.582216262817383,9,False
1,11.124273300170898,6,False
0,9.015573501586914,2,False
2,7.231914520263672,9,False
0,8.216282844543457,9,False
2,7.3375468254089355,8,False
3,8.86923599243164,3,False
1,7.243371963500977,6,False
1,8.422691345214844,6,False
0,8.614969253540039,9,False
3,12.065303802490234,8,False
2,6.7888712882995605,5,False
0,7.825137138366699,4,False
1,11.287664413452148,3,False
3,10.388274192810059,5,False
2,10.081046104431152,2,False
3,11.091862678527832,0,False
0,11.86994743347168,3,False
1,8.80271053314209,6,False
2,9.978229522705078,6,False
1,9.583879470825195,6,False
2,8.710710525512695,1,False
3,10.096010208129883,6,False
0,8.76319694519043,4,False
2,10.747490882873535,0,False
1,6.514294624328613,0,False
0,9.218118667602539,3,False
3,10.724644660949707,7,False
1,10.163877487182617,3,False
3,8.845956802368164,4,False
2,7.475003242492676,4,False
0,9.381572723388672,5,False
3,11.128130912780762,3,False
0,10.944557189941406,3,False
2,8.094049453735352,6,False
1,7.759128570556641,1,False
2,8.8319091796875,4,False
3,11.92090129852295,6,False
0,8.780550003051758,6,False
1,10.681244850158691,2,False
0,12.468527793884277,7,False
1,12.710451126098633,2,False
3,13.47598648071289,5,False
2,11.766855239868164,6,False
0,12.458128929138184,6,False
1,7.9683613777160645,0,False
2,8.619508743286133,0,False
3,9.667767524719238,1,False
2,11.905393600463867,2,False
1,11.66606330871582,6,False
0,9.949930191040039,8,False
3,8.614785194396973,5,False
1,8.58890438079834,9,False
3,11.969257354736328,2,False
2,10.993827819824219,1,False
0,10.275835037231445,9,False
0,11.470470428466797,7,False
2,10.947809219360352,6,False
1,8.780194282531738,8,False
3,9.815120697021484,2,False
0,8.517274856567383,6,False
1,13.581989288330078,2,False
2,11.177556991577148,5,False
3,11.256889343261719,4,False
1,11.157846450805664,3,False
3,7.703758239746094,9,False
0,7.992859840393066,8,False
2,9.560235977172852,0,False
0,9.0459623336792,1,False
3,7.265459060668945,9,False
1,9.326838493347168,2,False
2,12.667142868041992,6,False
2,10.661712646484375,2,False
1,9.4815092086792,1,False
3,8.511953353881836,1,False
0,10.308594703674316,0,False
3,13.386751174926758,7,False
0,9.811243057250977,3,False
1,9.735738754272461,9,False
2,8.210836410522461,1,False
1,8.977928161621094,6,False
2,12.602279663085938,2,False
0,9.080394744873047,8,False
3,11.845258712768555,3,False
3,9.666814804077148,9,False
2,8.172234535217285,5,False
0,8.130420684814453,1,False
1,10.082443237304688,1,False
0,8.310497283935547,7,False
3,11.157690048217773,9,False
2,7.71435546875,4,False
1,11.672442436218262,0,False
0,8.83986759185791,6,False
3,10.039081573486328,6,False
1,11.465892791748047,4,False
2,6.734124183654785,4,False
1,8.852371215820312,0,False
3,9.307807922363281,9,False
2,6.102636337280273,1,False
0,8.374876976013184,9,False
1,8.353377342224121,9,False
3,6.806195259094238,8,False
0,11.55752944946289,8,False
2,10.677457809448242,7,False
1,9.231405258178711,3,False
0,7.908242225646973,0,False
3,9.215298652648926,7,False
2,10.740535736083984,6,False
0,9.958490371704102,9,False
1,10.663301467895508,6,False
2,10.36435317993164,8,False
3,9.41958999633789,6,False
0,10.032722473144531,8,False
1,8.362831115722656,8,False
2,10.867395401000977,7,False
3,9.20352840423584,1,False
0,13.936456680297852,6,False
2,12.958086013793945,2,False
1,9.68680191040039,1,False
3,6.817636966705322,4,False
0,12.309430122375488,3,False
2,8.712129592895508,1,False
3,9.600101470947266,8,False
1,7.93324613571167,8,False
3,8.20882511138916,1,False
1,7.427243232727051,7,False
0,9.777737617492676,3,False
2,7.38189697265625,7,False
0,12.130536079406738,7,False
2,13.135072708129883,8,False
1,8.850476264953613,5,False
3,9.870549201965332,4,False
2,10.266263961791992,1,False
1,11.771062850952148,2,False
0,12.016096115112305,3,False
3,7.801548957824707,5,False
0,8.83996295928955,5,False
3,11.283867835998535,1,False
2,7.9075469970703125,9,False
1,9.201712608337402,9,False
2,11.475236892700195,2,False
0,11.993589401245117,4,False
1,8.197861671447754,7,False
3,10.128192901611328,8,False
2,6.792414665222168,0,False
0,7.520532608032227,1,False
1,9.109983444213867,4,False
3,12.101068496704102,2,False
2,10.206482887268066,7,False
1,13.441939353942871,6,False
3,11.006686210632324,8,False
0,9.9214448928833,9,False
1,14.357158660888672,3,False
0,8.28085994720459,5,False
3,6.906524181365967,1,False
2,13.645712852478027,2,False
0,7.247325897216797,1,False
1,11.411643028259277,2,False
3,8.16789436340332,6,False
2,8.665143966674805,9,False
2,12.620784759521484,6,False
0,12.999166488647461,0,False
1,10.16504192352295,9,False
3,10.291190147399902,0,False
0,8.700669288635254,5,False
2,6.391201972961426,8,False
1,12.128227233886719,6,False
3,11.837234497070312,6,False
0,8.83018684387207,3,False
2,8.283199310302734,8,False
3,10.032407760620117,0,False
1,6.631306171417236,7,False
2,12.061248779296875,6,False
1,9.905173301696777,6,False
0,11.944738388061523,7,False
3,11.461785316467285,0,False
1,7.101508617401123,8,False
3,10.994987487792969,2,False
0,8.903841018676758,0,False
2,11.950203895568848,7,False
3,10.190878868103027,0,False
2,6.9635114669799805,9,False
1,7.983455181121826,8,False
0,8.055856704711914,8,False
2,13.897615432739258,2,False
1,10.466109275817871,6,False
3,7.381532669067383,7,False
0,8.207340240478516,8,False
0,7.533794403076172,5,False
2,8.081527709960938,3,False
3,11.602762222290039,8,False
1,8.63686752319336,9,False
0,7.322967529296875,4,False
1,7.734210968017578,7,False
3,13.94866943359375,2,False
2,8.797782897949219,3,False
2,8.638209342956543,0,False
0,10.304315567016602,3,False
3,10.855905532836914,6,False
1,8.762886047363281,9,False
3,10.676223754882812,3,False
2,9.10136604309082,8,False
0,7.944148063659668,8,False
1,10.549073219299316,8,False
0,10.384588241577148,1,False
1,10.392557144165039,5,False
3,6.609775543212891,6,False
2,9.189261436462402,0,False
3,8.24410629272461,6,False
1,9.245376586914062,8,False
2,8.69962215423584,5,False
0,9.871143341064453,2,False
2,9.7275972366333,3,False
1,10.253503799438477,7,False
3,7.722133636474609,9,False
0,9.732090950012207,6,False
0,8.480984687805176,0,False
3,7.307600021362305,1,False
2,9.81272029876709,6,False
1,8.939911842346191,5,False
1,11.07927417755127,0,False
3,9.983447074890137,1,False
0,8.101545333862305,0,False
2,10.303997039794922,8,False
1,12.52883243560791,6,False
0,13.306814193725586,7,False
2,9.257923126220703,1,False
3,10.693387031555176,5,False
1,10.90488052368164,3,False
3,7.6875,4,False
0,10.27871036529541,9,False
2,12.488338470458984,9,False
1,8.28745174407959,7,False
3,9.57476806640625,4,False
0,9.813737869262695,4,False
2,10.236763000488281,6,False
2,8.474409103393555,3,False
0,14.824139595031738,3,False
1,7.641048431396484,9,False
3,8.033652305603027,7,False
3,10.519460678100586,7,False
2,9.841049194335938,9,False
1,12.936784744262695,2,False
0,6.660747051239014,7,False
2,12.81690788269043,0,False
3,12.045116424560547,2,False
1,8.26158618927002,7,False
0,9.696322441101074,9,False
3,6.666400909423828,9,False
1,9.1139497756958,7,False
0,9.768577575683594,1,False
2,9.902185440063477,3,False
1,8.59032154083252,3,False
2,7.905363082885742,7,False
0,9.729936599731445,0,False
3,8.97823429107666,9,False
1,9.127115249633789,6,False
3,9.334012985229492,7,False
2,7.384579658508301,7,False
0,9.426671981811523,0,False
3,9.347267150878906,6,False
1,6.82576847076416,7,False
0,8.910393714904785,7,False
2,12.067103385925293,8,False
1,11.78764533996582,3,False
2,8.177824020385742,4,False
0,9.960092544555664,3,False
3,5.651339530944824,5,False
3,12.435922622680664,3,False
2,6.129098892211914,0,False
1,9.776666641235352,1,False
0,10.813194274902344,8,False
2,10.673992156982422,3,False
0,7.903193473815918,7,False
3,9.889387130737305,7,False
1,9.854721069335938,4,False
3,6.6412272453308105,1,False
0,11.347311973571777,3,False
2,8.85897445678711,2,False
1,10.66431999206543,2,False
3,9.143547058105469,1,False
1,9.65363597869873,9,False
2,10.453792572021484,2,False
0,8.587821960449219,7,False
3,7.929834365844727,4,False
1,10.388673782348633,2,False
0,15.978370666503906,8,False
2,9.59962272644043,6,False
1,11.027812957763672,2,False
2,9.377349853515625,5,False
0,11.3345308303833,7,False
3,6.132884979248047,2,False
3,13.960077285766602,2,False
1,9.800788879394531,9,False
2,7.474388122558594,9,False
0,9.952253341674805,6,False
3,10.679866790771484,4,False
2,6.1668596267700195,9,False
0,6.389512062072754,9,False
1,7.913153648376465,3,False
0,11.484734535217285,2,False
3,8.16518783569336,1,False
1,9.953771591186523,9,False
2,13.319186210632324,3,False
0,12.593365669250488,0,False
1,8.615545272827148,5,False
3,8.068578720092773,9,False
2,8.861007690429688,4,False
0,8.801475524902344,4,False
1,11.719490051269531,5,False
3,10.718433380126953,3,False
2,13.21784496307373,0,False
1,9.414552688598633,8,False
2,8.632723808288574,7,False
0,9.465999603271484,1,False
3,10.656078338623047,2,False
1,10.317127227783203,1,False
3,8.975918769836426,5,False
2,9.967491149902344,4,False
0,6.402955055236816,9,False
2,9.08346939086914,6,False
3,10.805915832519531,9,False
1,9.829732894897461,7,False
0,12.214361190795898,3,False
2,7.171412467956543,5,False
1,9.502260208129883,0,False
0,7.9659647941589355,1,False
3,12.6829833984375,3,False
2,9.852693557739258,8,False
0,9.558147430419922,1,False
1,6.572293281555176,5,False
3,8.720422744750977,7,False
1,10.831144332885742,9,False
3,9.152862548828125,5,False
2,10.776803970336914,3,False
0,12.829244613647461,6,False
0,17.021129608154297,3,False
1,7.554269790649414,1,False
3,9.911722183227539,3,False
2,10.723651885986328,8,False
2,8.54450798034668,8,False
0,8.532768249511719,9,False
1,10.913769721984863,2,False
3,9.64057731628418,0,False
3,10.371853828430176,5,False
1,15.12059211730957,2,False
2,11.635438919067383,3,False
0,10.012117385864258,9,False
3,6.305089950561523,9,False
0,11.505762100219727,5,False
1,9.421761512756348,3,False
2,12.473930358886719,3,False
2,9.489444732666016,0,False
1,8.001838684082031,5,False
3,8.418750762939453,6,False
0,7.447007656097412,5,False
3,9.287578582763672,2,False
1,8.999454498291016,9,False
0,11.217622756958008,2,False
2,12.455570220947266,8,False
1,8.975504875183105,0,False
0,10.788984298706055,3,False
2,9.720575332641602,2,False
3,12.23493480682373,6,False
0,9.396320343017578,4,False
3,12.886701583862305,2,False
2,11.250141143798828,8,False
1,13.498156547546387,0,False
0,8.934316635131836,7,False
1,12.708154678344727,2,False
2,8.27557373046875,1,False
3,7.9138898849487305,8,False
1,6.858833312988281,4,False
3,9.233894348144531,9,False
2,7.461556434631348,4,False
0,10.85912036895752,6,False
3,9.894993782043457,3,False
0,6.979937553405762,8,False
2,5.920761585235596,9,False
1,11.086336135864258,3,False
1,9.069429397583008,1,False
0,7.76408576965332,0,False
3,10.178537368774414,7,False
2,9.47525405883789,4,False
2,7.413958549499512,6,False
0,11.345967292785645,2,False
3,9.846778869628906,6,False
1,10.236899375915527,7,False
1,11.401355743408203,7,False
3,10.255224227905273,5,False
0,9.984325408935547,3,False
2,7.720520973205566,2,False
0,7.450420379638672,3,False
1,14.394725799560547,2,False
2,13.485594749450684,2,False
3,8.953115463256836,7,False
2,12.225232124328613,8,False
1,8.207420349121094,9,False
3,10.108404159545898,9,False
0,7.814322471618652,8,False
2,9.330713272094727,2,False
1,12.925599098205566,2,False
3,8.416777610778809,1,False
0,7.811329364776611,5,False
3,8.899480819702148,5,False
2,11.295242309570312,9,False
0,8.037029266357422,4,False
1,11.231209754943848,8,False
0,9.667953491210938,4,False
2,9.22642707824707,5,False
1,11.423867225646973,1,False
3,9.334739685058594,0,False
0,8.69456672668457,5,False
2,9.670560836791992,2,False
1,7.094480991363525,0,False
3,8.383747100830078,4,False
2,10.93305492401123,0,False
3,10.313613891601562,3,False
1,12.07532787322998,2,False
0,6.7561354637146,9,False
0,7.920395374298096,7,False
1,12.340359687805176,7,False
3,11.568098068237305,2,False
2,8.965875625610352,2,False
1,13.069068908691406,2,False
3,7.046380043029785,9,False
2,8.958693504333496,5,False
0,10.52888011932373,8,False
0,12.787496566772461,7,False
3,12.104783058166504,2,False
2,9.992433547973633,0,False
1,10.739999771118164,8,False
0,9.752582550048828,1,False
2,11.550193786621094,8,False
1,9.325555801391602,8,False
3,7.6795268058776855,4,False
0,7.842254638671875,2,False
3,7.5529913902282715,9,False
2,9.865171432495117,7,False
1,10.211077690124512,0,False
1,7.449779510498047,3,False
0,12.079401016235352,2,False
2,9.860002517700195,1,False
3,10.350907325744629,8,False
1,10.361564636230469,1,False
2,7.389653205871582,9,False
0,11.401360511779785,2,False
3,6.647493839263916,4,False
3,9.226181983947754,6,False
0,12.369047164916992,5,False
1,10.478609085083008,3,False
2,6.985246181488037,6,False
1,9.28902816772461,2,False
3,11.707236289978027,2,False
2,8.873538970947266,3,False
0,8.592272758483887,0,False
3,8.068137168884277,5,False
0,10.791008949279785,5,False
2,8.029260635375977,5,False
1,12.09204387664795,0,False
0,10.528697967529297,8,False
1,8.784078598022461,2,False
3,8.84963607788086,5,False
2,8.613764762878418,5,False
2,10.811881065368652,7,False
3,6.995980262756348,0,False
1,10.26942253112793,2,False
0,7.152677536010742,8,False
2,10.313350677490234,6,False
0,9.003693580627441,8,False
1,11.647428512573242,2,False
3,9.082456588745117,5,False
1,10.484992980957031,3,False
2,10.307531356811523,1,False
3,9.02998161315918,1,False
0,7.9443230628967285,1,False
1,8.244590759277344,8,False
3,8.650883674621582,9,False
0,10.634923934936523,7,False
2,10.313736915588379,4,False
0,8.988227844238281,1,False
3,10.277170181274414,3,False
2,8.39090347290039,4,False
1,7.788370132446289,8,False
3,7.424288749694824,5,False
1,8.995979309082031,8,False
2,7.671933174133301,7,False
0,6.335554122924805,9,False
0,9.784228324890137,2,False
2,9.669536590576172,7,False
3,8.458332061767578,9,False
1,11.643777847290039,8,False
1,9.897028923034668,4,False
3,8.146293640136719,3,False
2,11.02910327911377,2,False
0,10.418350219726562,6,False
2,10.496896743774414,7,False
1,11.31554889678955,3,False
0,9.666524887084961,5,False
3,10.531755447387695,8,False
3,6.698081970214844,7,False
1,7.091431140899658,1,False
2,7.957533836364746,0,False
0,12.151159286499023,3,False
3,11.342597961425781,3,False
1,9.850764274597168,5,False
0,11.41703987121582,3,False
2,8.779863357543945,2,False
0,10.845251083374023,3,False
3,10.284992218017578,1,False
2,12.240720748901367,2,False
1,9.883907318115234,7,False
3,9.24099063873291,8,False
2,11.449325561523438,6,False
0,6.916982650756836,3,False
1,8.435770034790039,6,False
2,10.17635726928711,6,False
0,11.682577133178711,6,False
1,12.224916458129883,7,False
3,12.369913101196289,5,False
2,8.969318389892578,1,False
1,10.29008674621582,0,False
0,9.521013259887695,9,False
3,9.26347827911377,4,False
1,12.681947708129883,0,False
2,8.34796142578125,1,False
0,9.636225700378418,5,False
3,10.759780883789062,2,False
1,9.539307594299316,6,False
3,9.748570442199707,6,False
0,9.888664245605469,5,False
2,8.6344575881958,0,False
2,9.780519485473633,8,False
1,10.180251121520996,8,False
0,12.84935188293457,3,False
3,9.59530258178711,7,False
3,10.262887954711914,2,False
0,5.840322494506836,3,False
1,8.616886138916016,6,False
2,9.360925674438477,4,False
1,12.157236099243164,7,False
2,10.073131561279297,6,False
0,8.72049331665039,5,False
3,11.239031791687012,3,False
2,8.871363639831543,4,False
3,9.862171173095703,3,False
0,8.588338851928711,2,False
1,10.585620880126953,2,False
1,8.880516052246094,2,False
3,15.106901168823242,2,False
2,8.070011138916016,4,False
0,9.977489471435547,7,False
0,7.086671352386475,4,False
2,11.625768661499023,2,False
1,9.059442520141602,8,False
3,7.195212364196777,9,False
1,10.861467361450195,8,False
3,7.397244930267334,4,False
2,10.231324195861816,3,False
0,9.664775848388672,9,False
2,7.2015886306762695,9,False
0,9.168097496032715,3,False
1,6.797868251800537,8,False
3,12.347429275512695,2,False
3,9.262859344482422,4,False
0,9.111480712890625,4,False
2,9.539478302001953,0,False
1,9.803471565246582,9,False
1,8.662071228027344,4,False
3,12.404247283935547,2,False
2,11.128593444824219,4,False
0,8.572317123413086,3,False
1,6.8264265060424805,1,False
2,11.127866744995117,4,False
3,12.640484809875488,3,False
0,8.628769874572754,6,False
0,11.422048568725586,2,False
1,11.383480072021484,2,False
3,10.370155334472656,0,False
2,5.99212121963501,9,False
0,10.695714950561523,7,False
1,6.482873916625977,9,False
2,10.159770965576172,0,False
3,7.900519847869873,9,False
1,9.383792877197266,2,False
2,5.668651580810547,7,False
3,12.790481567382812,2,False
0,10.881781578063965,6,False
3,10.785459518432617,9,False
2,10.50832748413086,5,False
1,11.65056037902832,4,False
0,11.72797966003418,3,False
1,9.828447341918945,6,False
3,9.115558624267578,4,False
2,12.507986068725586,2,False
0,6.1581010818481445,7,False
1,13.443582534790039,8,False
0,4.836599349975586,9,False
2,6.782631874084473,6,False
3,9.031824111938477,3,False
2,11.659735679626465,2,False
3,9.447232246398926,9,False
0,6.61584997177124,9,False
1,10.908663749694824,6,False
1,7.491691589355469,6,False
0,9.136021614074707,0,False
2,8.341662406921387,4,False
3,6.873445510864258,6,False
2,9.225196838378906,9,False
3,7.690898418426514,1,False
1,9.970742225646973,4,False
0,8.265405654907227,1,False
3,6.060337543487549,9,False
1,12.076467514038086,1,False
2,9.755220413208008,1,False
0,8.135623931884766,9,False
2,8.186918258666992,1,False
0,9.01635456085205,3,False
3,9.55744457244873,7,False
1,7.841704368591309,4,False
3,11.244258880615234,6,False
1,13.214409828186035,2,False
2,9.840272903442383,8,False
0,6.938640594482422,9,False
2,9.630399703979492,3,False
1,10.968214988708496,3,False
0,5.953491687774658,1,False
3,8.977680206298828,4,False
1,8.53813648223877,5,False
0,6.800258636474609,0,False
2,9.514891624450684,3,False
3,8.345739364624023,8,False
0,6.386604309082031,9,False
1,9.4662504196167,0,False
2,7.656131744384766,1,False
3,11.765210151672363,1,False
3,10.972723007202148,3,False
1,10.580562591552734,6,False
2,12.1573486328125,2,False
0,8.399295806884766,1,False
3,7.899973392486572,4,False
1,6.411887168884277,4,False
2,6.6848883628845215,5,False
0,9.371249198913574,2,False
0,8.964644432067871,5,False
3,8.464845657348633,1,False
2,10.403813362121582,0,False
1,11.33473014831543,2,False
1,6.997354030609131,5,False
0,9.291748046875,7,False
3,13.256444931030273,3,False
2,10.961731910705566,5,False
1,10.998720169067383,3,False
0,7.252429008483887,4,False
2,6.427150249481201,8,False
3,9.585665702819824,9,False
0,10.205633163452148,0,False
1,7.9332594871521,5,False
3,8.331365585327148,4,False
2,7.328173637390137,4,False
1,8.90785026550293,6,False
3,7.195896625518799,9,False
0,7.784671783447266,9,False
2,7.957002639770508,2,False
2,7.5338311195373535,9,False
1,7.802559852600098,1,False
3,11.848983764648438,8,False
0,10.463094711303711,4,False
3,8.221829414367676,2,False
0,9.05418872833252,8,False
1,8.944863319396973,8,False
2,7.548494338989258,5,False
2,12.498430252075195,2,False
3,8.034891128540039,1,False
0,12.058767318725586,2,False
1,7.684494495391846,1,False
1,10.308673858642578,5,False
2,6.816760063171387,1,False
0,10.442577362060547,8,False
3,9.108343124389648,3,False
3,9.03660774230957,6,False
2,10.708166122436523,3,False
1,11.01789665222168,1,False
0,8.955025672912598,7,False
1,7.826183795928955,4,False
2,11.623438835144043,0,False
3,9.626221656799316,9,False
0,9.5349760055542,1,False
2,10.831073760986328,7,False
1,8.346658706665039,7,False
3,10.134113311767578,3,False
0,7.093193054199219,4,False
3,10.82114028930664,6,False
1,8.617242813110352,0,False
0,11.942401885986328,8,False
2,6.482314586639404,7,False
0,11.976110458374023,0,False
2,7.937681198120117,8,False
3,7.084280014038086,9,False
1,8.597064971923828,4,False
2,9.89311408996582,8,False
0,9.939613342285156,7,False
3,6.9453277587890625,1,False
1,9.87585735321045,7,False
1,7.396361827850342,8,False
2,7.365068435668945,3,False
0,7.307165145874023,1,False
3,12.921308517456055,3,False
3,8.712796211242676,8,False
2,10.350714683532715,6,False
1,7.162769794464111,8,False
0,9.055736541748047,7,False
1,7.605925559997559,1,False
0,10.022457122802734,6,False
3,7.360357284545898,4,False
2,6.793970584869385,4,False
2,6.683798789978027,8,False
3,9.643095016479492,8,False
1,7.498347282409668,9,False
0,10.253824234008789,7,False
0,11.592315673828125,4,False
1,13.00430965423584,9,False
3,8.097763061523438,6,False
2,10.972664833068848,8,False
3,9.054597854614258,3,False
0,11.559406280517578,3,False
2,8.788183212280273,8,False
1,12.421478271484375,2,False
2,7.768048286437988,7,False
1,10.57606029510498,1,False
3,7.975231170654297,4,False
0,7.848276138305664,1,False
0,10.561868667602539,7,False
2,11.225123405456543,5,False
3,13.63355827331543,2,False
1,8.365527153015137,8,False
1,6.8687944412231445,5,False
2,9.764781951904297,8,False
3,9.569192886352539,4,False
0,12.507227897644043,3,False
2,12.056148529052734,8,False
3,8.200115203857422,2,False
1,9.941493034362793,5,False
0,8.961494445800781,5,False
2,9.014623641967773,4,False
1,7.650614261627197,1,False
3,8.688989639282227,9,False
0,10.437074661254883,3,False
1,9.500268936157227,6,False
0,7.416254043579102,9,False
3,11.35069465637207,6,False
2,7.191978931427002,1,False
0,8.016160011291504,9,False
2,10.334339141845703,3,False
3,9.85777759552002,0,False
1,9.253873825073242,1,False
2,11.09285831451416,3,False
1,10.583332061767578,1,False
3,6.962080001831055,1,False
0,9.718299865722656,0,False
1,8.030647277832031,0,False
0,10.893606185913086,4,False
2,11.671548843383789,1,False
3,11.867347717285156,3,False
2,10.520027160644531,4,False
0,10.58527946472168,7,False
1,7.253736972808838,1,False
3,8.92801284790039,8,False
2,10.231842041015625,0,False
1,8.71685791015625,2,False
3,5.830849647521973,9,False
0,10.079240798950195,4,False
1,10.327804565429688,7,False
3,11.216155052185059,7,False
2,7.203553199768066,7,False
0,8.837156295776367,9,False
3,10.945196151733398,6,False
0,9.304398536682129,8,False
1,7.224445343017578,1,False
2,9.974943161010742,2,False
0,9.85068416595459,7,False
3,8.918052673339844,1,False
2,7.099536418914795,7,False
1,9.01405143737793,7,False
1,7.383243560791016,1,False
2,6.939269065856934,8,False
0,8.318559646606445,1,False
3,9.791577339172363,7,False
2,10.470477104187012,5,False
0,7.214095592498779,3,False
1,9.873647689819336,6,False
3,8.94970989227295,2,False
1,10.049596786499023,3,False
0,11.794145584106445,2,False
3,9.252549171447754,6,False
2,7.9113383293151855,9,False
1,8.53591537475586,6,False
2,8.923644065856934,2,False
3,14.103415489196777,3,False
0,9.63957691192627,9,False
2,9.357240676879883,4,False
1,12.234489440917969,2,False
3,11.88156509399414,2,False
0,10.676383972167969,6,False
1,8.838888168334961,2,False
3,7.956840515136719,4,False
0,8.951129913330078,7,False
2,12.790288925170898,6,False
3,8.821727752685547,7,False
0,11.38118839263916,5,False
2,9.701510429382324,1,False
1,7.629669189453125,4,False
2,7.553474426269531,1,False
0,7.38818359375,6,False
1,8.106285095214844,4,False
3,11.324972152709961,0,False
2,10.879975318908691,3,False
0,8.205080032348633,0,False
3,6.325074195861816,0,False
1,9.148008346557617,1,False
0,11.40228271484375,2,False
2,6.991789817810059,7,False
3,8.4222993850708,1,False
1,8.546897888183594,9,False
3,8.05687141418457,7,False
1,9.40286636352539,6,False
2,8.660737037658691,0,False
0,12.360160827636719,8,False
2,9.414008140563965,8,False
3,10.978887557983398,8,False
1,8.39208984375,4,False
0,12.524477005004883,3,False
3,6.261599540710449,1,False
0,8.299612998962402,5,False
1,12.077588081359863,0,False
2,8.92700481414795,0,False
2,11.248233795166016,1,False
0,8.597557067871094,3,False
1,12.159334182739258,6,False
3,7.46883487701416,4,False
2,9.218683242797852,0,False
1,11.441163063049316,5,False
0,9.683337211608887,6,False
3,7.899153709411621,9,False
3,7.148696422576904,5,False
1,8.336838722229004,1,False
0,8.918684005737305,6,False
2,8.154909133911133,0,False
3,12.092660903930664,7,False
1,9.31165599822998,5,False
2,9.108315467834473,8,False
0,12.454676628112793,2,False
1,11.202601432800293,8,False
0,9.099200248718262,4,False
2,8.585002899169922,5,False
3,8.884256362915039,8,False
2,6.949798583984375,2,False
3,6.91242790222168,8,False
0,8.411417007446289,9,False
1,5.955748558044434,5,False
0,12.006889343261719,7,False
3,8.969914436340332,0,False
2,10.183740615844727,0,False
1,10.161369323730469,6,False
1,5.880023956298828,9,False
3,8.408098220825195,9,False
2,9.813934326171875,2,False
0,13.113994598388672,3,False
0,6.19291877746582,7,False
2,10.654865264892578,2,False
1,6.027949333190918,1,False
3,11.452898025512695,3,False
2,12.17674446105957,3,False
0,10.430113792419434,4,False
3,9.348428726196289,9,False
1,9.954492568969727,8,False
1,7.934022903442383,1,False
3,10.64663314819336,3,False
2,9.830055236816406,0,False
0,9.231378555297852,5,False
3,12.555835723876953,5,False
2,5.759726524353027,7,False
0,12.145912170410156,8,False
1,8.689067840576172,9,False
0,6.386046409606934,6,False
2,7.963603496551514,8,False
1,15.091612815856934,2,False
3,13.579309463500977,2,False
0,10.166635513305664,3,False
3,9.621910095214844,7,False
1,5.269507884979248,8,False
2,10.122542381286621,8,False
2,10.074169158935547,1,False
0,11.663677215576172,2,False
1,12.256959915161133,2,False
3,9.1347074508667,7,False
2,13.052196502685547,0,False
1,10.712759017944336,3,False
3,9.876975059509277,3,False
0,8.65750503540039,0,False
1,9.494816780090332,8,False
3,9.01396369934082,4,False
0,9.848061561584473,5,False
2,8.82030963897705,4,False
3,6.293195724487305,5,False
2,12.073237419128418,2,False
1,7.3153228759765625,1,False
0,10.695411682128906,2,False
2,10.033499717712402,8,False
1,10.028100967407227,3,False
0,11.359663009643555,1,False
3,10.352486610412598,1,False
2,11.051933288574219,3,False
3,8.456414222717285,9,False
1,8.57320499420166,6,False
0,8.522581100463867,9,False
0,8.923311233520508,5,False
3,9.27778148651123,0,False
2,9.702106475830078,4,False
1,13.192302703857422,1,False
0,10.276144027709961,6,False
2,12.725833892822266,0,False
1,10.665225982666016,1,False
3,11.405078887939453,0,False
1,6.65396785736084,1,False
0,10.723562240600586,6,False
2,11.583808898925781,8,False
3,11.445074081420898,0,False
0,7.536513328552246,9,False
3,11.87728500366211,7,False
2,8.85006046295166,8,False
1,10.929752349853516,3,False
2,13.725050926208496,3,False
3,10.709561347961426,3,False
1,10.77102279663086,7,False
0,8.095165252685547,6,False
0,10.882545471191406,4,False
1,8.901396751403809,8,False
3,9.997642517089844,1,False
2,8.681782722473145,7,False
1,8.572683334350586,6,False
0,12.301694869995117,3,False
3,8.948722839355469,1,False
2,12.066389083862305,8,False
0,10.271985054016113,3,False
3,7.204720497131348,0,False
1,8.366857528686523,6,False
2,7.691925525665283,1,False
0,6.8637495040893555,3,False
2,8.465301513671875,7,False
1,8.220466613769531,1,False
3,12.526793479919434,3,False
3,8.455535888671875,1,False
0,8.276998519897461,3,False
1,8.95399284362793,1,False
2,11.565667152404785,0,False
3,8.609756469726562,8,False
2,6.856728553771973,9,False
0,11.495134353637695,2,False
1,11.724467277526855,2,False
3,15.748549461364746,3,False
1,11.341768264770508,3,False
2,9.718544006347656,0,False
0,9.896690368652344,8,False
0,9.667242050170898,8,False
3,11.131933212280273,2,False
1,9.760625839233398,4,False
2,11.166141510009766,8,False
1,9.718908309936523,6,False
0,11.51786994934082,0,False
2,10.755651473999023,7,False
3,7.617359638214111,7,False
0,11.03225326538086,2,False
3,9.616010665893555,6,False
2,10.453742980957031,2,False
1,8.511513710021973,2,False
2,7.599286079406738,9,False
1,8.869569778442383,3,False
0,7.877758979797363,6,False
3,13.655939102172852,2,False
2,9.645295143127441,2,False
3,7.582948207855225,5,False
1,7.1701202392578125,3,False
0,13.463235855102539,3,False
0,10.042337417602539,7,False
2,9.735101699829102,7,False
3,9.641529083251953,7,False
1,8.719474792480469,4,False
3,8.630568504333496,8,False
1,8.323652267456055,5,False
2,9.227127075195312,9,False
0,9.049125671386719,5,False
1,7.725956439971924,3,False
0,12.368001937866211,3,False
2,8.083513259887695,9,False
3,10.839986801147461,3,False
3,7.506080150604248,5,False
0,8.818658828735352,0,False
1,10.837291717529297,2,False
2,8.197478294372559,4,False
2,7.270369052886963,4,False
0,9.338497161865234,8,False
3,8.754669189453125,2,False
1,10.869630813598633,2,False
0,11.620192527770996,7,False
2,7.068549156188965,1,False
3,7.583680152893066,9,False
1,11.849202156066895,5,False
3,11.009613037109375,2,False
1,9.524802207946777,7,False
2,12.480735778808594,3,False
0,8.173517227172852,9,False
2,13.33984375,2,False
3,10.960299491882324,0,False
0,8.354878425598145,1,False
1,12.197139739990234,3,False
1,11.221270561218262,4,False
3,13.913023948669434,3,False
2,6.692395210266113,0,False
0,8.730509757995605,4,False
3,6.438217639923096,0,False
0,8.514392852783203,8,False
2,7.122801780700684,4,False
1,8.801002502441406,6,False
1,6.099992752075195,5,False
3,6.899930953979492,7,False
0,10.69825267791748,8,False
2,6.145923137664795,1,False
2,10.58236026763916,3,False
0,11.102006912231445,1,False
3,7.088190078735352,5,False
1,6.767650127410889,7,False
0,9.936986923217773,1,False
1,8.542069435119629,0,False
2,8.960498809814453,6,False
3,9.618083000183105,4,False
2,12.238497734069824,2,False
1,13.222415924072266,3,False
3,7.4984941482543945,4,False
0,9.739562034606934,9,False
3,8.452119827270508,9,False
0,6.188896179199219,9,False
1,8.741376876831055,6,False
2,8.808710098266602,1,False
1,8.29076862335205,4,False
3,12.62062931060791,5,False
2,10.224126815795898,3,False
0,8.136821746826172,0,False
0,10.842297554016113,4,False
3,10.592724800109863,4,False
2,10.305669784545898,6,False
1,8.920330047607422,3,False
3,8.366090774536133,7,False
0,8.940460205078125,8,False
1,13.039701461791992,2,False
2,10.072460174560547,3,False
0,7.588892936706543,9,False
2,9.023618698120117,6,False
1,7.744055271148682,3,False
3,9.190427780151367,4,False
3,10.690326690673828,1,False
2,7.495275974273682,7,False
0,8.889537811279297,0,False
1,12.652994155883789,8,False
2,7.17379093170166,9,False
0,10.316134452819824,4,False
1,10.484918594360352,0,False
3,6.512456893920898,9,False
0,8.39826774597168,5,False
3,9.443068504333496,6,False
2,10.313497543334961,4,False
1,13.73054313659668,2,False
2,10.354806900024414,3,False
3,7.894876003265381,1,False
1,10.524404525756836,1,False
0,7.587486743927002,4,False
0,12.375701904296875,0,False
1,12.354504585266113,3,False
3,8.642866134643555,3,False
2,13.241166114807129,6,False
2,7.042084217071533,9,False
3,11.480966567993164,8,False
1,10.621749877929688,1,False
0,8.469375610351562,5,False
3,7.155107021331787,1,False
0,7.422650337219238,0,False
2,9.67083740234375,3,False
1,8.666836738586426,7,False
0,10.828314781188965,2,False
2,7.596902370452881,8,False
1,11.918274879455566,3,False
3,8.079198837280273,1,False
2,8.509153366088867,9,False
1,11.360934257507324,5,False
0,9.114141464233398,1,False
3,9.130475997924805,4,False
1,6.710463523864746,9,False
3,7.7575883865356445,4,False
0,7.949706077575684,9,False
2,10.475923538208008,7,False
1,8.089917182922363,6,False
3,10.512053489685059,9,False
2,5.7592644691467285,7,False
0,11.641070365905762,2,False
1,7.420925617218018,4,False
3,9.14195442199707,8,False
2,8.929546356201172,4,False
0,9.52535343170166,8,False
3,11.428159713745117,2,False
0,8.284549713134766,5,False
1,8.250521659851074,9,False
2,10.755300521850586,3,False
2,12.352944374084473,5,False
0,7.236895561218262,5,False
3,11.364934921264648,2,False
1,11.116388320922852,8,False
1,5.494564056396484,0,False
2,8.611726760864258,9,False
0,9.781327247619629,3,False
3,9.131256103515625,8,False
0,7.73496675491333,3,False
2,10.236778259277344,2,False
3,7.327689170837402,4,False
1,8.057286262512207,9,False
1,7.9755682945251465,8,False
2,7.484067440032959,4,False
3,10.58123779296875,8,False
0,9.540559768676758,3,False
2,8.805292129516602,3,False
1,8.747722625732422,6,False
0,9.529787063598633,0,False
3,8.384223937988281,7,False
0,7.830944061279297,1,False
3,9.752447128295898,8,False
2,9.542928695678711,1,False
1,8.224939346313477,4,False
3,9.839295387268066,8,False
2,7.348461627960205,8,False
1,8.439644813537598,5,False
0,10.236455917358398,3,False
0,9.40719223022461,1,False
2,8.953191757202148,7,False
3,8.553834915161133,3,False
1,8.777141571044922,3,False
2,9.969584465026855,8,False
0,8.239339828491211,9,False
3,8.043485641479492,6,False
1,10.34078598022461,4,False
2,9.285975456237793,4,False
3,7.554003715515137,4,False
0,7.627620697021484,6,False
1,7.530359268188477,0,False
3,7.95485258102417,9,False
1,9.633398056030273,6,False
2,10.602394104003906,8,False
0,7.476185321807861,9,False
3,7.746891498565674,4,False
0,9.846647262573242,6,False
2,8.98363971710205,6,False
1,9.081862449645996,7,False
3,10.216737747192383,6,False
0,8.387839317321777,4,False
2,10.572307586669922,3,False
1,14.264525413513184,2,False
0,9.660505294799805,8,False
3,8.465070724487305,6,False
1,6.75394344329834,1,False
2,9.493139266967773,4,False
0,8.355076789855957,8,False
1,8.535987854003906,4,False
2,9.957342147827148,0,False
3,6.060961723327637,1,False
3,10.058147430419922,2,False
0,10.029073715209961,1,False
2,6.985491752624512,5,False
1,7.819644927978516,4,False
2,9.045031547546387,3,False
3,11.189321517944336,7,False
1,9.12644100189209,3,False
0,7.458996295928955,5,False
1,8.97663688659668,6,False
3,9.023326873779297,0,False
0,10.723075866699219,0,False
2,8.231685638427734,5,False
3,9.919649124145508,6,False
0,7.788309097290039,0,False
2,10.904753684997559,3,False
1,10.657632827758789,5,False
0,10.546534538269043,2,False
2,7.948077201843262,9,False
1,11.39382553100586,6,False
3,8.501688003540039,9,False
0,7.974619388580322,7,False
3,11.487138748168945,0,False
2,11.957584381103516,7,False
1,8.30837631225586,1,False
0,5.720781326293945,7,False
2,8.583559036254883,2,False
1,5.579336166381836,9,False
3,8.782394409179688,8,False
1,14.640168190002441,2,False
0,8.374652862548828,6,False
2,11.201913833618164,6,False
3,9.923322677612305,3,False
1,9.52761173248291,7,False
3,8.787278175354004,7,False
2,9.45681381225586,4,False
0,10.196455955505371,2,False
2,9.309468269348145,4,False
3,5.560303211212158,1,False
1,7.335323810577393,2,False
0,6.6407246589660645,9,False
0,10.300058364868164,7,False
1,12.780068397521973,7,False
2,9.987470626831055,5,False
3,7.918971538543701,6,False
3,14.273032188415527,2,False
2,9.583330154418945,1,False
1,10.282848358154297,5,False
0,8.528583526611328,7,False
3,12.889434814453125,7,False
0,9.145751953125,3,False
1,8.90243911743164,7,False
2,9.270668029785156,1,False
0,13.228401184082031,7,False
2,10.922483444213867,1,False
1,11.02206039428711,5,False
3,7.716855049133301,7,False
1,9.702472686767578,2,False
0,5.600287914276123,1,False
2,7.259617805480957,5,False
3,5.467944145202637,7,False
0,8.627643585205078,6,False
3,12.943927764892578,2,False
1,8.888556480407715,5,False
2,9.39742660522461,0,False
3,11.575508117675781,5,False
1,9.750150680541992,9,False
2,9.201215744018555,0,False
0,8.275291442871094,7,False
2,9.909167289733887,0,False
0,12.487828254699707,0,False
1,8.009804725646973,4,False
3,10.709259033203125,0,False
0,10.730252265930176,3,False
1,11.071529388427734,9,False
3,7.497959136962891,1,False
2,8.945659637451172,9,False
0,11.246517181396484,0,False
3,12.085731506347656,6,False
2,9.500354766845703,8,False
1,7.074110984802246,1,False
1,11.12286376953125,2,False
2,6.320301055908203,7,False
0,10.776876449584961,5,False
3,7.254130840301514,6,False
3,8.06381893157959,8,False
1,7.583829879760742,7,False
2,8.220460891723633,3,False
0,9.503949165344238,4,False
3,8.366533279418945,6,False
2,6.612311840057373,1,False
1,7.648721694946289,8,False
0,11.377260208129883,2,False
0,7.674417018890381,1,False
1,8.847929000854492,2,False
3,8.461004257202148,9,False
2,8.502630233764648,2,False
2,11.756765365600586,1,False
0,8.111948013305664,6,False
3,6.321084976196289,9,False
1,7.860800743103027,1,False
2,8.509568214416504,3,False
0,6.504281044006348,0,False
3,9.488113403320312,9,False
1,7.556512832641602,5,False
0,13.771430969238281,2,False
3,9.716897964477539,9,False
1,12.459226608276367,0,False
2,11.10958480834961,6,False
1,7.825775146484375,8,False
0,8.155458450317383,4,False
2,10.799285888671875,9,False
3,8.780065536499023,8,False
3,10.68282413482666,2,False
1,8.599669456481934,9,False
2,9.54910945892334,9,False
0,9.651309967041016,9,False
3,10.429447174072266,0,False
2,9.296603202819824,6,False
1,11.770559310913086,8,False
0,8.545414924621582,6,False
3,6.389861106872559,7,False
2,10.237781524658203,5,False
0,10.344083786010742,1,False
1,6.134923934936523,7,False
1,7.839333534240723,4,False
0,9.616779327392578,8,False
3,9.120656967163086,0,False
2,10.40390396118164,7,False
2,8.136908531188965,5,False
3,10.318140029907227,0,False
0,7.820406913757324,9,False
1,7.677732944488525,8,False
0,12.548498153686523,2,False
3,6.965457916259766,6,False
1,9.69493293762207,2,False
2,7.756662845611572,4,False
2,10.450736999511719,2,False
1,5.228724479675293,5,False
0,7.803940773010254,5,False
3,7.215595245361328,0,False
0,10.093463897705078,9,False
3,6.421023845672607,1,False
1,10.559825897216797,0,False
2,12.78321361541748,0,False
1,9.762557983398438,7,False
2,7.3550567626953125,7,False
3,10.310111999511719,1,False
0,9.708208084106445,6,False
3,10.084146499633789,9,False
0,8.660369873046875,6,False
1,7.435554504394531,5,False
2,9.42564582824707,5,False
2,12.307628631591797,9,False
3,8.500919342041016,0,False
0,11.440983772277832,8,False
1,10.298190116882324,6,False
2,8.106667518615723,4,False
3,10.221614837646484,5,False
0,10.040645599365234,2,False
1,8.807758331298828,7,False
1,7.790200710296631,6,False
0,9.409173011779785,1,False
3,8.698222160339355,7,False
2,8.340274810791016,4,False
2,7.7160515785217285,6,False
1,8.659939765930176,5,False
0,9.742109298706055,0,False
3,8.705381393432617,4,False
2,11.496610641479492,2,False
1,9.936197280883789,7,False
0,8.830987930297852,5,False
3,11.982872009277344,3,False
1,7.929754257202148,8,False
3,9.751541137695312,6,False
2,6.124440670013428,7,False
0,9.206392288208008,9,False
1,12.01960563659668,7,False
0,9.428779602050781,3,False
3,6.961787223815918,9,False
2,9.023649215698242,1,False
1,10.726032257080078,0,False
3,9.36722469329834,6,False
0,9.92260456085205,2,False
2,9.937938690185547,0,False
3,11.006994247436523,3,False
0,8.65757942199707,2,False
2,7.618906497955322,7,False
1,8.854154586791992,4,False
0,12.363457679748535,7,False
3,9.594982147216797,8,False
1,8.861642837524414,7,False
2,10.161900520324707,5,False
0,8.822443008422852,6,False
2,8.676929473876953,0,False
1,10.521099090576172,4,False
3,11.019377708435059,0,False
2,5.913825035095215,9,False
3,10.235808372497559,0,False
1,8.272558212280273,3,False
0,10.649993896484375,7,False
3,9.515470504760742,3,False
1,10.381322860717773,6,False
2,9.42220687866211,5,False
0,7.91357421875,0,False
1,8.263099670410156,6,False
3,10.098557472229004,7,False
2,9.72746753692627,2,False
0,6.898906230926514,4,False
3,7.412083148956299,8,False
0,9.302433013916016,0,False
1,12.30803108215332,3,False
2,9.594169616699219,0,False
0,10.405728340148926,0,False
3,8.36922836303711,4,False
2,13.786714553833008,6,False
1,7.481666564941406,9,False
0,10.119754791259766,5,False
3,6.527423858642578,6,False
2,11.655601501464844,3,False
1,7.901917457580566,6,False
0,10.52054214477539,7,False
1,10.391627311706543,3,False
2,9.65114688873291,8,False
3,8.225907325744629,1,False
0,10.086030960083008,1,False
1,6.341373443603516,4,False
3,7.024839401245117,1,False
2,11.608560562133789,8,False
2,6.63847017288208,1,False
3,11.848247528076172,7,False
1,8.664894104003906,4,False
0,6.8334269523620605,9,False
2,9.526267051696777,8,False
0,9.478158950805664,0,False
3,7.430787086486816,5,False
1,11.263452529907227,7,False
0,8.383947372436523,5,False
2,6.176208019256592,1,False
3,9.269506454467773,7,False
1,9.028181076049805,7,False
2,7.607722759246826,1,False
0,9.438416481018066,4,False
3,9.284233093261719,2,False
1,11.463830947875977,2,False
3,8.531461715698242,4,False
1,7.088560104370117,8,False
0,13.57856273651123,3,False
2,13.454891204833984,9,False
2,8.437609672546387,5,False
0,12.172767639160156,6,False
3,12.66251277923584,7,False
1,9.795628547668457,3,False
0,10.47642993927002,0,False
1,11.70796012878418,2,False
2,9.971617698669434,6,False
3,9.650263786315918,0,False
2,8.630865097045898,1,False
1,9.69311809539795,4,False
3,10.52871322631836,4,False
0,9.362366676330566,2,False
0,8.693987846374512,2,False
3,11.603494644165039,0,False
2,9.743917465209961,5,False
1,9.014238357543945,2,False
3,7.088531494140625,9,False
2,10.091886520385742,4,False
1,8.06003189086914,5,False
0,8.638116836547852,2,False
0,11.272224426269531,2,False
2,9.34042739868164,1,False
3,7.376290321350098,1,False
1,9.207006454467773,4,False
0,7.705825328826904,0,False
2,7.127618789672852,1,False
1,7.559427738189697,9,False
3,10.482576370239258,0,False
3,6.973409652709961,4,False
1,8.282894134521484,1,False
0,11.343733787536621,6,False
2,11.208260536193848,9,False
0,8.562158584594727,9,False
2,7.8368377685546875,4,False
1,8.46919059753418,9,False
3,8.636009216308594,8,False
2,8.88166618347168,7,False
1,9.430191993713379,8,False
0,8.5149507522583,9,False
3,12.06175708770752,5,False
2,9.46390151977539,1,False
1,8.50061321258545,1,False
3,12.891929626464844,6,False
0,11.182796478271484,0,False
3,11.242130279541016,3,False
1,10.148113250732422,1,False
2,10.20711898803711,8,False
0,10.496192932128906,0,False
3,8.61068344116211,4,False
2,9.992109298706055,7,False
0,11.206379890441895,7,False
1,12.900446891784668,0,False
0,9.964670181274414,9,False
1,12.292074203491211,7,False
2,11.823204040527344,5,False
3,8.226505279541016,6,False
1,8.909847259521484,2,False
0,8.67929458618164,2,False
2,6.281569004058838,4,False
3,12.141155242919922,2,False
1,6.267087936401367,8,False
3,7.775869369506836,4,False
2,10.662572860717773,5,False
0,9.417596817016602,5,False
2,12.252643585205078,3,False
3,7.879543781280518,5,False
1,12.139627456665039,3,False
0,10.05050277709961,5,False
1,11.144238471984863,3,False
2,13.508734703063965,2,False
3,10.375711441040039,2,False
0,10.999738693237305,8,False
2,11.31197738647461,5,False
1,6.2241058349609375,1,False
3,7.818395614624023,9,False
0,10.718229293823242,4,False
2,12.818662643432617,7,False
0,6.071651935577393,5,False
3,10.980594635009766,5,False
1,7.598071575164795,1,False
3,7.375191688537598,1,False
1,10.18474006652832,0,False
0,10.735414505004883,6,False
2,8.448799133300781,7,False
3,11.711149215698242,2,False
2,10.225799560546875,4,False
1,9.369751930236816,8,False
0,12.607620239257812,0,False
1,10.058319091796875,7,False
2,11.525429725646973,3,False
0,9.813359260559082,8,False
3,8.971429824829102,6,False
0,8.881160736083984,7,False
1,9.409709930419922,6,False
2,9.442937850952148,1,False
3,7.703325271606445,9,False
2,5.437348365783691,5,False
1,7.692630767822266,7,False
3,10.681367874145508,4,False
0,7.4723005294799805,6,False
2,7.028501510620117,7,False
1,11.061017990112305,6,False
0,9.448369026184082,6,False
3,11.525222778320312,0,False
3,8.131187438964844,5,False
0,13.727155685424805,6,False
1,13.38916015625,2,False
2,10.293827056884766,3,False
3,11.35969352722168,2,False
0,10.877702713012695,2,False
2,9.616584777832031,4,False
1,7.8810224533081055,8,False
0,8.33375072479248,1,False
1,11.052132606506348,1,False
2,7.598878383636475,4,False
3,7.858579635620117,5,False
2,10.44070816040039,7,False
1,7.3702287673950195,5,False
0,9.384967803955078,3,False
3,10.804670333862305,6,False
0,10.05448055267334,4,False
3,7.501914978027344,7,False
1,9.34650707244873,6,False
2,9.329108238220215,9,False
2,8.956335067749023,1,False
3,9.87575912475586,7,False
1,12.941848754882812,6,False
0,7.210829734802246,8,False
2,12.599859237670898,7,False
3,9.801936149597168,7,False
0,11.675015449523926,4,False
1,12.799968719482422,2,False
3,13.008769989013672,0,False
0,8.02540111541748,5,False
2,9.285677909851074,7,False
1,9.539234161376953,0,False
0,7.6320695877075195,5,False
1,9.393251419067383,2,False
2,11.52867317199707,4,False
3,9.581912994384766,2,False
0,8.636642456054688,4,False
2,13.587106704711914,8,False
3,8.598817825317383,1,False
1,6.7316975593566895,9,False
2,8.655195236206055,5,False
3,8.953357696533203,2,False
1,10.617918014526367,6,False
0,10.575212478637695,4,False
0,10.709831237792969,9,False
2,13.172677993774414,4,False
3,8.76480484008789,9,False
1,10.240106582641602,1,False
2,9.784536361694336,3,False
1,13.197643280029297,3,False
0,10.512648582458496,6,False
3,7.08771276473999,4,False
1,7.120591640472412,9,False
0,6.333629608154297,9,False
2,8.458353996276855,1,False
3,9.629400253295898,9,False
1,8.658625602722168,4,False
3,10.063216209411621,4,False
2,7.448114395141602,4,False
0,6.658361434936523,6,False
0,8.101725578308105,6,False
2,9.872795104980469,0,False
3,9.467220306396484,3,False
1,9.34572982788086,6,False
2,7.231759071350098,3,False
1,10.769036293029785,3,False
3,12.636970520019531,6,False
0,8.269797325134277,9,False
3,7.4242119789123535,1,False
1,5.727538108825684,1,False
0,4.754410743713379,1,False
2,8.968795776367188,5,False
1,10.727428436279297,6,False
3,7.17933464050293,1,False
0,10.432334899902344,5,False
2,8.574437141418457,4,False
3,11.320486068725586,9,False
2,7.581099033355713,8,False
0,10.374259948730469,6,False
1,10.28597640991211,8,False
1,8.44949722290039,4,False
3,13.34065055847168,2,False
0,9.177095413208008,0,False
2,9.722175598144531,9,False
0,8.46617603302002,1,False
2,8.139155387878418,6,False
1,9.267611503601074,6,False
3,8.728170394897461,7,False
3,6.820180892944336,0,False
2,11.23249340057373,0,False
1,8.979982376098633,2,False
0,6.724773406982422,1,False
2,8.988405227661133,3,False
1,7.033428192138672,0,False
0,9.182352066040039,4,False
3,9.524297714233398,3,False
1,6.74570369720459,9,False
3,6.440877914428711,1,False
2,7.841791152954102,6,False
0,8.146876335144043,7,False
1,7.967689514160156,1,False
0,9.156365394592285,0,False
2,7.941369533538818,5,False
3,8.68492317199707,4,False
1,10.225757598876953,5,False
3,8.973851203918457,8,False
0,7.649066925048828,4,False
2,6.371404647827148,9,False
0,10.318618774414062,2,False
2,9.916610717773438,6,False
3,9.218098640441895,4,False
1,8.475237846374512,1,False
3,7.425477981567383,1,False
1,8.683616638183594,2,False
2,10.502367973327637,9,False
0,7.10982608795166,4,False
0,8.189087867736816,1,False
2,7.579188346862793,9,False
1,6.883774280548096,9,False
3,11.320545196533203,3,False
0,8.611061096191406,4,False
1,10.033935546875,4,False
2,12.87369441986084,8,False
3,7.269253253936768,5,False
3,10.715566635131836,8,False
2,8.514966011047363,7,False
1,8.739177703857422,8,False
0,6.372217178344727,9,False
0,7.631464004516602,1,False
2,13.466246604919434,0,False
1,9.999850273132324,6,False
3,7.376802921295166,5,False
0,6.022974967956543,4,False
3,8.45105266571045,6,False
2,6.719109535217285,0,False
1,5.679478645324707,9,False
2,8.183533668518066,1,False
3,7.684171199798584,3,False
1,8.600934028625488,5,False
0,12.348342895507812,2,False
3,9.13876724243164,5,False
1,7.736525058746338,3,False
0,10.446361541748047,0,False
2,8.064019203186035,8,False
3,10.868120193481445,1,False
1,9.324559211730957,1,False
0,8.112208366394043,9,False
2,10.55062484741211,1,False
3,6.258182525634766,9,False
0,7.824279308319092,1,False
2,12.493803977966309,3,False
1,8.848821640014648,6,False
0,6.855425834655762,8,False
1,8.005722999572754,2,False
3,10.654488563537598,2,False
2,7.875094413757324,7,False
2,9.503299713134766,7,False
0,7.528432846069336,9,False
1,7.414621353149414,1,False
3,13.861991882324219,2,False
0,7.941624641418457,2,False
3,10.98994255065918,9,False
1,10.506709098815918,4,False
2,11.341458320617676,0,False
3,12.249088287353516,3,False
2,9.595802307128906,7,False
1,10.568674087524414,9,False
0,9.143098831176758,1,False
2,10.665590286254883,2,False
0,10.558319091796875,4,False
1,6.405317783355713,0,False
3,9.656557083129883,6,False
3,12.041261672973633,8,False
0,12.93187141418457,4,False
2,8.242801666259766,3,False
1,9.863744735717773,1,False
2,11.319873809814453,4,False
0,10.18809700012207,1,False
1,9.868507385253906,8,False
3,9.705150604248047,9,False
0,10.430213928222656,7,False
1,15.656020164489746,2,False
3,9.810781478881836,2,False
2,14.379621505737305,2,False
2,12.196606636047363,3,False
0,7.077184677124023,7,False
3,9.348888397216797,1,False
1,10.632834434509277,1,False
3,11.171283721923828,6,False
0,9.100038528442383,9,False
1,7.902700901031494,4,False
2,11.599143981933594,9,False
3,11.033626556396484,2,False
2,9.539800643920898,1,False
1,8.256722450256348,4,False
0,11.4111328125,3,False
2,9.623109817504883,0,False
1,8.272314071655273,5,False
0,9.681434631347656,6,False
3,7.568439960479736,1,False
3,11.703487396240234,0,False
0,11.038743019104004,4,False
1,8.101311683654785,6,False
2,7.285848140716553,4,False
1,6.2900214195251465,9,False
3,11.545244216918945,0,False
0,13.189983367919922,0,False
2,8.97755241394043,1,False
1,8.948251724243164,9,False
0,6.725748062133789,1,False
3,10.375961303710938,4,False
2,7.614748954772949,4,False
3,9.829816818237305,0,False
2,7.485478401184082,9,False
0,13.30947208404541,6,False
1,7.436602592468262,1,False
2,8.162222862243652,1,False
1,12.730323791503906,2,False
3,10.474532127380371,6,False
0,12.76624870300293,7,False
0,8.3264741897583,8,False
2,9.722177505493164,1,False
1,9.451276779174805,6,False
3,8.587333679199219,0,False
2,10.047151565551758,4,False
0,6.520291328430176,9,False
3,11.223047256469727,0,False
1,10.928279876708984,3,False
0,10.568130493164062,4,False
1,8.066183090209961,5,False
3,10.006125450134277,3,False
2,12.000104904174805,2,False
2,10.000822067260742,3,False
1,9.419525146484375,1,False
0,10.244050979614258,4,False
3,8.234257698059082,7,False
0,9.17265510559082,0,False
3,12.167314529418945,3,False
2,7.21899938583374,8,False
1,9.104142189025879,9,False
2,7.841724395751953,1,False
1,10.53352165222168,1,False
0,6.8909711837768555,9,False
3,7.18939208984375,5,False
1,7.597443580627441,9,False
2,9.154840469360352,4,False
3,9.098907470703125,0,False
0,9.965280532836914,9,False
0,9.775525093078613,2,False
2,7.271028518676758,6,False
1,11.144087791442871,6,False
3,8.398687362670898,7,False
0,8.10556411743164,0,False
3,9.934152603149414,0,False
1,10.833498001098633,5,False
2,8.308863639831543,8,False
2,9.891002655029297,2,False
0,10.215476036071777,9,False
1,7.729640960693359,9,False
3,9.053545951843262,6,False
0,10.21768569946289,9,False
1,9.225764274597168,5,False
2,9.686325073242188,3,False
3,8.153223991394043,9,False
3,10.404296875,7,False
2,10.11130428314209,8,False
0,9.375988006591797,7,False
1,8.284536361694336,9,False
1,10.254199981689453,0,False
3,8.139902114868164,6,False
2,10.576475143432617,0,False
0,9.976123809814453,7,False
1,10.201961517333984,6,False
2,12.469043731689453,0,False
3,11.689223289489746,3,False
0,6.340394973754883,7,False
0,9.284324645996094,2,False
2,13.391075134277344,0,False
1,7.756199836730957,5,False
3,8.243849754333496,1,False
0,11.893021583557129,2,False
3,10.335392951965332,4,False
2,10.068355560302734,3,False
1,7.754118919372559,9,False
2,11.462913513183594,0,False
1,9.84011459350586,1,False
0,8.66396713256836,5,False
3,6.5883612632751465,7,False
2,10.907037734985352,2,False
0,6.767825126647949,1,False
1,11.53394889831543,6,False
3,7.631274223327637,7,False
3,9.177850723266602,1,False
1,7.451507568359375,1,False
2,12.440468788146973,0,False
0,15.080018997192383,2,False
1,8.508566856384277,5,False
0,8.278722763061523,6,False
3,7.06450080871582,0,False
2,9.58387279510498,7,False
3,10.40610122680664,4,False
0,9.71316909790039,1,False
1,13.470565795898438,6,False
2,8.471805572509766,5,False
0,10.569835662841797,4,False
3,7.910717487335205,7,False
2,8.93539047241211,6,False
1,11.935791015625,0,False
3,9.63022232055664,3,False
2,10.115880966186523,6,False
0,9.446889877319336,7,False
1,10.187677383422852,3,False
0,10.706409454345703,1,False
2,8.159933090209961,5,False
3,9.487005233764648,1,False
1,9.599931716918945,6,False
1,10.756221771240234,8,False
2,11.683923721313477,6,False
3,12.553205490112305,0,False
0,10.359387397766113,6,False
3,6.5048322677612305,9,False
0,7.971188545227051,4,False
1,8.424668312072754,5,False
2,7.429717063903809,4,False
1,11.179868698120117,9,False
3,8.608804702758789,8,False
0,9.597135543823242,7,False
2,7.383357048034668,0,False
0,10.207435607910156,9,False
1,7.5062971115112305,2,False
2,8.622946739196777,1,False
3,9.33086109161377,4,False
2,8.239959716796875,0,False
3,9.052589416503906,8,False
0,8.55366039276123,5,False
1,6.691813945770264,1,False
3,10.297231674194336,4,False
1,6.306424140930176,4,False
2,8.421651840209961,8,False
0,8.661476135253906,1,False
1,9.193830490112305,9,False
3,9.673942565917969,1,False
2,8.93752670288086,9,False
0,10.407876014709473,4,False
1,11.524965286254883,0,False
2,13.097314834594727,0,False
3,9.747982025146484,2,False
0,7.216148853302002,9,False
1,9.534446716308594,0,False
0,9.886125564575195,9,False
3,7.748407363891602,5,False
2,9.62748908996582,2,False
1,7.553811073303223,9,False
0,6.551709175109863,1,False
2,8.483967781066895,0,False
3,9.379304885864258,7,False
0,9.370014190673828,6,False
2,11.041983604431152,0,False
3,8.70697021484375,3,False
1,13.158571243286133,8,False
0,12.97463321685791,7,False
1,8.086339950561523,1,False
2,8.523174285888672,1,False
3,9.796266555786133,5,False
3,10.98916244506836,0,False
2,8.871156692504883,0,False
1,8.884736061096191,5,False
0,11.736404418945312,0,False
3,7.973725318908691,1,False
0,7.188246250152588,9,False
1,11.573663711547852,3,False
2,11.79613208770752,6,False
3,11.328060150146484,7,False
2,11.166104316711426,0,False
0,8.877325057983398,3,False
1,10.510605812072754,2,False
0,9.710704803466797,7,False
1,7.270907402038574,5,False
2,9.51848030090332,4,False
3,6.65297794342041,7,False
2,12.095865249633789,7,False
3,10.04910659790039,1,False
0,10.782980918884277,6,False
1,9.562281608581543,8,False
3,8.369780540466309,6,False
1,11.8201904296875,0,False
0,9.992304801940918,1,False
2,8.711623191833496,3,False
2,9.063963890075684,1,False
1,8.283607482910156,6,False
0,6.61879825592041,1,False
3,8.9347562789917,4,False
3,10.115158081054688,8,False
0,9.599516868591309,9,False
2,12.061932563781738,0,False
1,7.134611129760742,4,False
0,9.296466827392578,1,False
2,7.764663219451904,2,False
1,10.519092559814453,1,False
3,8.811441421508789,7,False
2,10.527816772460938,7,False
3,11.096847534179688,3,False
0,9.920116424560547,7,False
1,9.178962707519531,2,False
0,8.55660629272461,7,False
1,10.577966690063477,0,False
3,9.212942123413086,5,False
2,9.815223693847656,3,False
3,7.973137855529785,8,False
0,12.348824501037598,2,False
2,13.060539245605469,2,False
1,11.86087417602539,0,False
2,10.36543083190918,4,False
3,12.349771499633789,0,False
1,9.371009826660156,2,False
0,9.1217622756958,2,False
0,9.869362831115723,0,False
3,9.994566917419434,3,False
2,8.82958984375,0,False
1,9.55604076385498,3,False
0,11.466938972473145,6,False
1,9.147966384887695,9,False
2,13.26893424987793,0,False
3,12.372772216796875,2,False
3,8.950119972229004,8,False
2,9.879264831542969,0,False
1,9.626800537109375,0,False
0,6.298248291015625,7,False
1,12.145662307739258,3,False
0,12.150565147399902,3,False
3,10.236871719360352,6,False
2,7.818708896636963,8,False
2,13.202359199523926,9,False
0,7.032011985778809,1,False
3,10.685430526733398,0,False
1,12.370960235595703,3,False
1,10.929323196411133,2,False
3,9.134271621704102,5,False
0,9.309921264648438,0,False
2,9.464245796203613,8,False
3,9.16494369506836,8,False
2,10.829967498779297,6,False
1,7.0051350593566895,9,False
0,10.797462463378906,6,False
0,10.892200469970703,1,False
3,9.944581985473633,1,False
2,7.624938011169434,6,False
1,10.674057006835938,6,False
1,10.010660171508789,6,False
2,10.472965240478516,3,False
0,8.105717658996582,9,False
3,12.239811897277832,0,False
3,9.131624221801758,8,False
1,8.532331466674805,6,False
0,8.917527198791504,3,False
2,9.76748275756836,3,False
3,8.720470428466797,7,False
0,6.970097541809082,4,False
2,9.95261001586914,9,False
1,7.504761695861816,4,False
0,12.226423263549805,2,False
3,9.450756072998047,2,False
1,6.275294303894043,9,False
2,7.66963005065918,1,False
3,12.44027042388916,2,False
2,13.705087661743164,3,False
1,10.44040584564209,1,False
0,8.503389358520508,0,False
0,8.805831909179688,1,False
1,10.198036193847656,5,False
2,7.353363037109375,7,False
3,14.891938209533691,0,False
1,9.09911060333252,1,False
2,9.066301345825195,9,False
3,9.687795639038086,5,False
0,9.428089141845703,8,False
0,7.8864946365356445,7,False
1,8.648393630981445,1,False
3,8.862854957580566,6,False
2,10.560842514038086,3,False
1,11.016851425170898,3,False
0,9.688732147216797,0,False
3,9.139472961425781,1,False
2,7.613043785095215,5,False
2,7.710193634033203,8,False
0,10.917133331298828,0,False
3,7.956243515014648,9,False
1,9.026013374328613,4,False
3,9.17485237121582,8,False
0,10.631067276000977,3,False
1,9.977514266967773,0,False
2,7.21893310546875,5,False
2,8.561077117919922,4,False
3,9.568390846252441,0,False
1,11.34579849243164,2,False
0,7.737550258636475,8,False
2,10.7218656539917,8,False
1,7.786220550537109,6,False
0,9.230036735534668,6,False
3,8.867198944091797,3,False
0,12.881210327148438,6,False
3,9.925817489624023,0,False
1,7.498221397399902,7,False
2,8.884710311889648,1,False
2,10.330809593200684,0,False
1,6.7437286376953125,7,False
3,13.342081069946289,2,False
0,8.094454765319824,8,False
3,9.947052955627441,3,False
0,8.662101745605469,2,False
2,8.991774559020996,1,False
1,9.892181396484375,1,False
0,7.972258567810059,4,False
2,7.470571994781494,1,False
3,8.490673065185547,4,False
1,12.710868835449219,6,False
3,8.159793853759766,9,False
1,8.943116188049316,6,False
2,6.123777389526367,8,False
0,8.998749732971191,3,False
2,8.937990188598633,2,False
0,11.563752174377441,1,False
3,6.892482280731201,8,False
1,8.748762130737305,7,False
2,10.17640495300293,7,False
1,9.107166290283203,4,False
0,7.090705871582031,6,False
3,8.669109344482422,2,False
0,12.156120300292969,3,False
3,7.1077375411987305,3,False
1,10.568565368652344,6,False
2,8.150287628173828,5,False
1,9.239656448364258,0,False
3,7.787081718444824,5,False
2,8.118309020996094,9,False
0,8.594930648803711,5,False
3,8.778692245483398,0,False
0,6.062783241271973,1,False
2,11.11217212677002,1,False
1,11.136154174804688,2,False
0,6.031524658203125,7,False
3,10.295012474060059,6,False
1,9.574918746948242,3,False
2,9.861991882324219,9,False
2,9.3048677444458,3,False
3,9.111948013305664,9,False
1,4.972209930419922,5,False
0,8.485198020935059,7,False
0,4.967278003692627,9,False
3,7.36000919342041,0,False
2,8.676529884338379,7,False
1,10.033988952636719,9,False
1,10.391010284423828,0,False
0,8.14710521697998,5,False
3,10.220122337341309,3,False
2,9.805322647094727,0,False
1,10.207752227783203,3,False
0,10.948418617248535,0,False
3,10.804519653320312,4,False
2,11.735692977905273,0,False
2,7.559227466583252,9,False
0,10.753870964050293,0,False
3,8.98380184173584,1,False
1,9.142816543579102,7,False
3,7.472079277038574,9,False
2,10.381251335144043,3,False
1,12.122451782226562,0,False
0,10.564067840576172,2,False
1,9.98614501953125,0,False
3,9.639577865600586,1,False
2,10.942462921142578,2,False
0,7.83815336227417,5,False
1,10.965709686279297,7,False
3,6.5161333084106445,1,False
2,10.140918731689453,4,False
0,10.297901153564453,3,False
2,12.249910354614258,0,False
3,13.082706451416016,3,False
1,7.414797782897949,0,False
0,14.701725959777832,2,False
1,9.145069122314453,4,False
2,13.906335830688477,3,False
3,9.720756530761719,3,False
0,8.94575309753418,9,False
0,9.951778411865234,1,False
2,9.053105354309082,1,False
1,9.934441566467285,1,False
3,5.543917655944824,4,False
0,11.299391746520996,0,False
2,8.300336837768555,4,False
1,12.93941593170166,0,False
3,11.826608657836914,4,False
1,5.099922180175781,8,False
0,6.96881103515625,1,False
3,10.82934856414795,5,False
2,7.128421783447266,7,False
3,4.706338882446289,1,False
0,10.54063606262207,1,False
2,10.310548782348633,3,False
1,8.6825590133667,8,False
1,10.950654983520508,2,False
3,8.742639541625977,6,False
0,9.345344543457031,8,False
2,9.748522758483887,8,False
0,9.25407600402832,8,False
3,10.297785758972168,3,False
1,9.024566650390625,0,False
2,9.690439224243164,5,False
3,8.804059028625488,9,False
2,6.947514533996582,1,False
1,8.477380752563477,9,False
0,7.364941120147705,9,False
0,9.160015106201172,0,False
1,8.617149353027344,6,False
3,13.217767715454102,0,False
2,5.4832916259765625,9,False
1,7.853506088256836,2,False
2,11.257335662841797,5,False
0,10.854471206665039,3,False
3,7.778956890106201,1,False
3,7.14951229095459,1,False
0,9.864297866821289,8,False
2,8.347524642944336,9,False
1,9.218116760253906,1,False
2,10.083257675170898,5,False
3,12.21442985534668,2,False
1,9.903897285461426,1,False
0,8.697885513305664,8,False
2,6.8576436042785645,9,False
0,11.704414367675781,0,False
1,8.240375518798828,2,False
3,8.340699195861816,6,False
3,10.32537841796875,6,False
1,8.590187072753906,5,False
0,9.805938720703125,7,False
2,12.969847679138184,3,False
0,8.359989166259766,8,False
2,12.4293851852417,0,False
1,7.099604606628418,1,False
3,9.634902954101562,8,False
1,10.647970199584961,8,False
0,8.67673110961914,5,False
3,11.53463077545166,5,False
2,13.219597816467285,0,False
3,9.066014289855957,8,False
2,8.381792068481445,0,False
0,9.26154899597168,0,False
1,6.787303924560547,9,False
0,10.568987846374512,4,False
1,7.529106616973877,4,False
2,11.931278228759766,5,False
3,9.529497146606445,4,False
2,9.970687866210938,3,False
1,8.173656463623047,1,False
3,8.368474960327148,5,False
0,7.985837936401367,9,False
0,10.270124435424805,0,False
1,10.632926940917969,3,False
2,9.030292510986328,0,False
3,8.547537803649902,5,False
2,11.406618118286133,4,False
3,9.280104637145996,0,False
1,6.975179672241211,4,False
0,9.547123908996582,0,False
0,6.553160667419434,7,False
3,8.540046691894531,0,False
2,6.844675540924072,0,False
1,8.621846199035645,4,False
1,10.849081039428711,8,False
0,8.554157257080078,6,False
2,8.465310096740723,6,False
3,9.537927627563477,8,False
3,15.847614288330078,2,False
0,6.728375434875488,9,False
2,9.49517822265625,2,False
1,9.403482437133789,9,False
3,7.678592205047607,7,False
2,12.298669815063477,6,False
1,9.978692054748535,8,False
0,11.09420394897461,8,False
3,8.274713516235352,1,False
1,11.790214538574219,2,False
2,6.682431697845459,9,False
0,6.791626930236816,9,False
0,9.417896270751953,7,False
2,12.491416931152344,6,False
3,9.25196647644043,6,False
1,8.262130737304688,3,False
3,9.594327926635742,8,False
0,10.291004180908203,1,False
2,8.025449752807617,5,False
1,7.352108001708984,3,False
0,8.648820877075195,1,False
1,9.871204376220703,4,False
2,10.127542495727539,1,False
3,14.066875457763672,5,False
2,9.604513168334961,8,False
1,13.964545249938965,0,False
0,7.864546775817871,4,False
3,9.718772888183594,6,False
2,7.93842887878418,6,False
0,7.430762767791748,5,False
3,7.428168773651123,1,False
1,13.74945068359375,7,False
2,9.40376091003418,2,False
1,10.04263973236084,4,False
3,7.371713638305664,1,False
0,11.366362571716309,2,False
0,10.784221649169922,8,False
3,6.584948539733887,1,False
2,8.314216613769531,1,False
1,8.742681503295898,5,False
2,8.150458335876465,8,False
1,9.866334915161133,5,False
0,10.388510704040527,0,False
3,6.115015983581543,1,False
0,8.795292854309082,7,False
1,10.484526634216309,6,False
3,9.315037727355957,8,False
2,10.191878318786621,4,False
1,10.874397277832031,8,False
0,12.245935440063477,3,False
2,11.140424728393555,6,False
3,9.596774101257324,7,False
1,11.50123405456543,0,False
0,8.069021224975586,6,False
3,11.83952522277832,2,False
2,8.995926856994629,7,False
2,13.244293212890625,2,False
3,8.761800765991211,4,False
0,7.979846954345703,3,False
1,7.68089485168457,9,False
2,6.901087284088135,5,False
1,7.666996479034424,7,False
3,9.458868980407715,9,False
0,6.266367435455322,9,False
0,7.689643383026123,1,False
3,7.353545188903809,4,False
2,8.971420288085938,7,False
1,14.009164810180664,3,False
2,9.918344497680664,9,False
1,9.445427894592285,1,False
3,10.173271179199219,4,False
0,9.01974868774414,7,False
0,11.807857513427734,6,False
2,8.687837600708008,4,False
1,9.40539836883545,8,False
3,8.398701667785645,6,False
1,7.704925537109375,9,False
3,6.626056671142578,1,False
0,10.495113372802734,4,False
2,11.842809677124023,7,False
2,10.190788269042969,1,False
0,9.309364318847656,5,False
3,10.375371932983398,3,False
1,5.7107038497924805,9,False
1,10.323650360107422,9,False
2,8.207942962646484,9,False
0,7.58686637878418,1,False
3,11.617403984069824,2,False
3,8.880176544189453,7,False
1,10.494865417480469,8,False
2,9.13260269165039,4,False
0,12.46374225616455,6,False
0,11.152717590332031,7,False
3,10.240835189819336,1,False
2,11.073616027832031,5,False
1,12.049036026000977,5,False
2,9.610568046569824,8,False
1,11.347728729248047,5,False
3,10.453768730163574,0,False
0,7.806677341461182,8,False
1,10.894766807556152,6,False
0,8.834894180297852,3,False
3,7.893293380737305,4,False
2,5.844928741455078,9,False
0,11.062503814697266,2,False
2,9.006034851074219,9,False
3,9.187128067016602,4,False
1,9.230984687805176,4,False
2,8.185673713684082,8,False
3,15.773059844970703,3,False
0,10.767298698425293,8,False
1,8.886080741882324,6,False
2,12.464374542236328,0,False
1,10.597461700439453,2,False
3,12.614749908447266,5,False
0,8.592880249023438,8,False
0,10.410099029541016,1,False
3,11.870000839233398,8,False
1,13.614387512207031,3,False
2,10.20350456237793,2,False
3,8.867764472961426,5,False
0,11.726390838623047,3,False
1,8.932671546936035,9,False
2,12.435855865478516,2,False
3,11.9144868850708,7,False
0,12.192411422729492,3,False
1,9.197187423706055,8,False
2,8.82748794555664,6,False
0,10.462331771850586,3,False
1,6.184235572814941,1,False
2,5.345017433166504,4,False
3,6.149625301361084,5,False
3,8.003098487854004,8,False
2,10.673648834228516,3,False
0,9.63050651550293,1,False
1,9.156915664672852,5,False
0,8.428470611572266,1,False
3,11.001620292663574,2,False
1,11.282833099365234,3,False
2,9.537251472473145,8,False
3,7.299668788909912,9,False
1,8.419443130493164,4,False
2,6.451478004455566,9,False
0,9.177968978881836,0,False
0,9.663432121276855,0,False
1,9.365694046020508,7,False
2,7.221837043762207,5,False
3,5.788543701171875,5,False
0,8.450472831726074,5,False
3,8.30041790008545,3,False
1,8.8033447265625,4,False
2,7.023636341094971,7,False
0,9.821889877319336,3,False
1,9.330580711364746,8,False
2,9.474624633789062,8,False
3,8.306146621704102,6,False
3,8.793167114257812,9,False
0,9.260587692260742,3,False
2,11.679315567016602,0,False
1,9.00387191772461,1,False
1,8.268943786621094,6,False
0,9.110136985778809,7,False
2,8.628894805908203,7,False
3,8.357194900512695,8,False
3,10.630733489990234,3,False
1,12.19077205657959,3,False
2,14.105473518371582,3,False
0,6.803459167480469,1,False
0,9.84295654296875,5,False
1,9.561319351196289,4,False
3,9.373612403869629,9,False
2,7.721393585205078,2,False
2,12.042425155639648,0,False
0,5.982831001281738,0,False
1,9.572617530822754,0,False
3,7.64646053314209,7,False
0,11.513912200927734,2,False
1,6.5318074226379395,4,False
3,11.056718826293945,8,False
2,11.809818267822266,8,False
2,9.759038925170898,6,False
3,8.273138999938965,1,False
0,8.994146347045898,6,False
1,7.02691125869751,9,False
1,7.270498275756836,6,False
0,9.594154357910156,0,False
3,10.829484939575195,0,False
2,10.942668914794922,0,False
1,12.261516571044922,8,False
2,9.310569763183594,0,False
3,7.521099090576172,9,False
0,12.053980827331543,8,False
0,8.01865005493164,3,False
1,7.856480121612549,5,False
2,10.065235137939453,4,False
3,8.264355659484863,0,False
1,9.087227821350098,6,False
3,10.602170944213867,3,False
2,7.734847545623779,6,False
0,11.37869644165039,0,False
0,9.066776275634766,9,False
1,7.630175590515137,8,False
2,7.9451680183410645,8,False
3,8.553083419799805,9,False
1,11.048901557922363,3,False
0,8.992706298828125,7,False
2,7.234751224517822,9,False
3,8.59632682800293,4,False
0,7.457529544830322,5,False
2,9.681085586547852,8,False
3,9.737491607666016,9,False
1,6.742964267730713,1,False
3,8.282357215881348,6,False
2,8.175735473632812,9,False
1,10.648356437683105,3,False
0,8.71461296081543,9,False
3,13.643964767456055,2,False
2,9.258445739746094,0,False
1,11.854796409606934,6,False
0,11.080127716064453,7,False
0,10.57672119140625,3,False
1,7.3027496337890625,1,False
3,9.439994812011719,2,False
2,9.64871597290039,1,False
0,10.712550163269043,3,False
1,12.316484451293945,2,False
2,9.717529296875,9,False
3,6.659802436828613,7,False
3,13.926767349243164,6,False
1,8.587751388549805,6,False
0,6.957864284515381,4,False
2,8.377253532409668,8,False
3,9.359569549560547,1,False
0,10.006027221679688,0,False
2,8.78951644897461,4,False
1,8.783992767333984,2,False
2,10.072657585144043,2,False
3,8.235946655273438,9,False
1,9.554219245910645,0,False
0,8.45736026763916,3,False
3,8.152471542358398,8,False
1,9.259452819824219,1,False
0,6.754124164581299,9,False
2,7.980743885040283,5,False
0,12.34421157836914,6,False
3,7.952593803405762,2,False
2,8.664656639099121,3,False
1,8.24405288696289,7,False
2,13.590287208557129,2,False
1,9.710302352905273,8,False
3,11.394914627075195,0,False
0,9.497665405273438,8,False
0,9.980018615722656,7,False
1,8.898895263671875,4,False
2,9.356678009033203,6,False
3,9.676006317138672,5,False
0,12.407811164855957,2,False
3,9.317316055297852,2,False
2,7.351558685302734,1,False
1,10.997855186462402,2,False
1,10.343962669372559,0,False
3,11.875860214233398,3,False
2,8.384525299072266,7,False
0,9.088357925415039,8,False
0,9.351764678955078,6,False
2,10.629459381103516,7,False
3,10.004589080810547,6,False
1,8.964956283569336,6,False
3,8.005553245544434,7,False
2,9.352306365966797,4,False
0,9.943622589111328,6,False
1,10.927562713623047,0,False
1,8.755300521850586,9,False
3,6.810563564300537,8,False
0,6.479172706604004,9,False
2,6.148926734924316,9,False
1,8.875658988952637,3,False
2,9.67845630645752,5,False
0,13.44371223449707,6,False
3,10.339346885681152,0,False
0,9.07571029663086,8,False
1,7.666145324707031,0,False
3,10.180980682373047,0,False
2,9.684288024902344,3,False
2,6.900581359863281,9,False
3,9.83135986328125,6,False
1,10.623132705688477,3,False
0,10.683570861816406,5,False
2,11.69729995727539,5,False
3,14.531160354614258,6,False
0,9.351539611816406,1,False
1,8.407716751098633,9,False
3,9.668889999389648,1,False
1,10.817558288574219,4,False
0,7.098175525665283,4,False
2,8.430397033691406,1,False
0,10.518852233886719,7,False
3,8.756103515625,3,False
2,11.316648483276367,2,False
1,13.235837936401367,3,False
3,8.143918991088867,9,False
1,10.420595169067383,8,False
0,8.504587173461914,4,False
2,11.330252647399902,6,False
0,10.686704635620117,8,False
1,13.65866470336914,3,False
2,10.464925765991211,7,False
3,11.024049758911133,3,False
1,9.08218765258789,5,False
3,7.641429901123047,9,False
0,5.360683441162109,9,False
2,10.462289810180664,6,False
3,9.380950927734375,3,False
2,5.833730697631836,7,False
0,8.232690811157227,0,False
1,6.556079864501953,3,False
0,10.901359558105469,7,False
2,9.48942756652832,6,False
1,6.801949977874756,8,False
3,7.362216949462891,4,False
0,9.605284690856934,6,False
3,9.924905776977539,6,False
2,9.775716781616211,2,False
1,9.583074569702148,0,False
1,11.140169143676758,8,False
2,9.794694900512695,0,False
3,13.409969329833984,3,False
0,11.976461410522461,7,False
0,8.417558670043945,6,False
1,8.170321464538574,3,False
2,10.215571403503418,2,False
3,7.244836330413818,7,False
1,8.986148834228516,9,False
2,10.53887939453125,8,False
0,11.050240516662598,8,False
3,8.630233764648438,6,False
1,10.150155067443848,3,False
3,14.799099922180176,2,False
0,9.362258911132812,5,False
2,8.422525405883789,7,False
3,10.340757369995117,8,False
0,11.649954795837402,4,False
2,9.399452209472656,9,False
1,7.593940734863281,6,False
3,10.349726676940918,5,False
1,8.582181930541992,9,False
0,8.652349472045898,7,False
2,10.266197204589844,3,False
2,9.673812866210938,2,False
3,11.076075553894043,3,False
1,7.03590202331543,8,False
0,7.904195785522461,6,False
0,7.44512414932251,6,False
2,11.813493728637695,3,False
1,9.725582122802734,4,False
3,9.23813247680664,2,False
0,12.936214447021484,3,False
1,8.496988296508789,3,False
3,7.714153289794922,7,False
2,8.072835922241211,7,False
2,8.275716781616211,3,False
3,8.587368965148926,9,False
1,6.642000198364258,7,False
0,10.326045989990234,2,False
0,8.858131408691406,9,False
3,9.19931411743164,6,False
2,8.82019329071045,1,False
1,14.135738372802734,2,False
0,8.17492961883545,9,False
3,10.717329025268555,5,False
1,9.524439811706543,2,False
2,8.403312683105469,0,False
2,11.791568756103516,7,False
1,11.217741012573242,6,False
3,6.538580894470215,1,False
0,7.95277214050293,0,False
1,11.817464828491211,2,False
2,10.547550201416016,3,False
0,7.540493011474609,0,False
3,11.962505340576172,2,False
2,12.377933502197266,8,False
1,8.24512004852295,1,False
3,12.167299270629883,1,False
0,9.457281112670898,3,False
1,8.7566499710083,6,False
3,10.893719673156738,2,False
0,11.115266799926758,0,False
2,9.649834632873535,1,False
2,9.907649993896484,9,False
3,11.157127380371094,3,False
0,7.037454128265381,8,False
1,8.28486442565918,4,False
3,9.369574546813965,7,False
0,7.965350151062012,6,False
2,6.151847839355469,1,False
1,7.927726745605469,1,False
0,12.942389488220215,0,False
2,10.568609237670898,8,False
1,9.04409122467041,4,False
3,15.384721755981445,3,False
3,11.506795883178711,3,False
1,8.91419506072998,1,False
2,9.443663597106934,0,False
0,10.485546112060547,4,False
0,10.73060417175293,8,False
3,11.474922180175781,2,False
2,12.953557968139648,7,False
1,9.707353591918945,5,False
1,10.27027416229248,9,False
3,9.58580207824707,0,False
2,9.529956817626953,3,False
0,9.046207427978516,1,False
1,12.121404647827148,7,False
3,11.036422729492188,0,False
0,9.396281242370605,3,False
2,8.985023498535156,0,False
0,8.676942825317383,8,False
3,8.595706939697266,6,False
2,10.523493766784668,2,False
1,9.267767906188965,3,False
1,10.231391906738281,4,False
0,8.639031410217285,4,False
3,12.985034942626953,4,False
2,8.909934997558594,5,False
0,12.057252883911133,6,False
3,7.032126426696777,8,False
1,13.771513938903809,3,False
2,6.937876224517822,7,False
0,8.040647506713867,7,False
1,8.031360626220703,0,False
2,10.33834171295166,2,False
3,7.712652206420898,0,False
3,7.673564910888672,3,False
2,7.755330562591553,5,False
0,5.442466735839844,1,False
1,10.207382202148438,9,False
1,7.3766889572143555,9,False
2,8.675233840942383,7,False
3,9.267007827758789,7,False
0,7.162923812866211,9,False
0,7.838876724243164,1,False
3,10.032197952270508,4,False
2,11.675262451171875,3,False
1,7.351394176483154,7,False
3,9.36180591583252,5,False
0,8.003279685974121,8,False
1,9.997137069702148,6,False
2,10.38680648803711,1,False
0,10.567718505859375,4,False
1,11.063929557800293,2,False
3,10.670693397521973,7,False
2,11.619773864746094,1,False
2,11.297952651977539,3,False
0,7.409387111663818,7,False
1,7.000638961791992,9,False
3,11.86280632019043,6,False
0,9.334611892700195,7,False
1,8.18431282043457,5,False
3,11.687395095825195,7,False
2,6.780267715454102,1,False
2,10.189325332641602,6,False
1,11.0604248046875,1,False
3,7.72419548034668,7,False
0,5.30950403213501,1,False
0,8.039440155029297,0,False
1,6.387581825256348,1,False
3,7.78722620010376,6,False
2,10.288339614868164,8,False
0,12.012792587280273,2,False
3,9.34486198425293,1,False
1,6.31761360168457,1,False
2,9.054309844970703,5,False
3,8.750751495361328,3,False
0,7.851262092590332,1,False
2,13.367044448852539,2,False
1,11.290793418884277,7,False
2,7.387747764587402,7,False
3,8.607141494750977,1,False
0,10.067703247070312,5,False
1,10.979143142700195,8,False
0,11.019430160522461,7,False
3,12.315689086914062,5,False
2,12.13597297668457,3,False
1,10.001335144042969,3,False
0,11.480501174926758,1,False
1,8.539468765258789,3,False
2,7.336602687835693,1,False
3,12.429841995239258,0,False
1,9.549853324890137,6,False
3,10.132831573486328,8,False
2,7.410574913024902,8,False
0,7.888558387756348,7,False
3,7.557564735412598,5,False
0,9.64245319366455,0,False
2,5.445535659790039,9,False
1,7.173583507537842,5,False
0,11.568615913391113,0,False
3,9.671218872070312,4,False
1,10.517755508422852,9,False
2,6.314510345458984,1,False
3,8.200489044189453,6,False
2,12.047808647155762,3,False
1,7.128687858581543,9,False
0,11.267790794372559,3,False
0,6.8629655838012695,4,False
1,12.09299087524414,4,False
2,8.188931465148926,4,False
3,9.097423553466797,2,False
3,10.103641510009766,6,False
2,9.553916931152344,5,False
1,11.810604095458984,3,False
0,6.978780746459961,3,False
3,10.117598533630371,8,False
1,12.18121337890625,2,False
2,7.279579162597656,7,False
0,9.559287071228027,8,False
0,6.7705183029174805,1,False
3,10.332159042358398,2,False
2,10.118974685668945,1,False
1,10.982548713684082,8,False
3,9.339103698730469,6,False
0,11.220088958740234,0,False
2,11.162425994873047,7,False
1,9.091989517211914,1,False
1,5.018376350402832,1,False
0,9.744277000427246,1,False
3,9.596162796020508,3,False
2,8.926419258117676,6,False
1,11.226884841918945,1,False
2,9.754284858703613,5,False
0,7.562842845916748,4,False
3,10.41451644897461,3,False
3,5.43239688873291,9,False
0,7.016912460327148,1,False
1,8.616108894348145,4,False
2,10.117448806762695,8,False
2,8.79564094543457,2,False
0,12.741167068481445,0,False
3,9.517037391662598,9,False
1,6.340818405151367,7,False
2,9.599996566772461,2,False
3,13.753938674926758,3,False
0,8.197450637817383,4,False
1,9.969366073608398,7,False
0,11.239986419677734,1,False
1,8.480640411376953,3,False
3,11.205070495605469,7,False
2,9.005330085754395,1,False
0,5.273193359375,9,False
2,7.379459857940674,7,False
1,9.129217147827148,7,False
3,11.8256254196167,2,False
3,6.695260524749756,4,False
1,9.488061904907227,6,False
0,14.640706062316895,3,False
2,10.267730712890625,3,False
3,9.412983894348145,4,False
0,11.414377212524414,7,False
2,7.533155918121338,9,False
1,13.929998397827148,3,False
1,9.816255569458008,4,False
3,8.697826385498047,7,False
0,11.283397674560547,2,False
2,8.343437194824219,4,False
2,9.676653861999512,6,False
3,8.580574989318848,4,False
1,11.080825805664062,8,False
0,6.413027763366699,7,False
0,8.852714538574219,3,False
3,10.751506805419922,8,False
2,12.592716217041016,3,False
1,8.776097297668457,8,False
1,10.906965255737305,7,False
0,9.19257640838623,2,False
2,8.27560043334961,9,False
3,6.573529243469238,9,False
3,9.839469909667969,8,False
0,7.034084320068359,7,False
1,6.9804301261901855,0,False
2,8.84133529663086,2,False
2,8.482239723205566,1,False
0,8.324554443359375,8,False
3,9.38104248046875,4,False
1,7.831005096435547,4,False
1,9.351418495178223,0,False
2,8.424360275268555,7,False
3,11.040618896484375,2,False
0,7.743135452270508,1,False
3,9.284062385559082,9,False
2,6.219489574432373,9,False
1,6.839565277099609,1,False
0,9.115960121154785,6,False
2,8.266683578491211,1,False
0,8.099769592285156,5,False
3,10.905529975891113,8,False
1,13.050289154052734,0,False
1,12.227533340454102,0,False
0,9.065738677978516,4,False
3,9.078054428100586,7,False
2,9.492240905761719,5,False
3,10.42413330078125,7,False
0,10.008174896240234,8,False
1,8.975261688232422,6,False
2,8.587154388427734,8,False
0,11.218463897705078,1,False
3,7.884825706481934,6,False
1,11.030782699584961,3,False
2,8.65235710144043,5,False
0,8.532033920288086,7,False
2,10.248741149902344,2,False
1,8.815828323364258,0,False
3,9.92733097076416,1,False
2,8.900833129882812,7,False
0,9.340675354003906,1,False
3,10.286417961120605,5,False
1,7.352267742156982,5,False
3,8.066889762878418,8,False
1,7.6583452224731445,6,False
2,7.791807651519775,1,False
0,9.616738319396973,0,False
0,7.691042900085449,8,False
2,10.190993309020996,2,False
3,13.024733543395996,6,False
1,9.034354209899902,5,False
0,9.759700775146484,7,False
1,13.64986515045166,3,False
2,8.574301719665527,0,False
3,12.829177856445312,0,False
3,7.123339653015137,7,False
2,10.092182159423828,0,False
0,9.971891403198242,9,False
1,10.862333297729492,1,False
3,9.772533416748047,4,False
0,7.327350616455078,9,False
2,11.671636581420898,2,False
1,7.096704483032227,9,False
3,8.565011024475098,8,False
1,10.332942962646484,1,False
2,9.412734031677246,4,False
0,8.888463020324707,9,False
1,9.499983787536621,7,False
3,7.865361213684082,9,False
2,10.91761589050293,1,False
0,8.401310920715332,1,False
0,8.30252742767334,9,False
2,14.658652305603027,2,False
3,8.407283782958984,5,False
1,7.668930530548096,8,False
0,10.511383056640625,1,False
2,11.988936424255371,8,False
1,8.581439018249512,6,False
3,5.95259952545166,4,False
0,11.26266098022461,8,False
3,8.472487449645996,1,False
2,9.47589111328125,3,False
1,10.71783447265625,8,False
1,9.522401809692383,4,False
0,6.7842936515808105,5,False
2,10.404666900634766,5,False
3,8.25892162322998,7,False
3,7.484525680541992,1,False
1,14.959245681762695,2,False
2,7.560434341430664,4,False
0,10.612142562866211,8,False
2,9.170937538146973,0,False
1,12.991616249084473,2,False
3,10.311114311218262,3,False
0,9.581263542175293,1,False
3,11.520315170288086,0,False
0,8.442448616027832,8,False
1,9.04030704498291,8,False
2,8.288799285888672,4,False
2,6.783382415771484,9,False
0,9.730119705200195,5,False
1,5.982834339141846,9,False
3,10.575511932373047,7,False
0,13.504827499389648,3,False
1,8.751874923706055,8,False
3,8.029511451721191,3,False
2,6.425660133361816,7,False
1,13.253030776977539,3,False
3,11.54672908782959,3,False
2,7.872364044189453,7,False
0,11.009986877441406,6,False
3,10.634842872619629,4,False
0,8.27615737915039,4,False
2,9.164220809936523,2,False
1,9.060523986816406,5,False
1,11.651639938354492,7,False
2,7.964433670043945,7,False
3,9.641117095947266,0,False
0,12.56367301940918,2,False
3,12.687334060668945,5,False
2,9.369054794311523,4,False
1,10.169610977172852,6,False
0,8.431751251220703,7,False
0,5.247409820556641,4,False
2,12.115952491760254,6,False
1,10.358219146728516,1,False
3,11.031364440917969,3,False
0,10.961636543273926,4,False
1,6.1153130531311035,0,False
3,9.067989349365234,5,False
2,11.319360733032227,8,False
0,5.871109962463379,9,False
2,11.182900428771973,3,False
3,9.861490249633789,4,False
1,9.102437019348145,0,False
3,13.020149230957031,8,False
1,6.504495143890381,1,False
0,7.688042640686035,4,False
2,11.12379264831543,2,False
3,9.170839309692383,9,False
2,9.342767715454102,1,False
0,7.195629596710205,9,False
1,9.339234352111816,4,False
1,10.331777572631836,1,False
2,8.38709831237793,0,False
0,8.850385665893555,6,False
3,9.231171607971191,4,False
3,5.353116989135742,1,False
2,12.491539001464844,0,False
1,10.208057403564453,2,False
0,9.306734085083008,0,False
0,6.503466606140137,5,False
2,11.0730562210083,4,False
1,9.96330451965332,8,False
3,9.742387771606445,0,False
3,9.578900337219238,1,False
1,7.54061222076416,5,False
0,6.857024192810059,9,False
2,9.246417045593262,9,False
0,7.263633728027344,1,False
3,8.925771713256836,7,False
1,7.159090042114258,4,False
2,8.31021499633789,6,False
1,8.703449249267578,2,False
3,7.462485313415527,4,False
2,7.602930068969727,1,False
0,9.921420097351074,3,False
2,7.879086494445801,1,False
0,11.771394729614258,0,False
3,9.381017684936523,0,False
1,5.6639204025268555,9,False
3,10.948382377624512,6,False
2,10.687942504882812,4,False
1,7.980448246002197,2,False
0,5.594817161560059,1,False
0,10.887918472290039,5,False
2,11.119534492492676,0,False
3,8.192968368530273,6,False
1,8.682700157165527,1,False
0,9.073832511901855,5,False
3,8.268278121948242,1,False
1,7.557206153869629,3,False
2,10.88827896118164,3,False
3,6.45054817199707,5,False
0,9.502742767333984,4,False
1,9.193986892700195,9,False
2,12.4365816116333,6,False
2,9.42875862121582,9,False
3,10.570947647094727,2,False
0,8.726696014404297,4,False
1,7.622849464416504,2,False
1,10.18807601928711,7,False
0,8.900278091430664,0,False
3,7.103093147277832,8,False
2,10.359445571899414,6,False
2,8.164219856262207,4,False
0,10.9996337890625,8,False
3,6.9596757888793945,4,False
1,10.086231231689453,4,False
3,8.017154693603516,3,False
2,7.2724714279174805,1,False
1,11.386480331420898,8,False
0,10.72130012512207,2,False
0,10.707923889160156,3,False
3,6.588397979736328,6,False
2,8.261026382446289,1,False
1,8.45228099822998,5,False
0,12.072593688964844,1,False
1,11.627032279968262,0,False
2,10.537675857543945,0,False
3,8.939900398254395,5,False
0,8.477168083190918,8,False
1,6.30761194229126,1,False
2,9.75948429107666,3,False
3,8.285188674926758,9,False
1,11.204602241516113,5,False
2,7.342750549316406,8,False
3,10.126235961914062,4,False
0,11.52939224243164,0,False
0,13.044416427612305,0,False
2,9.41994857788086,3,False
3,7.576896667480469,7,False
1,8.502985000610352,5,False
1,7.99580192565918,0,False
2,8.165266990661621,6,False
3,5.785838603973389,9,False
0,9.77706527709961,7,False
1,8.984050750732422,7,False
2,9.226927757263184,1,False
0,8.990349769592285,9,False
3,6.797773361206055,9,False
3,11.506593704223633,2,False
0,9.884593963623047,1,False
2,9.255156517028809,8,False
1,10.129899978637695,4,False
3,10.715803146362305,6,False
2,5.7450361251831055,9,False
1,11.619379043579102,2,False
0,11.20058536529541,1,False
0,9.508584976196289,8,False
3,11.531557083129883,6,False
2,8.813407897949219,6,False
1,10.693158149719238,6,False
1,13.092543601989746,3,False
0,9.90921688079834,5,False
2,8.110074043273926,1,False
3,13.149023056030273,2,False
1,8.617945671081543,5,False
3,11.733717918395996,2,False
2,7.826348304748535,7,False
0,11.317861557006836,8,False
2,6.642416954040527,9,False
3,7.3419060707092285,5,False
1,8.713809967041016,3,False
0,7.04221248626709,1,False
0,9.083633422851562,0,False
1,10.472587585449219,1,False
3,12.385443687438965,2,False
2,9.825328826904297,7,False
2,9.921480178833008,3,False
0,9.51654052734375,6,False
3,8.591901779174805,2,False
1,9.50299072265625,2,False
3,12.556066513061523,2,False
1,9.377792358398438,9,False
0,7.363076210021973,3,False
2,7.7171430587768555,8,False
1,12.688709259033203,6,False
3,8.377975463867188,5,False
2,6.4581708908081055,7,False
0,10.556251525878906,6,False
2,9.017072677612305,8,False
0,7.166966915130615,6,False
1,9.757638931274414,4,False
3,8.106536865234375,9,False
1,7.8217244148254395,3,False
3,7.454692363739014,6,False
0,12.871284484863281,2,False
2,10.927945137023926,0,False
2,7.1187262535095215,1,False
3,11.199066162109375,9,False
1,7.049208641052246,1,False
0,11.979421615600586,6,False
0,8.314420700073242,8,False
1,7.1308393478393555,5,False
3,7.125361919403076,9,False
2,7.137372016906738,8,False
0,10.6510009765625,0,False
2,8.386686325073242,9,False
3,9.804471015930176,7,False
1,6.507974624633789,8,False
3,5.631056308746338,1,False
0,11.889312744140625,3,False
1,9.1188383102417,4,False
2,9.238323211669922,7,False
0,7.161047458648682,9,False
3,7.347169399261475,7,False
2,8.291439056396484,3,False
1,11.043827056884766,2,False
0,6.678396224975586,1,False
3,10.358053207397461,3,False
1,8.059619903564453,5,False
2,9.890449523925781,2,False
1,7.545688152313232,1,False
3,12.261574745178223,3,False
0,7.384422302246094,1,False
2,10.318853378295898,2,False
2,7.525793075561523,1,False
3,6.875913143157959,1,False
1,6.422198295593262,9,False
0,9.404901504516602,7,False
0,10.001792907714844,5,False
1,7.7156500816345215,9,False
2,8.51931381225586,8,False
3,8.033815383911133,6,False
0,9.282333374023438,9,False
3,10.08834457397461,7,False
2,11.306690216064453,2,False
1,10.435983657836914,8,False
1,10.415518760681152,1,False
3,9.008002281188965,2,False
0,9.730371475219727,9,False
2,13.719526290893555,3,False
0,12.383321762084961,2,False
2,9.01949691772461,7,False
3,7.388780117034912,7,False
1,9.422260284423828,4,False
1,7.515139579772949,2,False
2,11.085886001586914,1,False
0,9.094741821289062,8,False
3,8.10894775390625,1,False
3,9.860620498657227,7,False
0,8.665206909179688,4,False
1,9.828485488891602,6,False
2,7.569606781005859,5,False
1,8.701597213745117,2,False
2,7.749098777770996,5,False
3,11.24057674407959,3,False
0,6.504220008850098,9,False
0,10.440332412719727,1,False
3,11.14346694946289,3,False
2,9.320759773254395,5,False
1,7.941571235656738,2,False
3,7.434565544128418,9,False
1,9.96891975402832,1,False
0,10.234577178955078,0,False
2,9.022161483764648,2,False
1,6.480801582336426,4,False
0,9.562198638916016,8,False
3,12.359417915344238,0,False
2,10.383707046508789,6,False
3,12.345126152038574,0,False
1,6.340444564819336,1,False
0,7.4158759117126465,6,False
2,10.326249122619629,0,False
2,9.584473609924316,8,False
3,9.669361114501953,8,False
1,9.210803985595703,9,False
0,12.568678855895996,2,False
2,10.903217315673828,1,False
1,6.530379772186279,4,False
3,11.090597152709961,5,False
0,8.164576530456543,7,False
3,11.852730751037598,4,False
0,10.890300750732422,0,False
1,10.348407745361328,0,False
2,7.162810802459717,3,False
3,6.7837700843811035,4,False
2,12.224865913391113,2,False
1,7.546849727630615,4,False
0,6.775688171386719,9,False
3,9.29663372039795,3,False
2,10.026657104492188,7,False
0,8.516715049743652,8,False
1,12.91672134399414,8,False
1,8.954682350158691,6,False
0,7.192447185516357,6,False
3,4.385577201843262,9,False
2,8.552989959716797,4,False
3,11.218988418579102,6,False
0,8.674044609069824,1,False
1,10.880147933959961,3,False
2,7.647176742553711,9,False
1,8.674060821533203,3,False
0,10.382049560546875,7,False
2,8.592569351196289,6,False
3,7.000658988952637,7,False
3,9.212858200073242,8,False
1,12.294096946716309,6,False
2,8.688720703125,0,False
0,9.068222045898438,2,False
3,9.446137428283691,8,False
0,6.856184959411621,8,False
2,14.4072265625,2,False
1,11.92707633972168,2,False
3,7.624514102935791,9,False
2,11.967733383178711,7,False
1,11.14484691619873,9,False
0,8.533863067626953,9,False
3,10.95193099975586,6,False
1,10.74827766418457,8,False
0,15.290635108947754,2,False
2,12.8436279296875,8,False
3,6.381838321685791,1,False
2,11.167984008789062,7,False
0,11.746114730834961,6,False
1,9.487546920776367,1,False
0,8.468881607055664,8,False
1,6.865139007568359,9,False
2,9.801111221313477,3,False
3,11.611125946044922,3,False
0,7.557797431945801,1,False
2,9.149785995483398,6,False
1,8.704023361206055,7,False
3,8.763558387756348,7,False
3,8.954629898071289,0,False
1,9.261075973510742,6,False
0,12.428323745727539,2,False
2,9.087617874145508,8,False
1,10.681943893432617,9,False
3,11.271140098571777,8,False
2,8.744392395019531,1,False
0,5.990489959716797,4,False
3,9.372635841369629,7,False
0,7.021389007568359,4,False
1,8.481623649597168,6,False
2,10.613536834716797,3,False
0,9.664688110351562,2,False
3,10.876652717590332,2,False
1,8.997133255004883,8,False
2,7.691685199737549,6,False
3,8.624785423278809,1,False
0,9.90139389038086,1,False
2,8.869855880737305,7,False
1,7.564483165740967,9,False
1,7.349892616271973,4,False
3,9.687623977661133,9,False
2,8.928812026977539,1,False
0,10.470063209533691,2,False
1,9.397624969482422,4,False
0,9.61557674407959,9,False
3,9.80518627166748,3,False
2,13.427652359008789,2,False
0,10.181468963623047,6,False
1,11.830010414123535,2,False
2,8.35158920288086,4,False
3,10.421215057373047,0,False
0,8.623727798461914,5,False
2,8.77513313293457,1,False
3,9.442495346069336,3,False
1,12.105734825134277,4,False
2,10.686681747436523,0,False
3,11.523065567016602,3,False
0,10.475181579589844,6,False
1,9.851921081542969,0,False
3,7.387044906616211,9,False
2,8.959390640258789,4,False
1,11.878446578979492,0,False
0,8.85938835144043,1,False
0,12.359773635864258,0,False
1,8.882051467895508,5,False
3,10.63519287109375,8,False
2,9.05644416809082,0,False
1,9.482659339904785,6,False
0,9.273087501525879,1,False
2,10.905240058898926,0,False
3,10.824897766113281,6,False
3,13.877115249633789,3,False
0,8.403229713439941,9,False
1,11.475637435913086,0,False
2,8.427192687988281,7,False
0,12.390551567077637,2,False
1,7.977320194244385,9,False
2,8.048318862915039,5,False
3,9.892765998840332,4,False
2,7.794356822967529,9,False
1,9.796844482421875,7,False
0,8.226907730102539,4,False
3,10.263946533203125,3,False
0,7.653775215148926,7,False
1,5.608318328857422,5,False
3,9.422175407409668,0,False
2,8.60123348236084,4,False
0,13.595014572143555,3,False
3,6.362543106079102,1,False
2,10.412468910217285,3,False
1,8.042518615722656,1,False
0,9.95579719543457,6,False
1,8.75054931640625,5,False
2,8.484991073608398,6,False
3,6.840611934661865,9,False
0,6.707381248474121,7,False
3,10.424482345581055,1,False
1,8.53446102142334,6,False
2,6.960030555725098,7,False
3,8.580214500427246,5,False
2,6.682699680328369,9,False
1,7.377096176147461,7,False
0,12.086566925048828,0,False
2,11.059593200683594,9,False
3,7.538684844970703,9,False
1,10.418912887573242,3,False
0,7.241101264953613,9,False
0,11.339252471923828,5,False
3,7.519554138183594,4,False
1,8.241804122924805,3,False
2,9.329343795776367,0,False
0,10.89132308959961,8,False
3,9.063361167907715,0,False
1,9.989999771118164,8,False
2,10.500496864318848,4,False
0,10.045624732971191,7,False
3,10.004568099975586,4,False
1,10.650318145751953,4,False
2,11.178297996520996,9,False
0,8.16772174835205,4,False
1,9.87443733215332,3,False
2,11.084220886230469,2,False
3,6.534533500671387,9,False
3,11.226497650146484,3,False
0,9.66275405883789,8,False
2,9.563732147216797,8,False
1,8.097415924072266,8,False
2,9.933084487915039,6,False
0,14.289201736450195,2,False
3,10.148141860961914,1,False
1,11.790087699890137,0,False
3,6.92406702041626,8,False
0,8.904422760009766,9,False
1,8.351101875305176,1,False
2,8.849686622619629,9,False
3,8.411998748779297,7,False
0,8.414674758911133,9,False
2,7.4019951820373535,5,False
1,7.541261672973633,8,False
3,7.937029838562012,8,False
1,7.728977680206299,1,False
2,10.181425094604492,0,False
0,8.663825988769531,1,False
0,10.205328941345215,4,False
1,8.625107765197754,0,False
2,7.732396125793457,2,False
3,6.965297698974609,2,False
3,10.472423553466797,7,False
1,9.153291702270508,2,False
0,9.829506874084473,6,False
2,7.607790470123291,5,False
0,9.063365936279297,7,False
3,7.128877639770508,0,False
1,5.520344257354736,9,False
2,11.11779499053955,0,False
3,9.74641227722168,7,False
2,9.078866004943848,5,False
0,8.217297554016113,3,False
1,9.778337478637695,2,False
0,8.966798782348633,4,False
1,8.984296798706055,1,False
3,8.323841094970703,7,False
2,9.476682662963867,6,False
0,9.709132194519043,3,False
3,7.730289459228516,9,False
2,9.707119941711426,3,False
1,9.065872192382812,9,False
1,8.96171760559082,9,False
0,6.22161340713501,9,False
2,11.251283645629883,0,False
3,8.72616195678711,9,False
1,8.317949295043945,7,False
2,10.110845565795898,6,False
3,10.144432067871094,5,False
0,7.800683975219727,5,False
3,12.336090087890625,3,False
0,9.082406997680664,0,False
1,7.817720413208008,8,False
2,7.840229511260986,1,False
0,12.006183624267578,2,False
3,12.127241134643555,2,False
1,12.789546966552734,2,False
2,7.259849548339844,1,False
1,8.980072021484375,1,False
0,13.856969833374023,3,False
3,9.425073623657227,1,False
2,9.849040985107422,6,False
1,8.627481460571289,3,False
0,6.199867248535156,5,False
2,12.18907356262207,2,False
3,6.814630031585693,9,False
3,9.414852142333984,9,False
2,9.534891128540039,7,False
1,7.9756622314453125,1,False
0,6.028347015380859,4,False
2,10.445371627807617,4,False
1,6.617051124572754,9,False
3,7.754347801208496,4,False
0,7.891373157501221,9,False
3,8.975275993347168,4,False
0,11.460549354553223,6,False
1,9.438024520874023,4,False
2,12.261940002441406,2,False
0,8.539036750793457,1,False
3,12.041584014892578,0,False
2,9.423025131225586,9,False
1,8.816429138183594,7,False
3,8.631765365600586,5,False
2,9.684867858886719,1,False
0,7.747868061065674,9,False
1,7.362273216247559,5,False
1,13.477470397949219,0,False
2,11.483743667602539,1,False
0,9.758843421936035,7,False
3,8.357566833496094,7,False
0,10.007559776306152,3,False
3,7.655516147613525,7,False
1,7.572947978973389,0,False
2,7.045022964477539,1,False
3,12.015398979187012,6,False
1,9.10240650177002,6,False
0,10.074141502380371,4,False
2,12.053226470947266,8,False
2,8.73088264465332,2,False
1,7.800600051879883,4,False
3,7.8946452140808105,4,False
0,10.190788269042969,1,False
0,12.280121803283691,0,False
3,11.508262634277344,3,False
1,7.873203277587891,4,False
2,13.188461303710938,2,False
3,8.421567916870117,6,False
2,10.40095043182373,5,False
1,14.035477638244629,3,False
0,10.319025993347168,7,False
1,11.034259796142578,6,False
0,8.579797744750977,2,False
3,9.8372220993042,6,False
2,10.168463706970215,9,False
2,8.144362449645996,5,False
0,8.394134521484375,9,False
1,10.556751251220703,1,False
3,10.179875373840332,5,False
1,8.55373764038086,2,False
2,10.271385192871094,2,False
3,8.607821464538574,6,False
0,9.449162483215332,3,False
2,9.900725364685059,6,False
1,8.551765441894531,1,False
3,9.137327194213867,0,False
0,8.768150329589844,1,False
1,12.876877784729004,2,False
0,8.897697448730469,3,False
3,11.268048286437988,0,False
2,10.18349838256836,6,False
2,7.468675136566162,5,False
0,6.164419174194336,9,False
3,6.270913124084473,6,False
1,7.289544105529785,1,False
0,11.409143447875977,6,False
2,11.735182762145996,0,False
1,9.283092498779297,1,False
3,11.605913162231445,0,False
1,8.90437126159668,8,False
3,10.92873764038086,7,False
0,7.307438850402832,4,False
2,11.30268669128418,2,False
2,8.759323120117188,2,False
0,12.925357818603516,2,False
1,8.709836959838867,1,False
3,11.346612930297852,2,False
3,4.410329341888428,0,False
1,10.950697898864746,2,False
0,6.5133233070373535,9,False
2,6.428421497344971,9,False
1,7.250175952911377,9,False
2,10.028617858886719,6,False
0,10.681266784667969,2,False
3,5.795534133911133,4,False
3,7.033039093017578,5,False
1,9.854616165161133,5,False
0,7.700777053833008,1,False
2,10.012368202209473,5,False
3,9.885763168334961,3,False
0,8.836044311523438,7,False
2,9.423388481140137,0,False
1,9.851950645446777,7,False
2,9.228687286376953,8,False
1,10.794782638549805,5,False
3,7.840034484863281,8,False
0,8.570815086364746,1,False
1,7.439204216003418,9,False
2,8.116605758666992,1,False
0,7.887343406677246,6,False
3,11.498359680175781,7,False
3,8.557456970214844,2,False
1,10.126575469970703,6,False
0,8.361608505249023,9,False
2,8.207478523254395,4,False
1,10.455647468566895,0,False
0,6.9352850914001465,8,False
2,10.045531272888184,9,False
3,11.2250394821167,0,False
1,9.709443092346191,7,False
2,7.824637413024902,9,False
3,6.801887512207031,6,False
0,8.975050926208496,1,False
0,10.083002090454102,2,False
3,9.76757526397705,7,False
1,7.300755977630615,9,False
2,9.907848358154297,9,False
1,7.539363384246826,5,False
2,8.818292617797852,4,False
3,7.0178022384643555,8,False
0,8.538180351257324,0,False
3,9.11544132232666,5,False
1,5.622820854187012,9,False
0,9.466424942016602,0,False
2,6.540288925170898,7,False
2,8.956716537475586,3,False
1,12.674637794494629,0,False
0,12.593317985534668,8,False
3,7.321195602416992,4,False
2,8.080528259277344,1,False
3,9.274062156677246,0,False
0,7.353952407836914,1,False
1,11.881599426269531,7,False
2,8.819244384765625,0,False
3,5.906590938568115,9,False
1,8.792549133300781,5,False
0,12.10621452331543,3,False
1,9.830953598022461,1,False
0,8.288681030273438,5,False
2,10.092838287353516,1,False
3,9.096964836120605,5,False
1,8.278729438781738,6,False
2,6.581088066101074,7,False
3,6.683955669403076,6,False
0,7.002091407775879,9,False
2,7.641223907470703,9,False
3,10.777496337890625,7,False
0,9.861124038696289,1,False
1,10.856401443481445,7,False
3,10.064419746398926,8,False
2,10.159481048583984,8,False
1,8.686030387878418,4,False
0,8.326465606689453,6,False
2,8.80061149597168,6,False
3,11.205129623413086,1,False
1,10.894173622131348,3,False
0,9.499307632446289,3,False
0,9.9407958984375,6,False
3,6.121720314025879,1,False
2,7.755610466003418,6,False
1,10.600448608398438,1,False
2,10.832000732421875,7,False
1,9.318904876708984,1,False
3,13.774590492248535,0,False
0,8.922317504882812,5,False
0,8.616211891174316,1,False
3,11.262067794799805,3,False
1,15.619169235229492,3,False
2,9.121856689453125,5,False
1,8.05755615234375,4,False
2,12.751819610595703,0,False
0,8.658921241760254,6,False
3,8.640079498291016,8,False
3,13.834883689880371,3,False
2,9.369538307189941,1,False
0,9.69173812866211,0,False
1,9.08460521697998,4,False
3,8.976540565490723,8,False
0,5.742917537689209,0,False
1,10.16325569152832,8,False
2,11.950989723205566,8,False
0,9.598358154296875,6,False
3,6.589195251464844,9,False
1,11.972482681274414,3,False
2,9.400822639465332,4,False
0,10.922861099243164,3,False
2,7.70665168762207,8,False
1,9.27839469909668,4,False
3,12.395151138305664,2,False
2,7.604414939880371,7,False
1,7.28050422668457,8,False
0,10.839849472045898,2,False
3,8.723840713500977,3,False
3,9.165177345275879,6,False
0,5.979674816131592,3,False
1,10.301946640014648,1,False
2,10.352544784545898,7,False
1,8.36776351928711,0,False
2,6.782761573791504,8,False
0,8.557814598083496,2,False
3,11.76806926727295,0,False
2,6.440931797027588,2,False
3,9.074935913085938,0,False
0,7.844172477722168,4,False
1,12.75551986694336,0,False
1,6.516017913818359,1,False
3,7.130626201629639,7,False
2,13.16989517211914,3,False
0,7.0294108390808105,7,False
3,9.83853530883789,5,False
1,5.98075008392334,7,False
2,9.642492294311523,1,False
0,10.829940795898438,3,False
2,7.497766017913818,3,False
1,7.513914108276367,1,False
0,8.195380210876465,2,False
3,9.277162551879883,6,False
2,8.914387702941895,7,False
1,8.040018081665039,6,False
0,8.393789291381836,8,False
3,9.531103134155273,5,False
3,10.643586158752441,8,False
1,10.403963088989258,3,False
0,6.340733528137207,1,False
2,9.299893379211426,0,False
2,8.625910758972168,3,False
1,10.911314010620117,3,False
0,10.527539253234863,3,False
3,7.744060516357422,4,False
0,9.866874694824219,3,False
3,14.665840148925781,2,False
2,9.559110641479492,5,False
1,9.41443920135498,1,False
2,8.852928161621094,1,False
3,8.658432006835938,4,False
0,8.75853157043457,4,False
1,10.078009605407715,2,False
2,8.081762313842773,8,False
1,7.750617027282715,8,False
0,5.7745490074157715,7,False
3,10.142576217651367,2,False
2,11.654833793640137,0,False
3,7.6344170570373535,7,False
0,9.343555450439453,9,False
1,9.322854042053223,6,False
1,12.130016326904297,7,False
2,10.481817245483398,5,False
0,6.23487663269043,1,False
3,10.220527648925781,9,False
3,12.849104881286621,2,False
1,9.715641975402832,2,False
0,6.976552963256836,4,False
2,11.96175479888916,3,False
2,9.606988906860352,5,False
3,8.393094062805176,4,False
0,9.7666654586792,1,False
1,8.01611328125,8,False
0,7.932793140411377,1,False
2,6.258855819702148,7,False
3,12.95474910736084,5,False
1,8.499359130859375,4,False
3,12.115592956542969,7,False
2,10.477325439453125,8,False
1,7.475400924682617,1,False
0,8.987964630126953,1,False
3,9.474478721618652,3,False
2,5.4276580810546875,9,False
0,10.480541229248047,5,False
1,7.229770660400391,9,False
1,10.306758880615234,6,False
2,10.426984786987305,7,False
0,9.324228286743164,3,False
3,13.672432899475098,2,False
2,11.015491485595703,6,False
3,11.411795616149902,7,False
1,9.473746299743652,5,False
0,9.089571952819824,7,False
0,7.18367862701416,9,False
3,12.758172988891602,0,False
1,10.52630615234375,4,False
2,9.526704788208008,5,False
3,12.077993392944336,3,False
0,8.076122283935547,9,False
2,9.667001724243164,3,False
1,9.69218635559082,7,False
1,9.047155380249023,1,False
2,11.607544898986816,2,False
3,12.580713272094727,6,False
0,8.382357597351074,6,False
0,11.893667221069336,2,False
3,8.097182273864746,1,False
2,10.32655143737793,6,False
1,7.21690559387207,7,False
1,12.351179122924805,3,False
0,9.418082237243652,5,False
2,5.701815605163574,1,False
3,6.202879428863525,5,False
1,7.819821357727051,6,False
2,7.054912090301514,2,False
3,8.867876052856445,5,False
0,8.434793472290039,0,False
0,11.039362907409668,7,False
1,8.915447235107422,6,False
2,13.135597229003906,8,False
3,10.783371925354004,5,False
2,10.405303955078125,7,False
3,12.98910903930664,2,False
0,9.868827819824219,8,False
1,7.840615749359131,3,False
3,9.90290641784668,0,False
2,9.934158325195312,9,False
0,6.3799824714660645,8,False
1,9.927407264709473,3,False
2,14.031518936157227,3,False
3,9.578773498535156,0,False
0,10.95189094543457,0,False
1,10.430868148803711,0,False
0,9.493988990783691,1,False
2,8.759271621704102,6,False
3,7.509822845458984,4,False
1,10.316062927246094,3,False
0,7.548384189605713,1,False
2,11.392213821411133,8,False
3,8.92479133605957,8,False
1,9.196039199829102,0,False
2,8.889476776123047,4,False
3,6.977092742919922,1,False
1,7.364667892456055,9,False
0,8.490887641906738,4,False
1,5.132345199584961,9,False
2,10.597518920898438,5,False
3,10.354093551635742,6,False
0,9.4979887008667,3,False
3,7.377297401428223,8,False
2,7.236870765686035,9,False
0,11.688285827636719,6,False
1,8.274125099182129,7,False
3,8.193790435791016,7,False
0,8.35883903503418,6,False
2,9.617355346679688,0,False
1,10.12337875366211,1,False
2,6.467780590057373,9,False
0,8.410666465759277,8,False
1,9.853947639465332,4,False
3,7.910737991333008,6,False
1,8.562983512878418,7,False
0,8.30074691772461,9,False
2,6.005317687988281,9,False
3,7.41905403137207,2,False
3,6.623522758483887,6,False
0,10.068355560302734,5,False
2,8.204996109008789,0,False
1,10.15274429321289,2,False
3,8.09080982208252,8,False
1,7.802204608917236,5,False
0,6.4756622314453125,9,False
2,7.14865779876709,9,False
1,7.8288655281066895,6,False
2,10.590673446655273,6,False
3,7.232148170471191,5,False
0,7.947218894958496,4,False
1,12.691065788269043,4,False
0,6.618776321411133,4,False
2,6.768133163452148,0,False
3,8.671242713928223,9,False
3,7.66438102722168,9,False
0,10.406685829162598,5,False
2,7.030971527099609,6,False
1,8.446935653686523,7,False
0,11.217214584350586,0,False
3,8.224477767944336,4,False
1,12.834061622619629,0,False
2,8.081847190856934,9,False
1,12.672233581542969,7,False
0,7.533691883087158,1,False
2,9.551939010620117,4,False
3,14.237826347351074,0,False
0,8.758173942565918,1,False
2,7.20157527923584,7,False
3,11.416752815246582,4,False
1,7.945506572723389,4,False
2,6.944825172424316,9,False
3,9.184362411499023,6,False
1,8.53117561340332,2,False
0,6.150033950805664,8,False
1,10.438085556030273,7,False
0,9.596334457397461,1,False
2,6.787077903747559,8,False
3,10.959287643432617,0,False
2,8.447962760925293,7,False
0,8.090389251708984,6,False
3,9.71412467956543,4,False
1,8.836956024169922,3,False
0,8.320842742919922,3,False
3,11.956537246704102,7,False
2,9.149081230163574,1,False
1,7.674032688140869,4,False
0,9.666893005371094,9,False
3,12.906706809997559,5,False
2,12.668439865112305,0,False
1,8.544843673706055,7,False
1,11.774045944213867,3,False
0,10.376279830932617,3,False
3,10.390918731689453,9,False
2,7.451655387878418,4,False
3,8.911734580993652,4,False
2,11.260647773742676,1,False
0,11.037996292114258,0,False
1,9.538469314575195,7,False
3,8.472810745239258,7,False
1,4.917270183563232,1,False
2,6.553718090057373,7,False
0,8.298604965209961,9,False
1,7.644317150115967,4,False
0,10.340981483459473,7,False
3,10.020984649658203,8,False
2,9.343255996704102,0,False
2,8.904711723327637,7,False
3,8.994603157043457,2,False
0,8.607916831970215,9,False
1,9.710320472717285,0,False
0,6.854368686676025,4,False
2,9.677817344665527,6,False
3,8.161055564880371,7,False
1,10.201788902282715,9,False
0,7.81594181060791,6,False
3,12.631470680236816,6,False
2,11.607625961303711,0,False
1,11.623031616210938,4,False
1,10.172101974487305,8,False
2,7.219714164733887,7,False
0,6.896602630615234,8,False
3,8.747130393981934,1,False
1,9.944599151611328,3,False
0,8.523847579956055,3,False
2,10.282461166381836,8,False
3,7.976295471191406,9,False
2,15.619959831237793,2,False
1,8.406625747680664,8,False
0,9.628019332885742,8,False
3,7.648886680603027,4,False
3,7.3650922775268555,3,False
1,6.555461883544922,1,False
0,8.261369705200195,5,False
2,11.065540313720703,8,False
2,10.419926643371582,7,False
3,9.74887466430664,7,False
1,7.070775032043457,9,False
0,10.819631576538086,8,False
3,5.374203681945801,4,False
0,9.340499877929688,5,False
2,8.445276260375977,1,False
1,14.93263053894043,2,False
1,6.195534706115723,9,False
2,10.35003662109375,5,False
3,5.055034637451172,8,False
0,6.662502288818359,8,False
0,8.076356887817383,2,False
1,11.268379211425781,6,False
3,9.073863983154297,3,False
2,9.154397010803223,0,False
0,8.699973106384277,7,False
3,8.952812194824219,8,False
2,9.129539489746094,5,False
1,7.886649131774902,5,False
1,11.615560531616211,0,False
2,7.535574913024902,4,False
3,10.546218872070312,2,False
0,12.773428916931152,2,False
3,9.262657165527344,6,False
0,7.000138282775879,7,False
1,8.458171844482422,6,False
2,11.620914459228516,2,False
0,6.428671836853027,5,False
2,7.23895263671875,9,False
1,10.177989959716797,5,False
3,7.955793380737305,5,False
3,5.1943182945251465,9,False
0,9.590641975402832,0,False
2,8.029783248901367,1,False
1,8.40976333618164,7,False
0,7.594302177429199,9,False
1,7.931915760040283,9,False
2,8.818953514099121,1,False
3,10.19320297241211,3,False
0,9.097129821777344,3,False
1,7.206356525421143,2,False
3,12.087985038757324,6,False
2,9.931381225585938,3,False
1,10.653395652770996,4,False
2,6.683112144470215,4,False
0,8.357349395751953,3,False
3,8.338815689086914,4,False
3,8.262462615966797,1,False
1,11.338738441467285,8,False
0,7.793242454528809,7,False
2,7.705791473388672,9,False
3,7.213621139526367,4,False
0,10.442834854125977,1,False
1,5.504260063171387,9,False
2,7.810774803161621,5,False
0,8.8650541305542,8,False
1,12.485492706298828,9,False
2,7.775543689727783,4,False
3,7.504050254821777,8,False
3,8.64553451538086,7,False
0,8.879887580871582,9,False
2,9.878748893737793,5,False
1,10.428483963012695,2,False
2,7.850773811340332,1,False
3,8.181856155395508,8,False
1,7.424159526824951,4,False
0,8.777101516723633,4,False
3,7.511017322540283,7,False
0,6.989059925079346,7,False
2,8.105459213256836,8,False
1,7.987916469573975,7,False
0,8.48336410522461,3,False
1,8.409908294677734,8,False
2,10.620716094970703,6,False
3,10.62173080444336,3,False
3,7.339810848236084,4,False
1,6.1426005363464355,7,False
2,8.691181182861328,3,False
0,7.394755840301514,9,False
0,10.77584171295166,1,False
2,10.205472946166992,8,False
3,5.741276741027832,7,False
1,7.53278923034668,4,False
3,9.09872055053711,2,False
2,7.628026962280273,9,False
0,8.912187576293945,4,False
1,13.341412544250488,3,False
3,12.111017227172852,2,False
0,6.099183082580566,9,False
2,12.878042221069336,0,False
1,11.990825653076172,8,False
0,12.918482780456543,2,False
2,8.398221969604492,3,False
1,6.614768028259277,1,False
3,9.670714378356934,1,False
2,6.548332214355469,9,False
0,8.101539611816406,9,False
1,6.926845073699951,5,False
3,8.188104629516602,7,False
3,8.534252166748047,8,False
1,8.236748695373535,6,False
0,8.998335838317871,1,False
2,7.342457294464111,9,False
0,17.98805809020996,2,False
2,9.477113723754883,1,False
3,4.872527599334717,1,False
1,9.867594718933105,3,False
0,8.603828430175781,9,False
3,7.041775703430176,5,False
1,9.14125919342041,5,False
2,9.50445556640625,2,False
0,9.456414222717285,7,False
3,8.767507553100586,6,False
2,9.116983413696289,4,False
1,6.54195499420166,9,False
0,6.841094017028809,7,False
2,7.899790287017822,6,False
3,10.94834041595459,4,False
1,7.572552680969238,5,False
0,11.796298027038574,3,False
1,10.918180465698242,2,False
2,9.419578552246094,9,False
3,10.440373420715332,2,False
3,10.395975112915039,4,False
0,10.962158203125,3,False
2,10.941154479980469,0,False
1,9.723031997680664,4,False
1,10.750102996826172,7,False
3,12.130630493164062,1,False
2,9.190519332885742,9,False
0,12.295907974243164,3,False
2,8.765485763549805,5,False
3,9.928482055664062,0,False
0,9.369275093078613,8,False
1,11.19404125213623,7,False
2,12.385504722595215,3,False
0,11.969873428344727,6,False
1,9.664396286010742,8,False
3,10.566158294677734,2,False
2,7.300718784332275,1,False
0,8.671236991882324,2,False
3,7.708892822265625,4,False
1,10.130314826965332,3,False
0,5.343195915222168,9,False
3,7.0746870040893555,8,False
1,9.887452125549316,6,False
2,6.400198936462402,4,False
2,10.836318016052246,1,False
1,13.80025577545166,3,False
0,9.022976875305176,1,False
3,7.191821098327637,4,False
1,11.727078437805176,2,False
2,13.84108829498291,2,False
3,9.938339233398438,7,False
0,9.39173698425293,8,False
3,7.935221195220947,1,False
1,9.1195707321167,3,False
2,8.810676574707031,9,False
0,11.313834190368652,3,False
1,10.494878768920898,0,False
0,8.657857894897461,1,False
3,8.785699844360352,0,False
2,7.425070762634277,6,False
2,7.9473042488098145,9,False
3,7.284220218658447,9,False
0,11.325445175170898,5,False
1,9.471914291381836,4,False
2,10.419349670410156,5,False
0,8.612775802612305,5,False
3,9.918960571289062,3,False
1,7.965508937835693,8,False
0,10.784168243408203,3,False
3,8.940580368041992,1,False
1,8.707310676574707,0,False
2,8.645116806030273,0,False
0,9.719545364379883,5,False
1,9.715200424194336,2,False
2,7.945348739624023,4,False
3,10.817424774169922,3,False
1,6.741731643676758,9,False
0,13.419771194458008,0,False
3,9.201979637145996,0,False
2,7.690425872802734,1,False
3,9.931207656860352,2,False
1,8.038593292236328,4,False
0,6.731334686279297,1,False
2,12.355504035949707,0,False
2,8.697439193725586,9,False
3,11.469785690307617,6,False
1,11.619364738464355,0,False
0,6.965770721435547,4,False
2,8.03431510925293,3,False
3,8.537116050720215,6,False
0,9.00937271118164,2,False
1,8.195711135864258,2,False
0,8.9447660446167,8,False
3,7.9753265380859375,7,False
2,8.066054344177246,3,False
1,10.39157485961914,6,False
2,6.610813140869141,1,False
3,12.043203353881836,8,False
0,9.470832824707031,5,False
1,6.939684867858887,8,False
0,9.994824409484863,0,False
2,10.479915618896484,9,False
3,8.284915924072266,9,False
1,11.680397033691406,0,False
0,7.440643310546875,9,False
2,10.977267265319824,3,False
1,9.817893981933594,3,False
3,11.925031661987305,3,False
1,9.21729850769043,4,False
3,10.420127868652344,7,False
0,10.887896537780762,6,False
2,8.506969451904297,3,False
2,9.484834671020508,2,False
1,7.986638069152832,0,False
0,7.121484279632568,4,False
3,12.5947847366333,3,False
1,11.106122016906738,0,False
0,9.138751029968262,4,False
3,6.994500160217285,9,False
2,10.226591110229492,6,False
0,9.83409595489502,7,False
3,8.182907104492188,8,False
2,7.492616653442383,1,False
1,11.021636962890625,8,False
2,9.308987617492676,2,False
1,8.6964111328125,1,False
3,7.089808940887451,1,False
0,9.653087615966797,6,False
2,10.999856948852539,7,False
0,8.283163070678711,5,False
1,13.151800155639648,0,False
3,5.746001243591309,1,False
2,10.729127883911133,1,False
1,6.681051731109619,9,False
3,6.239953994750977,4,False
0,10.06564712524414,0,False
3,8.943275451660156,4,False
1,12.661001205444336,3,False
2,11.211071968078613,5,False
0,8.304039001464844,7,False
3,6.373103141784668,9,False
0,11.57807731628418,4,False
1,4.925456523895264,1,False
2,6.94765567779541,1,False
0,7.415533065795898,4,False
3,6.577702522277832,5,False
1,6.922341823577881,5,False
2,8.88071346282959,9,False
3,7.853785037994385,0,False
2,8.595516204833984,9,False
0,10.128189086914062,0,False
1,9.525093078613281,9,False
1,8.815954208374023,5,False
2,4.90355920791626,1,False
0,9.680850982666016,2,False
3,9.094820022583008,9,False
1,8.168471336364746,4,False
2,11.067425727844238,9,False
0,9.159852981567383,5,False
3,9.8367919921875,7,False
2,11.030473709106445,8,False
0,9.161649703979492,5,False
1,7.164597988128662,6,False
3,10.020829200744629,5,False
3,10.842552185058594,6,False
1,6.0735883712768555,9,False
2,11.177665710449219,5,False
0,8.06510066986084,9,False
0,7.852865219116211,6,False
3,8.366019248962402,6,False
1,9.053567886352539,1,False
2,8.831344604492188,1,False
0,8.053812026977539,1,False
3,9.573553085327148,5,False
2,8.846837997436523,7,False
1,9.595499038696289,2,False
2,7.268193244934082,9,False
3,9.700852394104004,6,False
0,9.216668128967285,6,False
1,9.150888442993164,5,False
0,9.744285583496094,7,False
3,13.140101432800293,2,False
1,9.068540573120117,1,False
2,9.80569839477539,1,False
3,8.725008010864258,1,False
0,7.620957851409912,5,False
1,8.422113418579102,2,False
2,15.032818794250488,6,False
2,7.7844648361206055,5,False
1,9.243165969848633,8,False
0,7.317783355712891,3,False
3,10.556072235107422,7,False
2,8.383660316467285,6,False
1,10.063652038574219,9,False
3,10.712950706481934,0,False
0,9.734390258789062,1,False
0,11.662801742553711,4,False
1,6.1565656661987305,3,False
3,10.442449569702148,3,False
2,11.11197280883789,8,False
1,10.996536254882812,9,False
3,10.797224998474121,8,False
0,9.382266998291016,9,False
2,10.737085342407227,3,False
0,8.991628646850586,4,False
2,10.153228759765625,3,False
1,12.265064239501953,6,False
3,9.001522064208984,4,False
2,7.6101155281066895,5,False
3,9.786605834960938,7,False
0,6.01901388168335,1,False
1,11.078636169433594,9,False
0,7.052037239074707,8,False
1,7.885575771331787,8,False
3,9.490676879882812,0,False
2,9.666765213012695,6,False
1,11.502983093261719,2,False
0,9.732536315917969,5,False
2,8.752487182617188,7,False
3,10.515703201293945,8,False
3,10.779934883117676,5,False
1,8.608537673950195,3,False
2,8.085782051086426,9,False
0,10.305947303771973,1,False
3,11.438538551330566,2,False
1,11.668049812316895,6,False
0,10.503622055053711,1,False
2,11.33000373840332,0,False
1,8.745166778564453,4,False
3,9.337930679321289,9,False
0,9.56584358215332,8,False
2,7.9521589279174805,7,False
3,9.422304153442383,8,False
0,9.832259178161621,8,False
2,9.24780559539795,7,False
1,6.686248779296875,9,False
1,11.420453071594238,8,False
0,5.857077598571777,6,False
2,10.492191314697266,2,False
3,7.599546909332275,4,False
0,10.693613052368164,5,False
3,6.974781036376953,3,False
1,12.243938446044922,6,False
2,9.390934944152832,9,False
0,7.194002628326416,5,False
1,11.669572830200195,2,False
3,7.993115425109863,9,False
2,13.638201713562012,6,False
2,6.985517501831055,0,False
1,5.880828857421875,2,False
0,8.704099655151367,6,False
3,8.57095718383789,4,False
2,10.406702041625977,2,False
0,10.637716293334961,2,False
3,9.578411102294922,8,False
1,11.357152938842773,4,False
1,11.787081718444824,8,False
3,8.409582138061523,5,False
0,9.45489501953125,8,False
2,11.185262680053711,0,False
2,8.454273223876953,0,False
3,9.33762264251709,3,False
0,9.158815383911133,6,False
1,7.838977813720703,5,False
1,11.076348304748535,2,False
2,13.032313346862793,0,False
0,5.996402740478516,1,False
3,12.708051681518555,3,False
3,10.210305213928223,4,False
2,9.718080520629883,0,False
0,10.351116180419922,0,False
1,8.23844051361084,8,False
2,13.597015380859375,8,False
3,10.502524375915527,0,False
0,10.047789573669434,0,False
1,8.668901443481445,1,False
2,6.082666397094727,7,False
1,8.073509216308594,0,False
0,7.6825995445251465,6,False
3,8.302349090576172,6,False
0,8.66481876373291,6,False
1,9.201430320739746,7,False
2,8.460569381713867,9,False
3,9.546936988830566,6,False
3,11.824831008911133,0,False
1,8.513128280639648,4,False
0,9.878111839294434,5,False
2,10.633487701416016,3,False
2,9.255746841430664,8,False
3,7.939366340637207,1,False
0,9.389445304870605,7,False
1,9.301883697509766,1,False
2,9.5535249710083,6,False
3,10.699642181396484,0,False
1,8.045132637023926,9,False
0,11.568100929260254,0,False
3,7.033564567565918,6,False
2,7.464776039123535,4,False
0,9.246917724609375,6,False
1,10.33041000366211,0,False
0,8.575719833374023,8,False
2,8.808433532714844,4,False
1,8.905662536621094,4,False
3,7.683080673217773,5,False
3,6.715651512145996,9,False
2,11.531474113464355,7,False
1,8.195955276489258,7,False
0,7.829951286315918,6,False
0,9.716980934143066,4,False
2,9.316425323486328,7,False
1,10.592086791992188,2,False
3,8.78542709350586,0,False
3,9.135444641113281,7,False
1,10.168488502502441,8,False
0,10.241324424743652,4,False
2,8.427162170410156,0,False
2,8.78893756866455,7,False
1,8.344063758850098,2,False
3,6.315853118896484,9,False
0,6.0500593185424805,1,False
3,7.630169868469238,7,False
2,10.364952087402344,0,False
0,6.963382720947266,4,False
1,9.448037147521973,8,False
3,8.788639068603516,5,False
1,8.882944107055664,2,False
0,8.023000717163086,9,False
2,6.742505073547363,4,False
0,7.77996301651001,8,False
3,7.761480808258057,0,False
2,6.397193908691406,1,False
1,10.589096069335938,6,False
1,9.43953800201416,6,False
2,11.048973083496094,1,False
3,7.806886672973633,1,False
0,6.380203723907471,7,False
3,15.095561981201172,3,False
1,7.051938533782959,6,False
2,7.394250392913818,1,False
0,6.930482387542725,1,False
1,6.688650131225586,7,False
0,7.013276100158691,8,False
3,8.86630630493164,5,False
2,7.362226486206055,9,False
2,10.291732788085938,4,False
3,8.156190872192383,1,False
0,8.581905364990234,0,False
1,7.211104393005371,9,False
0,6.322909355163574,1,False
1,9.770384788513184,3,False
3,7.053694725036621,1,False
2,8.502983093261719,7,False
2,10.367376327514648,2,False
0,11.271344184875488,3,False
3,6.734015941619873,4,False
1,8.267839431762695,4,False
3,7.507724761962891,5,False
1,8.816837310791016,7,False
2,11.98023796081543,6,False
0,7.157341957092285,1,False
0,6.792800426483154,8,False
1,10.97482681274414,1,False
2,8.199296951293945,5,False
3,12.47968864440918,0,False
3,9.245610237121582,9,False
2,8.727142333984375,7,False
1,12.026090621948242,3,False
0,8.869720458984375,7,False
0,7.374453067779541,7,False
3,9.397869110107422,8,False
1,14.681123733520508,2,False
2,11.625198364257812,0,False
3,10.258604049682617,6,False
2,10.78854751586914,2,False
0,8.570159912109375,4,False
1,12.661526679992676,2,False
3,10.233217239379883,3,False
0,7.799163818359375,9,False
1,9.098664283752441,2,False
2,9.339360237121582,4,False
0,6.42277717590332,4,False
3,7.809507846832275,4,False
2,9.485337257385254,0,False
1,8.823513984680176,9,False
2,8.606943130493164,4,False
3,7.589295387268066,7,False
1,10.604785919189453,1,False
0,12.850301742553711,0,False
1,10.361139297485352,9,False
3,12.552759170532227,3,False
2,7.2092156410217285,9,False
0,9.862897872924805,4,False
0,10.109033584594727,4,False
1,10.960033416748047,6,False
2,6.857918739318848,5,False
3,8.242048263549805,1,False
1,10.001686096191406,7,False
0,9.674731254577637,6,False
3,9.700811386108398,8,False
2,9.150925636291504,8,False
0,9.089142799377441,9,False
2,9.427804946899414,7,False
3,8.861019134521484,0,False
1,11.289306640625,3,False
0,8.737821578979492,3,False
1,8.568244934082031,4,False
3,9.939497947692871,3,False
2,8.182134628295898,6,False
2,9.985183715820312,9,False
0,8.85286808013916,7,False
3,9.176640510559082,4,False
1,8.266241073608398,8,False
3,5.903485298156738,9,False
0,9.771421432495117,6,False
1,5.677007675170898,1,False
2,11.8164701461792,0,False
2,10.026623725891113,2,False
1,8.854503631591797,4,False
0,7.488465309143066,1,False
3,7.9000244140625,3,False
0,10.099699020385742,4,False
3,11.211918830871582,8,False
1,10.30050277709961,6,False
2,9.711454391479492,1,False
1,7.511118412017822,5,False
3,13.930590629577637,0,False
0,9.782068252563477,3,False
2,6.708993911743164,5,False
2,9.960670471191406,3,False
0,8.495792388916016,9,False
3,9.278274536132812,8,False
1,6.841005802154541,4,False
1,8.415558815002441,7,False
0,12.203457832336426,3,False
3,9.40941047668457,2,False
2,7.175654411315918,9,False
1,8.489702224731445,9,False
3,10.577228546142578,1,False
2,7.755178451538086,9,False
0,9.99543285369873,0,False
1,11.365110397338867,5,False
0,9.633434295654297,1,False
3,7.076268672943115,9,False
2,5.813271522521973,1,False
2,7.710574150085449,5,False
1,10.090686798095703,6,False
3,9.227460861206055,1,False
0,9.84453010559082,4,False
1,10.376569747924805,0,False
3,11.267769813537598,3,False
2,7.54503059387207,7,False
0,8.664417266845703,3,False
0,8.737640380859375,9,False
1,9.053876876831055,8,False
2,7.313531875610352,5,False
3,9.163263320922852,8,False
0,7.700440883636475,1,False
3,10.018498420715332,3,False
1,12.21406364440918,2,False
2,12.36815357208252,0,False
2,9.084783554077148,8,False
1,8.805273056030273,5,False
3,8.644216537475586,8,False
0,8.478096008300781,4,False
2,12.927469253540039,6,False
0,11.883766174316406,0,False
3,9.10103988647461,1,False
1,9.861068725585938,2,False
0,10.47826099395752,0,False
3,12.62778091430664,0,False
2,8.768464088439941,0,False
1,7.638905048370361,3,False
2,9.955577850341797,4,False
1,13.352066993713379,3,False
3,8.638067245483398,0,False
0,11.420856475830078,2,False
2,8.874134063720703,4,False
1,10.618416786193848,8,False
0,12.92582893371582,7,False
3,4.98631477355957,1,False
1,8.833728790283203,3,False
3,9.006762504577637,6,False
2,10.61083984375,8,False
0,5.489106178283691,7,False
0,8.021241188049316,8,False
3,8.068643569946289,5,False
1,8.019254684448242,5,False
2,8.693504333496094,4,False
0,11.550018310546875,8,False
2,11.75107192993164,6,False
3,7.666446208953857,7,False
1,6.55397891998291,1,False
2,7.105003356933594,9,False
3,8.068492889404297,4,False
1,8.50440502166748,4,False
0,9.38516616821289,4,False
0,8.939454078674316,8,False
2,9.832000732421875,3,False
1,9.205634117126465,7,False
3,10.339286804199219,5,False
2,11.442516326904297,1,False
0,8.356640815734863,7,False
1,8.938294410705566,5,False
3,8.065729141235352,4,False
3,9.48183536529541,7,False
1,7.154293537139893,1,False
2,9.384003639221191,3,False
0,9.938643455505371,6,False
0,11.111883163452148,3,False
3,10.381989479064941,8,False
1,8.561134338378906,6,False
2,7.109241485595703,8,False
3,7.718278884887695,1,False
0,6.935128211975098,4,False
2,7.9206342697143555,1,False
1,6.84675407409668,5,False
3,9.512816429138184,4,False
1,12.036551475524902,2,False
2,7.004463195800781,4,False
0,10.095767974853516,0,False
2,10.576520919799805,4,False
1,7.746733665466309,3,False
3,7.774213790893555,9,False
0,8.361446380615234,6,False
0,6.204519271850586,1,False
2,8.715700149536133,7,False
1,9.321024894714355,5,False
3,6.917680740356445,5,False
2,11.971417427062988,8,False
1,9.834217071533203,4,False
0,6.622593879699707,1,False
3,9.23511791229248,8,False
1,9.416196823120117,6,False
3,7.3126373291015625,4,False
0,7.753106594085693,1,False
2,7.084685325622559,0,False
3,9.781150817871094,5,False
1,9.555112838745117,2,False
2,15.398460388183594,3,False
0,8.77922248840332,4,False
3,8.43895149230957,1,False
0,6.77369499206543,0,False
1,6.637801170349121,6,False
2,6.5953216552734375,1,False
0,9.988825798034668,1,False
3,5.196116924285889,1,False
2,11.88287353515625,6,False
1,9.064857482910156,8,False
0,11.293325424194336,2,False
2,9.604104042053223,7,False
3,9.911550521850586,2,False
1,8.300760269165039,0,False
1,4.909000873565674,9,False
0,11.772466659545898,0,False
3,8.445090293884277,3,False
2,8.849538803100586,3,False
1,9.525806427001953,2,False
0,8.539844512939453,3,False
2,8.551962852478027,4,False
3,10.407112121582031,2,False
0,5.313298225402832,1,False
2,10.347898483276367,2,False
1,9.35555648803711,3,False
3,10.230924606323242,3,False
3,8.33281135559082,4,False
2,8.508831024169922,5,False
1,7.304068565368652,1,False
0,9.245443344116211,8,False
3,7.752597808837891,9,False
2,6.400219917297363,5,False
0,8.131049156188965,8,False
1,6.617252826690674,3,False
0,12.022817611694336,3,False
1,8.630265235900879,4,False
3,10.660788536071777,3,False
2,8.934593200683594,8,False
2,6.270159721374512,9,False
3,8.798201560974121,9,False
0,5.874604225158691,1,False
1,9.670584678649902,8,False
1,7.938658714294434,6,False
2,11.107194900512695,9,False
3,10.662458419799805,4,False
0,11.148317337036133,0,False
3,8.885201454162598,3,False
0,7.140118598937988,0,False
2,6.312429428100586,0,False
1,7.272727012634277,6,False
2,6.059558391571045,1,False
0,8.128620147705078,1,False
1,8.522551536560059,1,False
3,11.585379600524902,4,False
1,10.109806060791016,8,False
0,8.906045913696289,9,False
2,8.770737648010254,8,False
3,7.225934982299805,8,False
3,8.489717483520508,9,False
2,10.075735092163086,7,False
1,13.429389953613281,3,False
0,10.736234664916992,4,False
1,9.255265235900879,8,False
3,6.8746185302734375,1,False
0,8.33346939086914,7,False
2,6.036301612854004,1,False
3,11.357397079467773,6,False
2,7.626597881317139,7,False
0,11.2819242477417,6,False
1,6.753068447113037,1,False
2,9.834612846374512,2,False
0,12.965757369995117,2,False
3,8.35998821258545,5,False
1,11.61943244934082,3,False
1,8.155058860778809,3,False
0,9.190803527832031,4,False
3,10.22384262084961,5,False
2,9.099977493286133,5,False
2,8.231646537780762,1,False
0,7.2789177894592285,4,False
1,6.155671119689941,9,False
3,9.737321853637695,8,False
0,10.107939720153809,9,False
3,6.916062355041504,4,False
1,13.282176971435547,2,False
2,9.320907592773438,6,False
2,7.748078346252441,1,False
3,10.63769245147705,4,False
0,9.307734489440918,7,False
1,6.359903335571289,9,False
1,9.934357643127441,8,False
0,8.225194931030273,1,False
3,10.633798599243164,7,False
2,7.201074600219727,4,False
2,6.6983819007873535,7,False
0,10.705642700195312,3,False
3,9.704160690307617,5,False
1,9.994039535522461,8,False
3,7.806085109710693,5,False
0,5.852538108825684,8,False
1,7.298274993896484,8,False
2,11.961699485778809,0,False
3,6.418994426727295,8,False
2,9.486137390136719,1,False
0,8.33763313293457,6,False
1,7.710148811340332,1,False
0,12.159131050109863,7,False
2,9.447908401489258,7,False
1,13.665145874023438,3,False
3,8.880542755126953,9,False
3,8.353764533996582,4,False
1,11.601347923278809,2,False
0,12.421334266662598,3,False
2,10.408930778503418,2,False
2,9.909157752990723,5,False
1,6.113087177276611,8,False
3,10.77829360961914,4,False
0,10.13687515258789,5,False
0,7.292778968811035,4,False
3,8.114053726196289,9,False
1,9.719287872314453,1,False
2,7.33510684967041,4,False
1,11.114472389221191,3,False
2,7.654791831970215,7,False
3,11.272745132446289,6,False
0,7.457952976226807,1,False
2,9.152596473693848,1,False
1,6.996006011962891,6,False
3,10.655110359191895,7,False
0,9.077098846435547,8,False
2,11.616024017333984,4,False
0,8.026790618896484,8,False
3,9.090021133422852,5,False
1,7.651432991027832,8,False
1,11.092869758605957,3,False
2,9.694975852966309,5,False
0,5.9201812744140625,9,False
3,8.668185234069824,5,False
2,4.582818984985352,1,False
0,9.530657768249512,8,False
3,11.132575988769531,6,False
1,5.405798435211182,0,False
3,9.172548294067383,1,False
1,7.202035903930664,9,False
0,12.45815372467041,3,False
2,11.256794929504395,2,False
3,8.394546508789062,9,False
2,7.572836399078369,8,False
1,9.555943489074707,3,False
0,9.29345417022705,1,False
1,6.527767658233643,4,False
3,7.480866432189941,7,False
0,6.139370918273926,9,False
2,9.34998893737793,4,False
0,8.716653823852539,8,False
2,7.246870994567871,8,False
1,6.35203218460083,0,False
3,8.505922317504883,8,False
0,9.009984970092773,4,False
3,10.452896118164062,6,False
1,9.938009262084961,3,False
2,9.246393203735352,2,False
2,10.128398895263672,2,False
0,9.858707427978516,2,False
1,9.157601356506348,4,False
3,6.63685417175293,7,False
0,8.707199096679688,3,False
1,9.111947059631348,6,False
2,8.004190444946289,5,False
3,8.550629615783691,1,False
3,6.213679313659668,5,False
0,10.923709869384766,4,False
1,6.847268104553223,5,False
2,9.504398345947266,9,False
0,9.032605171203613,8,False
3,8.561153411865234,1,False
1,9.781598091125488,0,False
2,6.256554126739502,1,False
1,9.436698913574219,3,False
3,5.575389862060547,9,False
2,6.468358993530273,1,False
0,8.835841178894043,1,False
3,14.17921257019043,7,False
0,9.147238731384277,9,False
2,7.901636123657227,8,False
1,9.016019821166992,8,False
0,8.025327682495117,8,False
3,7.726970672607422,1,False
1,10.77101993560791,0,False
2,9.663936614990234,2,False
0,7.44053840637207,7,False
2,8.381153106689453,9,False
1,6.915215492248535,4,False
3,6.707653522491455,9,False
0,10.194089889526367,7,False
1,8.995662689208984,1,False
2,7.168310165405273,0,False
3,11.672529220581055,3,False
3,10.50295639038086,0,False
1,8.796682357788086,5,False
0,7.685670852661133,8,False
2,5.3063554763793945,6,False
0,8.767457962036133,6,False
3,10.287910461425781,3,False
2,4.827805042266846,9,False
1,12.52440357208252,0,False
3,7.171015739440918,1,False
1,10.873337745666504,4,False
2,10.719653129577637,8,False
0,10.903076171875,7,False
0,8.884157180786133,8,False
3,10.00510025024414,2,False
1,7.769968032836914,8,False
2,9.515070915222168,5,False
0,6.92446756362915,3,False
3,8.1233549118042,5,False
1,8.4979887008667,5,False
2,10.409136772155762,8,False
0,7.948413848876953,1,False
1,11.647690773010254,3,False
2,10.644571304321289,6,False
3,7.623463153839111,4,False
3,11.94800853729248,3,False
2,7.237408638000488,2,False
0,6.268157958984375,6,False
1,8.958505630493164,6,False
3,9.400772094726562,1,False
0,6.664731979370117,0,False
1,11.340250015258789,2,False
2,11.490962028503418,4,False
2,10.144062995910645,8,False
3,6.539128303527832,1,False
0,10.729846000671387,8,False
1,9.885374069213867,7,False
3,8.714680671691895,6,False
0,8.07686996459961,4,False
1,8.643638610839844,6,False
2,9.117812156677246,0,False
2,9.285367965698242,8,False
3,10.167888641357422,3,False
1,10.124152183532715,5,False
0,10.42954158782959,6,False
0,10.022994041442871,9,False
1,9.562808990478516,7,False
2,8.972394943237305,5,False
3,11.381401062011719,3,False
1,10.317873001098633,3,False
3,9.42863655090332,6,False
0,11.6229248046875,2,False
2,10.09477424621582,3,False
3,9.077198028564453,8,False
2,10.56588363647461,3,False
1,10.329328536987305,5,False
0,7.332929611206055,7,False
3,9.340715408325195,7,False
0,4.262857437133789,9,False
2,10.558420181274414,6,False
1,10.239343643188477,5,False
1,9.741036415100098,7,False
0,10.890111923217773,7,False
3,9.35498332977295,2,False
2,9.852054595947266,6,False
3,12.196187973022461,2,False
1,8.053598403930664,8,False
2,12.699874877929688,2,False
0,9.685074806213379,3,False
0,6.873259544372559,7,False
2,10.690940856933594,8,False
1,9.776595115661621,1,False
3,9.017552375793457,7,False
0,10.171077728271484,2,False
2,9.497603416442871,7,False
1,7.309425354003906,3,False
3,10.404037475585938,0,False
3,6.7448859214782715,9,False
1,7.598683834075928,5,False
2,10.560056686401367,4,False
0,8.922133445739746,9,False
2,7.531545639038086,3,False
1,8.737168312072754,2,False
3,6.872420310974121,9,False
0,10.403751373291016,7,False
0,10.960149765014648,6,False
2,9.028940200805664,9,False
3,8.649160385131836,8,False
1,7.219436168670654,4,False
1,13.055112838745117,3,False
3,7.887239456176758,9,False
0,13.166511535644531,0,False
2,5.81514835357666,0,False
0,9.850807189941406,0,False
2,8.415185928344727,3,False
3,9.894981384277344,4,False
1,9.002381324768066,5,False
1,10.048027038574219,2,False
3,10.855795860290527,3,False
0,10.89287281036377,6,False
2,7.387568473815918,6,False
0,6.851261138916016,1,False
3,7.970548629760742,9,False
1,7.308947563171387,1,False
2,8.336288452148438,4,False
0,7.04268741607666,8,False
1,7.375513553619385,5,False
2,7.100780963897705,1,False
3,9.202065467834473,3,False
3,9.956189155578613,2,False
2,10.195128440856934,8,False
0,6.089687347412109,1,False
1,6.015514850616455,9,False
3,6.626192092895508,8,False
0,12.79003620147705,2,False
1,11.699707984924316,3,False
2,6.661540985107422,1,False
2,7.661807537078857,1,False
3,9.506689071655273,8,False
1,5.878554344177246,9,False
0,7.2463603019714355,2,False
1,10.875219345092773,0,False
0,9.198620796203613,3,False
3,7.260218143463135,7,False
2,10.35205364227295,6,False
3,9.916902542114258,0,False
0,9.683647155761719,8,False
2,10.205266952514648,2,False
1,10.29111385345459,7,False
3,7.983224868774414,6,False
0,7.498390197753906,5,False
2,9.365865707397461,0,False
1,7.6190643310546875,8,False
0,9.41355037689209,0,False
1,8.254858016967773,7,False
2,8.688055038452148,2,False
3,7.518689155578613,4,False
0,9.992456436157227,3,False
3,9.776437759399414,3,False
2,7.313594818115234,1,False
1,9.541292190551758,7,False
3,7.688740253448486,3,False
0,10.3634672164917,7,False
2,8.186332702636719,8,False
1,10.177285194396973,8,False
2,8.595478057861328,9,False
3,11.529678344726562,9,False
1,10.16075611114502,2,False
0,9.216157913208008,9,False
2,7.8390913009643555,3,False
0,8.253303527832031,5,False
3,13.50640869140625,2,False
1,8.557836532592773,3,False
1,6.192513942718506,7,False
3,6.3226494789123535,6,False
2,11.732471466064453,3,False
0,9.628875732421875,1,False
0,8.807930946350098,5,False
1,8.713608741760254,4,False
2,9.513075828552246,5,False
3,8.600381851196289,3,False
0,8.576427459716797,0,False
1,8.441054344177246,1,False
2,9.539891242980957,9,False
3,8.772276878356934,7,False
0,15.137397766113281,2,False
2,8.889740943908691,9,False
1,11.034027099609375,3,False
3,10.004690170288086,1,False
3,10.385213851928711,9,False
0,10.866255760192871,3,False
1,9.645529747009277,0,False
2,7.568099021911621,9,False
2,9.087871551513672,2,False
3,11.695225715637207,8,False
0,6.950383186340332,7,False
1,8.195819854736328,4,False
1,10.24229907989502,5,False
3,11.840641975402832,2,False
2,8.842626571655273,8,False
0,14.697212219238281,2,False
0,7.236393451690674,9,False
2,10.376236915588379,0,False
3,8.085536003112793,6,False
1,6.905341148376465,1,False
0,6.268126487731934,0,False
1,6.753933906555176,9,False
2,8.973307609558105,7,False
3,9.062490463256836,1,False
0,9.34721851348877,3,False
1,8.311878204345703,1,False
2,9.432066917419434,2,False
3,7.5648603439331055,7,False
2,10.557221412658691,2,False
0,10.77760124206543,6,False
1,9.440656661987305,0,False
3,9.828338623046875,4,False
1,6.913346290588379,9,False
0,11.198208808898926,3,False
3,11.245709419250488,3,False
2,7.141711711883545,9,False
0,10.500162124633789,8,False
2,14.054726600646973,0,False
3,9.898253440856934,8,False
1,6.056514739990234,4,False
3,8.277442932128906,4,False
1,7.084406852722168,7,False
2,11.815895080566406,0,False
0,8.515697479248047,1,False
3,11.086136817932129,7,False
1,9.741376876831055,5,False
0,7.367398262023926,9,False
2,9.087287902832031,5,False
0,8.899473190307617,7,False
2,8.889511108398438,5,False
1,13.25395393371582,2,False
3,7.135214805603027,1,False
1,9.089353561401367,4,False
3,9.907198905944824,2,False
0,10.018244743347168,8,False
2,11.981160163879395,0,False
2,9.580354690551758,0,False
0,6.9896650314331055,5,False
1,7.837745189666748,9,False
3,8.846298217773438,6,False
3,7.957557201385498,2,False
2,10.209053039550781,4,False
0,7.979589462280273,3,False
1,9.283860206604004,7,False
0,6.8072638511657715,4,False
1,6.867356300354004,9,False
3,12.056076049804688,7,False
2,10.964254379272461,2,False
3,6.168147087097168,9,False
2,9.005605697631836,1,False
1,10.709663391113281,1,False
0,12.545700073242188,2,False
3,8.27773666381836,5,False
0,7.816577434539795,7,False
2,9.949251174926758,6,False
1,8.39537239074707,2,False
2,7.971091270446777,4,False
1,8.805391311645508,1,False
3,6.940375328063965,1,False
0,7.899003982543945,6,False
3,7.0245466232299805,6,False
2,7.697717666625977,0,False
1,10.87900161743164,8,False
0,7.374653339385986,5,False
1,5.754269599914551,7,False
2,8.80348014831543,5,False
0,10.179394721984863,5,False
3,8.325906753540039,4,False
3,10.693796157836914,2,False
2,11.635690689086914,2,False
0,9.476027488708496,3,False
1,11.635860443115234,0,False
0,9.34447956085205,7,False
3,8.180590629577637,9,False
1,8.732680320739746,3,False
2,6.6296539306640625,0,False
2,9.610427856445312,3,False
3,10.540777206420898,0,False
1,7.65350341796875,0,False
0,11.063484191894531,0,False
1,9.393331527709961,0,False
3,9.195585250854492,1,False
2,10.082279205322266,3,False
0,11.960034370422363,0,False
0,8.82251262664795,4,False
1,9.090609550476074,0,False
3,9.281204223632812,8,False
2,10.21035385131836,2,False
2,9.560408592224121,6,False
1,5.625097751617432,7,False
0,10.57469654083252,6,False
3,9.044855117797852,2,False
2,11.84104061126709,7,False
0,8.119908332824707,8,False
1,7.704972267150879,0,False
3,9.096534729003906,5,False
3,5.858732223510742,9,False
0,10.211483001708984,3,False
1,7.741744041442871,5,False
2,8.649026870727539,4,False
1,8.854382514953613,3,False
3,9.147117614746094,7,False
2,8.367400169372559,4,False
0,7.51417350769043,1,False
2,8.033645629882812,7,False
3,10.913358688354492,6,False
1,9.852644920349121,0,False
0,5.661402702331543,7,False
3,9.139009475708008,1,False
2,12.626150131225586,0,False
0,10.026822090148926,2,False
1,10.913196563720703,0,False
2,6.795052528381348,6,False
0,11.84881591796875,0,False
3,8.900835037231445,3,False
1,8.28777027130127,8,False
3,7.312820911407471,7,False
2,9.382356643676758,4,False
0,11.21253776550293,3,False
1,8.34453010559082,8,False
3,8.926019668579102,3,False
0,14.228921890258789,2,False
1,10.57084846496582,3,False
2,6.374144554138184,9,False
0,9.6973876953125,0,False
3,13.416583061218262,2,False
1,8.930084228515625,8,False
2,12.963557243347168,2,False
0,9.768428802490234,1,False
2,8.083780288696289,2,False
3,7.571900844573975,4,False
1,6.149231910705566,7,False
3,8.812139511108398,0,False
1,7.8326334953308105,4,False
2,11.146866798400879,2,False
0,9.405637741088867,8,False
3,12.53287410736084,7,False
2,10.213359832763672,1,False
1,8.791051864624023,5,False
0,9.895000457763672,5,False
0,5.577181816101074,9,False
2,7.977847099304199,1,False
1,9.57625675201416,8,False
3,8.507838249206543,3,False
2,8.991202354431152,7,False
0,8.290050506591797,3,False
1,12.699699401855469,2,False
3,9.354117393493652,0,False
1,8.493142127990723,1,False
0,10.402246475219727,5,False
3,7.9307861328125,8,False
2,5.854802131652832,1,False
0,9.170873641967773,1,False
3,10.232233047485352,0,False
2,9.289308547973633,1,False
1,8.10250473022461,7,False
2,8.527739524841309,3,False
0,6.160588264465332,5,False
1,6.1478095054626465,9,False
3,9.280157089233398,9,False
2,8.781403541564941,4,False
0,10.832096099853516,0,False
1,9.444662094116211,5,False
3,10.580253601074219,2,False
1,10.471710205078125,6,False
2,7.167965888977051,5,False
3,8.96692180633545,8,False
0,10.92672348022461,8,False
3,11.145279884338379,2,False
0,11.173808097839355,2,False
1,8.22097110748291,5,False
2,8.85344409942627,8,False
1,11.16915512084961,2,False
2,9.312641143798828,0,False
0,9.821632385253906,0,False
3,10.56360149383545,6,False
3,9.488541603088379,5,False
1,9.539348602294922,7,False
2,7.4899091720581055,7,False
0,12.014719009399414,0,False
0,5.149400234222412,1,False
3,12.547560691833496,3,False
2,15.196390151977539,2,False
1,8.910224914550781,9,False
1,6.728069305419922,1,False
3,11.105241775512695,8,False
0,9.214118957519531,6,False
2,10.189773559570312,2,False
0,11.27752685546875,3,False
3,8.674551010131836,2,False
2,10.680105209350586,8,False
1,10.339502334594727,7,False
2,7.609042644500732,9,False
1,8.021720886230469,0,False
3,6.99567985534668,7,False
0,7.7003865242004395,5,False
0,8.603833198547363,1,False
1,9.652190208435059,1,False
2,6.302552223205566,9,False
3,7.263653755187988,8,False
2,6.990151405334473,8,False
3,5.8641157150268555,1,False
0,11.541386604309082,0,False
1,8.752996444702148,8,False
0,10.37746810913086,3,False
2,11.712482452392578,2,False
3,7.819422721862793,5,False
1,8.000565528869629,6,False
0,8.99395751953125,1,False
2,8.931268692016602,8,False
1,8.091104507446289,9,False
3,9.417343139648438,5,False
3,7.540155410766602,8,False
1,6.881736755371094,9,False
2,12.431493759155273,6,False
0,8.750445365905762,4,False
1,7.08701229095459,5,False
3,9.570043563842773,2,False
2,9.020434379577637,3,False
0,9.002939224243164,5,False
0,9.463777542114258,7,False
3,9.101211547851562,4,False
1,10.708564758300781,5,False
2,10.730158805847168,0,False
0,10.128982543945312,2,False
2,9.617877006530762,7,False
3,8.872306823730469,8,False
1,8.77227783203125,1,False
2,10.222469329833984,0,False
0,11.211750030517578,1,False
3,14.323770523071289,2,False
1,8.821144104003906,6,False
0,14.276269912719727,3,False
1,8.188241958618164,2,False
2,7.92479133605957,9,False
3,10.38553237915039,3,False
1,11.074979782104492,1,False
2,8.514078140258789,6,False
3,10.784783363342285,3,False
0,9.128901481628418,7,False
2,8.716227531433105,9,False
1,8.71142578125,4,False
0,6.037679672241211,8,False
3,8.033594131469727,6,False
3,9.638630867004395,1,False
1,5.248862266540527,9,False
2,7.797053337097168,5,False
0,10.293461799621582,6,False
0,10.908727645874023,6,False
1,12.978538513183594,3,False
2,6.200806617736816,9,False
3,10.301797866821289,2,False
2,9.709470748901367,4,False
1,10.428754806518555,2,False
3,7.396176815032959,8,False
0,7.821045875549316,4,False
0,10.346898078918457,9,False
3,10.68653678894043,4,False
1,9.650436401367188,5,False
2,7.919165134429932,6,False
3,6.271476745605469,9,False
0,9.623096466064453,2,False
1,9.290905952453613,2,False
2,8.42542552947998,9,False
0,9.288926124572754,2,False
2,7.827188014984131,6,False
3,8.697479248046875,3,False
1,5.747978210449219,9,False
2,5.958298683166504,1,False
3,6.559178829193115,9,False
1,10.138219833374023,8,False
0,6.821257591247559,7,False
1,8.1742525100708,4,False
3,6.646180152893066,4,False
2,7.101428985595703,1,False
0,12.130553245544434,0,False
0,11.119672775268555,5,False
2,6.490852355957031,4,False
1,5.102193355560303,1,False
3,7.895463466644287,7,False
0,10.028459548950195,7,False
2,10.1296968460083,4,False
3,8.292991638183594,0,False
1,8.554513931274414,5,False
3,8.821134567260742,6,False
0,8.002056121826172,6,False
1,7.748971939086914,5,False
2,7.810460090637207,6,False
3,6.839940071105957,5,False
0,8.6508207321167,8,False
2,12.55311393737793,5,False
1,11.441254615783691,6,False
1,6.759268760681152,8,False
0,7.820529460906982,4,False
2,10.201298713684082,7,False
3,7.40847110748291,1,False
3,9.411491394042969,4,False
0,7.420714378356934,2,False
1,12.131418228149414,3,False
2,7.23196268081665,7,False
1,11.565974235534668,0,False
2,9.508702278137207,8,False
3,8.880414009094238,0,False
0,9.363489151000977,5,False
2,12.167317390441895,8,False
1,7.201933860778809,7,False
0,9.068387031555176,9,False
3,7.8598952293396,9,False
3,6.533688545227051,9,False
0,8.771317481994629,1,False
2,13.309510231018066,2,False
1,9.885397911071777,7,False
1,9.008487701416016,5,False
0,8.972704887390137,5,False
2,8.644746780395508,5,False
3,9.529607772827148,0,False
2,11.519342422485352,5,False
0,7.4753804206848145,1,False
3,5.232967376708984,9,False
1,10.224122047424316,2,False
3,8.094104766845703,7,False
1,8.001151084899902,4,False
0,12.294707298278809,6,False
2,7.678090572357178,9,False
3,7.752813816070557,1,False
0,8.552785873413086,8,False
1,7.721189022064209,1,False
2,8.373231887817383,2,False
1,11.49927043914795,9,False
2,4.74465274810791,7,False
3,6.470418930053711,1,False
0,11.087325096130371,8,False
1,10.686922073364258,7,False
3,6.726900577545166,1,False
2,9.217485427856445,2,False
0,12.505437850952148,6,False
3,8.64310073852539,7,False
1,9.464913368225098,7,False
0,6.217619895935059,5,False
2,8.058043479919434,7,False
0,10.207649230957031,5,False
3,6.827376365661621,1,False
1,10.853961944580078,3,False
2,9.900592803955078,1,False
2,7.585926055908203,4,False
0,7.680124759674072,7,False
1,6.289525032043457,6,False
3,8.435827255249023,5,False
3,9.977904319763184,3,False
0,11.764501571655273,3,False
1,9.589065551757812,1,False
2,7.113679885864258,5,False
0,8.2449312210083,8,False
1,9.65943717956543,8,False
3,8.465038299560547,8,False
2,8.23643684387207,2,False
2,6.774222373962402,8,False
0,11.518624305725098,2,False
3,8.146642684936523,3,False
1,6.116972923278809,3,False
1,6.299934387207031,9,False
2,7.936895370483398,1,False
3,7.802957534790039,4,False
0,6.327836036682129,4,False
3,9.925909042358398,0,False
2,6.49053430557251,6,False
0,9.324893951416016,1,False
1,8.020405769348145,5,False
3,8.54509162902832,7,False
2,7.3839263916015625,4,False
1,9.574772834777832,6,False
0,9.789929389953613,1,False
0,8.414445877075195,5,False
1,8.625364303588867,8,False
2,9.466592788696289,3,False
3,9.218043327331543,9,False
3,9.503450393676758,6,False
0,5.841836452484131,1,False
2,8.35572624206543,0,False
1,9.83321762084961,4,False
2,7.601649284362793,7,False
1,8.931316375732422,7,False
0,9.300165176391602,5,False
3,8.716878890991211,2,False
3,11.144326210021973,9,False
2,8.093818664550781,5,False
1,7.8233819007873535,7,False
0,10.833379745483398,7,False
0,9.834366798400879,1,False
3,14.355266571044922,3,False
2,9.108205795288086,8,False
1,10.176525115966797,0,False
1,9.990681648254395,7,False
2,7.907918930053711,4,False
0,9.582783699035645,3,False
3,11.083192825317383,6,False
0,8.518427848815918,2,False
2,4.54685115814209,9,False
1,10.347823143005371,5,False
3,9.19930648803711,4,False
1,9.371658325195312,3,False
0,9.366650581359863,2,False
3,10.506563186645508,7,False
2,8.497940063476562,9,False
3,7.5828351974487305,5,False
0,9.887069702148438,5,False
2,7.383365631103516,1,False
1,8.17172622680664,8,False
0,4.700080871582031,9,False
2,9.900989532470703,2,False
1,8.07265853881836,4,False
3,9.018510818481445,3,False
3,10.68134880065918,2,False
1,7.397102355957031,0,False
2,9.083138465881348,9,False
0,14.647732734680176,2,False
0,6.2069091796875,9,False
1,8.791131019592285,7,False
2,9.324628829956055,3,False
3,8.872491836547852,1,False
1,7.088061332702637,1,False
2,10.980992317199707,3,False
0,6.989248752593994,0,False
3,7.467563629150391,4,False
1,9.405008316040039,7,False
2,8.084976196289062,0,False
0,7.015533924102783,1,False
3,15.032045364379883,3,False
3,8.18422794342041,4,False
0,11.208614349365234,8,False
1,6.835354328155518,1,False
2,8.965621948242188,0,False
3,9.65473461151123,2,False
2,9.155508041381836,7,False
0,8.855752944946289,0,False
1,10.400375366210938,3,False
2,8.247334480285645,2,False
0,14.171692848205566,2,False
1,9.041074752807617,0,False
3,7.935352802276611,2,False
3,9.579368591308594,2,False
1,8.441411018371582,4,False
2,8.57105541229248,3,False
0,7.302308082580566,9,False
0,7.876646518707275,8,False
2,8.668258666992188,8,False
1,11.384574890136719,7,False
3,7.745882987976074,8,False
0,7.904245376586914,5,False
2,9.434749603271484,7,False
3,6.172719955444336,1,False
1,8.801532745361328,5,False
0,7.5515642166137695,9,False
3,10.883014678955078,6,False
1,8.730880737304688,0,False
2,12.536141395568848,0,False
2,5.483092308044434,9,False
0,7.756525039672852,7,False
1,9.559598922729492,3,False
3,7.622101783752441,8,False
0,8.16612434387207,2,False
3,7.941727638244629,5,False
1,11.26497745513916,2,False
2,9.381708145141602,1,False
2,6.903689384460449,0,False
0,10.525237083435059,8,False
3,8.524581909179688,4,False
1,7.6446123123168945,9,False
2,7.972417831420898,9,False
1,8.166316986083984,8,False
3,7.730001926422119,5,False
0,9.331313133239746,2,False
0,10.125794410705566,3,False
1,8.809000968933105,0,False
2,8.335061073303223,8,False
3,6.092629909515381,8,False
1,5.988680362701416,7,False
0,5.551019668579102,1,False
3,8.857634544372559,5,False
2,10.01019287109375,6,False
3,7.60369873046875,0,False
0,6.991554260253906,9,False
1,6.434532165527344,9,False
2,7.7574639320373535,5,False
0,8.732961654663086,7,False
1,8.079647064208984,8,False
2,8.171647071838379,7,False
3,7.437297821044922,7,False
0,10.335725784301758,3,False
1,12.327910423278809,2,False
2,8.615694046020508,3,False
3,7.739314079284668,6,False
3,12.762706756591797,2,False
0,7.026971340179443,1,False
2,8.359233856201172,3,False
1,11.182992935180664,3,False
0,9.408885955810547,2,False
1,8.170675277709961,4,False
2,6.973141193389893,7,False
3,4.9248948097229,4,False
1,13.127723693847656,0,False
3,6.308347702026367,9,False
2,6.178002834320068,2,False
0,12.700152397155762,4,False
1,6.848093032836914,1,False
3,8.64101505279541,7,False
2,7.467718124389648,1,False
0,11.744529724121094,0,False
0,7.4194817543029785,1,False
1,7.992309093475342,1,False
2,8.955439567565918,7,False
3,9.055582046508789,2,False
2,10.994745254516602,2,False
0,9.145235061645508,6,False
3,8.624787330627441,1,False
1,7.514336585998535,4,False
1,8.441843032836914,8,False
3,10.266817092895508,0,False
0,9.122166633605957,1,False
2,9.398713111877441,5,False
0,14.430870056152344,2,False
3,8.909719467163086,7,False
2,7.593196868896484,9,False
1,5.98232889175415,1,False
0,8.212850570678711,7,False
2,9.388927459716797,0,False
1,6.737583160400391,4,False
3,10.668865203857422,2,False
2,8.902420997619629,2,False
3,9.219367980957031,6,False
1,11.301651000976562,1,False
0,10.514070510864258,3,False
3,11.384510040283203,2,False
2,6.815959930419922,4,False
1,8.314384460449219,6,False
0,11.069402694702148,0,False
2,6.588598251342773,3,False
1,8.22714900970459,0,False
0,10.624336242675781,3,False
3,11.571001052856445,3,False
1,9.0333890914917,1,False
3,8.016465187072754,4,False
2,10.683639526367188,2,False
0,10.35919189453125,2,False
3,9.08639907836914,8,False
0,6.283735275268555,4,False
1,9.969300270080566,3,False
2,15.267364501953125,2,False
0,7.288824081420898,4,False
1,10.174763679504395,6,False
3,10.611169815063477,2,False
2,7.4490766525268555,7,False
1,8.37132453918457,7,False
3,8.152234077453613,5,False
0,8.849176406860352,7,False
2,6.29609489440918,1,False
2,12.1875638961792,2,False
3,10.539863586425781,5,False
0,7.9516282081604,9,False
1,11.385320663452148,0,False
0,7.767497539520264,5,False
3,5.869696617126465,9,False
2,8.107529640197754,4,False
1,9.497358322143555,5,False
0,9.659475326538086,1,False
1,10.84345531463623,3,False
2,8.114818572998047,0,False
3,10.78643798828125,1,False
2,9.762786865234375,4,False
0,7.128030300140381,5,False
1,6.83138370513916,8,False
3,7.372627258300781,8,False
0,11.054996490478516,1,False
3,13.15439510345459,2,False
1,9.369441986083984,5,False
2,12.642045021057129,3,False
2,9.529041290283203,7,False
0,8.788363456726074,6,False
3,12.211471557617188,3,False
1,9.904214859008789,9,False
0,7.011483192443848,6,False
3,9.013822555541992,1,False
2,8.382283210754395,8,False
1,11.628984451293945,2,False
3,10.513387680053711,8,False
1,8.811702728271484,0,False
0,11.024519920349121,4,False
2,9.687202453613281,4,False
1,9.313387870788574,9,False
2,8.680030822753906,2,False
3,9.427488327026367,0,False
0,7.680552005767822,9,False
2,8.483369827270508,4,False
0,6.716520309448242,4,False
1,7.66914701461792,4,False
3,6.927990913391113,1,False
3,9.323920249938965,4,False
1,8.953883171081543,6,False
2,7.318379878997803,5,False
0,10.38239574432373,2,False
0,10.008084297180176,4,False
3,7.14427375793457,1,False
1,8.929523468017578,1,False
2,12.602107048034668,0,False
2,11.017925262451172,6,False
1,7.903639793395996,0,False
0,10.054346084594727,6,False
3,9.123435974121094,3,False
1,6.664963722229004,7,False
2,10.488561630249023,6,False
0,7.862041473388672,7,False
3,8.246660232543945,0,False
0,7.8003339767456055,7,False
3,7.82295560836792,9,False
1,8.763812065124512,8,False
2,6.449151515960693,4,False
3,11.120121002197266,3,False
2,9.240113258361816,8,False
1,6.617959976196289,9,False
0,8.36693000793457,2,False
1,7.1385087966918945,4,False
0,8.457353591918945,9,False
2,9.979344367980957,4,False
3,7.908656597137451,9,False
1,8.468849182128906,7,False
0,7.388246059417725,7,False
3,10.824836730957031,6,False
2,5.822487831115723,7,False
3,9.529190063476562,8,False
0,12.39791488647461,2,False
1,7.168941020965576,5,False
2,8.371328353881836,0,False
3,10.882187843322754,7,False
0,10.660457611083984,3,False
2,9.126585960388184,9,False
1,7.693075656890869,8,False
3,5.619464874267578,5,False
1,9.2996187210083,5,False
0,8.438158988952637,1,False
2,9.80699634552002,5,False
2,6.962148666381836,7,False
3,9.179408073425293,7,False
1,6.749979019165039,5,False
0,10.448756217956543,2,False
2,9.260387420654297,3,False
1,8.00312328338623,1,False
0,9.846258163452148,9,False
3,12.35013484954834,0,False
0,9.241203308105469,6,False
1,6.163569927215576,1,False
2,9.943267822265625,0,False
3,10.233221054077148,0,False
3,7.776219367980957,2,False
0,9.74180793762207,1,False
2,9.638847351074219,6,False
1,9.372392654418945,7,False
2,8.636635780334473,0,False
3,13.190156936645508,2,False
0,7.351646423339844,0,False
1,10.389360427856445,1,False
3,8.646684646606445,3,False
0,8.463581085205078,7,False
1,9.873467445373535,5,False
2,9.568726539611816,0,False
3,9.749248504638672,7,False
2,9.345576286315918,2,False
0,7.2264885902404785,9,False
1,8.726346015930176,1,False
3,9.687716484069824,2,False
1,13.10915470123291,2,False
2,12.731828689575195,2,False
0,9.857364654541016,7,False
0,11.573213577270508,3,False
3,10.165252685546875,8,False
2,7.803489685058594,6,False
1,7.442992210388184,4,False
0,9.325061798095703,4,False
1,9.505794525146484,8,False
2,6.620398044586182,1,False
3,15.696240425109863,2,False
0,8.211252212524414,7,False
1,6.151245594024658,9,False
3,8.421499252319336,2,False
2,7.931669235229492,8,False
0,7.130705833435059,1,False
3,7.663419246673584,1,False
2,8.768500328063965,2,False
1,10.316116333007812,3,False
2,10.24312686920166,6,False
0,11.547455787658691,3,False
1,6.488521575927734,9,False
3,5.787752151489258,1,False
2,7.176604747772217,9,False
3,7.797029495239258,1,False
0,7.776340484619141,2,False
1,8.696264266967773,0,False
2,9.870704650878906,0,False
3,9.333466529846191,8,False
1,9.742141723632812,6,False
0,6.5928778648376465,1,False
2,8.468657493591309,5,False
3,5.772248268127441,1,False
0,9.90566635131836,6,False
1,8.705202102661133,2,False
2,6.98833703994751,9,False
1,9.35357666015625,6,False
0,8.685332298278809,8,False
3,10.255500793457031,8,False
2,9.15290641784668,5,False
0,7.388658046722412,1,False
1,9.945585250854492,0,False
3,12.702545166015625,2,False
3,7.7261834144592285,1,False
0,8.415508270263672,2,False
1,11.415868759155273,3,False
2,9.899999618530273,9,False
2,8.2271728515625,7,False
3,6.852691650390625,5,False
0,7.638591766357422,0,False
1,9.452079772949219,0,False
1,7.420548439025879,3,False
2,4.900568008422852,9,False
3,14.870220184326172,2,False
0,7.009854316711426,9,False
0,6.000181674957275,0,False
1,6.953875541687012,7,False
2,7.100371360778809,8,False
3,7.985123634338379,5,False
3,10.795835494995117,3,False
0,9.993969917297363,5,False
1,9.71890926361084,5,False
2,6.07170295715332,9,False
2,11.679622650146484,8,False
0,12.129061698913574,3,False
1,9.325235366821289,9,False
3,8.320060729980469,6,False
1,12.082938194274902,3,False
0,6.348947525024414,5,False
3,8.370003700256348,6,False
2,10.793752670288086,1,False
0,10.2948579788208,7,False
3,8.227867126464844,7,False
2,7.780911922454834,5,False
1,8.194595336914062,8,False
0,9.027099609375,7,False
3,9.305500984191895,4,False
2,6.637218952178955,9,False
1,7.022561073303223,4,False
2,9.583916664123535,8,False
1,9.84274959564209,8,False
3,9.243293762207031,9,False
0,7.988231658935547,1,False
0,7.083202838897705,7,False
1,8.720409393310547,7,False
2,7.824707508087158,8,False
3,9.105538368225098,6,False
2,8.84177303314209,0,False
0,10.181078910827637,3,False
3,8.98740005493164,2,False
1,5.596934795379639,1,False
0,8.760513305664062,3,False
1,7.783237457275391,4,False
2,11.833423614501953,6,False
3,9.541058540344238,8,False
3,10.702211380004883,2,False
0,11.78071403503418,3,False
1,8.831315994262695,3,False
2,10.337125778198242,7,False
0,9.764158248901367,2,False
3,9.331718444824219,8,False
2,6.993837356567383,8,False
1,9.043896675109863,5,False
0,10.626296043395996,2,False
3,7.196996212005615,7,False
1,7.109073638916016,6,False
2,9.86242389678955,8,False
2,10.109912872314453,7,False
1,9.511579513549805,7,False
3,7.6069183349609375,9,False
0,10.114770889282227,1,False
0,9.438549041748047,1,False
2,7.332745552062988,4,False
1,7.200348854064941,8,False
3,5.815859794616699,1,False
2,11.255863189697266,8,False
3,7.315313339233398,1,False
1,8.662750244140625,4,False
0,10.319171905517578,6,False
1,8.480646133422852,9,False
0,6.911675930023193,1,False
2,11.539392471313477,7,False
3,10.550162315368652,9,False
0,8.795914649963379,7,False
2,9.151803970336914,0,False
1,8.884045600891113,1,False
3,7.839415550231934,8,False
0,7.129125595092773,4,False
3,7.035697937011719,1,False
1,11.530377388000488,2,False
2,7.478885650634766,8,False
0,9.868927001953125,1,False
3,8.176176071166992,5,False
1,8.424310684204102,6,False
2,8.934389114379883,8,False
1,8.922171592712402,7,False
3,8.280904769897461,8,False
2,6.996825218200684,9,False
0,13.781503677368164,2,False
3,7.813375473022461,9,False
1,6.58693265914917,9,False
2,11.610312461853027,6,False
0,9.333799362182617,0,False
0,7.643990516662598,5,False
3,5.327417373657227,5,False
2,12.137704849243164,0,False
1,11.991434097290039,5,False
1,9.936267852783203,7,False
0,8.083945274353027,6,False
2,6.0277018547058105,1,False
3,6.3996477127075195,9,False
1,8.028742790222168,5,False
0,8.598033905029297,6,False
2,7.0089216232299805,1,False
3,12.266944885253906,0,False
3,11.796067237854004,2,False
2,10.010887145996094,8,False
0,8.913583755493164,6,False
1,11.081292152404785,3,False
3,7.8031721115112305,3,False
1,8.467987060546875,5,False
0,8.438602447509766,1,False
2,13.016096115112305,6,False
3,9.293506622314453,0,False
2,8.18669319152832,6,False
1,9.071939468383789,4,False
0,7.5249834060668945,1,False
2,9.511152267456055,3,False
3,9.740240097045898,5,False
1,9.507061004638672,3,False
0,9.058403015136719,8,False
1,7.890317916870117,7,False
0,6.615889072418213,1,False
2,6.688180923461914,1,False
3,8.847508430480957,0,False
3,11.894630432128906,7,False
1,10.980510711669922,2,False
0,11.011198043823242,6,False
2,13.912113189697266,3,False
0,5.648492813110352,9,False
2,9.25188159942627,7,False
1,7.1710100173950195,4,False
3,10.147529602050781,2,False
2,7.742038726806641,9,False
3,8.729484558105469,5,False
0,6.754212379455566,4,False
1,8.553726196289062,8,False
1,9.060590744018555,6,False
3,9.083572387695312,4,False
0,9.936304092407227,1,False
2,8.310705184936523,0,False
1,7.378458499908447,6,False
3,8.311441421508789,8,False
2,11.72021484375,2,False
0,7.684199333190918,2,False
3,10.861906051635742,6,False
0,8.372596740722656,4,False
1,5.65277099609375,4,False
2,7.6483612060546875,1,False
2,9.736289978027344,2,False
0,5.771234512329102,7,False
1,12.499473571777344,6,False
3,9.01795768737793,5,False
0,9.271703720092773,4,False
2,7.296971321105957,1,False
1,10.258506774902344,2,False
3,10.338581085205078,9,False
0,7.634899139404297,2,False
3,5.32124662399292,9,False
2,7.403212547302246,5,False
1,10.257657051086426,4,False
2,8.715564727783203,2,False
0,11.410696029663086,4,False
1,7.708043575286865,8,False
3,12.420001029968262,4,False
3,10.211824417114258,4,False
0,8.672189712524414,4,False
1,8.904178619384766,8,False
2,7.798736572265625,5,False
0,8.395362854003906,5,False
1,9.14624309539795,6,False
3,10.207298278808594,2,False
2,9.529589653015137,1,False
3,14.40620231628418,3,False
2,9.05988883972168,6,False
1,7.124093055725098,6,False
0,9.056205749511719,8,False
3,8.90499496459961,8,False
0,10.719064712524414,0,False
2,9.127363204956055,7,False
1,7.856708526611328,1,False
1,8.203409194946289,7,False
2,10.12277889251709,5,False
0,9.672371864318848,8,False
3,6.496116638183594,9,False
3,6.321621417999268,7,False
0,11.742265701293945,7,False
2,4.12924861907959,0,False
1,5.012198448181152,9,False
3,9.073118209838867,8,False
0,12.360160827636719,2,False
1,7.959909439086914,6,False
2,6.791650772094727,5,False
0,8.808585166931152,7,False
3,9.567977905273438,2,False
2,7.317405700683594,2,False
1,9.004537582397461,1,False
0,8.055830001831055,1,False
3,8.459871292114258,4,False
1,8.69290542602539,1,False
2,10.723806381225586,7,False
3,13.133914947509766,2,False
2,6.934167861938477,4,False
1,13.146404266357422,6,False
0,10.427433013916016,7,False
0,12.299439430236816,2,False
1,8.08104419708252,6,False
3,9.297515869140625,6,False
2,9.95541000366211,0,False
2,6.782954692840576,5,False
1,7.14263916015625,5,False
0,8.128644943237305,4,False
3,7.752129554748535,1,False
2,9.164671897888184,9,False
0,8.592696189880371,3,False
1,8.67658805847168,5,False
3,8.319302558898926,4,False
3,8.281904220581055,8,False
0,11.355486869812012,3,False
2,9.345144271850586,4,False
1,7.950437545776367,8,False
1,6.287225723266602,9,False
0,8.669450759887695,8,False
3,10.350593566894531,6,False
2,10.36550235748291,3,False
3,11.444218635559082,2,False
0,7.823433876037598,8,False
1,11.896793365478516,4,False
2,12.175041198730469,2,False
1,6.760931968688965,1,False
2,6.982811450958252,1,False
3,9.994632720947266,5,False
0,10.722466468811035,6,False
0,4.550525665283203,9,False
3,9.055526733398438,1,False
2,10.96241569519043,2,False
1,8.226943969726562,6,False
0,6.075486183166504,8,False
2,10.610273361206055,4,False
1,10.112215042114258,3,False
3,7.083448886871338,1,False
0,10.092117309570312,6,False
2,7.437582015991211,9,False
1,8.334922790527344,1,False
3,8.14706802368164,5,False
0,8.63385009765625,7,False
2,9.09296989440918,0,False
1,7.984814643859863,3,False
3,7.235177993774414,7,False
2,10.25414752960205,2,False
0,8.469406127929688,7,False
3,6.4252095222473145,9,False
1,10.993367195129395,4,False
0,9.73406982421875,7,False
1,9.324352264404297,0,False
3,9.256223678588867,5,False
2,7.402744293212891,9,False
2,7.091925621032715,4,False
3,10.361433029174805,1,False
1,8.850672721862793,3,False
0,9.42497444152832,3,False
0,9.676849365234375,3,False
3,9.528219223022461,1,False
2,9.809663772583008,6,False
1,8.51559829711914,3,False
3,9.544656753540039,6,False
0,9.169304847717285,6,False
1,8.929960250854492,4,False
2,7.6469831466674805,5,False
2,7.717226028442383,5,False
1,10.010828018188477,3,False
0,9.922331809997559,6,False
3,10.340933799743652,2,False
2,7.286028861999512,8,False
3,9.896862030029297,1,False
0,8.60445499420166,4,False
1,9.002851486206055,6,False
0,10.04754638671875,5,False
2,9.270694732666016,5,False
3,9.863219261169434,5,False
1,9.636494636535645,6,False
0,6.865352153778076,1,False
3,8.358039855957031,8,False
2,7.910503387451172,8,False
1,7.003572940826416,7,False
3,9.21961498260498,1,False
2,7.54637336730957,9,False
1,8.414289474487305,0,False
0,9.915186882019043,3,False
2,6.563236713409424,5,False
3,9.540578842163086,7,False
0,11.097914695739746,7,False
1,9.085894584655762,7,False
1,12.392043113708496,2,False
2,10.573614120483398,0,False
0,9.154626846313477,2,False
3,9.778651237487793,8,False
2,8.627226829528809,4,False
3,8.1662015914917,4,False
1,13.077871322631836,6,False
0,8.576663970947266,2,False
2,6.1237592697143555,9,False
3,7.255849838256836,8,False
0,10.381094932556152,3,False
1,11.602956771850586,3,False
3,7.394496917724609,5,False
2,11.432344436645508,0,False
0,7.850612640380859,0,False
1,10.414310455322266,4,False
3,7.713174819946289,8,False
1,9.539512634277344,3,False
0,9.296777725219727,6,False
2,6.866069793701172,8,False
3,14.384185791015625,2,False
1,12.358528137207031,8,False
0,10.160470962524414,7,False
2,9.042370796203613,4,False
0,7.679581165313721,1,False
3,8.195239067077637,4,False
2,8.581220626831055,8,False
1,8.764866828918457,8,False
0,9.752492904663086,3,False
2,8.378985404968262,4,False
1,12.210519790649414,0,False
3,8.150039672851562,2,False
1,10.979732513427734,7,False
0,8.879034042358398,7,False
3,9.584053039550781,0,False
2,8.023580551147461,9,False
0,9.560689926147461,9,False
3,10.583210945129395,8,False
2,8.194581031799316,9,False
1,10.684606552124023,9,False
3,7.887079238891602,4,False
0,9.235492706298828,3,False
1,12.808433532714844,3,False
2,5.594635009765625,1,False
3,9.044700622558594,1,False
2,10.859661102294922,3,False
1,9.402466773986816,6,False
0,9.281721115112305,1,False
1,8.28637409210205,4,False
3,15.105674743652344,3,False
0,9.19816780090332,0,False
2,9.107259750366211,5,False
2,7.954442024230957,5,False
3,12.714693069458008,3,False
1,10.419673919677734,6,False
0,10.160404205322266,5,False
1,9.348566055297852,0,False
0,12.429019927978516,2,False
2,9.291845321655273,9,False
3,9.31483268737793,2,False
0,12.093830108642578,3,False
3,8.258538246154785,5,False
2,9.005903244018555,0,False
1,7.380605697631836,1,False
0,8.973206520080566,7,False
3,9.920296669006348,2,False
2,9.466617584228516,1,False
1,9.513309478759766,8,False
3,8.459389686584473,1,False
1,12.18139362335205,8,False
0,13.103898048400879,3,False
2,8.18236255645752,9,False
1,6.370616912841797,9,False
3,4.750453948974609,1,False
0,8.839597702026367,7,False
2,9.06714916229248,4,False
1,8.59263801574707,9,False
0,8.531173706054688,2,False
2,9.774312019348145,5,False
3,8.409517288208008,9,False
1,12.93576431274414,2,False
3,12.578916549682617,5,False
2,10.467321395874023,0,False
0,9.177776336669922,6,False
0,7.766530990600586,4,False
1,13.529404640197754,2,False
2,11.768901824951172,8,False
3,5.961674690246582,8,False
3,7.617076396942139,4,False
0,7.307236194610596,4,False
1,8.169349670410156,4,False
2,12.04060173034668,5,False
2,5.1373114585876465,9,False
3,8.579667091369629,7,False
0,9.747507095336914,8,False
1,11.23216438293457,7,False
1,9.104971885681152,8,False
0,8.857304573059082,9,False
2,9.551055908203125,6,False
3,8.713860511779785,4,False
3,9.733076095581055,0,False
0,10.461159706115723,4,False
1,7.501643180847168,6,False
2,9.572629928588867,8,False
0,6.624180316925049,8,False
2,8.501020431518555,9,False
3,6.770755767822266,9,False
1,8.510591506958008,1,False
3,8.992888450622559,2,False
1,8.935870170593262,9,False
2,8.078639030456543,9,False
0,11.050361633300781,7,False
1,13.882863998413086,2,False
0,8.886139869689941,2,False
2,7.707328796386719,7,False
3,8.666097640991211,0,False
1,6.6041741371154785,6,False
0,12.208654403686523,5,False
2,7.570768356323242,1,False
3,7.837390422821045,1,False
2,8.461753845214844,8,False
0,9.548128128051758,2,False
3,8.53065299987793,8,False
1,11.444103240966797,9,False
0,8.162412643432617,5,False
3,8.948331832885742,1,False
1,9.346707344055176,1,False
2,14.985536575317383,2,False
0,6.911684989929199,2,False
3,9.458412170410156,0,False
1,7.196878910064697,8,False
2,6.95430850982666,1,False
2,7.265687465667725,4,False
1,6.646061897277832,5,False
0,7.628554344177246,6,False
3,7.374661445617676,4,False
2,8.686800956726074,8,False
1,9.19286060333252,4,False
3,12.955717086791992,8,False
0,8.336151123046875,8,False
0,8.83971881866455,6,False
2,9.83170223236084,0,False
1,14.194692611694336,3,False
3,11.358672142028809,3,False
0,9.979440689086914,6,False
1,8.458586692810059,6,False
3,8.66578483581543,8,False
2,4.419105529785156,9,False
0,9.093809127807617,0,False
3,7.143099784851074,7,False
2,7.406374454498291,2,False
1,9.414097785949707,7,False
3,8.471338272094727,6,False
0,10.573684692382812,4,False
2,6.321836471557617,9,False
1,12.743660926818848,3,False
1,9.719700813293457,5,False
0,9.442157745361328,0,False
3,9.285594940185547,4,False
2,9.632939338684082,7,False
1,6.735391616821289,9,False
0,7.622175216674805,3,False
3,7.127594947814941,6,False
2,9.203370094299316,8,False
3,7.118468284606934,6,False
2,8.505380630493164,5,False
1,4.7683610916137695,9,False
0,6.06427001953125,1,False
0,9.849756240844727,3,False
1,7.185769081115723,4,False
2,9.872929573059082,0,False
3,8.9784517288208,6,False
0,11.70077133178711,2,False
3,9.449991226196289,4,False
2,8.845622062683105,8,False
1,7.066888332366943,7,False
0,8.166519165039062,6,False
2,8.510099411010742,8,False
3,10.941795349121094,8,False
1,5.378063678741455,1,False
3,7.707472801208496,5,False
0,7.32042121887207,3,False
2,8.541242599487305,3,False
1,6.520998001098633,4,False
3,11.319795608520508,6,False
0,11.468147277832031,0,False
2,8.461478233337402,5,False
1,10.295196533203125,2,False
3,8.946795463562012,5,False
1,8.126849174499512,6,False
0,7.339155673980713,8,False
2,10.752664566040039,7,False
1,9.531009674072266,8,False
0,11.50173568725586,0,False
2,8.043907165527344,1,False
3,9.311600685119629,4,False
2,5.919669151306152,9,False
1,8.898078918457031,3,False
3,10.943283081054688,5,False
0,8.204898834228516,8,False
0,8.120408058166504,5,False
2,8.745189666748047,6,False
3,10.66534423828125,6,False
1,6.034716606140137,1,False
0,10.737020492553711,6,False
2,8.844690322875977,0,False
1,9.02151107788086,0,False
3,10.829282760620117,0,False
1,7.43666934967041,7,False
0,8.13969612121582,1,False
2,9.801630973815918,2,False
3,9.493094444274902,3,False
2,6.470650672912598,9,False
0,7.3017659187316895,8,False
3,10.688922882080078,1,False
1,8.524715423583984,0,False
0,9.418482780456543,2,False
3,9.4471435546875,2,False
1,8.897570610046387,6,False
2,7.267641067504883,8,False
2,11.881867408752441,6,False
1,12.344407081604004,6,False
3,14.038253784179688,3,False
0,6.4240264892578125,7,False
3,7.813592433929443,1,False
1,8.745296478271484,1,False
2,11.321044921875,1,False
0,7.1083984375,7,False
0,7.019830703735352,2,False
2,12.964967727661133,3,False
1,9.673823356628418,0,False
3,7.549938201904297,0,False
1,10.053482055664062,2,False
0,9.727081298828125,3,False
3,10.055923461914062,9,False
2,10.363203048706055,0,False
1,11.17510986328125,5,False
2,7.9639692306518555,8,False
3,8.322443962097168,3,False
0,8.386285781860352,4,False
3,8.640512466430664,1,False
0,10.943258285522461,2,False
1,9.879175186157227,0,False
2,8.804638862609863,8,False
0,9.12581729888916,5,False
3,6.283517837524414,8,False
1,6.532031059265137,7,False
2,10.164267539978027,1,False
3,10.167044639587402,7,False
2,6.023704528808594,4,False
0,9.356481552124023,5,False
1,9.744063377380371,2,False
1,14.219947814941406,2,False
2,9.185372352600098,5,False
3,8.467964172363281,3,False
0,11.103960037231445,8,False
2,12.555837631225586,3,False
0,6.744744300842285,7,False
3,9.00174331665039,5,False
1,8.86812686920166,9,False
3,12.644532203674316,2,False
0,10.098309516906738,7,False
1,7.788997650146484,4,False
2,13.607447624206543,3,False
0,7.161837577819824,4,False
2,9.959917068481445,8,False
3,13.642958641052246,0,False
1,6.265531539916992,9,False
3,5.620138168334961,9,False
1,10.50253963470459,8,False
0,9.372143745422363,7,False
2,9.464774131774902,6,False
3,11.065925598144531,0,False
0,10.01447868347168,8,False
1,7.8818817138671875,7,False
2,8.5303373336792,1,False
2,12.290582656860352,7,False
3,9.509295463562012,3,False
0,7.9324259757995605,9,False
1,7.497613906860352,9,False
2,8.934865951538086,5,False
1,7.87249755859375,1,False
3,7.944005966186523,3,False
0,7.2345709800720215,1,False
0,8.444143295288086,1,False
2,6.841796398162842,6,False
1,8.904861450195312,0,False
3,9.664945602416992,3,False
0,10.142263412475586,0,False
1,12.544862747192383,3,False
2,5.513326644897461,1,False
3,7.120134353637695,5,False
0,9.922026634216309,3,False
1,9.195439338684082,8,False
2,8.09473991394043,4,False
3,8.027318000793457,4,False
1,8.638802528381348,0,False
0,6.178433418273926,7,False
2,8.267595291137695,3,False
3,11.987060546875,0,False
0,9.041097640991211,1,False
1,9.695513725280762,6,False
3,10.466185569763184,9,False
2,7.743669509887695,7,False
3,5.782957077026367,1,False
2,10.009967803955078,0,False
1,10.990816116333008,6,False
0,8.505369186401367,0,False
2,10.494758605957031,0,False
3,8.8106107711792,8,False
1,6.391796112060547,4,False
0,7.525793552398682,4,False
0,9.796564102172852,8,False
2,9.768308639526367,0,False
1,7.975132465362549,0,False
3,6.396364688873291,9,False
1,8.37281322479248,3,False
0,6.522429943084717,1,False
2,9.887917518615723,4,False
3,11.476926803588867,4,False
3,8.36402416229248,7,False
0,8.27804183959961,5,False
1,9.445732116699219,0,False
2,7.814764022827148,5,False
1,8.23924732208252,1,False
0,7.123114585876465,5,False
3,8.620513916015625,0,False
2,10.899529457092285,2,False
0,7.774353981018066,9,False
2,10.414421081542969,0,False
3,9.830341339111328,5,False
1,8.81813907623291,7,False
0,8.929092407226562,6,False
1,12.021224021911621,0,False
2,7.232988357543945,9,False
3,9.624407768249512,3,False
3,10.494976043701172,0,False
2,8.368330001831055,5,False
1,8.63543701171875,5,False
0,8.075677871704102,4,False
0,12.326835632324219,0,False
2,11.493515014648438,3,False
3,7.268389701843262,1,False
1,6.426687240600586,4,False
3,8.826521873474121,4,False
1,7.301445007324219,7,False
2,7.122784614562988,8,False
0,6.926689147949219,4,False
0,10.039546966552734,4,False
2,9.04249382019043,8,False
1,8.545133590698242,1,False
3,9.981283187866211,2,False
1,9.327817916870117,3,False
3,9.497751235961914,5,False
0,8.615604400634766,7,False
2,8.275663375854492,9,False
2,6.986067295074463,3,False
1,8.651971817016602,4,False
3,10.34310245513916,6,False
0,12.046282768249512,4,False
1,9.954391479492188,0,False
0,7.468343734741211,4,False
3,7.428893089294434,1,False
2,6.871408462524414,3,False
2,8.240839958190918,8,False
1,7.678185939788818,4,False
3,10.582391738891602,4,False
0,8.803889274597168,0,False
2,5.960044860839844,9,False
0,8.312396049499512,4,False
3,9.10786247253418,8,False
1,9.207164764404297,4,False
1,8.65738296508789,3,False
3,9.812787055969238,0,False
0,5.824838638305664,1,False
2,8.615823745727539,4,False
1,7.4648027420043945,4,False
2,7.134079933166504,7,False
0,11.360555648803711,1,False
3,8.682008743286133,4,False
0,9.299135208129883,1,False
3,8.717498779296875,5,False
1,7.662723541259766,7,False
2,8.447728157043457,9,False
0,12.060197830200195,2,False
1,9.800653457641602,2,False
3,8.075013160705566,8,False
2,7.361629486083984,3,False
2,7.714430809020996,5,False
3,5.417734622955322,7,False
1,7.705768585205078,1,False
0,11.274778366088867,0,False
0,9.656679153442383,9,False
3,9.819509506225586,0,False
1,9.038433074951172,2,False
2,10.050360679626465,4,False
2,9.251227378845215,0,False
0,11.235868453979492,2,False
1,9.834630966186523,8,False
3,10.71072769165039,6,False
1,8.610904693603516,1,False
0,6.984669208526611,9,False
3,10.571390151977539,0,False
2,10.189693450927734,5,False
1,6.008984565734863,4,False
0,8.27945327758789,8,False
2,10.035833358764648,0,False
3,10.748892784118652,3,False
3,10.64033317565918,2,False
1,10.852760314941406,6,False
0,6.224331378936768,4,False
2,8.412788391113281,4,False
0,5.661712646484375,5,False
1,9.26159954071045,8,False
3,10.82128620147705,2,False
2,10.857465744018555,8,False
1,8.949138641357422,3,False
0,9.032023429870605,9,False
3,9.866923332214355,6,False
2,12.682641983032227,3,False
1,7.791234493255615,4,False
2,4.935041427612305,1,False
3,6.834485054016113,2,False
0,8.564865112304688,5,False
2,9.873562812805176,1,False
3,9.745928764343262,3,False
0,7.493780136108398,9,False
1,7.417777061462402,0,False
3,6.015172958374023,1,False
2,8.81361198425293,8,False
1,8.634143829345703,6,False
0,8.026618957519531,2,False
3,8.50926399230957,0,False
1,5.819246292114258,7,False
2,9.304876327514648,1,False
0,11.008722305297852,8,False
1,10.328619956970215,2,False
0,5.545902252197266,9,False
2,9.69168472290039,2,False
3,6.545183181762695,7,False
0,9.388467788696289,2,False
3,5.825210094451904,9,False
1,9.329252243041992,4,False
2,10.218682289123535,4,False
0,10.947989463806152,2,False
1,5.855786323547363,4,False
2,9.724087715148926,3,False
3,6.638434886932373,9,False
0,6.226353645324707,9,False
1,7.858229637145996,1,False
2,9.874614715576172,8,False
3,8.639238357543945,6,False
2,8.94014835357666,4,False
3,10.964713096618652,4,False
1,10.57461166381836,3,False
0,8.415372848510742,0,False
0,12.355384826660156,1,False
3,5.25691556930542,1,False
2,8.478437423706055,6,False
1,8.086902618408203,1,False
0,6.482207298278809,9,False
1,8.462928771972656,5,False
3,7.055845260620117,7,False
2,9.118181228637695,0,False
3,7.3821258544921875,8,False
1,10.64187240600586,5,False
0,8.163323402404785,9,False
2,7.040801048278809,4,False
3,8.143552780151367,1,False
0,8.371780395507812,1,False
1,13.551445007324219,3,False
2,9.656059265136719,5,False
2,12.361261367797852,2,False
3,10.486024856567383,2,False
0,7.886608123779297,8,False
1,6.266862869262695,8,False
0,8.009662628173828,5,False
2,9.660380363464355,4,False
1,8.388877868652344,4,False
3,9.947884559631348,7,False
2,6.587418079376221,9,False
3,8.146235466003418,9,False
1,8.095438003540039,8,False
0,12.256021499633789,0,False
3,8.582498550415039,7,False
2,10.357389450073242,6,False
0,7.016690254211426,7,False
1,6.949586868286133,9,False
3,7.913187026977539,9,False
0,7.120960235595703,7,False
1,9.69030475616455,7,False
2,6.316469192504883,1,False
0,9.990792274475098,8,False
3,8.896276473999023,6,False
1,10.302757263183594,0,False
2,7.899123191833496,9,False
0,9.202449798583984,9,False
3,7.064095497131348,6,False
2,7.5474371910095215,4,False
1,10.351838111877441,4,False
3,7.620092391967773,5,False
0,6.485747337341309,1,False
1,7.514822959899902,1,False
2,5.959267616271973,9,False
0,8.1578369140625,2,False
2,6.289717674255371,4,False
1,11.219432830810547,3,False
3,10.127889633178711,4,False
3,11.47462272644043,2,False
2,10.53760051727295,7,False
0,10.153847694396973,2,False
1,9.485361099243164,6,False
1,8.318706512451172,6,False
0,8.657795906066895,2,False
2,7.290041923522949,9,False
3,10.850190162658691,6,False
0,10.36079216003418,8,False
3,6.992675304412842,2,False
2,13.553672790527344,2,False
1,10.01502799987793,7,False
0,7.263979911804199,4,False
3,9.504388809204102,1,False
1,10.253438949584961,3,False
2,7.62907600402832,5,False
2,8.029471397399902,4,False
0,9.71493148803711,5,False
1,12.611913681030273,2,False
3,9.726736068725586,3,False
0,10.818011283874512,7,False
1,8.296735763549805,6,False
3,11.220020294189453,2,False
2,7.29865837097168,7,False
1,6.168254375457764,9,False
2,9.1380615234375,6,False
0,9.355448722839355,8,False
3,8.5967435836792,5,False
3,7.531769752502441,5,False
2,7.632707595825195,5,False
0,6.260764122009277,4,False
1,9.105545043945312,0,False
0,6.789417266845703,1,False
2,9.323022842407227,3,False
1,11.021232604980469,0,False
3,10.395004272460938,0,False
3,6.387325763702393,1,False
1,11.28251838684082,2,False
2,6.017407417297363,9,False
0,8.099979400634766,7,False
3,6.455818176269531,9,False
0,9.508581161499023,8,False
1,9.682819366455078,3,False
2,13.548981666564941,2,False
0,6.844203472137451,6,False
3,8.114776611328125,9,False
2,8.97952651977539,3,False
1,8.114734649658203,9,False
1,6.544086456298828,4,False
0,8.5106201171875,9,False
2,6.434154510498047,2,False
3,6.787805080413818,5,False
1,8.381877899169922,3,False
3,9.859827041625977,2,False
2,9.623405456542969,6,False
0,7.008488178253174,9,False
2,8.16401195526123,9,False
0,8.83144474029541,4,False
3,14.550310134887695,3,False
1,6.934749603271484,6,False
3,9.934223175048828,9,False
1,10.850641250610352,3,False
2,13.01751708984375,5,False
0,7.058002471923828,6,False
0,7.693483829498291,4,False
3,9.104055404663086,4,False
2,8.740830421447754,9,False
1,10.347217559814453,3,False
3,8.378545761108398,4,False
0,8.919746398925781,0,False
1,8.974262237548828,2,False
2,5.728172779083252,5,False
2,10.545892715454102,7,False
1,5.952068328857422,9,False
0,8.455020904541016,8,False
3,10.352588653564453,3,False
0,8.85583209991455,5,False
1,10.873927116394043,8,False
3,6.672451496124268,5,False
2,8.922531127929688,3,False
1,9.394899368286133,7,False
0,10.199085235595703,3,False
2,8.106584548950195,8,False
3,8.74187183380127,1,False
2,7.927669525146484,5,False
1,10.66127872467041,5,False
3,10.556647300720215,4,False
0,8.111284255981445,7,False
0,9.251707077026367,1,False
3,10.483866691589355,4,False
2,8.526426315307617,3,False
1,7.4441633224487305,5,False
0,15.213295936584473,3,False
3,6.791959762573242,7,False
2,8.009530067443848,2,False
1,8.946134567260742,3,False
1,12.419998168945312,3,False
3,9.558181762695312,2,False
0,8.319466590881348,3,False
2,9.012321472167969,2,False
2,8.478861808776855,9,False
0,9.948610305786133,5,False
3,7.5556206703186035,3,False
1,10.235282897949219,4,False
0,12.312796592712402,0,False
1,9.693765640258789,7,False
2,15.501672744750977,3,False
3,8.664430618286133,1,False
2,11.153997421264648,6,False
3,7.094247817993164,5,False
0,9.687960624694824,8,False
1,7.4559550285339355,9,False
2,7.358371734619141,8,False
3,9.584768295288086,5,False
0,8.318414688110352,4,False
1,13.707077026367188,2,False
3,9.877681732177734,2,False
2,7.2519707679748535,5,False
0,8.910116195678711,9,False
1,9.23898696899414,2,False
3,8.214072227478027,1,False
0,10.201738357543945,0,False
2,7.627636909484863,6,False
1,10.50798511505127,3,False
1,7.226984977722168,2,False
0,9.670001029968262,3,False
3,7.22821044921875,1,False
2,10.38418197631836,4,False
0,9.75782585144043,8,False
3,7.714193344116211,4,False
1,8.050426483154297,4,False
2,7.51341438293457,4,False
1,6.855659008026123,7,False
0,8.309109687805176,6,False
2,7.890439033508301,4,False
3,8.340723037719727,1,False
0,8.486917495727539,7,False
3,10.508749008178711,3,False
1,8.651453971862793,2,False
2,6.437921047210693,1,False
2,8.839466094970703,3,False
1,8.804000854492188,9,False
3,11.51997184753418,8,False
0,6.686380863189697,1,False
0,12.817075729370117,0,False
3,6.848710536956787,4,False
2,10.836601257324219,5,False
1,9.802324295043945,9,False
1,10.133829116821289,6,False
3,11.41439437866211,7,False
0,8.340620994567871,9,False
2,7.428842544555664,9,False
0,7.981278896331787,4,False
1,9.149309158325195,8,False
3,10.342998504638672,2,False
2,9.644607543945312,2,False
0,8.660736083984375,7,False
1,11.746293067932129,3,False
2,11.00109577178955,2,False
3,11.217979431152344,0,False
0,11.23505973815918,8,False
1,8.021108627319336,7,False
2,8.1768217086792,2,False
3,9.446529388427734,0,False
0,9.390738487243652,7,False
1,4.7459306716918945,7,False
3,6.617790222167969,0,False
2,5.524825096130371,4,False
1,12.03316879272461,2,False
2,7.826672077178955,5,False
0,9.378111839294434,0,False
3,9.067164421081543,3,False
0,11.421103477478027,3,False
2,8.762533187866211,9,False
3,7.559072971343994,8,False
1,8.415753364562988,3,False
0,9.418356895446777,8,False
1,7.46796178817749,9,False
3,8.326889991760254,3,False
2,8.685697555541992,4,False
0,7.2490153312683105,7,False
3,8.796175003051758,7,False
1,6.95968770980835,9,False
2,7.9285569190979,7,False
3,13.681424140930176,6,False
0,8.631966590881348,7,False
2,11.646446228027344,0,False
1,8.483200073242188,0,False
3,11.119674682617188,9,False
1,10.61793327331543,7,False
2,9.899477005004883,6,False
0,6.592351913452148,9,False
3,5.754770278930664,7,False
1,8.280244827270508,1,False
0,6.908083438873291,9,False
2,6.256528854370117,1,False
1,9.427248001098633,4,False
2,12.174187660217285,5,False
3,6.780648231506348,1,False
0,11.488800048828125,8,False
0,10.386821746826172,0,False
2,8.49061393737793,6,False
3,8.136556625366211,0,False
1,9.83537483215332,7,False
3,10.39123821258545,0,False
2,9.258715629577637,5,False
1,9.9094820022583,8,False
0,9.659058570861816,3,False
1,5.377053737640381,1,False
0,8.19072151184082,6,False
3,13.794233322143555,3,False
2,9.020320892333984,2,False
2,9.890193939208984,6,False
1,14.002248764038086,8,False
0,6.023679256439209,7,False
3,8.986775398254395,4,False
2,8.628460884094238,3,False
3,7.783585548400879,7,False
0,10.891053199768066,8,False
1,10.993480682373047,8,False
0,9.618280410766602,1,False
1,7.718789100646973,2,False
2,7.661091327667236,7,False
3,8.652515411376953,5,False
1,9.658454895019531,4,False
3,8.322844505310059,9,False
2,9.52023696899414,0,False
0,7.952601432800293,8,False
0,10.866781234741211,0,False
2,9.364971160888672,3,False
1,8.16476821899414,8,False
3,8.412178039550781,2,False
0,9.39665412902832,1,False
2,11.426734924316406,8,False
3,9.866714477539062,4,False
1,10.023576736450195,2,False
3,9.252185821533203,7,False
0,7.2318925857543945,9,False
1,8.657472610473633,6,False
2,9.783994674682617,4,False
3,9.295967102050781,7,False
0,9.306158065795898,4,False
2,9.473834991455078,5,False
1,10.327662467956543,8,False
3,9.003862380981445,4,False
1,8.046632766723633,6,False
2,8.91549015045166,8,False
0,5.833134651184082,5,False
0,7.2711029052734375,1,False
3,6.343404769897461,1,False
1,9.622547149658203,6,False
2,9.001388549804688,6,False
1,8.719810485839844,7,False
2,8.315500259399414,7,False
0,9.312868118286133,1,False
3,6.357341766357422,9,False
1,8.753687858581543,7,False
2,7.488149166107178,1,False
0,10.073281288146973,6,False
3,9.933722496032715,5,False
3,8.914976119995117,1,False
2,11.496776580810547,8,False
0,8.63613224029541,8,False
1,11.107963562011719,8,False
3,9.64692497253418,2,False
0,10.695823669433594,0,False
1,7.831001281738281,0,False
2,4.425681114196777,9,False
2,9.49303150177002,7,False
1,10.072192192077637,7,False
0,11.533428192138672,5,False
3,6.738559722900391,1,False
1,8.522712707519531,1,False
2,10.335594177246094,2,False
0,12.114261627197266,2,False
3,6.06237268447876,4,False
3,11.383487701416016,2,False
2,10.412874221801758,6,False
1,6.835005283355713,7,False
0,9.80891227722168,0,False
3,6.004206657409668,1,False
2,8.586346626281738,1,False
1,8.619132995605469,7,False
0,7.789299488067627,5,False
0,12.160974502563477,6,False
2,9.575660705566406,3,False
3,8.802236557006836,8,False
1,6.011401653289795,1,False
0,9.900819778442383,4,False
2,10.63542366027832,3,False
3,11.013922691345215,2,False
1,8.982192993164062,6,False
0,8.34494400024414,1,False
3,8.515877723693848,6,False
1,7.531703948974609,1,False
2,10.381622314453125,6,False
2,6.594564437866211,9,False
0,9.397239685058594,6,False
3,12.949158668518066,0,False
1,10.287208557128906,2,False
2,10.369897842407227,4,False
0,8.887062072753906,4,False
3,8.806549072265625,7,False
1,10.288337707519531,0,False
3,7.532782554626465,9,False
0,8.341375350952148,1,False
2,9.283616065979004,8,False
1,7.116024971008301,7,False
1,9.147257804870605,3,False
3,9.81811809539795,9,False
2,8.680501937866211,3,False
0,8.758769989013672,4,False
0,6.830182075500488,6,False
2,7.419406890869141,1,False
1,10.842320442199707,2,False
3,4.983624458312988,9,False
3,9.670122146606445,8,False
1,10.471588134765625,0,False
0,8.772485733032227,6,False
2,8.8671875,0,False
0,11.277436256408691,2,False
3,7.105222702026367,6,False
1,8.842850685119629,4,False
2,7.337591648101807,7,False
1,11.673446655273438,2,False
0,5.226174354553223,9,False
2,6.598667621612549,6,False
3,11.408445358276367,2,False
1,7.666445255279541,5,False
0,10.479986190795898,6,False
2,9.953965187072754,2,False
3,8.346689224243164,5,False
3,7.160008430480957,8,False
0,7.589522361755371,9,False
2,7.657191753387451,5,False
1,9.39501953125,0,False
0,9.343942642211914,5,False
3,8.706478118896484,2,False
1,7.824466228485107,9,False
2,11.15982437133789,0,False
2,7.492037773132324,8,False
0,8.267781257629395,7,False
1,10.28868293762207,0,False
3,10.328407287597656,6,False
0,9.366069793701172,7,False
3,6.579953670501709,7,False
1,6.6158576011657715,9,False
2,5.56458854675293,7,False
0,8.479461669921875,3,False
3,12.268983840942383,2,False
1,8.144201278686523,7,False
2,11.043004989624023,9,False
2,10.491880416870117,3,False
3,6.565268516540527,9,False
1,7.535719394683838,1,False
0,8.956096649169922,5,False
2,8.217962265014648,7,False
3,8.161599159240723,8,False
0,7.908288955688477,9,False
1,10.13925552368164,4,False
2,10.063766479492188,5,False
0,8.545146942138672,8,False
3,8.138269424438477,1,False
1,8.701033592224121,9,False
0,8.53959846496582,2,False
2,11.62730598449707,2,False
1,11.477779388427734,3,False
3,8.14113998413086,9,False
2,11.203529357910156,9,False
1,12.486307144165039,0,False
0,7.550083637237549,5,False
3,7.666294097900391,9,False
3,12.123603820800781,8,False
0,8.774940490722656,9,False
2,9.884305953979492,4,False
1,9.794733047485352,4,False
1,6.572486877441406,1,False
0,8.201166152954102,1,False
3,7.933595657348633,5,False
2,7.399919509887695,9,False
2,7.269964694976807,7,False
3,9.15340805053711,0,False
0,8.020328521728516,0,False
1,5.892901420593262,5,False
0,5.275442600250244,1,False
2,9.880821228027344,0,False
3,8.029985427856445,2,False
1,11.415261268615723,3,False
1,10.631389617919922,6,False
0,11.154825210571289,3,False
2,7.59556770324707,1,False
3,7.6005964279174805,1,False
2,6.190324783325195,0,False
0,6.72450065612793,4,False
3,7.860703945159912,5,False
1,9.45704460144043,4,False
2,6.606052875518799,7,False
1,9.486637115478516,3,False
3,10.24580192565918,4,False
0,9.72665023803711,2,False
0,9.910717010498047,7,False
1,9.122640609741211,8,False
3,10.78493595123291,4,False
2,5.882354736328125,5,False
1,8.687960624694824,4,False
0,7.853328704833984,8,False
3,9.940347671508789,3,False
2,7.585353851318359,4,False
3,10.920318603515625,3,False
1,6.86504602432251,1,False
2,7.181962013244629,4,False
0,6.955842018127441,7,False
0,7.849164962768555,9,False
3,10.267938613891602,8,False
1,8.047545433044434,3,False
2,6.505097389221191,9,False
0,12.086856842041016,7,False
3,6.711365699768066,1,False
1,10.382147789001465,3,False
2,9.528395652770996,0,False
2,10.405830383300781,0,False
0,11.103754043579102,4,False
3,5.414531230926514,4,False
1,7.247452735900879,9,False
2,6.854790687561035,5,False
1,6.338438987731934,7,False
3,7.4355974197387695,4,False
0,4.681918144226074,9,False
2,5.916053771972656,9,False
0,8.425813674926758,9,False
3,7.205399513244629,0,False
1,8.006195068359375,6,False
3,12.999403953552246,2,False
1,8.376622200012207,6,False
0,9.304241180419922,4,False
2,10.379256248474121,5,False
2,6.219969272613525,8,False
3,11.151069641113281,9,False
1,11.163238525390625,3,False
0,5.420260906219482,7,False
1,7.883248329162598,9,False
0,7.879758834838867,7,False
2,5.948140621185303,1,False
3,9.626909255981445,5,False
2,9.96343994140625,5,False
0,9.092013359069824,5,False
3,8.378013610839844,3,False
1,10.692354202270508,2,False
2,6.463311672210693,4,False
1,7.405507564544678,1,False
3,8.22496223449707,6,False
0,11.304704666137695,0,False
2,10.826132774353027,4,False
1,8.837919235229492,1,False
0,10.67542839050293,3,False
3,7.4715800285339355,3,False
3,7.36149787902832,9,False
0,8.851093292236328,8,False
1,9.711418151855469,2,False
2,10.084230422973633,8,False
2,9.967219352722168,1,False
3,9.661808967590332,7,False
1,7.42585563659668,7,False
0,10.425558090209961,2,False
0,8.216875076293945,8,False
3,4.82265043258667,1,False
2,7.189391613006592,6,False
1,7.808009147644043,8,False
2,7.285980224609375,1,False
1,7.422425746917725,6,False
3,9.76857852935791,5,False
0,10.78863525390625,1,False
0,8.237764358520508,3,False
3,10.66627025604248,0,False
1,8.88474178314209,7,False
2,8.801864624023438,3,False
3,10.62930679321289,2,False
1,8.771693229675293,7,False
2,8.8192777633667,3,False
0,9.535362243652344,0,False
2,9.099203109741211,4,False
1,6.775246620178223,1,False
3,10.743812561035156,0,False
0,8.07918643951416,1,False
0,8.631786346435547,7,False
3,7.45332145690918,1,False
1,11.108478546142578,8,False
2,9.71402359008789,2,False
2,7.116156578063965,5,False
1,10.227413177490234,0,False
3,7.736368179321289,8,False
0,6.989392280578613,5,False
0,6.540806293487549,1,False
2,10.010160446166992,6,False
3,7.542023658752441,5,False
1,7.452800750732422,1,False
0,10.080039978027344,3,False
3,5.797521114349365,9,False
1,5.723821640014648,1,False
2,6.020611763000488,1,False
3,10.641845703125,6,False
1,9.276281356811523,8,False
2,11.283843994140625,2,False
0,8.837492942810059,7,False
0,9.090860366821289,8,False
2,10.344232559204102,6,False
1,9.295928001403809,9,False
3,10.337295532226562,2,False
1,10.84749984741211,5,False
2,7.747260093688965,5,False
3,8.708222389221191,3,False
0,11.143290519714355,4,False
0,10.340869903564453,1,False
2,9.192060470581055,3,False
1,11.079472541809082,9,False
3,12.658721923828125,3,False
3,9.141904830932617,6,False
2,12.549476623535156,2,False
1,9.073728561401367,5,False
0,9.055092811584473,2,False
0,10.700141906738281,0,False
1,9.471988677978516,3,False
3,9.242236137390137,6,False
2,6.796649932861328,4,False
1,11.089944839477539,0,False
0,10.115761756896973,5,False
3,9.837926864624023,4,False
2,5.316590309143066,9,False
2,9.14390754699707,2,False
3,8.74305534362793,8,False
1,9.459907531738281,8,False
0,7.323268890380859,4,False
2,13.254712104797363,2,False
0,8.682329177856445,6,False
3,8.81823444366455,6,False
1,9.641990661621094,5,False
3,8.87407112121582,0,False
1,4.6574554443359375,1,False
0,11.233842849731445,0,False
2,8.792402267456055,6,False
0,8.540717124938965,9,False
2,6.511397361755371,4,False
1,7.464552402496338,3,False
3,11.435920715332031,3,False
2,9.541494369506836,8,False
3,7.838730812072754,1,False
0,6.3589277267456055,5,False
1,10.848426818847656,4,False
3,6.75227689743042,9,False
2,8.552608489990234,6,False
1,8.436019897460938,6,False
0,6.46623420715332,8,False
3,9.834100723266602,2,False
0,10.777054786682129,6,False
2,9.630509376525879,7,False
1,8.210796356201172,8,False
1,7.922982692718506,6,False
2,9.272340774536133,0,False
0,10.800636291503906,0,False
3,7.500171661376953,7,False
0,9.110139846801758,3,False
1,8.352664947509766,5,False
2,7.657341957092285,3,False
3,10.21662425994873,0,False
3,8.26717758178711,8,False
1,10.844789505004883,8,False
0,11.000481605529785,0,False
2,10.506675720214844,8,False
0,8.110246658325195,5,False
2,7.055588722229004,8,False
1,7.22821044921875,9,False
3,8.2207670211792,1,False
1,9.456924438476562,0,False
3,10.58366584777832,1,False
0,9.690431594848633,3,False
2,9.4739408493042,0,False
0,4.703093528747559,3,False
1,8.372791290283203,3,False
3,9.87746810913086,7,False
2,8.632434844970703,8,False
2,6.9229350090026855,6,False
3,8.48690414428711,3,False
1,8.64132308959961,4,False
0,13.594903945922852,0,False
0,7.3044915199279785,8,False
3,10.880990028381348,1,False
2,9.012889862060547,4,False
1,7.5956950187683105,0,False
0,8.575728416442871,8,False
1,8.731468200683594,6,False
2,8.483678817749023,4,False
3,10.03325366973877,8,False
3,7.0379638671875,7,False
1,9.812612533569336,2,False
0,8.557241439819336,6,False
2,9.136602401733398,6,False
0,7.357763290405273,3,False
2,8.559833526611328,0,False
3,5.405625343322754,1,False
1,6.746835231781006,4,False
1,12.742767333984375,1,False
0,7.794162750244141,2,False
2,7.477365016937256,4,False
3,9.246403694152832,0,False
1,10.222448348999023,7,False
0,8.419858932495117,6,False
3,8.746574401855469,1,False
2,6.586291790008545,7,False
0,9.950708389282227,4,False
3,7.846028804779053,1,False
2,9.435957908630371,8,False
1,6.707686424255371,9,False
2,6.170025825500488,9,False
0,9.225196838378906,4,False
1,6.445989608764648,1,False
3,6.390625,0,False
0,5.669214725494385,9,False
3,9.164642333984375,8,False
1,8.917298316955566,2,False
2,9.122459411621094,8,False
3,9.77580451965332,9,False
1,7.596287250518799,4,False
0,9.648492813110352,0,False
2,8.220918655395508,8,False
0,6.0888519287109375,1,False
2,8.775412559509277,9,False
1,8.35934829711914,4,False
3,7.221189498901367,4,False
0,10.581941604614258,7,False
3,7.171806335449219,1,False
2,10.461849212646484,4,False
1,9.97311019897461,0,False
0,8.598908424377441,7,False
3,9.845983505249023,1,False
2,12.068050384521484,0,False
1,7.765501499176025,9,False
3,6.884181976318359,4,False
1,7.089346408843994,6,False
2,9.519474029541016,3,False
0,9.028067588806152,4,False
3,8.61613941192627,9,False
2,11.108673095703125,7,False
1,12.038633346557617,6,False
0,10.436418533325195,8,False
3,10.780153274536133,3,False
1,10.820310592651367,5,False
2,10.610891342163086,1,False
0,14.34784984588623,6,False
3,8.748502731323242,9,False
1,8.473135948181152,5,False
0,6.175134181976318,4,False
2,10.498758316040039,0,False
0,11.72953987121582,2,False
2,8.804336547851562,0,False
3,9.522247314453125,0,False
1,6.344664096832275,5,False
3,6.154326438903809,9,False
1,9.225988388061523,0,False
0,8.652639389038086,0,False
2,8.842597961425781,3,False
1,8.692718505859375,0,False
3,10.854233741760254,8,False
2,11.02872085571289,8,False
0,9.903289794921875,3,False
3,10.4425048828125,5,False
1,17.072425842285156,3,False
0,8.51426887512207,2,False
2,7.149343490600586,1,False
1,9.099747657775879,3,False
0,12.144384384155273,8,False
2,8.618494033813477,2,False
3,11.502763748168945,3,False
3,7.265545845031738,4,False
0,6.197644233703613,9,False
1,7.6166205406188965,2,False
2,8.773565292358398,9,False
2,8.597536087036133,1,False
1,8.126443862915039,3,False
3,10.522136688232422,1,False
0,13.714418411254883,3,False
1,12.447439193725586,0,False
0,10.695150375366211,4,False
3,8.60595703125,2,False
2,8.971311569213867,8,False
0,6.908583641052246,6,False
2,9.552511215209961,1,False
1,8.52776050567627,0,False
3,6.3336381912231445,9,False
2,8.293774604797363,3,False
0,10.823657989501953,3,False
1,8.221151351928711,4,False
3,6.0294189453125,1,False
0,9.251571655273438,0,False
3,11.990848541259766,3,False
1,8.305943489074707,6,False
2,11.617147445678711,0,False
3,7.098756313323975,4,False
0,11.885337829589844,1,False
2,6.055788993835449,9,False
1,8.377123832702637,1,False
0,11.295734405517578,2,False
2,12.34994888305664,8,False
1,8.776815414428711,7,False
3,7.427890777587891,7,False
2,10.323982238769531,9,False
3,9.759578704833984,9,False
0,7.5066986083984375,1,False
1,7.219789505004883,2,False
1,11.798787117004395,2,False
3,7.287452697753906,6,False
2,8.210612297058105,1,False
0,9.894021034240723,8,False
0,7.461800575256348,7,False
1,8.917332649230957,8,False
2,7.485067367553711,9,False
3,7.916530609130859,6,False
2,8.650988578796387,8,False
3,9.026874542236328,1,False
0,9.980899810791016,6,False
1,6.8167266845703125,5,False
3,9.891579627990723,3,False
1,6.907418727874756,9,False
0,8.021512985229492,5,False
2,6.405948162078857,4,False
1,10.849592208862305,0,False
2,9.416374206542969,5,False
0,8.936881065368652,6,False
3,13.0528564453125,8,False
0,8.965299606323242,9,False
2,7.153933525085449,7,False
1,5.740860939025879,4,False
3,8.432353973388672,4,False
0,9.333632469177246,5,False
3,9.027348518371582,2,False
2,10.333404541015625,2,False
1,11.315238952636719,0,False
1,6.960063457489014,4,False
3,9.394527435302734,3,False
0,7.823406219482422,0,False
2,8.176920890808105,7,False
0,6.924206256866455,9,False
2,10.288248062133789,8,False
3,6.359749794006348,4,False
1,7.885919094085693,1,False
0,8.018993377685547,4,False
3,8.324319839477539,4,False
2,6.923290252685547,0,False
1,6.3707275390625,9,False
2,9.658295631408691,3,False
1,7.803090572357178,7,False
3,9.264924049377441,4,False
0,6.371917724609375,1,False
2,7.778682708740234,6,False
1,12.348223686218262,3,False
0,9.726841926574707,9,False
3,12.782854080200195,8,False
2,8.605917930603027,8,False
3,11.526006698608398,2,False
0,8.318561553955078,5,False
1,10.078878402709961,9,False
0,6.932793617248535,1,False
1,7.742312431335449,6,False
2,10.188170433044434,9,False
3,7.273163795471191,5,False
3,10.270808219909668,3,False
1,13.12908935546875,0,False
0,10.278807640075684,6,False
2,7.885770797729492,5,False
0,7.035976409912109,5,False
2,7.529829025268555,0,False
1,9.137063026428223,6,False
3,7.682745456695557,6,False
3,10.076699256896973,6,False
0,10.455488204956055,8,False
1,10.297588348388672,7,False
2,9.161746978759766,9,False
2,8.482519149780273,2,False
1,13.25304126739502,0,False
0,6.913159370422363,7,False
3,9.047417640686035,8,False
0,7.310641288757324,9,False
1,8.290353775024414,9,False
3,7.791015148162842,9,False
2,10.907537460327148,0,False
3,4.8769121170043945,1,False
2,7.702487945556641,4,False
1,5.318526744842529,9,False
0,7.126020431518555,8,False
0,10.899505615234375,8,False
3,7.9008893966674805,1,False
2,9.298107147216797,9,False
1,7.7652411460876465,6,False
1,9.887190818786621,3,False
3,12.043631553649902,2,False
0,6.257935047149658,8,False
2,9.240220069885254,3,False
0,6.8313703536987305,5,False
2,13.424570083618164,3,False
1,8.254627227783203,1,False
3,8.162353515625,8,False
0,6.255276679992676,7,False
3,11.937748908996582,3,False
2,13.176578521728516,2,False
1,9.548446655273438,0,False
3,11.322144508361816,3,False
1,7.867021560668945,6,False
2,7.060138702392578,7,False
0,6.002598762512207,1,False
1,6.878377914428711,8,False
2,5.964882850646973,1,False
3,10.832075119018555,0,False
0,8.045337677001953,6,False
3,11.844783782958984,6,False
1,8.581474304199219,5,False
2,7.407795429229736,9,False
0,8.17101764678955,6,False
1,9.191131591796875,7,False
2,11.330299377441406,6,False
0,9.090500831604004,4,False
3,7.230988502502441,1,False
0,10.3439302444458,5,False
3,9.282624244689941,4,False
1,7.227908134460449,2,False
2,11.044363021850586,6,False
1,7.5541276931762695,7,False
2,8.305211067199707,2,False
3,12.595481872558594,3,False
0,15.432125091552734,2,False
3,9.417373657226562,2,False
0,11.220541000366211,8,False
2,8.602998733520508,7,False
1,10.009647369384766,4,False
2,8.410663604736328,9,False
1,8.093690872192383,3,False
3,9.260781288146973,3,False
0,11.418451309204102,4,False
0,10.2741060256958,0,False
1,12.312032699584961,0,False
2,10.38200569152832,6,False
3,7.806767463684082,1,False
3,7.816710472106934,2,False
0,6.328162670135498,8,False
2,9.551623344421387,1,False
1,8.686858177185059,7,False
1,7.275407791137695,2,False
0,8.145940780639648,0,False
3,14.357481002807617,0,False
2,10.60692310333252,5,False
1,7.702916145324707,7,False
3,9.282965660095215,5,False
0,6.036009788513184,9,False
2,8.659119606018066,8,False
0,5.355093955993652,9,False
2,8.959412574768066,0,False
1,13.07931900024414,2,False
3,9.07850170135498,3,False
0,4.533167839050293,9,False
3,9.343818664550781,2,False
2,8.819906234741211,5,False
1,9.700870513916016,7,False
3,9.99960708618164,1,False
2,8.274557113647461,0,False
1,9.53364086151123,8,False
0,8.145791053771973,4,False
1,9.898782730102539,6,False
2,9.290955543518066,4,False
0,6.823598861694336,9,False
3,9.636083602905273,8,False
0,11.464362144470215,9,False
2,8.36008071899414,2,False
3,9.430452346801758,5,False
1,7.603375434875488,7,False
2,6.64275598526001,1,False
1,9.926179885864258,8,False
0,7.858146667480469,6,False
3,14.160661697387695,3,False
1,9.530231475830078,3,False
3,10.69506549835205,5,False
2,11.54153060913086,0,False
0,8.005695343017578,6,False
1,9.148143768310547,8,False
0,8.538158416748047,9,False
2,6.369663715362549,5,False
3,10.501991271972656,0,False
2,8.352411270141602,0,False
3,9.73481273651123,4,False
0,8.503378868103027,5,False
1,14.779065132141113,3,False
2,8.510441780090332,2,False
3,10.142874717712402,8,False
0,8.796712875366211,3,False
1,8.333494186401367,3,False
1,5.563693046569824,9,False
2,8.471569061279297,5,False
3,8.94611930847168,7,False
0,9.143738746643066,8,False
0,7.764662742614746,8,False
2,6.740265369415283,8,False
1,5.541969299316406,9,False
3,10.374443054199219,0,False
3,4.383834362030029,9,False
1,9.975473403930664,5,False
2,9.540355682373047,2,False
0,10.021175384521484,3,False
3,10.505400657653809,8,False
1,7.665070533752441,9,False
2,7.2501349449157715,6,False
0,7.193356513977051,9,False
1,9.35313892364502,5,False
0,7.559957981109619,9,False
2,7.840620040893555,7,False
3,10.695693016052246,9,False
0,6.714869499206543,2,False
2,8.202707290649414,1,False
3,10.952912330627441,3,False
1,8.540544509887695,8,False
0,10.80661392211914,8,False
3,9.580991744995117,5,False
2,8.541322708129883,4,False
1,8.57780647277832,3,False
3,8.095813751220703,6,False
1,6.153159141540527,1,False
0,7.206115245819092,1,False
2,7.387927055358887,3,False
3,6.467051982879639,9,False
1,10.95741081237793,3,False
0,9.081304550170898,1,False
2,9.350871086120605,6,False
0,9.142866134643555,3,False
2,9.371267318725586,3,False
1,8.546431541442871,1,False
3,11.219929695129395,8,False
3,8.888696670532227,6,False
1,8.029685020446777,1,False
2,10.77191162109375,0,False
0,9.435503005981445,2,False
2,9.715703964233398,3,False
0,8.512945175170898,6,False
1,9.437517166137695,7,False
3,9.01779842376709,6,False
2,9.625749588012695,1,False
3,5.435675621032715,1,False
0,7.327252388000488,3,False
1,9.378915786743164,2,False
0,6.991794586181641,7,False
2,8.298221588134766,6,False
3,10.588089942932129,3,False
1,8.91526985168457,4,False
2,7.895054817199707,7,False
0,6.623522758483887,8,False
1,8.75398063659668,8,False
3,8.633399963378906,9,False
1,11.41086196899414,3,False
0,8.604392051696777,1,False
3,7.0020751953125,7,False
2,7.512636661529541,8,False
3,9.941336631774902,0,False
0,9.723184585571289,1,False
2,5.328840255737305,1,False
1,9.506132125854492,3,False
0,9.563188552856445,2,False
1,7.774932861328125,0,False
3,7.4945454597473145,7,False
2,8.579843521118164,7,False
1,5.7208170890808105,1,False
2,7.088131427764893,3,False
3,8.677335739135742,0,False
0,9.43803882598877,5,False
0,11.69840145111084,9,False
2,8.2816162109375,6,False
3,10.35639762878418,9,False
1,10.666072845458984,8,False
0,6.997104644775391,9,False
2,12.704229354858398,6,False
3,6.136227607727051,9,False
1,9.550588607788086,8,False
2,8.099796295166016,9,False
1,9.72295093536377,4,False
3,8.400190353393555,7,False
0,9.497810363769531,7,False
3,10.493907928466797,8,False
0,6.451637268066406,4,False
1,7.897187232971191,2,False
2,7.5317559242248535,5,False
2,8.094165802001953,5,False
0,8.379036903381348,5,False
1,8.905740737915039,9,False
3,12.024190902709961,9,False
3,9.451070785522461,0,False
1,7.1867451667785645,6,False
0,12.415731430053711,3,False
2,8.174691200256348,5,False
2,11.405462265014648,3,False
1,7.628568649291992,2,False
0,9.076412200927734,1,False
3,8.083063125610352,7,False
3,9.884618759155273,3,False
0,8.782737731933594,2,False
2,7.774485111236572,2,False
1,9.026296615600586,8,False
1,9.00800895690918,8,False
2,9.498492240905762,4,False
0,9.412498474121094,4,False
3,9.061826705932617,0,False
0,12.279576301574707,1,False
3,5.747162818908691,9,False
2,11.89140510559082,5,False
1,7.634130001068115,9,False
1,10.011079788208008,2,False
3,6.637057781219482,4,False
0,5.918020248413086,7,False
2,12.561254501342773,3,False
0,9.541656494140625,5,False
1,11.06911849975586,7,False
2,10.618297576904297,6,False
3,7.610066890716553,9,False
3,10.841686248779297,8,False
1,10.38416862487793,0,False
2,7.898902893066406,4,False
0,9.750412940979004,7,False
0,6.515119552612305,5,False
2,8.261361122131348,7,False
3,10.574027061462402,1,False
1,6.979082107543945,5,False
0,7.63752555847168,4,False
1,9.851675033569336,3,False
2,8.842781066894531,5,False
3,10.176700592041016,8,False
2,7.8076653480529785,2,False
3,12.941510200500488,3,False
1,6.973453521728516,5,False
0,12.599512100219727,2,False
3,10.02365493774414,8,False
2,5.433741569519043,1,False
1,11.523566246032715,3,False
0,8.219552040100098,7,False
3,8.507691383361816,5,False
2,7.736804962158203,6,False
0,12.10474681854248,3,False
1,9.401100158691406,8,False
1,8.638155937194824,7,False
2,7.8407793045043945,4,False
3,8.60397720336914,1,False
0,9.200567245483398,9,False
3,9.049579620361328,0,False
1,11.368115425109863,0,False
0,5.1511688232421875,1,False
2,8.218268394470215,5,False
3,11.444150924682617,2,False
2,7.706931114196777,9,False
0,9.061309814453125,4,False
1,14.184904098510742,0,False
3,9.795398712158203,6,False
0,7.8885345458984375,4,False
2,9.96571159362793,7,False
1,10.411964416503906,2,False
1,7.566816806793213,1,False
0,10.000041961669922,5,False
2,5.730495452880859,9,False
3,9.83069896697998,3,False
0,8.172401428222656,7,False
1,6.446197509765625,4,False
2,6.874169826507568,7,False
3,8.996101379394531,9,False
2,7.7274322509765625,0,False
0,9.146852493286133,9,False
1,8.988693237304688,6,False
3,7.4929518699646,4,False
2,8.771087646484375,7,False
3,11.252095222473145,3,False
1,10.908271789550781,1,False
0,11.364789009094238,3,False
1,7.23403263092041,9,False
3,8.476696014404297,6,False
0,8.964853286743164,6,False
2,7.663215637207031,0,False
2,6.344559669494629,6,False
1,10.408571243286133,3,False
3,9.118938446044922,0,False
0,10.014189720153809,9,False
0,9.408926010131836,7,False
2,5.984869003295898,1,False
3,9.19930648803711,7,False
1,12.24460220336914,0,False
0,9.272115707397461,0,False
2,8.894218444824219,7,False
1,8.996246337890625,5,False
3,8.030828475952148,1,False
3,6.019515514373779,9,False
2,10.819103240966797,1,False
0,5.675042152404785,3,False
1,7.017540454864502,4,False
3,7.786499977111816,1,False
0,10.072486877441406,2,False
1,9.212013244628906,5,False
2,8.315927505493164,8,False
2,9.344551086425781,2,False
0,10.356788635253906,4,False
3,8.127037048339844,8,False
1,8.517601013183594,3,False
3,8.564390182495117,1,False
1,10.195324897766113,3,False
2,9.588033676147461,7,False
0,11.035626411437988,8,False
0,9.969039916992188,6,False
2,11.15381908416748,8,False
1,10.45106029510498,3,False
3,10.085590362548828,3,False
0,9.520763397216797,3,False
2,8.129598617553711,9,False
3,10.667762756347656,1,False
1,7.368692398071289,0,False
1,6.958087921142578,4,False
0,7.246090888977051,1,False
2,11.527647972106934,3,False
3,9.83497142791748,5,False
1,6.882513999938965,8,False
0,10.57331657409668,7,False
2,8.481244087219238,9,False
3,7.511805057525635,4,False
0,10.612255096435547,2,False
3,6.899504661560059,6,False
1,12.305999755859375,0,False
2,7.2512969970703125,6,False
1,7.466871738433838,4,False
3,6.933382034301758,6,False
0,10.712833404541016,5,False
2,12.991439819335938,3,False
0,8.340970039367676,5,False
2,8.381532669067383,3,False
3,6.36793851852417,6,False
1,9.321165084838867,5,False
3,4.869571685791016,9,False
1,7.075054168701172,5,False
2,5.748130798339844,1,False
0,11.280502319335938,2,False
0,12.973302841186523,3,False
2,7.134676933288574,8,False
1,10.905494689941406,6,False
3,10.755505561828613,0,False
0,7.9792327880859375,6,False
1,13.828357696533203,3,False
2,6.204987525939941,6,False
3,8.058286666870117,1,False
3,9.45882797241211,1,False
0,8.035503387451172,9,False
1,11.899410247802734,2,False
2,11.524578094482422,8,False
1,8.179939270019531,8,False
2,10.08370590209961,7,False
0,8.799372673034668,7,False
3,7.256623268127441,7,False
3,8.59073543548584,7,False
1,7.201665878295898,4,False
0,8.18275260925293,5,False
2,12.599953651428223,5,False
3,5.128229141235352,9,False
0,9.131095886230469,7,False
1,7.032186508178711,7,False
2,7.374371528625488,5,False
1,9.094657897949219,7,False
3,7.583718299865723,6,False
2,8.996185302734375,7,False
0,9.063260078430176,3,False
0,8.12311840057373,8,False
2,8.36846923828125,1,False
1,8.128019332885742,8,False
3,7.616308689117432,9,False
1,14.692888259887695,3,False
2,11.08962631225586,5,False
3,10.109390258789062,8,False
0,6.68969202041626,9,False
0,10.402641296386719,7,False
1,7.547905921936035,2,False
2,8.64791488647461,0,False
3,10.15431022644043,0,False
3,7.224210739135742,5,False
1,7.859164714813232,9,False
2,6.117741584777832,8,False
0,8.772719383239746,3,False
1,7.0291571617126465,6,False
0,10.105703353881836,2,False
2,11.460816383361816,2,False
3,9.025588989257812,6,False
1,10.32896614074707,8,False
2,7.459527015686035,9,False
3,10.515478134155273,8,False
0,10.039813041687012,0,False
3,7.967683792114258,4,False
2,8.134780883789062,5,False
1,7.260842323303223,9,False
0,10.213812828063965,2,False
0,9.671882629394531,3,False
1,11.835367202758789,6,False
3,11.36983871459961,8,False
2,9.08495044708252,4,False
0,9.874834060668945,8,False
2,13.058175086975098,5,False
3,8.390144348144531,4,False
1,7.741167068481445,9,False
1,9.114031791687012,0,False
0,8.439538955688477,7,False
2,16.841140747070312,3,False
3,11.436454772949219,3,False
0,11.569811820983887,8,False
1,7.772167205810547,4,False
2,8.300373077392578,4,False
3,10.412251472473145,9,False
2,7.064589500427246,8,False
1,8.955552101135254,6,False
0,8.846928596496582,0,False
3,8.715007781982422,8,False
2,9.531728744506836,5,False
3,9.50004768371582,9,False
1,9.297203063964844,6,False
0,8.041683197021484,1,False
2,6.727957725524902,6,False
1,9.736181259155273,2,False
3,11.55869197845459,3,False
0,6.691037178039551,1,False
0,8.074134826660156,7,False
3,8.808723449707031,6,False
1,7.076358795166016,4,False
2,9.594545364379883,6,False
0,8.032716751098633,5,False
2,7.926104545593262,3,False
1,9.169877052307129,8,False
3,8.491694450378418,8,False
2,6.219880104064941,1,False
1,8.103179931640625,4,False
0,9.273008346557617,2,False
3,8.958721160888672,7,False
1,9.239811897277832,0,False
0,7.085410118103027,0,False
3,9.118904113769531,3,False
2,7.513434410095215,7,False
0,7.737703800201416,6,False
1,7.847149848937988,1,False
3,10.983672142028809,0,False
2,6.0419206619262695,7,False
3,9.423685073852539,2,False
2,7.899448394775391,1,False
1,5.905607223510742,9,False
0,9.533428192138672,1,False
3,7.078640460968018,5,False
1,8.481093406677246,0,False
0,4.683704853057861,7,False
2,6.4163336753845215,9,False
1,8.387906074523926,2,False
3,10.816929817199707,0,False
0,8.03300666809082,8,False
2,7.831794738769531,4,False
2,7.563248157501221,9,False
0,7.679192066192627,1,False
1,9.815804481506348,8,False
3,10.445838928222656,1,False
1,7.319547176361084,3,False
3,10.856912612915039,0,False
0,10.671503067016602,0,False
2,9.92391586303711,2,False
3,9.075661659240723,9,False
0,9.497579574584961,2,False
1,11.874059677124023,8,False
2,10.131665229797363,0,False
3,8.185506820678711,5,False
1,11.224794387817383,7,False
2,6.485985279083252,4,False
0,7.311933517456055,6,False
0,7.682528495788574,0,False
1,7.920166969299316,7,False
3,6.7833943367004395,0,False
2,9.31981372833252,6,False
3,6.891615867614746,5,False
0,9.640045166015625,0,False
1,7.684823989868164,0,False
2,10.811702728271484,3,False
1,8.042566299438477,7,False
2,7.368172645568848,6,False
3,6.331780433654785,4,False
0,9.035303115844727,0,False
0,8.188980102539062,1,False
2,11.850868225097656,3,False
3,9.71335220336914,5,False
1,9.157901763916016,6,False
1,8.834808349609375,5,False
2,8.600265502929688,1,False
0,8.26980209350586,5,False
3,9.537883758544922,3,False
2,5.810495853424072,9,False
1,6.968087673187256,4,False
3,9.880407333374023,7,False
0,7.787837028503418,9,False
3,7.822432041168213,9,False
0,9.399662017822266,7,False
2,8.89493465423584,5,False
1,7.299256801605225,6,False
0,7.0781402587890625,4,False
1,8.945836067199707,8,False
2,10.489753723144531,2,False
3,10.42712688446045,8,False
0,7.056621074676514,6,False
3,11.452253341674805,2,False
1,11.536075592041016,3,False
2,8.5570068359375,4,False
2,10.818624496459961,7,False
3,8.825013160705566,6,False
1,9.299470901489258,3,False
0,11.239465713500977,0,False
2,10.289361953735352,9,False
0,11.171384811401367,0,False
3,7.384385108947754,4,False
1,11.252849578857422,2,False
1,12.26668643951416,6,False
0,5.174306392669678,9,False
3,8.951604843139648,2,False
2,10.180814743041992,4,False
0,8.441323280334473,5,False
3,9.235125541687012,3,False
1,11.712384223937988,2,False
2,9.620892524719238,8,False
3,7.888189315795898,8,False
2,7.523588180541992,9,False
0,7.5772528648376465,4,False
1,6.144516468048096,9,False
1,8.164306640625,7,False
2,7.977812767028809,9,False
0,10.989990234375,0,False
3,9.011608123779297,1,False
0,12.047039031982422,7,False
2,7.503552436828613,2,False
3,8.601911544799805,1,False
1,9.653593063354492,7,False
1,9.79355239868164,4,False
3,8.15648078918457,1,False
0,10.358549118041992,7,False
2,8.729402542114258,9,False
2,7.124731063842773,9,False
0,10.22494125366211,2,False
3,5.752496242523193,1,False
1,7.348563194274902,7,False
3,5.910905838012695,7,False
0,8.690340042114258,7,False
2,9.476175308227539,4,False
1,8.409000396728516,2,False
3,10.00931167602539,0,False
0,12.922506332397461,2,False
2,9.004182815551758,8,False
1,6.039953708648682,8,False
3,11.606386184692383,2,False
1,7.587952136993408,2,False
0,11.460322380065918,0,False
2,8.263404846191406,0,False
0,5.699448585510254,7,False
2,12.03873062133789,6,False
3,8.220355033874512,1,False
1,10.429441452026367,3,False
3,9.526106834411621,5,False
1,9.77950668334961,9,False
0,8.197629928588867,0,False
2,8.223831176757812,5,False
0,8.274391174316406,7,False
2,4.814370632171631,7,False
3,8.44109058380127,4,False
1,9.785259246826172,0,False
1,8.91048812866211,0,False
0,10.34233283996582,3,False
2,7.679134845733643,9,False
3,8.517650604248047,7,False
0,9.050737380981445,5,False
2,10.0996675491333,2,False
3,6.910562992095947,6,False
1,7.702519416809082,5,False
0,12.633919715881348,1,False
2,9.742546081542969,1,False
3,8.515278816223145,7,False
1,8.578350067138672,2,False
2,10.95658016204834,7,False
3,8.768609046936035,0,False
1,10.422733306884766,2,False
0,9.609445571899414,3,False
0,6.994588851928711,2,False
1,9.809995651245117,3,False
2,6.609212398529053,5,False
3,10.424131393432617,6,False
0,8.915853500366211,8,False
3,7.102995872497559,5,False
1,12.31132984161377,3,False
2,6.15654993057251,6,False
2,8.552947044372559,7,False
1,7.395058631896973,5,False
3,7.71002721786499,7,False
0,7.30559778213501,1,False
2,7.911035060882568,6,False
0,6.757805824279785,5,False
3,6.388675689697266,9,False
1,8.844572067260742,6,False
1,5.697654724121094,9,False
0,9.006916999816895,4,False
3,10.728971481323242,8,False
2,10.327786445617676,1,False
0,5.530428886413574,7,False
3,7.216653823852539,6,False
2,8.599466323852539,1,False
1,8.040704727172852,6,False
1,8.156173706054688,4,False
3,9.3934326171875,8,False
0,9.709157943725586,2,False
2,6.913778305053711,7,False
1,7.627101898193359,0,False
3,9.973794937133789,4,False
0,9.678874015808105,4,False
2,7.9307098388671875,4,False
1,8.126861572265625,2,False
3,13.005730628967285,0,False
0,11.982892990112305,7,False
2,8.902762413024902,0,False
2,5.733021259307861,9,False
3,8.563899040222168,1,False
1,3.9769821166992188,1,False
0,11.941011428833008,8,False
0,8.295112609863281,8,False
3,11.746188163757324,0,False
1,6.957274436950684,5,False
2,10.083641052246094,2,False
0,10.723298072814941,8,False
2,7.651248931884766,3,False
1,5.965082168579102,1,False
3,14.140684127807617,6,False
0,9.680145263671875,2,False
3,10.206993103027344,2,False
1,9.186883926391602,0,False
2,8.180078506469727,2,False
2,9.42711353302002,0,False
0,8.697287559509277,2,False
3,5.981805801391602,9,False
1,8.376869201660156,7,False
0,4.90840482711792,0,False
3,9.919845581054688,3,False
2,6.8232645988464355,9,False
1,8.677389144897461,0,False
3,9.674060821533203,1,False
1,10.033239364624023,0,False
0,6.301048278808594,8,False
2,8.738807678222656,5,False
0,10.447406768798828,2,False
2,12.339845657348633,2,False
1,6.4139909744262695,0,False
3,13.726608276367188,3,False
2,7.557677745819092,1,False
0,5.673194885253906,4,False
3,9.73507308959961,4,False
1,9.663357734680176,8,False
0,8.163427352905273,9,False
2,5.9781084060668945,9,False
1,10.430313110351562,3,False
3,9.192870140075684,8,False
1,12.725217819213867,8,False
0,8.155746459960938,3,False
3,10.273077011108398,0,False
2,8.0897855758667,1,False
0,10.880544662475586,3,False
1,11.198860168457031,2,False
2,11.322991371154785,8,False
3,10.469423294067383,0,False
3,8.035654067993164,3,False
0,10.18441390991211,3,False
1,8.782726287841797,4,False
2,11.096059799194336,3,False
3,9.315252304077148,0,False
1,8.716874122619629,8,False
2,10.030818939208984,7,False
0,11.48504638671875,0,False
2,10.317403793334961,0,False
0,6.929180145263672,2,False
1,6.085027694702148,5,False
3,10.007155418395996,2,False
1,11.339962005615234,0,False
0,8.93327522277832,8,False
2,8.08707046508789,6,False
3,8.423208236694336,4,False
2,9.340057373046875,0,False
0,8.74866771697998,2,False
3,7.595595359802246,9,False
1,11.742294311523438,3,False
1,7.929753303527832,1,False
3,5.6147308349609375,7,False
2,9.553449630737305,2,False
0,5.277741432189941,9,False
0,8.17660140991211,1,False
2,10.152441024780273,6,False
3,12.430733680725098,0,False
1,9.736696243286133,8,False
0,6.083407402038574,9,False
2,9.572559356689453,7,False
3,5.957795143127441,1,False
1,6.205001354217529,2,False
1,9.484763145446777,5,False
3,8.442378997802734,8,False
2,6.245593070983887,9,False
0,7.789050579071045,1,False
3,7.026943683624268,9,False
2,8.274569511413574,3,False
0,12.411600112915039,3,False
1,9.663689613342285,0,False
0,8.994400024414062,6,False
1,6.7385759353637695,9,False
2,8.164255142211914,5,False
3,7.233290195465088,8,False
3,6.942630767822266,9,False
0,9.531494140625,6,False
2,8.023341178894043,9,False
1,7.997379302978516,6,False
3,6.398886203765869,9,False
1,9.548677444458008,9,False
0,12.840526580810547,2,False
2,9.850993156433105,2,False
0,11.478021621704102,0,False
2,10.938738822937012,0,False
1,5.190914154052734,1,False
3,7.228638648986816,7,False
2,8.900123596191406,2,False
0,6.219660758972168,7,False
3,8.60020923614502,4,False
1,6.129549026489258,5,False
1,9.663055419921875,4,False
3,9.041524887084961,2,False
0,6.179780006408691,1,False
2,7.831807613372803,8,False
0,10.409205436706543,6,False
3,5.965801239013672,9,False
1,10.05144214630127,4,False
2,11.00927734375,5,False
1,11.966985702514648,0,False
2,7.828029632568359,3,False
0,7.134512901306152,6,False
3,9.450757026672363,3,False
0,10.175867080688477,8,False
2,7.997169017791748,9,False
3,10.047981262207031,2,False
1,7.753335475921631,6,False
3,7.553009033203125,4,False
1,8.92056655883789,8,False
0,9.473209381103516,0,False
2,7.283492088317871,1,False
0,7.698281288146973,1,False
3,9.49471664428711,3,False
1,10.365316390991211,7,False
2,6.797084808349609,7,False
1,9.11876106262207,5,False
0,6.498594284057617,1,False
3,10.494902610778809,6,False
2,8.39409065246582,4,False
1,8.157617568969727,4,False
0,8.668214797973633,0,False
3,9.343990325927734,1,False
2,13.464067459106445,5,False
3,7.561634063720703,9,False
2,8.924545288085938,1,False
1,11.973235130310059,6,False
0,9.577936172485352,7,False
1,7.478227615356445,6,False
0,9.917350769042969,9,False
2,9.649580001831055,8,False
3,7.6194257736206055,3,False
3,7.530645370483398,4,False
0,9.941234588623047,1,False
2,7.700830936431885,1,False
1,5.221253395080566,1,False
2,8.404617309570312,8,False
3,6.86714506149292,5,False
0,8.244060516357422,7,False
1,7.700700759887695,9,False
1,7.177190780639648,2,False
2,6.648290634155273,1,False
0,8.202617645263672,5,False
3,9.470856666564941,3,False
3,8.51365852355957,4,False
0,7.208417892456055,4,False
2,10.795450210571289,5,False
1,10.010780334472656,9,False
3,11.124382972717285,2,False
1,10.47506046295166,0,False
0,8.389871597290039,4,False
2,9.77995491027832,4,False
3,7.144416332244873,9,False
2,9.886176109313965,2,False
1,7.016750812530518,7,False
0,7.779761791229248,6,False
2,10.145118713378906,7,False
0,7.976250648498535,0,False
1,10.997349739074707,5,False
3,5.635566234588623,9,False
3,6.34243631362915,0,False
0,8.59742546081543,6,False
2,6.964107990264893,3,False
1,8.091140747070312,0,False
1,8.52438735961914,6,False
3,7.315631866455078,9,False
2,8.902978897094727,2,False
0,9.809747695922852,7,False
3,12.57846450805664,2,False
0,7.292980194091797,6,False
2,11.593978881835938,2,False
1,9.910303115844727,4,False
1,11.752866744995117,2,False
2,9.01379680633545,3,False
0,9.982337951660156,1,False
3,6.8037919998168945,4,False
1,6.599815845489502,7,False
3,10.909103393554688,1,False
0,10.221373558044434,5,False
2,8.239762306213379,1,False
1,12.420878410339355,2,False
2,9.921460151672363,2,False
3,9.71301555633545,5,False
0,8.174417495727539,3,False
3,9.731912612915039,2,False
1,10.617876052856445,7,False
0,10.070573806762695,3,False
2,5.907163619995117,9,False
3,9.457473754882812,0,False
0,13.541299819946289,2,False
1,8.67158317565918,7,False
2,10.089802742004395,4,False
3,9.318424224853516,0,False
1,6.420309066772461,5,False
2,7.87126350402832,6,False
0,7.623626708984375,6,False
3,11.566732406616211,6,False
1,8.181992530822754,8,False
2,8.457921028137207,4,False
0,7.950859069824219,1,False
3,8.946477890014648,5,False
1,8.853615760803223,7,False
0,9.916133880615234,0,False
2,7.0089263916015625,4,False
2,9.813898086547852,6,False
0,10.147588729858398,8,False
1,8.512907028198242,7,False
3,8.025176048278809,4,False
3,9.364856719970703,4,False
1,10.619208335876465,7,False
2,7.313250541687012,1,False
0,6.588354587554932,7,False
0,11.391336441040039,0,False
1,9.094294548034668,8,False
2,12.611008644104004,7,False
3,9.194662094116211,7,False
0,8.97423267364502,0,False
1,8.713310241699219,8,False
3,11.609973907470703,1,False
2,6.975696563720703,1,False
3,8.3709716796875,8,False
0,8.17160415649414,5,False
2,11.73837947845459,0,False
1,5.699930191040039,4,False
1,7.410904884338379,4,False
3,7.882104873657227,0,False
0,7.227002143859863,4,False
2,11.104226112365723,0,False
3,10.799922943115234,4,False
0,12.425091743469238,2,False
1,11.727089881896973,2,False
2,7.1747727394104,3,False
1,8.003098487854004,9,False
0,8.703880310058594,0,False
2,7.699186325073242,5,False
3,7.882582664489746,7,False
0,11.456690788269043,7,False
1,8.210014343261719,9,False
3,11.723413467407227,3,False
2,8.562249183654785,8,False
2,8.712154388427734,1,False
1,10.312541961669922,5,False
3,10.174509048461914,3,False
0,6.756896495819092,9,False
3,8.609380722045898,3,False
0,12.159997940063477,3,False
1,8.725943565368652,9,False
2,9.576783180236816,4,False
2,9.089696884155273,8,False
1,10.890287399291992,6,False
3,6.307826042175293,7,False
0,8.369633674621582,7,False
0,7.852687835693359,1,False
3,9.669130325317383,7,False
2,11.70496654510498,2,False
1,8.869575500488281,0,False
3,7.57567024230957,6,False
0,12.611083030700684,0,False
1,7.599580764770508,6,False
2,16.06980323791504,2,False
2,6.699863433837891,7,False
1,11.081085205078125,2,False
3,8.80504035949707,4,False
0,10.786087036132812,8,False
3,10.20119571685791,5,False
2,8.734323501586914,4,False
1,8.326324462890625,1,False
0,11.797924041748047,0,False
2,6.007981300354004,9,False
1,11.79793930053711,2,False
0,6.989466190338135,9,False
3,7.62238073348999,1,False
3,8.710437774658203,0,False
0,11.790363311767578,0,False
2,7.218218803405762,9,False
1,8.778824806213379,9,False
0,9.696288108825684,8,False
3,10.984256744384766,6,False
2,11.229348182678223,0,False
1,7.984018325805664,6,False
0,8.644688606262207,7,False
3,8.585357666015625,2,False
2,6.721399307250977,0,False
1,11.377617835998535,8,False
3,8.979618072509766,3,False
1,9.411189079284668,8,False
0,8.671869277954102,9,False
2,10.622720718383789,6,False
3,7.871486663818359,8,False
0,9.820545196533203,3,False
1,9.470712661743164,8,False
2,11.724309921264648,0,False
2,10.493534088134766,6,False
3,9.629071235656738,0,False
0,10.177746772766113,3,False
1,8.933530807495117,3,False
1,6.929873466491699,3,False
2,13.674820899963379,3,False
3,7.7152886390686035,0,False
0,9.515421867370605,0,False
0,8.635238647460938,4,False
1,10.563798904418945,3,False
2,6.702415466308594,9,False
3,7.340686321258545,9,False
2,6.923366546630859,4,False
3,8.342113494873047,4,False
0,6.648555755615234,7,False
1,8.276082992553711,8,False
0,6.178954124450684,2,False
1,5.749288558959961,9,False
2,6.84281587600708,7,False
3,6.441743850708008,1,False
2,9.673482894897461,7,False
3,10.615652084350586,0,False
0,10.895023345947266,2,False
1,8.706792831420898,3,False
3,11.007373809814453,2,False
0,9.891464233398438,1,False
1,9.690793991088867,2,False
2,10.540627479553223,2,False
2,8.214171409606934,3,False
0,8.68123722076416,1,False
1,9.137937545776367,4,False
3,8.432411193847656,1,False
2,7.08098030090332,1,False
1,7.8546223640441895,1,False
3,9.85147762298584,2,False
0,7.270906448364258,6,False
0,9.58833122253418,8,False
3,7.133233070373535,7,False
2,8.628650665283203,8,False
1,7.923435211181641,8,False
0,10.043353080749512,7,False
2,6.772454261779785,4,False
1,8.126858711242676,3,False
3,9.0339937210083,2,False
1,6.725774765014648,8,False
3,8.658990859985352,2,False
0,8.369256019592285,7,False
2,8.743795394897461,7,False
0,8.34099006652832,1,False
2,6.218649864196777,1,False
3,7.67664098739624,2,False
1,11.348440170288086,2,False
1,13.674708366394043,3,False
0,11.89239501953125,3,False
3,10.17987060546875,2,False
2,10.905084609985352,6,False
2,9.621585845947266,9,False
0,8.144611358642578,8,False
1,10.254414558410645,8,False
3,6.892926216125488,1,False
1,7.408985137939453,7,False
2,6.129209041595459,9,False
3,6.808291912078857,4,False
0,8.65516471862793,9,False
2,7.303527355194092,9,False
1,8.750394821166992,6,False
3,8.076412200927734,9,False
0,10.192947387695312,0,False
3,7.515074729919434,8,False
1,9.250589370727539,1,False
0,8.617030143737793,5,False
2,11.892119407653809,3,False
2,8.442000389099121,8,False
0,9.393003463745117,0,False
1,7.381202697753906,0,False
3,8.207191467285156,4,False
3,5.355572700500488,9,False
1,9.123231887817383,3,False
0,11.38955307006836,0,False
2,8.482854843139648,4,False
0,10.471916198730469,3,False
1,10.10383415222168,4,False
2,7.1445794105529785,1,False
3,7.0700273513793945,7,False
3,9.753274917602539,0,False
0,8.198944091796875,6,False
1,11.090898513793945,3,False
2,7.307413101196289,1,False
2,10.171001434326172,6,False
3,7.068891525268555,5,False
0,9.50927448272705,2,False
1,6.6150054931640625,4,False
2,7.7150983810424805,8,False
1,8.415899276733398,7,False
0,7.308952808380127,6,False
3,12.792280197143555,3,False
0,8.64328384399414,8,False
3,7.857151985168457,1,False
1,8.353002548217773,2,False
2,11.542745590209961,0,False
0,7.445985794067383,9,False
2,7.527254104614258,6,False
1,9.537029266357422,8,False
3,11.752923965454102,1,False
1,9.116813659667969,6,False
2,7.243358612060547,7,False
0,10.401507377624512,0,False
3,8.290495872497559,2,False
0,10.962533950805664,3,False
3,6.2178955078125,9,False
2,8.894472122192383,4,False
1,6.905927658081055,8,False
0,12.08671760559082,2,False
3,6.098319053649902,9,False
1,8.282697677612305,0,False
2,9.484222412109375,2,False
3,10.698057174682617,4,False
1,7.772768497467041,4,False
2,8.440560340881348,9,False
0,8.078474044799805,8,False
2,9.681718826293945,9,False
0,8.36927604675293,1,False
1,6.028048515319824,1,False
3,8.034116744995117,6,False
1,8.98398208618164,9,False
3,11.934720039367676,8,False
0,9.914276123046875,7,False
2,8.926660537719727,8,False
2,5.0012664794921875,1,False
0,8.036821365356445,2,False
3,7.205013275146484,7,False
1,7.376197814941406,6,False
0,6.4095234870910645,1,False
2,7.729016304016113,9,False
3,6.425463676452637,4,False
1,8.569378852844238,5,False
0,10.066505432128906,3,False
1,11.809078216552734,2,False
3,6.658261299133301,1,False
2,11.649582862854004,8,False
1,8.998249053955078,2,False
0,9.843619346618652,3,False
3,9.228413581848145,1,False
2,8.400442123413086,4,False
0,6.049188613891602,6,False
2,7.050964832305908,1,False
1,11.274282455444336,6,False
3,9.298765182495117,5,False
1,9.05883502960205,2,False
2,8.599493980407715,9,False
3,11.201149940490723,6,False
0,12.214715957641602,0,False
1,8.863312721252441,3,False
3,6.215200424194336,1,False
2,10.504317283630371,3,False
0,7.875258445739746,4,False
0,10.284476280212402,7,False
3,11.799606323242188,3,False
2,8.224323272705078,1,False
1,10.308206558227539,6,False
0,9.281173706054688,0,False
2,8.864995956420898,7,False
3,10.447136878967285,2,False
1,6.804039001464844,5,False
3,9.374094009399414,6,False
1,10.144866943359375,8,False
0,10.527820587158203,9,False
2,10.085420608520508,3,False
3,11.243146896362305,8,False
0,8.101936340332031,3,False
1,12.433372497558594,3,False
2,9.207557678222656,9,False
0,9.441675186157227,5,False
1,8.653032302856445,3,False
3,6.615560054779053,5,False
2,8.596063613891602,6,False
1,9.10499382019043,4,False
2,10.463726043701172,2,False
0,10.140707015991211,6,False
3,8.045199394226074,1,False
3,9.665217399597168,0,False
1,7.47170352935791,2,False
2,10.120121002197266,1,False
0,8.110353469848633,5,False
0,9.101430892944336,8,False
1,7.744290351867676,5,False
2,8.327914237976074,1,False
3,10.242941856384277,5,False
2,9.35464096069336,8,False
0,8.521739959716797,5,False
3,7.152649879455566,5,False
1,9.879777908325195,7,False
0,9.617401123046875,7,False
1,8.05848217010498,7,False
2,8.124629974365234,8,False
3,9.95134162902832,3,False
1,7.765820026397705,8,False
3,8.49365234375,2,False
0,9.74991226196289,7,False
2,7.649413585662842,6,False
2,6.798484802246094,5,False
0,8.881576538085938,7,False
3,7.643592834472656,5,False
1,10.118769645690918,7,False
2,7.494581699371338,5,False
1,10.403584480285645,0,False
0,10.441936492919922,2,False
3,8.647669792175293,9,False
3,9.691943168640137,7,False
1,7.824368953704834,4,False
2,11.842840194702148,0,False
0,10.477470397949219,0,False
0,8.387497901916504,0,False
1,6.0893354415893555,1,False
2,8.776992797851562,1,False
3,9.843016624450684,5,False
2,6.220037937164307,9,False
0,11.452367782592773,5,False
3,4.189443588256836,1,False
1,10.066962242126465,2,False
2,7.361526012420654,9,False
1,5.947907447814941,4,False
0,8.306686401367188,5,False
3,6.190332412719727,1,False
0,9.158079147338867,6,False
1,8.631643295288086,9,False
2,10.622241973876953,2,False
3,8.963706016540527,6,False
3,10.991903305053711,3,False
1,11.573633193969727,3,False
0,8.359406471252441,6,False
2,7.761784553527832,7,False
2,8.344404220581055,9,False
0,12.808212280273438,7,False
1,6.418193817138672,4,False
3,7.700016021728516,1,False
1,9.30820369720459,8,False
2,12.2122802734375,7,False
3,6.07197904586792,7,False
0,9.395293235778809,9,False
0,9.942611694335938,8,False
3,9.418617248535156,1,False
1,6.12367057800293,9,False
2,6.119369029998779,4,False
3,6.980483055114746,9,False
0,5.98610258102417,1,False
2,11.672395706176758,3,False
1,5.994050979614258,8,False
0,8.831913948059082,8,False
3,7.840977668762207,0,False
2,8.42578125,2,False
1,12.005634307861328,0,False
3,12.014106750488281,0,False
2,10.363285064697266,7,False
1,8.428908348083496,7,False
0,6.90761661529541,0,False
0,8.81425952911377,1,False
3,8.5274658203125,1,False
1,8.79924201965332,5,False
2,12.064470291137695,3,False
0,12.696959495544434,2,False
2,8.211832046508789,8,False
1,7.97365140914917,9,False
3,8.783154487609863,6,False
2,7.019251823425293,5,False
1,7.548459529876709,9,False
3,10.896839141845703,0,False
0,13.410179138183594,8,False
0,10.463927268981934,6,False
2,10.407171249389648,8,False
1,6.624211311340332,4,False
3,11.717390060424805,8,False
0,8.77138614654541,8,False
2,8.68508243560791,3,False
3,9.265544891357422,4,False
1,10.01213264465332,1,False
0,8.512873649597168,9,False
2,10.374720573425293,6,False
3,12.901596069335938,0,False
1,7.2663493156433105,4,False
1,8.061356544494629,0,False
0,7.396020412445068,8,False
2,6.107569694519043,1,False
3,9.309661865234375,2,False
0,10.722440719604492,6,False
1,12.008729934692383,7,False
3,7.731978416442871,8,False
2,14.715457916259766,2,False
3,8.405441284179688,1,False
1,7.43373966217041,8,False
0,8.576683044433594,6,False
2,8.471839904785156,8,False
2,9.609416961669922,9,False
1,8.336666107177734,2,False
0,7.805939197540283,4,False
3,8.005380630493164,8,False
3,11.25173568725586,8,False
2,7.894102573394775,4,False
1,8.255313873291016,0,False
0,9.580568313598633,5,False
1,10.093345642089844,8,False
2,11.187822341918945,0,False
3,7.882848739624023,4,False
0,6.445154666900635,9,False
3,7.476353645324707,4,False
2,9.877197265625,2,False
1,9.040403366088867,8,False
0,11.764140129089355,3,False
3,8.872749328613281,8,False
1,9.047588348388672,5,False
2,11.843881607055664,3,False
0,7.503256797790527,1,False
0,10.095159530639648,2,False
3,12.282571792602539,7,False
1,10.408687591552734,4,False
2,8.65231990814209,4,False
0,8.816814422607422,0,False
2,8.56153392791748,8,False
3,8.754020690917969,0,False
1,7.550711631774902,8,False
2,7.04469108581543,4,False
0,7.7894606590271,1,False
3,11.595390319824219,3,False
1,6.52561092376709,4,False
2,10.528916358947754,2,False
3,8.605517387390137,5,False
1,10.771210670471191,3,False
0,7.290924072265625,9,False
3,10.982011795043945,2,False
0,7.903162002563477,8,False
2,7.3842644691467285,4,False
1,9.520995140075684,4,False
2,9.433168411254883,7,False
0,6.301939487457275,8,False
3,10.427451133728027,2,False
1,10.029659271240234,0,False
2,7.323544025421143,9,False
1,7.46444034576416,4,False
3,8.024917602539062,9,False
0,7.234270095825195,2,False
0,7.413520812988281,6,False
2,9.350557327270508,0,False
3,8.217594146728516,0,False
1,8.382527351379395,6,False
0,7.6982741355896,7,False
1,10.348941802978516,9,False
3,10.842277526855469,2,False
2,9.723847389221191,6,False
1,8.195280075073242,3,False
2,8.693687438964844,4,False
0,6.798420429229736,9,False
3,7.559286117553711,7,False
1,7.9734883308410645,4,False
0,10.368743896484375,8,False
3,11.2797212600708,5,False
2,10.606791496276855,0,False
1,11.672054290771484,3,False
2,11.052244186401367,0,False
3,6.7987518310546875,7,False
0,9.91018295288086,3,False
3,10.463695526123047,6,False
2,7.217018127441406,4,False
0,9.827102661132812,5,False
1,8.89044189453125,1,False
2,12.559039115905762,3,False
3,9.438977241516113,5,False
0,8.28145694732666,6,False
1,8.245882987976074,5,False
3,10.238546371459961,7,False
1,8.792171478271484,5,False
2,8.25485610961914,5,False
0,13.009822845458984,2,False
1,7.73850154876709,8,False
3,6.728105545043945,8,False
0,6.9152727127075195,6,False
2,7.275579929351807,9,False
3,5.202791690826416,1,False
1,12.223416328430176,3,False
2,10.107503890991211,5,False
0,7.707597732543945,4,False
0,11.77091121673584,2,False
2,7.941193103790283,1,False
1,9.240264892578125,8,False
3,10.91834831237793,0,False
1,6.640839099884033,1,False
3,5.208635330200195,9,False
2,9.820623397827148,6,False
0,11.369516372680664,0,False
2,10.709040641784668,6,False
0,9.301883697509766,3,False
3,4.504095554351807,9,False
1,8.582908630371094,8,False
2,10.6187105178833,0,False
0,9.195449829101562,9,False
3,9.428211212158203,0,False
1,10.969291687011719,2,False
1,12.735443115234375,2,False
3,10.27048397064209,2,False
0,10.158075332641602,4,False
2,7.936150074005127,1,False
3,13.96629524230957,2,False
2,13.185123443603516,3,False
1,7.439357757568359,8,False
0,10.996955871582031,7,False
0,9.412029266357422,9,False
3,8.722091674804688,1,False
2,6.481456756591797,7,False
1,9.037619590759277,8,False
1,7.458634376525879,8,False
2,9.507551193237305,8,False
0,7.892525672912598,0,False
3,8.008846282958984,4,False
2,9.662008285522461,8,False
3,8.169530868530273,7,False
1,6.965178489685059,2,False
0,8.041285514831543,6,False
1,9.333520889282227,8,False
3,13.050578117370605,0,False
2,7.2158660888671875,8,False
0,10.398685455322266,3,False
2,7.38468074798584,8,False
0,7.644199371337891,9,False
1,8.994140625,9,False
3,8.794020652770996,4,False
2,5.29986047744751,9,False
0,8.27247428894043,6,False
3,8.046749114990234,3,False
1,12.943948745727539,0,False
2,11.012154579162598,2,False
3,8.727869033813477,4,False
0,6.7488484382629395,4,False
1,7.655056476593018,8,False
3,6.5580902099609375,1,False
0,8.275949478149414,7,False
2,8.642912864685059,2,False
1,7.747366428375244,8,False
1,7.455336570739746,6,False
2,5.811709880828857,9,False
0,8.64499568939209,8,False
3,7.747239112854004,6,False
1,8.446968078613281,1,False
3,6.518838405609131,1,False
2,11.6644287109375,7,False
0,11.233383178710938,7,False
2,7.884805679321289,6,False
1,6.895258903503418,9,False
3,8.778407096862793,7,False
0,7.212059020996094,1,False
0,8.036077499389648,7,False
3,6.9395623207092285,1,False
1,8.252821922302246,2,False
2,10.154117584228516,3,False
2,9.40655517578125,0,False
0,8.350425720214844,4,False
3,10.488445281982422,6,False
1,8.229085922241211,8,False
0,8.039016723632812,7,False
3,8.83110237121582,6,False
2,8.843744277954102,4,False
1,11.662956237792969,2,False
3,8.831476211547852,4,False
2,8.660538673400879,3,False
0,6.67490816116333,1,False
1,8.61048412322998,0,False
1,8.724006652832031,4,False
0,7.944321632385254,1,False
3,8.206011772155762,7,False
2,7.2430315017700195,5,False
3,10.46180534362793,0,False
0,8.094988822937012,6,False
1,6.228085517883301,4,False
2,8.2169189453125,9,False
2,7.74621057510376,5,False
3,8.087691307067871,9,False
1,11.9815673828125,7,False
0,8.489998817443848,1,False
3,8.452690124511719,8,False
2,6.220812797546387,1,False
0,7.712560176849365,6,False
1,6.731255531311035,7,False
1,8.907176971435547,2,False
3,9.940759658813477,3,False
2,6.712958335876465,4,False
0,9.488171577453613,1,False
0,9.684391975402832,3,False
2,9.352897644042969,4,False
3,7.0897908210754395,9,False
1,5.792209625244141,1,False
3,6.183181285858154,0,False
2,8.696245193481445,0,False
0,5.823371887207031,1,False
1,8.681642532348633,5,False
1,9.412612915039062,7,False
3,8.037869453430176,9,False
0,11.5093994140625,2,False
2,8.722780227661133,5,False
0,10.906328201293945,7,False
2,5.934300899505615,7,False
1,8.561543464660645,5,False
3,7.601222515106201,7,False
0,6.8958821296691895,2,False
1,6.385523796081543,5,False
2,9.47009563446045,9,False
3,10.12006950378418,8,False
2,12.902471542358398,3,False
3,8.66843032836914,0,False
1,8.827756881713867,0,False
0,6.771939754486084,1,False
2,6.1350297927856445,2,False
3,7.542990684509277,7,False
1,10.398971557617188,2,False
0,10.814981460571289,8,False
2,9.497784614562988,4,False
0,7.918794631958008,1,False
3,7.516478538513184,7,False
1,10.689249038696289,2,False
0,11.389078140258789,8,False
3,7.765759468078613,6,False
1,8.452284812927246,4,False
2,6.688969612121582,9,False
3,7.443766117095947,7,False
1,8.6090726852417,7,False
0,7.7095723152160645,8,False
2,9.512046813964844,6,False
0,8.082265853881836,9,False
2,7.083344459533691,4,False
1,12.01708698272705,5,False
3,7.158434867858887,0,False
2,10.021623611450195,7,False
3,7.689416885375977,1,False
0,9.748281478881836,6,False
1,8.677858352661133,0,False
2,5.475571632385254,1,False
1,11.287552833557129,3,False
3,11.739363670349121,5,False
0,13.39989185333252,6,False
3,7.402009010314941,5,False
2,11.567463874816895,2,False
0,9.952896118164062,2,False
1,9.033472061157227,8,False
3,10.571792602539062,2,False
0,9.553224563598633,9,False
2,9.103448867797852,4,False
1,5.2204461097717285,9,False
2,8.13920783996582,8,False
3,5.866581916809082,1,False
0,10.256938934326172,8,False
1,6.394707202911377,1,False
2,10.902936935424805,7,False
3,10.157583236694336,0,False
0,9.725883483886719,6,False
1,10.307641983032227,9,False
3,8.12505054473877,7,False
0,9.383804321289062,2,False
2,7.0346879959106445,7,False
1,11.357911109924316,2,False
0,9.41372299194336,3,False
2,7.868002414703369,1,False
1,10.542570114135742,4,False
3,8.845779418945312,6,False
1,5.390993595123291,1,False
0,8.240662574768066,7,False
3,10.567532539367676,2,False
2,8.45931339263916,7,False
1,7.073364734649658,4,False
3,8.641858100891113,7,False
2,7.716302871704102,6,False
0,8.837465286254883,1,False
2,11.6204195022583,3,False
0,11.908928871154785,8,False
3,7.673007965087891,0,False
1,6.495142936706543,5,False
0,9.900023460388184,3,False
3,10.711463928222656,4,False
2,7.629522323608398,1,False
1,6.949930191040039,9,False
1,7.6522979736328125,1,False
0,5.658491134643555,4,False
3,12.516140937805176,3,False
2,11.138572692871094,0,False
3,7.1042160987854,4,False
0,7.4218058586120605,4,False
1,8.955497741699219,5,False
2,7.3553643226623535,4,False
2,9.775398254394531,1,False
0,5.091826915740967,9,False
1,9.363898277282715,1,False
3,5.217046737670898,1,False
1,9.010446548461914,7,False
3,8.838415145874023,4,False
2,8.202425956726074,7,False
0,10.088885307312012,0,False
3,10.842646598815918,0,False
2,10.911251068115234,2,False
1,7.18802547454834,7,False
0,10.608116149902344,3,False
2,5.9592180252075195,9,False
1,6.831022262573242,3,False
0,5.640741348266602,9,False
3,9.163477897644043,6,False
0,8.28377914428711,1,False
2,9.400500297546387,9,False
3,7.608481407165527,9,False
1,11.363222122192383,2,False
0,11.684199333190918,3,False
1,6.036403656005859,8,False
2,11.61141586303711,2,False
3,10.424342155456543,0,False
3,7.10826301574707,9,False
1,6.957193374633789,9,False
0,7.612672328948975,7,False
2,14.006016731262207,2,False
0,10.87000846862793,3,False
1,4.893902778625488,1,False
3,13.95659065246582,3,False
2,13.504226684570312,3,False
3,7.365492820739746,8,False
2,8.869722366333008,9,False
1,4.99321985244751,1,False
0,5.640391826629639,9,False
3,10.185762405395508,9,False
1,7.91204309463501,7,False
2,6.090066432952881,5,False
0,9.635725021362305,8,False
0,8.928906440734863,1,False
1,5.982656955718994,6,False
2,9.154792785644531,4,False
3,8.796845436096191,6,False
0,7.082095623016357,1,False
2,11.135719299316406,0,False
3,9.38542366027832,0,False
1,10.651564598083496,5,False
0,9.27269172668457,6,False
2,8.483365058898926,7,False
1,8.175350189208984,8,False
3,6.989154815673828,7,False
3,9.91963005065918,1,False
2,9.813875198364258,2,False
0,7.984116077423096,9,False
1,13.198352813720703,2,False
1,6.938816547393799,9,False
0,12.666064262390137,2,False
3,9.31452751159668,3,False
2,6.836315631866455,0,False
1,7.51654052734375,7,False
0,8.981400489807129,5,False
3,6.68643856048584,9,False
2,9.689826965332031,1,False
3,7.427555084228516,8,False
2,9.792888641357422,3,False
1,6.906114101409912,5,False
0,6.983894348144531,8,False
0,7.692217826843262,1,False
2,7.5339035987854,0,False
1,5.508872985839844,1,False
3,5.327060222625732,1,False
2,9.430928230285645,9,False
3,9.116466522216797,4,False
0,8.041863441467285,6,False
1,7.182473182678223,9,False
2,10.850448608398438,2,False
0,7.570056915283203,9,False
1,8.009745597839355,4,False
3,8.975008010864258,1,False
3,10.304640769958496,6,False
0,7.981414794921875,6,False
2,10.38846492767334,0,False
1,9.477655410766602,9,False
0,10.697332382202148,2,False
1,8.990898132324219,5,False
3,7.733993053436279,2,False
2,8.522765159606934,2,False
2,7.371585369110107,7,False
1,10.640350341796875,2,False
0,8.265888214111328,4,False
3,6.928257942199707,7,False
3,7.504367828369141,1,False
2,6.407712936401367,9,False
1,8.904476165771484,4,False
0,11.313344955444336,3,False
0,8.859082221984863,2,False
3,11.963188171386719,2,False
2,6.628355503082275,1,False
1,9.880224227905273,3,False
3,5.93442440032959,9,False
2,11.455053329467773,0,False
0,6.842888832092285,6,False
1,8.76175308227539,7,False
0,6.343902587890625,4,False
1,8.425321578979492,3,False
3,9.674169540405273,6,False
2,6.489606857299805,9,False
2,8.659796714782715,0,False
0,9.199661254882812,1,False
3,5.857489585876465,7,False
1,9.765604019165039,5,False
3,7.758110523223877,9,False
0,8.126612663269043,2,False
1,10.038556098937988,4,False
2,6.313796520233154,4,False
1,10.287805557250977,9,False
0,13.164716720581055,3,False
3,7.622188568115234,7,False
2,10.17593765258789,3,False
0,9.753135681152344,2,False
2,8.613924026489258,6,False
3,5.728659629821777,1,False
1,8.430015563964844,0,False
3,9.287569999694824,5,False
0,6.735012054443359,6,False
2,7.999198913574219,7,False
1,6.22664737701416,1,False
0,8.151254653930664,2,False
2,8.657269477844238,1,False
1,10.746318817138672,1,False
3,11.470043182373047,4,False
3,8.629727363586426,9,False
2,8.415040969848633,7,False
1,9.960539817810059,0,False
0,8.446752548217773,1,False
2,8.431304931640625,7,False
1,10.247145652770996,3,False
0,6.596461296081543,8,False
3,10.95366096496582,6,False
2,10.746912956237793,2,False
0,11.735733985900879,8,False
1,7.960505485534668,4,False
3,7.024641036987305,1,False
0,7.934876918792725,8,False
1,8.884769439697266,2,False
2,10.023338317871094,1,False
3,9.887837409973145,0,False
2,6.18454122543335,6,False
3,13.248746871948242,2,False
1,9.352790832519531,3,False
0,6.632289409637451,1,False
3,6.828990936279297,9,False
2,6.928077697753906,6,False
1,11.88936996459961,3,False
0,9.473959922790527,5,False
2,9.728082656860352,5,False
0,10.098957061767578,4,False
3,6.367961406707764,1,False
1,6.495841026306152,9,False
0,9.414369583129883,3,False
2,8.47677993774414,1,False
1,10.630213737487793,3,False
3,10.29448127746582,8,False
0,8.820808410644531,7,False
2,7.529468536376953,6,False
3,9.01043701171875,6,False
1,9.2313814163208,7,False
1,10.445566177368164,8,False
3,9.278450012207031,3,False
0,9.490653991699219,3,False
2,6.674447059631348,9,False
0,10.554279327392578,7,False
2,11.202418327331543,7,False
3,8.291421890258789,7,False
1,7.0151872634887695,2,False
0,7.324770927429199,9,False
1,12.720823287963867,3,False
3,7.183419227600098,3,False
2,12.959192276000977,3,False
2,8.970931053161621,8,False
1,5.083499431610107,7,False
3,11.652478218078613,9,False
0,7.334203720092773,9,False
0,6.756628036499023,3,False
3,9.888551712036133,7,False
1,9.7622652053833,8,False
2,8.404986381530762,0,False
2,7.577455043792725,8,False
3,8.894739151000977,7,False
1,11.215675354003906,1,False
0,10.156076431274414,4,False
3,10.199064254760742,8,False
2,9.320093154907227,8,False
0,10.640520095825195,0,False
1,12.179842948913574,0,False
3,5.883332252502441,8,False
2,9.227069854736328,6,False
0,6.795704364776611,4,False
1,9.087416648864746,7,False
1,6.92219352722168,1,False
0,10.59659194946289,8,False
3,8.39967155456543,5,False
2,7.697821140289307,5,False
1,6.4465227127075195,9,False
0,9.830183029174805,6,False
2,10.021742820739746,2,False
3,6.998887538909912,7,False
2,8.584005355834961,2,False
3,9.838133811950684,3,False
1,8.289152145385742,1,False
0,9.097031593322754,6,False
2,6.496284484863281,7,False
1,6.937592029571533,1,False
3,9.097241401672363,3,False
0,8.366053581237793,6,False
0,7.586313247680664,5,False
2,8.10584831237793,7,False
3,8.942649841308594,2,False
1,8.144890785217285,6,False
2,9.447606086730957,8,False
1,11.05941104888916,5,False
3,5.446198463439941,1,False
0,9.745579719543457,0,False
0,7.391780376434326,8,False
3,5.891574859619141,8,False
2,8.759956359863281,5,False
1,9.269501686096191,5,False
0,11.481449127197266,3,False
3,7.366564750671387,6,False
1,11.239513397216797,3,False
2,6.035571098327637,9,False
1,7.012955665588379,7,False
2,6.087691783905029,1,False
3,9.5706787109375,4,False
0,8.089814186096191,8,False
1,9.111154556274414,8,False
0,7.043040752410889,1,False
3,6.900622367858887,9,False
2,6.220036506652832,9,False
1,6.885955810546875,6,False
3,6.197083950042725,1,False
2,7.862926483154297,5,False
0,9.493034362792969,4,False
0,7.483696460723877,7,False
3,7.815234661102295,1,False
2,9.581831932067871,9,False
1,8.842803955078125,6,False
1,8.448330879211426,6,False
0,10.942041397094727,0,False
2,7.261066913604736,7,False
3,6.859965801239014,5,False
2,12.128121376037598,0,False
0,11.042095184326172,2,False
3,8.527107238769531,2,False
1,9.8650484085083,4,False
1,5.74444580078125,9,False
0,7.919661998748779,4,False
3,7.070528984069824,5,False
2,9.52595329284668,9,False
0,7.261904239654541,1,False
1,7.078963756561279,1,False
2,9.954300880432129,1,False
3,10.11782455444336,7,False
1,11.547562599182129,7,False
0,8.610413551330566,2,False
3,6.690548896789551,1,False
2,9.490007400512695,0,False
2,10.47436809539795,2,False
1,8.345520973205566,7,False
3,10.976472854614258,0,False
0,11.42728328704834,2,False
2,5.43489408493042,9,False
1,9.994429588317871,6,False
3,8.064990997314453,9,False
0,10.3402099609375,9,False
0,8.34123420715332,7,False
3,8.79020881652832,0,False
2,12.41354751586914,2,False
1,8.436066627502441,4,False
2,9.415862083435059,4,False
0,7.657402038574219,8,False
3,12.949220657348633,5,False
1,10.913345336914062,4,False
0,8.612961769104004,3,False
1,9.821409225463867,3,False
3,11.6394624710083,8,False
2,7.064333915710449,7,False
3,10.905594825744629,3,False
0,7.837555885314941,0,False
1,9.12501049041748,7,False
2,10.784238815307617,2,False
0,9.1827392578125,8,False
1,9.098905563354492,0,False
3,7.852547645568848,9,False
2,10.363357543945312,7,False
3,8.20620059967041,8,False
1,8.320128440856934,1,False
2,11.302062034606934,2,False
0,11.732255935668945,3,False
2,5.9816813468933105,1,False
3,11.434438705444336,2,False
1,10.322888374328613,3,False
0,6.021524429321289,4,False
1,6.404243469238281,1,False
0,6.582953453063965,1,False
2,10.67277717590332,6,False
3,8.956722259521484,5,False
3,10.724406242370605,3,False
2,11.111417770385742,2,False
0,10.471832275390625,2,False
1,7.070257186889648,5,False
1,9.75332260131836,5,False
3,10.592486381530762,2,False
0,7.432010650634766,1,False
2,7.925107002258301,7,False
0,6.133143424987793,7,False
1,6.210625648498535,9,False
3,7.400690078735352,1,False
2,13.437475204467773,3,False
1,7.520414352416992,4,False
2,12.580273628234863,8,False
3,8.999040603637695,1,False
0,11.622062683105469,0,False
0,12.704917907714844,0,False
1,10.04705810546875,1,False
3,6.321615219116211,5,False
2,8.284461975097656,9,False
3,9.369847297668457,3,False
1,6.662136077880859,9,False
2,8.506889343261719,0,False
0,8.811174392700195,3,False
2,6.974231243133545,9,False
0,10.896437644958496,2,False
1,6.597491264343262,9,False
3,11.416028022766113,0,False
1,9.04132080078125,6,False
3,8.390538215637207,8,False
2,10.716377258300781,4,False
0,6.777740478515625,9,False
3,8.494318008422852,0,False
0,10.324856758117676,2,False
2,5.807027339935303,1,False
1,7.211306095123291,6,False
1,9.855507850646973,8,False
3,8.378860473632812,5,False
2,9.443142890930176,2,False
0,9.05283260345459,1,False
1,8.606223106384277,4,False
3,13.441601753234863,2,False
2,7.87846040725708,8,False
0,7.494132995605469,7,False
1,10.371723175048828,7,False
0,9.982634544372559,7,False
3,9.597116470336914,8,False
2,8.983003616333008,3,False
2,6.500732421875,8,False
0,8.199821472167969,8,False
3,9.884084701538086,0,False
1,9.63584041595459,1,False
1,9.853035926818848,5,False
3,9.862275123596191,6,False
2,8.389667510986328,0,False
0,8.484437942504883,7,False
0,13.10914421081543,2,False
2,9.184764862060547,8,False
3,7.041317939758301,2,False
1,9.798145294189453,8,False
3,8.782455444335938,3,False
0,8.27369499206543,4,False
2,11.17586898803711,3,False
1,12.951193809509277,3,False
3,9.51406478881836,2,False
0,9.710164070129395,6,False
2,7.875314712524414,5,False
1,10.912039756774902,5,False
0,8.053678512573242,4,False
3,10.04446029663086,2,False
2,7.241179466247559,1,False
1,10.758872985839844,3,False
1,11.239072799682617,4,False
0,10.508845329284668,6,False
2,7.742269515991211,0,False
3,7.8168134689331055,1,False
3,8.841448783874512,9,False
0,8.600014686584473,1,False
2,8.608646392822266,8,False
1,7.402637481689453,1,False
3,8.942248344421387,6,False
1,5.035719394683838,1,False
0,6.070957183837891,9,False
2,9.592643737792969,6,False
2,6.879024028778076,4,False
3,8.02177619934082,0,False
1,5.356616020202637,0,False
0,8.247268676757812,6,False
0,7.2513628005981445,1,False
2,9.104485511779785,6,False
3,9.43911075592041,3,False
1,8.62101936340332,3,False
2,10.015413284301758,3,False
0,7.580038070678711,7,False
1,11.199771881103516,1,False
3,6.478133678436279,9,False
3,10.157632827758789,7,False
0,6.2566118240356445,7,False
2,6.123338222503662,5,False
1,8.76535415649414,2,False
0,7.1360626220703125,0,False
1,8.640937805175781,9,False
3,6.684261322021484,1,False
2,10.55225944519043,3,False
0,6.043303489685059,1,False
1,8.01191520690918,7,False
2,8.804361343383789,9,False
3,7.125995635986328,6,False
3,9.010316848754883,2,False
1,8.611883163452148,6,False
0,6.1320672035217285,4,False
2,6.97545862197876,7,False
3,8.851886749267578,9,False
2,8.643802642822266,6,False
1,9.619203567504883,5,False
0,8.75924301147461,0,False
1,8.963892936706543,2,False
0,6.320714950561523,1,False
3,8.922876358032227,7,False
2,10.277878761291504,8,False
0,9.930347442626953,8,False
2,6.784358978271484,1,False
3,9.577323913574219,5,False
1,9.844985961914062,1,False
1,5.710346221923828,1,False
2,8.500883102416992,7,False
3,9.390575408935547,3,False
0,10.130725860595703,3,False
0,7.836504936218262,1,False
3,6.101081848144531,1,False
2,8.646604537963867,2,False
1,9.412620544433594,1,False
1,9.553813934326172,2,False
0,8.294296264648438,3,False
3,10.078808784484863,4,False
2,9.637056350708008,8,False
1,7.386792182922363,9,False
0,7.556334495544434,6,False
3,8.633442878723145,4,False
2,7.2725419998168945,5,False
2,11.207279205322266,7,False
1,7.71563720703125,7,False
3,12.787511825561523,2,False
0,7.073699951171875,8,False
3,6.160740852355957,9,False
2,10.77029800415039,3,False
0,12.401138305664062,4,False
1,11.005849838256836,0,False
0,5.553670406341553,9,False
3,7.356380462646484,7,False
2,7.451127052307129,9,False
1,10.343286514282227,2,False
1,8.21493911743164,9,False
2,7.293768882751465,6,False
0,11.476316452026367,2,False
3,9.318231582641602,8,False
0,10.611393928527832,1,False
3,6.881356716156006,6,False
1,5.93609619140625,9,False
2,9.953424453735352,6,False
0,5.269950866699219,9,False
1,7.055768013000488,6,False
3,7.0740742683410645,1,False
2,8.884145736694336,5,False
0,13.880578994750977,3,False
2,6.560206890106201,5,False
3,9.63408374786377,4,False
1,10.15755558013916,3,False
3,9.672630310058594,2,False
2,8.744365692138672,9,False
1,9.955682754516602,0,False
0,9.47372055053711,8,False
0,7.7520222663879395,7,False
1,5.099066734313965,9,False
3,6.834670543670654,1,False
2,8.211212158203125,5,False
3,10.298317909240723,0,False
0,11.148372650146484,8,False
2,8.169458389282227,2,False
1,9.27610969543457,5,False
1,9.283588409423828,7,False
2,9.238944053649902,8,False
0,9.688396453857422,2,False
3,12.22254753112793,3,False
2,8.42704963684082,5,False
1,8.266586303710938,6,False
3,6.684672832489014,5,False
0,8.28759765625,9,False
0,9.009574890136719,2,False
2,11.24661636352539,5,False
1,8.313733100891113,4,False
3,9.813680648803711,3,False
1,5.459517478942871,0,False
0,11.04060173034668,0,False
3,11.164085388183594,3,False
2,8.12852954864502,0,False
2,9.322711944580078,3,False
3,11.31461238861084,2,False
1,8.967842102050781,8,False
0,7.117144584655762,5,False
3,8.457630157470703,8,False
0,7.201101303100586,7,False
1,8.985054016113281,7,False
2,7.759233474731445,2,False
0,6.911800384521484,9,False
3,5.193836212158203,9,False
1,8.83802604675293,6,False
2,7.599121570587158,5,False
0,11.963386535644531,3,False
2,6.932245254516602,9,False
3,10.625046730041504,7,False
1,10.90654468536377,1,False
0,8.545561790466309,7,False
3,8.547805786132812,7,False
1,6.111728668212891,9,False
2,11.792608261108398,9,False
3,10.036212921142578,8,False
1,6.791587829589844,8,False
0,11.42906379699707,5,False
2,10.541913986206055,6,False
1,8.302474975585938,0,False
0,9.566817283630371,3,False
3,8.519683837890625,2,False
2,7.831805229187012,7,False
2,9.379243850708008,3,False
3,8.015742301940918,5,False
0,7.948646545410156,5,False
1,11.605527877807617,8,False
2,5.790285587310791,1,False
1,7.59077787399292,7,False
3,8.389244079589844,7,False
0,9.609956741333008,6,False
1,7.838512420654297,7,False
0,8.289463996887207,8,False
3,8.017934799194336,7,False
2,8.122319221496582,1,False
0,10.624417304992676,4,False
2,7.438681125640869,5,False
3,9.58188247680664,4,False
1,7.593236446380615,9,False
2,7.630673408508301,7,False
1,4.7285990715026855,9,False
0,5.982565402984619,1,False
3,9.686169624328613,3,False
3,11.237163543701172,7,False
0,7.368282318115234,2,False
2,8.4185791015625,6,False
1,7.329070091247559,5,False
0,11.477730751037598,7,False
1,8.040502548217773,1,False
2,11.098918914794922,4,False
3,7.158621311187744,9,False
3,10.248451232910156,3,False
0,9.627653121948242,5,False
2,7.510083198547363,5,False
1,9.194644927978516,1,False
2,9.302356719970703,9,False
1,9.439128875732422,4,False
3,10.351722717285156,2,False
0,10.68513298034668,4,False
0,8.997076034545898,5,False
3,7.183596611022949,6,False
1,5.94647741317749,1,False
2,7.911531448364258,7,False
1,8.62044906616211,0,False
0,9.637124061584473,5,False
2,7.156116485595703,8,False
3,10.009251594543457,5,False
2,11.030010223388672,0,False
3,8.516555786132812,4,False
0,8.481173515319824,6,False
1,9.837949752807617,8,False
2,9.085797309875488,0,False
1,7.1613922119140625,1,False
0,10.301834106445312,6,False
3,10.326837539672852,2,False
0,8.053306579589844,9,False
3,8.644973754882812,6,False
2,8.364092826843262,3,False
1,9.576393127441406,6,False
0,7.753468036651611,0,False
1,10.500299453735352,9,False
2,13.209200859069824,2,False
3,5.636811256408691,5,False
1,8.084583282470703,8,False
3,11.07131576538086,2,False
0,8.277859687805176,6,False
2,6.168488502502441,8,False
1,10.094465255737305,0,False
3,10.32107925415039,2,False
2,12.43465805053711,0,False
0,5.992138862609863,2,False
1,11.466343879699707,3,False
0,8.43630313873291,6,False
2,8.800226211547852,5,False
3,7.934734344482422,3,False
2,8.076622009277344,6,False
1,9.082382202148438,7,False
0,10.391698837280273,1,False
3,8.60578441619873,1,False
2,7.886282920837402,7,False
3,7.992743492126465,7,False
0,9.438665390014648,3,False
1,5.822925567626953,7,False
3,9.719161033630371,8,False
0,9.149550437927246,0,False
1,10.279548645019531,1,False
2,5.016617774963379,5,False
0,10.103236198425293,4,False
3,9.490131378173828,3,False
2,8.43657112121582,6,False
1,11.206404685974121,3,False
0,9.439205169677734,2,False
1,8.258817672729492,7,False
3,5.786330223083496,1,False
2,8.673990249633789,5,False
0,9.11959171295166,7,False
2,13.539721488952637,6,False
1,7.3783040046691895,9,False
3,8.936185836791992,8,False
3,8.7904691696167,6,False
2,9.761035919189453,8,False
1,7.009353160858154,7,False
0,11.468839645385742,2,False
0,7.786102294921875,7,False
2,7.1378984451293945,5,False
3,7.4163055419921875,6,False
1,5.547527313232422,1,False
0,10.008037567138672,5,False
3,10.24547004699707,2,False
1,9.485841751098633,3,False
2,9.329446792602539,5,False
2,6.153687477111816,9,False
3,8.374404907226562,9,False
0,10.178224563598633,3,False
1,6.152324676513672,4,False
0,8.605960845947266,5,False
2,12.782783508300781,2,False
1,6.68748664855957,8,False
3,9.261048316955566,3,False
0,9.089728355407715,2,False
1,9.570611953735352,4,False
2,5.593764305114746,7,False
3,8.976425170898438,8,False
2,9.172325134277344,3,False
0,9.9305419921875,5,False
1,9.425172805786133,8,False
3,8.203573226928711,5,False
2,9.986128807067871,2,False
3,8.595987319946289,1,False
1,8.612589836120605,4,False
0,6.9864501953125,7,False
1,5.375373840332031,9,False
3,9.228678703308105,6,False
2,7.445675849914551,9,False
0,9.05351448059082,8,False
0,10.384074211120605,7,False
2,6.247189521789551,8,False
3,7.5932488441467285,1,False
1,10.507713317871094,4,False
3,9.330894470214844,3,False
1,8.207850456237793,8,False
2,9.012909889221191,6,False
0,8.874067306518555,4,False
2,10.372570991516113,5,False
1,8.45733642578125,7,False
0,7.815005779266357,7,False
3,6.499067783355713,9,False
0,6.095058441162109,9,False
3,11.102055549621582,8,False
2,8.268728256225586,4,False
1,7.285604953765869,0,False
1,11.389552116394043,4,False
2,9.080653190612793,8,False
3,9.055197715759277,7,False
0,8.17822265625,8,False
0,6.379319190979004,7,False
2,7.747443199157715,0,False
1,7.0500078201293945,1,False
3,7.417966842651367,8,False
3,7.314783096313477,7,False
2,7.392827987670898,0,False
1,10.977814674377441,8,False
0,8.696026802062988,5,False
0,8.139738082885742,5,False
1,9.873416900634766,7,False
2,9.900558471679688,2,False
3,10.75723648071289,3,False
2,7.900900840759277,9,False
3,5.85538387298584,1,False
0,10.881486892700195,8,False
1,7.912110328674316,8,False
2,12.744038581848145,2,False
3,10.435661315917969,5,False
1,8.711846351623535,0,False
0,8.412275314331055,7,False
2,8.122601509094238,3,False
3,9.978710174560547,6,False
0,8.609212875366211,9,False
1,7.908138275146484,1,False
3,8.100288391113281,6,False
0,7.236571311950684,4,False
2,7.905101776123047,6,False
1,6.413313865661621,8,False
0,9.384798049926758,3,False
3,5.330408573150635,9,False
1,10.900596618652344,0,False
2,6.027473449707031,1,False
2,6.134819030761719,9,False
1,9.45193862915039,6,False
0,11.911806106567383,3,False
3,9.679580688476562,8,False
1,4.971100330352783,9,False
2,9.433631896972656,5,False
3,8.401055335998535,4,False
0,8.768428802490234,4,False
0,9.271366119384766,1,False
2,7.8504638671875,5,False
3,7.312100887298584,8,False
1,6.059690952301025,7,False
3,6.393739223480225,4,False
2,7.226935386657715,1,False
0,7.951005935668945,8,False
1,6.9517412185668945,1,False
2,9.975898742675781,6,False
0,9.066768646240234,6,False
3,12.079626083374023,2,False
1,11.841455459594727,0,False
3,8.95457649230957,4,False
2,9.67885684967041,9,False
1,8.325385093688965,0,False
0,9.796407699584961,8,False
3,8.45038890838623,4,False
0,12.787931442260742,3,False
1,6.699322700500488,8,False
2,7.686830520629883,6,False
2,9.190044403076172,0,False
1,7.763709545135498,1,False
0,9.119401931762695,6,False
3,8.107963562011719,7,False
2,6.986285209655762,6,False
3,7.250177383422852,2,False
1,6.24508810043335,1,False
0,11.794500350952148,0,False
0,8.704164505004883,3,False
2,5.427945137023926,1,False
1,7.169207572937012,6,False
3,7.9174299240112305,3,False
3,7.647164821624756,6,False
2,8.191444396972656,7,False
1,10.700384140014648,2,False
0,7.782022476196289,7,False
2,7.4167585372924805,9,False
0,7.274346828460693,5,False
3,8.574432373046875,4,False
1,8.39830493927002,5,False
2,8.14764404296875,8,False
1,6.441800594329834,0,False
0,8.443178176879883,0,False
3,6.203850269317627,9,False
0,5.809381008148193,9,False
3,12.235393524169922,2,False
2,7.101616859436035,1,False
1,7.607764720916748,4,False
0,7.00324010848999,5,False
2,9.6160306930542,6,False
1,9.497767448425293,0,False
3,8.648881912231445,8,False
3,12.086669921875,3,False
2,9.274178504943848,7,False
0,8.547212600708008,4,False
1,6.796623229980469,4,False
2,8.689311027526855,7,False
1,10.745674133300781,5,False
3,8.536949157714844,5,False
0,8.831466674804688,0,False
3,6.304757595062256,5,False
2,10.324326515197754,0,False
1,11.536354064941406,0,False
0,9.527090072631836,0,False
3,7.798795223236084,9,False
0,7.187636375427246,1,False
2,6.8492112159729,1,False
1,9.391798973083496,0,False
1,8.601018905639648,9,False
0,6.902487754821777,4,False
2,10.743102073669434,2,False
3,5.704466819763184,9,False
1,7.8398518562316895,8,False
0,9.543158531188965,0,False
3,7.17933464050293,5,False
2,8.536765098571777,7,False
3,7.895505905151367,5,False
0,7.092628479003906,1,False
1,7.5702104568481445,5,False
2,8.2575044631958,8,False
3,10.317384719848633,2,False
2,8.935522079467773,5,False
1,8.214615821838379,9,False
0,8.126317977905273,8,False
2,11.263016700744629,2,False
0,10.023752212524414,0,False
1,8.566338539123535,9,False
3,8.578407287597656,0,False
2,10.051857948303223,8,False
1,6.552567481994629,1,False
3,9.861228942871094,0,False
0,8.616342544555664,3,False
2,8.494834899902344,6,False
1,7.148571014404297,8,False
3,8.142955780029297,6,False
0,11.638607025146484,0,False
3,11.09363842010498,0,False
2,9.385751724243164,3,False
0,8.105265617370605,8,False
1,12.499784469604492,2,False
2,6.110970497131348,9,False
1,5.7750701904296875,7,False
0,11.127670288085938,2,False
3,7.924707412719727,6,False
0,9.46635627746582,5,False
1,11.247100830078125,0,False
3,11.35043716430664,0,False
2,8.64586067199707,1,False
2,9.730318069458008,1,False
0,8.919937133789062,6,False
1,6.959412574768066,7,False
3,12.858211517333984,3,False
0,7.18378210067749,4,False
3,11.143987655639648,3,False
1,11.86995792388916,2,False
2,7.914308071136475,3,False
3,9.2509126663208,2,False
2,10.416603088378906,4,False
1,6.493328094482422,3,False
0,11.995266914367676,0,False
1,6.084433555603027,1,False
3,10.211668968200684,2,False
2,10.415956497192383,2,False
0,13.087278366088867,2,False
3,10.887176513671875,0,False
2,6.001543998718262,2,False
0,8.42910099029541,2,False
1,7.549612998962402,1,False
0,7.641900062561035,6,False
1,5.728930473327637,5,False
3,6.53212833404541,9,False
2,10.745389938354492,2,False
2,7.485327243804932,4,False
0,10.362966537475586,7,False
3,7.069211006164551,6,False
1,10.191221237182617,3,False
0,8.879753112792969,5,False
1,7.2742085456848145,7,False
3,6.201765537261963,0,False
2,9.84731674194336,2,False
3,6.976100921630859,5,False
1,7.5049848556518555,9,False
2,7.930377960205078,4,False
0,8.584187507629395,5,False
2,9.658674240112305,9,False
1,8.3928804397583,5,False
0,7.443877220153809,9,False
3,6.786258697509766,9,False
1,7.6611785888671875,7,False
3,9.720102310180664,0,False
2,7.671809196472168,8,False
0,8.296430587768555,0,False
3,7.64969539642334,5,False
2,12.247724533081055,0,False
1,4.9561920166015625,9,False
0,8.826223373413086,8,False
0,8.33068561553955,5,False
2,9.022192001342773,3,False
3,6.058143615722656,4,False
1,7.715997695922852,1,False
1,6.903595924377441,5,False
0,10.738058090209961,2,False
2,10.340662002563477,3,False
3,9.667673110961914,1,False
1,10.801328659057617,2,False
3,7.073075294494629,9,False
0,9.869369506835938,1,False
2,9.625961303710938,3,False
1,7.4495062828063965,5,False
2,9.951021194458008,3,False
0,6.3636555671691895,9,False
3,6.913309097290039,8,False
2,10.682088851928711,9,False
0,10.389080047607422,7,False
1,11.381933212280273,3,False
3,7.9786176681518555,7,False
3,12.70394515991211,3,False
0,10.116665840148926,3,False
1,10.723613739013672,7,False
2,8.247074127197266,4,False
3,9.991983413696289,6,False
0,6.211174011230469,9,False
1,9.555875778198242,0,False
2,7.0665602684021,7,False
1,5.761059761047363,9,False
3,12.072254180908203,2,False
2,10.3552885055542,2,False
0,9.775543212890625,7,False
0,7.757291316986084,5,False
3,9.66416072845459,6,False
2,8.418256759643555,7,False
1,12.520987510681152,3,False
3,10.674924850463867,5,False
1,10.916258811950684,3,False
2,6.327902793884277,5,False
0,9.254226684570312,4,False
0,7.803841590881348,6,False
1,7.617062091827393,8,False
3,10.781988143920898,0,False
2,10.947851181030273,0,False
2,6.661160945892334,7,False
1,7.906022071838379,2,False
0,8.797445297241211,0,False
3,9.835443496704102,1,False
0,7.614869117736816,4,False
1,8.487848281860352,9,False
2,6.833354949951172,8,False
3,7.651284694671631,0,False
0,6.742039680480957,2,False
2,6.773417949676514,4,False
1,9.7490816116333,2,False
3,9.492316246032715,2,False
3,13.9688720703125,3,False
1,8.816302299499512,3,False
2,11.201787948608398,2,False
0,8.54871940612793,4,False
0,9.791600227355957,2,False
3,7.929352760314941,8,False
2,8.124462127685547,1,False
1,12.332524299621582,0,False
3,9.993977546691895,7,False
0,8.784442901611328,4,False
2,8.95730209350586,0,False
1,11.287067413330078,0,False
0,5.775583744049072,9,False
3,7.7237548828125,0,False
2,9.287891387939453,2,False
1,8.901856422424316,2,False
1,10.951828002929688,6,False
0,12.160360336303711,8,False
3,7.962063312530518,1,False
2,7.533150672912598,9,False
2,10.956486701965332,3,False
3,7.222612380981445,8,False
0,8.393827438354492,2,False
1,8.580516815185547,1,False
2,10.783102035522461,8,False
1,7.901961803436279,7,False
3,5.364930152893066,1,False
0,5.892426013946533,9,False
0,6.9680986404418945,1,False
2,10.60062026977539,5,False
3,6.510534763336182,8,False
1,10.152477264404297,1,False
2,5.192320346832275,1,False
1,10.645986557006836,8,False
3,5.695375442504883,1,False
0,10.349748611450195,0,False
0,7.6564764976501465,2,False
3,7.591021537780762,8,False
2,12.509834289550781,8,False
1,7.5773844718933105,0,False
1,10.700963020324707,4,False
3,6.982265472412109,9,False
0,9.484391212463379,2,False
2,6.750909805297852,9,False
0,7.393855571746826,4,False
1,7.675410270690918,3,False
2,8.618566513061523,9,False
3,9.216924667358398,1,False
2,6.481950759887695,7,False
3,8.10487174987793,9,False
1,7.672091960906982,3,False
0,10.12311840057373,5,False
1,8.59920883178711,3,False
3,8.618456840515137,1,False
0,10.983851432800293,3,False
2,9.219267845153809,6,False
1,8.854997634887695,5,False
2,8.930755615234375,8,False
0,5.988042831420898,9,False
3,10.659198760986328,3,False
3,12.948198318481445,7,False
2,9.867191314697266,9,False
1,7.324088096618652,5,False
0,7.43467903137207,9,False
3,7.986469268798828,0,False
2,9.49048900604248,3,False
1,11.14779281616211,2,False
0,9.834640502929688,2,False
0,10.394283294677734,0,False
1,12.03254508972168,6,False
2,9.88503646850586,0,False
3,10.478357315063477,6,False
0,8.292776107788086,3,False
1,5.8465728759765625,9,False
2,9.831134796142578,5,False
3,7.112217903137207,8,False
1,9.012484550476074,8,False
0,8.190641403198242,4,False
2,7.504145622253418,9,False
3,11.399759292602539,4,False
3,10.516953468322754,6,False
2,6.436533451080322,6,False
0,7.47920560836792,6,False
1,5.947537899017334,5,False
0,8.44989013671875,7,False
2,8.151089668273926,5,False
3,7.359274387359619,7,False
1,12.58761215209961,2,False
0,6.900528430938721,7,False
2,8.75997257232666,3,False
1,8.290458679199219,0,False
3,9.136201858520508,2,False
3,6.334138870239258,0,False
1,10.00005054473877,4,False
2,9.692703247070312,8,False
0,7.078052520751953,8,False
0,11.024770736694336,4,False
2,10.742500305175781,6,False
3,9.117642402648926,7,False
1,10.486312866210938,6,False
0,11.44110107421875,3,False
2,10.330879211425781,4,False
3,7.574708461761475,9,False
1,9.35836124420166,4,False
0,6.428886413574219,8,False
1,7.128127098083496,2,False
3,7.4630327224731445,1,False
2,10.382304191589355,3,False
2,8.524097442626953,9,False
3,7.367844104766846,3,False
1,9.765359878540039,8,False
0,6.637218475341797,9,False
0,8.478300094604492,2,False
1,10.637609481811523,4,False
3,8.981922149658203,6,False
2,8.52224349975586,1,False
3,8.672943115234375,1,False
0,7.3318867683410645,1,False
2,12.974390983581543,3,False
1,8.887812614440918,5,False
1,9.755294799804688,2,False
2,9.613914489746094,6,False
3,7.9958367347717285,8,False
0,8.213726997375488,3,False
3,7.797018527984619,0,False
0,12.822602272033691,0,False
2,7.090559959411621,6,False
1,13.72868537902832,2,False
3,6.544620513916016,9,False
0,7.006424427032471,9,False
2,7.336498737335205,1,False
1,7.909852981567383,4,False
0,11.980805397033691,3,False
2,8.448898315429688,7,False
3,8.56303596496582,4,False
1,7.744839668273926,0,False
0,10.567794799804688,3,False
1,7.0773162841796875,9,False
3,10.155355453491211,8,False
2,9.106213569641113,9,False
3,12.485048294067383,3,False
0,9.496133804321289,0,False
1,8.575647354125977,3,False
2,9.433161735534668,0,False
0,7.204706192016602,1,False
3,5.5581231117248535,1,False
2,8.84794807434082,3,False
1,8.699081420898438,5,False
1,10.670299530029297,2,False
3,6.21646785736084,9,False
2,10.05639934539795,4,False
0,7.510952949523926,9,False
1,5.267014503479004,5,False
3,6.543659210205078,2,False
2,7.915428161621094,7,False
0,9.119352340698242,7,False
0,10.796979904174805,0,False
3,6.77484130859375,4,False
2,6.358867645263672,9,False
1,11.178995132446289,2,False
1,12.449241638183594,2,False
0,6.093762397766113,1,False
3,12.54936695098877,0,False
2,6.4790143966674805,5,False
0,11.561012268066406,2,False
1,10.871166229248047,6,False
3,8.669832229614258,0,False
2,8.037314414978027,0,False
2,9.225640296936035,2,False
3,7.086956977844238,9,False
1,10.178166389465332,3,False
0,8.48243522644043,3,False
0,9.060842514038086,7,False
1,6.93336296081543,4,False
3,9.225032806396484,2,False
2,9.333070755004883,8,False
3,7.631385803222656,1,False
2,9.526165962219238,9,False
0,6.638846397399902,4,False
1,9.392967224121094,0,False
1,8.391606330871582,6,False
2,8.3066987991333,8,False
3,11.609088897705078,0,False
0,8.819768905639648,0,False
0,7.516760349273682,5,False
3,11.788902282714844,8,False
2,11.268896102905273,3,False
1,6.987874984741211,5,False
2,9.216428756713867,4,False
3,8.226956367492676,5,False
0,7.881518840789795,2,False
1,7.692838668823242,4,False
2,6.344555854797363,9,False
0,8.804644584655762,3,False
1,6.548111438751221,5,False
3,5.3515143394470215,5,False
0,7.433047294616699,1,False
3,9.423748016357422,0,False
1,11.176251411437988,8,False
2,7.283008575439453,8,False
2,8.988527297973633,6,False
3,6.868268966674805,0,False
0,7.934565544128418,0,False
1,5.810798645019531,1,False
3,5.649045944213867,6,False
0,7.202298164367676,6,False
1,11.813194274902344,2,False
2,8.106111526489258,5,False
3,7.219677925109863,4,False
1,7.511430740356445,9,False
0,7.204384803771973,4,False
2,10.31832504272461,2,False
3,7.722449779510498,7,False
2,9.299600601196289,8,False
1,8.178359985351562,0,False
0,9.13111686706543,0,False
0,8.296121597290039,5,False
3,7.902932167053223,7,False
2,9.562718391418457,3,False
1,8.067232131958008,5,False
3,6.903868675231934,4,False
2,7.871286392211914,4,False
0,8.963987350463867,8,False
1,10.302583694458008,6,False
1,10.755274772644043,8,False
0,9.97562026977539,6,False
2,9.843196868896484,7,False
3,9.790515899658203,6,False
2,10.270719528198242,3,False
3,8.678844451904297,4,False
0,8.914182662963867,4,False
1,8.383381843566895,6,False
1,10.552658081054688,6,False
0,5.902675628662109,1,False
3,9.20681381225586,2,False
2,9.422592163085938,0,False
0,9.187759399414062,6,False
3,8.977285385131836,2,False
2,10.9966402053833,8,False
1,9.842580795288086,5,False
1,7.057812690734863,1,False
2,7.661637783050537,4,False
3,5.111932754516602,8,False
0,9.273048400878906,3,False
0,10.053228378295898,3,False
3,7.706701278686523,6,False
2,9.442363739013672,8,False
1,11.416406631469727,2,False
0,7.431058406829834,9,False
2,7.030757904052734,6,False
3,7.272237300872803,4,False
1,10.614065170288086,0,False
3,7.530627250671387,1,False
1,7.766648292541504,1,False
2,7.49295711517334,1,False
0,6.545448303222656,4,False
3,7.572816848754883,5,False
0,10.079567909240723,3,False
1,8.178667068481445,8,False
2,10.306246757507324,8,False
3,7.681135177612305,7,False
0,10.959014892578125,0,False
1,7.794804096221924,9,False
2,8.854626655578613,4,False
0,5.696473121643066,1,False
3,9.176980018615723,1,False
2,6.291909694671631,2,False
1,8.318071365356445,6,False
1,5.974929332733154,7,False
3,10.587092399597168,4,False
2,8.981706619262695,0,False
0,12.507588386535645,3,False
3,6.067667007446289,7,False
1,10.439441680908203,3,False
0,9.10779094696045,8,False
2,7.828971862792969,2,False
0,13.53549575805664,0,False
2,10.872956275939941,4,False
3,8.862408638000488,7,False
1,7.166318893432617,0,False
0,8.661599159240723,6,False
2,8.474897384643555,3,False
1,7.644672870635986,9,False
3,9.816530227661133,5,False
1,6.054064750671387,5,False
0,11.342355728149414,2,False
3,8.679844856262207,4,False
2,11.111190795898438,2,False
2,13.76225757598877,3,False
3,7.9557318687438965,2,False
0,9.354879379272461,3,False
1,7.802097320556641,1,False
0,8.629998207092285,0,False
3,9.709360122680664,6,False
1,8.881913185119629,8,False
2,11.592774391174316,2,False
3,8.492878913879395,0,False
0,6.251938819885254,8,False
2,8.112788200378418,8,False
1,6.475558757781982,1,False
2,9.650793075561523,2,False
3,8.918744087219238,2,False
1,9.35333251953125,8,False
0,14.249520301818848,2,False
0,9.557726860046387,4,False
2,6.238272190093994,4,False
1,7.588507652282715,9,False
3,9.794099807739258,3,False
0,10.770309448242188,3,False
3,7.918767929077148,4,False
2,8.105034828186035,9,False
1,9.675503730773926,0,False
1,12.457679748535156,3,False
2,11.627434730529785,3,False
0,6.806159496307373,4,False
3,9.292542457580566,0,False
3,9.417217254638672,4,False
0,7.277852535247803,8,False
1,9.053014755249023,0,False
2,5.979392051696777,8,False
2,8.230201721191406,3,False
3,6.135106086730957,4,False
1,7.377202033996582,5,False
0,8.838316917419434,5,False
3,14.647368431091309,2,False
1,11.056596755981445,2,False
0,5.380883693695068,3,False
2,8.85849666595459,4,False
1,11.154203414916992,8,False
2,11.743349075317383,0,False
3,9.492838859558105,2,False
0,9.586453437805176,0,False
3,10.363744735717773,2,False
1,7.961226940155029,6,False
0,7.153512001037598,1,False
2,10.632240295410156,0,False
3,9.314251899719238,7,False
2,10.063981056213379,0,False
0,8.93356704711914,0,False
1,8.521770477294922,8,False
2,8.67995834350586,6,False
1,11.91462516784668,0,False
0,7.527100563049316,4,False
3,5.982494354248047,1,False
0,7.732724189758301,7,False
3,6.911766052246094,1,False
1,7.659652233123779,3,False
2,6.9880523681640625,7,False
2,10.152771949768066,7,False
0,6.798676490783691,7,False
3,10.877423286437988,2,False
1,6.5744242668151855,1,False
2,7.174504280090332,1,False
1,10.186363220214844,6,False
3,6.135140419006348,4,False
0,8.65575885772705,5,False
1,8.837779998779297,2,False
0,8.034836769104004,4,False
2,12.395098686218262,2,False
3,5.423618316650391,9,False
2,7.1429548263549805,7,False
1,5.920726776123047,9,False
3,5.342049598693848,7,False
0,7.902283191680908,2,False
3,7.957920551300049,8,False
0,8.00451946258545,8,False
1,9.388875961303711,0,False
2,7.014523506164551,5,False
2,10.122098922729492,3,False
0,8.7677001953125,2,False
3,8.223588943481445,0,False
1,8.225400924682617,6,False
0,10.533751487731934,3,False
2,9.018686294555664,5,False
1,12.583251953125,0,False
3,7.682666778564453,6,False
1,10.344242095947266,8,False
3,6.397613048553467,6,False
0,7.025366306304932,8,False
2,8.647687911987305,3,False
2,7.459904670715332,3,False
1,6.642864227294922,1,False
3,8.777331352233887,0,False
0,7.728960037231445,7,False
3,5.844500541687012,1,False
1,9.888525009155273,3,False
0,10.30370044708252,3,False
2,9.877474784851074,0,False
3,9.261967658996582,4,False
1,9.56236457824707,5,False
2,7.850626468658447,9,False
0,9.62129020690918,2,False
2,6.940003395080566,5,False
3,10.643760681152344,8,False
1,10.651432037353516,8,False
0,10.442012786865234,7,False
0,9.998333930969238,3,False
3,11.67333984375,8,False
2,8.402451515197754,4,False
1,8.845024108886719,9,False
1,9.610162734985352,0,False
0,8.730501174926758,8,False
2,8.96919059753418,8,False
3,6.665625095367432,8,False
3,11.527387619018555,2,False
2,9.547526359558105,5,False
0,5.700578212738037,3,False
1,7.076699256896973,1,False
3,9.133867263793945,0,False
1,11.297558784484863,2,False
0,7.783414840698242,7,False
2,9.811237335205078,3,False
1,9.964574813842773,5,False
2,9.086405754089355,1,False
3,8.407832145690918,7,False
0,8.347807884216309,1,False
3,6.104310989379883,1,False
2,5.948534965515137,1,False
1,8.545552253723145,6,False
0,8.015120506286621,7,False
2,8.901098251342773,9,False
3,7.66341495513916,5,False
0,6.3710222244262695,9,False
1,7.659126281738281,4,False
3,7.615145206451416,8,False
2,7.493568420410156,9,False
0,9.27107048034668,0,False
1,9.888402938842773,6,False
1,10.170661926269531,3,False
2,13.5515775680542,3,False
3,9.630716323852539,2,False
0,8.579887390136719,7,False
0,7.724250793457031,7,False
1,8.801664352416992,4,False
2,6.14986515045166,8,False
3,9.254796981811523,9,False
1,7.243194580078125,1,False
3,8.40329360961914,2,False
0,7.131033420562744,6,False
2,5.923809051513672,4,False
0,8.343122482299805,8,False
1,6.983698844909668,2,False
3,8.473456382751465,6,False
2,9.82332992553711,2,False
2,7.982255458831787,9,False
3,5.889924049377441,5,False
1,6.537868976593018,4,False
0,6.998498439788818,6,False
2,10.205219268798828,4,False
3,8.567561149597168,5,False
1,9.968984603881836,0,False
0,10.04671859741211,0,False
0,7.030488014221191,2,False
1,12.451604843139648,2,False
3,8.22183609008789,5,False
2,6.950242042541504,6,False
0,9.79141902923584,8,False
3,9.200172424316406,7,False
2,8.607660293579102,7,False
1,8.002084732055664,7,False
1,12.857034683227539,2,False
2,7.056511878967285,9,False
0,9.635724067687988,3,False
3,11.232688903808594,5,False
1,6.895042419433594,7,False
0,5.315144062042236,7,False
3,10.33395767211914,6,False
2,10.282193183898926,1,False
3,8.993847846984863,1,False
0,9.143786430358887,2,False
2,10.320465087890625,9,False
1,6.879133224487305,5,False
3,6.039525508880615,1,False
2,7.934967994689941,9,False
0,6.925466060638428,1,False
1,9.541940689086914,3,False
3,7.506241798400879,1,False
1,8.137031555175781,5,False
2,6.541872024536133,5,False
0,8.65534782409668,4,False
1,7.970908164978027,4,False
2,10.404664993286133,3,False
0,6.262572288513184,9,False
3,10.028244018554688,0,False
0,7.721949577331543,5,False
1,7.450437068939209,6,False
3,9.927312850952148,8,False
2,10.848047256469727,2,False
0,8.229028701782227,8,False
3,11.372723579406738,7,False
2,11.216115951538086,3,False
1,8.663137435913086,7,False
1,10.216882705688477,7,False
0,6.112236022949219,5,False
2,11.408041000366211,3,False
3,9.058611869812012,3,False
3,8.58730697631836,2,False
0,8.383369445800781,7,False
2,5.5429182052612305,8,False
1,9.790135383605957,7,False
2,6.208427429199219,4,False
3,4.706865310668945,7,False
1,8.423028945922852,9,False
0,7.257448673248291,0,False
2,11.395624160766602,3,False
3,8.841339111328125,8,False
1,6.884152412414551,7,False
0,7.035205841064453,1,False
2,6.872553825378418,9,False
1,8.065698623657227,9,False
0,7.929591178894043,7,False
3,8.343738555908203,2,False
3,12.05444622039795,2,False
2,10.36526870727539,5,False
1,8.25546646118164,4,False
0,9.726747512817383,7,False
2,8.034331321716309,5,False
0,8.452662467956543,4,False
1,7.706096649169922,8,False
3,8.480436325073242,6,False
0,8.97262954711914,2,False
2,8.443628311157227,0,False
1,8.624168395996094,4,False
3,8.922441482543945,5,False
3,7.7404584884643555,7,False
1,7.23546028137207,7,False
0,6.10147762298584,5,False
2,8.455938339233398,2,False
0,10.324438095092773,3,False
3,10.449305534362793,2,False
1,9.404520988464355,3,False
2,6.20798397064209,9,False
2,7.975362777709961,1,False
0,9.920312881469727,2,False
3,8.783500671386719,0,False
1,7.018725395202637,9,False
1,7.958609580993652,8,False
3,8.172612190246582,9,False
0,10.585577011108398,8,False
2,10.568418502807617,3,False
3,6.50557279586792,7,False
2,14.15939712524414,3,False
1,7.096443176269531,5,False
0,6.772574424743652,9,False
0,6.216400146484375,6,False
2,6.718382835388184,7,False
1,8.24304485321045,4,False
3,8.187749862670898,9,False
2,8.298933982849121,8,False
3,9.192338943481445,4,False
0,8.936545372009277,8,False
1,8.165395736694336,4,False
0,6.246326923370361,1,False
1,7.771234512329102,7,False
2,5.561744689941406,1,False
3,9.19393539428711,4,False
1,8.162348747253418,4,False
0,10.74460506439209,9,False
3,10.103830337524414,0,False
2,8.336858749389648,2,False
1,7.811942100524902,7,False
0,10.811402320861816,0,False
2,8.09407901763916,9,False
3,10.165824890136719,3,False
1,5.279893398284912,1,False
3,8.999298095703125,4,False
0,7.759056091308594,6,False
2,10.444561004638672,3,False
3,6.235983848571777,4,False
2,7.793412685394287,8,False
1,9.550714492797852,5,False
0,10.033268928527832,3,False
0,7.257055282592773,9,False
1,7.877333641052246,1,False
3,8.625961303710938,6,False
2,9.664737701416016,4,False
1,7.148251056671143,1,False
0,8.788606643676758,5,False
2,6.98248291015625,7,False
3,7.599732398986816,6,False
3,11.388849258422852,2,False
2,9.379111289978027,1,False
0,8.782288551330566,0,False
1,9.026908874511719,2,False
1,9.967769622802734,1,False
2,6.541268348693848,6,False
0,8.829249382019043,0,False
3,7.782888412475586,4,False
1,7.324914932250977,7,False
0,7.702409744262695,6,False
3,8.29948902130127,9,False
2,8.104434967041016,1,False
2,9.045581817626953,4,False
3,7.009042739868164,1,False
0,9.351892471313477,3,False
1,7.872889518737793,6,False
0,8.254504203796387,5,False
1,7.424680233001709,0,False
3,7.4815287590026855,4,False
2,6.28318977355957,9,False
3,9.597763061523438,8,False
2,9.511194229125977,3,False
1,7.552562713623047,5,False
0,6.5082783699035645,1,False
3,8.200453758239746,1,False
0,9.415949821472168,5,False
2,8.204126358032227,8,False
1,6.782049655914307,6,False
0,8.057010650634766,5,False
2,8.431282043457031,3,False
3,8.193570137023926,8,False
1,7.886052131652832,7,False
0,11.4614896774292,7,False
2,8.574243545532227,5,False
1,7.573935508728027,9,False
3,10.984272956848145,2,False
1,10.849859237670898,4,False
3,10.031889915466309,4,False
0,6.772887229919434,1,False
2,8.888167381286621,3,False
0,8.946447372436523,4,False
1,9.652655601501465,4,False
3,10.315632820129395,6,False
2,8.253606796264648,0,False
1,7.273873329162598,4,False
2,9.17123794555664,8,False
0,7.001256942749023,9,False
3,11.108320236206055,8,False
3,7.221722602844238,1,False
2,5.856272220611572,5,False
0,9.339326858520508,2,False
1,7.209820747375488,4,False
2,4.9780659675598145,6,False
3,8.44804859161377,6,False
1,10.253130912780762,2,False
0,4.900640487670898,9,False
2,7.566354751586914,9,False
1,7.562464714050293,8,False
0,7.542837619781494,2,False
3,11.245012283325195,4,False
0,9.753299713134766,5,False
3,7.947543144226074,4,False
2,13.94306755065918,3,False
1,8.177000045776367,3,False
1,6.610322952270508,5,False
0,6.06348180770874,7,False
2,11.730899810791016,2,False
3,10.287439346313477,1,False
1,7.479684352874756,8,False
3,10.222786903381348,2,False
0,8.633294105529785,9,False
2,10.354427337646484,3,False
2,10.227823257446289,8,False
3,11.625656127929688,2,False
0,9.308496475219727,3,False
1,7.4150543212890625,1,False
3,11.40609359741211,2,False
2,7.042115211486816,4,False
0,9.814672470092773,5,False
1,9.929479598999023,7,False
1,8.410983085632324,9,False
2,10.40278148651123,5,False
0,6.376698017120361,1,False
3,7.528059959411621,6,False
3,9.841726303100586,6,False
2,8.778284072875977,3,False
1,10.310546875,0,False
0,9.096155166625977,0,False
0,8.132425308227539,6,False
3,8.65371322631836,3,False
2,8.133487701416016,6,False
1,7.641839027404785,5,False
2,8.519941329956055,7,False
0,7.71990966796875,5,False
3,11.016897201538086,3,False
1,9.963181495666504,1,False
1,6.604364395141602,8,False
2,10.998513221740723,2,False
3,6.843219757080078,1,False
0,8.53611946105957,1,False
3,9.003759384155273,7,False
0,13.695274353027344,3,False
1,8.693048477172852,0,False
2,10.143182754516602,3,False
2,6.608756065368652,1,False
0,8.73367691040039,2,False
3,6.155239105224609,9,False
1,11.466256141662598,3,False
2,11.238948822021484,2,False
1,12.458088874816895,2,False
3,8.35533332824707,1,False
0,7.428277969360352,7,False
2,11.734874725341797,0,False
0,5.028441429138184,1,False
3,10.573956489562988,3,False
1,10.558459281921387,2,False
0,5.743120193481445,1,False
3,9.986474990844727,8,False
1,9.733078002929688,5,False
2,10.942197799682617,7,False
0,7.395723342895508,7,False
1,8.553860664367676,3,False
2,8.026204109191895,5,False
3,9.066422462463379,8,False
0,5.166664123535156,4,False
2,9.937620162963867,2,False
3,7.768138408660889,8,False
1,12.046971321105957,8,False
1,11.098997116088867,3,False
0,7.379146099090576,4,False
3,5.187197685241699,9,False
2,6.678341865539551,4,False
3,10.851598739624023,3,False
2,8.849222183227539,5,False
1,9.613117218017578,0,False
0,7.772855758666992,7,False
1,7.9843292236328125,7,False
2,10.589400291442871,3,False
0,8.488510131835938,9,False
3,6.553872108459473,6,False
2,9.034523963928223,9,False
1,9.06347370147705,1,False
3,11.93046760559082,6,False
0,12.237916946411133,2,False
3,11.139607429504395,5,False
2,7.959885120391846,4,False
0,11.292692184448242,0,False
1,6.781061172485352,8,False
0,8.702489852905273,6,False
2,9.94189453125,2,False
1,7.5629096031188965,9,False
3,7.332797050476074,7,False
2,6.152215957641602,7,False
0,7.330860137939453,1,False
3,7.424953460693359,6,False
1,6.4795026779174805,7,False
2,6.959746360778809,1,False
1,8.853225708007812,1,False
0,7.535328388214111,1,False
3,8.391624450683594,0,False
0,7.738579273223877,7,False
3,5.9728193283081055,5,False
1,11.099261283874512,2,False
2,8.819445610046387,9,False
3,9.703892707824707,8,False
0,12.400801658630371,3,False
1,8.25481128692627,9,False
2,6.307428359985352,9,False
3,8.790217399597168,0,False
0,11.565454483032227,6,False
2,7.113235950469971,5,False
1,9.579717636108398,8,False
1,8.312254905700684,0,False
2,7.144756317138672,0,False
3,7.624773025512695,4,False
0,8.540631294250488,6,False
2,9.488068580627441,1,False
0,7.023165702819824,8,False
3,10.813690185546875,7,False
1,6.898628234863281,6,False
3,7.470749855041504,9,False
0,11.027871131896973,3,False
1,9.352192878723145,6,False
2,10.507095336914062,3,False
2,10.609891891479492,3,False
0,6.017799377441406,1,False
3,7.458551406860352,7,False
1,8.746947288513184,1,False
1,11.1814546585083,3,False
0,7.8131914138793945,6,False
2,10.963129043579102,4,False
3,9.227151870727539,1,False
0,7.967039108276367,5,False
3,10.66221809387207,9,False
1,9.298712730407715,2,False
2,9.38024616241455,3,False
3,8.360025405883789,2,False
2,7.887342929840088,5,False
0,7.7718186378479,6,False
1,7.2476701736450195,4,False
3,8.0227632522583,8,False
0,8.411676406860352,1,False
2,7.428605079650879,7,False
1,10.25326919555664,2,False
2,7.587136268615723,9,False
1,10.55519962310791,3,False
3,9.019767761230469,8,False
0,8.672990798950195,5,False
1,8.794028282165527,9,False
3,7.3954315185546875,9,False
0,7.56455659866333,5,False
2,10.492012023925781,2,False
0,6.695867538452148,9,False
2,6.26630163192749,5,False
3,8.267332077026367,9,False
1,8.017480850219727,9,False
3,12.144777297973633,2,False
0,8.498831748962402,4,False
2,9.601146697998047,9,False
1,10.213695526123047,7,False
2,6.685528755187988,9,False
0,6.4783501625061035,1,False
3,7.120943069458008,3,False
1,8.68242359161377,5,False
0,7.539362907409668,6,False
1,9.039830207824707,7,False
3,6.354449272155762,0,False
2,7.501234531402588,0,False
1,6.754361152648926,0,False
3,8.79078483581543,5,False
2,10.141104698181152,6,False
0,7.19959831237793,6,False
2,8.733924865722656,8,False
1,8.46373176574707,0,False
3,7.804383277893066,2,False
0,8.743406295776367,6,False
0,9.291276931762695,2,False
1,7.893215179443359,7,False
3,9.257843017578125,3,False
2,11.429437637329102,2,False
2,14.287492752075195,5,False
0,9.357400894165039,9,False
3,6.624441623687744,9,False
1,10.840139389038086,2,False
3,5.491738319396973,1,False
2,6.935850620269775,6,False
0,6.753403663635254,8,False
1,12.501392364501953,4,False
2,8.884278297424316,1,False
0,5.181976795196533,9,False
1,8.290002822875977,0,False
3,13.499879837036133,2,False
2,11.692402839660645,7,False
0,9.081027030944824,4,False
3,9.935966491699219,1,False
1,9.742959976196289,5,False
0,9.909566879272461,2,False
3,10.849714279174805,6,False
1,10.161101341247559,2,False
2,7.216828346252441,1,False
1,9.025550842285156,7,False
3,7.975618362426758,8,False
2,8.369346618652344,4,False
0,11.042943954467773,2,False
1,9.437161445617676,2,False
2,13.438108444213867,3,False
3,8.332582473754883,4,False
0,6.613367080688477,8,False
1,8.898813247680664,2,False
3,7.331847667694092,9,False
2,6.380634307861328,7,False
0,10.227951049804688,8,False
0,7.695051193237305,5,False
2,4.917479515075684,5,False
3,7.223334789276123,8,False
1,8.371232986450195,1,False
0,7.994477272033691,4,False
3,8.362649917602539,6,False
2,7.255594253540039,2,False
1,8.018502235412598,2,False
3,7.007270812988281,4,False
0,7.601602077484131,5,False
1,11.72825813293457,6,False
2,6.208370685577393,4,False
0,8.970050811767578,0,False
2,10.185588836669922,3,False
1,10.221147537231445,2,False
3,6.076525688171387,9,False
3,6.890713691711426,6,False
0,6.57422399520874,2,False
1,11.09445571899414,2,False
2,9.06595230102539,4,False
2,8.385274887084961,9,False
1,9.235736846923828,0,False
3,10.546627044677734,6,False
0,6.076023101806641,1,False
3,6.140671730041504,4,False
0,8.935802459716797,4,False
2,6.665327548980713,7,False
1,6.242908000946045,1,False
1,5.934239864349365,1,False
0,7.383455276489258,6,False
3,10.049356460571289,7,False
2,8.190428733825684,9,False
0,13.547922134399414,3,False
3,10.718355178833008,3,False
2,9.211370468139648,0,False
1,7.440320014953613,7,False
3,10.473564147949219,8,False
1,10.24572467803955,3,False
0,6.6487507820129395,7,False
2,9.29578685760498,2,False
0,10.172571182250977,2,False
2,10.451042175292969,3,False
1,7.376843452453613,4,False
3,8.574100494384766,1,False
3,9.10270881652832,7,False
1,9.697240829467773,4,False
2,7.898814678192139,4,False
0,10.653440475463867,6,False
3,8.388626098632812,3,False
1,9.065285682678223,6,False
0,9.986780166625977,3,False
2,9.532658576965332,8,False
0,13.677452087402344,5,False
2,8.268277168273926,6,False
1,9.319913864135742,1,False
3,5.255736351013184,1,False
2,8.867352485656738,3,False
3,6.71510648727417,6,False
1,6.247947692871094,4,False
0,10.841732025146484,2,False
2,5.759178161621094,9,False
1,11.315444946289062,8,False
0,11.333345413208008,3,False
3,9.765214920043945,7,False
2,10.279922485351562,9,False
3,12.153289794921875,3,False
0,13.238170623779297,3,False
1,9.15931224822998,1,False
1,6.015649795532227,9,False
2,5.3253912925720215,9,False
0,7.535411834716797,4,False
3,8.545343399047852,6,False
0,7.306692123413086,7,False
1,9.144272804260254,4,False
2,6.763700008392334,0,False
3,6.720249176025391,8,False
0,5.684073448181152,5,False
1,7.291529655456543,8,False
3,6.476537227630615,7,False
2,11.055695533752441,2,False
3,9.989249229431152,6,False
1,7.217871189117432,0,False
0,9.310794830322266,8,False
2,8.952896118164062,7,False
3,7.233355522155762,0,False
1,6.4549994468688965,9,False
0,7.960191249847412,0,False
2,6.660675048828125,0,False
0,7.798958778381348,7,False
2,7.671832084655762,0,False
3,5.388812065124512,9,False
1,10.036510467529297,8,False
2,6.228433609008789,7,False
3,6.180405616760254,1,False
0,9.471689224243164,7,False
1,8.114784240722656,6,False
1,9.541109085083008,7,False
2,11.971414566040039,3,False
0,9.875592231750488,0,False
3,6.468422889709473,1,False
2,11.09939193725586,2,False
3,9.832357406616211,3,False
0,6.5454277992248535,0,False
1,6.8173370361328125,6,False
0,7.33642578125,8,False
1,9.106338500976562,7,False
2,12.091697692871094,8,False
3,8.731935501098633,2,False
1,6.251496315002441,7,False
3,7.97899866104126,6,False
0,11.319950103759766,0,False
2,6.690604209899902,1,False
2,7.767590522766113,9,False
1,7.573583602905273,1,False
3,9.885963439941406,2,False
0,6.445170879364014,9,False
0,6.2119140625,9,False
3,9.056770324707031,5,False
1,13.38586139678955,2,False
2,6.571972846984863,9,False
3,12.663814544677734,3,False
2,5.329869270324707,9,False
0,6.734355926513672,1,False
1,10.760259628295898,8,False
0,12.256587028503418,9,False
1,9.868066787719727,0,False
3,6.308950901031494,6,False
2,11.28892707824707,2,False
0,7.217981815338135,5,False
2,8.878035545349121,3,False
3,13.206098556518555,3,False
1,7.636393070220947,0,False
2,10.074983596801758,2,False
3,7.865063667297363,8,False
1,8.973814010620117,5,False
0,9.39140510559082,6,False
0,9.141491889953613,6,False
1,8.967147827148438,4,False
2,8.366321563720703,7,False
3,8.496447563171387,3,False
3,5.626914978027344,7,False
2,7.337156772613525,8,False
1,6.412528991699219,7,False
0,11.725831985473633,2,False
0,11.899815559387207,8,False
3,10.686951637268066,2,False
2,9.645397186279297,0,False
1,10.415238380432129,3,False
1,10.146098136901855,4,False
2,8.146516799926758,9,False
3,10.592009544372559,2,False
0,8.79916763305664,8,False
3,7.40554666519165,7,False
0,6.640196800231934,4,False
2,11.520230293273926,8,False
1,7.115172863006592,5,False
1,5.3161420822143555,9,False
2,9.255069732666016,5,False
3,8.713062286376953,3,False
0,6.652614593505859,2,False
2,6.2429890632629395,9,False
0,10.00039005279541,8,False
3,11.412347793579102,2,False
1,9.70867919921875,8,False
3,9.786492347717285,8,False
2,9.14179801940918,3,False
1,9.866582870483398,2,False
0,6.655667781829834,9,False
0,9.893623352050781,6,False
1,7.916410446166992,1,False
2,8.02294921875,1,False
3,7.0809807777404785,8,False
1,7.461435317993164,9,False
3,8.387852668762207,6,False
2,9.653305053710938,4,False
0,8.620794296264648,8,False
1,9.561546325683594,3,False
0,9.743877410888672,9,False
2,7.966229438781738,8,False
3,6.599430084228516,6,False
3,7.988831520080566,8,False
0,7.142013072967529,4,False
2,8.368077278137207,8,False
1,10.127222061157227,0,False
2,7.317791938781738,6,False
0,11.586894989013672,6,False
3,6.427802562713623,7,False
1,6.167037487030029,9,False
2,7.609359264373779,8,False
0,11.030235290527344,2,False
1,7.030702114105225,9,False
3,6.437792778015137,7,False
1,6.9342498779296875,5,False
0,7.251740455627441,8,False
3,10.089061737060547,6,False
2,10.375911712646484,3,False
1,6.62310791015625,1,False
0,9.746078491210938,8,False
3,10.47403335571289,8,False
2,8.10582447052002,7,False
2,5.881509304046631,1,False
1,8.603723526000977,7,False
3,7.708625316619873,8,False
0,7.745450973510742,9,False
0,6.177093982696533,9,False
3,9.14084243774414,6,False
1,7.762713432312012,7,False
2,10.103044509887695,2,False
0,7.749910354614258,3,False
3,7.6608710289001465,5,False
1,7.9811482429504395,8,False
2,6.657713413238525,9,False
0,7.296224117279053,4,False
1,8.301980018615723,4,False
2,8.456653594970703,9,False
3,11.616050720214844,3,False
3,11.183906555175781,8,False
2,5.098998069763184,9,False
0,8.546483993530273,4,False
1,8.142489433288574,9,False
1,10.383378982543945,3,False
2,12.6426420211792,2,False
3,10.610689163208008,7,False
0,7.5956711769104,8,False
1,7.964715003967285,5,False
2,12.965490341186523,2,False
0,7.0949530601501465,0,False
3,5.283971309661865,9,False
1,8.677510261535645,4,False
0,7.462390422821045,8,False
2,6.6338701248168945,7,False
3,7.367438316345215,0,False
1,8.911983489990234,8,False
0,6.520716190338135,1,False
2,8.564180374145508,3,False
3,8.815643310546875,6,False
2,8.22381591796875,1,False
1,8.203856468200684,2,False
3,7.459201812744141,5,False
0,12.463094711303711,9,False
0,8.416784286499023,7,False
1,8.160745620727539,3,False
3,10.52121353149414,5,False
2,8.050350189208984,4,False
0,5.770840644836426,9,False
2,5.104874610900879,5,False
3,7.745815277099609,9,False
1,9.366236686706543,7,False
2,8.28754711151123,4,False
3,7.87747049331665,6,False
0,7.815478324890137,9,False
1,8.506126403808594,8,False
1,8.041728019714355,5,False
2,11.244781494140625,7,False
0,8.604534149169922,4,False
3,9.880189895629883,3,False
0,9.707176208496094,7,False
2,7.722418785095215,2,False
1,8.620649337768555,5,False
3,9.16195297241211,0,False
3,5.565577507019043,1,False
1,10.478090286254883,0,False
2,10.1447172164917,2,False
0,8.144685745239258,5,False
3,5.087137699127197,9,False
0,10.984529495239258,6,False
1,9.473190307617188,3,False
2,7.877213478088379,1,False
1,5.944267272949219,9,False
2,6.5059661865234375,9,False
3,8.33655071258545,0,False
0,10.051897048950195,2,False
0,8.875505447387695,7,False
2,8.957466125488281,0,False
3,9.478649139404297,1,False
1,7.325705528259277,6,False
3,11.002120971679688,0,False
2,8.944287300109863,3,False
0,7.973432540893555,0,False
1,9.8097505569458,0,False
1,10.775506973266602,3,False
3,7.202658653259277,9,False
0,8.80656623840332,7,False
2,6.933725833892822,7,False
1,8.336370468139648,8,False
0,9.231077194213867,1,False
2,9.776260375976562,3,False
3,8.256237030029297,0,False
2,9.127668380737305,3,False
0,6.494871139526367,1,False
1,9.758944511413574,5,False
3,8.176765441894531,6,False
0,9.134864807128906,5,False
3,10.369367599487305,7,False
1,6.088748931884766,7,False
2,7.103442192077637,1,False
1,10.092538833618164,7,False
0,9.697644233703613,6,False
3,7.5176472663879395,7,False
2,8.657190322875977,1,False
2,8.954793930053711,7,False
1,10.169906616210938,2,False
3,8.38859748840332,6,False
0,9.713297843933105,8,False
3,8.111347198486328,8,False
0,9.475146293640137,0,False
2,7.326934337615967,6,False
1,8.211159706115723,0,False
1,8.210077285766602,6,False
2,8.509847640991211,8,False
0,7.746335029602051,6,False
3,7.908416748046875,0,False
3,10.031753540039062,2,False
2,7.416568756103516,4,False
0,9.107772827148438,0,False
1,7.978268146514893,5,False
1,11.09277629852295,0,False
0,10.733291625976562,2,False
3,9.011618614196777,1,False
2,7.303128242492676,6,False
0,10.275350570678711,4,False
1,9.375870704650879,8,False
2,9.256903648376465,8,False
3,8.2936372756958,7,False
3,9.398383140563965,4,False
1,6.246461868286133,1,False
0,8.718689918518066,2,False
2,8.77273178100586,2,False
0,4.645969867706299,1,False
1,9.103806495666504,9,False
3,7.793060779571533,8,False
2,8.83697509765625,1,False
3,8.689573287963867,1,False
2,11.030954360961914,4,False
1,6.9298415184021,9,False
0,9.203105926513672,4,False
3,9.535789489746094,4,False
2,8.393310546875,1,False
0,6.874542236328125,5,False
1,7.642061233520508,6,False
0,5.650844573974609,9,False
1,11.249444961547852,6,False
2,10.839639663696289,6,False
3,9.665693283081055,3,False
2,9.791801452636719,3,False
3,10.059186935424805,2,False
1,8.454612731933594,4,False
0,10.407489776611328,0,False
3,5.728424072265625,9,False
1,6.430391788482666,7,False
2,8.483912467956543,8,False
0,10.626579284667969,6,False
0,10.534595489501953,3,False
2,7.23268985748291,7,False
1,8.081247329711914,4,False
3,11.959450721740723,9,False
1,9.185566902160645,3,False
3,9.136445999145508,5,False
2,8.411458969116211,4,False
0,11.075723648071289,2,False
2,6.9750471115112305,1,False
1,12.008010864257812,6,False
3,9.757190704345703,2,False
0,8.00749397277832,5,False
0,7.548839569091797,9,False
3,9.436062812805176,2,False
2,9.054028511047363,2,False
1,10.124950408935547,9,False
1,12.209999084472656,2,False
0,7.24806022644043,7,False
3,7.809614181518555,4,False
2,8.174335479736328,7,False
3,7.295890808105469,4,False
1,10.658479690551758,2,False
2,10.50526237487793,5,False
0,8.089919090270996,9,False
2,8.218914031982422,0,False
3,8.031747817993164,4,False
0,10.256731033325195,0,False
1,8.085027694702148,6,False
3,8.150525093078613,2,False
1,6.321138381958008,8,False
0,7.350262641906738,4,False
2,7.260217189788818,3,False
2,9.628923416137695,0,False
1,15.384270668029785,2,False
0,6.854427337646484,6,False
3,8.822829246520996,2,False
0,8.853912353515625,9,False
3,6.5817790031433105,0,False
1,8.434189796447754,6,False
2,11.425509452819824,3,False
1,7.212070941925049,8,False
2,6.756069183349609,5,False
3,6.844455718994141,1,False
0,10.553723335266113,6,False
3,6.006251335144043,7,False
0,7.315879821777344,7,False
2,9.726201057434082,0,False
1,6.033215045928955,7,False
0,6.9620819091796875,7,False
2,7.955305099487305,0,False
3,5.328494071960449,9,False
1,10.329959869384766,1,False
0,7.482577323913574,0,False
1,8.434589385986328,6,False
3,9.384851455688477,0,False
2,8.168768882751465,8,False
3,7.018353462219238,9,False
2,8.027419090270996,9,False
0,6.893045425415039,7,False
1,9.68648910522461,0,False
2,7.923244476318359,8,False
1,10.111015319824219,5,False
0,7.855904579162598,6,False
3,6.007555961608887,4,False
1,10.132777214050293,6,False
2,9.31129264831543,0,False
3,11.564435958862305,3,False
0,11.371599197387695,0,False
1,7.230818748474121,1,False
3,10.786613464355469,4,False
0,6.866419792175293,9,False
2,11.947943687438965,4,False
2,9.489276885986328,8,False
1,7.030185222625732,1,False
0,7.805547714233398,1,False
3,8.856715202331543,3,False
2,7.474017143249512,4,False
0,9.49215030670166,0,False
3,12.450828552246094,2,False
1,10.51467227935791,6,False
1,7.546168327331543,5,False
3,7.064170837402344,8,False
2,5.185973167419434,1,False
0,9.677213668823242,3,False
3,9.901351928710938,8,False
0,6.122322082519531,5,False
2,7.777630805969238,6,False
1,10.969804763793945,3,False
0,12.514920234680176,8,False
2,7.561408996582031,2,False
3,7.935603141784668,2,False
1,6.9817986488342285,1,False
2,5.419271945953369,4,False
1,10.146024703979492,3,False
3,9.565933227539062,2,False
0,8.199087142944336,1,False
1,6.623345375061035,8,False
0,5.575413227081299,9,False
3,7.974401473999023,5,False
2,9.788362503051758,6,False
3,7.649584770202637,9,False
1,7.75754976272583,1,False
0,7.437699317932129,1,False
2,7.507984638214111,6,False
2,7.594893455505371,5,False
0,8.125104904174805,4,False
3,11.398595809936523,3,False
1,9.538917541503906,1,False
1,5.9284443855285645,1,False
2,6.8898468017578125,1,False
3,10.742549896240234,3,False
0,8.088041305541992,4,False
3,7.263816833496094,9,False
0,7.265824794769287,9,False
1,9.28502082824707,5,False
2,6.980024337768555,7,False
0,6.845028400421143,8,False
3,5.2177228927612305,6,False
1,6.093897819519043,1,False
2,7.0424017906188965,4,False
2,10.644933700561523,2,False
1,8.155949592590332,9,False
0,10.4682035446167,0,False
3,8.517494201660156,2,False
3,9.891547203063965,5,False
0,6.74962043762207,5,False
2,10.14055061340332,6,False
1,9.601195335388184,3,False
1,10.860780715942383,2,False
3,10.15647029876709,3,False
0,9.474489212036133,4,False
2,8.56257152557373,6,False
0,9.933513641357422,7,False
3,7.628545761108398,6,False
2,8.67703628540039,5,False
1,8.688348770141602,8,False
0,9.105364799499512,0,False
3,6.534159183502197,1,False
2,11.752240180969238,2,False
1,7.545195579528809,6,False
2,7.650684356689453,1,False
3,12.30685043334961,3,False
1,6.619592189788818,1,False
0,11.009310722351074,4,False
2,6.968662738800049,8,False
3,6.169849395751953,9,False
0,8.70753288269043,2,False
1,10.090238571166992,5,False
3,8.122851371765137,7,False
1,7.7919087409973145,4,False
0,8.344234466552734,5,False
2,8.394976615905762,4,False
2,6.41372013092041,5,False
1,9.014347076416016,7,False
0,7.388186454772949,8,False
3,6.650379657745361,1,False
1,6.358584403991699,7,False
2,5.736245155334473,4,False
3,5.947212219238281,4,False
0,8.74094009399414,0,False
0,8.747852325439453,6,False
3,9.328662872314453,0,False
1,10.458954811096191,2,False
2,10.843997955322266,3,False
2,6.884917259216309,8,False
0,7.560649871826172,5,False
3,9.812007904052734,4,False
1,9.32935905456543,3,False
0,8.605464935302734,3,False
1,9.248306274414062,2,False
3,9.649330139160156,6,False
2,9.36612606048584,7,False
3,7.020744323730469,7,False
0,7.717795372009277,1,False
1,8.373475074768066,4,False
2,9.25136947631836,6,False
3,5.749007225036621,8,False
0,8.231880187988281,0,False
2,7.412688732147217,4,False
1,13.365824699401855,3,False
2,8.285512924194336,6,False
1,7.592288017272949,1,False
0,10.368316650390625,9,False
3,10.492504119873047,7,False
3,5.546262741088867,9,False
0,7.959462642669678,9,False
2,7.940256118774414,7,False
1,7.709031105041504,0,False
3,6.138631820678711,1,False
1,7.546654224395752,6,False
0,7.444343566894531,6,False
2,7.384883403778076,5,False
0,9.93618106842041,3,False
3,7.374855041503906,9,False
2,7.962301731109619,8,False
1,10.732786178588867,2,False
0,8.093460083007812,8,False
1,10.465259552001953,2,False
3,10.055330276489258,9,False
2,9.792993545532227,1,False
1,10.322206497192383,3,False
2,7.722028732299805,7,False
0,7.670577526092529,9,False
3,9.506742477416992,9,False
0,5.785297393798828,1,False
2,10.511282920837402,1,False
1,8.526057243347168,3,False
3,7.276819229125977,8,False
1,7.911694526672363,7,False
0,9.35746955871582,8,False
2,10.557456970214844,0,False
3,7.133408546447754,7,False
3,9.966896057128906,5,False
1,7.175278186798096,1,False
0,11.610254287719727,3,False
2,8.35550308227539,8,False
3,6.752836227416992,5,False
0,13.430461883544922,3,False
2,4.910871505737305,7,False
1,7.308837413787842,7,False
0,7.8261847496032715,0,False
3,11.14804458618164,0,False
2,9.723840713500977,6,False
1,13.361272811889648,2,False
3,8.12485408782959,6,False
0,8.326834678649902,7,False
1,12.176651000976562,7,False
2,12.810550689697266,2,False
1,11.58344841003418,3,False
2,8.354936599731445,3,False
3,8.016611099243164,5,False
0,8.910253524780273,5,False
1,8.784187316894531,0,False
0,8.217126846313477,9,False
2,11.411711692810059,0,False
3,7.060873985290527,1,False
2,11.175371170043945,8,False
3,7.089573860168457,7,False
1,11.846494674682617,0,False
0,7.6777544021606445,5,False
0,12.066858291625977,5,False
3,6.10886812210083,1,False
2,9.634225845336914,0,False
1,10.176225662231445,1,False
2,5.81777811050415,7,False
1,9.951532363891602,8,False
3,8.944750785827637,0,False
0,8.922836303710938,3,False
1,9.16771125793457,3,False
3,8.301502227783203,7,False
0,8.601975440979004,5,False
2,7.43882942199707,8,False
3,8.220096588134766,4,False
0,12.096397399902344,0,False
2,5.366397857666016,9,False
1,9.679561614990234,9,False
2,7.520534515380859,7,False
0,9.987245559692383,2,False
1,9.782217025756836,7,False
3,5.702828407287598,9,False
2,11.466168403625488,7,False
3,6.322273254394531,5,False
0,9.43351936340332,2,False
1,7.805331230163574,6,False
2,12.276247024536133,0,False
0,10.842874526977539,8,False
1,9.312731742858887,0,False
3,9.085947036743164,0,False
2,6.443410873413086,1,False
3,8.09199333190918,5,False
1,7.60076904296875,6,False
0,5.468420028686523,9,False
2,8.39307975769043,9,False
1,7.377418518066406,9,False
0,12.685897827148438,2,False
3,8.605464935302734,1,False
3,9.379781723022461,0,False
1,8.275627136230469,2,False
0,8.27798080444336,0,False
2,6.9669694900512695,8,False
3,9.780717849731445,4,False
1,8.335431098937988,2,False
0,7.1712422370910645,9,False
2,11.282946586608887,0,False
2,11.156854629516602,3,False
0,11.043417930603027,9,False
1,6.019030570983887,1,False
3,5.985286712646484,9,False
3,6.831562042236328,1,False
2,6.398687839508057,9,False
1,10.236788749694824,3,False
0,8.32452392578125,7,False
3,9.026318550109863,2,False
2,7.5730109214782715,4,False
0,8.264924049377441,5,False
1,12.459226608276367,6,False
1,6.491330146789551,5,False
2,11.133509635925293,3,False
0,9.31303882598877,2,False
3,10.958520889282227,2,False
2,7.476069450378418,7,False
1,10.595806121826172,2,False
0,11.839057922363281,0,False
3,10.332313537597656,0,False
2,8.248268127441406,6,False
3,10.637283325195312,3,False
1,9.682967185974121,9,False
0,5.178205966949463,9,False
3,6.775900363922119,8,False
1,6.9255523681640625,9,False
0,6.940037727355957,7,False
2,9.498863220214844,4,False
3,8.57826042175293,1,False
1,6.2285051345825195,1,False
0,11.69668197631836,0,False
2,10.724668502807617,0,False
0,11.425081253051758,2,False
3,6.294406890869141,1,False
2,8.629709243774414,1,False
1,13.061931610107422,8,False
1,7.550929546356201,0,False
0,9.377340316772461,4,False
3,8.646503448486328,9,False
2,8.163755416870117,3,False
3,11.105701446533203,6,False
1,7.694087028503418,2,False
0,8.66357135772705,9,False
2,10.986570358276367,3,False
3,10.85833740234375,8,False
1,8.174666404724121,2,False
2,8.297277450561523,5,False
0,7.76393985748291,9,False
2,10.412904739379883,2,False
0,11.41571044921875,0,False
1,11.388574600219727,2,False
3,8.850883483886719,9,False
3,9.848325729370117,3,False
2,8.836139678955078,3,False
1,6.554803371429443,7,False
0,10.136575698852539,0,False
1,11.427467346191406,7,False
0,9.518556594848633,2,False
3,8.261300086975098,4,False
2,7.702610015869141,9,False
2,10.659969329833984,0,False
3,11.10304069519043,0,False
0,5.292282581329346,1,False
1,7.3925018310546875,6,False
3,11.624452590942383,3,False
2,7.338140964508057,3,False
0,6.988126754760742,8,False
1,8.902788162231445,7,False
2,9.073860168457031,6,False
1,8.312711715698242,0,False
0,7.70278263092041,8,False
3,10.467647552490234,6,False
1,12.417703628540039,3,False
2,9.73807430267334,4,False
3,8.966412544250488,5,False
0,7.378664970397949,1,False
2,9.18604850769043,3,False
0,13.085514068603516,3,False
1,9.468551635742188,0,False
3,11.129196166992188,3,False
3,7.011292457580566,7,False
0,8.847184181213379,4,False
2,5.370449542999268,7,False
1,10.158405303955078,4,False
3,6.43614387512207,1,False
1,5.893789768218994,5,False
2,9.286886215209961,0,False
0,11.461580276489258,6,False
0,9.81770133972168,4,False
1,8.20792007446289,1,False
3,8.09365463256836,9,False
2,8.32199478149414,2,False
3,7.069604873657227,5,False
0,7.752713203430176,8,False
1,8.907861709594727,3,False
2,11.990947723388672,6,False
0,9.676275253295898,8,False
3,7.372345924377441,6,False
2,5.995830059051514,9,False
1,9.491204261779785,1,False
2,8.92325210571289,7,False
1,7.298262596130371,4,False
3,8.796207427978516,9,False
0,10.075366973876953,6,False
1,5.948319435119629,0,False
0,7.50722599029541,3,False
3,10.787358283996582,6,False
2,8.328597068786621,3,False
1,7.924162864685059,9,False
2,8.313455581665039,7,False
0,8.844505310058594,6,False
3,7.4888458251953125,8,False
2,9.204764366149902,1,False
1,12.806795120239258,3,False
0,9.688407897949219,6,False
3,7.921187877655029,1,False
3,6.152515411376953,1,False
2,10.476417541503906,2,False
1,9.704143524169922,7,False
0,8.497403144836426,1,False
0,7.616392135620117,8,False
3,10.800528526306152,3,False
1,8.656110763549805,7,False
2,11.800804138183594,0,False
3,9.304431915283203,7,False
2,11.81497573852539,2,False
0,9.695891380310059,6,False
1,8.169564247131348,2,False
3,9.58285903930664,6,False
2,7.107359886169434,9,False
0,8.7609281539917,4,False
1,7.987287521362305,5,False
3,9.723058700561523,6,False
0,9.439891815185547,8,False
1,10.053720474243164,2,False
2,8.340436935424805,4,False
3,8.962409973144531,5,False
2,10.103562355041504,8,False
0,9.794358253479004,8,False
1,8.438895225524902,4,False
0,7.080657482147217,1,False
2,8.280035018920898,7,False
1,10.498102188110352,3,False
3,11.052852630615234,7,False
0,7.2434468269348145,5,False
1,8.608285903930664,4,False
3,6.3921332359313965,1,False
2,9.25035285949707,5,False
3,6.213715553283691,1,False
2,9.778326034545898,8,False
1,9.053653717041016,1,False
0,9.746649742126465,0,False
1,10.164939880371094,5,False
3,10.214056015014648,1,False
0,6.68081521987915,4,False
2,6.518197059631348,4,False
0,8.171438217163086,9,False
3,7.309327125549316,7,False
2,8.722736358642578,3,False
1,10.927973747253418,3,False
1,8.399189949035645,2,False
2,13.871174812316895,3,False
3,8.808296203613281,0,False
0,14.015912055969238,0,False
0,8.38514518737793,7,False
3,7.994558334350586,4,False
1,8.370864868164062,0,False
2,6.711407661437988,9,False
3,10.13496208190918,2,False
2,9.767922401428223,7,False
1,11.047130584716797,7,False
0,11.369853019714355,6,False
0,6.812777519226074,4,False
1,7.180182456970215,6,False
2,10.100351333618164,3,False
3,7.270747661590576,1,False
3,9.603279113769531,3,False
0,7.252171993255615,1,False
2,7.932697296142578,8,False
1,5.628207683563232,5,False
1,7.037834167480469,6,False
3,10.635644912719727,3,False
2,9.022041320800781,9,False
0,10.249378204345703,6,False
0,11.066749572753906,3,False
2,7.458077430725098,5,False
1,8.743877410888672,8,False
3,7.228725433349609,8,False
2,7.906224250793457,1,False
3,6.815683364868164,9,False
0,10.161022186279297,0,False
1,11.109739303588867,4,False
0,9.525312423706055,1,False
2,6.4287567138671875,5,False
3,8.577871322631836,7,False
1,8.465521812438965,8,False
3,5.319369316101074,5,False
2,7.272404193878174,7,False
1,5.902787208557129,1,False
0,10.17674446105957,8,False
0,9.317858695983887,6,False
2,17.994243621826172,3,False
1,7.616670608520508,4,False
3,7.061380386352539,8,False
2,5.814988136291504,7,False
1,8.13225269317627,7,False
0,8.776151657104492,4,False
3,6.090832710266113,1,False
2,7.517864227294922,3,False
3,8.33231258392334,0,False
1,8.77363395690918,0,False
0,6.281597137451172,8,False
0,6.440541744232178,7,False
3,7.5387444496154785,4,False
1,6.7192702293396,4,False
2,10.14448070526123,5,False
3,6.601741790771484,0,False
1,9.309722900390625,7,False
0,9.033464431762695,4,False
2,11.151601791381836,2,False
3,7.691092491149902,6,False
2,7.176791191101074,7,False
0,10.214811325073242,8,False
1,8.10074234008789,5,False
2,8.22634220123291,1,False
0,8.277630805969238,2,False
3,7.87379789352417,0,False
1,7.650627136230469,5,False
2,9.545845985412598,8,False
0,8.60935115814209,2,False
3,8.293012619018555,8,False
1,8.777375221252441,0,False
2,5.869171142578125,0,False
0,9.036820411682129,7,False
1,8.778685569763184,7,False
3,9.100427627563477,4,False
2,5.953120708465576,7,False
0,7.718841552734375,4,False
1,10.511098861694336,6,False
3,9.12960433959961,7,False
3,8.399284362792969,7,False
2,6.68356466293335,1,False
1,11.565240859985352,3,False
0,10.739751815795898,8,False
1,5.938922882080078,8,False
3,5.880002975463867,9,False
0,8.862709045410156,4,False
2,9.024291038513184,2,False
2,9.087287902832031,2,False
0,8.866247177124023,3,False
1,5.587461471557617,9,False
3,7.811977863311768,4,False
3,7.67844820022583,6,False
0,8.724717140197754,1,False
1,10.326189041137695,2,False
2,9.597190856933594,5,False
0,6.05750846862793,4,False
2,8.31867504119873,7,False
3,8.416459083557129,2,False
1,8.971099853515625,3,False
1,6.383460521697998,1,False
2,7.5091423988342285,0,False
0,7.522007942199707,8,False
3,5.37191104888916,4,False
0,8.202492713928223,7,False
2,8.595149993896484,8,False
3,7.358841896057129,5,False
1,11.608723640441895,0,False
3,8.351593017578125,0,False
2,6.181717395782471,7,False
1,9.551614761352539,0,False
0,7.735928535461426,1,False
1,6.708549499511719,4,False
2,7.472589492797852,1,False
0,6.077062606811523,7,False
3,9.594976425170898,7,False
0,8.089462280273438,9,False
3,6.7627153396606445,1,False
1,7.258954048156738,1,False
2,9.084274291992188,5,False
0,6.8438286781311035,1,False
1,10.61327838897705,2,False
3,9.492063522338867,0,False
2,10.84077262878418,9,False
2,8.492971420288086,7,False
0,7.760140419006348,7,False
3,7.774658679962158,7,False
1,7.775784969329834,1,False
2,13.45445442199707,2,False
3,7.5579938888549805,0,False
1,9.24481201171875,2,False
0,10.84643840789795,0,False
1,8.432306289672852,9,False
0,13.281203269958496,2,False
2,6.953603267669678,8,False
3,9.491092681884766,7,False
1,6.136959552764893,5,False
3,7.703665256500244,7,False
2,5.62844705581665,9,False
0,7.354095458984375,9,False
0,13.064565658569336,2,False
2,7.564637184143066,6,False
1,9.993793487548828,8,False
3,5.455684661865234,9,False
3,8.962581634521484,0,False
2,10.625334739685059,4,False
1,9.823918342590332,1,False
0,9.033891677856445,9,False
2,8.66857624053955,4,False
0,6.1940693855285645,5,False
3,6.916746139526367,5,False
1,5.95396089553833,5,False
0,7.042421340942383,7,False
3,7.978762626647949,1,False
1,8.497220993041992,1,False
2,7.676001071929932,9,False
0,9.724603652954102,7,False
2,6.954211711883545,9,False
3,11.12429141998291,0,False
1,6.674156188964844,8,False
2,9.520001411437988,2,False
0,6.87204122543335,6,False
1,13.838617324829102,2,False
3,7.6317949295043945,2,False
3,10.583026885986328,0,False
2,8.816043853759766,2,False
0,9.005850791931152,6,False
1,8.20144271850586,5,False
0,8.166095733642578,7,False
1,8.596894264221191,9,False
3,8.633868217468262,4,False
2,7.162465572357178,8,False
0,10.289368629455566,7,False
2,8.584232330322266,8,False
1,11.510997772216797,9,False
3,9.009074211120605,1,False
3,10.33759593963623,5,False
2,10.469239234924316,7,False
1,6.402515888214111,4,False
0,11.26838493347168,1,False
0,9.522047996520996,8,False
2,7.123439788818359,5,False
1,7.477579593658447,6,False
3,9.471410751342773,4,False
1,10.29222583770752,9,False
0,11.409406661987305,2,False
3,7.468562126159668,8,False
2,8.222905158996582,7,False
1,6.492219924926758,0,False
3,15.02383041381836,2,False
2,10.539922714233398,2,False
0,7.895949840545654,8,False
3,7.135824680328369,7,False
2,6.856687068939209,9,False
1,5.016007423400879,7,False
0,8.70541000366211,8,False
1,7.235161781311035,1,False
2,9.274638175964355,1,False
3,9.96953010559082,5,False
0,5.381731986999512,2,False
0,7.331701755523682,9,False
1,7.058472633361816,4,False
3,8.161685943603516,6,False
2,6.640432357788086,4,False
1,5.784091949462891,5,False
3,11.413667678833008,2,False
2,10.368602752685547,3,False
0,9.141878128051758,0,False
1,5.308948040008545,4,False
2,9.83338737487793,6,False
0,5.44138240814209,4,False
3,10.029348373413086,0,False
2,6.821540832519531,1,False
3,8.55910873413086,0,False
1,10.347614288330078,0,False
0,7.297530174255371,4,False
3,8.073686599731445,1,False
0,7.693986415863037,9,False
1,9.506994247436523,3,False
2,9.771407127380371,0,False
0,8.015283584594727,1,False
3,5.866792678833008,1,False
2,7.478309631347656,8,False
1,8.614992141723633,9,False
0,6.67685079574585,8,False
3,6.862727165222168,8,False
1,8.21893310546875,4,False
2,7.772409915924072,6,False
1,11.05870246887207,6,False
3,5.515769004821777,9,False
0,9.931212425231934,7,False
2,6.001645565032959,6,False
0,7.711024761199951,9,False
1,7.342741966247559,9,False
3,7.972946643829346,3,False
2,10.109484672546387,0,False
2,8.504205703735352,5,False
0,6.623813152313232,5,False
1,9.407209396362305,7,False
3,9.317079544067383,4,False
2,9.61575698852539,3,False
1,9.524616241455078,8,False
3,13.55116081237793,2,False
0,12.566665649414062,3,False
2,10.988018035888672,2,False
0,8.367483139038086,2,False
1,6.411552429199219,7,False
3,7.496478080749512,6,False
0,7.760186195373535,8,False
1,9.365242004394531,0,False
2,6.409449577331543,7,False
3,9.355742454528809,2,False
0,8.920257568359375,5,False
3,8.741910934448242,3,False
1,9.302607536315918,6,False
2,13.421963691711426,2,False
2,10.041849136352539,0,False
0,8.058504104614258,9,False
3,4.796228408813477,7,False
1,7.045663356781006,9,False
0,13.097990036010742,2,False
2,4.671273708343506,1,False
3,8.418739318847656,0,False
1,7.596737384796143,8,False
2,6.034397602081299,9,False
1,11.38168716430664,3,False
3,10.504897117614746,6,False
0,9.102981567382812,1,False
1,7.68031120300293,0,False
0,11.801104545593262,0,False
2,7.577269077301025,2,False
3,7.791934013366699,1,False
2,12.733344078063965,0,False
1,7.095089435577393,5,False
3,10.167119979858398,4,False
0,5.951732158660889,8,False
1,8.386061668395996,2,False
2,5.901620388031006,9,False
3,10.984275817871094,2,False
0,9.578324317932129,3,False
2,8.745105743408203,7,False
1,9.096902847290039,6,False
0,7.404575347900391,1,False
3,7.773591041564941,9,False
1,9.228265762329102,8,False
0,11.008581161499023,3,False
3,11.100582122802734,8,False
2,8.963401794433594,5,False
3,10.95995044708252,3,False
0,10.907960891723633,7,False
1,12.13960075378418,2,False
2,6.2359514236450195,5,False
1,4.545436382293701,5,False
2,7.980001449584961,2,False
3,11.51640796661377,4,False
0,7.268321990966797,9,False
1,8.066812515258789,4,False
2,5.425184726715088,4,False
0,8.49995231628418,4,False
3,8.838586807250977,8,False
2,10.968236923217773,0,False
1,8.71146297454834,8,False
3,6.313107013702393,8,False
0,6.448294162750244,8,False
2,7.971514701843262,8,False
1,8.405134201049805,9,False
0,9.314346313476562,2,False
3,9.756738662719727,9,False
1,8.441842079162598,6,False
2,5.801476001739502,1,False
0,10.78098201751709,0,False
3,9.784051895141602,8,False
2,5.466019630432129,1,False
3,8.632049560546875,8,False
0,9.6823091506958,8,False
1,8.802803039550781,4,False
1,10.852315902709961,7,False
0,8.688763618469238,0,False
3,11.311051368713379,4,False
2,6.1434736251831055,2,False
2,6.726716995239258,0,False
3,8.53353214263916,9,False
0,6.944294452667236,9,False
1,9.123659133911133,8,False
2,6.8425445556640625,7,False
3,9.597634315490723,7,False
0,5.631383895874023,4,False
1,9.712835311889648,3,False
1,5.768490791320801,5,False
2,9.235847473144531,5,False
3,11.05752944946289,0,False
0,9.10567855834961,0,False
3,8.126399993896484,9,False
2,10.73136043548584,6,False
1,7.83029317855835,4,False
0,8.671684265136719,7,False
2,12.196466445922852,2,False
1,9.84150505065918,2,False
0,5.893589973449707,1,False
3,8.601743698120117,0,False
0,7.866137981414795,8,False
3,6.548738479614258,6,False
2,8.573389053344727,4,False
1,8.670527458190918,4,False
2,5.933069229125977,4,False
3,9.33996295928955,5,False
0,8.358850479125977,0,False
1,10.66908073425293,8,False
2,7.921088695526123,7,False
3,9.487846374511719,3,False
1,9.342864990234375,5,False
0,10.363131523132324,0,False
0,6.540229797363281,7,False
3,7.796721458435059,1,False
1,8.140191078186035,6,False
2,9.28708553314209,3,False
3,11.748674392700195,0,False
2,12.132471084594727,3,False
1,7.8096208572387695,8,False
0,8.063332557678223,7,False
0,6.504188537597656,4,False
1,9.77682876586914,3,False
3,10.030561447143555,4,False
2,8.500072479248047,3,False
3,10.830830574035645,0,False
2,7.653393268585205,5,False
1,7.621650695800781,8,False
0,9.898117065429688,7,False
2,8.275126457214355,6,False
0,9.781536102294922,0,False
1,9.609440803527832,3,False
3,8.587631225585938,6,False
0,7.938314437866211,9,False
2,6.571666717529297,2,False
1,5.725632190704346,9,False
3,10.671334266662598,7,False
1,8.83034896850586,0,False
0,9.764331817626953,5,False
2,10.453165054321289,7,False
3,10.98694896697998,3,False
3,6.732549667358398,7,False
1,10.989009857177734,7,False
0,8.156515121459961,5,False
2,8.539369583129883,1,False
0,9.088716506958008,4,False
3,5.981182098388672,9,False
1,7.913099765777588,8,False
2,10.051092147827148,4,False
2,6.747588157653809,9,False
0,9.205583572387695,6,False
3,10.226970672607422,8,False
1,9.73727798461914,6,False
3,11.457803726196289,3,False
0,7.024075508117676,4,False
2,8.62399673461914,8,False
1,9.241569519042969,3,False
2,10.021347999572754,2,False
3,8.638345718383789,3,False
1,7.33082914352417,3,False
0,10.72221565246582,7,False
1,10.23986530303955,5,False
3,9.660296440124512,9,False
0,7.924499034881592,5,False
2,8.794506072998047,7,False
0,9.133289337158203,3,False
2,8.507804870605469,1,False
1,9.640714645385742,7,False
3,7.580672740936279,4,False
0,11.477039337158203,2,False
3,9.154569625854492,4,False
2,10.778738021850586,6,False
1,8.99011516571045,3,False
2,6.179839134216309,1,False
1,9.069748878479004,2,False
3,9.785751342773438,8,False
0,11.420744895935059,0,False
0,10.619110107421875,2,False
3,8.797647476196289,3,False
1,10.029888153076172,7,False
2,9.21644401550293,8,False
0,9.062808990478516,5,False
1,8.442399978637695,4,False
2,5.785536289215088,9,False
3,10.38275146484375,0,False
3,10.241235733032227,2,False
0,7.08937931060791,8,False
1,6.822227478027344,9,False
2,11.200265884399414,0,False
2,6.331436634063721,1,False
3,7.948762893676758,4,False
0,12.155427932739258,8,False
1,8.742108345031738,0,False
1,10.929969787597656,8,False
2,8.562114715576172,2,False
3,9.743452072143555,4,False
0,6.458439826965332,1,False
0,9.029963493347168,1,False
1,9.664276123046875,3,False
2,10.852399826049805,8,False
3,10.365646362304688,2,False
2,8.809814453125,6,False
3,8.59657096862793,8,False
1,8.677312850952148,3,False
0,6.623644828796387,4,False
3,7.770876407623291,0,False
1,11.864316940307617,2,False
0,6.607401371002197,5,False
2,9.287127494812012,0,False
3,8.119878768920898,5,False
2,8.771385192871094,4,False
0,5.764554023742676,7,False
1,6.829846382141113,2,False
1,8.394875526428223,1,False
2,7.030247211456299,6,False
3,8.771610260009766,8,False
0,6.394169807434082,9,False
1,6.155435562133789,4,False
3,9.009140014648438,6,False
2,11.454708099365234,2,False
0,9.575796127319336,3,False
1,8.284543991088867,9,False
0,9.719127655029297,3,False
2,10.188270568847656,6,False
3,12.546030044555664,3,False
3,11.250715255737305,8,False
1,11.78315544128418,0,False
2,6.931667804718018,4,False
0,8.718181610107422,3,False
0,8.241704940795898,7,False
1,9.389616012573242,6,False
2,7.598198413848877,6,False
3,7.693539619445801,9,False
1,7.303109645843506,9,False
3,9.008241653442383,2,False
2,9.489059448242188,0,False
0,7.0480265617370605,1,False
3,9.011425018310547,4,False
1,6.591102600097656,7,False
0,8.537758827209473,0,False
2,8.657724380493164,6,False
0,7.167954444885254,0,False
3,10.797240257263184,1,False
1,7.371975421905518,2,False
2,5.4474101066589355,7,False
1,8.593831062316895,1,False
0,7.422989845275879,9,False
2,8.608467102050781,1,False
3,5.838716506958008,4,False
1,7.1902031898498535,7,False
3,7.046332836151123,9,False
2,7.662552833557129,4,False
0,9.140481948852539,0,False
0,5.872784614562988,1,False
2,8.952035903930664,1,False
3,8.322589874267578,0,False
1,8.997713088989258,7,False
3,7.371248245239258,7,False
1,8.012059211730957,5,False
2,8.095627784729004,9,False
0,7.981684684753418,7,False
0,10.09486198425293,6,False
1,10.3810453414917,8,False
2,11.245674133300781,3,False
3,9.501028060913086,5,False
3,10.093618392944336,4,False
1,11.899206161499023,3,False
2,10.529552459716797,2,False
0,5.3753862380981445,7,False
0,7.480291843414307,9,False
1,7.527590274810791,1,False
2,7.618186950683594,8,False
3,10.808649063110352,2,False
1,8.484319686889648,8,False
3,9.721397399902344,2,False
0,10.878759384155273,2,False
2,9.829886436462402,3,False
0,7.163599967956543,4,False
2,10.652318954467773,0,False
3,9.22823715209961,8,False
1,7.031968593597412,0,False
1,10.529019355773926,7,False
3,7.6970319747924805,4,False
0,8.855033874511719,0,False
2,9.245555877685547,3,False
2,9.502340316772461,0,False
0,8.269437789916992,3,False
1,5.93593168258667,1,False
3,5.169602394104004,4,False
2,8.398693084716797,8,False
0,8.51441764831543,9,False
1,10.586071014404297,9,False
3,6.993190765380859,7,False
0,5.28438663482666,4,False
2,9.674613952636719,3,False
1,10.42514419555664,7,False
3,11.497308731079102,9,False
2,8.24634075164795,4,False
1,8.727054595947266,3,False
0,9.525291442871094,6,False
3,6.151998996734619,1,False
1,6.869552135467529,3,False
2,10.630496978759766,2,False
0,6.464433670043945,8,False
3,7.651185989379883,6,False
3,7.971297740936279,7,False
0,9.095693588256836,0,False
1,7.9439167976379395,1,False
2,5.896334171295166,9,False
2,7.802499771118164,5,False
0,5.3855743408203125,9,False
3,5.624178886413574,5,False
1,11.909626007080078,8,False
3,7.812257289886475,6,False
1,9.666463851928711,9,False
2,8.67563533782959,9,False
0,5.924948692321777,8,False
0,8.86164665222168,2,False
3,6.580437660217285,7,False
1,6.624153137207031,1,False
2,8.527186393737793,5,False
3,7.6677446365356445,7,False
2,7.887843132019043,7,False
1,7.567327499389648,4,False
0,6.073467254638672,6,False
2,6.469137191772461,5,False
0,8.147603988647461,4,False
1,9.560728073120117,4,False
3,8.935123443603516,6,False
3,7.257885456085205,5,False
0,6.417840957641602,4,False
2,8.653740882873535,2,False
1,9.003110885620117,4,False
2,8.88273811340332,4,False
0,5.597031593322754,6,False
3,6.399805545806885,0,False
1,8.841455459594727,3,False
0,10.746612548828125,2,False
3,8.482612609863281,4,False
2,6.534727096557617,6,False
1,11.154458045959473,3,False
0,11.541852951049805,0,False
3,7.26418399810791,3,False
2,6.220938682556152,1,False
1,8.774663925170898,2,False
1,8.04957103729248,9,False
2,11.168776512145996,5,False
3,6.2325334548950195,4,False
0,12.110845565795898,2,False
2,6.4017486572265625,1,False
0,9.691557884216309,2,False
3,9.900914192199707,4,False
1,13.581928253173828,4,False
2,8.102649688720703,2,False
1,9.506988525390625,4,False
3,6.162245273590088,7,False
0,12.088517189025879,9,False
0,10.346380233764648,9,False
2,7.545612335205078,1,False
1,6.9486284255981445,9,False
3,9.531893730163574,9,False
3,5.401440620422363,1,False
1,8.162439346313477,1,False
2,5.520938873291016,5,False
0,8.51486873626709,1,False
1,8.802078247070312,3,False
3,9.169906616210938,3,False
0,7.986701965332031,4,False
2,10.20163345336914,3,False
2,8.756277084350586,0,False
1,12.043889999389648,0,False
3,10.38282299041748,0,False
0,7.459610462188721,5,False
0,9.151801109313965,0,False
3,8.289064407348633,6,False
1,8.460826873779297,9,False
2,9.124046325683594,9,False
0,9.914427757263184,8,False
3,8.611174583435059,0,False
1,7.173126697540283,8,False
2,8.551301956176758,6,False
3,13.387608528137207,2,False
2,7.622788906097412,9,False
1,9.703802108764648,2,False
0,9.474717140197754,2,False
1,9.089308738708496,3,False
2,7.995873928070068,0,False
3,10.94511604309082,5,False
0,9.366358757019043,5,False
0,9.50613784790039,7,False
1,6.073267936706543,8,False
2,14.38856315612793,3,False
3,11.244488716125488,2,False
2,4.995349884033203,9,False
3,6.4399003982543945,8,False
1,10.810615539550781,7,False
0,11.161636352539062,3,False
1,6.668330192565918,1,False
0,9.245870590209961,0,False
2,9.77607536315918,2,False
3,10.926706314086914,0,False
3,8.801809310913086,3,False
2,10.37186050415039,4,False
0,6.54109001159668,9,False
1,7.292209148406982,4,False
3,9.429116249084473,1,False
0,7.0171122550964355,6,False
2,8.160837173461914,9,False
1,9.285660743713379,2,False
2,10.221237182617188,2,False
1,8.403716087341309,0,False
3,8.534135818481445,5,False
0,6.201739311218262,5,False
1,9.743900299072266,1,False
2,10.402275085449219,2,False
3,7.869679927825928,4,False
0,8.98095703125,8,False
2,7.4560723304748535,7,False
1,12.569293975830078,6,False
0,11.401300430297852,7,False
3,8.117009162902832,6,False
0,11.320137023925781,6,False
3,8.921724319458008,8,False
2,6.213491439819336,5,False
1,10.499706268310547,4,False
1,10.774611473083496,4,False
2,9.738571166992188,6,False
3,8.377493858337402,9,False
0,8.289962768554688,7,False
1,8.402565002441406,1,False
0,10.892780303955078,0,False
3,11.861178398132324,6,False
2,7.5943756103515625,8,False
0,7.397961616516113,1,False
1,9.586177825927734,8,False
2,7.884373664855957,2,False
3,10.148041725158691,7,False
0,8.376336097717285,0,False
2,9.631341934204102,0,False
3,10.53417682647705,3,False
1,8.202940940856934,0,False
3,8.774517059326172,0,False
0,10.455513954162598,3,False
1,7.2420549392700195,1,False
2,7.730367183685303,9,False
1,9.448136329650879,3,False
3,13.309343338012695,8,False
2,9.799745559692383,5,False
0,10.641454696655273,0,False
1,5.175837516784668,1,False
0,11.099681854248047,2,False
2,6.703845024108887,9,False
3,9.397709846496582,3,False
0,7.839470863342285,9,False
2,9.73324203491211,0,False
1,6.663064479827881,5,False
3,10.145550727844238,0,False
1,8.013378143310547,1,False
3,8.006224632263184,8,False
2,7.2042765617370605,5,False
0,7.926117897033691,8,False
2,12.93397331237793,3,False
1,7.811226844787598,4,False
3,7.356328964233398,1,False
0,7.686893463134766,6,False
0,10.129094123840332,5,False
2,9.788420677185059,4,False
1,10.051092147827148,0,False
3,5.51438045501709,9,False
2,10.358320236206055,8,False
0,5.896283149719238,9,False
3,9.144780158996582,6,False
1,10.91458511352539,2,False
3,9.53242015838623,0,False
0,10.952327728271484,8,False
1,7.302652835845947,7,False
2,12.109085083007812,7,False
3,8.537296295166016,6,False
0,9.099002838134766,6,False
1,9.387731552124023,0,False
2,9.118035316467285,7,False
0,8.79470443725586,1,False
1,8.78604507446289,1,False
3,11.424626350402832,4,False
2,6.354253768920898,5,False
2,7.549849987030029,2,False
1,9.241991996765137,8,False
0,8.90321159362793,8,False
3,7.270747661590576,8,False
1,7.517378330230713,2,False
2,7.087514877319336,1,False
0,9.2816162109375,8,False
3,8.799522399902344,3,False
1,8.122060775756836,9,False
2,7.871647834777832,1,False
0,7.503788948059082,0,False
3,7.200091361999512,0,False
0,8.307376861572266,4,False
1,11.189123153686523,6,False
2,9.77099895477295,3,False
3,9.990756034851074,6,False
3,8.271811485290527,6,False
1,6.9143571853637695,1,False
0,10.348194122314453,8,False
2,8.296780586242676,5,False
3,10.1434326171875,7,False
0,7.276175498962402,1,False
2,9.509726524353027,7,False
1,7.47211217880249,7,False
0,6.739974498748779,9,False
2,7.731973648071289,5,False
1,8.1439208984375,8,False
3,7.272881984710693,2,False
2,12.031003952026367,3,False
3,9.309972763061523,0,False
1,9.569280624389648,0,False
0,8.503854751586914,6,False
0,7.360942840576172,5,False
2,6.740400314331055,4,False
1,7.187201499938965,5,False
3,7.666238784790039,1,False
1,9.592927932739258,0,False
3,9.291486740112305,6,False
0,5.810063362121582,7,False
2,7.671655654907227,9,False
3,8.956923484802246,4,False
2,7.208491325378418,0,False
1,8.049967765808105,9,False
0,7.256044387817383,1,False
2,10.112412452697754,4,False
1,7.510692596435547,7,False
0,10.784111022949219,3,False
3,13.68198299407959,2,False
3,10.691911697387695,2,False
0,8.64366626739502,4,False
2,7.312644004821777,4,False
1,7.9789581298828125,5,False
3,8.345277786254883,0,False
0,8.170968055725098,2,False
1,11.461986541748047,9,False
2,10.265748023986816,4,False
0,9.605022430419922,6,False
3,5.957143306732178,1,False
1,5.794836521148682,7,False
2,8.646135330200195,7,False
1,11.446375846862793,2,False
2,8.799348831176758,1,False
0,9.159357070922852,5,False
3,10.583337783813477,0,False
1,8.210245132446289,7,False
2,8.02462100982666,1,False
0,9.41258716583252,2,False
3,10.970582962036133,0,False
0,7.222875595092773,9,False
3,8.92325210571289,3,False
2,6.4046759605407715,6,False
1,7.6370463371276855,4,False
3,8.795524597167969,2,False
1,6.145648956298828,1,False
0,5.810276508331299,5,False
2,5.857358932495117,1,False
1,6.804849624633789,9,False
2,9.85492992401123,7,False
3,7.5050764083862305,0,False
0,13.23072624206543,2,False
0,8.428525924682617,3,False
1,13.044339179992676,7,False
3,8.253702163696289,0,False
2,6.358481407165527,5,False
2,8.570035934448242,7,False
0,8.337846755981445,1,False
1,11.722183227539062,3,False
3,8.910158157348633,3,False
3,7.52130126953125,8,False
0,10.542073249816895,4,False
1,7.049798011779785,5,False
2,7.030181407928467,8,False
1,6.070809364318848,7,False
3,14.695953369140625,3,False
0,8.06737995147705,4,False
2,9.615731239318848,2,False
3,10.711409568786621,2,False
2,9.047881126403809,0,False
0,9.924067497253418,2,False
1,6.305891036987305,1,False
0,12.508862495422363,3,False
2,13.371171951293945,3,False
3,11.610841751098633,3,False
1,8.816214561462402,3,False
2,4.404901504516602,4,False
3,7.946417808532715,9,False
1,10.357848167419434,6,False
0,12.639117240905762,5,False
0,8.531689643859863,1,False
2,11.047292709350586,2,False
1,7.548562526702881,9,False
3,10.073419570922852,0,False
2,7.4907708168029785,8,False
3,7.997903823852539,6,False
1,8.662029266357422,4,False
0,8.24227237701416,2,False
0,8.395207405090332,6,False
3,8.944038391113281,5,False
2,7.682709693908691,6,False
1,7.522043228149414,1,False
3,11.144330024719238,7,False
0,6.8559722900390625,8,False
1,11.659578323364258,3,False
2,7.597468852996826,7,False
0,7.431184768676758,7,False
3,8.145965576171875,8,False
2,10.654118537902832,4,False
1,8.822715759277344,2,False
3,6.82589054107666,6,False
0,9.5919771194458,6,False
2,7.781001091003418,7,False
1,7.022045135498047,7,False
1,7.906308650970459,1,False
2,8.442119598388672,4,False
0,7.295217037200928,8,False
3,10.537687301635742,5,False
3,7.307804107666016,2,False
2,8.327323913574219,0,False
0,7.313902378082275,6,False
1,9.315956115722656,8,False
2,6.759193420410156,9,False
1,6.596918106079102,9,False
0,9.357425689697266,3,False
3,11.599777221679688,2,False
1,7.399475574493408,0,False
0,7.812137603759766,5,False
3,7.255943298339844,1,False
2,9.723548889160156,4,False
3,8.393383026123047,2,False
0,10.463820457458496,4,False
1,8.604347229003906,9,False
2,10.39959716796875,2,False
3,9.266443252563477,6,False
0,6.144582271575928,1,False
2,8.554215431213379,1,False
1,9.098158836364746,0,False
3,4.723068714141846,1,False
0,8.633658409118652,5,False
1,9.355806350708008,7,False
2,6.067870140075684,9,False
2,7.506094932556152,1,False
1,8.677444458007812,1,False
3,9.343398094177246,6,False
0,6.826586723327637,1,False
3,9.777379989624023,8,False
0,8.87717342376709,0,False
2,13.426347732543945,3,False
1,10.262508392333984,5,False
3,11.088497161865234,4,False
2,5.9014692306518555,7,False
1,5.236173629760742,9,False
0,8.840757369995117,9,False
1,10.082731246948242,8,False
2,9.335586547851562,5,False
3,9.073175430297852,3,False
0,8.217239379882812,1,False
3,5.109094619750977,9,False
0,8.95943832397461,7,False
2,7.530345916748047,9,False
1,7.77608060836792,9,False
1,5.758628845214844,1,False
2,9.03214168548584,6,False
3,9.199368476867676,6,False
0,7.1571197509765625,4,False
0,8.0177001953125,6,False
3,5.254766464233398,5,False
1,11.889430046081543,0,False
2,10.854790687561035,3,False
2,7.910940170288086,1,False
3,11.46043586730957,7,False
0,9.417853355407715,8,False
1,9.182969093322754,1,False
3,5.984025955200195,9,False
0,9.016321182250977,8,False
2,9.206595420837402,3,False
1,6.79389762878418,6,False
2,7.775074481964111,6,False
1,8.421964645385742,3,False
0,4.326440811157227,1,False
3,6.57850980758667,8,False
3,6.810080528259277,7,False
1,10.091283798217773,5,False
2,9.61957836151123,9,False
0,8.937162399291992,2,False
0,9.791912078857422,1,False
1,7.683075904846191,4,False
2,9.798823356628418,9,False
3,8.223788261413574,8,False
3,9.629692077636719,4,False
1,10.119565963745117,3,False
2,6.781250476837158,5,False
0,7.977980136871338,0,False
2,8.761687278747559,6,False
3,7.21219539642334,0,False
0,6.532048225402832,9,False
1,8.421782493591309,0,False
0,12.067481994628906,2,False
3,11.402793884277344,6,False
2,10.782736778259277,6,False
1,12.435250282287598,2,False
1,7.237175941467285,4,False
2,10.680948257446289,5,False
0,8.890032768249512,0,False
3,10.696981430053711,8,False
3,11.405132293701172,3,False
0,7.801008224487305,5,False
1,7.941012859344482,9,False
2,11.188352584838867,0,False
3,9.658424377441406,0,False
2,10.32898998260498,3,False
0,7.990793228149414,4,False
1,10.693346977233887,8,False
1,9.114714622497559,4,False
2,11.265568733215332,3,False
3,10.394777297973633,6,False
0,8.898876190185547,0,False
0,9.130231857299805,2,False
1,9.50302505493164,2,False
2,5.833573818206787,9,False
3,9.327436447143555,1,False
0,9.994421005249023,6,False
2,10.13664436340332,4,False
1,8.696310997009277,5,False
3,9.278938293457031,3,False
2,10.330364227294922,1,False
1,7.36489200592041,1,False
0,8.829543113708496,1,False
3,9.637741088867188,5,False
3,9.737752914428711,4,False
0,10.556760787963867,3,False
2,7.924256324768066,1,False
1,8.962055206298828,3,False
0,4.58696174621582,8,False
3,11.437593460083008,2,False
1,11.375606536865234,0,False
2,6.773974418640137,9,False
2,9.47104263305664,5,False
1,10.385767936706543,1,False
3,12.18990707397461,3,False
0,8.282730102539062,4,False
2,8.144662857055664,7,False
1,8.03764533996582,9,False
3,7.369914531707764,8,False
0,10.970094680786133,3,False
2,6.33668327331543,6,False
1,10.352465629577637,9,False
3,8.248588562011719,0,False
0,11.137799263000488,6,False
0,8.369592666625977,2,False
1,8.900680541992188,0,False
2,9.125273704528809,7,False
3,8.490880966186523,8,False
3,14.482270240783691,2,False
0,8.876908302307129,1,False
2,11.506229400634766,4,False
1,7.8090386390686035,7,False
0,7.330205917358398,0,False
1,8.87631893157959,7,False
2,8.225991249084473,6,False
3,5.697785377502441,1,False
0,8.66176986694336,8,False
3,8.240557670593262,1,False
1,10.142788887023926,8,False
2,9.133346557617188,8,False
3,8.949012756347656,6,False
0,6.162353515625,1,False
2,8.118080139160156,1,False
1,11.743884086608887,5,False
3,4.7428975105285645,9,False
2,9.106483459472656,4,False
1,8.844686508178711,3,False
0,10.311299324035645,0,False
3,8.882516860961914,4,False
1,9.10072135925293,6,False
0,6.9579691886901855,5,False
2,9.137625694274902,6,False
0,9.312877655029297,1,False
2,7.703334808349609,7,False
3,7.762713432312012,1,False
1,9.110095977783203,5,False
1,11.029683113098145,6,False
2,7.1324944496154785,9,False
3,12.023904800415039,3,False
0,8.861766815185547,5,False
3,9.379510879516602,7,False
1,9.488677978515625,3,False
2,6.896642684936523,7,False
0,8.03413200378418,0,False
1,6.238403797149658,8,False
2,9.778040885925293,8,False
3,9.807247161865234,6,False
0,9.604881286621094,7,False
2,9.734251022338867,6,False
3,11.019180297851562,7,False
0,6.786895751953125,4,False
1,9.614266395568848,6,False
0,7.607845306396484,0,False
3,7.651324272155762,7,False
1,8.699655532836914,2,False
2,8.505950927734375,5,False
2,6.379993438720703,1,False
3,7.914853096008301,9,False
1,9.614013671875,6,False
0,8.505607604980469,8,False
3,8.874469757080078,8,False
1,9.528165817260742,8,False
2,7.708581447601318,8,False
0,10.145715713500977,0,False
2,6.463034152984619,0,False
1,9.282535552978516,3,False
3,8.63888168334961,4,False
0,7.046335220336914,8,False
3,8.921797752380371,2,False
2,7.602142333984375,7,False
1,5.926772117614746,8,False
0,7.766716003417969,4,False
2,7.100247383117676,6,False
1,5.917101860046387,7,False
0,8.357501029968262,9,False
3,8.012603759765625,2,False
1,6.841764450073242,1,False
2,9.833958625793457,6,False
0,8.880565643310547,2,False
3,8.22191047668457,1,False
3,5.7213640213012695,9,False
2,8.915136337280273,1,False
0,10.554367065429688,9,False
1,9.468358039855957,0,False
0,7.028216361999512,8,False
1,8.552270889282227,5,False
3,11.483570098876953,6,False
2,9.693134307861328,7,False
0,8.179807662963867,8,False
3,8.908658981323242,9,False
2,8.450044631958008,0,False
1,9.451275825500488,0,False
2,7.094758033752441,1,False
3,7.269298553466797,4,False
0,9.482950210571289,8,False
1,7.828403472900391,6,False
0,7.792939186096191,8,False
1,11.853971481323242,8,False
2,11.01032829284668,0,False
3,7.560290813446045,0,False
3,8.164506912231445,9,False
2,7.3163909912109375,1,False
0,7.303599834442139,7,False
1,8.829008102416992,9,False
2,8.42979907989502,9,False
1,7.341817378997803,0,False
3,8.321066856384277,3,False
0,6.705599784851074,1,False
0,10.241571426391602,3,False
2,7.550841808319092,9,False
1,8.429405212402344,3,False
3,9.305858612060547,0,False
3,10.478870391845703,7,False
0,6.792839050292969,7,False
2,7.600223064422607,6,False
1,8.831185340881348,8,False
0,6.794201850891113,1,False
1,8.908100128173828,5,False
3,10.837285995483398,7,False
2,7.437132358551025,5,False
2,10.326181411743164,3,False
3,8.006872177124023,5,False
0,9.93663215637207,0,False
1,9.416433334350586,3,False
1,10.76548957824707,3,False
2,8.996585845947266,1,False
0,7.716371536254883,6,False
3,7.678528308868408,6,False
2,12.55710506439209,2,False
3,7.503395080566406,4,False
0,7.960057258605957,3,False
1,12.02048110961914,3,False
1,7.088435173034668,7,False
2,7.27794885635376,5,False
0,6.719040393829346,1,False
3,8.849193572998047,0,False
2,7.234414577484131,6,False
3,6.709720134735107,9,False
1,10.788811683654785,5,False
0,8.463325500488281,6,False
1,10.715782165527344,6,False
0,7.680333137512207,8,False
2,9.10467529296875,4,False
3,7.889925003051758,8,False
0,8.409286499023438,5,False
3,6.795194625854492,1,False
2,8.494421005249023,3,False
1,9.027587890625,4,False
3,6.40715217590332,5,False
2,7.934082508087158,4,False
1,7.7555341720581055,6,False
0,6.800473213195801,9,False
1,9.897371292114258,3,False
0,6.859888076782227,1,False
3,10.534194946289062,8,False
2,8.976990699768066,4,False
0,7.2150983810424805,5,False
2,9.3463773727417,8,False
3,8.260599136352539,7,False
1,9.694901466369629,8,False
0,8.442173957824707,7,False
1,8.208869934082031,9,False
2,8.850098609924316,8,False
3,6.204440116882324,8,False
0,8.463522911071777,4,False
3,9.803446769714355,4,False
2,8.604704856872559,4,False
1,5.631471633911133,8,False
3,8.007563591003418,5,False
2,8.183539390563965,5,False
1,11.548513412475586,0,False
0,9.302482604980469,3,False
2,7.880031585693359,1,False
0,9.126310348510742,5,False
1,13.517261505126953,2,False
3,7.241725921630859,7,False
2,9.957199096679688,7,False
3,9.802291870117188,2,False
0,9.222527503967285,2,False
1,12.056424140930176,3,False
1,7.5830607414245605,9,False
2,10.611820220947266,6,False
3,7.963675022125244,2,False
0,7.315244674682617,0,False
0,7.93813943862915,1,False
3,6.117536544799805,8,False
1,7.458298206329346,4,False
2,6.929244041442871,7,False
0,7.511749267578125,8,False
2,6.340214729309082,9,False
3,13.672046661376953,6,False
1,6.248050689697266,5,False
1,8.122507095336914,8,False
0,7.649783611297607,6,False
2,7.950445652008057,0,False
3,9.946165084838867,3,False
3,10.27139663696289,3,False
0,9.027021408081055,0,False
2,8.516379356384277,8,False
1,8.335738182067871,7,False
3,4.8396124839782715,7,False
0,7.6218647956848145,8,False
2,5.757251739501953,5,False
1,11.088376998901367,3,False
3,8.440542221069336,2,False
2,11.394037246704102,3,False
1,6.569652557373047,7,False
0,5.80152702331543,7,False
0,8.343169212341309,7,False
2,8.936372756958008,4,False
1,6.235161304473877,0,False
3,9.619953155517578,7,False
0,5.7360148429870605,4,False
1,7.395519733428955,9,False
2,8.706348419189453,1,False
3,11.289002418518066,0,False
3,10.064470291137695,5,False
1,6.903358459472656,9,False
0,5.458975791931152,1,False
2,8.630727767944336,8,False
2,9.511701583862305,3,False
0,8.473934173583984,4,False
3,6.0706892013549805,1,False
1,10.397177696228027,7,False
3,6.513680458068848,9,False
0,9.790019035339355,0,False
1,6.317439556121826,5,False
2,7.677003383636475,9,False
2,11.728348731994629,3,False
1,10.904963493347168,7,False
0,9.527264595031738,1,False
3,6.34771728515625,9,False
3,8.404167175292969,8,False
2,12.595622062683105,2,False
1,9.439897537231445,0,False
0,6.678872585296631,5,False
1,8.87340259552002,8,False
2,10.139408111572266,3,False
0,12.028141021728516,3,False
3,9.411812782287598,8,False
1,7.793011665344238,8,False
2,8.22145938873291,6,False
0,10.62518310546875,3,False
3,6.263501167297363,8,False
3,8.105081558227539,3,False
1,6.326676368713379,1,False
0,8.479533195495605,0,False
2,8.666642189025879,6,False
3,10.148197174072266,5,False
1,6.630762100219727,5,False
0,7.587987899780273,5,False
2,9.376224517822266,2,False
0,7.9748148918151855,1,False
3,10.818093299865723,4,False
2,8.1309232711792,8,False
1,11.002599716186523,4,False
0,10.875715255737305,7,False
1,6.535076141357422,9,False
2,7.297605991363525,0,False
3,9.339282989501953,2,False
3,8.560827255249023,1,False
0,8.983277320861816,6,False
1,7.376218795776367,7,False
2,7.6178178787231445,8,False
3,8.761305809020996,8,False
2,9.293193817138672,5,False
0,7.565126419067383,5,False
1,7.040897846221924,6,False
2,10.879758834838867,3,False
1,9.14078426361084,1,False
0,9.173492431640625,2,False
3,8.542091369628906,1,False
2,7.717794418334961,9,False
1,6.617321968078613,0,False
0,6.25739049911499,9,False
3,6.625885009765625,4,False
2,6.506829261779785,9,False
1,10.468196868896484,1,False
3,11.842672348022461,3,False
0,10.816211700439453,1,False
1,8.949976921081543,4,False
3,10.464094161987305,3,False
2,8.976984024047852,7,False
0,6.765114784240723,1,False
0,9.710087776184082,4,False
3,8.60238265991211,9,False
1,12.88899040222168,2,False
2,9.426589965820312,3,False
1,8.966665267944336,3,False
0,8.836729049682617,9,False
3,7.690533638000488,7,False
2,10.122156143188477,3,False
3,11.487775802612305,2,False
1,11.696094512939453,2,False
0,8.389102935791016,9,False
2,6.9588470458984375,8,False
2,6.328272819519043,4,False
0,8.486540794372559,9,False
1,13.855524063110352,2,False
3,11.62455940246582,2,False
0,9.218226432800293,9,False
3,10.309243202209473,7,False
1,8.600330352783203,3,False
2,6.880551338195801,8,False
0,7.692736625671387,3,False
2,9.436820030212402,5,False
3,9.024199485778809,6,False
1,6.1678266525268555,9,False
1,11.905007362365723,3,False
2,7.21682071685791,5,False
0,9.430848121643066,4,False
3,8.440526962280273,1,False
2,6.58725643157959,6,False
0,9.815973281860352,7,False
3,9.395000457763672,2,False
1,8.96013355255127,1,False
1,7.741929054260254,1,False
3,7.064179420471191,4,False
0,8.368906021118164,8,False
2,9.05514907836914,6,False
0,10.14269733428955,5,False
2,12.563203811645508,3,False
1,11.234392166137695,6,False
3,5.934772968292236,9,False
0,10.987547874450684,8,False
2,7.091771125793457,3,False
1,8.029277801513672,1,False
3,6.525151252746582,6,False
3,8.731300354003906,8,False
0,10.53693962097168,4,False
2,11.63943862915039,3,False
1,10.713953018188477,8,False
0,7.095528602600098,9,False
3,9.711338996887207,8,False
2,10.326568603515625,8,False
1,8.314369201660156,8,False
3,7.3770036697387695,6,False
0,8.185489654541016,3,False
1,6.881462097167969,0,False
2,9.371512413024902,2,False
3,8.119741439819336,3,False
1,4.955280303955078,9,False
2,8.478861808776855,9,False
0,10.244709014892578,5,False
2,9.751302719116211,5,False
0,11.799592971801758,3,False
1,7.308210372924805,1,False
3,13.06724739074707,0,False
3,7.575405120849609,6,False
1,6.160083770751953,4,False
0,6.419200897216797,1,False
2,9.47553539276123,6,False
2,7.9530415534973145,7,False
0,10.03337287902832,4,False
1,12.43957233428955,3,False
3,10.026213645935059,2,False
3,6.600229263305664,4,False
2,7.853543758392334,3,False
1,8.920699119567871,9,False
0,6.660921573638916,6,False
3,8.965879440307617,3,False
1,12.82558822631836,6,False
0,8.471622467041016,6,False
2,11.232309341430664,6,False
1,6.538702011108398,9,False
3,13.986434936523438,2,False
2,9.50917911529541,6,False
0,4.811882972717285,9,False
2,8.392816543579102,6,False
0,6.681457996368408,6,False
1,10.887760162353516,3,False
3,11.07121753692627,2,False
0,10.187090873718262,6,False
3,8.76262378692627,6,False
1,10.842823028564453,3,False
2,14.369148254394531,3,False
2,10.429244995117188,4,False
1,7.156917095184326,8,False
0,7.613481044769287,6,False
3,7.390730381011963,8,False
0,10.118431091308594,8,False
1,12.140219688415527,2,False
3,8.35865592956543,7,False
2,6.4250383377075195,7,False
0,8.496706008911133,3,False
1,7.696132183074951,1,False
3,9.610383987426758,0,False
2,6.414998531341553,7,False
0,8.849813461303711,4,False
3,6.057986736297607,1,False
2,8.775360107421875,6,False
1,7.369521617889404,1,False
2,7.996728420257568,1,False
0,9.044885635375977,5,False
3,8.560791969299316,0,False
1,7.2025146484375,8,False
0,10.68514633178711,2,False
3,9.425199508666992,3,False
1,6.8627777099609375,7,False
2,8.467897415161133,6,False
0,5.781284332275391,8,False
1,9.321669578552246,5,False
3,10.43740177154541,6,False
2,7.493786811828613,0,False
1,10.629446029663086,2,False
2,7.190402030944824,7,False
0,11.250690460205078,7,False
3,7.97914981842041,1,False
2,8.284707069396973,8,False
1,9.08795166015625,3,False
0,7.459437847137451,1,False
3,11.692803382873535,0,False
3,7.9725751876831055,6,False
2,5.382933616638184,1,False
0,6.395347595214844,8,False
1,5.814092636108398,9,False
0,7.50617790222168,1,False
1,5.6745710372924805,4,False
3,8.565381050109863,7,False
2,8.349611282348633,7,False
0,7.525815963745117,3,False
2,8.536819458007812,6,False
3,7.615911483764648,4,False
1,9.397859573364258,2,False
0,8.216188430786133,7,False
1,9.156326293945312,4,False
2,5.978183746337891,1,False
3,9.15793228149414,0,False
1,6.301609992980957,1,False
0,7.984858512878418,6,False
2,9.789892196655273,2,False
3,10.331130981445312,0,False
0,7.420839786529541,7,False
1,5.409562110900879,5,False
2,10.082995414733887,4,False
3,7.407869338989258,4,False
3,8.508087158203125,7,False
2,6.979736328125,9,False
0,9.600482940673828,0,False
1,7.041842460632324,9,False
2,8.557024002075195,6,False
1,11.343667984008789,8,False
0,10.25243854522705,0,False
3,10.252659797668457,7,False
1,7.693755149841309,4,False
3,5.4993181228637695,1,False
2,11.105737686157227,0,False
0,8.838871002197266,7,False
0,8.70638656616211,3,False
3,7.399640083312988,6,False
1,5.034289360046387,9,False
2,8.799272537231445,8,False
2,7.225430488586426,9,False
3,8.591073989868164,9,False
0,8.65952205657959,7,False
1,9.755773544311523,2,False
2,8.503044128417969,7,False
0,9.704299926757812,8,False
3,6.211073875427246,9,False
1,5.773225784301758,0,False
0,9.321627616882324,0,False
2,8.273941993713379,8,False
1,6.903314590454102,9,False
3,9.535816192626953,3,False
0,7.529487133026123,5,False
1,6.485475540161133,5,False
2,9.859722137451172,4,False
3,11.130163192749023,3,False
1,4.952478408813477,1,False
3,8.911558151245117,2,False
0,8.698585510253906,4,False
2,7.548742294311523,5,False
0,6.718678951263428,4,False
1,8.481271743774414,3,False
2,7.560588836669922,5,False
3,11.311877250671387,0,False
3,8.01556396484375,6,False
2,9.731142044067383,2,False
1,5.172177314758301,1,False
0,12.149776458740234,0,False
0,12.84830379486084,3,False
2,4.855343818664551,1,False
1,10.631831169128418,8,False
3,10.9479341506958,2,False
0,9.042813301086426,8,False
3,9.425843238830566,3,False
1,9.052435874938965,5,False
2,9.921066284179688,6,False
1,7.2267255783081055,7,False
0,6.200291633605957,4,False
2,8.323951721191406,4,False
3,8.075553894042969,4,False
2,8.655725479125977,3,False
0,7.5535054206848145,9,False
3,8.796268463134766,0,False
1,6.245251178741455,7,False
0,11.542366027832031,3,False
1,5.949337482452393,4,False
2,10.096223831176758,1,False
3,9.449186325073242,3,False
0,9.057186126708984,2,False
2,12.028268814086914,3,False
1,8.597756385803223,4,False
3,9.65803050994873,4,False
3,9.091174125671387,7,False
1,10.917675971984863,2,False
2,7.941129684448242,6,False
0,12.050670623779297,0,False
1,7.899726390838623,6,False
2,10.2479829788208,8,False
0,9.645813941955566,3,False
3,6.749781608581543,1,False
0,10.103525161743164,7,False
3,8.72268295288086,2,False
1,8.216771125793457,4,False
2,6.713733673095703,8,False
1,8.918203353881836,4,False
3,9.778179168701172,7,False
2,10.87869644165039,2,False
0,8.118773460388184,9,False
0,10.837955474853516,5,False
2,7.842999458312988,1,False
1,9.706669807434082,6,False
3,10.517931938171387,0,False
3,7.165389537811279,6,False
1,6.10797119140625,9,False
2,7.648540019989014,8,False
0,8.876083374023438,2,False
2,5.498699188232422,9,False
1,8.631185531616211,4,False
3,11.191211700439453,2,False
0,9.652277946472168,5,False
1,10.365196228027344,2,False
0,9.958215713500977,2,False
3,8.440462112426758,8,False
2,9.720276832580566,3,False
2,9.96365737915039,2,False
0,10.911128997802734,6,False
1,10.977293968200684,7,False
3,10.183588981628418,6,False
1,9.937027931213379,3,False
2,8.307793617248535,5,False
0,6.73213005065918,1,False
3,6.4207868576049805,9,False
3,9.883238792419434,8,False
0,8.086847305297852,7,False
1,7.9133124351501465,8,False
2,8.406198501586914,5,False
2,10.35726261138916,6,False
3,10.133840560913086,3,False
0,8.878928184509277,3,False
1,9.029016494750977,6,False
1,7.18129825592041,6,False
3,6.866399765014648,4,False
2,7.812045097351074,7,False
0,9.332314491271973,6,False
0,8.284147262573242,5,False
3,5.844122886657715,2,False
1,10.3359375,0,False
2,11.04421329498291,2,False
2,5.823415756225586,9,False
3,7.471350193023682,9,False
1,10.682646751403809,6,False
0,6.635800361633301,1,False
1,6.782666206359863,7,False
0,10.120450973510742,4,False
2,8.005868911743164,1,False
3,6.900966644287109,1,False
2,8.321983337402344,5,False
0,7.331768035888672,6,False
1,8.210174560546875,1,False
3,6.670707702636719,1,False
1,11.33952522277832,0,False
2,6.813332557678223,2,False
0,9.576333045959473,7,False
3,9.436383247375488,8,False
1,8.293696403503418,7,False
3,5.7942705154418945,9,False
2,7.195518493652344,7,False
0,9.32982063293457,0,False
2,8.017156600952148,2,False
3,7.890156269073486,9,False
0,10.650421142578125,4,False
1,6.087351322174072,7,False
1,8.743154525756836,7,False
2,7.769222736358643,9,False
3,4.970101356506348,1,False
0,9.550919532775879,2,False
0,9.716696739196777,3,False
3,7.461118221282959,4,False
2,9.286942481994629,1,False
1,6.836062431335449,2,False
1,9.172061920166016,2,False
2,12.151540756225586,0,False
3,10.430747032165527,3,False
0,6.348767280578613,9,False
3,8.336512565612793,4,False
1,9.33404541015625,1,False
0,8.60332202911377,7,False
2,9.502891540527344,0,False
1,8.978849411010742,0,False
3,7.1471147537231445,7,False
0,8.988689422607422,4,False
2,6.378485679626465,2,False
3,9.307663917541504,4,False
1,5.815032958984375,1,False
2,8.526884078979492,4,False
0,11.288698196411133,3,False
1,10.911773681640625,9,False
2,7.1434645652771,5,False
0,11.681877136230469,5,False
3,7.911616802215576,0,False
1,10.120659828186035,6,False
3,8.048079490661621,4,False
0,10.899208068847656,4,False
2,6.634267807006836,8,False
2,7.883100986480713,5,False
0,6.446065902709961,4,False
3,6.547520160675049,1,False
1,8.484137535095215,6,False
0,8.388474464416504,7,False
1,10.398942947387695,3,False
2,6.623677730560303,1,False
3,6.894488334655762,1,False
2,6.786335468292236,7,False
1,6.102651596069336,7,False
0,5.124541282653809,5,False
3,7.69529914855957,5,False
2,8.80870532989502,8,False
3,10.01045036315918,8,False
0,8.330170631408691,5,False
1,9.70543098449707,7,False
1,9.707700729370117,0,False
2,8.72601318359375,3,False
3,11.868005752563477,5,False
0,11.321488380432129,0,False
2,9.186565399169922,6,False
1,5.955707550048828,9,False
0,10.273841857910156,5,False
3,6.5404229164123535,9,False
1,10.254508018493652,1,False
2,10.558361053466797,5,False
3,9.817599296569824,4,False
0,10.693473815917969,6,False
1,4.6297993659973145,1,False
2,6.10652494430542,5,False
0,9.67757797241211,8,False
3,9.488658905029297,8,False
1,8.73151969909668,0,False
3,9.66176986694336,3,False
0,7.292270660400391,9,False
2,8.037382125854492,3,False
0,8.64288330078125,3,False
2,7.43601131439209,5,False
3,11.370989799499512,0,False
1,11.495362281799316,3,False
3,8.171653747558594,5,False
0,7.57792854309082,5,False
1,10.262264251708984,4,False
2,7.370817184448242,3,False
2,7.78236198425293,5,False
3,7.47038459777832,4,False
1,7.3448286056518555,9,False
0,9.289743423461914,7,False
1,6.974429130554199,7,False
3,8.989059448242188,8,False
0,10.62332820892334,6,False
2,10.304583549499512,3,False
2,8.722061157226562,5,False
1,12.05072021484375,0,False
0,9.990805625915527,3,False
3,7.275229454040527,8,False
0,7.833346366882324,7,False
3,6.823343276977539,7,False
1,9.778340339660645,4,False
2,8.12128734588623,5,False
3,7.683465003967285,0,False
2,11.234804153442383,5,False
1,9.45754623413086,6,False
0,10.72916030883789,2,False
1,9.42608642578125,3,False
0,7.090518951416016,9,False
2,7.630475044250488,7,False
3,12.809774398803711,2,False
0,11.197904586791992,2,False
2,9.12995433807373,5,False
3,8.733148574829102,1,False
1,8.755680084228516,9,False
3,7.312564849853516,7,False
2,10.6898193359375,7,False
0,9.431411743164062,7,False
1,7.908965110778809,1,False
0,10.002349853515625,4,False
3,11.29993724822998,8,False
2,6.315642356872559,7,False
1,10.717333793640137,2,False
0,8.288670539855957,2,False
2,7.719661712646484,8,False
1,8.744453430175781,8,False
3,8.345196723937988,6,False
2,6.872387886047363,5,False
1,9.408153533935547,5,False
0,9.979555130004883,3,False
3,8.48322868347168,8,False
1,7.801232814788818,4,False
2,8.17304801940918,2,False
3,9.478826522827148,7,False
0,7.743672847747803,7,False
1,6.831181049346924,9,False
2,9.520774841308594,4,False
3,7.898468494415283,1,False
0,9.187294006347656,6,False
1,9.861246109008789,9,False
2,7.384165287017822,9,False
0,9.783977508544922,2,False
3,9.270588874816895,0,False
0,8.731045722961426,6,False
3,7.991162300109863,5,False
1,7.225522518157959,9,False
2,8.773818969726562,4,False
2,8.18211841583252,2,False
3,10.758964538574219,4,False
1,9.717401504516602,3,False
0,10.690576553344727,4,False
3,11.228986740112305,5,False
1,10.10869026184082,2,False
2,11.282678604125977,2,False
0,8.309499740600586,8,False
0,11.765750885009766,2,False
1,5.487927436828613,1,False
3,8.451969146728516,0,False
2,7.516745090484619,7,False
0,12.782432556152344,3,False
3,10.577936172485352,2,False
1,8.622795104980469,8,False
2,9.910406112670898,2,False
3,9.534183502197266,5,False
1,11.106535911560059,2,False
2,11.735106468200684,3,False
0,8.748586654663086,4,False
3,7.197939395904541,7,False
1,8.718714714050293,5,False
2,7.41894006729126,9,False
0,11.225744247436523,3,False
2,7.609862327575684,6,False
3,7.01458215713501,7,False
1,8.99828815460205,1,False
0,9.727717399597168,8,False
1,7.490297794342041,8,False
0,8.253759384155273,3,False
2,9.080767631530762,3,False
3,8.473492622375488,5,False
0,10.054527282714844,2,False
3,12.070664405822754,2,False
2,4.526803493499756,1,False
1,8.945830345153809,5,False
2,11.272676467895508,2,False
3,7.964864730834961,7,False
1,10.151625633239746,5,False
0,9.664872169494629,4,False
1,8.365818977355957,1,False
0,10.006265640258789,0,False
2,8.564323425292969,9,False
3,11.320981979370117,5,False
3,9.553367614746094,6,False
0,7.295560836791992,9,False
1,7.88454532623291,5,False
2,11.463079452514648,3,False
3,8.478719711303711,1,False
0,10.25422191619873,1,False
2,11.559171676635742,8,False
1,7.80668306350708,4,False
0,8.67404842376709,7,False
1,8.521918296813965,4,False
3,7.926842212677002,4,False
2,7.748016834259033,7,False
0,8.30701732635498,1,False
1,8.205198287963867,7,False
2,8.978778839111328,5,False
3,7.939574718475342,6,False
1,9.511641502380371,3,False
2,7.7881622314453125,5,False
0,9.03648853302002,1,False
3,11.382989883422852,0,False
0,11.459129333496094,7,False
3,9.362895965576172,4,False
2,11.152542114257812,5,False
1,6.614739894866943,6,False
1,7.27077579498291,1,False
0,7.464654922485352,6,False
3,8.084510803222656,6,False
2,11.585220336914062,2,False
0,6.998287200927734,1,False
3,12.235471725463867,3,False
1,13.470721244812012,2,False
2,10.241897583007812,3,False
2,8.61582088470459,0,False
1,7.725268363952637,3,False
0,7.810007572174072,5,False
3,7.239378929138184,1,False
3,9.520031929016113,3,False
2,8.096559524536133,6,False
0,11.394970893859863,2,False
1,10.179389953613281,6,False
1,10.045198440551758,2,False
3,9.987846374511719,7,False
0,6.7571187019348145,2,False
2,8.407073974609375,7,False
0,9.559060096740723,8,False
2,9.078292846679688,9,False
1,7.186432838439941,1,False
3,7.043344497680664,9,False
1,9.122652053833008,3,False
2,7.977435111999512,1,False
3,7.0605363845825195,4,False
0,10.740828514099121,6,False
0,5.905139923095703,3,False
2,7.382325172424316,1,False
3,7.145086288452148,8,False
1,7.1243743896484375,7,False
0,10.888738632202148,3,False
3,7.823058128356934,9,False
2,7.122079849243164,5,False
1,11.868703842163086,3,False
3,11.3641996383667,0,False
2,13.549114227294922,3,False
1,8.844038009643555,4,False
0,7.299075126647949,8,False
2,10.811761856079102,0,False
1,9.946853637695312,4,False
0,6.212640762329102,9,False
3,6.190547943115234,1,False
3,10.91796875,2,False
2,8.378923416137695,2,False
1,7.227051258087158,5,False
0,7.692626953125,2,False
0,8.473604202270508,0,False
2,9.10561466217041,5,False
3,9.772788047790527,0,False
1,6.769351482391357,8,False
0,5.24904727935791,9,False
3,9.248580932617188,7,False
2,11.139849662780762,3,False
1,8.638778686523438,4,False
2,6.687686920166016,1,False
1,6.781283378601074,8,False
3,7.425669193267822,6,False
0,7.703162670135498,6,False
2,12.18101978302002,3,False
1,8.265735626220703,1,False
0,8.827539443969727,4,False
3,8.655393600463867,9,False
0,11.894088745117188,3,False
3,10.580283164978027,5,False
1,7.719974517822266,4,False
2,10.782228469848633,2,False
2,8.754876136779785,4,False
3,7.119505882263184,1,False
0,6.28734016418457,1,False
1,11.604440689086914,0,False
3,8.840845108032227,9,False
0,9.18592643737793,3,False
1,9.316615104675293,5,False
2,15.281295776367188,3,False
1,10.565343856811523,4,False
0,8.051385879516602,9,False
3,6.2027106285095215,9,False
2,9.34027099609375,6,False
1,9.24364185333252,3,False
3,6.009646415710449,0,False
0,9.551820755004883,1,False
2,8.116782188415527,2,False
0,11.589682579040527,4,False
1,8.287832260131836,3,False
3,8.995050430297852,3,False
2,10.621978759765625,3,False
2,11.277215957641602,0,False
1,7.856584548950195,6,False
3,9.807019233703613,2,False
0,11.061410903930664,3,False
1,7.785888671875,9,False
3,7.524444103240967,1,False
0,9.194644927978516,8,False
2,10.41732406616211,8,False
2,8.861869812011719,2,False
0,8.670920372009277,8,False
1,7.397149085998535,9,False
3,6.812987327575684,7,False
0,10.963695526123047,1,False
3,8.527082443237305,9,False
1,8.221843719482422,6,False
2,9.178194046020508,2,False
1,11.244640350341797,9,False
0,5.383716583251953,1,False
3,8.011669158935547,4,False
2,12.787428855895996,4,False
3,8.84047794342041,5,False
0,7.634069442749023,8,False
2,7.8747944831848145,5,False
1,6.635407447814941,1,False
2,8.425989151000977,4,False
1,11.18156623840332,2,False
0,8.01079273223877,7,False
3,10.88564682006836,4,False
2,10.202714920043945,2,False
0,10.005139350891113,3,False
1,9.34607219696045,1,False
3,7.3575029373168945,4,False
2,9.23592472076416,9,False
3,10.19182014465332,5,False
0,6.792619705200195,7,False
1,7.802738666534424,4,False
1,7.478580474853516,5,False
2,8.768383979797363,2,False
3,7.485503673553467,7,False
0,9.246825218200684,6,False
0,10.412617683410645,0,False
2,9.94384765625,8,False
1,12.69349479675293,3,False
3,7.579723834991455,1,False
1,6.095163345336914,9,False
0,6.969413757324219,0,False
3,12.12704086303711,8,False
2,7.075145721435547,6,False
2,10.951866149902344,7,False
0,10.609811782836914,6,False
3,7.6236186027526855,1,False
1,7.960697174072266,6,False
0,7.824326992034912,5,False
2,9.330617904663086,9,False
1,10.292516708374023,9,False
3,9.617051124572754,1,False
0,8.916747093200684,8,False
3,6.034821033477783,1,False
2,9.947860717773438,0,False
1,10.154487609863281,2,False
3,6.233536720275879,1,False
2,8.713387489318848,1,False
0,7.51345157623291,7,False
1,9.308351516723633,7,False
3,9.60219669342041,0,False
1,9.550958633422852,0,False
2,11.679851531982422,0,False
0,10.059216499328613,3,False
3,9.605767250061035,6,False
1,9.700502395629883,8,False
0,10.268682479858398,0,False
2,7.782913684844971,5,False
0,8.685050010681152,7,False
2,8.200461387634277,6,False
1,6.536852836608887,5,False
3,10.12017822265625,7,False
3,7.417130470275879,1,False
1,8.137837409973145,8,False
0,6.689785003662109,1,False
2,10.540227890014648,2,False
3,9.369314193725586,0,False
0,8.363126754760742,8,False
2,12.149291038513184,3,False
1,6.93614387512207,7,False
3,7.501630783081055,1,False
0,7.288457870483398,8,False
2,8.282052993774414,0,False
1,6.458196640014648,7,False
0,9.332426071166992,1,False
1,8.636539459228516,9,False
3,8.886805534362793,6,False
2,8.262664794921875,1,False
1,7.096469402313232,3,False
3,12.612260818481445,3,False
2,7.723592758178711,0,False
0,8.24452018737793,6,False
0,7.983599662780762,8,False
2,7.762966156005859,3,False
3,8.561858177185059,8,False
1,8.8763427734375,6,False
1,8.886018753051758,2,False
2,8.685586929321289,0,False
3,9.222484588623047,0,False
0,9.699745178222656,8,False
1,10.466530799865723,4,False
0,9.256108283996582,9,False
2,8.54680061340332,8,False
3,7.065868377685547,4,False
1,7.891717433929443,7,False
2,10.90744686126709,5,False
0,5.838959693908691,9,False
3,7.61248779296875,5,False
3,7.315863609313965,8,False
2,8.269227981567383,8,False
0,6.381811141967773,1,False
1,11.396472930908203,5,False
0,8.15833854675293,1,False
3,9.019312858581543,0,False
2,8.15857219696045,0,False
1,10.943331718444824,3,False
3,11.143819808959961,0,False
1,8.202038764953613,0,False
2,8.095463752746582,1,False
0,7.283409595489502,8,False
0,10.204050064086914,2,False
1,8.827295303344727,4,False
3,8.440618515014648,4,False
2,6.7903971672058105,1,False
0,7.642448902130127,7,False
2,7.995767116546631,0,False
1,6.4560227394104,7,False
3,8.351558685302734,5,False
2,7.8651227951049805,7,False
3,7.999650955200195,8,False
1,5.267737865447998,4,False
0,9.038883209228516,9,False
0,9.229951858520508,7,False
1,7.845877647399902,0,False
3,6.76070499420166,9,False
2,8.340927124023438,4,False
0,9.033300399780273,6,False
2,7.241765975952148,4,False
1,9.329780578613281,2,False
3,12.624299049377441,3,False
0,10.445850372314453,5,False
2,6.325255870819092,9,False
3,8.271322250366211,0,False
1,8.184124946594238,5,False
2,9.783601760864258,0,False
0,9.214049339294434,4,False
3,7.748875141143799,7,False
1,9.004918098449707,5,False
1,6.826171398162842,8,False
0,7.790102005004883,1,False
3,6.43538761138916,5,False
2,7.25584077835083,6,False
2,6.006258487701416,3,False
1,9.949309349060059,8,False
0,7.678000450134277,6,False
3,8.684793472290039,1,False
0,7.113527774810791,9,False
2,8.301959991455078,7,False
1,8.407745361328125,3,False
3,8.44735336303711,9,False
1,8.383935928344727,5,False
2,5.332683563232422,1,False
3,8.461219787597656,4,False
0,8.578008651733398,9,False
2,9.023579597473145,7,False
1,10.025632858276367,6,False
3,8.271869659423828,1,False
0,8.139211654663086,2,False
1,6.931633949279785,9,False
2,7.771049499511719,0,False
0,11.434022903442383,4,False
3,8.845050811767578,1,False
0,5.809741973876953,2,False
2,8.12336540222168,5,False
1,11.969290733337402,0,False
3,8.418384552001953,4,False
3,8.51420783996582,2,False
0,13.700102806091309,2,False
1,8.52764892578125,6,False
2,8.141838073730469,5,False
3,9.907479286193848,5,False
0,9.464296340942383,6,False
1,6.978961944580078,5,False
2,9.558472633361816,0,False
2,10.298860549926758,8,False
1,12.198201179504395,3,False
3,9.190226554870605,1,False
0,10.156980514526367,3,False
1,7.780766487121582,6,False
2,8.54258918762207,1,False
0,8.514707565307617,8,False
3,6.895986557006836,6,False
3,12.20124340057373,0,False
1,6.959202766418457,1,False
2,8.730484008789062,9,False
0,9.660503387451172,6,False
1,11.003288269042969,2,False
0,6.717307090759277,8,False
2,8.665521621704102,7,False
3,9.072811126708984,8,False
1,8.413518905639648,4,False
0,6.797912120819092,9,False
3,7.7185797691345215,7,False
2,9.743524551391602,0,False
0,6.499855041503906,0,False
2,9.759842872619629,7,False
1,9.060685157775879,8,False
3,7.575064659118652,6,False
3,9.525035858154297,2,False
1,6.970101356506348,9,False
0,12.029027938842773,7,False
2,8.52572250366211,1,False
0,7.676935195922852,8,False
3,8.933534622192383,0,False
2,8.749402046203613,6,False
1,8.789497375488281,0,False
1,9.369022369384766,4,False
3,11.52672004699707,2,False
2,10.352249145507812,4,False
0,8.749595642089844,9,False
0,7.088027000427246,3,False
3,5.855095863342285,8,False
2,8.558889389038086,2,False
1,6.2056684494018555,1,False
3,9.101102828979492,0,False
2,5.654149055480957,7,False
1,8.386181831359863,0,False
0,8.788290023803711,2,False
1,9.263069152832031,4,False
3,7.180168151855469,7,False
2,9.591858863830566,5,False
0,5.805514812469482,9,False
2,12.315610885620117,6,False
1,7.394293785095215,0,False
3,9.444547653198242,8,False
0,10.526998519897461,3,False
2,9.372262954711914,2,False
1,9.748828887939453,5,False
3,7.282471656799316,6,False
0,9.962678909301758,7,False
1,7.061923980712891,3,False
0,8.854029655456543,4,False
2,10.282045364379883,8,False
3,7.819214820861816,9,False
2,7.225587844848633,7,False
0,11.509631156921387,9,False
3,9.308296203613281,4,False
1,9.211187362670898,2,False
3,8.899288177490234,7,False
1,6.159634113311768,7,False
0,9.64852237701416,2,False
2,8.56302547454834,8,False
2,9.127408981323242,7,False
3,11.582998275756836,9,False
1,8.911508560180664,2,False
0,8.389699935913086,4,False
1,8.01899242401123,0,False
3,7.309581279754639,7,False
2,13.265593528747559,2,False
0,6.467395782470703,5,False
1,9.751462936401367,3,False
2,11.18175983428955,3,False
3,10.127445220947266,0,False
0,6.956469535827637,7,False
0,9.016822814941406,1,False
2,11.071183204650879,1,False
1,10.169670104980469,6,False
3,7.982664108276367,2,False
1,7.035003662109375,8,False
2,5.874582767486572,7,False
3,8.673910140991211,8,False
0,5.369502067565918,1,False
2,9.744858741760254,5,False
0,7.167967796325684,8,False
1,12.188775062561035,2,False
3,6.82065486907959,6,False
0,8.524137496948242,8,False
2,10.125746726989746,8,False
3,9.708715438842773,6,False
1,9.95281982421875,4,False
0,9.082403182983398,4,False
2,8.363227844238281,9,False
3,11.83526611328125,4,False
1,7.611917972564697,6,False
3,10.797836303710938,3,False
1,9.729879379272461,9,False
0,8.905946731567383,4,False
2,8.386274337768555,8,False
2,7.639532089233398,1,False
3,6.5947747230529785,0,False
1,12.966519355773926,2,False
0,10.720696449279785,2,False
2,13.723929405212402,2,False
0,9.816413879394531,6,False
1,8.83276081085205,4,False
3,5.853816032409668,9,False
3,11.573272705078125,9,False
1,9.160218238830566,0,False
2,7.955121994018555,6,False
0,7.1306562423706055,5,False
1,8.484399795532227,3,False
0,6.736652374267578,7,False
2,9.545828819274902,2,False
3,8.044095993041992,1,False
0,10.224201202392578,0,False
1,13.065369606018066,2,False
3,9.21172046661377,5,False
2,8.340790748596191,1,False
1,11.853729248046875,4,False
2,6.9771575927734375,5,False
0,7.999242782592773,6,False
3,7.5697736740112305,4,False
0,7.39442253112793,7,False
2,8.19140625,9,False
3,6.8198137283325195,5,False
1,10.071130752563477,4,False
0,8.33535385131836,4,False
3,12.567548751831055,0,False
1,10.856101989746094,0,False
2,9.063230514526367,2,False
0,6.327275276184082,5,False
1,12.931943893432617,3,False
3,10.750846862792969,0,False
2,8.288382530212402,4,False
3,8.090930938720703,6,False
1,10.493131637573242,6,False
2,8.092795372009277,2,False
0,8.865289688110352,3,False
0,10.188371658325195,4,False
3,7.590618133544922,1,False
2,10.374994277954102,3,False
1,8.38597297668457,9,False
3,8.282512664794922,0,False
1,8.591938018798828,9,False
2,7.990853309631348,4,False
0,8.498062133789062,7,False
0,9.989429473876953,3,False
1,9.015985488891602,2,False
2,9.232646942138672,5,False
3,8.783355712890625,1,False
0,8.358964920043945,4,False
1,8.491900444030762,8,False
2,9.183752059936523,9,False
3,7.3369646072387695,1,False
0,9.644159317016602,1,False
1,8.049124717712402,5,False
2,7.257022380828857,9,False
3,8.31972885131836,0,False
3,8.709171295166016,5,False
0,10.243415832519531,0,False
2,9.501527786254883,7,False
1,13.208749771118164,8,False
1,9.35333251953125,4,False
3,12.376261711120605,3,False
0,6.367785453796387,3,False
2,10.07868766784668,8,False
3,8.927059173583984,5,False
0,9.259364128112793,6,False
1,6.7319865226745605,9,False
2,6.568963527679443,1,False
0,7.927757263183594,5,False
3,7.675650596618652,1,False
2,10.104848861694336,7,False
1,11.017868041992188,0,False
3,7.2101593017578125,1,False
1,12.406584739685059,2,False
2,9.04220962524414,3,False
0,9.358179092407227,5,False
1,11.065479278564453,7,False
0,7.62675142288208,2,False
3,8.819687843322754,0,False
2,9.860039710998535,6,False
0,6.6584343910217285,4,False
1,8.726752281188965,3,False
3,9.832345962524414,3,False
2,10.685918807983398,2,False
1,7.696128845214844,9,False
0,7.516084671020508,8,False
2,8.249798774719238,2,False
3,10.443500518798828,3,False
0,8.372233390808105,6,False
2,5.908865928649902,1,False
1,7.925234794616699,1,False
3,10.151081085205078,0,False
0,9.118460655212402,4,False
3,11.321784973144531,3,False
2,8.267993927001953,4,False
1,8.4865083694458,8,False
3,7.8558831214904785,7,False
0,10.880867004394531,5,False
2,10.153108596801758,5,False
1,11.960148811340332,0,False
1,9.49661636352539,2,False
3,9.037395477294922,9,False
0,10.576051712036133,5,False
2,10.934686660766602,0,False
0,8.623652458190918,3,False
2,9.99826431274414,3,False
1,7.005781650543213,6,False
3,8.08489990234375,0,False
3,8.564408302307129,6,False
1,9.482707977294922,3,False
0,8.833610534667969,3,False
2,8.933032989501953,8,False
0,8.070734024047852,5,False
1,6.957146644592285,6,False
2,7.891000270843506,1,False
3,11.03481388092041,5,False
1,7.88399076461792,4,False
2,7.627802848815918,9,False
3,7.508080005645752,8,False
0,13.969118118286133,3,False
1,9.098262786865234,0,False
0,8.902246475219727,4,False
3,7.403949737548828,9,False
2,6.619381427764893,4,False
1,8.370221138000488,7,False
2,7.93830680847168,4,False
0,6.926357746124268,8,False
3,7.924100875854492,4,False
3,6.730063438415527,9,False
0,8.525444030761719,6,False
2,10.037067413330078,1,False
1,7.912751197814941,1,False
1,7.192716598510742,7,False
3,6.234549522399902,5,False
0,7.066235065460205,3,False
2,12.34896469116211,3,False
3,10.645156860351562,9,False
2,9.617080688476562,3,False
1,9.612687110900879,5,False
0,8.380556106567383,5,False
3,8.358882904052734,8,False
1,7.0894269943237305,9,False
0,6.803090572357178,8,False
2,7.933197975158691,4,False
3,11.021903991699219,4,False
2,6.820099353790283,6,False
1,7.333820343017578,5,False
0,10.186668395996094,6,False
0,8.728145599365234,5,False
2,8.534309387207031,1,False
3,8.963258743286133,5,False
1,9.326129913330078,0,False
2,7.840507507324219,6,False
1,8.571340560913086,5,False
0,10.146492004394531,0,False
3,8.86215591430664,2,False
0,8.676321029663086,8,False
2,8.929861068725586,1,False
3,12.551191329956055,0,False
1,10.735748291015625,4,False
2,11.249235153198242,4,False
0,7.77711296081543,2,False
1,7.931365966796875,5,False
3,9.286172866821289,3,False
2,6.489755630493164,7,False
3,6.665324687957764,1,False
1,10.048282623291016,8,False
0,9.50929069519043,7,False
3,9.254142761230469,2,False
0,10.473213195800781,3,False
1,10.029314994812012,0,False
2,6.904409408569336,1,False
0,8.281816482543945,8,False
3,8.373940467834473,3,False
1,7.622900009155273,5,False
2,7.859419345855713,7,False
3,11.727887153625488,3,False
0,8.02993106842041,8,False
1,8.192174911499023,0,False
2,8.95720100402832,8,False
3,7.291214466094971,7,False
1,6.488551139831543,7,False
2,8.566889762878418,7,False
0,7.772522926330566,9,False
2,12.535051345825195,7,False
3,11.724586486816406,0,False
1,7.970864295959473,4,False
0,6.717558860778809,4,False
0,12.170879364013672,2,False
3,14.301265716552734,4,False
2,9.830814361572266,9,False
1,8.644993782043457,2,False
0,9.707793235778809,3,False
1,10.539721488952637,9,False
2,8.02510929107666,7,False
3,6.483119010925293,1,False
2,12.466233253479004,2,False
0,8.353202819824219,6,False
3,9.708114624023438,4,False
1,6.380002975463867,5,False
3,7.700958251953125,9,False
2,9.756916046142578,7,False
0,6.009379863739014,1,False
1,5.756404876708984,1,False
1,7.743804454803467,8,False
3,13.318246841430664,0,False
0,10.676908493041992,7,False
2,8.25847053527832,3,False
3,6.460082054138184,1,False
0,7.338327407836914,4,False
2,6.110529899597168,9,False
1,8.072993278503418,7,False
2,10.525712013244629,0,False
3,12.153167724609375,8,False
1,14.329559326171875,3,False
0,11.322341918945312,4,False
1,9.319589614868164,1,False
0,14.111820220947266,6,False
3,11.433907508850098,4,False
2,10.521974563598633,0,False
3,7.994842052459717,1,False
2,7.901185035705566,4,False
0,8.560068130493164,4,False
1,8.176979064941406,6,False
3,8.637838363647461,3,False
0,8.843326568603516,4,False
2,11.49444580078125,8,False
1,9.72358512878418,9,False
1,9.87392807006836,5,False
0,11.395120620727539,2,False
2,13.900155067443848,0,False
3,8.377970695495605,6,False
0,5.750355243682861,1,False
3,12.27217960357666,3,False
1,9.969196319580078,2,False
2,7.837730884552002,5,False
1,10.352621078491211,7,False
2,10.247520446777344,6,False
0,7.889657020568848,5,False
3,11.412113189697266,6,False
3,9.057510375976562,7,False
1,7.612303733825684,5,False
0,9.869429588317871,7,False
2,8.480688095092773,4,False
3,8.247875213623047,1,False
0,8.874290466308594,7,False
2,6.8556036949157715,7,False
1,5.664918899536133,2,False
1,8.8948392868042,0,False
3,10.255834579467773,0,False
2,6.830294609069824,5,False
0,7.070772171020508,0,False
2,10.346329689025879,8,False
0,5.634538650512695,9,False
1,4.167597770690918,1,False
3,10.591957092285156,2,False
1,7.633106231689453,1,False
2,9.262457847595215,8,False
0,10.597188949584961,3,False
3,10.226293563842773,0,False
3,8.974184036254883,1,False
1,11.13400650024414,0,False
0,8.812414169311523,7,False
2,6.890390396118164,1,False
2,8.708130836486816,8,False
0,10.677732467651367,0,False
1,10.112112045288086,4,False
3,11.530844688415527,0,False
0,7.19851541519165,8,False
3,12.75275993347168,6,False
2,7.406871795654297,5,False
1,9.368045806884766,2,False
3,8.920125961303711,2,False
2,7.81920051574707,7,False
0,8.67319107055664,5,False
1,5.7815351486206055,1,False
3,9.995122909545898,6,False
1,8.99702262878418,5,False
0,7.372150421142578,5,False
2,11.888778686523438,2,False
0,9.752948760986328,9,False
2,9.111932754516602,2,False
1,12.595168113708496,2,False
3,7.114743232727051,5,False
3,10.029178619384766,6,False
2,9.295854568481445,6,False
1,8.194339752197266,9,False
0,11.347978591918945,2,False
0,8.658248901367188,2,False
3,8.636353492736816,3,False
1,8.276126861572266,8,False
2,10.512264251708984,2,False
2,9.531387329101562,8,False
1,8.179885864257812,1,False
0,7.290717601776123,9,False
3,9.389704704284668,3,False
0,8.732832908630371,8,False
2,6.126256942749023,0,False
1,8.40253734588623,2,False
3,7.981822967529297,1,False
2,9.510690689086914,0,False
1,8.802335739135742,9,False
3,8.344611167907715,8,False
0,8.459118843078613,3,False
2,9.69387435913086,2,False
3,11.501321792602539,4,False
0,9.441194534301758,8,False
1,5.799302101135254,1,False
1,10.662965774536133,7,False
3,6.204537391662598,8,False
2,8.139525413513184,7,False
0,11.619426727294922,2,False
1,10.804220199584961,0,False
0,11.519304275512695,5,False
3,7.582167148590088,8,False
2,8.454498291015625,4,False
0,10.975025177001953,3,False
2,10.337247848510742,4,False
1,5.7637715339660645,5,False
3,9.11568546295166,9,False
2,9.563082695007324,8,False
1,11.6197509765625,0,False
3,9.720258712768555,7,False
0,11.972169876098633,3,False
2,7.530828952789307,9,False
0,8.967206001281738,8,False
3,7.603731155395508,1,False
1,7.343352794647217,0,False
0,10.33541202545166,3,False
3,8.431987762451172,7,False
1,8.069978713989258,9,False
2,8.205780982971191,1,False
1,10.25461196899414,2,False
2,7.272849082946777,8,False
0,9.812969207763672,5,False
3,8.870189666748047,8,False
0,6.508556365966797,1,False
2,8.72024154663086,6,False
1,8.307792663574219,0,False
3,6.597714900970459,8,False
2,4.997317790985107,1,False
3,6.070977210998535,8,False
0,7.575235843658447,5,False
1,7.208314418792725,7,False
2,8.297515869140625,6,False
3,9.515777587890625,0,False
0,9.499467849731445,2,False
1,9.127426147460938,1,False
3,9.502225875854492,2,False
1,7.2585601806640625,5,False
0,8.762200355529785,5,False
2,9.82223892211914,9,False
2,11.89225959777832,4,False
1,7.819725513458252,1,False
0,9.908705711364746,5,False
3,6.726180553436279,5,False
1,10.177760124206543,0,False
2,9.669364929199219,2,False
3,8.743589401245117,9,False
0,7.559502601623535,1,False
1,8.475255966186523,8,False
2,11.063369750976562,3,False
3,9.313333511352539,8,False
0,10.68365478515625,7,False
0,8.109139442443848,3,False
3,9.59097957611084,3,False
2,8.7500581741333,4,False
1,10.990577697753906,3,False
1,10.039684295654297,7,False
2,10.980449676513672,4,False
0,8.561448097229004,1,False
3,8.612702369689941,8,False
1,8.832693099975586,2,False
2,11.171987533569336,2,False
0,13.404655456542969,2,False
3,6.569521427154541,7,False
3,10.287646293640137,8,False
0,7.990503311157227,0,False
2,6.851387977600098,7,False
1,9.107696533203125,5,False
3,9.055702209472656,4,False
2,7.821056365966797,1,False
0,8.83877944946289,4,False
1,11.228020668029785,8,False
3,11.937305450439453,2,False
1,14.642911911010742,2,False
0,9.4542875289917,4,False
2,8.87918472290039,6,False
2,9.618240356445312,2,False
0,6.5326738357543945,1,False
1,9.825563430786133,7,False
3,9.766485214233398,7,False
3,7.936370849609375,4,False
2,7.961211204528809,6,False
1,8.05128288269043,0,False
0,11.400824546813965,2,False
0,6.919647693634033,2,False
3,7.761970520019531,7,False
1,9.25236701965332,4,False
2,10.367791175842285,3,False
1,7.930307388305664,8,False
0,9.147993087768555,2,False
3,10.790990829467773,6,False
2,9.110695838928223,7,False
0,9.707425117492676,6,False
1,9.67286491394043,4,False
2,7.169834136962891,3,False
3,7.9581618309021,7,False
3,10.367875099182129,7,False
2,9.770545959472656,8,False
0,7.690646648406982,5,False
1,8.968023300170898,8,False
0,8.712116241455078,2,False
3,7.624016284942627,7,False
2,9.522113800048828,3,False
1,7.055973052978516,1,False
2,8.05587387084961,5,False
3,10.567864418029785,7,False
0,11.549468994140625,3,False
1,8.77279281616211,2,False
3,9.525155067443848,5,False
0,9.184326171875,7,False
1,7.127616882324219,1,False
2,5.839877128601074,9,False
1,8.872632026672363,9,False
2,8.131429672241211,0,False
3,6.1022491455078125,9,False
0,7.316998481750488,4,False
1,11.976279258728027,5,False
2,9.643318176269531,2,False
3,6.265604019165039,9,False
0,5.629746913909912,9,False
0,8.299238204956055,0,False
3,9.521313667297363,7,False
2,7.783815383911133,7,False
1,6.795156478881836,1,False
3,12.752264976501465,0,False
1,10.717503547668457,4,False
2,7.217214584350586,4,False
0,7.2456560134887695,9,False
0,5.816814422607422,1,False
2,8.683670043945312,9,False
1,11.021781921386719,6,False
3,10.92470932006836,8,False
0,5.8639421463012695,5,False
1,8.838394165039062,8,False
3,10.297201156616211,5,False
2,7.040351390838623,1,False
3,8.97060775756836,9,False
1,8.953411102294922,3,False
2,8.118785858154297,2,False
0,8.718984603881836,5,False
0,7.081363201141357,3,False
2,11.875819206237793,3,False
3,10.216392517089844,0,False
1,6.116054534912109,8,False
3,10.72087287902832,5,False
0,9.139287948608398,0,False
1,6.974724292755127,4,False
2,6.596264839172363,7,False
1,7.445298194885254,9,False
3,10.16427230834961,3,False
2,8.549116134643555,7,False
0,10.227665901184082,0,False
3,7.929390907287598,9,False
1,7.972332000732422,3,False
2,8.127264022827148,9,False
0,10.708702087402344,5,False
0,12.223014831542969,6,False
1,12.242717742919922,2,False
3,8.625868797302246,4,False
2,9.15317153930664,6,False
3,5.865832328796387,1,False
1,9.867315292358398,3,False
2,10.18839168548584,3,False
0,10.658674240112305,0,False
0,10.07826042175293,8,False
2,10.407283782958984,6,False
1,6.823688507080078,7,False
3,12.502166748046875,2,False
3,8.614863395690918,7,False
0,7.737450122833252,1,False
2,7.627050876617432,2,False
1,12.019308090209961,3,False
3,8.956993103027344,4,False
2,9.295910835266113,1,False
1,8.35621166229248,9,False
0,5.934111595153809,9,False
2,9.772258758544922,0,False
3,11.061812400817871,8,False
0,10.372241973876953,2,False
1,8.062305450439453,8,False
3,7.308469772338867,1,False
1,9.051515579223633,5,False
0,9.825031280517578,8,False
2,11.176776885986328,2,False
1,8.640928268432617,5,False
2,10.048452377319336,8,False
3,11.058469772338867,5,False
0,7.035674095153809,0,False
2,10.697067260742188,9,False
1,11.863924026489258,0,False
3,7.878411293029785,0,False
0,6.451484680175781,9,False
0,9.556741714477539,4,False
2,10.798418998718262,7,False
1,10.873083114624023,4,False
3,7.587562561035156,5,False
0,9.511957168579102,0,False
3,7.571915626525879,0,False
1,8.614524841308594,1,False
2,7.202910900115967,1,False
2,10.452518463134766,7,False
1,9.604196548461914,8,False
0,10.223978042602539,8,False
3,9.818511962890625,6,False
0,9.105764389038086,2,False
1,10.095304489135742,2,False
2,6.7673234939575195,1,False
3,7.976813316345215,5,False
0,6.955296993255615,1,False
2,10.502799987792969,6,False
3,7.300506591796875,9,False
1,8.748067855834961,3,False
2,11.62497615814209,8,False
0,9.532438278198242,3,False
1,7.622071743011475,7,False
3,8.701066017150879,2,False
1,8.061334609985352,9,False
0,8.578903198242188,2,False
3,6.243673801422119,6,False
2,8.479199409484863,9,False
1,8.518624305725098,5,False
3,10.371479034423828,7,False
2,11.440203666687012,0,False
0,6.209240913391113,7,False
0,7.420190811157227,2,False
3,10.725632667541504,0,False
2,8.871185302734375,1,False
1,8.9580078125,5,False
2,9.142616271972656,7,False
0,9.440601348876953,5,False
1,9.352432250976562,0,False
3,11.53673267364502,2,False
0,5.840826511383057,4,False
1,6.703591346740723,1,False
2,8.812931060791016,1,False
3,8.545443534851074,2,False
0,9.793805122375488,7,False
1,10.192147254943848,1,False
2,8.772634506225586,5,False
3,10.358922004699707,8,False
3,9.065596580505371,2,False
0,8.396718978881836,6,False
2,9.106348991394043,6,False
1,8.174388885498047,7,False
0,11.956767082214355,2,False
2,7.50510311126709,8,False
3,8.85777473449707,1,False
1,10.110673904418945,0,False
2,10.777382850646973,3,False
1,9.58205509185791,6,False
0,6.344482421875,9,False
3,8.86625862121582,7,False
0,7.682546138763428,6,False
3,5.6561455726623535,5,False
1,10.320728302001953,8,False
2,9.945817947387695,6,False
2,7.318116188049316,3,False
3,8.805524826049805,6,False
0,9.237687110900879,1,False
1,10.14409351348877,7,False
3,8.574651718139648,5,False
0,7.763530731201172,9,False
2,8.665328025817871,6,False
1,10.274835586547852,1,False
1,10.448833465576172,8,False
3,9.279473304748535,7,False
0,9.81837272644043,8,False
2,8.589678764343262,2,False
0,7.862954616546631,8,False
1,7.594445705413818,4,False
3,8.457711219787598,4,False
2,7.789337158203125,0,False
0,9.38821792602539,6,False
1,10.021929740905762,8,False
2,8.735520362854004,8,False
3,6.236511707305908,7,False
0,9.582887649536133,8,False
3,9.689216613769531,2,False
1,11.017844200134277,3,False
2,9.393354415893555,8,False
0,8.324048042297363,2,False
3,9.433774948120117,3,False
2,11.260468482971191,2,False
1,11.91968822479248,0,False
1,7.678254127502441,9,False
3,8.560615539550781,6,False
2,11.99774169921875,2,False
0,10.054672241210938,0,False
1,6.0443525314331055,7,False
0,9.04730224609375,0,False
3,8.719671249389648,1,False
2,8.695085525512695,7,False
3,8.60998249053955,4,False
1,10.394596099853516,7,False
2,9.292206764221191,8,False
0,6.6295061111450195,9,False
3,8.022784233093262,6,False
1,8.674812316894531,7,False
0,9.783740043640137,1,False
2,7.656101703643799,1,False
1,7.570337295532227,1,False
3,11.505110740661621,0,False
2,6.922891616821289,9,False
0,11.351999282836914,3,False
2,9.86016845703125,6,False
1,10.98752212524414,5,False
3,14.284708976745605,2,False
0,6.991638660430908,4,False
1,7.568028450012207,6,False
3,7.6425347328186035,3,False
0,8.583160400390625,5,False
2,13.290042877197266,3,False
0,9.883153915405273,6,False
1,8.824258804321289,6,False
2,10.233331680297852,5,False
3,8.596551895141602,6,False
3,12.575679779052734,2,False
0,9.967182159423828,8,False
2,9.410379409790039,6,False
1,9.031579971313477,0,False
3,7.238738059997559,7,False
0,13.241973876953125,8,False
2,9.201021194458008,9,False
1,10.046602249145508,4,False
2,7.570327281951904,5,False
3,7.8260345458984375,1,False
1,7.435856819152832,5,False
0,10.208686828613281,4,False
3,7.765809059143066,5,False
1,11.415251731872559,5,False
0,13.406167984008789,2,False
2,9.089299201965332,8,False
2,9.007274627685547,5,False
1,8.553226470947266,3,False
3,7.035919189453125,9,False
0,8.793718338012695,7,False
2,9.825270652770996,4,False
1,8.402914047241211,1,False
0,7.989818572998047,2,False
3,8.175713539123535,8,False
2,6.815372467041016,9,False
3,8.69917106628418,3,False
0,9.896631240844727,4,False
1,9.687826156616211,9,False
1,10.302496910095215,9,False
0,8.849380493164062,2,False
2,8.827497482299805,1,False
3,12.332422256469727,0,False
0,9.34678840637207,6,False
3,10.737939834594727,0,False
1,6.612109184265137,9,False
2,13.924308776855469,3,False
2,9.047903060913086,1,False
0,7.547033309936523,5,False
3,9.245409965515137,4,False
1,9.551515579223633,0,False
2,9.24848747253418,3,False
0,9.134891510009766,2,False
3,7.424134731292725,2,False
1,8.935270309448242,8,False
1,7.015985012054443,9,False
3,8.682271003723145,4,False
2,9.341952323913574,4,False
0,10.140908241271973,6,False
3,8.959569931030273,3,False
0,8.383659362792969,7,False
1,12.869912147521973,3,False
2,9.807188987731934,3,False
2,8.577716827392578,7,False
1,9.81141471862793,5,False
3,9.086105346679688,5,False
0,7.596264839172363,1,False
0,7.667783260345459,5,False
3,7.79102897644043,1,False
2,9.266501426696777,4,False
1,10.265546798706055,0,False
0,8.827281951904297,5,False
2,5.826229572296143,7,False
3,7.646988868713379,9,False
1,9.530220031738281,0,False
2,8.912010192871094,4,False
1,6.34722900390625,6,False
0,8.326272964477539,5,False
3,7.63564395904541,9,False
0,8.822477340698242,2,False
1,9.517997741699219,0,False
2,8.479040145874023,6,False
3,8.67959976196289,4,False
3,7.214414596557617,9,False
2,7.8258490562438965,4,False
0,8.5191650390625,9,False
1,10.012435913085938,8,False
1,8.909839630126953,5,False
2,7.622742652893066,5,False
0,8.472685813903809,1,False
3,8.713606834411621,3,False
0,12.605672836303711,2,False
3,8.547025680541992,6,False
2,12.158234596252441,3,False
1,5.43408727645874,9,False
0,11.636271476745605,4,False
1,9.242015838623047,0,False
3,12.605920791625977,3,False
2,15.773414611816406,3,False
3,8.455913543701172,9,False
2,7.00315523147583,6,False
0,9.821952819824219,4,False
1,10.37421989440918,0,False
3,10.088496208190918,3,False
2,8.664112091064453,6,False
1,12.39189338684082,6,False
0,6.5647149085998535,9,False
3,7.2958173751831055,1,False
2,13.990015983581543,8,False
0,9.15014362335205,9,False
1,8.695825576782227,1,False
2,8.385499954223633,5,False
1,11.520389556884766,4,False
0,10.520463943481445,5,False
3,8.198213577270508,9,False
1,5.477116107940674,1,False
0,9.616543769836426,3,False
2,14.654214859008789,2,False
3,5.819158554077148,7,False
3,8.421537399291992,6,False
0,8.306222915649414,7,False
1,7.532132625579834,0,False
2,5.511900424957275,7,False
1,17.02519989013672,8,False
3,8.606308937072754,5,False
2,7.568075656890869,7,False
0,9.633559226989746,7,False
0,7.335255146026611,2,False
2,7.990788459777832,7,False
3,7.324034690856934,9,False
1,10.56940746307373,0,False
3,9.81121826171875,9,False
0,7.358574390411377,1,False
1,7.271248817443848,6,False
2,10.582697868347168,8,False
0,8.926700592041016,9,False
2,8.885587692260742,3,False
3,6.197363376617432,9,False
1,11.441100120544434,4,False
1,8.219593048095703,2,False
3,6.19580078125,1,False
2,10.61202335357666,4,False
0,6.392647743225098,8,False
0,11.206913948059082,4,False
2,6.743808746337891,0,False
3,8.684840202331543,6,False
1,9.163305282592773,0,False
0,10.931336402893066,0,False
1,10.564846992492676,3,False
3,7.862331390380859,8,False
2,9.878805160522461,3,False
2,10.912906646728516,9,False
0,7.634598731994629,7,False
1,7.429356575012207,5,False
3,8.62338924407959,1,False
2,8.987955093383789,7,False
0,11.555459022521973,2,False
3,16.11423110961914,8,False
1,7.710247993469238,1,False
1,6.003398895263672,1,False
0,8.276281356811523,3,False
2,9.617891311645508,0,False
3,8.082557678222656,5,False
1,9.287717819213867,7,False
3,8.0765380859375,6,False
0,7.669213771820068,6,False
2,10.231155395507812,8,False
1,7.625755310058594,7,False
0,10.654840469360352,9,False
2,5.278679370880127,1,False
3,9.756779670715332,4,False
3,8.362685203552246,4,False
0,10.264520645141602,8,False
1,11.021865844726562,2,False
2,13.36300277709961,0,False
3,9.6580228805542,8,False
1,9.494176864624023,4,False
2,8.023679733276367,3,False
0,10.876657485961914,4,False
3,9.960493087768555,3,False
0,6.5766401290893555,9,False
2,8.141265869140625,0,False
1,12.200782775878906,3,False
3,7.900149345397949,6,False
1,9.665351867675781,6,False
0,12.935185432434082,3,False
2,8.674724578857422,9,False
3,10.26167106628418,8,False
0,8.150904655456543,7,False
2,12.412637710571289,5,False
1,10.106285095214844,4,False
1,7.22926139831543,1,False
2,8.292444229125977,4,False
0,7.463838577270508,7,False
3,10.8612060546875,6,False
0,7.964956760406494,1,False
2,8.882589340209961,3,False
3,7.741579532623291,7,False
1,9.07316780090332,5,False
2,9.48853874206543,6,False
0,9.262773513793945,0,False
1,8.673547744750977,0,False
3,8.063283920288086,7,False
1,8.776087760925293,2,False
0,8.942550659179688,0,False
3,7.391709327697754,6,False
2,9.845438957214355,5,False
3,11.47700309753418,8,False
1,8.554168701171875,6,False
0,7.288616180419922,5,False
2,11.979793548583984,2,False
0,9.271369934082031,0,False
1,9.062344551086426,8,False
3,9.157693862915039,1,False
2,7.903077125549316,9,False
1,7.979685306549072,0,False
3,8.478363990783691,5,False
2,10.3195161819458,0,False
0,10.02170467376709,4,False
3,8.400423049926758,8,False
2,10.532482147216797,0,False
1,9.354583740234375,2,False
0,9.010684967041016,1,False
2,10.503002166748047,3,False
0,8.881738662719727,8,False
1,11.475118637084961,7,False
3,6.999683856964111,7,False
2,8.193927764892578,8,False
0,8.132856369018555,8,False
3,6.260605335235596,9,False
1,7.5345048904418945,2,False
0,11.007547378540039,7,False
2,9.697921752929688,3,False
1,8.240352630615234,0,False
3,11.235694885253906,0,False
3,9.697531700134277,2,False
1,10.162717819213867,8,False
2,7.440973281860352,4,False
0,12.055255889892578,0,False
3,12.445966720581055,0,False
1,6.483201503753662,1,False
2,9.960936546325684,0,False
0,10.128218650817871,8,False
3,9.778898239135742,0,False
1,6.560995101928711,7,False
0,8.298831939697266,0,False
2,8.191019058227539,8,False
2,8.441202163696289,6,False
1,7.069102764129639,9,False
3,8.089881896972656,3,False
0,7.516781806945801,5,False
0,9.618997573852539,5,False
2,7.413642883300781,9,False
1,10.115026473999023,0,False
3,10.934968948364258,5,False
0,7.842495441436768,2,False
1,8.818025588989258,1,False
2,7.175899505615234,5,False
3,7.7462663650512695,6,False
2,7.147337913513184,9,False
0,8.139604568481445,8,False
1,7.69942045211792,7,False
3,10.31497573852539,2,False
0,8.205142974853516,2,False
2,6.054730415344238,1,False
3,7.69952392578125,6,False
1,11.008091926574707,0,False
1,7.611966133117676,6,False
2,8.192541122436523,2,False
3,8.489319801330566,8,False
0,9.334152221679688,0,False
2,8.175196647644043,7,False
1,6.288764953613281,1,False
0,9.370439529418945,4,False
3,9.049832344055176,0,False
3,10.43123722076416,4,False
1,9.362053871154785,2,False
0,12.870463371276855,3,False
2,10.146575927734375,2,False
1,9.271422386169434,5,False
3,8.86063003540039,4,False
0,10.58432674407959,6,False
2,13.424577713012695,3,False
2,7.5953779220581055,1,False
1,7.349547863006592,1,False
3,6.54473876953125,5,False
0,8.405115127563477,8,False
2,10.101038932800293,0,False
3,8.24876880645752,5,False
1,10.433216094970703,6,False
0,7.609236240386963,8,False
2,6.380312919616699,9,False
1,6.895147800445557,2,False
3,6.87869119644165,9,False
0,8.429985046386719,8,False
2,9.247024536132812,6,False
3,8.488767623901367,4,False
1,8.299371719360352,5,False
0,8.158036231994629,9,False
2,12.321186065673828,2,False
3,8.375537872314453,1,False
0,10.542898178100586,0,False
1,9.672883987426758,0,False
0,11.974258422851562,3,False
2,9.02031135559082,2,False
1,8.655227661132812,8,False
3,8.777719497680664,1,False
1,7.6377177238464355,4,False
3,9.19754409790039,3,False
0,9.244945526123047,0,False
2,9.466121673583984,6,False
0,10.643285751342773,7,False
1,7.714728832244873,8,False
3,12.202970504760742,0,False
2,8.26824951171875,1,False
1,10.210345268249512,8,False
3,11.998891830444336,0,False
0,13.22261905670166,3,False
2,6.988614082336426,1,False
2,8.364587783813477,5,False
3,10.05504035949707,5,False
1,7.0642805099487305,9,False
0,8.620797157287598,3,False
0,8.797918319702148,1,False
2,9.392913818359375,3,False
1,9.614437103271484,7,False
3,11.44721794128418,0,False
0,10.088484764099121,2,False
3,9.044221878051758,9,False
1,9.106611251831055,2,False
2,8.215845108032227,6,False
2,9.967101097106934,0,False
0,9.685474395751953,6,False
3,7.392938137054443,7,False
1,7.845240116119385,0,False
0,8.221002578735352,3,False
2,8.598159790039062,8,False
3,9.003154754638672,7,False
1,10.330973625183105,2,False
1,9.291585922241211,3,False
0,9.221888542175293,1,False
3,9.187800407409668,6,False
2,9.95163345336914,3,False
0,8.161060333251953,8,False
2,11.133869171142578,0,False
1,6.9596099853515625,7,False
3,9.21171760559082,2,False
3,9.765205383300781,3,False
1,10.826251983642578,3,False
2,10.767391204833984,2,False
0,7.943713188171387,7,False
1,10.474249839782715,7,False
0,9.675514221191406,9,False
3,8.926977157592773,3,False
2,10.075316429138184,3,False
3,12.044723510742188,2,False
2,8.625933647155762,6,False
1,6.860010147094727,4,False
0,9.406057357788086,0,False
2,6.971122741699219,6,False
0,8.134450912475586,0,False
1,11.17848014831543,3,False
3,5.918556213378906,9,False
1,8.91474723815918,6,False
2,10.80486011505127,7,False
0,9.442556381225586,1,False
3,13.4933443069458,3,False
3,9.75826644897461,5,False
0,9.526960372924805,5,False
2,10.403444290161133,6,False
1,10.375415802001953,4,False
0,9.864374160766602,3,False
2,12.95469856262207,6,False
3,11.001007080078125,6,False
1,9.152335166931152,4,False
3,8.384000778198242,7,False
1,8.634902954101562,2,False
0,8.469351768493652,5,False
2,8.887104988098145,8,False
2,10.775729179382324,2,False
1,9.348411560058594,0,False
0,10.566839218139648,2,False
3,9.906610488891602,1,False
2,10.651498794555664,0,False
0,10.15701675415039,4,False
1,7.858282566070557,4,False
3,10.398185729980469,2,False
1,9.081276893615723,0,False
0,11.190973281860352,0,False
3,10.561891555786133,0,False
2,7.696746349334717,5,False
1,5.343045234680176,9,False
3,11.106125831604004,2,False
2,11.501527786254883,3,False
0,8.06729507446289,5,False
1,9.780714988708496,7,False
3,8.342649459838867,3,False
2,8.864643096923828,2,False
0,9.146134376525879,5,False
2,11.07233715057373,4,False
3,9.486451148986816,1,False
0,9.150914192199707,6,False
1,6.744719505310059,1,False
1,9.091972351074219,7,False
0,9.739001274108887,5,False
3,10.622828483581543,8,False
2,10.432600021362305,7,False
3,8.078654289245605,4,False
0,7.807493686676025,7,False
2,7.821808815002441,1,False
1,8.941835403442383,6,False
0,6.76121187210083,8,False
2,11.557979583740234,6,False
3,13.271016120910645,3,False
1,7.750411510467529,8,False
0,7.842581272125244,2,False
1,9.951330184936523,4,False
3,9.88931655883789,8,False
2,10.356679916381836,4,False
1,7.162383079528809,6,False
0,8.499015808105469,4,False
2,10.758313179016113,4,False
3,12.376517295837402,3,False
0,8.092693328857422,9,False
3,11.139471054077148,3,False
1,9.805679321289062,5,False
2,5.8116583824157715,0,False
1,6.479988098144531,9,False
3,10.255256652832031,6,False
0,10.511517524719238,2,False
2,7.698920249938965,1,False
2,10.757728576660156,7,False
3,6.955162525177002,5,False
1,8.334493637084961,7,False
0,8.182138442993164,1,False
2,8.582674026489258,8,False
3,8.631999969482422,4,False
0,8.440252304077148,4,False
1,8.673664093017578,2,False
2,5.804817199707031,1,False
0,9.146059036254883,3,False
3,11.131753921508789,2,False
1,12.593276977539062,6,False
0,9.39848804473877,9,False
1,8.834583282470703,8,False
3,5.672360420227051,7,False
2,9.469013214111328,4,False
0,6.465558052062988,7,False
2,6.541281223297119,7,False
3,8.19674301147461,3,False
1,7.951553821563721,4,False
2,9.571273803710938,7,False
3,7.558729648590088,5,False
0,6.844918727874756,4,False
1,7.204374313354492,7,False
2,9.678346633911133,6,False
3,10.27933120727539,2,False
1,8.627206802368164,6,False
0,12.660442352294922,8,False
0,11.94534683227539,0,False
1,7.56269645690918,7,False
2,11.004312515258789,4,False
3,10.057038307189941,3,False
1,7.958142280578613,8,False
0,5.478984832763672,1,False
3,8.48369312286377,8,False
2,8.881837844848633,1,False
3,7.911651611328125,6,False
2,9.109607696533203,5,False
1,6.312099456787109,9,False
0,7.154572486877441,8,False
1,7.651792526245117,5,False
3,8.607165336608887,5,False
0,9.855222702026367,9,False
2,10.176152229309082,3,False
0,9.438217163085938,6,False
1,9.05186939239502,5,False
3,10.692214965820312,8,False
2,11.309036254882812,8,False
0,8.70136833190918,2,False
1,8.008411407470703,5,False
2,8.836514472961426,4,False
3,10.555230140686035,8,False
0,8.062078475952148,9,False
2,12.018404960632324,0,False
3,7.742365837097168,6,False
1,10.13502311706543,0,False
3,9.526741981506348,1,False
2,11.980326652526855,3,False
0,8.905141830444336,2,False
1,8.333239555358887,1,False
0,8.356420516967773,7,False
3,8.074954986572266,7,False
1,9.234902381896973,3,False
2,10.010350227355957,6,False
1,7.384554386138916,4,False
2,7.640422344207764,5,False
0,10.123899459838867,8,False
3,8.396930694580078,2,False
2,10.369227409362793,4,False
1,9.883248329162598,7,False
0,8.566428184509277,5,False
3,9.362466812133789,4,False
1,10.534591674804688,3,False
3,8.586695671081543,4,False
0,9.000688552856445,1,False
2,8.010245323181152,7,False
2,7.282224655151367,7,False
3,9.695955276489258,0,False
0,8.153510093688965,1,False
1,9.878259658813477,0,False
1,8.250579833984375,4,False
2,7.644243240356445,1,False
0,8.269906044006348,1,False
3,6.066648483276367,1,False
0,10.915826797485352,3,False
2,9.037565231323242,5,False
1,10.077690124511719,4,False
3,8.613212585449219,2,False
3,9.120902061462402,1,False
2,9.52719497680664,9,False
0,10.292089462280273,3,False
1,9.194037437438965,3,False
2,7.518252849578857,5,False
0,6.587048530578613,1,False
3,11.070056915283203,8,False
1,11.339593887329102,4,False
3,9.11064624786377,6,False
0,6.515251636505127,5,False
2,9.762981414794922,9,False
1,10.981358528137207,9,False
2,8.996633529663086,3,False
1,6.725796699523926,7,False
0,14.097549438476562,6,False
3,10.76483154296875,2,False
0,10.492364883422852,8,False
3,7.420689105987549,9,False
2,5.670086860656738,1,False
1,10.261054992675781,3,False
1,8.4407958984375,5,False
0,9.082298278808594,4,False
3,10.447912216186523,0,False
2,7.553428649902344,5,False
1,10.141969680786133,4,False
2,8.957721710205078,5,False
3,11.33736515045166,3,False
0,8.98760986328125,3,False
1,10.18628215789795,7,False
3,6.4014058113098145,5,False
2,9.024358749389648,2,False
0,7.955530643463135,5,False
2,8.02267074584961,6,False
1,8.154766082763672,3,False
3,9.974742889404297,7,False
0,6.428595542907715,7,False
3,5.713253021240234,5,False
0,8.490762710571289,9,False
2,9.676332473754883,5,False
1,6.797805309295654,1,False
0,8.43820858001709,0,False
3,9.69579029083252,2,False
2,10.108549118041992,0,False
1,6.887246608734131,9,False
1,7.118418216705322,5,False
3,10.559566497802734,8,False
0,11.435253143310547,0,False
2,9.60325813293457,4,False
1,11.924308776855469,4,False
0,8.176597595214844,7,False
2,6.780768394470215,7,False
3,10.122706413269043,4,False
3,6.6061506271362305,5,False
1,9.013751029968262,3,False
2,8.133213996887207,5,False
0,9.175690650939941,1,False
3,5.098240852355957,6,False
1,6.852570533752441,1,False
0,12.336069107055664,2,False
2,9.432039260864258,4,False
3,7.522394180297852,5,False
1,12.006442070007324,6,False
0,7.2713303565979,7,False
2,8.66109848022461,2,False
2,12.830648422241211,2,False
1,8.445684432983398,6,False
3,8.499923706054688,9,False
0,9.114518165588379,4,False
2,9.008306503295898,3,False
3,9.443336486816406,7,False
0,8.550024032592773,1,False
1,7.388705253601074,7,False
3,8.897537231445312,1,False
2,9.245809555053711,8,False
1,8.788209915161133,5,False
0,8.697370529174805,6,False
2,6.22282600402832,7,False
0,12.29586410522461,3,False
3,9.923749923706055,3,False
1,8.88338565826416,0,False
3,6.833888530731201,4,False
1,7.866605758666992,4,False
2,9.714681625366211,6,False
0,9.472062110900879,9,False
2,9.484488487243652,7,False
1,10.079534530639648,0,False
0,8.054303169250488,9,False
3,7.596927165985107,1,False
2,9.170610427856445,3,False
1,12.224644660949707,3,False
0,7.259117126464844,1,False
3,10.30816650390625,0,False
3,9.61303997039795,0,False
0,6.353416442871094,2,False
1,7.16585111618042,1,False
2,8.325765609741211,1,False
3,9.800329208374023,0,False
1,10.478025436401367,8,False
0,7.33258056640625,2,False
2,9.084297180175781,8,False
1,9.652695655822754,6,False
3,8.873031616210938,8,False
2,7.768926620483398,5,False
0,9.123987197875977,0,False
3,7.259083271026611,9,False
1,9.174402236938477,5,False
0,14.11393928527832,3,False
2,7.247330665588379,2,False
2,7.085771560668945,7,False
3,9.174328804016113,8,False
0,7.6939191818237305,2,False
1,8.228849411010742,0,False
1,7.01618766784668,4,False
0,8.815628051757812,5,False
3,9.2583589553833,0,False
2,11.070188522338867,3,False
2,7.7896623611450195,9,False
0,10.466232299804688,5,False
3,9.464920997619629,8,False
1,7.993457317352295,8,False
1,9.595224380493164,8,False
2,7.251995086669922,7,False
3,8.25169563293457,6,False
0,7.674126625061035,6,False
0,9.693605422973633,0,False
1,6.965601444244385,6,False
2,7.736130237579346,1,False
3,12.607515335083008,3,False
0,6.459598541259766,9,False
3,6.89309549331665,8,False
1,9.318870544433594,0,False
2,8.380599975585938,4,False
0,9.96725082397461,9,False
3,9.00065803527832,0,False
2,9.610025405883789,2,False
1,9.011218070983887,9,False
2,8.271934509277344,6,False
1,8.999955177307129,4,False
3,6.616343975067139,1,False
0,6.915977478027344,1,False
3,9.915887832641602,5,False
0,7.909842014312744,8,False
2,10.222457885742188,0,False
1,7.081487655639648,1,False
3,8.588874816894531,8,False
2,6.756607532501221,6,False
1,7.66177225112915,4,False
0,13.306406021118164,2,False
0,8.634370803833008,8,False
3,6.668998718261719,9,False
2,11.696653366088867,3,False
1,8.634756088256836,1,False
1,7.685469150543213,6,False
2,7.563042640686035,6,False
3,6.798929214477539,1,False
0,10.303121566772461,5,False
0,10.180313110351562,3,False
1,7.6242170333862305,6,False
2,7.710602760314941,5,False
3,8.734146118164062,4,False
0,9.034290313720703,5,False
1,9.867572784423828,6,False
2,8.611298561096191,2,False
3,9.871413230895996,5,False
0,10.640799522399902,8,False
2,7.092668533325195,1,False
3,8.538084030151367,2,False
1,8.020519256591797,1,False
2,8.731644630432129,2,False
1,7.385533332824707,9,False
0,9.918590545654297,3,False
3,7.510838031768799,5,False
1,8.362102508544922,2,False
0,9.055286407470703,4,False
3,12.319948196411133,2,False
2,12.79192066192627,8,False
2,9.301188468933105,0,False
3,7.632971286773682,6,False
1,11.123302459716797,5,False
0,9.875007629394531,8,False
0,9.234214782714844,8,False
3,7.8794660568237305,6,False
1,10.371381759643555,8,False
2,4.929019927978516,9,False
0,10.337621688842773,3,False
3,6.539680480957031,1,False
1,10.441219329833984,1,False
2,8.031458854675293,7,False
0,6.157745838165283,3,False
3,11.954230308532715,3,False
2,11.28788948059082,3,False
1,6.992354393005371,1,False
1,8.768665313720703,7,False
2,9.702674865722656,7,False
0,9.023833274841309,5,False
3,8.476059913635254,6,False
0,7.175114631652832,5,False
1,7.925477981567383,8,False
2,6.974874496459961,5,False
3,6.809706211090088,6,False
3,8.439483642578125,6,False
0,8.771648406982422,3,False
1,9.026639938354492,6,False
2,7.941076755523682,6,False
1,8.279064178466797,8,False
0,11.072281837463379,0,False
3,7.783886432647705,0,False
2,10.260372161865234,1,False
2,8.527694702148438,7,False
0,7.559370994567871,9,False
3,10.516397476196289,8,False
1,7.896327972412109,1,False
1,8.42300796508789,2,False
3,10.903599739074707,1,False
2,9.759041786193848,4,False
0,8.033835411071777,1,False
0,9.222530364990234,2,False
2,10.279670715332031,7,False
1,8.524663925170898,3,False
3,13.672229766845703,3,False
3,5.459682941436768,1,False
0,10.921332359313965,0,False
2,10.620344161987305,2,False
1,8.964735984802246,8,False
1,5.493443489074707,9,False
2,9.470338821411133,9,False
3,11.246538162231445,0,False
0,8.030438423156738,4,False
1,9.556553840637207,8,False
0,7.343912124633789,1,False
3,8.575623512268066,4,False
2,8.863571166992188,8,False
1,8.824352264404297,0,False
2,10.185262680053711,0,False
0,11.092079162597656,3,False
3,10.848649978637695,2,False
3,8.428579330444336,9,False
0,7.302642345428467,4,False
1,9.388442039489746,9,False
2,7.267663955688477,7,False
0,8.945165634155273,8,False
1,12.303716659545898,8,False
3,10.046286582946777,3,False
2,11.509050369262695,0,False
0,10.12283706665039,4,False
2,8.342934608459473,8,False
3,9.067523956298828,6,False
1,13.6812744140625,0,False
3,7.185969352722168,5,False
2,10.109016418457031,6,False
1,8.764254570007324,9,False
0,9.64897632598877,0,False
1,7.661235809326172,4,False
2,7.15891695022583,7,False
3,8.774542808532715,1,False
0,6.674893856048584,6,False
0,9.222339630126953,1,False
3,8.337677001953125,9,False
2,11.676780700683594,0,False
1,8.101041793823242,4,False
3,10.201528549194336,4,False
0,8.724164962768555,3,False
2,9.125732421875,4,False
1,11.73686408996582,2,False
1,8.29092025756836,7,False
0,5.422878742218018,5,False
3,12.346492767333984,2,False
2,9.832039833068848,2,False
0,6.948055267333984,5,False
1,11.22197151184082,6,False
2,8.794632911682129,8,False
3,9.528099060058594,1,False
3,8.4704008102417,4,False
0,9.033470153808594,5,False
2,10.997121810913086,2,False
1,7.486580848693848,7,False
1,10.210161209106445,2,False
0,9.808833122253418,1,False
3,9.54173755645752,0,False
2,9.293539047241211,4,False
0,9.699905395507812,1,False
1,10.072226524353027,5,False
2,9.126418113708496,4,False
3,8.186545372009277,6,False
1,11.01301383972168,0,False
3,6.8126749992370605,1,False
2,8.744380950927734,4,False
0,6.3855180740356445,6,False
1,8.564590454101562,0,False
3,8.431882858276367,6,False
0,9.080314636230469,4,False
2,8.157390594482422,0,False
2,5.931636810302734,7,False
0,11.375923156738281,0,False
3,9.065423965454102,2,False
1,10.984829902648926,2,False
0,5.481158256530762,1,False
2,9.451120376586914,7,False
3,9.24461841583252,4,False
1,9.235321044921875,4,False
1,6.298591613769531,5,False
3,6.870832443237305,9,False
2,10.674798965454102,0,False
0,7.419029235839844,5,False
2,8.657615661621094,9,False
0,9.959638595581055,6,False
1,12.228785514831543,4,False
3,15.706480026245117,0,False
3,9.615301132202148,4,False
0,10.3345365524292,4,False
1,8.700326919555664,2,False
2,9.386844635009766,2,False
3,6.132397651672363,5,False
1,8.225532531738281,1,False
2,13.894293785095215,3,False
0,7.834731578826904,1,False
0,6.714009761810303,5,False
3,6.86404275894165,9,False
1,6.173560619354248,4,False
2,7.513103485107422,8,False
3,8.92141056060791,4,False
1,10.085542678833008,4,False
2,8.897293090820312,6,False
0,10.334613800048828,3,False
0,11.93449592590332,2,False
2,8.718036651611328,7,False
1,7.243396759033203,9,False
3,10.776573181152344,2,False
1,11.87500286102295,2,False
0,8.620430946350098,1,False
3,11.585965156555176,6,False
2,8.87358283996582,6,False
2,7.549144744873047,0,False
3,7.681186199188232,5,False
0,9.09190559387207,2,False
1,6.00351619720459,4,False
3,8.808051109313965,1,False
0,8.13619613647461,8,False
2,8.700969696044922,7,False
1,7.089724063873291,8,False
1,9.948311805725098,2,False
3,10.393875122070312,0,False
0,8.659725189208984,0,False
2,11.754119873046875,0,False
0,8.18121337890625,9,False
1,10.034558296203613,6,False
2,13.306846618652344,3,False
3,5.175741195678711,2,False
3,7.9148101806640625,9,False
0,10.108229637145996,7,False
1,10.59770393371582,5,False
2,8.630504608154297,8,False
1,8.182541847229004,1,False
2,10.426840782165527,3,False
3,9.600175857543945,7,False
0,9.198535919189453,1,False
3,10.36194896697998,2,False
2,9.26435661315918,6,False
1,8.099188804626465,9,False
0,7.583534240722656,7,False
1,8.226035118103027,5,False
0,6.869063377380371,4,False
3,9.798154830932617,9,False
2,8.42481803894043,7,False
1,9.643045425415039,1,False
3,10.466020584106445,8,False
2,8.789621353149414,0,False
0,12.198954582214355,3,False
1,9.91997241973877,2,False
2,11.464302062988281,2,False
0,8.381914138793945,8,False
3,7.243161678314209,6,False
0,12.0968017578125,0,False
3,9.447599411010742,1,False
2,10.615127563476562,3,False
1,9.023621559143066,3,False
1,8.51099967956543,8,False
3,8.770171165466309,9,False
2,9.591775894165039,2,False
0,7.943490028381348,5,False
0,7.12597131729126,2,False
1,12.797110557556152,4,False
2,5.937066078186035,1,False
3,11.008852005004883,5,False
0,12.734537124633789,2,False
1,8.703551292419434,4,False
3,12.890213012695312,2,False
2,8.125706672668457,1,False
2,8.313508033752441,9,False
1,10.784904479980469,5,False
0,10.722414016723633,1,False
3,6.483345985412598,1,False
0,5.114155292510986,1,False
3,9.508438110351562,3,False
2,10.134373664855957,3,False
1,9.008342742919922,8,False
2,6.853320598602295,1,False
1,7.4515767097473145,5,False
3,6.743194103240967,9,False
0,10.346626281738281,7,False
2,7.231854438781738,5,False
3,8.120512008666992,5,False
1,10.264640808105469,3,False
0,10.351394653320312,1,False
0,6.2523040771484375,1,False
2,9.484030723571777,5,False
3,8.049152374267578,1,False
1,7.349545001983643,5,False
0,6.658293724060059,1,False
3,8.54820728302002,5,False
2,5.272885799407959,9,False
1,7.290701866149902,6,False
1,10.15512466430664,8,False
3,7.84178352355957,2,False
2,8.100801467895508,1,False
0,8.637174606323242,6,False
0,9.711837768554688,7,False
2,12.922235488891602,2,False
1,8.67974853515625,8,False
3,10.982534408569336,4,False
3,8.530194282531738,6,False
0,7.6460652351379395,3,False
2,7.224343776702881,4,False
1,10.780065536499023,3,False
0,7.516624927520752,6,False
1,9.982114791870117,4,False
3,6.989999771118164,7,False
2,9.64492416381836,2,False
1,8.069025039672852,4,False
0,8.145097732543945,1,False
2,9.840384483337402,8,False
3,8.923483848571777,9,False
1,8.679056167602539,8,False
2,9.329243659973145,8,False
3,9.449385643005371,5,False
0,8.404699325561523,4,False
3,12.453731536865234,8,False
0,7.009751319885254,7,False
1,12.166184425354004,8,False
2,8.221002578735352,1,False
1,9.340558052062988,8,False
3,8.044775009155273,3,False
0,11.810572624206543,3,False
2,8.906648635864258,7,False
2,11.568042755126953,4,False
0,9.569852828979492,9,False
3,7.437566757202148,1,False
1,12.575204849243164,6,False
0,10.073078155517578,6,False
2,10.184112548828125,3,False
1,6.9010844230651855,4,False
3,9.511460304260254,0,False
2,7.902693748474121,3,False
1,6.596900939941406,4,False
0,7.329850196838379,7,False
3,10.069657325744629,6,False
3,12.534415245056152,6,False
1,10.504998207092285,2,False
0,8.782489776611328,3,False
2,10.466522216796875,8,False
3,10.104438781738281,3,False
1,8.24997615814209,5,False
0,9.876579284667969,6,False
2,7.841225624084473,1,False
0,6.5169525146484375,7,False
3,11.05427360534668,7,False
1,10.353540420532227,0,False
2,9.185057640075684,9,False
1,9.411064147949219,6,False
3,9.391883850097656,1,False
2,7.645567893981934,9,False
0,10.111835479736328,1,False
3,7.509437561035156,6,False
1,7.24641227722168,7,False
2,8.481185913085938,5,False
0,8.381673812866211,6,False
2,11.290079116821289,3,False
3,5.891338348388672,1,False
0,8.718766212463379,1,False
1,6.560863971710205,4,False
0,11.483407974243164,0,False
2,9.738189697265625,6,False
3,11.004562377929688,0,False
1,6.791119575500488,1,False
2,7.413299560546875,6,False
1,7.674579620361328,7,False
3,10.716951370239258,0,False
0,7.352062225341797,4,False
3,6.917921543121338,1,False
1,7.753993511199951,1,False
0,6.6977033615112305,0,False
2,10.280195236206055,5,False
0,6.901856899261475,9,False
2,10.171035766601562,5,False
1,10.109353065490723,3,False
3,7.0435791015625,2,False
1,10.354736328125,8,False
3,8.551572799682617,9,False
0,10.132686614990234,2,False
2,7.80079460144043,3,False
0,8.351616859436035,8,False
1,8.214847564697266,4,False
3,10.134045600891113,9,False
2,9.839958190917969,6,False
0,9.806184768676758,7,False
3,9.08917236328125,7,False
2,8.397693634033203,6,False
1,11.499025344848633,4,False
1,7.519554138183594,1,False
3,8.857202529907227,2,False
2,9.040205955505371,5,False
0,8.124842643737793,8,False
2,7.954529285430908,8,False
0,8.077272415161133,1,False
3,7.448454856872559,7,False
1,11.444744110107422,0,False
2,7.966753005981445,5,False
3,7.776723384857178,8,False
0,6.726802349090576,9,False
1,11.449196815490723,2,False
0,7.064583778381348,4,False
3,7.111739635467529,4,False
1,7.6429924964904785,0,False
2,10.337739944458008,3,False
0,10.586112022399902,0,False
1,8.064799308776855,9,False
2,7.0148420333862305,7,False
3,8.78791618347168,2,False
0,11.299442291259766,3,False
1,10.613487243652344,5,False
2,7.659962177276611,2,False
3,10.502477645874023,2,False
0,10.020973205566406,9,False
3,12.469887733459473,0,False
2,8.74730110168457,8,False
1,12.030384063720703,2,False
0,14.738325119018555,3,False
1,9.816545486450195,5,False
3,12.072248458862305,6,False
2,9.285527229309082,7,False
3,8.842208862304688,9,False
1,12.189376831054688,3,False
2,8.096366882324219,6,False
0,5.642618179321289,9,False
1,8.984989166259766,9,False
0,8.47370433807373,2,False
2,10.931758880615234,3,False
3,8.89913558959961,0,False
3,7.391607284545898,7,False
2,9.681535720825195,8,False
0,10.480127334594727,8,False
1,7.602073669433594,8,False
3,10.029777526855469,3,False
0,7.518831253051758,9,False
1,6.568554878234863,9,False
2,8.324819564819336,5,False
2,10.321557998657227,1,False
3,7.464922904968262,1,False
0,9.136754989624023,4,False
1,7.6977219581604,1,False
3,9.47661304473877,4,False
1,12.731493949890137,3,False
0,8.967458724975586,7,False
2,7.802284240722656,5,False
1,7.237794876098633,1,False
0,8.602483749389648,5,False
2,8.625443458557129,3,False
3,9.82870101928711,6,False
1,10.171070098876953,7,False
3,12.016867637634277,7,False
0,8.356746673583984,1,False
2,10.431290626525879,6,False
2,8.44621467590332,9,False
0,10.03389835357666,0,False
1,7.603285789489746,6,False
3,10.427711486816406,1,False
3,8.161880493164062,4,False
2,9.87872314453125,2,False
1,9.456781387329102,8,False
0,8.406006813049316,9,False
1,9.856382369995117,9,False
3,11.812527656555176,8,False
0,5.386094570159912,7,False
2,8.056916236877441,4,False
1,8.322800636291504,4,False
0,7.37252140045166,7,False
3,8.772014617919922,7,False
2,8.841056823730469,6,False
3,7.835485935211182,1,False
1,8.73098373413086,3,False
0,13.569938659667969,5,False
2,6.63776159286499,1,False
0,9.669944763183594,1,False
2,8.465410232543945,9,False
3,9.164667129516602,9,False
1,14.215253829956055,3,False
0,8.002006530761719,9,False
2,8.77938461303711,6,False
1,7.069128513336182,1,False
3,12.03380012512207,8,False
1,8.11158561706543,2,False
0,10.066939353942871,3,False
2,7.226778030395508,1,False
3,8.657313346862793,1,False
1,9.626737594604492,9,False
3,9.116500854492188,1,False
0,8.477594375610352,9,False
2,8.778244018554688,8,False
0,13.086846351623535,7,False
2,7.828239917755127,9,False
3,9.080453872680664,8,False
1,11.902542114257812,0,False
2,9.369644165039062,4,False
1,8.703614234924316,1,False
3,10.526930809020996,2,False
0,7.243481159210205,2,False
0,7.279163360595703,5,False
1,8.133062362670898,1,False
3,12.514434814453125,5,False
2,7.790120601654053,3,False
0,7.207909107208252,7,False
2,9.376358985900879,5,False
1,9.859858512878418,8,False
3,6.1285529136657715,6,False
0,8.620203971862793,4,False
2,11.01330280303955,7,False
3,8.27918529510498,6,False
1,11.76907730102539,8,False
2,6.2228546142578125,9,False
3,8.934423446655273,3,False
0,5.93465518951416,0,False
1,12.015897750854492,0,False
0,8.580268859863281,8,False
1,7.971092224121094,1,False
2,10.783208847045898,3,False
3,9.277892112731934,8,False
1,9.652257919311523,9,False
2,10.534515380859375,2,False
0,8.701601028442383,9,False
3,10.687849044799805,3,False
3,12.861146926879883,2,False
0,8.011137008666992,6,False
1,8.80846118927002,8,False
2,8.213611602783203,7,False
3,6.851279258728027,1,False
0,10.590957641601562,0,False
1,7.907604217529297,4,False
2,10.934171676635742,1,False
1,7.027642250061035,8,False
2,7.141054630279541,4,False
3,12.055648803710938,0,False
0,10.998313903808594,3,False
0,7.056594371795654,8,False
3,8.333651542663574,7,False
1,6.917309761047363,5,False
2,6.934103965759277,1,False
2,9.167377471923828,3,False
3,11.2938232421875,8,False
0,10.347418785095215,9,False
1,11.888131141662598,6,False
2,7.8658952713012695,2,False
1,9.892084121704102,6,False
0,7.558816909790039,4,False
3,7.795430660247803,5,False
2,5.620499610900879,2,False
0,9.873748779296875,8,False
3,6.469969272613525,7,False
1,9.577962875366211,0,False
3,6.590535640716553,8,False
2,9.944597244262695,7,False
0,7.751247406005859,7,False
1,10.138575553894043,3,False
0,10.085972785949707,2,False
2,7.291476249694824,7,False
1,5.567305564880371,7,False
3,8.630314826965332,9,False
3,7.596317291259766,9,False
1,8.144611358642578,5,False
2,8.790897369384766,1,False
0,10.47976303100586,0,False
0,7.369028091430664,1,False
1,8.669824600219727,7,False
3,10.46875,2,False
2,8.769615173339844,5,False
1,12.78903579711914,2,False
2,9.577532768249512,5,False
3,10.915430068969727,6,False
0,7.177626609802246,5,False
0,8.549461364746094,5,False
1,8.857671737670898,3,False
3,6.510322570800781,6,False
2,10.205418586730957,3,False
0,7.907052993774414,7,False
1,10.084342956542969,0,False
2,11.029168128967285,6,False
3,14.791463851928711,2,False
0,10.562341690063477,3,False
3,10.729242324829102,0,False
2,9.335549354553223,6,False
1,7.826502323150635,3,False
1,11.07567024230957,7,False
3,8.326337814331055,5,False
0,14.609050750732422,3,False
2,10.350804328918457,2,False
3,7.362846374511719,1,False
2,8.091010093688965,7,False
0,8.8665771484375,7,False
1,10.780101776123047,4,False
1,8.832832336425781,9,False
0,8.354082107543945,3,False
2,7.734696865081787,2,False
3,10.039030075073242,4,False
0,7.2480788230896,1,False
2,9.971975326538086,5,False
3,8.202361106872559,3,False
1,10.006369590759277,6,False
0,12.413031578063965,2,False
3,11.84251594543457,0,False
1,6.807573318481445,1,False
2,6.0651750564575195,9,False
0,11.8959321975708,6,False
2,10.971576690673828,6,False
1,10.547930717468262,4,False
3,14.234148025512695,2,False
1,8.446659088134766,3,False
3,11.533690452575684,6,False
2,9.611445426940918,4,False
0,6.600923538208008,1,False
2,9.920384407043457,5,False
1,7.142185211181641,1,False
0,7.748724937438965,6,False
3,8.718082427978516,1,False
0,9.417163848876953,7,False
2,7.795662879943848,9,False
3,9.174057006835938,4,False
1,9.333914756774902,8,False
1,12.252419471740723,3,False
0,7.469110012054443,0,False
2,9.90527057647705,2,False
3,8.22543716430664,4,False
0,8.999763488769531,5,False
2,6.541825294494629,9,False
3,7.5943098068237305,1,False
1,10.330114364624023,6,False
0,10.608827590942383,6,False
2,7.896378517150879,0,False
3,6.974318981170654,6,False
1,8.426656723022461,8,False
1,9.240495681762695,7,False
0,7.915302753448486,6,False
2,8.025487899780273,2,False
3,8.724414825439453,1,False
0,11.965662956237793,2,False
1,10.613365173339844,3,False
3,9.872288703918457,0,False
2,7.322832107543945,9,False
2,8.810900688171387,7,False
0,6.33482551574707,8,False
1,9.469079971313477,1,False
3,8.44241714477539,0,False
1,7.784977912902832,1,False
3,9.060942649841309,6,False
2,9.07542610168457,0,False
0,10.684516906738281,4,False
0,9.879987716674805,5,False
3,7.910158157348633,4,False
1,7.966315269470215,4,False
2,6.8989410400390625,1,False
3,8.649955749511719,9,False
1,11.22004222869873,3,False
2,9.83703899383545,8,False
0,8.331762313842773,3,False
0,7.899307727813721,4,False
1,7.956401824951172,6,False
2,10.27883529663086,0,False
3,7.916980266571045,1,False
0,8.602575302124023,7,False
1,11.815423011779785,2,False
2,8.635276794433594,8,False
3,6.804532051086426,9,False
3,6.642827033996582,7,False
0,10.493536949157715,0,False
2,9.989200592041016,0,False
1,10.640998840332031,2,False
0,9.91552448272705,4,False
3,10.1751127243042,5,False
2,7.3600287437438965,2,False
1,8.056035041809082,9,False
0,5.786974906921387,9,False
1,9.792810440063477,6,False
3,7.183234214782715,7,False
2,9.1178617477417,7,False
1,7.5964884757995605,4,False
0,8.62149715423584,2,False
2,12.315603256225586,2,False
3,9.74755859375,6,False
1,11.03965950012207,4,False
3,7.139711380004883,8,False
2,9.733585357666016,1,False
0,10.638811111450195,8,False
3,7.720880508422852,1,False
2,7.8107452392578125,0,False
0,8.073760032653809,6,False
1,8.697088241577148,4,False
1,8.91250991821289,3,False
0,6.297324180603027,9,False
3,10.620586395263672,3,False
2,7.2754340171813965,5,False
0,9.853028297424316,8,False
3,8.284396171569824,4,False
2,9.49740219116211,2,False
1,6.406091690063477,5,False
3,9.041805267333984,3,False
2,10.204277992248535,3,False
1,8.125805854797363,4,False
0,7.141469955444336,5,False
2,6.734684467315674,6,False
3,12.721935272216797,2,False
0,7.416626930236816,3,False
1,9.857398986816406,3,False
1,7.166840553283691,0,False
0,10.309861183166504,8,False
3,11.024785041809082,2,False
2,10.454659461975098,6,False
0,9.027849197387695,4,False
1,11.199934959411621,4,False
3,12.644367218017578,7,False
2,8.885920524597168,8,False
0,8.750066757202148,5,False
1,8.110574722290039,1,False
3,8.595844268798828,8,False
2,12.57326889038086,2,False
1,5.668844223022461,9,False
3,10.609657287597656,2,False
0,9.17891788482666,4,False
2,9.776005744934082,3,False
3,9.481632232666016,1,False
2,7.337863922119141,3,False
1,8.32253646850586,1,False
0,8.577499389648438,5,False
0,10.866618156433105,2,False
3,9.001409530639648,8,False
1,11.049077987670898,3,False
2,7.208944320678711,7,False
3,6.065028190612793,7,False
1,6.992083549499512,5,False
2,12.683573722839355,6,False
0,9.444737434387207,9,False
3,9.655746459960938,8,False
1,9.370342254638672,4,False
0,9.568868637084961,8,False
2,7.73240852355957,9,False
2,8.761964797973633,8,False
0,5.2451324462890625,9,False
3,5.76613712310791,9,False
1,9.5571870803833,0,False
2,9.20883560180664,3,False
3,9.569108963012695,6,False
0,11.279301643371582,0,False
1,8.246557235717773,7,False
3,8.102985382080078,4,False
1,9.675088882446289,3,False
0,5.523965835571289,7,False
2,8.21121597290039,0,False
1,8.990468978881836,7,False
0,8.438531875610352,3,False
3,5.505271911621094,9,False
2,9.679800033569336,8,False
0,7.440006256103516,1,False
1,6.029727458953857,1,False
3,7.571941375732422,1,False
2,7.174765586853027,0,False
2,8.272775650024414,0,False
3,9.416606903076172,3,False
1,8.602906227111816,1,False
0,7.497107982635498,1,False
1,10.538031578063965,2,False
2,7.481010437011719,7,False
0,10.64793586730957,4,False
3,8.445550918579102,8,False
3,7.803328990936279,1,False
1,8.248270034790039,6,False
0,8.929259300231934,4,False
2,9.766515731811523,6,False
2,6.801568508148193,2,False
3,10.342145919799805,6,False
0,7.5382914543151855,7,False
1,8.974084854125977,3,False
3,8.979976654052734,7,False
1,7.279017925262451,8,False
0,11.257379531860352,7,False
2,10.58881950378418,6,False
0,8.633430480957031,5,False
3,8.975793838500977,7,False
2,10.397764205932617,6,False
1,9.668169975280762,2,False
0,10.192779541015625,0,False
1,7.877106666564941,6,False
3,8.61778736114502,2,False
2,7.664875507354736,4,False
3,10.29714584350586,9,False
0,8.996654510498047,1,False
1,9.81806755065918,8,False
2,9.012596130371094,0,False
0,10.45351791381836,0,False
1,6.829927921295166,4,False
2,7.656032562255859,5,False
3,5.830426216125488,9,False
1,9.066014289855957,2,False
3,8.169912338256836,0,False
2,11.193963050842285,6,False
0,9.919411659240723,4,False
1,8.367204666137695,4,False
3,13.369546890258789,3,False
2,7.704324722290039,9,False
0,7.796088218688965,6,False
0,9.61744499206543,6,False
1,8.917861938476562,3,False
2,9.284538269042969,2,False
3,8.344677925109863,9,False
2,8.286407470703125,0,False
0,8.573456764221191,6,False
3,6.895020484924316,4,False
1,8.866798400878906,8,False
0,9.67015266418457,1,False
3,8.285869598388672,5,False
1,6.749714374542236,7,False
2,10.09838581085205,8,False
2,7.158252716064453,8,False
0,9.47044563293457,6,False
3,8.059456825256348,9,False
1,8.849973678588867,8,False
3,7.941003322601318,9,False
0,10.506088256835938,5,False
2,9.8507080078125,6,False
1,10.073116302490234,6,False
0,7.547884464263916,1,False
2,10.286628723144531,0,False
1,7.782224655151367,8,False
3,6.932131767272949,9,False
2,8.919893264770508,0,False
0,5.989255905151367,9,False
1,7.273910999298096,0,False
3,11.013492584228516,4,False
3,8.835495948791504,7,False
1,9.045408248901367,7,False
0,6.221053123474121,1,False
2,8.358623504638672,1,False
2,8.84620475769043,0,False
1,7.842754364013672,6,False
3,7.71037483215332,1,False
0,7.764415264129639,1,False
3,6.586719036102295,6,False
0,9.592378616333008,8,False
1,13.119338989257812,2,False
2,11.318196296691895,4,False
3,9.946040153503418,6,False
0,7.71576452255249,9,False
1,11.756270408630371,2,False
2,10.3280029296875,0,False
1,7.51131534576416,1,False
3,8.75448226928711,7,False
2,8.261887550354004,6,False
0,9.544729232788086,0,False
0,8.091856002807617,7,False
3,7.705527305603027,4,False
2,6.260951042175293,7,False
1,8.892301559448242,4,False
0,8.321267127990723,7,False
2,8.857800483703613,5,False
1,11.659187316894531,6,False
3,7.970276832580566,8,False
2,8.915226936340332,5,False
3,9.049581527709961,2,False
0,9.876216888427734,3,False
1,9.108016014099121,0,False
2,7.192788124084473,6,False
0,8.582727432250977,6,False
1,7.875123977661133,5,False
3,9.347755432128906,6,False
3,9.801478385925293,2,False
0,8.897150039672852,0,False
1,9.732013702392578,5,False
2,8.061053276062012,0,False
3,9.44457721710205,5,False
1,7.8743767738342285,6,False
2,9.571075439453125,9,False
0,7.509342670440674,1,False
2,10.838354110717773,3,False
1,9.686378479003906,5,False
0,11.980422973632812,2,False
3,11.876504898071289,0,False
2,8.475589752197266,5,False
1,8.399105072021484,1,False
3,9.534770011901855,0,False
0,8.648574829101562,0,False
0,9.728991508483887,8,False
1,8.458320617675781,1,False
3,6.031949043273926,9,False
2,8.939128875732422,7,False
3,11.775815963745117,2,False
0,8.211984634399414,3,False
2,12.540098190307617,7,False
1,7.019903182983398,1,False
2,8.43148422241211,7,False
3,6.758274555206299,0,False
0,7.2224273681640625,7,False
1,9.41058349609375,4,False
3,10.675260543823242,0,False
1,8.738935470581055,6,False
2,7.947591781616211,8,False
0,8.360946655273438,6,False
0,10.37615966796875,3,False
2,10.62805461883545,2,False
1,6.470260143280029,7,False
3,8.87771987915039,1,False
1,9.604921340942383,5,False
0,7.987862586975098,6,False
3,8.446531295776367,4,False
2,11.393257141113281,5,False
0,14.476030349731445,6,False
3,8.762474060058594,4,False
1,10.395082473754883,4,False
2,8.001291275024414,0,False
2,10.382927894592285,3,False
3,7.26634407043457,6,False
1,9.068548202514648,9,False
0,8.811971664428711,4,False
0,7.687616348266602,7,False
1,7.92706298828125,7,False
2,8.74329948425293,6,False
3,11.696836471557617,4,False
2,9.559894561767578,4,False
0,11.738038063049316,3,False
3,9.204339027404785,0,False
1,9.091851234436035,5,False
1,9.735431671142578,0,False
0,10.931160926818848,4,False
2,10.06223201751709,0,False
3,7.064820289611816,7,False
1,7.823107719421387,2,False
3,10.970451354980469,3,False
2,11.8818359375,6,False
0,10.184070587158203,8,False
3,9.433540344238281,8,False
0,7.505343914031982,5,False
2,10.854289054870605,0,False
1,10.019176483154297,3,False
2,6.7172698974609375,4,False
1,5.55576229095459,1,False
0,12.219653129577637,3,False
3,10.48491382598877,4,False
3,7.222046852111816,1,False
2,6.3328351974487305,0,False
1,9.562507629394531,7,False
0,10.570032119750977,4,False
2,10.3001070022583,3,False
0,9.35495662689209,4,False
1,7.233973026275635,7,False
3,7.111597061157227,5,False
0,9.621827125549316,9,False
3,5.765717029571533,1,False
1,6.371944427490234,0,False
2,10.123598098754883,5,False
3,7.346048831939697,4,False
2,7.957501411437988,1,False
1,7.788618087768555,2,False
0,9.026139259338379,3,False
3,10.752852439880371,3,False
2,6.628775596618652,1,False
1,8.987544059753418,3,False
0,6.037996292114258,1,False
0,7.159757614135742,5,False
3,8.719609260559082,2,False
1,7.468132019042969,9,False
2,7.583917617797852,5,False
0,7.1129961013793945,7,False
3,7.691128730773926,8,False
1,9.598983764648438,2,False
2,6.772114276885986,4,False
0,9.114774703979492,9,False
2,7.148562431335449,5,False
3,7.630136013031006,3,False
1,6.305429935455322,6,False
0,8.398981094360352,0,False
1,6.382962226867676,9,False
2,8.304485321044922,1,False
3,7.937071800231934,6,False
1,11.922762870788574,8,False
3,11.435407638549805,2,False
0,8.157509803771973,0,False
2,7.376344203948975,1,False
1,10.703786849975586,8,False
0,7.058559417724609,6,False
2,9.470973014831543,6,False
3,12.841562271118164,3,False
1,7.367038249969482,4,False
0,8.48403263092041,1,False
2,11.82319450378418,4,False
3,9.452122688293457,6,False
1,7.278146743774414,9,False
3,8.388872146606445,5,False
0,9.56380844116211,7,False
2,6.597572326660156,4,False
1,10.72914981842041,2,False
0,9.16586685180664,9,False
2,8.451035499572754,5,False
3,8.682195663452148,6,False
0,8.690845489501953,4,False
3,7.418591022491455,1,False
2,9.290191650390625,9,False
1,9.045933723449707,1,False
1,9.834630966186523,7,False
0,5.000231742858887,1,False
3,10.761774063110352,8,False
2,7.882036209106445,1,False
0,7.168261528015137,5,False
1,7.501473903656006,9,False
3,10.968863487243652,0,False
2,9.4199857711792,3,False
0,11.744386672973633,2,False
2,11.58857536315918,2,False
1,11.498678207397461,2,False
3,8.414085388183594,7,False
3,9.619726181030273,8,False
0,8.989263534545898,4,False
2,10.913681983947754,6,False
1,6.095483779907227,4,False
3,9.010929107666016,0,False
1,5.914755821228027,7,False
0,8.86935043334961,8,False
2,8.201896667480469,7,False
0,9.384208679199219,9,False
3,9.048334121704102,5,False
2,12.50777530670166,6,False
1,8.011558532714844,3,False
3,9.788290977478027,0,False
0,6.553376197814941,1,False
2,8.662932395935059,1,False
1,11.560991287231445,3,False
3,7.457490921020508,5,False
1,11.383970260620117,2,False
2,9.01096248626709,0,False
0,7.354670524597168,8,False
2,11.03496265411377,2,False
1,10.001379013061523,4,False
3,8.889983177185059,0,False
0,7.920696258544922,9,False
2,8.53402042388916,5,False
0,12.087583541870117,8,False
3,8.037582397460938,4,False
1,8.947769165039062,5,False
3,7.405026435852051,8,False
1,8.262691497802734,2,False
2,7.266788005828857,7,False
0,8.87320327758789,7,False
0,7.99580192565918,7,False
2,8.334721565246582,8,False
1,12.052103996276855,8,False
3,8.892721176147461,0,False
0,7.999276161193848,3,False
2,10.589157104492188,8,False
1,10.08997631072998,0,False
3,8.507671356201172,0,False
2,11.659265518188477,2,False
1,7.703979969024658,8,False
0,8.561013221740723,6,False
3,9.116798400878906,7,False
0,11.062816619873047,5,False
1,6.918879985809326,1,False
3,9.270320892333984,8,False
2,12.949068069458008,0,False
2,11.053610801696777,5,False
1,7.60936975479126,7,False
0,7.431098461151123,9,False
3,9.831940650939941,8,False
1,7.9408698081970215,6,False
3,9.680886268615723,5,False
0,8.29823112487793,8,False
2,8.185308456420898,1,False
3,7.868419647216797,0,False
1,10.469184875488281,6,False
0,8.181058883666992,0,False
2,6.331517219543457,2,False
3,8.571298599243164,1,False
1,8.004347801208496,4,False
2,8.29636287689209,0,False
0,7.659156322479248,0,False
0,7.869513511657715,8,False
2,6.56276798248291,8,False
1,7.706914901733398,6,False
3,10.001283645629883,9,False
3,8.25122356414795,7,False
0,8.654300689697266,4,False
1,9.057819366455078,5,False
2,10.862281799316406,2,False
0,8.259642601013184,9,False
2,8.702669143676758,8,False
3,9.585309028625488,4,False
1,6.745672225952148,2,False
1,7.410983085632324,8,False
0,10.034557342529297,7,False
2,11.152046203613281,2,False
3,7.014585494995117,9,False
2,6.967668533325195,7,False
3,8.468534469604492,6,False
0,11.15568733215332,2,False
1,9.278379440307617,4,False
0,8.411589622497559,5,False
2,6.598310470581055,1,False
3,10.850220680236816,3,False
1,11.131572723388672,8,False
3,7.126008033752441,9,False
1,8.336904525756836,6,False
2,9.813135147094727,4,False
0,7.970324516296387,5,False
2,5.994403839111328,9,False
3,8.90674877166748,1,False
1,7.75404167175293,1,False
0,9.066789627075195,2,False
0,8.903276443481445,5,False
3,5.708897113800049,5,False
1,7.7500505447387695,1,False
2,8.66145133972168,6,False
2,9.512405395507812,3,False
0,5.4891204833984375,5,False
3,8.596435546875,6,False
1,9.414237976074219,8,False
2,7.05723237991333,2,False
1,7.548995494842529,1,False
3,6.774831771850586,2,False
0,8.549312591552734,8,False
0,10.197162628173828,6,False
2,8.409067153930664,6,False
1,7.306480407714844,0,False
3,8.337451934814453,5,False
0,7.508111000061035,4,False
2,11.800439834594727,2,False
3,7.146660327911377,6,False
1,9.83564567565918,0,False
0,11.58683967590332,2,False
3,9.981258392333984,3,False
2,6.32375431060791,6,False
1,9.765989303588867,7,False
0,7.581680774688721,4,False
2,7.435847282409668,4,False
3,9.335984230041504,7,False
1,9.904865264892578,6,False
1,10.548636436462402,0,False
2,9.809383392333984,7,False
3,10.144472122192383,2,False
0,9.443925857543945,8,False
3,6.764448642730713,1,False
1,8.4436616897583,0,False
0,9.077298164367676,8,False
2,7.812399864196777,3,False
0,8.750027656555176,6,False
1,9.432634353637695,3,False
2,9.480566024780273,7,False
3,9.428274154663086,2,False
0,9.128628730773926,4,False
2,8.092605590820312,9,False
3,6.622015953063965,0,False
1,8.591985702514648,4,False
2,8.059589385986328,6,False
3,8.416893005371094,2,False
0,7.881979465484619,9,False
1,7.169710159301758,9,False
0,5.618896961212158,1,False
3,10.460655212402344,0,False
2,9.093825340270996,5,False
1,7.779537200927734,8,False
2,10.977958679199219,8,False
0,6.908001899719238,0,False
3,8.960641860961914,6,False
1,14.317347526550293,3,False
1,9.144760131835938,3,False
0,7.089118003845215,1,False
2,9.396217346191406,6,False
3,8.399895668029785,8,False
0,7.774704456329346,0,False
3,6.2315592765808105,1,False
2,9.692525863647461,0,False
1,10.886457443237305,2,False
2,9.629798889160156,8,False
0,7.947044372558594,8,False
3,10.184150695800781,4,False
1,6.744894027709961,8,False
3,7.362245082855225,4,False
1,9.88349723815918,8,False
2,8.708271026611328,9,False
0,6.7826151847839355,1,False
0,10.190662384033203,3,False
1,10.650784492492676,4,False
3,8.226272583007812,5,False
2,9.639511108398438,2,False
0,6.8382649421691895,1,False
3,11.117420196533203,3,False
1,9.255403518676758,2,False
2,7.900867938995361,8,False
0,7.493863105773926,4,False
2,7.409139156341553,9,False
3,8.154107093811035,1,False
1,9.535234451293945,7,False
0,8.772228240966797,7,False
1,10.257455825805664,4,False
2,10.136709213256836,8,False
3,9.714080810546875,5,False
0,12.681892395019531,6,False
3,8.67338752746582,1,False
2,7.123822212219238,7,False
1,9.602977752685547,3,False
1,9.922414779663086,8,False
0,9.601522445678711,0,False
2,7.6917805671691895,1,False
3,7.7138285636901855,7,False
2,8.566917419433594,0,False
0,8.161299705505371,9,False
3,10.019451141357422,6,False
1,9.83123779296875,3,False
3,9.215171813964844,8,False
1,6.369714736938477,5,False
0,7.042013168334961,9,False
2,8.46297550201416,7,False
0,7.119989395141602,6,False
2,7.351268291473389,7,False
3,7.406707763671875,5,False
1,9.20068359375,3,False
3,9.703393936157227,5,False
1,13.675320625305176,2,False
0,7.285749435424805,7,False
2,7.259072780609131,2,False
2,7.381721019744873,7,False
0,9.186677932739258,8,False
3,7.593736171722412,5,False
1,7.9615583419799805,1,False
1,6.8967766761779785,4,False
2,7.557842254638672,0,False
3,10.1233491897583,0,False
0,9.588860511779785,7,False
1,8.31641960144043,5,False
0,8.1337890625,9,False
3,10.087019920349121,2,False
2,8.678625106811523,6,False
0,6.967778205871582,8,False
1,10.147948265075684,0,False
3,9.014558792114258,9,False
2,9.399263381958008,2,False
0,8.373403549194336,8,False
3,7.340958595275879,7,False
2,9.75247573852539,7,False
1,7.210555076599121,9,False
0,5.305789947509766,9,False
1,10.244205474853516,3,False
2,7.095248699188232,9,False
3,9.025859832763672,2,False
0,11.21997356414795,3,False
2,7.447402000427246,5,False
3,9.56494140625,1,False
1,7.65139102935791,0,False
2,8.907736778259277,5,False
0,10.352161407470703,4,False
1,11.997370719909668,3,False
3,9.32463264465332,0,False
3,4.582873344421387,9,False
1,11.009652137756348,0,False
2,10.369075775146484,3,False
0,7.753857612609863,7,False
0,7.152705669403076,1,False
3,7.922666072845459,0,False
1,8.191376686096191,4,False
2,7.587584495544434,9,False
0,9.473986625671387,8,False
1,12.05579662322998,7,False
3,9.520194053649902,3,False
2,12.470626831054688,3,False
0,7.010327339172363,8,False
3,8.956480026245117,5,False
1,7.380138397216797,3,False
2,8.252716064453125,6,False
3,9.647563934326172,5,False
1,6.24339485168457,9,False
0,8.197564125061035,5,False
2,10.179344177246094,9,False
2,7.700502395629883,7,False
1,9.909638404846191,2,False
0,7.452512741088867,4,False
3,8.655168533325195,1,False
3,7.483428001403809,2,False
2,7.194637775421143,6,False
0,5.992932319641113,5,False
1,10.432793617248535,3,False
2,10.044561386108398,3,False
3,10.569319725036621,0,False
0,9.794097900390625,4,False
1,8.046662330627441,8,False
0,7.8950276374816895,4,False
1,7.917820930480957,6,False
3,6.384544372558594,8,False
2,9.571200370788574,4,False
1,5.690721035003662,9,False
3,8.508583068847656,7,False
0,12.265007019042969,3,False
2,8.730565071105957,7,False
2,8.897842407226562,1,False
3,9.928323745727539,3,False
0,9.206388473510742,6,False
1,10.13652229309082,1,False
0,6.586119651794434,1,False
1,8.211597442626953,5,False
2,6.571733474731445,5,False
3,9.04508113861084,6,False
2,11.484821319580078,7,False
0,6.733364105224609,1,False
1,8.034090042114258,1,False
3,9.185660362243652,7,False
2,9.008345603942871,9,False
3,7.500339984893799,9,False
0,7.9512529373168945,0,False
1,9.178869247436523,5,False
3,7.149110317230225,7,False
1,8.931032180786133,1,False
0,9.768148422241211,0,False
2,8.944315910339355,7,False
0,8.06965160369873,5,False
2,9.183221817016602,5,False
3,12.226884841918945,0,False
1,6.4414167404174805,9,False
1,7.002738952636719,5,False
0,7.357726573944092,8,False
3,7.023561477661133,7,False
2,9.495882987976074,1,False
3,12.953670501708984,7,False
2,9.289169311523438,9,False
0,10.817770004272461,3,False
1,9.76341724395752,8,False
3,11.705533981323242,3,False
1,10.180353164672852,6,False
2,9.175457954406738,5,False
0,7.029850006103516,2,False
2,8.35879135131836,1,False
0,6.216859817504883,9,False
3,8.631306648254395,8,False
1,7.450150012969971,9,False
3,7.270564556121826,9,False
2,8.540555953979492,2,False
1,10.454265594482422,3,False
0,9.322589874267578,8,False
3,6.470198631286621,4,False
2,7.971033573150635,1,False
0,7.813608169555664,6,False
1,9.065471649169922,1,False
2,9.23758316040039,6,False
0,6.965504169464111,9,False
3,11.36263656616211,7,False
1,11.959248542785645,6,False
3,7.8589887619018555,0,False
2,11.868221282958984,3,False
1,9.933294296264648,8,False
0,7.895854949951172,1,False
2,8.531447410583496,5,False
3,9.34462833404541,0,False
0,6.0103254318237305,5,False
1,7.556240558624268,9,False
1,11.280146598815918,2,False
2,8.33051872253418,8,False
0,9.869640350341797,8,False
3,7.110821723937988,6,False
3,7.39414119720459,4,False
2,9.292250633239746,8,False
0,7.02447509765625,6,False
1,9.444257736206055,1,False
1,4.264828681945801,1,False
3,11.244941711425781,9,False
2,9.05533218383789,7,False
0,9.927545547485352,2,False
3,8.011079788208008,2,False
0,9.566683769226074,8,False
1,9.708660125732422,3,False
2,9.33845043182373,6,False
1,11.071425437927246,2,False
0,10.935970306396484,3,False
3,8.012130737304688,5,False
2,10.633740425109863,0,False
3,9.31782341003418,4,False
2,6.212779521942139,7,False
0,7.514637470245361,3,False
1,10.230392456054688,0,False
1,6.81184196472168,5,False
3,9.200549125671387,6,False
2,7.312192916870117,6,False
0,9.323447227478027,5,False
1,8.14536190032959,7,False
3,9.532247543334961,3,False
2,7.9988555908203125,7,False
0,9.048759460449219,9,False
0,8.98968505859375,5,False
2,8.37874698638916,6,False
3,10.29539680480957,3,False
1,11.923147201538086,2,False
0,5.645028114318848,6,False
2,9.793338775634766,2,False
3,7.878868103027344,8,False
1,10.694788932800293,1,False
0,10.916513442993164,7,False
2,10.527416229248047,6,False
3,8.179265022277832,4,False
1,6.607155799865723,5,False
3,12.281225204467773,4,False
0,8.040511131286621,8,False
1,9.746658325195312,3,False
2,8.575499534606934,7,False
2,5.989666938781738,5,False
1,7.907232284545898,1,False
3,7.7462921142578125,9,False
0,7.819997787475586,8,False
1,11.741565704345703,4,False
3,9.127025604248047,2,False
0,6.845912456512451,6,False
2,8.217475891113281,5,False
1,9.772756576538086,5,False
3,12.910757064819336,7,False
0,8.06832504272461,5,False
2,9.700156211853027,6,False
3,10.722627639770508,6,False
1,8.375104904174805,4,False
2,13.29842472076416,3,False
0,7.644753932952881,9,False
3,10.653144836425781,4,False
1,7.956354141235352,4,False
0,10.27669906616211,3,False
2,7.834624290466309,8,False
2,6.0653791427612305,1,False
0,8.413121223449707,1,False
1,7.047990322113037,7,False
3,6.846787452697754,1,False
0,7.645325660705566,1,False
2,7.29099178314209,6,False
3,8.274552345275879,1,False
1,9.674745559692383,0,False
1,5.409700870513916,9,False
2,8.40845775604248,3,False
0,9.114245414733887,0,False
3,6.56358528137207,7,False
3,8.038843154907227,9,False
1,11.958541870117188,6,False
0,7.511969566345215,9,False
2,9.138776779174805,5,False
1,10.802236557006836,8,False
3,8.637076377868652,0,False
0,7.606112957000732,7,False
2,9.202669143676758,7,False
3,7.616466522216797,9,False
1,7.536585807800293,9,False
2,8.408501625061035,7,False
0,8.672951698303223,4,False
0,11.093635559082031,3,False
1,7.90670108795166,7,False
2,9.440532684326172,3,False
3,9.4326171875,0,False
3,9.216825485229492,0,False
1,10.130334854125977,9,False
2,7.500891208648682,9,False
0,11.505865097045898,4,False
0,8.837739944458008,1,False
1,7.155551433563232,3,False
2,10.116432189941406,3,False
3,11.511921882629395,1,False
3,5.736324310302734,9,False
1,10.674251556396484,0,False
0,9.527603149414062,8,False
2,11.656942367553711,2,False
2,9.323432922363281,4,False
0,9.898679733276367,9,False
1,9.9900484085083,1,False
3,10.424688339233398,7,False
2,6.7697954177856445,9,False
3,7.58574104309082,8,False
0,14.90951156616211,2,False
1,8.950826644897461,2,False
1,8.509096145629883,3,False
2,7.777552604675293,5,False
3,9.650985717773438,8,False
0,7.259119033813477,6,False
3,10.595762252807617,3,False
1,7.753896713256836,8,False
0,7.926031589508057,6,False
2,7.713319778442383,1,False
1,8.719343185424805,2,False
3,8.734073638916016,8,False
2,8.886841773986816,6,False
0,8.40298843383789,6,False
1,9.093130111694336,7,False
2,10.22026252746582,3,False
3,6.905505657196045,8,False
0,8.366434097290039,6,False
2,7.357686519622803,1,False
1,6.04850435256958,9,False
3,9.419836044311523,9,False
0,8.654825210571289,7,False
2,8.60196304321289,4,False
1,6.070616722106934,1,False
0,7.773205280303955,5,False
3,10.829877853393555,4,False
2,8.028096199035645,4,False
1,8.565804481506348,9,False
0,7.031650543212891,9,False
3,7.332217216491699,9,False
0,9.296405792236328,0,False
2,10.351607322692871,2,False
3,7.418300628662109,9,False
1,9.223203659057617,1,False
0,10.45468807220459,2,False
2,8.596604347229004,7,False
1,6.398388385772705,9,False
3,6.451836585998535,7,False
0,8.868611335754395,4,False
3,5.524328231811523,1,False
1,7.685483932495117,1,False
2,11.1140775680542,0,False
0,8.882440567016602,1,False
2,8.058208465576172,5,False
3,8.811094284057617,1,False
1,9.62337589263916,7,False
0,13.911985397338867,8,False
1,11.111040115356445,9,False
3,7.1709771156311035,8,False
2,9.458165168762207,5,False
3,10.597246170043945,3,False
2,10.845781326293945,4,False
1,9.294538497924805,6,False
0,9.743282318115234,4,False
1,8.561845779418945,8,False
2,9.85532283782959,8,False
0,7.879849910736084,1,False
3,8.824882507324219,1,False
0,9.809154510498047,6,False
2,6.644075393676758,7,False
3,8.480538368225098,7,False
1,9.471389770507812,6,False
0,9.278642654418945,3,False
3,10.919734954833984,6,False
1,8.556928634643555,1,False
2,10.567144393920898,5,False
0,8.0655517578125,2,False
3,8.990215301513672,2,False
2,9.10092544555664,8,False
1,10.270851135253906,2,False
3,7.518731117248535,5,False
0,10.163267135620117,9,False
2,8.623250007629395,1,False
1,10.059913635253906,0,False
2,8.956122398376465,5,False
0,8.862184524536133,5,False
3,7.908407211303711,1,False
1,7.541563987731934,8,False
1,9.170146942138672,0,False
3,7.410214424133301,5,False
0,8.002187728881836,9,False
2,12.349903106689453,3,False
0,8.357577323913574,8,False
3,9.205349922180176,6,False
1,7.209542751312256,1,False
2,8.364574432373047,9,False
3,12.831280708312988,3,False
1,9.166155815124512,7,False
0,6.745777606964111,4,False
2,10.097208976745605,8,False
1,10.231180191040039,2,False
2,10.591347694396973,5,False
3,7.451464653015137,6,False
0,10.495467185974121,3,False
3,8.938764572143555,4,False
1,10.94158935546875,0,False
2,8.048845291137695,7,False
0,8.558792114257812,4,False
1,10.149504661560059,7,False
0,14.19862174987793,3,False
3,9.469733238220215,5,False
2,9.650728225708008,4,False
3,6.992641448974609,4,False
0,8.069198608398438,4,False
2,7.487144470214844,7,False
1,10.671262741088867,1,False
3,6.2464423179626465,7,False
2,10.319938659667969,4,False
1,10.408671379089355,6,False
0,12.228670120239258,3,False
1,12.026593208312988,3,False
2,12.246713638305664,0,False
0,12.81584644317627,3,False
3,8.27763557434082,9,False
2,7.82161808013916,0,False
3,8.562747955322266,8,False
0,12.361688613891602,8,False
1,8.683442115783691,4,False
2,10.103073120117188,3,False
0,9.703689575195312,0,False
1,8.40256118774414,8,False
3,10.175934791564941,5,False
3,9.534124374389648,0,False
0,8.994071006774902,9,False
1,11.189717292785645,3,False
2,11.452301025390625,0,False
1,6.6261138916015625,7,False
3,7.194622993469238,4,False
2,11.453739166259766,2,False
0,9.305442810058594,5,False
0,7.935019493103027,1,False
2,8.26748275756836,3,False
1,8.821378707885742,4,False
3,7.918502330780029,7,False
0,7.931952476501465,5,False
1,10.937597274780273,3,False
2,9.279727935791016,5,False
3,8.031829833984375,2,False
3,11.224549293518066,3,False
2,8.82357406616211,4,False
0,8.733625411987305,2,False
1,8.486625671386719,7,False
0,9.861751556396484,4,False
2,11.593772888183594,3,False
1,7.506069660186768,1,False
3,7.482794761657715,5,False
0,7.393542766571045,9,False
1,8.275812149047852,6,False
2,10.391996383666992,7,False
3,10.507635116577148,5,False
3,9.02236557006836,0,False
2,10.782614707946777,4,False
1,8.479753494262695,3,False
0,9.29321002960205,3,False
0,7.7332353591918945,6,False
3,9.9339599609375,4,False
1,6.153207778930664,9,False
2,7.864776134490967,7,False
3,8.44007682800293,5,False
2,11.550601959228516,0,False
0,9.226091384887695,1,False
1,9.077266693115234,6,False
3,9.821956634521484,9,False
1,9.396235466003418,7,False
0,7.2576069831848145,0,False
2,9.077668190002441,8,False
2,10.872068405151367,3,False
3,8.280250549316406,9,False
1,9.865870475769043,9,False
0,8.164551734924316,6,False
3,8.94318675994873,5,False
0,11.274540901184082,4,False
2,8.433906555175781,9,False
1,8.38056755065918,4,False
3,13.381332397460938,0,False
1,11.510767936706543,6,False
0,9.045697212219238,1,False
2,7.210836887359619,7,False
1,7.004397392272949,6,False
2,9.509088516235352,7,False
0,9.816452026367188,8,False
3,10.96835708618164,0,False
2,7.490077972412109,5,False
3,9.987611770629883,5,False
1,9.447403907775879,4,False
0,7.00595760345459,1,False
1,8.600682258605957,3,False
0,8.759096145629883,8,False
3,9.633130073547363,1,False
2,6.734442710876465,6,False
0,8.825361251831055,1,False
2,9.094058990478516,4,False
1,9.252805709838867,3,False
3,14.41829776763916,6,False
2,10.436923027038574,7,False
3,6.446658134460449,9,False
0,7.98568868637085,1,False
1,9.727546691894531,1,False
0,6.499342918395996,6,False
2,8.913579940795898,1,False
1,8.428613662719727,7,False
3,10.065671920776367,3,False
3,7.3206987380981445,2,False
0,11.575711250305176,8,False
1,9.227530479431152,3,False
2,10.416013717651367,8,False
3,10.75410270690918,8,False
2,8.282957077026367,3,False
1,9.06976318359375,7,False
0,7.89725399017334,1,False
0,7.038347244262695,7,False
1,10.663596153259277,2,False
3,8.156312942504883,7,False
2,7.167234897613525,8,False
3,11.078290939331055,0,False
1,8.545797348022461,4,False
0,9.9242525100708,1,False
2,9.757837295532227,4,False
0,8.17475700378418,6,False
2,9.862394332885742,0,False
1,11.633230209350586,2,False
3,8.15027141571045,9,False
2,11.400968551635742,8,False
3,8.88188362121582,7,False
1,6.767210483551025,9,False
0,10.346002578735352,6,False
0,5.965631008148193,9,False
1,11.448846817016602,2,False
3,12.068984985351562,2,False
2,9.523157119750977,4,False
0,12.125958442687988,3,False
2,8.895125389099121,9,False
3,9.707815170288086,5,False
1,7.780176162719727,6,False
2,7.950192451477051,7,False
0,8.614823341369629,4,False
3,11.598810195922852,0,False
1,9.39358139038086,2,False
3,7.891509532928467,1,False
1,6.499650955200195,1,False
0,7.51727819442749,0,False
2,12.206567764282227,0,False
3,5.36574649810791,7,False
0,8.046420097351074,9,False
2,8.893972396850586,8,False
1,7.144442558288574,9,False
3,8.795024871826172,7,False
2,6.917751789093018,0,False
1,12.430635452270508,4,False
0,8.833063125610352,3,False
0,8.247928619384766,0,False
2,7.832205772399902,8,False
1,8.260459899902344,5,False
3,8.070831298828125,1,False
1,9.437535285949707,8,False
2,10.31092357635498,4,False
0,8.10051155090332,9,False
3,8.071030616760254,8,False
3,10.822589874267578,3,False
1,10.638973236083984,3,False
2,9.923288345336914,6,False
0,9.199210166931152,3,False
3,6.938302993774414,0,False
1,7.721512317657471,4,False
0,11.412446975708008,8,False
2,5.874011993408203,7,False
0,9.21507453918457,0,False
2,6.776171684265137,5,False
1,7.856929779052734,1,False
3,9.876920700073242,8,False
3,8.116657257080078,0,False
1,9.479703903198242,3,False
0,10.502059936523438,3,False
2,7.4735941886901855,8,False
2,6.490660190582275,4,False
3,6.128891468048096,6,False
0,8.805364608764648,5,False
1,10.103139877319336,3,False
1,11.82397747039795,7,False
3,10.250262260437012,3,False
0,9.383467674255371,6,False
2,8.999310493469238,7,False
2,6.936724662780762,9,False
3,6.365345001220703,4,False
1,6.654417037963867,6,False
0,7.582851886749268,9,False
0,10.05548095703125,0,False
1,6.231218338012695,9,False
3,10.05089282989502,3,False
2,8.43100643157959,5,False
1,9.27476978302002,6,False
2,9.0012845993042,6,False
3,8.278867721557617,3,False
0,8.730016708374023,4,False
1,11.264795303344727,3,False
2,8.972198486328125,3,False
3,10.851593017578125,0,False
0,6.073612213134766,7,False
3,7.055476665496826,1,False
0,9.575506210327148,4,False
2,10.618266105651855,6,False
1,8.687122344970703,6,False
2,8.805357933044434,4,False
1,10.750905990600586,3,False
0,7.4943952560424805,8,False
3,6.817334175109863,1,False
0,10.439902305603027,4,False
2,8.71829605102539,3,False
1,9.833508491516113,6,False
3,9.658852577209473,9,False
3,9.109652519226074,7,False
2,7.46517276763916,8,False
0,7.526852607727051,7,False
1,7.592893600463867,2,False
0,9.273590087890625,5,False
2,5.88778829574585,2,False
1,11.429952621459961,5,False
3,10.46996784210205,7,False
1,9.116392135620117,5,False
0,8.650758743286133,6,False
3,10.805228233337402,3,False
2,11.316666603088379,0,False
3,9.492938995361328,5,False
2,7.096617698669434,8,False
1,6.121041297912598,1,False
0,9.059098243713379,6,False
2,12.126458168029785,0,False
0,6.4950785636901855,4,False
1,5.494968414306641,5,False
3,9.893205642700195,9,False
3,5.446401596069336,9,False
2,5.724233150482178,8,False
1,10.190637588500977,2,False
0,10.569965362548828,8,False
0,12.52805233001709,7,False
1,8.999749183654785,8,False
2,9.869695663452148,6,False
3,8.16955852508545,1,False
3,6.58305549621582,7,False
2,9.000722885131836,7,False
1,13.416823387145996,2,False
0,10.686225891113281,2,False
3,8.449960708618164,6,False
2,8.443328857421875,1,False
0,8.676660537719727,2,False
1,8.609160423278809,7,False
0,8.78892993927002,3,False
2,9.807018280029297,6,False
1,13.319493293762207,3,False
3,7.0636796951293945,9,False
3,7.37838077545166,9,False
0,14.797014236450195,3,False
2,10.324664115905762,3,False
1,7.876247406005859,7,False
1,8.860784530639648,7,False
2,8.70854663848877,1,False
3,9.330879211425781,4,False
0,8.978128433227539,9,False
1,7.172157287597656,1,False
3,7.782830715179443,4,False
0,7.9614667892456055,1,False
2,10.882596969604492,3,False
1,6.945773124694824,7,False
3,9.687167167663574,5,False
2,9.690104484558105,4,False
0,8.298298835754395,8,False
2,8.534488677978516,8,False
1,6.858121395111084,9,False
0,7.481844902038574,2,False
3,9.019206047058105,0,False
3,5.805704593658447,9,False
2,6.483996391296387,9,False
0,10.24584674835205,6,False
1,7.137633323669434,8,False
2,7.034500598907471,9,False
1,10.878971099853516,3,False
3,7.925093650817871,4,False
0,7.517458438873291,5,False
1,10.261383056640625,7,False
2,10.791948318481445,2,False
0,9.538007736206055,6,False
3,8.407493591308594,9,False
3,7.267455101013184,7,False
1,8.517993927001953,8,False
0,7.211397171020508,5,False
2,13.274651527404785,3,False
0,8.887394905090332,5,False
1,9.270793914794922,1,False
3,5.3618574142456055,7,False
2,7.8105692863464355,6,False
0,7.673155307769775,1,False
2,7.79988431930542,7,False
1,9.53950023651123,2,False
3,6.422194480895996,6,False
0,10.132698059082031,3,False
3,7.2382049560546875,1,False
2,6.868255138397217,1,False
1,9.45808219909668,3,False
0,8.787446975708008,1,False
1,8.059587478637695,4,False
3,7.1009674072265625,2,False
2,8.718791961669922,5,False
2,8.310526847839355,6,False
3,6.598142623901367,1,False
1,9.581188201904297,2,False
0,9.616668701171875,0,False
0,7.01047420501709,6,False
3,9.350549697875977,0,False
2,8.625195503234863,8,False
1,9.117270469665527,3,False
1,9.292892456054688,8,False
3,8.452620506286621,7,False
2,10.937503814697266,5,False
0,8.127176284790039,1,False
2,8.800644874572754,6,False
3,9.964553833007812,2,False
1,5.265115737915039,1,False
0,11.247926712036133,6,False
2,7.853851795196533,9,False
3,7.954277038574219,9,False
1,9.575185775756836,9,False
0,10.417181015014648,2,False
0,7.674657344818115,6,False
2,7.276463985443115,1,False
3,10.215862274169922,4,False
1,9.910598754882812,8,False
3,9.755146026611328,4,False
2,6.69556999206543,1,False
1,10.632991790771484,2,False
0,12.975828170776367,2,False
2,10.973069190979004,3,False
0,10.627473831176758,8,False
1,6.3899922370910645,4,False
3,8.650264739990234,1,False
0,9.418985366821289,7,False
3,7.823952674865723,4,False
1,6.997375965118408,5,False
2,9.152116775512695,4,False
0,9.379425048828125,0,False
1,9.481619834899902,9,False
3,11.819116592407227,0,False
2,9.090238571166992,4,False
3,7.679987907409668,2,False
1,8.269360542297363,7,False
2,7.627316474914551,1,False
0,9.050702095031738,4,False
0,11.331981658935547,4,False
1,6.973101615905762,7,False
3,9.68747329711914,2,False
2,8.092157363891602,8,False
0,11.342487335205078,8,False
2,7.700160980224609,0,False
1,8.956265449523926,0,False
3,8.505831718444824,7,False
1,11.210275650024414,0,False
0,8.421345710754395,4,False
2,8.558656692504883,7,False
3,11.80208683013916,3,False
2,8.747553825378418,4,False
1,6.158150672912598,1,False
0,9.702263832092285,3,False
3,10.097412109375,4,False
1,7.494866371154785,1,False
0,8.237296104431152,5,False
2,7.795835494995117,0,False
3,12.714234352111816,2,False
0,13.750585556030273,2,False
2,11.672062873840332,6,False
3,10.534280776977539,2,False
1,6.119526386260986,9,False
0,8.416818618774414,3,False
1,7.149347305297852,1,False
2,11.016166687011719,4,False
3,7.96791934967041,3,False
1,8.161554336547852,5,False
0,10.190204620361328,2,False
3,7.856452465057373,1,False
2,6.548104763031006,9,False
2,9.836033821105957,7,False
1,9.516797065734863,6,False
3,7.111363410949707,4,False
0,9.431118965148926,7,False
0,7.539827346801758,4,False
3,7.395944118499756,7,False
1,8.830175399780273,0,False
2,6.160639762878418,9,False
2,8.676305770874023,9,False
3,11.90214729309082,0,False
0,9.384769439697266,9,False
1,10.096222877502441,6,False
0,11.418835639953613,2,False
3,9.864188194274902,2,False
2,6.783045291900635,3,False
1,8.114944458007812,7,False
3,8.277182579040527,2,False
0,10.324076652526855,3,False
1,8.818460464477539,8,False
2,7.748270034790039,1,False
1,9.592680931091309,6,False
2,6.446927547454834,7,False
0,9.048288345336914,3,False
3,12.700996398925781,3,False
0,7.5129876136779785,2,False
1,7.741049766540527,1,False
3,7.23411750793457,7,False
2,9.928373336791992,3,False
2,12.226232528686523,4,False
0,8.830286979675293,1,False
1,14.522077560424805,3,False
3,6.7572221755981445,5,False
1,10.085277557373047,6,False
3,11.988605499267578,2,False
0,9.260459899902344,5,False
2,10.552774429321289,2,False
0,8.99066162109375,7,False
1,8.950824737548828,6,False
2,11.644460678100586,2,False
3,10.580955505371094,0,False
1,9.931452751159668,2,False
2,9.927870750427246,3,False
3,10.198413848876953,8,False
0,6.357455253601074,6,False
0,14.171953201293945,3,False
1,10.008320808410645,2,False
3,9.17218017578125,5,False
2,7.916928291320801,8,False
1,10.480656623840332,0,False
3,7.221667289733887,3,False
2,8.817034721374512,0,False
0,10.048036575317383,3,False
3,9.512004852294922,5,False
1,7.382264137268066,5,False
2,7.173770427703857,7,False
0,8.629390716552734,0,False
3,9.792805671691895,8,False
1,12.307937622070312,8,False
2,6.299559593200684,7,False
0,7.1690568923950195,9,False
2,8.544496536254883,3,False
3,8.368553161621094,4,False
0,11.80459976196289,7,False
1,8.365659713745117,7,False
1,6.176958084106445,9,False
3,8.793712615966797,8,False
0,6.817620277404785,2,False
2,5.734307765960693,1,False
0,6.39687442779541,1,False
2,6.300220966339111,5,False
1,10.769998550415039,6,False
3,9.88286304473877,0,False
3,8.608606338500977,9,False
0,10.680109977722168,7,False
1,6.519018173217773,7,False
2,9.154935836791992,4,False
1,13.802164077758789,2,False
0,9.000263214111328,8,False
3,7.966699600219727,4,False
2,8.947616577148438,1,False
3,6.182127475738525,4,False
1,9.45853042602539,8,False
2,10.176759719848633,2,False
0,9.605902671813965,4,False
0,9.553750991821289,6,False
1,8.024991989135742,8,False
2,6.6957807540893555,6,False
3,8.417621612548828,0,False
3,10.854438781738281,3,False
0,6.372801303863525,8,False
1,8.509920120239258,7,False
2,9.182735443115234,0,False
2,10.793852806091309,0,False
3,10.224773406982422,2,False
0,11.71630573272705,8,False
1,10.241399765014648,0,False
3,6.96474552154541,7,False
0,9.393508911132812,4,False
2,7.928739547729492,5,False
1,8.984345436096191,1,False
3,9.475985527038574,8,False
1,9.102605819702148,0,False
0,9.070462226867676,7,False
2,9.433813095092773,8,False
2,7.554014682769775,3,False
3,9.747145652770996,0,False
0,9.731389999389648,5,False
1,6.4199113845825195,5,False
0,10.714536666870117,3,False
2,9.201998710632324,0,False
1,9.564800262451172,8,False
3,8.774599075317383,7,False
0,7.276827812194824,7,False
1,9.744932174682617,8,False
2,7.026270866394043,1,False
3,8.835689544677734,6,False
1,9.526965141296387,5,False
2,10.517312049865723,6,False
3,9.998296737670898,1,False
0,6.549688339233398,5,False
1,8.79658317565918,8,False
0,15.183124542236328,3,False
3,9.30508041381836,4,False
2,8.608301162719727,4,False
3,9.609281539916992,3,False
2,8.431013107299805,8,False
0,8.542377471923828,8,False
1,7.77396297454834,9,False
2,9.81963062286377,9,False
3,6.910063743591309,0,False
1,10.337349891662598,3,False
0,8.77781867980957,8,False
1,8.45054817199707,6,False
3,9.749895095825195,6,False
2,8.148937225341797,0,False
0,7.44866418838501,1,False
1,8.671615600585938,9,False
0,7.536840438842773,9,False
2,8.421839714050293,6,False
3,11.066970825195312,5,False
1,8.794256210327148,4,False
3,11.350747108459473,8,False
0,12.130678176879883,6,False
2,8.762617111206055,8,False
1,9.992863655090332,1,False
0,7.987064361572266,2,False
2,8.586416244506836,3,False
3,8.781124114990234,2,False
0,6.363371849060059,9,False
2,10.314895629882812,5,False
3,12.272128105163574,3,False
1,7.302545547485352,2,False
2,10.101295471191406,5,False
0,6.287505149841309,2,False
1,7.421309471130371,1,False
3,7.637997627258301,7,False
2,9.87818717956543,1,False
3,10.124383926391602,2,False
1,5.650211811065674,8,False
0,11.49777603149414,0,False
1,8.15560245513916,6,False
3,7.56614875793457,5,False
0,9.190792083740234,6,False
2,9.948373794555664,4,False
2,8.900938987731934,8,False
0,9.819090843200684,3,False
3,11.542684555053711,0,False
1,7.352124214172363,9,False
2,9.373150825500488,8,False
1,8.807191848754883,0,False
0,9.220014572143555,2,False
3,10.527311325073242,0,False
0,9.471855163574219,7,False
2,11.736903190612793,7,False
1,10.718789100646973,8,False
3,8.880349159240723,7,False
0,7.068072319030762,1,False
3,6.885499000549316,4,False
1,11.7111177444458,3,False
2,8.320503234863281,0,False
3,9.095352172851562,5,False
1,8.933090209960938,8,False
2,10.534323692321777,9,False
0,9.073305130004883,1,False
1,6.285019874572754,9,False
0,9.292304992675781,5,False
2,9.914447784423828,8,False
3,8.145462989807129,0,False
2,10.254846572875977,8,False
3,8.77916145324707,4,False
0,8.087104797363281,9,False
1,6.354038715362549,1,False
1,8.463485717773438,7,False
2,7.050383567810059,2,False
0,5.709328651428223,1,False
3,9.737853050231934,2,False
1,7.551718235015869,9,False
3,8.743457794189453,8,False
2,6.507105827331543,1,False
0,7.40623140335083,9,False
0,10.178138732910156,2,False
1,8.829490661621094,1,False
3,7.287810325622559,7,False
2,11.411029815673828,3,False
2,7.510500431060791,4,False
3,8.153544425964355,5,False
1,9.954315185546875,3,False
0,8.274813652038574,3,False
3,10.85660171508789,3,False
0,7.157418251037598,1,False
1,8.393922805786133,4,False
2,5.447250843048096,9,False
1,12.002224922180176,2,False
2,7.7993879318237305,6,False
0,6.534083366394043,9,False
3,9.115915298461914,6,False
3,8.272980690002441,1,False
2,7.826785087585449,1,False
1,7.149554252624512,7,False
0,7.693558216094971,9,False
0,8.97610855102539,5,False
3,9.753891944885254,6,False
1,9.260753631591797,4,False
2,8.383495330810547,6,False
0,7.887017250061035,5,False
2,8.01651382446289,9,False
1,8.472503662109375,1,False
3,10.578742980957031,9,False
0,8.248368263244629,7,False
2,7.749685287475586,2,False
3,8.376850128173828,5,False
1,8.702155113220215,1,False
1,8.200052261352539,3,False
3,8.298307418823242,7,False
2,8.840658187866211,3,False
0,7.328373908996582,2,False
3,12.48232364654541,6,False
1,8.873065948486328,1,False
0,8.021635055541992,4,False
2,9.181983947753906,4,False
1,6.892833232879639,4,False
3,10.447962760925293,2,False
0,9.18394660949707,3,False
2,9.842116355895996,8,False
2,7.2226409912109375,1,False
3,10.641495704650879,2,False
0,6.809955596923828,2,False
1,8.607542037963867,4,False
0,8.476362228393555,4,False
3,8.140316009521484,9,False
2,7.850262641906738,7,False
1,10.134952545166016,1,False
3,9.420634269714355,1,False
1,6.878852844238281,1,False
0,8.01453971862793,1,False
2,11.081958770751953,2,False
0,8.878522872924805,2,False
3,7.086385726928711,1,False
2,9.214659690856934,2,False
1,7.955743789672852,6,False
1,5.584900856018066,1,False
3,8.120624542236328,7,False
0,7.426995277404785,1,False
2,9.104151725769043,1,False
0,11.54580307006836,6,False
2,9.435151100158691,5,False
3,6.297043800354004,1,False
1,8.649369239807129,8,False
2,7.995665550231934,0,False
3,8.756837844848633,2,False
1,8.855911254882812,0,False
0,8.472003936767578,7,False
0,9.780614852905273,5,False
2,6.878839015960693,7,False
3,11.147804260253906,2,False
1,11.867498397827148,2,False
1,11.41278076171875,2,False
3,7.212174415588379,4,False
2,9.203635215759277,3,False
0,10.497943878173828,6,False
3,9.852795600891113,4,False
2,12.145402908325195,8,False
1,8.570663452148438,7,False
0,9.117012023925781,1,False
1,9.484151840209961,5,False
2,6.240467071533203,3,False
3,8.705307006835938,7,False
0,8.812955856323242,0,False
0,11.079071044921875,6,False
3,9.908761978149414,9,False
2,7.795612812042236,8,False
1,10.398295402526855,6,False
1,9.343329429626465,2,False
0,9.463143348693848,4,False
3,6.843719482421875,4,False
2,9.25626277923584,1,False
0,10.31007194519043,3,False
1,6.8754448890686035,6,False
2,9.845771789550781,2,False
3,7.331484794616699,8,False
0,8.863626480102539,6,False
3,10.274198532104492,1,False
2,9.960907936096191,5,False
1,7.805479049682617,9,False
0,9.16732406616211,4,False
2,9.037450790405273,3,False
3,9.284150123596191,0,False
1,7.698737621307373,1,False
2,8.969330787658691,9,False
1,6.809807300567627,1,False
0,6.349920749664307,1,False
3,5.890314102172852,6,False
0,7.089410781860352,1,False
3,7.207620620727539,1,False
2,9.292008399963379,5,False
1,9.261651992797852,0,False
3,7.119075775146484,8,False
1,10.530494689941406,0,False
0,11.2659912109375,2,False
2,11.473423957824707,8,False
2,7.47286319732666,6,False
3,10.299758911132812,7,False
1,6.595544338226318,2,False
0,11.4202241897583,0,False
1,8.975041389465332,5,False
2,8.374300003051758,4,False
3,7.034854888916016,9,False
0,6.796738147735596,1,False
0,8.448847770690918,4,False
2,8.653831481933594,1,False
3,11.590471267700195,2,False
1,9.947319030761719,2,False
0,8.401068687438965,1,False
2,10.04256820678711,5,False
3,11.525701522827148,5,False
1,9.917947769165039,3,False
3,6.792330265045166,9,False
2,6.705795764923096,5,False
1,8.840681076049805,4,False
0,6.388379096984863,9,False
1,8.008102416992188,1,False
0,8.204339981079102,4,False
2,8.245279312133789,2,False
3,9.45161247253418,6,False
0,9.796802520751953,8,False
2,6.974401473999023,1,False
3,7.810014247894287,8,False
1,6.259222030639648,1,False
1,8.603792190551758,7,False
2,11.508861541748047,0,False
3,9.63831615447998,0,False
0,7.55603551864624,2,False
1,9.273585319519043,5,False
0,9.429033279418945,4,False
2,10.972481727600098,6,False
3,9.628381729125977,6,False
2,9.658872604370117,7,False
0,10.405255317687988,3,False
3,8.093536376953125,2,False
1,9.267491340637207,1,False
3,7.4857988357543945,9,False
1,7.111120700836182,7,False
0,11.74696159362793,2,False
2,7.0174994468688965,2,False
2,11.576942443847656,0,False
0,9.278039932250977,0,False
3,9.986991882324219,3,False
1,9.05154800415039,3,False
0,8.066621780395508,1,False
1,8.384902954101562,3,False
2,9.802297592163086,7,False
3,9.73088264465332,8,False
3,7.907539367675781,5,False
1,6.855831623077393,9,False
0,13.35507869720459,7,False
2,9.315958023071289,7,False
2,9.311986923217773,7,False
3,7.705726623535156,8,False
0,13.16441535949707,5,False
1,12.47599983215332,6,False
1,7.825749397277832,1,False
0,8.455249786376953,7,False
2,9.827765464782715,6,False
3,8.699211120605469,9,False
0,9.185258865356445,8,False
2,12.25007438659668,3,False
3,8.54201602935791,6,False
1,9.066542625427246,4,False
1,7.208474159240723,6,False
2,9.32284927368164,6,False
0,8.397222518920898,8,False
3,7.144243240356445,9,False
2,8.76109504699707,6,False
1,10.482695579528809,8,False
3,9.513592720031738,4,False
0,10.277959823608398,0,False
3,7.355633735656738,9,False
1,8.743280410766602,2,False
0,8.729122161865234,1,False
2,9.15949821472168,3,False
3,8.178906440734863,7,False
1,9.136838912963867,4,False
2,9.630901336669922,8,False
0,10.568584442138672,3,False
3,8.74540901184082,7,False
2,7.152536392211914,2,False
0,8.580981254577637,7,False
1,8.57357406616211,4,False
2,9.416803359985352,0,False
1,9.237680435180664,6,False
0,8.054109573364258,5,False
3,11.228202819824219,4,False
0,6.0073747634887695,5,False
3,8.143148422241211,9,False
2,7.53443717956543,1,False
1,9.474325180053711,8,False
1,5.820858478546143,7,False
0,10.504810333251953,6,False
2,9.511621475219727,7,False
3,9.995820999145508,8,False
1,6.9592671394348145,9,False
3,8.621621131896973,0,False
2,9.616719245910645,7,False
0,11.012104988098145,1,False
0,9.324079513549805,6,False
3,12.16982364654541,0,False
2,8.758882522583008,3,False
1,9.397743225097656,7,False
2,7.0511274337768555,5,False
1,7.400632858276367,1,False
0,9.678014755249023,6,False
3,7.261741638183594,9,False
0,8.91757869720459,0,False
1,10.726819038391113,7,False
3,9.43579387664795,8,False
2,7.844318389892578,9,False
2,7.468105316162109,1,False
1,7.423911094665527,6,False
3,9.254352569580078,4,False
0,10.10987663269043,2,False
1,10.572348594665527,3,False
3,7.297795295715332,8,False
2,9.16193675994873,0,False
0,7.705043792724609,7,False
3,8.027645111083984,0,False
2,10.222935676574707,4,False
1,8.368371963500977,9,False
0,8.939234733581543,0,False
3,8.754636764526367,3,False
0,9.153631210327148,1,False
2,9.823413848876953,0,False
1,9.144918441772461,0,False
3,12.636528968811035,5,False
1,9.892038345336914,3,False
2,7.66082763671875,8,False
0,9.657379150390625,8,False
0,4.928054332733154,1,False
1,8.237261772155762,5,False
2,9.78139877319336,5,False
3,8.708178520202637,7,False
0,6.139472007751465,1,False
1,8.076416015625,1,False
2,8.698431015014648,2,False
3,7.754263401031494,7,False
3,11.841880798339844,5,False
2,8.365301132202148,5,False
0,10.33514404296875,3,False
1,9.963186264038086,6,False
0,8.046417236328125,4,False
2,9.111419677734375,5,False
1,7.895301818847656,5,False
3,11.34203052520752,1,False
3,6.031745433807373,1,False
2,10.07480239868164,3,False
0,8.895378112792969,9,False
1,10.663492202758789,3,False
0,8.257842063903809,2,False
3,7.945032119750977,8,False
1,6.508821487426758,2,False
2,6.225889205932617,9,False
2,9.724031448364258,3,False
1,6.958563804626465,4,False
3,8.340970039367676,7,False
0,7.610378265380859,4,False
0,8.923091888427734,6,False
3,6.018209457397461,8,False
1,9.288995742797852,0,False
2,7.730193138122559,6,False
1,8.076409339904785,7,False
2,7.939193248748779,8,False
0,10.69952392578125,8,False
3,6.341594219207764,7,False
2,10.23021125793457,7,False
3,10.427505493164062,0,False
0,8.22691535949707,9,False
1,9.343830108642578,4,False
3,9.494402885437012,3,False
1,9.63467788696289,3,False
2,8.237080574035645,8,False
0,7.226546287536621,5,False
1,8.645543098449707,8,False
3,9.770898818969727,6,False
2,10.539613723754883,4,False
0,7.7947282791137695,6,False
2,9.396005630493164,6,False
1,7.783754348754883,1,False
0,9.742847442626953,8,False
3,10.225249290466309,1,False
0,7.972989559173584,4,False
3,6.930191993713379,6,False
2,5.898209571838379,7,False
1,11.563669204711914,9,False
0,10.946301460266113,0,False
2,9.513699531555176,9,False
1,5.719146728515625,9,False
3,8.081655502319336,1,False
2,8.179007530212402,4,False
1,13.074026107788086,2,False
3,10.800383567810059,0,False
0,14.391355514526367,3,False
3,7.549485206604004,9,False
1,7.190420627593994,7,False
0,7.7162909507751465,7,False
2,8.071922302246094,4,False
3,8.252127647399902,6,False
0,8.477758407592773,9,False
1,8.388314247131348,4,False
2,7.167216777801514,1,False
0,8.294981002807617,6,False
1,10.359474182128906,8,False
3,8.956474304199219,0,False
2,10.580150604248047,4,False
1,10.158437728881836,8,False
2,6.723635196685791,2,False
0,7.086997032165527,5,False
3,8.5828857421875,9,False
3,6.317276954650879,9,False
0,8.331267356872559,6,False
1,9.14902400970459,7,False
2,8.237895965576172,5,False
3,12.110040664672852,8,False
2,9.902015686035156,4,False
0,8.021349906921387,4,False
1,7.532414436340332,2,False
0,9.60188102722168,8,False
1,8.812305450439453,0,False
2,12.755350112915039,4,False
3,9.116477012634277,1,False
3,8.05386734008789,4,False
2,10.570771217346191,0,False
0,10.955526351928711,3,False
1,5.544361114501953,9,False
2,11.73847770690918,8,False
1,10.145153045654297,3,False
0,10.997871398925781,3,False
3,9.943757057189941,6,False
3,7.347216606140137,4,False
2,11.138116836547852,2,False
1,8.180253982543945,9,False
0,9.127119064331055,0,False
1,8.819079399108887,2,False
3,7.334587574005127,6,False
2,9.190814971923828,3,False
0,6.611596584320068,5,False
1,7.4032392501831055,3,False
3,12.41115665435791,3,False
2,9.197988510131836,0,False
0,8.435351371765137,7,False
3,10.057950973510742,8,False
1,8.331804275512695,4,False
0,7.9676513671875,7,False
2,5.805083274841309,2,False
2,7.399306297302246,7,False
3,10.180591583251953,0,False
0,7.9618635177612305,5,False
1,12.301061630249023,8,False
2,6.562664985656738,8,False
1,6.586495876312256,9,False
0,10.72677230834961,3,False
3,6.180785655975342,7,False
2,11.301573753356934,0,False
1,9.781847953796387,0,False
0,8.11598014831543,6,False
3,5.2122697830200195,7,False
0,7.779886245727539,9,False
2,10.576574325561523,8,False
1,12.333697319030762,0,False
3,8.825754165649414,3,False
0,9.355814933776855,4,False
2,10.479026794433594,8,False
3,13.0410795211792,2,False
1,7.364211082458496,8,False
2,8.57180404663086,1,False
0,7.457900524139404,0,False
1,5.477370262145996,7,False
3,8.881377220153809,1,False
2,6.981037616729736,0,False
3,11.588604927062988,3,False
0,8.646366119384766,0,False
1,6.386338233947754,9,False
0,10.427434921264648,8,False
2,9.564477920532227,2,False
3,10.45801067352295,5,False
1,6.123197555541992,1,False
1,11.61935806274414,5,False
3,6.327085018157959,1,False
0,8.498620986938477,5,False
2,9.110139846801758,9,False
1,8.355266571044922,5,False
3,9.217072486877441,1,False
2,12.738363265991211,2,False
0,9.516790390014648,8,False
3,8.44277572631836,9,False
1,9.676546096801758,8,False
0,7.265254974365234,4,False
2,7.340567588806152,2,False
1,7.672331809997559,9,False
0,8.40754508972168,4,False
3,9.875892639160156,6,False
2,12.693950653076172,6,False
3,8.420756340026855,7,False
1,10.50299072265625,5,False
0,11.685661315917969,8,False
2,7.282289981842041,9,False
1,10.55140495300293,0,False
2,11.234698295593262,8,False
0,6.197630405426025,3,False
3,9.715495109558105,6,False
2,6.143070220947266,1,False
0,8.541441917419434,6,False
1,8.273054122924805,8,False
3,9.34965705871582,7,False
3,8.394206047058105,4,False
0,7.1158127784729,4,False
2,12.72477912902832,4,False
1,7.468976020812988,1,False
1,8.602335929870605,7,False
3,9.481491088867188,6,False
2,8.995104789733887,5,False
0,7.286746978759766,6,False
3,8.94410228729248,8,False
2,11.379940032958984,0,False
0,6.680933952331543,9,False
1,8.263749122619629,5,False
1,6.249455451965332,9,False
3,6.570502281188965,6,False
0,7.483606338500977,4,False
2,8.004424095153809,9,False
0,8.246594429016113,4,False
3,7.8530426025390625,0,False
1,5.4755859375,9,False
2,7.050395965576172,5,False
0,8.17258358001709,9,False
2,6.748920917510986,6,False
1,9.239917755126953,2,False
3,9.776411056518555,0,False
3,6.978185653686523,9,False
2,10.359634399414062,3,False
0,7.523324966430664,9,False
1,9.61483383178711,6,False
0,6.781501770019531,5,False
2,8.42825698852539,8,False
1,8.175378799438477,1,False
3,9.100802421569824,0,False
1,12.160772323608398,7,False
2,6.571223258972168,7,False
3,11.636981964111328,0,False
0,7.876297950744629,5,False
2,6.988862037658691,1,False
0,9.922122955322266,3,False
1,8.542587280273438,7,False
3,7.53987979888916,1,False
3,7.873077392578125,6,False
1,9.275111198425293,6,False
0,7.390328407287598,1,False
2,7.945717811584473,7,False
3,9.55965518951416,5,False
2,8.57265853881836,1,False
0,8.389440536499023,5,False
1,13.591289520263672,2,False
1,7.331028938293457,4,False
3,7.2168288230896,5,False
2,6.45014762878418,7,False
0,7.303943634033203,8,False
0,4.867639541625977,7,False
3,10.46668815612793,1,False
1,9.306779861450195,9,False
2,7.33128547668457,1,False
2,6.261404991149902,4,False
1,8.521099090576172,1,False
3,8.889546394348145,3,False
0,10.457975387573242,6,False
3,8.298515319824219,3,False
2,10.40424919128418,3,False
0,8.209131240844727,6,False
1,9.12568473815918,4,False
2,10.283008575439453,7,False
1,11.391679763793945,4,False
3,10.119770050048828,5,False
0,6.591711044311523,4,False
0,7.581814765930176,5,False
3,7.752405643463135,9,False
1,6.374368667602539,6,False
2,10.921287536621094,6,False
2,10.748260498046875,7,False
0,10.267244338989258,4,False
1,8.806761741638184,3,False
3,6.627737522125244,9,False
0,8.770648956298828,6,False
2,6.032093048095703,5,False
1,7.153166770935059,1,False
3,11.647470474243164,0,False
1,12.952786445617676,3,False
3,9.515159606933594,3,False
0,8.639124870300293,3,False
2,7.787862777709961,6,False
0,7.9172892570495605,5,False
3,7.7636895179748535,0,False
2,8.000706672668457,6,False
1,5.7606048583984375,5,False
2,6.512048721313477,0,False
3,8.542400360107422,3,False
1,7.664431571960449,9,False
0,9.626649856567383,3,False
0,7.5483198165893555,0,False
3,8.330732345581055,4,False
1,8.418060302734375,0,False
2,11.836542129516602,0,False
0,8.744661331176758,8,False
2,10.55801773071289,3,False
3,8.82011604309082,3,False
1,8.202947616577148,3,False
2,11.213299751281738,0,False
1,8.094001770019531,7,False
0,7.494691371917725,3,False
3,9.768588066101074,7,False
3,9.070976257324219,9,False
0,9.511632919311523,5,False
1,9.287442207336426,3,False
2,9.580436706542969,1,False
3,8.206430435180664,6,False
0,9.121065139770508,0,False
1,9.381155014038086,6,False
2,10.68742561340332,0,False
1,6.317977428436279,1,False
3,10.850068092346191,3,False
2,8.794169425964355,3,False
0,8.372798919677734,2,False
0,9.550176620483398,7,False
2,11.447269439697266,3,False
1,8.777109146118164,7,False
3,9.277107238769531,1,False
1,6.589365005493164,9,False
2,7.783614158630371,9,False
0,9.611050605773926,4,False
3,9.515032768249512,3,False
3,13.154186248779297,3,False
0,8.859241485595703,6,False
1,8.166667938232422,8,False
2,10.144739151000977,8,False
1,11.645280838012695,2,False
3,9.896982192993164,1,False
2,9.487306594848633,6,False
0,10.882919311523438,0,False
1,6.6644606590271,9,False
0,11.932790756225586,6,False
3,12.82410717010498,0,False
2,8.822541236877441,7,False
3,10.956124305725098,8,False
2,10.070796966552734,5,False
0,8.738908767700195,4,False
1,10.962407112121582,6,False
1,8.51937198638916,9,False
0,10.431953430175781,2,False
3,11.183053970336914,2,False
2,9.73668384552002,7,False
0,7.292866230010986,7,False
3,8.723737716674805,8,False
2,6.312329292297363,9,False
1,9.132136344909668,6,False
2,8.155916213989258,3,False
3,8.015813827514648,8,False
1,9.310105323791504,6,False
0,6.043337821960449,1,False
0,8.90059757232666,1,False
2,12.687560081481934,3,False
3,8.541370391845703,0,False
1,8.893489837646484,0,False
0,8.068840026855469,5,False
2,8.375541687011719,2,False
3,10.633492469787598,3,False
1,8.218746185302734,0,False
3,9.47210693359375,0,False
0,8.951078414916992,4,False
2,6.5682806968688965,2,False
1,8.633509635925293,7,False
2,8.201725006103516,4,False
1,10.020732879638672,3,False
3,8.312615394592285,4,False
0,14.216832160949707,3,False
1,8.593128204345703,9,False
2,5.049370288848877,5,False
3,12.557061195373535,3,False
0,8.677205085754395,8,False
0,7.8776044845581055,2,False
3,8.858144760131836,0,False
1,11.698317527770996,2,False
2,9.452695846557617,0,False
1,9.743308067321777,4,False
3,9.090030670166016,8,False
0,6.21995735168457,9,False
2,12.861236572265625,2,False
0,6.712914943695068,8,False
1,10.176668167114258,0,False
3,9.86838150024414,8,False
2,7.710548400878906,8,False
3,8.56848430633545,4,False
1,9.10255241394043,7,False
0,11.352831840515137,4,False
2,8.19253158569336,8,False
1,6.274298667907715,9,False
3,8.412456512451172,1,False
2,10.08273696899414,2,False
0,7.511812686920166,5,False
2,11.329833984375,4,False
0,7.926931381225586,6,False
1,8.111595153808594,0,False
3,11.965347290039062,6,False
3,10.92984390258789,0,False
0,8.866046905517578,5,False
2,9.689617156982422,8,False
1,5.158719062805176,4,False
2,9.059316635131836,7,False
3,11.089522361755371,0,False
1,9.595375061035156,3,False
0,8.596738815307617,2,False
2,7.049396514892578,5,False
3,10.714768409729004,6,False
1,6.488877296447754,7,False
0,6.744497776031494,1,False
3,10.656763076782227,4,False
1,9.724573135375977,0,False
0,7.0351362228393555,9,False
2,6.8421430587768555,4,False
2,10.065793991088867,6,False
3,11.109878540039062,3,False
1,13.656911849975586,0,False
0,8.26487922668457,4,False
2,10.88874340057373,6,False
3,10.966407775878906,5,False
1,7.322649002075195,6,False
0,9.41874885559082,7,False
2,8.202789306640625,1,False
0,8.89334487915039,3,False
1,7.5122833251953125,5,False
3,8.848979949951172,1,False
0,8.414456367492676,3,False
2,9.716833114624023,3,False
3,8.886636734008789,7,False
1,10.492920875549316,0,False
0,7.580751895904541,5,False
1,8.479503631591797,3,False
2,5.695453643798828,1,False
3,9.962163925170898,0,False
0,8.648448944091797,9,False
1,10.607720375061035,3,False
2,11.217482566833496,0,False
3,8.916498184204102,9,False
2,8.801289558410645,2,False
0,8.283199310302734,7,False
3,9.676971435546875,9,False
1,7.740917205810547,0,False
1,7.4234466552734375,9,False
3,10.642820358276367,3,False
0,6.624443054199219,2,False
2,12.82769775390625,6,False
2,8.060330390930176,7,False
3,8.730915069580078,6,False
0,10.370382308959961,4,False
1,9.868252754211426,5,False
1,8.391902923583984,9,False
3,7.071412086486816,5,False
2,8.516422271728516,7,False
0,11.208389282226562,3,False
1,8.94464111328125,7,False
2,5.314746379852295,6,False
3,10.90324878692627,0,False
0,10.349255561828613,5,False
3,8.354269981384277,9,False
0,10.803300857543945,0,False
1,11.218086242675781,0,False
2,13.62532901763916,3,False
3,10.76572036743164,0,False
0,6.692569732666016,7,False
1,9.295390129089355,1,False
2,8.718487739562988,9,False
3,8.510618209838867,4,False
1,8.610791206359863,4,False
2,7.446922779083252,1,False
0,10.699013710021973,2,False
2,7.059770584106445,7,False
0,10.63426399230957,6,False
3,6.283439636230469,7,False
1,11.330217361450195,3,False
1,6.707696437835693,9,False
2,7.666080474853516,6,False
3,10.19802474975586,4,False
0,8.772287368774414,1,False
3,11.212322235107422,3,False
0,6.847523212432861,8,False
1,6.26467752456665,1,False
2,12.087081909179688,3,False
0,10.113679885864258,0,False
2,9.035945892333984,8,False
3,7.790177822113037,4,False
1,9.225082397460938,5,False
1,7.227794170379639,8,False
0,9.980657577514648,8,False
3,11.716058731079102,4,False
2,6.624333381652832,1,False
0,7.871878623962402,5,False
1,6.776899814605713,7,False
3,8.186250686645508,6,False
2,9.011148452758789,2,False
1,6.5614914894104,0,False
3,7.369812965393066,7,False
2,11.00117301940918,0,False
0,7.643439292907715,8,False
1,8.665270805358887,4,False
2,6.527777671813965,6,False
3,7.463855743408203,3,False
0,8.950870513916016,6,False
3,7.2124481201171875,9,False
1,7.771093368530273,8,False
0,7.435791015625,1,False
2,9.656736373901367,0,False
3,10.756085395812988,3,False
0,10.941683769226074,0,False
1,12.200516700744629,3,False
2,7.571112632751465,1,False
1,8.589059829711914,3,False
0,8.977692604064941,3,False
3,10.868579864501953,8,False
2,7.525576114654541,8,False
3,8.746785163879395,3,False
0,10.189831733703613,8,False
2,11.137721061706543,3,False
1,12.215166091918945,6,False
3,8.40018081665039,4,False
2,12.083253860473633,4,False
1,6.940566062927246,5,False
0,8.39344310760498,9,False
2,7.552462577819824,6,False
0,9.917157173156738,3,False
3,7.32286262512207,9,False
1,14.951112747192383,8,False
0,9.109855651855469,3,False
2,9.899477005004883,6,False
1,8.106091499328613,4,False
3,9.832588195800781,5,False
1,8.953560829162598,1,False
2,10.50941276550293,1,False
0,6.752960681915283,9,False
3,9.748120307922363,3,False
1,6.967629432678223,1,False
3,7.656476974487305,9,False
0,8.346569061279297,5,False
2,10.265953063964844,6,False
0,6.032631874084473,9,False
2,6.435214042663574,7,False
1,9.636171340942383,8,False
3,9.092255592346191,0,False
3,9.215818405151367,9,False
0,9.762107849121094,8,False
2,9.309783935546875,6,False
1,9.014839172363281,0,False
2,6.111271858215332,5,False
1,9.81248950958252,7,False
3,9.747076034545898,7,False
0,7.204922199249268,4,False
2,10.475126266479492,3,False
0,12.012575149536133,3,False
3,11.462700843811035,4,False
1,8.389144897460938,7,False
3,10.868215560913086,7,False
2,10.800256729125977,5,False
0,7.466231346130371,1,False
1,7.770620822906494,4,False
3,7.014781951904297,4,False
0,11.840076446533203,7,False
2,8.069500923156738,7,False
1,9.21008014678955,1,False
2,11.465864181518555,8,False
1,8.271392822265625,2,False
0,7.608195781707764,9,False
3,8.653331756591797,0,False
0,7.590199947357178,5,False
3,5.866268157958984,2,False
2,7.225727081298828,0,False
1,11.603157043457031,8,False
2,8.721091270446777,7,False
1,6.876910209655762,9,False
3,9.141754150390625,3,False
0,5.932897567749023,5,False
3,7.871630668640137,7,False
1,10.913811683654785,3,False
0,6.427149772644043,9,False
2,8.151918411254883,7,False
2,6.315291404724121,2,False
1,10.418110847473145,2,False
0,10.076622009277344,6,False
3,12.583667755126953,2,False
1,8.570444107055664,9,False
2,10.993168830871582,3,False
3,11.8128662109375,8,False
0,7.569901466369629,9,False
1,7.000023365020752,5,False
2,9.269340515136719,7,False
0,7.629761695861816,9,False
3,11.664093017578125,7,False
2,6.720958709716797,4,False
0,7.510281562805176,9,False
3,8.5739107131958,5,False
1,7.4564714431762695,0,False
0,8.711323738098145,0,False
2,7.808310031890869,5,False
3,7.743834972381592,6,False
1,11.799856185913086,8,False
2,8.276267051696777,6,False
1,8.342147827148438,5,False
0,7.466000556945801,9,False
3,10.869915008544922,3,False
3,9.014840126037598,8,False
0,10.218465805053711,2,False
2,11.381909370422363,3,False
1,6.579534530639648,6,False
1,6.277724742889404,9,False
0,14.557046890258789,2,False
2,8.536157608032227,6,False
3,6.606220245361328,7,False
3,9.565750122070312,6,False
0,9.15025520324707,5,False
1,9.48710823059082,5,False
2,7.89136266708374,3,False
0,9.912683486938477,0,False
3,11.549896240234375,3,False
2,10.728963851928711,6,False
1,10.166984558105469,2,False
3,9.590526580810547,6,False
1,9.0792236328125,0,False
2,7.961822509765625,9,False
0,8.909835815429688,3,False
0,9.882394790649414,6,False
2,10.896862030029297,0,False
1,7.697481632232666,9,False
3,9.840967178344727,5,False
1,6.372776031494141,5,False
2,10.375783920288086,6,False
3,7.3414387702941895,8,False
0,8.900518417358398,8,False
2,7.972411632537842,6,False
3,10.288728713989258,6,False
0,9.149932861328125,3,False
1,10.126900672912598,4,False
3,11.662334442138672,7,False
1,7.34321928024292,0,False
0,12.213808059692383,3,False
2,7.212455749511719,7,False
2,7.335959434509277,9,False
1,9.365398406982422,4,False
0,11.022469520568848,3,False
3,9.041921615600586,5,False
1,10.415589332580566,8,False
2,12.871856689453125,2,False
3,11.509462356567383,3,False
0,8.602628707885742,1,False
2,6.830469608306885,7,False
0,8.44395637512207,8,False
1,6.231748580932617,9,False
3,6.925334930419922,0,False
3,10.469825744628906,4,False
0,8.628740310668945,4,False
2,9.78994369506836,0,False
1,9.470819473266602,1,False
1,10.800063133239746,7,False
3,10.405542373657227,2,False
0,8.719161987304688,3,False
2,9.415854454040527,3,False
3,8.577056884765625,3,False
1,9.965497970581055,3,False
2,8.552242279052734,3,False
0,7.66643762588501,5,False
2,7.327200412750244,1,False
0,9.189395904541016,0,False
1,8.781818389892578,8,False
3,9.961183547973633,6,False
2,9.645363807678223,7,False
1,9.868608474731445,3,False
3,10.435921669006348,0,False
0,7.5884246826171875,9,False
3,5.597862720489502,1,False
0,7.295114040374756,4,False
2,5.79876184463501,9,False
1,8.875082015991211,3,False
3,6.734718322753906,9,False
2,10.264698028564453,3,False
1,6.790118217468262,1,False
0,10.658560752868652,3,False
0,6.503998756408691,4,False
2,8.132816314697266,4,False
3,7.0995588302612305,1,False
1,10.766427993774414,5,False
0,8.696571350097656,6,False
2,9.864584922790527,2,False
3,12.502426147460938,0,False
1,8.383861541748047,4,False
2,8.372381210327148,4,False
3,7.639739990234375,9,False
1,9.095030784606934,5,False
0,8.468694686889648,1,False
2,9.842046737670898,9,False
0,10.911014556884766,0,False
1,10.422264099121094,4,False
3,7.780992031097412,9,False
1,8.940062522888184,4,False
0,9.434648513793945,0,False
3,6.961984634399414,7,False
2,8.065117835998535,9,False
1,10.344597816467285,8,False
0,7.686058521270752,2,False
3,7.872094631195068,7,False
2,7.4737629890441895,1,False
3,8.40925407409668,1,False
1,8.456027030944824,2,False
2,8.499174118041992,8,False
0,9.229619979858398,7,False
3,9.496219635009766,1,False
1,6.749487400054932,7,False
2,10.075294494628906,3,False
0,8.632522583007812,2,False
3,4.938416481018066,9,False
1,8.39852237701416,7,False
2,6.816454887390137,1,False
0,12.692481994628906,3,False
1,8.731873512268066,1,False
0,7.094343662261963,1,False
3,8.802913665771484,7,False
2,8.796941757202148,9,False
3,9.700790405273438,3,False
1,11.481466293334961,2,False
2,7.795589923858643,7,False
0,8.952552795410156,1,False
2,9.08837604522705,2,False
3,7.8893723487854,7,False
0,11.068206787109375,6,False
1,8.070096969604492,8,False
1,5.707606315612793,5,False
3,8.379053115844727,4,False
0,7.8586626052856445,4,False
2,5.434627532958984,0,False
2,7.400210857391357,0,False
0,13.520246505737305,3,False
1,7.2385358810424805,1,False
3,10.527894973754883,2,False
0,7.393571853637695,0,False
1,7.372594356536865,6,False
3,8.969390869140625,6,False
2,9.506349563598633,8,False
0,8.115804672241211,1,False
1,11.094594955444336,0,False
3,8.549556732177734,4,False
2,6.181770324707031,6,False
0,7.013639450073242,9,False
2,7.273787021636963,9,False
3,8.019980430603027,5,False
1,6.54224967956543,1,False
3,11.11370849609375,3,False
2,8.908559799194336,4,False
1,8.586786270141602,1,False
0,7.601014137268066,1,False
2,9.75770092010498,6,False
1,11.541784286499023,0,False
0,10.091377258300781,4,False
3,11.409619331359863,4,False
0,6.034856796264648,1,False
2,5.79929256439209,7,False
1,10.5526704788208,3,False
3,6.273404121398926,7,False
1,8.654653549194336,7,False
0,8.242576599121094,0,False
2,7.86374568939209,6,False
3,8.141151428222656,4,False
3,10.018752098083496,0,False
0,9.34475326538086,3,False
2,8.224847793579102,9,False
1,10.639812469482422,1,False
0,8.321319580078125,0,False
2,7.117055416107178,9,False
3,11.21914291381836,0,False
1,7.043265342712402,5,False
0,7.3923444747924805,4,False
2,7.119176387786865,9,False
1,11.939346313476562,8,False
3,9.033852577209473,6,False
3,8.50021743774414,7,False
2,7.988290786743164,1,False
0,7.03629207611084,4,False
1,10.300259590148926,2,False
2,8.653328895568848,0,False
0,8.830021858215332,8,False
1,7.640373229980469,7,False
3,11.113836288452148,2,False
3,8.733173370361328,3,False
0,9.595259666442871,0,False
1,8.44188404083252,8,False
2,7.3811211585998535,3,False
2,10.606346130371094,6,False
1,7.826066493988037,4,False
3,8.706378936767578,5,False
0,9.362115859985352,3,False
3,9.027741432189941,6,False
0,8.097871780395508,3,False
1,11.559917449951172,0,False
2,5.918916702270508,9,False
3,9.106834411621094,6,False
2,11.100465774536133,0,False
0,9.449655532836914,0,False
1,12.157783508300781,6,False
3,7.745169639587402,1,False
1,9.433677673339844,4,False
2,7.746391296386719,9,False
0,9.681024551391602,1,False
1,11.490041732788086,1,False
2,7.742339611053467,5,False
0,6.133419990539551,5,False
3,11.081811904907227,8,False
2,11.162460327148438,3,False
3,7.693879127502441,9,False
0,10.300590515136719,3,False
1,6.78978967666626,5,False
3,8.483373641967773,3,False
2,9.48825454711914,5,False
0,8.696686744689941,8,False
1,10.452892303466797,4,False
0,7.2232842445373535,8,False
1,5.044793128967285,9,False
2,7.907548427581787,7,False
3,10.734930992126465,3,False
0,9.956024169921875,3,False
3,7.944588661193848,1,False
1,9.743407249450684,8,False
2,7.304105758666992,7,False
1,9.85352897644043,3,False
3,10.564034461975098,7,False
0,9.968472480773926,4,False
2,6.674611568450928,5,False
1,9.012826919555664,8,False
2,10.445589065551758,3,False
3,8.555173873901367,5,False
0,9.089882850646973,8,False
3,7.008150577545166,9,False
1,9.843393325805664,3,False
0,8.88524341583252,7,False
2,9.901290893554688,6,False
2,7.901540279388428,9,False
3,8.885005950927734,9,False
0,10.276862144470215,4,False
1,8.719730377197266,9,False
1,10.406417846679688,5,False
2,11.25153923034668,6,False
0,8.076786994934082,1,False
3,9.308669090270996,4,False
0,10.823121070861816,5,False
1,10.951333045959473,6,False
3,9.121312141418457,3,False
2,7.919456958770752,6,False
0,6.021780967712402,9,False
2,8.884410858154297,6,False
3,11.066454887390137,3,False
1,10.257390022277832,3,False
3,9.80630111694336,4,False
1,9.801517486572266,8,False
2,9.771344184875488,8,False
0,8.618388175964355,9,False
0,9.267273902893066,3,False
2,9.134321212768555,6,False
1,7.949995040893555,1,False
3,9.35817813873291,8,False
0,6.670082092285156,6,False
3,8.300426483154297,0,False
1,10.077070236206055,2,False
2,5.867013931274414,9,False
0,7.2238688468933105,2,False
1,6.303532123565674,7,False
3,10.490456581115723,0,False
2,7.250770568847656,1,False
1,8.93396282196045,7,False
0,9.170080184936523,1,False
2,8.759759902954102,8,False
3,6.262335777282715,5,False
2,6.94382381439209,7,False
1,10.091241836547852,8,False
3,8.987922668457031,6,False
0,9.625879287719727,8,False
3,4.888607978820801,1,False
2,9.252278327941895,4,False
0,8.00374984741211,0,False
1,8.722190856933594,2,False
0,10.062688827514648,8,False
1,8.151251792907715,8,False
2,9.362443923950195,8,False
3,9.918597221374512,3,False
3,10.223432540893555,2,False
0,9.842924118041992,4,False
1,8.183144569396973,6,False
2,8.619242668151855,4,False
0,7.4879279136657715,8,False
3,10.29667854309082,0,False
2,6.778303623199463,9,False
1,7.836104869842529,1,False
2,9.600889205932617,2,False
0,9.395627975463867,8,False
1,10.686705589294434,8,False
3,7.435506820678711,7,False
1,9.051980972290039,8,False
3,11.067586898803711,5,False
2,8.286310195922852,4,False
0,9.059308052062988,4,False
2,9.058958053588867,1,False
0,13.898420333862305,2,False
1,8.502140045166016,4,False
3,8.949382781982422,6,False
1,7.81795072555542,8,False
0,8.25873851776123,1,False
2,9.555938720703125,6,False
3,8.090513229370117,7,False
1,9.370779991149902,3,False
0,11.38602066040039,5,False
3,9.506792068481445,0,False
2,11.541231155395508,0,False
1,7.009070873260498,4,False
2,8.55293083190918,7,False
3,11.128093719482422,0,False
0,8.19802474975586,2,False
3,6.065155029296875,1,False
2,10.097267150878906,0,False
0,10.753595352172852,3,False
1,6.988494873046875,1,False
2,8.141274452209473,7,False
0,9.54603385925293,8,False
1,8.87057876586914,6,False
3,8.770912170410156,2,False
0,5.481288909912109,1,False
1,8.631353378295898,9,False
2,10.36717414855957,4,False
3,7.969420909881592,1,False
1,7.466745376586914,6,False
2,8.038308143615723,3,False
0,11.581607818603516,3,False
3,7.577200889587402,0,False
0,9.286340713500977,5,False
3,7.144722938537598,7,False
2,7.412288665771484,9,False
1,10.580944061279297,8,False
1,9.614816665649414,3,False
2,6.978301048278809,2,False
3,12.887053489685059,5,False
0,9.702404975891113,0,False
0,12.67919921875,2,False
1,8.474992752075195,7,False
2,7.267552375793457,7,False
3,8.305120468139648,1,False
1,11.751394271850586,3,False
3,11.142223358154297,2,False
0,9.061732292175293,5,False
2,9.451395988464355,0,False
3,6.927709579467773,5,False
1,8.629873275756836,2,False
0,9.358922958374023,1,False
2,6.789615154266357,7,False
2,11.853662490844727,3,False
0,8.073802947998047,8,False
1,8.18449592590332,7,False
3,8.525474548339844,4,False
3,6.854459762573242,4,False
2,8.235441207885742,4,False
1,8.971763610839844,0,False
0,9.767740249633789,9,False
2,9.652427673339844,8,False
3,11.492354393005371,5,False
1,7.2543044090271,1,False
0,8.472904205322266,0,False
2,7.1015543937683105,4,False
3,10.421228408813477,4,False
1,7.908186912536621,4,False
0,7.6953606605529785,1,False
3,6.3125152587890625,9,False
2,9.334146499633789,7,False
0,11.314885139465332,6,False
1,12.314470291137695,3,False
0,10.37485122680664,8,False
3,11.48755168914795,4,False
2,6.81265926361084,5,False
1,8.097576141357422,0,False
2,10.48985481262207,8,False
3,9.523605346679688,3,False
0,9.554850578308105,0,False
1,7.755129814147949,3,False
2,9.136579513549805,0,False
1,7.646688461303711,7,False
0,6.5289459228515625,5,False
3,10.149001121520996,4,False
0,9.058660507202148,3,False
1,8.69067668914795,8,False
2,8.34501838684082,1,False
3,6.577245712280273,5,False
3,6.886589527130127,9,False
2,8.847546577453613,6,False
1,9.420761108398438,0,False
0,6.7955121994018555,6,False
3,9.644231796264648,7,False
1,9.052169799804688,0,False
0,7.7313103675842285,8,False
2,8.591777801513672,4,False
1,8.15873908996582,4,False
3,7.199649810791016,1,False
2,9.223576545715332,4,False
0,9.64719009399414,0,False
3,10.612213134765625,8,False
2,8.47916316986084,6,False
1,9.909697532653809,3,False
0,10.24560260772705,3,False
2,10.228257179260254,7,False
0,8.068364143371582,6,False
3,8.973254203796387,1,False
1,8.318832397460938,9,False
2,10.751274108886719,0,False
3,8.654890060424805,6,False
0,8.966986656188965,0,False
1,8.516153335571289,4,False
2,5.367967128753662,9,False
3,9.844682693481445,1,False
1,7.708364486694336,1,False
0,10.969791412353516,0,False
3,11.196029663085938,7,False
2,9.548783302307129,7,False
0,7.284305572509766,6,False
1,6.312315940856934,6,False
2,9.06450080871582,1,False
3,7.362240791320801,2,False
0,7.309049606323242,5,False
1,5.66174840927124,6,False
0,7.160891056060791,9,False
2,10.185834884643555,2,False
1,9.190957069396973,6,False
3,9.161651611328125,0,False
3,10.19148063659668,8,False
0,7.923561096191406,0,False
1,7.777507305145264,5,False
2,9.024658203125,6,False
1,10.191532135009766,2,False
2,7.226619243621826,6,False
3,9.693170547485352,0,False
0,7.293324947357178,7,False
3,8.754500389099121,5,False
1,8.945796966552734,2,False
0,8.7056303024292,9,False
2,12.180585861206055,6,False
3,9.64712142944336,6,False
2,8.187378883361816,0,False
1,8.75617504119873,7,False
0,11.241052627563477,6,False
1,5.895716667175293,5,False
0,11.749639511108398,6,False
2,8.358968734741211,0,False
3,8.916872024536133,7,False
3,8.345935821533203,5,False
2,10.013704299926758,4,False
0,7.569544315338135,4,False
1,6.260118007659912,0,False
2,7.2305474281311035,0,False
0,11.925013542175293,0,False
3,8.795167922973633,8,False
1,10.35969352722168,4,False
3,10.61717700958252,3,False
2,7.331725597381592,8,False
1,7.107701301574707,9,False
0,6.727645397186279,9,False
3,7.57995080947876,3,False
0,4.274598598480225,9,False
2,7.79525089263916,3,False
1,6.907121658325195,1,False
2,8.326820373535156,1,False
1,7.115963935852051,6,False
3,7.7014970779418945,5,False
0,9.652541160583496,0,False
2,9.327192306518555,8,False
0,5.971200942993164,1,False
1,9.883813858032227,3,False
3,7.693524360656738,7,False
3,7.48388671875,2,False
0,8.916824340820312,3,False
1,8.722497940063477,2,False
2,9.25786018371582,9,False
1,8.112746238708496,2,False
0,11.239849090576172,9,False
3,7.157426834106445,7,False
2,7.638708114624023,5,False
3,5.138720989227295,9,False
1,11.179961204528809,6,False
0,8.599427223205566,0,False
2,11.4535493850708,2,False
3,6.685965538024902,6,False
0,9.798386573791504,3,False
1,10.853538513183594,8,False
2,11.171209335327148,3,False
1,9.265564918518066,4,False
3,7.527207374572754,1,False
2,8.750838279724121,2,False
0,11.186989784240723,2,False
2,5.542708396911621,7,False
1,12.060283660888672,5,False
3,9.562339782714844,8,False
0,7.428680419921875,9,False
0,8.46481704711914,8,False
3,9.135534286499023,3,False
2,15.206498146057129,2,False
1,10.835386276245117,8,False
2,9.737640380859375,4,False
0,10.424322128295898,3,False
3,10.458160400390625,6,False
1,11.631601333618164,3,False
3,9.697784423828125,9,False
2,7.524506092071533,1,False
1,7.329163551330566,4,False
0,9.042962074279785,4,False
0,8.805397033691406,1,False
2,7.826445579528809,7,False
1,6.450752258300781,8,False
3,7.423961639404297,1,False
1,10.553889274597168,2,False
0,11.393043518066406,2,False
3,6.870761871337891,8,False
2,9.149346351623535,5,False
0,8.150142669677734,0,False
3,9.147621154785156,4,False
1,9.916280746459961,3,False
2,10.328081130981445,0,False
0,10.422882080078125,0,False
1,12.207730293273926,3,False
3,9.561653137207031,1,False
2,7.193341255187988,6,False
2,7.2894511222839355,5,False
1,7.4958086013793945,9,False
3,9.356745719909668,2,False
0,7.910522937774658,6,False
1,6.985196113586426,2,False
3,9.062015533447266,3,False
0,8.621265411376953,4,False
2,10.504532814025879,5,False
3,7.918783187866211,9,False
1,10.115425109863281,0,False
2,9.303245544433594,7,False
0,8.698028564453125,1,False
1,7.0121169090271,4,False
2,11.21247673034668,0,False
0,9.576689720153809,4,False
3,5.730755805969238,9,False
2,10.126171112060547,4,False
0,7.114474296569824,7,False
3,5.652061939239502,5,False
1,6.8485283851623535,4,False
1,9.905704498291016,8,False
2,6.573941707611084,9,False
0,9.221354484558105,0,False
3,8.298845291137695,1,False
3,7.6830034255981445,1,False
1,10.613177299499512,0,False
2,9.931571006774902,7,False
0,13.395357131958008,3,False
0,6.465909004211426,9,False
2,7.31702995300293,7,False
1,8.599546432495117,6,False
3,9.665775299072266,7,False
0,10.014453887939453,3,False
1,11.785341262817383,8,False
3,9.34149169921875,8,False
2,6.538845062255859,9,False
3,7.84615421295166,7,False
2,8.553607940673828,1,False
0,10.462316513061523,8,False
1,7.92058801651001,9,False
2,9.696645736694336,0,False
0,8.232067108154297,8,False
1,10.748154640197754,6,False
3,6.726618766784668,7,False
3,7.173941612243652,6,False
1,11.638479232788086,3,False
2,7.9377617835998535,2,False
0,5.279419898986816,9,False
3,8.858671188354492,5,False
0,5.938572406768799,1,False
2,9.445537567138672,0,False
1,7.809327602386475,5,False
1,8.371454238891602,7,False
3,10.924003601074219,0,False
0,8.287481307983398,0,False
2,8.447738647460938,8,False
2,7.1251220703125,7,False
0,9.761383056640625,3,False
3,7.864195823669434,7,False
1,7.9252190589904785,8,False
2,9.856342315673828,5,False
0,6.341372489929199,4,False
1,7.990322589874268,2,False
3,8.194786071777344,4,False
0,10.031160354614258,4,False
3,8.849617004394531,5,False
2,11.620527267456055,0,False
1,13.184441566467285,3,False
0,11.155121803283691,2,False
1,11.019760131835938,0,False
2,9.758377075195312,2,False
3,7.62233829498291,2,False
1,10.96599006652832,2,False
0,9.687433242797852,6,False
3,9.072755813598633,7,False
2,7.888178825378418,0,False
3,7.462535858154297,8,False
0,10.400524139404297,6,False
1,9.035736083984375,3,False
2,7.337697982788086,1,False
1,10.458108901977539,2,False
3,6.186600685119629,4,False
2,7.985891342163086,3,False
0,6.774435997009277,9,False
1,8.891758918762207,1,False
3,10.50412654876709,6,False
2,7.707729339599609,5,False
0,7.27868127822876,7,False
1,8.758256912231445,5,False
0,8.320865631103516,9,False
3,10.855562210083008,6,False
2,6.795095443725586,6,False
0,8.511116027832031,6,False
1,10.990642547607422,7,False
3,7.987335681915283,0,False
2,8.342852592468262,8,False
2,8.164834976196289,5,False
3,8.392053604125977,4,False
0,9.371603012084961,8,False
1,8.085502624511719,4,False
2,9.269567489624023,2,False
0,9.645840644836426,2,False
3,8.19455337524414,5,False
1,10.559959411621094,3,False
3,8.18744945526123,1,False
2,6.601953506469727,6,False
0,8.093517303466797,5,False
1,8.761650085449219,6,False
